signature_id,final_batch_id,finding_ids,source_fact_ids,products,historical_resolved,historical_defer_safe,current_execution_status,conversation_status,evidence_status
0013f19e60c25941,B-110,"[""GAP-1180"", ""GAP-1216"", ""GAP-1254""]","[""SF-1780"", ""SF-1822"", ""SF-1867""]","[""[\""frende\"",\""båt\"",\""ordinary\"",\""frende-bat-brann-og-tyveri\"",\""2026-01-01\""]"", ""[\""frende\"",\""båt\"",\""ordinary\"",\""frende-bat-kasko\"",\""2026-01-01\""]"", ""[\""frende\"",\""båt\"",\""ordinary\"",\""frende-bat-utvidet\"",\""2026-01-01\""]""]",false,false,NOT_RECOVERED,NOT_SPECIFIED,REGISTRY_BINDING_ONLY
001697cc06503feb,B-125,"[""GAP-2737"", ""GAP-2773"", ""GAP-2815""]","[""SF-3871"", ""SF-3912"", ""SF-3959""]","[""[\""gjensidige\"",\""båt\"",\""ordinary\"",\""gjensidige-bat-delkasko\"",null]"", ""[\""gjensidige\"",\""båt\"",\""ordinary\"",\""gjensidige-bat-kasko\"",null]"", ""[\""gjensidige\"",\""båt\"",\""ordinary\"",\""gjensidige-bat-pluss\"",null]""]",false,false,NOT_RECOVERED,NOT_SPECIFIED,REGISTRY_BINDING_ONLY
00608c036c8415fc,B-035,"[""GAP-1525"", ""GAP-1528""]","[""SF-2240"", ""SF-2249""]","[""[\""frende\"",\""bobil\"",\""ordinary\"",\""frende-bobil-kasko\"",\""2026-01-01\""]"", ""[\""frende\"",\""bobil\"",\""ordinary\"",\""frende-bobil-utvidet\"",\""2026-01-01\""]""]",false,false,NOT_RECOVERED,NOT_SPECIFIED,REGISTRY_BINDING_ONLY
006717c0ed25b662,B-006,"[""GAP-1401"", ""GAP-1445""]","[""SF-2052"", ""SF-2114""]","[""[\""frende\"",\""bil\"",\""ordinary\"",\""frende-bil-kasko\"",\""2026-01-01\""]"", ""[\""frende\"",\""bil\"",\""ordinary\"",\""frende-bil-utvidet\"",\""2026-01-01\""]""]",true,false,NOT_RECOVERED,NOT_SPECIFIED,ARCHIVED_BASELINE
00706d75fbb0e813,B-167,"[""GAP-0552"", ""GAP-0579"", ""GAP-0607""]","[""SF-0916"", ""SF-0954"", ""SF-0994""]","[""[\""storebrand\"",\""mc\"",\""ordinary\"",\""storebrand-mc-ansvar\"",\""motor09\""]"", ""[\""storebrand\"",\""mc\"",\""ordinary\"",\""storebrand-mc-delkasko\"",\""motor09\""]"", ""[\""storebrand\"",\""mc\"",\""ordinary\"",\""storebrand-mc-kasko\"",\""motor09\""]""]",false,false,NOT_RECOVERED,NOT_SPECIFIED,REGISTRY_BINDING_ONLY
0087d955db68ec78,B-128,"[""GAP-2877""]","[""SF-4028""]","[""[\""gjensidige\"",\""hund\"",\""ordinary\"",\""gjensidige-hund-behandling\"",null]""]",false,false,NOT_RECOVERED,NOT_SPECIFIED,REGISTRY_BINDING_ONLY
009cf2b0eae1c17e,B-166,"[""GAP-0180"", ""GAP-0260""]","[""SF-0309"", ""SF-0421""]","[""[\""storebrand\"",\""katt\"",\""ordinary\"",\""storebrand-katt-veterin-r\"",\""2025-02-01\""]"", ""[\""storebrand\"",\""katt\"",\""ordinary\"",\""storebrand-katt-veterin-r-og-d-dsfall\"",\""2025-02-01\""]""]",false,false,NOT_RECOVERED,NOT_SPECIFIED,REGISTRY_BINDING_ONLY
00aadaf13034e9bc,B-190,"[""GAP-5406""]","[""SF-7697""]","[""[\""fremtind\"",\""bobil\"",\""ordinary-dnb\"",\""fremtind-bobil-minikasko\"",\""2025-09-18\""]""]",false,false,NOT_RECOVERED,NOT_SPECIFIED,REGISTRY_BINDING_ONLY
00c56ce4c29aa003,B-054,"[""GAP-2332"", ""GAP-2375""]","[""SF-3361"", ""SF-3412""]","[""[\""gjensidige\"",\""mc\"",\""ordinary\"",\""gjensidige-mc-delkasko\"",null]"", ""[\""gjensidige\"",\""mc\"",\""ordinary\"",\""gjensidige-mc-kasko\"",null]""]",false,false,NOT_RECOVERED,NOT_SPECIFIED,REGISTRY_BINDING_ONLY
00cafffaf0b720c4,B-127,"[""GAP-2643"", ""GAP-2663"", ""GAP-2685""]","[""SF-3754"", ""SF-3779"", ""SF-3806""]","[""[\""gjensidige\"",\""campingvogn\"",\""ordinary\"",\""gjensidige-campingvogn-delkasko\"",null]"", ""[\""gjensidige\"",\""campingvogn\"",\""ordinary\"",\""gjensidige-campingvogn-kasko\"",null]"", ""[\""gjensidige\"",\""campingvogn\"",\""ordinary\"",\""gjensidige-campingvogn-pluss\"",null]""]",false,false,NOT_RECOVERED,NOT_SPECIFIED,REGISTRY_BINDING_ONLY
00cb857c12c6c1bf,B-033,"[""GAP-4611"", ""GAP-4643""]","[""SF-6659"", ""SF-6702""]","[""[\""sparebank1-fremtind\"",\""bil\"",\""ordinary\"",\""sb1-bil-kasko\"",\""PMO-357.001-004\""]"", ""[\""sparebank1-fremtind\"",\""bil\"",\""ordinary\"",\""sb1-bil-toppkasko\"",\""PMO-357.001-004\""]""]",false,false,NOT_RECOVERED,NOT_SPECIFIED,REGISTRY_BINDING_ONLY
0177d006e35081bf,B-205,"[""GAP-5258""]","[""SF-7506""]","[""[\""fremtind-eika-legacy\"",\""reise\"",\""ordinary\"",\""eika-reise-pluss-p10\"",\""P10-P10P-2025-01-01\""]""]",false,true,NOT_RECOVERED,NOT_SPECIFIED,ARCHIVED_BASELINE
01ac0a38f55c121b,B-091,"[""GAP-0018""]","[""SF-0029""]","[""[\""tryg\"",\""katt\"",\""ordinary\"",\""tryg-katt-behandling\"",\""2026-09-01\""]""]",false,false,NOT_RECOVERED,NOT_SPECIFIED,REGISTRY_BINDING_ONLY
01b25a044dc94915,B-162,"[""GAP-0144"", ""GAP-0211""]","[""SF-0266"", ""SF-0354""]","[""[\""storebrand\"",\""hund\"",\""ordinary\"",\""storebrand-hund-veterin-r\"",\""2025-02-01\""]"", ""[\""storebrand\"",\""hund\"",\""ordinary\"",\""storebrand-hund-veterin-r-og-d-dsfall\"",\""2025-02-01\""]""]",false,false,NOT_RECOVERED,NOT_SPECIFIED,REGISTRY_BINDING_ONLY
01c571aed2922601,B-205,"[""GAP-5215"", ""GAP-5255""]","[""SF-7455"", ""SF-7503""]","[""[\""fremtind-eika-legacy\"",\""reise\"",\""ordinary\"",\""eika-reise-p10\"",\""P10-P10P-2025-01-01\""]"", ""[\""fremtind-eika-legacy\"",\""reise\"",\""ordinary\"",\""eika-reise-pluss-p10\"",\""P10-P10P-2025-01-01\""]""]",false,true,NOT_RECOVERED,NOT_SPECIFIED,ARCHIVED_BASELINE
01e5932028c49665,B-188,"[""GAP-5308"", ""GAP-5322""]","[""SF-7567"", ""SF-7582""]","[""[\""eika-fremtind\"",\""campingvogn\"",\""ordinary\"",\""eika-fremtind-campingvogn-kasko\"",\""2024-03-21\""]"", ""[\""eika-fremtind\"",\""campingvogn\"",\""ordinary\"",\""eika-fremtind-campingvogn-minikasko\"",\""2024-03-21\""]""]",false,false,NOT_RECOVERED,NOT_SPECIFIED,REGISTRY_BINDING_ONLY
01f883abc1f29cb1,B-160,"[""GAP-5641"", ""GAP-5663"", ""GAP-5686""]","[""SF-7993"", ""SF-8019"", ""SF-8046""]","[""[\""storebrand\"",\""båt\"",\""ordinary\"",\""storebrand-bat-delkasko\"",\""2024-09-01\""]"", ""[\""storebrand\"",\""båt\"",\""ordinary\"",\""storebrand-bat-kasko\"",\""2024-09-01\""]"", ""[\""storebrand\"",\""båt\"",\""ordinary\"",\""storebrand-bat-super\"",\""2024-09-01\""]""]",false,false,NOT_RECOVERED,NOT_SPECIFIED,REGISTRY_BINDING_ONLY
020ccc5cb66f94f9,B-177,"[""GAP-4358""]","[""SF-6210""]","[""[\""tryg\"",\""hund\"",\""ordinary\"",\""tryg-hund-behandling\"",\""2026-09-01\""]""]",false,false,NOT_RECOVERED,NOT_SPECIFIED,REGISTRY_BINDING_ONLY
0224dba67fc0abcf,B-080,"[""GAP-0179"", ""GAP-0259""]","[""SF-0308"", ""SF-0420""]","[""[\""storebrand\"",\""katt\"",\""ordinary\"",\""storebrand-katt-veterin-r\"",\""2025-02-01\""]"", ""[\""storebrand\"",\""katt\"",\""ordinary\"",\""storebrand-katt-veterin-r-og-d-dsfall\"",\""2025-02-01\""]""]",false,false,NOT_RECOVERED,NOT_SPECIFIED,REGISTRY_BINDING_ONLY
024284585b17322b,B-107,"[""GAP-1326"", ""GAP-1360"", ""GAP-1405""]","[""SF-1954"", ""SF-1996"", ""SF-2056""]","[""[\""frende\"",\""bil\"",\""ordinary\"",\""frende-bil-delkasko\"",\""2026-01-01\""]"", ""[\""frende\"",\""bil\"",\""ordinary\"",\""frende-bil-kasko\"",\""2026-01-01\""]"", ""[\""frende\"",\""bil\"",\""ordinary\"",\""frende-bil-utvidet\"",\""2026-01-01\""]""]",false,false,NOT_RECOVERED,NOT_SPECIFIED,REGISTRY_BINDING_ONLY
0269141925857de7,B-036,"[""GAP-1159"", ""GAP-1185"", ""GAP-1222""]","[""SF-1756"", ""SF-1788"", ""SF-1830""]","[""[\""frende\"",\""båt\"",\""ordinary\"",\""frende-bat-brann-og-tyveri\"",\""2026-01-01\""]"", ""[\""frende\"",\""båt\"",\""ordinary\"",\""frende-bat-kasko\"",\""2026-01-01\""]"", ""[\""frende\"",\""båt\"",\""ordinary\"",\""frende-bat-utvidet\"",\""2026-01-01\""]""]",false,false,NOT_RECOVERED,NOT_SPECIFIED,REGISTRY_BINDING_ONLY
027e2af27e30f3fb,B-165,"[""GAP-0875"", ""GAP-0921""]","[""SF-1347"", ""SF-1417""]","[""[\""storebrand\"",\""innbo\"",\""ordinary\"",\""sb-innbo-standard\"",\""innbo09\""]"", ""[\""storebrand\"",\""innbo\"",\""ordinary\"",\""sb-innbo-super\"",\""innbo09\""]""]",false,false,NOT_RECOVERED,NOT_SPECIFIED,REGISTRY_BINDING_ONLY
02a7ae67cdf3ac16,B-047,"[""GAP-2418"", ""GAP-2456"", ""GAP-2496"", ""GAP-2538""]","[""SF-3465"", ""SF-3510"", ""SF-3563"", ""SF-3627""]","[""[\""gjensidige\"",\""bobil\"",\""ordinary\"",\""gjensidige-bobil-ansvar\"",null]"", ""[\""gjensidige\"",\""bobil\"",\""ordinary\"",\""gjensidige-bobil-delkasko\"",null]"", ""[\""gjensidige\"",\""bobil\"",\""ordinary\"",\""gjensidige-bobil-kasko\"",null]"", ""[\""gjensidige\"",\""bobil\"",\""ordinary\"",\""gjensidige-bobil-pluss\"",null]""]",false,false,NOT_RECOVERED,NOT_SPECIFIED,REGISTRY_BINDING_ONLY
02b9f34f8a551e3e,B-161,"[""GAP-0731"", ""GAP-0755"", ""GAP-0780""]","[""SF-1162"", ""SF-1190"", ""SF-1220""]","[""[\""storebrand\"",\""campingvogn\"",\""ordinary\"",\""storebrand-campingvogn-brann-og-tyveri\"",\""2026-03-01\""]"", ""[\""storebrand\"",\""campingvogn\"",\""ordinary\"",\""storebrand-campingvogn-kasko\"",\""2026-03-01\""]"", ""[\""storebrand\"",\""campingvogn\"",\""ordinary\"",\""storebrand-campingvogn-super\"",\""2026-03-01\""]""]",false,false,NOT_RECOVERED,NOT_SPECIFIED,REGISTRY_BINDING_ONLY
02bba356a373ff34,B-104,"[""GAP-5348"", ""GAP-5365""]","[""SF-7620"", ""SF-7644""]","[""[\""fremtind\"",\""mc\"",\""ordinary-sparebank1\"",\""fremtind-mc-delkasko\"",null]"", ""[\""fremtind\"",\""mc\"",\""ordinary-sparebank1\"",\""fremtind-mc-kasko\"",null]""]",false,false,NOT_RECOVERED,NOT_SPECIFIED,REGISTRY_BINDING_ONLY
02bc099c4a0c0048,B-048,"[""GAP-2760"", ""GAP-2802"", ""GAP-2856""]","[""SF-3895"", ""SF-3942"", ""SF-4002""]","[""[\""gjensidige\"",\""båt\"",\""ordinary\"",\""gjensidige-bat-delkasko\"",null]"", ""[\""gjensidige\"",\""båt\"",\""ordinary\"",\""gjensidige-bat-kasko\"",null]"", ""[\""gjensidige\"",\""båt\"",\""ordinary\"",\""gjensidige-bat-pluss\"",null]""]",false,false,NOT_RECOVERED,NOT_SPECIFIED,REGISTRY_BINDING_ONLY
02defa8c93974f81,B-082,"[""GAP-1147""]","[""SF-1739""]","[""[\""storebrand\"",\""reise\"",\""ordinary\"",\""storebrand-reise-super\"",\""2026-09-20-canonical\""]""]",false,false,NOT_RECOVERED,NOT_SPECIFIED,REGISTRY_BINDING_ONLY
03045d2456be525b,B-037,"[""GAP-1758""]","[""SF-2549""]","[""[\""frende\"",\""campingvogn\"",\""ordinary\"",\""frende-campingvogn-kasko\"",\""2026-01-01\""]""]",false,false,NOT_RECOVERED,NOT_SPECIFIED,REGISTRY_BINDING_ONLY
032080ba0477d508,B-078,"[""GAP-0984"", ""GAP-1037""]","[""SF-1513"", ""SF-1595""]","[""[\""storebrand\"",\""bolig\"",\""ordinary\"",\""storebrand-hus-standard\"",\""2025-08-15\""]"", ""[\""storebrand\"",\""bolig\"",\""ordinary\"",\""storebrand-hus-super\"",\""2025-08-15\""]""]",false,false,NOT_RECOVERED,NOT_SPECIFIED,REGISTRY_BINDING_ONLY
0328db044871f29d,B-055,"[""GAP-2202"", ""GAP-2247""]","[""SF-3168"", ""SF-3243""]","[""[\""gjensidige\"",\""reise\"",\""ordinary\"",\""gjensidige-reise\"",\""2026-09-20-canonical\""]"", ""[\""gjensidige\"",\""reise\"",\""ordinary\"",\""gjensidige-reise-pluss\"",\""2026-09-20-canonical\""]""]",false,false,NOT_RECOVERED,NOT_SPECIFIED,REGISTRY_BINDING_ONLY
03869197440768b4,B-036,"[""GAP-1168"", ""GAP-1204"", ""GAP-1242""]","[""SF-1768"", ""SF-1810"", ""SF-1855""]","[""[\""frende\"",\""båt\"",\""ordinary\"",\""frende-bat-brann-og-tyveri\"",\""2026-01-01\""]"", ""[\""frende\"",\""båt\"",\""ordinary\"",\""frende-bat-kasko\"",\""2026-01-01\""]"", ""[\""frende\"",\""båt\"",\""ordinary\"",\""frende-bat-utvidet\"",\""2026-01-01\""]""]",false,false,NOT_RECOVERED,NOT_SPECIFIED,REGISTRY_BINDING_ONLY
03b852efbdbeba16,B-105,"[""GAP-5160""]","[""SF-7390""]","[""[\""fremtind\"",\""reise\"",\""ordinary\"",\""fremtind-reise\"",\""PRE-450.200-015\""]""]",false,false,NOT_RECOVERED,NOT_SPECIFIED,REGISTRY_BINDING_ONLY
03c9ee15c3dff9bb,B-034,"[""GAP-1332"", ""GAP-1366"", ""GAP-1411""]","[""SF-1961"", ""SF-2004"", ""SF-2064""]","[""[\""frende\"",\""bil\"",\""ordinary\"",\""frende-bil-delkasko\"",\""2026-01-01\""]"", ""[\""frende\"",\""bil\"",\""ordinary\"",\""frende-bil-kasko\"",\""2026-01-01\""]"", ""[\""frende\"",\""bil\"",\""ordinary\"",\""frende-bil-utvidet\"",\""2026-01-01\""]""]",false,false,NOT_RECOVERED,NOT_SPECIFIED,REGISTRY_BINDING_ONLY
03cff9fe5cfbf518,B-071,"[""GAP-5604""]","[""SF-7947""]","[""[\""sparebank1-fremtind\"",\""hund\"",\""ordinary\"",\""sparebank1-fremtind-hund-veterin-r\"",\""2025-08-07\""]""]",false,false,NOT_RECOVERED,NOT_SPECIFIED,REGISTRY_BINDING_ONLY
03ed39d725156860,B-151,"[""GAP-3311"", ""GAP-3327""]","[""SF-4657"", ""SF-4679""]","[""[\""if\"",\""tilhenger\"",\""ordinary\"",\""if-tilhenger-delkasko\"",\""2024-03\""]"", ""[\""if\"",\""tilhenger\"",\""ordinary\"",\""if-tilhenger-kasko\"",\""2024-03\""]""]",false,false,NOT_RECOVERED,NOT_SPECIFIED,REGISTRY_BINDING_ONLY
04343ea6f16b4f9f,B-056,"[""GAP-2568"", ""GAP-2598"", ""GAP-2629""]","[""SF-3667"", ""SF-3701"", ""SF-3736""]","[""[\""gjensidige\"",\""snøscooter\"",\""ordinary\"",\""gjensidige-snoscooter-ansvar\"",null]"", ""[\""gjensidige\"",\""snøscooter\"",\""ordinary\"",\""gjensidige-snoscooter-delkasko\"",null]"", ""[\""gjensidige\"",\""snøscooter\"",\""ordinary\"",\""gjensidige-snoscooter-kasko\"",null]""]",false,false,NOT_RECOVERED,NOT_SPECIFIED,REGISTRY_BINDING_ONLY
04503010dc9e3d1c,B-032,"[""GAP-5159""]","[""SF-7389""]","[""[\""fremtind\"",\""reise\"",\""ordinary\"",\""fremtind-reise\"",\""PRE-450.200-015\""]""]",false,false,NOT_RECOVERED,NOT_SPECIFIED,REGISTRY_BINDING_ONLY
05281d35dcb0e734,B-055,"[""GAP-2219"", ""GAP-2267""]","[""SF-3191"", ""SF-3268""]","[""[\""gjensidige\"",\""reise\"",\""ordinary\"",\""gjensidige-reise\"",\""2026-09-20-canonical\""]"", ""[\""gjensidige\"",\""reise\"",\""ordinary\"",\""gjensidige-reise-pluss\"",\""2026-09-20-canonical\""]""]",false,false,NOT_RECOVERED,NOT_SPECIFIED,REGISTRY_BINDING_ONLY
052b5d9b1329f57e,B-168,"[""GAP-1077"", ""GAP-1129""]","[""SF-1652"", ""SF-1717""]","[""[\""storebrand\"",\""reise\"",\""ordinary\"",\""storebrand-reise-standard\"",\""2026-09-20-canonical\""]"", ""[\""storebrand\"",\""reise\"",\""ordinary\"",\""storebrand-reise-super\"",\""2026-09-20-canonical\""]""]",false,false,NOT_RECOVERED,NOT_SPECIFIED,REGISTRY_BINDING_ONLY
0540632eaf8ded52,B-081,"[""GAP-0560"", ""GAP-0587""]","[""SF-0927"", ""SF-0965""]","[""[\""storebrand\"",\""mc\"",\""ordinary\"",\""storebrand-mc-delkasko\"",\""motor09\""]"", ""[\""storebrand\"",\""mc\"",\""ordinary\"",\""storebrand-mc-kasko\"",\""motor09\""]""]",false,false,NOT_RECOVERED,NOT_SPECIFIED,REGISTRY_BINDING_ONLY
0556a4f724af6649,B-082,"[""GAP-1072"", ""GAP-1124""]","[""SF-1647"", ""SF-1712""]","[""[\""storebrand\"",\""reise\"",\""ordinary\"",\""storebrand-reise-standard\"",\""2026-09-20-canonical\""]"", ""[\""storebrand\"",\""reise\"",\""ordinary\"",\""storebrand-reise-super\"",\""2026-09-20-canonical\""]""]",false,false,NOT_RECOVERED,NOT_SPECIFIED,REGISTRY_BINDING_ONLY
05585d77916fa344,B-047,"[""GAP-2406"", ""GAP-2429"", ""GAP-2468"", ""GAP-2508""]","[""SF-3453"", ""SF-3480"", ""SF-3526"", ""SF-3579""]","[""[\""gjensidige\"",\""bobil\"",\""ordinary\"",\""gjensidige-bobil-ansvar\"",null]"", ""[\""gjensidige\"",\""bobil\"",\""ordinary\"",\""gjensidige-bobil-delkasko\"",null]"", ""[\""gjensidige\"",\""bobil\"",\""ordinary\"",\""gjensidige-bobil-kasko\"",null]"", ""[\""gjensidige\"",\""bobil\"",\""ordinary\"",\""gjensidige-bobil-pluss\"",null]""]",false,false,NOT_RECOVERED,NOT_SPECIFIED,REGISTRY_BINDING_ONLY
0599267c725042e7,B-087,"[""GAP-4322""]","[""SF-6172""]","[""[\""tryg\"",\""båt\"",\""ordinary\"",\""tryg-bat-bat-ekstra\"",\""2024-07-01\""]""]",false,false,NOT_RECOVERED,NOT_SPECIFIED,REGISTRY_BINDING_ONLY
05fb0b7efd75c8f2,B-088,"[""GAP-4190""]","[""SF-6003""]","[""[\""tryg\"",\""campingvogn\"",\""ordinary\"",\""tryg-campingvogn-campingvogn-ekstra\"",\""2026-01-01\""]""]",false,false,NOT_RECOVERED,NOT_SPECIFIED,REGISTRY_BINDING_ONLY
062d657a16800404,B-082,"[""GAP-1069"", ""GAP-1121""]","[""SF-1644"", ""SF-1709""]","[""[\""storebrand\"",\""reise\"",\""ordinary\"",\""storebrand-reise-standard\"",\""2026-09-20-canonical\""]"", ""[\""storebrand\"",\""reise\"",\""ordinary\"",\""storebrand-reise-super\"",\""2026-09-20-canonical\""]""]",false,false,NOT_RECOVERED,NOT_SPECIFIED,REGISTRY_BINDING_ONLY
063f2fff5bf4ea6e,B-013,"[""GAP-0976"", ""GAP-1022""]","[""SF-1502"", ""SF-1574""]","[""[\""storebrand\"",\""bolig\"",\""ordinary\"",\""storebrand-hus-standard\"",\""2025-08-15\""]"", ""[\""storebrand\"",\""bolig\"",\""ordinary\"",\""storebrand-hus-super\"",\""2025-08-15\""]""]",true,false,NOT_RECOVERED,NOT_SPECIFIED,ARCHIVED_BASELINE
067b09a0b831d8b6,B-161,"[""GAP-0748"", ""GAP-0773"", ""GAP-0798""]","[""SF-1180"", ""SF-1210"", ""SF-1244""]","[""[\""storebrand\"",\""campingvogn\"",\""ordinary\"",\""storebrand-campingvogn-brann-og-tyveri\"",\""2026-03-01\""]"", ""[\""storebrand\"",\""campingvogn\"",\""ordinary\"",\""storebrand-campingvogn-kasko\"",\""2026-03-01\""]"", ""[\""storebrand\"",\""campingvogn\"",\""ordinary\"",\""storebrand-campingvogn-super\"",\""2026-03-01\""]""]",false,false,NOT_RECOVERED,NOT_SPECIFIED,REGISTRY_BINDING_ONLY
069d2d18197eace9,B-046,"[""GAP-1877"", ""GAP-1926""]","[""SF-2707"", ""SF-2773""]","[""[\""gjensidige\"",\""bil\"",\""ordinary\"",\""gj-bil-delkasko\"",null]"", ""[\""gjensidige\"",\""bil\"",\""ordinary\"",\""gj-bil-kasko\"",null]""]",false,false,NOT_RECOVERED,NOT_SPECIFIED,REGISTRY_BINDING_ONLY
06e0d3656c844b4e,B-062,"[""GAP-0024"", ""GAP-0025"", ""GAP-0026""]","[""SF-0039"", ""SF-0040"", ""SF-0041""]","[""[\""if\"",\""hund\"",\""ordinary\"",\""if-hund-basis\"",\""2022-12-01\""]"", ""[\""if\"",\""hund\"",\""ordinary\"",\""if-hund-standard\"",\""2022-12-01\""]"", ""[\""if\"",\""hund\"",\""ordinary\"",\""if-hund-super\"",\""2022-12-01\""]""]",false,false,NOT_RECOVERED,NOT_SPECIFIED,REGISTRY_BINDING_ONLY
06e53dbea448e83f,B-078,"[""GAP-0982"", ""GAP-1035""]","[""SF-1511"", ""SF-1593""]","[""[\""storebrand\"",\""bolig\"",\""ordinary\"",\""storebrand-hus-standard\"",\""2025-08-15\""]"", ""[\""storebrand\"",\""bolig\"",\""ordinary\"",\""storebrand-hus-super\"",\""2025-08-15\""]""]",false,false,NOT_RECOVERED,NOT_SPECIFIED,REGISTRY_BINDING_ONLY
07162bde561ec18d,B-186,"[""GAP-4214"", ""GAP-4229"", ""GAP-4247""]","[""SF-6035"", ""SF-6056"", ""SF-6080""]","[""[\""tryg\"",\""tilhenger\"",\""ordinary\"",\""tryg-tilhenger-brann\"",\""2026-01-01\""]"", ""[\""tryg\"",\""tilhenger\"",\""ordinary\"",\""tryg-tilhenger-brann-og-tyveri\"",\""2026-01-01\""]"", ""[\""tryg\"",\""tilhenger\"",\""ordinary\"",\""tryg-tilhenger-kasko\"",\""2026-01-01\""]""]",false,false,NOT_RECOVERED,NOT_SPECIFIED,REGISTRY_BINDING_ONLY
0717cbe5979fe940,B-042,"[""GAP-1457"", ""GAP-1485"", ""GAP-1516""]","[""SF-2128"", ""SF-2169"", ""SF-2215""]","[""[\""frende\"",\""mc\"",\""ordinary\"",\""frende-mc-ansvar\"",\""2026-01-01\""]"", ""[\""frende\"",\""mc\"",\""ordinary\"",\""frende-mc-delkasko\"",\""2026-01-01\""]"", ""[\""frende\"",\""mc\"",\""ordinary\"",\""frende-mc-kasko\"",\""2026-01-01\""]""]",false,false,NOT_RECOVERED,NOT_SPECIFIED,REGISTRY_BINDING_ONLY
07243506421cec5e,B-176,"[""GAP-4141"", ""GAP-4158"", ""GAP-4178"", ""GAP-4197""]","[""SF-5937"", ""SF-5960"", ""SF-5986"", ""SF-6010""]","[""[\""tryg\"",\""campingvogn\"",\""ordinary\"",\""tryg-campingvogn-brann\"",\""2026-01-01\""]"", ""[\""tryg\"",\""campingvogn\"",\""ordinary\"",\""tryg-campingvogn-brann-og-tyveri\"",\""2026-01-01\""]"", ""[\""tryg\"",\""campingvogn\"",\""ordinary\"",\""tryg-campingvogn-campingvogn-ekstra\"",\""2026-01-01\""]"", ""[\""tryg\"",\""campingvogn\"",\""ordinary\"",\""tryg-campingvogn-kasko\"",\""2026-01-01\""]""]",false,false,NOT_RECOVERED,NOT_SPECIFIED,REGISTRY_BINDING_ONLY
074c4174bd4b553f,B-075,"[""GAP-0063""]","[""SF-0099""]","[""[\""storebrand\"",\""båt\"",\""ordinary\"",\""storebrand-bat-delkasko\"",\""2024-09-01\""]""]",false,false,NOT_RECOVERED,NOT_SPECIFIED,REGISTRY_BINDING_ONLY
077d4cd0cf98ccec,B-127,"[""GAP-2647"", ""GAP-2669"", ""GAP-2691""]","[""SF-3758"", ""SF-3785"", ""SF-3812""]","[""[\""gjensidige\"",\""campingvogn\"",\""ordinary\"",\""gjensidige-campingvogn-delkasko\"",null]"", ""[\""gjensidige\"",\""campingvogn\"",\""ordinary\"",\""gjensidige-campingvogn-kasko\"",null]"", ""[\""gjensidige\"",\""campingvogn\"",\""ordinary\"",\""gjensidige-campingvogn-pluss\"",null]""]",false,false,NOT_RECOVERED,NOT_SPECIFIED,REGISTRY_BINDING_ONLY
07dbd5f80afdf0cd,B-014,"[""GAP-2077""]","[""SF-2975""]","[""[\""gjensidige\"",\""innbo\"",\""ordinary\"",\""gj-innbo-pluss\"",null]""]",true,false,NOT_RECOVERED,NOT_SPECIFIED,ARCHIVED_BASELINE
081897ea9890dd48,B-205,"[""GAP-5256""]","[""SF-7504""]","[""[\""fremtind-eika-legacy\"",\""reise\"",\""ordinary\"",\""eika-reise-pluss-p10\"",\""P10-P10P-2025-01-01\""]""]",false,true,NOT_RECOVERED,NOT_SPECIFIED,ARCHIVED_BASELINE
0819f13dcc0afe4c,B-079,"[""GAP-0935""]","[""SF-1437""]","[""[\""storebrand\"",\""innbo\"",\""ordinary\"",\""sb-innbo-super\"",\""innbo09\""]""]",false,false,NOT_RECOVERED,NOT_SPECIFIED,REGISTRY_BINDING_ONLY
08203cfa28493e63,B-051,"[""GAP-2089"", ""GAP-2144""]","[""SF-2994"", ""SF-3078""]","[""[\""gjensidige\"",\""bolig\"",\""ordinary\"",\""gjensidige-hus\"",\""Alminnelige vilkår\""]"", ""[\""gjensidige\"",\""bolig\"",\""ordinary\"",\""gjensidige-hus-pluss\"",\""Alminnelige vilkår\""]""]",false,false,NOT_RECOVERED,NOT_SPECIFIED,REGISTRY_BINDING_ONLY
083aacaf64d96a6d,B-084,"[""GAP-0812"", ""GAP-0831""]","[""SF-1261"", ""SF-1285""]","[""[\""storebrand\"",\""tilhenger\"",\""ordinary\"",\""storebrand-tilhenger-brann-og-tyveri\"",\""2026-03-01\""]"", ""[\""storebrand\"",\""tilhenger\"",\""ordinary\"",\""storebrand-tilhenger-kasko\"",\""2026-03-01\""]""]",false,false,NOT_RECOVERED,NOT_SPECIFIED,REGISTRY_BINDING_ONLY
08456b001dc08525,B-074,"[""GAP-0703""]","[""SF-1126""]","[""[\""storebrand\"",\""bobil\"",\""ordinary\"",\""storebrand-bobil-super\"",\""motor09\""]""]",false,false,NOT_RECOVERED,NOT_SPECIFIED,REGISTRY_BINDING_ONLY
084efe78ee699c73,B-014,"[""GAP-2079""]","[""SF-2977""]","[""[\""gjensidige\"",\""innbo\"",\""ordinary\"",\""gj-innbo-pluss\"",null]""]",true,false,NOT_RECOVERED,NOT_SPECIFIED,ARCHIVED_BASELINE
08561dffbceec151,B-161,"[""GAP-0735"", ""GAP-0759"", ""GAP-0783""]","[""SF-1167"", ""SF-1195"", ""SF-1225""]","[""[\""storebrand\"",\""campingvogn\"",\""ordinary\"",\""storebrand-campingvogn-brann-og-tyveri\"",\""2026-03-01\""]"", ""[\""storebrand\"",\""campingvogn\"",\""ordinary\"",\""storebrand-campingvogn-kasko\"",\""2026-03-01\""]"", ""[\""storebrand\"",\""campingvogn\"",\""ordinary\"",\""storebrand-campingvogn-super\"",\""2026-03-01\""]""]",false,false,NOT_RECOVERED,NOT_SPECIFIED,REGISTRY_BINDING_ONLY
086529a71b08e977,B-047,"[""GAP-2408"", ""GAP-2431"", ""GAP-2470"", ""GAP-2510""]","[""SF-3455"", ""SF-3482"", ""SF-3528"", ""SF-3581""]","[""[\""gjensidige\"",\""bobil\"",\""ordinary\"",\""gjensidige-bobil-ansvar\"",null]"", ""[\""gjensidige\"",\""bobil\"",\""ordinary\"",\""gjensidige-bobil-delkasko\"",null]"", ""[\""gjensidige\"",\""bobil\"",\""ordinary\"",\""gjensidige-bobil-kasko\"",null]"", ""[\""gjensidige\"",\""bobil\"",\""ordinary\"",\""gjensidige-bobil-pluss\"",null]""]",false,false,NOT_RECOVERED,NOT_SPECIFIED,REGISTRY_BINDING_ONLY
088b36f0d83063c5,B-029,"[""GAP-5090"", ""GAP-5123""]","[""SF-7284"", ""SF-7331""]","[""[\""fremtind\"",\""bolig\"",\""ordinary\"",\""fremtind-hus-standard\"",\""PBK-200.100-015+PBK-200.200-010\""]"", ""[\""fremtind\"",\""bolig\"",\""ordinary\"",\""fremtind-hus-topp\"",\""PBK-200.100-015+PBK-200.200-010\""]""]",false,false,NOT_RECOVERED,NOT_SPECIFIED,REGISTRY_BINDING_ONLY
088f79c7b039c405,B-054,"[""GAP-2308"", ""GAP-2349"", ""GAP-2393""]","[""SF-3331"", ""SF-3380"", ""SF-3436""]","[""[\""gjensidige\"",\""mc\"",\""ordinary\"",\""gjensidige-mc-ansvar\"",null]"", ""[\""gjensidige\"",\""mc\"",\""ordinary\"",\""gjensidige-mc-delkasko\"",null]"", ""[\""gjensidige\"",\""mc\"",\""ordinary\"",\""gjensidige-mc-kasko\"",null]""]",false,false,NOT_RECOVERED,NOT_SPECIFIED,REGISTRY_BINDING_ONLY
08fa86d3ece5f855,B-074,"[""GAP-0627"", ""GAP-0652"", ""GAP-0690""]","[""SF-1021"", ""SF-1056"", ""SF-1106""]","[""[\""storebrand\"",\""bobil\"",\""ordinary\"",\""storebrand-bobil-delkasko\"",\""motor09\""]"", ""[\""storebrand\"",\""bobil\"",\""ordinary\"",\""storebrand-bobil-kasko\"",\""motor09\""]"", ""[\""storebrand\"",\""bobil\"",\""ordinary\"",\""storebrand-bobil-super\"",\""motor09\""]""]",false,false,NOT_RECOVERED,NOT_SPECIFIED,REGISTRY_BINDING_ONLY
0931ff466a573a7f,B-060,"[""GAP-3657"", ""GAP-3687"", ""GAP-3729""]","[""SF-5256"", ""SF-5292"", ""SF-5339""]","[""[\""if\"",\""båt\"",\""ordinary\"",\""if-bat-delkasko\"",\""2023-02-01\""]"", ""[\""if\"",\""båt\"",\""ordinary\"",\""if-bat-kasko\"",\""2023-02-01\""]"", ""[\""if\"",\""båt\"",\""ordinary\"",\""if-bat-super\"",\""2023-02-01\""]""]",false,false,NOT_RECOVERED,NOT_SPECIFIED,REGISTRY_BINDING_ONLY
094d64bf281a6ae4,B-078,"[""GAP-1033""]","[""SF-1589""]","[""[\""storebrand\"",\""bolig\"",\""ordinary\"",\""storebrand-hus-super\"",\""2025-08-15\""]""]",false,false,NOT_RECOVERED,NOT_SPECIFIED,REGISTRY_BINDING_ONLY
0981e745b61f36e8,B-055,"[""GAP-2273""]","[""SF-3275""]","[""[\""gjensidige\"",\""reise\"",\""ordinary\"",\""gjensidige-reise-pluss\"",\""2026-09-20-canonical\""]""]",false,false,NOT_RECOVERED,NOT_SPECIFIED,REGISTRY_BINDING_ONLY
0999e293f8cf58c5,B-175,"[""GAP-4326""]","[""SF-6176""]","[""[\""tryg\"",\""båt\"",\""ordinary\"",\""tryg-bat-bat-ekstra\"",\""2024-07-01\""]""]",false,false,NOT_RECOVERED,NOT_SPECIFIED,REGISTRY_BINDING_ONLY
09a679d3146d5f0a,B-090,"[""GAP-4436""]","[""SF-6306""]","[""[\""tryg\"",\""innbo\"",\""ordinary\"",\""tryg-innbo-ekstra\"",\""2026-07-01\""]""]",false,false,NOT_RECOVERED,NOT_SPECIFIED,REGISTRY_BINDING_ONLY
09c8ab65ee3845d2,B-124,"[""GAP-2838""]","[""SF-3983""]","[""[\""gjensidige\"",\""båt\"",\""ordinary\"",\""gjensidige-bat-pluss\"",null]""]",false,false,NOT_RECOVERED,NOT_SPECIFIED,REGISTRY_BINDING_ONLY
0a4c00f264f8598a,B-032,"[""GAP-5145""]","[""SF-7369""]","[""[\""fremtind\"",\""reise\"",\""ordinary\"",\""fremtind-reise\"",\""PRE-450.200-015\""]""]",false,false,NOT_RECOVERED,NOT_SPECIFIED,REGISTRY_BINDING_ONLY
0a6b5f6f535df685,B-050,"[""GAP-2904""]","[""SF-4056""]","[""[\""gjensidige\"",\""hund\"",\""ordinary\"",\""gjensidige-hund-behandling\"",null]""]",false,false,NOT_RECOVERED,RESOLVED,CONVERSATION_ONLY
0a6e885f4c8cc14c,B-157,"[""GAP-5612""]","[""SF-7960""]","[""[\""sparebank1-fremtind\"",\""katt\"",\""ordinary\"",\""sparebank1-fremtind-katt-veterin-r\"",\""2025-08-07\""]""]",false,false,NOT_RECOVERED,NOT_SPECIFIED,REGISTRY_BINDING_ONLY
0a7819ed33d9ec7d,B-153,"[""GAP-5534"", ""GAP-5563""]","[""SF-7865"", ""SF-7902""]","[""[\""sparebank1-fremtind\"",\""båt\"",\""ordinary\"",\""sparebank1-fremtind-bat-kasko\"",\""2024-06-10\""]"", ""[\""sparebank1-fremtind\"",\""båt\"",\""ordinary\"",\""sparebank1-fremtind-bat-toppkasko\"",\""2024-06-10\""]""]",false,false,NOT_RECOVERED,NOT_SPECIFIED,REGISTRY_BINDING_ONLY
0a91d2606129bb38,B-086,"[""GAP-4029"", ""GAP-4046"", ""GAP-4065"", ""GAP-4086""]","[""SF-5773"", ""SF-5801"", ""SF-5833"", ""SF-5869""]","[""[\""tryg\"",\""bobil\"",\""ordinary\"",\""tryg-bobil-ansvar\"",\""2026-07-01\""]"", ""[\""tryg\"",\""bobil\"",\""ordinary\"",\""tryg-bobil-bobil-ekstra\"",\""2026-07-01\""]"", ""[\""tryg\"",\""bobil\"",\""ordinary\"",\""tryg-bobil-delkasko\"",\""2026-01-01\""]"", ""[\""tryg\"",\""bobil\"",\""ordinary\"",\""tryg-bobil-kasko\"",\""2026-01-01\""]""]",false,false,NOT_RECOVERED,NOT_SPECIFIED,REGISTRY_BINDING_ONLY
0b087a54a90ff5e0,B-033,"[""GAP-4761""]","[""SF-6856""]","[""[\""dnb-fremtind\"",\""bil\"",\""ordinary\"",\""dnb-bil-topp\"",\""PMO-357.001-004\""]""]",false,false,NOT_RECOVERED,NOT_SPECIFIED,REGISTRY_BINDING_ONLY
0b2cb35f34b74837,B-036,"[""GAP-1187"", ""GAP-1224""]","[""SF-1790"", ""SF-1832""]","[""[\""frende\"",\""båt\"",\""ordinary\"",\""frende-bat-kasko\"",\""2026-01-01\""]"", ""[\""frende\"",\""båt\"",\""ordinary\"",\""frende-bat-utvidet\"",\""2026-01-01\""]""]",false,false,NOT_RECOVERED,NOT_SPECIFIED,REGISTRY_BINDING_ONLY
0b3af170f96850d5,B-070,"[""GAP-5493""]","[""SF-7816""]","[""[\""sparebank1-fremtind\"",\""båt\"",\""ordinary\"",\""sparebank1-fremtind-bat-delkasko\"",\""2024-06-10\""]""]",false,false,NOT_RECOVERED,NOT_SPECIFIED,REGISTRY_BINDING_ONLY
0b7a5a3b1f7577c3,B-054,"[""GAP-2293"", ""GAP-2320"", ""GAP-2363""]","[""SF-3315"", ""SF-3347"", ""SF-3398""]","[""[\""gjensidige\"",\""mc\"",\""ordinary\"",\""gjensidige-mc-ansvar\"",null]"", ""[\""gjensidige\"",\""mc\"",\""ordinary\"",\""gjensidige-mc-delkasko\"",null]"", ""[\""gjensidige\"",\""mc\"",\""ordinary\"",\""gjensidige-mc-kasko\"",null]""]",false,false,NOT_RECOVERED,NOT_SPECIFIED,REGISTRY_BINDING_ONLY
0b8bc178065a498f,B-043,"[""GAP-0326""]","[""SF-0599""]","[""[\""frende\"",\""reise\"",\""ordinary\"",\""frende-reiseforsikring\"",\""2026-03-01\""]""]",false,false,NOT_RECOVERED,NOT_SPECIFIED,REGISTRY_BINDING_ONLY
0bd1ed861f04e76a,B-046,"[""GAP-1907"", ""GAP-1955""]","[""SF-2750"", ""SF-2815""]","[""[\""gjensidige\"",\""bil\"",\""ordinary\"",\""gj-bil-kasko\"",null]"", ""[\""gjensidige\"",\""bil\"",\""ordinary\"",\""gj-bil-pluss\"",null]""]",false,false,NOT_RECOVERED,NOT_SPECIFIED,REGISTRY_BINDING_ONLY
0c38cf6a62832220,B-204,"[""GAP-4091"", ""GAP-4101"", ""GAP-4117""]","[""SF-5877"", ""SF-5890"", ""SF-5909""]","[""[\""tryg\"",\""snøscooter\"",\""ordinary\"",\""tryg-snoscooter-ansvar\"",null]"", ""[\""tryg\"",\""snøscooter\"",\""ordinary\"",\""tryg-snoscooter-brann-og-tyveri\"",null]"", ""[\""tryg\"",\""snøscooter\"",\""ordinary\"",\""tryg-snoscooter-kasko\"",null]""]",false,false,NOT_RECOVERED,NOT_SPECIFIED,REGISTRY_BINDING_ONLY
0c780066d1ee8173,B-035,"[""GAP-1530""]","[""SF-2251""]","[""[\""frende\"",\""bobil\"",\""ordinary\"",\""frende-bobil-utvidet\"",\""2026-01-01\""]""]",false,false,NOT_RECOVERED,NOT_SPECIFIED,REGISTRY_BINDING_ONLY
0c79538df3c9eee3,B-125,"[""GAP-2768"", ""GAP-2810"", ""GAP-2864""]","[""SF-3904"", ""SF-3951"", ""SF-4011""]","[""[\""gjensidige\"",\""båt\"",\""ordinary\"",\""gjensidige-bat-delkasko\"",null]"", ""[\""gjensidige\"",\""båt\"",\""ordinary\"",\""gjensidige-bat-kasko\"",null]"", ""[\""gjensidige\"",\""båt\"",\""ordinary\"",\""gjensidige-bat-pluss\"",null]""]",false,false,NOT_RECOVERED,NOT_SPECIFIED,REGISTRY_BINDING_ONLY
0c85ee2d283e39b1,B-089,"[""GAP-4353""]","[""SF-6205""]","[""[\""tryg\"",\""hund\"",\""ordinary\"",\""tryg-hund-behandling\"",\""2026-09-01\""]""]",false,false,NOT_RECOVERED,NOT_SPECIFIED,REGISTRY_BINDING_ONLY
0cb67dee0d9e323e,B-056,"[""GAP-2572"", ""GAP-2602"", ""GAP-2633""]","[""SF-3671"", ""SF-3705"", ""SF-3740""]","[""[\""gjensidige\"",\""snøscooter\"",\""ordinary\"",\""gjensidige-snoscooter-ansvar\"",null]"", ""[\""gjensidige\"",\""snøscooter\"",\""ordinary\"",\""gjensidige-snoscooter-delkasko\"",null]"", ""[\""gjensidige\"",\""snøscooter\"",\""ordinary\"",\""gjensidige-snoscooter-kasko\"",null]""]",false,false,NOT_RECOVERED,NOT_SPECIFIED,REGISTRY_BINDING_ONLY
0cdfbaa00ae42c18,B-078,"[""GAP-0983"", ""GAP-1036""]","[""SF-1512"", ""SF-1594""]","[""[\""storebrand\"",\""bolig\"",\""ordinary\"",\""storebrand-hus-standard\"",\""2025-08-15\""]"", ""[\""storebrand\"",\""bolig\"",\""ordinary\"",\""storebrand-hus-super\"",\""2025-08-15\""]""]",false,false,NOT_RECOVERED,NOT_SPECIFIED,REGISTRY_BINDING_ONLY
0d4e4afffc744835,B-131,"[""GAP-2012"", ""GAP-2065""]","[""SF-2892"", ""SF-2962""]","[""[\""gjensidige\"",\""innbo\"",\""ordinary\"",\""gj-innbo\"",null]"", ""[\""gjensidige\"",\""innbo\"",\""ordinary\"",\""gj-innbo-pluss\"",null]""]",false,false,NOT_RECOVERED,NOT_SPECIFIED,REGISTRY_BINDING_ONLY
0d61d1a7bc6dc0c5,B-128,"[""GAP-2883""]","[""SF-4035""]","[""[\""gjensidige\"",\""hund\"",\""ordinary\"",\""gjensidige-hund-behandling\"",null]""]",false,false,NOT_RECOVERED,NOT_SPECIFIED,REGISTRY_BINDING_ONLY
0d6a54dd7da1e309,B-061,"[""GAP-3221"", ""GAP-3243"", ""GAP-3269""]","[""SF-4546"", ""SF-4575"", ""SF-4607""]","[""[\""if\"",\""campingvogn\"",\""ordinary\"",\""if-campingvogn-delkasko\"",\""2024-03\""]"", ""[\""if\"",\""campingvogn\"",\""ordinary\"",\""if-campingvogn-kasko\"",\""2024-03\""]"", ""[\""if\"",\""campingvogn\"",\""ordinary\"",\""if-campingvogn-super\"",\""2024-03\""]""]",false,false,NOT_RECOVERED,NOT_SPECIFIED,REGISTRY_BINDING_ONLY
0da02a8dae8fd373,B-071,"[""GAP-5596""]","[""SF-7939""]","[""[\""sparebank1-fremtind\"",\""hund\"",\""ordinary\"",\""sparebank1-fremtind-hund-veterin-r\"",\""2025-08-07\""]""]",false,false,NOT_RECOVERED,NOT_SPECIFIED,REGISTRY_BINDING_ONLY
0ddb98e195d5d641,B-131,"[""GAP-2014"", ""GAP-2067""]","[""SF-2894"", ""SF-2964""]","[""[\""gjensidige\"",\""innbo\"",\""ordinary\"",\""gj-innbo\"",null]"", ""[\""gjensidige\"",\""innbo\"",\""ordinary\"",\""gj-innbo-pluss\"",null]""]",false,false,NOT_RECOVERED,NOT_SPECIFIED,REGISTRY_BINDING_ONLY
0def48b35239d8dc,B-019,"[""GAP-1642""]","[""SF-2412""]","[""[\""storebrand\"",\""reise\"",\""ordinary\"",\""storebrand-reise-standard\"",\""2026-09-20-canonical\""]""]",true,false,NOT_RECOVERED,NOT_SPECIFIED,ARCHIVED_BASELINE
0e0415288950c5e4,B-160,"[""GAP-5633"", ""GAP-5654"", ""GAP-5676""]","[""SF-7983"", ""SF-8008"", ""SF-8034""]","[""[\""storebrand\"",\""båt\"",\""ordinary\"",\""storebrand-bat-delkasko\"",\""2024-09-01\""]"", ""[\""storebrand\"",\""båt\"",\""ordinary\"",\""storebrand-bat-kasko\"",\""2024-09-01\""]"", ""[\""storebrand\"",\""båt\"",\""ordinary\"",\""storebrand-bat-super\"",\""2024-09-01\""]""]",false,false,NOT_RECOVERED,NOT_SPECIFIED,REGISTRY_BINDING_ONLY
0e9dd68bbdb35949,B-073,"[""GAP-0359"", ""GAP-0383"", ""GAP-0422""]","[""SF-0674"", ""SF-0711"", ""SF-0762""]","[""[\""storebrand\"",\""bil\"",\""ordinary\"",\""sb-bil-delkasko\"",\""motor09\""]"", ""[\""storebrand\"",\""bil\"",\""ordinary\"",\""sb-bil-kasko\"",\""motor09\""]"", ""[\""storebrand\"",\""bil\"",\""ordinary\"",\""sb-bil-super\"",\""motor09\""]""]",false,false,NOT_RECOVERED,NOT_SPECIFIED,REGISTRY_BINDING_ONLY
0eb3d626780c7e76,B-073,"[""GAP-0354"", ""GAP-0378"", ""GAP-0417"", ""GAP-0462""]","[""SF-0663"", ""SF-0700"", ""SF-0751"", ""SF-0810""]","[""[\""storebrand\"",\""bil\"",\""ordinary\"",\""sb-bil-ansvar\"",\""motor09\""]"", ""[\""storebrand\"",\""bil\"",\""ordinary\"",\""sb-bil-delkasko\"",\""motor09\""]"", ""[\""storebrand\"",\""bil\"",\""ordinary\"",\""sb-bil-kasko\"",\""motor09\""]"", ""[\""storebrand\"",\""bil\"",\""ordinary\"",\""sb-bil-super\"",\""motor09\""]""]",false,false,NOT_RECOVERED,NOT_SPECIFIED,REGISTRY_BINDING_ONLY
0eb8ba09123305ee,B-005,"[""GAP-0931""]","[""SF-1432""]","[""[\""storebrand\"",\""innbo\"",\""ordinary\"",\""sb-innbo-super\"",\""innbo09\""]""]",true,false,NOT_RECOVERED,NOT_SPECIFIED,ARCHIVED_BASELINE
0ec95f52af830cbe,B-052,"[""GAP-1989"", ""GAP-2033""]","[""SF-2864"", ""SF-2919""]","[""[\""gjensidige\"",\""innbo\"",\""ordinary\"",\""gj-innbo\"",null]"", ""[\""gjensidige\"",\""innbo\"",\""ordinary\"",\""gj-innbo-pluss\"",null]""]",false,false,NOT_RECOVERED,NOT_SPECIFIED,REGISTRY_BINDING_ONLY
0ed47ccd22d6a78c,B-098,"[""GAP-5262"", ""GAP-5269"", ""GAP-5283""]","[""SF-7512"", ""SF-7521"", ""SF-7539""]","[""[\""eika-fremtind\"",\""snøscooter\"",\""ordinary\"",\""eika-fremtind-snoscooter-ansvar\"",\""2023-10-29\""]"", ""[\""eika-fremtind\"",\""snøscooter\"",\""ordinary\"",\""eika-fremtind-snoscooter-kasko\"",\""2023-10-29\""]"", ""[\""eika-fremtind\"",\""snøscooter\"",\""ordinary\"",\""eika-fremtind-snoscooter-minikasko\"",\""2023-10-29\""]""]",false,false,NOT_RECOVERED,NOT_SPECIFIED,REGISTRY_BINDING_ONLY
0ed88244fe0c2339,B-068,"[""GAP-3195"", ""GAP-3220""]","[""SF-4512"", ""SF-4544""]","[""[\""if\"",\""snøscooter\"",\""ordinary\"",\""if-snoscooter-delkasko\"",\""2024-03\""]"", ""[\""if\"",\""snøscooter\"",\""ordinary\"",\""if-snoscooter-kasko\"",\""2024-03\""]""]",false,false,NOT_RECOVERED,NOT_SPECIFIED,REGISTRY_BINDING_ONLY
0eda923b4090cf6c,B-051,"[""GAP-2108"", ""GAP-2167""]","[""SF-3021"", ""SF-3108""]","[""[\""gjensidige\"",\""bolig\"",\""ordinary\"",\""gjensidige-hus\"",\""Alminnelige vilkår\""]"", ""[\""gjensidige\"",\""bolig\"",\""ordinary\"",\""gjensidige-hus-pluss\"",\""Alminnelige vilkår\""]""]",false,false,NOT_RECOVERED,NOT_SPECIFIED,REGISTRY_BINDING_ONLY
0ef8f1b24e78bebc,B-111,"[""GAP-1738"", ""GAP-1766""]","[""SF-2526"", ""SF-2561""]","[""[\""frende\"",\""campingvogn\"",\""ordinary\"",\""frende-campingvogn-brann-og-tyveri\"",\""2026-01-01\""]"", ""[\""frende\"",\""campingvogn\"",\""ordinary\"",\""frende-campingvogn-kasko\"",\""2026-01-01\""]""]",false,false,NOT_RECOVERED,NOT_SPECIFIED,REGISTRY_BINDING_ONLY
0f0738fcfeb0b637,B-078,"[""GAP-0948"", ""GAP-0994""]","[""SF-1468"", ""SF-1540""]","[""[\""storebrand\"",\""bolig\"",\""ordinary\"",\""storebrand-hus-standard\"",\""2025-08-15\""]"", ""[\""storebrand\"",\""bolig\"",\""ordinary\"",\""storebrand-hus-super\"",\""2025-08-15\""]""]",false,false,NOT_RECOVERED,NOT_SPECIFIED,REGISTRY_BINDING_ONLY
0f0c1126f91c25cf,B-052,"[""GAP-2027""]","[""SF-2910""]","[""[\""gjensidige\"",\""innbo\"",\""ordinary\"",\""gj-innbo-pluss\"",null]""]",false,false,NOT_RECOVERED,NOT_SPECIFIED,REGISTRY_BINDING_ONLY
0f3c8f521d015563,B-084,"[""GAP-0832""]","[""SF-1287""]","[""[\""storebrand\"",\""tilhenger\"",\""ordinary\"",\""storebrand-tilhenger-kasko\"",\""2026-03-01\""]""]",false,false,NOT_RECOVERED,NOT_SPECIFIED,REGISTRY_BINDING_ONLY
0f51d1c0374f1f1f,B-071,"[""GAP-5603""]","[""SF-7946""]","[""[\""sparebank1-fremtind\"",\""hund\"",\""ordinary\"",\""sparebank1-fremtind-hund-veterin-r\"",\""2025-08-07\""]""]",false,false,NOT_RECOVERED,NOT_SPECIFIED,REGISTRY_BINDING_ONLY
0f691bc408e93d23,B-069,"[""GAP-3304"", ""GAP-3320""]","[""SF-4649"", ""SF-4671""]","[""[\""if\"",\""tilhenger\"",\""ordinary\"",\""if-tilhenger-delkasko\"",\""2024-03\""]"", ""[\""if\"",\""tilhenger\"",\""ordinary\"",\""if-tilhenger-kasko\"",\""2024-03\""]""]",false,false,NOT_RECOVERED,NOT_SPECIFIED,REGISTRY_BINDING_ONLY
0f7980d6139daa2e,B-051,"[""GAP-2111"", ""GAP-2170""]","[""SF-3029"", ""SF-3116""]","[""[\""gjensidige\"",\""bolig\"",\""ordinary\"",\""gjensidige-hus\"",\""Alminnelige vilkår\""]"", ""[\""gjensidige\"",\""bolig\"",\""ordinary\"",\""gjensidige-hus-pluss\"",\""Alminnelige vilkår\""]""]",false,false,NOT_RECOVERED,NOT_SPECIFIED,REGISTRY_BINDING_ONLY
0fd1daf98e265e61,B-076,"[""GAP-0795""]","[""SF-1241""]","[""[\""storebrand\"",\""campingvogn\"",\""ordinary\"",\""storebrand-campingvogn-super\"",\""2026-03-01\""]""]",false,false,NOT_RECOVERED,NOT_SPECIFIED,REGISTRY_BINDING_ONLY
1002abf4c1395c4c,B-150,"[""GAP-3186"", ""GAP-3211""]","[""SF-4500"", ""SF-4532""]","[""[\""if\"",\""snøscooter\"",\""ordinary\"",\""if-snoscooter-delkasko\"",\""2024-03\""]"", ""[\""if\"",\""snøscooter\"",\""ordinary\"",\""if-snoscooter-kasko\"",\""2024-03\""]""]",false,false,NOT_RECOVERED,NOT_SPECIFIED,REGISTRY_BINDING_ONLY
101b925147dfac6f,B-049,"[""GAP-2640"", ""GAP-2660"", ""GAP-2682""]","[""SF-3750"", ""SF-3775"", ""SF-3802""]","[""[\""gjensidige\"",\""campingvogn\"",\""ordinary\"",\""gjensidige-campingvogn-delkasko\"",null]"", ""[\""gjensidige\"",\""campingvogn\"",\""ordinary\"",\""gjensidige-campingvogn-kasko\"",null]"", ""[\""gjensidige\"",\""campingvogn\"",\""ordinary\"",\""gjensidige-campingvogn-pluss\"",null]""]",false,false,NOT_RECOVERED,NOT_SPECIFIED,REGISTRY_BINDING_ONLY
103ac49febeb7c64,B-060,"[""GAP-3658"", ""GAP-3688"", ""GAP-3730""]","[""SF-5257"", ""SF-5293"", ""SF-5340""]","[""[\""if\"",\""båt\"",\""ordinary\"",\""if-bat-delkasko\"",\""2023-02-01\""]"", ""[\""if\"",\""båt\"",\""ordinary\"",\""if-bat-kasko\"",\""2023-02-01\""]"", ""[\""if\"",\""båt\"",\""ordinary\"",\""if-bat-super\"",\""2023-02-01\""]""]",false,false,NOT_RECOVERED,NOT_SPECIFIED,REGISTRY_BINDING_ONLY
10827e5b0787e139,B-132,"[""GAP-2921""]","[""SF-4076""]","[""[\""gjensidige\"",\""katt\"",\""ordinary\"",\""gjensidige-katt-behandling\"",null]""]",false,false,NOT_RECOVERED,NOT_SPECIFIED,REGISTRY_BINDING_ONLY
10920d815e2c825e,B-054,"[""GAP-2383""]","[""SF-3424""]","[""[\""gjensidige\"",\""mc\"",\""ordinary\"",\""gjensidige-mc-kasko\"",null]""]",false,false,NOT_RECOVERED,NOT_SPECIFIED,REGISTRY_BINDING_ONLY
112ada8feb5d1b58,B-106,"[""GAP-4798"", ""GAP-4827"", ""GAP-4861""]","[""SF-6906"", ""SF-6940"", ""SF-6985""]","[""[\""eika-fremtind\"",\""bil\"",\""ordinary\"",\""eika-bil-delkasko\"",\""PMO-357.001-004\""]"", ""[\""eika-fremtind\"",\""bil\"",\""ordinary\"",\""eika-bil-kasko\"",\""PMO-357.001-004\""]"", ""[\""eika-fremtind\"",\""bil\"",\""ordinary\"",\""eika-bil-topp\"",\""PMO-357.001-004\""]""]",false,false,NOT_RECOVERED,NOT_SPECIFIED,REGISTRY_BINDING_ONLY
1152b85c31282f02,B-033,"[""GAP-4571"", ""GAP-4600"", ""GAP-4634""]","[""SF-6613"", ""SF-6647"", ""SF-6692""]","[""[\""sparebank1-fremtind\"",\""bil\"",\""ordinary\"",\""sb1-bil-delkasko\"",\""PMO-357.001-004\""]"", ""[\""sparebank1-fremtind\"",\""bil\"",\""ordinary\"",\""sb1-bil-kasko\"",\""PMO-357.001-004\""]"", ""[\""sparebank1-fremtind\"",\""bil\"",\""ordinary\"",\""sb1-bil-toppkasko\"",\""PMO-357.001-004\""]""]",false,false,NOT_RECOVERED,NOT_SPECIFIED,REGISTRY_BINDING_ONLY
115b21ed71680477,B-083,"[""GAP-0502"", ""GAP-0533""]","[""SF-0857"", ""SF-0892""]","[""[\""storebrand\"",\""snøscooter\"",\""ordinary\"",\""storebrand-snoscooter-delkasko\"",\""2025-04-01\""]"", ""[\""storebrand\"",\""snøscooter\"",\""ordinary\"",\""storebrand-snoscooter-kasko\"",\""2025-04-01\""]""]",false,false,NOT_RECOVERED,NOT_SPECIFIED,REGISTRY_BINDING_ONLY
11b26f0512eadf0d,B-110,"[""GAP-1166"", ""GAP-1202"", ""GAP-1240""]","[""SF-1766"", ""SF-1808"", ""SF-1853""]","[""[\""frende\"",\""båt\"",\""ordinary\"",\""frende-bat-brann-og-tyveri\"",\""2026-01-01\""]"", ""[\""frende\"",\""båt\"",\""ordinary\"",\""frende-bat-kasko\"",\""2026-01-01\""]"", ""[\""frende\"",\""båt\"",\""ordinary\"",\""frende-bat-utvidet\"",\""2026-01-01\""]""]",false,false,NOT_RECOVERED,NOT_SPECIFIED,REGISTRY_BINDING_ONLY
11db2a1bdd2d222d,B-166,"[""GAP-0181"", ""GAP-0261""]","[""SF-0310"", ""SF-0422""]","[""[\""storebrand\"",\""katt\"",\""ordinary\"",\""storebrand-katt-veterin-r\"",\""2025-02-01\""]"", ""[\""storebrand\"",\""katt\"",\""ordinary\"",\""storebrand-katt-veterin-r-og-d-dsfall\"",\""2025-02-01\""]""]",false,false,NOT_RECOVERED,NOT_SPECIFIED,REGISTRY_BINDING_ONLY
1276be5aab4fc540,B-176,"[""GAP-4176"", ""GAP-4195""]","[""SF-5984"", ""SF-6008""]","[""[\""tryg\"",\""campingvogn\"",\""ordinary\"",\""tryg-campingvogn-campingvogn-ekstra\"",\""2026-01-01\""]"", ""[\""tryg\"",\""campingvogn\"",\""ordinary\"",\""tryg-campingvogn-kasko\"",\""2026-01-01\""]""]",false,false,NOT_RECOVERED,NOT_SPECIFIED,REGISTRY_BINDING_ONLY
128df57b17be7ad6,B-076,"[""GAP-0742"", ""GAP-0766"", ""GAP-0790""]","[""SF-1174"", ""SF-1202"", ""SF-1232""]","[""[\""storebrand\"",\""campingvogn\"",\""ordinary\"",\""storebrand-campingvogn-brann-og-tyveri\"",\""2026-03-01\""]"", ""[\""storebrand\"",\""campingvogn\"",\""ordinary\"",\""storebrand-campingvogn-kasko\"",\""2026-03-01\""]"", ""[\""storebrand\"",\""campingvogn\"",\""ordinary\"",\""storebrand-campingvogn-super\"",\""2026-03-01\""]""]",false,false,NOT_RECOVERED,NOT_SPECIFIED,REGISTRY_BINDING_ONLY
129301ee576e4529,B-150,"[""GAP-3191"", ""GAP-3216""]","[""SF-4506"", ""SF-4538""]","[""[\""if\"",\""snøscooter\"",\""ordinary\"",\""if-snoscooter-delkasko\"",\""2024-03\""]"", ""[\""if\"",\""snøscooter\"",\""ordinary\"",\""if-snoscooter-kasko\"",\""2024-03\""]""]",false,false,NOT_RECOVERED,NOT_SPECIFIED,REGISTRY_BINDING_ONLY
12bb14255eda520e,B-119,"[""GAP-0104"", ""GAP-0105""]","[""SF-0177"", ""SF-0178""]","[""[\""frende\"",\""snøscooter\"",\""ordinary\"",\""frende-snoscooter-brann-og-tyveri\"",\""2026-01-01\""]"", ""[\""frende\"",\""snøscooter\"",\""ordinary\"",\""frende-snoscooter-kasko\"",\""2026-01-01\""]""]",false,false,NOT_RECOVERED,NOT_SPECIFIED,REGISTRY_BINDING_ONLY
136ee788863538bd,B-046,"[""GAP-1857"", ""GAP-1895"", ""GAP-1944""]","[""SF-2681"", ""SF-2731"", ""SF-2797""]","[""[\""gjensidige\"",\""bil\"",\""ordinary\"",\""gj-bil-delkasko\"",null]"", ""[\""gjensidige\"",\""bil\"",\""ordinary\"",\""gj-bil-kasko\"",null]"", ""[\""gjensidige\"",\""bil\"",\""ordinary\"",\""gj-bil-pluss\"",null]""]",false,false,NOT_RECOVERED,NOT_SPECIFIED,REGISTRY_BINDING_ONLY
1381b19f5bcba357,B-123,"[""GAP-2447""]","[""SF-3501""]","[""[\""gjensidige\"",\""bobil\"",\""ordinary\"",\""gjensidige-bobil-delkasko\"",null]""]",false,false,NOT_RECOVERED,NOT_SPECIFIED,REGISTRY_BINDING_ONLY
1385d054ca982975,B-040,"[""GAP-0286""]","[""SF-0477""]","[""[\""frende\"",\""innbo\"",\""ordinary\"",\""frende-innbo-standard\"",\""2026-09-01\""]""]",false,false,NOT_RECOVERED,NOT_SPECIFIED,REGISTRY_BINDING_ONLY
139776d64d396b51,B-073,"[""GAP-0365"", ""GAP-0390"", ""GAP-0429""]","[""SF-0684"", ""SF-0721"", ""SF-0772""]","[""[\""storebrand\"",\""bil\"",\""ordinary\"",\""sb-bil-delkasko\"",\""motor09\""]"", ""[\""storebrand\"",\""bil\"",\""ordinary\"",\""sb-bil-kasko\"",\""motor09\""]"", ""[\""storebrand\"",\""bil\"",\""ordinary\"",\""sb-bil-super\"",\""motor09\""]""]",false,false,NOT_RECOVERED,NOT_SPECIFIED,REGISTRY_BINDING_ONLY
13bc424d2cf2cfd9,B-093,"[""GAP-4473"", ""GAP-4497"", ""GAP-4522""]","[""SF-6447"", ""SF-6491"", ""SF-6540""]","[""[\""tryg\"",\""reise\"",\""ordinary\"",\""tryg-reise\"",\""2026-09-20-canonical\""]"", ""[\""tryg\"",\""reise\"",\""ordinary\"",\""tryg-reise-ekstra\"",\""2026-09-20-canonical\""]"", ""[\""tryg\"",\""reise\"",\""ordinary\"",\""tryg-reise-premium\"",\""2026-09-20-canonical\""]""]",false,false,NOT_RECOVERED,NOT_SPECIFIED,REGISTRY_BINDING_ONLY
13bc99438e1ff6c4,B-080,"[""GAP-0176"", ""GAP-0256""]","[""SF-0305"", ""SF-0417""]","[""[\""storebrand\"",\""katt\"",\""ordinary\"",\""storebrand-katt-veterin-r\"",\""2025-02-01\""]"", ""[\""storebrand\"",\""katt\"",\""ordinary\"",\""storebrand-katt-veterin-r-og-d-dsfall\"",\""2025-02-01\""]""]",false,false,NOT_RECOVERED,NOT_SPECIFIED,REGISTRY_BINDING_ONLY
13dd5fb68cb6608a,B-065,"[""GAP-0049"", ""GAP-0050"", ""GAP-0051""]","[""SF-0076"", ""SF-0077"", ""SF-0078""]","[""[\""if\"",\""katt\"",\""ordinary\"",\""if-katt-basis\"",\""2022-12-01\""]"", ""[\""if\"",\""katt\"",\""ordinary\"",\""if-katt-standard\"",\""2022-12-01\""]"", ""[\""if\"",\""katt\"",\""ordinary\"",\""if-katt-super\"",\""2022-12-01\""]""]",false,false,NOT_RECOVERED,NOT_SPECIFIED,REGISTRY_BINDING_ONLY
1456ae66ba618c58,B-029,"[""GAP-5074"", ""GAP-5107""]","[""SF-7265"", ""SF-7312""]","[""[\""fremtind\"",\""bolig\"",\""ordinary\"",\""fremtind-hus-standard\"",\""PBK-200.100-015+PBK-200.200-010\""]"", ""[\""fremtind\"",\""bolig\"",\""ordinary\"",\""fremtind-hus-topp\"",\""PBK-200.100-015+PBK-200.200-010\""]""]",false,false,NOT_RECOVERED,NOT_SPECIFIED,REGISTRY_BINDING_ONLY
14dabbf6a3bc15fb,B-143,"[""GAP-3782"", ""GAP-3805"", ""GAP-3831""]","[""SF-5399"", ""SF-5426"", ""SF-5456""]","[""[\""if\"",\""hund\"",\""ordinary\"",\""if-hund-basis\"",\""2022-12-01\""]"", ""[\""if\"",\""hund\"",\""ordinary\"",\""if-hund-standard\"",\""2022-12-01\""]"", ""[\""if\"",\""hund\"",\""ordinary\"",\""if-hund-super\"",\""2022-12-01\""]""]",false,false,NOT_RECOVERED,NOT_SPECIFIED,REGISTRY_BINDING_ONLY
14f1659d7deca726,B-065,"[""GAP-0042"", ""GAP-0043"", ""GAP-0044""]","[""SF-0069"", ""SF-0070"", ""SF-0071""]","[""[\""if\"",\""katt\"",\""ordinary\"",\""if-katt-basis\"",\""2022-12-01\""]"", ""[\""if\"",\""katt\"",\""ordinary\"",\""if-katt-standard\"",\""2022-12-01\""]"", ""[\""if\"",\""katt\"",\""ordinary\"",\""if-katt-super\"",\""2022-12-01\""]""]",false,false,NOT_RECOVERED,NOT_SPECIFIED,REGISTRY_BINDING_ONLY
14f1dfb8b84fc797,B-047,"[""GAP-2422"", ""GAP-2460"", ""GAP-2500"", ""GAP-2542""]","[""SF-3469"", ""SF-3514"", ""SF-3567"", ""SF-3631""]","[""[\""gjensidige\"",\""bobil\"",\""ordinary\"",\""gjensidige-bobil-ansvar\"",null]"", ""[\""gjensidige\"",\""bobil\"",\""ordinary\"",\""gjensidige-bobil-delkasko\"",null]"", ""[\""gjensidige\"",\""bobil\"",\""ordinary\"",\""gjensidige-bobil-kasko\"",null]"", ""[\""gjensidige\"",\""bobil\"",\""ordinary\"",\""gjensidige-bobil-pluss\"",null]""]",false,false,NOT_RECOVERED,NOT_SPECIFIED,REGISTRY_BINDING_ONLY
151308b054600999,B-036,"[""GAP-1196"", ""GAP-1233""]","[""SF-1799"", ""SF-1841""]","[""[\""frende\"",\""båt\"",\""ordinary\"",\""frende-bat-kasko\"",\""2026-01-01\""]"", ""[\""frende\"",\""båt\"",\""ordinary\"",\""frende-bat-utvidet\"",\""2026-01-01\""]""]",false,false,NOT_RECOVERED,NOT_SPECIFIED,REGISTRY_BINDING_ONLY
1541acd31d210d2b,B-052,"[""GAP-2000"", ""GAP-2043""]","[""SF-2879"", ""SF-2933""]","[""[\""gjensidige\"",\""innbo\"",\""ordinary\"",\""gj-innbo\"",null]"", ""[\""gjensidige\"",\""innbo\"",\""ordinary\"",\""gj-innbo-pluss\"",null]""]",false,false,NOT_RECOVERED,NOT_SPECIFIED,REGISTRY_BINDING_ONLY
154245d8f272d40d,B-113,"[""GAP-1261""]","[""SF-1876""]","[""[\""frende\"",\""hund\"",\""ordinary\"",\""frende-hund-veterin-r\"",\""2026-01-01\""]""]",false,false,NOT_RECOVERED,NOT_SPECIFIED,REGISTRY_BINDING_ONLY
157c7afed18eb0fe,B-051,"[""GAP-2107"", ""GAP-2166""]","[""SF-3020"", ""SF-3107""]","[""[\""gjensidige\"",\""bolig\"",\""ordinary\"",\""gjensidige-hus\"",\""Alminnelige vilkår\""]"", ""[\""gjensidige\"",\""bolig\"",\""ordinary\"",\""gjensidige-hus-pluss\"",\""Alminnelige vilkår\""]""]",false,false,NOT_RECOVERED,NOT_SPECIFIED,REGISTRY_BINDING_ONLY
15c26863ca493544,B-172,"[""GAP-0813"", ""GAP-0833""]","[""SF-1264"", ""SF-1290""]","[""[\""storebrand\"",\""tilhenger\"",\""ordinary\"",\""storebrand-tilhenger-brann-og-tyveri\"",\""2026-03-01\""]"", ""[\""storebrand\"",\""tilhenger\"",\""ordinary\"",\""storebrand-tilhenger-kasko\"",\""2026-03-01\""]""]",false,false,NOT_RECOVERED,NOT_SPECIFIED,REGISTRY_BINDING_ONLY
15cda5fb684eb36d,B-131,"[""GAP-2013"", ""GAP-2066""]","[""SF-2893"", ""SF-2963""]","[""[\""gjensidige\"",\""innbo\"",\""ordinary\"",\""gj-innbo\"",null]"", ""[\""gjensidige\"",\""innbo\"",\""ordinary\"",\""gj-innbo-pluss\"",null]""]",false,false,NOT_RECOVERED,NOT_SPECIFIED,REGISTRY_BINDING_ONLY
15d798ea12be27be,B-042,"[""GAP-1456"", ""GAP-1484"", ""GAP-1515""]","[""SF-2127"", ""SF-2168"", ""SF-2214""]","[""[\""frende\"",\""mc\"",\""ordinary\"",\""frende-mc-ansvar\"",\""2026-01-01\""]"", ""[\""frende\"",\""mc\"",\""ordinary\"",\""frende-mc-delkasko\"",\""2026-01-01\""]"", ""[\""frende\"",\""mc\"",\""ordinary\"",\""frende-mc-kasko\"",\""2026-01-01\""]""]",false,false,NOT_RECOVERED,NOT_SPECIFIED,REGISTRY_BINDING_ONLY
15f5b4a3e9f79fd2,B-130,"[""GAP-2115"", ""GAP-2174""]","[""SF-3033"", ""SF-3120""]","[""[\""gjensidige\"",\""bolig\"",\""ordinary\"",\""gjensidige-hus\"",\""Alminnelige vilkår\""]"", ""[\""gjensidige\"",\""bolig\"",\""ordinary\"",\""gjensidige-hus-pluss\"",\""Alminnelige vilkår\""]""]",false,false,NOT_RECOVERED,NOT_SPECIFIED,REGISTRY_BINDING_ONLY
16814c7b68c282f2,B-112,"[""GAP-0118"", ""GAP-0119""]","[""SF-0198"", ""SF-0199""]","[""[\""frende\"",\""campingvogn\"",\""ordinary\"",\""frende-campingvogn-brann-og-tyveri\"",\""2026-01-01\""]"", ""[\""frende\"",\""campingvogn\"",\""ordinary\"",\""frende-campingvogn-kasko\"",\""2026-01-01\""]""]",false,false,NOT_RECOVERED,NOT_SPECIFIED,REGISTRY_BINDING_ONLY
16975c6010b38998,B-032,"[""GAP-5144""]","[""SF-7365""]","[""[\""fremtind\"",\""reise\"",\""ordinary\"",\""fremtind-reise\"",\""PRE-450.200-015\""]""]",false,false,NOT_RECOVERED,NOT_SPECIFIED,REGISTRY_BINDING_ONLY
16b5c2d442a8b8f6,B-158,"[""GAP-0356"", ""GAP-0380"", ""GAP-0419"", ""GAP-0464""]","[""SF-0665"", ""SF-0702"", ""SF-0753"", ""SF-0812""]","[""[\""storebrand\"",\""bil\"",\""ordinary\"",\""sb-bil-ansvar\"",\""motor09\""]"", ""[\""storebrand\"",\""bil\"",\""ordinary\"",\""sb-bil-delkasko\"",\""motor09\""]"", ""[\""storebrand\"",\""bil\"",\""ordinary\"",\""sb-bil-kasko\"",\""motor09\""]"", ""[\""storebrand\"",\""bil\"",\""ordinary\"",\""sb-bil-super\"",\""motor09\""]""]",false,false,NOT_RECOVERED,NOT_SPECIFIED,REGISTRY_BINDING_ONLY
16bed2bb40b8f90c,B-089,"[""GAP-4352""]","[""SF-6204""]","[""[\""tryg\"",\""hund\"",\""ordinary\"",\""tryg-hund-behandling\"",\""2026-09-01\""]""]",false,false,NOT_RECOVERED,NOT_SPECIFIED,REGISTRY_BINDING_ONLY
172933c7d1cbaae3,B-166,"[""GAP-0241"", ""GAP-0271""]","[""SF-0396"", ""SF-0436""]","[""[\""storebrand\"",\""katt\"",\""ordinary\"",\""storebrand-katt-d-dsfall\"",\""2025-02-01\""]"", ""[\""storebrand\"",\""katt\"",\""ordinary\"",\""storebrand-katt-veterin-r-og-d-dsfall\"",\""2025-02-01\""]""]",false,false,NOT_RECOVERED,NOT_SPECIFIED,REGISTRY_BINDING_ONLY
1739db916b9a7c07,B-052,"[""GAP-2019"", ""GAP-2072""]","[""SF-2899"", ""SF-2969""]","[""[\""gjensidige\"",\""innbo\"",\""ordinary\"",\""gj-innbo\"",null]"", ""[\""gjensidige\"",\""innbo\"",\""ordinary\"",\""gj-innbo-pluss\"",null]""]",false,false,NOT_RECOVERED,NOT_SPECIFIED,REGISTRY_BINDING_ONLY
1739e860c9244e39,B-183,"[""GAP-3958"", ""GAP-3969"", ""GAP-3987"", ""GAP-4007""]","[""SF-5666"", ""SF-5682"", ""SF-5708"", ""SF-5735""]","[""[\""tryg\"",\""mc\"",\""ordinary\"",\""tryg-mc-ansvar\"",\""2026-07-01\""]"", ""[\""tryg\"",\""mc\"",\""ordinary\"",\""tryg-mc-delkasko\"",\""2026-01-01\""]"", ""[\""tryg\"",\""mc\"",\""ordinary\"",\""tryg-mc-kasko\"",\""2026-07-01\""]"", ""[\""tryg\"",\""mc\"",\""ordinary\"",\""tryg-mc-mc-ekstra\"",\""2026-07-01\""]""]",false,false,NOT_RECOVERED,NOT_SPECIFIED,REGISTRY_BINDING_ONLY
1741fc42fb59ca0a,B-058,"[""GAP-2947"", ""GAP-2955"", ""GAP-2971"", ""GAP-2993""]","[""SF-4107"", ""SF-4120"", ""SF-4147"", ""SF-4188""]","[""[\""if\"",\""bil\"",\""ordinary\"",\""if-bil-ansvar\"",\""MOT2-2\""]"", ""[\""if\"",\""bil\"",\""ordinary\"",\""if-bil-delkasko\"",\""MOT2-2\""]"", ""[\""if\"",\""bil\"",\""ordinary\"",\""if-bil-kasko\"",\""MOT2-2\""]"", ""[\""if\"",\""bil\"",\""ordinary\"",\""if-bil-super\"",\""MOT2-2\""]""]",false,false,NOT_RECOVERED,NOT_SPECIFIED,REGISTRY_BINDING_ONLY
175b5e4d31ff1e02,B-194,"[""GAP-2645""]","[""SF-3756""]","[""[\""gjensidige\"",\""campingvogn\"",\""ordinary\"",\""gjensidige-campingvogn-delkasko\"",null]""]",false,false,NOT_RECOVERED,NOT_SPECIFIED,REGISTRY_BINDING_ONLY
1771a99107898315,B-082,"[""GAP-1056"", ""GAP-1108""]","[""SF-1626"", ""SF-1691""]","[""[\""storebrand\"",\""reise\"",\""ordinary\"",\""storebrand-reise-standard\"",\""2026-09-20-canonical\""]"", ""[\""storebrand\"",\""reise\"",\""ordinary\"",\""storebrand-reise-super\"",\""2026-09-20-canonical\""]""]",false,false,NOT_RECOVERED,NOT_SPECIFIED,REGISTRY_BINDING_ONLY
17788638c8c483b7,B-082,"[""GAP-1145""]","[""SF-1737""]","[""[\""storebrand\"",\""reise\"",\""ordinary\"",\""storebrand-reise-super\"",\""2026-09-20-canonical\""]""]",false,false,NOT_RECOVERED,NOT_SPECIFIED,REGISTRY_BINDING_ONLY
17c00a0663eac535,B-161,"[""GAP-0732"", ""GAP-0756"", ""GAP-0781""]","[""SF-1163"", ""SF-1191"", ""SF-1221""]","[""[\""storebrand\"",\""campingvogn\"",\""ordinary\"",\""storebrand-campingvogn-brann-og-tyveri\"",\""2026-03-01\""]"", ""[\""storebrand\"",\""campingvogn\"",\""ordinary\"",\""storebrand-campingvogn-kasko\"",\""2026-03-01\""]"", ""[\""storebrand\"",\""campingvogn\"",\""ordinary\"",\""storebrand-campingvogn-super\"",\""2026-03-01\""]""]",false,false,NOT_RECOVERED,NOT_SPECIFIED,REGISTRY_BINDING_ONLY
17cfa71d38df04eb,B-035,"[""GAP-1543"", ""GAP-1571"", ""GAP-1605"", ""GAP-1637""]","[""SF-2269"", ""SF-2305"", ""SF-2355"", ""SF-2405""]","[""[\""frende\"",\""bobil\"",\""ordinary\"",\""frende-bobil-ansvar\"",\""2026-01-01\""]"", ""[\""frende\"",\""bobil\"",\""ordinary\"",\""frende-bobil-delkasko\"",\""2026-01-01\""]"", ""[\""frende\"",\""bobil\"",\""ordinary\"",\""frende-bobil-kasko\"",\""2026-01-01\""]"", ""[\""frende\"",\""bobil\"",\""ordinary\"",\""frende-bobil-utvidet\"",\""2026-01-01\""]""]",false,false,NOT_RECOVERED,NOT_SPECIFIED,REGISTRY_BINDING_ONLY
182c98addaca8d60,B-107,"[""GAP-1329"", ""GAP-1363"", ""GAP-1408""]","[""SF-1957"", ""SF-2000"", ""SF-2060""]","[""[\""frende\"",\""bil\"",\""ordinary\"",\""frende-bil-delkasko\"",\""2026-01-01\""]"", ""[\""frende\"",\""bil\"",\""ordinary\"",\""frende-bil-kasko\"",\""2026-01-01\""]"", ""[\""frende\"",\""bil\"",\""ordinary\"",\""frende-bil-utvidet\"",\""2026-01-01\""]""]",false,false,NOT_RECOVERED,NOT_SPECIFIED,REGISTRY_BINDING_ONLY
1854cec0050b708e,B-037,"[""GAP-1723"", ""GAP-1749""]","[""SF-2507"", ""SF-2540""]","[""[\""frende\"",\""campingvogn\"",\""ordinary\"",\""frende-campingvogn-brann-og-tyveri\"",\""2026-01-01\""]"", ""[\""frende\"",\""campingvogn\"",\""ordinary\"",\""frende-campingvogn-kasko\"",\""2026-01-01\""]""]",false,false,NOT_RECOVERED,NOT_SPECIFIED,REGISTRY_BINDING_ONLY
18c6322af2fffde6,B-123,"[""GAP-2410"", ""GAP-2433"", ""GAP-2472"", ""GAP-2512""]","[""SF-3457"", ""SF-3484"", ""SF-3530"", ""SF-3583""]","[""[\""gjensidige\"",\""bobil\"",\""ordinary\"",\""gjensidige-bobil-ansvar\"",null]"", ""[\""gjensidige\"",\""bobil\"",\""ordinary\"",\""gjensidige-bobil-delkasko\"",null]"", ""[\""gjensidige\"",\""bobil\"",\""ordinary\"",\""gjensidige-bobil-kasko\"",null]"", ""[\""gjensidige\"",\""bobil\"",\""ordinary\"",\""gjensidige-bobil-pluss\"",null]""]",false,false,NOT_RECOVERED,NOT_SPECIFIED,REGISTRY_BINDING_ONLY
191861cfd0148adf,B-033,"[""GAP-4577"", ""GAP-4606"", ""GAP-4638""]","[""SF-6619"", ""SF-6653"", ""SF-6696""]","[""[\""sparebank1-fremtind\"",\""bil\"",\""ordinary\"",\""sb1-bil-delkasko\"",\""PMO-357.001-004\""]"", ""[\""sparebank1-fremtind\"",\""bil\"",\""ordinary\"",\""sb1-bil-kasko\"",\""PMO-357.001-004\""]"", ""[\""sparebank1-fremtind\"",\""bil\"",\""ordinary\"",\""sb1-bil-toppkasko\"",\""PMO-357.001-004\""]""]",false,false,NOT_RECOVERED,NOT_SPECIFIED,REGISTRY_BINDING_ONLY
192923db80af77d1,B-088,"[""GAP-4138"", ""GAP-4153"", ""GAP-4170"", ""GAP-4188""]","[""SF-5934"", ""SF-5954"", ""SF-5977"", ""SF-6001""]","[""[\""tryg\"",\""campingvogn\"",\""ordinary\"",\""tryg-campingvogn-brann\"",\""2026-01-01\""]"", ""[\""tryg\"",\""campingvogn\"",\""ordinary\"",\""tryg-campingvogn-brann-og-tyveri\"",\""2026-01-01\""]"", ""[\""tryg\"",\""campingvogn\"",\""ordinary\"",\""tryg-campingvogn-campingvogn-ekstra\"",\""2026-01-01\""]"", ""[\""tryg\"",\""campingvogn\"",\""ordinary\"",\""tryg-campingvogn-kasko\"",\""2026-01-01\""]""]",false,false,NOT_RECOVERED,NOT_SPECIFIED,REGISTRY_BINDING_ONLY
192ba68b4727b259,B-147,"[""GAP-3848"", ""GAP-3867"", ""GAP-3888""]","[""SF-5477"", ""SF-5500"", ""SF-5525""]","[""[\""if\"",\""katt\"",\""ordinary\"",\""if-katt-basis\"",\""2022-12-01\""]"", ""[\""if\"",\""katt\"",\""ordinary\"",\""if-katt-standard\"",\""2022-12-01\""]"", ""[\""if\"",\""katt\"",\""ordinary\"",\""if-katt-super\"",\""2022-12-01\""]""]",false,false,NOT_RECOVERED,NOT_SPECIFIED,REGISTRY_BINDING_ONLY
1982ee310e18279c,B-071,"[""GAP-5602""]","[""SF-7945""]","[""[\""sparebank1-fremtind\"",\""hund\"",\""ordinary\"",\""sparebank1-fremtind-hund-veterin-r\"",\""2025-08-07\""]""]",false,false,NOT_RECOVERED,NOT_SPECIFIED,REGISTRY_BINDING_ONLY
19a6f0a72f67037b,B-048,"[""GAP-2764"", ""GAP-2806"", ""GAP-2860""]","[""SF-3899"", ""SF-3946"", ""SF-4006""]","[""[\""gjensidige\"",\""båt\"",\""ordinary\"",\""gjensidige-bat-delkasko\"",null]"", ""[\""gjensidige\"",\""båt\"",\""ordinary\"",\""gjensidige-bat-kasko\"",null]"", ""[\""gjensidige\"",\""båt\"",\""ordinary\"",\""gjensidige-bat-pluss\"",null]""]",false,false,NOT_RECOVERED,NOT_SPECIFIED,REGISTRY_BINDING_ONLY
19bb50f70527d6e9,B-110,"[""GAP-1163"", ""GAP-1199"", ""GAP-1237""]","[""SF-1762"", ""SF-1804"", ""SF-1849""]","[""[\""frende\"",\""båt\"",\""ordinary\"",\""frende-bat-brann-og-tyveri\"",\""2026-01-01\""]"", ""[\""frende\"",\""båt\"",\""ordinary\"",\""frende-bat-kasko\"",\""2026-01-01\""]"", ""[\""frende\"",\""båt\"",\""ordinary\"",\""frende-bat-utvidet\"",\""2026-01-01\""]""]",false,false,NOT_RECOVERED,NOT_SPECIFIED,REGISTRY_BINDING_ONLY
19e07ca100e66430,B-205,"[""GAP-5211"", ""GAP-5247""]","[""SF-7450"", ""SF-7493""]","[""[\""fremtind-eika-legacy\"",\""reise\"",\""ordinary\"",\""eika-reise-p10\"",\""P10-P10P-2025-01-01\""]"", ""[\""fremtind-eika-legacy\"",\""reise\"",\""ordinary\"",\""eika-reise-pluss-p10\"",\""P10-P10P-2025-01-01\""]""]",false,true,NOT_RECOVERED,NOT_SPECIFIED,ARCHIVED_BASELINE
19f58de4e58aa21c,B-118,"[""GAP-1714""]","[""SF-2494""]","[""[\""frende\"",\""snøscooter\"",\""ordinary\"",\""frende-snoscooter-kasko\"",\""2026-01-01\""]""]",false,false,NOT_RECOVERED,NOT_SPECIFIED,REGISTRY_BINDING_ONLY
19fb1805510da6dd,B-107,"[""GAP-1333"", ""GAP-1367"", ""GAP-1412""]","[""SF-1962"", ""SF-2005"", ""SF-2065""]","[""[\""frende\"",\""bil\"",\""ordinary\"",\""frende-bil-delkasko\"",\""2026-01-01\""]"", ""[\""frende\"",\""bil\"",\""ordinary\"",\""frende-bil-kasko\"",\""2026-01-01\""]"", ""[\""frende\"",\""bil\"",\""ordinary\"",\""frende-bil-utvidet\"",\""2026-01-01\""]""]",false,false,NOT_RECOVERED,NOT_SPECIFIED,REGISTRY_BINDING_ONLY
1a11d8caa4313963,B-074,"[""GAP-0702""]","[""SF-1125""]","[""[\""storebrand\"",\""bobil\"",\""ordinary\"",\""storebrand-bobil-super\"",\""motor09\""]""]",false,false,NOT_RECOVERED,NOT_SPECIFIED,REGISTRY_BINDING_ONLY
1a34da12d6989116,B-166,"[""GAP-0177"", ""GAP-0257""]","[""SF-0306"", ""SF-0418""]","[""[\""storebrand\"",\""katt\"",\""ordinary\"",\""storebrand-katt-veterin-r\"",\""2025-02-01\""]"", ""[\""storebrand\"",\""katt\"",\""ordinary\"",\""storebrand-katt-veterin-r-og-d-dsfall\"",\""2025-02-01\""]""]",false,false,NOT_RECOVERED,NOT_SPECIFIED,REGISTRY_BINDING_ONLY
1a568053722532e7,B-176,"[""GAP-4144"", ""GAP-4161"", ""GAP-4181"", ""GAP-4200""]","[""SF-5941"", ""SF-5964"", ""SF-5990"", ""SF-6014""]","[""[\""tryg\"",\""campingvogn\"",\""ordinary\"",\""tryg-campingvogn-brann\"",\""2026-01-01\""]"", ""[\""tryg\"",\""campingvogn\"",\""ordinary\"",\""tryg-campingvogn-brann-og-tyveri\"",\""2026-01-01\""]"", ""[\""tryg\"",\""campingvogn\"",\""ordinary\"",\""tryg-campingvogn-campingvogn-ekstra\"",\""2026-01-01\""]"", ""[\""tryg\"",\""campingvogn\"",\""ordinary\"",\""tryg-campingvogn-kasko\"",\""2026-01-01\""]""]",false,false,NOT_RECOVERED,NOT_SPECIFIED,REGISTRY_BINDING_ONLY
1a60a06962435907,B-014,"[""GAP-2078""]","[""SF-2976""]","[""[\""gjensidige\"",\""innbo\"",\""ordinary\"",\""gj-innbo-pluss\"",null]""]",true,false,NOT_RECOVERED,NOT_SPECIFIED,ARCHIVED_BASELINE
1a81ad66c96a6975,B-079,"[""GAP-0870"", ""GAP-0916""]","[""SF-1341"", ""SF-1411""]","[""[\""storebrand\"",\""innbo\"",\""ordinary\"",\""sb-innbo-standard\"",\""innbo09\""]"", ""[\""storebrand\"",\""innbo\"",\""ordinary\"",\""sb-innbo-super\"",\""innbo09\""]""]",false,false,NOT_RECOVERED,NOT_SPECIFIED,REGISTRY_BINDING_ONLY
1accd2dd1d1f974e,B-131,"[""GAP-1996"", ""GAP-2039""]","[""SF-2874"", ""SF-2928""]","[""[\""gjensidige\"",\""innbo\"",\""ordinary\"",\""gj-innbo\"",null]"", ""[\""gjensidige\"",\""innbo\"",\""ordinary\"",\""gj-innbo-pluss\"",null]""]",false,false,NOT_RECOVERED,NOT_SPECIFIED,REGISTRY_BINDING_ONLY
1b198ffdc96e9dc8,B-078,"[""GAP-0986"", ""GAP-1040""]","[""SF-1520"", ""SF-1603""]","[""[\""storebrand\"",\""bolig\"",\""ordinary\"",\""storebrand-hus-standard\"",\""2025-08-15\""]"", ""[\""storebrand\"",\""bolig\"",\""ordinary\"",\""storebrand-hus-super\"",\""2025-08-15\""]""]",false,false,NOT_RECOVERED,NOT_SPECIFIED,REGISTRY_BINDING_ONLY
1bcf37ecc25fb06f,B-024,"[""GAP-3294""]","[""SF-4637""]","[""[\""if\"",\""campingvogn\"",\""ordinary\"",\""if-campingvogn-super\"",\""2024-03\""]""]",false,false,NOT_RECOVERED,NOT_SPECIFIED,REGISTRY_BINDING_ONLY
1c1ad4042317e5cf,B-035,"[""GAP-1544"", ""GAP-1572"", ""GAP-1606"", ""GAP-1638""]","[""SF-2270"", ""SF-2306"", ""SF-2356"", ""SF-2406""]","[""[\""frende\"",\""bobil\"",\""ordinary\"",\""frende-bobil-ansvar\"",\""2026-01-01\""]"", ""[\""frende\"",\""bobil\"",\""ordinary\"",\""frende-bobil-delkasko\"",\""2026-01-01\""]"", ""[\""frende\"",\""bobil\"",\""ordinary\"",\""frende-bobil-kasko\"",\""2026-01-01\""]"", ""[\""frende\"",\""bobil\"",\""ordinary\"",\""frende-bobil-utvidet\"",\""2026-01-01\""]""]",false,false,NOT_RECOVERED,NOT_SPECIFIED,REGISTRY_BINDING_ONLY
1c95e7f30c790a1e,B-048,"[""GAP-2780"", ""GAP-2822""]","[""SF-3919"", ""SF-3966""]","[""[\""gjensidige\"",\""båt\"",\""ordinary\"",\""gjensidige-bat-kasko\"",null]"", ""[\""gjensidige\"",\""båt\"",\""ordinary\"",\""gjensidige-bat-pluss\"",null]""]",false,false,NOT_RECOVERED,NOT_SPECIFIED,REGISTRY_BINDING_ONLY
1cddb3ae4409364d,B-060,"[""GAP-3667""]","[""SF-5269""]","[""[\""if\"",\""båt\"",\""ordinary\"",\""if-bat-delkasko\"",\""2023-02-01\""]""]",false,false,NOT_RECOVERED,NOT_SPECIFIED,REGISTRY_BINDING_ONLY
1d09608543e2a517,B-184,"[""GAP-4481"", ""GAP-4506"", ""GAP-4532""]","[""SF-6463"", ""SF-6510"", ""SF-6561""]","[""[\""tryg\"",\""reise\"",\""ordinary\"",\""tryg-reise\"",\""2026-09-20-canonical\""]"", ""[\""tryg\"",\""reise\"",\""ordinary\"",\""tryg-reise-ekstra\"",\""2026-09-20-canonical\""]"", ""[\""tryg\"",\""reise\"",\""ordinary\"",\""tryg-reise-premium\"",\""2026-09-20-canonical\""]""]",false,false,NOT_RECOVERED,NOT_SPECIFIED,REGISTRY_BINDING_ONLY
1d26d153bf18343d,B-116,"[""GAP-1300""]","[""SF-1922""]","[""[\""frende\"",\""katt\"",\""ordinary\"",\""frende-katt-veterin-r\"",\""2026-01-01\""]""]",false,false,NOT_RECOVERED,NOT_SPECIFIED,REGISTRY_BINDING_ONLY
1d68253855d245e4,B-116,"[""GAP-1298""]","[""SF-1920""]","[""[\""frende\"",\""katt\"",\""ordinary\"",\""frende-katt-veterin-r\"",\""2026-01-01\""]""]",false,false,NOT_RECOVERED,NOT_SPECIFIED,REGISTRY_BINDING_ONLY
1d9158224b5bc140,B-087,"[""GAP-4261"", ""GAP-4272"", ""GAP-4284"", ""GAP-4304"", ""GAP-4334""]","[""SF-6101"", ""SF-6115"", ""SF-6130"", ""SF-6153"", ""SF-6186""]","[""[\""tryg\"",\""båt\"",\""ordinary\"",\""tryg-bat-ansvar\"",\""2024-07-01\""]"", ""[\""tryg\"",\""båt\"",\""ordinary\"",\""tryg-bat-bat-ekstra\"",\""2024-07-01\""]"", ""[\""tryg\"",\""båt\"",\""ordinary\"",\""tryg-bat-brann-ansvar\"",\""2024-07-01\""]"", ""[\""tryg\"",\""båt\"",\""ordinary\"",\""tryg-bat-brann-tyveri-ansvar\"",\""2024-07-01\""]"", ""[\""tryg\"",\""båt\"",\""ordinary\"",\""tryg-bat-kasko-ansvar\"",\""2024-07-01\""]""]",false,false,NOT_RECOVERED,NOT_SPECIFIED,REGISTRY_BINDING_ONLY
1dadde9d629d415b,B-059,"[""GAP-3093"", ""GAP-3114""]","[""SF-4356"", ""SF-4390""]","[""[\""if\"",\""bobil\"",\""ordinary\"",\""if-bobil-delkasko\"",\""2024-03\""]"", ""[\""if\"",\""bobil\"",\""ordinary\"",\""if-bobil-kasko\"",\""2024-03\""]""]",false,false,NOT_RECOVERED,NOT_SPECIFIED,REGISTRY_BINDING_ONLY
1db5cf8ae1ff0657,B-100,"[""GAP-5326""]","[""SF-7588""]","[""[\""eika-fremtind\"",\""tilhenger\"",\""ordinary\"",\""eika-fremtind-tilhenger-kasko\"",\""2024-03-21\""]""]",false,false,NOT_RECOVERED,NOT_SPECIFIED,REGISTRY_BINDING_ONLY
1e2f3811dfd4f614,B-110,"[""GAP-1177"", ""GAP-1213"", ""GAP-1251""]","[""SF-1777"", ""SF-1819"", ""SF-1864""]","[""[\""frende\"",\""båt\"",\""ordinary\"",\""frende-bat-brann-og-tyveri\"",\""2026-01-01\""]"", ""[\""frende\"",\""båt\"",\""ordinary\"",\""frende-bat-kasko\"",\""2026-01-01\""]"", ""[\""frende\"",\""båt\"",\""ordinary\"",\""frende-bat-utvidet\"",\""2026-01-01\""]""]",false,false,NOT_RECOVERED,NOT_SPECIFIED,REGISTRY_BINDING_ONLY
1e5b3fdfc27ee392,B-080,"[""GAP-0168"", ""GAP-0248""]","[""SF-0297"", ""SF-0409""]","[""[\""storebrand\"",\""katt\"",\""ordinary\"",\""storebrand-katt-veterin-r\"",\""2025-02-01\""]"", ""[\""storebrand\"",\""katt\"",\""ordinary\"",\""storebrand-katt-veterin-r-og-d-dsfall\"",\""2025-02-01\""]""]",false,false,NOT_RECOVERED,NOT_SPECIFIED,REGISTRY_BINDING_ONLY
1ea53d5bc22ac534,B-030,"[""GAP-5057""]","[""SF-7247""]","[""[\""fremtind\"",\""innbo\"",\""ordinary\"",\""fremtind-innbo-topp\"",\""2025-01-01\""]""]",false,false,NOT_RECOVERED,NOT_SPECIFIED,REGISTRY_BINDING_ONLY
1ecfcadfd85e7f1c,B-055,"[""GAP-2225"", ""GAP-2275""]","[""SF-3199"", ""SF-3278""]","[""[\""gjensidige\"",\""reise\"",\""ordinary\"",\""gjensidige-reise\"",\""2026-09-20-canonical\""]"", ""[\""gjensidige\"",\""reise\"",\""ordinary\"",\""gjensidige-reise-pluss\"",\""2026-09-20-canonical\""]""]",false,false,NOT_RECOVERED,NOT_SPECIFIED,REGISTRY_BINDING_ONLY
1ee41770b0470c78,B-071,"[""GAP-5592""]","[""SF-7935""]","[""[\""sparebank1-fremtind\"",\""hund\"",\""ordinary\"",\""sparebank1-fremtind-hund-veterin-r\"",\""2025-08-07\""]""]",false,false,NOT_RECOVERED,NOT_SPECIFIED,REGISTRY_BINDING_ONLY
1eeb6470293fdb39,B-147,"[""GAP-3851"", ""GAP-3870"", ""GAP-3891""]","[""SF-5480"", ""SF-5503"", ""SF-5528""]","[""[\""if\"",\""katt\"",\""ordinary\"",\""if-katt-basis\"",\""2022-12-01\""]"", ""[\""if\"",\""katt\"",\""ordinary\"",\""if-katt-standard\"",\""2022-12-01\""]"", ""[\""if\"",\""katt\"",\""ordinary\"",\""if-katt-super\"",\""2022-12-01\""]""]",false,false,NOT_RECOVERED,NOT_SPECIFIED,REGISTRY_BINDING_ONLY
1eed7d1603278ecc,B-061,"[""GAP-3225"", ""GAP-3247"", ""GAP-3273""]","[""SF-4552"", ""SF-4581"", ""SF-4613""]","[""[\""if\"",\""campingvogn\"",\""ordinary\"",\""if-campingvogn-delkasko\"",\""2024-03\""]"", ""[\""if\"",\""campingvogn\"",\""ordinary\"",\""if-campingvogn-kasko\"",\""2024-03\""]"", ""[\""if\"",\""campingvogn\"",\""ordinary\"",\""if-campingvogn-super\"",\""2024-03\""]""]",false,false,NOT_RECOVERED,NOT_SPECIFIED,REGISTRY_BINDING_ONLY
1f2c2c74e581a48b,B-078,"[""GAP-0974"", ""GAP-1020""]","[""SF-1500"", ""SF-1572""]","[""[\""storebrand\"",\""bolig\"",\""ordinary\"",\""storebrand-hus-standard\"",\""2025-08-15\""]"", ""[\""storebrand\"",\""bolig\"",\""ordinary\"",\""storebrand-hus-super\"",\""2025-08-15\""]""]",false,false,NOT_RECOVERED,NOT_SPECIFIED,REGISTRY_BINDING_ONLY
1f487b5f52e91209,B-058,"[""GAP-3010""]","[""SF-4220""]","[""[\""if\"",\""bil\"",\""ordinary\"",\""if-bil-super\"",\""MOT2-2\""]""]",false,false,NOT_RECOVERED,NOT_SPECIFIED,REGISTRY_BINDING_ONLY
1f56c194d413f97d,B-050,"[""GAP-2901""]","[""SF-4053""]","[""[\""gjensidige\"",\""hund\"",\""ordinary\"",\""gjensidige-hund-behandling\"",null]""]",false,false,NOT_RECOVERED,RESOLVED,CONVERSATION_ONLY
1f68c3c957ca4976,B-167,"[""GAP-0551"", ""GAP-0578"", ""GAP-0606""]","[""SF-0914"", ""SF-0952"", ""SF-0992""]","[""[\""storebrand\"",\""mc\"",\""ordinary\"",\""storebrand-mc-ansvar\"",\""motor09\""]"", ""[\""storebrand\"",\""mc\"",\""ordinary\"",\""storebrand-mc-delkasko\"",\""motor09\""]"", ""[\""storebrand\"",\""mc\"",\""ordinary\"",\""storebrand-mc-kasko\"",\""motor09\""]""]",false,false,NOT_RECOVERED,NOT_SPECIFIED,REGISTRY_BINDING_ONLY
1f78a3d196f8e5ec,B-054,"[""GAP-2309"", ""GAP-2350"", ""GAP-2394""]","[""SF-3332"", ""SF-3381"", ""SF-3437""]","[""[\""gjensidige\"",\""mc\"",\""ordinary\"",\""gjensidige-mc-ansvar\"",null]"", ""[\""gjensidige\"",\""mc\"",\""ordinary\"",\""gjensidige-mc-delkasko\"",null]"", ""[\""gjensidige\"",\""mc\"",\""ordinary\"",\""gjensidige-mc-kasko\"",null]""]",false,false,NOT_RECOVERED,NOT_SPECIFIED,REGISTRY_BINDING_ONLY
1f88432873ce7290,B-054,"[""GAP-2295"", ""GAP-2322"", ""GAP-2365""]","[""SF-3317"", ""SF-3349"", ""SF-3400""]","[""[\""gjensidige\"",\""mc\"",\""ordinary\"",\""gjensidige-mc-ansvar\"",null]"", ""[\""gjensidige\"",\""mc\"",\""ordinary\"",\""gjensidige-mc-delkasko\"",null]"", ""[\""gjensidige\"",\""mc\"",\""ordinary\"",\""gjensidige-mc-kasko\"",null]""]",false,false,NOT_RECOVERED,NOT_SPECIFIED,REGISTRY_BINDING_ONLY
1fe0874464095936,B-029,"[""GAP-5087"", ""GAP-5120""]","[""SF-7281"", ""SF-7328""]","[""[\""fremtind\"",\""bolig\"",\""ordinary\"",\""fremtind-hus-standard\"",\""PBK-200.100-015+PBK-200.200-010\""]"", ""[\""fremtind\"",\""bolig\"",\""ordinary\"",\""fremtind-hus-topp\"",\""PBK-200.100-015+PBK-200.200-010\""]""]",false,false,NOT_RECOVERED,NOT_SPECIFIED,REGISTRY_BINDING_ONLY
20858a4a4e18762e,B-037,"[""GAP-1735"", ""GAP-1763""]","[""SF-2521"", ""SF-2556""]","[""[\""frende\"",\""campingvogn\"",\""ordinary\"",\""frende-campingvogn-brann-og-tyveri\"",\""2026-01-01\""]"", ""[\""frende\"",\""campingvogn\"",\""ordinary\"",\""frende-campingvogn-kasko\"",\""2026-01-01\""]""]",false,false,NOT_RECOVERED,NOT_SPECIFIED,REGISTRY_BINDING_ONLY
20953936e7e7abad,B-053,"[""GAP-2910""]","[""SF-4064""]","[""[\""gjensidige\"",\""katt\"",\""ordinary\"",\""gjensidige-katt-behandling\"",null]""]",false,false,NOT_RECOVERED,NOT_SPECIFIED,REGISTRY_BINDING_ONLY
2113807ceb290224,B-051,"[""GAP-2154""]","[""SF-3091""]","[""[\""gjensidige\"",\""bolig\"",\""ordinary\"",\""gjensidige-hus-pluss\"",\""Alminnelige vilkår\""]""]",false,false,NOT_RECOVERED,NOT_SPECIFIED,REGISTRY_BINDING_ONLY
2146262e513171a7,B-046,"[""GAP-1834"", ""GAP-1870"", ""GAP-1919"", ""GAP-1970""]","[""SF-2651"", ""SF-2699"", ""SF-2765"", ""SF-2838""]","[""[\""gjensidige\"",\""bil\"",\""ordinary\"",\""gj-bil-ansvar\"",null]"", ""[\""gjensidige\"",\""bil\"",\""ordinary\"",\""gj-bil-delkasko\"",null]"", ""[\""gjensidige\"",\""bil\"",\""ordinary\"",\""gj-bil-kasko\"",null]"", ""[\""gjensidige\"",\""bil\"",\""ordinary\"",\""gj-bil-pluss\"",null]""]",false,false,NOT_RECOVERED,NOT_SPECIFIED,REGISTRY_BINDING_ONLY
21a71fbae125ccff,B-113,"[""GAP-1265""]","[""SF-1880""]","[""[\""frende\"",\""hund\"",\""ordinary\"",\""frende-hund-veterin-r\"",\""2026-01-01\""]""]",false,false,NOT_RECOVERED,NOT_SPECIFIED,REGISTRY_BINDING_ONLY
21bfcd877d2ea39a,B-048,"[""GAP-2789"", ""GAP-2831""]","[""SF-3929"", ""SF-3976""]","[""[\""gjensidige\"",\""båt\"",\""ordinary\"",\""gjensidige-bat-kasko\"",null]"", ""[\""gjensidige\"",\""båt\"",\""ordinary\"",\""gjensidige-bat-pluss\"",null]""]",false,false,NOT_RECOVERED,NOT_SPECIFIED,REGISTRY_BINDING_ONLY
21ef4bbbcb474086,B-033,"[""GAP-4664"", ""GAP-4677"", ""GAP-4706"", ""GAP-4740""]","[""SF-6733"", ""SF-6750"", ""SF-6784"", ""SF-6829""]","[""[\""dnb-fremtind\"",\""bil\"",\""ordinary\"",\""dnb-bil-ansvar\"",\""PMO-357.001-004\""]"", ""[\""dnb-fremtind\"",\""bil\"",\""ordinary\"",\""dnb-bil-delkasko\"",\""PMO-357.001-004\""]"", ""[\""dnb-fremtind\"",\""bil\"",\""ordinary\"",\""dnb-bil-kasko\"",\""PMO-357.001-004\""]"", ""[\""dnb-fremtind\"",\""bil\"",\""ordinary\"",\""dnb-bil-topp\"",\""PMO-357.001-004\""]""]",false,false,NOT_RECOVERED,NOT_SPECIFIED,REGISTRY_BINDING_ONLY
2208749fcdf21bfd,B-088,"[""GAP-4204""]","[""SF-6022""]","[""[\""tryg\"",\""campingvogn\"",\""ordinary\"",\""tryg-campingvogn-campingvogn-ekstra\"",\""2026-01-01\""]""]",false,false,NOT_RECOVERED,NOT_SPECIFIED,REGISTRY_BINDING_ONLY
2234493bc87c290e,B-169,"[""GAP-5697"", ""GAP-5698""]","[""SF-8058"", ""SF-8059""]","[""[\""storebrand\"",\""snøscooter\"",\""ordinary\"",\""storebrand-snoscooter-delkasko\"",\""2025-04-01\""]"", ""[\""storebrand\"",\""snøscooter\"",\""ordinary\"",\""storebrand-snoscooter-kasko\"",\""2025-04-01\""]""]",false,false,NOT_RECOVERED,NOT_SPECIFIED,REGISTRY_BINDING_ONLY
223f02e0af319ee6,B-087,"[""GAP-4323""]","[""SF-6173""]","[""[\""tryg\"",\""båt\"",\""ordinary\"",\""tryg-bat-bat-ekstra\"",\""2024-07-01\""]""]",false,false,NOT_RECOVERED,NOT_SPECIFIED,REGISTRY_BINDING_ONLY
226d1f921cc77a2b,B-177,"[""GAP-4351""]","[""SF-6203""]","[""[\""tryg\"",\""hund\"",\""ordinary\"",\""tryg-hund-behandling\"",\""2026-09-01\""]""]",false,false,NOT_RECOVERED,NOT_SPECIFIED,REGISTRY_BINDING_ONLY
22894946841d0ce5,B-022,"[""GAP-2936""]","[""SF-4091""]","[""[\""gjensidige\"",\""katt\"",\""ordinary\"",\""gjensidige-katt-behandling\"",null]""]",false,false,NOT_RECOVERED,NOT_SPECIFIED,REGISTRY_BINDING_ONLY
229312500c00db7e,B-066,"[""GAP-3044"", ""GAP-3069""]","[""SF-4276"", ""SF-4317""]","[""[\""if\"",\""mc\"",\""ordinary\"",\""if-mc-delkasko\"",\""2024-03\""]"", ""[\""if\"",\""mc\"",\""ordinary\"",\""if-mc-kasko\"",\""2024-03\""]""]",false,false,NOT_RECOVERED,NOT_SPECIFIED,REGISTRY_BINDING_ONLY
22a876822fffd6d9,B-158,"[""GAP-0362"", ""GAP-0387"", ""GAP-0426""]","[""SF-0680"", ""SF-0717"", ""SF-0768""]","[""[\""storebrand\"",\""bil\"",\""ordinary\"",\""sb-bil-delkasko\"",\""motor09\""]"", ""[\""storebrand\"",\""bil\"",\""ordinary\"",\""sb-bil-kasko\"",\""motor09\""]"", ""[\""storebrand\"",\""bil\"",\""ordinary\"",\""sb-bil-super\"",\""motor09\""]""]",false,false,NOT_RECOVERED,NOT_SPECIFIED,REGISTRY_BINDING_ONLY
22a88f620f9dd11d,B-195,"[""GAP-5502"", ""GAP-5527"", ""GAP-5557""]","[""SF-7826"", ""SF-7858"", ""SF-7896""]","[""[\""sparebank1-fremtind\"",\""båt\"",\""ordinary\"",\""sparebank1-fremtind-bat-delkasko\"",\""2024-06-10\""]"", ""[\""sparebank1-fremtind\"",\""båt\"",\""ordinary\"",\""sparebank1-fremtind-bat-kasko\"",\""2024-06-10\""]"", ""[\""sparebank1-fremtind\"",\""båt\"",\""ordinary\"",\""sparebank1-fremtind-bat-toppkasko\"",\""2024-06-10\""]""]",false,false,NOT_RECOVERED,NOT_SPECIFIED,REGISTRY_BINDING_ONLY
22ee88a4e7ed7689,B-172,"[""GAP-0820"", ""GAP-0840""]","[""SF-1271"", ""SF-1297""]","[""[\""storebrand\"",\""tilhenger\"",\""ordinary\"",\""storebrand-tilhenger-brann-og-tyveri\"",\""2026-03-01\""]"", ""[\""storebrand\"",\""tilhenger\"",\""ordinary\"",\""storebrand-tilhenger-kasko\"",\""2026-03-01\""]""]",false,false,NOT_RECOVERED,NOT_SPECIFIED,REGISTRY_BINDING_ONLY
22f9a6d130ed48a3,B-082,"[""GAP-1045"", ""GAP-1097""]","[""SF-1614"", ""SF-1679""]","[""[\""storebrand\"",\""reise\"",\""ordinary\"",\""storebrand-reise-standard\"",\""2026-09-20-canonical\""]"", ""[\""storebrand\"",\""reise\"",\""ordinary\"",\""storebrand-reise-super\"",\""2026-09-20-canonical\""]""]",false,false,NOT_RECOVERED,NOT_SPECIFIED,REGISTRY_BINDING_ONLY
233afe9255bcfd0d,B-172,"[""GAP-0805"", ""GAP-0824""]","[""SF-1254"", ""SF-1278""]","[""[\""storebrand\"",\""tilhenger\"",\""ordinary\"",\""storebrand-tilhenger-brann-og-tyveri\"",\""2026-03-01\""]"", ""[\""storebrand\"",\""tilhenger\"",\""ordinary\"",\""storebrand-tilhenger-kasko\"",\""2026-03-01\""]""]",false,false,NOT_RECOVERED,NOT_SPECIFIED,REGISTRY_BINDING_ONLY
2344ab689a0e4544,B-074,"[""GAP-0700""]","[""SF-1123""]","[""[\""storebrand\"",\""bobil\"",\""ordinary\"",\""storebrand-bobil-super\"",\""motor09\""]""]",false,false,NOT_RECOVERED,NOT_SPECIFIED,REGISTRY_BINDING_ONLY
23495713f8dfa933,B-014,"[""GAP-1986"", ""GAP-2030""]","[""SF-2860"", ""SF-2915""]","[""[\""gjensidige\"",\""innbo\"",\""ordinary\"",\""gj-innbo\"",null]"", ""[\""gjensidige\"",\""innbo\"",\""ordinary\"",\""gj-innbo-pluss\"",null]""]",true,false,NOT_RECOVERED,NOT_SPECIFIED,ARCHIVED_BASELINE
235d4c7e29cfa67d,B-033,"[""GAP-4795"", ""GAP-4824"", ""GAP-4858""]","[""SF-6903"", ""SF-6937"", ""SF-6982""]","[""[\""eika-fremtind\"",\""bil\"",\""ordinary\"",\""eika-bil-delkasko\"",\""PMO-357.001-004\""]"", ""[\""eika-fremtind\"",\""bil\"",\""ordinary\"",\""eika-bil-kasko\"",\""PMO-357.001-004\""]"", ""[\""eika-fremtind\"",\""bil\"",\""ordinary\"",\""eika-bil-topp\"",\""PMO-357.001-004\""]""]",false,false,NOT_RECOVERED,NOT_SPECIFIED,REGISTRY_BINDING_ONLY
2370a184142b4020,B-134,"[""GAP-2296"", ""GAP-2323"", ""GAP-2366""]","[""SF-3318"", ""SF-3350"", ""SF-3401""]","[""[\""gjensidige\"",\""mc\"",\""ordinary\"",\""gjensidige-mc-ansvar\"",null]"", ""[\""gjensidige\"",\""mc\"",\""ordinary\"",\""gjensidige-mc-delkasko\"",null]"", ""[\""gjensidige\"",\""mc\"",\""ordinary\"",\""gjensidige-mc-kasko\"",null]""]",false,false,NOT_RECOVERED,NOT_SPECIFIED,REGISTRY_BINDING_ONLY
2376af1c31759f40,B-097,"[""GAP-5306"", ""GAP-5317""]","[""SF-7565"", ""SF-7577""]","[""[\""eika-fremtind\"",\""campingvogn\"",\""ordinary\"",\""eika-fremtind-campingvogn-kasko\"",\""2024-03-21\""]"", ""[\""eika-fremtind\"",\""campingvogn\"",\""ordinary\"",\""eika-fremtind-campingvogn-minikasko\"",\""2024-03-21\""]""]",false,false,NOT_RECOVERED,NOT_SPECIFIED,REGISTRY_BINDING_ONLY
237b2403dd078759,B-059,"[""GAP-3076"", ""GAP-3085"", ""GAP-3105"", ""GAP-3133""]","[""SF-4327"", ""SF-4341"", ""SF-4373"", ""SF-4418""]","[""[\""if\"",\""bobil\"",\""ordinary\"",\""if-bobil-ansvar\"",\""2024-03\""]"", ""[\""if\"",\""bobil\"",\""ordinary\"",\""if-bobil-delkasko\"",\""2024-03\""]"", ""[\""if\"",\""bobil\"",\""ordinary\"",\""if-bobil-kasko\"",\""2024-03\""]"", ""[\""if\"",\""bobil\"",\""ordinary\"",\""if-bobil-super\"",\""2022-06\""]""]",false,false,NOT_RECOVERED,NOT_SPECIFIED,REGISTRY_BINDING_ONLY
239b00779349f2fd,B-051,"[""GAP-2156""]","[""SF-3093""]","[""[\""gjensidige\"",\""bolig\"",\""ordinary\"",\""gjensidige-hus-pluss\"",\""Alminnelige vilkår\""]""]",false,false,NOT_RECOVERED,NOT_SPECIFIED,REGISTRY_BINDING_ONLY
23caa47d39081774,B-055,"[""GAP-2265""]","[""SF-3266""]","[""[\""gjensidige\"",\""reise\"",\""ordinary\"",\""gjensidige-reise-pluss\"",\""2026-09-20-canonical\""]""]",false,false,NOT_RECOVERED,NOT_SPECIFIED,REGISTRY_BINDING_ONLY
23e04eedbd77d29f,B-055,"[""GAP-2194"", ""GAP-2239""]","[""SF-3155"", ""SF-3230""]","[""[\""gjensidige\"",\""reise\"",\""ordinary\"",\""gjensidige-reise\"",\""2026-09-20-canonical\""]"", ""[\""gjensidige\"",\""reise\"",\""ordinary\"",\""gjensidige-reise-pluss\"",\""2026-09-20-canonical\""]""]",false,false,NOT_RECOVERED,NOT_SPECIFIED,REGISTRY_BINDING_ONLY
23f4f09cda153bdd,B-047,"[""GAP-2446"", ""GAP-2485"", ""GAP-2525""]","[""SF-3500"", ""SF-3546"", ""SF-3599""]","[""[\""gjensidige\"",\""bobil\"",\""ordinary\"",\""gjensidige-bobil-delkasko\"",null]"", ""[\""gjensidige\"",\""bobil\"",\""ordinary\"",\""gjensidige-bobil-kasko\"",null]"", ""[\""gjensidige\"",\""bobil\"",\""ordinary\"",\""gjensidige-bobil-pluss\"",null]""]",false,false,NOT_RECOVERED,NOT_SPECIFIED,REGISTRY_BINDING_ONLY
247a23ba69c5e1af,B-146,"[""GAP-3341"", ""GAP-3371"", ""GAP-3415""]","[""SF-4700"", ""SF-4742"", ""SF-4803""]","[""[\""if\"",\""innbo\"",\""ordinary\"",\""if-innbo-basis\"",\""IBO2-1\""]"", ""[\""if\"",\""innbo\"",\""ordinary\"",\""if-innbo-super\"",\""IBO2-1\""]"", ""[\""if\"",\""innbo\"",\""ordinary\"",\""if-innbo-utvidet\"",\""IBO2-1\""]""]",false,false,NOT_RECOVERED,NOT_SPECIFIED,REGISTRY_BINDING_ONLY
24812536bc10da31,B-033,"[""GAP-4551"", ""GAP-4564"", ""GAP-4593"", ""GAP-4627""]","[""SF-6587"", ""SF-6604"", ""SF-6638"", ""SF-6683""]","[""[\""sparebank1-fremtind\"",\""bil\"",\""ordinary\"",\""sb1-bil-ansvar\"",\""PMO-357.001-004\""]"", ""[\""sparebank1-fremtind\"",\""bil\"",\""ordinary\"",\""sb1-bil-delkasko\"",\""PMO-357.001-004\""]"", ""[\""sparebank1-fremtind\"",\""bil\"",\""ordinary\"",\""sb1-bil-kasko\"",\""PMO-357.001-004\""]"", ""[\""sparebank1-fremtind\"",\""bil\"",\""ordinary\"",\""sb1-bil-toppkasko\"",\""PMO-357.001-004\""]""]",false,false,NOT_RECOVERED,NOT_SPECIFIED,REGISTRY_BINDING_ONLY
24d393ff737fdc4b,B-107,"[""GAP-1376"", ""GAP-1420""]","[""SF-2019"", ""SF-2081""]","[""[\""frende\"",\""bil\"",\""ordinary\"",\""frende-bil-kasko\"",\""2026-01-01\""]"", ""[\""frende\"",\""bil\"",\""ordinary\"",\""frende-bil-utvidet\"",\""2026-01-01\""]""]",false,false,NOT_RECOVERED,NOT_SPECIFIED,REGISTRY_BINDING_ONLY
25004bc4d7dd2c03,B-051,"[""GAP-2088"", ""GAP-2142""]","[""SF-2991"", ""SF-3075""]","[""[\""gjensidige\"",\""bolig\"",\""ordinary\"",\""gjensidige-hus\"",\""Alminnelige vilkår\""]"", ""[\""gjensidige\"",\""bolig\"",\""ordinary\"",\""gjensidige-hus-pluss\"",\""Alminnelige vilkår\""]""]",false,false,NOT_RECOVERED,NOT_SPECIFIED,REGISTRY_BINDING_ONLY
251a870e957fe3d7,B-116,"[""GAP-1285""]","[""SF-1904""]","[""[\""frende\"",\""katt\"",\""ordinary\"",\""frende-katt-veterin-r\"",\""2026-01-01\""]""]",false,false,NOT_RECOVERED,NOT_SPECIFIED,REGISTRY_BINDING_ONLY
251db8e96ed1a30a,B-055,"[""GAP-2223"", ""GAP-2271""]","[""SF-3196"", ""SF-3273""]","[""[\""gjensidige\"",\""reise\"",\""ordinary\"",\""gjensidige-reise\"",\""2026-09-20-canonical\""]"", ""[\""gjensidige\"",\""reise\"",\""ordinary\"",\""gjensidige-reise-pluss\"",\""2026-09-20-canonical\""]""]",false,false,NOT_RECOVERED,NOT_SPECIFIED,REGISTRY_BINDING_ONLY
2563e27da75a00ca,B-081,"[""GAP-0563"", ""GAP-0590""]","[""SF-0934"", ""SF-0972""]","[""[\""storebrand\"",\""mc\"",\""ordinary\"",\""storebrand-mc-delkasko\"",\""motor09\""]"", ""[\""storebrand\"",\""mc\"",\""ordinary\"",\""storebrand-mc-kasko\"",\""motor09\""]""]",false,false,NOT_RECOVERED,NOT_SPECIFIED,REGISTRY_BINDING_ONLY
25759fca52ef38e9,B-167,"[""GAP-0567"", ""GAP-0595""]","[""SF-0940"", ""SF-0980""]","[""[\""storebrand\"",\""mc\"",\""ordinary\"",\""storebrand-mc-delkasko\"",\""motor09\""]"", ""[\""storebrand\"",\""mc\"",\""ordinary\"",\""storebrand-mc-kasko\"",\""motor09\""]""]",false,false,NOT_RECOVERED,NOT_SPECIFIED,REGISTRY_BINDING_ONLY
2592c13d72614038,B-036,"[""GAP-1191"", ""GAP-1228""]","[""SF-1794"", ""SF-1836""]","[""[\""frende\"",\""båt\"",\""ordinary\"",\""frende-bat-kasko\"",\""2026-01-01\""]"", ""[\""frende\"",\""båt\"",\""ordinary\"",\""frende-bat-utvidet\"",\""2026-01-01\""]""]",false,false,NOT_RECOVERED,NOT_SPECIFIED,REGISTRY_BINDING_ONLY
25a813e45b68033e,B-139,"[""GAP-2987"", ""GAP-3007""]","[""SF-4174"", ""SF-4213""]","[""[\""if\"",\""bil\"",\""ordinary\"",\""if-bil-kasko\"",\""MOT2-2\""]"", ""[\""if\"",\""bil\"",\""ordinary\"",\""if-bil-super\"",\""MOT2-2\""]""]",false,false,NOT_RECOVERED,NOT_SPECIFIED,REGISTRY_BINDING_ONLY
25b4c1acafb2e2eb,B-132,"[""GAP-2937""]","[""SF-4092""]","[""[\""gjensidige\"",\""katt\"",\""ordinary\"",\""gjensidige-katt-behandling\"",null]""]",false,false,NOT_RECOVERED,NOT_SPECIFIED,REGISTRY_BINDING_ONLY
25f6ad10499b5ef7,B-119,"[""GAP-1653"", ""GAP-1678"", ""GAP-1708""]","[""SF-2425"", ""SF-2454"", ""SF-2488""]","[""[\""frende\"",\""snøscooter\"",\""ordinary\"",\""frende-snoscooter-ansvar\"",\""2026-01-01\""]"", ""[\""frende\"",\""snøscooter\"",\""ordinary\"",\""frende-snoscooter-brann-og-tyveri\"",\""2026-01-01\""]"", ""[\""frende\"",\""snøscooter\"",\""ordinary\"",\""frende-snoscooter-kasko\"",\""2026-01-01\""]""]",false,false,NOT_RECOVERED,NOT_SPECIFIED,REGISTRY_BINDING_ONLY
2633a401973a596e,B-107,"[""GAP-1325"", ""GAP-1359"", ""GAP-1404""]","[""SF-1953"", ""SF-1995"", ""SF-2055""]","[""[\""frende\"",\""bil\"",\""ordinary\"",\""frende-bil-delkasko\"",\""2026-01-01\""]"", ""[\""frende\"",\""bil\"",\""ordinary\"",\""frende-bil-kasko\"",\""2026-01-01\""]"", ""[\""frende\"",\""bil\"",\""ordinary\"",\""frende-bil-utvidet\"",\""2026-01-01\""]""]",false,false,NOT_RECOVERED,NOT_SPECIFIED,REGISTRY_BINDING_ONLY
26518e4f6972c94e,B-116,"[""GAP-1289""]","[""SF-1908""]","[""[\""frende\"",\""katt\"",\""ordinary\"",\""frende-katt-veterin-r\"",\""2026-01-01\""]""]",false,false,NOT_RECOVERED,NOT_SPECIFIED,REGISTRY_BINDING_ONLY
26668a6c81e5b5d9,B-049,"[""GAP-2649"", ""GAP-2671"", ""GAP-2696""]","[""SF-3761"", ""SF-3788"", ""SF-3818""]","[""[\""gjensidige\"",\""campingvogn\"",\""ordinary\"",\""gjensidige-campingvogn-delkasko\"",null]"", ""[\""gjensidige\"",\""campingvogn\"",\""ordinary\"",\""gjensidige-campingvogn-kasko\"",null]"", ""[\""gjensidige\"",\""campingvogn\"",\""ordinary\"",\""gjensidige-campingvogn-pluss\"",null]""]",false,false,NOT_RECOVERED,OPEN,CONVERSATION_ONLY
26a5c1b0a29318a9,B-055,"[""GAP-2209"", ""GAP-2254""]","[""SF-3175"", ""SF-3250""]","[""[\""gjensidige\"",\""reise\"",\""ordinary\"",\""gjensidige-reise\"",\""2026-09-20-canonical\""]"", ""[\""gjensidige\"",\""reise\"",\""ordinary\"",\""gjensidige-reise-pluss\"",\""2026-09-20-canonical\""]""]",false,false,NOT_RECOVERED,NOT_SPECIFIED,REGISTRY_BINDING_ONLY
26c05b62a27b04aa,B-014,"[""GAP-2080""]","[""SF-2978""]","[""[\""gjensidige\"",\""innbo\"",\""ordinary\"",\""gj-innbo-pluss\"",null]""]",true,false,NOT_RECOVERED,NOT_SPECIFIED,ARCHIVED_BASELINE
26c5eefa851e592c,B-175,"[""GAP-4295"", ""GAP-4315""]","[""SF-6142"", ""SF-6165""]","[""[\""tryg\"",\""båt\"",\""ordinary\"",\""tryg-bat-bat-ekstra\"",\""2024-07-01\""]"", ""[\""tryg\"",\""båt\"",\""ordinary\"",\""tryg-bat-kasko-ansvar\"",\""2024-07-01\""]""]",false,false,NOT_RECOVERED,NOT_SPECIFIED,REGISTRY_BINDING_ONLY
26d05391ac658832,B-036,"[""GAP-1169"", ""GAP-1205"", ""GAP-1243""]","[""SF-1769"", ""SF-1811"", ""SF-1856""]","[""[\""frende\"",\""båt\"",\""ordinary\"",\""frende-bat-brann-og-tyveri\"",\""2026-01-01\""]"", ""[\""frende\"",\""båt\"",\""ordinary\"",\""frende-bat-kasko\"",\""2026-01-01\""]"", ""[\""frende\"",\""båt\"",\""ordinary\"",\""frende-bat-utvidet\"",\""2026-01-01\""]""]",false,false,NOT_RECOVERED,NOT_SPECIFIED,REGISTRY_BINDING_ONLY
2706254575a1f655,B-063,"[""GAP-3529""]","[""SF-5038""]","[""[\""if\"",\""bolig\"",\""ordinary\"",\""if-hus-super\"",\""2023-09\""]""]",false,false,NOT_RECOVERED,NOT_SPECIFIED,REGISTRY_BINDING_ONLY
271533b9c3f6addf,B-033,"[""GAP-4796"", ""GAP-4825"", ""GAP-4859""]","[""SF-6904"", ""SF-6938"", ""SF-6983""]","[""[\""eika-fremtind\"",\""bil\"",\""ordinary\"",\""eika-bil-delkasko\"",\""PMO-357.001-004\""]"", ""[\""eika-fremtind\"",\""bil\"",\""ordinary\"",\""eika-bil-kasko\"",\""PMO-357.001-004\""]"", ""[\""eika-fremtind\"",\""bil\"",\""ordinary\"",\""eika-bil-topp\"",\""PMO-357.001-004\""]""]",false,false,NOT_RECOVERED,NOT_SPECIFIED,REGISTRY_BINDING_ONLY
27196ec4cb169686,B-181,"[""GAP-4368""]","[""SF-6221""]","[""[\""tryg\"",\""katt\"",\""ordinary\"",\""tryg-katt-behandling\"",\""2026-09-01\""]""]",false,false,NOT_RECOVERED,NOT_SPECIFIED,REGISTRY_BINDING_ONLY
275365b3ec2971df,B-051,"[""GAP-2104"", ""GAP-2163""]","[""SF-3017"", ""SF-3104""]","[""[\""gjensidige\"",\""bolig\"",\""ordinary\"",\""gjensidige-hus\"",\""Alminnelige vilkår\""]"", ""[\""gjensidige\"",\""bolig\"",\""ordinary\"",\""gjensidige-hus-pluss\"",\""Alminnelige vilkår\""]""]",false,false,NOT_RECOVERED,NOT_SPECIFIED,REGISTRY_BINDING_ONLY
27a3d6b59dc9aeca,B-132,"[""GAP-2922""]","[""SF-4077""]","[""[\""gjensidige\"",\""katt\"",\""ordinary\"",\""gjensidige-katt-behandling\"",null]""]",false,false,NOT_RECOVERED,NOT_SPECIFIED,REGISTRY_BINDING_ONLY
282210dd524d6e6a,B-033,"[""GAP-4579"", ""GAP-4608"", ""GAP-4640""]","[""SF-6621"", ""SF-6655"", ""SF-6698""]","[""[\""sparebank1-fremtind\"",\""bil\"",\""ordinary\"",\""sb1-bil-delkasko\"",\""PMO-357.001-004\""]"", ""[\""sparebank1-fremtind\"",\""bil\"",\""ordinary\"",\""sb1-bil-kasko\"",\""PMO-357.001-004\""]"", ""[\""sparebank1-fremtind\"",\""bil\"",\""ordinary\"",\""sb1-bil-toppkasko\"",\""PMO-357.001-004\""]""]",false,false,NOT_RECOVERED,NOT_SPECIFIED,REGISTRY_BINDING_ONLY
2828771d4baf4ac2,B-091,"[""GAP-0011""]","[""SF-0017""]","[""[\""tryg\"",\""katt\"",\""ordinary\"",\""tryg-katt-behandling\"",\""2026-09-01\""]""]",false,false,NOT_RECOVERED,NOT_SPECIFIED,REGISTRY_BINDING_ONLY
282ee36f2da4480e,B-085,"[""GAP-3907"", ""GAP-3915"", ""GAP-3929""]","[""SF-5549"", ""SF-5568"", ""SF-5598""]","[""[\""tryg\"",\""bil\"",\""ordinary\"",\""bil-ansvar\"",\""PAU25003\""]"", ""[\""tryg\"",\""bil\"",\""ordinary\"",\""bil-delkasko\"",\""PAU25835\""]"", ""[\""tryg\"",\""bil\"",\""ordinary\"",\""bil-kasko\"",\""PAU25205\""]""]",false,false,NOT_RECOVERED,NOT_SPECIFIED,REGISTRY_BINDING_ONLY
28402683a69ab576,B-175,"[""GAP-4325""]","[""SF-6175""]","[""[\""tryg\"",\""båt\"",\""ordinary\"",\""tryg-bat-bat-ekstra\"",\""2024-07-01\""]""]",false,false,NOT_RECOVERED,NOT_SPECIFIED,REGISTRY_BINDING_ONLY
2879b34d37585633,B-062,"[""GAP-0027""]","[""SF-0042""]","[""[\""if\"",\""hund\"",\""ordinary\"",\""if-hund-basis\"",\""2022-12-01\""]""]",false,false,NOT_RECOVERED,NOT_SPECIFIED,REGISTRY_BINDING_ONLY
28c0c8fe4294413f,B-199,"[""GAP-4262"", ""GAP-4273"", ""GAP-4285"", ""GAP-4305"", ""GAP-4335""]","[""SF-6102"", ""SF-6116"", ""SF-6131"", ""SF-6154"", ""SF-6187""]","[""[\""tryg\"",\""båt\"",\""ordinary\"",\""tryg-bat-ansvar\"",\""2024-07-01\""]"", ""[\""tryg\"",\""båt\"",\""ordinary\"",\""tryg-bat-bat-ekstra\"",\""2024-07-01\""]"", ""[\""tryg\"",\""båt\"",\""ordinary\"",\""tryg-bat-brann-ansvar\"",\""2024-07-01\""]"", ""[\""tryg\"",\""båt\"",\""ordinary\"",\""tryg-bat-brann-tyveri-ansvar\"",\""2024-07-01\""]"", ""[\""tryg\"",\""båt\"",\""ordinary\"",\""tryg-bat-kasko-ansvar\"",\""2024-07-01\""]""]",false,false,NOT_RECOVERED,NOT_SPECIFIED,REGISTRY_BINDING_ONLY
28c15328bda2a2d9,B-128,"[""GAP-2871""]","[""SF-4020""]","[""[\""gjensidige\"",\""hund\"",\""ordinary\"",\""gjensidige-hund-behandling\"",null]""]",false,false,NOT_RECOVERED,NOT_SPECIFIED,REGISTRY_BINDING_ONLY
28c4c7f35725e234,B-200,"[""GAP-4363""]","[""SF-6215""]","[""[\""tryg\"",\""hund\"",\""ordinary\"",\""tryg-hund-behandling\"",\""2026-09-01\""]""]",false,false,NOT_RECOVERED,NOT_SPECIFIED,REGISTRY_BINDING_ONLY
28c83b2ea2fcf679,B-181,"[""GAP-4386""]","[""SF-6239""]","[""[\""tryg\"",\""katt\"",\""ordinary\"",\""tryg-katt-behandling\"",\""2026-09-01\""]""]",false,false,NOT_RECOVERED,NOT_SPECIFIED,REGISTRY_BINDING_ONLY
292dacd4533926fd,B-051,"[""GAP-2119"", ""GAP-2178""]","[""SF-3045"", ""SF-3132""]","[""[\""gjensidige\"",\""bolig\"",\""ordinary\"",\""gjensidige-hus\"",\""Alminnelige vilkår\""]"", ""[\""gjensidige\"",\""bolig\"",\""ordinary\"",\""gjensidige-hus-pluss\"",\""Alminnelige vilkår\""]""]",false,false,NOT_RECOVERED,NOT_SPECIFIED,REGISTRY_BINDING_ONLY
299ccea7e173719d,B-089,"[""GAP-4341""]","[""SF-6193""]","[""[\""tryg\"",\""hund\"",\""ordinary\"",\""tryg-hund-behandling\"",\""2026-09-01\""]""]",false,false,NOT_RECOVERED,NOT_SPECIFIED,REGISTRY_BINDING_ONLY
2a1377003c25818d,B-033,"[""GAP-4569"", ""GAP-4598"", ""GAP-4632""]","[""SF-6611"", ""SF-6645"", ""SF-6690""]","[""[\""sparebank1-fremtind\"",\""bil\"",\""ordinary\"",\""sb1-bil-delkasko\"",\""PMO-357.001-004\""]"", ""[\""sparebank1-fremtind\"",\""bil\"",\""ordinary\"",\""sb1-bil-kasko\"",\""PMO-357.001-004\""]"", ""[\""sparebank1-fremtind\"",\""bil\"",\""ordinary\"",\""sb1-bil-toppkasko\"",\""PMO-357.001-004\""]""]",false,false,NOT_RECOVERED,NOT_SPECIFIED,REGISTRY_BINDING_ONLY
2a67c8709cac3a1c,B-046,"[""GAP-1902"", ""GAP-1950""]","[""SF-2745"", ""SF-2810""]","[""[\""gjensidige\"",\""bil\"",\""ordinary\"",\""gj-bil-kasko\"",null]"", ""[\""gjensidige\"",\""bil\"",\""ordinary\"",\""gj-bil-pluss\"",null]""]",false,false,NOT_RECOVERED,NOT_SPECIFIED,REGISTRY_BINDING_ONLY
2a72b5f3f365ce19,B-076,"[""GAP-0767"", ""GAP-0791""]","[""SF-1203"", ""SF-1233""]","[""[\""storebrand\"",\""campingvogn\"",\""ordinary\"",\""storebrand-campingvogn-kasko\"",\""2026-03-01\""]"", ""[\""storebrand\"",\""campingvogn\"",\""ordinary\"",\""storebrand-campingvogn-super\"",\""2026-03-01\""]""]",false,false,NOT_RECOVERED,NOT_SPECIFIED,REGISTRY_BINDING_ONLY
2a8463c06bb117c6,B-067,"[""GAP-3557"", ""GAP-3594"", ""GAP-3635""]","[""SF-5091"", ""SF-5154"", ""SF-5221""]","[""[\""if\"",\""reise\"",\""ordinary\"",\""if-reise-basis\"",\""2026-09-20-canonical\""]"", ""[\""if\"",\""reise\"",\""ordinary\"",\""if-reise-standard\"",\""2026-09-20-canonical\""]"", ""[\""if\"",\""reise\"",\""ordinary\"",\""if-reise-super\"",\""2026-09-20-canonical\""]""]",false,false,NOT_RECOVERED,NOT_SPECIFIED,REGISTRY_BINDING_ONLY
2aa15200f47a2607,B-055,"[""GAP-2279""]","[""SF-3287""]","[""[\""gjensidige\"",\""reise\"",\""ordinary\"",\""gjensidige-reise-pluss\"",\""2026-09-20-canonical\""]""]",false,false,NOT_RECOVERED,NOT_SPECIFIED,REGISTRY_BINDING_ONLY
2aba061e5d8242d5,B-025,"[""GAP-5300"", ""GAP-5311""]","[""SF-7559"", ""SF-7571""]","[""[\""eika-fremtind\"",\""campingvogn\"",\""ordinary\"",\""eika-fremtind-campingvogn-kasko\"",\""2024-03-21\""]"", ""[\""eika-fremtind\"",\""campingvogn\"",\""ordinary\"",\""eika-fremtind-campingvogn-minikasko\"",\""2024-03-21\""]""]",false,false,NOT_RECOVERED,NOT_SPECIFIED,REGISTRY_BINDING_ONLY
2b078b058bc63967,B-071,"[""GAP-5581""]","[""SF-7924""]","[""[\""sparebank1-fremtind\"",\""hund\"",\""ordinary\"",\""sparebank1-fremtind-hund-veterin-r\"",\""2025-08-07\""]""]",false,false,NOT_RECOVERED,NOT_SPECIFIED,REGISTRY_BINDING_ONLY
2b131ed6dd0fc14d,B-033,"[""GAP-4915"", ""GAP-4944""]","[""SF-7056"", ""SF-7090""]","[""[\""fremtind\"",\""bil\"",\""ordinary\"",\""fremtind-bil-delkasko\"",\""PMO-357.001-004\""]"", ""[\""fremtind\"",\""bil\"",\""ordinary\"",\""fremtind-bil-kasko\"",\""PMO-357.001-004\""]""]",false,false,NOT_RECOVERED,NOT_SPECIFIED,REGISTRY_BINDING_ONLY
2b4c6b827f399126,B-043,"[""GAP-0328""]","[""SF-0601""]","[""[\""frende\"",\""reise\"",\""ordinary\"",\""frende-reiseforsikring\"",\""2026-03-01\""]""]",false,false,NOT_RECOVERED,NOT_SPECIFIED,REGISTRY_BINDING_ONLY
2b8540d3c8033be7,B-160,"[""GAP-5645"", ""GAP-5667"", ""GAP-5690""]","[""SF-7997"", ""SF-8023"", ""SF-8050""]","[""[\""storebrand\"",\""båt\"",\""ordinary\"",\""storebrand-bat-delkasko\"",\""2024-09-01\""]"", ""[\""storebrand\"",\""båt\"",\""ordinary\"",\""storebrand-bat-kasko\"",\""2024-09-01\""]"", ""[\""storebrand\"",\""båt\"",\""ordinary\"",\""storebrand-bat-super\"",\""2024-09-01\""]""]",false,false,NOT_RECOVERED,NOT_SPECIFIED,REGISTRY_BINDING_ONLY
2b8d431fd65ef46d,B-044,"[""GAP-1645"", ""GAP-1661"", ""GAP-1689""]","[""SF-2416"", ""SF-2436"", ""SF-2468""]","[""[\""frende\"",\""snøscooter\"",\""ordinary\"",\""frende-snoscooter-ansvar\"",\""2026-01-01\""]"", ""[\""frende\"",\""snøscooter\"",\""ordinary\"",\""frende-snoscooter-brann-og-tyveri\"",\""2026-01-01\""]"", ""[\""frende\"",\""snøscooter\"",\""ordinary\"",\""frende-snoscooter-kasko\"",\""2026-01-01\""]""]",false,false,NOT_RECOVERED,NOT_SPECIFIED,REGISTRY_BINDING_ONLY
2b9dd59f05fb4852,B-033,"[""GAP-4681"", ""GAP-4710"", ""GAP-4744""]","[""SF-6755"", ""SF-6789"", ""SF-6834""]","[""[\""dnb-fremtind\"",\""bil\"",\""ordinary\"",\""dnb-bil-delkasko\"",\""PMO-357.001-004\""]"", ""[\""dnb-fremtind\"",\""bil\"",\""ordinary\"",\""dnb-bil-kasko\"",\""PMO-357.001-004\""]"", ""[\""dnb-fremtind\"",\""bil\"",\""ordinary\"",\""dnb-bil-topp\"",\""PMO-357.001-004\""]""]",false,false,NOT_RECOVERED,NOT_SPECIFIED,REGISTRY_BINDING_ONLY
2bb25ec58b8ad93e,B-082,"[""GAP-1144""]","[""SF-1735""]","[""[\""storebrand\"",\""reise\"",\""ordinary\"",\""storebrand-reise-super\"",\""2026-09-20-canonical\""]""]",false,false,NOT_RECOVERED,NOT_SPECIFIED,REGISTRY_BINDING_ONLY
2bb49ef5c201594b,B-075,"[""GAP-0059"", ""GAP-0067"", ""GAP-0075""]","[""SF-0095"", ""SF-0105"", ""SF-0115""]","[""[\""storebrand\"",\""båt\"",\""ordinary\"",\""storebrand-bat-delkasko\"",\""2024-09-01\""]"", ""[\""storebrand\"",\""båt\"",\""ordinary\"",\""storebrand-bat-kasko\"",\""2024-09-01\""]"", ""[\""storebrand\"",\""båt\"",\""ordinary\"",\""storebrand-bat-super\"",\""2024-09-01\""]""]",false,false,NOT_RECOVERED,NOT_SPECIFIED,REGISTRY_BINDING_ONLY
2bb56dba9fb1da41,B-193,"[""GAP-4688""]","[""SF-6763""]","[""[\""dnb-fremtind\"",\""bil\"",\""ordinary\"",\""dnb-bil-delkasko\"",\""PMO-357.001-004\""]""]",false,false,NOT_RECOVERED,NOT_SPECIFIED,REGISTRY_BINDING_ONLY
2c52ff8347425c2c,B-041,"[""GAP-1294""]","[""SF-1913""]","[""[\""frende\"",\""katt\"",\""ordinary\"",\""frende-katt-veterin-r\"",\""2026-01-01\""]""]",false,false,NOT_RECOVERED,NOT_SPECIFIED,REGISTRY_BINDING_ONLY
2c5ae7ef5a62b71f,B-072,"[""GAP-5625""]","[""SF-7973""]","[""[\""sparebank1-fremtind\"",\""katt\"",\""ordinary\"",\""sparebank1-fremtind-katt-veterin-r\"",\""2025-08-07\""]""]",false,false,NOT_RECOVERED,NOT_SPECIFIED,REGISTRY_BINDING_ONLY
2c95a6d3c72171d9,B-074,"[""GAP-0661"", ""GAP-0662"", ""GAP-0705"", ""GAP-0706""]","[""SF-1072"", ""SF-1073"", ""SF-1132"", ""SF-1133""]","[""[\""storebrand\"",\""bobil\"",\""ordinary\"",\""storebrand-bobil-kasko\"",\""motor09\""]"", ""[\""storebrand\"",\""bobil\"",\""ordinary\"",\""storebrand-bobil-super\"",\""motor09\""]""]",false,false,NOT_RECOVERED,NOT_SPECIFIED,REGISTRY_BINDING_ONLY
2cc50059fa41758d,B-054,"[""GAP-2337"", ""GAP-2380""]","[""SF-3367"", ""SF-3418""]","[""[\""gjensidige\"",\""mc\"",\""ordinary\"",\""gjensidige-mc-delkasko\"",null]"", ""[\""gjensidige\"",\""mc\"",\""ordinary\"",\""gjensidige-mc-kasko\"",null]""]",false,false,NOT_RECOVERED,NOT_SPECIFIED,REGISTRY_BINDING_ONLY
2cdb5babb9baeb36,B-039,"[""GAP-0302"", ""GAP-0317""]","[""SF-0525"", ""SF-0573""]","[""[\""frende\"",\""bolig\"",\""ordinary\"",\""frende-hus-standard\"",\""2026-09-01\""]"", ""[\""frende\"",\""bolig\"",\""ordinary\"",\""frende-hus-utvidet\"",\""2026-09-01\""]""]",false,false,NOT_RECOVERED,NOT_SPECIFIED,REGISTRY_BINDING_ONLY
2d6235f633ad6d97,B-043,"[""GAP-0334""]","[""SF-0611""]","[""[\""frende\"",\""reise\"",\""ordinary\"",\""frende-reiseforsikring\"",\""2026-03-01\""]""]",false,false,NOT_RECOVERED,NOT_SPECIFIED,REGISTRY_BINDING_ONLY
2da7cbbd9929dd49,B-058,"[""GAP-2944"", ""GAP-2952"", ""GAP-2968"", ""GAP-2990""]","[""SF-4103"", ""SF-4116"", ""SF-4143"", ""SF-4184""]","[""[\""if\"",\""bil\"",\""ordinary\"",\""if-bil-ansvar\"",\""MOT2-2\""]"", ""[\""if\"",\""bil\"",\""ordinary\"",\""if-bil-delkasko\"",\""MOT2-2\""]"", ""[\""if\"",\""bil\"",\""ordinary\"",\""if-bil-kasko\"",\""MOT2-2\""]"", ""[\""if\"",\""bil\"",\""ordinary\"",\""if-bil-super\"",\""MOT2-2\""]""]",false,false,NOT_RECOVERED,NOT_SPECIFIED,REGISTRY_BINDING_ONLY
2dab33ce14bc7af3,B-093,"[""GAP-4483"", ""GAP-4509"", ""GAP-4535""]","[""SF-6468"", ""SF-6516"", ""SF-6568""]","[""[\""tryg\"",\""reise\"",\""ordinary\"",\""tryg-reise\"",\""2026-09-20-canonical\""]"", ""[\""tryg\"",\""reise\"",\""ordinary\"",\""tryg-reise-ekstra\"",\""2026-09-20-canonical\""]"", ""[\""tryg\"",\""reise\"",\""ordinary\"",\""tryg-reise-premium\"",\""2026-09-20-canonical\""]""]",false,false,NOT_RECOVERED,NOT_SPECIFIED,REGISTRY_BINDING_ONLY
2dc6f5fe6985eaea,B-070,"[""GAP-5564""]","[""SF-7903""]","[""[\""sparebank1-fremtind\"",\""båt\"",\""ordinary\"",\""sparebank1-fremtind-bat-toppkasko\"",\""2024-06-10\""]""]",false,false,NOT_RECOVERED,NOT_SPECIFIED,REGISTRY_BINDING_ONLY
2ebfe0a8f3dfd17a,B-049,"[""GAP-2642"", ""GAP-2662"", ""GAP-2684""]","[""SF-3752"", ""SF-3777"", ""SF-3804""]","[""[\""gjensidige\"",\""campingvogn\"",\""ordinary\"",\""gjensidige-campingvogn-delkasko\"",null]"", ""[\""gjensidige\"",\""campingvogn\"",\""ordinary\"",\""gjensidige-campingvogn-kasko\"",null]"", ""[\""gjensidige\"",\""campingvogn\"",\""ordinary\"",\""gjensidige-campingvogn-pluss\"",null]""]",false,false,NOT_RECOVERED,NOT_SPECIFIED,REGISTRY_BINDING_ONLY
2ec03530f3a64366,B-146,"[""GAP-3353"", ""GAP-3383"", ""GAP-3427""]","[""SF-4716"", ""SF-4758"", ""SF-4820""]","[""[\""if\"",\""innbo\"",\""ordinary\"",\""if-innbo-basis\"",\""IBO2-1\""]"", ""[\""if\"",\""innbo\"",\""ordinary\"",\""if-innbo-super\"",\""IBO2-1\""]"", ""[\""if\"",\""innbo\"",\""ordinary\"",\""if-innbo-utvidet\"",\""IBO2-1\""]""]",false,false,NOT_RECOVERED,NOT_SPECIFIED,REGISTRY_BINDING_ONLY
2ee7f4378234423a,B-064,"[""GAP-3346"", ""GAP-3376"", ""GAP-3420""]","[""SF-4705"", ""SF-4747"", ""SF-4809""]","[""[\""if\"",\""innbo\"",\""ordinary\"",\""if-innbo-basis\"",\""IBO2-1\""]"", ""[\""if\"",\""innbo\"",\""ordinary\"",\""if-innbo-super\"",\""IBO2-1\""]"", ""[\""if\"",\""innbo\"",\""ordinary\"",\""if-innbo-utvidet\"",\""IBO2-1\""]""]",false,false,NOT_RECOVERED,NOT_SPECIFIED,REGISTRY_BINDING_ONLY
2f0c12c5b83136cd,B-064,"[""GAP-3338"", ""GAP-3367"", ""GAP-3411""]","[""SF-4695"", ""SF-4737"", ""SF-4798""]","[""[\""if\"",\""innbo\"",\""ordinary\"",\""if-innbo-basis\"",\""IBO2-1\""]"", ""[\""if\"",\""innbo\"",\""ordinary\"",\""if-innbo-super\"",\""IBO2-1\""]"", ""[\""if\"",\""innbo\"",\""ordinary\"",\""if-innbo-utvidet\"",\""IBO2-1\""]""]",false,false,NOT_RECOVERED,NOT_SPECIFIED,REGISTRY_BINDING_ONLY
2f258ae6616c209a,B-049,"[""GAP-2651"", ""GAP-2673"", ""GAP-2698""]","[""SF-3763"", ""SF-3790"", ""SF-3820""]","[""[\""gjensidige\"",\""campingvogn\"",\""ordinary\"",\""gjensidige-campingvogn-delkasko\"",null]"", ""[\""gjensidige\"",\""campingvogn\"",\""ordinary\"",\""gjensidige-campingvogn-kasko\"",null]"", ""[\""gjensidige\"",\""campingvogn\"",\""ordinary\"",\""gjensidige-campingvogn-pluss\"",null]""]",false,false,NOT_RECOVERED,NOT_SPECIFIED,REGISTRY_BINDING_ONLY
2f44d4ff42911e14,B-165,"[""GAP-0886"", ""GAP-0942""]","[""SF-1361"", ""SF-1446""]","[""[\""storebrand\"",\""innbo\"",\""ordinary\"",\""sb-innbo-standard\"",\""innbo09\""]"", ""[\""storebrand\"",\""innbo\"",\""ordinary\"",\""sb-innbo-super\"",\""innbo09\""]""]",false,false,NOT_RECOVERED,NOT_SPECIFIED,REGISTRY_BINDING_ONLY
2f4bf5b9b96fa34e,B-036,"[""GAP-1173"", ""GAP-1209"", ""GAP-1247""]","[""SF-1773"", ""SF-1815"", ""SF-1860""]","[""[\""frende\"",\""båt\"",\""ordinary\"",\""frende-bat-brann-og-tyveri\"",\""2026-01-01\""]"", ""[\""frende\"",\""båt\"",\""ordinary\"",\""frende-bat-kasko\"",\""2026-01-01\""]"", ""[\""frende\"",\""båt\"",\""ordinary\"",\""frende-bat-utvidet\"",\""2026-01-01\""]""]",false,false,NOT_RECOVERED,NOT_SPECIFIED,REGISTRY_BINDING_ONLY
2f6b576abdeab231,B-078,"[""GAP-1030""]","[""SF-1585""]","[""[\""storebrand\"",\""bolig\"",\""ordinary\"",\""storebrand-hus-super\"",\""2025-08-15\""]""]",false,false,NOT_RECOVERED,NOT_SPECIFIED,REGISTRY_BINDING_ONLY
2f82551a65922fef,B-089,"[""GAP-4350""]","[""SF-6202""]","[""[\""tryg\"",\""hund\"",\""ordinary\"",\""tryg-hund-behandling\"",\""2026-09-01\""]""]",false,false,NOT_RECOVERED,NOT_SPECIFIED,REGISTRY_BINDING_ONLY
2f8bab95ed107407,B-076,"[""GAP-0792""]","[""SF-1238""]","[""[\""storebrand\"",\""campingvogn\"",\""ordinary\"",\""storebrand-campingvogn-super\"",\""2026-03-01\""]""]",false,false,NOT_RECOVERED,NOT_SPECIFIED,REGISTRY_BINDING_ONLY
2f9a53b7f0c4bde1,B-196,"[""GAP-5608""]","[""SF-7953""]","[""[\""sparebank1-fremtind\"",\""hund\"",\""ordinary\"",\""sparebank1-fremtind-hund-veterin-r\"",\""2025-08-07\""]""]",false,false,NOT_RECOVERED,NOT_SPECIFIED,REGISTRY_BINDING_ONLY
2fe5b24ed5bf1505,B-082,"[""GAP-1060"", ""GAP-1112""]","[""SF-1631"", ""SF-1696""]","[""[\""storebrand\"",\""reise\"",\""ordinary\"",\""storebrand-reise-standard\"",\""2026-09-20-canonical\""]"", ""[\""storebrand\"",\""reise\"",\""ordinary\"",\""storebrand-reise-super\"",\""2026-09-20-canonical\""]""]",false,false,NOT_RECOVERED,NOT_SPECIFIED,REGISTRY_BINDING_ONLY
303ab0d230623c04,B-081,"[""GAP-0546"", ""GAP-0573"", ""GAP-0601""]","[""SF-0909"", ""SF-0947"", ""SF-0987""]","[""[\""storebrand\"",\""mc\"",\""ordinary\"",\""storebrand-mc-ansvar\"",\""motor09\""]"", ""[\""storebrand\"",\""mc\"",\""ordinary\"",\""storebrand-mc-delkasko\"",\""motor09\""]"", ""[\""storebrand\"",\""mc\"",\""ordinary\"",\""storebrand-mc-kasko\"",\""motor09\""]""]",false,false,NOT_RECOVERED,NOT_SPECIFIED,REGISTRY_BINDING_ONLY
30606eae69b4aa3a,B-123,"[""GAP-2411"", ""GAP-2434"", ""GAP-2473"", ""GAP-2513""]","[""SF-3458"", ""SF-3485"", ""SF-3531"", ""SF-3584""]","[""[\""gjensidige\"",\""bobil\"",\""ordinary\"",\""gjensidige-bobil-ansvar\"",null]"", ""[\""gjensidige\"",\""bobil\"",\""ordinary\"",\""gjensidige-bobil-delkasko\"",null]"", ""[\""gjensidige\"",\""bobil\"",\""ordinary\"",\""gjensidige-bobil-kasko\"",null]"", ""[\""gjensidige\"",\""bobil\"",\""ordinary\"",\""gjensidige-bobil-pluss\"",null]""]",false,false,NOT_RECOVERED,NOT_SPECIFIED,REGISTRY_BINDING_ONLY
30897f426f9132f0,B-049,"[""GAP-2646""]","[""SF-3757""]","[""[\""gjensidige\"",\""campingvogn\"",\""ordinary\"",\""gjensidige-campingvogn-delkasko\"",null]""]",false,false,NOT_RECOVERED,NOT_SPECIFIED,REGISTRY_BINDING_ONLY
30a42ffd3f960275,B-074,"[""GAP-0669"", ""GAP-0670"", ""GAP-0713"", ""GAP-0714""]","[""SF-1080"", ""SF-1081"", ""SF-1140"", ""SF-1141""]","[""[\""storebrand\"",\""bobil\"",\""ordinary\"",\""storebrand-bobil-kasko\"",\""motor09\""]"", ""[\""storebrand\"",\""bobil\"",\""ordinary\"",\""storebrand-bobil-super\"",\""motor09\""]""]",false,false,NOT_RECOVERED,NOT_SPECIFIED,REGISTRY_BINDING_ONLY
30f4027e244565fe,B-040,"[""GAP-0288""]","[""SF-0484""]","[""[\""frende\"",\""innbo\"",\""ordinary\"",\""frende-innbo-standard\"",\""2026-09-01\""]""]",false,false,NOT_RECOVERED,NOT_SPECIFIED,REGISTRY_BINDING_ONLY
30f8e097f606ae3a,B-056,"[""GAP-2588"", ""GAP-2618""]","[""SF-3689"", ""SF-3723""]","[""[\""gjensidige\"",\""snøscooter\"",\""ordinary\"",\""gjensidige-snoscooter-delkasko\"",null]"", ""[\""gjensidige\"",\""snøscooter\"",\""ordinary\"",\""gjensidige-snoscooter-kasko\"",null]""]",false,false,NOT_RECOVERED,NOT_SPECIFIED,REGISTRY_BINDING_ONLY
30fc68fdaa903cfb,B-205,"[""GAP-5259""]","[""SF-7507""]","[""[\""fremtind-eika-legacy\"",\""reise\"",\""ordinary\"",\""eika-reise-pluss-p10\"",\""P10-P10P-2025-01-01\""]""]",false,true,NOT_RECOVERED,NOT_SPECIFIED,ARCHIVED_BASELINE
31004863aeeef56f,B-157,"[""GAP-5626""]","[""SF-7974""]","[""[\""sparebank1-fremtind\"",\""katt\"",\""ordinary\"",\""sparebank1-fremtind-katt-veterin-r\"",\""2025-08-07\""]""]",false,false,NOT_RECOVERED,NOT_SPECIFIED,REGISTRY_BINDING_ONLY
314f7d8a021e810c,B-077,"[""GAP-0139"", ""GAP-0206""]","[""SF-0261"", ""SF-0349""]","[""[\""storebrand\"",\""hund\"",\""ordinary\"",\""storebrand-hund-veterin-r\"",\""2025-02-01\""]"", ""[\""storebrand\"",\""hund\"",\""ordinary\"",\""storebrand-hund-veterin-r-og-d-dsfall\"",\""2025-02-01\""]""]",false,false,NOT_RECOVERED,NOT_SPECIFIED,REGISTRY_BINDING_ONLY
3167edd8f31c5e84,B-028,"[""GAP-5433"", ""GAP-5469""]","[""SF-7731"", ""SF-7777""]","[""[\""fremtind\"",\""bobil\"",\""ordinary-dnb\"",\""fremtind-bobil-kasko\"",\""2025-09-18\""]"", ""[\""fremtind\"",\""bobil\"",\""ordinary-dnb\"",\""fremtind-bobil-topp\"",\""2025-09-18\""]""]",false,false,NOT_RECOVERED,NOT_SPECIFIED,REGISTRY_BINDING_ONLY
318d746692f0de0f,B-052,"[""GAP-2003"", ""GAP-2046""]","[""SF-2882"", ""SF-2936""]","[""[\""gjensidige\"",\""innbo\"",\""ordinary\"",\""gj-innbo\"",null]"", ""[\""gjensidige\"",\""innbo\"",\""ordinary\"",\""gj-innbo-pluss\"",null]""]",false,false,NOT_RECOVERED,NOT_SPECIFIED,REGISTRY_BINDING_ONLY
31cfc3bf74d93e78,B-082,"[""GAP-1051"", ""GAP-1103""]","[""SF-1621"", ""SF-1686""]","[""[\""storebrand\"",\""reise\"",\""ordinary\"",\""storebrand-reise-standard\"",\""2026-09-20-canonical\""]"", ""[\""storebrand\"",\""reise\"",\""ordinary\"",\""storebrand-reise-super\"",\""2026-09-20-canonical\""]""]",false,false,NOT_RECOVERED,NOT_SPECIFIED,REGISTRY_BINDING_ONLY
31f1cee72794bd71,B-166,"[""GAP-0184"", ""GAP-0264""]","[""SF-0313"", ""SF-0425""]","[""[\""storebrand\"",\""katt\"",\""ordinary\"",\""storebrand-katt-veterin-r\"",\""2025-02-01\""]"", ""[\""storebrand\"",\""katt\"",\""ordinary\"",\""storebrand-katt-veterin-r-og-d-dsfall\"",\""2025-02-01\""]""]",false,false,NOT_RECOVERED,NOT_SPECIFIED,REGISTRY_BINDING_ONLY
3209fce1d14e5553,B-131,"[""GAP-2010"", ""GAP-2063""]","[""SF-2890"", ""SF-2960""]","[""[\""gjensidige\"",\""innbo\"",\""ordinary\"",\""gj-innbo\"",null]"", ""[\""gjensidige\"",\""innbo\"",\""ordinary\"",\""gj-innbo-pluss\"",null]""]",false,false,NOT_RECOVERED,NOT_SPECIFIED,REGISTRY_BINDING_ONLY
32579618af109ff1,B-028,"[""GAP-5407""]","[""SF-7698""]","[""[\""fremtind\"",\""bobil\"",\""ordinary-dnb\"",\""fremtind-bobil-minikasko\"",\""2025-09-18\""]""]",false,false,NOT_RECOVERED,NOT_SPECIFIED,REGISTRY_BINDING_ONLY
3286c16721386cd4,B-083,"[""GAP-0484"", ""GAP-0513""]","[""SF-0837"", ""SF-0870""]","[""[\""storebrand\"",\""snøscooter\"",\""ordinary\"",\""storebrand-snoscooter-delkasko\"",\""2025-04-01\""]"", ""[\""storebrand\"",\""snøscooter\"",\""ordinary\"",\""storebrand-snoscooter-kasko\"",\""2025-04-01\""]""]",false,false,NOT_RECOVERED,NOT_SPECIFIED,REGISTRY_BINDING_ONLY
32971d6407ea5025,B-033,"[""GAP-4777"", ""GAP-4790"", ""GAP-4819"", ""GAP-4853""]","[""SF-6879"", ""SF-6896"", ""SF-6930"", ""SF-6975""]","[""[\""eika-fremtind\"",\""bil\"",\""ordinary\"",\""eika-bil-ansvar\"",\""PMO-357.001-004\""]"", ""[\""eika-fremtind\"",\""bil\"",\""ordinary\"",\""eika-bil-delkasko\"",\""PMO-357.001-004\""]"", ""[\""eika-fremtind\"",\""bil\"",\""ordinary\"",\""eika-bil-kasko\"",\""PMO-357.001-004\""]"", ""[\""eika-fremtind\"",\""bil\"",\""ordinary\"",\""eika-bil-topp\"",\""PMO-357.001-004\""]""]",false,false,NOT_RECOVERED,NOT_SPECIFIED,REGISTRY_BINDING_ONLY
32e3d49df52cb599,B-081,"[""GAP-0559"", ""GAP-0586""]","[""SF-0926"", ""SF-0964""]","[""[\""storebrand\"",\""mc\"",\""ordinary\"",\""storebrand-mc-delkasko\"",\""motor09\""]"", ""[\""storebrand\"",\""mc\"",\""ordinary\"",\""storebrand-mc-kasko\"",\""motor09\""]""]",false,false,NOT_RECOVERED,NOT_SPECIFIED,REGISTRY_BINDING_ONLY
3327dc0e4134e2c5,B-022,"[""GAP-2900""]","[""SF-4052""]","[""[\""gjensidige\"",\""hund\"",\""ordinary\"",\""gjensidige-hund-behandling\"",null]""]",false,false,NOT_RECOVERED,NOT_SPECIFIED,REGISTRY_BINDING_ONLY
334c90d9d09cc923,B-046,"[""GAP-1930""]","[""SF-2778""]","[""[\""gjensidige\"",\""bil\"",\""ordinary\"",\""gj-bil-kasko\"",null]""]",false,false,NOT_RECOVERED,NOT_SPECIFIED,REGISTRY_BINDING_ONLY
336b0063f48f7c20,B-090,"[""GAP-4396"", ""GAP-4425""]","[""SF-6252"", ""SF-6293""]","[""[\""tryg\"",\""innbo\"",\""ordinary\"",\""tryg-innbo\"",\""2026-07-01\""]"", ""[\""tryg\"",\""innbo\"",\""ordinary\"",\""tryg-innbo-ekstra\"",\""2026-07-01\""]""]",false,false,NOT_RECOVERED,NOT_SPECIFIED,REGISTRY_BINDING_ONLY
3399ada6dcb9bd9b,B-107,"[""GAP-1305"", ""GAP-1339"", ""GAP-1383"", ""GAP-1427""]","[""SF-1929"", ""SF-1971"", ""SF-2030"", ""SF-2092""]","[""[\""frende\"",\""bil\"",\""ordinary\"",\""frende-bil-ansvar\"",\""2026-01-01\""]"", ""[\""frende\"",\""bil\"",\""ordinary\"",\""frende-bil-delkasko\"",\""2026-01-01\""]"", ""[\""frende\"",\""bil\"",\""ordinary\"",\""frende-bil-kasko\"",\""2026-01-01\""]"", ""[\""frende\"",\""bil\"",\""ordinary\"",\""frende-bil-utvidet\"",\""2026-01-01\""]""]",false,false,NOT_RECOVERED,NOT_SPECIFIED,REGISTRY_BINDING_ONLY
33cf8488a5b0c285,B-108,"[""GAP-1551"", ""GAP-1579"", ""GAP-1613""]","[""SF-2280"", ""SF-2316"", ""SF-2366""]","[""[\""frende\"",\""bobil\"",\""ordinary\"",\""frende-bobil-delkasko\"",\""2026-01-01\""]"", ""[\""frende\"",\""bobil\"",\""ordinary\"",\""frende-bobil-kasko\"",\""2026-01-01\""]"", ""[\""frende\"",\""bobil\"",\""ordinary\"",\""frende-bobil-utvidet\"",\""2026-01-01\""]""]",false,false,NOT_RECOVERED,NOT_SPECIFIED,REGISTRY_BINDING_ONLY
33da004a3560a4a7,B-068,"[""GAP-3181"", ""GAP-3204""]","[""SF-4494"", ""SF-4524""]","[""[\""if\"",\""snøscooter\"",\""ordinary\"",\""if-snoscooter-delkasko\"",\""2024-03\""]"", ""[\""if\"",\""snøscooter\"",\""ordinary\"",\""if-snoscooter-kasko\"",\""2024-03\""]""]",false,false,NOT_RECOVERED,NOT_SPECIFIED,REGISTRY_BINDING_ONLY
33f88bd383e5fc6c,B-086,"[""GAP-4062"", ""GAP-4080""]","[""SF-5826"", ""SF-5856""]","[""[\""tryg\"",\""bobil\"",\""ordinary\"",\""tryg-bobil-bobil-ekstra\"",\""2026-07-01\""]"", ""[\""tryg\"",\""bobil\"",\""ordinary\"",\""tryg-bobil-kasko\"",\""2026-01-01\""]""]",false,false,NOT_RECOVERED,NOT_SPECIFIED,REGISTRY_BINDING_ONLY
33f9bb206245939a,B-159,"[""GAP-0631"", ""GAP-0656"", ""GAP-0694""]","[""SF-1027"", ""SF-1062"", ""SF-1112""]","[""[\""storebrand\"",\""bobil\"",\""ordinary\"",\""storebrand-bobil-delkasko\"",\""motor09\""]"", ""[\""storebrand\"",\""bobil\"",\""ordinary\"",\""storebrand-bobil-kasko\"",\""motor09\""]"", ""[\""storebrand\"",\""bobil\"",\""ordinary\"",\""storebrand-bobil-super\"",\""motor09\""]""]",false,false,NOT_RECOVERED,NOT_SPECIFIED,REGISTRY_BINDING_ONLY
3476f17c57182cd4,B-090,"[""GAP-4395"", ""GAP-4424""]","[""SF-6251"", ""SF-6292""]","[""[\""tryg\"",\""innbo\"",\""ordinary\"",\""tryg-innbo\"",\""2026-07-01\""]"", ""[\""tryg\"",\""innbo\"",\""ordinary\"",\""tryg-innbo-ekstra\"",\""2026-07-01\""]""]",false,false,NOT_RECOVERED,NOT_SPECIFIED,REGISTRY_BINDING_ONLY
350bd8164239f04c,B-170,"[""GAP-0479"", ""GAP-0508"", ""GAP-0539""]","[""SF-0831"", ""SF-0864"", ""SF-0899""]","[""[\""storebrand\"",\""snøscooter\"",\""ordinary\"",\""storebrand-snoscooter-ansvar\"",\""2025-04-01\""]"", ""[\""storebrand\"",\""snøscooter\"",\""ordinary\"",\""storebrand-snoscooter-delkasko\"",\""2025-04-01\""]"", ""[\""storebrand\"",\""snøscooter\"",\""ordinary\"",\""storebrand-snoscooter-kasko\"",\""2025-04-01\""]""]",false,false,NOT_RECOVERED,NOT_SPECIFIED,REGISTRY_BINDING_ONLY
35117982c7cfaa11,B-055,"[""GAP-2211"", ""GAP-2257""]","[""SF-3179"", ""SF-3254""]","[""[\""gjensidige\"",\""reise\"",\""ordinary\"",\""gjensidige-reise\"",\""2026-09-20-canonical\""]"", ""[\""gjensidige\"",\""reise\"",\""ordinary\"",\""gjensidige-reise-pluss\"",\""2026-09-20-canonical\""]""]",false,false,NOT_RECOVERED,NOT_SPECIFIED,REGISTRY_BINDING_ONLY
353162a036bedf62,B-134,"[""GAP-2302"", ""GAP-2338"", ""GAP-2381""]","[""SF-3324"", ""SF-3368"", ""SF-3420""]","[""[\""gjensidige\"",\""mc\"",\""ordinary\"",\""gjensidige-mc-ansvar\"",null]"", ""[\""gjensidige\"",\""mc\"",\""ordinary\"",\""gjensidige-mc-delkasko\"",null]"", ""[\""gjensidige\"",\""mc\"",\""ordinary\"",\""gjensidige-mc-kasko\"",null]""]",false,false,NOT_RECOVERED,NOT_SPECIFIED,REGISTRY_BINDING_ONLY
35353fc1d7303989,B-032,"[""GAP-5169""]","[""SF-7401""]","[""[\""fremtind\"",\""reise\"",\""ordinary\"",\""fremtind-reise\"",\""PRE-450.200-015\""]""]",false,false,NOT_RECOVERED,NOT_SPECIFIED,REGISTRY_BINDING_ONLY
353ea059f16f241b,B-124,"[""GAP-2841""]","[""SF-3987""]","[""[\""gjensidige\"",\""båt\"",\""ordinary\"",\""gjensidige-bat-pluss\"",null]""]",false,false,NOT_RECOVERED,NOT_SPECIFIED,REGISTRY_BINDING_ONLY
358fa3913351c980,B-052,"[""GAP-1992""]","[""SF-2869""]","[""[\""gjensidige\"",\""innbo\"",\""ordinary\"",\""gj-innbo\"",null]""]",false,false,NOT_RECOVERED,NOT_SPECIFIED,REGISTRY_BINDING_ONLY
3597f856a3fb5815,B-038,"[""GAP-1257""]","[""SF-1872""]","[""[\""frende\"",\""hund\"",\""ordinary\"",\""frende-hund-veterin-r\"",\""2026-01-01\""]""]",false,false,NOT_RECOVERED,NOT_SPECIFIED,REGISTRY_BINDING_ONLY
35c58fbc06cf6e7d,B-051,"[""GAP-2106"", ""GAP-2165""]","[""SF-3019"", ""SF-3106""]","[""[\""gjensidige\"",\""bolig\"",\""ordinary\"",\""gjensidige-hus\"",\""Alminnelige vilkår\""]"", ""[\""gjensidige\"",\""bolig\"",\""ordinary\"",\""gjensidige-hus-pluss\"",\""Alminnelige vilkår\""]""]",false,false,NOT_RECOVERED,NOT_SPECIFIED,REGISTRY_BINDING_ONLY
365ac075c1e01d44,B-062,"[""GAP-3779"", ""GAP-3802"", ""GAP-3828""]","[""SF-5396"", ""SF-5423"", ""SF-5453""]","[""[\""if\"",\""hund\"",\""ordinary\"",\""if-hund-basis\"",\""2022-12-01\""]"", ""[\""if\"",\""hund\"",\""ordinary\"",\""if-hund-standard\"",\""2022-12-01\""]"", ""[\""if\"",\""hund\"",\""ordinary\"",\""if-hund-super\"",\""2022-12-01\""]""]",false,false,NOT_RECOVERED,NOT_SPECIFIED,REGISTRY_BINDING_ONLY
3699bb66eb6a79a3,B-054,"[""GAP-2307"", ""GAP-2348"", ""GAP-2392""]","[""SF-3330"", ""SF-3379"", ""SF-3435""]","[""[\""gjensidige\"",\""mc\"",\""ordinary\"",\""gjensidige-mc-ansvar\"",null]"", ""[\""gjensidige\"",\""mc\"",\""ordinary\"",\""gjensidige-mc-delkasko\"",null]"", ""[\""gjensidige\"",\""mc\"",\""ordinary\"",\""gjensidige-mc-kasko\"",null]""]",false,false,NOT_RECOVERED,NOT_SPECIFIED,REGISTRY_BINDING_ONLY
369e717466e136f0,B-132,"[""GAP-2926""]","[""SF-4081""]","[""[\""gjensidige\"",\""katt\"",\""ordinary\"",\""gjensidige-katt-behandling\"",null]""]",false,false,NOT_RECOVERED,NOT_SPECIFIED,REGISTRY_BINDING_ONLY
36b4053b4566c373,B-052,"[""GAP-2051""]","[""SF-2943""]","[""[\""gjensidige\"",\""innbo\"",\""ordinary\"",\""gj-innbo-pluss\"",null]""]",false,false,NOT_RECOVERED,NOT_SPECIFIED,REGISTRY_BINDING_ONLY
36e149c5b1b6a5f1,B-088,"[""GAP-4139"", ""GAP-4156"", ""GAP-4173"", ""GAP-4192""]","[""SF-5935"", ""SF-5958"", ""SF-5981"", ""SF-6005""]","[""[\""tryg\"",\""campingvogn\"",\""ordinary\"",\""tryg-campingvogn-brann\"",\""2026-01-01\""]"", ""[\""tryg\"",\""campingvogn\"",\""ordinary\"",\""tryg-campingvogn-brann-og-tyveri\"",\""2026-01-01\""]"", ""[\""tryg\"",\""campingvogn\"",\""ordinary\"",\""tryg-campingvogn-campingvogn-ekstra\"",\""2026-01-01\""]"", ""[\""tryg\"",\""campingvogn\"",\""ordinary\"",\""tryg-campingvogn-kasko\"",\""2026-01-01\""]""]",false,false,NOT_RECOVERED,NOT_SPECIFIED,REGISTRY_BINDING_ONLY
3732c8c4b7626112,B-168,"[""GAP-1088"", ""GAP-1140""]","[""SF-1665"", ""SF-1730""]","[""[\""storebrand\"",\""reise\"",\""ordinary\"",\""storebrand-reise-standard\"",\""2026-09-20-canonical\""]"", ""[\""storebrand\"",\""reise\"",\""ordinary\"",\""storebrand-reise-super\"",\""2026-09-20-canonical\""]""]",false,false,NOT_RECOVERED,NOT_SPECIFIED,REGISTRY_BINDING_ONLY
373413bc13517ff4,B-050,"[""GAP-2896""]","[""SF-4048""]","[""[\""gjensidige\"",\""hund\"",\""ordinary\"",\""gjensidige-hund-behandling\"",null]""]",false,false,NOT_RECOVERED,NOT_SPECIFIED,REGISTRY_BINDING_ONLY
378989acc2337511,B-053,"[""GAP-2930""]","[""SF-4085""]","[""[\""gjensidige\"",\""katt\"",\""ordinary\"",\""gjensidige-katt-behandling\"",null]""]",false,false,NOT_RECOVERED,NOT_SPECIFIED,REGISTRY_BINDING_ONLY
37a9f587dcfa827a,B-162,"[""GAP-0153"", ""GAP-0220""]","[""SF-0275"", ""SF-0363""]","[""[\""storebrand\"",\""hund\"",\""ordinary\"",\""storebrand-hund-veterin-r\"",\""2025-02-01\""]"", ""[\""storebrand\"",\""hund\"",\""ordinary\"",\""storebrand-hund-veterin-r-og-d-dsfall\"",\""2025-02-01\""]""]",false,false,NOT_RECOVERED,NOT_SPECIFIED,REGISTRY_BINDING_ONLY
37b36a5c71ec7d6e,B-030,"[""GAP-5028"", ""GAP-5069""]","[""SF-7209"", ""SF-7260""]","[""[\""fremtind\"",\""innbo\"",\""ordinary\"",\""fremtind-innbo-standard\"",\""2025-01-01\""]"", ""[\""fremtind\"",\""innbo\"",\""ordinary\"",\""fremtind-innbo-topp\"",\""2025-01-01\""]""]",false,false,NOT_RECOVERED,NOT_SPECIFIED,REGISTRY_BINDING_ONLY
37d90b7b411a4f21,B-082,"[""GAP-1059"", ""GAP-1111""]","[""SF-1629"", ""SF-1694""]","[""[\""storebrand\"",\""reise\"",\""ordinary\"",\""storebrand-reise-standard\"",\""2026-09-20-canonical\""]"", ""[\""storebrand\"",\""reise\"",\""ordinary\"",\""storebrand-reise-super\"",\""2026-09-20-canonical\""]""]",false,false,NOT_RECOVERED,NOT_SPECIFIED,REGISTRY_BINDING_ONLY
381a1344b4781e69,B-156,"[""GAP-5610""]","[""SF-7956""]","[""[\""sparebank1-fremtind\"",\""katt\"",\""ordinary\"",\""sparebank1-fremtind-katt-veterin-r\"",\""2025-08-07\""]""]",false,false,NOT_RECOVERED,NOT_SPECIFIED,REGISTRY_BINDING_ONLY
382d34c4d4cda824,B-133,"[""GAP-2925""]","[""SF-4080""]","[""[\""gjensidige\"",\""katt\"",\""ordinary\"",\""gjensidige-katt-behandling\"",null]""]",false,false,NOT_RECOVERED,NOT_SPECIFIED,REGISTRY_BINDING_ONLY
385d0c2172a2a0aa,B-039,"[""GAP-0319""]","[""SF-0579""]","[""[\""frende\"",\""bolig\"",\""ordinary\"",\""frende-hus-utvidet\"",\""2026-09-01\""]""]",false,false,NOT_RECOVERED,NOT_SPECIFIED,REGISTRY_BINDING_ONLY
389d23e5ea3cea66,B-148,"[""GAP-3861"", ""GAP-3880"", ""GAP-3901""]","[""SF-5490"", ""SF-5513"", ""SF-5538""]","[""[\""if\"",\""katt\"",\""ordinary\"",\""if-katt-basis\"",\""2022-12-01\""]"", ""[\""if\"",\""katt\"",\""ordinary\"",\""if-katt-standard\"",\""2022-12-01\""]"", ""[\""if\"",\""katt\"",\""ordinary\"",\""if-katt-super\"",\""2022-12-01\""]""]",false,false,NOT_RECOVERED,NOT_SPECIFIED,REGISTRY_BINDING_ONLY
38b69a8f6083b028,B-115,"[""GAP-0280""]","[""SF-0463""]","[""[\""frende\"",\""innbo\"",\""ordinary\"",\""frende-innbo-standard\"",\""2026-09-01\""]""]",false,false,NOT_RECOVERED,NOT_SPECIFIED,REGISTRY_BINDING_ONLY
38f4b007bc33f19b,B-087,"[""GAP-4324""]","[""SF-6174""]","[""[\""tryg\"",\""båt\"",\""ordinary\"",\""tryg-bat-bat-ekstra\"",\""2024-07-01\""]""]",false,false,NOT_RECOVERED,NOT_SPECIFIED,REGISTRY_BINDING_ONLY
39004461b9b244ff,B-047,"[""GAP-2407"", ""GAP-2430"", ""GAP-2469"", ""GAP-2509""]","[""SF-3454"", ""SF-3481"", ""SF-3527"", ""SF-3580""]","[""[\""gjensidige\"",\""bobil\"",\""ordinary\"",\""gjensidige-bobil-ansvar\"",null]"", ""[\""gjensidige\"",\""bobil\"",\""ordinary\"",\""gjensidige-bobil-delkasko\"",null]"", ""[\""gjensidige\"",\""bobil\"",\""ordinary\"",\""gjensidige-bobil-kasko\"",null]"", ""[\""gjensidige\"",\""bobil\"",\""ordinary\"",\""gjensidige-bobil-pluss\"",null]""]",false,false,NOT_RECOVERED,NOT_SPECIFIED,REGISTRY_BINDING_ONLY
390d78815113e70c,B-078,"[""GAP-0954"", ""GAP-1000""]","[""SF-1476"", ""SF-1548""]","[""[\""storebrand\"",\""bolig\"",\""ordinary\"",\""storebrand-hus-standard\"",\""2025-08-15\""]"", ""[\""storebrand\"",\""bolig\"",\""ordinary\"",\""storebrand-hus-super\"",\""2025-08-15\""]""]",false,false,NOT_RECOVERED,NOT_SPECIFIED,REGISTRY_BINDING_ONLY
392bec1d96212756,B-103,"[""GAP-5026"", ""GAP-5067""]","[""SF-7206"", ""SF-7257""]","[""[\""fremtind\"",\""innbo\"",\""ordinary\"",\""fremtind-innbo-standard\"",\""2025-01-01\""]"", ""[\""fremtind\"",\""innbo\"",\""ordinary\"",\""fremtind-innbo-topp\"",\""2025-01-01\""]""]",false,false,NOT_RECOVERED,NOT_SPECIFIED,REGISTRY_BINDING_ONLY
39704729f0bdbd8b,B-055,"[""GAP-2280""]","[""SF-3288""]","[""[\""gjensidige\"",\""reise\"",\""ordinary\"",\""gjensidige-reise-pluss\"",\""2026-09-20-canonical\""]""]",false,false,NOT_RECOVERED,NOT_SPECIFIED,REGISTRY_BINDING_ONLY
397faf38498ae0a2,B-078,"[""GAP-1031""]","[""SF-1586""]","[""[\""storebrand\"",\""bolig\"",\""ordinary\"",\""storebrand-hus-super\"",\""2025-08-15\""]""]",false,false,NOT_RECOVERED,NOT_SPECIFIED,REGISTRY_BINDING_ONLY
39e91117619c83c9,B-083,"[""GAP-0476"", ""GAP-0505"", ""GAP-0536""]","[""SF-0827"", ""SF-0860"", ""SF-0895""]","[""[\""storebrand\"",\""snøscooter\"",\""ordinary\"",\""storebrand-snoscooter-ansvar\"",\""2025-04-01\""]"", ""[\""storebrand\"",\""snøscooter\"",\""ordinary\"",\""storebrand-snoscooter-delkasko\"",\""2025-04-01\""]"", ""[\""storebrand\"",\""snøscooter\"",\""ordinary\"",\""storebrand-snoscooter-kasko\"",\""2025-04-01\""]""]",false,false,NOT_RECOVERED,NOT_SPECIFIED,REGISTRY_BINDING_ONLY
3a0c46bebcfafd0f,B-077,"[""GAP-0148"", ""GAP-0215""]","[""SF-0270"", ""SF-0358""]","[""[\""storebrand\"",\""hund\"",\""ordinary\"",\""storebrand-hund-veterin-r\"",\""2025-02-01\""]"", ""[\""storebrand\"",\""hund\"",\""ordinary\"",\""storebrand-hund-veterin-r-og-d-dsfall\"",\""2025-02-01\""]""]",false,false,NOT_RECOVERED,NOT_SPECIFIED,REGISTRY_BINDING_ONLY
3a1e24524cebab2d,B-155,"[""GAP-5605""]","[""SF-7949""]","[""[\""sparebank1-fremtind\"",\""hund\"",\""ordinary\"",\""sparebank1-fremtind-hund-veterin-r\"",\""2025-08-07\""]""]",false,false,NOT_RECOVERED,NOT_SPECIFIED,REGISTRY_BINDING_ONLY
3a4dbb67a00d86f4,B-191,"[""GAP-5032"", ""GAP-5073""]","[""SF-7213"", ""SF-7264""]","[""[\""fremtind\"",\""innbo\"",\""ordinary\"",\""fremtind-innbo-standard\"",\""2025-01-01\""]"", ""[\""fremtind\"",\""innbo\"",\""ordinary\"",\""fremtind-innbo-topp\"",\""2025-01-01\""]""]",false,false,NOT_RECOVERED,NOT_SPECIFIED,REGISTRY_BINDING_ONLY
3a8dbfec7fe824d2,B-054,"[""GAP-2305"", ""GAP-2346"", ""GAP-2390""]","[""SF-3328"", ""SF-3377"", ""SF-3433""]","[""[\""gjensidige\"",\""mc\"",\""ordinary\"",\""gjensidige-mc-ansvar\"",null]"", ""[\""gjensidige\"",\""mc\"",\""ordinary\"",\""gjensidige-mc-delkasko\"",null]"", ""[\""gjensidige\"",\""mc\"",\""ordinary\"",\""gjensidige-mc-kasko\"",null]""]",false,false,NOT_RECOVERED,NOT_SPECIFIED,REGISTRY_BINDING_ONLY
3a94af5f340280b1,B-073,"[""GAP-0399"", ""GAP-0400"", ""GAP-0444"", ""GAP-0445""]","[""SF-0732"", ""SF-0733"", ""SF-0791"", ""SF-0792""]","[""[\""storebrand\"",\""bil\"",\""ordinary\"",\""sb-bil-kasko\"",\""motor09\""]"", ""[\""storebrand\"",\""bil\"",\""ordinary\"",\""sb-bil-super\"",\""motor09\""]""]",false,false,NOT_RECOVERED,NOT_SPECIFIED,REGISTRY_BINDING_ONLY
3ab0678977bcf087,B-079,"[""GAP-0863"", ""GAP-0909""]","[""SF-1334"", ""SF-1404""]","[""[\""storebrand\"",\""innbo\"",\""ordinary\"",\""sb-innbo-standard\"",\""innbo09\""]"", ""[\""storebrand\"",\""innbo\"",\""ordinary\"",\""sb-innbo-super\"",\""innbo09\""]""]",false,false,NOT_RECOVERED,NOT_SPECIFIED,REGISTRY_BINDING_ONLY
3ac19b60cea8e5aa,B-060,"[""GAP-3684"", ""GAP-3726"", ""GAP-3772""]","[""SF-5287"", ""SF-5334"", ""SF-5387""]","[""[\""if\"",\""båt\"",\""ordinary\"",\""if-bat-delkasko\"",\""2023-02-01\""]"", ""[\""if\"",\""båt\"",\""ordinary\"",\""if-bat-kasko\"",\""2023-02-01\""]"", ""[\""if\"",\""båt\"",\""ordinary\"",\""if-bat-super\"",\""2023-02-01\""]""]",false,false,NOT_RECOVERED,NOT_SPECIFIED,REGISTRY_BINDING_ONLY
3ad25f503ce921f7,B-068,"[""GAP-3161"", ""GAP-3174"", ""GAP-3197""]","[""SF-4470"", ""SF-4486"", ""SF-4516""]","[""[\""if\"",\""snøscooter\"",\""ordinary\"",\""if-snoscooter-ansvar\"",\""2024-03\""]"", ""[\""if\"",\""snøscooter\"",\""ordinary\"",\""if-snoscooter-delkasko\"",\""2024-03\""]"", ""[\""if\"",\""snøscooter\"",\""ordinary\"",\""if-snoscooter-kasko\"",\""2024-03\""]""]",false,false,NOT_RECOVERED,NOT_SPECIFIED,REGISTRY_BINDING_ONLY
3ada582ab7501f6b,B-145,"[""GAP-3475"", ""GAP-3505"", ""GAP-3540""]","[""SF-4906"", ""SF-4978"", ""SF-5055""]","[""[\""if\"",\""bolig\"",\""ordinary\"",\""if-hus-basis\"",\""2023-09\""]"", ""[\""if\"",\""bolig\"",\""ordinary\"",\""if-hus-super\"",\""2023-09\""]"", ""[\""if\"",\""bolig\"",\""ordinary\"",\""if-hus-utvidet\"",\""2023-09\""]""]",false,false,NOT_RECOVERED,NOT_SPECIFIED,REGISTRY_BINDING_ONLY
3b1cb1eb33398bda,B-035,"[""GAP-1537"", ""GAP-1565"", ""GAP-1599"", ""GAP-1631""]","[""SF-2262"", ""SF-2298"", ""SF-2348"", ""SF-2398""]","[""[\""frende\"",\""bobil\"",\""ordinary\"",\""frende-bobil-ansvar\"",\""2026-01-01\""]"", ""[\""frende\"",\""bobil\"",\""ordinary\"",\""frende-bobil-delkasko\"",\""2026-01-01\""]"", ""[\""frende\"",\""bobil\"",\""ordinary\"",\""frende-bobil-kasko\"",\""2026-01-01\""]"", ""[\""frende\"",\""bobil\"",\""ordinary\"",\""frende-bobil-utvidet\"",\""2026-01-01\""]""]",false,false,NOT_RECOVERED,NOT_SPECIFIED,REGISTRY_BINDING_ONLY
3b2827e82907124b,B-026,"[""GAP-5274"", ""GAP-5288""]","[""SF-7526"", ""SF-7544""]","[""[\""eika-fremtind\"",\""snøscooter\"",\""ordinary\"",\""eika-fremtind-snoscooter-kasko\"",\""2023-10-29\""]"", ""[\""eika-fremtind\"",\""snøscooter\"",\""ordinary\"",\""eika-fremtind-snoscooter-minikasko\"",\""2023-10-29\""]""]",false,false,NOT_RECOVERED,NOT_SPECIFIED,REGISTRY_BINDING_ONLY
3b2c09b3510549f8,B-108,"[""GAP-1540"", ""GAP-1568"", ""GAP-1602"", ""GAP-1634""]","[""SF-2266"", ""SF-2302"", ""SF-2352"", ""SF-2402""]","[""[\""frende\"",\""bobil\"",\""ordinary\"",\""frende-bobil-ansvar\"",\""2026-01-01\""]"", ""[\""frende\"",\""bobil\"",\""ordinary\"",\""frende-bobil-delkasko\"",\""2026-01-01\""]"", ""[\""frende\"",\""bobil\"",\""ordinary\"",\""frende-bobil-kasko\"",\""2026-01-01\""]"", ""[\""frende\"",\""bobil\"",\""ordinary\"",\""frende-bobil-utvidet\"",\""2026-01-01\""]""]",false,false,NOT_RECOVERED,NOT_SPECIFIED,REGISTRY_BINDING_ONLY
3b4532f1ddc3c2ed,B-121,"[""GAP-1905"", ""GAP-1953""]","[""SF-2748"", ""SF-2813""]","[""[\""gjensidige\"",\""bil\"",\""ordinary\"",\""gj-bil-kasko\"",null]"", ""[\""gjensidige\"",\""bil\"",\""ordinary\"",\""gj-bil-pluss\"",null]""]",false,false,NOT_RECOVERED,NOT_SPECIFIED,REGISTRY_BINDING_ONLY
3ba65b64b9873776,B-064,"[""GAP-3433""]","[""SF-4826""]","[""[\""if\"",\""innbo\"",\""ordinary\"",\""if-innbo-super\"",\""IBO2-1\""]""]",false,false,NOT_RECOVERED,NOT_SPECIFIED,REGISTRY_BINDING_ONLY
3bab5adbcd71c152,B-076,"[""GAP-0745"", ""GAP-0770""]","[""SF-1177"", ""SF-1207""]","[""[\""storebrand\"",\""campingvogn\"",\""ordinary\"",\""storebrand-campingvogn-brann-og-tyveri\"",\""2026-03-01\""]"", ""[\""storebrand\"",\""campingvogn\"",\""ordinary\"",\""storebrand-campingvogn-kasko\"",\""2026-03-01\""]""]",false,false,NOT_RECOVERED,NOT_SPECIFIED,REGISTRY_BINDING_ONLY
3c306dcb857d247c,B-092,"[""GAP-3974"", ""GAP-3992"", ""GAP-4010""]","[""SF-5690"", ""SF-5715"", ""SF-5740""]","[""[\""tryg\"",\""mc\"",\""ordinary\"",\""tryg-mc-delkasko\"",\""2026-01-01\""]"", ""[\""tryg\"",\""mc\"",\""ordinary\"",\""tryg-mc-kasko\"",\""2026-07-01\""]"", ""[\""tryg\"",\""mc\"",\""ordinary\"",\""tryg-mc-mc-ekstra\"",\""2026-07-01\""]""]",false,false,NOT_RECOVERED,NOT_SPECIFIED,REGISTRY_BINDING_ONLY
3c5d03c25d19fbb5,B-010,"[""GAP-5601""]","[""SF-7944""]","[""[\""sparebank1-fremtind\"",\""hund\"",\""ordinary\"",\""sparebank1-fremtind-hund-veterin-r\"",\""2025-08-07\""]""]",true,false,NOT_RECOVERED,NOT_SPECIFIED,ARCHIVED_BASELINE
3c6ddcaf64798ea2,B-105,"[""GAP-5163""]","[""SF-7394""]","[""[\""fremtind\"",\""reise\"",\""ordinary\"",\""fremtind-reise\"",\""PRE-450.200-015\""]""]",false,false,NOT_RECOVERED,NOT_SPECIFIED,REGISTRY_BINDING_ONLY
3ca83d138a305415,B-048,"[""GAP-2747"", ""GAP-2783"", ""GAP-2825""]","[""SF-3881"", ""SF-3922"", ""SF-3969""]","[""[\""gjensidige\"",\""båt\"",\""ordinary\"",\""gjensidige-bat-delkasko\"",null]"", ""[\""gjensidige\"",\""båt\"",\""ordinary\"",\""gjensidige-bat-kasko\"",null]"", ""[\""gjensidige\"",\""båt\"",\""ordinary\"",\""gjensidige-bat-pluss\"",null]""]",false,false,NOT_RECOVERED,NOT_SPECIFIED,REGISTRY_BINDING_ONLY
3cd1117a6400ff68,B-126,"[""GAP-2644"", ""GAP-2664"", ""GAP-2686""]","[""SF-3755"", ""SF-3780"", ""SF-3807""]","[""[\""gjensidige\"",\""campingvogn\"",\""ordinary\"",\""gjensidige-campingvogn-delkasko\"",null]"", ""[\""gjensidige\"",\""campingvogn\"",\""ordinary\"",\""gjensidige-campingvogn-kasko\"",null]"", ""[\""gjensidige\"",\""campingvogn\"",\""ordinary\"",\""gjensidige-campingvogn-pluss\"",null]""]",false,false,NOT_RECOVERED,NOT_SPECIFIED,REGISTRY_BINDING_ONLY
3cd4570ad2205b08,B-028,"[""GAP-5444"", ""GAP-5480""]","[""SF-7745"", ""SF-7796""]","[""[\""fremtind\"",\""bobil\"",\""ordinary-dnb\"",\""fremtind-bobil-kasko\"",\""2025-09-18\""]"", ""[\""fremtind\"",\""bobil\"",\""ordinary-dnb\"",\""fremtind-bobil-topp\"",\""2025-09-18\""]""]",false,false,NOT_RECOVERED,NOT_SPECIFIED,REGISTRY_BINDING_ONLY
3d4cf2fefa64bbf3,B-063,"[""GAP-3527""]","[""SF-5036""]","[""[\""if\"",\""bolig\"",\""ordinary\"",\""if-hus-super\"",\""2023-09\""]""]",false,false,NOT_RECOVERED,NOT_SPECIFIED,REGISTRY_BINDING_ONLY
3d4ee18bb6b094da,B-057,"[""GAP-2707"", ""GAP-2722""]","[""SF-3832"", ""SF-3852""]","[""[\""gjensidige\"",\""tilhenger\"",\""ordinary\"",\""gjensidige-tilhenger-delkasko\"",null]"", ""[\""gjensidige\"",\""tilhenger\"",\""ordinary\"",\""gjensidige-tilhenger-kasko\"",null]""]",false,false,NOT_RECOVERED,NOT_SPECIFIED,REGISTRY_BINDING_ONLY
3d63d26e73331fc6,B-055,"[""GAP-2205"", ""GAP-2250""]","[""SF-3171"", ""SF-3246""]","[""[\""gjensidige\"",\""reise\"",\""ordinary\"",\""gjensidige-reise\"",\""2026-09-20-canonical\""]"", ""[\""gjensidige\"",\""reise\"",\""ordinary\"",\""gjensidige-reise-pluss\"",\""2026-09-20-canonical\""]""]",false,false,NOT_RECOVERED,NOT_SPECIFIED,REGISTRY_BINDING_ONLY
3dd52b563cd67bd2,B-083,"[""GAP-0489"", ""GAP-0518""]","[""SF-0842"", ""SF-0875""]","[""[\""storebrand\"",\""snøscooter\"",\""ordinary\"",\""storebrand-snoscooter-delkasko\"",\""2025-04-01\""]"", ""[\""storebrand\"",\""snøscooter\"",\""ordinary\"",\""storebrand-snoscooter-kasko\"",\""2025-04-01\""]""]",false,false,NOT_RECOVERED,NOT_SPECIFIED,REGISTRY_BINDING_ONLY
3de48100ccddd894,B-083,"[""GAP-0486"", ""GAP-0515""]","[""SF-0839"", ""SF-0872""]","[""[\""storebrand\"",\""snøscooter\"",\""ordinary\"",\""storebrand-snoscooter-delkasko\"",\""2025-04-01\""]"", ""[\""storebrand\"",\""snøscooter\"",\""ordinary\"",\""storebrand-snoscooter-kasko\"",\""2025-04-01\""]""]",false,false,NOT_RECOVERED,NOT_SPECIFIED,REGISTRY_BINDING_ONLY
3e46568326d5e730,B-108,"[""GAP-1523"", ""GAP-1524"", ""GAP-1527""]","[""SF-2232"", ""SF-2236"", ""SF-2245""]","[""[\""frende\"",\""bobil\"",\""ordinary\"",\""frende-bobil-delkasko\"",\""2026-01-01\""]"", ""[\""frende\"",\""bobil\"",\""ordinary\"",\""frende-bobil-kasko\"",\""2026-01-01\""]"", ""[\""frende\"",\""bobil\"",\""ordinary\"",\""frende-bobil-utvidet\"",\""2026-01-01\""]""]",false,false,NOT_RECOVERED,NOT_SPECIFIED,REGISTRY_BINDING_ONLY
3e4f63d32c6df170,B-075,"[""GAP-0065"", ""GAP-0073"", ""GAP-0081""]","[""SF-0101"", ""SF-0111"", ""SF-0121""]","[""[\""storebrand\"",\""båt\"",\""ordinary\"",\""storebrand-bat-delkasko\"",\""2024-09-01\""]"", ""[\""storebrand\"",\""båt\"",\""ordinary\"",\""storebrand-bat-kasko\"",\""2024-09-01\""]"", ""[\""storebrand\"",\""båt\"",\""ordinary\"",\""storebrand-bat-super\"",\""2024-09-01\""]""]",false,false,NOT_RECOVERED,NOT_SPECIFIED,REGISTRY_BINDING_ONLY
3ec42575689995f6,B-055,"[""GAP-2213"", ""GAP-2259""]","[""SF-3181"", ""SF-3256""]","[""[\""gjensidige\"",\""reise\"",\""ordinary\"",\""gjensidige-reise\"",\""2026-09-20-canonical\""]"", ""[\""gjensidige\"",\""reise\"",\""ordinary\"",\""gjensidige-reise-pluss\"",\""2026-09-20-canonical\""]""]",false,false,NOT_RECOVERED,NOT_SPECIFIED,REGISTRY_BINDING_ONLY
3ed3efa6bd8d3086,B-076,"[""GAP-0733"", ""GAP-0757"", ""GAP-0782""]","[""SF-1165"", ""SF-1193"", ""SF-1223""]","[""[\""storebrand\"",\""campingvogn\"",\""ordinary\"",\""storebrand-campingvogn-brann-og-tyveri\"",\""2026-03-01\""]"", ""[\""storebrand\"",\""campingvogn\"",\""ordinary\"",\""storebrand-campingvogn-kasko\"",\""2026-03-01\""]"", ""[\""storebrand\"",\""campingvogn\"",\""ordinary\"",\""storebrand-campingvogn-super\"",\""2026-03-01\""]""]",false,false,NOT_RECOVERED,NOT_SPECIFIED,REGISTRY_BINDING_ONLY
3edfd5a4c81c30e1,B-078,"[""GAP-0958"", ""GAP-1004""]","[""SF-1480"", ""SF-1552""]","[""[\""storebrand\"",\""bolig\"",\""ordinary\"",\""storebrand-hus-standard\"",\""2025-08-15\""]"", ""[\""storebrand\"",\""bolig\"",\""ordinary\"",\""storebrand-hus-super\"",\""2025-08-15\""]""]",false,false,NOT_RECOVERED,NOT_SPECIFIED,REGISTRY_BINDING_ONLY
3f22f36a0a5c2efe,B-113,"[""GAP-1266""]","[""SF-1881""]","[""[\""frende\"",\""hund\"",\""ordinary\"",\""frende-hund-veterin-r\"",\""2026-01-01\""]""]",false,false,NOT_RECOVERED,NOT_SPECIFIED,REGISTRY_BINDING_ONLY
3f4b9eff50404590,B-050,"[""GAP-2869""]","[""SF-4018""]","[""[\""gjensidige\"",\""hund\"",\""ordinary\"",\""gjensidige-hund-behandling\"",null]""]",false,false,NOT_RECOVERED,OPEN,CONVERSATION_ONLY
3f6b98e8ad3d409a,B-078,"[""GAP-0961"", ""GAP-1007""]","[""SF-1483"", ""SF-1555""]","[""[\""storebrand\"",\""bolig\"",\""ordinary\"",\""storebrand-hus-standard\"",\""2025-08-15\""]"", ""[\""storebrand\"",\""bolig\"",\""ordinary\"",\""storebrand-hus-super\"",\""2025-08-15\""]""]",false,false,NOT_RECOVERED,NOT_SPECIFIED,REGISTRY_BINDING_ONLY
3f9c134a90c83677,B-037,"[""GAP-0116"", ""GAP-0117""]","[""SF-0195"", ""SF-0196""]","[""[\""frende\"",\""campingvogn\"",\""ordinary\"",\""frende-campingvogn-brann-og-tyveri\"",\""2026-01-01\""]"", ""[\""frende\"",\""campingvogn\"",\""ordinary\"",\""frende-campingvogn-kasko\"",\""2026-01-01\""]""]",false,false,NOT_RECOVERED,NOT_SPECIFIED,REGISTRY_BINDING_ONLY
3f9e6bcccf39940f,B-144,"[""GAP-3786"", ""GAP-3809"", ""GAP-3835""]","[""SF-5403"", ""SF-5430"", ""SF-5460""]","[""[\""if\"",\""hund\"",\""ordinary\"",\""if-hund-basis\"",\""2022-12-01\""]"", ""[\""if\"",\""hund\"",\""ordinary\"",\""if-hund-standard\"",\""2022-12-01\""]"", ""[\""if\"",\""hund\"",\""ordinary\"",\""if-hund-super\"",\""2022-12-01\""]""]",false,false,NOT_RECOVERED,NOT_SPECIFIED,REGISTRY_BINDING_ONLY
3faaa47ef10d5767,B-088,"[""GAP-4154"", ""GAP-4171"", ""GAP-4189""]","[""SF-5955"", ""SF-5978"", ""SF-6002""]","[""[\""tryg\"",\""campingvogn\"",\""ordinary\"",\""tryg-campingvogn-brann-og-tyveri\"",\""2026-01-01\""]"", ""[\""tryg\"",\""campingvogn\"",\""ordinary\"",\""tryg-campingvogn-campingvogn-ekstra\"",\""2026-01-01\""]"", ""[\""tryg\"",\""campingvogn\"",\""ordinary\"",\""tryg-campingvogn-kasko\"",\""2026-01-01\""]""]",false,false,NOT_RECOVERED,NOT_SPECIFIED,REGISTRY_BINDING_ONLY
3fb824ae75f6bd90,B-082,"[""GAP-1078"", ""GAP-1130""]","[""SF-1654"", ""SF-1719""]","[""[\""storebrand\"",\""reise\"",\""ordinary\"",\""storebrand-reise-standard\"",\""2026-09-20-canonical\""]"", ""[\""storebrand\"",\""reise\"",\""ordinary\"",\""storebrand-reise-super\"",\""2026-09-20-canonical\""]""]",false,false,NOT_RECOVERED,NOT_SPECIFIED,REGISTRY_BINDING_ONLY
3ff115fa72b6972f,B-062,"[""GAP-0029""]","[""SF-0044""]","[""[\""if\"",\""hund\"",\""ordinary\"",\""if-hund-standard\"",\""2022-12-01\""]""]",false,false,NOT_RECOVERED,NOT_SPECIFIED,REGISTRY_BINDING_ONLY
4002bd4321e3175c,B-082,"[""GAP-1065"", ""GAP-1117""]","[""SF-1638"", ""SF-1703""]","[""[\""storebrand\"",\""reise\"",\""ordinary\"",\""storebrand-reise-standard\"",\""2026-09-20-canonical\""]"", ""[\""storebrand\"",\""reise\"",\""ordinary\"",\""storebrand-reise-super\"",\""2026-09-20-canonical\""]""]",false,false,NOT_RECOVERED,NOT_SPECIFIED,REGISTRY_BINDING_ONLY
4020e0b635ed18fd,B-187,"[""GAP-2892""]","[""SF-4044""]","[""[\""gjensidige\"",\""hund\"",\""ordinary\"",\""gjensidige-hund-behandling\"",null]""]",false,false,NOT_RECOVERED,NOT_SPECIFIED,REGISTRY_BINDING_ONLY
403c9b3f0e9aa19f,B-051,"[""GAP-2082"", ""GAP-2136""]","[""SF-2985"", ""SF-3069""]","[""[\""gjensidige\"",\""bolig\"",\""ordinary\"",\""gjensidige-hus\"",\""Alminnelige vilkår\""]"", ""[\""gjensidige\"",\""bolig\"",\""ordinary\"",\""gjensidige-hus-pluss\"",\""Alminnelige vilkår\""]""]",false,false,NOT_RECOVERED,NOT_SPECIFIED,REGISTRY_BINDING_ONLY
4059ea7290fe57f1,B-055,"[""GAP-2233"", ""GAP-2286""]","[""SF-3215"", ""SF-3301""]","[""[\""gjensidige\"",\""reise\"",\""ordinary\"",\""gjensidige-reise\"",\""2026-09-20-canonical\""]"", ""[\""gjensidige\"",\""reise\"",\""ordinary\"",\""gjensidige-reise-pluss\"",\""2026-09-20-canonical\""]""]",false,false,NOT_RECOVERED,NOT_SPECIFIED,REGISTRY_BINDING_ONLY
40835371725b8ef0,B-143,"[""GAP-3776"", ""GAP-3799"", ""GAP-3825""]","[""SF-5393"", ""SF-5420"", ""SF-5450""]","[""[\""if\"",\""hund\"",\""ordinary\"",\""if-hund-basis\"",\""2022-12-01\""]"", ""[\""if\"",\""hund\"",\""ordinary\"",\""if-hund-standard\"",\""2022-12-01\""]"", ""[\""if\"",\""hund\"",\""ordinary\"",\""if-hund-super\"",\""2022-12-01\""]""]",false,false,NOT_RECOVERED,NOT_SPECIFIED,REGISTRY_BINDING_ONLY
4091848d2d30b0ce,B-039,"[""GAP-0298"", ""GAP-0313""]","[""SF-0513"", ""SF-0561""]","[""[\""frende\"",\""bolig\"",\""ordinary\"",\""frende-hus-standard\"",\""2026-09-01\""]"", ""[\""frende\"",\""bolig\"",\""ordinary\"",\""frende-hus-utvidet\"",\""2026-09-01\""]""]",false,false,NOT_RECOVERED,NOT_SPECIFIED,REGISTRY_BINDING_ONLY
40a5161cc927eb64,B-094,"[""GAP-4094"", ""GAP-4095"", ""GAP-4107"", ""GAP-4108"", ""GAP-4124"", ""GAP-4125""]","[""SF-5880"", ""SF-5881"", ""SF-5896"", ""SF-5897"", ""SF-5917"", ""SF-5918""]","[""[\""tryg\"",\""snøscooter\"",\""ordinary\"",\""tryg-snoscooter-ansvar\"",null]"", ""[\""tryg\"",\""snøscooter\"",\""ordinary\"",\""tryg-snoscooter-brann-og-tyveri\"",null]"", ""[\""tryg\"",\""snøscooter\"",\""ordinary\"",\""tryg-snoscooter-kasko\"",null]""]",false,false,NOT_RECOVERED,NOT_SPECIFIED,REGISTRY_BINDING_ONLY
40aaafd6746b4059,B-186,"[""GAP-4246""]","[""SF-6079""]","[""[\""tryg\"",\""tilhenger\"",\""ordinary\"",\""tryg-tilhenger-kasko\"",\""2026-01-01\""]""]",false,false,NOT_RECOVERED,NOT_SPECIFIED,REGISTRY_BINDING_ONLY
40fbf146a7790d0a,B-082,"[""GAP-1081"", ""GAP-1133""]","[""SF-1657"", ""SF-1722""]","[""[\""storebrand\"",\""reise\"",\""ordinary\"",\""storebrand-reise-standard\"",\""2026-09-20-canonical\""]"", ""[\""storebrand\"",\""reise\"",\""ordinary\"",\""storebrand-reise-super\"",\""2026-09-20-canonical\""]""]",false,false,NOT_RECOVERED,NOT_SPECIFIED,REGISTRY_BINDING_ONLY
41206e12c93c0058,B-051,"[""GAP-2092""]","[""SF-2998""]","[""[\""gjensidige\"",\""bolig\"",\""ordinary\"",\""gjensidige-hus\"",\""Alminnelige vilkår\""]""]",false,false,NOT_RECOVERED,NOT_SPECIFIED,REGISTRY_BINDING_ONLY
413747e5b28e8dc2,B-168,"[""GAP-1143""]","[""SF-1734""]","[""[\""storebrand\"",\""reise\"",\""ordinary\"",\""storebrand-reise-super\"",\""2026-09-20-canonical\""]""]",false,false,NOT_RECOVERED,NOT_SPECIFIED,REGISTRY_BINDING_ONLY
413eaf449d1ff4e3,B-044,"[""GAP-1700""]","[""SF-2479""]","[""[\""frende\"",\""snøscooter\"",\""ordinary\"",\""frende-snoscooter-kasko\"",\""2026-01-01\""]""]",false,false,NOT_RECOVERED,NOT_SPECIFIED,REGISTRY_BINDING_ONLY
4165f79344a7d572,B-050,"[""GAP-2868""]","[""SF-4017""]","[""[\""gjensidige\"",\""hund\"",\""ordinary\"",\""gjensidige-hund-behandling\"",null]""]",false,false,NOT_RECOVERED,NOT_SPECIFIED,REGISTRY_BINDING_ONLY
416dfaab0492ce1b,B-051,"[""GAP-2097"", ""GAP-2152""]","[""SF-3006"", ""SF-3089""]","[""[\""gjensidige\"",\""bolig\"",\""ordinary\"",\""gjensidige-hus\"",\""Alminnelige vilkår\""]"", ""[\""gjensidige\"",\""bolig\"",\""ordinary\"",\""gjensidige-hus-pluss\"",\""Alminnelige vilkår\""]""]",false,false,NOT_RECOVERED,NOT_SPECIFIED,REGISTRY_BINDING_ONLY
41d3f3d5b1f7e81c,B-036,"[""GAP-1192"", ""GAP-1229""]","[""SF-1795"", ""SF-1837""]","[""[\""frende\"",\""båt\"",\""ordinary\"",\""frende-bat-kasko\"",\""2026-01-01\""]"", ""[\""frende\"",\""båt\"",\""ordinary\"",\""frende-bat-utvidet\"",\""2026-01-01\""]""]",false,false,NOT_RECOVERED,NOT_SPECIFIED,REGISTRY_BINDING_ONLY
41f1e2535852f2cb,B-177,"[""GAP-4357""]","[""SF-6209""]","[""[\""tryg\"",\""hund\"",\""ordinary\"",\""tryg-hund-behandling\"",\""2026-09-01\""]""]",false,false,NOT_RECOVERED,NOT_SPECIFIED,REGISTRY_BINDING_ONLY
4229dcdeff9cae82,B-157,"[""GAP-5621""]","[""SF-7969""]","[""[\""sparebank1-fremtind\"",\""katt\"",\""ordinary\"",\""sparebank1-fremtind-katt-veterin-r\"",\""2025-08-07\""]""]",false,false,NOT_RECOVERED,NOT_SPECIFIED,REGISTRY_BINDING_ONLY
4259b78847645953,B-056,"[""GAP-2564"", ""GAP-2594"", ""GAP-2625""]","[""SF-3663"", ""SF-3697"", ""SF-3732""]","[""[\""gjensidige\"",\""snøscooter\"",\""ordinary\"",\""gjensidige-snoscooter-ansvar\"",null]"", ""[\""gjensidige\"",\""snøscooter\"",\""ordinary\"",\""gjensidige-snoscooter-delkasko\"",null]"", ""[\""gjensidige\"",\""snøscooter\"",\""ordinary\"",\""gjensidige-snoscooter-kasko\"",null]""]",false,false,NOT_RECOVERED,NOT_SPECIFIED,REGISTRY_BINDING_ONLY
426bb0e9e31fd5a0,B-075,"[""GAP-0058"", ""GAP-0066"", ""GAP-0074""]","[""SF-0094"", ""SF-0104"", ""SF-0114""]","[""[\""storebrand\"",\""båt\"",\""ordinary\"",\""storebrand-bat-delkasko\"",\""2024-09-01\""]"", ""[\""storebrand\"",\""båt\"",\""ordinary\"",\""storebrand-bat-kasko\"",\""2024-09-01\""]"", ""[\""storebrand\"",\""båt\"",\""ordinary\"",\""storebrand-bat-super\"",\""2024-09-01\""]""]",false,false,NOT_RECOVERED,NOT_SPECIFIED,REGISTRY_BINDING_ONLY
4298f951ca3c66c3,B-205,"[""GAP-5200"", ""GAP-5236""]","[""SF-7439"", ""SF-7482""]","[""[\""fremtind-eika-legacy\"",\""reise\"",\""ordinary\"",\""eika-reise-p10\"",\""P10-P10P-2025-01-01\""]"", ""[\""fremtind-eika-legacy\"",\""reise\"",\""ordinary\"",\""eika-reise-pluss-p10\"",\""P10-P10P-2025-01-01\""]""]",false,true,NOT_RECOVERED,NOT_SPECIFIED,ARCHIVED_BASELINE
429f7ef42f7b3816,B-074,"[""GAP-0620"", ""GAP-0645"", ""GAP-0683"", ""GAP-0727""]","[""SF-1010"", ""SF-1045"", ""SF-1095"", ""SF-1155""]","[""[\""storebrand\"",\""bobil\"",\""ordinary\"",\""storebrand-bobil-ansvar\"",\""motor09\""]"", ""[\""storebrand\"",\""bobil\"",\""ordinary\"",\""storebrand-bobil-delkasko\"",\""motor09\""]"", ""[\""storebrand\"",\""bobil\"",\""ordinary\"",\""storebrand-bobil-kasko\"",\""motor09\""]"", ""[\""storebrand\"",\""bobil\"",\""ordinary\"",\""storebrand-bobil-super\"",\""motor09\""]""]",false,false,NOT_RECOVERED,NOT_SPECIFIED,REGISTRY_BINDING_ONLY
42a5982d04bf9b1e,B-132,"[""GAP-2938""]","[""SF-4093""]","[""[\""gjensidige\"",\""katt\"",\""ordinary\"",\""gjensidige-katt-behandling\"",null]""]",false,false,NOT_RECOVERED,NOT_SPECIFIED,REGISTRY_BINDING_ONLY
42aa8c2daf39a1a9,B-079,"[""GAP-0853"", ""GAP-0899""]","[""SF-1317"", ""SF-1387""]","[""[\""storebrand\"",\""innbo\"",\""ordinary\"",\""sb-innbo-standard\"",\""innbo09\""]"", ""[\""storebrand\"",\""innbo\"",\""ordinary\"",\""sb-innbo-super\"",\""innbo09\""]""]",false,false,NOT_RECOVERED,NOT_SPECIFIED,REGISTRY_BINDING_ONLY
42b6849ff2117d7e,B-067,"[""GAP-3648""]","[""SF-5237""]","[""[\""if\"",\""reise\"",\""ordinary\"",\""if-reise-super\"",\""2026-09-20-canonical\""]""]",false,false,NOT_RECOVERED,NOT_SPECIFIED,REGISTRY_BINDING_ONLY
42c2a36bff254c04,B-205,"[""GAP-5212"", ""GAP-5252""]","[""SF-7452"", ""SF-7500""]","[""[\""fremtind-eika-legacy\"",\""reise\"",\""ordinary\"",\""eika-reise-p10\"",\""P10-P10P-2025-01-01\""]"", ""[\""fremtind-eika-legacy\"",\""reise\"",\""ordinary\"",\""eika-reise-pluss-p10\"",\""P10-P10P-2025-01-01\""]""]",false,true,NOT_RECOVERED,NOT_SPECIFIED,ARCHIVED_BASELINE
42d63adf12c3168b,B-143,"[""GAP-3783"", ""GAP-3806"", ""GAP-3832""]","[""SF-5400"", ""SF-5427"", ""SF-5457""]","[""[\""if\"",\""hund\"",\""ordinary\"",\""if-hund-basis\"",\""2022-12-01\""]"", ""[\""if\"",\""hund\"",\""ordinary\"",\""if-hund-standard\"",\""2022-12-01\""]"", ""[\""if\"",\""hund\"",\""ordinary\"",\""if-hund-super\"",\""2022-12-01\""]""]",false,false,NOT_RECOVERED,NOT_SPECIFIED,REGISTRY_BINDING_ONLY
42dc8f5c11cea1e7,B-168,"[""GAP-1073"", ""GAP-1125""]","[""SF-1648"", ""SF-1713""]","[""[\""storebrand\"",\""reise\"",\""ordinary\"",\""storebrand-reise-standard\"",\""2026-09-20-canonical\""]"", ""[\""storebrand\"",\""reise\"",\""ordinary\"",\""storebrand-reise-super\"",\""2026-09-20-canonical\""]""]",false,false,NOT_RECOVERED,NOT_SPECIFIED,REGISTRY_BINDING_ONLY
42e7c69d5f0df6ce,B-088,"[""GAP-4146"", ""GAP-4163"", ""GAP-4183"", ""GAP-4206""]","[""SF-5944"", ""SF-5967"", ""SF-5993"", ""SF-6024""]","[""[\""tryg\"",\""campingvogn\"",\""ordinary\"",\""tryg-campingvogn-brann\"",\""2026-01-01\""]"", ""[\""tryg\"",\""campingvogn\"",\""ordinary\"",\""tryg-campingvogn-brann-og-tyveri\"",\""2026-01-01\""]"", ""[\""tryg\"",\""campingvogn\"",\""ordinary\"",\""tryg-campingvogn-campingvogn-ekstra\"",\""2026-01-01\""]"", ""[\""tryg\"",\""campingvogn\"",\""ordinary\"",\""tryg-campingvogn-kasko\"",\""2026-01-01\""]""]",false,false,NOT_RECOVERED,NOT_SPECIFIED,REGISTRY_BINDING_ONLY
4325f79c2be2a704,B-078,"[""GAP-0950"", ""GAP-0996""]","[""SF-1470"", ""SF-1542""]","[""[\""storebrand\"",\""bolig\"",\""ordinary\"",\""storebrand-hus-standard\"",\""2025-08-15\""]"", ""[\""storebrand\"",\""bolig\"",\""ordinary\"",\""storebrand-hus-super\"",\""2025-08-15\""]""]",false,false,NOT_RECOVERED,NOT_SPECIFIED,REGISTRY_BINDING_ONLY
4329f1e8e58a3fe8,B-120,"[""GAP-1787"", ""GAP-1809""]","[""SF-2587"", ""SF-2616""]","[""[\""frende\"",\""tilhenger\"",\""ordinary\"",\""frende-tilhenger-brann-og-tyveri\"",\""2026-01-01\""]"", ""[\""frende\"",\""tilhenger\"",\""ordinary\"",\""frende-tilhenger-kasko\"",\""2026-01-01\""]""]",false,false,NOT_RECOVERED,NOT_SPECIFIED,REGISTRY_BINDING_ONLY
4374b85e447049e8,B-073,"[""GAP-0395"", ""GAP-0396"", ""GAP-0440"", ""GAP-0441""]","[""SF-0728"", ""SF-0729"", ""SF-0787"", ""SF-0788""]","[""[\""storebrand\"",\""bil\"",\""ordinary\"",\""sb-bil-kasko\"",\""motor09\""]"", ""[\""storebrand\"",\""bil\"",\""ordinary\"",\""sb-bil-super\"",\""motor09\""]""]",false,false,NOT_RECOVERED,NOT_SPECIFIED,REGISTRY_BINDING_ONLY
43895e5130a05466,B-080,"[""GAP-0171"", ""GAP-0251""]","[""SF-0300"", ""SF-0412""]","[""[\""storebrand\"",\""katt\"",\""ordinary\"",\""storebrand-katt-veterin-r\"",\""2025-02-01\""]"", ""[\""storebrand\"",\""katt\"",\""ordinary\"",\""storebrand-katt-veterin-r-og-d-dsfall\"",\""2025-02-01\""]""]",false,false,NOT_RECOVERED,NOT_SPECIFIED,REGISTRY_BINDING_ONLY
439abc6708b1e849,B-106,"[""GAP-4685"", ""GAP-4714"", ""GAP-4748""]","[""SF-6760"", ""SF-6794"", ""SF-6839""]","[""[\""dnb-fremtind\"",\""bil\"",\""ordinary\"",\""dnb-bil-delkasko\"",\""PMO-357.001-004\""]"", ""[\""dnb-fremtind\"",\""bil\"",\""ordinary\"",\""dnb-bil-kasko\"",\""PMO-357.001-004\""]"", ""[\""dnb-fremtind\"",\""bil\"",\""ordinary\"",\""dnb-bil-topp\"",\""PMO-357.001-004\""]""]",false,false,NOT_RECOVERED,NOT_SPECIFIED,REGISTRY_BINDING_ONLY
43a9e588433e76fe,B-079,"[""GAP-0854"", ""GAP-0900""]","[""SF-1318"", ""SF-1388""]","[""[\""storebrand\"",\""innbo\"",\""ordinary\"",\""sb-innbo-standard\"",\""innbo09\""]"", ""[\""storebrand\"",\""innbo\"",\""ordinary\"",\""sb-innbo-super\"",\""innbo09\""]""]",false,false,NOT_RECOVERED,NOT_SPECIFIED,REGISTRY_BINDING_ONLY
43aa483efcc87269,B-116,"[""GAP-1296""]","[""SF-1918""]","[""[\""frende\"",\""katt\"",\""ordinary\"",\""frende-katt-veterin-r\"",\""2026-01-01\""]""]",false,false,NOT_RECOVERED,NOT_SPECIFIED,REGISTRY_BINDING_ONLY
43c28e0bc005a6ae,B-123,"[""GAP-2414"", ""GAP-2448"", ""GAP-2488"", ""GAP-2530""]","[""SF-3461"", ""SF-3502"", ""SF-3555"", ""SF-3619""]","[""[\""gjensidige\"",\""bobil\"",\""ordinary\"",\""gjensidige-bobil-ansvar\"",null]"", ""[\""gjensidige\"",\""bobil\"",\""ordinary\"",\""gjensidige-bobil-delkasko\"",null]"", ""[\""gjensidige\"",\""bobil\"",\""ordinary\"",\""gjensidige-bobil-kasko\"",null]"", ""[\""gjensidige\"",\""bobil\"",\""ordinary\"",\""gjensidige-bobil-pluss\"",null]""]",false,false,NOT_RECOVERED,NOT_SPECIFIED,REGISTRY_BINDING_ONLY
4463e9dc92398049,B-062,"[""GAP-3821""]","[""SF-5445""]","[""[\""if\"",\""hund\"",\""ordinary\"",\""if-hund-super\"",\""2022-12-01\""]""]",false,false,NOT_RECOVERED,NOT_SPECIFIED,REGISTRY_BINDING_ONLY
446407b317c1c523,B-128,"[""GAP-2891""]","[""SF-4043""]","[""[\""gjensidige\"",\""hund\"",\""ordinary\"",\""gjensidige-hund-behandling\"",null]""]",false,false,NOT_RECOVERED,NOT_SPECIFIED,REGISTRY_BINDING_ONLY
4495c1cdeea2a5c0,B-117,"[""GAP-1466"", ""GAP-1494""]","[""SF-2145"", ""SF-2187""]","[""[\""frende\"",\""mc\"",\""ordinary\"",\""frende-mc-delkasko\"",\""2026-01-01\""]"", ""[\""frende\"",\""mc\"",\""ordinary\"",\""frende-mc-kasko\"",\""2026-01-01\""]""]",false,false,NOT_RECOVERED,NOT_SPECIFIED,REGISTRY_BINDING_ONLY
44df142aadbcd423,B-048,"[""GAP-2843""]","[""SF-3989""]","[""[\""gjensidige\"",\""båt\"",\""ordinary\"",\""gjensidige-bat-pluss\"",null]""]",false,false,NOT_RECOVERED,NOT_SPECIFIED,REGISTRY_BINDING_ONLY
4501f6a5e0d9f45c,B-033,"[""GAP-4803"", ""GAP-4832"", ""GAP-4864""]","[""SF-6911"", ""SF-6945"", ""SF-6988""]","[""[\""eika-fremtind\"",\""bil\"",\""ordinary\"",\""eika-bil-delkasko\"",\""PMO-357.001-004\""]"", ""[\""eika-fremtind\"",\""bil\"",\""ordinary\"",\""eika-bil-kasko\"",\""PMO-357.001-004\""]"", ""[\""eika-fremtind\"",\""bil\"",\""ordinary\"",\""eika-bil-topp\"",\""PMO-357.001-004\""]""]",false,false,NOT_RECOVERED,NOT_SPECIFIED,REGISTRY_BINDING_ONLY
450b3d6bcc7fd4e5,B-105,"[""GAP-5147""]","[""SF-7371""]","[""[\""fremtind\"",\""reise\"",\""ordinary\"",\""fremtind-reise\"",\""PRE-450.200-015\""]""]",false,false,NOT_RECOVERED,NOT_SPECIFIED,REGISTRY_BINDING_ONLY
451d8dec30bc7fa5,B-159,"[""GAP-0613"", ""GAP-0637"", ""GAP-0675"", ""GAP-0719""]","[""SF-1002"", ""SF-1036"", ""SF-1086"", ""SF-1146""]","[""[\""storebrand\"",\""bobil\"",\""ordinary\"",\""storebrand-bobil-ansvar\"",\""motor09\""]"", ""[\""storebrand\"",\""bobil\"",\""ordinary\"",\""storebrand-bobil-delkasko\"",\""motor09\""]"", ""[\""storebrand\"",\""bobil\"",\""ordinary\"",\""storebrand-bobil-kasko\"",\""motor09\""]"", ""[\""storebrand\"",\""bobil\"",\""ordinary\"",\""storebrand-bobil-super\"",\""motor09\""]""]",false,false,NOT_RECOVERED,NOT_SPECIFIED,REGISTRY_BINDING_ONLY
45971367d5d25145,B-057,"[""GAP-2709"", ""GAP-2724""]","[""SF-3835"", ""SF-3855""]","[""[\""gjensidige\"",\""tilhenger\"",\""ordinary\"",\""gjensidige-tilhenger-delkasko\"",null]"", ""[\""gjensidige\"",\""tilhenger\"",\""ordinary\"",\""gjensidige-tilhenger-kasko\"",null]""]",false,false,NOT_RECOVERED,NOT_SPECIFIED,REGISTRY_BINDING_ONLY
459beaec02408da0,B-037,"[""GAP-1759""]","[""SF-2550""]","[""[\""frende\"",\""campingvogn\"",\""ordinary\"",\""frende-campingvogn-kasko\"",\""2026-01-01\""]""]",false,false,NOT_RECOVERED,NOT_SPECIFIED,REGISTRY_BINDING_ONLY
4603ba45dab9249c,B-165,"[""GAP-0887"", ""GAP-0943""]","[""SF-1362"", ""SF-1447""]","[""[\""storebrand\"",\""innbo\"",\""ordinary\"",\""sb-innbo-standard\"",\""innbo09\""]"", ""[\""storebrand\"",\""innbo\"",\""ordinary\"",\""sb-innbo-super\"",\""innbo09\""]""]",false,false,NOT_RECOVERED,NOT_SPECIFIED,REGISTRY_BINDING_ONLY
461c6c588118df04,B-018,"[""GAP-1284""]","[""SF-1902""]","[""[\""frende\"",\""hund\"",\""ordinary\"",\""frende-hund-veterin-r\"",\""2026-01-01\""]""]",false,false,NOT_RECOVERED,NOT_SPECIFIED,REGISTRY_BINDING_ONLY
46535d2d8718fe06,B-173,"[""GAP-3906"", ""GAP-3914"", ""GAP-3928""]","[""SF-5548"", ""SF-5567"", ""SF-5597""]","[""[\""tryg\"",\""bil\"",\""ordinary\"",\""bil-ansvar\"",\""PAU25003\""]"", ""[\""tryg\"",\""bil\"",\""ordinary\"",\""bil-delkasko\"",\""PAU25835\""]"", ""[\""tryg\"",\""bil\"",\""ordinary\"",\""bil-kasko\"",\""PAU25205\""]""]",false,false,NOT_RECOVERED,NOT_SPECIFIED,REGISTRY_BINDING_ONLY
465f854472b3e82d,B-038,"[""GAP-1270""]","[""SF-1885""]","[""[\""frende\"",\""hund\"",\""ordinary\"",\""frende-hund-veterin-r\"",\""2026-01-01\""]""]",false,false,NOT_RECOVERED,NOT_SPECIFIED,REGISTRY_BINDING_ONLY
46b37e8dc38802c9,B-077,"[""GAP-0197"", ""GAP-0232""]","[""SF-0334"", ""SF-0379""]","[""[\""storebrand\"",\""hund\"",\""ordinary\"",\""storebrand-hund-d-dsfall\"",\""2025-02-01\""]"", ""[\""storebrand\"",\""hund\"",\""ordinary\"",\""storebrand-hund-veterin-r-og-d-dsfall\"",\""2025-02-01\""]""]",false,false,NOT_RECOVERED,NOT_SPECIFIED,REGISTRY_BINDING_ONLY
46c5664683581eb0,B-073,"[""GAP-0433""]","[""SF-0778""]","[""[\""storebrand\"",\""bil\"",\""ordinary\"",\""sb-bil-super\"",\""motor09\""]""]",false,false,NOT_RECOVERED,NOT_SPECIFIED,REGISTRY_BINDING_ONLY
46cf4bea5cf6b802,B-035,"[""GAP-1539"", ""GAP-1567"", ""GAP-1601"", ""GAP-1633""]","[""SF-2265"", ""SF-2301"", ""SF-2351"", ""SF-2401""]","[""[\""frende\"",\""bobil\"",\""ordinary\"",\""frende-bobil-ansvar\"",\""2026-01-01\""]"", ""[\""frende\"",\""bobil\"",\""ordinary\"",\""frende-bobil-delkasko\"",\""2026-01-01\""]"", ""[\""frende\"",\""bobil\"",\""ordinary\"",\""frende-bobil-kasko\"",\""2026-01-01\""]"", ""[\""frende\"",\""bobil\"",\""ordinary\"",\""frende-bobil-utvidet\"",\""2026-01-01\""]""]",false,false,NOT_RECOVERED,NOT_SPECIFIED,REGISTRY_BINDING_ONLY
46e94bcf464af845,B-051,"[""GAP-2153""]","[""SF-3090""]","[""[\""gjensidige\"",\""bolig\"",\""ordinary\"",\""gjensidige-hus-pluss\"",\""Alminnelige vilkår\""]""]",false,false,NOT_RECOVERED,NOT_SPECIFIED,REGISTRY_BINDING_ONLY
470eafe6f26c873f,B-166,"[""GAP-0172"", ""GAP-0252""]","[""SF-0301"", ""SF-0413""]","[""[\""storebrand\"",\""katt\"",\""ordinary\"",\""storebrand-katt-veterin-r\"",\""2025-02-01\""]"", ""[\""storebrand\"",\""katt\"",\""ordinary\"",\""storebrand-katt-veterin-r-og-d-dsfall\"",\""2025-02-01\""]""]",false,false,NOT_RECOVERED,NOT_SPECIFIED,REGISTRY_BINDING_ONLY
47227ad12be87e19,B-108,"[""GAP-1552"", ""GAP-1580"", ""GAP-1614""]","[""SF-2281"", ""SF-2317"", ""SF-2367""]","[""[\""frende\"",\""bobil\"",\""ordinary\"",\""frende-bobil-delkasko\"",\""2026-01-01\""]"", ""[\""frende\"",\""bobil\"",\""ordinary\"",\""frende-bobil-kasko\"",\""2026-01-01\""]"", ""[\""frende\"",\""bobil\"",\""ordinary\"",\""frende-bobil-utvidet\"",\""2026-01-01\""]""]",false,false,NOT_RECOVERED,NOT_SPECIFIED,REGISTRY_BINDING_ONLY
47481c580b28c78b,B-061,"[""GAP-3228"", ""GAP-3250""]","[""SF-4556"", ""SF-4585""]","[""[\""if\"",\""campingvogn\"",\""ordinary\"",\""if-campingvogn-delkasko\"",\""2024-03\""]"", ""[\""if\"",\""campingvogn\"",\""ordinary\"",\""if-campingvogn-kasko\"",\""2024-03\""]""]",false,false,NOT_RECOVERED,NOT_SPECIFIED,REGISTRY_BINDING_ONLY
478bd575e79e3344,B-060,"[""GAP-3678"", ""GAP-3719"", ""GAP-3765""]","[""SF-5281"", ""SF-5327"", ""SF-5380""]","[""[\""if\"",\""båt\"",\""ordinary\"",\""if-bat-delkasko\"",\""2023-02-01\""]"", ""[\""if\"",\""båt\"",\""ordinary\"",\""if-bat-kasko\"",\""2023-02-01\""]"", ""[\""if\"",\""båt\"",\""ordinary\"",\""if-bat-super\"",\""2023-02-01\""]""]",false,false,NOT_RECOVERED,NOT_SPECIFIED,REGISTRY_BINDING_ONLY
479e62ff5f755e55,B-029,"[""GAP-5100"", ""GAP-5138""]","[""SF-7297"", ""SF-7350""]","[""[\""fremtind\"",\""bolig\"",\""ordinary\"",\""fremtind-hus-standard\"",\""PBK-200.100-015+PBK-200.200-010\""]"", ""[\""fremtind\"",\""bolig\"",\""ordinary\"",\""fremtind-hus-topp\"",\""PBK-200.100-015+PBK-200.200-010\""]""]",false,false,NOT_RECOVERED,NOT_SPECIFIED,REGISTRY_BINDING_ONLY
47c04f60b45c9fd9,B-065,"[""GAP-0052"", ""GAP-0053"", ""GAP-0054""]","[""SF-0079"", ""SF-0080"", ""SF-0081""]","[""[\""if\"",\""katt\"",\""ordinary\"",\""if-katt-basis\"",\""2022-12-01\""]"", ""[\""if\"",\""katt\"",\""ordinary\"",\""if-katt-standard\"",\""2022-12-01\""]"", ""[\""if\"",\""katt\"",\""ordinary\"",\""if-katt-super\"",\""2022-12-01\""]""]",false,false,NOT_RECOVERED,NOT_SPECIFIED,REGISTRY_BINDING_ONLY
481014c7be79f78a,B-166,"[""GAP-0165"", ""GAP-0237"", ""GAP-0243""]","[""SF-0291"", ""SF-0388"", ""SF-0401""]","[""[\""storebrand\"",\""katt\"",\""ordinary\"",\""storebrand-katt-d-dsfall\"",\""2025-02-01\""]"", ""[\""storebrand\"",\""katt\"",\""ordinary\"",\""storebrand-katt-veterin-r\"",\""2025-02-01\""]"", ""[\""storebrand\"",\""katt\"",\""ordinary\"",\""storebrand-katt-veterin-r-og-d-dsfall\"",\""2025-02-01\""]""]",false,false,NOT_RECOVERED,NOT_SPECIFIED,REGISTRY_BINDING_ONLY
48393aac0a200fe5,B-050,"[""GAP-2880""]","[""SF-4031""]","[""[\""gjensidige\"",\""hund\"",\""ordinary\"",\""gjensidige-hund-behandling\"",null]""]",false,false,NOT_RECOVERED,NOT_SPECIFIED,REGISTRY_BINDING_ONLY
4855d4bf1627e437,B-047,"[""GAP-2443"", ""GAP-2482"", ""GAP-2522""]","[""SF-3497"", ""SF-3543"", ""SF-3596""]","[""[\""gjensidige\"",\""bobil\"",\""ordinary\"",\""gjensidige-bobil-delkasko\"",null]"", ""[\""gjensidige\"",\""bobil\"",\""ordinary\"",\""gjensidige-bobil-kasko\"",null]"", ""[\""gjensidige\"",\""bobil\"",\""ordinary\"",\""gjensidige-bobil-pluss\"",null]""]",false,false,NOT_RECOVERED,NOT_SPECIFIED,REGISTRY_BINDING_ONLY
48674e7386d58d16,B-063,"[""GAP-3474"", ""GAP-3504"", ""GAP-3539""]","[""SF-4904"", ""SF-4975"", ""SF-5052""]","[""[\""if\"",\""bolig\"",\""ordinary\"",\""if-hus-basis\"",\""2023-09\""]"", ""[\""if\"",\""bolig\"",\""ordinary\"",\""if-hus-super\"",\""2023-09\""]"", ""[\""if\"",\""bolig\"",\""ordinary\"",\""if-hus-utvidet\"",\""2023-09\""]""]",false,false,NOT_RECOVERED,NOT_SPECIFIED,REGISTRY_BINDING_ONLY
48a55c8b9fe116da,B-105,"[""GAP-5151""]","[""SF-7375""]","[""[\""fremtind\"",\""reise\"",\""ordinary\"",\""fremtind-reise\"",\""PRE-450.200-015\""]""]",false,false,NOT_RECOVERED,NOT_SPECIFIED,REGISTRY_BINDING_ONLY
48ea935fb497494e,B-036,"[""GAP-1220""]","[""SF-1828""]","[""[\""frende\"",\""båt\"",\""ordinary\"",\""frende-bat-utvidet\"",\""2026-01-01\""]""]",false,false,NOT_RECOVERED,NOT_SPECIFIED,REGISTRY_BINDING_ONLY
48f198515fc0f302,B-205,"[""GAP-5250""]","[""SF-7496""]","[""[\""fremtind-eika-legacy\"",\""reise\"",\""ordinary\"",\""eika-reise-pluss-p10\"",\""P10-P10P-2025-01-01\""]""]",false,true,NOT_RECOVERED,NOT_SPECIFIED,ARCHIVED_BASELINE
4971fe7dbeac3649,B-051,"[""GAP-2112"", ""GAP-2171""]","[""SF-3030"", ""SF-3117""]","[""[\""gjensidige\"",\""bolig\"",\""ordinary\"",\""gjensidige-hus\"",\""Alminnelige vilkår\""]"", ""[\""gjensidige\"",\""bolig\"",\""ordinary\"",\""gjensidige-hus-pluss\"",\""Alminnelige vilkår\""]""]",false,false,NOT_RECOVERED,NOT_SPECIFIED,REGISTRY_BINDING_ONLY
49adf65854171146,B-051,"[""GAP-2087"", ""GAP-2141""]","[""SF-2990"", ""SF-3074""]","[""[\""gjensidige\"",\""bolig\"",\""ordinary\"",\""gjensidige-hus\"",\""Alminnelige vilkår\""]"", ""[\""gjensidige\"",\""bolig\"",\""ordinary\"",\""gjensidige-hus-pluss\"",\""Alminnelige vilkår\""]""]",false,false,NOT_RECOVERED,NOT_SPECIFIED,REGISTRY_BINDING_ONLY
4a0b6d8d7a8c01e0,B-084,"[""GAP-0819"", ""GAP-0839""]","[""SF-1270"", ""SF-1296""]","[""[\""storebrand\"",\""tilhenger\"",\""ordinary\"",\""storebrand-tilhenger-brann-og-tyveri\"",\""2026-03-01\""]"", ""[\""storebrand\"",\""tilhenger\"",\""ordinary\"",\""storebrand-tilhenger-kasko\"",\""2026-03-01\""]""]",false,false,NOT_RECOVERED,NOT_SPECIFIED,REGISTRY_BINDING_ONLY
4a4009eb439e30af,B-136,"[""GAP-2561"", ""GAP-2583"", ""GAP-2613""]","[""SF-3660"", ""SF-3684"", ""SF-3718""]","[""[\""gjensidige\"",\""snøscooter\"",\""ordinary\"",\""gjensidige-snoscooter-ansvar\"",null]"", ""[\""gjensidige\"",\""snøscooter\"",\""ordinary\"",\""gjensidige-snoscooter-delkasko\"",null]"", ""[\""gjensidige\"",\""snøscooter\"",\""ordinary\"",\""gjensidige-snoscooter-kasko\"",null]""]",false,false,NOT_RECOVERED,NOT_SPECIFIED,REGISTRY_BINDING_ONLY
4a68aa57721576ba,B-039,"[""GAP-0295"", ""GAP-0310""]","[""SF-0506"", ""SF-0554""]","[""[\""frende\"",\""bolig\"",\""ordinary\"",\""frende-hus-standard\"",\""2026-09-01\""]"", ""[\""frende\"",\""bolig\"",\""ordinary\"",\""frende-hus-utvidet\"",\""2026-09-01\""]""]",false,false,NOT_RECOVERED,NOT_SPECIFIED,REGISTRY_BINDING_ONLY
4a844bae3be9dea8,B-051,"[""GAP-2100"", ""GAP-2159""]","[""SF-3009"", ""SF-3096""]","[""[\""gjensidige\"",\""bolig\"",\""ordinary\"",\""gjensidige-hus\"",\""Alminnelige vilkår\""]"", ""[\""gjensidige\"",\""bolig\"",\""ordinary\"",\""gjensidige-hus-pluss\"",\""Alminnelige vilkår\""]""]",false,false,NOT_RECOVERED,NOT_SPECIFIED,REGISTRY_BINDING_ONLY
4ac4099aa97cebfe,B-056,"[""GAP-2557"", ""GAP-2579"", ""GAP-2609""]","[""SF-3656"", ""SF-3680"", ""SF-3714""]","[""[\""gjensidige\"",\""snøscooter\"",\""ordinary\"",\""gjensidige-snoscooter-ansvar\"",null]"", ""[\""gjensidige\"",\""snøscooter\"",\""ordinary\"",\""gjensidige-snoscooter-delkasko\"",null]"", ""[\""gjensidige\"",\""snøscooter\"",\""ordinary\"",\""gjensidige-snoscooter-kasko\"",null]""]",false,false,NOT_RECOVERED,NOT_SPECIFIED,REGISTRY_BINDING_ONLY
4b04cf9c22c14ed4,B-066,"[""GAP-3038"", ""GAP-3060""]","[""SF-4267"", ""SF-4303""]","[""[\""if\"",\""mc\"",\""ordinary\"",\""if-mc-delkasko\"",\""2024-03\""]"", ""[\""if\"",\""mc\"",\""ordinary\"",\""if-mc-kasko\"",\""2024-03\""]""]",false,false,NOT_RECOVERED,NOT_SPECIFIED,REGISTRY_BINDING_ONLY
4b0caf4222b7fe2f,B-110,"[""GAP-1235""]","[""SF-1844""]","[""[\""frende\"",\""båt\"",\""ordinary\"",\""frende-bat-utvidet\"",\""2026-01-01\""]""]",false,false,NOT_RECOVERED,NOT_SPECIFIED,REGISTRY_BINDING_ONLY
4b2c7be614b9324c,B-029,"[""GAP-5135""]","[""SF-7345""]","[""[\""fremtind\"",\""bolig\"",\""ordinary\"",\""fremtind-hus-topp\"",\""PBK-200.100-015+PBK-200.200-010\""]""]",false,false,NOT_RECOVERED,NOT_SPECIFIED,REGISTRY_BINDING_ONLY
4b4a2e10658d8f23,B-164,"[""GAP-0877"", ""GAP-0923""]","[""SF-1349"", ""SF-1419""]","[""[\""storebrand\"",\""innbo\"",\""ordinary\"",\""sb-innbo-standard\"",\""innbo09\""]"", ""[\""storebrand\"",\""innbo\"",\""ordinary\"",\""sb-innbo-super\"",\""innbo09\""]""]",false,false,NOT_RECOVERED,NOT_SPECIFIED,REGISTRY_BINDING_ONLY
4b4ee0447e1c80b3,B-055,"[""GAP-2206"", ""GAP-2251""]","[""SF-3172"", ""SF-3247""]","[""[\""gjensidige\"",\""reise\"",\""ordinary\"",\""gjensidige-reise\"",\""2026-09-20-canonical\""]"", ""[\""gjensidige\"",\""reise\"",\""ordinary\"",\""gjensidige-reise-pluss\"",\""2026-09-20-canonical\""]""]",false,false,NOT_RECOVERED,NOT_SPECIFIED,REGISTRY_BINDING_ONLY
4b74844f6e3299d6,B-205,"[""GAP-5194"", ""GAP-5230""]","[""SF-7432"", ""SF-7475""]","[""[\""fremtind-eika-legacy\"",\""reise\"",\""ordinary\"",\""eika-reise-p10\"",\""P10-P10P-2025-01-01\""]"", ""[\""fremtind-eika-legacy\"",\""reise\"",\""ordinary\"",\""eika-reise-pluss-p10\"",\""P10-P10P-2025-01-01\""]""]",false,true,NOT_RECOVERED,NOT_SPECIFIED,ARCHIVED_BASELINE
4b8914f2bf9f0572,B-073,"[""GAP-0347"", ""GAP-0358"", ""GAP-0382"", ""GAP-0421""]","[""SF-0653"", ""SF-0669"", ""SF-0706"", ""SF-0757""]","[""[\""storebrand\"",\""bil\"",\""ordinary\"",\""sb-bil-ansvar\"",\""motor09\""]"", ""[\""storebrand\"",\""bil\"",\""ordinary\"",\""sb-bil-delkasko\"",\""motor09\""]"", ""[\""storebrand\"",\""bil\"",\""ordinary\"",\""sb-bil-kasko\"",\""motor09\""]"", ""[\""storebrand\"",\""bil\"",\""ordinary\"",\""sb-bil-super\"",\""motor09\""]""]",false,false,NOT_RECOVERED,NOT_SPECIFIED,REGISTRY_BINDING_ONLY
4bb74129690e8f73,B-082,"[""GAP-1090"", ""GAP-1149""]","[""SF-1667"", ""SF-1741""]","[""[\""storebrand\"",\""reise\"",\""ordinary\"",\""storebrand-reise-standard\"",\""2026-09-20-canonical\""]"", ""[\""storebrand\"",\""reise\"",\""ordinary\"",\""storebrand-reise-super\"",\""2026-09-20-canonical\""]""]",false,false,NOT_RECOVERED,NOT_SPECIFIED,REGISTRY_BINDING_ONLY
4be1640e7f04fea6,B-113,"[""GAP-1264""]","[""SF-1879""]","[""[\""frende\"",\""hund\"",\""ordinary\"",\""frende-hund-veterin-r\"",\""2026-01-01\""]""]",false,false,NOT_RECOVERED,NOT_SPECIFIED,REGISTRY_BINDING_ONLY
4be6b4beca33f587,B-155,"[""GAP-5594""]","[""SF-7937""]","[""[\""sparebank1-fremtind\"",\""hund\"",\""ordinary\"",\""sparebank1-fremtind-hund-veterin-r\"",\""2025-08-07\""]""]",false,false,NOT_RECOVERED,NOT_SPECIFIED,REGISTRY_BINDING_ONLY
4bee216e6791602f,B-063,"[""GAP-3467"", ""GAP-3497"", ""GAP-3532""]","[""SF-4893"", ""SF-4964"", ""SF-5041""]","[""[\""if\"",\""bolig\"",\""ordinary\"",\""if-hus-basis\"",\""2023-09\""]"", ""[\""if\"",\""bolig\"",\""ordinary\"",\""if-hus-super\"",\""2023-09\""]"", ""[\""if\"",\""bolig\"",\""ordinary\"",\""if-hus-utvidet\"",\""2023-09\""]""]",false,false,NOT_RECOVERED,NOT_SPECIFIED,REGISTRY_BINDING_ONLY
4bfa9944c273fe2a,B-156,"[""GAP-5613""]","[""SF-7961""]","[""[\""sparebank1-fremtind\"",\""katt\"",\""ordinary\"",\""sparebank1-fremtind-katt-veterin-r\"",\""2025-08-07\""]""]",false,false,NOT_RECOVERED,NOT_SPECIFIED,REGISTRY_BINDING_ONLY
4c3630eb98299cc0,B-061,"[""GAP-3223"", ""GAP-3245"", ""GAP-3271""]","[""SF-4549"", ""SF-4578"", ""SF-4610""]","[""[\""if\"",\""campingvogn\"",\""ordinary\"",\""if-campingvogn-delkasko\"",\""2024-03\""]"", ""[\""if\"",\""campingvogn\"",\""ordinary\"",\""if-campingvogn-kasko\"",\""2024-03\""]"", ""[\""if\"",\""campingvogn\"",\""ordinary\"",\""if-campingvogn-super\"",\""2024-03\""]""]",false,false,NOT_RECOVERED,NOT_SPECIFIED,REGISTRY_BINDING_ONLY
4c492ed863a18869,B-107,"[""GAP-1317"", ""GAP-1351"", ""GAP-1395"", ""GAP-1439""]","[""SF-1943"", ""SF-1985"", ""SF-2044"", ""SF-2106""]","[""[\""frende\"",\""bil\"",\""ordinary\"",\""frende-bil-ansvar\"",\""2026-01-01\""]"", ""[\""frende\"",\""bil\"",\""ordinary\"",\""frende-bil-delkasko\"",\""2026-01-01\""]"", ""[\""frende\"",\""bil\"",\""ordinary\"",\""frende-bil-kasko\"",\""2026-01-01\""]"", ""[\""frende\"",\""bil\"",\""ordinary\"",\""frende-bil-utvidet\"",\""2026-01-01\""]""]",false,false,NOT_RECOVERED,NOT_SPECIFIED,REGISTRY_BINDING_ONLY
4cfaf55658b559a8,B-082,"[""GAP-1050"", ""GAP-1102""]","[""SF-1619"", ""SF-1684""]","[""[\""storebrand\"",\""reise\"",\""ordinary\"",\""storebrand-reise-standard\"",\""2026-09-20-canonical\""]"", ""[\""storebrand\"",\""reise\"",\""ordinary\"",\""storebrand-reise-super\"",\""2026-09-20-canonical\""]""]",false,false,NOT_RECOVERED,NOT_SPECIFIED,REGISTRY_BINDING_ONLY
4d08fb4251899e82,B-120,"[""GAP-1788"", ""GAP-1812""]","[""SF-2588"", ""SF-2619""]","[""[\""frende\"",\""tilhenger\"",\""ordinary\"",\""frende-tilhenger-brann-og-tyveri\"",\""2026-01-01\""]"", ""[\""frende\"",\""tilhenger\"",\""ordinary\"",\""frende-tilhenger-kasko\"",\""2026-01-01\""]""]",false,false,NOT_RECOVERED,NOT_SPECIFIED,REGISTRY_BINDING_ONLY
4dc77e85cf309ea9,B-079,"[""GAP-0936""]","[""SF-1438""]","[""[\""storebrand\"",\""innbo\"",\""ordinary\"",\""sb-innbo-super\"",\""innbo09\""]""]",false,false,NOT_RECOVERED,NOT_SPECIFIED,REGISTRY_BINDING_ONLY
4e0c2830b6b2ab78,B-074,"[""GAP-0663"", ""GAP-0664"", ""GAP-0707"", ""GAP-0708""]","[""SF-1074"", ""SF-1075"", ""SF-1134"", ""SF-1135""]","[""[\""storebrand\"",\""bobil\"",\""ordinary\"",\""storebrand-bobil-kasko\"",\""motor09\""]"", ""[\""storebrand\"",\""bobil\"",\""ordinary\"",\""storebrand-bobil-super\"",\""motor09\""]""]",false,false,NOT_RECOVERED,NOT_SPECIFIED,REGISTRY_BINDING_ONLY
4e14be49cad8d8b9,B-079,"[""GAP-0928""]","[""SF-1427""]","[""[\""storebrand\"",\""innbo\"",\""ordinary\"",\""sb-innbo-super\"",\""innbo09\""]""]",false,false,NOT_RECOVERED,NOT_SPECIFIED,REGISTRY_BINDING_ONLY
4ea796c14f815e3e,B-082,"[""GAP-1083"", ""GAP-1135""]","[""SF-1660"", ""SF-1725""]","[""[\""storebrand\"",\""reise\"",\""ordinary\"",\""storebrand-reise-standard\"",\""2026-09-20-canonical\""]"", ""[\""storebrand\"",\""reise\"",\""ordinary\"",\""storebrand-reise-super\"",\""2026-09-20-canonical\""]""]",false,false,NOT_RECOVERED,NOT_SPECIFIED,REGISTRY_BINDING_ONLY
4f1d7c3eb6887f35,B-060,"[""GAP-3666""]","[""SF-5268""]","[""[\""if\"",\""båt\"",\""ordinary\"",\""if-bat-delkasko\"",\""2023-02-01\""]""]",false,false,NOT_RECOVERED,NOT_SPECIFIED,REGISTRY_BINDING_ONLY
4f8c1e2b13be55a6,B-034,"[""GAP-1311"", ""GAP-1345"", ""GAP-1389"", ""GAP-1433""]","[""SF-1936"", ""SF-1978"", ""SF-2037"", ""SF-2099""]","[""[\""frende\"",\""bil\"",\""ordinary\"",\""frende-bil-ansvar\"",\""2026-01-01\""]"", ""[\""frende\"",\""bil\"",\""ordinary\"",\""frende-bil-delkasko\"",\""2026-01-01\""]"", ""[\""frende\"",\""bil\"",\""ordinary\"",\""frende-bil-kasko\"",\""2026-01-01\""]"", ""[\""frende\"",\""bil\"",\""ordinary\"",\""frende-bil-utvidet\"",\""2026-01-01\""]""]",false,false,NOT_RECOVERED,NOT_SPECIFIED,REGISTRY_BINDING_ONLY
4ffd962e146dceb4,B-189,"[""GAP-5329""]","[""SF-7591""]","[""[\""eika-fremtind\"",\""tilhenger\"",\""ordinary\"",\""eika-fremtind-tilhenger-kasko\"",\""2024-03-21\""]""]",false,false,NOT_RECOVERED,NOT_SPECIFIED,REGISTRY_BINDING_ONLY
50444333088423d1,B-034,"[""GAP-1315"", ""GAP-1349"", ""GAP-1393"", ""GAP-1437""]","[""SF-1940"", ""SF-1982"", ""SF-2041"", ""SF-2103""]","[""[\""frende\"",\""bil\"",\""ordinary\"",\""frende-bil-ansvar\"",\""2026-01-01\""]"", ""[\""frende\"",\""bil\"",\""ordinary\"",\""frende-bil-delkasko\"",\""2026-01-01\""]"", ""[\""frende\"",\""bil\"",\""ordinary\"",\""frende-bil-kasko\"",\""2026-01-01\""]"", ""[\""frende\"",\""bil\"",\""ordinary\"",\""frende-bil-utvidet\"",\""2026-01-01\""]""]",false,false,NOT_RECOVERED,NOT_SPECIFIED,REGISTRY_BINDING_ONLY
5098587cc1a2b81a,B-181,"[""GAP-4378""]","[""SF-6231""]","[""[\""tryg\"",\""katt\"",\""ordinary\"",\""tryg-katt-behandling\"",\""2026-09-01\""]""]",false,false,NOT_RECOVERED,NOT_SPECIFIED,REGISTRY_BINDING_ONLY
50d70cb3058f25b0,B-149,"[""GAP-3550"", ""GAP-3573"", ""GAP-3612""]","[""SF-5080"", ""SF-5126"", ""SF-5187""]","[""[\""if\"",\""reise\"",\""ordinary\"",\""if-reise-basis\"",\""2026-09-20-canonical\""]"", ""[\""if\"",\""reise\"",\""ordinary\"",\""if-reise-standard\"",\""2026-09-20-canonical\""]"", ""[\""if\"",\""reise\"",\""ordinary\"",\""if-reise-super\"",\""2026-09-20-canonical\""]""]",false,false,NOT_RECOVERED,NOT_SPECIFIED,REGISTRY_BINDING_ONLY
50f3e2ffb05c836f,B-046,"[""GAP-1913"", ""GAP-1964""]","[""SF-2758"", ""SF-2831""]","[""[\""gjensidige\"",\""bil\"",\""ordinary\"",\""gj-bil-kasko\"",null]"", ""[\""gjensidige\"",\""bil\"",\""ordinary\"",\""gj-bil-pluss\"",null]""]",false,false,NOT_RECOVERED,NOT_SPECIFIED,REGISTRY_BINDING_ONLY
514f10567e4faf88,B-037,"[""GAP-1721"", ""GAP-1747""]","[""SF-2505"", ""SF-2538""]","[""[\""frende\"",\""campingvogn\"",\""ordinary\"",\""frende-campingvogn-brann-og-tyveri\"",\""2026-01-01\""]"", ""[\""frende\"",\""campingvogn\"",\""ordinary\"",\""frende-campingvogn-kasko\"",\""2026-01-01\""]""]",false,false,NOT_RECOVERED,NOT_SPECIFIED,REGISTRY_BINDING_ONLY
5161184ad1793107,B-086,"[""GAP-4039"", ""GAP-4056"", ""GAP-4074""]","[""SF-5791"", ""SF-5819"", ""SF-5849""]","[""[\""tryg\"",\""bobil\"",\""ordinary\"",\""tryg-bobil-bobil-ekstra\"",\""2026-07-01\""]"", ""[\""tryg\"",\""bobil\"",\""ordinary\"",\""tryg-bobil-delkasko\"",\""2026-01-01\""]"", ""[\""tryg\"",\""bobil\"",\""ordinary\"",\""tryg-bobil-kasko\"",\""2026-01-01\""]""]",false,false,NOT_RECOVERED,NOT_SPECIFIED,REGISTRY_BINDING_ONLY
518613feef95ff9f,B-055,"[""GAP-2200"", ""GAP-2245""]","[""SF-3163"", ""SF-3238""]","[""[\""gjensidige\"",\""reise\"",\""ordinary\"",\""gjensidige-reise\"",\""2026-09-20-canonical\""]"", ""[\""gjensidige\"",\""reise\"",\""ordinary\"",\""gjensidige-reise-pluss\"",\""2026-09-20-canonical\""]""]",false,false,NOT_RECOVERED,NOT_SPECIFIED,REGISTRY_BINDING_ONLY
518a3ca9c5c31f2e,B-055,"[""GAP-2210"", ""GAP-2255""]","[""SF-3176"", ""SF-3251""]","[""[\""gjensidige\"",\""reise\"",\""ordinary\"",\""gjensidige-reise\"",\""2026-09-20-canonical\""]"", ""[\""gjensidige\"",\""reise\"",\""ordinary\"",\""gjensidige-reise-pluss\"",\""2026-09-20-canonical\""]""]",false,false,NOT_RECOVERED,NOT_SPECIFIED,REGISTRY_BINDING_ONLY
51a4e5da1f01e5d5,B-056,"[""GAP-2556"", ""GAP-2578"", ""GAP-2608""]","[""SF-3655"", ""SF-3679"", ""SF-3713""]","[""[\""gjensidige\"",\""snøscooter\"",\""ordinary\"",\""gjensidige-snoscooter-ansvar\"",null]"", ""[\""gjensidige\"",\""snøscooter\"",\""ordinary\"",\""gjensidige-snoscooter-delkasko\"",null]"", ""[\""gjensidige\"",\""snøscooter\"",\""ordinary\"",\""gjensidige-snoscooter-kasko\"",null]""]",false,false,NOT_RECOVERED,NOT_SPECIFIED,REGISTRY_BINDING_ONLY
51b5a0ccd2ac09c6,B-124,"[""GAP-2761"", ""GAP-2803"", ""GAP-2857""]","[""SF-3896"", ""SF-3943"", ""SF-4003""]","[""[\""gjensidige\"",\""båt\"",\""ordinary\"",\""gjensidige-bat-delkasko\"",null]"", ""[\""gjensidige\"",\""båt\"",\""ordinary\"",\""gjensidige-bat-kasko\"",null]"", ""[\""gjensidige\"",\""båt\"",\""ordinary\"",\""gjensidige-bat-pluss\"",null]""]",false,false,NOT_RECOVERED,NOT_SPECIFIED,REGISTRY_BINDING_ONLY
51b82cdac59f759e,B-175,"[""GAP-4319""]","[""SF-6169""]","[""[\""tryg\"",\""båt\"",\""ordinary\"",\""tryg-bat-bat-ekstra\"",\""2024-07-01\""]""]",false,false,NOT_RECOVERED,NOT_SPECIFIED,REGISTRY_BINDING_ONLY
51dbc00a052ea7a0,B-102,"[""GAP-5091"", ""GAP-5124""]","[""SF-7285"", ""SF-7332""]","[""[\""fremtind\"",\""bolig\"",\""ordinary\"",\""fremtind-hus-standard\"",\""PBK-200.100-015+PBK-200.200-010\""]"", ""[\""fremtind\"",\""bolig\"",\""ordinary\"",\""fremtind-hus-topp\"",\""PBK-200.100-015+PBK-200.200-010\""]""]",false,false,NOT_RECOVERED,NOT_SPECIFIED,REGISTRY_BINDING_ONLY
51e538452c9226e6,B-147,"[""GAP-3847"", ""GAP-3866"", ""GAP-3887""]","[""SF-5476"", ""SF-5499"", ""SF-5524""]","[""[\""if\"",\""katt\"",\""ordinary\"",\""if-katt-basis\"",\""2022-12-01\""]"", ""[\""if\"",\""katt\"",\""ordinary\"",\""if-katt-standard\"",\""2022-12-01\""]"", ""[\""if\"",\""katt\"",\""ordinary\"",\""if-katt-super\"",\""2022-12-01\""]""]",false,false,NOT_RECOVERED,NOT_SPECIFIED,REGISTRY_BINDING_ONLY
52378911e6742e2e,B-122,"[""GAP-1827"", ""GAP-1850"", ""GAP-1888"", ""GAP-1937""]","[""SF-2643"", ""SF-2671"", ""SF-2721"", ""SF-2787""]","[""[\""gjensidige\"",\""bil\"",\""ordinary\"",\""gj-bil-ansvar\"",null]"", ""[\""gjensidige\"",\""bil\"",\""ordinary\"",\""gj-bil-delkasko\"",null]"", ""[\""gjensidige\"",\""bil\"",\""ordinary\"",\""gj-bil-kasko\"",null]"", ""[\""gjensidige\"",\""bil\"",\""ordinary\"",\""gj-bil-pluss\"",null]""]",false,false,NOT_RECOVERED,NOT_SPECIFIED,REGISTRY_BINDING_ONLY
52ab6f7833f13fc2,B-077,"[""GAP-0146"", ""GAP-0213""]","[""SF-0268"", ""SF-0356""]","[""[\""storebrand\"",\""hund\"",\""ordinary\"",\""storebrand-hund-veterin-r\"",\""2025-02-01\""]"", ""[\""storebrand\"",\""hund\"",\""ordinary\"",\""storebrand-hund-veterin-r-og-d-dsfall\"",\""2025-02-01\""]""]",false,false,NOT_RECOVERED,NOT_SPECIFIED,REGISTRY_BINDING_ONLY
52ccd6d21a15dfff,B-152,"[""GAP-5495"", ""GAP-5520"", ""GAP-5550""]","[""SF-7818"", ""SF-7850"", ""SF-7888""]","[""[\""sparebank1-fremtind\"",\""båt\"",\""ordinary\"",\""sparebank1-fremtind-bat-delkasko\"",\""2024-06-10\""]"", ""[\""sparebank1-fremtind\"",\""båt\"",\""ordinary\"",\""sparebank1-fremtind-bat-kasko\"",\""2024-06-10\""]"", ""[\""sparebank1-fremtind\"",\""båt\"",\""ordinary\"",\""sparebank1-fremtind-bat-toppkasko\"",\""2024-06-10\""]""]",false,false,NOT_RECOVERED,NOT_SPECIFIED,REGISTRY_BINDING_ONLY
52cff77b0924b3ec,B-138,"[""GAP-2712"", ""GAP-2728""]","[""SF-3838"", ""SF-3859""]","[""[\""gjensidige\"",\""tilhenger\"",\""ordinary\"",\""gjensidige-tilhenger-delkasko\"",null]"", ""[\""gjensidige\"",\""tilhenger\"",\""ordinary\"",\""gjensidige-tilhenger-kasko\"",null]""]",false,false,NOT_RECOVERED,NOT_SPECIFIED,REGISTRY_BINDING_ONLY
52f0a67115598076,B-033,"[""GAP-4890"", ""GAP-4903"", ""GAP-4932"", ""GAP-4970""]","[""SF-7025"", ""SF-7042"", ""SF-7076"", ""SF-7129""]","[""[\""fremtind\"",\""bil\"",\""ordinary\"",\""fremtind-bil-ansvar\"",\""PMO-357.001-004\""]"", ""[\""fremtind\"",\""bil\"",\""ordinary\"",\""fremtind-bil-delkasko\"",\""PMO-357.001-004\""]"", ""[\""fremtind\"",\""bil\"",\""ordinary\"",\""fremtind-bil-kasko\"",\""PMO-357.001-004\""]"", ""[\""fremtind\"",\""bil\"",\""ordinary\"",\""fremtind-bil-topp\"",\""PMO-357.001-004\""]""]",false,false,NOT_RECOVERED,NOT_SPECIFIED,REGISTRY_BINDING_ONLY
530ff257c0f0fe00,B-078,"[""GAP-0966"", ""GAP-1012""]","[""SF-1490"", ""SF-1562""]","[""[\""storebrand\"",\""bolig\"",\""ordinary\"",\""storebrand-hus-standard\"",\""2025-08-15\""]"", ""[\""storebrand\"",\""bolig\"",\""ordinary\"",\""storebrand-hus-super\"",\""2025-08-15\""]""]",false,false,NOT_RECOVERED,NOT_SPECIFIED,REGISTRY_BINDING_ONLY
532819dd02d52899,B-046,"[""GAP-1961""]","[""SF-2825""]","[""[\""gjensidige\"",\""bil\"",\""ordinary\"",\""gj-bil-pluss\"",null]""]",false,false,NOT_RECOVERED,NOT_SPECIFIED,REGISTRY_BINDING_ONLY
532c9c49e318cd84,B-054,"[""GAP-2306"", ""GAP-2347"", ""GAP-2391""]","[""SF-3329"", ""SF-3378"", ""SF-3434""]","[""[\""gjensidige\"",\""mc\"",\""ordinary\"",\""gjensidige-mc-ansvar\"",null]"", ""[\""gjensidige\"",\""mc\"",\""ordinary\"",\""gjensidige-mc-delkasko\"",null]"", ""[\""gjensidige\"",\""mc\"",\""ordinary\"",\""gjensidige-mc-kasko\"",null]""]",false,false,NOT_RECOVERED,NOT_SPECIFIED,REGISTRY_BINDING_ONLY
532cb1d34c972165,B-025,"[""GAP-5301"", ""GAP-5312""]","[""SF-7560"", ""SF-7572""]","[""[\""eika-fremtind\"",\""campingvogn\"",\""ordinary\"",\""eika-fremtind-campingvogn-kasko\"",\""2024-03-21\""]"", ""[\""eika-fremtind\"",\""campingvogn\"",\""ordinary\"",\""eika-fremtind-campingvogn-minikasko\"",\""2024-03-21\""]""]",false,false,NOT_RECOVERED,NOT_SPECIFIED,REGISTRY_BINDING_ONLY
5358f8be6b404d71,B-033,"[""GAP-4682"", ""GAP-4711"", ""GAP-4745""]","[""SF-6757"", ""SF-6791"", ""SF-6836""]","[""[\""dnb-fremtind\"",\""bil\"",\""ordinary\"",\""dnb-bil-delkasko\"",\""PMO-357.001-004\""]"", ""[\""dnb-fremtind\"",\""bil\"",\""ordinary\"",\""dnb-bil-kasko\"",\""PMO-357.001-004\""]"", ""[\""dnb-fremtind\"",\""bil\"",\""ordinary\"",\""dnb-bil-topp\"",\""PMO-357.001-004\""]""]",false,false,NOT_RECOVERED,NOT_SPECIFIED,REGISTRY_BINDING_ONLY
535ce7f89f29d25f,B-046,"[""GAP-1858"", ""GAP-1896"", ""GAP-1945""]","[""SF-2686"", ""SF-2736"", ""SF-2802""]","[""[\""gjensidige\"",\""bil\"",\""ordinary\"",\""gj-bil-delkasko\"",null]"", ""[\""gjensidige\"",\""bil\"",\""ordinary\"",\""gj-bil-kasko\"",null]"", ""[\""gjensidige\"",\""bil\"",\""ordinary\"",\""gj-bil-pluss\"",null]""]",false,false,NOT_RECOVERED,NOT_SPECIFIED,REGISTRY_BINDING_ONLY
53631389900c9a7b,B-073,"[""GAP-0355"", ""GAP-0379"", ""GAP-0418"", ""GAP-0463""]","[""SF-0664"", ""SF-0701"", ""SF-0752"", ""SF-0811""]","[""[\""storebrand\"",\""bil\"",\""ordinary\"",\""sb-bil-ansvar\"",\""motor09\""]"", ""[\""storebrand\"",\""bil\"",\""ordinary\"",\""sb-bil-delkasko\"",\""motor09\""]"", ""[\""storebrand\"",\""bil\"",\""ordinary\"",\""sb-bil-kasko\"",\""motor09\""]"", ""[\""storebrand\"",\""bil\"",\""ordinary\"",\""sb-bil-super\"",\""motor09\""]""]",false,false,NOT_RECOVERED,NOT_SPECIFIED,REGISTRY_BINDING_ONLY
53a701c9afa6f2f6,B-082,"[""GAP-1064"", ""GAP-1116""]","[""SF-1637"", ""SF-1702""]","[""[\""storebrand\"",\""reise\"",\""ordinary\"",\""storebrand-reise-standard\"",\""2026-09-20-canonical\""]"", ""[\""storebrand\"",\""reise\"",\""ordinary\"",\""storebrand-reise-super\"",\""2026-09-20-canonical\""]""]",false,false,NOT_RECOVERED,NOT_SPECIFIED,REGISTRY_BINDING_ONLY
53db0911df260bee,B-078,"[""GAP-0947"", ""GAP-0993""]","[""SF-1466"", ""SF-1538""]","[""[\""storebrand\"",\""bolig\"",\""ordinary\"",\""storebrand-hus-standard\"",\""2025-08-15\""]"", ""[\""storebrand\"",\""bolig\"",\""ordinary\"",\""storebrand-hus-super\"",\""2025-08-15\""]""]",false,false,NOT_RECOVERED,NOT_SPECIFIED,REGISTRY_BINDING_ONLY
54200afe2f77c564,B-172,"[""GAP-0807"", ""GAP-0826""]","[""SF-1256"", ""SF-1280""]","[""[\""storebrand\"",\""tilhenger\"",\""ordinary\"",\""storebrand-tilhenger-brann-og-tyveri\"",\""2026-03-01\""]"", ""[\""storebrand\"",\""tilhenger\"",\""ordinary\"",\""storebrand-tilhenger-kasko\"",\""2026-03-01\""]""]",false,false,NOT_RECOVERED,NOT_SPECIFIED,REGISTRY_BINDING_ONLY
5451f3cd4d1439f3,B-205,"[""GAP-5201"", ""GAP-5237""]","[""SF-7440"", ""SF-7483""]","[""[\""fremtind-eika-legacy\"",\""reise\"",\""ordinary\"",\""eika-reise-p10\"",\""P10-P10P-2025-01-01\""]"", ""[\""fremtind-eika-legacy\"",\""reise\"",\""ordinary\"",\""eika-reise-pluss-p10\"",\""P10-P10P-2025-01-01\""]""]",false,true,NOT_RECOVERED,NOT_SPECIFIED,ARCHIVED_BASELINE
546a81031a2285c7,B-155,"[""GAP-5585""]","[""SF-7928""]","[""[\""sparebank1-fremtind\"",\""hund\"",\""ordinary\"",\""sparebank1-fremtind-hund-veterin-r\"",\""2025-08-07\""]""]",false,false,NOT_RECOVERED,NOT_SPECIFIED,REGISTRY_BINDING_ONLY
54ae4b12e928dd11,B-089,"[""GAP-0002""]","[""SF-0002""]","[""[\""tryg\"",\""hund\"",\""ordinary\"",\""tryg-hund-behandling\"",\""2026-09-01\""]""]",false,false,NOT_RECOVERED,NOT_SPECIFIED,REGISTRY_BINDING_ONLY
54aee00059f75024,B-033,"[""GAP-4802"", ""GAP-4831""]","[""SF-6910"", ""SF-6944""]","[""[\""eika-fremtind\"",\""bil\"",\""ordinary\"",\""eika-bil-delkasko\"",\""PMO-357.001-004\""]"", ""[\""eika-fremtind\"",\""bil\"",\""ordinary\"",\""eika-bil-kasko\"",\""PMO-357.001-004\""]""]",false,false,NOT_RECOVERED,NOT_SPECIFIED,REGISTRY_BINDING_ONLY
54d1c43fff3c5bff,B-080,"[""GAP-0175"", ""GAP-0255""]","[""SF-0304"", ""SF-0416""]","[""[\""storebrand\"",\""katt\"",\""ordinary\"",\""storebrand-katt-veterin-r\"",\""2025-02-01\""]"", ""[\""storebrand\"",\""katt\"",\""ordinary\"",\""storebrand-katt-veterin-r-og-d-dsfall\"",\""2025-02-01\""]""]",false,false,NOT_RECOVERED,NOT_SPECIFIED,REGISTRY_BINDING_ONLY
54d8a0ae6817ac0b,B-172,"[""GAP-0806"", ""GAP-0825""]","[""SF-1255"", ""SF-1279""]","[""[\""storebrand\"",\""tilhenger\"",\""ordinary\"",\""storebrand-tilhenger-brann-og-tyveri\"",\""2026-03-01\""]"", ""[\""storebrand\"",\""tilhenger\"",\""ordinary\"",\""storebrand-tilhenger-kasko\"",\""2026-03-01\""]""]",false,false,NOT_RECOVERED,NOT_SPECIFIED,REGISTRY_BINDING_ONLY
554486c625c0279b,B-063,"[""GAP-3458"", ""GAP-3484"", ""GAP-3515""]","[""SF-4878"", ""SF-4943"", ""SF-5015""]","[""[\""if\"",\""bolig\"",\""ordinary\"",\""if-hus-basis\"",\""2023-09\""]"", ""[\""if\"",\""bolig\"",\""ordinary\"",\""if-hus-super\"",\""2023-09\""]"", ""[\""if\"",\""bolig\"",\""ordinary\"",\""if-hus-utvidet\"",\""2023-09\""]""]",false,false,NOT_RECOVERED,NOT_SPECIFIED,REGISTRY_BINDING_ONLY
554ff65ae322a4ce,B-083,"[""GAP-0494"", ""GAP-0523""]","[""SF-0848"", ""SF-0881""]","[""[\""storebrand\"",\""snøscooter\"",\""ordinary\"",\""storebrand-snoscooter-delkasko\"",\""2025-04-01\""]"", ""[\""storebrand\"",\""snøscooter\"",\""ordinary\"",\""storebrand-snoscooter-kasko\"",\""2025-04-01\""]""]",false,false,NOT_RECOVERED,NOT_SPECIFIED,REGISTRY_BINDING_ONLY
555c0ff7d7901126,B-057,"[""GAP-2710"", ""GAP-2725""]","[""SF-3836"", ""SF-3856""]","[""[\""gjensidige\"",\""tilhenger\"",\""ordinary\"",\""gjensidige-tilhenger-delkasko\"",null]"", ""[\""gjensidige\"",\""tilhenger\"",\""ordinary\"",\""gjensidige-tilhenger-kasko\"",null]""]",false,false,NOT_RECOVERED,NOT_SPECIFIED,REGISTRY_BINDING_ONLY
5591ba10302978a6,B-033,"[""GAP-4683"", ""GAP-4712"", ""GAP-4746""]","[""SF-6758"", ""SF-6792"", ""SF-6837""]","[""[\""dnb-fremtind\"",\""bil\"",\""ordinary\"",\""dnb-bil-delkasko\"",\""PMO-357.001-004\""]"", ""[\""dnb-fremtind\"",\""bil\"",\""ordinary\"",\""dnb-bil-kasko\"",\""PMO-357.001-004\""]"", ""[\""dnb-fremtind\"",\""bil\"",\""ordinary\"",\""dnb-bil-topp\"",\""PMO-357.001-004\""]""]",false,false,NOT_RECOVERED,NOT_SPECIFIED,REGISTRY_BINDING_ONLY
55d129921c2cc791,B-171,"[""GAP-0814"", ""GAP-0834""]","[""SF-1265"", ""SF-1291""]","[""[\""storebrand\"",\""tilhenger\"",\""ordinary\"",\""storebrand-tilhenger-brann-og-tyveri\"",\""2026-03-01\""]"", ""[\""storebrand\"",\""tilhenger\"",\""ordinary\"",\""storebrand-tilhenger-kasko\"",\""2026-03-01\""]""]",false,false,NOT_RECOVERED,NOT_SPECIFIED,REGISTRY_BINDING_ONLY
55e1b588f72444f9,B-132,"[""GAP-2918""]","[""SF-4073""]","[""[\""gjensidige\"",\""katt\"",\""ordinary\"",\""gjensidige-katt-behandling\"",null]""]",false,false,NOT_RECOVERED,NOT_SPECIFIED,REGISTRY_BINDING_ONLY
55e6ef28d53fc724,B-113,"[""GAP-1280""]","[""SF-1897""]","[""[\""frende\"",\""hund\"",\""ordinary\"",\""frende-hund-veterin-r\"",\""2026-01-01\""]""]",false,false,NOT_RECOVERED,NOT_SPECIFIED,REGISTRY_BINDING_ONLY
55fd50e90e082d0c,B-028,"[""GAP-5384"", ""GAP-5397"", ""GAP-5425"", ""GAP-5461""]","[""SF-7667"", ""SF-7684"", ""SF-7719"", ""SF-7766""]","[""[\""fremtind\"",\""bobil\"",\""ordinary-dnb\"",\""fremtind-bobil-ansvar\"",\""2025-09-18\""]"", ""[\""fremtind\"",\""bobil\"",\""ordinary-dnb\"",\""fremtind-bobil-kasko\"",\""2025-09-18\""]"", ""[\""fremtind\"",\""bobil\"",\""ordinary-dnb\"",\""fremtind-bobil-minikasko\"",\""2025-09-18\""]"", ""[\""fremtind\"",\""bobil\"",\""ordinary-dnb\"",\""fremtind-bobil-topp\"",\""2025-09-18\""]""]",false,false,NOT_RECOVERED,NOT_SPECIFIED,REGISTRY_BINDING_ONLY
5653a75fb029b1d2,B-033,"[""GAP-4576"", ""GAP-4605""]","[""SF-6618"", ""SF-6652""]","[""[\""sparebank1-fremtind\"",\""bil\"",\""ordinary\"",\""sb1-bil-delkasko\"",\""PMO-357.001-004\""]"", ""[\""sparebank1-fremtind\"",\""bil\"",\""ordinary\"",\""sb1-bil-kasko\"",\""PMO-357.001-004\""]""]",false,false,NOT_RECOVERED,NOT_SPECIFIED,REGISTRY_BINDING_ONLY
565b29a45f07c725,B-044,"[""GAP-1683"", ""GAP-1713""]","[""SF-2459"", ""SF-2493""]","[""[\""frende\"",\""snøscooter\"",\""ordinary\"",\""frende-snoscooter-brann-og-tyveri\"",\""2026-01-01\""]"", ""[\""frende\"",\""snøscooter\"",\""ordinary\"",\""frende-snoscooter-kasko\"",\""2026-01-01\""]""]",false,false,NOT_RECOVERED,NOT_SPECIFIED,REGISTRY_BINDING_ONLY
566b797ec3dd2fdc,B-025,"[""GAP-5321""]","[""SF-7581""]","[""[\""eika-fremtind\"",\""campingvogn\"",\""ordinary\"",\""eika-fremtind-campingvogn-kasko\"",\""2024-03-21\""]""]",false,false,NOT_RECOVERED,NOT_SPECIFIED,REGISTRY_BINDING_ONLY
56b2247a66276d1f,B-078,"[""GAP-0957"", ""GAP-1003""]","[""SF-1479"", ""SF-1551""]","[""[\""storebrand\"",\""bolig\"",\""ordinary\"",\""storebrand-hus-standard\"",\""2025-08-15\""]"", ""[\""storebrand\"",\""bolig\"",\""ordinary\"",\""storebrand-hus-super\"",\""2025-08-15\""]""]",false,false,NOT_RECOVERED,NOT_SPECIFIED,REGISTRY_BINDING_ONLY
56b80af118b2eea8,B-037,"[""GAP-1771""]","[""SF-2567""]","[""[\""frende\"",\""campingvogn\"",\""ordinary\"",\""frende-campingvogn-kasko\"",\""2026-01-01\""]""]",false,false,NOT_RECOVERED,NOT_SPECIFIED,REGISTRY_BINDING_ONLY
56ca0ab0de6c9c38,B-048,"[""GAP-2846""]","[""SF-3992""]","[""[\""gjensidige\"",\""båt\"",\""ordinary\"",\""gjensidige-bat-pluss\"",null]""]",false,false,NOT_RECOVERED,NOT_SPECIFIED,REGISTRY_BINDING_ONLY
5701f588e72ca6c3,B-128,"[""GAP-2903""]","[""SF-4055""]","[""[\""gjensidige\"",\""hund\"",\""ordinary\"",\""gjensidige-hund-behandling\"",null]""]",false,false,NOT_RECOVERED,NOT_SPECIFIED,REGISTRY_BINDING_ONLY
5707facbe53edca3,B-110,"[""GAP-1158"", ""GAP-1184"", ""GAP-1221""]","[""SF-1755"", ""SF-1787"", ""SF-1829""]","[""[\""frende\"",\""båt\"",\""ordinary\"",\""frende-bat-brann-og-tyveri\"",\""2026-01-01\""]"", ""[\""frende\"",\""båt\"",\""ordinary\"",\""frende-bat-kasko\"",\""2026-01-01\""]"", ""[\""frende\"",\""båt\"",\""ordinary\"",\""frende-bat-utvidet\"",\""2026-01-01\""]""]",false,false,NOT_RECOVERED,NOT_SPECIFIED,REGISTRY_BINDING_ONLY
5734f0ea44c49583,B-028,"[""GAP-0133""]","[""SF-0251""]","[""[\""fremtind\"",\""bobil\"",\""ordinary-dnb\"",\""fremtind-bobil-topp\"",\""2025-09-18\""]""]",false,false,NOT_RECOVERED,NOT_SPECIFIED,REGISTRY_BINDING_ONLY
57772b5d65c12f6e,B-205,"[""GAP-5183"", ""GAP-5219""]","[""SF-7419"", ""SF-7462""]","[""[\""fremtind-eika-legacy\"",\""reise\"",\""ordinary\"",\""eika-reise-p10\"",\""P10-P10P-2025-01-01\""]"", ""[\""fremtind-eika-legacy\"",\""reise\"",\""ordinary\"",\""eika-reise-pluss-p10\"",\""P10-P10P-2025-01-01\""]""]",false,true,NOT_RECOVERED,NOT_SPECIFIED,ARCHIVED_BASELINE
57c775ac935fb504,B-051,"[""GAP-2183""]","[""SF-3140""]","[""[\""gjensidige\"",\""bolig\"",\""ordinary\"",\""gjensidige-hus-pluss\"",\""Alminnelige vilkår\""]""]",false,false,NOT_RECOVERED,NOT_SPECIFIED,REGISTRY_BINDING_ONLY
57e3a4d27d99cf44,B-047,"[""GAP-2438"", ""GAP-2477"", ""GAP-2517""]","[""SF-3489"", ""SF-3535"", ""SF-3588""]","[""[\""gjensidige\"",\""bobil\"",\""ordinary\"",\""gjensidige-bobil-delkasko\"",null]"", ""[\""gjensidige\"",\""bobil\"",\""ordinary\"",\""gjensidige-bobil-kasko\"",null]"", ""[\""gjensidige\"",\""bobil\"",\""ordinary\"",\""gjensidige-bobil-pluss\"",null]""]",false,false,NOT_RECOVERED,NOT_SPECIFIED,REGISTRY_BINDING_ONLY
57e492cd5d6961ba,B-181,"[""GAP-4371""]","[""SF-6224""]","[""[\""tryg\"",\""katt\"",\""ordinary\"",\""tryg-katt-behandling\"",\""2026-09-01\""]""]",false,false,NOT_RECOVERED,NOT_SPECIFIED,REGISTRY_BINDING_ONLY
581a63418538adb9,B-046,"[""GAP-1835"", ""GAP-1871"", ""GAP-1920"", ""GAP-1971""]","[""SF-2652"", ""SF-2700"", ""SF-2766"", ""SF-2839""]","[""[\""gjensidige\"",\""bil\"",\""ordinary\"",\""gj-bil-ansvar\"",null]"", ""[\""gjensidige\"",\""bil\"",\""ordinary\"",\""gj-bil-delkasko\"",null]"", ""[\""gjensidige\"",\""bil\"",\""ordinary\"",\""gj-bil-kasko\"",null]"", ""[\""gjensidige\"",\""bil\"",\""ordinary\"",\""gj-bil-pluss\"",null]""]",false,false,NOT_RECOVERED,NOT_SPECIFIED,REGISTRY_BINDING_ONLY
5839d2c13e186676,B-050,"[""GAP-2894""]","[""SF-4046""]","[""[\""gjensidige\"",\""hund\"",\""ordinary\"",\""gjensidige-hund-behandling\"",null]""]",false,false,NOT_RECOVERED,NOT_SPECIFIED,REGISTRY_BINDING_ONLY
583f8bec8c59618e,B-055,"[""GAP-2204"", ""GAP-2249""]","[""SF-3170"", ""SF-3245""]","[""[\""gjensidige\"",\""reise\"",\""ordinary\"",\""gjensidige-reise\"",\""2026-09-20-canonical\""]"", ""[\""gjensidige\"",\""reise\"",\""ordinary\"",\""gjensidige-reise-pluss\"",\""2026-09-20-canonical\""]""]",false,false,NOT_RECOVERED,NOT_SPECIFIED,REGISTRY_BINDING_ONLY
58ab8459f1ffd814,B-046,"[""GAP-1881""]","[""SF-2712""]","[""[\""gjensidige\"",\""bil\"",\""ordinary\"",\""gj-bil-delkasko\"",null]""]",false,false,NOT_RECOVERED,NOT_SPECIFIED,REGISTRY_BINDING_ONLY
58cc53938359edf5,B-091,"[""GAP-4385""]","[""SF-6238""]","[""[\""tryg\"",\""katt\"",\""ordinary\"",\""tryg-katt-behandling\"",\""2026-09-01\""]""]",false,false,NOT_RECOVERED,NOT_SPECIFIED,REGISTRY_BINDING_ONLY
58d514ee7d6651b5,B-055,"[""GAP-2214"", ""GAP-2260""]","[""SF-3182"", ""SF-3257""]","[""[\""gjensidige\"",\""reise\"",\""ordinary\"",\""gjensidige-reise\"",\""2026-09-20-canonical\""]"", ""[\""gjensidige\"",\""reise\"",\""ordinary\"",\""gjensidige-reise-pluss\"",\""2026-09-20-canonical\""]""]",false,false,NOT_RECOVERED,NOT_SPECIFIED,REGISTRY_BINDING_ONLY
58fe711dff9bc438,B-134,"[""GAP-2299"", ""GAP-2326"", ""GAP-2369""]","[""SF-3321"", ""SF-3353"", ""SF-3404""]","[""[\""gjensidige\"",\""mc\"",\""ordinary\"",\""gjensidige-mc-ansvar\"",null]"", ""[\""gjensidige\"",\""mc\"",\""ordinary\"",\""gjensidige-mc-delkasko\"",null]"", ""[\""gjensidige\"",\""mc\"",\""ordinary\"",\""gjensidige-mc-kasko\"",null]""]",false,false,NOT_RECOVERED,NOT_SPECIFIED,REGISTRY_BINDING_ONLY
590956d4bf298136,B-078,"[""GAP-1029""]","[""SF-1583""]","[""[\""storebrand\"",\""bolig\"",\""ordinary\"",\""storebrand-hus-super\"",\""2025-08-15\""]""]",false,false,NOT_RECOVERED,NOT_SPECIFIED,REGISTRY_BINDING_ONLY
590ad3fdd4e400c8,B-131,"[""GAP-1990"", ""GAP-2034""]","[""SF-2865"", ""SF-2920""]","[""[\""gjensidige\"",\""innbo\"",\""ordinary\"",\""gj-innbo\"",null]"", ""[\""gjensidige\"",\""innbo\"",\""ordinary\"",\""gj-innbo-pluss\"",null]""]",false,false,NOT_RECOVERED,NOT_SPECIFIED,REGISTRY_BINDING_ONLY
597df4c45c6d3db9,B-130,"[""GAP-2122"", ""GAP-2181""]","[""SF-3049"", ""SF-3136""]","[""[\""gjensidige\"",\""bolig\"",\""ordinary\"",\""gjensidige-hus\"",\""Alminnelige vilkår\""]"", ""[\""gjensidige\"",\""bolig\"",\""ordinary\"",\""gjensidige-hus-pluss\"",\""Alminnelige vilkår\""]""]",false,false,NOT_RECOVERED,NOT_SPECIFIED,REGISTRY_BINDING_ONLY
5a62b7de25f89de0,B-141,"[""GAP-3670"", ""GAP-3711"", ""GAP-3757""]","[""SF-5272"", ""SF-5318"", ""SF-5371""]","[""[\""if\"",\""båt\"",\""ordinary\"",\""if-bat-delkasko\"",\""2023-02-01\""]"", ""[\""if\"",\""båt\"",\""ordinary\"",\""if-bat-kasko\"",\""2023-02-01\""]"", ""[\""if\"",\""båt\"",\""ordinary\"",\""if-bat-super\"",\""2023-02-01\""]""]",false,false,NOT_RECOVERED,NOT_SPECIFIED,REGISTRY_BINDING_ONLY
5a7ba36a70425997,B-175,"[""GAP-4320""]","[""SF-6170""]","[""[\""tryg\"",\""båt\"",\""ordinary\"",\""tryg-bat-bat-ekstra\"",\""2024-07-01\""]""]",false,false,NOT_RECOVERED,NOT_SPECIFIED,REGISTRY_BINDING_ONLY
5abd018ff1bb0d0e,B-058,"[""GAP-2989"", ""GAP-3009""]","[""SF-4179"", ""SF-4218""]","[""[\""if\"",\""bil\"",\""ordinary\"",\""if-bil-kasko\"",\""MOT2-2\""]"", ""[\""if\"",\""bil\"",\""ordinary\"",\""if-bil-super\"",\""MOT2-2\""]""]",false,false,NOT_RECOVERED,NOT_SPECIFIED,REGISTRY_BINDING_ONLY
5ace95fc65248ffc,B-093,"[""GAP-4470"", ""GAP-4494"", ""GAP-4519""]","[""SF-6441"", ""SF-6484"", ""SF-6533""]","[""[\""tryg\"",\""reise\"",\""ordinary\"",\""tryg-reise\"",\""2026-09-20-canonical\""]"", ""[\""tryg\"",\""reise\"",\""ordinary\"",\""tryg-reise-ekstra\"",\""2026-09-20-canonical\""]"", ""[\""tryg\"",\""reise\"",\""ordinary\"",\""tryg-reise-premium\"",\""2026-09-20-canonical\""]""]",false,false,NOT_RECOVERED,NOT_SPECIFIED,REGISTRY_BINDING_ONLY
5ad36feb3dba2c8d,B-068,"[""GAP-3183"", ""GAP-3206""]","[""SF-4496"", ""SF-4526""]","[""[\""if\"",\""snøscooter\"",\""ordinary\"",\""if-snoscooter-delkasko\"",\""2024-03\""]"", ""[\""if\"",\""snøscooter\"",\""ordinary\"",\""if-snoscooter-kasko\"",\""2024-03\""]""]",false,false,NOT_RECOVERED,NOT_SPECIFIED,REGISTRY_BINDING_ONLY
5adc00d837c7423d,B-113,"[""GAP-1276""]","[""SF-1893""]","[""[\""frende\"",\""hund\"",\""ordinary\"",\""frende-hund-veterin-r\"",\""2026-01-01\""]""]",false,false,NOT_RECOVERED,NOT_SPECIFIED,REGISTRY_BINDING_ONLY
5b2547a6071ecad9,B-199,"[""GAP-4297"", ""GAP-4327""]","[""SF-6144"", ""SF-6177""]","[""[\""tryg\"",\""båt\"",\""ordinary\"",\""tryg-bat-bat-ekstra\"",\""2024-07-01\""]"", ""[\""tryg\"",\""båt\"",\""ordinary\"",\""tryg-bat-kasko-ansvar\"",\""2024-07-01\""]""]",false,false,NOT_RECOVERED,NOT_SPECIFIED,REGISTRY_BINDING_ONLY
5b2e4ce428a9cc46,B-076,"[""GAP-0750"", ""GAP-0775"", ""GAP-0800""]","[""SF-1182"", ""SF-1212"", ""SF-1246""]","[""[\""storebrand\"",\""campingvogn\"",\""ordinary\"",\""storebrand-campingvogn-brann-og-tyveri\"",\""2026-03-01\""]"", ""[\""storebrand\"",\""campingvogn\"",\""ordinary\"",\""storebrand-campingvogn-kasko\"",\""2026-03-01\""]"", ""[\""storebrand\"",\""campingvogn\"",\""ordinary\"",\""storebrand-campingvogn-super\"",\""2026-03-01\""]""]",false,false,NOT_RECOVERED,NOT_SPECIFIED,REGISTRY_BINDING_ONLY
5b4a5b3229d43529,B-135,"[""GAP-2203"", ""GAP-2248""]","[""SF-3169"", ""SF-3244""]","[""[\""gjensidige\"",\""reise\"",\""ordinary\"",\""gjensidige-reise\"",\""2026-09-20-canonical\""]"", ""[\""gjensidige\"",\""reise\"",\""ordinary\"",\""gjensidige-reise-pluss\"",\""2026-09-20-canonical\""]""]",false,false,NOT_RECOVERED,NOT_SPECIFIED,REGISTRY_BINDING_ONLY
5bb0556f0f525074,B-060,"[""GAP-3677"", ""GAP-3718"", ""GAP-3764""]","[""SF-5280"", ""SF-5326"", ""SF-5379""]","[""[\""if\"",\""båt\"",\""ordinary\"",\""if-bat-delkasko\"",\""2023-02-01\""]"", ""[\""if\"",\""båt\"",\""ordinary\"",\""if-bat-kasko\"",\""2023-02-01\""]"", ""[\""if\"",\""båt\"",\""ordinary\"",\""if-bat-super\"",\""2023-02-01\""]""]",false,false,NOT_RECOVERED,NOT_SPECIFIED,REGISTRY_BINDING_ONLY
5bbb4b8f92236ec5,B-028,"[""GAP-5405""]","[""SF-7696""]","[""[\""fremtind\"",\""bobil\"",\""ordinary-dnb\"",\""fremtind-bobil-minikasko\"",\""2025-09-18\""]""]",false,false,NOT_RECOVERED,NOT_SPECIFIED,REGISTRY_BINDING_ONLY
5bc3b914fc83fd9b,B-061,"[""GAP-3222"", ""GAP-3244"", ""GAP-3270""]","[""SF-4548"", ""SF-4577"", ""SF-4609""]","[""[\""if\"",\""campingvogn\"",\""ordinary\"",\""if-campingvogn-delkasko\"",\""2024-03\""]"", ""[\""if\"",\""campingvogn\"",\""ordinary\"",\""if-campingvogn-kasko\"",\""2024-03\""]"", ""[\""if\"",\""campingvogn\"",\""ordinary\"",\""if-campingvogn-super\"",\""2024-03\""]""]",false,false,NOT_RECOVERED,NOT_SPECIFIED,REGISTRY_BINDING_ONLY
5bdf1487e95ea92d,B-033,"[""GAP-4692"", ""GAP-4721"", ""GAP-4753""]","[""SF-6767"", ""SF-6801"", ""SF-6844""]","[""[\""dnb-fremtind\"",\""bil\"",\""ordinary\"",\""dnb-bil-delkasko\"",\""PMO-357.001-004\""]"", ""[\""dnb-fremtind\"",\""bil\"",\""ordinary\"",\""dnb-bil-kasko\"",\""PMO-357.001-004\""]"", ""[\""dnb-fremtind\"",\""bil\"",\""ordinary\"",\""dnb-bil-topp\"",\""PMO-357.001-004\""]""]",false,false,NOT_RECOVERED,NOT_SPECIFIED,REGISTRY_BINDING_ONLY
5c077e38898a7c98,B-149,"[""GAP-3563"", ""GAP-3601"", ""GAP-3642""]","[""SF-5097"", ""SF-5161"", ""SF-5228""]","[""[\""if\"",\""reise\"",\""ordinary\"",\""if-reise-basis\"",\""2026-09-20-canonical\""]"", ""[\""if\"",\""reise\"",\""ordinary\"",\""if-reise-standard\"",\""2026-09-20-canonical\""]"", ""[\""if\"",\""reise\"",\""ordinary\"",\""if-reise-super\"",\""2026-09-20-canonical\""]""]",false,false,NOT_RECOVERED,NOT_SPECIFIED,REGISTRY_BINDING_ONLY
5c0ddf90f95bf34a,B-055,"[""GAP-2195"", ""GAP-2240""]","[""SF-3156"", ""SF-3231""]","[""[\""gjensidige\"",\""reise\"",\""ordinary\"",\""gjensidige-reise\"",\""2026-09-20-canonical\""]"", ""[\""gjensidige\"",\""reise\"",\""ordinary\"",\""gjensidige-reise-pluss\"",\""2026-09-20-canonical\""]""]",false,false,NOT_RECOVERED,NOT_SPECIFIED,REGISTRY_BINDING_ONLY
5c4b8efe9ab3bf78,B-077,"[""GAP-0141"", ""GAP-0208""]","[""SF-0263"", ""SF-0351""]","[""[\""storebrand\"",\""hund\"",\""ordinary\"",\""storebrand-hund-veterin-r\"",\""2025-02-01\""]"", ""[\""storebrand\"",\""hund\"",\""ordinary\"",\""storebrand-hund-veterin-r-og-d-dsfall\"",\""2025-02-01\""]""]",false,false,NOT_RECOVERED,NOT_SPECIFIED,REGISTRY_BINDING_ONLY
5c5fa382c802bd26,B-179,"[""GAP-4405""]","[""SF-6265""]","[""[\""tryg\"",\""innbo\"",\""ordinary\"",\""tryg-innbo\"",\""2026-07-01\""]""]",false,false,NOT_RECOVERED,NOT_SPECIFIED,REGISTRY_BINDING_ONLY
5cbb9160db9011cb,B-047,"[""GAP-2486"", ""GAP-2526""]","[""SF-3548"", ""SF-3601""]","[""[\""gjensidige\"",\""bobil\"",\""ordinary\"",\""gjensidige-bobil-kasko\"",null]"", ""[\""gjensidige\"",\""bobil\"",\""ordinary\"",\""gjensidige-bobil-pluss\"",null]""]",false,false,NOT_RECOVERED,NOT_SPECIFIED,REGISTRY_BINDING_ONLY
5cdf1e935ce52506,B-081,"[""GAP-0593""]","[""SF-0978""]","[""[\""storebrand\"",\""mc\"",\""ordinary\"",\""storebrand-mc-kasko\"",\""motor09\""]""]",false,false,NOT_RECOVERED,NOT_SPECIFIED,REGISTRY_BINDING_ONLY
5d0c80cc39ff0c2d,B-055,"[""GAP-2272""]","[""SF-3274""]","[""[\""gjensidige\"",\""reise\"",\""ordinary\"",\""gjensidige-reise-pluss\"",\""2026-09-20-canonical\""]""]",false,false,NOT_RECOVERED,NOT_SPECIFIED,REGISTRY_BINDING_ONLY
5d72691cfbad7599,B-048,"[""GAP-2790"", ""GAP-2832""]","[""SF-3930"", ""SF-3977""]","[""[\""gjensidige\"",\""båt\"",\""ordinary\"",\""gjensidige-bat-kasko\"",null]"", ""[\""gjensidige\"",\""båt\"",\""ordinary\"",\""gjensidige-bat-pluss\"",null]""]",false,false,NOT_RECOVERED,NOT_SPECIFIED,REGISTRY_BINDING_ONLY
5d97d05ccf9a8262,B-033,"[""GAP-4838"", ""GAP-4875""]","[""SF-6956"", ""SF-7006""]","[""[\""eika-fremtind\"",\""bil\"",\""ordinary\"",\""eika-bil-kasko\"",\""PMO-357.001-004\""]"", ""[\""eika-fremtind\"",\""bil\"",\""ordinary\"",\""eika-bil-topp\"",\""PMO-357.001-004\""]""]",false,false,NOT_RECOVERED,NOT_SPECIFIED,REGISTRY_BINDING_ONLY
5dbc6e7ef1b0cbce,B-052,"[""GAP-2058""]","[""SF-2952""]","[""[\""gjensidige\"",\""innbo\"",\""ordinary\"",\""gj-innbo-pluss\"",null]""]",false,false,NOT_RECOVERED,NOT_SPECIFIED,REGISTRY_BINDING_ONLY
5de1c3220240a49c,B-024,"[""GAP-3288""]","[""SF-4631""]","[""[\""if\"",\""campingvogn\"",\""ordinary\"",\""if-campingvogn-super\"",\""2024-03\""]""]",false,false,NOT_RECOVERED,NOT_SPECIFIED,REGISTRY_BINDING_ONLY
5dfe8434f98723b2,B-045,"[""GAP-1777"", ""GAP-1799""]","[""SF-2577"", ""SF-2606""]","[""[\""frende\"",\""tilhenger\"",\""ordinary\"",\""frende-tilhenger-brann-og-tyveri\"",\""2026-01-01\""]"", ""[\""frende\"",\""tilhenger\"",\""ordinary\"",\""frende-tilhenger-kasko\"",\""2026-01-01\""]""]",false,false,NOT_RECOVERED,NOT_SPECIFIED,REGISTRY_BINDING_ONLY
5e1bc96f35b4425c,B-059,"[""GAP-3075"", ""GAP-3084"", ""GAP-3104"", ""GAP-3132""]","[""SF-4326"", ""SF-4340"", ""SF-4372"", ""SF-4417""]","[""[\""if\"",\""bobil\"",\""ordinary\"",\""if-bobil-ansvar\"",\""2024-03\""]"", ""[\""if\"",\""bobil\"",\""ordinary\"",\""if-bobil-delkasko\"",\""2024-03\""]"", ""[\""if\"",\""bobil\"",\""ordinary\"",\""if-bobil-kasko\"",\""2024-03\""]"", ""[\""if\"",\""bobil\"",\""ordinary\"",\""if-bobil-super\"",\""2022-06\""]""]",false,false,NOT_RECOVERED,NOT_SPECIFIED,REGISTRY_BINDING_ONLY
5e41642d0f9c4f16,B-082,"[""GAP-1074"", ""GAP-1126""]","[""SF-1649"", ""SF-1714""]","[""[\""storebrand\"",\""reise\"",\""ordinary\"",\""storebrand-reise-standard\"",\""2026-09-20-canonical\""]"", ""[\""storebrand\"",\""reise\"",\""ordinary\"",\""storebrand-reise-super\"",\""2026-09-20-canonical\""]""]",false,false,NOT_RECOVERED,NOT_SPECIFIED,REGISTRY_BINDING_ONLY
5e42a84dff434d43,B-034,"[""GAP-1381"", ""GAP-1425""]","[""SF-2028"", ""SF-2090""]","[""[\""frende\"",\""bil\"",\""ordinary\"",\""frende-bil-kasko\"",\""2026-01-01\""]"", ""[\""frende\"",\""bil\"",\""ordinary\"",\""frende-bil-utvidet\"",\""2026-01-01\""]""]",false,false,NOT_RECOVERED,NOT_SPECIFIED,REGISTRY_BINDING_ONLY
5f16ad8909013b8d,B-113,"[""GAP-1256""]","[""SF-1871""]","[""[\""frende\"",\""hund\"",\""ordinary\"",\""frende-hund-veterin-r\"",\""2026-01-01\""]""]",false,false,NOT_RECOVERED,NOT_SPECIFIED,REGISTRY_BINDING_ONLY
5f31ff4946a666b5,B-071,"[""GAP-5590""]","[""SF-7933""]","[""[\""sparebank1-fremtind\"",\""hund\"",\""ordinary\"",\""sparebank1-fremtind-hund-veterin-r\"",\""2025-08-07\""]""]",false,false,NOT_RECOVERED,NOT_SPECIFIED,REGISTRY_BINDING_ONLY
5f3a68f08c047e39,B-166,"[""GAP-0238"", ""GAP-0246""]","[""SF-0389"", ""SF-0404""]","[""[\""storebrand\"",\""katt\"",\""ordinary\"",\""storebrand-katt-d-dsfall\"",\""2025-02-01\""]"", ""[\""storebrand\"",\""katt\"",\""ordinary\"",\""storebrand-katt-veterin-r-og-d-dsfall\"",\""2025-02-01\""]""]",false,false,NOT_RECOVERED,NOT_SPECIFIED,REGISTRY_BINDING_ONLY
5f4aae4b514d4933,B-052,"[""GAP-1982"", ""GAP-2025""]","[""SF-2853"", ""SF-2908""]","[""[\""gjensidige\"",\""innbo\"",\""ordinary\"",\""gj-innbo\"",null]"", ""[\""gjensidige\"",\""innbo\"",\""ordinary\"",\""gj-innbo-pluss\"",null]""]",false,false,NOT_RECOVERED,NOT_SPECIFIED,REGISTRY_BINDING_ONLY
5f95e1ae9699ccf2,B-136,"[""GAP-2559"", ""GAP-2581"", ""GAP-2611""]","[""SF-3658"", ""SF-3682"", ""SF-3716""]","[""[\""gjensidige\"",\""snøscooter\"",\""ordinary\"",\""gjensidige-snoscooter-ansvar\"",null]"", ""[\""gjensidige\"",\""snøscooter\"",\""ordinary\"",\""gjensidige-snoscooter-delkasko\"",null]"", ""[\""gjensidige\"",\""snøscooter\"",\""ordinary\"",\""gjensidige-snoscooter-kasko\"",null]""]",false,false,NOT_RECOVERED,NOT_SPECIFIED,REGISTRY_BINDING_ONLY
5f977fc7bb67a5fa,B-078,"[""GAP-1032""]","[""SF-1588""]","[""[\""storebrand\"",\""bolig\"",\""ordinary\"",\""storebrand-hus-super\"",\""2025-08-15\""]""]",false,false,NOT_RECOVERED,NOT_SPECIFIED,REGISTRY_BINDING_ONLY
5fac60fd11644ee8,B-045,"[""GAP-1778"", ""GAP-1800""]","[""SF-2578"", ""SF-2607""]","[""[\""frende\"",\""tilhenger\"",\""ordinary\"",\""frende-tilhenger-brann-og-tyveri\"",\""2026-01-01\""]"", ""[\""frende\"",\""tilhenger\"",\""ordinary\"",\""frende-tilhenger-kasko\"",\""2026-01-01\""]""]",false,false,NOT_RECOVERED,NOT_SPECIFIED,REGISTRY_BINDING_ONLY
5fc629fe785cc4f9,B-172,"[""GAP-0808"", ""GAP-0827""]","[""SF-1257"", ""SF-1281""]","[""[\""storebrand\"",\""tilhenger\"",\""ordinary\"",\""storebrand-tilhenger-brann-og-tyveri\"",\""2026-03-01\""]"", ""[\""storebrand\"",\""tilhenger\"",\""ordinary\"",\""storebrand-tilhenger-kasko\"",\""2026-03-01\""]""]",false,false,NOT_RECOVERED,NOT_SPECIFIED,REGISTRY_BINDING_ONLY
5fc85982c00281a7,B-074,"[""GAP-0699""]","[""SF-1122""]","[""[\""storebrand\"",\""bobil\"",\""ordinary\"",\""storebrand-bobil-super\"",\""motor09\""]""]",false,false,NOT_RECOVERED,NOT_SPECIFIED,REGISTRY_BINDING_ONLY
601282f1d7c0e9ee,B-049,"[""GAP-2650"", ""GAP-2672"", ""GAP-2697""]","[""SF-3762"", ""SF-3789"", ""SF-3819""]","[""[\""gjensidige\"",\""campingvogn\"",\""ordinary\"",\""gjensidige-campingvogn-delkasko\"",null]"", ""[\""gjensidige\"",\""campingvogn\"",\""ordinary\"",\""gjensidige-campingvogn-kasko\"",null]"", ""[\""gjensidige\"",\""campingvogn\"",\""ordinary\"",\""gjensidige-campingvogn-pluss\"",null]""]",false,false,NOT_RECOVERED,NOT_SPECIFIED,REGISTRY_BINDING_ONLY
60203652861e9274,B-033,"[""GAP-4568"", ""GAP-4597"", ""GAP-4631""]","[""SF-6609"", ""SF-6643"", ""SF-6688""]","[""[\""sparebank1-fremtind\"",\""bil\"",\""ordinary\"",\""sb1-bil-delkasko\"",\""PMO-357.001-004\""]"", ""[\""sparebank1-fremtind\"",\""bil\"",\""ordinary\"",\""sb1-bil-kasko\"",\""PMO-357.001-004\""]"", ""[\""sparebank1-fremtind\"",\""bil\"",\""ordinary\"",\""sb1-bil-toppkasko\"",\""PMO-357.001-004\""]""]",false,false,NOT_RECOVERED,NOT_SPECIFIED,REGISTRY_BINDING_ONLY
604d044d53f5c952,B-161,"[""GAP-0729"", ""GAP-0753"", ""GAP-0778""]","[""SF-1159"", ""SF-1187"", ""SF-1217""]","[""[\""storebrand\"",\""campingvogn\"",\""ordinary\"",\""storebrand-campingvogn-brann-og-tyveri\"",\""2026-03-01\""]"", ""[\""storebrand\"",\""campingvogn\"",\""ordinary\"",\""storebrand-campingvogn-kasko\"",\""2026-03-01\""]"", ""[\""storebrand\"",\""campingvogn\"",\""ordinary\"",\""storebrand-campingvogn-super\"",\""2026-03-01\""]""]",false,false,NOT_RECOVERED,NOT_SPECIFIED,REGISTRY_BINDING_ONLY
60604b48df670cfe,B-065,"[""GAP-0048""]","[""SF-0075""]","[""[\""if\"",\""katt\"",\""ordinary\"",\""if-katt-super\"",\""2022-12-01\""]""]",false,false,NOT_RECOVERED,NOT_SPECIFIED,REGISTRY_BINDING_ONLY
6080e5e5a6bb3c63,B-051,"[""GAP-2118"", ""GAP-2177""]","[""SF-3042"", ""SF-3129""]","[""[\""gjensidige\"",\""bolig\"",\""ordinary\"",\""gjensidige-hus\"",\""Alminnelige vilkår\""]"", ""[\""gjensidige\"",\""bolig\"",\""ordinary\"",\""gjensidige-hus-pluss\"",\""Alminnelige vilkår\""]""]",false,false,NOT_RECOVERED,NOT_SPECIFIED,REGISTRY_BINDING_ONLY
60872f20e82579d0,B-146,"[""GAP-3343"", ""GAP-3373"", ""GAP-3417""]","[""SF-4702"", ""SF-4744"", ""SF-4805""]","[""[\""if\"",\""innbo\"",\""ordinary\"",\""if-innbo-basis\"",\""IBO2-1\""]"", ""[\""if\"",\""innbo\"",\""ordinary\"",\""if-innbo-super\"",\""IBO2-1\""]"", ""[\""if\"",\""innbo\"",\""ordinary\"",\""if-innbo-utvidet\"",\""IBO2-1\""]""]",false,false,NOT_RECOVERED,NOT_SPECIFIED,REGISTRY_BINDING_ONLY
60b54a8732695a2b,B-113,"[""GAP-1275""]","[""SF-1892""]","[""[\""frende\"",\""hund\"",\""ordinary\"",\""frende-hund-veterin-r\"",\""2026-01-01\""]""]",false,false,NOT_RECOVERED,NOT_SPECIFIED,REGISTRY_BINDING_ONLY
612b188e09699aa6,B-055,"[""GAP-2264""]","[""SF-3265""]","[""[\""gjensidige\"",\""reise\"",\""ordinary\"",\""gjensidige-reise-pluss\"",\""2026-09-20-canonical\""]""]",false,false,NOT_RECOVERED,NOT_SPECIFIED,REGISTRY_BINDING_ONLY
6140d96f34500894,B-034,"[""GAP-1309""]","[""SF-1933""]","[""[\""frende\"",\""bil\"",\""ordinary\"",\""frende-bil-ansvar\"",\""2026-01-01\""]""]",false,false,NOT_RECOVERED,NOT_SPECIFIED,REGISTRY_BINDING_ONLY
614e6706ae2502ce,B-205,"[""GAP-5213"", ""GAP-5253""]","[""SF-7453"", ""SF-7501""]","[""[\""fremtind-eika-legacy\"",\""reise\"",\""ordinary\"",\""eika-reise-p10\"",\""P10-P10P-2025-01-01\""]"", ""[\""fremtind-eika-legacy\"",\""reise\"",\""ordinary\"",\""eika-reise-pluss-p10\"",\""P10-P10P-2025-01-01\""]""]",false,true,NOT_RECOVERED,NOT_SPECIFIED,ARCHIVED_BASELINE
61aa441e3be9659a,B-048,"[""GAP-2757"", ""GAP-2799"", ""GAP-2853""]","[""SF-3892"", ""SF-3939"", ""SF-3999""]","[""[\""gjensidige\"",\""båt\"",\""ordinary\"",\""gjensidige-bat-delkasko\"",null]"", ""[\""gjensidige\"",\""båt\"",\""ordinary\"",\""gjensidige-bat-kasko\"",null]"", ""[\""gjensidige\"",\""båt\"",\""ordinary\"",\""gjensidige-bat-pluss\"",null]""]",false,false,NOT_RECOVERED,NOT_SPECIFIED,REGISTRY_BINDING_ONLY
61af1e6205ce72f4,B-145,"[""GAP-3477"", ""GAP-3507"", ""GAP-3542""]","[""SF-4913"", ""SF-4985"", ""SF-5062""]","[""[\""if\"",\""bolig\"",\""ordinary\"",\""if-hus-basis\"",\""2023-09\""]"", ""[\""if\"",\""bolig\"",\""ordinary\"",\""if-hus-super\"",\""2023-09\""]"", ""[\""if\"",\""bolig\"",\""ordinary\"",\""if-hus-utvidet\"",\""2023-09\""]""]",false,false,NOT_RECOVERED,NOT_SPECIFIED,REGISTRY_BINDING_ONLY
61fa5495c33abe97,B-087,"[""GAP-4300"", ""GAP-4330""]","[""SF-6147"", ""SF-6180""]","[""[\""tryg\"",\""båt\"",\""ordinary\"",\""tryg-bat-bat-ekstra\"",\""2024-07-01\""]"", ""[\""tryg\"",\""båt\"",\""ordinary\"",\""tryg-bat-kasko-ansvar\"",\""2024-07-01\""]""]",false,false,NOT_RECOVERED,NOT_SPECIFIED,REGISTRY_BINDING_ONLY
61ffd4afdf5e94fd,B-177,"[""GAP-4354""]","[""SF-6206""]","[""[\""tryg\"",\""hund\"",\""ordinary\"",\""tryg-hund-behandling\"",\""2026-09-01\""]""]",false,false,NOT_RECOVERED,NOT_SPECIFIED,REGISTRY_BINDING_ONLY
62568f57044e3a1e,B-093,"[""GAP-4479"", ""GAP-4504"", ""GAP-4529""]","[""SF-6458"", ""SF-6504"", ""SF-6554""]","[""[\""tryg\"",\""reise\"",\""ordinary\"",\""tryg-reise\"",\""2026-09-20-canonical\""]"", ""[\""tryg\"",\""reise\"",\""ordinary\"",\""tryg-reise-ekstra\"",\""2026-09-20-canonical\""]"", ""[\""tryg\"",\""reise\"",\""ordinary\"",\""tryg-reise-premium\"",\""2026-09-20-canonical\""]""]",false,false,NOT_RECOVERED,NOT_SPECIFIED,REGISTRY_BINDING_ONLY
627fa475ee5cedba,B-043,"[""GAP-0329""]","[""SF-0602""]","[""[\""frende\"",\""reise\"",\""ordinary\"",\""frende-reiseforsikring\"",\""2026-03-01\""]""]",false,false,NOT_RECOVERED,NOT_SPECIFIED,REGISTRY_BINDING_ONLY
62ddce9074bedb91,B-035,"[""GAP-1588"", ""GAP-1620""]","[""SF-2327"", ""SF-2377""]","[""[\""frende\"",\""bobil\"",\""ordinary\"",\""frende-bobil-kasko\"",\""2026-01-01\""]"", ""[\""frende\"",\""bobil\"",\""ordinary\"",\""frende-bobil-utvidet\"",\""2026-01-01\""]""]",false,false,NOT_RECOVERED,NOT_SPECIFIED,REGISTRY_BINDING_ONLY
62e71b5854c84a46,B-101,"[""GAP-5403"", ""GAP-5431"", ""GAP-5467""]","[""SF-7694"", ""SF-7729"", ""SF-7775""]","[""[\""fremtind\"",\""bobil\"",\""ordinary-dnb\"",\""fremtind-bobil-kasko\"",\""2025-09-18\""]"", ""[\""fremtind\"",\""bobil\"",\""ordinary-dnb\"",\""fremtind-bobil-minikasko\"",\""2025-09-18\""]"", ""[\""fremtind\"",\""bobil\"",\""ordinary-dnb\"",\""fremtind-bobil-topp\"",\""2025-09-18\""]""]",false,false,NOT_RECOVERED,NOT_SPECIFIED,REGISTRY_BINDING_ONLY
62f83f900b1c1b4d,B-055,"[""GAP-2221"", ""GAP-2269""]","[""SF-3194"", ""SF-3271""]","[""[\""gjensidige\"",\""reise\"",\""ordinary\"",\""gjensidige-reise\"",\""2026-09-20-canonical\""]"", ""[\""gjensidige\"",\""reise\"",\""ordinary\"",\""gjensidige-reise-pluss\"",\""2026-09-20-canonical\""]""]",false,false,NOT_RECOVERED,NOT_SPECIFIED,REGISTRY_BINDING_ONLY
6313e4fb3e6b8f2d,B-108,"[""GAP-1549"", ""GAP-1577"", ""GAP-1611""]","[""SF-2278"", ""SF-2314"", ""SF-2364""]","[""[\""frende\"",\""bobil\"",\""ordinary\"",\""frende-bobil-delkasko\"",\""2026-01-01\""]"", ""[\""frende\"",\""bobil\"",\""ordinary\"",\""frende-bobil-kasko\"",\""2026-01-01\""]"", ""[\""frende\"",\""bobil\"",\""ordinary\"",\""frende-bobil-utvidet\"",\""2026-01-01\""]""]",false,false,NOT_RECOVERED,NOT_SPECIFIED,REGISTRY_BINDING_ONLY
6322cbd61ebd60fe,B-063,"[""GAP-3466"", ""GAP-3496"", ""GAP-3531""]","[""SF-4892"", ""SF-4963"", ""SF-5040""]","[""[\""if\"",\""bolig\"",\""ordinary\"",\""if-hus-basis\"",\""2023-09\""]"", ""[\""if\"",\""bolig\"",\""ordinary\"",\""if-hus-super\"",\""2023-09\""]"", ""[\""if\"",\""bolig\"",\""ordinary\"",\""if-hus-utvidet\"",\""2023-09\""]""]",false,false,NOT_RECOVERED,NOT_SPECIFIED,REGISTRY_BINDING_ONLY
63235630b651e645,B-093,"[""GAP-4507""]","[""SF-6511""]","[""[\""tryg\"",\""reise\"",\""ordinary\"",\""tryg-reise-ekstra\"",\""2026-09-20-canonical\""]""]",false,false,NOT_RECOVERED,NOT_SPECIFIED,REGISTRY_BINDING_ONLY
6338c1e8ef590bef,B-031,"[""GAP-5334"", ""GAP-5342"", ""GAP-5359""]","[""SF-7599"", ""SF-7610"", ""SF-7634""]","[""[\""fremtind\"",\""mc\"",\""ordinary-sparebank1\"",\""fremtind-mc-ansvar\"",null]"", ""[\""fremtind\"",\""mc\"",\""ordinary-sparebank1\"",\""fremtind-mc-delkasko\"",null]"", ""[\""fremtind\"",\""mc\"",\""ordinary-sparebank1\"",\""fremtind-mc-kasko\"",null]""]",false,false,NOT_RECOVERED,NOT_SPECIFIED,REGISTRY_BINDING_ONLY
6371a027109a53b1,B-088,"[""GAP-4136"", ""GAP-4151"", ""GAP-4168"", ""GAP-4187""]","[""SF-5932"", ""SF-5952"", ""SF-5975"", ""SF-6000""]","[""[\""tryg\"",\""campingvogn\"",\""ordinary\"",\""tryg-campingvogn-brann\"",\""2026-01-01\""]"", ""[\""tryg\"",\""campingvogn\"",\""ordinary\"",\""tryg-campingvogn-brann-og-tyveri\"",\""2026-01-01\""]"", ""[\""tryg\"",\""campingvogn\"",\""ordinary\"",\""tryg-campingvogn-campingvogn-ekstra\"",\""2026-01-01\""]"", ""[\""tryg\"",\""campingvogn\"",\""ordinary\"",\""tryg-campingvogn-kasko\"",\""2026-01-01\""]""]",false,false,NOT_RECOVERED,NOT_SPECIFIED,REGISTRY_BINDING_ONLY
63a12036191c2c3c,B-046,"[""GAP-1977""]","[""SF-2846""]","[""[\""gjensidige\"",\""bil\"",\""ordinary\"",\""gj-bil-pluss\"",null]""]",false,false,NOT_RECOVERED,NOT_SPECIFIED,REGISTRY_BINDING_ONLY
64243385e68bf310,B-075,"[""GAP-0089""]","[""SF-0133""]","[""[\""storebrand\"",\""båt\"",\""ordinary\"",\""storebrand-bat-super\"",\""2024-09-01\""]""]",false,false,NOT_RECOVERED,NOT_SPECIFIED,REGISTRY_BINDING_ONLY
6429dd389a2d85c3,B-122,"[""GAP-1837"", ""GAP-1873"", ""GAP-1922"", ""GAP-1973""]","[""SF-2654"", ""SF-2702"", ""SF-2768"", ""SF-2841""]","[""[\""gjensidige\"",\""bil\"",\""ordinary\"",\""gj-bil-ansvar\"",null]"", ""[\""gjensidige\"",\""bil\"",\""ordinary\"",\""gj-bil-delkasko\"",null]"", ""[\""gjensidige\"",\""bil\"",\""ordinary\"",\""gj-bil-kasko\"",null]"", ""[\""gjensidige\"",\""bil\"",\""ordinary\"",\""gj-bil-pluss\"",null]""]",false,false,NOT_RECOVERED,NOT_SPECIFIED,REGISTRY_BINDING_ONLY
642a5d01e3295c64,B-083,"[""GAP-0477"", ""GAP-0506"", ""GAP-0537""]","[""SF-0828"", ""SF-0861"", ""SF-0896""]","[""[\""storebrand\"",\""snøscooter\"",\""ordinary\"",\""storebrand-snoscooter-ansvar\"",\""2025-04-01\""]"", ""[\""storebrand\"",\""snøscooter\"",\""ordinary\"",\""storebrand-snoscooter-delkasko\"",\""2025-04-01\""]"", ""[\""storebrand\"",\""snøscooter\"",\""ordinary\"",\""storebrand-snoscooter-kasko\"",\""2025-04-01\""]""]",false,false,NOT_RECOVERED,NOT_SPECIFIED,REGISTRY_BINDING_ONLY
64362968dd99464a,B-053,"[""GAP-2933""]","[""SF-4088""]","[""[\""gjensidige\"",\""katt\"",\""ordinary\"",\""gjensidige-katt-behandling\"",null]""]",false,false,NOT_RECOVERED,NOT_SPECIFIED,REGISTRY_BINDING_ONLY
6436f5994845ff92,B-074,"[""GAP-0701""]","[""SF-1124""]","[""[\""storebrand\"",\""bobil\"",\""ordinary\"",\""storebrand-bobil-super\"",\""motor09\""]""]",false,false,NOT_RECOVERED,NOT_SPECIFIED,REGISTRY_BINDING_ONLY
646a7c2c66a9e0b5,B-080,"[""GAP-0174"", ""GAP-0254""]","[""SF-0303"", ""SF-0415""]","[""[\""storebrand\"",\""katt\"",\""ordinary\"",\""storebrand-katt-veterin-r\"",\""2025-02-01\""]"", ""[\""storebrand\"",\""katt\"",\""ordinary\"",\""storebrand-katt-veterin-r-og-d-dsfall\"",\""2025-02-01\""]""]",false,false,NOT_RECOVERED,NOT_SPECIFIED,REGISTRY_BINDING_ONLY
648fbba4be12af9d,B-062,"[""GAP-0028""]","[""SF-0043""]","[""[\""if\"",\""hund\"",\""ordinary\"",\""if-hund-standard\"",\""2022-12-01\""]""]",false,false,NOT_RECOVERED,NOT_SPECIFIED,REGISTRY_BINDING_ONLY
64cdd3155c8302ff,B-195,"[""GAP-5511"", ""GAP-5541"", ""GAP-5578""]","[""SF-7835"", ""SF-7873"", ""SF-7918""]","[""[\""sparebank1-fremtind\"",\""båt\"",\""ordinary\"",\""sparebank1-fremtind-bat-delkasko\"",\""2024-06-10\""]"", ""[\""sparebank1-fremtind\"",\""båt\"",\""ordinary\"",\""sparebank1-fremtind-bat-kasko\"",\""2024-06-10\""]"", ""[\""sparebank1-fremtind\"",\""båt\"",\""ordinary\"",\""sparebank1-fremtind-bat-toppkasko\"",\""2024-06-10\""]""]",false,false,NOT_RECOVERED,NOT_SPECIFIED,REGISTRY_BINDING_ONLY
64db6bf8d327ad86,B-083,"[""GAP-0468"", ""GAP-0482"", ""GAP-0511""]","[""SF-0818"", ""SF-0835"", ""SF-0868""]","[""[\""storebrand\"",\""snøscooter\"",\""ordinary\"",\""storebrand-snoscooter-ansvar\"",\""2025-04-01\""]"", ""[\""storebrand\"",\""snøscooter\"",\""ordinary\"",\""storebrand-snoscooter-delkasko\"",\""2025-04-01\""]"", ""[\""storebrand\"",\""snøscooter\"",\""ordinary\"",\""storebrand-snoscooter-kasko\"",\""2025-04-01\""]""]",false,false,NOT_RECOVERED,NOT_SPECIFIED,REGISTRY_BINDING_ONLY
64deacae233837b5,B-072,"[""GAP-5628""]","[""SF-7976""]","[""[\""sparebank1-fremtind\"",\""katt\"",\""ordinary\"",\""sparebank1-fremtind-katt-veterin-r\"",\""2025-08-07\""]""]",false,false,NOT_RECOVERED,NOT_SPECIFIED,REGISTRY_BINDING_ONLY
64e3edd3c8eb1100,B-052,"[""GAP-2007"", ""GAP-2060""]","[""SF-2887"", ""SF-2957""]","[""[\""gjensidige\"",\""innbo\"",\""ordinary\"",\""gj-innbo\"",null]"", ""[\""gjensidige\"",\""innbo\"",\""ordinary\"",\""gj-innbo-pluss\"",null]""]",false,false,NOT_RECOVERED,NOT_SPECIFIED,REGISTRY_BINDING_ONLY
64eac561455f4dc4,B-045,"[""GAP-1779"", ""GAP-1801""]","[""SF-2579"", ""SF-2608""]","[""[\""frende\"",\""tilhenger\"",\""ordinary\"",\""frende-tilhenger-brann-og-tyveri\"",\""2026-01-01\""]"", ""[\""frende\"",\""tilhenger\"",\""ordinary\"",\""frende-tilhenger-kasko\"",\""2026-01-01\""]""]",false,false,NOT_RECOVERED,NOT_SPECIFIED,REGISTRY_BINDING_ONLY
64fad052627e6c53,B-047,"[""GAP-2419"", ""GAP-2457"", ""GAP-2497"", ""GAP-2539""]","[""SF-3466"", ""SF-3511"", ""SF-3564"", ""SF-3628""]","[""[\""gjensidige\"",\""bobil\"",\""ordinary\"",\""gjensidige-bobil-ansvar\"",null]"", ""[\""gjensidige\"",\""bobil\"",\""ordinary\"",\""gjensidige-bobil-delkasko\"",null]"", ""[\""gjensidige\"",\""bobil\"",\""ordinary\"",\""gjensidige-bobil-kasko\"",null]"", ""[\""gjensidige\"",\""bobil\"",\""ordinary\"",\""gjensidige-bobil-pluss\"",null]""]",false,false,NOT_RECOVERED,NOT_SPECIFIED,REGISTRY_BINDING_ONLY
6528af829b3604fa,B-090,"[""GAP-4438""]","[""SF-6308""]","[""[\""tryg\"",\""innbo\"",\""ordinary\"",\""tryg-innbo-ekstra\"",\""2026-07-01\""]""]",false,false,NOT_RECOVERED,NOT_SPECIFIED,REGISTRY_BINDING_ONLY
656737de163592f0,B-150,"[""GAP-3162"", ""GAP-3175"", ""GAP-3198""]","[""SF-4471"", ""SF-4487"", ""SF-4517""]","[""[\""if\"",\""snøscooter\"",\""ordinary\"",\""if-snoscooter-ansvar\"",\""2024-03\""]"", ""[\""if\"",\""snøscooter\"",\""ordinary\"",\""if-snoscooter-delkasko\"",\""2024-03\""]"", ""[\""if\"",\""snøscooter\"",\""ordinary\"",\""if-snoscooter-kasko\"",\""2024-03\""]""]",false,false,NOT_RECOVERED,NOT_SPECIFIED,REGISTRY_BINDING_ONLY
658da887d3bf9743,B-074,"[""GAP-0665"", ""GAP-0666"", ""GAP-0709"", ""GAP-0710""]","[""SF-1076"", ""SF-1077"", ""SF-1136"", ""SF-1137""]","[""[\""storebrand\"",\""bobil\"",\""ordinary\"",\""storebrand-bobil-kasko\"",\""motor09\""]"", ""[\""storebrand\"",\""bobil\"",\""ordinary\"",\""storebrand-bobil-super\"",\""motor09\""]""]",false,false,NOT_RECOVERED,NOT_SPECIFIED,REGISTRY_BINDING_ONLY
65c211b99e57a86f,B-124,"[""GAP-2792"", ""GAP-2834""]","[""SF-3932"", ""SF-3979""]","[""[\""gjensidige\"",\""båt\"",\""ordinary\"",\""gjensidige-bat-kasko\"",null]"", ""[\""gjensidige\"",\""båt\"",\""ordinary\"",\""gjensidige-bat-pluss\"",null]""]",false,false,NOT_RECOVERED,NOT_SPECIFIED,REGISTRY_BINDING_ONLY
65ee26665f2f51e1,B-155,"[""GAP-5583""]","[""SF-7926""]","[""[\""sparebank1-fremtind\"",\""hund\"",\""ordinary\"",\""sparebank1-fremtind-hund-veterin-r\"",\""2025-08-07\""]""]",false,false,NOT_RECOVERED,NOT_SPECIFIED,REGISTRY_BINDING_ONLY
65f34b7fb16c7696,B-068,"[""GAP-3166"", ""GAP-3179"", ""GAP-3202""]","[""SF-4475"", ""SF-4491"", ""SF-4521""]","[""[\""if\"",\""snøscooter\"",\""ordinary\"",\""if-snoscooter-ansvar\"",\""2024-03\""]"", ""[\""if\"",\""snøscooter\"",\""ordinary\"",\""if-snoscooter-delkasko\"",\""2024-03\""]"", ""[\""if\"",\""snøscooter\"",\""ordinary\"",\""if-snoscooter-kasko\"",\""2024-03\""]""]",false,false,NOT_RECOVERED,NOT_SPECIFIED,REGISTRY_BINDING_ONLY
66607755d503d092,B-185,"[""GAP-4113"", ""GAP-4130""]","[""SF-5902"", ""SF-5923""]","[""[\""tryg\"",\""snøscooter\"",\""ordinary\"",\""tryg-snoscooter-brann-og-tyveri\"",null]"", ""[\""tryg\"",\""snøscooter\"",\""ordinary\"",\""tryg-snoscooter-kasko\"",null]""]",false,false,NOT_RECOVERED,NOT_SPECIFIED,REGISTRY_BINDING_ONLY
6694fdccb6c7b37d,B-091,"[""GAP-0010""]","[""SF-0016""]","[""[\""tryg\"",\""katt\"",\""ordinary\"",\""tryg-katt-behandling\"",\""2026-09-01\""]""]",false,false,NOT_RECOVERED,NOT_SPECIFIED,REGISTRY_BINDING_ONLY
6698bcc96b98361c,B-034,"[""GAP-1369""]","[""SF-2008""]","[""[\""frende\"",\""bil\"",\""ordinary\"",\""frende-bil-kasko\"",\""2026-01-01\""]""]",false,false,NOT_RECOVERED,NOT_SPECIFIED,REGISTRY_BINDING_ONLY
670d6c7edf7952d5,B-088,"[""GAP-4177"", ""GAP-4196""]","[""SF-5985"", ""SF-6009""]","[""[\""tryg\"",\""campingvogn\"",\""ordinary\"",\""tryg-campingvogn-campingvogn-ekstra\"",\""2026-01-01\""]"", ""[\""tryg\"",\""campingvogn\"",\""ordinary\"",\""tryg-campingvogn-kasko\"",\""2026-01-01\""]""]",false,false,NOT_RECOVERED,NOT_SPECIFIED,REGISTRY_BINDING_ONLY
673b0dd64b9ae86b,B-042,"[""GAP-1452"", ""GAP-1480"", ""GAP-1511""]","[""SF-2122"", ""SF-2163"", ""SF-2209""]","[""[\""frende\"",\""mc\"",\""ordinary\"",\""frende-mc-ansvar\"",\""2026-01-01\""]"", ""[\""frende\"",\""mc\"",\""ordinary\"",\""frende-mc-delkasko\"",\""2026-01-01\""]"", ""[\""frende\"",\""mc\"",\""ordinary\"",\""frende-mc-kasko\"",\""2026-01-01\""]""]",false,false,NOT_RECOVERED,NOT_SPECIFIED,REGISTRY_BINDING_ONLY
673b26b43f1be200,B-057,"[""GAP-2727""]","[""SF-3858""]","[""[\""gjensidige\"",\""tilhenger\"",\""ordinary\"",\""gjensidige-tilhenger-kasko\"",null]""]",false,false,NOT_RECOVERED,NOT_SPECIFIED,REGISTRY_BINDING_ONLY
6769d0c49d81c59e,B-038,"[""GAP-1273""]","[""SF-1889""]","[""[\""frende\"",\""hund\"",\""ordinary\"",\""frende-hund-veterin-r\"",\""2026-01-01\""]""]",false,false,NOT_RECOVERED,NOT_SPECIFIED,REGISTRY_BINDING_ONLY
67703e691b2f1e01,B-122,"[""GAP-1862"", ""GAP-1900""]","[""SF-2690"", ""SF-2740""]","[""[\""gjensidige\"",\""bil\"",\""ordinary\"",\""gj-bil-delkasko\"",null]"", ""[\""gjensidige\"",\""bil\"",\""ordinary\"",\""gj-bil-kasko\"",null]""]",false,false,NOT_RECOVERED,NOT_SPECIFIED,REGISTRY_BINDING_ONLY
67737ce80b5eced9,B-033,"[""GAP-4774"", ""GAP-4787"", ""GAP-4816"", ""GAP-4850""]","[""SF-6875"", ""SF-6892"", ""SF-6926"", ""SF-6971""]","[""[\""eika-fremtind\"",\""bil\"",\""ordinary\"",\""eika-bil-ansvar\"",\""PMO-357.001-004\""]"", ""[\""eika-fremtind\"",\""bil\"",\""ordinary\"",\""eika-bil-delkasko\"",\""PMO-357.001-004\""]"", ""[\""eika-fremtind\"",\""bil\"",\""ordinary\"",\""eika-bil-kasko\"",\""PMO-357.001-004\""]"", ""[\""eika-fremtind\"",\""bil\"",\""ordinary\"",\""eika-bil-topp\"",\""PMO-357.001-004\""]""]",false,false,NOT_RECOVERED,NOT_SPECIFIED,REGISTRY_BINDING_ONLY
67807640ae1f35b9,B-040,"[""GAP-0287""]","[""SF-0479""]","[""[\""frende\"",\""innbo\"",\""ordinary\"",\""frende-innbo-standard\"",\""2026-09-01\""]""]",false,false,NOT_RECOVERED,NOT_SPECIFIED,REGISTRY_BINDING_ONLY
678d0558a0b8f5a7,B-085,"[""GAP-3942"", ""GAP-3943""]","[""SF-5624"", ""SF-5625""]","[""[\""tryg\"",\""bil\"",\""ordinary\"",\""bil-kasko\"",\""PAU25205\""]""]",false,false,NOT_RECOVERED,NOT_SPECIFIED,REGISTRY_BINDING_ONLY
67ad890f10319f83,B-059,"[""GAP-3152""]","[""SF-4446""]","[""[\""if\"",\""bobil\"",\""ordinary\"",\""if-bobil-super\"",\""2022-06\""]""]",false,false,NOT_RECOVERED,NOT_SPECIFIED,REGISTRY_BINDING_ONLY
67b32f613e47d713,B-056,"[""GAP-2586"", ""GAP-2616""]","[""SF-3687"", ""SF-3721""]","[""[\""gjensidige\"",\""snøscooter\"",\""ordinary\"",\""gjensidige-snoscooter-delkasko\"",null]"", ""[\""gjensidige\"",\""snøscooter\"",\""ordinary\"",\""gjensidige-snoscooter-kasko\"",null]""]",false,false,NOT_RECOVERED,NOT_SPECIFIED,REGISTRY_BINDING_ONLY
67d0a2bea66ad634,B-064,"[""GAP-3391"", ""GAP-3436""]","[""SF-4767"", ""SF-4830""]","[""[\""if\"",\""innbo\"",\""ordinary\"",\""if-innbo-super\"",\""IBO2-1\""]"", ""[\""if\"",\""innbo\"",\""ordinary\"",\""if-innbo-utvidet\"",\""IBO2-1\""]""]",false,false,NOT_RECOVERED,NOT_SPECIFIED,REGISTRY_BINDING_ONLY
67fb5d41d30af6a0,B-033,"[""GAP-4874""]","[""SF-7002""]","[""[\""eika-fremtind\"",\""bil\"",\""ordinary\"",\""eika-bil-topp\"",\""PMO-357.001-004\""]""]",false,false,NOT_RECOVERED,NOT_SPECIFIED,REGISTRY_BINDING_ONLY
688cc5923342804d,B-071,"[""GAP-5597""]","[""SF-7940""]","[""[\""sparebank1-fremtind\"",\""hund\"",\""ordinary\"",\""sparebank1-fremtind-hund-veterin-r\"",\""2025-08-07\""]""]",false,false,NOT_RECOVERED,NOT_SPECIFIED,REGISTRY_BINDING_ONLY
68a41a930a9e7482,B-066,"[""GAP-3018"", ""GAP-3030"", ""GAP-3051""]","[""SF-4235"", ""SF-4252"", ""SF-4286""]","[""[\""if\"",\""mc\"",\""ordinary\"",\""if-mc-ansvar\"",\""2024-03\""]"", ""[\""if\"",\""mc\"",\""ordinary\"",\""if-mc-delkasko\"",\""2024-03\""]"", ""[\""if\"",\""mc\"",\""ordinary\"",\""if-mc-kasko\"",\""2024-03\""]""]",false,false,NOT_RECOVERED,NOT_SPECIFIED,REGISTRY_BINDING_ONLY
68a6e4c53158bac4,B-073,"[""GAP-0393"", ""GAP-0432""]","[""SF-0726"", ""SF-0777""]","[""[\""storebrand\"",\""bil\"",\""ordinary\"",\""sb-bil-kasko\"",\""motor09\""]"", ""[\""storebrand\"",\""bil\"",\""ordinary\"",\""sb-bil-super\"",\""motor09\""]""]",false,false,NOT_RECOVERED,NOT_SPECIFIED,REGISTRY_BINDING_ONLY
68af0543e37902e0,B-088,"[""GAP-4203""]","[""SF-6020""]","[""[\""tryg\"",\""campingvogn\"",\""ordinary\"",\""tryg-campingvogn-campingvogn-ekstra\"",\""2026-01-01\""]""]",false,false,NOT_RECOVERED,NOT_SPECIFIED,REGISTRY_BINDING_ONLY
68b16ac8bd92755a,B-052,"[""GAP-1994"", ""GAP-2037""]","[""SF-2872"", ""SF-2926""]","[""[\""gjensidige\"",\""innbo\"",\""ordinary\"",\""gj-innbo\"",null]"", ""[\""gjensidige\"",\""innbo\"",\""ordinary\"",\""gj-innbo-pluss\"",null]""]",false,false,NOT_RECOVERED,NOT_SPECIFIED,REGISTRY_BINDING_ONLY
6911cbd73693970d,B-033,"[""GAP-4661"", ""GAP-4674"", ""GAP-4703"", ""GAP-4737""]","[""SF-6729"", ""SF-6746"", ""SF-6780"", ""SF-6825""]","[""[\""dnb-fremtind\"",\""bil\"",\""ordinary\"",\""dnb-bil-ansvar\"",\""PMO-357.001-004\""]"", ""[\""dnb-fremtind\"",\""bil\"",\""ordinary\"",\""dnb-bil-delkasko\"",\""PMO-357.001-004\""]"", ""[\""dnb-fremtind\"",\""bil\"",\""ordinary\"",\""dnb-bil-kasko\"",\""PMO-357.001-004\""]"", ""[\""dnb-fremtind\"",\""bil\"",\""ordinary\"",\""dnb-bil-topp\"",\""PMO-357.001-004\""]""]",false,false,NOT_RECOVERED,NOT_SPECIFIED,REGISTRY_BINDING_ONLY
691a71ad5533be1a,B-048,"[""GAP-2756"", ""GAP-2798"", ""GAP-2852""]","[""SF-3891"", ""SF-3938"", ""SF-3998""]","[""[\""gjensidige\"",\""båt\"",\""ordinary\"",\""gjensidige-bat-delkasko\"",null]"", ""[\""gjensidige\"",\""båt\"",\""ordinary\"",\""gjensidige-bat-kasko\"",null]"", ""[\""gjensidige\"",\""båt\"",\""ordinary\"",\""gjensidige-bat-pluss\"",null]""]",false,false,NOT_RECOVERED,NOT_SPECIFIED,REGISTRY_BINDING_ONLY
6969771120eb1b67,B-060,"[""GAP-3691""]","[""SF-5297""]","[""[\""if\"",\""båt\"",\""ordinary\"",\""if-bat-kasko\"",\""2023-02-01\""]""]",false,false,NOT_RECOVERED,NOT_SPECIFIED,REGISTRY_BINDING_ONLY
6999e801c3ca362d,B-141,"[""GAP-3752""]","[""SF-5366""]","[""[\""if\"",\""båt\"",\""ordinary\"",\""if-bat-super\"",\""2023-02-01\""]""]",false,false,NOT_RECOVERED,NOT_SPECIFIED,REGISTRY_BINDING_ONLY
69b5dea227fb36d9,B-055,"[""GAP-2222"", ""GAP-2270""]","[""SF-3195"", ""SF-3272""]","[""[\""gjensidige\"",\""reise\"",\""ordinary\"",\""gjensidige-reise\"",\""2026-09-20-canonical\""]"", ""[\""gjensidige\"",\""reise\"",\""ordinary\"",\""gjensidige-reise-pluss\"",\""2026-09-20-canonical\""]""]",false,false,NOT_RECOVERED,NOT_SPECIFIED,REGISTRY_BINDING_ONLY
69c6f3a33a54b7da,B-035,"[""GAP-1531""]","[""SF-2252""]","[""[\""frende\"",\""bobil\"",\""ordinary\"",\""frende-bobil-utvidet\"",\""2026-01-01\""]""]",false,false,NOT_RECOVERED,NOT_SPECIFIED,REGISTRY_BINDING_ONLY
6a19f67db46dada6,B-030,"[""GAP-5025"", ""GAP-5066""]","[""SF-7205"", ""SF-7256""]","[""[\""fremtind\"",\""innbo\"",\""ordinary\"",\""fremtind-innbo-standard\"",\""2025-01-01\""]"", ""[\""fremtind\"",\""innbo\"",\""ordinary\"",\""fremtind-innbo-topp\"",\""2025-01-01\""]""]",false,false,NOT_RECOVERED,NOT_SPECIFIED,REGISTRY_BINDING_ONLY
6a20b5d641186e9a,B-042,"[""GAP-1453"", ""GAP-1481"", ""GAP-1512""]","[""SF-2124"", ""SF-2165"", ""SF-2211""]","[""[\""frende\"",\""mc\"",\""ordinary\"",\""frende-mc-ansvar\"",\""2026-01-01\""]"", ""[\""frende\"",\""mc\"",\""ordinary\"",\""frende-mc-delkasko\"",\""2026-01-01\""]"", ""[\""frende\"",\""mc\"",\""ordinary\"",\""frende-mc-kasko\"",\""2026-01-01\""]""]",false,false,NOT_RECOVERED,NOT_SPECIFIED,REGISTRY_BINDING_ONLY
6a8fa7667b6b4f31,B-205,"[""GAP-5179"", ""GAP-5216""]","[""SF-7414"", ""SF-7457""]","[""[\""fremtind-eika-legacy\"",\""reise\"",\""ordinary\"",\""eika-reise-p10\"",\""P10-P10P-2025-01-01\""]"", ""[\""fremtind-eika-legacy\"",\""reise\"",\""ordinary\"",\""eika-reise-pluss-p10\"",\""P10-P10P-2025-01-01\""]""]",false,true,NOT_RECOVERED,NOT_SPECIFIED,ARCHIVED_BASELINE
6aa1129b090c4803,B-110,"[""GAP-1162"", ""GAP-1198"", ""GAP-1236""]","[""SF-1761"", ""SF-1803"", ""SF-1848""]","[""[\""frende\"",\""båt\"",\""ordinary\"",\""frende-bat-brann-og-tyveri\"",\""2026-01-01\""]"", ""[\""frende\"",\""båt\"",\""ordinary\"",\""frende-bat-kasko\"",\""2026-01-01\""]"", ""[\""frende\"",\""båt\"",\""ordinary\"",\""frende-bat-utvidet\"",\""2026-01-01\""]""]",false,false,NOT_RECOVERED,NOT_SPECIFIED,REGISTRY_BINDING_ONLY
6aa61050c24047bf,B-092,"[""GAP-3972"", ""GAP-3990"", ""GAP-4008""]","[""SF-5688"", ""SF-5713"", ""SF-5738""]","[""[\""tryg\"",\""mc\"",\""ordinary\"",\""tryg-mc-delkasko\"",\""2026-01-01\""]"", ""[\""tryg\"",\""mc\"",\""ordinary\"",\""tryg-mc-kasko\"",\""2026-07-01\""]"", ""[\""tryg\"",\""mc\"",\""ordinary\"",\""tryg-mc-mc-ekstra\"",\""2026-07-01\""]""]",false,false,NOT_RECOVERED,NOT_SPECIFIED,REGISTRY_BINDING_ONLY
6ac9ba82ab2aec84,B-074,"[""GAP-0625"", ""GAP-0650"", ""GAP-0688""]","[""SF-1018"", ""SF-1053"", ""SF-1103""]","[""[\""storebrand\"",\""bobil\"",\""ordinary\"",\""storebrand-bobil-delkasko\"",\""motor09\""]"", ""[\""storebrand\"",\""bobil\"",\""ordinary\"",\""storebrand-bobil-kasko\"",\""motor09\""]"", ""[\""storebrand\"",\""bobil\"",\""ordinary\"",\""storebrand-bobil-super\"",\""motor09\""]""]",false,false,NOT_RECOVERED,NOT_SPECIFIED,REGISTRY_BINDING_ONLY
6ad3fc70d6926857,B-132,"[""GAP-2931""]","[""SF-4086""]","[""[\""gjensidige\"",\""katt\"",\""ordinary\"",\""gjensidige-katt-behandling\"",null]""]",false,false,NOT_RECOVERED,NOT_SPECIFIED,REGISTRY_BINDING_ONLY
6aef26441eb0791f,B-205,"[""GAP-5204"", ""GAP-5240""]","[""SF-7443"", ""SF-7486""]","[""[\""fremtind-eika-legacy\"",\""reise\"",\""ordinary\"",\""eika-reise-p10\"",\""P10-P10P-2025-01-01\""]"", ""[\""fremtind-eika-legacy\"",\""reise\"",\""ordinary\"",\""eika-reise-pluss-p10\"",\""P10-P10P-2025-01-01\""]""]",false,true,NOT_RECOVERED,NOT_SPECIFIED,ARCHIVED_BASELINE
6af32d21acb9584c,B-051,"[""GAP-2101"", ""GAP-2160""]","[""SF-3012"", ""SF-3099""]","[""[\""gjensidige\"",\""bolig\"",\""ordinary\"",\""gjensidige-hus\"",\""Alminnelige vilkår\""]"", ""[\""gjensidige\"",\""bolig\"",\""ordinary\"",\""gjensidige-hus-pluss\"",\""Alminnelige vilkår\""]""]",false,false,NOT_RECOVERED,NOT_SPECIFIED,REGISTRY_BINDING_ONLY
6af8e791b653bcd5,B-035,"[""GAP-1556"", ""GAP-1584"", ""GAP-1618""]","[""SF-2286"", ""SF-2322"", ""SF-2372""]","[""[\""frende\"",\""bobil\"",\""ordinary\"",\""frende-bobil-delkasko\"",\""2026-01-01\""]"", ""[\""frende\"",\""bobil\"",\""ordinary\"",\""frende-bobil-kasko\"",\""2026-01-01\""]"", ""[\""frende\"",\""bobil\"",\""ordinary\"",\""frende-bobil-utvidet\"",\""2026-01-01\""]""]",false,false,NOT_RECOVERED,NOT_SPECIFIED,REGISTRY_BINDING_ONLY
6b14835ee6a236a4,B-078,"[""GAP-0963"", ""GAP-1009""]","[""SF-1486"", ""SF-1558""]","[""[\""storebrand\"",\""bolig\"",\""ordinary\"",\""storebrand-hus-standard\"",\""2025-08-15\""]"", ""[\""storebrand\"",\""bolig\"",\""ordinary\"",\""storebrand-hus-super\"",\""2025-08-15\""]""]",false,false,NOT_RECOVERED,NOT_SPECIFIED,REGISTRY_BINDING_ONLY
6ba902fd2487687f,B-054,"[""GAP-2330"", ""GAP-2373""]","[""SF-3357"", ""SF-3408""]","[""[\""gjensidige\"",\""mc\"",\""ordinary\"",\""gjensidige-mc-delkasko\"",null]"", ""[\""gjensidige\"",\""mc\"",\""ordinary\"",\""gjensidige-mc-kasko\"",null]""]",false,false,NOT_RECOVERED,NOT_SPECIFIED,REGISTRY_BINDING_ONLY
6be1a0b2a50becb5,B-070,"[""GAP-5565""]","[""SF-7904""]","[""[\""sparebank1-fremtind\"",\""båt\"",\""ordinary\"",\""sparebank1-fremtind-bat-toppkasko\"",\""2024-06-10\""]""]",false,false,NOT_RECOVERED,NOT_SPECIFIED,REGISTRY_BINDING_ONLY
6bf58f2daa0f7261,B-094,"[""GAP-4098"", ""GAP-4114"", ""GAP-4131""]","[""SF-5884"", ""SF-5903"", ""SF-5924""]","[""[\""tryg\"",\""snøscooter\"",\""ordinary\"",\""tryg-snoscooter-ansvar\"",null]"", ""[\""tryg\"",\""snøscooter\"",\""ordinary\"",\""tryg-snoscooter-brann-og-tyveri\"",null]"", ""[\""tryg\"",\""snøscooter\"",\""ordinary\"",\""tryg-snoscooter-kasko\"",null]""]",false,false,NOT_RECOVERED,NOT_SPECIFIED,REGISTRY_BINDING_ONLY
6c648df764604e39,B-048,"[""GAP-2745""]","[""SF-3879""]","[""[\""gjensidige\"",\""båt\"",\""ordinary\"",\""gjensidige-bat-delkasko\"",null]""]",false,false,NOT_RECOVERED,NOT_SPECIFIED,REGISTRY_BINDING_ONLY
6c8bb0dbed754d27,B-046,"[""GAP-1904"", ""GAP-1952""]","[""SF-2747"", ""SF-2812""]","[""[\""gjensidige\"",\""bil\"",\""ordinary\"",\""gj-bil-kasko\"",null]"", ""[\""gjensidige\"",\""bil\"",\""ordinary\"",\""gj-bil-pluss\"",null]""]",false,false,NOT_RECOVERED,NOT_SPECIFIED,REGISTRY_BINDING_ONLY
6cb94c5314220d1c,B-078,"[""GAP-0979"", ""GAP-1025""]","[""SF-1505"", ""SF-1577""]","[""[\""storebrand\"",\""bolig\"",\""ordinary\"",\""storebrand-hus-standard\"",\""2025-08-15\""]"", ""[\""storebrand\"",\""bolig\"",\""ordinary\"",\""storebrand-hus-super\"",\""2025-08-15\""]""]",false,false,NOT_RECOVERED,NOT_SPECIFIED,REGISTRY_BINDING_ONLY
6cceb2e4a6d2a5ea,B-046,"[""GAP-1822"", ""GAP-1845"", ""GAP-1883"", ""GAP-1932""]","[""SF-2637"", ""SF-2665"", ""SF-2715"", ""SF-2781""]","[""[\""gjensidige\"",\""bil\"",\""ordinary\"",\""gj-bil-ansvar\"",null]"", ""[\""gjensidige\"",\""bil\"",\""ordinary\"",\""gj-bil-delkasko\"",null]"", ""[\""gjensidige\"",\""bil\"",\""ordinary\"",\""gj-bil-kasko\"",null]"", ""[\""gjensidige\"",\""bil\"",\""ordinary\"",\""gj-bil-pluss\"",null]""]",false,false,NOT_RECOVERED,NOT_SPECIFIED,REGISTRY_BINDING_ONLY
6ceaaaf84f1dc597,B-051,"[""GAP-2095"", ""GAP-2150""]","[""SF-3004"", ""SF-3087""]","[""[\""gjensidige\"",\""bolig\"",\""ordinary\"",\""gjensidige-hus\"",\""Alminnelige vilkår\""]"", ""[\""gjensidige\"",\""bolig\"",\""ordinary\"",\""gjensidige-hus-pluss\"",\""Alminnelige vilkår\""]""]",false,false,NOT_RECOVERED,NOT_SPECIFIED,REGISTRY_BINDING_ONLY
6cec0176462a4db2,B-059,"[""GAP-3115"", ""GAP-3142""]","[""SF-4391"", ""SF-4433""]","[""[\""if\"",\""bobil\"",\""ordinary\"",\""if-bobil-kasko\"",\""2024-03\""]"", ""[\""if\"",\""bobil\"",\""ordinary\"",\""if-bobil-super\"",\""2022-06\""]""]",false,false,NOT_RECOVERED,NOT_SPECIFIED,REGISTRY_BINDING_ONLY
6d069f0e89d71254,B-110,"[""GAP-1176"", ""GAP-1212"", ""GAP-1250""]","[""SF-1776"", ""SF-1818"", ""SF-1863""]","[""[\""frende\"",\""båt\"",\""ordinary\"",\""frende-bat-brann-og-tyveri\"",\""2026-01-01\""]"", ""[\""frende\"",\""båt\"",\""ordinary\"",\""frende-bat-kasko\"",\""2026-01-01\""]"", ""[\""frende\"",\""båt\"",\""ordinary\"",\""frende-bat-utvidet\"",\""2026-01-01\""]""]",false,false,NOT_RECOVERED,NOT_SPECIFIED,REGISTRY_BINDING_ONLY
6d2a58e195d8386a,B-154,"[""GAP-5586""]","[""SF-7929""]","[""[\""sparebank1-fremtind\"",\""hund\"",\""ordinary\"",\""sparebank1-fremtind-hund-veterin-r\"",\""2025-08-07\""]""]",false,false,NOT_RECOVERED,NOT_SPECIFIED,REGISTRY_BINDING_ONLY
6d2e38a894cdbea8,B-075,"[""GAP-0083"", ""GAP-0086""]","[""SF-0125"", ""SF-0129""]","[""[\""storebrand\"",\""båt\"",\""ordinary\"",\""storebrand-bat-kasko\"",\""2024-09-01\""]"", ""[\""storebrand\"",\""båt\"",\""ordinary\"",\""storebrand-bat-super\"",\""2024-09-01\""]""]",false,false,NOT_RECOVERED,NOT_SPECIFIED,REGISTRY_BINDING_ONLY
6dcb9a2efab6b477,B-033,"[""GAP-4689"", ""GAP-4718""]","[""SF-6764"", ""SF-6798""]","[""[\""dnb-fremtind\"",\""bil\"",\""ordinary\"",\""dnb-bil-delkasko\"",\""PMO-357.001-004\""]"", ""[\""dnb-fremtind\"",\""bil\"",\""ordinary\"",\""dnb-bil-kasko\"",\""PMO-357.001-004\""]""]",false,false,NOT_RECOVERED,NOT_SPECIFIED,REGISTRY_BINDING_ONLY
6dee3fb49b27e4ab,B-038,"[""GAP-1268""]","[""SF-1883""]","[""[\""frende\"",\""hund\"",\""ordinary\"",\""frende-hund-veterin-r\"",\""2026-01-01\""]""]",false,false,NOT_RECOVERED,NOT_SPECIFIED,REGISTRY_BINDING_ONLY
6df3478897f16b2b,B-148,"[""GAP-3854"", ""GAP-3873"", ""GAP-3894""]","[""SF-5483"", ""SF-5506"", ""SF-5531""]","[""[\""if\"",\""katt\"",\""ordinary\"",\""if-katt-basis\"",\""2022-12-01\""]"", ""[\""if\"",\""katt\"",\""ordinary\"",\""if-katt-standard\"",\""2022-12-01\""]"", ""[\""if\"",\""katt\"",\""ordinary\"",\""if-katt-super\"",\""2022-12-01\""]""]",false,false,NOT_RECOVERED,NOT_SPECIFIED,REGISTRY_BINDING_ONLY
6e0088f510319d31,B-036,"[""GAP-1175"", ""GAP-1211"", ""GAP-1249""]","[""SF-1775"", ""SF-1817"", ""SF-1862""]","[""[\""frende\"",\""båt\"",\""ordinary\"",\""frende-bat-brann-og-tyveri\"",\""2026-01-01\""]"", ""[\""frende\"",\""båt\"",\""ordinary\"",\""frende-bat-kasko\"",\""2026-01-01\""]"", ""[\""frende\"",\""båt\"",\""ordinary\"",\""frende-bat-utvidet\"",\""2026-01-01\""]""]",false,false,NOT_RECOVERED,NOT_SPECIFIED,REGISTRY_BINDING_ONLY
6e169ea1785b258c,B-078,"[""GAP-0946"", ""GAP-0992""]","[""SF-1462"", ""SF-1534""]","[""[\""storebrand\"",\""bolig\"",\""ordinary\"",\""storebrand-hus-standard\"",\""2025-08-15\""]"", ""[\""storebrand\"",\""bolig\"",\""ordinary\"",\""storebrand-hus-super\"",\""2025-08-15\""]""]",false,false,NOT_RECOVERED,NOT_SPECIFIED,REGISTRY_BINDING_ONLY
6e5f3830ca4701d4,B-071,"[""GAP-5598""]","[""SF-7941""]","[""[\""sparebank1-fremtind\"",\""hund\"",\""ordinary\"",\""sparebank1-fremtind-hund-veterin-r\"",\""2025-08-07\""]""]",false,false,NOT_RECOVERED,NOT_SPECIFIED,REGISTRY_BINDING_ONLY
6e638e875a8d5cde,B-175,"[""GAP-4259"", ""GAP-4270"", ""GAP-4282"", ""GAP-4302"", ""GAP-4332""]","[""SF-6097"", ""SF-6111"", ""SF-6126"", ""SF-6149"", ""SF-6182""]","[""[\""tryg\"",\""båt\"",\""ordinary\"",\""tryg-bat-ansvar\"",\""2024-07-01\""]"", ""[\""tryg\"",\""båt\"",\""ordinary\"",\""tryg-bat-bat-ekstra\"",\""2024-07-01\""]"", ""[\""tryg\"",\""båt\"",\""ordinary\"",\""tryg-bat-brann-ansvar\"",\""2024-07-01\""]"", ""[\""tryg\"",\""båt\"",\""ordinary\"",\""tryg-bat-brann-tyveri-ansvar\"",\""2024-07-01\""]"", ""[\""tryg\"",\""båt\"",\""ordinary\"",\""tryg-bat-kasko-ansvar\"",\""2024-07-01\""]""]",false,false,NOT_RECOVERED,NOT_SPECIFIED,REGISTRY_BINDING_ONLY
6e752de2603890a3,B-053,"[""GAP-2932""]","[""SF-4087""]","[""[\""gjensidige\"",\""katt\"",\""ordinary\"",\""gjensidige-katt-behandling\"",null]""]",false,false,NOT_RECOVERED,NOT_SPECIFIED,REGISTRY_BINDING_ONLY
6e8155400003fd24,B-163,"[""GAP-0981"", ""GAP-1027""]","[""SF-1509"", ""SF-1581""]","[""[\""storebrand\"",\""bolig\"",\""ordinary\"",\""storebrand-hus-standard\"",\""2025-08-15\""]"", ""[\""storebrand\"",\""bolig\"",\""ordinary\"",\""storebrand-hus-super\"",\""2025-08-15\""]""]",false,false,NOT_RECOVERED,NOT_SPECIFIED,REGISTRY_BINDING_ONLY
6ef036d24354c545,B-059,"[""GAP-3094""]","[""SF-4357""]","[""[\""if\"",\""bobil\"",\""ordinary\"",\""if-bobil-delkasko\"",\""2024-03\""]""]",false,false,NOT_RECOVERED,NOT_SPECIFIED,REGISTRY_BINDING_ONLY
6eff25c2c8207516,B-065,"[""GAP-0057""]","[""SF-0093""]","[""[\""if\"",\""katt\"",\""ordinary\"",\""if-katt-super\"",\""2022-12-01\""]""]",false,false,NOT_RECOVERED,NOT_SPECIFIED,REGISTRY_BINDING_ONLY
6f0ac8fe783a963d,B-071,"[""GAP-5599""]","[""SF-7942""]","[""[\""sparebank1-fremtind\"",\""hund\"",\""ordinary\"",\""sparebank1-fremtind-hund-veterin-r\"",\""2025-08-07\""]""]",false,false,NOT_RECOVERED,NOT_SPECIFIED,REGISTRY_BINDING_ONLY
6f352e86fd32e3f2,B-152,"[""GAP-5489"", ""GAP-5514"", ""GAP-5544""]","[""SF-7809"", ""SF-7841"", ""SF-7879""]","[""[\""sparebank1-fremtind\"",\""båt\"",\""ordinary\"",\""sparebank1-fremtind-bat-delkasko\"",\""2024-06-10\""]"", ""[\""sparebank1-fremtind\"",\""båt\"",\""ordinary\"",\""sparebank1-fremtind-bat-kasko\"",\""2024-06-10\""]"", ""[\""sparebank1-fremtind\"",\""båt\"",\""ordinary\"",\""sparebank1-fremtind-bat-toppkasko\"",\""2024-06-10\""]""]",false,false,NOT_RECOVERED,NOT_SPECIFIED,REGISTRY_BINDING_ONLY
6f959b95a5e9e99a,B-113,"[""GAP-1279""]","[""SF-1896""]","[""[\""frende\"",\""hund\"",\""ordinary\"",\""frende-hund-veterin-r\"",\""2026-01-01\""]""]",false,false,NOT_RECOVERED,NOT_SPECIFIED,REGISTRY_BINDING_ONLY
6fbf66f1b3ffc64d,B-065,"[""GAP-0047""]","[""SF-0074""]","[""[\""if\"",\""katt\"",\""ordinary\"",\""if-katt-standard\"",\""2022-12-01\""]""]",false,false,NOT_RECOVERED,NOT_SPECIFIED,REGISTRY_BINDING_ONLY
6fc92ef1150feb36,B-033,"[""GAP-4837"", ""GAP-4869""]","[""SF-6951"", ""SF-6994""]","[""[\""eika-fremtind\"",\""bil\"",\""ordinary\"",\""eika-bil-kasko\"",\""PMO-357.001-004\""]"", ""[\""eika-fremtind\"",\""bil\"",\""ordinary\"",\""eika-bil-topp\"",\""PMO-357.001-004\""]""]",false,false,NOT_RECOVERED,NOT_SPECIFIED,REGISTRY_BINDING_ONLY
6fd01a61583fe3db,B-078,"[""GAP-0985"", ""GAP-1038""]","[""SF-1514"", ""SF-1596""]","[""[\""storebrand\"",\""bolig\"",\""ordinary\"",\""storebrand-hus-standard\"",\""2025-08-15\""]"", ""[\""storebrand\"",\""bolig\"",\""ordinary\"",\""storebrand-hus-super\"",\""2025-08-15\""]""]",false,false,NOT_RECOVERED,NOT_SPECIFIED,REGISTRY_BINDING_ONLY
6fdbfcc436373de4,B-116,"[""GAP-1301""]","[""SF-1923""]","[""[\""frende\"",\""katt\"",\""ordinary\"",\""frende-katt-veterin-r\"",\""2026-01-01\""]""]",false,false,NOT_RECOVERED,NOT_SPECIFIED,REGISTRY_BINDING_ONLY
703637999878fc20,B-035,"[""GAP-1553"", ""GAP-1581"", ""GAP-1615""]","[""SF-2282"", ""SF-2318"", ""SF-2368""]","[""[\""frende\"",\""bobil\"",\""ordinary\"",\""frende-bobil-delkasko\"",\""2026-01-01\""]"", ""[\""frende\"",\""bobil\"",\""ordinary\"",\""frende-bobil-kasko\"",\""2026-01-01\""]"", ""[\""frende\"",\""bobil\"",\""ordinary\"",\""frende-bobil-utvidet\"",\""2026-01-01\""]""]",false,false,NOT_RECOVERED,NOT_SPECIFIED,REGISTRY_BINDING_ONLY
7054da8be086eee0,B-196,"[""GAP-5607""]","[""SF-7951""]","[""[\""sparebank1-fremtind\"",\""hund\"",\""ordinary\"",\""sparebank1-fremtind-hund-veterin-r\"",\""2025-08-07\""]""]",false,false,NOT_RECOVERED,NOT_SPECIFIED,REGISTRY_BINDING_ONLY
7097c790498a9e1c,B-124,"[""GAP-2759"", ""GAP-2801"", ""GAP-2855""]","[""SF-3894"", ""SF-3941"", ""SF-4001""]","[""[\""gjensidige\"",\""båt\"",\""ordinary\"",\""gjensidige-bat-delkasko\"",null]"", ""[\""gjensidige\"",\""båt\"",\""ordinary\"",\""gjensidige-bat-kasko\"",null]"", ""[\""gjensidige\"",\""båt\"",\""ordinary\"",\""gjensidige-bat-pluss\"",null]""]",false,false,NOT_RECOVERED,NOT_SPECIFIED,REGISTRY_BINDING_ONLY
70b882955298e591,B-055,"[""GAP-2216"", ""GAP-2262""]","[""SF-3184"", ""SF-3259""]","[""[\""gjensidige\"",\""reise\"",\""ordinary\"",\""gjensidige-reise\"",\""2026-09-20-canonical\""]"", ""[\""gjensidige\"",\""reise\"",\""ordinary\"",\""gjensidige-reise-pluss\"",\""2026-09-20-canonical\""]""]",false,false,NOT_RECOVERED,NOT_SPECIFIED,REGISTRY_BINDING_ONLY
70e9f182bad07f6b,B-049,"[""GAP-2668"", ""GAP-2690""]","[""SF-3784"", ""SF-3811""]","[""[\""gjensidige\"",\""campingvogn\"",\""ordinary\"",\""gjensidige-campingvogn-kasko\"",null]"", ""[\""gjensidige\"",\""campingvogn\"",\""ordinary\"",\""gjensidige-campingvogn-pluss\"",null]""]",false,false,NOT_RECOVERED,NOT_SPECIFIED,REGISTRY_BINDING_ONLY
719deb857df6152c,B-068,"[""GAP-3160"", ""GAP-3173"", ""GAP-3196""]","[""SF-4468"", ""SF-4484"", ""SF-4514""]","[""[\""if\"",\""snøscooter\"",\""ordinary\"",\""if-snoscooter-ansvar\"",\""2024-03\""]"", ""[\""if\"",\""snøscooter\"",\""ordinary\"",\""if-snoscooter-delkasko\"",\""2024-03\""]"", ""[\""if\"",\""snøscooter\"",\""ordinary\"",\""if-snoscooter-kasko\"",\""2024-03\""]""]",false,false,NOT_RECOVERED,NOT_SPECIFIED,REGISTRY_BINDING_ONLY
71e31f804fad1731,B-117,"[""GAP-1454"", ""GAP-1482"", ""GAP-1513""]","[""SF-2125"", ""SF-2166"", ""SF-2212""]","[""[\""frende\"",\""mc\"",\""ordinary\"",\""frende-mc-ansvar\"",\""2026-01-01\""]"", ""[\""frende\"",\""mc\"",\""ordinary\"",\""frende-mc-delkasko\"",\""2026-01-01\""]"", ""[\""frende\"",\""mc\"",\""ordinary\"",\""frende-mc-kasko\"",\""2026-01-01\""]""]",false,false,NOT_RECOVERED,NOT_SPECIFIED,REGISTRY_BINDING_ONLY
71e953cc21881c70,B-127,"[""GAP-2694""]","[""SF-3815""]","[""[\""gjensidige\"",\""campingvogn\"",\""ordinary\"",\""gjensidige-campingvogn-pluss\"",null]""]",false,false,NOT_RECOVERED,NOT_SPECIFIED,REGISTRY_BINDING_ONLY
72170f7dfe5c91b6,B-050,"[""GAP-2897""]","[""SF-4049""]","[""[\""gjensidige\"",\""hund\"",\""ordinary\"",\""gjensidige-hund-behandling\"",null]""]",false,false,NOT_RECOVERED,NOT_SPECIFIED,REGISTRY_BINDING_ONLY
725da296a972ab3c,B-076,"[""GAP-0749"", ""GAP-0774"", ""GAP-0799""]","[""SF-1181"", ""SF-1211"", ""SF-1245""]","[""[\""storebrand\"",\""campingvogn\"",\""ordinary\"",\""storebrand-campingvogn-brann-og-tyveri\"",\""2026-03-01\""]"", ""[\""storebrand\"",\""campingvogn\"",\""ordinary\"",\""storebrand-campingvogn-kasko\"",\""2026-03-01\""]"", ""[\""storebrand\"",\""campingvogn\"",\""ordinary\"",\""storebrand-campingvogn-super\"",\""2026-03-01\""]""]",false,false,NOT_RECOVERED,NOT_SPECIFIED,REGISTRY_BINDING_ONLY
732525bd0b472f0f,B-172,"[""GAP-0821"", ""GAP-0841""]","[""SF-1272"", ""SF-1298""]","[""[\""storebrand\"",\""tilhenger\"",\""ordinary\"",\""storebrand-tilhenger-brann-og-tyveri\"",\""2026-03-01\""]"", ""[\""storebrand\"",\""tilhenger\"",\""ordinary\"",\""storebrand-tilhenger-kasko\"",\""2026-03-01\""]""]",false,false,NOT_RECOVERED,NOT_SPECIFIED,REGISTRY_BINDING_ONLY
73511623552735e1,B-073,"[""GAP-0435""]","[""SF-0781""]","[""[\""storebrand\"",\""bil\"",\""ordinary\"",\""sb-bil-super\"",\""motor09\""]""]",false,false,NOT_RECOVERED,NOT_SPECIFIED,REGISTRY_BINDING_ONLY
738f967e54621831,B-029,"[""GAP-5079"", ""GAP-5112""]","[""SF-7272"", ""SF-7319""]","[""[\""fremtind\"",\""bolig\"",\""ordinary\"",\""fremtind-hus-standard\"",\""PBK-200.100-015+PBK-200.200-010\""]"", ""[\""fremtind\"",\""bolig\"",\""ordinary\"",\""fremtind-hus-topp\"",\""PBK-200.100-015+PBK-200.200-010\""]""]",false,false,NOT_RECOVERED,NOT_SPECIFIED,REGISTRY_BINDING_ONLY
7393aad013a70aa8,B-078,"[""GAP-0949"", ""GAP-0995""]","[""SF-1469"", ""SF-1541""]","[""[\""storebrand\"",\""bolig\"",\""ordinary\"",\""storebrand-hus-standard\"",\""2025-08-15\""]"", ""[\""storebrand\"",\""bolig\"",\""ordinary\"",\""storebrand-hus-super\"",\""2025-08-15\""]""]",false,false,NOT_RECOVERED,NOT_SPECIFIED,REGISTRY_BINDING_ONLY
73aab8a0ad4f6c11,B-051,"[""GAP-2128"", ""GAP-2188""]","[""SF-3058"", ""SF-3145""]","[""[\""gjensidige\"",\""bolig\"",\""ordinary\"",\""gjensidige-hus\"",\""Alminnelige vilkår\""]"", ""[\""gjensidige\"",\""bolig\"",\""ordinary\"",\""gjensidige-hus-pluss\"",\""Alminnelige vilkår\""]""]",false,false,NOT_RECOVERED,NOT_SPECIFIED,REGISTRY_BINDING_ONLY
73dde881e3f00ae5,B-153,"[""GAP-5499"", ""GAP-5524"", ""GAP-5554""]","[""SF-7823"", ""SF-7855"", ""SF-7893""]","[""[\""sparebank1-fremtind\"",\""båt\"",\""ordinary\"",\""sparebank1-fremtind-bat-delkasko\"",\""2024-06-10\""]"", ""[\""sparebank1-fremtind\"",\""båt\"",\""ordinary\"",\""sparebank1-fremtind-bat-kasko\"",\""2024-06-10\""]"", ""[\""sparebank1-fremtind\"",\""båt\"",\""ordinary\"",\""sparebank1-fremtind-bat-toppkasko\"",\""2024-06-10\""]""]",false,false,NOT_RECOVERED,NOT_SPECIFIED,REGISTRY_BINDING_ONLY
73feb660a2fed685,B-052,"[""GAP-2018"", ""GAP-2071""]","[""SF-2898"", ""SF-2968""]","[""[\""gjensidige\"",\""innbo\"",\""ordinary\"",\""gj-innbo\"",null]"", ""[\""gjensidige\"",\""innbo\"",\""ordinary\"",\""gj-innbo-pluss\"",null]""]",false,false,NOT_RECOVERED,NOT_SPECIFIED,REGISTRY_BINDING_ONLY
741711cbf120a2dc,B-036,"[""GAP-1197"", ""GAP-1234""]","[""SF-1800"", ""SF-1842""]","[""[\""frende\"",\""båt\"",\""ordinary\"",\""frende-bat-kasko\"",\""2026-01-01\""]"", ""[\""frende\"",\""båt\"",\""ordinary\"",\""frende-bat-utvidet\"",\""2026-01-01\""]""]",false,false,NOT_RECOVERED,NOT_SPECIFIED,REGISTRY_BINDING_ONLY
74644568d42ffa15,B-106,"[""GAP-4572"", ""GAP-4601"", ""GAP-4635""]","[""SF-6614"", ""SF-6648"", ""SF-6693""]","[""[\""sparebank1-fremtind\"",\""bil\"",\""ordinary\"",\""sb1-bil-delkasko\"",\""PMO-357.001-004\""]"", ""[\""sparebank1-fremtind\"",\""bil\"",\""ordinary\"",\""sb1-bil-kasko\"",\""PMO-357.001-004\""]"", ""[\""sparebank1-fremtind\"",\""bil\"",\""ordinary\"",\""sb1-bil-toppkasko\"",\""PMO-357.001-004\""]""]",false,false,NOT_RECOVERED,NOT_SPECIFIED,REGISTRY_BINDING_ONLY
746d5967c00197ad,B-055,"[""GAP-2226"", ""GAP-2276""]","[""SF-3200"", ""SF-3279""]","[""[\""gjensidige\"",\""reise\"",\""ordinary\"",\""gjensidige-reise\"",\""2026-09-20-canonical\""]"", ""[\""gjensidige\"",\""reise\"",\""ordinary\"",\""gjensidige-reise-pluss\"",\""2026-09-20-canonical\""]""]",false,false,NOT_RECOVERED,NOT_SPECIFIED,REGISTRY_BINDING_ONLY
749182c54eef0f7f,B-047,"[""GAP-2441"", ""GAP-2480"", ""GAP-2520""]","[""SF-3494"", ""SF-3540"", ""SF-3593""]","[""[\""gjensidige\"",\""bobil\"",\""ordinary\"",\""gjensidige-bobil-delkasko\"",null]"", ""[\""gjensidige\"",\""bobil\"",\""ordinary\"",\""gjensidige-bobil-kasko\"",null]"", ""[\""gjensidige\"",\""bobil\"",\""ordinary\"",\""gjensidige-bobil-pluss\"",null]""]",false,false,NOT_RECOVERED,NOT_SPECIFIED,REGISTRY_BINDING_ONLY
74a326f1f28d2820,B-158,"[""GAP-0368"", ""GAP-0407"", ""GAP-0452""]","[""SF-0689"", ""SF-0740"", ""SF-0799""]","[""[\""storebrand\"",\""bil\"",\""ordinary\"",\""sb-bil-delkasko\"",\""motor09\""]"", ""[\""storebrand\"",\""bil\"",\""ordinary\"",\""sb-bil-kasko\"",\""motor09\""]"", ""[\""storebrand\"",\""bil\"",\""ordinary\"",\""sb-bil-super\"",\""motor09\""]""]",false,false,NOT_RECOVERED,NOT_SPECIFIED,REGISTRY_BINDING_ONLY
74a6c0ebc772f6b4,B-166,"[""GAP-0167"", ""GAP-0245""]","[""SF-0293"", ""SF-0403""]","[""[\""storebrand\"",\""katt\"",\""ordinary\"",\""storebrand-katt-veterin-r\"",\""2025-02-01\""]"", ""[\""storebrand\"",\""katt\"",\""ordinary\"",\""storebrand-katt-veterin-r-og-d-dsfall\"",\""2025-02-01\""]""]",false,false,NOT_RECOVERED,NOT_SPECIFIED,REGISTRY_BINDING_ONLY
74ac25914617090f,B-035,"[""GAP-1557"", ""GAP-1585"", ""GAP-1619""]","[""SF-2287"", ""SF-2323"", ""SF-2373""]","[""[\""frende\"",\""bobil\"",\""ordinary\"",\""frende-bobil-delkasko\"",\""2026-01-01\""]"", ""[\""frende\"",\""bobil\"",\""ordinary\"",\""frende-bobil-kasko\"",\""2026-01-01\""]"", ""[\""frende\"",\""bobil\"",\""ordinary\"",\""frende-bobil-utvidet\"",\""2026-01-01\""]""]",false,false,NOT_RECOVERED,NOT_SPECIFIED,REGISTRY_BINDING_ONLY
74c5f796797e5999,B-034,"[""GAP-1316"", ""GAP-1350"", ""GAP-1394"", ""GAP-1438""]","[""SF-1941"", ""SF-1983"", ""SF-2042"", ""SF-2104""]","[""[\""frende\"",\""bil\"",\""ordinary\"",\""frende-bil-ansvar\"",\""2026-01-01\""]"", ""[\""frende\"",\""bil\"",\""ordinary\"",\""frende-bil-delkasko\"",\""2026-01-01\""]"", ""[\""frende\"",\""bil\"",\""ordinary\"",\""frende-bil-kasko\"",\""2026-01-01\""]"", ""[\""frende\"",\""bil\"",\""ordinary\"",\""frende-bil-utvidet\"",\""2026-01-01\""]""]",false,false,NOT_RECOVERED,NOT_SPECIFIED,REGISTRY_BINDING_ONLY
74cd27ddb27578ae,B-033,"[""GAP-4570"", ""GAP-4599"", ""GAP-4633""]","[""SF-6612"", ""SF-6646"", ""SF-6691""]","[""[\""sparebank1-fremtind\"",\""bil\"",\""ordinary\"",\""sb1-bil-delkasko\"",\""PMO-357.001-004\""]"", ""[\""sparebank1-fremtind\"",\""bil\"",\""ordinary\"",\""sb1-bil-kasko\"",\""PMO-357.001-004\""]"", ""[\""sparebank1-fremtind\"",\""bil\"",\""ordinary\"",\""sb1-bil-toppkasko\"",\""PMO-357.001-004\""]""]",false,false,NOT_RECOVERED,NOT_SPECIFIED,REGISTRY_BINDING_ONLY
74d0646bdc05d7a1,B-090,"[""GAP-4401"", ""GAP-4430""]","[""SF-6257"", ""SF-6298""]","[""[\""tryg\"",\""innbo\"",\""ordinary\"",\""tryg-innbo\"",\""2026-07-01\""]"", ""[\""tryg\"",\""innbo\"",\""ordinary\"",\""tryg-innbo-ekstra\"",\""2026-07-01\""]""]",false,false,NOT_RECOVERED,NOT_SPECIFIED,REGISTRY_BINDING_ONLY
74ec9a396552a29a,B-155,"[""GAP-5591""]","[""SF-7934""]","[""[\""sparebank1-fremtind\"",\""hund\"",\""ordinary\"",\""sparebank1-fremtind-hund-veterin-r\"",\""2025-08-07\""]""]",false,false,NOT_RECOVERED,NOT_SPECIFIED,REGISTRY_BINDING_ONLY
7529d5b021d1dfc6,B-132,"[""GAP-2914""]","[""SF-4068""]","[""[\""gjensidige\"",\""katt\"",\""ordinary\"",\""gjensidige-katt-behandling\"",null]""]",false,false,NOT_RECOVERED,NOT_SPECIFIED,REGISTRY_BINDING_ONLY
755dcd55e30eec9e,B-030,"[""GAP-5056""]","[""SF-7246""]","[""[\""fremtind\"",\""innbo\"",\""ordinary\"",\""fremtind-innbo-topp\"",\""2025-01-01\""]""]",false,false,NOT_RECOVERED,NOT_SPECIFIED,REGISTRY_BINDING_ONLY
75c5e46d265d71ec,B-076,"[""GAP-0741"", ""GAP-0765"", ""GAP-0789""]","[""SF-1173"", ""SF-1201"", ""SF-1231""]","[""[\""storebrand\"",\""campingvogn\"",\""ordinary\"",\""storebrand-campingvogn-brann-og-tyveri\"",\""2026-03-01\""]"", ""[\""storebrand\"",\""campingvogn\"",\""ordinary\"",\""storebrand-campingvogn-kasko\"",\""2026-03-01\""]"", ""[\""storebrand\"",\""campingvogn\"",\""ordinary\"",\""storebrand-campingvogn-super\"",\""2026-03-01\""]""]",false,false,NOT_RECOVERED,NOT_SPECIFIED,REGISTRY_BINDING_ONLY
762b45ea101b5d72,B-038,"[""GAP-1258""]","[""SF-1873""]","[""[\""frende\"",\""hund\"",\""ordinary\"",\""frende-hund-veterin-r\"",\""2026-01-01\""]""]",false,false,NOT_RECOVERED,NOT_SPECIFIED,REGISTRY_BINDING_ONLY
764ee65f51c3d731,B-016,"[""GAP-2256""]","[""SF-3252""]","[""[\""gjensidige\"",\""reise\"",\""ordinary\"",\""gjensidige-reise-pluss\"",\""2026-09-20-canonical\""]""]",true,false,NOT_RECOVERED,NOT_SPECIFIED,ARCHIVED_BASELINE
7651af3b77463b66,B-060,"[""GAP-3701"", ""GAP-3741""]","[""SF-5307"", ""SF-5352""]","[""[\""if\"",\""båt\"",\""ordinary\"",\""if-bat-kasko\"",\""2023-02-01\""]"", ""[\""if\"",\""båt\"",\""ordinary\"",\""if-bat-super\"",\""2023-02-01\""]""]",false,false,NOT_RECOVERED,NOT_SPECIFIED,REGISTRY_BINDING_ONLY
765fd5db190904d0,B-205,"[""GAP-5208"", ""GAP-5244""]","[""SF-7447"", ""SF-7490""]","[""[\""fremtind-eika-legacy\"",\""reise\"",\""ordinary\"",\""eika-reise-p10\"",\""P10-P10P-2025-01-01\""]"", ""[\""fremtind-eika-legacy\"",\""reise\"",\""ordinary\"",\""eika-reise-pluss-p10\"",\""P10-P10P-2025-01-01\""]""]",false,true,NOT_RECOVERED,NOT_SPECIFIED,ARCHIVED_BASELINE
76a492443927f001,B-030,"[""GAP-5054""]","[""SF-7241""]","[""[\""fremtind\"",\""innbo\"",\""ordinary\"",\""fremtind-innbo-topp\"",\""2025-01-01\""]""]",false,false,NOT_RECOVERED,NOT_SPECIFIED,REGISTRY_BINDING_ONLY
76ee8a9f6bb55f61,B-166,"[""GAP-0166"", ""GAP-0244""]","[""SF-0292"", ""SF-0402""]","[""[\""storebrand\"",\""katt\"",\""ordinary\"",\""storebrand-katt-veterin-r\"",\""2025-02-01\""]"", ""[\""storebrand\"",\""katt\"",\""ordinary\"",\""storebrand-katt-veterin-r-og-d-dsfall\"",\""2025-02-01\""]""]",false,false,NOT_RECOVERED,NOT_SPECIFIED,REGISTRY_BINDING_ONLY
7751e9296666ec0c,B-067,"[""GAP-3565"", ""GAP-3603"", ""GAP-3644""]","[""SF-5099"", ""SF-5163"", ""SF-5230""]","[""[\""if\"",\""reise\"",\""ordinary\"",\""if-reise-basis\"",\""2026-09-20-canonical\""]"", ""[\""if\"",\""reise\"",\""ordinary\"",\""if-reise-standard\"",\""2026-09-20-canonical\""]"", ""[\""if\"",\""reise\"",\""ordinary\"",\""if-reise-super\"",\""2026-09-20-canonical\""]""]",false,false,NOT_RECOVERED,NOT_SPECIFIED,REGISTRY_BINDING_ONLY
7767772472433807,B-024,"[""GAP-3298""]","[""SF-4641""]","[""[\""if\"",\""campingvogn\"",\""ordinary\"",\""if-campingvogn-super\"",\""2024-03\""]""]",false,false,NOT_RECOVERED,OPEN,CONVERSATION_ONLY
7788013778b54399,B-170,"[""GAP-0492"", ""GAP-0521""]","[""SF-0846"", ""SF-0879""]","[""[\""storebrand\"",\""snøscooter\"",\""ordinary\"",\""storebrand-snoscooter-delkasko\"",\""2025-04-01\""]"", ""[\""storebrand\"",\""snøscooter\"",\""ordinary\"",\""storebrand-snoscooter-kasko\"",\""2025-04-01\""]""]",false,false,NOT_RECOVERED,NOT_SPECIFIED,REGISTRY_BINDING_ONLY
77c42af3c823a2d7,B-065,"[""GAP-0046""]","[""SF-0073""]","[""[\""if\"",\""katt\"",\""ordinary\"",\""if-katt-standard\"",\""2022-12-01\""]""]",false,false,NOT_RECOVERED,NOT_SPECIFIED,REGISTRY_BINDING_ONLY
784c98bebf756f9e,B-087,"[""GAP-4279"", ""GAP-4291"", ""GAP-4311""]","[""SF-6123"", ""SF-6138"", ""SF-6161""]","[""[\""tryg\"",\""båt\"",\""ordinary\"",\""tryg-bat-bat-ekstra\"",\""2024-07-01\""]"", ""[\""tryg\"",\""båt\"",\""ordinary\"",\""tryg-bat-brann-tyveri-ansvar\"",\""2024-07-01\""]"", ""[\""tryg\"",\""båt\"",\""ordinary\"",\""tryg-bat-kasko-ansvar\"",\""2024-07-01\""]""]",false,false,NOT_RECOVERED,NOT_SPECIFIED,REGISTRY_BINDING_ONLY
784ca7e5627286c3,B-158,"[""GAP-0363"", ""GAP-0388"", ""GAP-0427""]","[""SF-0681"", ""SF-0718"", ""SF-0769""]","[""[\""storebrand\"",\""bil\"",\""ordinary\"",\""sb-bil-delkasko\"",\""motor09\""]"", ""[\""storebrand\"",\""bil\"",\""ordinary\"",\""sb-bil-kasko\"",\""motor09\""]"", ""[\""storebrand\"",\""bil\"",\""ordinary\"",\""sb-bil-super\"",\""motor09\""]""]",false,false,NOT_RECOVERED,NOT_SPECIFIED,REGISTRY_BINDING_ONLY
7871452b1fcf2b1d,B-095,"[""GAP-4211"", ""GAP-4224"", ""GAP-4239""]","[""SF-6032"", ""SF-6051"", ""SF-6072""]","[""[\""tryg\"",\""tilhenger\"",\""ordinary\"",\""tryg-tilhenger-brann\"",\""2026-01-01\""]"", ""[\""tryg\"",\""tilhenger\"",\""ordinary\"",\""tryg-tilhenger-brann-og-tyveri\"",\""2026-01-01\""]"", ""[\""tryg\"",\""tilhenger\"",\""ordinary\"",\""tryg-tilhenger-kasko\"",\""2026-01-01\""]""]",false,false,NOT_RECOVERED,NOT_SPECIFIED,REGISTRY_BINDING_ONLY
789516a58053ce34,B-070,"[""GAP-5519"", ""GAP-5549""]","[""SF-7849"", ""SF-7887""]","[""[\""sparebank1-fremtind\"",\""båt\"",\""ordinary\"",\""sparebank1-fremtind-bat-kasko\"",\""2024-06-10\""]"", ""[\""sparebank1-fremtind\"",\""båt\"",\""ordinary\"",\""sparebank1-fremtind-bat-toppkasko\"",\""2024-06-10\""]""]",false,false,NOT_RECOVERED,NOT_SPECIFIED,REGISTRY_BINDING_ONLY
78b6564a33378fd4,B-076,"[""GAP-0744"", ""GAP-0769""]","[""SF-1176"", ""SF-1206""]","[""[\""storebrand\"",\""campingvogn\"",\""ordinary\"",\""storebrand-campingvogn-brann-og-tyveri\"",\""2026-03-01\""]"", ""[\""storebrand\"",\""campingvogn\"",\""ordinary\"",\""storebrand-campingvogn-kasko\"",\""2026-03-01\""]""]",false,false,NOT_RECOVERED,NOT_SPECIFIED,REGISTRY_BINDING_ONLY
78d7dd8cbfdb1817,B-170,"[""GAP-0474"", ""GAP-0503"", ""GAP-0534""]","[""SF-0825"", ""SF-0858"", ""SF-0893""]","[""[\""storebrand\"",\""snøscooter\"",\""ordinary\"",\""storebrand-snoscooter-ansvar\"",\""2025-04-01\""]"", ""[\""storebrand\"",\""snøscooter\"",\""ordinary\"",\""storebrand-snoscooter-delkasko\"",\""2025-04-01\""]"", ""[\""storebrand\"",\""snøscooter\"",\""ordinary\"",\""storebrand-snoscooter-kasko\"",\""2025-04-01\""]""]",false,false,NOT_RECOVERED,NOT_SPECIFIED,REGISTRY_BINDING_ONLY
78dfeb58f1cdcc9b,B-082,"[""GAP-1080"", ""GAP-1132""]","[""SF-1656"", ""SF-1721""]","[""[\""storebrand\"",\""reise\"",\""ordinary\"",\""storebrand-reise-standard\"",\""2026-09-20-canonical\""]"", ""[\""storebrand\"",\""reise\"",\""ordinary\"",\""storebrand-reise-super\"",\""2026-09-20-canonical\""]""]",false,false,NOT_RECOVERED,NOT_SPECIFIED,REGISTRY_BINDING_ONLY
7900b0a9e2d9bef5,B-083,"[""GAP-0487"", ""GAP-0516""]","[""SF-0840"", ""SF-0873""]","[""[\""storebrand\"",\""snøscooter\"",\""ordinary\"",\""storebrand-snoscooter-delkasko\"",\""2025-04-01\""]"", ""[\""storebrand\"",\""snøscooter\"",\""ordinary\"",\""storebrand-snoscooter-kasko\"",\""2025-04-01\""]""]",false,false,NOT_RECOVERED,NOT_SPECIFIED,REGISTRY_BINDING_ONLY
793a58aca239b02d,B-132,"[""GAP-2919""]","[""SF-4074""]","[""[\""gjensidige\"",\""katt\"",\""ordinary\"",\""gjensidige-katt-behandling\"",null]""]",false,false,NOT_RECOVERED,NOT_SPECIFIED,REGISTRY_BINDING_ONLY
794e9c51a14bad06,B-059,"[""GAP-3124"", ""GAP-3151""]","[""SF-4402"", ""SF-4444""]","[""[\""if\"",\""bobil\"",\""ordinary\"",\""if-bobil-kasko\"",\""2024-03\""]"", ""[\""if\"",\""bobil\"",\""ordinary\"",\""if-bobil-super\"",\""2022-06\""]""]",false,false,NOT_RECOVERED,NOT_SPECIFIED,REGISTRY_BINDING_ONLY
798db068a45a2088,B-141,"[""GAP-3697"", ""GAP-3737""]","[""SF-5303"", ""SF-5348""]","[""[\""if\"",\""båt\"",\""ordinary\"",\""if-bat-kasko\"",\""2023-02-01\""]"", ""[\""if\"",\""båt\"",\""ordinary\"",\""if-bat-super\"",\""2023-02-01\""]""]",false,false,NOT_RECOVERED,NOT_SPECIFIED,REGISTRY_BINDING_ONLY
79a3577230458647,B-046,"[""GAP-1832"", ""GAP-1868"", ""GAP-1917"", ""GAP-1968""]","[""SF-2649"", ""SF-2697"", ""SF-2763"", ""SF-2836""]","[""[\""gjensidige\"",\""bil\"",\""ordinary\"",\""gj-bil-ansvar\"",null]"", ""[\""gjensidige\"",\""bil\"",\""ordinary\"",\""gj-bil-delkasko\"",null]"", ""[\""gjensidige\"",\""bil\"",\""ordinary\"",\""gj-bil-kasko\"",null]"", ""[\""gjensidige\"",\""bil\"",\""ordinary\"",\""gj-bil-pluss\"",null]""]",false,false,NOT_RECOVERED,NOT_SPECIFIED,REGISTRY_BINDING_ONLY
79c0841618673b00,B-052,"[""GAP-2052""]","[""SF-2945""]","[""[\""gjensidige\"",\""innbo\"",\""ordinary\"",\""gj-innbo-pluss\"",null]""]",false,false,NOT_RECOVERED,NOT_SPECIFIED,REGISTRY_BINDING_ONLY
79cfacf160951f3a,B-149,"[""GAP-3610""]","[""SF-5183""]","[""[\""if\"",\""reise\"",\""ordinary\"",\""if-reise-super\"",\""2026-09-20-canonical\""]""]",false,false,NOT_RECOVERED,NOT_SPECIFIED,REGISTRY_BINDING_ONLY
7a088e05e1aa0910,B-041,"[""GAP-1291""]","[""SF-1910""]","[""[\""frende\"",\""katt\"",\""ordinary\"",\""frende-katt-veterin-r\"",\""2026-01-01\""]""]",false,false,NOT_RECOVERED,NOT_SPECIFIED,REGISTRY_BINDING_ONLY
7a8eb54ff6d90565,B-037,"[""GAP-1770""]","[""SF-2566""]","[""[\""frende\"",\""campingvogn\"",\""ordinary\"",\""frende-campingvogn-kasko\"",\""2026-01-01\""]""]",false,false,NOT_RECOVERED,NOT_SPECIFIED,REGISTRY_BINDING_ONLY
7ab3d0e07d25471a,B-034,"[""GAP-1373"", ""GAP-1417""]","[""SF-2015"", ""SF-2077""]","[""[\""frende\"",\""bil\"",\""ordinary\"",\""frende-bil-kasko\"",\""2026-01-01\""]"", ""[\""frende\"",\""bil\"",\""ordinary\"",\""frende-bil-utvidet\"",\""2026-01-01\""]""]",false,false,NOT_RECOVERED,NOT_SPECIFIED,REGISTRY_BINDING_ONLY
7ad5ef4794a0fdf9,B-037,"[""GAP-0112"", ""GAP-0113""]","[""SF-0185"", ""SF-0186""]","[""[\""frende\"",\""campingvogn\"",\""ordinary\"",\""frende-campingvogn-brann-og-tyveri\"",\""2026-01-01\""]"", ""[\""frende\"",\""campingvogn\"",\""ordinary\"",\""frende-campingvogn-kasko\"",\""2026-01-01\""]""]",false,false,NOT_RECOVERED,NOT_SPECIFIED,REGISTRY_BINDING_ONLY
7ae23cbd02e6592e,B-149,"[""GAP-3584"", ""GAP-3625""]","[""SF-5140"", ""SF-5206""]","[""[\""if\"",\""reise\"",\""ordinary\"",\""if-reise-standard\"",\""2026-09-20-canonical\""]"", ""[\""if\"",\""reise\"",\""ordinary\"",\""if-reise-super\"",\""2026-09-20-canonical\""]""]",false,false,NOT_RECOVERED,NOT_SPECIFIED,REGISTRY_BINDING_ONLY
7aeb2a06ad182884,B-052,"[""GAP-2057""]","[""SF-2951""]","[""[\""gjensidige\"",\""innbo\"",\""ordinary\"",\""gj-innbo-pluss\"",null]""]",false,false,NOT_RECOVERED,NOT_SPECIFIED,REGISTRY_BINDING_ONLY
7b1015bb26ea16e1,B-055,"[""GAP-2232"", ""GAP-2285""]","[""SF-3212"", ""SF-3298""]","[""[\""gjensidige\"",\""reise\"",\""ordinary\"",\""gjensidige-reise\"",\""2026-09-20-canonical\""]"", ""[\""gjensidige\"",\""reise\"",\""ordinary\"",\""gjensidige-reise-pluss\"",\""2026-09-20-canonical\""]""]",false,false,NOT_RECOVERED,NOT_SPECIFIED,REGISTRY_BINDING_ONLY
7b12837f5bddb052,B-078,"[""GAP-0964"", ""GAP-1010""]","[""SF-1487"", ""SF-1559""]","[""[\""storebrand\"",\""bolig\"",\""ordinary\"",\""storebrand-hus-standard\"",\""2025-08-15\""]"", ""[\""storebrand\"",\""bolig\"",\""ordinary\"",\""storebrand-hus-super\"",\""2025-08-15\""]""]",false,false,NOT_RECOVERED,NOT_SPECIFIED,REGISTRY_BINDING_ONLY
7b17786f322fa454,B-046,"[""GAP-1836"", ""GAP-1872"", ""GAP-1921"", ""GAP-1972""]","[""SF-2653"", ""SF-2701"", ""SF-2767"", ""SF-2840""]","[""[\""gjensidige\"",\""bil\"",\""ordinary\"",\""gj-bil-ansvar\"",null]"", ""[\""gjensidige\"",\""bil\"",\""ordinary\"",\""gj-bil-delkasko\"",null]"", ""[\""gjensidige\"",\""bil\"",\""ordinary\"",\""gj-bil-kasko\"",null]"", ""[\""gjensidige\"",\""bil\"",\""ordinary\"",\""gj-bil-pluss\"",null]""]",false,false,NOT_RECOVERED,NOT_SPECIFIED,REGISTRY_BINDING_ONLY
7b2587a3bbc0c772,B-050,"[""GAP-2876""]","[""SF-4027""]","[""[\""gjensidige\"",\""hund\"",\""ordinary\"",\""gjensidige-hund-behandling\"",null]""]",false,false,NOT_RECOVERED,NOT_SPECIFIED,REGISTRY_BINDING_ONLY
7b2e651178a9cc3c,B-107,"[""GAP-1371"", ""GAP-1415""]","[""SF-2010"", ""SF-2070""]","[""[\""frende\"",\""bil\"",\""ordinary\"",\""frende-bil-kasko\"",\""2026-01-01\""]"", ""[\""frende\"",\""bil\"",\""ordinary\"",\""frende-bil-utvidet\"",\""2026-01-01\""]""]",false,false,NOT_RECOVERED,NOT_SPECIFIED,REGISTRY_BINDING_ONLY
7b3858af27a7a47d,B-065,"[""GAP-0045""]","[""SF-0072""]","[""[\""if\"",\""katt\"",\""ordinary\"",\""if-katt-basis\"",\""2022-12-01\""]""]",false,false,NOT_RECOVERED,NOT_SPECIFIED,REGISTRY_BINDING_ONLY
7b73f956ed3a62e1,B-036,"[""GAP-1188"", ""GAP-1225""]","[""SF-1791"", ""SF-1833""]","[""[\""frende\"",\""båt\"",\""ordinary\"",\""frende-bat-kasko\"",\""2026-01-01\""]"", ""[\""frende\"",\""båt\"",\""ordinary\"",\""frende-bat-utvidet\"",\""2026-01-01\""]""]",false,false,NOT_RECOVERED,NOT_SPECIFIED,REGISTRY_BINDING_ONLY
7ba0298883905c58,B-051,"[""GAP-2143""]","[""SF-3076""]","[""[\""gjensidige\"",\""bolig\"",\""ordinary\"",\""gjensidige-hus-pluss\"",\""Alminnelige vilkår\""]""]",false,false,NOT_RECOVERED,NOT_SPECIFIED,REGISTRY_BINDING_ONLY
7bb970ed839764b7,B-048,"[""GAP-2763"", ""GAP-2805"", ""GAP-2859""]","[""SF-3898"", ""SF-3945"", ""SF-4005""]","[""[\""gjensidige\"",\""båt\"",\""ordinary\"",\""gjensidige-bat-delkasko\"",null]"", ""[\""gjensidige\"",\""båt\"",\""ordinary\"",\""gjensidige-bat-kasko\"",null]"", ""[\""gjensidige\"",\""båt\"",\""ordinary\"",\""gjensidige-bat-pluss\"",null]""]",false,false,NOT_RECOVERED,NOT_SPECIFIED,REGISTRY_BINDING_ONLY
7be015fbd51837f2,B-070,"[""GAP-5530"", ""GAP-5560""]","[""SF-7861"", ""SF-7899""]","[""[\""sparebank1-fremtind\"",\""båt\"",\""ordinary\"",\""sparebank1-fremtind-bat-kasko\"",\""2024-06-10\""]"", ""[\""sparebank1-fremtind\"",\""båt\"",\""ordinary\"",\""sparebank1-fremtind-bat-toppkasko\"",\""2024-06-10\""]""]",false,false,NOT_RECOVERED,NOT_SPECIFIED,REGISTRY_BINDING_ONLY
7c2beb43fe4221af,B-096,"[""GAP-5303"", ""GAP-5314""]","[""SF-7562"", ""SF-7574""]","[""[\""eika-fremtind\"",\""campingvogn\"",\""ordinary\"",\""eika-fremtind-campingvogn-kasko\"",\""2024-03-21\""]"", ""[\""eika-fremtind\"",\""campingvogn\"",\""ordinary\"",\""eika-fremtind-campingvogn-minikasko\"",\""2024-03-21\""]""]",false,false,NOT_RECOVERED,NOT_SPECIFIED,REGISTRY_BINDING_ONLY
7c78dc100ea0d5a4,B-055,"[""GAP-2224"", ""GAP-2274""]","[""SF-3198"", ""SF-3277""]","[""[\""gjensidige\"",\""reise\"",\""ordinary\"",\""gjensidige-reise\"",\""2026-09-20-canonical\""]"", ""[\""gjensidige\"",\""reise\"",\""ordinary\"",\""gjensidige-reise-pluss\"",\""2026-09-20-canonical\""]""]",false,false,NOT_RECOVERED,NOT_SPECIFIED,REGISTRY_BINDING_ONLY
7c7be455b2a9d271,B-055,"[""GAP-2220"", ""GAP-2268""]","[""SF-3193"", ""SF-3270""]","[""[\""gjensidige\"",\""reise\"",\""ordinary\"",\""gjensidige-reise\"",\""2026-09-20-canonical\""]"", ""[\""gjensidige\"",\""reise\"",\""ordinary\"",\""gjensidige-reise-pluss\"",\""2026-09-20-canonical\""]""]",false,false,NOT_RECOVERED,NOT_SPECIFIED,REGISTRY_BINDING_ONLY
7c85998c85529a39,B-064,"[""GAP-3354"", ""GAP-3384"", ""GAP-3428""]","[""SF-4717"", ""SF-4759"", ""SF-4821""]","[""[\""if\"",\""innbo\"",\""ordinary\"",\""if-innbo-basis\"",\""IBO2-1\""]"", ""[\""if\"",\""innbo\"",\""ordinary\"",\""if-innbo-super\"",\""IBO2-1\""]"", ""[\""if\"",\""innbo\"",\""ordinary\"",\""if-innbo-utvidet\"",\""IBO2-1\""]""]",false,false,NOT_RECOVERED,NOT_SPECIFIED,REGISTRY_BINDING_ONLY
7c91ed15ae7c888a,B-094,"[""GAP-4105"", ""GAP-4121""]","[""SF-5894"", ""SF-5913""]","[""[\""tryg\"",\""snøscooter\"",\""ordinary\"",\""tryg-snoscooter-brann-og-tyveri\"",null]"", ""[\""tryg\"",\""snøscooter\"",\""ordinary\"",\""tryg-snoscooter-kasko\"",null]""]",false,false,NOT_RECOVERED,NOT_SPECIFIED,REGISTRY_BINDING_ONLY
7c9d5fe0bbb7c656,B-036,"[""GAP-1157"", ""GAP-1183""]","[""SF-1753"", ""SF-1785""]","[""[\""frende\"",\""båt\"",\""ordinary\"",\""frende-bat-brann-og-tyveri\"",\""2026-01-01\""]"", ""[\""frende\"",\""båt\"",\""ordinary\"",\""frende-bat-kasko\"",\""2026-01-01\""]""]",false,false,NOT_RECOVERED,NOT_SPECIFIED,REGISTRY_BINDING_ONLY
7d6f34b5b6251fb1,B-048,"[""GAP-2742"", ""GAP-2778"", ""GAP-2820""]","[""SF-3876"", ""SF-3917"", ""SF-3964""]","[""[\""gjensidige\"",\""båt\"",\""ordinary\"",\""gjensidige-bat-delkasko\"",null]"", ""[\""gjensidige\"",\""båt\"",\""ordinary\"",\""gjensidige-bat-kasko\"",null]"", ""[\""gjensidige\"",\""båt\"",\""ordinary\"",\""gjensidige-bat-pluss\"",null]""]",false,false,NOT_RECOVERED,NOT_SPECIFIED,REGISTRY_BINDING_ONLY
7d8b739e1e5906ac,B-087,"[""GAP-4254"", ""GAP-4263"", ""GAP-4274"", ""GAP-4286"", ""GAP-4306""]","[""SF-6091"", ""SF-6103"", ""SF-6117"", ""SF-6132"", ""SF-6155""]","[""[\""tryg\"",\""båt\"",\""ordinary\"",\""tryg-bat-ansvar\"",\""2024-07-01\""]"", ""[\""tryg\"",\""båt\"",\""ordinary\"",\""tryg-bat-bat-ekstra\"",\""2024-07-01\""]"", ""[\""tryg\"",\""båt\"",\""ordinary\"",\""tryg-bat-brann-ansvar\"",\""2024-07-01\""]"", ""[\""tryg\"",\""båt\"",\""ordinary\"",\""tryg-bat-brann-tyveri-ansvar\"",\""2024-07-01\""]"", ""[\""tryg\"",\""båt\"",\""ordinary\"",\""tryg-bat-kasko-ansvar\"",\""2024-07-01\""]""]",false,false,NOT_RECOVERED,NOT_SPECIFIED,REGISTRY_BINDING_ONLY
7d95ee7e7a02e253,B-070,"[""GAP-5531"", ""GAP-5561""]","[""SF-7862"", ""SF-7900""]","[""[\""sparebank1-fremtind\"",\""båt\"",\""ordinary\"",\""sparebank1-fremtind-bat-kasko\"",\""2024-06-10\""]"", ""[\""sparebank1-fremtind\"",\""båt\"",\""ordinary\"",\""sparebank1-fremtind-bat-toppkasko\"",\""2024-06-10\""]""]",false,false,NOT_RECOVERED,NOT_SPECIFIED,REGISTRY_BINDING_ONLY
7e03deb37cfadaa6,B-086,"[""GAP-4082""]","[""SF-5862""]","[""[\""tryg\"",\""bobil\"",\""ordinary\"",\""tryg-bobil-bobil-ekstra\"",\""2026-07-01\""]""]",false,false,NOT_RECOVERED,NOT_SPECIFIED,REGISTRY_BINDING_ONLY
7e10694b4e2f5808,B-058,"[""GAP-2963"", ""GAP-2980""]","[""SF-4135"", ""SF-4164""]","[""[\""if\"",\""bil\"",\""ordinary\"",\""if-bil-delkasko\"",\""MOT2-2\""]"", ""[\""if\"",\""bil\"",\""ordinary\"",\""if-bil-kasko\"",\""MOT2-2\""]""]",false,false,NOT_RECOVERED,NOT_SPECIFIED,REGISTRY_BINDING_ONLY
7e1dc8e44ae925c1,B-048,"[""GAP-2794"", ""GAP-2836""]","[""SF-3934"", ""SF-3981""]","[""[\""gjensidige\"",\""båt\"",\""ordinary\"",\""gjensidige-bat-kasko\"",null]"", ""[\""gjensidige\"",\""båt\"",\""ordinary\"",\""gjensidige-bat-pluss\"",null]""]",false,false,NOT_RECOVERED,NOT_SPECIFIED,REGISTRY_BINDING_ONLY
7e1f3646f605d598,B-165,"[""GAP-0882"", ""GAP-0938""]","[""SF-1356"", ""SF-1441""]","[""[\""storebrand\"",\""innbo\"",\""ordinary\"",\""sb-innbo-standard\"",\""innbo09\""]"", ""[\""storebrand\"",\""innbo\"",\""ordinary\"",\""sb-innbo-super\"",\""innbo09\""]""]",false,false,NOT_RECOVERED,NOT_SPECIFIED,REGISTRY_BINDING_ONLY
7e396767422107bb,B-034,"[""GAP-1372"", ""GAP-1416""]","[""SF-2011"", ""SF-2071""]","[""[\""frende\"",\""bil\"",\""ordinary\"",\""frende-bil-kasko\"",\""2026-01-01\""]"", ""[\""frende\"",\""bil\"",\""ordinary\"",\""frende-bil-utvidet\"",\""2026-01-01\""]""]",false,false,NOT_RECOVERED,NOT_SPECIFIED,REGISTRY_BINDING_ONLY
7ea53e9c446fab07,B-091,"[""GAP-4380""]","[""SF-6233""]","[""[\""tryg\"",\""katt\"",\""ordinary\"",\""tryg-katt-behandling\"",\""2026-09-01\""]""]",false,false,NOT_RECOVERED,NOT_SPECIFIED,REGISTRY_BINDING_ONLY
7ecc4ac13539b85a,B-119,"[""GAP-1671"", ""GAP-1699""]","[""SF-2446"", ""SF-2478""]","[""[\""frende\"",\""snøscooter\"",\""ordinary\"",\""frende-snoscooter-brann-og-tyveri\"",\""2026-01-01\""]"", ""[\""frende\"",\""snøscooter\"",\""ordinary\"",\""frende-snoscooter-kasko\"",\""2026-01-01\""]""]",false,false,NOT_RECOVERED,NOT_SPECIFIED,REGISTRY_BINDING_ONLY
7f02e09f7956b0eb,B-128,"[""GAP-2874""]","[""SF-4023""]","[""[\""gjensidige\"",\""hund\"",\""ordinary\"",\""gjensidige-hund-behandling\"",null]""]",false,false,NOT_RECOVERED,NOT_SPECIFIED,REGISTRY_BINDING_ONLY
7f0517cf0c6dc557,B-163,"[""GAP-1039""]","[""SF-1598""]","[""[\""storebrand\"",\""bolig\"",\""ordinary\"",\""storebrand-hus-super\"",\""2025-08-15\""]""]",false,false,NOT_RECOVERED,NOT_SPECIFIED,REGISTRY_BINDING_ONLY
7f59f5f0968cdb8a,B-075,"[""GAP-0061"", ""GAP-0069"", ""GAP-0077""]","[""SF-0097"", ""SF-0107"", ""SF-0117""]","[""[\""storebrand\"",\""båt\"",\""ordinary\"",\""storebrand-bat-delkasko\"",\""2024-09-01\""]"", ""[\""storebrand\"",\""båt\"",\""ordinary\"",\""storebrand-bat-kasko\"",\""2024-09-01\""]"", ""[\""storebrand\"",\""båt\"",\""ordinary\"",\""storebrand-bat-super\"",\""2024-09-01\""]""]",false,false,NOT_RECOVERED,NOT_SPECIFIED,REGISTRY_BINDING_ONLY
7fc33bef666abb61,B-113,"[""GAP-1274""]","[""SF-1891""]","[""[\""frende\"",\""hund\"",\""ordinary\"",\""frende-hund-veterin-r\"",\""2026-01-01\""]""]",false,false,NOT_RECOVERED,NOT_SPECIFIED,REGISTRY_BINDING_ONLY
7fda244724f6a9bb,B-060,"[""GAP-3696"", ""GAP-3736""]","[""SF-5302"", ""SF-5347""]","[""[\""if\"",\""båt\"",\""ordinary\"",\""if-bat-kasko\"",\""2023-02-01\""]"", ""[\""if\"",\""båt\"",\""ordinary\"",\""if-bat-super\"",\""2023-02-01\""]""]",false,false,NOT_RECOVERED,NOT_SPECIFIED,REGISTRY_BINDING_ONLY
80198ad83a7dea7e,B-079,"[""GAP-0929""]","[""SF-1430""]","[""[\""storebrand\"",\""innbo\"",\""ordinary\"",\""sb-innbo-super\"",\""innbo09\""]""]",false,false,NOT_RECOVERED,NOT_SPECIFIED,REGISTRY_BINDING_ONLY
801fac2bb80e1582,B-074,"[""GAP-0612"", ""GAP-0624"", ""GAP-0649"", ""GAP-0687""]","[""SF-1001"", ""SF-1017"", ""SF-1052"", ""SF-1102""]","[""[\""storebrand\"",\""bobil\"",\""ordinary\"",\""storebrand-bobil-ansvar\"",\""motor09\""]"", ""[\""storebrand\"",\""bobil\"",\""ordinary\"",\""storebrand-bobil-delkasko\"",\""motor09\""]"", ""[\""storebrand\"",\""bobil\"",\""ordinary\"",\""storebrand-bobil-kasko\"",\""motor09\""]"", ""[\""storebrand\"",\""bobil\"",\""ordinary\"",\""storebrand-bobil-super\"",\""motor09\""]""]",false,false,NOT_RECOVERED,NOT_SPECIFIED,REGISTRY_BINDING_ONLY
803704e504a38d6e,B-129,"[""GAP-2887""]","[""SF-4039""]","[""[\""gjensidige\"",\""hund\"",\""ordinary\"",\""gjensidige-hund-behandling\"",null]""]",false,false,NOT_RECOVERED,NOT_SPECIFIED,REGISTRY_BINDING_ONLY
804e6cba183e96bd,B-165,"[""GAP-0843"", ""GAP-0889""]","[""SF-1302"", ""SF-1372""]","[""[\""storebrand\"",\""innbo\"",\""ordinary\"",\""sb-innbo-standard\"",\""innbo09\""]"", ""[\""storebrand\"",\""innbo\"",\""ordinary\"",\""sb-innbo-super\"",\""innbo09\""]""]",false,false,NOT_RECOVERED,NOT_SPECIFIED,REGISTRY_BINDING_ONLY
80830b033cddb1a2,B-119,"[""GAP-1715""]","[""SF-2495""]","[""[\""frende\"",\""snøscooter\"",\""ordinary\"",\""frende-snoscooter-kasko\"",\""2026-01-01\""]""]",false,false,NOT_RECOVERED,NOT_SPECIFIED,REGISTRY_BINDING_ONLY
80e101f9481d0512,B-079,"[""GAP-0844"", ""GAP-0890""]","[""SF-1303"", ""SF-1373""]","[""[\""storebrand\"",\""innbo\"",\""ordinary\"",\""sb-innbo-standard\"",\""innbo09\""]"", ""[\""storebrand\"",\""innbo\"",\""ordinary\"",\""sb-innbo-super\"",\""innbo09\""]""]",false,false,NOT_RECOVERED,NOT_SPECIFIED,REGISTRY_BINDING_ONLY
811df060ceac6b4a,B-186,"[""GAP-4216"", ""GAP-4231"", ""GAP-4249""]","[""SF-6038"", ""SF-6059"", ""SF-6083""]","[""[\""tryg\"",\""tilhenger\"",\""ordinary\"",\""tryg-tilhenger-brann\"",\""2026-01-01\""]"", ""[\""tryg\"",\""tilhenger\"",\""ordinary\"",\""tryg-tilhenger-brann-og-tyveri\"",\""2026-01-01\""]"", ""[\""tryg\"",\""tilhenger\"",\""ordinary\"",\""tryg-tilhenger-kasko\"",\""2026-01-01\""]""]",false,false,NOT_RECOVERED,NOT_SPECIFIED,REGISTRY_BINDING_ONLY
813cf4adbdf65801,B-115,"[""GAP-0277""]","[""SF-0458""]","[""[\""frende\"",\""innbo\"",\""ordinary\"",\""frende-innbo-standard\"",\""2026-09-01\""]""]",false,false,NOT_RECOVERED,NOT_SPECIFIED,REGISTRY_BINDING_ONLY
81cc6678becc7d89,B-052,"[""GAP-2050""]","[""SF-2942""]","[""[\""gjensidige\"",\""innbo\"",\""ordinary\"",\""gj-innbo-pluss\"",null]""]",false,false,NOT_RECOVERED,NOT_SPECIFIED,REGISTRY_BINDING_ONLY
8234097961c49e9b,B-064,"[""GAP-3386"", ""GAP-3430""]","[""SF-4761"", ""SF-4823""]","[""[\""if\"",\""innbo\"",\""ordinary\"",\""if-innbo-super\"",\""IBO2-1\""]"", ""[\""if\"",\""innbo\"",\""ordinary\"",\""if-innbo-utvidet\"",\""IBO2-1\""]""]",false,false,NOT_RECOVERED,NOT_SPECIFIED,REGISTRY_BINDING_ONLY
8249889091145082,B-002,"[""GAP-5106""]","[""SF-7311""]","[""[\""fremtind\"",\""bolig\"",\""ordinary\"",\""fremtind-hus-standard\"",\""PBK-200.100-015+PBK-200.200-010\""]""]",true,false,NOT_RECOVERED,NOT_SPECIFIED,ARCHIVED_BASELINE
8250d101fb2c2864,B-036,"[""GAP-1160"", ""GAP-1186"", ""GAP-1223""]","[""SF-1757"", ""SF-1789"", ""SF-1831""]","[""[\""frende\"",\""båt\"",\""ordinary\"",\""frende-bat-brann-og-tyveri\"",\""2026-01-01\""]"", ""[\""frende\"",\""båt\"",\""ordinary\"",\""frende-bat-kasko\"",\""2026-01-01\""]"", ""[\""frende\"",\""båt\"",\""ordinary\"",\""frende-bat-utvidet\"",\""2026-01-01\""]""]",false,false,NOT_RECOVERED,NOT_SPECIFIED,REGISTRY_BINDING_ONLY
826501d2227ab26b,B-035,"[""GAP-1526"", ""GAP-1529""]","[""SF-2241"", ""SF-2250""]","[""[\""frende\"",\""bobil\"",\""ordinary\"",\""frende-bobil-kasko\"",\""2026-01-01\""]"", ""[\""frende\"",\""bobil\"",\""ordinary\"",\""frende-bobil-utvidet\"",\""2026-01-01\""]""]",false,false,NOT_RECOVERED,NOT_SPECIFIED,REGISTRY_BINDING_ONLY
82a07619cd2cac3f,B-164,"[""GAP-0862"", ""GAP-0908""]","[""SF-1333"", ""SF-1403""]","[""[\""storebrand\"",\""innbo\"",\""ordinary\"",\""sb-innbo-standard\"",\""innbo09\""]"", ""[\""storebrand\"",\""innbo\"",\""ordinary\"",\""sb-innbo-super\"",\""innbo09\""]""]",false,false,NOT_RECOVERED,NOT_SPECIFIED,REGISTRY_BINDING_ONLY
82af4c244eb8d5e8,B-038,"[""GAP-1262""]","[""SF-1877""]","[""[\""frende\"",\""hund\"",\""ordinary\"",\""frende-hund-veterin-r\"",\""2026-01-01\""]""]",false,false,NOT_RECOVERED,NOT_SPECIFIED,REGISTRY_BINDING_ONLY
82de77629020a9d3,B-132,"[""GAP-2929""]","[""SF-4084""]","[""[\""gjensidige\"",\""katt\"",\""ordinary\"",\""gjensidige-katt-behandling\"",null]""]",false,false,NOT_RECOVERED,NOT_SPECIFIED,REGISTRY_BINDING_ONLY
82eb56f851e8837d,B-052,"[""GAP-2020"", ""GAP-2073""]","[""SF-2900"", ""SF-2970""]","[""[\""gjensidige\"",\""innbo\"",\""ordinary\"",\""gj-innbo\"",null]"", ""[\""gjensidige\"",\""innbo\"",\""ordinary\"",\""gj-innbo-pluss\"",null]""]",false,false,NOT_RECOVERED,NOT_SPECIFIED,REGISTRY_BINDING_ONLY
837a83c1fe56761d,B-113,"[""GAP-1260""]","[""SF-1875""]","[""[\""frende\"",\""hund\"",\""ordinary\"",\""frende-hund-veterin-r\"",\""2026-01-01\""]""]",false,false,NOT_RECOVERED,NOT_SPECIFIED,REGISTRY_BINDING_ONLY
84b5ec6ecc6b51fa,B-170,"[""GAP-0495"", ""GAP-0526""]","[""SF-0849"", ""SF-0884""]","[""[\""storebrand\"",\""snøscooter\"",\""ordinary\"",\""storebrand-snoscooter-delkasko\"",\""2025-04-01\""]"", ""[\""storebrand\"",\""snøscooter\"",\""ordinary\"",\""storebrand-snoscooter-kasko\"",\""2025-04-01\""]""]",false,false,NOT_RECOVERED,NOT_SPECIFIED,REGISTRY_BINDING_ONLY
84e7bbb2344c5c60,B-041,"[""GAP-1287""]","[""SF-1906""]","[""[\""frende\"",\""katt\"",\""ordinary\"",\""frende-katt-veterin-r\"",\""2026-01-01\""]""]",false,false,NOT_RECOVERED,NOT_SPECIFIED,REGISTRY_BINDING_ONLY
85a789547e5260fa,B-118,"[""GAP-1681"", ""GAP-1711""]","[""SF-2457"", ""SF-2491""]","[""[\""frende\"",\""snøscooter\"",\""ordinary\"",\""frende-snoscooter-brann-og-tyveri\"",\""2026-01-01\""]"", ""[\""frende\"",\""snøscooter\"",\""ordinary\"",\""frende-snoscooter-kasko\"",\""2026-01-01\""]""]",false,false,NOT_RECOVERED,NOT_SPECIFIED,REGISTRY_BINDING_ONLY
85de100924204226,B-092,"[""GAP-3975"", ""GAP-3993"", ""GAP-4011""]","[""SF-5691"", ""SF-5716"", ""SF-5741""]","[""[\""tryg\"",\""mc\"",\""ordinary\"",\""tryg-mc-delkasko\"",\""2026-01-01\""]"", ""[\""tryg\"",\""mc\"",\""ordinary\"",\""tryg-mc-kasko\"",\""2026-07-01\""]"", ""[\""tryg\"",\""mc\"",\""ordinary\"",\""tryg-mc-mc-ekstra\"",\""2026-07-01\""]""]",false,false,NOT_RECOVERED,NOT_SPECIFIED,REGISTRY_BINDING_ONLY
8613ad631660fd0d,B-181,"[""GAP-4381""]","[""SF-6234""]","[""[\""tryg\"",\""katt\"",\""ordinary\"",\""tryg-katt-behandling\"",\""2026-09-01\""]""]",false,false,NOT_RECOVERED,NOT_SPECIFIED,REGISTRY_BINDING_ONLY
866b0dd727bb5f68,B-144,"[""GAP-3793"", ""GAP-3816"", ""GAP-3842""]","[""SF-5410"", ""SF-5437"", ""SF-5467""]","[""[\""if\"",\""hund\"",\""ordinary\"",\""if-hund-basis\"",\""2022-12-01\""]"", ""[\""if\"",\""hund\"",\""ordinary\"",\""if-hund-standard\"",\""2022-12-01\""]"", ""[\""if\"",\""hund\"",\""ordinary\"",\""if-hund-super\"",\""2022-12-01\""]""]",false,false,NOT_RECOVERED,NOT_SPECIFIED,REGISTRY_BINDING_ONLY
866f73f728048a94,B-091,"[""GAP-0015""]","[""SF-0023""]","[""[\""tryg\"",\""katt\"",\""ordinary\"",\""tryg-katt-behandling\"",\""2026-09-01\""]""]",false,false,NOT_RECOVERED,NOT_SPECIFIED,REGISTRY_BINDING_ONLY
86992ec620da2894,B-051,"[""GAP-2086"", ""GAP-2140""]","[""SF-2989"", ""SF-3073""]","[""[\""gjensidige\"",\""bolig\"",\""ordinary\"",\""gjensidige-hus\"",\""Alminnelige vilkår\""]"", ""[\""gjensidige\"",\""bolig\"",\""ordinary\"",\""gjensidige-hus-pluss\"",\""Alminnelige vilkår\""]""]",false,false,NOT_RECOVERED,NOT_SPECIFIED,REGISTRY_BINDING_ONLY
869c7193d89ce4b0,B-048,"[""GAP-2845""]","[""SF-3991""]","[""[\""gjensidige\"",\""båt\"",\""ordinary\"",\""gjensidige-bat-pluss\"",null]""]",false,false,NOT_RECOVERED,NOT_SPECIFIED,REGISTRY_BINDING_ONLY
86c9b328d112f3d7,B-089,"[""GAP-4342""]","[""SF-6194""]","[""[\""tryg\"",\""hund\"",\""ordinary\"",\""tryg-hund-behandling\"",\""2026-09-01\""]""]",false,false,NOT_RECOVERED,NOT_SPECIFIED,REGISTRY_BINDING_ONLY
86d9a8670677ec81,B-046,"[""GAP-1903"", ""GAP-1951""]","[""SF-2746"", ""SF-2811""]","[""[\""gjensidige\"",\""bil\"",\""ordinary\"",\""gj-bil-kasko\"",null]"", ""[\""gjensidige\"",\""bil\"",\""ordinary\"",\""gj-bil-pluss\"",null]""]",false,false,NOT_RECOVERED,NOT_SPECIFIED,REGISTRY_BINDING_ONLY
86f0e4763bb31394,B-089,"[""GAP-0006""]","[""SF-0008""]","[""[\""tryg\"",\""hund\"",\""ordinary\"",\""tryg-hund-behandling\"",\""2026-09-01\""]""]",false,false,NOT_RECOVERED,NOT_SPECIFIED,REGISTRY_BINDING_ONLY
8719ac68866c1abb,B-088,"[""GAP-4137"", ""GAP-4152"", ""GAP-4169"", ""GAP-4202""]","[""SF-5933"", ""SF-5953"", ""SF-5976"", ""SF-6019""]","[""[\""tryg\"",\""campingvogn\"",\""ordinary\"",\""tryg-campingvogn-brann\"",\""2026-01-01\""]"", ""[\""tryg\"",\""campingvogn\"",\""ordinary\"",\""tryg-campingvogn-brann-og-tyveri\"",\""2026-01-01\""]"", ""[\""tryg\"",\""campingvogn\"",\""ordinary\"",\""tryg-campingvogn-campingvogn-ekstra\"",\""2026-01-01\""]"", ""[\""tryg\"",\""campingvogn\"",\""ordinary\"",\""tryg-campingvogn-kasko\"",\""2026-01-01\""]""]",false,false,NOT_RECOVERED,NOT_SPECIFIED,REGISTRY_BINDING_ONLY
87527da903b6c4d4,B-082,"[""GAP-1091"", ""GAP-1150""]","[""SF-1668"", ""SF-1742""]","[""[\""storebrand\"",\""reise\"",\""ordinary\"",\""storebrand-reise-standard\"",\""2026-09-20-canonical\""]"", ""[\""storebrand\"",\""reise\"",\""ordinary\"",\""storebrand-reise-super\"",\""2026-09-20-canonical\""]""]",false,false,NOT_RECOVERED,NOT_SPECIFIED,REGISTRY_BINDING_ONLY
8810f07d993309b5,B-038,"[""GAP-1269""]","[""SF-1884""]","[""[\""frende\"",\""hund\"",\""ordinary\"",\""frende-hund-veterin-r\"",\""2026-01-01\""]""]",false,false,NOT_RECOVERED,NOT_SPECIFIED,REGISTRY_BINDING_ONLY
8857a57756987b3a,B-149,"[""GAP-3569"", ""GAP-3607"", ""GAP-3652""]","[""SF-5110"", ""SF-5174"", ""SF-5246""]","[""[\""if\"",\""reise\"",\""ordinary\"",\""if-reise-basis\"",\""2026-09-20-canonical\""]"", ""[\""if\"",\""reise\"",\""ordinary\"",\""if-reise-standard\"",\""2026-09-20-canonical\""]"", ""[\""if\"",\""reise\"",\""ordinary\"",\""if-reise-super\"",\""2026-09-20-canonical\""]""]",false,false,NOT_RECOVERED,NOT_SPECIFIED,REGISTRY_BINDING_ONLY
885b4542ce2da42c,B-190,"[""GAP-5386"", ""GAP-5413"", ""GAP-5449"", ""GAP-5485""]","[""SF-7670"", ""SF-7704"", ""SF-7751"", ""SF-7802""]","[""[\""fremtind\"",\""bobil\"",\""ordinary-dnb\"",\""fremtind-bobil-ansvar\"",\""2025-09-18\""]"", ""[\""fremtind\"",\""bobil\"",\""ordinary-dnb\"",\""fremtind-bobil-kasko\"",\""2025-09-18\""]"", ""[\""fremtind\"",\""bobil\"",\""ordinary-dnb\"",\""fremtind-bobil-minikasko\"",\""2025-09-18\""]"", ""[\""fremtind\"",\""bobil\"",\""ordinary-dnb\"",\""fremtind-bobil-topp\"",\""2025-09-18\""]""]",false,false,NOT_RECOVERED,NOT_SPECIFIED,REGISTRY_BINDING_ONLY
88aeaa94ca507b76,B-062,"[""GAP-0031"", ""GAP-0032"", ""GAP-0033""]","[""SF-0046"", ""SF-0047"", ""SF-0048""]","[""[\""if\"",\""hund\"",\""ordinary\"",\""if-hund-basis\"",\""2022-12-01\""]"", ""[\""if\"",\""hund\"",\""ordinary\"",\""if-hund-standard\"",\""2022-12-01\""]"", ""[\""if\"",\""hund\"",\""ordinary\"",\""if-hund-super\"",\""2022-12-01\""]""]",false,false,NOT_RECOVERED,NOT_SPECIFIED,REGISTRY_BINDING_ONLY
8909f7b07db6ef56,B-043,"[""GAP-0335""]","[""SF-0620""]","[""[\""frende\"",\""reise\"",\""ordinary\"",\""frende-reiseforsikring\"",\""2026-03-01\""]""]",false,false,NOT_RECOVERED,NOT_SPECIFIED,REGISTRY_BINDING_ONLY
891bffa82bebd3a0,B-011,"[""GAP-4431""]","[""SF-6299""]","[""[\""tryg\"",\""innbo\"",\""ordinary\"",\""tryg-innbo-ekstra\"",\""2026-07-01\""]""]",true,false,NOT_RECOVERED,NOT_SPECIFIED,ARCHIVED_BASELINE
891c9fac3031a8ee,B-205,"[""GAP-5203"", ""GAP-5239""]","[""SF-7442"", ""SF-7485""]","[""[\""fremtind-eika-legacy\"",\""reise\"",\""ordinary\"",\""eika-reise-p10\"",\""P10-P10P-2025-01-01\""]"", ""[\""fremtind-eika-legacy\"",\""reise\"",\""ordinary\"",\""eika-reise-pluss-p10\"",\""P10-P10P-2025-01-01\""]""]",false,true,NOT_RECOVERED,NOT_SPECIFIED,ARCHIVED_BASELINE
89530bb622e41a0d,B-079,"[""GAP-0856"", ""GAP-0902""]","[""SF-1322"", ""SF-1392""]","[""[\""storebrand\"",\""innbo\"",\""ordinary\"",\""sb-innbo-standard\"",\""innbo09\""]"", ""[\""storebrand\"",\""innbo\"",\""ordinary\"",\""sb-innbo-super\"",\""innbo09\""]""]",false,false,NOT_RECOVERED,NOT_SPECIFIED,REGISTRY_BINDING_ONLY
897374b6a779c618,B-054,"[""GAP-2333"", ""GAP-2376""]","[""SF-3363"", ""SF-3414""]","[""[\""gjensidige\"",\""mc\"",\""ordinary\"",\""gjensidige-mc-delkasko\"",null]"", ""[\""gjensidige\"",\""mc\"",\""ordinary\"",\""gjensidige-mc-kasko\"",null]""]",false,false,NOT_RECOVERED,NOT_SPECIFIED,REGISTRY_BINDING_ONLY
8990475612549618,B-033,"[""GAP-4612"", ""GAP-4649""]","[""SF-6664"", ""SF-6714""]","[""[\""sparebank1-fremtind\"",\""bil\"",\""ordinary\"",\""sb1-bil-kasko\"",\""PMO-357.001-004\""]"", ""[\""sparebank1-fremtind\"",\""bil\"",\""ordinary\"",\""sb1-bil-toppkasko\"",\""PMO-357.001-004\""]""]",false,false,NOT_RECOVERED,NOT_SPECIFIED,REGISTRY_BINDING_ONLY
89917387b9166502,B-060,"[""GAP-3700"", ""GAP-3740""]","[""SF-5306"", ""SF-5351""]","[""[\""if\"",\""båt\"",\""ordinary\"",\""if-bat-kasko\"",\""2023-02-01\""]"", ""[\""if\"",\""båt\"",\""ordinary\"",\""if-bat-super\"",\""2023-02-01\""]""]",false,false,NOT_RECOVERED,NOT_SPECIFIED,REGISTRY_BINDING_ONLY
89b290ded9b8790a,B-063,"[""GAP-3461"", ""GAP-3488"", ""GAP-3519""]","[""SF-4884"", ""SF-4951"", ""SF-5024""]","[""[\""if\"",\""bolig\"",\""ordinary\"",\""if-hus-basis\"",\""2023-09\""]"", ""[\""if\"",\""bolig\"",\""ordinary\"",\""if-hus-super\"",\""2023-09\""]"", ""[\""if\"",\""bolig\"",\""ordinary\"",\""if-hus-utvidet\"",\""2023-09\""]""]",false,false,NOT_RECOVERED,NOT_SPECIFIED,REGISTRY_BINDING_ONLY
89da599659a774cf,B-106,"[""GAP-4543"", ""GAP-4556"", ""GAP-4585"", ""GAP-4619""]","[""SF-6578"", ""SF-6595"", ""SF-6629"", ""SF-6674""]","[""[\""sparebank1-fremtind\"",\""bil\"",\""ordinary\"",\""sb1-bil-ansvar\"",\""PMO-357.001-004\""]"", ""[\""sparebank1-fremtind\"",\""bil\"",\""ordinary\"",\""sb1-bil-delkasko\"",\""PMO-357.001-004\""]"", ""[\""sparebank1-fremtind\"",\""bil\"",\""ordinary\"",\""sb1-bil-kasko\"",\""PMO-357.001-004\""]"", ""[\""sparebank1-fremtind\"",\""bil\"",\""ordinary\"",\""sb1-bil-toppkasko\"",\""PMO-357.001-004\""]""]",false,false,NOT_RECOVERED,NOT_SPECIFIED,REGISTRY_BINDING_ONLY
89f3cbe97364cf77,B-185,"[""GAP-4123""]","[""SF-5916""]","[""[\""tryg\"",\""snøscooter\"",\""ordinary\"",\""tryg-snoscooter-kasko\"",null]""]",false,false,NOT_RECOVERED,NOT_SPECIFIED,REGISTRY_BINDING_ONLY
8a1beb3695ddb2fd,B-051,"[""GAP-2109"", ""GAP-2168""]","[""SF-3023"", ""SF-3110""]","[""[\""gjensidige\"",\""bolig\"",\""ordinary\"",\""gjensidige-hus\"",\""Alminnelige vilkår\""]"", ""[\""gjensidige\"",\""bolig\"",\""ordinary\"",\""gjensidige-hus-pluss\"",\""Alminnelige vilkår\""]""]",false,false,NOT_RECOVERED,NOT_SPECIFIED,REGISTRY_BINDING_ONLY
8a3789e3f1bf21f7,B-172,"[""GAP-0817"", ""GAP-0837""]","[""SF-1268"", ""SF-1294""]","[""[\""storebrand\"",\""tilhenger\"",\""ordinary\"",\""storebrand-tilhenger-brann-og-tyveri\"",\""2026-03-01\""]"", ""[\""storebrand\"",\""tilhenger\"",\""ordinary\"",\""storebrand-tilhenger-kasko\"",\""2026-03-01\""]""]",false,false,NOT_RECOVERED,NOT_SPECIFIED,REGISTRY_BINDING_ONLY
8a3ce8f8c8e0ea33,B-089,"[""GAP-0009""]","[""SF-0014""]","[""[\""tryg\"",\""hund\"",\""ordinary\"",\""tryg-hund-behandling\"",\""2026-09-01\""]""]",false,false,NOT_RECOVERED,NOT_SPECIFIED,REGISTRY_BINDING_ONLY
8a89196fecd29ddb,B-051,"[""GAP-2102"", ""GAP-2161""]","[""SF-3013"", ""SF-3100""]","[""[\""gjensidige\"",\""bolig\"",\""ordinary\"",\""gjensidige-hus\"",\""Alminnelige vilkår\""]"", ""[\""gjensidige\"",\""bolig\"",\""ordinary\"",\""gjensidige-hus-pluss\"",\""Alminnelige vilkår\""]""]",false,false,NOT_RECOVERED,NOT_SPECIFIED,REGISTRY_BINDING_ONLY
8b4c8623885d8fdc,B-083,"[""GAP-0467"", ""GAP-0481"", ""GAP-0510""]","[""SF-0817"", ""SF-0834"", ""SF-0867""]","[""[\""storebrand\"",\""snøscooter\"",\""ordinary\"",\""storebrand-snoscooter-ansvar\"",\""2025-04-01\""]"", ""[\""storebrand\"",\""snøscooter\"",\""ordinary\"",\""storebrand-snoscooter-delkasko\"",\""2025-04-01\""]"", ""[\""storebrand\"",\""snøscooter\"",\""ordinary\"",\""storebrand-snoscooter-kasko\"",\""2025-04-01\""]""]",false,false,NOT_RECOVERED,NOT_SPECIFIED,REGISTRY_BINDING_ONLY
8b665b250a619f6b,B-036,"[""GAP-1156"", ""GAP-1182"", ""GAP-1218""]","[""SF-1751"", ""SF-1783"", ""SF-1825""]","[""[\""frende\"",\""båt\"",\""ordinary\"",\""frende-bat-brann-og-tyveri\"",\""2026-01-01\""]"", ""[\""frende\"",\""båt\"",\""ordinary\"",\""frende-bat-kasko\"",\""2026-01-01\""]"", ""[\""frende\"",\""båt\"",\""ordinary\"",\""frende-bat-utvidet\"",\""2026-01-01\""]""]",false,false,NOT_RECOVERED,NOT_SPECIFIED,REGISTRY_BINDING_ONLY
8ba3dbb204e08421,B-078,"[""GAP-0962"", ""GAP-1008""]","[""SF-1485"", ""SF-1557""]","[""[\""storebrand\"",\""bolig\"",\""ordinary\"",\""storebrand-hus-standard\"",\""2025-08-15\""]"", ""[\""storebrand\"",\""bolig\"",\""ordinary\"",\""storebrand-hus-super\"",\""2025-08-15\""]""]",false,false,NOT_RECOVERED,NOT_SPECIFIED,REGISTRY_BINDING_ONLY
8c09c7a6637935a6,B-142,"[""GAP-3260"", ""GAP-3285""]","[""SF-4597"", ""SF-4628""]","[""[\""if\"",\""campingvogn\"",\""ordinary\"",\""if-campingvogn-kasko\"",\""2024-03\""]"", ""[\""if\"",\""campingvogn\"",\""ordinary\"",\""if-campingvogn-super\"",\""2024-03\""]""]",false,false,NOT_RECOVERED,NOT_SPECIFIED,REGISTRY_BINDING_ONLY
8c14a1328e5080cf,B-050,"[""GAP-2899""]","[""SF-4051""]","[""[\""gjensidige\"",\""hund\"",\""ordinary\"",\""gjensidige-hund-behandling\"",null]""]",false,false,NOT_RECOVERED,NOT_SPECIFIED,REGISTRY_BINDING_ONLY
8c3c4b9bdcca1d0a,B-095,"[""GAP-4219"", ""GAP-4234"", ""GAP-4252""]","[""SF-6042"", ""SF-6063"", ""SF-6087""]","[""[\""tryg\"",\""tilhenger\"",\""ordinary\"",\""tryg-tilhenger-brann\"",\""2026-01-01\""]"", ""[\""tryg\"",\""tilhenger\"",\""ordinary\"",\""tryg-tilhenger-brann-og-tyveri\"",\""2026-01-01\""]"", ""[\""tryg\"",\""tilhenger\"",\""ordinary\"",\""tryg-tilhenger-kasko\"",\""2026-01-01\""]""]",false,false,NOT_RECOVERED,NOT_SPECIFIED,REGISTRY_BINDING_ONLY
8c3d0b61762fc4fb,B-045,"[""GAP-1781"", ""GAP-1803""]","[""SF-2581"", ""SF-2610""]","[""[\""frende\"",\""tilhenger\"",\""ordinary\"",\""frende-tilhenger-brann-og-tyveri\"",\""2026-01-01\""]"", ""[\""frende\"",\""tilhenger\"",\""ordinary\"",\""frende-tilhenger-kasko\"",\""2026-01-01\""]""]",false,false,NOT_RECOVERED,NOT_SPECIFIED,REGISTRY_BINDING_ONLY
8c4bfd3143058aff,B-055,"[""GAP-2217"", ""GAP-2263""]","[""SF-3189"", ""SF-3264""]","[""[\""gjensidige\"",\""reise\"",\""ordinary\"",\""gjensidige-reise\"",\""2026-09-20-canonical\""]"", ""[\""gjensidige\"",\""reise\"",\""ordinary\"",\""gjensidige-reise-pluss\"",\""2026-09-20-canonical\""]""]",false,false,NOT_RECOVERED,NOT_SPECIFIED,REGISTRY_BINDING_ONLY
8c943007acc4275b,B-170,"[""GAP-0470"", ""GAP-0497"", ""GAP-0528""]","[""SF-0820"", ""SF-0851"", ""SF-0886""]","[""[\""storebrand\"",\""snøscooter\"",\""ordinary\"",\""storebrand-snoscooter-ansvar\"",\""2025-04-01\""]"", ""[\""storebrand\"",\""snøscooter\"",\""ordinary\"",\""storebrand-snoscooter-delkasko\"",\""2025-04-01\""]"", ""[\""storebrand\"",\""snøscooter\"",\""ordinary\"",\""storebrand-snoscooter-kasko\"",\""2025-04-01\""]""]",false,false,NOT_RECOVERED,NOT_SPECIFIED,REGISTRY_BINDING_ONLY
8c9491dbb4d9c94f,B-064,"[""GAP-3392"", ""GAP-3437""]","[""SF-4768"", ""SF-4831""]","[""[\""if\"",\""innbo\"",\""ordinary\"",\""if-innbo-super\"",\""IBO2-1\""]"", ""[\""if\"",\""innbo\"",\""ordinary\"",\""if-innbo-utvidet\"",\""IBO2-1\""]""]",false,false,NOT_RECOVERED,NOT_SPECIFIED,REGISTRY_BINDING_ONLY
8cad48c5ee931a94,B-146,"[""GAP-3345"", ""GAP-3375"", ""GAP-3419""]","[""SF-4704"", ""SF-4746"", ""SF-4808""]","[""[\""if\"",\""innbo\"",\""ordinary\"",\""if-innbo-basis\"",\""IBO2-1\""]"", ""[\""if\"",\""innbo\"",\""ordinary\"",\""if-innbo-super\"",\""IBO2-1\""]"", ""[\""if\"",\""innbo\"",\""ordinary\"",\""if-innbo-utvidet\"",\""IBO2-1\""]""]",false,false,NOT_RECOVERED,NOT_SPECIFIED,REGISTRY_BINDING_ONLY
8cadf5ecb7eb0344,B-094,"[""GAP-4122""]","[""SF-5915""]","[""[\""tryg\"",\""snøscooter\"",\""ordinary\"",\""tryg-snoscooter-kasko\"",null]""]",false,false,NOT_RECOVERED,NOT_SPECIFIED,REGISTRY_BINDING_ONLY
8caf6fc009da76e7,B-017,"[""GAP-5157""]","[""SF-7385""]","[""[\""fremtind\"",\""reise\"",\""ordinary\"",\""fremtind-reise\"",\""PRE-450.200-015\""]""]",false,false,NOT_RECOVERED,NOT_SPECIFIED,REGISTRY_BINDING_ONLY
8cbfc2bf7a1041af,B-107,"[""GAP-1327"", ""GAP-1361"", ""GAP-1406""]","[""SF-1955"", ""SF-1997"", ""SF-2057""]","[""[\""frende\"",\""bil\"",\""ordinary\"",\""frende-bil-delkasko\"",\""2026-01-01\""]"", ""[\""frende\"",\""bil\"",\""ordinary\"",\""frende-bil-kasko\"",\""2026-01-01\""]"", ""[\""frende\"",\""bil\"",\""ordinary\"",\""frende-bil-utvidet\"",\""2026-01-01\""]""]",false,false,NOT_RECOVERED,NOT_SPECIFIED,REGISTRY_BINDING_ONLY
8d22b566c9524bb9,B-117,"[""GAP-1465"", ""GAP-1493""]","[""SF-2143"", ""SF-2184""]","[""[\""frende\"",\""mc\"",\""ordinary\"",\""frende-mc-delkasko\"",\""2026-01-01\""]"", ""[\""frende\"",\""mc\"",\""ordinary\"",\""frende-mc-kasko\"",\""2026-01-01\""]""]",false,false,NOT_RECOVERED,NOT_SPECIFIED,REGISTRY_BINDING_ONLY
8d28f56b17a9bae2,B-051,"[""GAP-2116"", ""GAP-2175""]","[""SF-3034"", ""SF-3121""]","[""[\""gjensidige\"",\""bolig\"",\""ordinary\"",\""gjensidige-hus\"",\""Alminnelige vilkår\""]"", ""[\""gjensidige\"",\""bolig\"",\""ordinary\"",\""gjensidige-hus-pluss\"",\""Alminnelige vilkår\""]""]",false,false,NOT_RECOVERED,NOT_SPECIFIED,REGISTRY_BINDING_ONLY
8d35b6528b98d713,B-157,"[""GAP-5618""]","[""SF-7966""]","[""[\""sparebank1-fremtind\"",\""katt\"",\""ordinary\"",\""sparebank1-fremtind-katt-veterin-r\"",\""2025-08-07\""]""]",false,false,NOT_RECOVERED,NOT_SPECIFIED,REGISTRY_BINDING_ONLY
8d49d52347a17484,B-048,"[""GAP-2743"", ""GAP-2779"", ""GAP-2821""]","[""SF-3877"", ""SF-3918"", ""SF-3965""]","[""[\""gjensidige\"",\""båt\"",\""ordinary\"",\""gjensidige-bat-delkasko\"",null]"", ""[\""gjensidige\"",\""båt\"",\""ordinary\"",\""gjensidige-bat-kasko\"",null]"", ""[\""gjensidige\"",\""båt\"",\""ordinary\"",\""gjensidige-bat-pluss\"",null]""]",false,false,NOT_RECOVERED,NOT_SPECIFIED,REGISTRY_BINDING_ONLY
8dab6ea35db860e5,B-033,"[""GAP-4805"", ""GAP-4834"", ""GAP-4866""]","[""SF-6913"", ""SF-6947"", ""SF-6990""]","[""[\""eika-fremtind\"",\""bil\"",\""ordinary\"",\""eika-bil-delkasko\"",\""PMO-357.001-004\""]"", ""[\""eika-fremtind\"",\""bil\"",\""ordinary\"",\""eika-bil-kasko\"",\""PMO-357.001-004\""]"", ""[\""eika-fremtind\"",\""bil\"",\""ordinary\"",\""eika-bil-topp\"",\""PMO-357.001-004\""]""]",false,false,NOT_RECOVERED,NOT_SPECIFIED,REGISTRY_BINDING_ONLY
8dea80792cf51a10,B-111,"[""GAP-1737"", ""GAP-1765""]","[""SF-2525"", ""SF-2560""]","[""[\""frende\"",\""campingvogn\"",\""ordinary\"",\""frende-campingvogn-brann-og-tyveri\"",\""2026-01-01\""]"", ""[\""frende\"",\""campingvogn\"",\""ordinary\"",\""frende-campingvogn-kasko\"",\""2026-01-01\""]""]",false,false,NOT_RECOVERED,NOT_SPECIFIED,REGISTRY_BINDING_ONLY
8e04fe940676932c,B-131,"[""GAP-1981"", ""GAP-2024""]","[""SF-2852"", ""SF-2907""]","[""[\""gjensidige\"",\""innbo\"",\""ordinary\"",\""gj-innbo\"",null]"", ""[\""gjensidige\"",\""innbo\"",\""ordinary\"",\""gj-innbo-pluss\"",null]""]",false,false,NOT_RECOVERED,NOT_SPECIFIED,REGISTRY_BINDING_ONLY
8e22df0cd2cbed14,B-060,"[""GAP-3665""]","[""SF-5267""]","[""[\""if\"",\""båt\"",\""ordinary\"",\""if-bat-delkasko\"",\""2023-02-01\""]""]",false,false,NOT_RECOVERED,NOT_SPECIFIED,REGISTRY_BINDING_ONLY
8e51d2bd3733005e,B-026,"[""GAP-5265"", ""GAP-5272"", ""GAP-5286""]","[""SF-7515"", ""SF-7524"", ""SF-7542""]","[""[\""eika-fremtind\"",\""snøscooter\"",\""ordinary\"",\""eika-fremtind-snoscooter-ansvar\"",\""2023-10-29\""]"", ""[\""eika-fremtind\"",\""snøscooter\"",\""ordinary\"",\""eika-fremtind-snoscooter-kasko\"",\""2023-10-29\""]"", ""[\""eika-fremtind\"",\""snøscooter\"",\""ordinary\"",\""eika-fremtind-snoscooter-minikasko\"",\""2023-10-29\""]""]",false,false,NOT_RECOVERED,NOT_SPECIFIED,REGISTRY_BINDING_ONLY
8e69ee090bea5a1a,B-052,"[""GAP-1993""]","[""SF-2870""]","[""[\""gjensidige\"",\""innbo\"",\""ordinary\"",\""gj-innbo\"",null]""]",false,false,NOT_RECOVERED,NOT_SPECIFIED,REGISTRY_BINDING_ONLY
8e878578ee08aa62,B-038,"[""GAP-1271""]","[""SF-1886""]","[""[\""frende\"",\""hund\"",\""ordinary\"",\""frende-hund-veterin-r\"",\""2026-01-01\""]""]",false,false,NOT_RECOVERED,NOT_SPECIFIED,REGISTRY_BINDING_ONLY
8e8d82878deb95b5,B-051,"[""GAP-2090"", ""GAP-2145""]","[""SF-2996"", ""SF-3080""]","[""[\""gjensidige\"",\""bolig\"",\""ordinary\"",\""gjensidige-hus\"",\""Alminnelige vilkår\""]"", ""[\""gjensidige\"",\""bolig\"",\""ordinary\"",\""gjensidige-hus-pluss\"",\""Alminnelige vilkår\""]""]",false,false,NOT_RECOVERED,NOT_SPECIFIED,REGISTRY_BINDING_ONLY
8e8fa63b8ca56030,B-053,"[""GAP-2909""]","[""SF-4063""]","[""[\""gjensidige\"",\""katt\"",\""ordinary\"",\""gjensidige-katt-behandling\"",null]""]",false,false,NOT_RECOVERED,NOT_SPECIFIED,REGISTRY_BINDING_ONLY
8e9d297cb0d1bd0e,B-050,"[""GAP-2902""]","[""SF-4054""]","[""[\""gjensidige\"",\""hund\"",\""ordinary\"",\""gjensidige-hund-behandling\"",null]""]",false,false,NOT_RECOVERED,RESOLVED,CONVERSATION_ONLY
8eaf24b83556daa5,B-159,"[""GAP-0636"", ""GAP-0674"", ""GAP-0718""]","[""SF-1035"", ""SF-1085"", ""SF-1145""]","[""[\""storebrand\"",\""bobil\"",\""ordinary\"",\""storebrand-bobil-delkasko\"",\""motor09\""]"", ""[\""storebrand\"",\""bobil\"",\""ordinary\"",\""storebrand-bobil-kasko\"",\""motor09\""]"", ""[\""storebrand\"",\""bobil\"",\""ordinary\"",\""storebrand-bobil-super\"",\""motor09\""]""]",false,false,NOT_RECOVERED,NOT_SPECIFIED,REGISTRY_BINDING_ONLY
8eb75eca5c1b28d0,B-043,"[""GAP-0331""]","[""SF-0604""]","[""[\""frende\"",\""reise\"",\""ordinary\"",\""frende-reiseforsikring\"",\""2026-03-01\""]""]",false,false,NOT_RECOVERED,NOT_SPECIFIED,REGISTRY_BINDING_ONLY
8f18b77b8e8ae897,B-052,"[""GAP-1983"", ""GAP-2026""]","[""SF-2854"", ""SF-2909""]","[""[\""gjensidige\"",\""innbo\"",\""ordinary\"",\""gj-innbo\"",null]"", ""[\""gjensidige\"",\""innbo\"",\""ordinary\"",\""gj-innbo-pluss\"",null]""]",false,false,NOT_RECOVERED,NOT_SPECIFIED,REGISTRY_BINDING_ONLY
8f6487d71037dfc1,B-044,"[""GAP-1646"", ""GAP-1662"", ""GAP-1690""]","[""SF-2417"", ""SF-2437"", ""SF-2469""]","[""[\""frende\"",\""snøscooter\"",\""ordinary\"",\""frende-snoscooter-ansvar\"",\""2026-01-01\""]"", ""[\""frende\"",\""snøscooter\"",\""ordinary\"",\""frende-snoscooter-brann-og-tyveri\"",\""2026-01-01\""]"", ""[\""frende\"",\""snøscooter\"",\""ordinary\"",\""frende-snoscooter-kasko\"",\""2026-01-01\""]""]",false,false,NOT_RECOVERED,NOT_SPECIFIED,REGISTRY_BINDING_ONLY
8fdf8a0e31b4695d,B-165,"[""GAP-0883"", ""GAP-0939""]","[""SF-1357"", ""SF-1442""]","[""[\""storebrand\"",\""innbo\"",\""ordinary\"",\""sb-innbo-standard\"",\""innbo09\""]"", ""[\""storebrand\"",\""innbo\"",\""ordinary\"",\""sb-innbo-super\"",\""innbo09\""]""]",false,false,NOT_RECOVERED,NOT_SPECIFIED,REGISTRY_BINDING_ONLY
8fe65e91ce42dd25,B-168,"[""GAP-1068"", ""GAP-1120""]","[""SF-1643"", ""SF-1708""]","[""[\""storebrand\"",\""reise\"",\""ordinary\"",\""storebrand-reise-standard\"",\""2026-09-20-canonical\""]"", ""[\""storebrand\"",\""reise\"",\""ordinary\"",\""storebrand-reise-super\"",\""2026-09-20-canonical\""]""]",false,false,NOT_RECOVERED,NOT_SPECIFIED,REGISTRY_BINDING_ONLY
900ac46ae682d261,B-076,"[""GAP-0739"", ""GAP-0763"", ""GAP-0787""]","[""SF-1171"", ""SF-1199"", ""SF-1229""]","[""[\""storebrand\"",\""campingvogn\"",\""ordinary\"",\""storebrand-campingvogn-brann-og-tyveri\"",\""2026-03-01\""]"", ""[\""storebrand\"",\""campingvogn\"",\""ordinary\"",\""storebrand-campingvogn-kasko\"",\""2026-03-01\""]"", ""[\""storebrand\"",\""campingvogn\"",\""ordinary\"",\""storebrand-campingvogn-super\"",\""2026-03-01\""]""]",false,false,NOT_RECOVERED,NOT_SPECIFIED,REGISTRY_BINDING_ONLY
902297071ab9516b,B-042,"[""GAP-1470"", ""GAP-1498""]","[""SF-2150"", ""SF-2192""]","[""[\""frende\"",\""mc\"",\""ordinary\"",\""frende-mc-delkasko\"",\""2026-01-01\""]"", ""[\""frende\"",\""mc\"",\""ordinary\"",\""frende-mc-kasko\"",\""2026-01-01\""]""]",false,false,NOT_RECOVERED,NOT_SPECIFIED,REGISTRY_BINDING_ONLY
902343c38b4b4fbd,B-034,"[""GAP-1330"", ""GAP-1364"", ""GAP-1409""]","[""SF-1958"", ""SF-2001"", ""SF-2061""]","[""[\""frende\"",\""bil\"",\""ordinary\"",\""frende-bil-delkasko\"",\""2026-01-01\""]"", ""[\""frende\"",\""bil\"",\""ordinary\"",\""frende-bil-kasko\"",\""2026-01-01\""]"", ""[\""frende\"",\""bil\"",\""ordinary\"",\""frende-bil-utvidet\"",\""2026-01-01\""]""]",false,false,NOT_RECOVERED,NOT_SPECIFIED,REGISTRY_BINDING_ONLY
9035af5d863a6ed3,B-052,"[""GAP-2022"", ""GAP-2075""]","[""SF-2902"", ""SF-2972""]","[""[\""gjensidige\"",\""innbo\"",\""ordinary\"",\""gj-innbo\"",null]"", ""[\""gjensidige\"",\""innbo\"",\""ordinary\"",\""gj-innbo-pluss\"",null]""]",false,false,NOT_RECOVERED,NOT_SPECIFIED,REGISTRY_BINDING_ONLY
90715a1bb7aadf68,B-179,"[""GAP-4439""]","[""SF-6309""]","[""[\""tryg\"",\""innbo\"",\""ordinary\"",\""tryg-innbo-ekstra\"",\""2026-07-01\""]""]",false,false,NOT_RECOVERED,NOT_SPECIFIED,REGISTRY_BINDING_ONLY
90b991c629ca32cc,B-074,"[""GAP-0660"", ""GAP-0698""]","[""SF-1070"", ""SF-1120""]","[""[\""storebrand\"",\""bobil\"",\""ordinary\"",\""storebrand-bobil-kasko\"",\""motor09\""]"", ""[\""storebrand\"",\""bobil\"",\""ordinary\"",\""storebrand-bobil-super\"",\""motor09\""]""]",false,false,NOT_RECOVERED,NOT_SPECIFIED,REGISTRY_BINDING_ONLY
90d49006ef7999d3,B-051,"[""GAP-2105"", ""GAP-2164""]","[""SF-3018"", ""SF-3105""]","[""[\""gjensidige\"",\""bolig\"",\""ordinary\"",\""gjensidige-hus\"",\""Alminnelige vilkår\""]"", ""[\""gjensidige\"",\""bolig\"",\""ordinary\"",\""gjensidige-hus-pluss\"",\""Alminnelige vilkår\""]""]",false,false,NOT_RECOVERED,NOT_SPECIFIED,REGISTRY_BINDING_ONLY
9132251c30eb3313,B-038,"[""GAP-1272""]","[""SF-1888""]","[""[\""frende\"",\""hund\"",\""ordinary\"",\""frende-hund-veterin-r\"",\""2026-01-01\""]""]",false,false,NOT_RECOVERED,NOT_SPECIFIED,REGISTRY_BINDING_ONLY
91375b3834c1df04,B-039,"[""GAP-0304"", ""GAP-0320""]","[""SF-0533"", ""SF-0586""]","[""[\""frende\"",\""bolig\"",\""ordinary\"",\""frende-hus-standard\"",\""2026-09-01\""]"", ""[\""frende\"",\""bolig\"",\""ordinary\"",\""frende-hus-utvidet\"",\""2026-09-01\""]""]",false,false,NOT_RECOVERED,NOT_SPECIFIED,REGISTRY_BINDING_ONLY
91380a44ec7a5c94,B-162,"[""GAP-0150"", ""GAP-0217""]","[""SF-0272"", ""SF-0360""]","[""[\""storebrand\"",\""hund\"",\""ordinary\"",\""storebrand-hund-veterin-r\"",\""2025-02-01\""]"", ""[\""storebrand\"",\""hund\"",\""ordinary\"",\""storebrand-hund-veterin-r-og-d-dsfall\"",\""2025-02-01\""]""]",false,false,NOT_RECOVERED,NOT_SPECIFIED,REGISTRY_BINDING_ONLY
915d8280d15ca9e1,B-070,"[""GAP-5570""]","[""SF-7909""]","[""[\""sparebank1-fremtind\"",\""båt\"",\""ordinary\"",\""sparebank1-fremtind-bat-toppkasko\"",\""2024-06-10\""]""]",false,false,NOT_RECOVERED,NOT_SPECIFIED,REGISTRY_BINDING_ONLY
916d5cc04b0238b8,B-152,"[""GAP-5500"", ""GAP-5525"", ""GAP-5555""]","[""SF-7824"", ""SF-7856"", ""SF-7894""]","[""[\""sparebank1-fremtind\"",\""båt\"",\""ordinary\"",\""sparebank1-fremtind-bat-delkasko\"",\""2024-06-10\""]"", ""[\""sparebank1-fremtind\"",\""båt\"",\""ordinary\"",\""sparebank1-fremtind-bat-kasko\"",\""2024-06-10\""]"", ""[\""sparebank1-fremtind\"",\""båt\"",\""ordinary\"",\""sparebank1-fremtind-bat-toppkasko\"",\""2024-06-10\""]""]",false,false,NOT_RECOVERED,NOT_SPECIFIED,REGISTRY_BINDING_ONLY
917a075071922d39,B-047,"[""GAP-2405"", ""GAP-2428"", ""GAP-2467"", ""GAP-2507""]","[""SF-3452"", ""SF-3479"", ""SF-3525"", ""SF-3578""]","[""[\""gjensidige\"",\""bobil\"",\""ordinary\"",\""gjensidige-bobil-ansvar\"",null]"", ""[\""gjensidige\"",\""bobil\"",\""ordinary\"",\""gjensidige-bobil-delkasko\"",null]"", ""[\""gjensidige\"",\""bobil\"",\""ordinary\"",\""gjensidige-bobil-kasko\"",null]"", ""[\""gjensidige\"",\""bobil\"",\""ordinary\"",\""gjensidige-bobil-pluss\"",null]""]",false,false,NOT_RECOVERED,NOT_SPECIFIED,REGISTRY_BINDING_ONLY
9185682df9546c75,B-186,"[""GAP-4226"", ""GAP-4241""]","[""SF-6053"", ""SF-6074""]","[""[\""tryg\"",\""tilhenger\"",\""ordinary\"",\""tryg-tilhenger-brann-og-tyveri\"",\""2026-01-01\""]"", ""[\""tryg\"",\""tilhenger\"",\""ordinary\"",\""tryg-tilhenger-kasko\"",\""2026-01-01\""]""]",false,false,NOT_RECOVERED,NOT_SPECIFIED,REGISTRY_BINDING_ONLY
91a0a76ec9f7f4f7,B-162,"[""GAP-0193"", ""GAP-0204""]","[""SF-0326"", ""SF-0344""]","[""[\""storebrand\"",\""hund\"",\""ordinary\"",\""storebrand-hund-d-dsfall\"",\""2025-02-01\""]"", ""[\""storebrand\"",\""hund\"",\""ordinary\"",\""storebrand-hund-veterin-r-og-d-dsfall\"",\""2025-02-01\""]""]",false,false,NOT_RECOVERED,NOT_SPECIFIED,REGISTRY_BINDING_ONLY
91cb9562ee0727c6,B-035,"[""GAP-1555"", ""GAP-1583"", ""GAP-1617""]","[""SF-2285"", ""SF-2321"", ""SF-2371""]","[""[\""frende\"",\""bobil\"",\""ordinary\"",\""frende-bobil-delkasko\"",\""2026-01-01\""]"", ""[\""frende\"",\""bobil\"",\""ordinary\"",\""frende-bobil-kasko\"",\""2026-01-01\""]"", ""[\""frende\"",\""bobil\"",\""ordinary\"",\""frende-bobil-utvidet\"",\""2026-01-01\""]""]",false,false,NOT_RECOVERED,NOT_SPECIFIED,REGISTRY_BINDING_ONLY
91ee700b30cb9b32,B-082,"[""GAP-1085"", ""GAP-1137""]","[""SF-1662"", ""SF-1727""]","[""[\""storebrand\"",\""reise\"",\""ordinary\"",\""storebrand-reise-standard\"",\""2026-09-20-canonical\""]"", ""[\""storebrand\"",\""reise\"",\""ordinary\"",\""storebrand-reise-super\"",\""2026-09-20-canonical\""]""]",false,false,NOT_RECOVERED,NOT_SPECIFIED,REGISTRY_BINDING_ONLY
9206ff69e7dc8a83,B-063,"[""GAP-3547""]","[""SF-5071""]","[""[\""if\"",\""bolig\"",\""ordinary\"",\""if-hus-super\"",\""2023-09\""]""]",false,false,NOT_RECOVERED,NOT_SPECIFIED,REGISTRY_BINDING_ONLY
920ead562c2642b1,B-162,"[""GAP-0157"", ""GAP-0224""]","[""SF-0279"", ""SF-0367""]","[""[\""storebrand\"",\""hund\"",\""ordinary\"",\""storebrand-hund-veterin-r\"",\""2025-02-01\""]"", ""[\""storebrand\"",\""hund\"",\""ordinary\"",\""storebrand-hund-veterin-r-og-d-dsfall\"",\""2025-02-01\""]""]",false,false,NOT_RECOVERED,NOT_SPECIFIED,REGISTRY_BINDING_ONLY
9225ddac33cccb25,B-033,"[""GAP-4684"", ""GAP-4713"", ""GAP-4747""]","[""SF-6759"", ""SF-6793"", ""SF-6838""]","[""[\""dnb-fremtind\"",\""bil\"",\""ordinary\"",\""dnb-bil-delkasko\"",\""PMO-357.001-004\""]"", ""[\""dnb-fremtind\"",\""bil\"",\""ordinary\"",\""dnb-bil-kasko\"",\""PMO-357.001-004\""]"", ""[\""dnb-fremtind\"",\""bil\"",\""ordinary\"",\""dnb-bil-topp\"",\""PMO-357.001-004\""]""]",false,false,NOT_RECOVERED,NOT_SPECIFIED,REGISTRY_BINDING_ONLY
928df135033b0b3f,B-081,"[""GAP-0558"", ""GAP-0585""]","[""SF-0924"", ""SF-0962""]","[""[\""storebrand\"",\""mc\"",\""ordinary\"",\""storebrand-mc-delkasko\"",\""motor09\""]"", ""[\""storebrand\"",\""mc\"",\""ordinary\"",\""storebrand-mc-kasko\"",\""motor09\""]""]",false,false,NOT_RECOVERED,NOT_SPECIFIED,REGISTRY_BINDING_ONLY
9296e4fcc6c88b40,B-167,"[""GAP-0570"", ""GAP-0598""]","[""SF-0944"", ""SF-0984""]","[""[\""storebrand\"",\""mc\"",\""ordinary\"",\""storebrand-mc-delkasko\"",\""motor09\""]"", ""[\""storebrand\"",\""mc\"",\""ordinary\"",\""storebrand-mc-kasko\"",\""motor09\""]""]",false,false,NOT_RECOVERED,NOT_SPECIFIED,REGISTRY_BINDING_ONLY
92aa9604dde9fa91,B-055,"[""GAP-2215"", ""GAP-2261""]","[""SF-3183"", ""SF-3258""]","[""[\""gjensidige\"",\""reise\"",\""ordinary\"",\""gjensidige-reise\"",\""2026-09-20-canonical\""]"", ""[\""gjensidige\"",\""reise\"",\""ordinary\"",\""gjensidige-reise-pluss\"",\""2026-09-20-canonical\""]""]",false,false,NOT_RECOVERED,NOT_SPECIFIED,REGISTRY_BINDING_ONLY
92adaa47f30601be,B-119,"[""GAP-1682"", ""GAP-1712""]","[""SF-2458"", ""SF-2492""]","[""[\""frende\"",\""snøscooter\"",\""ordinary\"",\""frende-snoscooter-brann-og-tyveri\"",\""2026-01-01\""]"", ""[\""frende\"",\""snøscooter\"",\""ordinary\"",\""frende-snoscooter-kasko\"",\""2026-01-01\""]""]",false,false,NOT_RECOVERED,NOT_SPECIFIED,REGISTRY_BINDING_ONLY
9350fda528c53d7f,B-033,"[""GAP-4950"", ""GAP-4986""]","[""SF-7097"", ""SF-7148""]","[""[\""fremtind\"",\""bil\"",\""ordinary\"",\""fremtind-bil-kasko\"",\""PMO-357.001-004\""]"", ""[\""fremtind\"",\""bil\"",\""ordinary\"",\""fremtind-bil-topp\"",\""PMO-357.001-004\""]""]",false,false,NOT_RECOVERED,NOT_SPECIFIED,REGISTRY_BINDING_ONLY
9371f540421d419e,B-036,"[""GAP-1219""]","[""SF-1827""]","[""[\""frende\"",\""båt\"",\""ordinary\"",\""frende-bat-utvidet\"",\""2026-01-01\""]""]",false,false,NOT_RECOVERED,NOT_SPECIFIED,REGISTRY_BINDING_ONLY
9377e3e834ad4cdb,B-079,"[""GAP-0861"", ""GAP-0907""]","[""SF-1332"", ""SF-1402""]","[""[\""storebrand\"",\""innbo\"",\""ordinary\"",\""sb-innbo-standard\"",\""innbo09\""]"", ""[\""storebrand\"",\""innbo\"",\""ordinary\"",\""sb-innbo-super\"",\""innbo09\""]""]",false,false,NOT_RECOVERED,NOT_SPECIFIED,REGISTRY_BINDING_ONLY
93bc245302ac39ea,B-033,"[""GAP-4909"", ""GAP-4938"", ""GAP-4976""]","[""SF-7050"", ""SF-7084"", ""SF-7137""]","[""[\""fremtind\"",\""bil\"",\""ordinary\"",\""fremtind-bil-delkasko\"",\""PMO-357.001-004\""]"", ""[\""fremtind\"",\""bil\"",\""ordinary\"",\""fremtind-bil-kasko\"",\""PMO-357.001-004\""]"", ""[\""fremtind\"",\""bil\"",\""ordinary\"",\""fremtind-bil-topp\"",\""PMO-357.001-004\""]""]",false,false,NOT_RECOVERED,NOT_SPECIFIED,REGISTRY_BINDING_ONLY
941cd4c6ca782e17,B-103,"[""GAP-5009"", ""GAP-5041""]","[""SF-7188"", ""SF-7226""]","[""[\""fremtind\"",\""innbo\"",\""ordinary\"",\""fremtind-innbo-standard\"",\""2025-01-01\""]"", ""[\""fremtind\"",\""innbo\"",\""ordinary\"",\""fremtind-innbo-topp\"",\""2025-01-01\""]""]",false,false,NOT_RECOVERED,NOT_SPECIFIED,REGISTRY_BINDING_ONLY
944ceeea4eed7c21,B-046,"[""GAP-1908"", ""GAP-1956""]","[""SF-2752"", ""SF-2817""]","[""[\""gjensidige\"",\""bil\"",\""ordinary\"",\""gj-bil-kasko\"",null]"", ""[\""gjensidige\"",\""bil\"",\""ordinary\"",\""gj-bil-pluss\"",null]""]",false,false,NOT_RECOVERED,NOT_SPECIFIED,REGISTRY_BINDING_ONLY
9456fea1592198c6,B-035,"[""GAP-1554"", ""GAP-1582"", ""GAP-1616""]","[""SF-2283"", ""SF-2319"", ""SF-2369""]","[""[\""frende\"",\""bobil\"",\""ordinary\"",\""frende-bobil-delkasko\"",\""2026-01-01\""]"", ""[\""frende\"",\""bobil\"",\""ordinary\"",\""frende-bobil-kasko\"",\""2026-01-01\""]"", ""[\""frende\"",\""bobil\"",\""ordinary\"",\""frende-bobil-utvidet\"",\""2026-01-01\""]""]",false,false,NOT_RECOVERED,NOT_SPECIFIED,REGISTRY_BINDING_ONLY
9474653a22a7f3b8,B-149,"[""GAP-3560"", ""GAP-3598"", ""GAP-3639""]","[""SF-5094"", ""SF-5158"", ""SF-5225""]","[""[\""if\"",\""reise\"",\""ordinary\"",\""if-reise-basis\"",\""2026-09-20-canonical\""]"", ""[\""if\"",\""reise\"",\""ordinary\"",\""if-reise-standard\"",\""2026-09-20-canonical\""]"", ""[\""if\"",\""reise\"",\""ordinary\"",\""if-reise-super\"",\""2026-09-20-canonical\""]""]",false,false,NOT_RECOVERED,NOT_SPECIFIED,REGISTRY_BINDING_ONLY
94896027c34a4d0a,B-159,"[""GAP-0621"", ""GAP-0646"", ""GAP-0684"", ""GAP-0728""]","[""SF-1011"", ""SF-1046"", ""SF-1096"", ""SF-1156""]","[""[\""storebrand\"",\""bobil\"",\""ordinary\"",\""storebrand-bobil-ansvar\"",\""motor09\""]"", ""[\""storebrand\"",\""bobil\"",\""ordinary\"",\""storebrand-bobil-delkasko\"",\""motor09\""]"", ""[\""storebrand\"",\""bobil\"",\""ordinary\"",\""storebrand-bobil-kasko\"",\""motor09\""]"", ""[\""storebrand\"",\""bobil\"",\""ordinary\"",\""storebrand-bobil-super\"",\""motor09\""]""]",false,false,NOT_RECOVERED,NOT_SPECIFIED,REGISTRY_BINDING_ONLY
9499657835ae56a0,B-036,"[""GAP-1195"", ""GAP-1232""]","[""SF-1798"", ""SF-1840""]","[""[\""frende\"",\""båt\"",\""ordinary\"",\""frende-bat-kasko\"",\""2026-01-01\""]"", ""[\""frende\"",\""båt\"",\""ordinary\"",\""frende-bat-utvidet\"",\""2026-01-01\""]""]",false,false,NOT_RECOVERED,NOT_SPECIFIED,REGISTRY_BINDING_ONLY
94a6571e0963ef9e,B-068,"[""GAP-3165"", ""GAP-3178"", ""GAP-3201""]","[""SF-4474"", ""SF-4490"", ""SF-4520""]","[""[\""if\"",\""snøscooter\"",\""ordinary\"",\""if-snoscooter-ansvar\"",\""2024-03\""]"", ""[\""if\"",\""snøscooter\"",\""ordinary\"",\""if-snoscooter-delkasko\"",\""2024-03\""]"", ""[\""if\"",\""snøscooter\"",\""ordinary\"",\""if-snoscooter-kasko\"",\""2024-03\""]""]",false,false,NOT_RECOVERED,NOT_SPECIFIED,REGISTRY_BINDING_ONLY
94aa9dac17c8bb36,B-082,"[""GAP-1142""]","[""SF-1733""]","[""[\""storebrand\"",\""reise\"",\""ordinary\"",\""storebrand-reise-super\"",\""2026-09-20-canonical\""]""]",false,false,NOT_RECOVERED,NOT_SPECIFIED,REGISTRY_BINDING_ONLY
951c941d72ee54fa,B-043,"[""GAP-0340""]","[""SF-0637""]","[""[\""frende\"",\""reise\"",\""ordinary\"",\""frende-reiseforsikring\"",\""2026-03-01\""]""]",false,false,NOT_RECOVERED,NOT_SPECIFIED,REGISTRY_BINDING_ONLY
9534792b688d7e5a,B-060,"[""GAP-3692"", ""GAP-3732""]","[""SF-5298"", ""SF-5343""]","[""[\""if\"",\""båt\"",\""ordinary\"",\""if-bat-kasko\"",\""2023-02-01\""]"", ""[\""if\"",\""båt\"",\""ordinary\"",\""if-bat-super\"",\""2023-02-01\""]""]",false,false,NOT_RECOVERED,NOT_SPECIFIED,REGISTRY_BINDING_ONLY
953bc0965e5ae8d4,B-160,"[""GAP-5638"", ""GAP-5660"", ""GAP-5683""]","[""SF-7989"", ""SF-8015"", ""SF-8042""]","[""[\""storebrand\"",\""båt\"",\""ordinary\"",\""storebrand-bat-delkasko\"",\""2024-09-01\""]"", ""[\""storebrand\"",\""båt\"",\""ordinary\"",\""storebrand-bat-kasko\"",\""2024-09-01\""]"", ""[\""storebrand\"",\""båt\"",\""ordinary\"",\""storebrand-bat-super\"",\""2024-09-01\""]""]",false,false,NOT_RECOVERED,NOT_SPECIFIED,REGISTRY_BINDING_ONLY
954397cc66be4cd0,B-078,"[""GAP-0953"", ""GAP-0999""]","[""SF-1474"", ""SF-1546""]","[""[\""storebrand\"",\""bolig\"",\""ordinary\"",\""storebrand-hus-standard\"",\""2025-08-15\""]"", ""[\""storebrand\"",\""bolig\"",\""ordinary\"",\""storebrand-hus-super\"",\""2025-08-15\""]""]",false,false,NOT_RECOVERED,NOT_SPECIFIED,REGISTRY_BINDING_ONLY
95fbe6e11b081f3a,B-074,"[""GAP-0616"", ""GAP-0641"", ""GAP-0679"", ""GAP-0723""]","[""SF-1006"", ""SF-1041"", ""SF-1091"", ""SF-1151""]","[""[\""storebrand\"",\""bobil\"",\""ordinary\"",\""storebrand-bobil-ansvar\"",\""motor09\""]"", ""[\""storebrand\"",\""bobil\"",\""ordinary\"",\""storebrand-bobil-delkasko\"",\""motor09\""]"", ""[\""storebrand\"",\""bobil\"",\""ordinary\"",\""storebrand-bobil-kasko\"",\""motor09\""]"", ""[\""storebrand\"",\""bobil\"",\""ordinary\"",\""storebrand-bobil-super\"",\""motor09\""]""]",false,false,NOT_RECOVERED,NOT_SPECIFIED,REGISTRY_BINDING_ONLY
961ecb8641a9e479,B-174,"[""GAP-4044""]","[""SF-5797""]","[""[\""tryg\"",\""bobil\"",\""ordinary\"",\""tryg-bobil-delkasko\"",\""2026-01-01\""]""]",false,false,NOT_RECOVERED,NOT_SPECIFIED,REGISTRY_BINDING_ONLY
962b2f342d12664a,B-078,"[""GAP-0951"", ""GAP-0997""]","[""SF-1472"", ""SF-1544""]","[""[\""storebrand\"",\""bolig\"",\""ordinary\"",\""storebrand-hus-standard\"",\""2025-08-15\""]"", ""[\""storebrand\"",\""bolig\"",\""ordinary\"",\""storebrand-hus-super\"",\""2025-08-15\""]""]",false,false,NOT_RECOVERED,NOT_SPECIFIED,REGISTRY_BINDING_ONLY
966bd552a60c101a,B-105,"[""GAP-5170""]","[""SF-7402""]","[""[\""fremtind\"",\""reise\"",\""ordinary\"",\""fremtind-reise\"",\""PRE-450.200-015\""]""]",false,false,NOT_RECOVERED,NOT_SPECIFIED,REGISTRY_BINDING_ONLY
96cc99cbc81848cb,B-090,"[""GAP-4437""]","[""SF-6307""]","[""[\""tryg\"",\""innbo\"",\""ordinary\"",\""tryg-innbo-ekstra\"",\""2026-07-01\""]""]",false,false,NOT_RECOVERED,NOT_SPECIFIED,REGISTRY_BINDING_ONLY
97207d48d4f90e06,B-131,"[""GAP-2015"", ""GAP-2068""]","[""SF-2895"", ""SF-2965""]","[""[\""gjensidige\"",\""innbo\"",\""ordinary\"",\""gj-innbo\"",null]"", ""[\""gjensidige\"",\""innbo\"",\""ordinary\"",\""gj-innbo-pluss\"",null]""]",false,false,NOT_RECOVERED,NOT_SPECIFIED,REGISTRY_BINDING_ONLY
976a9706cfeadfe7,B-079,"[""GAP-0881"", ""GAP-0937""]","[""SF-1355"", ""SF-1440""]","[""[\""storebrand\"",\""innbo\"",\""ordinary\"",\""sb-innbo-standard\"",\""innbo09\""]"", ""[\""storebrand\"",\""innbo\"",\""ordinary\"",\""sb-innbo-super\"",\""innbo09\""]""]",false,false,NOT_RECOVERED,NOT_SPECIFIED,REGISTRY_BINDING_ONLY
97ee53528ceb9f55,B-160,"[""GAP-5635""]","[""SF-7986""]","[""[\""storebrand\"",\""båt\"",\""ordinary\"",\""storebrand-bat-delkasko\"",\""2024-09-01\""]""]",false,false,NOT_RECOVERED,NOT_SPECIFIED,REGISTRY_BINDING_ONLY
980b20fa16f7202f,B-131,"[""GAP-2011"", ""GAP-2064""]","[""SF-2891"", ""SF-2961""]","[""[\""gjensidige\"",\""innbo\"",\""ordinary\"",\""gj-innbo\"",null]"", ""[\""gjensidige\"",\""innbo\"",\""ordinary\"",\""gj-innbo-pluss\"",null]""]",false,false,NOT_RECOVERED,NOT_SPECIFIED,REGISTRY_BINDING_ONLY
9819da1aafd6da58,B-034,"[""GAP-1314"", ""GAP-1348"", ""GAP-1392"", ""GAP-1436""]","[""SF-1939"", ""SF-1981"", ""SF-2040"", ""SF-2102""]","[""[\""frende\"",\""bil\"",\""ordinary\"",\""frende-bil-ansvar\"",\""2026-01-01\""]"", ""[\""frende\"",\""bil\"",\""ordinary\"",\""frende-bil-delkasko\"",\""2026-01-01\""]"", ""[\""frende\"",\""bil\"",\""ordinary\"",\""frende-bil-kasko\"",\""2026-01-01\""]"", ""[\""frende\"",\""bil\"",\""ordinary\"",\""frende-bil-utvidet\"",\""2026-01-01\""]""]",false,false,NOT_RECOVERED,NOT_SPECIFIED,REGISTRY_BINDING_ONLY
987d506a33833301,B-162,"[""GAP-0199"", ""GAP-0234""]","[""SF-0336"", ""SF-0381""]","[""[\""storebrand\"",\""hund\"",\""ordinary\"",\""storebrand-hund-d-dsfall\"",\""2025-02-01\""]"", ""[\""storebrand\"",\""hund\"",\""ordinary\"",\""storebrand-hund-veterin-r-og-d-dsfall\"",\""2025-02-01\""]""]",false,false,NOT_RECOVERED,NOT_SPECIFIED,REGISTRY_BINDING_ONLY
9888574e7aee9552,B-179,"[""GAP-4394"", ""GAP-4423""]","[""SF-6250"", ""SF-6291""]","[""[\""tryg\"",\""innbo\"",\""ordinary\"",\""tryg-innbo\"",\""2026-07-01\""]"", ""[\""tryg\"",\""innbo\"",\""ordinary\"",\""tryg-innbo-ekstra\"",\""2026-07-01\""]""]",false,false,NOT_RECOVERED,NOT_SPECIFIED,REGISTRY_BINDING_ONLY
988ec459389b20ed,B-092,"[""GAP-3960"", ""GAP-3978"", ""GAP-3998"", ""GAP-4019""]","[""SF-5670"", ""SF-5696"", ""SF-5723"", ""SF-5757""]","[""[\""tryg\"",\""mc\"",\""ordinary\"",\""tryg-mc-ansvar\"",\""2026-07-01\""]"", ""[\""tryg\"",\""mc\"",\""ordinary\"",\""tryg-mc-delkasko\"",\""2026-01-01\""]"", ""[\""tryg\"",\""mc\"",\""ordinary\"",\""tryg-mc-kasko\"",\""2026-07-01\""]"", ""[\""tryg\"",\""mc\"",\""ordinary\"",\""tryg-mc-mc-ekstra\"",\""2026-07-01\""]""]",false,false,NOT_RECOVERED,NOT_SPECIFIED,REGISTRY_BINDING_ONLY
98b523bd5d003ef7,B-054,"[""GAP-2335"", ""GAP-2378""]","[""SF-3365"", ""SF-3416""]","[""[\""gjensidige\"",\""mc\"",\""ordinary\"",\""gjensidige-mc-delkasko\"",null]"", ""[\""gjensidige\"",\""mc\"",\""ordinary\"",\""gjensidige-mc-kasko\"",null]""]",false,false,NOT_RECOVERED,NOT_SPECIFIED,REGISTRY_BINDING_ONLY
992d9a036f76127f,B-036,"[""GAP-1190"", ""GAP-1227""]","[""SF-1793"", ""SF-1835""]","[""[\""frende\"",\""båt\"",\""ordinary\"",\""frende-bat-kasko\"",\""2026-01-01\""]"", ""[\""frende\"",\""båt\"",\""ordinary\"",\""frende-bat-utvidet\"",\""2026-01-01\""]""]",false,false,NOT_RECOVERED,NOT_SPECIFIED,REGISTRY_BINDING_ONLY
9974566ce65608f4,B-153,"[""GAP-5501"", ""GAP-5526"", ""GAP-5556""]","[""SF-7825"", ""SF-7857"", ""SF-7895""]","[""[\""sparebank1-fremtind\"",\""båt\"",\""ordinary\"",\""sparebank1-fremtind-bat-delkasko\"",\""2024-06-10\""]"", ""[\""sparebank1-fremtind\"",\""båt\"",\""ordinary\"",\""sparebank1-fremtind-bat-kasko\"",\""2024-06-10\""]"", ""[\""sparebank1-fremtind\"",\""båt\"",\""ordinary\"",\""sparebank1-fremtind-bat-toppkasko\"",\""2024-06-10\""]""]",false,false,NOT_RECOVERED,NOT_SPECIFIED,REGISTRY_BINDING_ONLY
9982e557410b02ce,B-139,"[""GAP-2965"", ""GAP-2982"", ""GAP-3002""]","[""SF-4137"", ""SF-4166"", ""SF-4205""]","[""[\""if\"",\""bil\"",\""ordinary\"",\""if-bil-delkasko\"",\""MOT2-2\""]"", ""[\""if\"",\""bil\"",\""ordinary\"",\""if-bil-kasko\"",\""MOT2-2\""]"", ""[\""if\"",\""bil\"",\""ordinary\"",\""if-bil-super\"",\""MOT2-2\""]""]",false,false,NOT_RECOVERED,NOT_SPECIFIED,REGISTRY_BINDING_ONLY
99831bbae3805bfb,B-090,"[""GAP-4407""]","[""SF-6267""]","[""[\""tryg\"",\""innbo\"",\""ordinary\"",\""tryg-innbo\"",\""2026-07-01\""]""]",false,false,NOT_RECOVERED,NOT_SPECIFIED,REGISTRY_BINDING_ONLY
998fe4450716f4e4,B-203,"[""GAP-4490""]","[""SF-6477""]","[""[\""tryg\"",\""reise\"",\""ordinary\"",\""tryg-reise-ekstra\"",\""2026-09-20-canonical\""]""]",false,false,NOT_RECOVERED,NOT_SPECIFIED,REGISTRY_BINDING_ONLY
99c87c51318645c1,B-089,"[""GAP-0001""]","[""SF-0001""]","[""[\""tryg\"",\""hund\"",\""ordinary\"",\""tryg-hund-behandling\"",\""2026-09-01\""]""]",false,false,NOT_RECOVERED,NOT_SPECIFIED,REGISTRY_BINDING_ONLY
9a64ae9fba346641,B-128,"[""GAP-2898""]","[""SF-4050""]","[""[\""gjensidige\"",\""hund\"",\""ordinary\"",\""gjensidige-hund-behandling\"",null]""]",false,false,NOT_RECOVERED,NOT_SPECIFIED,REGISTRY_BINDING_ONLY
9a6b30e9b4042368,B-055,"[""GAP-2201"", ""GAP-2246""]","[""SF-3166"", ""SF-3241""]","[""[\""gjensidige\"",\""reise\"",\""ordinary\"",\""gjensidige-reise\"",\""2026-09-20-canonical\""]"", ""[\""gjensidige\"",\""reise\"",\""ordinary\"",\""gjensidige-reise-pluss\"",\""2026-09-20-canonical\""]""]",false,false,NOT_RECOVERED,NOT_SPECIFIED,REGISTRY_BINDING_ONLY
9a71ff5aad675d55,B-160,"[""GAP-5636"", ""GAP-5658"", ""GAP-5681""]","[""SF-7987"", ""SF-8013"", ""SF-8040""]","[""[\""storebrand\"",\""båt\"",\""ordinary\"",\""storebrand-bat-delkasko\"",\""2024-09-01\""]"", ""[\""storebrand\"",\""båt\"",\""ordinary\"",\""storebrand-bat-kasko\"",\""2024-09-01\""]"", ""[\""storebrand\"",\""båt\"",\""ordinary\"",\""storebrand-bat-super\"",\""2024-09-01\""]""]",false,false,NOT_RECOVERED,NOT_SPECIFIED,REGISTRY_BINDING_ONLY
9aa7aaa5f6cbce90,B-078,"[""GAP-0987"", ""GAP-1041""]","[""SF-1522"", ""SF-1605""]","[""[\""storebrand\"",\""bolig\"",\""ordinary\"",\""storebrand-hus-standard\"",\""2025-08-15\""]"", ""[\""storebrand\"",\""bolig\"",\""ordinary\"",\""storebrand-hus-super\"",\""2025-08-15\""]""]",false,false,NOT_RECOVERED,NOT_SPECIFIED,REGISTRY_BINDING_ONLY
9aeca9feb44a1c6a,B-168,"[""GAP-1075"", ""GAP-1127""]","[""SF-1650"", ""SF-1715""]","[""[\""storebrand\"",\""reise\"",\""ordinary\"",\""storebrand-reise-standard\"",\""2026-09-20-canonical\""]"", ""[\""storebrand\"",\""reise\"",\""ordinary\"",\""storebrand-reise-super\"",\""2026-09-20-canonical\""]""]",false,false,NOT_RECOVERED,NOT_SPECIFIED,REGISTRY_BINDING_ONLY
9afc9b8fb2557a43,B-076,"[""GAP-0794""]","[""SF-1240""]","[""[\""storebrand\"",\""campingvogn\"",\""ordinary\"",\""storebrand-campingvogn-super\"",\""2026-03-01\""]""]",false,false,NOT_RECOVERED,NOT_SPECIFIED,REGISTRY_BINDING_ONLY
9b512737ec3d084a,B-035,"[""GAP-1587""]","[""SF-2326""]","[""[\""frende\"",\""bobil\"",\""ordinary\"",\""frende-bobil-kasko\"",\""2026-01-01\""]""]",false,false,NOT_RECOVERED,NOT_SPECIFIED,REGISTRY_BINDING_ONLY
9b7a2ea97f30d150,B-149,"[""GAP-3562"", ""GAP-3600"", ""GAP-3641""]","[""SF-5096"", ""SF-5160"", ""SF-5227""]","[""[\""if\"",\""reise\"",\""ordinary\"",\""if-reise-basis\"",\""2026-09-20-canonical\""]"", ""[\""if\"",\""reise\"",\""ordinary\"",\""if-reise-standard\"",\""2026-09-20-canonical\""]"", ""[\""if\"",\""reise\"",\""ordinary\"",\""if-reise-super\"",\""2026-09-20-canonical\""]""]",false,false,NOT_RECOVERED,NOT_SPECIFIED,REGISTRY_BINDING_ONLY
9ba9a11a948f1bd9,B-162,"[""GAP-0149"", ""GAP-0216""]","[""SF-0271"", ""SF-0359""]","[""[\""storebrand\"",\""hund\"",\""ordinary\"",\""storebrand-hund-veterin-r\"",\""2025-02-01\""]"", ""[\""storebrand\"",\""hund\"",\""ordinary\"",\""storebrand-hund-veterin-r-og-d-dsfall\"",\""2025-02-01\""]""]",false,false,NOT_RECOVERED,NOT_SPECIFIED,REGISTRY_BINDING_ONLY
9bc1828a46262dce,B-073,"[""GAP-0364"", ""GAP-0389"", ""GAP-0428""]","[""SF-0683"", ""SF-0720"", ""SF-0771""]","[""[\""storebrand\"",\""bil\"",\""ordinary\"",\""sb-bil-delkasko\"",\""motor09\""]"", ""[\""storebrand\"",\""bil\"",\""ordinary\"",\""sb-bil-kasko\"",\""motor09\""]"", ""[\""storebrand\"",\""bil\"",\""ordinary\"",\""sb-bil-super\"",\""motor09\""]""]",false,false,NOT_RECOVERED,NOT_SPECIFIED,REGISTRY_BINDING_ONLY
9be3129c2e504074,B-081,"[""GAP-0542"", ""GAP-0557"", ""GAP-0584""]","[""SF-0904"", ""SF-0923"", ""SF-0961""]","[""[\""storebrand\"",\""mc\"",\""ordinary\"",\""storebrand-mc-ansvar\"",\""motor09\""]"", ""[\""storebrand\"",\""mc\"",\""ordinary\"",\""storebrand-mc-delkasko\"",\""motor09\""]"", ""[\""storebrand\"",\""mc\"",\""ordinary\"",\""storebrand-mc-kasko\"",\""motor09\""]""]",false,false,NOT_RECOVERED,NOT_SPECIFIED,REGISTRY_BINDING_ONLY
9bfa43ab150348d8,B-080,"[""GAP-0173"", ""GAP-0253""]","[""SF-0302"", ""SF-0414""]","[""[\""storebrand\"",\""katt\"",\""ordinary\"",\""storebrand-katt-veterin-r\"",\""2025-02-01\""]"", ""[\""storebrand\"",\""katt\"",\""ordinary\"",\""storebrand-katt-veterin-r-og-d-dsfall\"",\""2025-02-01\""]""]",false,false,NOT_RECOVERED,NOT_SPECIFIED,REGISTRY_BINDING_ONLY
9c1bcb9da35fbde6,B-082,"[""GAP-1053"", ""GAP-1105""]","[""SF-1623"", ""SF-1688""]","[""[\""storebrand\"",\""reise\"",\""ordinary\"",\""storebrand-reise-standard\"",\""2026-09-20-canonical\""]"", ""[\""storebrand\"",\""reise\"",\""ordinary\"",\""storebrand-reise-super\"",\""2026-09-20-canonical\""]""]",false,false,NOT_RECOVERED,NOT_SPECIFIED,REGISTRY_BINDING_ONLY
9c39d12adfb0c46d,B-154,"[""GAP-5606""]","[""SF-7950""]","[""[\""sparebank1-fremtind\"",\""hund\"",\""ordinary\"",\""sparebank1-fremtind-hund-veterin-r\"",\""2025-08-07\""]""]",false,false,NOT_RECOVERED,NOT_SPECIFIED,REGISTRY_BINDING_ONLY
9c49379ec6af0f88,B-103,"[""GAP-5001"", ""GAP-5033""]","[""SF-7176"", ""SF-7214""]","[""[\""fremtind\"",\""innbo\"",\""ordinary\"",\""fremtind-innbo-standard\"",\""2025-01-01\""]"", ""[\""fremtind\"",\""innbo\"",\""ordinary\"",\""fremtind-innbo-topp\"",\""2025-01-01\""]""]",false,false,NOT_RECOVERED,NOT_SPECIFIED,REGISTRY_BINDING_ONLY
9c95eb2b5925f713,B-053,"[""GAP-2913""]","[""SF-4067""]","[""[\""gjensidige\"",\""katt\"",\""ordinary\"",\""gjensidige-katt-behandling\"",null]""]",false,false,NOT_RECOVERED,NOT_SPECIFIED,REGISTRY_BINDING_ONLY
9cc8a2795a22dda6,B-162,"[""GAP-0143"", ""GAP-0210""]","[""SF-0265"", ""SF-0353""]","[""[\""storebrand\"",\""hund\"",\""ordinary\"",\""storebrand-hund-veterin-r\"",\""2025-02-01\""]"", ""[\""storebrand\"",\""hund\"",\""ordinary\"",\""storebrand-hund-veterin-r-og-d-dsfall\"",\""2025-02-01\""]""]",false,false,NOT_RECOVERED,NOT_SPECIFIED,REGISTRY_BINDING_ONLY
9cd74654919de0dc,B-073,"[""GAP-0394""]","[""SF-0727""]","[""[\""storebrand\"",\""bil\"",\""ordinary\"",\""sb-bil-kasko\"",\""motor09\""]""]",false,false,NOT_RECOVERED,NOT_SPECIFIED,REGISTRY_BINDING_ONLY
9cffd8ec76fcbe10,B-082,"[""GAP-1046"", ""GAP-1098""]","[""SF-1615"", ""SF-1680""]","[""[\""storebrand\"",\""reise\"",\""ordinary\"",\""storebrand-reise-standard\"",\""2026-09-20-canonical\""]"", ""[\""storebrand\"",\""reise\"",\""ordinary\"",\""storebrand-reise-super\"",\""2026-09-20-canonical\""]""]",false,false,NOT_RECOVERED,NOT_SPECIFIED,REGISTRY_BINDING_ONLY
9d297a3f2e24360f,B-070,"[""GAP-5494""]","[""SF-7817""]","[""[\""sparebank1-fremtind\"",\""båt\"",\""ordinary\"",\""sparebank1-fremtind-bat-delkasko\"",\""2024-06-10\""]""]",false,false,NOT_RECOVERED,NOT_SPECIFIED,REGISTRY_BINDING_ONLY
9daee7b905c9663a,B-078,"[""GAP-0945"", ""GAP-0991""]","[""SF-1459"", ""SF-1531""]","[""[\""storebrand\"",\""bolig\"",\""ordinary\"",\""storebrand-hus-standard\"",\""2025-08-15\""]"", ""[\""storebrand\"",\""bolig\"",\""ordinary\"",\""storebrand-hus-super\"",\""2025-08-15\""]""]",false,false,NOT_RECOVERED,NOT_SPECIFIED,REGISTRY_BINDING_ONLY
9ddfe6bea0ef30e5,B-086,"[""GAP-4064"", ""GAP-4085""]","[""SF-5830"", ""SF-5866""]","[""[\""tryg\"",\""bobil\"",\""ordinary\"",\""tryg-bobil-bobil-ekstra\"",\""2026-07-01\""]"", ""[\""tryg\"",\""bobil\"",\""ordinary\"",\""tryg-bobil-kasko\"",\""2026-01-01\""]""]",false,false,NOT_RECOVERED,NOT_SPECIFIED,REGISTRY_BINDING_ONLY
9e40aabb7ed11744,B-049,"[""GAP-2693""]","[""SF-3814""]","[""[\""gjensidige\"",\""campingvogn\"",\""ordinary\"",\""gjensidige-campingvogn-pluss\"",null]""]",false,false,NOT_RECOVERED,NOT_SPECIFIED,REGISTRY_BINDING_ONLY
9e575faf278d6839,B-177,"[""GAP-4361""]","[""SF-6213""]","[""[\""tryg\"",\""hund\"",\""ordinary\"",\""tryg-hund-behandling\"",\""2026-09-01\""]""]",false,false,NOT_RECOVERED,NOT_SPECIFIED,REGISTRY_BINDING_ONLY
9e826db1921fb507,B-168,"[""GAP-1084"", ""GAP-1136""]","[""SF-1661"", ""SF-1726""]","[""[\""storebrand\"",\""reise\"",\""ordinary\"",\""storebrand-reise-standard\"",\""2026-09-20-canonical\""]"", ""[\""storebrand\"",\""reise\"",\""ordinary\"",\""storebrand-reise-super\"",\""2026-09-20-canonical\""]""]",false,false,NOT_RECOVERED,NOT_SPECIFIED,REGISTRY_BINDING_ONLY
9e8d1a441f36b8bf,B-035,"[""GAP-1538"", ""GAP-1566"", ""GAP-1600"", ""GAP-1632""]","[""SF-2263"", ""SF-2299"", ""SF-2349"", ""SF-2399""]","[""[\""frende\"",\""bobil\"",\""ordinary\"",\""frende-bobil-ansvar\"",\""2026-01-01\""]"", ""[\""frende\"",\""bobil\"",\""ordinary\"",\""frende-bobil-delkasko\"",\""2026-01-01\""]"", ""[\""frende\"",\""bobil\"",\""ordinary\"",\""frende-bobil-kasko\"",\""2026-01-01\""]"", ""[\""frende\"",\""bobil\"",\""ordinary\"",\""frende-bobil-utvidet\"",\""2026-01-01\""]""]",false,false,NOT_RECOVERED,NOT_SPECIFIED,REGISTRY_BINDING_ONLY
9e9c585894b2fd1b,B-079,"[""GAP-0867"", ""GAP-0913""]","[""SF-1338"", ""SF-1408""]","[""[\""storebrand\"",\""innbo\"",\""ordinary\"",\""sb-innbo-standard\"",\""innbo09\""]"", ""[\""storebrand\"",\""innbo\"",\""ordinary\"",\""sb-innbo-super\"",\""innbo09\""]""]",false,false,NOT_RECOVERED,NOT_SPECIFIED,REGISTRY_BINDING_ONLY
9eddcd280572f31e,B-070,"[""GAP-5567""]","[""SF-7906""]","[""[\""sparebank1-fremtind\"",\""båt\"",\""ordinary\"",\""sparebank1-fremtind-bat-toppkasko\"",\""2024-06-10\""]""]",false,false,NOT_RECOVERED,NOT_SPECIFIED,REGISTRY_BINDING_ONLY
9edf8628d608cdfe,B-048,"[""GAP-2762"", ""GAP-2804"", ""GAP-2858""]","[""SF-3897"", ""SF-3944"", ""SF-4004""]","[""[\""gjensidige\"",\""båt\"",\""ordinary\"",\""gjensidige-bat-delkasko\"",null]"", ""[\""gjensidige\"",\""båt\"",\""ordinary\"",\""gjensidige-bat-kasko\"",null]"", ""[\""gjensidige\"",\""båt\"",\""ordinary\"",\""gjensidige-bat-pluss\"",null]""]",false,false,NOT_RECOVERED,NOT_SPECIFIED,REGISTRY_BINDING_ONLY
9ee141a4400dfb3c,B-159,"[""GAP-0635"", ""GAP-0673"", ""GAP-0717""]","[""SF-1034"", ""SF-1084"", ""SF-1144""]","[""[\""storebrand\"",\""bobil\"",\""ordinary\"",\""storebrand-bobil-delkasko\"",\""motor09\""]"", ""[\""storebrand\"",\""bobil\"",\""ordinary\"",\""storebrand-bobil-kasko\"",\""motor09\""]"", ""[\""storebrand\"",\""bobil\"",\""ordinary\"",\""storebrand-bobil-super\"",\""motor09\""]""]",false,false,NOT_RECOVERED,NOT_SPECIFIED,REGISTRY_BINDING_ONLY
9f39e4d8dadf6e44,B-044,"[""GAP-1664"", ""GAP-1692""]","[""SF-2439"", ""SF-2471""]","[""[\""frende\"",\""snøscooter\"",\""ordinary\"",\""frende-snoscooter-brann-og-tyveri\"",\""2026-01-01\""]"", ""[\""frende\"",\""snøscooter\"",\""ordinary\"",\""frende-snoscooter-kasko\"",\""2026-01-01\""]""]",false,false,NOT_RECOVERED,NOT_SPECIFIED,REGISTRY_BINDING_ONLY
9f3dbc5d93c1a53d,B-061,"[""GAP-3241"", ""GAP-3266"", ""GAP-3300""]","[""SF-4572"", ""SF-4603"", ""SF-4643""]","[""[\""if\"",\""campingvogn\"",\""ordinary\"",\""if-campingvogn-delkasko\"",\""2024-03\""]"", ""[\""if\"",\""campingvogn\"",\""ordinary\"",\""if-campingvogn-kasko\"",\""2024-03\""]"", ""[\""if\"",\""campingvogn\"",\""ordinary\"",\""if-campingvogn-super\"",\""2024-03\""]""]",false,false,NOT_RECOVERED,NOT_SPECIFIED,REGISTRY_BINDING_ONLY
9f4d459ae467c8b8,B-034,"[""GAP-1328"", ""GAP-1362"", ""GAP-1407""]","[""SF-1956"", ""SF-1998"", ""SF-2058""]","[""[\""frende\"",\""bil\"",\""ordinary\"",\""frende-bil-delkasko\"",\""2026-01-01\""]"", ""[\""frende\"",\""bil\"",\""ordinary\"",\""frende-bil-kasko\"",\""2026-01-01\""]"", ""[\""frende\"",\""bil\"",\""ordinary\"",\""frende-bil-utvidet\"",\""2026-01-01\""]""]",false,false,NOT_RECOVERED,NOT_SPECIFIED,REGISTRY_BINDING_ONLY
9f54708b05175b9a,B-134,"[""GAP-2304"", ""GAP-2341"", ""GAP-2385""]","[""SF-3327"", ""SF-3372"", ""SF-3428""]","[""[\""gjensidige\"",\""mc\"",\""ordinary\"",\""gjensidige-mc-ansvar\"",null]"", ""[\""gjensidige\"",\""mc\"",\""ordinary\"",\""gjensidige-mc-delkasko\"",null]"", ""[\""gjensidige\"",\""mc\"",\""ordinary\"",\""gjensidige-mc-kasko\"",null]""]",false,false,NOT_RECOVERED,NOT_SPECIFIED,REGISTRY_BINDING_ONLY
9f9ceb72c99ed0a1,B-087,"[""GAP-4258"", ""GAP-4269"", ""GAP-4281"", ""GAP-4301"", ""GAP-4331""]","[""SF-6096"", ""SF-6110"", ""SF-6125"", ""SF-6148"", ""SF-6181""]","[""[\""tryg\"",\""båt\"",\""ordinary\"",\""tryg-bat-ansvar\"",\""2024-07-01\""]"", ""[\""tryg\"",\""båt\"",\""ordinary\"",\""tryg-bat-bat-ekstra\"",\""2024-07-01\""]"", ""[\""tryg\"",\""båt\"",\""ordinary\"",\""tryg-bat-brann-ansvar\"",\""2024-07-01\""]"", ""[\""tryg\"",\""båt\"",\""ordinary\"",\""tryg-bat-brann-tyveri-ansvar\"",\""2024-07-01\""]"", ""[\""tryg\"",\""båt\"",\""ordinary\"",\""tryg-bat-kasko-ansvar\"",\""2024-07-01\""]""]",false,false,NOT_RECOVERED,NOT_SPECIFIED,REGISTRY_BINDING_ONLY
9ffe097ef40ee513,B-081,"[""GAP-0541"", ""GAP-0556"", ""GAP-0583""]","[""SF-0902"", ""SF-0921"", ""SF-0959""]","[""[\""storebrand\"",\""mc\"",\""ordinary\"",\""storebrand-mc-ansvar\"",\""motor09\""]"", ""[\""storebrand\"",\""mc\"",\""ordinary\"",\""storebrand-mc-delkasko\"",\""motor09\""]"", ""[\""storebrand\"",\""mc\"",\""ordinary\"",\""storebrand-mc-kasko\"",\""motor09\""]""]",false,false,NOT_RECOVERED,NOT_SPECIFIED,REGISTRY_BINDING_ONLY
a0024020f2107281,B-133,"[""GAP-2924""]","[""SF-4079""]","[""[\""gjensidige\"",\""katt\"",\""ordinary\"",\""gjensidige-katt-behandling\"",null]""]",false,false,NOT_RECOVERED,NOT_SPECIFIED,REGISTRY_BINDING_ONLY
a00f0a23bc466e76,B-035,"[""GAP-1586""]","[""SF-2325""]","[""[\""frende\"",\""bobil\"",\""ordinary\"",\""frende-bobil-kasko\"",\""2026-01-01\""]""]",false,false,NOT_RECOVERED,NOT_SPECIFIED,REGISTRY_BINDING_ONLY
a05c4bdb0440ec45,B-047,"[""GAP-2417"", ""GAP-2455"", ""GAP-2495"", ""GAP-2537""]","[""SF-3464"", ""SF-3509"", ""SF-3562"", ""SF-3626""]","[""[\""gjensidige\"",\""bobil\"",\""ordinary\"",\""gjensidige-bobil-ansvar\"",null]"", ""[\""gjensidige\"",\""bobil\"",\""ordinary\"",\""gjensidige-bobil-delkasko\"",null]"", ""[\""gjensidige\"",\""bobil\"",\""ordinary\"",\""gjensidige-bobil-kasko\"",null]"", ""[\""gjensidige\"",\""bobil\"",\""ordinary\"",\""gjensidige-bobil-pluss\"",null]""]",false,false,NOT_RECOVERED,NOT_SPECIFIED,REGISTRY_BINDING_ONLY
a087a9004297b0c6,B-197,"[""GAP-5629""]","[""SF-7977""]","[""[\""sparebank1-fremtind\"",\""katt\"",\""ordinary\"",\""sparebank1-fremtind-katt-veterin-r\"",\""2025-08-07\""]""]",false,false,NOT_RECOVERED,NOT_SPECIFIED,REGISTRY_BINDING_ONLY
a093b23a1863ab42,B-122,"[""GAP-1962""]","[""SF-2826""]","[""[\""gjensidige\"",\""bil\"",\""ordinary\"",\""gj-bil-pluss\"",null]""]",false,false,NOT_RECOVERED,NOT_SPECIFIED,REGISTRY_BINDING_ONLY
a09641bd012189fb,B-078,"[""GAP-0980"", ""GAP-1026""]","[""SF-1508"", ""SF-1580""]","[""[\""storebrand\"",\""bolig\"",\""ordinary\"",\""storebrand-hus-standard\"",\""2025-08-15\""]"", ""[\""storebrand\"",\""bolig\"",\""ordinary\"",\""storebrand-hus-super\"",\""2025-08-15\""]""]",false,false,NOT_RECOVERED,NOT_SPECIFIED,REGISTRY_BINDING_ONLY
a0d3176e00fe8488,B-046,"[""GAP-1831"", ""GAP-1867"", ""GAP-1916"", ""GAP-1967""]","[""SF-2648"", ""SF-2696"", ""SF-2762"", ""SF-2835""]","[""[\""gjensidige\"",\""bil\"",\""ordinary\"",\""gj-bil-ansvar\"",null]"", ""[\""gjensidige\"",\""bil\"",\""ordinary\"",\""gj-bil-delkasko\"",null]"", ""[\""gjensidige\"",\""bil\"",\""ordinary\"",\""gj-bil-kasko\"",null]"", ""[\""gjensidige\"",\""bil\"",\""ordinary\"",\""gj-bil-pluss\"",null]""]",false,false,NOT_RECOVERED,NOT_SPECIFIED,REGISTRY_BINDING_ONLY
a0d353a196122d16,B-113,"[""GAP-1283""]","[""SF-1900""]","[""[\""frende\"",\""hund\"",\""ordinary\"",\""frende-hund-veterin-r\"",\""2026-01-01\""]""]",false,false,NOT_RECOVERED,NOT_SPECIFIED,REGISTRY_BINDING_ONLY
a1492ff0c90dd7d3,B-149,"[""GAP-3559"", ""GAP-3597"", ""GAP-3638""]","[""SF-5093"", ""SF-5157"", ""SF-5224""]","[""[\""if\"",\""reise\"",\""ordinary\"",\""if-reise-basis\"",\""2026-09-20-canonical\""]"", ""[\""if\"",\""reise\"",\""ordinary\"",\""if-reise-standard\"",\""2026-09-20-canonical\""]"", ""[\""if\"",\""reise\"",\""ordinary\"",\""if-reise-super\"",\""2026-09-20-canonical\""]""]",false,false,NOT_RECOVERED,NOT_SPECIFIED,REGISTRY_BINDING_ONLY
a14d359d4440ce57,B-110,"[""GAP-1164"", ""GAP-1200"", ""GAP-1238""]","[""SF-1763"", ""SF-1805"", ""SF-1850""]","[""[\""frende\"",\""båt\"",\""ordinary\"",\""frende-bat-brann-og-tyveri\"",\""2026-01-01\""]"", ""[\""frende\"",\""båt\"",\""ordinary\"",\""frende-bat-kasko\"",\""2026-01-01\""]"", ""[\""frende\"",\""båt\"",\""ordinary\"",\""frende-bat-utvidet\"",\""2026-01-01\""]""]",false,false,NOT_RECOVERED,NOT_SPECIFIED,REGISTRY_BINDING_ONLY
a173a39402a9357d,B-074,"[""GAP-0633"", ""GAP-0658"", ""GAP-0696""]","[""SF-1030"", ""SF-1065"", ""SF-1115""]","[""[\""storebrand\"",\""bobil\"",\""ordinary\"",\""storebrand-bobil-delkasko\"",\""motor09\""]"", ""[\""storebrand\"",\""bobil\"",\""ordinary\"",\""storebrand-bobil-kasko\"",\""motor09\""]"", ""[\""storebrand\"",\""bobil\"",\""ordinary\"",\""storebrand-bobil-super\"",\""motor09\""]""]",false,false,NOT_RECOVERED,NOT_SPECIFIED,REGISTRY_BINDING_ONLY
a1bd779b652a6317,B-128,"[""GAP-2882""]","[""SF-4034""]","[""[\""gjensidige\"",\""hund\"",\""ordinary\"",\""gjensidige-hund-behandling\"",null]""]",false,false,NOT_RECOVERED,NOT_SPECIFIED,REGISTRY_BINDING_ONLY
a1cd50288d619a66,B-052,"[""GAP-2054""]","[""SF-2947""]","[""[\""gjensidige\"",\""innbo\"",\""ordinary\"",\""gj-innbo-pluss\"",null]""]",false,false,NOT_RECOVERED,NOT_SPECIFIED,REGISTRY_BINDING_ONLY
a20572d9ec59ed5e,B-021,"[""GAP-1057""]","[""SF-1627""]","[""[\""storebrand\"",\""reise\"",\""ordinary\"",\""storebrand-reise-standard\"",\""2026-09-20-canonical\""]""]",false,false,NOT_RECOVERED,NOT_SPECIFIED,REGISTRY_BINDING_ONLY
a20669ca00f029ec,B-167,"[""GAP-0562"", ""GAP-0589""]","[""SF-0932"", ""SF-0970""]","[""[\""storebrand\"",\""mc\"",\""ordinary\"",\""storebrand-mc-delkasko\"",\""motor09\""]"", ""[\""storebrand\"",\""mc\"",\""ordinary\"",\""storebrand-mc-kasko\"",\""motor09\""]""]",false,false,NOT_RECOVERED,NOT_SPECIFIED,REGISTRY_BINDING_ONLY
a242196f0d582d16,B-082,"[""GAP-1067"", ""GAP-1119""]","[""SF-1641"", ""SF-1706""]","[""[\""storebrand\"",\""reise\"",\""ordinary\"",\""storebrand-reise-standard\"",\""2026-09-20-canonical\""]"", ""[\""storebrand\"",\""reise\"",\""ordinary\"",\""storebrand-reise-super\"",\""2026-09-20-canonical\""]""]",false,false,NOT_RECOVERED,NOT_SPECIFIED,REGISTRY_BINDING_ONLY
a249253b3a487b98,B-055,"[""GAP-2228"", ""GAP-2278""]","[""SF-3203"", ""SF-3282""]","[""[\""gjensidige\"",\""reise\"",\""ordinary\"",\""gjensidige-reise\"",\""2026-09-20-canonical\""]"", ""[\""gjensidige\"",\""reise\"",\""ordinary\"",\""gjensidige-reise-pluss\"",\""2026-09-20-canonical\""]""]",false,false,NOT_RECOVERED,NOT_SPECIFIED,REGISTRY_BINDING_ONLY
a256997abafbef85,B-193,"[""GAP-4914""]","[""SF-7055""]","[""[\""fremtind\"",\""bil\"",\""ordinary\"",\""fremtind-bil-delkasko\"",\""PMO-357.001-004\""]""]",false,false,NOT_RECOVERED,NOT_SPECIFIED,REGISTRY_BINDING_ONLY
a266aa60e486abbc,B-081,"[""GAP-0550"", ""GAP-0577"", ""GAP-0605""]","[""SF-0913"", ""SF-0951"", ""SF-0991""]","[""[\""storebrand\"",\""mc\"",\""ordinary\"",\""storebrand-mc-ansvar\"",\""motor09\""]"", ""[\""storebrand\"",\""mc\"",\""ordinary\"",\""storebrand-mc-delkasko\"",\""motor09\""]"", ""[\""storebrand\"",\""mc\"",\""ordinary\"",\""storebrand-mc-kasko\"",\""motor09\""]""]",false,false,NOT_RECOVERED,NOT_SPECIFIED,REGISTRY_BINDING_ONLY
a2809a77456b71cd,B-167,"[""GAP-0566"", ""GAP-0594""]","[""SF-0939"", ""SF-0979""]","[""[\""storebrand\"",\""mc\"",\""ordinary\"",\""storebrand-mc-delkasko\"",\""motor09\""]"", ""[\""storebrand\"",\""mc\"",\""ordinary\"",\""storebrand-mc-kasko\"",\""motor09\""]""]",false,false,NOT_RECOVERED,NOT_SPECIFIED,REGISTRY_BINDING_ONLY
a28731c3318b3064,B-077,"[""GAP-0152"", ""GAP-0219""]","[""SF-0274"", ""SF-0362""]","[""[\""storebrand\"",\""hund\"",\""ordinary\"",\""storebrand-hund-veterin-r\"",\""2025-02-01\""]"", ""[\""storebrand\"",\""hund\"",\""ordinary\"",\""storebrand-hund-veterin-r-og-d-dsfall\"",\""2025-02-01\""]""]",false,false,NOT_RECOVERED,NOT_SPECIFIED,REGISTRY_BINDING_ONLY
a28bc3ab4cd174cd,B-034,"[""GAP-1313"", ""GAP-1347"", ""GAP-1391"", ""GAP-1435""]","[""SF-1938"", ""SF-1980"", ""SF-2039"", ""SF-2101""]","[""[\""frende\"",\""bil\"",\""ordinary\"",\""frende-bil-ansvar\"",\""2026-01-01\""]"", ""[\""frende\"",\""bil\"",\""ordinary\"",\""frende-bil-delkasko\"",\""2026-01-01\""]"", ""[\""frende\"",\""bil\"",\""ordinary\"",\""frende-bil-kasko\"",\""2026-01-01\""]"", ""[\""frende\"",\""bil\"",\""ordinary\"",\""frende-bil-utvidet\"",\""2026-01-01\""]""]",false,false,NOT_RECOVERED,NOT_SPECIFIED,REGISTRY_BINDING_ONLY
a2990bad851df30d,B-118,"[""GAP-1652"", ""GAP-1677"", ""GAP-1707""]","[""SF-2424"", ""SF-2453"", ""SF-2487""]","[""[\""frende\"",\""snøscooter\"",\""ordinary\"",\""frende-snoscooter-ansvar\"",\""2026-01-01\""]"", ""[\""frende\"",\""snøscooter\"",\""ordinary\"",\""frende-snoscooter-brann-og-tyveri\"",\""2026-01-01\""]"", ""[\""frende\"",\""snøscooter\"",\""ordinary\"",\""frende-snoscooter-kasko\"",\""2026-01-01\""]""]",false,false,NOT_RECOVERED,NOT_SPECIFIED,REGISTRY_BINDING_ONLY
a2cbfa44fc013937,B-073,"[""GAP-0385"", ""GAP-0424""]","[""SF-0715"", ""SF-0766""]","[""[\""storebrand\"",\""bil\"",\""ordinary\"",\""sb-bil-kasko\"",\""motor09\""]"", ""[\""storebrand\"",\""bil\"",\""ordinary\"",\""sb-bil-super\"",\""motor09\""]""]",false,false,NOT_RECOVERED,NOT_SPECIFIED,REGISTRY_BINDING_ONLY
a2e6934bd80b9d4b,B-079,"[""GAP-0934""]","[""SF-1435""]","[""[\""storebrand\"",\""innbo\"",\""ordinary\"",\""sb-innbo-super\"",\""innbo09\""]""]",false,false,NOT_RECOVERED,NOT_SPECIFIED,REGISTRY_BINDING_ONLY
a31a4424b9f403b8,B-135,"[""GAP-2208"", ""GAP-2253""]","[""SF-3174"", ""SF-3249""]","[""[\""gjensidige\"",\""reise\"",\""ordinary\"",\""gjensidige-reise\"",\""2026-09-20-canonical\""]"", ""[\""gjensidige\"",\""reise\"",\""ordinary\"",\""gjensidige-reise-pluss\"",\""2026-09-20-canonical\""]""]",false,false,NOT_RECOVERED,NOT_SPECIFIED,REGISTRY_BINDING_ONLY
a362e6d0dbffa8fe,B-099,"[""GAP-5277"", ""GAP-5291""]","[""SF-7531"", ""SF-7549""]","[""[\""eika-fremtind\"",\""snøscooter\"",\""ordinary\"",\""eika-fremtind-snoscooter-kasko\"",\""2023-10-29\""]"", ""[\""eika-fremtind\"",\""snøscooter\"",\""ordinary\"",\""eika-fremtind-snoscooter-minikasko\"",\""2023-10-29\""]""]",false,false,NOT_RECOVERED,NOT_SPECIFIED,REGISTRY_BINDING_ONLY
a36b11cdbe2e6077,B-080,"[""GAP-0170"", ""GAP-0250""]","[""SF-0299"", ""SF-0411""]","[""[\""storebrand\"",\""katt\"",\""ordinary\"",\""storebrand-katt-veterin-r\"",\""2025-02-01\""]"", ""[\""storebrand\"",\""katt\"",\""ordinary\"",\""storebrand-katt-veterin-r-og-d-dsfall\"",\""2025-02-01\""]""]",false,false,NOT_RECOVERED,NOT_SPECIFIED,REGISTRY_BINDING_ONLY
a376bd0a57da19a6,B-082,"[""GAP-1052"", ""GAP-1104""]","[""SF-1622"", ""SF-1687""]","[""[\""storebrand\"",\""reise\"",\""ordinary\"",\""storebrand-reise-standard\"",\""2026-09-20-canonical\""]"", ""[\""storebrand\"",\""reise\"",\""ordinary\"",\""storebrand-reise-super\"",\""2026-09-20-canonical\""]""]",false,false,NOT_RECOVERED,NOT_SPECIFIED,REGISTRY_BINDING_ONLY
a39fbfb6fc9cc8bb,B-117,"[""GAP-1462"", ""GAP-1490"", ""GAP-1521""]","[""SF-2137"", ""SF-2178"", ""SF-2224""]","[""[\""frende\"",\""mc\"",\""ordinary\"",\""frende-mc-ansvar\"",\""2026-01-01\""]"", ""[\""frende\"",\""mc\"",\""ordinary\"",\""frende-mc-delkasko\"",\""2026-01-01\""]"", ""[\""frende\"",\""mc\"",\""ordinary\"",\""frende-mc-kasko\"",\""2026-01-01\""]""]",false,false,NOT_RECOVERED,NOT_SPECIFIED,REGISTRY_BINDING_ONLY
a3fc58707448c51f,B-087,"[""GAP-4317""]","[""SF-6167""]","[""[\""tryg\"",\""båt\"",\""ordinary\"",\""tryg-bat-bat-ekstra\"",\""2024-07-01\""]""]",false,false,NOT_RECOVERED,NOT_SPECIFIED,REGISTRY_BINDING_ONLY
a419cfefa6e2d6dd,B-054,"[""GAP-2336"", ""GAP-2379""]","[""SF-3366"", ""SF-3417""]","[""[\""gjensidige\"",\""mc\"",\""ordinary\"",\""gjensidige-mc-delkasko\"",null]"", ""[\""gjensidige\"",\""mc\"",\""ordinary\"",\""gjensidige-mc-kasko\"",null]""]",false,false,NOT_RECOVERED,NOT_SPECIFIED,REGISTRY_BINDING_ONLY
a4257e1574fc1b2a,B-059,"[""GAP-3120"", ""GAP-3147""]","[""SF-4398"", ""SF-4440""]","[""[\""if\"",\""bobil\"",\""ordinary\"",\""if-bobil-kasko\"",\""2024-03\""]"", ""[\""if\"",\""bobil\"",\""ordinary\"",\""if-bobil-super\"",\""2022-06\""]""]",false,false,NOT_RECOVERED,NOT_SPECIFIED,REGISTRY_BINDING_ONLY
a477fc3d8a374e6c,B-164,"[""GAP-0859"", ""GAP-0905""]","[""SF-1328"", ""SF-1398""]","[""[\""storebrand\"",\""innbo\"",\""ordinary\"",\""sb-innbo-standard\"",\""innbo09\""]"", ""[\""storebrand\"",\""innbo\"",\""ordinary\"",\""sb-innbo-super\"",\""innbo09\""]""]",false,false,NOT_RECOVERED,NOT_SPECIFIED,REGISTRY_BINDING_ONLY
a4af300967811a01,B-062,"[""GAP-0030""]","[""SF-0045""]","[""[\""if\"",\""hund\"",\""ordinary\"",\""if-hund-super\"",\""2022-12-01\""]""]",false,false,NOT_RECOVERED,NOT_SPECIFIED,REGISTRY_BINDING_ONLY
a4b40cdbb03a527f,B-037,"[""GAP-1736"", ""GAP-1764""]","[""SF-2522"", ""SF-2557""]","[""[\""frende\"",\""campingvogn\"",\""ordinary\"",\""frende-campingvogn-brann-og-tyveri\"",\""2026-01-01\""]"", ""[\""frende\"",\""campingvogn\"",\""ordinary\"",\""frende-campingvogn-kasko\"",\""2026-01-01\""]""]",false,false,NOT_RECOVERED,NOT_SPECIFIED,REGISTRY_BINDING_ONLY
a4c5edcdba39ff9a,B-078,"[""GAP-0972"", ""GAP-1018""]","[""SF-1498"", ""SF-1570""]","[""[\""storebrand\"",\""bolig\"",\""ordinary\"",\""storebrand-hus-standard\"",\""2025-08-15\""]"", ""[\""storebrand\"",\""bolig\"",\""ordinary\"",\""storebrand-hus-super\"",\""2025-08-15\""]""]",false,false,NOT_RECOVERED,NOT_SPECIFIED,REGISTRY_BINDING_ONLY
a4d296df7286c1bd,B-073,"[""GAP-0401"", ""GAP-0402"", ""GAP-0446"", ""GAP-0447""]","[""SF-0734"", ""SF-0735"", ""SF-0793"", ""SF-0794""]","[""[\""storebrand\"",\""bil\"",\""ordinary\"",\""sb-bil-kasko\"",\""motor09\""]"", ""[\""storebrand\"",\""bil\"",\""ordinary\"",\""sb-bil-super\"",\""motor09\""]""]",false,false,NOT_RECOVERED,NOT_SPECIFIED,REGISTRY_BINDING_ONLY
a4e5c76df5cbf2af,B-051,"[""GAP-2093"", ""GAP-2148""]","[""SF-2999"", ""SF-3083""]","[""[\""gjensidige\"",\""bolig\"",\""ordinary\"",\""gjensidige-hus\"",\""Alminnelige vilkår\""]"", ""[\""gjensidige\"",\""bolig\"",\""ordinary\"",\""gjensidige-hus-pluss\"",\""Alminnelige vilkår\""]""]",false,false,NOT_RECOVERED,NOT_SPECIFIED,REGISTRY_BINDING_ONLY
a4f424993297e96b,B-167,"[""GAP-0554"", ""GAP-0581"", ""GAP-0609""]","[""SF-0918"", ""SF-0956"", ""SF-0996""]","[""[\""storebrand\"",\""mc\"",\""ordinary\"",\""storebrand-mc-ansvar\"",\""motor09\""]"", ""[\""storebrand\"",\""mc\"",\""ordinary\"",\""storebrand-mc-delkasko\"",\""motor09\""]"", ""[\""storebrand\"",\""mc\"",\""ordinary\"",\""storebrand-mc-kasko\"",\""motor09\""]""]",false,false,NOT_RECOVERED,NOT_SPECIFIED,REGISTRY_BINDING_ONLY
a57f38d5a5182705,B-076,"[""GAP-0740"", ""GAP-0764"", ""GAP-0788""]","[""SF-1172"", ""SF-1200"", ""SF-1230""]","[""[\""storebrand\"",\""campingvogn\"",\""ordinary\"",\""storebrand-campingvogn-brann-og-tyveri\"",\""2026-03-01\""]"", ""[\""storebrand\"",\""campingvogn\"",\""ordinary\"",\""storebrand-campingvogn-kasko\"",\""2026-03-01\""]"", ""[\""storebrand\"",\""campingvogn\"",\""ordinary\"",\""storebrand-campingvogn-super\"",\""2026-03-01\""]""]",false,false,NOT_RECOVERED,NOT_SPECIFIED,REGISTRY_BINDING_ONLY
a585e234dfc05e43,B-075,"[""GAP-5656"", ""GAP-5678""]","[""SF-8011"", ""SF-8037""]","[""[\""storebrand\"",\""båt\"",\""ordinary\"",\""storebrand-bat-kasko\"",\""2024-09-01\""]"", ""[\""storebrand\"",\""båt\"",\""ordinary\"",\""storebrand-bat-super\"",\""2024-09-01\""]""]",false,false,NOT_RECOVERED,NOT_SPECIFIED,REGISTRY_BINDING_ONLY
a5a4e058a99aba1e,B-079,"[""GAP-0858"", ""GAP-0904""]","[""SF-1326"", ""SF-1396""]","[""[\""storebrand\"",\""innbo\"",\""ordinary\"",\""sb-innbo-standard\"",\""innbo09\""]"", ""[\""storebrand\"",\""innbo\"",\""ordinary\"",\""sb-innbo-super\"",\""innbo09\""]""]",false,false,NOT_RECOVERED,NOT_SPECIFIED,REGISTRY_BINDING_ONLY
a5bb01685e5437f1,B-108,"[""GAP-1550"", ""GAP-1578"", ""GAP-1612""]","[""SF-2279"", ""SF-2315"", ""SF-2365""]","[""[\""frende\"",\""bobil\"",\""ordinary\"",\""frende-bobil-delkasko\"",\""2026-01-01\""]"", ""[\""frende\"",\""bobil\"",\""ordinary\"",\""frende-bobil-kasko\"",\""2026-01-01\""]"", ""[\""frende\"",\""bobil\"",\""ordinary\"",\""frende-bobil-utvidet\"",\""2026-01-01\""]""]",false,false,NOT_RECOVERED,NOT_SPECIFIED,REGISTRY_BINDING_ONLY
a60b619341bb4408,B-161,"[""GAP-0736"", ""GAP-0760"", ""GAP-0784""]","[""SF-1168"", ""SF-1196"", ""SF-1226""]","[""[\""storebrand\"",\""campingvogn\"",\""ordinary\"",\""storebrand-campingvogn-brann-og-tyveri\"",\""2026-03-01\""]"", ""[\""storebrand\"",\""campingvogn\"",\""ordinary\"",\""storebrand-campingvogn-kasko\"",\""2026-03-01\""]"", ""[\""storebrand\"",\""campingvogn\"",\""ordinary\"",\""storebrand-campingvogn-super\"",\""2026-03-01\""]""]",false,false,NOT_RECOVERED,NOT_SPECIFIED,REGISTRY_BINDING_ONLY
a60bab653d7ac505,B-063,"[""GAP-3468"", ""GAP-3498"", ""GAP-3533""]","[""SF-4894"", ""SF-4965"", ""SF-5042""]","[""[\""if\"",\""bolig\"",\""ordinary\"",\""if-hus-basis\"",\""2023-09\""]"", ""[\""if\"",\""bolig\"",\""ordinary\"",\""if-hus-super\"",\""2023-09\""]"", ""[\""if\"",\""bolig\"",\""ordinary\"",\""if-hus-utvidet\"",\""2023-09\""]""]",false,false,NOT_RECOVERED,NOT_SPECIFIED,REGISTRY_BINDING_ONLY
a649204120d6ecc2,B-033,"[""GAP-4916"", ""GAP-4945"", ""GAP-4981""]","[""SF-7057"", ""SF-7091"", ""SF-7142""]","[""[\""fremtind\"",\""bil\"",\""ordinary\"",\""fremtind-bil-delkasko\"",\""PMO-357.001-004\""]"", ""[\""fremtind\"",\""bil\"",\""ordinary\"",\""fremtind-bil-kasko\"",\""PMO-357.001-004\""]"", ""[\""fremtind\"",\""bil\"",\""ordinary\"",\""fremtind-bil-topp\"",\""PMO-357.001-004\""]""]",false,false,NOT_RECOVERED,NOT_SPECIFIED,REGISTRY_BINDING_ONLY
a6e590f9f706071c,B-159,"[""GAP-0617"", ""GAP-0642"", ""GAP-0680"", ""GAP-0724""]","[""SF-1007"", ""SF-1042"", ""SF-1092"", ""SF-1152""]","[""[\""storebrand\"",\""bobil\"",\""ordinary\"",\""storebrand-bobil-ansvar\"",\""motor09\""]"", ""[\""storebrand\"",\""bobil\"",\""ordinary\"",\""storebrand-bobil-delkasko\"",\""motor09\""]"", ""[\""storebrand\"",\""bobil\"",\""ordinary\"",\""storebrand-bobil-kasko\"",\""motor09\""]"", ""[\""storebrand\"",\""bobil\"",\""ordinary\"",\""storebrand-bobil-super\"",\""motor09\""]""]",false,false,NOT_RECOVERED,NOT_SPECIFIED,REGISTRY_BINDING_ONLY
a6e77280c4ec8cea,B-113,"[""GAP-1282""]","[""SF-1899""]","[""[\""frende\"",\""hund\"",\""ordinary\"",\""frende-hund-veterin-r\"",\""2026-01-01\""]""]",false,false,NOT_RECOVERED,NOT_SPECIFIED,REGISTRY_BINDING_ONLY
a7087d780caa7fce,B-046,"[""GAP-1838"", ""GAP-1874"", ""GAP-1923"", ""GAP-1974""]","[""SF-2655"", ""SF-2703"", ""SF-2769"", ""SF-2842""]","[""[\""gjensidige\"",\""bil\"",\""ordinary\"",\""gj-bil-ansvar\"",null]"", ""[\""gjensidige\"",\""bil\"",\""ordinary\"",\""gj-bil-delkasko\"",null]"", ""[\""gjensidige\"",\""bil\"",\""ordinary\"",\""gj-bil-kasko\"",null]"", ""[\""gjensidige\"",\""bil\"",\""ordinary\"",\""gj-bil-pluss\"",null]""]",false,false,NOT_RECOVERED,NOT_SPECIFIED,REGISTRY_BINDING_ONLY
a70fb4b29d8b114e,B-033,"[""GAP-4991""]","[""SF-7156""]","[""[\""fremtind\"",\""bil\"",\""ordinary\"",\""fremtind-bil-topp\"",\""PMO-357.001-004\""]""]",false,false,NOT_RECOVERED,NOT_SPECIFIED,REGISTRY_BINDING_ONLY
a71dffe81db470cb,B-186,"[""GAP-4245""]","[""SF-6078""]","[""[\""tryg\"",\""tilhenger\"",\""ordinary\"",\""tryg-tilhenger-kasko\"",\""2026-01-01\""]""]",false,false,NOT_RECOVERED,NOT_SPECIFIED,REGISTRY_BINDING_ONLY
a72d76ae5f2d9131,B-175,"[""GAP-4318""]","[""SF-6168""]","[""[\""tryg\"",\""båt\"",\""ordinary\"",\""tryg-bat-bat-ekstra\"",\""2024-07-01\""]""]",false,false,NOT_RECOVERED,NOT_SPECIFIED,REGISTRY_BINDING_ONLY
a7561c0d03ede572,B-051,"[""GAP-2083"", ""GAP-2137""]","[""SF-2986"", ""SF-3070""]","[""[\""gjensidige\"",\""bolig\"",\""ordinary\"",\""gjensidige-hus\"",\""Alminnelige vilkår\""]"", ""[\""gjensidige\"",\""bolig\"",\""ordinary\"",\""gjensidige-hus-pluss\"",\""Alminnelige vilkår\""]""]",false,false,NOT_RECOVERED,NOT_SPECIFIED,REGISTRY_BINDING_ONLY
a794e5a6b755d3c9,B-048,"[""GAP-2767"", ""GAP-2809"", ""GAP-2863""]","[""SF-3902"", ""SF-3949"", ""SF-4009""]","[""[\""gjensidige\"",\""båt\"",\""ordinary\"",\""gjensidige-bat-delkasko\"",null]"", ""[\""gjensidige\"",\""båt\"",\""ordinary\"",\""gjensidige-bat-kasko\"",null]"", ""[\""gjensidige\"",\""båt\"",\""ordinary\"",\""gjensidige-bat-pluss\"",null]""]",false,false,NOT_RECOVERED,NOT_SPECIFIED,REGISTRY_BINDING_ONLY
a79970b1d87c194f,B-030,"[""GAP-5003"", ""GAP-5035""]","[""SF-7179"", ""SF-7217""]","[""[\""fremtind\"",\""innbo\"",\""ordinary\"",\""fremtind-innbo-standard\"",\""2025-01-01\""]"", ""[\""fremtind\"",\""innbo\"",\""ordinary\"",\""fremtind-innbo-topp\"",\""2025-01-01\""]""]",false,false,NOT_RECOVERED,NOT_SPECIFIED,REGISTRY_BINDING_ONLY
a7cb2869171bc6b6,B-029,"[""GAP-5099"", ""GAP-5132""]","[""SF-7295"", ""SF-7342""]","[""[\""fremtind\"",\""bolig\"",\""ordinary\"",\""fremtind-hus-standard\"",\""PBK-200.100-015+PBK-200.200-010\""]"", ""[\""fremtind\"",\""bolig\"",\""ordinary\"",\""fremtind-hus-topp\"",\""PBK-200.100-015+PBK-200.200-010\""]""]",false,false,NOT_RECOVERED,NOT_SPECIFIED,REGISTRY_BINDING_ONLY
a7d4fe8a27f49c5e,B-150,"[""GAP-3187"", ""GAP-3212""]","[""SF-4501"", ""SF-4533""]","[""[\""if\"",\""snøscooter\"",\""ordinary\"",\""if-snoscooter-delkasko\"",\""2024-03\""]"", ""[\""if\"",\""snøscooter\"",\""ordinary\"",\""if-snoscooter-kasko\"",\""2024-03\""]""]",false,false,NOT_RECOVERED,NOT_SPECIFIED,REGISTRY_BINDING_ONLY
a7d8e86ff5870bfe,B-081,"[""GAP-0564"", ""GAP-0591""]","[""SF-0935"", ""SF-0973""]","[""[\""storebrand\"",\""mc\"",\""ordinary\"",\""storebrand-mc-delkasko\"",\""motor09\""]"", ""[\""storebrand\"",\""mc\"",\""ordinary\"",\""storebrand-mc-kasko\"",\""motor09\""]""]",false,false,NOT_RECOVERED,NOT_SPECIFIED,REGISTRY_BINDING_ONLY
a7e4a2576f53a69b,B-087,"[""GAP-4298"", ""GAP-4328""]","[""SF-6145"", ""SF-6178""]","[""[\""tryg\"",\""båt\"",\""ordinary\"",\""tryg-bat-bat-ekstra\"",\""2024-07-01\""]"", ""[\""tryg\"",\""båt\"",\""ordinary\"",\""tryg-bat-kasko-ansvar\"",\""2024-07-01\""]""]",false,false,NOT_RECOVERED,NOT_SPECIFIED,REGISTRY_BINDING_ONLY
a84cddf6a4a5ab0f,B-042,"[""GAP-1458"", ""GAP-1486"", ""GAP-1517""]","[""SF-2129"", ""SF-2170"", ""SF-2216""]","[""[\""frende\"",\""mc\"",\""ordinary\"",\""frende-mc-ansvar\"",\""2026-01-01\""]"", ""[\""frende\"",\""mc\"",\""ordinary\"",\""frende-mc-delkasko\"",\""2026-01-01\""]"", ""[\""frende\"",\""mc\"",\""ordinary\"",\""frende-mc-kasko\"",\""2026-01-01\""]""]",false,false,NOT_RECOVERED,NOT_SPECIFIED,REGISTRY_BINDING_ONLY
a893ccbdd6efc4fe,B-052,"[""GAP-2053""]","[""SF-2946""]","[""[\""gjensidige\"",\""innbo\"",\""ordinary\"",\""gj-innbo-pluss\"",null]""]",false,false,NOT_RECOVERED,NOT_SPECIFIED,REGISTRY_BINDING_ONLY
a93ad84464effa61,B-087,"[""GAP-4267"", ""GAP-4278"", ""GAP-4290"", ""GAP-4310""]","[""SF-6108"", ""SF-6122"", ""SF-6137"", ""SF-6160""]","[""[\""tryg\"",\""båt\"",\""ordinary\"",\""tryg-bat-bat-ekstra\"",\""2024-07-01\""]"", ""[\""tryg\"",\""båt\"",\""ordinary\"",\""tryg-bat-brann-ansvar\"",\""2024-07-01\""]"", ""[\""tryg\"",\""båt\"",\""ordinary\"",\""tryg-bat-brann-tyveri-ansvar\"",\""2024-07-01\""]"", ""[\""tryg\"",\""båt\"",\""ordinary\"",\""tryg-bat-kasko-ansvar\"",\""2024-07-01\""]""]",false,false,NOT_RECOVERED,NOT_SPECIFIED,REGISTRY_BINDING_ONLY
a9764bc59d15fe4d,B-142,"[""GAP-3240"", ""GAP-3265"", ""GAP-3297""]","[""SF-4571"", ""SF-4602"", ""SF-4640""]","[""[\""if\"",\""campingvogn\"",\""ordinary\"",\""if-campingvogn-delkasko\"",\""2024-03\""]"", ""[\""if\"",\""campingvogn\"",\""ordinary\"",\""if-campingvogn-kasko\"",\""2024-03\""]"", ""[\""if\"",\""campingvogn\"",\""ordinary\"",\""if-campingvogn-super\"",\""2024-03\""]""]",false,false,NOT_RECOVERED,NOT_SPECIFIED,REGISTRY_BINDING_ONLY
a9ab411b294e1fc4,B-055,"[""GAP-2218"", ""GAP-2266""]","[""SF-3190"", ""SF-3267""]","[""[\""gjensidige\"",\""reise\"",\""ordinary\"",\""gjensidige-reise\"",\""2026-09-20-canonical\""]"", ""[\""gjensidige\"",\""reise\"",\""ordinary\"",\""gjensidige-reise-pluss\"",\""2026-09-20-canonical\""]""]",false,false,NOT_RECOVERED,NOT_SPECIFIED,REGISTRY_BINDING_ONLY
aa0a2321b859ba06,B-072,"[""GAP-5622""]","[""SF-7970""]","[""[\""sparebank1-fremtind\"",\""katt\"",\""ordinary\"",\""sparebank1-fremtind-katt-veterin-r\"",\""2025-08-07\""]""]",false,false,NOT_RECOVERED,NOT_SPECIFIED,REGISTRY_BINDING_ONLY
aa2ea285a5d9026b,B-054,"[""GAP-2382""]","[""SF-3421""]","[""[\""gjensidige\"",\""mc\"",\""ordinary\"",\""gjensidige-mc-kasko\"",null]""]",false,false,NOT_RECOVERED,NOT_SPECIFIED,REGISTRY_BINDING_ONLY
aa47d5f9f6539d1f,B-077,"[""GAP-0195"", ""GAP-0230""]","[""SF-0329"", ""SF-0374""]","[""[\""storebrand\"",\""hund\"",\""ordinary\"",\""storebrand-hund-d-dsfall\"",\""2025-02-01\""]"", ""[\""storebrand\"",\""hund\"",\""ordinary\"",\""storebrand-hund-veterin-r-og-d-dsfall\"",\""2025-02-01\""]""]",false,false,NOT_RECOVERED,NOT_SPECIFIED,REGISTRY_BINDING_ONLY
aa81c8092f14899a,B-070,"[""GAP-5491"", ""GAP-5516"", ""GAP-5546""]","[""SF-7812"", ""SF-7844"", ""SF-7882""]","[""[\""sparebank1-fremtind\"",\""båt\"",\""ordinary\"",\""sparebank1-fremtind-bat-delkasko\"",\""2024-06-10\""]"", ""[\""sparebank1-fremtind\"",\""båt\"",\""ordinary\"",\""sparebank1-fremtind-bat-kasko\"",\""2024-06-10\""]"", ""[\""sparebank1-fremtind\"",\""båt\"",\""ordinary\"",\""sparebank1-fremtind-bat-toppkasko\"",\""2024-06-10\""]""]",false,false,NOT_RECOVERED,NOT_SPECIFIED,REGISTRY_BINDING_ONLY
aa853096c4d25ae6,B-033,"[""GAP-4907"", ""GAP-4936"", ""GAP-4974""]","[""SF-7047"", ""SF-7081"", ""SF-7134""]","[""[\""fremtind\"",\""bil\"",\""ordinary\"",\""fremtind-bil-delkasko\"",\""PMO-357.001-004\""]"", ""[\""fremtind\"",\""bil\"",\""ordinary\"",\""fremtind-bil-kasko\"",\""PMO-357.001-004\""]"", ""[\""fremtind\"",\""bil\"",\""ordinary\"",\""fremtind-bil-topp\"",\""PMO-357.001-004\""]""]",false,false,NOT_RECOVERED,NOT_SPECIFIED,REGISTRY_BINDING_ONLY
aaafded8c49343e9,B-053,"[""GAP-2917""]","[""SF-4072""]","[""[\""gjensidige\"",\""katt\"",\""ordinary\"",\""gjensidige-katt-behandling\"",null]""]",false,false,NOT_RECOVERED,NOT_SPECIFIED,REGISTRY_BINDING_ONLY
aabc6ac929bfcc3a,B-084,"[""GAP-0810"", ""GAP-0829""]","[""SF-1259"", ""SF-1283""]","[""[\""storebrand\"",\""tilhenger\"",\""ordinary\"",\""storebrand-tilhenger-brann-og-tyveri\"",\""2026-03-01\""]"", ""[\""storebrand\"",\""tilhenger\"",\""ordinary\"",\""storebrand-tilhenger-kasko\"",\""2026-03-01\""]""]",false,false,NOT_RECOVERED,NOT_SPECIFIED,REGISTRY_BINDING_ONLY
aaea8544ad212078,B-034,"[""GAP-1331"", ""GAP-1365"", ""GAP-1410""]","[""SF-1959"", ""SF-2002"", ""SF-2062""]","[""[\""frende\"",\""bil\"",\""ordinary\"",\""frende-bil-delkasko\"",\""2026-01-01\""]"", ""[\""frende\"",\""bil\"",\""ordinary\"",\""frende-bil-kasko\"",\""2026-01-01\""]"", ""[\""frende\"",\""bil\"",\""ordinary\"",\""frende-bil-utvidet\"",\""2026-01-01\""]""]",false,false,NOT_RECOVERED,NOT_SPECIFIED,REGISTRY_BINDING_ONLY
ab06ddd6be649b03,B-063,"[""GAP-3492"", ""GAP-3523""]","[""SF-4958"", ""SF-5031""]","[""[\""if\"",\""bolig\"",\""ordinary\"",\""if-hus-super\"",\""2023-09\""]"", ""[\""if\"",\""bolig\"",\""ordinary\"",\""if-hus-utvidet\"",\""2023-09\""]""]",false,false,NOT_RECOVERED,NOT_SPECIFIED,REGISTRY_BINDING_ONLY
ab0b2da355a320f7,B-091,"[""GAP-4370""]","[""SF-6223""]","[""[\""tryg\"",\""katt\"",\""ordinary\"",\""tryg-katt-behandling\"",\""2026-09-01\""]""]",false,false,NOT_RECOVERED,NOT_SPECIFIED,REGISTRY_BINDING_ONLY
ab2fc5d1c100c388,B-073,"[""GAP-0439""]","[""SF-0785""]","[""[\""storebrand\"",\""bil\"",\""ordinary\"",\""sb-bil-super\"",\""motor09\""]""]",false,false,NOT_RECOVERED,NOT_SPECIFIED,REGISTRY_BINDING_ONLY
ab3a23b134a1cdbf,B-078,"[""GAP-0969"", ""GAP-1015""]","[""SF-1494"", ""SF-1566""]","[""[\""storebrand\"",\""bolig\"",\""ordinary\"",\""storebrand-hus-standard\"",\""2025-08-15\""]"", ""[\""storebrand\"",\""bolig\"",\""ordinary\"",\""storebrand-hus-super\"",\""2025-08-15\""]""]",false,false,NOT_RECOVERED,NOT_SPECIFIED,REGISTRY_BINDING_ONLY
ab4be9dc08fe7c6d,B-033,"[""GAP-4724"", ""GAP-4756""]","[""SF-6805"", ""SF-6848""]","[""[\""dnb-fremtind\"",\""bil\"",\""ordinary\"",\""dnb-bil-kasko\"",\""PMO-357.001-004\""]"", ""[\""dnb-fremtind\"",\""bil\"",\""ordinary\"",\""dnb-bil-topp\"",\""PMO-357.001-004\""]""]",false,false,NOT_RECOVERED,NOT_SPECIFIED,REGISTRY_BINDING_ONLY
ab64b936cb5cb6f0,B-053,"[""GAP-2915""]","[""SF-4069""]","[""[\""gjensidige\"",\""katt\"",\""ordinary\"",\""gjensidige-katt-behandling\"",null]""]",false,false,NOT_RECOVERED,NOT_SPECIFIED,REGISTRY_BINDING_ONLY
ab694b3ad6e322bb,B-165,"[""GAP-0842"", ""GAP-0888""]","[""SF-1301"", ""SF-1371""]","[""[\""storebrand\"",\""innbo\"",\""ordinary\"",\""sb-innbo-standard\"",\""innbo09\""]"", ""[\""storebrand\"",\""innbo\"",\""ordinary\"",\""sb-innbo-super\"",\""innbo09\""]""]",false,false,NOT_RECOVERED,NOT_SPECIFIED,REGISTRY_BINDING_ONLY
ab79aae2b8c8adbf,B-048,"[""GAP-2842""]","[""SF-3988""]","[""[\""gjensidige\"",\""båt\"",\""ordinary\"",\""gjensidige-bat-pluss\"",null]""]",false,false,NOT_RECOVERED,NOT_SPECIFIED,REGISTRY_BINDING_ONLY
ab806b76b6a411c5,B-069,"[""GAP-3303"", ""GAP-3319""]","[""SF-4647"", ""SF-4669""]","[""[\""if\"",\""tilhenger\"",\""ordinary\"",\""if-tilhenger-delkasko\"",\""2024-03\""]"", ""[\""if\"",\""tilhenger\"",\""ordinary\"",\""if-tilhenger-kasko\"",\""2024-03\""]""]",false,false,NOT_RECOVERED,NOT_SPECIFIED,REGISTRY_BINDING_ONLY
ab841391948db1d6,B-152,"[""GAP-5492"", ""GAP-5517"", ""GAP-5547""]","[""SF-7814"", ""SF-7846"", ""SF-7884""]","[""[\""sparebank1-fremtind\"",\""båt\"",\""ordinary\"",\""sparebank1-fremtind-bat-delkasko\"",\""2024-06-10\""]"", ""[\""sparebank1-fremtind\"",\""båt\"",\""ordinary\"",\""sparebank1-fremtind-bat-kasko\"",\""2024-06-10\""]"", ""[\""sparebank1-fremtind\"",\""båt\"",\""ordinary\"",\""sparebank1-fremtind-bat-toppkasko\"",\""2024-06-10\""]""]",false,false,NOT_RECOVERED,NOT_SPECIFIED,REGISTRY_BINDING_ONLY
ab868c6b64912871,B-001,"[""GAP-2361""]","[""SF-3395""]","[""[\""gjensidige\"",\""mc\"",\""ordinary\"",\""gjensidige-mc-delkasko\"",null]""]",true,false,NOT_RECOVERED,NOT_SPECIFIED,ARCHIVED_BASELINE
abad1d63f65f2bcf,B-096,"[""GAP-5320""]","[""SF-7580""]","[""[\""eika-fremtind\"",\""campingvogn\"",\""ordinary\"",\""eika-fremtind-campingvogn-kasko\"",\""2024-03-21\""]""]",false,false,NOT_RECOVERED,NOT_SPECIFIED,REGISTRY_BINDING_ONLY
ac48d828094ddf9a,B-044,"[""GAP-1644"", ""GAP-1660"", ""GAP-1688""]","[""SF-2415"", ""SF-2435"", ""SF-2467""]","[""[\""frende\"",\""snøscooter\"",\""ordinary\"",\""frende-snoscooter-ansvar\"",\""2026-01-01\""]"", ""[\""frende\"",\""snøscooter\"",\""ordinary\"",\""frende-snoscooter-brann-og-tyveri\"",\""2026-01-01\""]"", ""[\""frende\"",\""snøscooter\"",\""ordinary\"",\""frende-snoscooter-kasko\"",\""2026-01-01\""]""]",false,false,NOT_RECOVERED,NOT_SPECIFIED,REGISTRY_BINDING_ONLY
ac4a7af1869fc04d,B-049,"[""GAP-2665"", ""GAP-2687""]","[""SF-3781"", ""SF-3808""]","[""[\""gjensidige\"",\""campingvogn\"",\""ordinary\"",\""gjensidige-campingvogn-kasko\"",null]"", ""[\""gjensidige\"",\""campingvogn\"",\""ordinary\"",\""gjensidige-campingvogn-pluss\"",null]""]",false,false,NOT_RECOVERED,NOT_SPECIFIED,REGISTRY_BINDING_ONLY
ac71b1bf2d26d981,B-082,"[""GAP-1047"", ""GAP-1099""]","[""SF-1616"", ""SF-1681""]","[""[\""storebrand\"",\""reise\"",\""ordinary\"",\""storebrand-reise-standard\"",\""2026-09-20-canonical\""]"", ""[\""storebrand\"",\""reise\"",\""ordinary\"",\""storebrand-reise-super\"",\""2026-09-20-canonical\""]""]",false,false,NOT_RECOVERED,NOT_SPECIFIED,REGISTRY_BINDING_ONLY
aca7572371daf740,B-178,"[""GAP-0008""]","[""SF-0012""]","[""[\""tryg\"",\""hund\"",\""ordinary\"",\""tryg-hund-behandling\"",\""2026-09-01\""]""]",false,false,NOT_RECOVERED,NOT_SPECIFIED,REGISTRY_BINDING_ONLY
acf95c1351c6afee,B-054,"[""GAP-2334"", ""GAP-2377""]","[""SF-3364"", ""SF-3415""]","[""[\""gjensidige\"",\""mc\"",\""ordinary\"",\""gjensidige-mc-delkasko\"",null]"", ""[\""gjensidige\"",\""mc\"",\""ordinary\"",\""gjensidige-mc-kasko\"",null]""]",false,false,NOT_RECOVERED,NOT_SPECIFIED,REGISTRY_BINDING_ONLY
ad20a0a98661a827,B-117,"[""GAP-1447"", ""GAP-1475"", ""GAP-1506""]","[""SF-2117"", ""SF-2158"", ""SF-2204""]","[""[\""frende\"",\""mc\"",\""ordinary\"",\""frende-mc-ansvar\"",\""2026-01-01\""]"", ""[\""frende\"",\""mc\"",\""ordinary\"",\""frende-mc-delkasko\"",\""2026-01-01\""]"", ""[\""frende\"",\""mc\"",\""ordinary\"",\""frende-mc-kasko\"",\""2026-01-01\""]""]",false,false,NOT_RECOVERED,NOT_SPECIFIED,REGISTRY_BINDING_ONLY
ad2546bd6f7ddff3,B-056,"[""GAP-2567"", ""GAP-2597"", ""GAP-2628""]","[""SF-3666"", ""SF-3700"", ""SF-3735""]","[""[\""gjensidige\"",\""snøscooter\"",\""ordinary\"",\""gjensidige-snoscooter-ansvar\"",null]"", ""[\""gjensidige\"",\""snøscooter\"",\""ordinary\"",\""gjensidige-snoscooter-delkasko\"",null]"", ""[\""gjensidige\"",\""snøscooter\"",\""ordinary\"",\""gjensidige-snoscooter-kasko\"",null]""]",false,false,NOT_RECOVERED,NOT_SPECIFIED,REGISTRY_BINDING_ONLY
ad3f56a9e948c0b5,B-132,"[""GAP-2934""]","[""SF-4089""]","[""[\""gjensidige\"",\""katt\"",\""ordinary\"",\""gjensidige-katt-behandling\"",null]""]",false,false,NOT_RECOVERED,NOT_SPECIFIED,REGISTRY_BINDING_ONLY
ad60b12b862e241c,B-048,"[""GAP-2746""]","[""SF-3880""]","[""[\""gjensidige\"",\""båt\"",\""ordinary\"",\""gjensidige-bat-delkasko\"",null]""]",false,false,NOT_RECOVERED,NOT_SPECIFIED,REGISTRY_BINDING_ONLY
ad6249e1c6e14929,B-165,"[""GAP-0865"", ""GAP-0911""]","[""SF-1336"", ""SF-1406""]","[""[\""storebrand\"",\""innbo\"",\""ordinary\"",\""sb-innbo-standard\"",\""innbo09\""]"", ""[\""storebrand\"",\""innbo\"",\""ordinary\"",\""sb-innbo-super\"",\""innbo09\""]""]",false,false,NOT_RECOVERED,NOT_SPECIFIED,REGISTRY_BINDING_ONLY
ad654740bdb68f96,B-086,"[""GAP-4084""]","[""SF-5864""]","[""[\""tryg\"",\""bobil\"",\""ordinary\"",\""tryg-bobil-bobil-ekstra\"",\""2026-07-01\""]""]",false,false,NOT_RECOVERED,NOT_SPECIFIED,REGISTRY_BINDING_ONLY
ad735eb38011e226,B-052,"[""GAP-2056""]","[""SF-2950""]","[""[\""gjensidige\"",\""innbo\"",\""ordinary\"",\""gj-innbo-pluss\"",null]""]",false,false,NOT_RECOVERED,NOT_SPECIFIED,REGISTRY_BINDING_ONLY
ad96b70a1dc666df,B-061,"[""GAP-3236"", ""GAP-3261"", ""GAP-3286""]","[""SF-4567"", ""SF-4598"", ""SF-4629""]","[""[\""if\"",\""campingvogn\"",\""ordinary\"",\""if-campingvogn-delkasko\"",\""2024-03\""]"", ""[\""if\"",\""campingvogn\"",\""ordinary\"",\""if-campingvogn-kasko\"",\""2024-03\""]"", ""[\""if\"",\""campingvogn\"",\""ordinary\"",\""if-campingvogn-super\"",\""2024-03\""]""]",false,false,NOT_RECOVERED,NOT_SPECIFIED,REGISTRY_BINDING_ONLY
ada576a031d2e54f,B-060,"[""GAP-3660""]","[""SF-5260""]","[""[\""if\"",\""båt\"",\""ordinary\"",\""if-bat-delkasko\"",\""2023-02-01\""]""]",false,false,NOT_RECOVERED,NOT_SPECIFIED,REGISTRY_BINDING_ONLY
adb1ec0451b913cb,B-089,"[""GAP-0003""]","[""SF-0004""]","[""[\""tryg\"",\""hund\"",\""ordinary\"",\""tryg-hund-behandling\"",\""2026-09-01\""]""]",false,false,NOT_RECOVERED,NOT_SPECIFIED,REGISTRY_BINDING_ONLY
adb48465c7f5ae7b,B-075,"[""GAP-5648"", ""GAP-5670"", ""GAP-5693""]","[""SF-8001"", ""SF-8027"", ""SF-8054""]","[""[\""storebrand\"",\""båt\"",\""ordinary\"",\""storebrand-bat-delkasko\"",\""2024-09-01\""]"", ""[\""storebrand\"",\""båt\"",\""ordinary\"",\""storebrand-bat-kasko\"",\""2024-09-01\""]"", ""[\""storebrand\"",\""båt\"",\""ordinary\"",\""storebrand-bat-super\"",\""2024-09-01\""]""]",false,false,NOT_RECOVERED,NOT_SPECIFIED,REGISTRY_BINDING_ONLY
adbd510eedc7b937,B-048,"[""GAP-2781"", ""GAP-2823""]","[""SF-3920"", ""SF-3967""]","[""[\""gjensidige\"",\""båt\"",\""ordinary\"",\""gjensidige-bat-kasko\"",null]"", ""[\""gjensidige\"",\""båt\"",\""ordinary\"",\""gjensidige-bat-pluss\"",null]""]",false,false,NOT_RECOVERED,NOT_SPECIFIED,REGISTRY_BINDING_ONLY
ae045e2d9c1738f1,B-048,"[""GAP-2736"", ""GAP-2772"", ""GAP-2814""]","[""SF-3870"", ""SF-3911"", ""SF-3958""]","[""[\""gjensidige\"",\""båt\"",\""ordinary\"",\""gjensidige-bat-delkasko\"",null]"", ""[\""gjensidige\"",\""båt\"",\""ordinary\"",\""gjensidige-bat-kasko\"",null]"", ""[\""gjensidige\"",\""båt\"",\""ordinary\"",\""gjensidige-bat-pluss\"",null]""]",false,false,NOT_RECOVERED,NOT_SPECIFIED,REGISTRY_BINDING_ONLY
ae0661dd3218a003,B-086,"[""GAP-4030"", ""GAP-4047"", ""GAP-4066"", ""GAP-4087""]","[""SF-5774"", ""SF-5802"", ""SF-5834"", ""SF-5870""]","[""[\""tryg\"",\""bobil\"",\""ordinary\"",\""tryg-bobil-ansvar\"",\""2026-07-01\""]"", ""[\""tryg\"",\""bobil\"",\""ordinary\"",\""tryg-bobil-bobil-ekstra\"",\""2026-07-01\""]"", ""[\""tryg\"",\""bobil\"",\""ordinary\"",\""tryg-bobil-delkasko\"",\""2026-01-01\""]"", ""[\""tryg\"",\""bobil\"",\""ordinary\"",\""tryg-bobil-kasko\"",\""2026-01-01\""]""]",false,false,NOT_RECOVERED,NOT_SPECIFIED,REGISTRY_BINDING_ONLY
ae0ff54fc60d891e,B-101,"[""GAP-5446"", ""GAP-5482""]","[""SF-7747"", ""SF-7798""]","[""[\""fremtind\"",\""bobil\"",\""ordinary-dnb\"",\""fremtind-bobil-kasko\"",\""2025-09-18\""]"", ""[\""fremtind\"",\""bobil\"",\""ordinary-dnb\"",\""fremtind-bobil-topp\"",\""2025-09-18\""]""]",false,false,NOT_RECOVERED,NOT_SPECIFIED,REGISTRY_BINDING_ONLY
ae502dc2acd1581f,B-030,"[""GAP-5007"", ""GAP-5039""]","[""SF-7186"", ""SF-7224""]","[""[\""fremtind\"",\""innbo\"",\""ordinary\"",\""fremtind-innbo-standard\"",\""2025-01-01\""]"", ""[\""fremtind\"",\""innbo\"",\""ordinary\"",\""fremtind-innbo-topp\"",\""2025-01-01\""]""]",false,false,NOT_RECOVERED,NOT_SPECIFIED,REGISTRY_BINDING_ONLY
aebc206221028b58,B-080,"[""GAP-0240"", ""GAP-0270""]","[""SF-0392"", ""SF-0432""]","[""[\""storebrand\"",\""katt\"",\""ordinary\"",\""storebrand-katt-d-dsfall\"",\""2025-02-01\""]"", ""[\""storebrand\"",\""katt\"",\""ordinary\"",\""storebrand-katt-veterin-r-og-d-dsfall\"",\""2025-02-01\""]""]",false,false,NOT_RECOVERED,NOT_SPECIFIED,REGISTRY_BINDING_ONLY
aef5e515cfbd157e,B-091,"[""GAP-4369""]","[""SF-6222""]","[""[\""tryg\"",\""katt\"",\""ordinary\"",\""tryg-katt-behandling\"",\""2026-09-01\""]""]",false,false,NOT_RECOVERED,NOT_SPECIFIED,REGISTRY_BINDING_ONLY
af150eab853a1648,B-051,"[""GAP-2155""]","[""SF-3092""]","[""[\""gjensidige\"",\""bolig\"",\""ordinary\"",\""gjensidige-hus-pluss\"",\""Alminnelige vilkår\""]""]",false,false,NOT_RECOVERED,NOT_SPECIFIED,REGISTRY_BINDING_ONLY
af3a3ee673fedc83,B-051,"[""GAP-2094"", ""GAP-2149""]","[""SF-3003"", ""SF-3086""]","[""[\""gjensidige\"",\""bolig\"",\""ordinary\"",\""gjensidige-hus\"",\""Alminnelige vilkår\""]"", ""[\""gjensidige\"",\""bolig\"",\""ordinary\"",\""gjensidige-hus-pluss\"",\""Alminnelige vilkår\""]""]",false,false,NOT_RECOVERED,NOT_SPECIFIED,REGISTRY_BINDING_ONLY
af5da0d36b31e293,B-085,"[""GAP-3922"", ""GAP-3936""]","[""SF-5580"", ""SF-5610""]","[""[\""tryg\"",\""bil\"",\""ordinary\"",\""bil-delkasko\"",\""PAU25835\""]"", ""[\""tryg\"",\""bil\"",\""ordinary\"",\""bil-kasko\"",\""PAU25205\""]""]",false,false,NOT_RECOVERED,NOT_SPECIFIED,REGISTRY_BINDING_ONLY
af690f3bf52a813d,B-074,"[""GAP-0704""]","[""SF-1128""]","[""[\""storebrand\"",\""bobil\"",\""ordinary\"",\""storebrand-bobil-super\"",\""motor09\""]""]",false,false,NOT_RECOVERED,NOT_SPECIFIED,REGISTRY_BINDING_ONLY
afa3ddda767c07bd,B-024,"[""GAP-3290""]","[""SF-4633""]","[""[\""if\"",\""campingvogn\"",\""ordinary\"",\""if-campingvogn-super\"",\""2024-03\""]""]",false,false,NOT_RECOVERED,NOT_SPECIFIED,REGISTRY_BINDING_ONLY
afdcc44c2d6f17bf,B-024,"[""GAP-3289""]","[""SF-4632""]","[""[\""if\"",\""campingvogn\"",\""ordinary\"",\""if-campingvogn-super\"",\""2024-03\""]""]",false,false,NOT_RECOVERED,NOT_SPECIFIED,REGISTRY_BINDING_ONLY
b0160d97dce104bf,B-105,"[""GAP-5161""]","[""SF-7392""]","[""[\""fremtind\"",\""reise\"",\""ordinary\"",\""fremtind-reise\"",\""PRE-450.200-015\""]""]",false,false,NOT_RECOVERED,NOT_SPECIFIED,REGISTRY_BINDING_ONLY
b031d2cf3de6e3e7,B-157,"[""GAP-5615""]","[""SF-7963""]","[""[\""sparebank1-fremtind\"",\""katt\"",\""ordinary\"",\""sparebank1-fremtind-katt-veterin-r\"",\""2025-08-07\""]""]",false,false,NOT_RECOVERED,NOT_SPECIFIED,REGISTRY_BINDING_ONLY
b05e3295a8587c84,B-083,"[""GAP-0490"", ""GAP-0519""]","[""SF-0843"", ""SF-0876""]","[""[\""storebrand\"",\""snøscooter\"",\""ordinary\"",\""storebrand-snoscooter-delkasko\"",\""2025-04-01\""]"", ""[\""storebrand\"",\""snøscooter\"",\""ordinary\"",\""storebrand-snoscooter-kasko\"",\""2025-04-01\""]""]",false,false,NOT_RECOVERED,NOT_SPECIFIED,REGISTRY_BINDING_ONLY
b0688e6c58147a9a,B-029,"[""GAP-5076"", ""GAP-5109""]","[""SF-7268"", ""SF-7315""]","[""[\""fremtind\"",\""bolig\"",\""ordinary\"",\""fremtind-hus-standard\"",\""PBK-200.100-015+PBK-200.200-010\""]"", ""[\""fremtind\"",\""bolig\"",\""ordinary\"",\""fremtind-hus-topp\"",\""PBK-200.100-015+PBK-200.200-010\""]""]",false,false,NOT_RECOVERED,NOT_SPECIFIED,REGISTRY_BINDING_ONLY
b0aae4bc4efd426f,B-167,"[""GAP-0547"", ""GAP-0574"", ""GAP-0602""]","[""SF-0910"", ""SF-0948"", ""SF-0988""]","[""[\""storebrand\"",\""mc\"",\""ordinary\"",\""storebrand-mc-ansvar\"",\""motor09\""]"", ""[\""storebrand\"",\""mc\"",\""ordinary\"",\""storebrand-mc-delkasko\"",\""motor09\""]"", ""[\""storebrand\"",\""mc\"",\""ordinary\"",\""storebrand-mc-kasko\"",\""motor09\""]""]",false,false,NOT_RECOVERED,NOT_SPECIFIED,REGISTRY_BINDING_ONLY
b0ae5d4b18a05e34,B-034,"[""GAP-1338""]","[""SF-1970""]","[""[\""frende\"",\""bil\"",\""ordinary\"",\""frende-bil-delkasko\"",\""2026-01-01\""]""]",false,false,NOT_RECOVERED,NOT_SPECIFIED,REGISTRY_BINDING_ONLY
b0f313b3f14a15e6,B-176,"[""GAP-4155"", ""GAP-4172"", ""GAP-4191""]","[""SF-5957"", ""SF-5980"", ""SF-6004""]","[""[\""tryg\"",\""campingvogn\"",\""ordinary\"",\""tryg-campingvogn-brann-og-tyveri\"",\""2026-01-01\""]"", ""[\""tryg\"",\""campingvogn\"",\""ordinary\"",\""tryg-campingvogn-campingvogn-ekstra\"",\""2026-01-01\""]"", ""[\""tryg\"",\""campingvogn\"",\""ordinary\"",\""tryg-campingvogn-kasko\"",\""2026-01-01\""]""]",false,false,NOT_RECOVERED,NOT_SPECIFIED,REGISTRY_BINDING_ONLY
b1172fc88664ac1d,B-107,"[""GAP-1334"", ""GAP-1368"", ""GAP-1413""]","[""SF-1963"", ""SF-2006"", ""SF-2066""]","[""[\""frende\"",\""bil\"",\""ordinary\"",\""frende-bil-delkasko\"",\""2026-01-01\""]"", ""[\""frende\"",\""bil\"",\""ordinary\"",\""frende-bil-kasko\"",\""2026-01-01\""]"", ""[\""frende\"",\""bil\"",\""ordinary\"",\""frende-bil-utvidet\"",\""2026-01-01\""]""]",false,false,NOT_RECOVERED,NOT_SPECIFIED,REGISTRY_BINDING_ONLY
b11e6b335ac516e3,B-089,"[""GAP-4345""]","[""SF-6197""]","[""[\""tryg\"",\""hund\"",\""ordinary\"",\""tryg-hund-behandling\"",\""2026-09-01\""]""]",false,false,NOT_RECOVERED,NOT_SPECIFIED,REGISTRY_BINDING_ONLY
b171d98cabbd732c,B-124,"[""GAP-2791"", ""GAP-2833""]","[""SF-3931"", ""SF-3978""]","[""[\""gjensidige\"",\""båt\"",\""ordinary\"",\""gjensidige-bat-kasko\"",null]"", ""[\""gjensidige\"",\""båt\"",\""ordinary\"",\""gjensidige-bat-pluss\"",null]""]",false,false,NOT_RECOVERED,NOT_SPECIFIED,REGISTRY_BINDING_ONLY
b175d11acb8681fe,B-052,"[""GAP-2049""]","[""SF-2940""]","[""[\""gjensidige\"",\""innbo\"",\""ordinary\"",\""gj-innbo-pluss\"",null]""]",false,false,NOT_RECOVERED,NOT_SPECIFIED,REGISTRY_BINDING_ONLY
b191f12a403c27ee,B-091,"[""GAP-4379""]","[""SF-6232""]","[""[\""tryg\"",\""katt\"",\""ordinary\"",\""tryg-katt-behandling\"",\""2026-09-01\""]""]",false,false,NOT_RECOVERED,NOT_SPECIFIED,REGISTRY_BINDING_ONLY
b1bf7e338671afb3,B-173,"[""GAP-3923""]","[""SF-5581""]","[""[\""tryg\"",\""bil\"",\""ordinary\"",\""bil-delkasko\"",\""PAU25835\""]""]",false,false,NOT_RECOVERED,NOT_SPECIFIED,REGISTRY_BINDING_ONLY
b2038f6611b0c673,B-058,"[""GAP-2961"", ""GAP-2977"", ""GAP-2999""]","[""SF-4131"", ""SF-4158"", ""SF-4199""]","[""[\""if\"",\""bil\"",\""ordinary\"",\""if-bil-delkasko\"",\""MOT2-2\""]"", ""[\""if\"",\""bil\"",\""ordinary\"",\""if-bil-kasko\"",\""MOT2-2\""]"", ""[\""if\"",\""bil\"",\""ordinary\"",\""if-bil-super\"",\""MOT2-2\""]""]",false,false,NOT_RECOVERED,NOT_SPECIFIED,REGISTRY_BINDING_ONLY
b2803e42b94d1584,B-082,"[""GAP-1082"", ""GAP-1134""]","[""SF-1659"", ""SF-1724""]","[""[\""storebrand\"",\""reise\"",\""ordinary\"",\""storebrand-reise-standard\"",\""2026-09-20-canonical\""]"", ""[\""storebrand\"",\""reise\"",\""ordinary\"",\""storebrand-reise-super\"",\""2026-09-20-canonical\""]""]",false,false,NOT_RECOVERED,NOT_SPECIFIED,REGISTRY_BINDING_ONLY
b2c12d1d1a90acc2,B-030,"[""GAP-5024"", ""GAP-5065""]","[""SF-7204"", ""SF-7255""]","[""[\""fremtind\"",\""innbo\"",\""ordinary\"",\""fremtind-innbo-standard\"",\""2025-01-01\""]"", ""[\""fremtind\"",\""innbo\"",\""ordinary\"",\""fremtind-innbo-topp\"",\""2025-01-01\""]""]",false,false,NOT_RECOVERED,NOT_SPECIFIED,REGISTRY_BINDING_ONLY
b2dfb452aaacba84,B-205,"[""GAP-5181"", ""GAP-5218""]","[""SF-7417"", ""SF-7460""]","[""[\""fremtind-eika-legacy\"",\""reise\"",\""ordinary\"",\""eika-reise-p10\"",\""P10-P10P-2025-01-01\""]"", ""[\""fremtind-eika-legacy\"",\""reise\"",\""ordinary\"",\""eika-reise-pluss-p10\"",\""P10-P10P-2025-01-01\""]""]",false,true,NOT_RECOVERED,NOT_SPECIFIED,ARCHIVED_BASELINE
b2e488846175c8eb,B-048,"[""GAP-2740"", ""GAP-2776"", ""GAP-2818""]","[""SF-3874"", ""SF-3915"", ""SF-3962""]","[""[\""gjensidige\"",\""båt\"",\""ordinary\"",\""gjensidige-bat-delkasko\"",null]"", ""[\""gjensidige\"",\""båt\"",\""ordinary\"",\""gjensidige-bat-kasko\"",null]"", ""[\""gjensidige\"",\""båt\"",\""ordinary\"",\""gjensidige-bat-pluss\"",null]""]",false,false,NOT_RECOVERED,NOT_SPECIFIED,REGISTRY_BINDING_ONLY
b2e9b7fa801af8e4,B-134,"[""GAP-2297"", ""GAP-2324"", ""GAP-2367""]","[""SF-3319"", ""SF-3351"", ""SF-3402""]","[""[\""gjensidige\"",\""mc\"",\""ordinary\"",\""gjensidige-mc-ansvar\"",null]"", ""[\""gjensidige\"",\""mc\"",\""ordinary\"",\""gjensidige-mc-delkasko\"",null]"", ""[\""gjensidige\"",\""mc\"",\""ordinary\"",\""gjensidige-mc-kasko\"",null]""]",false,false,NOT_RECOVERED,NOT_SPECIFIED,REGISTRY_BINDING_ONLY
b34d48f74fe9c773,B-093,"[""GAP-4484"", ""GAP-4510"", ""GAP-4536""]","[""SF-6469"", ""SF-6517"", ""SF-6569""]","[""[\""tryg\"",\""reise\"",\""ordinary\"",\""tryg-reise\"",\""2026-09-20-canonical\""]"", ""[\""tryg\"",\""reise\"",\""ordinary\"",\""tryg-reise-ekstra\"",\""2026-09-20-canonical\""]"", ""[\""tryg\"",\""reise\"",\""ordinary\"",\""tryg-reise-premium\"",\""2026-09-20-canonical\""]""]",false,false,NOT_RECOVERED,NOT_SPECIFIED,REGISTRY_BINDING_ONLY
b395eb517c90ca0f,B-064,"[""GAP-3396"", ""GAP-3442""]","[""SF-4774"", ""SF-4839""]","[""[\""if\"",\""innbo\"",\""ordinary\"",\""if-innbo-super\"",\""IBO2-1\""]"", ""[\""if\"",\""innbo\"",\""ordinary\"",\""if-innbo-utvidet\"",\""IBO2-1\""]""]",false,false,NOT_RECOVERED,NOT_SPECIFIED,REGISTRY_BINDING_ONLY
b398d8e9aa95e8fc,B-079,"[""GAP-0866"", ""GAP-0912""]","[""SF-1337"", ""SF-1407""]","[""[\""storebrand\"",\""innbo\"",\""ordinary\"",\""sb-innbo-standard\"",\""innbo09\""]"", ""[\""storebrand\"",\""innbo\"",\""ordinary\"",\""sb-innbo-super\"",\""innbo09\""]""]",false,false,NOT_RECOVERED,NOT_SPECIFIED,REGISTRY_BINDING_ONLY
b3b964a9c6105360,B-051,"[""GAP-2098"", ""GAP-2157""]","[""SF-3007"", ""SF-3094""]","[""[\""gjensidige\"",\""bolig\"",\""ordinary\"",\""gjensidige-hus\"",\""Alminnelige vilkår\""]"", ""[\""gjensidige\"",\""bolig\"",\""ordinary\"",\""gjensidige-hus-pluss\"",\""Alminnelige vilkår\""]""]",false,false,NOT_RECOVERED,NOT_SPECIFIED,REGISTRY_BINDING_ONLY
b3f93c2023c216c2,B-106,"[""GAP-4882"", ""GAP-4895"", ""GAP-4924"", ""GAP-4962""]","[""SF-7016"", ""SF-7033"", ""SF-7067"", ""SF-7120""]","[""[\""fremtind\"",\""bil\"",\""ordinary\"",\""fremtind-bil-ansvar\"",\""PMO-357.001-004\""]"", ""[\""fremtind\"",\""bil\"",\""ordinary\"",\""fremtind-bil-delkasko\"",\""PMO-357.001-004\""]"", ""[\""fremtind\"",\""bil\"",\""ordinary\"",\""fremtind-bil-kasko\"",\""PMO-357.001-004\""]"", ""[\""fremtind\"",\""bil\"",\""ordinary\"",\""fremtind-bil-topp\"",\""PMO-357.001-004\""]""]",false,false,NOT_RECOVERED,NOT_SPECIFIED,REGISTRY_BINDING_ONLY
b45608cad7c89e92,B-015,"[""GAP-4435""]","[""SF-6305""]","[""[\""tryg\"",\""innbo\"",\""ordinary\"",\""tryg-innbo-ekstra\"",\""2026-07-01\""]""]",false,false,NOT_RECOVERED,NOT_SPECIFIED,REGISTRY_BINDING_ONLY
b48008c40080fed3,B-128,"[""GAP-2878""]","[""SF-4029""]","[""[\""gjensidige\"",\""hund\"",\""ordinary\"",\""gjensidige-hund-behandling\"",null]""]",false,false,NOT_RECOVERED,NOT_SPECIFIED,REGISTRY_BINDING_ONLY
b495fb59d6638814,B-046,"[""GAP-1860"", ""GAP-1898"", ""GAP-1947""]","[""SF-2688"", ""SF-2738"", ""SF-2804""]","[""[\""gjensidige\"",\""bil\"",\""ordinary\"",\""gj-bil-delkasko\"",null]"", ""[\""gjensidige\"",\""bil\"",\""ordinary\"",\""gj-bil-kasko\"",null]"", ""[\""gjensidige\"",\""bil\"",\""ordinary\"",\""gj-bil-pluss\"",null]""]",false,false,NOT_RECOVERED,NOT_SPECIFIED,REGISTRY_BINDING_ONLY
b496dafb69888d2b,B-047,"[""GAP-2444"", ""GAP-2483"", ""GAP-2523""]","[""SF-3498"", ""SF-3544"", ""SF-3597""]","[""[\""gjensidige\"",\""bobil\"",\""ordinary\"",\""gjensidige-bobil-delkasko\"",null]"", ""[\""gjensidige\"",\""bobil\"",\""ordinary\"",\""gjensidige-bobil-kasko\"",null]"", ""[\""gjensidige\"",\""bobil\"",\""ordinary\"",\""gjensidige-bobil-pluss\"",null]""]",false,false,NOT_RECOVERED,NOT_SPECIFIED,REGISTRY_BINDING_ONLY
b4aaf0559fce6309,B-159,"[""GAP-0630"", ""GAP-0655"", ""GAP-0693""]","[""SF-1026"", ""SF-1061"", ""SF-1111""]","[""[\""storebrand\"",\""bobil\"",\""ordinary\"",\""storebrand-bobil-delkasko\"",\""motor09\""]"", ""[\""storebrand\"",\""bobil\"",\""ordinary\"",\""storebrand-bobil-kasko\"",\""motor09\""]"", ""[\""storebrand\"",\""bobil\"",\""ordinary\"",\""storebrand-bobil-super\"",\""motor09\""]""]",false,false,NOT_RECOVERED,NOT_SPECIFIED,REGISTRY_BINDING_ONLY
b5792662cc2fa9f8,B-050,"[""GAP-2884""]","[""SF-4036""]","[""[\""gjensidige\"",\""hund\"",\""ordinary\"",\""gjensidige-hund-behandling\"",null]""]",false,false,NOT_RECOVERED,NOT_SPECIFIED,REGISTRY_BINDING_ONLY
b5825f51c85e31db,B-059,"[""GAP-3099"", ""GAP-3127"", ""GAP-3157""]","[""SF-4364"", ""SF-4408"", ""SF-4463""]","[""[\""if\"",\""bobil\"",\""ordinary\"",\""if-bobil-delkasko\"",\""2024-03\""]"", ""[\""if\"",\""bobil\"",\""ordinary\"",\""if-bobil-kasko\"",\""2024-03\""]"", ""[\""if\"",\""bobil\"",\""ordinary\"",\""if-bobil-super\"",\""2022-06\""]""]",false,false,NOT_RECOVERED,NOT_SPECIFIED,REGISTRY_BINDING_ONLY
b59518d027d275dd,B-060,"[""GAP-3748""]","[""SF-5362""]","[""[\""if\"",\""båt\"",\""ordinary\"",\""if-bat-super\"",\""2023-02-01\""]""]",false,false,NOT_RECOVERED,NOT_SPECIFIED,REGISTRY_BINDING_ONLY
b5a7c8ce07aa3587,B-077,"[""GAP-0198"", ""GAP-0233""]","[""SF-0335"", ""SF-0380""]","[""[\""storebrand\"",\""hund\"",\""ordinary\"",\""storebrand-hund-d-dsfall\"",\""2025-02-01\""]"", ""[\""storebrand\"",\""hund\"",\""ordinary\"",\""storebrand-hund-veterin-r-og-d-dsfall\"",\""2025-02-01\""]""]",false,false,NOT_RECOVERED,NOT_SPECIFIED,REGISTRY_BINDING_ONLY
b5b211cad16d32c6,B-051,"[""GAP-2091"", ""GAP-2146""]","[""SF-2997"", ""SF-3081""]","[""[\""gjensidige\"",\""bolig\"",\""ordinary\"",\""gjensidige-hus\"",\""Alminnelige vilkår\""]"", ""[\""gjensidige\"",\""bolig\"",\""ordinary\"",\""gjensidige-hus-pluss\"",\""Alminnelige vilkår\""]""]",false,false,NOT_RECOVERED,NOT_SPECIFIED,REGISTRY_BINDING_ONLY
b5e02c84e91713e9,B-040,"[""GAP-0283""]","[""SF-0472""]","[""[\""frende\"",\""innbo\"",\""ordinary\"",\""frende-innbo-standard\"",\""2026-09-01\""]""]",false,false,NOT_RECOVERED,NOT_SPECIFIED,REGISTRY_BINDING_ONLY
b5eb98e914354960,B-040,"[""GAP-0275""]","[""SF-0452""]","[""[\""frende\"",\""innbo\"",\""ordinary\"",\""frende-innbo-standard\"",\""2026-09-01\""]""]",false,false,NOT_RECOVERED,NOT_SPECIFIED,REGISTRY_BINDING_ONLY
b5edb076f7528f15,B-097,"[""GAP-5307"", ""GAP-5318""]","[""SF-7566"", ""SF-7578""]","[""[\""eika-fremtind\"",\""campingvogn\"",\""ordinary\"",\""eika-fremtind-campingvogn-kasko\"",\""2024-03-21\""]"", ""[\""eika-fremtind\"",\""campingvogn\"",\""ordinary\"",\""eika-fremtind-campingvogn-minikasko\"",\""2024-03-21\""]""]",false,false,NOT_RECOVERED,NOT_SPECIFIED,REGISTRY_BINDING_ONLY
b5ff71687e44318f,B-128,"[""GAP-2879""]","[""SF-4030""]","[""[\""gjensidige\"",\""hund\"",\""ordinary\"",\""gjensidige-hund-behandling\"",null]""]",false,false,NOT_RECOVERED,NOT_SPECIFIED,REGISTRY_BINDING_ONLY
b609e07de4c7962d,B-106,"[""GAP-4656"", ""GAP-4669"", ""GAP-4698"", ""GAP-4732""]","[""SF-6724"", ""SF-6741"", ""SF-6775"", ""SF-6820""]","[""[\""dnb-fremtind\"",\""bil\"",\""ordinary\"",\""dnb-bil-ansvar\"",\""PMO-357.001-004\""]"", ""[\""dnb-fremtind\"",\""bil\"",\""ordinary\"",\""dnb-bil-delkasko\"",\""PMO-357.001-004\""]"", ""[\""dnb-fremtind\"",\""bil\"",\""ordinary\"",\""dnb-bil-kasko\"",\""PMO-357.001-004\""]"", ""[\""dnb-fremtind\"",\""bil\"",\""ordinary\"",\""dnb-bil-topp\"",\""PMO-357.001-004\""]""]",false,false,NOT_RECOVERED,NOT_SPECIFIED,REGISTRY_BINDING_ONLY
b626be71b1b472cc,B-158,"[""GAP-0369"", ""GAP-0408"", ""GAP-0453""]","[""SF-0690"", ""SF-0741"", ""SF-0800""]","[""[\""storebrand\"",\""bil\"",\""ordinary\"",\""sb-bil-delkasko\"",\""motor09\""]"", ""[\""storebrand\"",\""bil\"",\""ordinary\"",\""sb-bil-kasko\"",\""motor09\""]"", ""[\""storebrand\"",\""bil\"",\""ordinary\"",\""sb-bil-super\"",\""motor09\""]""]",false,false,NOT_RECOVERED,NOT_SPECIFIED,REGISTRY_BINDING_ONLY
b62a64284e4abbe1,B-205,"[""GAP-5205"", ""GAP-5241""]","[""SF-7444"", ""SF-7487""]","[""[\""fremtind-eika-legacy\"",\""reise\"",\""ordinary\"",\""eika-reise-p10\"",\""P10-P10P-2025-01-01\""]"", ""[\""fremtind-eika-legacy\"",\""reise\"",\""ordinary\"",\""eika-reise-pluss-p10\"",\""P10-P10P-2025-01-01\""]""]",false,true,NOT_RECOVERED,NOT_SPECIFIED,ARCHIVED_BASELINE
b6504beef8072acb,B-042,"[""GAP-1500""]","[""SF-2195""]","[""[\""frende\"",\""mc\"",\""ordinary\"",\""frende-mc-kasko\"",\""2026-01-01\""]""]",false,false,NOT_RECOVERED,NOT_SPECIFIED,REGISTRY_BINDING_ONLY
b660ade93c171552,B-164,"[""GAP-0857"", ""GAP-0903""]","[""SF-1324"", ""SF-1394""]","[""[\""storebrand\"",\""innbo\"",\""ordinary\"",\""sb-innbo-standard\"",\""innbo09\""]"", ""[\""storebrand\"",\""innbo\"",\""ordinary\"",\""sb-innbo-super\"",\""innbo09\""]""]",false,false,NOT_RECOVERED,NOT_SPECIFIED,REGISTRY_BINDING_ONLY
b6d511df7239df2a,B-170,"[""GAP-0496"", ""GAP-0527""]","[""SF-0850"", ""SF-0885""]","[""[\""storebrand\"",\""snøscooter\"",\""ordinary\"",\""storebrand-snoscooter-delkasko\"",\""2025-04-01\""]"", ""[\""storebrand\"",\""snøscooter\"",\""ordinary\"",\""storebrand-snoscooter-kasko\"",\""2025-04-01\""]""]",false,false,NOT_RECOVERED,NOT_SPECIFIED,REGISTRY_BINDING_ONLY
b707c15e706c1bcf,B-074,"[""GAP-0611"", ""GAP-0623"", ""GAP-0648"", ""GAP-0686""]","[""SF-0999"", ""SF-1015"", ""SF-1050"", ""SF-1100""]","[""[\""storebrand\"",\""bobil\"",\""ordinary\"",\""storebrand-bobil-ansvar\"",\""motor09\""]"", ""[\""storebrand\"",\""bobil\"",\""ordinary\"",\""storebrand-bobil-delkasko\"",\""motor09\""]"", ""[\""storebrand\"",\""bobil\"",\""ordinary\"",\""storebrand-bobil-kasko\"",\""motor09\""]"", ""[\""storebrand\"",\""bobil\"",\""ordinary\"",\""storebrand-bobil-super\"",\""motor09\""]""]",false,false,NOT_RECOVERED,NOT_SPECIFIED,REGISTRY_BINDING_ONLY
b713793cb2c2c273,B-030,"[""GAP-5045""]","[""SF-7231""]","[""[\""fremtind\"",\""innbo\"",\""ordinary\"",\""fremtind-innbo-topp\"",\""2025-01-01\""]""]",false,false,NOT_RECOVERED,NOT_SPECIFIED,REGISTRY_BINDING_ONLY
b74fed60e3293733,B-026,"[""GAP-5297""]","[""SF-7555""]","[""[\""eika-fremtind\"",\""snøscooter\"",\""ordinary\"",\""eika-fremtind-snoscooter-kasko\"",\""2023-10-29\""]""]",false,false,NOT_RECOVERED,NOT_SPECIFIED,REGISTRY_BINDING_ONLY
b755d583fbd03659,B-046,"[""GAP-1839"", ""GAP-1875"", ""GAP-1924"", ""GAP-1975""]","[""SF-2656"", ""SF-2704"", ""SF-2770"", ""SF-2843""]","[""[\""gjensidige\"",\""bil\"",\""ordinary\"",\""gj-bil-ansvar\"",null]"", ""[\""gjensidige\"",\""bil\"",\""ordinary\"",\""gj-bil-delkasko\"",null]"", ""[\""gjensidige\"",\""bil\"",\""ordinary\"",\""gj-bil-kasko\"",null]"", ""[\""gjensidige\"",\""bil\"",\""ordinary\"",\""gj-bil-pluss\"",null]""]",false,false,NOT_RECOVERED,NOT_SPECIFIED,REGISTRY_BINDING_ONLY
b75b8e63d1795cb8,B-034,"[""GAP-1374"", ""GAP-1418""]","[""SF-2017"", ""SF-2079""]","[""[\""frende\"",\""bil\"",\""ordinary\"",\""frende-bil-kasko\"",\""2026-01-01\""]"", ""[\""frende\"",\""bil\"",\""ordinary\"",\""frende-bil-utvidet\"",\""2026-01-01\""]""]",false,false,NOT_RECOVERED,NOT_SPECIFIED,REGISTRY_BINDING_ONLY
b771c2c0a54bf725,B-153,"[""GAP-5569""]","[""SF-7908""]","[""[\""sparebank1-fremtind\"",\""båt\"",\""ordinary\"",\""sparebank1-fremtind-bat-toppkasko\"",\""2024-06-10\""]""]",false,false,NOT_RECOVERED,NOT_SPECIFIED,REGISTRY_BINDING_ONLY
b7c3a54f2c64bec8,B-041,"[""GAP-1293""]","[""SF-1912""]","[""[\""frende\"",\""katt\"",\""ordinary\"",\""frende-katt-veterin-r\"",\""2026-01-01\""]""]",false,false,NOT_RECOVERED,NOT_SPECIFIED,REGISTRY_BINDING_ONLY
b7caae90be776b98,B-139,"[""GAP-3012""]","[""SF-4223""]","[""[\""if\"",\""bil\"",\""ordinary\"",\""if-bil-super\"",\""MOT2-2\""]""]",false,false,NOT_RECOVERED,NOT_SPECIFIED,REGISTRY_BINDING_ONLY
b7f3ca5fc51cf2eb,B-040,"[""GAP-0284""]","[""SF-0473""]","[""[\""frende\"",\""innbo\"",\""ordinary\"",\""frende-innbo-standard\"",\""2026-09-01\""]""]",false,false,NOT_RECOVERED,NOT_SPECIFIED,REGISTRY_BINDING_ONLY
b81550168d90b37d,B-136,"[""GAP-2590"", ""GAP-2621""]","[""SF-3692"", ""SF-3727""]","[""[\""gjensidige\"",\""snøscooter\"",\""ordinary\"",\""gjensidige-snoscooter-delkasko\"",null]"", ""[\""gjensidige\"",\""snøscooter\"",\""ordinary\"",\""gjensidige-snoscooter-kasko\"",null]""]",false,false,NOT_RECOVERED,NOT_SPECIFIED,REGISTRY_BINDING_ONLY
b860611fa8cf78e4,B-046,"[""GAP-1901"", ""GAP-1949""]","[""SF-2742"", ""SF-2807""]","[""[\""gjensidige\"",\""bil\"",\""ordinary\"",\""gj-bil-kasko\"",null]"", ""[\""gjensidige\"",\""bil\"",\""ordinary\"",\""gj-bil-pluss\"",null]""]",false,false,NOT_RECOVERED,NOT_SPECIFIED,REGISTRY_BINDING_ONLY
b87d6cb9533f0229,B-037,"[""GAP-1724"", ""GAP-1750""]","[""SF-2508"", ""SF-2541""]","[""[\""frende\"",\""campingvogn\"",\""ordinary\"",\""frende-campingvogn-brann-og-tyveri\"",\""2026-01-01\""]"", ""[\""frende\"",\""campingvogn\"",\""ordinary\"",\""frende-campingvogn-kasko\"",\""2026-01-01\""]""]",false,false,NOT_RECOVERED,NOT_SPECIFIED,REGISTRY_BINDING_ONLY
b87ea81da603c27d,B-124,"[""GAP-2837""]","[""SF-3982""]","[""[\""gjensidige\"",\""båt\"",\""ordinary\"",\""gjensidige-bat-pluss\"",null]""]",false,false,NOT_RECOVERED,NOT_SPECIFIED,REGISTRY_BINDING_ONLY
b88be3ff3437abdb,B-048,"[""GAP-2848""]","[""SF-3994""]","[""[\""gjensidige\"",\""båt\"",\""ordinary\"",\""gjensidige-bat-pluss\"",null]""]",false,false,NOT_RECOVERED,NOT_SPECIFIED,REGISTRY_BINDING_ONLY
b890d56cd356fb30,B-074,"[""GAP-0619"", ""GAP-0644"", ""GAP-0682"", ""GAP-0726""]","[""SF-1009"", ""SF-1044"", ""SF-1094"", ""SF-1154""]","[""[\""storebrand\"",\""bobil\"",\""ordinary\"",\""storebrand-bobil-ansvar\"",\""motor09\""]"", ""[\""storebrand\"",\""bobil\"",\""ordinary\"",\""storebrand-bobil-delkasko\"",\""motor09\""]"", ""[\""storebrand\"",\""bobil\"",\""ordinary\"",\""storebrand-bobil-kasko\"",\""motor09\""]"", ""[\""storebrand\"",\""bobil\"",\""ordinary\"",\""storebrand-bobil-super\"",\""motor09\""]""]",false,false,NOT_RECOVERED,NOT_SPECIFIED,REGISTRY_BINDING_ONLY
b8bb2a93f2ad004d,B-067,"[""GAP-3580"", ""GAP-3619""]","[""SF-5135"", ""SF-5197""]","[""[\""if\"",\""reise\"",\""ordinary\"",\""if-reise-standard\"",\""2026-09-20-canonical\""]"", ""[\""if\"",\""reise\"",\""ordinary\"",\""if-reise-super\"",\""2026-09-20-canonical\""]""]",false,false,NOT_RECOVERED,NOT_SPECIFIED,REGISTRY_BINDING_ONLY
b8efe7743ad4a03c,B-053,"[""GAP-2935""]","[""SF-4090""]","[""[\""gjensidige\"",\""katt\"",\""ordinary\"",\""gjensidige-katt-behandling\"",null]""]",false,false,NOT_RECOVERED,NOT_SPECIFIED,REGISTRY_BINDING_ONLY
b8ff2d37ea4b0069,B-043,"[""GAP-0325""]","[""SF-0594""]","[""[\""frende\"",\""reise\"",\""ordinary\"",\""frende-reiseforsikring\"",\""2026-03-01\""]""]",false,false,NOT_RECOVERED,NOT_SPECIFIED,REGISTRY_BINDING_ONLY
b913e998e7d774af,B-166,"[""GAP-0183"", ""GAP-0263""]","[""SF-0312"", ""SF-0424""]","[""[\""storebrand\"",\""katt\"",\""ordinary\"",\""storebrand-katt-veterin-r\"",\""2025-02-01\""]"", ""[\""storebrand\"",\""katt\"",\""ordinary\"",\""storebrand-katt-veterin-r-og-d-dsfall\"",\""2025-02-01\""]""]",false,false,NOT_RECOVERED,NOT_SPECIFIED,REGISTRY_BINDING_ONLY
b94c1286ff6ec6e3,B-112,"[""GAP-1731"", ""GAP-1757""]","[""SF-2515"", ""SF-2548""]","[""[\""frende\"",\""campingvogn\"",\""ordinary\"",\""frende-campingvogn-brann-og-tyveri\"",\""2026-01-01\""]"", ""[\""frende\"",\""campingvogn\"",\""ordinary\"",\""frende-campingvogn-kasko\"",\""2026-01-01\""]""]",false,false,NOT_RECOVERED,NOT_SPECIFIED,REGISTRY_BINDING_ONLY
b9620e9af567eb43,B-177,"[""GAP-4340""]","[""SF-6192""]","[""[\""tryg\"",\""hund\"",\""ordinary\"",\""tryg-hund-behandling\"",\""2026-09-01\""]""]",false,false,NOT_RECOVERED,NOT_SPECIFIED,REGISTRY_BINDING_ONLY
b97d788618eae5b1,B-134,"[""GAP-2331"", ""GAP-2374""]","[""SF-3358"", ""SF-3409""]","[""[\""gjensidige\"",\""mc\"",\""ordinary\"",\""gjensidige-mc-delkasko\"",null]"", ""[\""gjensidige\"",\""mc\"",\""ordinary\"",\""gjensidige-mc-kasko\"",null]""]",false,false,NOT_RECOVERED,NOT_SPECIFIED,REGISTRY_BINDING_ONLY
b9a4784069bf37d9,B-004,"[""GAP-3553"", ""GAP-3590"", ""GAP-3631""]","[""SF-5085"", ""SF-5148"", ""SF-5215""]","[""[\""if\"",\""reise\"",\""ordinary\"",\""if-reise-basis\"",\""2026-09-20-canonical\""]"", ""[\""if\"",\""reise\"",\""ordinary\"",\""if-reise-standard\"",\""2026-09-20-canonical\""]"", ""[\""if\"",\""reise\"",\""ordinary\"",\""if-reise-super\"",\""2026-09-20-canonical\""]""]",true,false,NOT_RECOVERED,NOT_SPECIFIED,ARCHIVED_BASELINE
b9d7941803c6b237,B-082,"[""GAP-1146""]","[""SF-1738""]","[""[\""storebrand\"",\""reise\"",\""ordinary\"",\""storebrand-reise-super\"",\""2026-09-20-canonical\""]""]",false,false,NOT_RECOVERED,NOT_SPECIFIED,REGISTRY_BINDING_ONLY
ba08b96d5cbf29ff,B-128,"[""GAP-2888""]","[""SF-4040""]","[""[\""gjensidige\"",\""hund\"",\""ordinary\"",\""gjensidige-hund-behandling\"",null]""]",false,false,NOT_RECOVERED,NOT_SPECIFIED,REGISTRY_BINDING_ONLY
ba0e61ddef340f9f,B-024,"[""GAP-3292""]","[""SF-4635""]","[""[\""if\"",\""campingvogn\"",\""ordinary\"",\""if-campingvogn-super\"",\""2024-03\""]""]",false,false,NOT_RECOVERED,NOT_SPECIFIED,REGISTRY_BINDING_ONLY
ba378b27743a6684,B-029,"[""GAP-5085"", ""GAP-5118""]","[""SF-7278"", ""SF-7325""]","[""[\""fremtind\"",\""bolig\"",\""ordinary\"",\""fremtind-hus-standard\"",\""PBK-200.100-015+PBK-200.200-010\""]"", ""[\""fremtind\"",\""bolig\"",\""ordinary\"",\""fremtind-hus-topp\"",\""PBK-200.100-015+PBK-200.200-010\""]""]",false,false,NOT_RECOVERED,NOT_SPECIFIED,REGISTRY_BINDING_ONLY
ba63cc436b1c0a80,B-080,"[""GAP-0169"", ""GAP-0249""]","[""SF-0298"", ""SF-0410""]","[""[\""storebrand\"",\""katt\"",\""ordinary\"",\""storebrand-katt-veterin-r\"",\""2025-02-01\""]"", ""[\""storebrand\"",\""katt\"",\""ordinary\"",\""storebrand-katt-veterin-r-og-d-dsfall\"",\""2025-02-01\""]""]",false,false,NOT_RECOVERED,NOT_SPECIFIED,REGISTRY_BINDING_ONLY
ba9f5bc8ed53ca5a,B-047,"[""GAP-2440"", ""GAP-2479"", ""GAP-2519""]","[""SF-3493"", ""SF-3539"", ""SF-3592""]","[""[\""gjensidige\"",\""bobil\"",\""ordinary\"",\""gjensidige-bobil-delkasko\"",null]"", ""[\""gjensidige\"",\""bobil\"",\""ordinary\"",\""gjensidige-bobil-kasko\"",null]"", ""[\""gjensidige\"",\""bobil\"",\""ordinary\"",\""gjensidige-bobil-pluss\"",null]""]",false,false,NOT_RECOVERED,NOT_SPECIFIED,REGISTRY_BINDING_ONLY
baa376e07105aa9e,B-094,"[""GAP-4104"", ""GAP-4120""]","[""SF-5893"", ""SF-5912""]","[""[\""tryg\"",\""snøscooter\"",\""ordinary\"",\""tryg-snoscooter-brann-og-tyveri\"",null]"", ""[\""tryg\"",\""snøscooter\"",\""ordinary\"",\""tryg-snoscooter-kasko\"",null]""]",false,false,NOT_RECOVERED,NOT_SPECIFIED,REGISTRY_BINDING_ONLY
bacc2fb345fb8782,B-145,"[""GAP-3459"", ""GAP-3485"", ""GAP-3516""]","[""SF-4879"", ""SF-4944"", ""SF-5016""]","[""[\""if\"",\""bolig\"",\""ordinary\"",\""if-hus-basis\"",\""2023-09\""]"", ""[\""if\"",\""bolig\"",\""ordinary\"",\""if-hus-super\"",\""2023-09\""]"", ""[\""if\"",\""bolig\"",\""ordinary\"",\""if-hus-utvidet\"",\""2023-09\""]""]",false,false,NOT_RECOVERED,NOT_SPECIFIED,REGISTRY_BINDING_ONLY
baecebe36d3a4914,B-045,"[""GAP-0122"", ""GAP-0123""]","[""SF-0202"", ""SF-0203""]","[""[\""frende\"",\""tilhenger\"",\""ordinary\"",\""frende-tilhenger-brann-og-tyveri\"",\""2026-01-01\""]"", ""[\""frende\"",\""tilhenger\"",\""ordinary\"",\""frende-tilhenger-kasko\"",\""2026-01-01\""]""]",false,false,NOT_RECOVERED,NOT_SPECIFIED,REGISTRY_BINDING_ONLY
bb13579100428876,B-055,"[""GAP-2281""]","[""SF-3289""]","[""[\""gjensidige\"",\""reise\"",\""ordinary\"",\""gjensidige-reise-pluss\"",\""2026-09-20-canonical\""]""]",false,false,NOT_RECOVERED,NOT_SPECIFIED,REGISTRY_BINDING_ONLY
bb40c558feea4518,B-190,"[""GAP-5414"", ""GAP-5450"", ""GAP-5486""]","[""SF-7705"", ""SF-7752"", ""SF-7803""]","[""[\""fremtind\"",\""bobil\"",\""ordinary-dnb\"",\""fremtind-bobil-kasko\"",\""2025-09-18\""]"", ""[\""fremtind\"",\""bobil\"",\""ordinary-dnb\"",\""fremtind-bobil-minikasko\"",\""2025-09-18\""]"", ""[\""fremtind\"",\""bobil\"",\""ordinary-dnb\"",\""fremtind-bobil-topp\"",\""2025-09-18\""]""]",false,false,NOT_RECOVERED,NOT_SPECIFIED,REGISTRY_BINDING_ONLY
bb47646cd8b17f20,B-051,"[""GAP-2096"", ""GAP-2151""]","[""SF-3005"", ""SF-3088""]","[""[\""gjensidige\"",\""bolig\"",\""ordinary\"",\""gjensidige-hus\"",\""Alminnelige vilkår\""]"", ""[\""gjensidige\"",\""bolig\"",\""ordinary\"",\""gjensidige-hus-pluss\"",\""Alminnelige vilkår\""]""]",false,false,NOT_RECOVERED,NOT_SPECIFIED,REGISTRY_BINDING_ONLY
bb52f78cf10b6714,B-079,"[""GAP-0884"", ""GAP-0940""]","[""SF-1359"", ""SF-1444""]","[""[\""storebrand\"",\""innbo\"",\""ordinary\"",\""sb-innbo-standard\"",\""innbo09\""]"", ""[\""storebrand\"",\""innbo\"",\""ordinary\"",\""sb-innbo-super\"",\""innbo09\""]""]",false,false,NOT_RECOVERED,NOT_SPECIFIED,REGISTRY_BINDING_ONLY
bb566cb05247da70,B-060,"[""GAP-3682"", ""GAP-3724"", ""GAP-3770""]","[""SF-5285"", ""SF-5332"", ""SF-5385""]","[""[\""if\"",\""båt\"",\""ordinary\"",\""if-bat-delkasko\"",\""2023-02-01\""]"", ""[\""if\"",\""båt\"",\""ordinary\"",\""if-bat-kasko\"",\""2023-02-01\""]"", ""[\""if\"",\""båt\"",\""ordinary\"",\""if-bat-super\"",\""2023-02-01\""]""]",false,false,NOT_RECOVERED,NOT_SPECIFIED,REGISTRY_BINDING_ONLY
bba365603809837d,B-176,"[""GAP-4143"", ""GAP-4160"", ""GAP-4180"", ""GAP-4199""]","[""SF-5940"", ""SF-5963"", ""SF-5989"", ""SF-6013""]","[""[\""tryg\"",\""campingvogn\"",\""ordinary\"",\""tryg-campingvogn-brann\"",\""2026-01-01\""]"", ""[\""tryg\"",\""campingvogn\"",\""ordinary\"",\""tryg-campingvogn-brann-og-tyveri\"",\""2026-01-01\""]"", ""[\""tryg\"",\""campingvogn\"",\""ordinary\"",\""tryg-campingvogn-campingvogn-ekstra\"",\""2026-01-01\""]"", ""[\""tryg\"",\""campingvogn\"",\""ordinary\"",\""tryg-campingvogn-kasko\"",\""2026-01-01\""]""]",false,false,NOT_RECOVERED,NOT_SPECIFIED,REGISTRY_BINDING_ONLY
bba502be2d380883,B-082,"[""GAP-1062"", ""GAP-1114""]","[""SF-1635"", ""SF-1700""]","[""[\""storebrand\"",\""reise\"",\""ordinary\"",\""storebrand-reise-standard\"",\""2026-09-20-canonical\""]"", ""[\""storebrand\"",\""reise\"",\""ordinary\"",\""storebrand-reise-super\"",\""2026-09-20-canonical\""]""]",false,false,NOT_RECOVERED,NOT_SPECIFIED,REGISTRY_BINDING_ONLY
bbb076882086ad15,B-078,"[""GAP-1034""]","[""SF-1590""]","[""[\""storebrand\"",\""bolig\"",\""ordinary\"",\""storebrand-hus-super\"",\""2025-08-15\""]""]",false,false,NOT_RECOVERED,NOT_SPECIFIED,REGISTRY_BINDING_ONLY
bbd609cc66eedec4,B-167,"[""GAP-0543"", ""GAP-0568"", ""GAP-0596""]","[""SF-0905"", ""SF-0941"", ""SF-0981""]","[""[\""storebrand\"",\""mc\"",\""ordinary\"",\""storebrand-mc-ansvar\"",\""motor09\""]"", ""[\""storebrand\"",\""mc\"",\""ordinary\"",\""storebrand-mc-delkasko\"",\""motor09\""]"", ""[\""storebrand\"",\""mc\"",\""ordinary\"",\""storebrand-mc-kasko\"",\""motor09\""]""]",false,false,NOT_RECOVERED,NOT_SPECIFIED,REGISTRY_BINDING_ONLY
bc0641348b21c612,B-052,"[""GAP-2036""]","[""SF-2924""]","[""[\""gjensidige\"",\""innbo\"",\""ordinary\"",\""gj-innbo-pluss\"",null]""]",false,false,NOT_RECOVERED,NOT_SPECIFIED,REGISTRY_BINDING_ONLY
bc185788a1c38907,B-078,"[""GAP-0978"", ""GAP-1024""]","[""SF-1504"", ""SF-1576""]","[""[\""storebrand\"",\""bolig\"",\""ordinary\"",\""storebrand-hus-standard\"",\""2025-08-15\""]"", ""[\""storebrand\"",\""bolig\"",\""ordinary\"",\""storebrand-hus-super\"",\""2025-08-15\""]""]",false,false,NOT_RECOVERED,NOT_SPECIFIED,REGISTRY_BINDING_ONLY
bc1a5e0086169d49,B-055,"[""GAP-2199"", ""GAP-2244""]","[""SF-3162"", ""SF-3237""]","[""[\""gjensidige\"",\""reise\"",\""ordinary\"",\""gjensidige-reise\"",\""2026-09-20-canonical\""]"", ""[\""gjensidige\"",\""reise\"",\""ordinary\"",\""gjensidige-reise-pluss\"",\""2026-09-20-canonical\""]""]",false,false,NOT_RECOVERED,NOT_SPECIFIED,REGISTRY_BINDING_ONLY
bc1a88e9c19ca982,B-159,"[""GAP-0671"", ""GAP-0672"", ""GAP-0715"", ""GAP-0716""]","[""SF-1082"", ""SF-1083"", ""SF-1142"", ""SF-1143""]","[""[\""storebrand\"",\""bobil\"",\""ordinary\"",\""storebrand-bobil-kasko\"",\""motor09\""]"", ""[\""storebrand\"",\""bobil\"",\""ordinary\"",\""storebrand-bobil-super\"",\""motor09\""]""]",false,false,NOT_RECOVERED,NOT_SPECIFIED,REGISTRY_BINDING_ONLY
bc570d1662e0477a,B-142,"[""GAP-3267"", ""GAP-3301""]","[""SF-4604"", ""SF-4644""]","[""[\""if\"",\""campingvogn\"",\""ordinary\"",\""if-campingvogn-kasko\"",\""2024-03\""]"", ""[\""if\"",\""campingvogn\"",\""ordinary\"",\""if-campingvogn-super\"",\""2024-03\""]""]",false,false,NOT_RECOVERED,NOT_SPECIFIED,REGISTRY_BINDING_ONLY
bc895acebf091f9d,B-009,"[""GAP-5582""]","[""SF-7925""]","[""[\""sparebank1-fremtind\"",\""hund\"",\""ordinary\"",\""sparebank1-fremtind-hund-veterin-r\"",\""2025-08-07\""]""]",true,false,NOT_RECOVERED,NOT_SPECIFIED,ARCHIVED_BASELINE
bc921f3a0209e760,B-113,"[""GAP-1267""]","[""SF-1882""]","[""[\""frende\"",\""hund\"",\""ordinary\"",\""frende-hund-veterin-r\"",\""2026-01-01\""]""]",false,false,NOT_RECOVERED,NOT_SPECIFIED,REGISTRY_BINDING_ONLY
bca94bc8aca252c9,B-110,"[""GAP-1165"", ""GAP-1201"", ""GAP-1239""]","[""SF-1765"", ""SF-1807"", ""SF-1852""]","[""[\""frende\"",\""båt\"",\""ordinary\"",\""frende-bat-brann-og-tyveri\"",\""2026-01-01\""]"", ""[\""frende\"",\""båt\"",\""ordinary\"",\""frende-bat-kasko\"",\""2026-01-01\""]"", ""[\""frende\"",\""båt\"",\""ordinary\"",\""frende-bat-utvidet\"",\""2026-01-01\""]""]",false,false,NOT_RECOVERED,NOT_SPECIFIED,REGISTRY_BINDING_ONLY
bcd4632e3ae2532e,B-042,"[""GAP-1455"", ""GAP-1483"", ""GAP-1514""]","[""SF-2126"", ""SF-2167"", ""SF-2213""]","[""[\""frende\"",\""mc\"",\""ordinary\"",\""frende-mc-ansvar\"",\""2026-01-01\""]"", ""[\""frende\"",\""mc\"",\""ordinary\"",\""frende-mc-delkasko\"",\""2026-01-01\""]"", ""[\""frende\"",\""mc\"",\""ordinary\"",\""frende-mc-kasko\"",\""2026-01-01\""]""]",false,false,NOT_RECOVERED,NOT_SPECIFIED,REGISTRY_BINDING_ONLY
bce1f4721e3a3723,B-077,"[""GAP-0145"", ""GAP-0212""]","[""SF-0267"", ""SF-0355""]","[""[\""storebrand\"",\""hund\"",\""ordinary\"",\""storebrand-hund-veterin-r\"",\""2025-02-01\""]"", ""[\""storebrand\"",\""hund\"",\""ordinary\"",\""storebrand-hund-veterin-r-og-d-dsfall\"",\""2025-02-01\""]""]",false,false,NOT_RECOVERED,NOT_SPECIFIED,REGISTRY_BINDING_ONLY
bce7740765a583ff,B-143,"[""GAP-3784"", ""GAP-3807"", ""GAP-3833""]","[""SF-5401"", ""SF-5428"", ""SF-5458""]","[""[\""if\"",\""hund\"",\""ordinary\"",\""if-hund-basis\"",\""2022-12-01\""]"", ""[\""if\"",\""hund\"",\""ordinary\"",\""if-hund-standard\"",\""2022-12-01\""]"", ""[\""if\"",\""hund\"",\""ordinary\"",\""if-hund-super\"",\""2022-12-01\""]""]",false,false,NOT_RECOVERED,NOT_SPECIFIED,REGISTRY_BINDING_ONLY
bd10327c68f65e94,B-084,"[""GAP-0818"", ""GAP-0838""]","[""SF-1269"", ""SF-1295""]","[""[\""storebrand\"",\""tilhenger\"",\""ordinary\"",\""storebrand-tilhenger-brann-og-tyveri\"",\""2026-03-01\""]"", ""[\""storebrand\"",\""tilhenger\"",\""ordinary\"",\""storebrand-tilhenger-kasko\"",\""2026-03-01\""]""]",false,false,NOT_RECOVERED,NOT_SPECIFIED,REGISTRY_BINDING_ONLY
bd26516e25e7570b,B-198,"[""GAP-4025"", ""GAP-4035"", ""GAP-4052"", ""GAP-4071""]","[""SF-5765"", ""SF-5781"", ""SF-5809"", ""SF-5841""]","[""[\""tryg\"",\""bobil\"",\""ordinary\"",\""tryg-bobil-ansvar\"",\""2026-07-01\""]"", ""[\""tryg\"",\""bobil\"",\""ordinary\"",\""tryg-bobil-bobil-ekstra\"",\""2026-07-01\""]"", ""[\""tryg\"",\""bobil\"",\""ordinary\"",\""tryg-bobil-delkasko\"",\""2026-01-01\""]"", ""[\""tryg\"",\""bobil\"",\""ordinary\"",\""tryg-bobil-kasko\"",\""2026-01-01\""]""]",false,false,NOT_RECOVERED,NOT_SPECIFIED,REGISTRY_BINDING_ONLY
bd2f9f8370831322,B-052,"[""GAP-1998"", ""GAP-2041""]","[""SF-2876"", ""SF-2930""]","[""[\""gjensidige\"",\""innbo\"",\""ordinary\"",\""gj-innbo\"",null]"", ""[\""gjensidige\"",\""innbo\"",\""ordinary\"",\""gj-innbo-pluss\"",null]""]",false,false,NOT_RECOVERED,NOT_SPECIFIED,REGISTRY_BINDING_ONLY
bd5d5887eea81d7c,B-131,"[""GAP-1987"", ""GAP-2031""]","[""SF-2861"", ""SF-2916""]","[""[\""gjensidige\"",\""innbo\"",\""ordinary\"",\""gj-innbo\"",null]"", ""[\""gjensidige\"",\""innbo\"",\""ordinary\"",\""gj-innbo-pluss\"",null]""]",false,false,NOT_RECOVERED,NOT_SPECIFIED,REGISTRY_BINDING_ONLY
bd9099299aa2c1e3,B-085,"[""GAP-3908"", ""GAP-3916"", ""GAP-3930""]","[""SF-5550"", ""SF-5569"", ""SF-5599""]","[""[\""tryg\"",\""bil\"",\""ordinary\"",\""bil-ansvar\"",\""PAU25003\""]"", ""[\""tryg\"",\""bil\"",\""ordinary\"",\""bil-delkasko\"",\""PAU25835\""]"", ""[\""tryg\"",\""bil\"",\""ordinary\"",\""bil-kasko\"",\""PAU25205\""]""]",false,false,NOT_RECOVERED,NOT_SPECIFIED,REGISTRY_BINDING_ONLY
bd99b54adec1807b,B-132,"[""GAP-2923""]","[""SF-4078""]","[""[\""gjensidige\"",\""katt\"",\""ordinary\"",\""gjensidige-katt-behandling\"",null]""]",false,false,NOT_RECOVERED,NOT_SPECIFIED,REGISTRY_BINDING_ONLY
bdc4eb058ae17219,B-129,"[""GAP-2886""]","[""SF-4038""]","[""[\""gjensidige\"",\""hund\"",\""ordinary\"",\""gjensidige-hund-behandling\"",null]""]",false,false,NOT_RECOVERED,NOT_SPECIFIED,REGISTRY_BINDING_ONLY
be1573a13af619a4,B-033,"[""GAP-4908"", ""GAP-4937"", ""GAP-4975""]","[""SF-7049"", ""SF-7083"", ""SF-7136""]","[""[\""fremtind\"",\""bil\"",\""ordinary\"",\""fremtind-bil-delkasko\"",\""PMO-357.001-004\""]"", ""[\""fremtind\"",\""bil\"",\""ordinary\"",\""fremtind-bil-kasko\"",\""PMO-357.001-004\""]"", ""[\""fremtind\"",\""bil\"",\""ordinary\"",\""fremtind-bil-topp\"",\""PMO-357.001-004\""]""]",false,false,NOT_RECOVERED,NOT_SPECIFIED,REGISTRY_BINDING_ONLY
be21b93cabcccc3f,B-056,"[""GAP-2571"", ""GAP-2601"", ""GAP-2632""]","[""SF-3670"", ""SF-3704"", ""SF-3739""]","[""[\""gjensidige\"",\""snøscooter\"",\""ordinary\"",\""gjensidige-snoscooter-ansvar\"",null]"", ""[\""gjensidige\"",\""snøscooter\"",\""ordinary\"",\""gjensidige-snoscooter-delkasko\"",null]"", ""[\""gjensidige\"",\""snøscooter\"",\""ordinary\"",\""gjensidige-snoscooter-kasko\"",null]""]",false,false,NOT_RECOVERED,NOT_SPECIFIED,REGISTRY_BINDING_ONLY
be42cabc0758c4bb,B-073,"[""GAP-0434""]","[""SF-0779""]","[""[\""storebrand\"",\""bil\"",\""ordinary\"",\""sb-bil-super\"",\""motor09\""]""]",false,false,NOT_RECOVERED,NOT_SPECIFIED,REGISTRY_BINDING_ONLY
be4b6e703df548b9,B-093,"[""GAP-4467"", ""GAP-4491"", ""GAP-4516""]","[""SF-6435"", ""SF-6478"", ""SF-6526""]","[""[\""tryg\"",\""reise\"",\""ordinary\"",\""tryg-reise\"",\""2026-09-20-canonical\""]"", ""[\""tryg\"",\""reise\"",\""ordinary\"",\""tryg-reise-ekstra\"",\""2026-09-20-canonical\""]"", ""[\""tryg\"",\""reise\"",\""ordinary\"",\""tryg-reise-premium\"",\""2026-09-20-canonical\""]""]",false,false,NOT_RECOVERED,NOT_SPECIFIED,REGISTRY_BINDING_ONLY
be5630dead0c3b23,B-008,"[""GAP-0085""]","[""SF-0128""]","[""[\""storebrand\"",\""båt\"",\""ordinary\"",\""storebrand-bat-super\"",\""2024-09-01\""]""]",true,false,NOT_RECOVERED,NOT_SPECIFIED,ARCHIVED_BASELINE
be56e69eae0017ff,B-186,"[""GAP-4217"", ""GAP-4232"", ""GAP-4250""]","[""SF-6039"", ""SF-6060"", ""SF-6084""]","[""[\""tryg\"",\""tilhenger\"",\""ordinary\"",\""tryg-tilhenger-brann\"",\""2026-01-01\""]"", ""[\""tryg\"",\""tilhenger\"",\""ordinary\"",\""tryg-tilhenger-brann-og-tyveri\"",\""2026-01-01\""]"", ""[\""tryg\"",\""tilhenger\"",\""ordinary\"",\""tryg-tilhenger-kasko\"",\""2026-01-01\""]""]",false,false,NOT_RECOVERED,NOT_SPECIFIED,REGISTRY_BINDING_ONLY
be69fca5759be0f6,B-143,"[""GAP-3777"", ""GAP-3800"", ""GAP-3826""]","[""SF-5394"", ""SF-5421"", ""SF-5451""]","[""[\""if\"",\""hund\"",\""ordinary\"",\""if-hund-basis\"",\""2022-12-01\""]"", ""[\""if\"",\""hund\"",\""ordinary\"",\""if-hund-standard\"",\""2022-12-01\""]"", ""[\""if\"",\""hund\"",\""ordinary\"",\""if-hund-super\"",\""2022-12-01\""]""]",false,false,NOT_RECOVERED,NOT_SPECIFIED,REGISTRY_BINDING_ONLY
be9f2768e429aa42,B-183,"[""GAP-3955"", ""GAP-3966"", ""GAP-3984"", ""GAP-4004""]","[""SF-5662"", ""SF-5678"", ""SF-5704"", ""SF-5731""]","[""[\""tryg\"",\""mc\"",\""ordinary\"",\""tryg-mc-ansvar\"",\""2026-07-01\""]"", ""[\""tryg\"",\""mc\"",\""ordinary\"",\""tryg-mc-delkasko\"",\""2026-01-01\""]"", ""[\""tryg\"",\""mc\"",\""ordinary\"",\""tryg-mc-kasko\"",\""2026-07-01\""]"", ""[\""tryg\"",\""mc\"",\""ordinary\"",\""tryg-mc-mc-ekstra\"",\""2026-07-01\""]""]",false,false,NOT_RECOVERED,NOT_SPECIFIED,REGISTRY_BINDING_ONLY
bebd5507b1ae1320,B-047,"[""GAP-2527""]","[""SF-3611""]","[""[\""gjensidige\"",\""bobil\"",\""ordinary\"",\""gjensidige-bobil-pluss\"",null]""]",false,false,NOT_RECOVERED,NOT_SPECIFIED,REGISTRY_BINDING_ONLY
beeec91182d5f37f,B-070,"[""GAP-5507"", ""GAP-5537"", ""GAP-5574""]","[""SF-7831"", ""SF-7868"", ""SF-7913""]","[""[\""sparebank1-fremtind\"",\""båt\"",\""ordinary\"",\""sparebank1-fremtind-bat-delkasko\"",\""2024-06-10\""]"", ""[\""sparebank1-fremtind\"",\""båt\"",\""ordinary\"",\""sparebank1-fremtind-bat-kasko\"",\""2024-06-10\""]"", ""[\""sparebank1-fremtind\"",\""båt\"",\""ordinary\"",\""sparebank1-fremtind-bat-toppkasko\"",\""2024-06-10\""]""]",false,false,NOT_RECOVERED,NOT_SPECIFIED,REGISTRY_BINDING_ONLY
bf0b01cbff9d4de1,B-161,"[""GAP-0752"", ""GAP-0777"", ""GAP-0802""]","[""SF-1184"", ""SF-1214"", ""SF-1248""]","[""[\""storebrand\"",\""campingvogn\"",\""ordinary\"",\""storebrand-campingvogn-brann-og-tyveri\"",\""2026-03-01\""]"", ""[\""storebrand\"",\""campingvogn\"",\""ordinary\"",\""storebrand-campingvogn-kasko\"",\""2026-03-01\""]"", ""[\""storebrand\"",\""campingvogn\"",\""ordinary\"",\""storebrand-campingvogn-super\"",\""2026-03-01\""]""]",false,false,NOT_RECOVERED,NOT_SPECIFIED,REGISTRY_BINDING_ONLY
bf6370704e7706ee,B-122,"[""GAP-1861"", ""GAP-1899"", ""GAP-1948""]","[""SF-2689"", ""SF-2739"", ""SF-2805""]","[""[\""gjensidige\"",\""bil\"",\""ordinary\"",\""gj-bil-delkasko\"",null]"", ""[\""gjensidige\"",\""bil\"",\""ordinary\"",\""gj-bil-kasko\"",null]"", ""[\""gjensidige\"",\""bil\"",\""ordinary\"",\""gj-bil-pluss\"",null]""]",false,false,NOT_RECOVERED,NOT_SPECIFIED,REGISTRY_BINDING_ONLY
bfd4e14153037e2a,B-079,"[""GAP-0873"", ""GAP-0919""]","[""SF-1345"", ""SF-1415""]","[""[\""storebrand\"",\""innbo\"",\""ordinary\"",\""sb-innbo-standard\"",\""innbo09\""]"", ""[\""storebrand\"",\""innbo\"",\""ordinary\"",\""sb-innbo-super\"",\""innbo09\""]""]",false,false,NOT_RECOVERED,NOT_SPECIFIED,REGISTRY_BINDING_ONLY
bfd67e524149f024,B-152,"[""GAP-5509"", ""GAP-5539"", ""GAP-5576""]","[""SF-7833"", ""SF-7871"", ""SF-7916""]","[""[\""sparebank1-fremtind\"",\""båt\"",\""ordinary\"",\""sparebank1-fremtind-bat-delkasko\"",\""2024-06-10\""]"", ""[\""sparebank1-fremtind\"",\""båt\"",\""ordinary\"",\""sparebank1-fremtind-bat-kasko\"",\""2024-06-10\""]"", ""[\""sparebank1-fremtind\"",\""båt\"",\""ordinary\"",\""sparebank1-fremtind-bat-toppkasko\"",\""2024-06-10\""]""]",false,false,NOT_RECOVERED,NOT_SPECIFIED,REGISTRY_BINDING_ONLY
c0310a861546f951,B-177,"[""GAP-4343""]","[""SF-6195""]","[""[\""tryg\"",\""hund\"",\""ordinary\"",\""tryg-hund-behandling\"",\""2026-09-01\""]""]",false,false,NOT_RECOVERED,NOT_SPECIFIED,REGISTRY_BINDING_ONLY
c04d7643b6f984bf,B-117,"[""GAP-1459"", ""GAP-1487"", ""GAP-1518""]","[""SF-2131"", ""SF-2172"", ""SF-2218""]","[""[\""frende\"",\""mc\"",\""ordinary\"",\""frende-mc-ansvar\"",\""2026-01-01\""]"", ""[\""frende\"",\""mc\"",\""ordinary\"",\""frende-mc-delkasko\"",\""2026-01-01\""]"", ""[\""frende\"",\""mc\"",\""ordinary\"",\""frende-mc-kasko\"",\""2026-01-01\""]""]",false,false,NOT_RECOVERED,NOT_SPECIFIED,REGISTRY_BINDING_ONLY
c05c0db230591fe9,B-205,"[""GAP-5214"", ""GAP-5254""]","[""SF-7454"", ""SF-7502""]","[""[\""fremtind-eika-legacy\"",\""reise\"",\""ordinary\"",\""eika-reise-p10\"",\""P10-P10P-2025-01-01\""]"", ""[\""fremtind-eika-legacy\"",\""reise\"",\""ordinary\"",\""eika-reise-pluss-p10\"",\""P10-P10P-2025-01-01\""]""]",false,true,NOT_RECOVERED,NOT_SPECIFIED,ARCHIVED_BASELINE
c089655b561b9ade,B-092,"[""GAP-3961"", ""GAP-3979"", ""GAP-3999"", ""GAP-4020""]","[""SF-5671"", ""SF-5697"", ""SF-5724"", ""SF-5758""]","[""[\""tryg\"",\""mc\"",\""ordinary\"",\""tryg-mc-ansvar\"",\""2026-07-01\""]"", ""[\""tryg\"",\""mc\"",\""ordinary\"",\""tryg-mc-delkasko\"",\""2026-01-01\""]"", ""[\""tryg\"",\""mc\"",\""ordinary\"",\""tryg-mc-kasko\"",\""2026-07-01\""]"", ""[\""tryg\"",\""mc\"",\""ordinary\"",\""tryg-mc-mc-ekstra\"",\""2026-07-01\""]""]",false,false,NOT_RECOVERED,NOT_SPECIFIED,REGISTRY_BINDING_ONLY
c0a1072912580b3e,B-033,"[""GAP-4918"", ""GAP-4947"", ""GAP-4983""]","[""SF-7059"", ""SF-7093"", ""SF-7144""]","[""[\""fremtind\"",\""bil\"",\""ordinary\"",\""fremtind-bil-delkasko\"",\""PMO-357.001-004\""]"", ""[\""fremtind\"",\""bil\"",\""ordinary\"",\""fremtind-bil-kasko\"",\""PMO-357.001-004\""]"", ""[\""fremtind\"",\""bil\"",\""ordinary\"",\""fremtind-bil-topp\"",\""PMO-357.001-004\""]""]",false,false,NOT_RECOVERED,NOT_SPECIFIED,REGISTRY_BINDING_ONLY
c0b644be0f01f227,B-039,"[""GAP-0296"", ""GAP-0311""]","[""SF-0509"", ""SF-0557""]","[""[\""frende\"",\""bolig\"",\""ordinary\"",\""frende-hus-standard\"",\""2026-09-01\""]"", ""[\""frende\"",\""bolig\"",\""ordinary\"",\""frende-hus-utvidet\"",\""2026-09-01\""]""]",false,false,NOT_RECOVERED,NOT_SPECIFIED,REGISTRY_BINDING_ONLY
c10b0b0a20faf622,B-048,"[""GAP-2847""]","[""SF-3993""]","[""[\""gjensidige\"",\""båt\"",\""ordinary\"",\""gjensidige-bat-pluss\"",null]""]",false,false,NOT_RECOVERED,NOT_SPECIFIED,REGISTRY_BINDING_ONLY
c1440948744bfa17,B-050,"[""GAP-2893""]","[""SF-4045""]","[""[\""gjensidige\"",\""hund\"",\""ordinary\"",\""gjensidige-hund-behandling\"",null]""]",false,false,NOT_RECOVERED,NOT_SPECIFIED,REGISTRY_BINDING_ONLY
c14edf95a64d35e7,B-054,"[""GAP-2294"", ""GAP-2321"", ""GAP-2364""]","[""SF-3316"", ""SF-3348"", ""SF-3399""]","[""[\""gjensidige\"",\""mc\"",\""ordinary\"",\""gjensidige-mc-ansvar\"",null]"", ""[\""gjensidige\"",\""mc\"",\""ordinary\"",\""gjensidige-mc-delkasko\"",null]"", ""[\""gjensidige\"",\""mc\"",\""ordinary\"",\""gjensidige-mc-kasko\"",null]""]",false,false,NOT_RECOVERED,NOT_SPECIFIED,REGISTRY_BINDING_ONLY
c14f16d5f2c54bc4,B-072,"[""GAP-5611""]","[""SF-7958""]","[""[\""sparebank1-fremtind\"",\""katt\"",\""ordinary\"",\""sparebank1-fremtind-katt-veterin-r\"",\""2025-08-07\""]""]",false,false,NOT_RECOVERED,NOT_SPECIFIED,REGISTRY_BINDING_ONLY
c1f56c740034203c,B-165,"[""GAP-0879"", ""GAP-0925""]","[""SF-1352"", ""SF-1422""]","[""[\""storebrand\"",\""innbo\"",\""ordinary\"",\""sb-innbo-standard\"",\""innbo09\""]"", ""[\""storebrand\"",\""innbo\"",\""ordinary\"",\""sb-innbo-super\"",\""innbo09\""]""]",false,false,NOT_RECOVERED,NOT_SPECIFIED,REGISTRY_BINDING_ONLY
c218178f7c6add06,B-060,"[""GAP-3699"", ""GAP-3739""]","[""SF-5305"", ""SF-5350""]","[""[\""if\"",\""båt\"",\""ordinary\"",\""if-bat-kasko\"",\""2023-02-01\""]"", ""[\""if\"",\""båt\"",\""ordinary\"",\""if-bat-super\"",\""2023-02-01\""]""]",false,false,NOT_RECOVERED,NOT_SPECIFIED,REGISTRY_BINDING_ONLY
c254ee2d475af526,B-073,"[""GAP-0351"", ""GAP-0375"", ""GAP-0414"", ""GAP-0459""]","[""SF-0660"", ""SF-0697"", ""SF-0748"", ""SF-0807""]","[""[\""storebrand\"",\""bil\"",\""ordinary\"",\""sb-bil-ansvar\"",\""motor09\""]"", ""[\""storebrand\"",\""bil\"",\""ordinary\"",\""sb-bil-delkasko\"",\""motor09\""]"", ""[\""storebrand\"",\""bil\"",\""ordinary\"",\""sb-bil-kasko\"",\""motor09\""]"", ""[\""storebrand\"",\""bil\"",\""ordinary\"",\""sb-bil-super\"",\""motor09\""]""]",false,false,NOT_RECOVERED,NOT_SPECIFIED,REGISTRY_BINDING_ONLY
c25762012f5b486d,B-042,"[""GAP-1467"", ""GAP-1495""]","[""SF-2146"", ""SF-2188""]","[""[\""frende\"",\""mc\"",\""ordinary\"",\""frende-mc-delkasko\"",\""2026-01-01\""]"", ""[\""frende\"",\""mc\"",\""ordinary\"",\""frende-mc-kasko\"",\""2026-01-01\""]""]",false,false,NOT_RECOVERED,NOT_SPECIFIED,REGISTRY_BINDING_ONLY
c266ed9fb819dc3b,B-079,"[""GAP-0850"", ""GAP-0896""]","[""SF-1314"", ""SF-1384""]","[""[\""storebrand\"",\""innbo\"",\""ordinary\"",\""sb-innbo-standard\"",\""innbo09\""]"", ""[\""storebrand\"",\""innbo\"",\""ordinary\"",\""sb-innbo-super\"",\""innbo09\""]""]",false,false,NOT_RECOVERED,NOT_SPECIFIED,REGISTRY_BINDING_ONLY
c26e12643ffb3e04,B-074,"[""GAP-0632"", ""GAP-0657"", ""GAP-0695""]","[""SF-1029"", ""SF-1064"", ""SF-1114""]","[""[\""storebrand\"",\""bobil\"",\""ordinary\"",\""storebrand-bobil-delkasko\"",\""motor09\""]"", ""[\""storebrand\"",\""bobil\"",\""ordinary\"",\""storebrand-bobil-kasko\"",\""motor09\""]"", ""[\""storebrand\"",\""bobil\"",\""ordinary\"",\""storebrand-bobil-super\"",\""motor09\""]""]",false,false,NOT_RECOVERED,NOT_SPECIFIED,REGISTRY_BINDING_ONLY
c2ae115fc7dc2291,B-033,"[""GAP-4690"", ""GAP-4719"", ""GAP-4751""]","[""SF-6765"", ""SF-6799"", ""SF-6842""]","[""[\""dnb-fremtind\"",\""bil\"",\""ordinary\"",\""dnb-bil-delkasko\"",\""PMO-357.001-004\""]"", ""[\""dnb-fremtind\"",\""bil\"",\""ordinary\"",\""dnb-bil-kasko\"",\""PMO-357.001-004\""]"", ""[\""dnb-fremtind\"",\""bil\"",\""ordinary\"",\""dnb-bil-topp\"",\""PMO-357.001-004\""]""]",false,false,NOT_RECOVERED,NOT_SPECIFIED,REGISTRY_BINDING_ONLY
c32e97b57adeb359,B-052,"[""GAP-2021"", ""GAP-2074""]","[""SF-2901"", ""SF-2971""]","[""[\""gjensidige\"",\""innbo\"",\""ordinary\"",\""gj-innbo\"",null]"", ""[\""gjensidige\"",\""innbo\"",\""ordinary\"",\""gj-innbo-pluss\"",null]""]",false,false,NOT_RECOVERED,NOT_SPECIFIED,REGISTRY_BINDING_ONLY
c38dcfe9b1db9488,B-162,"[""GAP-0138"", ""GAP-0203""]","[""SF-0257"", ""SF-0343""]","[""[\""storebrand\"",\""hund\"",\""ordinary\"",\""storebrand-hund-veterin-r\"",\""2025-02-01\""]"", ""[\""storebrand\"",\""hund\"",\""ordinary\"",\""storebrand-hund-veterin-r-og-d-dsfall\"",\""2025-02-01\""]""]",false,false,NOT_RECOVERED,NOT_SPECIFIED,REGISTRY_BINDING_ONLY
c391a4fab217f172,B-038,"[""GAP-1263""]","[""SF-1878""]","[""[\""frende\"",\""hund\"",\""ordinary\"",\""frende-hund-veterin-r\"",\""2026-01-01\""]""]",false,false,NOT_RECOVERED,NOT_SPECIFIED,REGISTRY_BINDING_ONLY
c3bd0fe200262439,B-149,"[""GAP-3556"", ""GAP-3593"", ""GAP-3634""]","[""SF-5090"", ""SF-5153"", ""SF-5220""]","[""[\""if\"",\""reise\"",\""ordinary\"",\""if-reise-basis\"",\""2026-09-20-canonical\""]"", ""[\""if\"",\""reise\"",\""ordinary\"",\""if-reise-standard\"",\""2026-09-20-canonical\""]"", ""[\""if\"",\""reise\"",\""ordinary\"",\""if-reise-super\"",\""2026-09-20-canonical\""]""]",false,false,NOT_RECOVERED,NOT_SPECIFIED,REGISTRY_BINDING_ONLY
c3ef4f27819adda8,B-029,"[""GAP-5084"", ""GAP-5117""]","[""SF-7277"", ""SF-7324""]","[""[\""fremtind\"",\""bolig\"",\""ordinary\"",\""fremtind-hus-standard\"",\""PBK-200.100-015+PBK-200.200-010\""]"", ""[\""fremtind\"",\""bolig\"",\""ordinary\"",\""fremtind-hus-topp\"",\""PBK-200.100-015+PBK-200.200-010\""]""]",false,false,NOT_RECOVERED,NOT_SPECIFIED,REGISTRY_BINDING_ONLY
c4083286b86c6a98,B-023,"[""GAP-0131""]","[""SF-0243""]","[""[\""fremtind\"",\""mc\"",\""ordinary-sparebank1\"",\""fremtind-mc-kasko\"",null]""]",false,false,NOT_RECOVERED,NOT_SPECIFIED,REGISTRY_BINDING_ONLY
c45628de6b322965,B-048,"[""GAP-2782"", ""GAP-2824""]","[""SF-3921"", ""SF-3968""]","[""[\""gjensidige\"",\""båt\"",\""ordinary\"",\""gjensidige-bat-kasko\"",null]"", ""[\""gjensidige\"",\""båt\"",\""ordinary\"",\""gjensidige-bat-pluss\"",null]""]",false,false,NOT_RECOVERED,NOT_SPECIFIED,REGISTRY_BINDING_ONLY
c475a2402d80d7a1,B-049,"[""GAP-2692""]","[""SF-3813""]","[""[\""gjensidige\"",\""campingvogn\"",\""ordinary\"",\""gjensidige-campingvogn-pluss\"",null]""]",false,false,NOT_RECOVERED,NOT_SPECIFIED,REGISTRY_BINDING_ONLY
c49847dfd7a04a85,B-069,"[""GAP-3307"", ""GAP-3323""]","[""SF-4653"", ""SF-4675""]","[""[\""if\"",\""tilhenger\"",\""ordinary\"",\""if-tilhenger-delkasko\"",\""2024-03\""]"", ""[\""if\"",\""tilhenger\"",\""ordinary\"",\""if-tilhenger-kasko\"",\""2024-03\""]""]",false,false,NOT_RECOVERED,NOT_SPECIFIED,REGISTRY_BINDING_ONLY
c4a9ec823a2d1f31,B-119,"[""GAP-1648"", ""GAP-1672"", ""GAP-1702""]","[""SF-2419"", ""SF-2447"", ""SF-2481""]","[""[\""frende\"",\""snøscooter\"",\""ordinary\"",\""frende-snoscooter-ansvar\"",\""2026-01-01\""]"", ""[\""frende\"",\""snøscooter\"",\""ordinary\"",\""frende-snoscooter-brann-og-tyveri\"",\""2026-01-01\""]"", ""[\""frende\"",\""snøscooter\"",\""ordinary\"",\""frende-snoscooter-kasko\"",\""2026-01-01\""]""]",false,false,NOT_RECOVERED,NOT_SPECIFIED,REGISTRY_BINDING_ONLY
c576bebc0f624648,B-078,"[""GAP-0970"", ""GAP-1016""]","[""SF-1495"", ""SF-1567""]","[""[\""storebrand\"",\""bolig\"",\""ordinary\"",\""storebrand-hus-standard\"",\""2025-08-15\""]"", ""[\""storebrand\"",\""bolig\"",\""ordinary\"",\""storebrand-hus-super\"",\""2025-08-15\""]""]",false,false,NOT_RECOVERED,NOT_SPECIFIED,REGISTRY_BINDING_ONLY
c5a5b1479b343ceb,B-072,"[""GAP-5619""]","[""SF-7967""]","[""[\""sparebank1-fremtind\"",\""katt\"",\""ordinary\"",\""sparebank1-fremtind-katt-veterin-r\"",\""2025-08-07\""]""]",false,false,NOT_RECOVERED,NOT_SPECIFIED,REGISTRY_BINDING_ONLY
c5ccc4f26fd475ae,B-050,"[""GAP-2907""]","[""SF-4060""]","[""[\""gjensidige\"",\""hund\"",\""ordinary\"",\""gjensidige-hund-behandling\"",null]""]",false,false,NOT_RECOVERED,NOT_SPECIFIED,REGISTRY_BINDING_ONLY
c5ee408bac0e7b7d,B-078,"[""GAP-0960"", ""GAP-1006""]","[""SF-1482"", ""SF-1554""]","[""[\""storebrand\"",\""bolig\"",\""ordinary\"",\""storebrand-hus-standard\"",\""2025-08-15\""]"", ""[\""storebrand\"",\""bolig\"",\""ordinary\"",\""storebrand-hus-super\"",\""2025-08-15\""]""]",false,false,NOT_RECOVERED,NOT_SPECIFIED,REGISTRY_BINDING_ONLY
c6201d986f790208,B-095,"[""GAP-4225"", ""GAP-4240""]","[""SF-6052"", ""SF-6073""]","[""[\""tryg\"",\""tilhenger\"",\""ordinary\"",\""tryg-tilhenger-brann-og-tyveri\"",\""2026-01-01\""]"", ""[\""tryg\"",\""tilhenger\"",\""ordinary\"",\""tryg-tilhenger-kasko\"",\""2026-01-01\""]""]",false,false,NOT_RECOVERED,NOT_SPECIFIED,REGISTRY_BINDING_ONLY
c65555c354c7b45a,B-123,"[""GAP-2409"", ""GAP-2432"", ""GAP-2471"", ""GAP-2511""]","[""SF-3456"", ""SF-3483"", ""SF-3529"", ""SF-3582""]","[""[\""gjensidige\"",\""bobil\"",\""ordinary\"",\""gjensidige-bobil-ansvar\"",null]"", ""[\""gjensidige\"",\""bobil\"",\""ordinary\"",\""gjensidige-bobil-delkasko\"",null]"", ""[\""gjensidige\"",\""bobil\"",\""ordinary\"",\""gjensidige-bobil-kasko\"",null]"", ""[\""gjensidige\"",\""bobil\"",\""ordinary\"",\""gjensidige-bobil-pluss\"",null]""]",false,false,NOT_RECOVERED,NOT_SPECIFIED,REGISTRY_BINDING_ONLY
c66f449a3c6138c6,B-088,"[""GAP-4205""]","[""SF-6023""]","[""[\""tryg\"",\""campingvogn\"",\""ordinary\"",\""tryg-campingvogn-campingvogn-ekstra\"",\""2026-01-01\""]""]",false,false,NOT_RECOVERED,NOT_SPECIFIED,REGISTRY_BINDING_ONLY
c674e17bac40dba3,B-125,"[""GAP-2749"", ""GAP-2785"", ""GAP-2827""]","[""SF-3883"", ""SF-3924"", ""SF-3971""]","[""[\""gjensidige\"",\""båt\"",\""ordinary\"",\""gjensidige-bat-delkasko\"",null]"", ""[\""gjensidige\"",\""båt\"",\""ordinary\"",\""gjensidige-bat-kasko\"",null]"", ""[\""gjensidige\"",\""båt\"",\""ordinary\"",\""gjensidige-bat-pluss\"",null]""]",false,false,NOT_RECOVERED,NOT_SPECIFIED,REGISTRY_BINDING_ONLY
c6894f7945d14949,B-077,"[""GAP-0196"", ""GAP-0231""]","[""SF-0333"", ""SF-0378""]","[""[\""storebrand\"",\""hund\"",\""ordinary\"",\""storebrand-hund-d-dsfall\"",\""2025-02-01\""]"", ""[\""storebrand\"",\""hund\"",\""ordinary\"",\""storebrand-hund-veterin-r-og-d-dsfall\"",\""2025-02-01\""]""]",false,false,NOT_RECOVERED,NOT_SPECIFIED,REGISTRY_BINDING_ONLY
c6b0aefe53c87348,B-134,"[""GAP-2298"", ""GAP-2325"", ""GAP-2368""]","[""SF-3320"", ""SF-3352"", ""SF-3403""]","[""[\""gjensidige\"",\""mc\"",\""ordinary\"",\""gjensidige-mc-ansvar\"",null]"", ""[\""gjensidige\"",\""mc\"",\""ordinary\"",\""gjensidige-mc-delkasko\"",null]"", ""[\""gjensidige\"",\""mc\"",\""ordinary\"",\""gjensidige-mc-kasko\"",null]""]",false,false,NOT_RECOVERED,NOT_SPECIFIED,REGISTRY_BINDING_ONLY
c6b1ebd558b58db7,B-063,"[""GAP-3528""]","[""SF-5037""]","[""[\""if\"",\""bolig\"",\""ordinary\"",\""if-hus-super\"",\""2023-09\""]""]",false,false,NOT_RECOVERED,NOT_SPECIFIED,REGISTRY_BINDING_ONLY
c6bb0db2c504cd74,B-041,"[""GAP-1292""]","[""SF-1911""]","[""[\""frende\"",\""katt\"",\""ordinary\"",\""frende-katt-veterin-r\"",\""2026-01-01\""]""]",false,false,NOT_RECOVERED,NOT_SPECIFIED,REGISTRY_BINDING_ONLY
c71d676c5dcc778d,B-124,"[""GAP-2793"", ""GAP-2835""]","[""SF-3933"", ""SF-3980""]","[""[\""gjensidige\"",\""båt\"",\""ordinary\"",\""gjensidige-bat-kasko\"",null]"", ""[\""gjensidige\"",\""båt\"",\""ordinary\"",\""gjensidige-bat-pluss\"",null]""]",false,false,NOT_RECOVERED,NOT_SPECIFIED,REGISTRY_BINDING_ONLY
c74c647eb0c3573a,B-014,"[""GAP-2017"", ""GAP-2070""]","[""SF-2897"", ""SF-2967""]","[""[\""gjensidige\"",\""innbo\"",\""ordinary\"",\""gj-innbo\"",null]"", ""[\""gjensidige\"",\""innbo\"",\""ordinary\"",\""gj-innbo-pluss\"",null]""]",true,false,NOT_RECOVERED,NOT_SPECIFIED,ARCHIVED_BASELINE
c75bfdd6bae25cd4,B-155,"[""GAP-5588""]","[""SF-7931""]","[""[\""sparebank1-fremtind\"",\""hund\"",\""ordinary\"",\""sparebank1-fremtind-hund-veterin-r\"",\""2025-08-07\""]""]",false,false,NOT_RECOVERED,NOT_SPECIFIED,REGISTRY_BINDING_ONLY
c7684a0d7c15c7a6,B-082,"[""GAP-1109""]","[""SF-1692""]","[""[\""storebrand\"",\""reise\"",\""ordinary\"",\""storebrand-reise-super\"",\""2026-09-20-canonical\""]""]",false,false,NOT_RECOVERED,NOT_SPECIFIED,REGISTRY_BINDING_ONLY
c7776925a5ae1dda,B-160,"[""GAP-5651"", ""GAP-5673"", ""GAP-5696""]","[""SF-8004"", ""SF-8030"", ""SF-8057""]","[""[\""storebrand\"",\""båt\"",\""ordinary\"",\""storebrand-bat-delkasko\"",\""2024-09-01\""]"", ""[\""storebrand\"",\""båt\"",\""ordinary\"",\""storebrand-bat-kasko\"",\""2024-09-01\""]"", ""[\""storebrand\"",\""båt\"",\""ordinary\"",\""storebrand-bat-super\"",\""2024-09-01\""]""]",false,false,NOT_RECOVERED,NOT_SPECIFIED,REGISTRY_BINDING_ONLY
c77a203800752ac0,B-149,"[""GAP-3649""]","[""SF-5238""]","[""[\""if\"",\""reise\"",\""ordinary\"",\""if-reise-super\"",\""2026-09-20-canonical\""]""]",false,false,NOT_RECOVERED,NOT_SPECIFIED,REGISTRY_BINDING_ONLY
c7b2921464953724,B-055,"[""GAP-2230"", ""GAP-2283""]","[""SF-3209"", ""SF-3295""]","[""[\""gjensidige\"",\""reise\"",\""ordinary\"",\""gjensidige-reise\"",\""2026-09-20-canonical\""]"", ""[\""gjensidige\"",\""reise\"",\""ordinary\"",\""gjensidige-reise-pluss\"",\""2026-09-20-canonical\""]""]",false,false,NOT_RECOVERED,NOT_SPECIFIED,REGISTRY_BINDING_ONLY
c7be1bbec91f4e13,B-082,"[""GAP-1058"", ""GAP-1110""]","[""SF-1628"", ""SF-1693""]","[""[\""storebrand\"",\""reise\"",\""ordinary\"",\""storebrand-reise-standard\"",\""2026-09-20-canonical\""]"", ""[\""storebrand\"",\""reise\"",\""ordinary\"",\""storebrand-reise-super\"",\""2026-09-20-canonical\""]""]",false,false,NOT_RECOVERED,NOT_SPECIFIED,REGISTRY_BINDING_ONLY
c7f150a73b20e51e,B-079,"[""GAP-0845"", ""GAP-0891""]","[""SF-1305"", ""SF-1375""]","[""[\""storebrand\"",\""innbo\"",\""ordinary\"",\""sb-innbo-standard\"",\""innbo09\""]"", ""[\""storebrand\"",\""innbo\"",\""ordinary\"",\""sb-innbo-super\"",\""innbo09\""]""]",false,false,NOT_RECOVERED,NOT_SPECIFIED,REGISTRY_BINDING_ONLY
c80d734c1745fdda,B-103,"[""GAP-5022"", ""GAP-5063""]","[""SF-7202"", ""SF-7253""]","[""[\""fremtind\"",\""innbo\"",\""ordinary\"",\""fremtind-innbo-standard\"",\""2025-01-01\""]"", ""[\""fremtind\"",\""innbo\"",\""ordinary\"",\""fremtind-innbo-topp\"",\""2025-01-01\""]""]",false,false,NOT_RECOVERED,NOT_SPECIFIED,REGISTRY_BINDING_ONLY
c81ea517ebdd1d25,B-070,"[""GAP-5533""]","[""SF-7864""]","[""[\""sparebank1-fremtind\"",\""båt\"",\""ordinary\"",\""sparebank1-fremtind-bat-kasko\"",\""2024-06-10\""]""]",false,false,NOT_RECOVERED,NOT_SPECIFIED,REGISTRY_BINDING_ONLY
c833019be9381abb,B-166,"[""GAP-0239"", ""GAP-0247""]","[""SF-0390"", ""SF-0406""]","[""[\""storebrand\"",\""katt\"",\""ordinary\"",\""storebrand-katt-d-dsfall\"",\""2025-02-01\""]"", ""[\""storebrand\"",\""katt\"",\""ordinary\"",\""storebrand-katt-veterin-r-og-d-dsfall\"",\""2025-02-01\""]""]",false,false,NOT_RECOVERED,NOT_SPECIFIED,REGISTRY_BINDING_ONLY
c87b6c7ab64243e8,B-077,"[""GAP-0147"", ""GAP-0214""]","[""SF-0269"", ""SF-0357""]","[""[\""storebrand\"",\""hund\"",\""ordinary\"",\""storebrand-hund-veterin-r\"",\""2025-02-01\""]"", ""[\""storebrand\"",\""hund\"",\""ordinary\"",\""storebrand-hund-veterin-r-og-d-dsfall\"",\""2025-02-01\""]""]",false,false,NOT_RECOVERED,NOT_SPECIFIED,REGISTRY_BINDING_ONLY
c8b6b7dec6c0b20b,B-074,"[""GAP-0667"", ""GAP-0668"", ""GAP-0711"", ""GAP-0712""]","[""SF-1078"", ""SF-1079"", ""SF-1138"", ""SF-1139""]","[""[\""storebrand\"",\""bobil\"",\""ordinary\"",\""storebrand-bobil-kasko\"",\""motor09\""]"", ""[\""storebrand\"",\""bobil\"",\""ordinary\"",\""storebrand-bobil-super\"",\""motor09\""]""]",false,false,NOT_RECOVERED,NOT_SPECIFIED,REGISTRY_BINDING_ONLY
c8e42b505cb9ce0b,B-047,"[""GAP-2528""]","[""SF-3613""]","[""[\""gjensidige\"",\""bobil\"",\""ordinary\"",\""gjensidige-bobil-pluss\"",null]""]",false,false,NOT_RECOVERED,NOT_SPECIFIED,REGISTRY_BINDING_ONLY
c9531b69da9b014c,B-033,"[""GAP-4797"", ""GAP-4826"", ""GAP-4860""]","[""SF-6905"", ""SF-6939"", ""SF-6984""]","[""[\""eika-fremtind\"",\""bil\"",\""ordinary\"",\""eika-bil-delkasko\"",\""PMO-357.001-004\""]"", ""[\""eika-fremtind\"",\""bil\"",\""ordinary\"",\""eika-bil-kasko\"",\""PMO-357.001-004\""]"", ""[\""eika-fremtind\"",\""bil\"",\""ordinary\"",\""eika-bil-topp\"",\""PMO-357.001-004\""]""]",false,false,NOT_RECOVERED,NOT_SPECIFIED,REGISTRY_BINDING_ONLY
c9f94d39e193293a,B-156,"[""GAP-5627""]","[""SF-7975""]","[""[\""sparebank1-fremtind\"",\""katt\"",\""ordinary\"",\""sparebank1-fremtind-katt-veterin-r\"",\""2025-08-07\""]""]",false,false,NOT_RECOVERED,NOT_SPECIFIED,REGISTRY_BINDING_ONLY
ca52d496cb3ebb8a,B-070,"[""GAP-5571""]","[""SF-7910""]","[""[\""sparebank1-fremtind\"",\""båt\"",\""ordinary\"",\""sparebank1-fremtind-bat-toppkasko\"",\""2024-06-10\""]""]",false,false,NOT_RECOVERED,NOT_SPECIFIED,REGISTRY_BINDING_ONLY
ca91859d61a869b2,B-116,"[""GAP-1288""]","[""SF-1907""]","[""[\""frende\"",\""katt\"",\""ordinary\"",\""frende-katt-veterin-r\"",\""2026-01-01\""]""]",false,false,NOT_RECOVERED,NOT_SPECIFIED,REGISTRY_BINDING_ONLY
caac64cb80c84ff7,B-093,"[""GAP-4468"", ""GAP-4492"", ""GAP-4517""]","[""SF-6438"", ""SF-6481"", ""SF-6530""]","[""[\""tryg\"",\""reise\"",\""ordinary\"",\""tryg-reise\"",\""2026-09-20-canonical\""]"", ""[\""tryg\"",\""reise\"",\""ordinary\"",\""tryg-reise-ekstra\"",\""2026-09-20-canonical\""]"", ""[\""tryg\"",\""reise\"",\""ordinary\"",\""tryg-reise-premium\"",\""2026-09-20-canonical\""]""]",false,false,NOT_RECOVERED,NOT_SPECIFIED,REGISTRY_BINDING_ONLY
caadf78a8f4be676,B-060,"[""GAP-3662"", ""GAP-3694"", ""GAP-3734""]","[""SF-5264"", ""SF-5300"", ""SF-5345""]","[""[\""if\"",\""båt\"",\""ordinary\"",\""if-bat-delkasko\"",\""2023-02-01\""]"", ""[\""if\"",\""båt\"",\""ordinary\"",\""if-bat-kasko\"",\""2023-02-01\""]"", ""[\""if\"",\""båt\"",\""ordinary\"",\""if-bat-super\"",\""2023-02-01\""]""]",false,false,NOT_RECOVERED,NOT_SPECIFIED,REGISTRY_BINDING_ONLY
cab170a5ed539b0c,B-048,"[""GAP-2839""]","[""SF-3984""]","[""[\""gjensidige\"",\""båt\"",\""ordinary\"",\""gjensidige-bat-pluss\"",null]""]",false,false,NOT_RECOVERED,NOT_SPECIFIED,REGISTRY_BINDING_ONLY
cab46e5f569b7815,B-041,"[""GAP-1286""]","[""SF-1905""]","[""[\""frende\"",\""katt\"",\""ordinary\"",\""frende-katt-veterin-r\"",\""2026-01-01\""]""]",false,false,NOT_RECOVERED,NOT_SPECIFIED,REGISTRY_BINDING_ONLY
cacb486ac4b5bbcf,B-078,"[""GAP-0988"", ""GAP-1042""]","[""SF-1525"", ""SF-1608""]","[""[\""storebrand\"",\""bolig\"",\""ordinary\"",\""storebrand-hus-standard\"",\""2025-08-15\""]"", ""[\""storebrand\"",\""bolig\"",\""ordinary\"",\""storebrand-hus-super\"",\""2025-08-15\""]""]",false,false,NOT_RECOVERED,NOT_SPECIFIED,REGISTRY_BINDING_ONLY
cad962184827e49f,B-116,"[""GAP-1297""]","[""SF-1919""]","[""[\""frende\"",\""katt\"",\""ordinary\"",\""frende-katt-veterin-r\"",\""2026-01-01\""]""]",false,false,NOT_RECOVERED,NOT_SPECIFIED,REGISTRY_BINDING_ONLY
cae2b5dab8841467,B-132,"[""GAP-2939""]","[""SF-4094""]","[""[\""gjensidige\"",\""katt\"",\""ordinary\"",\""gjensidige-katt-behandling\"",null]""]",false,false,NOT_RECOVERED,NOT_SPECIFIED,REGISTRY_BINDING_ONLY
cae7ef5ff1b0c9da,B-046,"[""GAP-1859"", ""GAP-1897"", ""GAP-1946""]","[""SF-2687"", ""SF-2737"", ""SF-2803""]","[""[\""gjensidige\"",\""bil\"",\""ordinary\"",\""gj-bil-delkasko\"",null]"", ""[\""gjensidige\"",\""bil\"",\""ordinary\"",\""gj-bil-kasko\"",null]"", ""[\""gjensidige\"",\""bil\"",\""ordinary\"",\""gj-bil-pluss\"",null]""]",false,false,NOT_RECOVERED,NOT_SPECIFIED,REGISTRY_BINDING_ONLY
caed74a61a64b30f,B-033,"[""GAP-4910"", ""GAP-4939"", ""GAP-4977""]","[""SF-7051"", ""SF-7085"", ""SF-7138""]","[""[\""fremtind\"",\""bil\"",\""ordinary\"",\""fremtind-bil-delkasko\"",\""PMO-357.001-004\""]"", ""[\""fremtind\"",\""bil\"",\""ordinary\"",\""fremtind-bil-kasko\"",\""PMO-357.001-004\""]"", ""[\""fremtind\"",\""bil\"",\""ordinary\"",\""fremtind-bil-topp\"",\""PMO-357.001-004\""]""]",false,false,NOT_RECOVERED,NOT_SPECIFIED,REGISTRY_BINDING_ONLY
cb3e9dc1ef2d6684,B-205,"[""GAP-5202"", ""GAP-5238""]","[""SF-7441"", ""SF-7484""]","[""[\""fremtind-eika-legacy\"",\""reise\"",\""ordinary\"",\""eika-reise-p10\"",\""P10-P10P-2025-01-01\""]"", ""[\""fremtind-eika-legacy\"",\""reise\"",\""ordinary\"",\""eika-reise-pluss-p10\"",\""P10-P10P-2025-01-01\""]""]",false,true,NOT_RECOVERED,NOT_SPECIFIED,ARCHIVED_BASELINE
cb5fdd334ffdb8ee,B-047,"[""GAP-2416"", ""GAP-2454"", ""GAP-2494"", ""GAP-2536""]","[""SF-3463"", ""SF-3508"", ""SF-3561"", ""SF-3625""]","[""[\""gjensidige\"",\""bobil\"",\""ordinary\"",\""gjensidige-bobil-ansvar\"",null]"", ""[\""gjensidige\"",\""bobil\"",\""ordinary\"",\""gjensidige-bobil-delkasko\"",null]"", ""[\""gjensidige\"",\""bobil\"",\""ordinary\"",\""gjensidige-bobil-kasko\"",null]"", ""[\""gjensidige\"",\""bobil\"",\""ordinary\"",\""gjensidige-bobil-pluss\"",null]""]",false,false,NOT_RECOVERED,NOT_SPECIFIED,REGISTRY_BINDING_ONLY
cb60396ca849bcbc,B-036,"[""GAP-1189"", ""GAP-1226""]","[""SF-1792"", ""SF-1834""]","[""[\""frende\"",\""båt\"",\""ordinary\"",\""frende-bat-kasko\"",\""2026-01-01\""]"", ""[\""frende\"",\""båt\"",\""ordinary\"",\""frende-bat-utvidet\"",\""2026-01-01\""]""]",false,false,NOT_RECOVERED,NOT_SPECIFIED,REGISTRY_BINDING_ONLY
cb873ed0cb6b001e,B-073,"[""GAP-0437""]","[""SF-0783""]","[""[\""storebrand\"",\""bil\"",\""ordinary\"",\""sb-bil-super\"",\""motor09\""]""]",false,false,NOT_RECOVERED,NOT_SPECIFIED,REGISTRY_BINDING_ONLY
cb89c33c5bd011ed,B-055,"[""GAP-2235"", ""GAP-2288""]","[""SF-3222"", ""SF-3308""]","[""[\""gjensidige\"",\""reise\"",\""ordinary\"",\""gjensidige-reise\"",\""2026-09-20-canonical\""]"", ""[\""gjensidige\"",\""reise\"",\""ordinary\"",\""gjensidige-reise-pluss\"",\""2026-09-20-canonical\""]""]",false,false,NOT_RECOVERED,NOT_SPECIFIED,REGISTRY_BINDING_ONLY
cbf800139dac07c5,B-180,"[""GAP-0127"", ""GAP-0129""]","[""SF-0220"", ""SF-0224""]","[""[\""tryg\"",\""innbo\"",\""ordinary\"",\""tryg-innbo\"",\""2026-07-01\""]"", ""[\""tryg\"",\""innbo\"",\""ordinary\"",\""tryg-innbo-ekstra\"",\""2026-07-01\""]""]",false,false,NOT_RECOVERED,NOT_SPECIFIED,REGISTRY_BINDING_ONLY
cc134f7ded664c57,B-056,"[""GAP-2587"", ""GAP-2617""]","[""SF-3688"", ""SF-3722""]","[""[\""gjensidige\"",\""snøscooter\"",\""ordinary\"",\""gjensidige-snoscooter-delkasko\"",null]"", ""[\""gjensidige\"",\""snøscooter\"",\""ordinary\"",\""gjensidige-snoscooter-kasko\"",null]""]",false,false,NOT_RECOVERED,NOT_SPECIFIED,REGISTRY_BINDING_ONLY
cc94771b2f9c2e61,B-170,"[""GAP-0499"", ""GAP-0530""]","[""SF-0854"", ""SF-0889""]","[""[\""storebrand\"",\""snøscooter\"",\""ordinary\"",\""storebrand-snoscooter-delkasko\"",\""2025-04-01\""]"", ""[\""storebrand\"",\""snøscooter\"",\""ordinary\"",\""storebrand-snoscooter-kasko\"",\""2025-04-01\""]""]",false,false,NOT_RECOVERED,NOT_SPECIFIED,REGISTRY_BINDING_ONLY
cc9b15fa0f3121c0,B-205,"[""GAP-5257""]","[""SF-7505""]","[""[\""fremtind-eika-legacy\"",\""reise\"",\""ordinary\"",\""eika-reise-pluss-p10\"",\""P10-P10P-2025-01-01\""]""]",false,true,NOT_RECOVERED,NOT_SPECIFIED,ARCHIVED_BASELINE
ccfc931019038efb,B-035,"[""GAP-1542"", ""GAP-1570"", ""GAP-1604"", ""GAP-1636""]","[""SF-2268"", ""SF-2304"", ""SF-2354"", ""SF-2404""]","[""[\""frende\"",\""bobil\"",\""ordinary\"",\""frende-bobil-ansvar\"",\""2026-01-01\""]"", ""[\""frende\"",\""bobil\"",\""ordinary\"",\""frende-bobil-delkasko\"",\""2026-01-01\""]"", ""[\""frende\"",\""bobil\"",\""ordinary\"",\""frende-bobil-kasko\"",\""2026-01-01\""]"", ""[\""frende\"",\""bobil\"",\""ordinary\"",\""frende-bobil-utvidet\"",\""2026-01-01\""]""]",false,false,NOT_RECOVERED,NOT_SPECIFIED,REGISTRY_BINDING_ONLY
cd19783610caad45,B-048,"[""GAP-2758"", ""GAP-2800"", ""GAP-2854""]","[""SF-3893"", ""SF-3940"", ""SF-4000""]","[""[\""gjensidige\"",\""båt\"",\""ordinary\"",\""gjensidige-bat-delkasko\"",null]"", ""[\""gjensidige\"",\""båt\"",\""ordinary\"",\""gjensidige-bat-kasko\"",null]"", ""[\""gjensidige\"",\""båt\"",\""ordinary\"",\""gjensidige-bat-pluss\"",null]""]",false,false,NOT_RECOVERED,NOT_SPECIFIED,REGISTRY_BINDING_ONLY
cd2eff34e684cc02,B-060,"[""GAP-3721"", ""GAP-3767""]","[""SF-5329"", ""SF-5382""]","[""[\""if\"",\""båt\"",\""ordinary\"",\""if-bat-kasko\"",\""2023-02-01\""]"", ""[\""if\"",\""båt\"",\""ordinary\"",\""if-bat-super\"",\""2023-02-01\""]""]",false,false,NOT_RECOVERED,NOT_SPECIFIED,REGISTRY_BINDING_ONLY
cd4e6e062ddecdde,B-060,"[""GAP-3680"", ""GAP-3722"", ""GAP-3768""]","[""SF-5283"", ""SF-5330"", ""SF-5383""]","[""[\""if\"",\""båt\"",\""ordinary\"",\""if-bat-delkasko\"",\""2023-02-01\""]"", ""[\""if\"",\""båt\"",\""ordinary\"",\""if-bat-kasko\"",\""2023-02-01\""]"", ""[\""if\"",\""båt\"",\""ordinary\"",\""if-bat-super\"",\""2023-02-01\""]""]",false,false,NOT_RECOVERED,NOT_SPECIFIED,REGISTRY_BINDING_ONLY
cd5ad7be88bab2f8,B-124,"[""GAP-2840""]","[""SF-3986""]","[""[\""gjensidige\"",\""båt\"",\""ordinary\"",\""gjensidige-bat-pluss\"",null]""]",false,false,NOT_RECOVERED,NOT_SPECIFIED,REGISTRY_BINDING_ONLY
cd6433f5c9e62228,B-162,"[""GAP-0137"", ""GAP-0202""]","[""SF-0256"", ""SF-0342""]","[""[\""storebrand\"",\""hund\"",\""ordinary\"",\""storebrand-hund-veterin-r\"",\""2025-02-01\""]"", ""[\""storebrand\"",\""hund\"",\""ordinary\"",\""storebrand-hund-veterin-r-og-d-dsfall\"",\""2025-02-01\""]""]",false,false,NOT_RECOVERED,NOT_SPECIFIED,REGISTRY_BINDING_ONLY
cd6d6ffabd8b62ef,B-043,"[""GAP-0342""]","[""SF-0642""]","[""[\""frende\"",\""reise\"",\""ordinary\"",\""frende-reiseforsikring\"",\""2026-03-01\""]""]",false,false,NOT_RECOVERED,NOT_SPECIFIED,REGISTRY_BINDING_ONLY
cdd055ea730897ab,B-051,"[""GAP-2126"", ""GAP-2186""]","[""SF-3056"", ""SF-3143""]","[""[\""gjensidige\"",\""bolig\"",\""ordinary\"",\""gjensidige-hus\"",\""Alminnelige vilkår\""]"", ""[\""gjensidige\"",\""bolig\"",\""ordinary\"",\""gjensidige-hus-pluss\"",\""Alminnelige vilkår\""]""]",false,false,NOT_RECOVERED,NOT_SPECIFIED,REGISTRY_BINDING_ONLY
ce13c233ff0847a4,B-032,"[""GAP-5173""]","[""SF-7405""]","[""[\""fremtind\"",\""reise\"",\""ordinary\"",\""fremtind-reise\"",\""PRE-450.200-015\""]""]",false,false,NOT_RECOVERED,NOT_SPECIFIED,REGISTRY_BINDING_ONLY
ce381a27b7435bec,B-051,"[""GAP-2117"", ""GAP-2176""]","[""SF-3036"", ""SF-3123""]","[""[\""gjensidige\"",\""bolig\"",\""ordinary\"",\""gjensidige-hus\"",\""Alminnelige vilkår\""]"", ""[\""gjensidige\"",\""bolig\"",\""ordinary\"",\""gjensidige-hus-pluss\"",\""Alminnelige vilkår\""]""]",false,false,NOT_RECOVERED,NOT_SPECIFIED,REGISTRY_BINDING_ONLY
ce90710821e28a97,B-130,"[""GAP-2121"", ""GAP-2180""]","[""SF-3048"", ""SF-3135""]","[""[\""gjensidige\"",\""bolig\"",\""ordinary\"",\""gjensidige-hus\"",\""Alminnelige vilkår\""]"", ""[\""gjensidige\"",\""bolig\"",\""ordinary\"",\""gjensidige-hus-pluss\"",\""Alminnelige vilkår\""]""]",false,false,NOT_RECOVERED,NOT_SPECIFIED,REGISTRY_BINDING_ONLY
ceb75223f15b7270,B-201,"[""GAP-4449""]","[""SF-6324""]","[""[\""tryg\"",\""innbo\"",\""ordinary\"",\""tryg-innbo-ekstra\"",\""2026-07-01\""]""]",false,false,NOT_RECOVERED,NOT_SPECIFIED,REGISTRY_BINDING_ONLY
cec57012fd3b83ea,B-056,"[""GAP-2558"", ""GAP-2580"", ""GAP-2610""]","[""SF-3657"", ""SF-3681"", ""SF-3715""]","[""[\""gjensidige\"",\""snøscooter\"",\""ordinary\"",\""gjensidige-snoscooter-ansvar\"",null]"", ""[\""gjensidige\"",\""snøscooter\"",\""ordinary\"",\""gjensidige-snoscooter-delkasko\"",null]"", ""[\""gjensidige\"",\""snøscooter\"",\""ordinary\"",\""gjensidige-snoscooter-kasko\"",null]""]",false,false,NOT_RECOVERED,NOT_SPECIFIED,REGISTRY_BINDING_ONLY
ced5bf3623790786,B-149,"[""GAP-3570"", ""GAP-3608"", ""GAP-3653""]","[""SF-5111"", ""SF-5175"", ""SF-5247""]","[""[\""if\"",\""reise\"",\""ordinary\"",\""if-reise-basis\"",\""2026-09-20-canonical\""]"", ""[\""if\"",\""reise\"",\""ordinary\"",\""if-reise-standard\"",\""2026-09-20-canonical\""]"", ""[\""if\"",\""reise\"",\""ordinary\"",\""if-reise-super\"",\""2026-09-20-canonical\""]""]",false,false,NOT_RECOVERED,NOT_SPECIFIED,REGISTRY_BINDING_ONLY
cf0f7fa4b9d7621b,B-079,"[""GAP-0927""]","[""SF-1425""]","[""[\""storebrand\"",\""innbo\"",\""ordinary\"",\""sb-innbo-super\"",\""innbo09\""]""]",false,false,NOT_RECOVERED,NOT_SPECIFIED,REGISTRY_BINDING_ONLY
cf17458e25f6d116,B-042,"[""GAP-1471"", ""GAP-1499""]","[""SF-2151"", ""SF-2193""]","[""[\""frende\"",\""mc\"",\""ordinary\"",\""frende-mc-delkasko\"",\""2026-01-01\""]"", ""[\""frende\"",\""mc\"",\""ordinary\"",\""frende-mc-kasko\"",\""2026-01-01\""]""]",false,false,NOT_RECOVERED,NOT_SPECIFIED,REGISTRY_BINDING_ONLY
cf314c420628a105,B-047,"[""GAP-2442"", ""GAP-2481"", ""GAP-2521""]","[""SF-3496"", ""SF-3542"", ""SF-3595""]","[""[\""gjensidige\"",\""bobil\"",\""ordinary\"",\""gjensidige-bobil-delkasko\"",null]"", ""[\""gjensidige\"",\""bobil\"",\""ordinary\"",\""gjensidige-bobil-kasko\"",null]"", ""[\""gjensidige\"",\""bobil\"",\""ordinary\"",\""gjensidige-bobil-pluss\"",null]""]",false,false,NOT_RECOVERED,NOT_SPECIFIED,REGISTRY_BINDING_ONLY
cf375991085cd82d,B-163,"[""GAP-0989"", ""GAP-1043""]","[""SF-1526"", ""SF-1609""]","[""[\""storebrand\"",\""bolig\"",\""ordinary\"",\""storebrand-hus-standard\"",\""2025-08-15\""]"", ""[\""storebrand\"",\""bolig\"",\""ordinary\"",\""storebrand-hus-super\"",\""2025-08-15\""]""]",false,false,NOT_RECOVERED,NOT_SPECIFIED,REGISTRY_BINDING_ONLY
cf6503cf8c7888b3,B-033,"[""GAP-4548"", ""GAP-4561"", ""GAP-4590"", ""GAP-4624""]","[""SF-6583"", ""SF-6600"", ""SF-6634"", ""SF-6679""]","[""[\""sparebank1-fremtind\"",\""bil\"",\""ordinary\"",\""sb1-bil-ansvar\"",\""PMO-357.001-004\""]"", ""[\""sparebank1-fremtind\"",\""bil\"",\""ordinary\"",\""sb1-bil-delkasko\"",\""PMO-357.001-004\""]"", ""[\""sparebank1-fremtind\"",\""bil\"",\""ordinary\"",\""sb1-bil-kasko\"",\""PMO-357.001-004\""]"", ""[\""sparebank1-fremtind\"",\""bil\"",\""ordinary\"",\""sb1-bil-toppkasko\"",\""PMO-357.001-004\""]""]",false,false,NOT_RECOVERED,NOT_SPECIFIED,REGISTRY_BINDING_ONLY
cfa9c20b75d659f3,B-043,"[""GAP-0336""]","[""SF-0621""]","[""[\""frende\"",\""reise\"",\""ordinary\"",\""frende-reiseforsikring\"",\""2026-03-01\""]""]",false,false,NOT_RECOVERED,NOT_SPECIFIED,REGISTRY_BINDING_ONLY
cfdb9f156aa3c294,B-193,"[""GAP-4801""]","[""SF-6909""]","[""[\""eika-fremtind\"",\""bil\"",\""ordinary\"",\""eika-bil-delkasko\"",\""PMO-357.001-004\""]""]",false,false,NOT_RECOVERED,NOT_SPECIFIED,REGISTRY_BINDING_ONLY
cfe73fca80fbb31d,B-073,"[""GAP-0438""]","[""SF-0784""]","[""[\""storebrand\"",\""bil\"",\""ordinary\"",\""sb-bil-super\"",\""motor09\""]""]",false,false,NOT_RECOVERED,NOT_SPECIFIED,REGISTRY_BINDING_ONLY
d025a21918da75df,B-033,"[""GAP-4794"", ""GAP-4823"", ""GAP-4857""]","[""SF-6901"", ""SF-6935"", ""SF-6980""]","[""[\""eika-fremtind\"",\""bil\"",\""ordinary\"",\""eika-bil-delkasko\"",\""PMO-357.001-004\""]"", ""[\""eika-fremtind\"",\""bil\"",\""ordinary\"",\""eika-bil-kasko\"",\""PMO-357.001-004\""]"", ""[\""eika-fremtind\"",\""bil\"",\""ordinary\"",\""eika-bil-topp\"",\""PMO-357.001-004\""]""]",false,false,NOT_RECOVERED,NOT_SPECIFIED,REGISTRY_BINDING_ONLY
d0466a1fdaabe26f,B-037,"[""GAP-1725"", ""GAP-1751""]","[""SF-2509"", ""SF-2542""]","[""[\""frende\"",\""campingvogn\"",\""ordinary\"",\""frende-campingvogn-brann-og-tyveri\"",\""2026-01-01\""]"", ""[\""frende\"",\""campingvogn\"",\""ordinary\"",\""frende-campingvogn-kasko\"",\""2026-01-01\""]""]",false,false,NOT_RECOVERED,NOT_SPECIFIED,REGISTRY_BINDING_ONLY
d05dfe6cffd78e2b,B-047,"[""GAP-2445"", ""GAP-2484"", ""GAP-2524""]","[""SF-3499"", ""SF-3545"", ""SF-3598""]","[""[\""gjensidige\"",\""bobil\"",\""ordinary\"",\""gjensidige-bobil-delkasko\"",null]"", ""[\""gjensidige\"",\""bobil\"",\""ordinary\"",\""gjensidige-bobil-kasko\"",null]"", ""[\""gjensidige\"",\""bobil\"",\""ordinary\"",\""gjensidige-bobil-pluss\"",null]""]",false,false,NOT_RECOVERED,NOT_SPECIFIED,REGISTRY_BINDING_ONLY
d05ede1880b2e3a3,B-079,"[""GAP-0885"", ""GAP-0941""]","[""SF-1360"", ""SF-1445""]","[""[\""storebrand\"",\""innbo\"",\""ordinary\"",\""sb-innbo-standard\"",\""innbo09\""]"", ""[\""storebrand\"",\""innbo\"",\""ordinary\"",\""sb-innbo-super\"",\""innbo09\""]""]",false,false,NOT_RECOVERED,NOT_SPECIFIED,REGISTRY_BINDING_ONLY
d06ad1c9017d3a3d,B-078,"[""GAP-0956"", ""GAP-1002""]","[""SF-1478"", ""SF-1550""]","[""[\""storebrand\"",\""bolig\"",\""ordinary\"",\""storebrand-hus-standard\"",\""2025-08-15\""]"", ""[\""storebrand\"",\""bolig\"",\""ordinary\"",\""storebrand-hus-super\"",\""2025-08-15\""]""]",false,false,NOT_RECOVERED,NOT_SPECIFIED,REGISTRY_BINDING_ONLY
d06ca1e67b975050,B-056,"[""GAP-2573"", ""GAP-2603"", ""GAP-2634""]","[""SF-3672"", ""SF-3706"", ""SF-3741""]","[""[\""gjensidige\"",\""snøscooter\"",\""ordinary\"",\""gjensidige-snoscooter-ansvar\"",null]"", ""[\""gjensidige\"",\""snøscooter\"",\""ordinary\"",\""gjensidige-snoscooter-delkasko\"",null]"", ""[\""gjensidige\"",\""snøscooter\"",\""ordinary\"",\""gjensidige-snoscooter-kasko\"",null]""]",false,false,NOT_RECOVERED,NOT_SPECIFIED,REGISTRY_BINDING_ONLY
d07e9ae8a55beeaf,B-003,"[""GAP-3706"", ""GAP-3746""]","[""SF-5313"", ""SF-5358""]","[""[\""if\"",\""båt\"",\""ordinary\"",\""if-bat-kasko\"",\""2023-02-01\""]"", ""[\""if\"",\""båt\"",\""ordinary\"",\""if-bat-super\"",\""2023-02-01\""]""]",true,false,NOT_RECOVERED,NOT_SPECIFIED,ARCHIVED_BASELINE
d0c96f292a879ff4,B-146,"[""GAP-3399"", ""GAP-3445""]","[""SF-4778"", ""SF-4843""]","[""[\""if\"",\""innbo\"",\""ordinary\"",\""if-innbo-super\"",\""IBO2-1\""]"", ""[\""if\"",\""innbo\"",\""ordinary\"",\""if-innbo-utvidet\"",\""IBO2-1\""]""]",false,false,NOT_RECOVERED,NOT_SPECIFIED,REGISTRY_BINDING_ONLY
d0da612244bea41c,B-047,"[""GAP-2415"", ""GAP-2453"", ""GAP-2493"", ""GAP-2535""]","[""SF-3462"", ""SF-3507"", ""SF-3560"", ""SF-3624""]","[""[\""gjensidige\"",\""bobil\"",\""ordinary\"",\""gjensidige-bobil-ansvar\"",null]"", ""[\""gjensidige\"",\""bobil\"",\""ordinary\"",\""gjensidige-bobil-delkasko\"",null]"", ""[\""gjensidige\"",\""bobil\"",\""ordinary\"",\""gjensidige-bobil-kasko\"",null]"", ""[\""gjensidige\"",\""bobil\"",\""ordinary\"",\""gjensidige-bobil-pluss\"",null]""]",false,false,NOT_RECOVERED,NOT_SPECIFIED,REGISTRY_BINDING_ONLY
d11b00a10ce34cb6,B-072,"[""GAP-5624""]","[""SF-7972""]","[""[\""sparebank1-fremtind\"",\""katt\"",\""ordinary\"",\""sparebank1-fremtind-katt-veterin-r\"",\""2025-08-07\""]""]",false,false,NOT_RECOVERED,NOT_SPECIFIED,REGISTRY_BINDING_ONLY
d158a73e5d35f312,B-165,"[""GAP-0851"", ""GAP-0897""]","[""SF-1315"", ""SF-1385""]","[""[\""storebrand\"",\""innbo\"",\""ordinary\"",\""sb-innbo-standard\"",\""innbo09\""]"", ""[\""storebrand\"",\""innbo\"",\""ordinary\"",\""sb-innbo-super\"",\""innbo09\""]""]",false,false,NOT_RECOVERED,NOT_SPECIFIED,REGISTRY_BINDING_ONLY
d15daefc7bcc8fac,B-087,"[""GAP-4299"", ""GAP-4329""]","[""SF-6146"", ""SF-6179""]","[""[\""tryg\"",\""båt\"",\""ordinary\"",\""tryg-bat-bat-ekstra\"",\""2024-07-01\""]"", ""[\""tryg\"",\""båt\"",\""ordinary\"",\""tryg-bat-kasko-ansvar\"",\""2024-07-01\""]""]",false,false,NOT_RECOVERED,NOT_SPECIFIED,REGISTRY_BINDING_ONLY
d1c464351b2fd6e9,B-125,"[""GAP-2755"", ""GAP-2797"", ""GAP-2851""]","[""SF-3890"", ""SF-3937"", ""SF-3997""]","[""[\""gjensidige\"",\""båt\"",\""ordinary\"",\""gjensidige-bat-delkasko\"",null]"", ""[\""gjensidige\"",\""båt\"",\""ordinary\"",\""gjensidige-bat-kasko\"",null]"", ""[\""gjensidige\"",\""båt\"",\""ordinary\"",\""gjensidige-bat-pluss\"",null]""]",false,false,NOT_RECOVERED,NOT_SPECIFIED,REGISTRY_BINDING_ONLY
d23da25a97820117,B-083,"[""GAP-0485"", ""GAP-0514""]","[""SF-0838"", ""SF-0871""]","[""[\""storebrand\"",\""snøscooter\"",\""ordinary\"",\""storebrand-snoscooter-delkasko\"",\""2025-04-01\""]"", ""[\""storebrand\"",\""snøscooter\"",\""ordinary\"",\""storebrand-snoscooter-kasko\"",\""2025-04-01\""]""]",false,false,NOT_RECOVERED,NOT_SPECIFIED,REGISTRY_BINDING_ONLY
d2573ced9cc1c3fc,B-086,"[""GAP-4043"", ""GAP-4060"", ""GAP-4078""]","[""SF-5796"", ""SF-5824"", ""SF-5854""]","[""[\""tryg\"",\""bobil\"",\""ordinary\"",\""tryg-bobil-bobil-ekstra\"",\""2026-07-01\""]"", ""[\""tryg\"",\""bobil\"",\""ordinary\"",\""tryg-bobil-delkasko\"",\""2026-01-01\""]"", ""[\""tryg\"",\""bobil\"",\""ordinary\"",\""tryg-bobil-kasko\"",\""2026-01-01\""]""]",false,false,NOT_RECOVERED,NOT_SPECIFIED,REGISTRY_BINDING_ONLY
d27862ffbdc36ee4,B-036,"[""GAP-1171"", ""GAP-1207"", ""GAP-1245""]","[""SF-1771"", ""SF-1813"", ""SF-1858""]","[""[\""frende\"",\""båt\"",\""ordinary\"",\""frende-bat-brann-og-tyveri\"",\""2026-01-01\""]"", ""[\""frende\"",\""båt\"",\""ordinary\"",\""frende-bat-kasko\"",\""2026-01-01\""]"", ""[\""frende\"",\""båt\"",\""ordinary\"",\""frende-bat-utvidet\"",\""2026-01-01\""]""]",false,false,NOT_RECOVERED,NOT_SPECIFIED,REGISTRY_BINDING_ONLY
d2b2cade925b8bae,B-049,"[""GAP-2641"", ""GAP-2661"", ""GAP-2683""]","[""SF-3751"", ""SF-3776"", ""SF-3803""]","[""[\""gjensidige\"",\""campingvogn\"",\""ordinary\"",\""gjensidige-campingvogn-delkasko\"",null]"", ""[\""gjensidige\"",\""campingvogn\"",\""ordinary\"",\""gjensidige-campingvogn-kasko\"",null]"", ""[\""gjensidige\"",\""campingvogn\"",\""ordinary\"",\""gjensidige-campingvogn-pluss\"",null]""]",false,false,NOT_RECOVERED,NOT_SPECIFIED,REGISTRY_BINDING_ONLY
d2d178bf9a89e4b5,B-033,"[""GAP-4951"", ""GAP-4952"", ""GAP-4992"", ""GAP-4993""]","[""SF-7105"", ""SF-7106"", ""SF-7163"", ""SF-7164""]","[""[\""fremtind\"",\""bil\"",\""ordinary\"",\""fremtind-bil-kasko\"",\""PMO-357.001-004\""]"", ""[\""fremtind\"",\""bil\"",\""ordinary\"",\""fremtind-bil-topp\"",\""PMO-357.001-004\""]""]",false,false,NOT_RECOVERED,NOT_SPECIFIED,REGISTRY_BINDING_ONLY
d2f842d2c2ef54f3,B-107,"[""GAP-1382"", ""GAP-1426""]","[""SF-2029"", ""SF-2091""]","[""[\""frende\"",\""bil\"",\""ordinary\"",\""frende-bil-kasko\"",\""2026-01-01\""]"", ""[\""frende\"",\""bil\"",\""ordinary\"",\""frende-bil-utvidet\"",\""2026-01-01\""]""]",false,false,NOT_RECOVERED,NOT_SPECIFIED,REGISTRY_BINDING_ONLY
d30d57137cab24e4,B-084,"[""GAP-0811"", ""GAP-0830""]","[""SF-1260"", ""SF-1284""]","[""[\""storebrand\"",\""tilhenger\"",\""ordinary\"",\""storebrand-tilhenger-brann-og-tyveri\"",\""2026-03-01\""]"", ""[\""storebrand\"",\""tilhenger\"",\""ordinary\"",\""storebrand-tilhenger-kasko\"",\""2026-03-01\""]""]",false,false,NOT_RECOVERED,NOT_SPECIFIED,REGISTRY_BINDING_ONLY
d3d2844f7b5a3ff7,B-031,"[""GAP-5350"", ""GAP-5369""]","[""SF-7622"", ""SF-7649""]","[""[\""fremtind\"",\""mc\"",\""ordinary-sparebank1\"",\""fremtind-mc-delkasko\"",null]"", ""[\""fremtind\"",\""mc\"",\""ordinary-sparebank1\"",\""fremtind-mc-kasko\"",null]""]",false,false,NOT_RECOVERED,NOT_SPECIFIED,REGISTRY_BINDING_ONLY
d4005cb74cd96b23,B-091,"[""GAP-4377""]","[""SF-6230""]","[""[\""tryg\"",\""katt\"",\""ordinary\"",\""tryg-katt-behandling\"",\""2026-09-01\""]""]",false,false,NOT_RECOVERED,NOT_SPECIFIED,REGISTRY_BINDING_ONLY
d43c10f1ae8d8de8,B-128,"[""GAP-2881""]","[""SF-4032""]","[""[\""gjensidige\"",\""hund\"",\""ordinary\"",\""gjensidige-hund-behandling\"",null]""]",false,false,NOT_RECOVERED,NOT_SPECIFIED,REGISTRY_BINDING_ONLY
d445bfe3ac82c80b,B-190,"[""GAP-5448"", ""GAP-5484""]","[""SF-7750"", ""SF-7801""]","[""[\""fremtind\"",\""bobil\"",\""ordinary-dnb\"",\""fremtind-bobil-kasko\"",\""2025-09-18\""]"", ""[\""fremtind\"",\""bobil\"",\""ordinary-dnb\"",\""fremtind-bobil-topp\"",\""2025-09-18\""]""]",false,false,NOT_RECOVERED,NOT_SPECIFIED,REGISTRY_BINDING_ONLY
d4487959fff6bbe6,B-162,"[""GAP-0158"", ""GAP-0225""]","[""SF-0280"", ""SF-0368""]","[""[\""storebrand\"",\""hund\"",\""ordinary\"",\""storebrand-hund-veterin-r\"",\""2025-02-01\""]"", ""[\""storebrand\"",\""hund\"",\""ordinary\"",\""storebrand-hund-veterin-r-og-d-dsfall\"",\""2025-02-01\""]""]",false,false,NOT_RECOVERED,NOT_SPECIFIED,REGISTRY_BINDING_ONLY
d4d60a02be4e6135,B-058,"[""GAP-2964"", ""GAP-2981""]","[""SF-4136"", ""SF-4165""]","[""[\""if\"",\""bil\"",\""ordinary\"",\""if-bil-delkasko\"",\""MOT2-2\""]"", ""[\""if\"",\""bil\"",\""ordinary\"",\""if-bil-kasko\"",\""MOT2-2\""]""]",false,false,NOT_RECOVERED,NOT_SPECIFIED,REGISTRY_BINDING_ONLY
d4d898dbe7dad032,B-092,"[""GAP-3977"", ""GAP-3997"", ""GAP-4018""]","[""SF-5693"", ""SF-5720"", ""SF-5754""]","[""[\""tryg\"",\""mc\"",\""ordinary\"",\""tryg-mc-delkasko\"",\""2026-01-01\""]"", ""[\""tryg\"",\""mc\"",\""ordinary\"",\""tryg-mc-kasko\"",\""2026-07-01\""]"", ""[\""tryg\"",\""mc\"",\""ordinary\"",\""tryg-mc-mc-ekstra\"",\""2026-07-01\""]""]",false,false,NOT_RECOVERED,NOT_SPECIFIED,REGISTRY_BINDING_ONLY
d4f560f76fce8722,B-109,"[""GAP-1255""]","[""SF-1869""]","[""[\""frende\"",\""båt\"",\""ordinary\"",\""frende-bat-utvidet\"",\""2026-01-01\""]""]",false,false,NOT_RECOVERED,NOT_SPECIFIED,REGISTRY_BINDING_ONLY
d4fd62bbbbd1a965,B-028,"[""GAP-5435""]","[""SF-7733""]","[""[\""fremtind\"",\""bobil\"",\""ordinary-dnb\"",\""fremtind-bobil-kasko\"",\""2025-09-18\""]""]",false,false,NOT_RECOVERED,NOT_SPECIFIED,REGISTRY_BINDING_ONLY
d4ff446dd43dc6eb,B-053,"[""GAP-2916""]","[""SF-4071""]","[""[\""gjensidige\"",\""katt\"",\""ordinary\"",\""gjensidige-katt-behandling\"",null]""]",false,false,NOT_RECOVERED,NOT_SPECIFIED,REGISTRY_BINDING_ONLY
d5522caef913e512,B-024,"[""GAP-3299""]","[""SF-4642""]","[""[\""if\"",\""campingvogn\"",\""ordinary\"",\""if-campingvogn-super\"",\""2024-03\""]""]",false,false,NOT_RECOVERED,NOT_SPECIFIED,REGISTRY_BINDING_ONLY
d5715811de0f14f0,B-165,"[""GAP-0878"", ""GAP-0924""]","[""SF-1350"", ""SF-1420""]","[""[\""storebrand\"",\""innbo\"",\""ordinary\"",\""sb-innbo-standard\"",\""innbo09\""]"", ""[\""storebrand\"",\""innbo\"",\""ordinary\"",\""sb-innbo-super\"",\""innbo09\""]""]",false,false,NOT_RECOVERED,NOT_SPECIFIED,REGISTRY_BINDING_ONLY
d58bff0e6b2d46eb,B-130,"[""GAP-2081"", ""GAP-2135""]","[""SF-2982"", ""SF-3066""]","[""[\""gjensidige\"",\""bolig\"",\""ordinary\"",\""gjensidige-hus\"",\""Alminnelige vilkår\""]"", ""[\""gjensidige\"",\""bolig\"",\""ordinary\"",\""gjensidige-hus-pluss\"",\""Alminnelige vilkår\""]""]",false,false,NOT_RECOVERED,NOT_SPECIFIED,REGISTRY_BINDING_ONLY
d5962ab876349a92,B-162,"[""GAP-0136"", ""GAP-0192"", ""GAP-0201""]","[""SF-0255"", ""SF-0325"", ""SF-0341""]","[""[\""storebrand\"",\""hund\"",\""ordinary\"",\""storebrand-hund-d-dsfall\"",\""2025-02-01\""]"", ""[\""storebrand\"",\""hund\"",\""ordinary\"",\""storebrand-hund-veterin-r\"",\""2025-02-01\""]"", ""[\""storebrand\"",\""hund\"",\""ordinary\"",\""storebrand-hund-veterin-r-og-d-dsfall\"",\""2025-02-01\""]""]",false,false,NOT_RECOVERED,NOT_SPECIFIED,REGISTRY_BINDING_ONLY
d5b230bececc6c03,B-046,"[""GAP-1915"", ""GAP-1966""]","[""SF-2760"", ""SF-2833""]","[""[\""gjensidige\"",\""bil\"",\""ordinary\"",\""gj-bil-kasko\"",null]"", ""[\""gjensidige\"",\""bil\"",\""ordinary\"",\""gj-bil-pluss\"",null]""]",false,false,NOT_RECOVERED,NOT_SPECIFIED,REGISTRY_BINDING_ONLY
d5c5a6f79a731a18,B-060,"[""GAP-3751""]","[""SF-5365""]","[""[\""if\"",\""båt\"",\""ordinary\"",\""if-bat-super\"",\""2023-02-01\""]""]",false,false,NOT_RECOVERED,NOT_SPECIFIED,REGISTRY_BINDING_ONLY
d624357215716098,B-134,"[""GAP-2344"", ""GAP-2388""]","[""SF-3375"", ""SF-3431""]","[""[\""gjensidige\"",\""mc\"",\""ordinary\"",\""gjensidige-mc-delkasko\"",null]"", ""[\""gjensidige\"",\""mc\"",\""ordinary\"",\""gjensidige-mc-kasko\"",null]""]",false,false,NOT_RECOVERED,NOT_SPECIFIED,REGISTRY_BINDING_ONLY
d64982f158babd17,B-098,"[""GAP-5276"", ""GAP-5290""]","[""SF-7530"", ""SF-7548""]","[""[\""eika-fremtind\"",\""snøscooter\"",\""ordinary\"",\""eika-fremtind-snoscooter-kasko\"",\""2023-10-29\""]"", ""[\""eika-fremtind\"",\""snøscooter\"",\""ordinary\"",\""eika-fremtind-snoscooter-minikasko\"",\""2023-10-29\""]""]",false,false,NOT_RECOVERED,NOT_SPECIFIED,REGISTRY_BINDING_ONLY
d67df16cac74ac1a,B-012,"[""GAP-2487""]","[""SF-3551""]","[""[\""gjensidige\"",\""bobil\"",\""ordinary\"",\""gjensidige-bobil-kasko\"",null]""]",true,false,NOT_RECOVERED,NOT_SPECIFIED,ARCHIVED_BASELINE
d685a3a8754ce793,B-079,"[""GAP-0930""]","[""SF-1431""]","[""[\""storebrand\"",\""innbo\"",\""ordinary\"",\""sb-innbo-super\"",\""innbo09\""]""]",false,false,NOT_RECOVERED,NOT_SPECIFIED,REGISTRY_BINDING_ONLY
d6bf9869fc197365,B-047,"[""GAP-2423"", ""GAP-2461"", ""GAP-2501"", ""GAP-2543""]","[""SF-3470"", ""SF-3515"", ""SF-3568"", ""SF-3632""]","[""[\""gjensidige\"",\""bobil\"",\""ordinary\"",\""gjensidige-bobil-ansvar\"",null]"", ""[\""gjensidige\"",\""bobil\"",\""ordinary\"",\""gjensidige-bobil-delkasko\"",null]"", ""[\""gjensidige\"",\""bobil\"",\""ordinary\"",\""gjensidige-bobil-kasko\"",null]"", ""[\""gjensidige\"",\""bobil\"",\""ordinary\"",\""gjensidige-bobil-pluss\"",null]""]",false,false,NOT_RECOVERED,NOT_SPECIFIED,REGISTRY_BINDING_ONLY
d6bfb19994c894e5,B-079,"[""GAP-0932""]","[""SF-1433""]","[""[\""storebrand\"",\""innbo\"",\""ordinary\"",\""sb-innbo-super\"",\""innbo09\""]""]",false,false,NOT_RECOVERED,NOT_SPECIFIED,REGISTRY_BINDING_ONLY
d6e6841df8f4e04e,B-052,"[""GAP-1988"", ""GAP-2032""]","[""SF-2863"", ""SF-2918""]","[""[\""gjensidige\"",\""innbo\"",\""ordinary\"",\""gj-innbo\"",null]"", ""[\""gjensidige\"",\""innbo\"",\""ordinary\"",\""gj-innbo-pluss\"",null]""]",false,false,NOT_RECOVERED,NOT_SPECIFIED,REGISTRY_BINDING_ONLY
d7288275a68a7c8e,B-045,"[""GAP-1810""]","[""SF-2617""]","[""[\""frende\"",\""tilhenger\"",\""ordinary\"",\""frende-tilhenger-kasko\"",\""2026-01-01\""]""]",false,false,NOT_RECOVERED,NOT_SPECIFIED,REGISTRY_BINDING_ONLY
d7423b7e3d5bc63c,B-137,"[""GAP-2711"", ""GAP-2726""]","[""SF-3837"", ""SF-3857""]","[""[\""gjensidige\"",\""tilhenger\"",\""ordinary\"",\""gjensidige-tilhenger-delkasko\"",null]"", ""[\""gjensidige\"",\""tilhenger\"",\""ordinary\"",\""gjensidige-tilhenger-kasko\"",null]""]",false,false,NOT_RECOVERED,NOT_SPECIFIED,REGISTRY_BINDING_ONLY
d7673a3178f9305e,B-075,"[""GAP-0062"", ""GAP-0070"", ""GAP-0078""]","[""SF-0098"", ""SF-0108"", ""SF-0118""]","[""[\""storebrand\"",\""båt\"",\""ordinary\"",\""storebrand-bat-delkasko\"",\""2024-09-01\""]"", ""[\""storebrand\"",\""båt\"",\""ordinary\"",\""storebrand-bat-kasko\"",\""2024-09-01\""]"", ""[\""storebrand\"",\""båt\"",\""ordinary\"",\""storebrand-bat-super\"",\""2024-09-01\""]""]",false,false,NOT_RECOVERED,NOT_SPECIFIED,REGISTRY_BINDING_ONLY
d7ad3d00e278ee44,B-030,"[""GAP-5004"", ""GAP-5036""]","[""SF-7183"", ""SF-7221""]","[""[\""fremtind\"",\""innbo\"",\""ordinary\"",\""fremtind-innbo-standard\"",\""2025-01-01\""]"", ""[\""fremtind\"",\""innbo\"",\""ordinary\"",\""fremtind-innbo-topp\"",\""2025-01-01\""]""]",false,false,NOT_RECOVERED,NOT_SPECIFIED,REGISTRY_BINDING_ONLY
d7d3f74bec00427a,B-043,"[""GAP-0333""]","[""SF-0608""]","[""[\""frende\"",\""reise\"",\""ordinary\"",\""frende-reiseforsikring\"",\""2026-03-01\""]""]",false,false,NOT_RECOVERED,NOT_SPECIFIED,REGISTRY_BINDING_ONLY
d7da3f1f3792290b,B-059,"[""GAP-3118"", ""GAP-3145""]","[""SF-4395"", ""SF-4437""]","[""[\""if\"",\""bobil\"",\""ordinary\"",\""if-bobil-kasko\"",\""2024-03\""]"", ""[\""if\"",\""bobil\"",\""ordinary\"",\""if-bobil-super\"",\""2022-06\""]""]",false,false,NOT_RECOVERED,NOT_SPECIFIED,REGISTRY_BINDING_ONLY
d80512c34a8801ac,B-154,"[""GAP-5580""]","[""SF-7922""]","[""[\""sparebank1-fremtind\"",\""hund\"",\""ordinary\"",\""sparebank1-fremtind-hund-veterin-r\"",\""2025-08-07\""]""]",false,false,NOT_RECOVERED,NOT_SPECIFIED,REGISTRY_BINDING_ONLY
d86806869fa1edb4,B-048,"[""GAP-2739"", ""GAP-2775"", ""GAP-2817""]","[""SF-3873"", ""SF-3914"", ""SF-3961""]","[""[\""gjensidige\"",\""båt\"",\""ordinary\"",\""gjensidige-bat-delkasko\"",null]"", ""[\""gjensidige\"",\""båt\"",\""ordinary\"",\""gjensidige-bat-kasko\"",null]"", ""[\""gjensidige\"",\""båt\"",\""ordinary\"",\""gjensidige-bat-pluss\"",null]""]",false,false,NOT_RECOVERED,NOT_SPECIFIED,REGISTRY_BINDING_ONLY
d873594b0143ccc4,B-082,"[""GAP-1087"", ""GAP-1139""]","[""SF-1664"", ""SF-1729""]","[""[\""storebrand\"",\""reise\"",\""ordinary\"",\""storebrand-reise-standard\"",\""2026-09-20-canonical\""]"", ""[\""storebrand\"",\""reise\"",\""ordinary\"",\""storebrand-reise-super\"",\""2026-09-20-canonical\""]""]",false,false,NOT_RECOVERED,NOT_SPECIFIED,REGISTRY_BINDING_ONLY
d92f701a4ae3563d,B-082,"[""GAP-1063"", ""GAP-1115""]","[""SF-1636"", ""SF-1701""]","[""[\""storebrand\"",\""reise\"",\""ordinary\"",\""storebrand-reise-standard\"",\""2026-09-20-canonical\""]"", ""[\""storebrand\"",\""reise\"",\""ordinary\"",\""storebrand-reise-super\"",\""2026-09-20-canonical\""]""]",false,false,NOT_RECOVERED,NOT_SPECIFIED,REGISTRY_BINDING_ONLY
d958455d591a391d,B-066,"[""GAP-3017"", ""GAP-3029"", ""GAP-3050""]","[""SF-4234"", ""SF-4251"", ""SF-4285""]","[""[\""if\"",\""mc\"",\""ordinary\"",\""if-mc-ansvar\"",\""2024-03\""]"", ""[\""if\"",\""mc\"",\""ordinary\"",\""if-mc-delkasko\"",\""2024-03\""]"", ""[\""if\"",\""mc\"",\""ordinary\"",\""if-mc-kasko\"",\""2024-03\""]""]",false,false,NOT_RECOVERED,NOT_SPECIFIED,REGISTRY_BINDING_ONLY
d99b0aa4bb221490,B-049,"[""GAP-2667"", ""GAP-2689""]","[""SF-3783"", ""SF-3810""]","[""[\""gjensidige\"",\""campingvogn\"",\""ordinary\"",\""gjensidige-campingvogn-kasko\"",null]"", ""[\""gjensidige\"",\""campingvogn\"",\""ordinary\"",\""gjensidige-campingvogn-pluss\"",null]""]",false,false,NOT_RECOVERED,NOT_SPECIFIED,REGISTRY_BINDING_ONLY
d9aad23a49af64b5,B-083,"[""GAP-0525""]","[""SF-0883""]","[""[\""storebrand\"",\""snøscooter\"",\""ordinary\"",\""storebrand-snoscooter-kasko\"",\""2025-04-01\""]""]",false,false,NOT_RECOVERED,NOT_SPECIFIED,REGISTRY_BINDING_ONLY
d9f441078437f3cc,B-135,"[""GAP-2212"", ""GAP-2258""]","[""SF-3180"", ""SF-3255""]","[""[\""gjensidige\"",\""reise\"",\""ordinary\"",\""gjensidige-reise\"",\""2026-09-20-canonical\""]"", ""[\""gjensidige\"",\""reise\"",\""ordinary\"",\""gjensidige-reise-pluss\"",\""2026-09-20-canonical\""]""]",false,false,NOT_RECOVERED,NOT_SPECIFIED,REGISTRY_BINDING_ONLY
da0a99ae8bfd502e,B-077,"[""GAP-0140"", ""GAP-0207""]","[""SF-0262"", ""SF-0350""]","[""[\""storebrand\"",\""hund\"",\""ordinary\"",\""storebrand-hund-veterin-r\"",\""2025-02-01\""]"", ""[\""storebrand\"",\""hund\"",\""ordinary\"",\""storebrand-hund-veterin-r-og-d-dsfall\"",\""2025-02-01\""]""]",false,false,NOT_RECOVERED,NOT_SPECIFIED,REGISTRY_BINDING_ONLY
da0d01292ef1fad1,B-083,"[""GAP-0473""]","[""SF-0824""]","[""[\""storebrand\"",\""snøscooter\"",\""ordinary\"",\""storebrand-snoscooter-ansvar\"",\""2025-04-01\""]""]",false,false,NOT_RECOVERED,NOT_SPECIFIED,REGISTRY_BINDING_ONLY
da362e7b553b79b6,B-105,"[""GAP-5155""]","[""SF-7381""]","[""[\""fremtind\"",\""reise\"",\""ordinary\"",\""fremtind-reise\"",\""PRE-450.200-015\""]""]",false,false,NOT_RECOVERED,NOT_SPECIFIED,REGISTRY_BINDING_ONLY
dab1a58e80501817,B-070,"[""GAP-5518"", ""GAP-5548""]","[""SF-7848"", ""SF-7886""]","[""[\""sparebank1-fremtind\"",\""båt\"",\""ordinary\"",\""sparebank1-fremtind-bat-kasko\"",\""2024-06-10\""]"", ""[\""sparebank1-fremtind\"",\""båt\"",\""ordinary\"",\""sparebank1-fremtind-bat-toppkasko\"",\""2024-06-10\""]""]",false,false,NOT_RECOVERED,NOT_SPECIFIED,REGISTRY_BINDING_ONLY
db224f7dc974cc07,B-104,"[""GAP-5345"", ""GAP-5362""]","[""SF-7617"", ""SF-7641""]","[""[\""fremtind\"",\""mc\"",\""ordinary-sparebank1\"",\""fremtind-mc-delkasko\"",null]"", ""[\""fremtind\"",\""mc\"",\""ordinary-sparebank1\"",\""fremtind-mc-kasko\"",null]""]",false,false,NOT_RECOVERED,NOT_SPECIFIED,REGISTRY_BINDING_ONLY
db51b6263eeddaf9,B-048,"[""GAP-2844""]","[""SF-3990""]","[""[\""gjensidige\"",\""båt\"",\""ordinary\"",\""gjensidige-bat-pluss\"",null]""]",false,false,NOT_RECOVERED,NOT_SPECIFIED,REGISTRY_BINDING_ONLY
db5fd8ac206b3acd,B-075,"[""GAP-0071"", ""GAP-0079""]","[""SF-0109"", ""SF-0119""]","[""[\""storebrand\"",\""båt\"",\""ordinary\"",\""storebrand-bat-kasko\"",\""2024-09-01\""]"", ""[\""storebrand\"",\""båt\"",\""ordinary\"",\""storebrand-bat-super\"",\""2024-09-01\""]""]",false,false,NOT_RECOVERED,NOT_SPECIFIED,REGISTRY_BINDING_ONLY
db71383e9113315a,B-105,"[""GAP-5149""]","[""SF-7373""]","[""[\""fremtind\"",\""reise\"",\""ordinary\"",\""fremtind-reise\"",\""PRE-450.200-015\""]""]",false,false,NOT_RECOVERED,NOT_SPECIFIED,REGISTRY_BINDING_ONLY
db74949bd00f107b,B-041,"[""GAP-1295""]","[""SF-1916""]","[""[\""frende\"",\""katt\"",\""ordinary\"",\""frende-katt-veterin-r\"",\""2026-01-01\""]""]",false,false,NOT_RECOVERED,NOT_SPECIFIED,REGISTRY_BINDING_ONLY
dbdb01586a818095,B-073,"[""GAP-0367"", ""GAP-0392"", ""GAP-0431""]","[""SF-0687"", ""SF-0724"", ""SF-0775""]","[""[\""storebrand\"",\""bil\"",\""ordinary\"",\""sb-bil-delkasko\"",\""motor09\""]"", ""[\""storebrand\"",\""bil\"",\""ordinary\"",\""sb-bil-kasko\"",\""motor09\""]"", ""[\""storebrand\"",\""bil\"",\""ordinary\"",\""sb-bil-super\"",\""motor09\""]""]",false,false,NOT_RECOVERED,NOT_SPECIFIED,REGISTRY_BINDING_ONLY
dc0bfe59fe726742,B-046,"[""GAP-1833"", ""GAP-1869"", ""GAP-1918"", ""GAP-1969""]","[""SF-2650"", ""SF-2698"", ""SF-2764"", ""SF-2837""]","[""[\""gjensidige\"",\""bil\"",\""ordinary\"",\""gj-bil-ansvar\"",null]"", ""[\""gjensidige\"",\""bil\"",\""ordinary\"",\""gj-bil-delkasko\"",null]"", ""[\""gjensidige\"",\""bil\"",\""ordinary\"",\""gj-bil-kasko\"",null]"", ""[\""gjensidige\"",\""bil\"",\""ordinary\"",\""gj-bil-pluss\"",null]""]",false,false,NOT_RECOVERED,NOT_SPECIFIED,REGISTRY_BINDING_ONLY
dc26a4cbdad31335,B-108,"[""GAP-1545"", ""GAP-1573"", ""GAP-1607"", ""GAP-1639""]","[""SF-2272"", ""SF-2308"", ""SF-2358"", ""SF-2408""]","[""[\""frende\"",\""bobil\"",\""ordinary\"",\""frende-bobil-ansvar\"",\""2026-01-01\""]"", ""[\""frende\"",\""bobil\"",\""ordinary\"",\""frende-bobil-delkasko\"",\""2026-01-01\""]"", ""[\""frende\"",\""bobil\"",\""ordinary\"",\""frende-bobil-kasko\"",\""2026-01-01\""]"", ""[\""frende\"",\""bobil\"",\""ordinary\"",\""frende-bobil-utvidet\"",\""2026-01-01\""]""]",false,false,NOT_RECOVERED,NOT_SPECIFIED,REGISTRY_BINDING_ONLY
dc3dd7e6392e2a00,B-045,"[""GAP-1776"", ""GAP-1798""]","[""SF-2576"", ""SF-2605""]","[""[\""frende\"",\""tilhenger\"",\""ordinary\"",\""frende-tilhenger-brann-og-tyveri\"",\""2026-01-01\""]"", ""[\""frende\"",\""tilhenger\"",\""ordinary\"",\""frende-tilhenger-kasko\"",\""2026-01-01\""]""]",false,false,NOT_RECOVERED,NOT_SPECIFIED,REGISTRY_BINDING_ONLY
dc3e04a5fcce2317,B-071,"[""GAP-5595""]","[""SF-7938""]","[""[\""sparebank1-fremtind\"",\""hund\"",\""ordinary\"",\""sparebank1-fremtind-hund-veterin-r\"",\""2025-08-07\""]""]",false,false,NOT_RECOVERED,NOT_SPECIFIED,REGISTRY_BINDING_ONLY
dc8227e28127783f,B-060,"[""GAP-3708"", ""GAP-3754""]","[""SF-5315"", ""SF-5368""]","[""[\""if\"",\""båt\"",\""ordinary\"",\""if-bat-kasko\"",\""2023-02-01\""]"", ""[\""if\"",\""båt\"",\""ordinary\"",\""if-bat-super\"",\""2023-02-01\""]""]",false,false,NOT_RECOVERED,NOT_SPECIFIED,REGISTRY_BINDING_ONLY
dc92818b3f5e33b7,B-060,"[""GAP-3698"", ""GAP-3738""]","[""SF-5304"", ""SF-5349""]","[""[\""if\"",\""båt\"",\""ordinary\"",\""if-bat-kasko\"",\""2023-02-01\""]"", ""[\""if\"",\""båt\"",\""ordinary\"",\""if-bat-super\"",\""2023-02-01\""]""]",false,false,NOT_RECOVERED,NOT_SPECIFIED,REGISTRY_BINDING_ONLY
dc93e0369213538a,B-039,"[""GAP-0297"", ""GAP-0312""]","[""SF-0512"", ""SF-0560""]","[""[\""frende\"",\""bolig\"",\""ordinary\"",\""frende-hus-standard\"",\""2026-09-01\""]"", ""[\""frende\"",\""bolig\"",\""ordinary\"",\""frende-hus-utvidet\"",\""2026-09-01\""]""]",false,false,NOT_RECOVERED,NOT_SPECIFIED,REGISTRY_BINDING_ONLY
dca4a209b589ba22,B-046,"[""GAP-1914"", ""GAP-1965""]","[""SF-2759"", ""SF-2832""]","[""[\""gjensidige\"",\""bil\"",\""ordinary\"",\""gj-bil-kasko\"",null]"", ""[\""gjensidige\"",\""bil\"",\""ordinary\"",\""gj-bil-pluss\"",null]""]",false,false,NOT_RECOVERED,NOT_SPECIFIED,REGISTRY_BINDING_ONLY
dca9b0acd2e8be87,B-183,"[""GAP-4016""]","[""SF-5750""]","[""[\""tryg\"",\""mc\"",\""ordinary\"",\""tryg-mc-mc-ekstra\"",\""2026-07-01\""]""]",false,false,NOT_RECOVERED,NOT_SPECIFIED,REGISTRY_BINDING_ONLY
dd10037a4ab7bdd6,B-073,"[""GAP-0436""]","[""SF-0782""]","[""[\""storebrand\"",\""bil\"",\""ordinary\"",\""sb-bil-super\"",\""motor09\""]""]",false,false,NOT_RECOVERED,NOT_SPECIFIED,REGISTRY_BINDING_ONLY
dd1d12ac138e90e6,B-029,"[""GAP-5104"", ""GAP-5142""]","[""SF-7306"", ""SF-7359""]","[""[\""fremtind\"",\""bolig\"",\""ordinary\"",\""fremtind-hus-standard\"",\""PBK-200.100-015+PBK-200.200-010\""]"", ""[\""fremtind\"",\""bolig\"",\""ordinary\"",\""fremtind-hus-topp\"",\""PBK-200.100-015+PBK-200.200-010\""]""]",false,false,NOT_RECOVERED,NOT_SPECIFIED,REGISTRY_BINDING_ONLY
dd474d99c4acf4f1,B-054,"[""GAP-2313"", ""GAP-2354"", ""GAP-2398""]","[""SF-3336"", ""SF-3385"", ""SF-3441""]","[""[\""gjensidige\"",\""mc\"",\""ordinary\"",\""gjensidige-mc-ansvar\"",null]"", ""[\""gjensidige\"",\""mc\"",\""ordinary\"",\""gjensidige-mc-delkasko\"",null]"", ""[\""gjensidige\"",\""mc\"",\""ordinary\"",\""gjensidige-mc-kasko\"",null]""]",false,false,NOT_RECOVERED,NOT_SPECIFIED,REGISTRY_BINDING_ONLY
dd98a9c1ebb5593e,B-043,"[""GAP-0341""]","[""SF-0638""]","[""[\""frende\"",\""reise\"",\""ordinary\"",\""frende-reiseforsikring\"",\""2026-03-01\""]""]",false,false,NOT_RECOVERED,NOT_SPECIFIED,REGISTRY_BINDING_ONLY
ddbbd0ae4e63cf06,B-161,"[""GAP-0743"", ""GAP-0768"", ""GAP-0793""]","[""SF-1175"", ""SF-1205"", ""SF-1239""]","[""[\""storebrand\"",\""campingvogn\"",\""ordinary\"",\""storebrand-campingvogn-brann-og-tyveri\"",\""2026-03-01\""]"", ""[\""storebrand\"",\""campingvogn\"",\""ordinary\"",\""storebrand-campingvogn-kasko\"",\""2026-03-01\""]"", ""[\""storebrand\"",\""campingvogn\"",\""ordinary\"",\""storebrand-campingvogn-super\"",\""2026-03-01\""]""]",false,false,NOT_RECOVERED,NOT_SPECIFIED,REGISTRY_BINDING_ONLY
de03bd98e5b73003,B-149,"[""GAP-3589"", ""GAP-3630""]","[""SF-5147"", ""SF-5213""]","[""[\""if\"",\""reise\"",\""ordinary\"",\""if-reise-standard\"",\""2026-09-20-canonical\""]"", ""[\""if\"",\""reise\"",\""ordinary\"",\""if-reise-super\"",\""2026-09-20-canonical\""]""]",false,false,NOT_RECOVERED,NOT_SPECIFIED,REGISTRY_BINDING_ONLY
de50d2512cb93cd8,B-075,"[""GAP-5637"", ""GAP-5659"", ""GAP-5682""]","[""SF-7988"", ""SF-8014"", ""SF-8041""]","[""[\""storebrand\"",\""båt\"",\""ordinary\"",\""storebrand-bat-delkasko\"",\""2024-09-01\""]"", ""[\""storebrand\"",\""båt\"",\""ordinary\"",\""storebrand-bat-kasko\"",\""2024-09-01\""]"", ""[\""storebrand\"",\""båt\"",\""ordinary\"",\""storebrand-bat-super\"",\""2024-09-01\""]""]",false,false,NOT_RECOVERED,NOT_SPECIFIED,REGISTRY_BINDING_ONLY
de9a7f789ea93d2a,B-034,"[""GAP-1370""]","[""SF-2009""]","[""[\""frende\"",\""bil\"",\""ordinary\"",\""frende-bil-kasko\"",\""2026-01-01\""]""]",false,false,NOT_RECOVERED,NOT_SPECIFIED,REGISTRY_BINDING_ONLY
deb5ac09746a5767,B-122,"[""GAP-1826"", ""GAP-1849"", ""GAP-1887"", ""GAP-1936""]","[""SF-2642"", ""SF-2670"", ""SF-2720"", ""SF-2786""]","[""[\""gjensidige\"",\""bil\"",\""ordinary\"",\""gj-bil-ansvar\"",null]"", ""[\""gjensidige\"",\""bil\"",\""ordinary\"",\""gj-bil-delkasko\"",null]"", ""[\""gjensidige\"",\""bil\"",\""ordinary\"",\""gj-bil-kasko\"",null]"", ""[\""gjensidige\"",\""bil\"",\""ordinary\"",\""gj-bil-pluss\"",null]""]",false,false,NOT_RECOVERED,NOT_SPECIFIED,REGISTRY_BINDING_ONLY
df91d55454eefd03,B-040,"[""GAP-0278""]","[""SF-0460""]","[""[\""frende\"",\""innbo\"",\""ordinary\"",\""frende-innbo-standard\"",\""2026-09-01\""]""]",false,false,NOT_RECOVERED,NOT_SPECIFIED,REGISTRY_BINDING_ONLY
e0460602f52d42fe,B-081,"[""GAP-0549"", ""GAP-0576"", ""GAP-0604""]","[""SF-0912"", ""SF-0950"", ""SF-0990""]","[""[\""storebrand\"",\""mc\"",\""ordinary\"",\""storebrand-mc-ansvar\"",\""motor09\""]"", ""[\""storebrand\"",\""mc\"",\""ordinary\"",\""storebrand-mc-delkasko\"",\""motor09\""]"", ""[\""storebrand\"",\""mc\"",\""ordinary\"",\""storebrand-mc-kasko\"",\""motor09\""]""]",false,false,NOT_RECOVERED,NOT_SPECIFIED,REGISTRY_BINDING_ONLY
e049770979b7274d,B-135,"[""GAP-2197"", ""GAP-2242""]","[""SF-3160"", ""SF-3235""]","[""[\""gjensidige\"",\""reise\"",\""ordinary\"",\""gjensidige-reise\"",\""2026-09-20-canonical\""]"", ""[\""gjensidige\"",\""reise\"",\""ordinary\"",\""gjensidige-reise-pluss\"",\""2026-09-20-canonical\""]""]",false,false,NOT_RECOVERED,NOT_SPECIFIED,REGISTRY_BINDING_ONLY
e068a614876c108f,B-160,"[""GAP-5680""]","[""SF-8039""]","[""[\""storebrand\"",\""båt\"",\""ordinary\"",\""storebrand-bat-super\"",\""2024-09-01\""]""]",false,false,NOT_RECOVERED,NOT_SPECIFIED,REGISTRY_BINDING_ONLY
e0a4907dd08e7a74,B-007,"[""GAP-2132"", ""GAP-2192""]","[""SF-3062"", ""SF-3149""]","[""[\""gjensidige\"",\""bolig\"",\""ordinary\"",\""gjensidige-hus\"",\""Alminnelige vilkår\""]"", ""[\""gjensidige\"",\""bolig\"",\""ordinary\"",\""gjensidige-hus-pluss\"",\""Alminnelige vilkår\""]""]",true,false,NOT_RECOVERED,NOT_SPECIFIED,ARCHIVED_BASELINE
e0c4e8b70c0c8f53,B-044,"[""GAP-1651"", ""GAP-1676"", ""GAP-1706""]","[""SF-2423"", ""SF-2452"", ""SF-2486""]","[""[\""frende\"",\""snøscooter\"",\""ordinary\"",\""frende-snoscooter-ansvar\"",\""2026-01-01\""]"", ""[\""frende\"",\""snøscooter\"",\""ordinary\"",\""frende-snoscooter-brann-og-tyveri\"",\""2026-01-01\""]"", ""[\""frende\"",\""snøscooter\"",\""ordinary\"",\""frende-snoscooter-kasko\"",\""2026-01-01\""]""]",false,false,NOT_RECOVERED,NOT_SPECIFIED,REGISTRY_BINDING_ONLY
e0cacc0772a2dff6,B-054,"[""GAP-2312"", ""GAP-2353"", ""GAP-2397""]","[""SF-3335"", ""SF-3384"", ""SF-3440""]","[""[\""gjensidige\"",\""mc\"",\""ordinary\"",\""gjensidige-mc-ansvar\"",null]"", ""[\""gjensidige\"",\""mc\"",\""ordinary\"",\""gjensidige-mc-delkasko\"",null]"", ""[\""gjensidige\"",\""mc\"",\""ordinary\"",\""gjensidige-mc-kasko\"",null]""]",false,false,NOT_RECOVERED,NOT_SPECIFIED,REGISTRY_BINDING_ONLY
e0e934cb5468810f,B-147,"[""GAP-3852"", ""GAP-3871"", ""GAP-3892""]","[""SF-5481"", ""SF-5504"", ""SF-5529""]","[""[\""if\"",\""katt\"",\""ordinary\"",\""if-katt-basis\"",\""2022-12-01\""]"", ""[\""if\"",\""katt\"",\""ordinary\"",\""if-katt-standard\"",\""2022-12-01\""]"", ""[\""if\"",\""katt\"",\""ordinary\"",\""if-katt-super\"",\""2022-12-01\""]""]",false,false,NOT_RECOVERED,NOT_SPECIFIED,REGISTRY_BINDING_ONLY
e11463463378fa98,B-034,"[""GAP-1343"", ""GAP-1387"", ""GAP-1431""]","[""SF-1975"", ""SF-2034"", ""SF-2096""]","[""[\""frende\"",\""bil\"",\""ordinary\"",\""frende-bil-delkasko\"",\""2026-01-01\""]"", ""[\""frende\"",\""bil\"",\""ordinary\"",\""frende-bil-kasko\"",\""2026-01-01\""]"", ""[\""frende\"",\""bil\"",\""ordinary\"",\""frende-bil-utvidet\"",\""2026-01-01\""]""]",false,false,NOT_RECOVERED,NOT_SPECIFIED,REGISTRY_BINDING_ONLY
e129c8b413d28f82,B-108,"[""GAP-1594"", ""GAP-1626""]","[""SF-2343"", ""SF-2393""]","[""[\""frende\"",\""bobil\"",\""ordinary\"",\""frende-bobil-kasko\"",\""2026-01-01\""]"", ""[\""frende\"",\""bobil\"",\""ordinary\"",\""frende-bobil-utvidet\"",\""2026-01-01\""]""]",false,false,NOT_RECOVERED,NOT_SPECIFIED,REGISTRY_BINDING_ONLY
e14fd27a12c11449,B-091,"[""GAP-0019""]","[""SF-0031""]","[""[\""tryg\"",\""katt\"",\""ordinary\"",\""tryg-katt-behandling\"",\""2026-09-01\""]""]",false,false,NOT_RECOVERED,NOT_SPECIFIED,REGISTRY_BINDING_ONLY
e15180912d4270bd,B-083,"[""GAP-0493"", ""GAP-0522""]","[""SF-0847"", ""SF-0880""]","[""[\""storebrand\"",\""snøscooter\"",\""ordinary\"",\""storebrand-snoscooter-delkasko\"",\""2025-04-01\""]"", ""[\""storebrand\"",\""snøscooter\"",\""ordinary\"",\""storebrand-snoscooter-kasko\"",\""2025-04-01\""]""]",false,false,NOT_RECOVERED,NOT_SPECIFIED,REGISTRY_BINDING_ONLY
e1aaf36beb7865b2,B-072,"[""GAP-5617""]","[""SF-7965""]","[""[\""sparebank1-fremtind\"",\""katt\"",\""ordinary\"",\""sparebank1-fremtind-katt-veterin-r\"",\""2025-08-07\""]""]",false,false,NOT_RECOVERED,NOT_SPECIFIED,REGISTRY_BINDING_ONLY
e1c8e1869470aeca,B-056,"[""GAP-2555"", ""GAP-2577"", ""GAP-2607""]","[""SF-3654"", ""SF-3678"", ""SF-3712""]","[""[\""gjensidige\"",\""snøscooter\"",\""ordinary\"",\""gjensidige-snoscooter-ansvar\"",null]"", ""[\""gjensidige\"",\""snøscooter\"",\""ordinary\"",\""gjensidige-snoscooter-delkasko\"",null]"", ""[\""gjensidige\"",\""snøscooter\"",\""ordinary\"",\""gjensidige-snoscooter-kasko\"",null]""]",false,false,NOT_RECOVERED,NOT_SPECIFIED,REGISTRY_BINDING_ONLY
e2129db9cdd34bf3,B-082,"[""GAP-1092"", ""GAP-1151""]","[""SF-1669"", ""SF-1743""]","[""[\""storebrand\"",\""reise\"",\""ordinary\"",\""storebrand-reise-standard\"",\""2026-09-20-canonical\""]"", ""[\""storebrand\"",\""reise\"",\""ordinary\"",\""storebrand-reise-super\"",\""2026-09-20-canonical\""]""]",false,false,NOT_RECOVERED,NOT_SPECIFIED,REGISTRY_BINDING_ONLY
e2554bcc857dbae2,B-075,"[""GAP-0060"", ""GAP-0068"", ""GAP-0076""]","[""SF-0096"", ""SF-0106"", ""SF-0116""]","[""[\""storebrand\"",\""båt\"",\""ordinary\"",\""storebrand-bat-delkasko\"",\""2024-09-01\""]"", ""[\""storebrand\"",\""båt\"",\""ordinary\"",\""storebrand-bat-kasko\"",\""2024-09-01\""]"", ""[\""storebrand\"",\""båt\"",\""ordinary\"",\""storebrand-bat-super\"",\""2024-09-01\""]""]",false,false,NOT_RECOVERED,NOT_SPECIFIED,REGISTRY_BINDING_ONLY
e28058d0bfde6103,B-079,"[""GAP-0868"", ""GAP-0914""]","[""SF-1339"", ""SF-1409""]","[""[\""storebrand\"",\""innbo\"",\""ordinary\"",\""sb-innbo-standard\"",\""innbo09\""]"", ""[\""storebrand\"",\""innbo\"",\""ordinary\"",\""sb-innbo-super\"",\""innbo09\""]""]",false,false,NOT_RECOVERED,NOT_SPECIFIED,REGISTRY_BINDING_ONLY
e288a22c2f335a35,B-060,"[""GAP-3750""]","[""SF-5364""]","[""[\""if\"",\""båt\"",\""ordinary\"",\""if-bat-super\"",\""2023-02-01\""]""]",false,false,NOT_RECOVERED,NOT_SPECIFIED,REGISTRY_BINDING_ONLY
e2d135320216be8b,B-089,"[""GAP-4360""]","[""SF-6212""]","[""[\""tryg\"",\""hund\"",\""ordinary\"",\""tryg-hund-behandling\"",\""2026-09-01\""]""]",false,false,NOT_RECOVERED,NOT_SPECIFIED,REGISTRY_BINDING_ONLY
e2dc52bbb424c46f,B-024,"[""GAP-3293""]","[""SF-4636""]","[""[\""if\"",\""campingvogn\"",\""ordinary\"",\""if-campingvogn-super\"",\""2024-03\""]""]",false,false,NOT_RECOVERED,NOT_SPECIFIED,REGISTRY_BINDING_ONLY
e2f70dda0093e9e4,B-057,"[""GAP-2708"", ""GAP-2723""]","[""SF-3834"", ""SF-3854""]","[""[\""gjensidige\"",\""tilhenger\"",\""ordinary\"",\""gjensidige-tilhenger-delkasko\"",null]"", ""[\""gjensidige\"",\""tilhenger\"",\""ordinary\"",\""gjensidige-tilhenger-kasko\"",null]""]",false,false,NOT_RECOVERED,OPEN,CONVERSATION_ONLY
e2f8c5bee70295ab,B-045,"[""GAP-1791"", ""GAP-1815""]","[""SF-2594"", ""SF-2625""]","[""[\""frende\"",\""tilhenger\"",\""ordinary\"",\""frende-tilhenger-brann-og-tyveri\"",\""2026-01-01\""]"", ""[\""frende\"",\""tilhenger\"",\""ordinary\"",\""frende-tilhenger-kasko\"",\""2026-01-01\""]""]",false,false,NOT_RECOVERED,NOT_SPECIFIED,REGISTRY_BINDING_ONLY
e33a91941fcd3378,B-036,"[""GAP-1172"", ""GAP-1208"", ""GAP-1246""]","[""SF-1772"", ""SF-1814"", ""SF-1859""]","[""[\""frende\"",\""båt\"",\""ordinary\"",\""frende-bat-brann-og-tyveri\"",\""2026-01-01\""]"", ""[\""frende\"",\""båt\"",\""ordinary\"",\""frende-bat-kasko\"",\""2026-01-01\""]"", ""[\""frende\"",\""båt\"",\""ordinary\"",\""frende-bat-utvidet\"",\""2026-01-01\""]""]",false,false,NOT_RECOVERED,NOT_SPECIFIED,REGISTRY_BINDING_ONLY
e392e38bad9d27e9,B-036,"[""GAP-1174"", ""GAP-1210"", ""GAP-1248""]","[""SF-1774"", ""SF-1816"", ""SF-1861""]","[""[\""frende\"",\""båt\"",\""ordinary\"",\""frende-bat-brann-og-tyveri\"",\""2026-01-01\""]"", ""[\""frende\"",\""båt\"",\""ordinary\"",\""frende-bat-kasko\"",\""2026-01-01\""]"", ""[\""frende\"",\""båt\"",\""ordinary\"",\""frende-bat-utvidet\"",\""2026-01-01\""]""]",false,false,NOT_RECOVERED,NOT_SPECIFIED,REGISTRY_BINDING_ONLY
e438f643bcdcdf78,B-082,"[""GAP-1070"", ""GAP-1122""]","[""SF-1645"", ""SF-1710""]","[""[\""storebrand\"",\""reise\"",\""ordinary\"",\""storebrand-reise-standard\"",\""2026-09-20-canonical\""]"", ""[\""storebrand\"",\""reise\"",\""ordinary\"",\""storebrand-reise-super\"",\""2026-09-20-canonical\""]""]",false,false,NOT_RECOVERED,NOT_SPECIFIED,REGISTRY_BINDING_ONLY
e4932f62cb1de644,B-076,"[""GAP-0734"", ""GAP-0758""]","[""SF-1166"", ""SF-1194""]","[""[\""storebrand\"",\""campingvogn\"",\""ordinary\"",\""storebrand-campingvogn-brann-og-tyveri\"",\""2026-03-01\""]"", ""[\""storebrand\"",\""campingvogn\"",\""ordinary\"",\""storebrand-campingvogn-kasko\"",\""2026-03-01\""]""]",false,false,NOT_RECOVERED,NOT_SPECIFIED,REGISTRY_BINDING_ONLY
e4fd385ee7356105,B-085,"[""GAP-3949""]","[""SF-5646""]","[""[\""tryg\"",\""bil\"",\""ordinary\"",\""bil-kasko\"",\""PAU25205\""]""]",false,false,NOT_RECOVERED,NOT_SPECIFIED,REGISTRY_BINDING_ONLY
e50b60c83f8a5ff8,B-060,"[""GAP-3664""]","[""SF-5266""]","[""[\""if\"",\""båt\"",\""ordinary\"",\""if-bat-delkasko\"",\""2023-02-01\""]""]",false,false,NOT_RECOVERED,NOT_SPECIFIED,REGISTRY_BINDING_ONLY
e580d42eceb9a270,B-058,"[""GAP-2948"", ""GAP-2956"", ""GAP-2972"", ""GAP-2994""]","[""SF-4108"", ""SF-4121"", ""SF-4148"", ""SF-4189""]","[""[\""if\"",\""bil\"",\""ordinary\"",\""if-bil-ansvar\"",\""MOT2-2\""]"", ""[\""if\"",\""bil\"",\""ordinary\"",\""if-bil-delkasko\"",\""MOT2-2\""]"", ""[\""if\"",\""bil\"",\""ordinary\"",\""if-bil-kasko\"",\""MOT2-2\""]"", ""[\""if\"",\""bil\"",\""ordinary\"",\""if-bil-super\"",\""MOT2-2\""]""]",false,false,NOT_RECOVERED,NOT_SPECIFIED,REGISTRY_BINDING_ONLY
e5832e3f47b9b52f,B-036,"[""GAP-1161""]","[""SF-1758""]","[""[\""frende\"",\""båt\"",\""ordinary\"",\""frende-bat-brann-og-tyveri\"",\""2026-01-01\""]""]",false,false,NOT_RECOVERED,NOT_SPECIFIED,REGISTRY_BINDING_ONLY
e598072d49375395,B-093,"[""GAP-4466"", ""GAP-4489"", ""GAP-4515""]","[""SF-6433"", ""SF-6476"", ""SF-6524""]","[""[\""tryg\"",\""reise\"",\""ordinary\"",\""tryg-reise\"",\""2026-09-20-canonical\""]"", ""[\""tryg\"",\""reise\"",\""ordinary\"",\""tryg-reise-ekstra\"",\""2026-09-20-canonical\""]"", ""[\""tryg\"",\""reise\"",\""ordinary\"",\""tryg-reise-premium\"",\""2026-09-20-canonical\""]""]",false,false,NOT_RECOVERED,NOT_SPECIFIED,REGISTRY_BINDING_ONLY
e6093c6a5a852045,B-149,"[""GAP-3552"", ""GAP-3575"", ""GAP-3614""]","[""SF-5084"", ""SF-5130"", ""SF-5191""]","[""[\""if\"",\""reise\"",\""ordinary\"",\""if-reise-basis\"",\""2026-09-20-canonical\""]"", ""[\""if\"",\""reise\"",\""ordinary\"",\""if-reise-standard\"",\""2026-09-20-canonical\""]"", ""[\""if\"",\""reise\"",\""ordinary\"",\""if-reise-super\"",\""2026-09-20-canonical\""]""]",false,false,NOT_RECOVERED,NOT_SPECIFIED,REGISTRY_BINDING_ONLY
e633eb477c89e02d,B-044,"[""GAP-1647"", ""GAP-1663"", ""GAP-1691""]","[""SF-2418"", ""SF-2438"", ""SF-2470""]","[""[\""frende\"",\""snøscooter\"",\""ordinary\"",\""frende-snoscooter-ansvar\"",\""2026-01-01\""]"", ""[\""frende\"",\""snøscooter\"",\""ordinary\"",\""frende-snoscooter-brann-og-tyveri\"",\""2026-01-01\""]"", ""[\""frende\"",\""snøscooter\"",\""ordinary\"",\""frende-snoscooter-kasko\"",\""2026-01-01\""]""]",false,false,NOT_RECOVERED,NOT_SPECIFIED,REGISTRY_BINDING_ONLY
e6d1f997a1f4fc5c,B-066,"[""GAP-3039"", ""GAP-3061""]","[""SF-4268"", ""SF-4304""]","[""[\""if\"",\""mc\"",\""ordinary\"",\""if-mc-delkasko\"",\""2024-03\""]"", ""[\""if\"",\""mc\"",\""ordinary\"",\""if-mc-kasko\"",\""2024-03\""]""]",false,false,NOT_RECOVERED,NOT_SPECIFIED,REGISTRY_BINDING_ONLY
e6f83f79595688ed,B-143,"[""GAP-3775"", ""GAP-3798"", ""GAP-3824""]","[""SF-5392"", ""SF-5419"", ""SF-5449""]","[""[\""if\"",\""hund\"",\""ordinary\"",\""if-hund-basis\"",\""2022-12-01\""]"", ""[\""if\"",\""hund\"",\""ordinary\"",\""if-hund-standard\"",\""2022-12-01\""]"", ""[\""if\"",\""hund\"",\""ordinary\"",\""if-hund-super\"",\""2022-12-01\""]""]",false,false,NOT_RECOVERED,NOT_SPECIFIED,REGISTRY_BINDING_ONLY
e70a7993b9168c16,B-052,"[""GAP-2008"", ""GAP-2061""]","[""SF-2888"", ""SF-2958""]","[""[\""gjensidige\"",\""innbo\"",\""ordinary\"",\""gj-innbo\"",null]"", ""[\""gjensidige\"",\""innbo\"",\""ordinary\"",\""gj-innbo-pluss\"",null]""]",false,false,NOT_RECOVERED,NOT_SPECIFIED,REGISTRY_BINDING_ONLY
e70b25cd3532f31d,B-036,"[""GAP-1170"", ""GAP-1206"", ""GAP-1244""]","[""SF-1770"", ""SF-1812"", ""SF-1857""]","[""[\""frende\"",\""båt\"",\""ordinary\"",\""frende-bat-brann-og-tyveri\"",\""2026-01-01\""]"", ""[\""frende\"",\""båt\"",\""ordinary\"",\""frende-bat-kasko\"",\""2026-01-01\""]"", ""[\""frende\"",\""båt\"",\""ordinary\"",\""frende-bat-utvidet\"",\""2026-01-01\""]""]",false,false,NOT_RECOVERED,NOT_SPECIFIED,REGISTRY_BINDING_ONLY
e70b4b78e7dd5fdc,B-090,"[""GAP-4400"", ""GAP-4429""]","[""SF-6256"", ""SF-6297""]","[""[\""tryg\"",\""innbo\"",\""ordinary\"",\""tryg-innbo\"",\""2026-07-01\""]"", ""[\""tryg\"",\""innbo\"",\""ordinary\"",\""tryg-innbo-ekstra\"",\""2026-07-01\""]""]",false,false,NOT_RECOVERED,NOT_SPECIFIED,REGISTRY_BINDING_ONLY
e7378d05f1fec7cd,B-035,"[""GAP-1541"", ""GAP-1569"", ""GAP-1603"", ""GAP-1635""]","[""SF-2267"", ""SF-2303"", ""SF-2353"", ""SF-2403""]","[""[\""frende\"",\""bobil\"",\""ordinary\"",\""frende-bobil-ansvar\"",\""2026-01-01\""]"", ""[\""frende\"",\""bobil\"",\""ordinary\"",\""frende-bobil-delkasko\"",\""2026-01-01\""]"", ""[\""frende\"",\""bobil\"",\""ordinary\"",\""frende-bobil-kasko\"",\""2026-01-01\""]"", ""[\""frende\"",\""bobil\"",\""ordinary\"",\""frende-bobil-utvidet\"",\""2026-01-01\""]""]",false,false,NOT_RECOVERED,NOT_SPECIFIED,REGISTRY_BINDING_ONLY
e784c0689d14314a,B-078,"[""GAP-0965"", ""GAP-1011""]","[""SF-1488"", ""SF-1560""]","[""[\""storebrand\"",\""bolig\"",\""ordinary\"",\""storebrand-hus-standard\"",\""2025-08-15\""]"", ""[\""storebrand\"",\""bolig\"",\""ordinary\"",\""storebrand-hus-super\"",\""2025-08-15\""]""]",false,false,NOT_RECOVERED,NOT_SPECIFIED,REGISTRY_BINDING_ONLY
e7ae996fe7dc4716,B-091,"[""GAP-0012""]","[""SF-0019""]","[""[\""tryg\"",\""katt\"",\""ordinary\"",\""tryg-katt-behandling\"",\""2026-09-01\""]""]",false,false,NOT_RECOVERED,NOT_SPECIFIED,REGISTRY_BINDING_ONLY
e83e49d62d53cf49,B-083,"[""GAP-0524""]","[""SF-0882""]","[""[\""storebrand\"",\""snøscooter\"",\""ordinary\"",\""storebrand-snoscooter-kasko\"",\""2025-04-01\""]""]",false,false,NOT_RECOVERED,NOT_SPECIFIED,REGISTRY_BINDING_ONLY
e85c6f0611ed4b6e,B-166,"[""GAP-0185"", ""GAP-0265""]","[""SF-0314"", ""SF-0426""]","[""[\""storebrand\"",\""katt\"",\""ordinary\"",\""storebrand-katt-veterin-r\"",\""2025-02-01\""]"", ""[\""storebrand\"",\""katt\"",\""ordinary\"",\""storebrand-katt-veterin-r-og-d-dsfall\"",\""2025-02-01\""]""]",false,false,NOT_RECOVERED,NOT_SPECIFIED,REGISTRY_BINDING_ONLY
e86a88e1504546fa,B-078,"[""GAP-1028""]","[""SF-1582""]","[""[\""storebrand\"",\""bolig\"",\""ordinary\"",\""storebrand-hus-super\"",\""2025-08-15\""]""]",false,false,NOT_RECOVERED,NOT_SPECIFIED,REGISTRY_BINDING_ONLY
e881600b2f3ed99c,B-066,"[""GAP-3064""]","[""SF-4310""]","[""[\""if\"",\""mc\"",\""ordinary\"",\""if-mc-kasko\"",\""2024-03\""]""]",false,false,NOT_RECOVERED,NOT_SPECIFIED,REGISTRY_BINDING_ONLY
e8a479ac1faa2852,B-108,"[""GAP-1589"", ""GAP-1621""]","[""SF-2334"", ""SF-2384""]","[""[\""frende\"",\""bobil\"",\""ordinary\"",\""frende-bobil-kasko\"",\""2026-01-01\""]"", ""[\""frende\"",\""bobil\"",\""ordinary\"",\""frende-bobil-utvidet\"",\""2026-01-01\""]""]",false,false,NOT_RECOVERED,NOT_SPECIFIED,REGISTRY_BINDING_ONLY
e8b7fd34c9fb4c80,B-135,"[""GAP-2234"", ""GAP-2287""]","[""SF-3218"", ""SF-3304""]","[""[\""gjensidige\"",\""reise\"",\""ordinary\"",\""gjensidige-reise\"",\""2026-09-20-canonical\""]"", ""[\""gjensidige\"",\""reise\"",\""ordinary\"",\""gjensidige-reise-pluss\"",\""2026-09-20-canonical\""]""]",false,false,NOT_RECOVERED,NOT_SPECIFIED,REGISTRY_BINDING_ONLY
e8c81a783b77994f,B-097,"[""GAP-5305"", ""GAP-5316""]","[""SF-7564"", ""SF-7576""]","[""[\""eika-fremtind\"",\""campingvogn\"",\""ordinary\"",\""eika-fremtind-campingvogn-kasko\"",\""2024-03-21\""]"", ""[\""eika-fremtind\"",\""campingvogn\"",\""ordinary\"",\""eika-fremtind-campingvogn-minikasko\"",\""2024-03-21\""]""]",false,false,NOT_RECOVERED,NOT_SPECIFIED,REGISTRY_BINDING_ONLY
e8dcfbfdccfdee28,B-036,"[""GAP-1193"", ""GAP-1230""]","[""SF-1796"", ""SF-1838""]","[""[\""frende\"",\""båt\"",\""ordinary\"",\""frende-bat-kasko\"",\""2026-01-01\""]"", ""[\""frende\"",\""båt\"",\""ordinary\"",\""frende-bat-utvidet\"",\""2026-01-01\""]""]",false,false,NOT_RECOVERED,NOT_SPECIFIED,REGISTRY_BINDING_ONLY
e8e98d08e99db68b,B-140,"[""GAP-3159""]","[""SF-4467""]","[""[\""if\"",\""bobil\"",\""ordinary\"",\""if-bobil-super\"",\""2022-06\""]""]",false,false,NOT_RECOVERED,NOT_SPECIFIED,REGISTRY_BINDING_ONLY
e9254cbd363d7bd2,B-082,"[""GAP-1093"", ""GAP-1152""]","[""SF-1670"", ""SF-1744""]","[""[\""storebrand\"",\""reise\"",\""ordinary\"",\""storebrand-reise-standard\"",\""2026-09-20-canonical\""]"", ""[\""storebrand\"",\""reise\"",\""ordinary\"",\""storebrand-reise-super\"",\""2026-09-20-canonical\""]""]",false,false,NOT_RECOVERED,NOT_SPECIFIED,REGISTRY_BINDING_ONLY
e941f1850d9c4209,B-052,"[""GAP-2055""]","[""SF-2949""]","[""[\""gjensidige\"",\""innbo\"",\""ordinary\"",\""gj-innbo-pluss\"",null]""]",false,false,NOT_RECOVERED,NOT_SPECIFIED,REGISTRY_BINDING_ONLY
e9558175d823a8e7,B-082,"[""GAP-1055"", ""GAP-1107""]","[""SF-1625"", ""SF-1690""]","[""[\""storebrand\"",\""reise\"",\""ordinary\"",\""storebrand-reise-standard\"",\""2026-09-20-canonical\""]"", ""[\""storebrand\"",\""reise\"",\""ordinary\"",\""storebrand-reise-super\"",\""2026-09-20-canonical\""]""]",false,false,NOT_RECOVERED,NOT_SPECIFIED,REGISTRY_BINDING_ONLY
e9ad691aac4ac8b9,B-132,"[""GAP-2912""]","[""SF-4066""]","[""[\""gjensidige\"",\""katt\"",\""ordinary\"",\""gjensidige-katt-behandling\"",null]""]",false,false,NOT_RECOVERED,NOT_SPECIFIED,REGISTRY_BINDING_ONLY
e9c5a56d1ec07795,B-044,"[""GAP-1701""]","[""SF-2480""]","[""[\""frende\"",\""snøscooter\"",\""ordinary\"",\""frende-snoscooter-kasko\"",\""2026-01-01\""]""]",false,false,NOT_RECOVERED,NOT_SPECIFIED,REGISTRY_BINDING_ONLY
ea4b260dec74c2bb,B-146,"[""GAP-3340"", ""GAP-3370"", ""GAP-3414""]","[""SF-4699"", ""SF-4741"", ""SF-4802""]","[""[\""if\"",\""innbo\"",\""ordinary\"",\""if-innbo-basis\"",\""IBO2-1\""]"", ""[\""if\"",\""innbo\"",\""ordinary\"",\""if-innbo-super\"",\""IBO2-1\""]"", ""[\""if\"",\""innbo\"",\""ordinary\"",\""if-innbo-utvidet\"",\""IBO2-1\""]""]",false,false,NOT_RECOVERED,NOT_SPECIFIED,REGISTRY_BINDING_ONLY
ea77778473b49c45,B-112,"[""GAP-1732"", ""GAP-1760""]","[""SF-2516"", ""SF-2551""]","[""[\""frende\"",\""campingvogn\"",\""ordinary\"",\""frende-campingvogn-brann-og-tyveri\"",\""2026-01-01\""]"", ""[\""frende\"",\""campingvogn\"",\""ordinary\"",\""frende-campingvogn-kasko\"",\""2026-01-01\""]""]",false,false,NOT_RECOVERED,NOT_SPECIFIED,REGISTRY_BINDING_ONLY
eaad916469fb2318,B-082,"[""GAP-1044"", ""GAP-1096""]","[""SF-1612"", ""SF-1677""]","[""[\""storebrand\"",\""reise\"",\""ordinary\"",\""storebrand-reise-standard\"",\""2026-09-20-canonical\""]"", ""[\""storebrand\"",\""reise\"",\""ordinary\"",\""storebrand-reise-super\"",\""2026-09-20-canonical\""]""]",false,false,NOT_RECOVERED,NOT_SPECIFIED,REGISTRY_BINDING_ONLY
eab8ec6c4e8e79fe,B-179,"[""GAP-4391"", ""GAP-4420""]","[""SF-6247"", ""SF-6288""]","[""[\""tryg\"",\""innbo\"",\""ordinary\"",\""tryg-innbo\"",\""2026-07-01\""]"", ""[\""tryg\"",\""innbo\"",\""ordinary\"",\""tryg-innbo-ekstra\"",\""2026-07-01\""]""]",false,false,NOT_RECOVERED,NOT_SPECIFIED,REGISTRY_BINDING_ONLY
eac51a55263b8230,B-185,"[""GAP-4111"", ""GAP-4128""]","[""SF-5900"", ""SF-5921""]","[""[\""tryg\"",\""snøscooter\"",\""ordinary\"",\""tryg-snoscooter-brann-og-tyveri\"",null]"", ""[\""tryg\"",\""snøscooter\"",\""ordinary\"",\""tryg-snoscooter-kasko\"",null]""]",false,false,NOT_RECOVERED,NOT_SPECIFIED,REGISTRY_BINDING_ONLY
eac8a06e022194f2,B-037,"[""GAP-1722"", ""GAP-1748""]","[""SF-2506"", ""SF-2539""]","[""[\""frende\"",\""campingvogn\"",\""ordinary\"",\""frende-campingvogn-brann-og-tyveri\"",\""2026-01-01\""]"", ""[\""frende\"",\""campingvogn\"",\""ordinary\"",\""frende-campingvogn-kasko\"",\""2026-01-01\""]""]",false,false,NOT_RECOVERED,NOT_SPECIFIED,REGISTRY_BINDING_ONLY
ead3e50d4b197a02,B-166,"[""GAP-0189"", ""GAP-0269""]","[""SF-0318"", ""SF-0430""]","[""[\""storebrand\"",\""katt\"",\""ordinary\"",\""storebrand-katt-veterin-r\"",\""2025-02-01\""]"", ""[\""storebrand\"",\""katt\"",\""ordinary\"",\""storebrand-katt-veterin-r-og-d-dsfall\"",\""2025-02-01\""]""]",false,false,NOT_RECOVERED,NOT_SPECIFIED,REGISTRY_BINDING_ONLY
eb291b5e9bb6c18c,B-073,"[""GAP-0403"", ""GAP-0404"", ""GAP-0448"", ""GAP-0449""]","[""SF-0736"", ""SF-0737"", ""SF-0795"", ""SF-0796""]","[""[\""storebrand\"",\""bil\"",\""ordinary\"",\""sb-bil-kasko\"",\""motor09\""]"", ""[\""storebrand\"",\""bil\"",\""ordinary\"",\""sb-bil-super\"",\""motor09\""]""]",false,false,NOT_RECOVERED,NOT_SPECIFIED,REGISTRY_BINDING_ONLY
eb5ab1901f70dfbd,B-020,"[""GAP-2134""]","[""SF-3064""]","[""[\""gjensidige\"",\""bolig\"",\""ordinary\"",\""gjensidige-hus\"",\""Alminnelige vilkår\""]""]",false,false,NOT_RECOVERED,NOT_SPECIFIED,REGISTRY_BINDING_ONLY
ebaa6a742df9046f,B-170,"[""GAP-0491"", ""GAP-0520""]","[""SF-0845"", ""SF-0878""]","[""[\""storebrand\"",\""snøscooter\"",\""ordinary\"",\""storebrand-snoscooter-delkasko\"",\""2025-04-01\""]"", ""[\""storebrand\"",\""snøscooter\"",\""ordinary\"",\""storebrand-snoscooter-kasko\"",\""2025-04-01\""]""]",false,false,NOT_RECOVERED,NOT_SPECIFIED,REGISTRY_BINDING_ONLY
ebaf703670045f56,B-158,"[""GAP-0405"", ""GAP-0406"", ""GAP-0450"", ""GAP-0451""]","[""SF-0738"", ""SF-0739"", ""SF-0797"", ""SF-0798""]","[""[\""storebrand\"",\""bil\"",\""ordinary\"",\""sb-bil-kasko\"",\""motor09\""]"", ""[\""storebrand\"",\""bil\"",\""ordinary\"",\""sb-bil-super\"",\""motor09\""]""]",false,false,NOT_RECOVERED,NOT_SPECIFIED,REGISTRY_BINDING_ONLY
ebcc2ec1fcc16943,B-087,"[""GAP-4296"", ""GAP-4316""]","[""SF-6143"", ""SF-6166""]","[""[\""tryg\"",\""båt\"",\""ordinary\"",\""tryg-bat-bat-ekstra\"",\""2024-07-01\""]"", ""[\""tryg\"",\""båt\"",\""ordinary\"",\""tryg-bat-kasko-ansvar\"",\""2024-07-01\""]""]",false,false,NOT_RECOVERED,NOT_SPECIFIED,REGISTRY_BINDING_ONLY
ebddd0edcd86a1aa,B-106,"[""GAP-4769"", ""GAP-4782"", ""GAP-4811"", ""GAP-4845""]","[""SF-6870"", ""SF-6887"", ""SF-6921"", ""SF-6966""]","[""[\""eika-fremtind\"",\""bil\"",\""ordinary\"",\""eika-bil-ansvar\"",\""PMO-357.001-004\""]"", ""[\""eika-fremtind\"",\""bil\"",\""ordinary\"",\""eika-bil-delkasko\"",\""PMO-357.001-004\""]"", ""[\""eika-fremtind\"",\""bil\"",\""ordinary\"",\""eika-bil-kasko\"",\""PMO-357.001-004\""]"", ""[\""eika-fremtind\"",\""bil\"",\""ordinary\"",\""eika-bil-topp\"",\""PMO-357.001-004\""]""]",false,false,NOT_RECOVERED,NOT_SPECIFIED,REGISTRY_BINDING_ONLY
ec09ac7820af51c9,B-045,"[""GAP-1780"", ""GAP-1802""]","[""SF-2580"", ""SF-2609""]","[""[\""frende\"",\""tilhenger\"",\""ordinary\"",\""frende-tilhenger-brann-og-tyveri\"",\""2026-01-01\""]"", ""[\""frende\"",\""tilhenger\"",\""ordinary\"",\""frende-tilhenger-kasko\"",\""2026-01-01\""]""]",false,false,NOT_RECOVERED,NOT_SPECIFIED,REGISTRY_BINDING_ONLY
ec3ddd4cffef506f,B-170,"[""GAP-0478"", ""GAP-0507"", ""GAP-0538""]","[""SF-0829"", ""SF-0862"", ""SF-0897""]","[""[\""storebrand\"",\""snøscooter\"",\""ordinary\"",\""storebrand-snoscooter-ansvar\"",\""2025-04-01\""]"", ""[\""storebrand\"",\""snøscooter\"",\""ordinary\"",\""storebrand-snoscooter-delkasko\"",\""2025-04-01\""]"", ""[\""storebrand\"",\""snøscooter\"",\""ordinary\"",\""storebrand-snoscooter-kasko\"",\""2025-04-01\""]""]",false,false,NOT_RECOVERED,NOT_SPECIFIED,REGISTRY_BINDING_ONLY
ecbc3c8e809bdbd7,B-162,"[""GAP-0194"", ""GAP-0205""]","[""SF-0327"", ""SF-0346""]","[""[\""storebrand\"",\""hund\"",\""ordinary\"",\""storebrand-hund-d-dsfall\"",\""2025-02-01\""]"", ""[\""storebrand\"",\""hund\"",\""ordinary\"",\""storebrand-hund-veterin-r-og-d-dsfall\"",\""2025-02-01\""]""]",false,false,NOT_RECOVERED,NOT_SPECIFIED,REGISTRY_BINDING_ONLY
ecef3f9372e7263c,B-113,"[""GAP-1259""]","[""SF-1874""]","[""[\""frende\"",\""hund\"",\""ordinary\"",\""frende-hund-veterin-r\"",\""2026-01-01\""]""]",false,false,NOT_RECOVERED,NOT_SPECIFIED,REGISTRY_BINDING_ONLY
ed05c86bc5a411fb,B-078,"[""GAP-0955"", ""GAP-1001""]","[""SF-1477"", ""SF-1549""]","[""[\""storebrand\"",\""bolig\"",\""ordinary\"",\""storebrand-hus-standard\"",\""2025-08-15\""]"", ""[\""storebrand\"",\""bolig\"",\""ordinary\"",\""storebrand-hus-super\"",\""2025-08-15\""]""]",false,false,NOT_RECOVERED,NOT_SPECIFIED,REGISTRY_BINDING_ONLY
ed37cd45556d7a01,B-149,"[""GAP-3561"", ""GAP-3599"", ""GAP-3640""]","[""SF-5095"", ""SF-5159"", ""SF-5226""]","[""[\""if\"",\""reise\"",\""ordinary\"",\""if-reise-basis\"",\""2026-09-20-canonical\""]"", ""[\""if\"",\""reise\"",\""ordinary\"",\""if-reise-standard\"",\""2026-09-20-canonical\""]"", ""[\""if\"",\""reise\"",\""ordinary\"",\""if-reise-super\"",\""2026-09-20-canonical\""]""]",false,false,NOT_RECOVERED,NOT_SPECIFIED,REGISTRY_BINDING_ONLY
ed4cabf501d29976,B-155,"[""GAP-5587""]","[""SF-7930""]","[""[\""sparebank1-fremtind\"",\""hund\"",\""ordinary\"",\""sparebank1-fremtind-hund-veterin-r\"",\""2025-08-07\""]""]",false,false,NOT_RECOVERED,NOT_SPECIFIED,REGISTRY_BINDING_ONLY
ed99577218e2302b,B-051,"[""GAP-2120"", ""GAP-2179""]","[""SF-3046"", ""SF-3133""]","[""[\""gjensidige\"",\""bolig\"",\""ordinary\"",\""gjensidige-hus\"",\""Alminnelige vilkår\""]"", ""[\""gjensidige\"",\""bolig\"",\""ordinary\"",\""gjensidige-hus-pluss\"",\""Alminnelige vilkår\""]""]",false,false,NOT_RECOVERED,NOT_SPECIFIED,REGISTRY_BINDING_ONLY
edbc9e1bba671325,B-197,"[""GAP-5630""]","[""SF-7978""]","[""[\""sparebank1-fremtind\"",\""katt\"",\""ordinary\"",\""sparebank1-fremtind-katt-veterin-r\"",\""2025-08-07\""]""]",false,false,NOT_RECOVERED,NOT_SPECIFIED,REGISTRY_BINDING_ONLY
ee23d3457ac32e39,B-106,"[""GAP-4911"", ""GAP-4940"", ""GAP-4978""]","[""SF-7052"", ""SF-7086"", ""SF-7139""]","[""[\""fremtind\"",\""bil\"",\""ordinary\"",\""fremtind-bil-delkasko\"",\""PMO-357.001-004\""]"", ""[\""fremtind\"",\""bil\"",\""ordinary\"",\""fremtind-bil-kasko\"",\""PMO-357.001-004\""]"", ""[\""fremtind\"",\""bil\"",\""ordinary\"",\""fremtind-bil-topp\"",\""PMO-357.001-004\""]""]",false,false,NOT_RECOVERED,NOT_SPECIFIED,REGISTRY_BINDING_ONLY
ee2f485e605e1283,B-172,"[""GAP-0803"", ""GAP-0822""]","[""SF-1251"", ""SF-1275""]","[""[\""storebrand\"",\""tilhenger\"",\""ordinary\"",\""storebrand-tilhenger-brann-og-tyveri\"",\""2026-03-01\""]"", ""[\""storebrand\"",\""tilhenger\"",\""ordinary\"",\""storebrand-tilhenger-kasko\"",\""2026-03-01\""]""]",false,false,NOT_RECOVERED,NOT_SPECIFIED,REGISTRY_BINDING_ONLY
ee338e4266bd5646,B-044,"[""GAP-1665"", ""GAP-1693""]","[""SF-2440"", ""SF-2472""]","[""[\""frende\"",\""snøscooter\"",\""ordinary\"",\""frende-snoscooter-brann-og-tyveri\"",\""2026-01-01\""]"", ""[\""frende\"",\""snøscooter\"",\""ordinary\"",\""frende-snoscooter-kasko\"",\""2026-01-01\""]""]",false,false,NOT_RECOVERED,NOT_SPECIFIED,REGISTRY_BINDING_ONLY
ee45a080ae0caf82,B-029,"[""GAP-5088"", ""GAP-5121""]","[""SF-7282"", ""SF-7329""]","[""[\""fremtind\"",\""bolig\"",\""ordinary\"",\""fremtind-hus-standard\"",\""PBK-200.100-015+PBK-200.200-010\""]"", ""[\""fremtind\"",\""bolig\"",\""ordinary\"",\""fremtind-hus-topp\"",\""PBK-200.100-015+PBK-200.200-010\""]""]",false,false,NOT_RECOVERED,NOT_SPECIFIED,REGISTRY_BINDING_ONLY
ee789c3e2ccccac7,B-117,"[""GAP-1505""]","[""SF-2203""]","[""[\""frende\"",\""mc\"",\""ordinary\"",\""frende-mc-kasko\"",\""2026-01-01\""]""]",false,false,NOT_RECOVERED,NOT_SPECIFIED,REGISTRY_BINDING_ONLY
ee7cc2bd7bc1c1eb,B-070,"[""GAP-5505"", ""GAP-5535"", ""GAP-5572""]","[""SF-7829"", ""SF-7866"", ""SF-7911""]","[""[\""sparebank1-fremtind\"",\""båt\"",\""ordinary\"",\""sparebank1-fremtind-bat-delkasko\"",\""2024-06-10\""]"", ""[\""sparebank1-fremtind\"",\""båt\"",\""ordinary\"",\""sparebank1-fremtind-bat-kasko\"",\""2024-06-10\""]"", ""[\""sparebank1-fremtind\"",\""båt\"",\""ordinary\"",\""sparebank1-fremtind-bat-toppkasko\"",\""2024-06-10\""]""]",false,false,NOT_RECOVERED,NOT_SPECIFIED,REGISTRY_BINDING_ONLY
ef0612f9adfc15aa,B-078,"[""GAP-0967"", ""GAP-1013""]","[""SF-1491"", ""SF-1563""]","[""[\""storebrand\"",\""bolig\"",\""ordinary\"",\""storebrand-hus-standard\"",\""2025-08-15\""]"", ""[\""storebrand\"",\""bolig\"",\""ordinary\"",\""storebrand-hus-super\"",\""2025-08-15\""]""]",false,false,NOT_RECOVERED,NOT_SPECIFIED,REGISTRY_BINDING_ONLY
ef51345a43568bee,B-060,"[""GAP-3703"", ""GAP-3743""]","[""SF-5310"", ""SF-5355""]","[""[\""if\"",\""båt\"",\""ordinary\"",\""if-bat-kasko\"",\""2023-02-01\""]"", ""[\""if\"",\""båt\"",\""ordinary\"",\""if-bat-super\"",\""2023-02-01\""]""]",false,false,NOT_RECOVERED,NOT_SPECIFIED,REGISTRY_BINDING_ONLY
ef7193d2d75ff0db,B-044,"[""GAP-1650"", ""GAP-1675"", ""GAP-1705""]","[""SF-2422"", ""SF-2451"", ""SF-2485""]","[""[\""frende\"",\""snøscooter\"",\""ordinary\"",\""frende-snoscooter-ansvar\"",\""2026-01-01\""]"", ""[\""frende\"",\""snøscooter\"",\""ordinary\"",\""frende-snoscooter-brann-og-tyveri\"",\""2026-01-01\""]"", ""[\""frende\"",\""snøscooter\"",\""ordinary\"",\""frende-snoscooter-kasko\"",\""2026-01-01\""]""]",false,false,NOT_RECOVERED,NOT_SPECIFIED,REGISTRY_BINDING_ONLY
ef8447d08841c46d,B-037,"[""GAP-1720"", ""GAP-1746""]","[""SF-2504"", ""SF-2537""]","[""[\""frende\"",\""campingvogn\"",\""ordinary\"",\""frende-campingvogn-brann-og-tyveri\"",\""2026-01-01\""]"", ""[\""frende\"",\""campingvogn\"",\""ordinary\"",\""frende-campingvogn-kasko\"",\""2026-01-01\""]""]",false,false,NOT_RECOVERED,NOT_SPECIFIED,REGISTRY_BINDING_ONLY
ef865f27669c1f19,B-058,"[""GAP-2985"", ""GAP-3005""]","[""SF-4169"", ""SF-4208""]","[""[\""if\"",\""bil\"",\""ordinary\"",\""if-bil-kasko\"",\""MOT2-2\""]"", ""[\""if\"",\""bil\"",\""ordinary\"",\""if-bil-super\"",\""MOT2-2\""]""]",false,false,NOT_RECOVERED,NOT_SPECIFIED,REGISTRY_BINDING_ONLY
efaa28c0ed5f57c4,B-056,"[""GAP-2620""]","[""SF-3726""]","[""[\""gjensidige\"",\""snøscooter\"",\""ordinary\"",\""gjensidige-snoscooter-kasko\"",null]""]",false,false,NOT_RECOVERED,NOT_SPECIFIED,REGISTRY_BINDING_ONLY
effb870e81df71e7,B-192,"[""GAP-5178""]","[""SF-7412""]","[""[\""fremtind\"",\""reise\"",\""ordinary\"",\""fremtind-reise\"",\""PRE-450.200-015\""]""]",false,false,NOT_RECOVERED,NOT_SPECIFIED,REGISTRY_BINDING_ONLY
f01b778d102c1d15,B-009,"[""GAP-5584""]","[""SF-7927""]","[""[\""sparebank1-fremtind\"",\""hund\"",\""ordinary\"",\""sparebank1-fremtind-hund-veterin-r\"",\""2025-08-07\""]""]",true,false,NOT_RECOVERED,NOT_SPECIFIED,ARCHIVED_BASELINE
f0246801936a9092,B-038,"[""GAP-1277""]","[""SF-1894""]","[""[\""frende\"",\""hund\"",\""ordinary\"",\""frende-hund-veterin-r\"",\""2026-01-01\""]""]",false,false,NOT_RECOVERED,NOT_SPECIFIED,REGISTRY_BINDING_ONLY
f027eba58202c7a5,B-193,"[""GAP-4575""]","[""SF-6617""]","[""[\""sparebank1-fremtind\"",\""bil\"",\""ordinary\"",\""sb1-bil-delkasko\"",\""PMO-357.001-004\""]""]",false,false,NOT_RECOVERED,NOT_SPECIFIED,REGISTRY_BINDING_ONLY
f04c2743048ef6f4,B-124,"[""GAP-2748"", ""GAP-2784"", ""GAP-2826""]","[""SF-3882"", ""SF-3923"", ""SF-3970""]","[""[\""gjensidige\"",\""båt\"",\""ordinary\"",\""gjensidige-bat-delkasko\"",null]"", ""[\""gjensidige\"",\""båt\"",\""ordinary\"",\""gjensidige-bat-kasko\"",null]"", ""[\""gjensidige\"",\""båt\"",\""ordinary\"",\""gjensidige-bat-pluss\"",null]""]",false,false,NOT_RECOVERED,NOT_SPECIFIED,REGISTRY_BINDING_ONLY
f097800a84e3fcaf,B-151,"[""GAP-3309"", ""GAP-3325""]","[""SF-4655"", ""SF-4677""]","[""[\""if\"",\""tilhenger\"",\""ordinary\"",\""if-tilhenger-delkasko\"",\""2024-03\""]"", ""[\""if\"",\""tilhenger\"",\""ordinary\"",\""if-tilhenger-kasko\"",\""2024-03\""]""]",false,false,NOT_RECOVERED,NOT_SPECIFIED,REGISTRY_BINDING_ONLY
f0d110910d5859b9,B-044,"[""GAP-0106"", ""GAP-0107"", ""GAP-0108""]","[""SF-0179"", ""SF-0180"", ""SF-0181""]","[""[\""frende\"",\""snøscooter\"",\""ordinary\"",\""frende-snoscooter-ansvar\"",\""2026-01-01\""]"", ""[\""frende\"",\""snøscooter\"",\""ordinary\"",\""frende-snoscooter-brann-og-tyveri\"",\""2026-01-01\""]"", ""[\""frende\"",\""snøscooter\"",\""ordinary\"",\""frende-snoscooter-kasko\"",\""2026-01-01\""]""]",false,false,NOT_RECOVERED,NOT_SPECIFIED,REGISTRY_BINDING_ONLY
f113f23669ea6349,B-054,"[""GAP-2292"", ""GAP-2319"", ""GAP-2362""]","[""SF-3314"", ""SF-3346"", ""SF-3397""]","[""[\""gjensidige\"",\""mc\"",\""ordinary\"",\""gjensidige-mc-ansvar\"",null]"", ""[\""gjensidige\"",\""mc\"",\""ordinary\"",\""gjensidige-mc-delkasko\"",null]"", ""[\""gjensidige\"",\""mc\"",\""ordinary\"",\""gjensidige-mc-kasko\"",null]""]",false,false,NOT_RECOVERED,NOT_SPECIFIED,REGISTRY_BINDING_ONLY
f120e20e419f7db2,B-099,"[""GAP-5280"", ""GAP-5294""]","[""SF-7534"", ""SF-7552""]","[""[\""eika-fremtind\"",\""snøscooter\"",\""ordinary\"",\""eika-fremtind-snoscooter-kasko\"",\""2023-10-29\""]"", ""[\""eika-fremtind\"",\""snøscooter\"",\""ordinary\"",\""eika-fremtind-snoscooter-minikasko\"",\""2023-10-29\""]""]",false,false,NOT_RECOVERED,NOT_SPECIFIED,REGISTRY_BINDING_ONLY
f12a59c521f36547,B-079,"[""GAP-0864"", ""GAP-0910""]","[""SF-1335"", ""SF-1405""]","[""[\""storebrand\"",\""innbo\"",\""ordinary\"",\""sb-innbo-standard\"",\""innbo09\""]"", ""[\""storebrand\"",\""innbo\"",\""ordinary\"",\""sb-innbo-super\"",\""innbo09\""]""]",false,false,NOT_RECOVERED,NOT_SPECIFIED,REGISTRY_BINDING_ONLY
f14ead68f11967e0,B-030,"[""GAP-5013"", ""GAP-5046""]","[""SF-7193"", ""SF-7232""]","[""[\""fremtind\"",\""innbo\"",\""ordinary\"",\""fremtind-innbo-standard\"",\""2025-01-01\""]"", ""[\""fremtind\"",\""innbo\"",\""ordinary\"",\""fremtind-innbo-topp\"",\""2025-01-01\""]""]",false,false,NOT_RECOVERED,NOT_SPECIFIED,REGISTRY_BINDING_ONLY
f162e214b0365d73,B-165,"[""GAP-0880"", ""GAP-0926""]","[""SF-1353"", ""SF-1423""]","[""[\""storebrand\"",\""innbo\"",\""ordinary\"",\""sb-innbo-standard\"",\""innbo09\""]"", ""[\""storebrand\"",\""innbo\"",\""ordinary\"",\""sb-innbo-super\"",\""innbo09\""]""]",false,false,NOT_RECOVERED,NOT_SPECIFIED,REGISTRY_BINDING_ONLY
f175ab029930cd31,B-034,"[""GAP-1375"", ""GAP-1419""]","[""SF-2018"", ""SF-2080""]","[""[\""frende\"",\""bil\"",\""ordinary\"",\""frende-bil-kasko\"",\""2026-01-01\""]"", ""[\""frende\"",\""bil\"",\""ordinary\"",\""frende-bil-utvidet\"",\""2026-01-01\""]""]",false,false,NOT_RECOVERED,NOT_SPECIFIED,REGISTRY_BINDING_ONLY
f1928e586abb7059,B-157,"[""GAP-5614""]","[""SF-7962""]","[""[\""sparebank1-fremtind\"",\""katt\"",\""ordinary\"",\""sparebank1-fremtind-katt-veterin-r\"",\""2025-08-07\""]""]",false,false,NOT_RECOVERED,NOT_SPECIFIED,REGISTRY_BINDING_ONLY
f19e467d04a444e9,B-162,"[""GAP-0156"", ""GAP-0223""]","[""SF-0278"", ""SF-0366""]","[""[\""storebrand\"",\""hund\"",\""ordinary\"",\""storebrand-hund-veterin-r\"",\""2025-02-01\""]"", ""[\""storebrand\"",\""hund\"",\""ordinary\"",\""storebrand-hund-veterin-r-og-d-dsfall\"",\""2025-02-01\""]""]",false,false,NOT_RECOVERED,NOT_SPECIFIED,REGISTRY_BINDING_ONLY
f19fc6cf2aa5f10f,B-079,"[""GAP-0933""]","[""SF-1434""]","[""[\""storebrand\"",\""innbo\"",\""ordinary\"",\""sb-innbo-super\"",\""innbo09\""]""]",false,false,NOT_RECOVERED,NOT_SPECIFIED,REGISTRY_BINDING_ONLY
f1a798ff0b4e7d25,B-033,"[""GAP-4887"", ""GAP-4900"", ""GAP-4929"", ""GAP-4967""]","[""SF-7021"", ""SF-7038"", ""SF-7072"", ""SF-7125""]","[""[\""fremtind\"",\""bil\"",\""ordinary\"",\""fremtind-bil-ansvar\"",\""PMO-357.001-004\""]"", ""[\""fremtind\"",\""bil\"",\""ordinary\"",\""fremtind-bil-delkasko\"",\""PMO-357.001-004\""]"", ""[\""fremtind\"",\""bil\"",\""ordinary\"",\""fremtind-bil-kasko\"",\""PMO-357.001-004\""]"", ""[\""fremtind\"",\""bil\"",\""ordinary\"",\""fremtind-bil-topp\"",\""PMO-357.001-004\""]""]",false,false,NOT_RECOVERED,NOT_SPECIFIED,REGISTRY_BINDING_ONLY
f1bbb6ad0923a851,B-082,"[""GAP-1071"", ""GAP-1123""]","[""SF-1646"", ""SF-1711""]","[""[\""storebrand\"",\""reise\"",\""ordinary\"",\""storebrand-reise-standard\"",\""2026-09-20-canonical\""]"", ""[\""storebrand\"",\""reise\"",\""ordinary\"",\""storebrand-reise-super\"",\""2026-09-20-canonical\""]""]",false,false,NOT_RECOVERED,NOT_SPECIFIED,REGISTRY_BINDING_ONLY
f1c1cc848624746c,B-040,"[""GAP-0282""]","[""SF-0470""]","[""[\""frende\"",\""innbo\"",\""ordinary\"",\""frende-innbo-standard\"",\""2026-09-01\""]""]",false,false,NOT_RECOVERED,NOT_SPECIFIED,REGISTRY_BINDING_ONLY
f24801a3173fbfd0,B-108,"[""GAP-1533"", ""GAP-1561"", ""GAP-1595"", ""GAP-1627""]","[""SF-2258"", ""SF-2294"", ""SF-2344"", ""SF-2394""]","[""[\""frende\"",\""bobil\"",\""ordinary\"",\""frende-bobil-ansvar\"",\""2026-01-01\""]"", ""[\""frende\"",\""bobil\"",\""ordinary\"",\""frende-bobil-delkasko\"",\""2026-01-01\""]"", ""[\""frende\"",\""bobil\"",\""ordinary\"",\""frende-bobil-kasko\"",\""2026-01-01\""]"", ""[\""frende\"",\""bobil\"",\""ordinary\"",\""frende-bobil-utvidet\"",\""2026-01-01\""]""]",false,false,NOT_RECOVERED,NOT_SPECIFIED,REGISTRY_BINDING_ONLY
f279cb66c3dd8cf0,B-028,"[""GAP-5442"", ""GAP-5476""]","[""SF-7741"", ""SF-7785""]","[""[\""fremtind\"",\""bobil\"",\""ordinary-dnb\"",\""fremtind-bobil-kasko\"",\""2025-09-18\""]"", ""[\""fremtind\"",\""bobil\"",\""ordinary-dnb\"",\""fremtind-bobil-topp\"",\""2025-09-18\""]""]",false,false,NOT_RECOVERED,NOT_SPECIFIED,REGISTRY_BINDING_ONLY
f2b584e0c2acae57,B-053,"[""GAP-2942""]","[""SF-4098""]","[""[\""gjensidige\"",\""katt\"",\""ordinary\"",\""gjensidige-katt-behandling\"",null]""]",false,false,NOT_RECOVERED,NOT_SPECIFIED,REGISTRY_BINDING_ONLY
f312c46e92514e05,B-153,"[""GAP-5566""]","[""SF-7905""]","[""[\""sparebank1-fremtind\"",\""båt\"",\""ordinary\"",\""sparebank1-fremtind-bat-toppkasko\"",\""2024-06-10\""]""]",false,false,NOT_RECOVERED,NOT_SPECIFIED,REGISTRY_BINDING_ONLY
f34d6747542f2dd6,B-063,"[""GAP-3490"", ""GAP-3521""]","[""SF-4956"", ""SF-5029""]","[""[\""if\"",\""bolig\"",\""ordinary\"",\""if-hus-super\"",\""2023-09\""]"", ""[\""if\"",\""bolig\"",\""ordinary\"",\""if-hus-utvidet\"",\""2023-09\""]""]",false,false,NOT_RECOVERED,NOT_SPECIFIED,REGISTRY_BINDING_ONLY
f3551c904a3ed34f,B-082,"[""GAP-1086"", ""GAP-1138""]","[""SF-1663"", ""SF-1728""]","[""[\""storebrand\"",\""reise\"",\""ordinary\"",\""storebrand-reise-standard\"",\""2026-09-20-canonical\""]"", ""[\""storebrand\"",\""reise\"",\""ordinary\"",\""storebrand-reise-super\"",\""2026-09-20-canonical\""]""]",false,false,NOT_RECOVERED,NOT_SPECIFIED,REGISTRY_BINDING_ONLY
f3647166d674a7dc,B-030,"[""GAP-5014""]","[""SF-7194""]","[""[\""fremtind\"",\""innbo\"",\""ordinary\"",\""fremtind-innbo-standard\"",\""2025-01-01\""]""]",false,false,NOT_RECOVERED,NOT_SPECIFIED,REGISTRY_BINDING_ONLY
f38b8cd7d948d311,B-094,"[""GAP-4106""]","[""SF-5895""]","[""[\""tryg\"",\""snøscooter\"",\""ordinary\"",\""tryg-snoscooter-brann-og-tyveri\"",null]""]",false,false,NOT_RECOVERED,NOT_SPECIFIED,REGISTRY_BINDING_ONLY
f3d93a55321a66d5,B-158,"[""GAP-0465""]","[""SF-0814""]","[""[\""storebrand\"",\""bil\"",\""ordinary\"",\""sb-bil-super\"",\""motor09\""]""]",false,false,NOT_RECOVERED,NOT_SPECIFIED,REGISTRY_BINDING_ONLY
f4077e4124b65cde,B-198,"[""GAP-4028"", ""GAP-4045"", ""GAP-4063"", ""GAP-4083""]","[""SF-5770"", ""SF-5798"", ""SF-5828"", ""SF-5863""]","[""[\""tryg\"",\""bobil\"",\""ordinary\"",\""tryg-bobil-ansvar\"",\""2026-07-01\""]"", ""[\""tryg\"",\""bobil\"",\""ordinary\"",\""tryg-bobil-bobil-ekstra\"",\""2026-07-01\""]"", ""[\""tryg\"",\""bobil\"",\""ordinary\"",\""tryg-bobil-delkasko\"",\""2026-01-01\""]"", ""[\""tryg\"",\""bobil\"",\""ordinary\"",\""tryg-bobil-kasko\"",\""2026-01-01\""]""]",false,false,NOT_RECOVERED,NOT_SPECIFIED,REGISTRY_BINDING_ONLY
f410130831e36a57,B-202,"[""GAP-3959"", ""GAP-3976"", ""GAP-3996"", ""GAP-4017""]","[""SF-5667"", ""SF-5692"", ""SF-5719"", ""SF-5753""]","[""[\""tryg\"",\""mc\"",\""ordinary\"",\""tryg-mc-ansvar\"",\""2026-07-01\""]"", ""[\""tryg\"",\""mc\"",\""ordinary\"",\""tryg-mc-delkasko\"",\""2026-01-01\""]"", ""[\""tryg\"",\""mc\"",\""ordinary\"",\""tryg-mc-kasko\"",\""2026-07-01\""]"", ""[\""tryg\"",\""mc\"",\""ordinary\"",\""tryg-mc-mc-ekstra\"",\""2026-07-01\""]""]",false,false,NOT_RECOVERED,NOT_SPECIFIED,REGISTRY_BINDING_ONLY
f42116db4ead13b5,B-045,"[""GAP-1811""]","[""SF-2618""]","[""[\""frende\"",\""tilhenger\"",\""ordinary\"",\""frende-tilhenger-kasko\"",\""2026-01-01\""]""]",false,false,NOT_RECOVERED,NOT_SPECIFIED,REGISTRY_BINDING_ONLY
f474a757ceae82a7,B-128,"[""GAP-2895""]","[""SF-4047""]","[""[\""gjensidige\"",\""hund\"",\""ordinary\"",\""gjensidige-hund-behandling\"",null]""]",false,false,NOT_RECOVERED,NOT_SPECIFIED,REGISTRY_BINDING_ONLY
f4baa0c1d78adb8a,B-161,"[""GAP-0737"", ""GAP-0761"", ""GAP-0785""]","[""SF-1169"", ""SF-1197"", ""SF-1227""]","[""[\""storebrand\"",\""campingvogn\"",\""ordinary\"",\""storebrand-campingvogn-brann-og-tyveri\"",\""2026-03-01\""]"", ""[\""storebrand\"",\""campingvogn\"",\""ordinary\"",\""storebrand-campingvogn-kasko\"",\""2026-03-01\""]"", ""[\""storebrand\"",\""campingvogn\"",\""ordinary\"",\""storebrand-campingvogn-super\"",\""2026-03-01\""]""]",false,false,NOT_RECOVERED,NOT_SPECIFIED,REGISTRY_BINDING_ONLY
f4c3725a61e7024f,B-077,"[""GAP-0142"", ""GAP-0209""]","[""SF-0264"", ""SF-0352""]","[""[\""storebrand\"",\""hund\"",\""ordinary\"",\""storebrand-hund-veterin-r\"",\""2025-02-01\""]"", ""[\""storebrand\"",\""hund\"",\""ordinary\"",\""storebrand-hund-veterin-r-og-d-dsfall\"",\""2025-02-01\""]""]",false,false,NOT_RECOVERED,NOT_SPECIFIED,REGISTRY_BINDING_ONLY
f4f4188797a60e1b,B-122,"[""GAP-1866"", ""GAP-1912"", ""GAP-1960""]","[""SF-2694"", ""SF-2757"", ""SF-2822""]","[""[\""gjensidige\"",\""bil\"",\""ordinary\"",\""gj-bil-delkasko\"",null]"", ""[\""gjensidige\"",\""bil\"",\""ordinary\"",\""gj-bil-kasko\"",null]"", ""[\""gjensidige\"",\""bil\"",\""ordinary\"",\""gj-bil-pluss\"",null]""]",false,false,NOT_RECOVERED,NOT_SPECIFIED,REGISTRY_BINDING_ONLY
f565572daa0ba05b,B-027,"[""GAP-5324""]","[""SF-7586""]","[""[\""eika-fremtind\"",\""tilhenger\"",\""ordinary\"",\""eika-fremtind-tilhenger-kasko\"",\""2024-03-21\""]""]",false,false,NOT_RECOVERED,NOT_SPECIFIED,REGISTRY_BINDING_ONLY
f5abe8368805d036,B-087,"[""GAP-4321""]","[""SF-6171""]","[""[\""tryg\"",\""båt\"",\""ordinary\"",\""tryg-bat-bat-ekstra\"",\""2024-07-01\""]""]",false,false,NOT_RECOVERED,NOT_SPECIFIED,REGISTRY_BINDING_ONLY
f5f83d01db7cec78,B-075,"[""GAP-0088""]","[""SF-0132""]","[""[\""storebrand\"",\""båt\"",\""ordinary\"",\""storebrand-bat-super\"",\""2024-09-01\""]""]",false,false,NOT_RECOVERED,NOT_SPECIFIED,REGISTRY_BINDING_ONLY
f601c0025d39c87d,B-082,"[""GAP-1089"", ""GAP-1148""]","[""SF-1666"", ""SF-1740""]","[""[\""storebrand\"",\""reise\"",\""ordinary\"",\""storebrand-reise-standard\"",\""2026-09-20-canonical\""]"", ""[\""storebrand\"",\""reise\"",\""ordinary\"",\""storebrand-reise-super\"",\""2026-09-20-canonical\""]""]",false,false,NOT_RECOVERED,NOT_SPECIFIED,REGISTRY_BINDING_ONLY
f63e75ec5cd43bed,B-073,"[""GAP-0397"", ""GAP-0398"", ""GAP-0442"", ""GAP-0443""]","[""SF-0730"", ""SF-0731"", ""SF-0789"", ""SF-0790""]","[""[\""storebrand\"",\""bil\"",\""ordinary\"",\""sb-bil-kasko\"",\""motor09\""]"", ""[\""storebrand\"",\""bil\"",\""ordinary\"",\""sb-bil-super\"",\""motor09\""]""]",false,false,NOT_RECOVERED,NOT_SPECIFIED,REGISTRY_BINDING_ONLY
f646db6eed3e170d,B-135,"[""GAP-2196"", ""GAP-2241""]","[""SF-3157"", ""SF-3232""]","[""[\""gjensidige\"",\""reise\"",\""ordinary\"",\""gjensidige-reise\"",\""2026-09-20-canonical\""]"", ""[\""gjensidige\"",\""reise\"",\""ordinary\"",\""gjensidige-reise-pluss\"",\""2026-09-20-canonical\""]""]",false,false,NOT_RECOVERED,NOT_SPECIFIED,REGISTRY_BINDING_ONLY
f674dfb3c573c407,B-033,"[""GAP-4725"", ""GAP-4762""]","[""SF-6810"", ""SF-6860""]","[""[\""dnb-fremtind\"",\""bil\"",\""ordinary\"",\""dnb-bil-kasko\"",\""PMO-357.001-004\""]"", ""[\""dnb-fremtind\"",\""bil\"",\""ordinary\"",\""dnb-bil-topp\"",\""PMO-357.001-004\""]""]",false,false,NOT_RECOVERED,NOT_SPECIFIED,REGISTRY_BINDING_ONLY
f677b8f7d5871bd1,B-082,"[""GAP-1079"", ""GAP-1131""]","[""SF-1655"", ""SF-1720""]","[""[\""storebrand\"",\""reise\"",\""ordinary\"",\""storebrand-reise-standard\"",\""2026-09-20-canonical\""]"", ""[\""storebrand\"",\""reise\"",\""ordinary\"",\""storebrand-reise-super\"",\""2026-09-20-canonical\""]""]",false,false,NOT_RECOVERED,NOT_SPECIFIED,REGISTRY_BINDING_ONLY
f6897ce2a1eabf76,B-032,"[""GAP-5150""]","[""SF-7374""]","[""[\""fremtind\"",\""reise\"",\""ordinary\"",\""fremtind-reise\"",\""PRE-450.200-015\""]""]",false,false,NOT_RECOVERED,NOT_SPECIFIED,REGISTRY_BINDING_ONLY
f69b16230944f791,B-075,"[""GAP-0090""]","[""SF-0134""]","[""[\""storebrand\"",\""båt\"",\""ordinary\"",\""storebrand-bat-super\"",\""2024-09-01\""]""]",false,false,NOT_RECOVERED,NOT_SPECIFIED,REGISTRY_BINDING_ONLY
f6bbbc6773771aa6,B-082,"[""GAP-1048"", ""GAP-1100""]","[""SF-1617"", ""SF-1682""]","[""[\""storebrand\"",\""reise\"",\""ordinary\"",\""storebrand-reise-standard\"",\""2026-09-20-canonical\""]"", ""[\""storebrand\"",\""reise\"",\""ordinary\"",\""storebrand-reise-super\"",\""2026-09-20-canonical\""]""]",false,false,NOT_RECOVERED,NOT_SPECIFIED,REGISTRY_BINDING_ONLY
f6e97fd9e37d6be2,B-036,"[""GAP-1167"", ""GAP-1203"", ""GAP-1241""]","[""SF-1767"", ""SF-1809"", ""SF-1854""]","[""[\""frende\"",\""båt\"",\""ordinary\"",\""frende-bat-brann-og-tyveri\"",\""2026-01-01\""]"", ""[\""frende\"",\""båt\"",\""ordinary\"",\""frende-bat-kasko\"",\""2026-01-01\""]"", ""[\""frende\"",\""båt\"",\""ordinary\"",\""frende-bat-utvidet\"",\""2026-01-01\""]""]",false,false,NOT_RECOVERED,NOT_SPECIFIED,REGISTRY_BINDING_ONLY
f763485bd44845ce,B-162,"[""GAP-0154"", ""GAP-0221""]","[""SF-0276"", ""SF-0364""]","[""[\""storebrand\"",\""hund\"",\""ordinary\"",\""storebrand-hund-veterin-r\"",\""2025-02-01\""]"", ""[\""storebrand\"",\""hund\"",\""ordinary\"",\""storebrand-hund-veterin-r-og-d-dsfall\"",\""2025-02-01\""]""]",false,false,NOT_RECOVERED,NOT_SPECIFIED,REGISTRY_BINDING_ONLY
f8373ea85ad82d44,B-074,"[""GAP-0626"", ""GAP-0651"", ""GAP-0689""]","[""SF-1020"", ""SF-1055"", ""SF-1105""]","[""[\""storebrand\"",\""bobil\"",\""ordinary\"",\""storebrand-bobil-delkasko\"",\""motor09\""]"", ""[\""storebrand\"",\""bobil\"",\""ordinary\"",\""storebrand-bobil-kasko\"",\""motor09\""]"", ""[\""storebrand\"",\""bobil\"",\""ordinary\"",\""storebrand-bobil-super\"",\""motor09\""]""]",false,false,NOT_RECOVERED,NOT_SPECIFIED,REGISTRY_BINDING_ONLY
f83f8b0a7fbe8c2f,B-029,"[""GAP-5134""]","[""SF-7344""]","[""[\""fremtind\"",\""bolig\"",\""ordinary\"",\""fremtind-hus-topp\"",\""PBK-200.100-015+PBK-200.200-010\""]""]",false,false,NOT_RECOVERED,NOT_SPECIFIED,REGISTRY_BINDING_ONLY
f864e62baa274cb8,B-042,"[""GAP-1469"", ""GAP-1497""]","[""SF-2149"", ""SF-2191""]","[""[\""frende\"",\""mc\"",\""ordinary\"",\""frende-mc-delkasko\"",\""2026-01-01\""]"", ""[\""frende\"",\""mc\"",\""ordinary\"",\""frende-mc-kasko\"",\""2026-01-01\""]""]",false,false,NOT_RECOVERED,NOT_SPECIFIED,REGISTRY_BINDING_ONLY
f868ff09701744a5,B-165,"[""GAP-0852"", ""GAP-0898""]","[""SF-1316"", ""SF-1386""]","[""[\""storebrand\"",\""innbo\"",\""ordinary\"",\""sb-innbo-standard\"",\""innbo09\""]"", ""[\""storebrand\"",\""innbo\"",\""ordinary\"",\""sb-innbo-super\"",\""innbo09\""]""]",false,false,NOT_RECOVERED,NOT_SPECIFIED,REGISTRY_BINDING_ONLY
f86bf9e8ab50fed7,B-060,"[""GAP-3676"", ""GAP-3717"", ""GAP-3763""]","[""SF-5279"", ""SF-5325"", ""SF-5378""]","[""[\""if\"",\""båt\"",\""ordinary\"",\""if-bat-delkasko\"",\""2023-02-01\""]"", ""[\""if\"",\""båt\"",\""ordinary\"",\""if-bat-kasko\"",\""2023-02-01\""]"", ""[\""if\"",\""båt\"",\""ordinary\"",\""if-bat-super\"",\""2023-02-01\""]""]",false,false,NOT_RECOVERED,NOT_SPECIFIED,REGISTRY_BINDING_ONLY
f8851d8c0ec2beae,B-142,"[""GAP-3232"", ""GAP-3254"", ""GAP-3279""]","[""SF-4560"", ""SF-4589"", ""SF-4620""]","[""[\""if\"",\""campingvogn\"",\""ordinary\"",\""if-campingvogn-delkasko\"",\""2024-03\""]"", ""[\""if\"",\""campingvogn\"",\""ordinary\"",\""if-campingvogn-kasko\"",\""2024-03\""]"", ""[\""if\"",\""campingvogn\"",\""ordinary\"",\""if-campingvogn-super\"",\""2024-03\""]""]",false,false,NOT_RECOVERED,NOT_SPECIFIED,REGISTRY_BINDING_ONLY
f8bd15c89bc0dbd6,B-050,"[""GAP-2872""]","[""SF-4021""]","[""[\""gjensidige\"",\""hund\"",\""ordinary\"",\""gjensidige-hund-behandling\"",null]""]",false,false,NOT_RECOVERED,NOT_SPECIFIED,REGISTRY_BINDING_ONLY
f8d6f0517a7d6a3f,B-082,"[""GAP-1061"", ""GAP-1113""]","[""SF-1634"", ""SF-1699""]","[""[\""storebrand\"",\""reise\"",\""ordinary\"",\""storebrand-reise-standard\"",\""2026-09-20-canonical\""]"", ""[\""storebrand\"",\""reise\"",\""ordinary\"",\""storebrand-reise-super\"",\""2026-09-20-canonical\""]""]",false,false,NOT_RECOVERED,NOT_SPECIFIED,REGISTRY_BINDING_ONLY
f8e054cb7031cee6,B-123,"[""GAP-2529""]","[""SF-3618""]","[""[\""gjensidige\"",\""bobil\"",\""ordinary\"",\""gjensidige-bobil-pluss\"",null]""]",false,false,NOT_RECOVERED,NOT_SPECIFIED,REGISTRY_BINDING_ONLY
f90da646f62c42ca,B-036,"[""GAP-1194"", ""GAP-1231""]","[""SF-1797"", ""SF-1839""]","[""[\""frende\"",\""båt\"",\""ordinary\"",\""frende-bat-kasko\"",\""2026-01-01\""]"", ""[\""frende\"",\""båt\"",\""ordinary\"",\""frende-bat-utvidet\"",\""2026-01-01\""]""]",false,false,NOT_RECOVERED,NOT_SPECIFIED,REGISTRY_BINDING_ONLY
f90fc0f2af9eab2e,B-078,"[""GAP-0977"", ""GAP-1023""]","[""SF-1503"", ""SF-1575""]","[""[\""storebrand\"",\""bolig\"",\""ordinary\"",\""storebrand-hus-standard\"",\""2025-08-15\""]"", ""[\""storebrand\"",\""bolig\"",\""ordinary\"",\""storebrand-hus-super\"",\""2025-08-15\""]""]",false,false,NOT_RECOVERED,NOT_SPECIFIED,REGISTRY_BINDING_ONLY
f941e88d7b6e3c5f,B-052,"[""GAP-2002"", ""GAP-2045""]","[""SF-2881"", ""SF-2935""]","[""[\""gjensidige\"",\""innbo\"",\""ordinary\"",\""gj-innbo\"",null]"", ""[\""gjensidige\"",\""innbo\"",\""ordinary\"",\""gj-innbo-pluss\"",null]""]",false,false,NOT_RECOVERED,NOT_SPECIFIED,REGISTRY_BINDING_ONLY
f9445d23c4da509f,B-064,"[""GAP-3395"", ""GAP-3440""]","[""SF-4772"", ""SF-4835""]","[""[\""if\"",\""innbo\"",\""ordinary\"",\""if-innbo-super\"",\""IBO2-1\""]"", ""[\""if\"",\""innbo\"",\""ordinary\"",\""if-innbo-utvidet\"",\""IBO2-1\""]""]",false,false,NOT_RECOVERED,NOT_SPECIFIED,REGISTRY_BINDING_ONLY
f9704325d3a6292f,B-034,"[""GAP-1304"", ""GAP-1324"", ""GAP-1358"", ""GAP-1403""]","[""SF-1927"", ""SF-1952"", ""SF-1994"", ""SF-2054""]","[""[\""frende\"",\""bil\"",\""ordinary\"",\""frende-bil-ansvar\"",\""2026-01-01\""]"", ""[\""frende\"",\""bil\"",\""ordinary\"",\""frende-bil-delkasko\"",\""2026-01-01\""]"", ""[\""frende\"",\""bil\"",\""ordinary\"",\""frende-bil-kasko\"",\""2026-01-01\""]"", ""[\""frende\"",\""bil\"",\""ordinary\"",\""frende-bil-utvidet\"",\""2026-01-01\""]""]",false,false,NOT_RECOVERED,NOT_SPECIFIED,REGISTRY_BINDING_ONLY
f9722673430ceaae,B-134,"[""GAP-2339""]","[""SF-3369""]","[""[\""gjensidige\"",\""mc\"",\""ordinary\"",\""gjensidige-mc-delkasko\"",null]""]",false,false,NOT_RECOVERED,NOT_SPECIFIED,REGISTRY_BINDING_ONLY
f988d32d0d4e8c3f,B-053,"[""GAP-2920""]","[""SF-4075""]","[""[\""gjensidige\"",\""katt\"",\""ordinary\"",\""gjensidige-katt-behandling\"",null]""]",false,false,NOT_RECOVERED,NOT_SPECIFIED,REGISTRY_BINDING_ONLY
f99d6ded3114c248,B-033,"[""GAP-4648""]","[""SF-6710""]","[""[\""sparebank1-fremtind\"",\""bil\"",\""ordinary\"",\""sb1-bil-toppkasko\"",\""PMO-357.001-004\""]""]",false,false,NOT_RECOVERED,NOT_SPECIFIED,REGISTRY_BINDING_ONLY
f9c93dd430516953,B-086,"[""GAP-4042"", ""GAP-4059"", ""GAP-4077""]","[""SF-5795"", ""SF-5823"", ""SF-5853""]","[""[\""tryg\"",\""bobil\"",\""ordinary\"",\""tryg-bobil-bobil-ekstra\"",\""2026-07-01\""]"", ""[\""tryg\"",\""bobil\"",\""ordinary\"",\""tryg-bobil-delkasko\"",\""2026-01-01\""]"", ""[\""tryg\"",\""bobil\"",\""ordinary\"",\""tryg-bobil-kasko\"",\""2026-01-01\""]""]",false,false,NOT_RECOVERED,NOT_SPECIFIED,REGISTRY_BINDING_ONLY
f9ce3a71e4db6272,B-158,"[""GAP-0348"", ""GAP-0370"", ""GAP-0409"", ""GAP-0454""]","[""SF-0656"", ""SF-0691"", ""SF-0742"", ""SF-0801""]","[""[\""storebrand\"",\""bil\"",\""ordinary\"",\""sb-bil-ansvar\"",\""motor09\""]"", ""[\""storebrand\"",\""bil\"",\""ordinary\"",\""sb-bil-delkasko\"",\""motor09\""]"", ""[\""storebrand\"",\""bil\"",\""ordinary\"",\""sb-bil-kasko\"",\""motor09\""]"", ""[\""storebrand\"",\""bil\"",\""ordinary\"",\""sb-bil-super\"",\""motor09\""]""]",false,false,NOT_RECOVERED,NOT_SPECIFIED,REGISTRY_BINDING_ONLY
fa2a52a2f8377a5f,B-128,"[""GAP-2885""]","[""SF-4037""]","[""[\""gjensidige\"",\""hund\"",\""ordinary\"",\""gjensidige-hund-behandling\"",null]""]",false,false,NOT_RECOVERED,NOT_SPECIFIED,REGISTRY_BINDING_ONLY
fa2a568f71135561,B-082,"[""GAP-1054"", ""GAP-1106""]","[""SF-1624"", ""SF-1689""]","[""[\""storebrand\"",\""reise\"",\""ordinary\"",\""storebrand-reise-standard\"",\""2026-09-20-canonical\""]"", ""[\""storebrand\"",\""reise\"",\""ordinary\"",\""storebrand-reise-super\"",\""2026-09-20-canonical\""]""]",false,false,NOT_RECOVERED,NOT_SPECIFIED,REGISTRY_BINDING_ONLY
fa3581f9defadf0b,B-044,"[""GAP-0099"", ""GAP-0100"", ""GAP-0101""]","[""SF-0164"", ""SF-0165"", ""SF-0166""]","[""[\""frende\"",\""snøscooter\"",\""ordinary\"",\""frende-snoscooter-ansvar\"",\""2026-01-01\""]"", ""[\""frende\"",\""snøscooter\"",\""ordinary\"",\""frende-snoscooter-brann-og-tyveri\"",\""2026-01-01\""]"", ""[\""frende\"",\""snøscooter\"",\""ordinary\"",\""frende-snoscooter-kasko\"",\""2026-01-01\""]""]",false,false,NOT_RECOVERED,NOT_SPECIFIED,REGISTRY_BINDING_ONLY
fa5c6d8e90dc0961,B-023,"[""GAP-5351"", ""GAP-5370""]","[""SF-7623"", ""SF-7650""]","[""[\""fremtind\"",\""mc\"",\""ordinary-sparebank1\"",\""fremtind-mc-delkasko\"",null]"", ""[\""fremtind\"",\""mc\"",\""ordinary-sparebank1\"",\""fremtind-mc-kasko\"",null]""]",false,false,NOT_RECOVERED,NOT_SPECIFIED,REGISTRY_BINDING_ONLY
fb08cea04ff8d897,B-086,"[""GAP-4040"", ""GAP-4057"", ""GAP-4075""]","[""SF-5793"", ""SF-5821"", ""SF-5851""]","[""[\""tryg\"",\""bobil\"",\""ordinary\"",\""tryg-bobil-bobil-ekstra\"",\""2026-07-01\""]"", ""[\""tryg\"",\""bobil\"",\""ordinary\"",\""tryg-bobil-delkasko\"",\""2026-01-01\""]"", ""[\""tryg\"",\""bobil\"",\""ordinary\"",\""tryg-bobil-kasko\"",\""2026-01-01\""]""]",false,false,NOT_RECOVERED,NOT_SPECIFIED,REGISTRY_BINDING_ONLY
fb3b785d3cffcce2,B-114,"[""GAP-0299"", ""GAP-0314""]","[""SF-0514"", ""SF-0562""]","[""[\""frende\"",\""bolig\"",\""ordinary\"",\""frende-hus-standard\"",\""2026-09-01\""]"", ""[\""frende\"",\""bolig\"",\""ordinary\"",\""frende-hus-utvidet\"",\""2026-09-01\""]""]",false,false,NOT_RECOVERED,NOT_SPECIFIED,REGISTRY_BINDING_ONLY
fb65e93662e8c95c,B-042,"[""GAP-1468"", ""GAP-1496""]","[""SF-2147"", ""SF-2189""]","[""[\""frende\"",\""mc\"",\""ordinary\"",\""frende-mc-delkasko\"",\""2026-01-01\""]"", ""[\""frende\"",\""mc\"",\""ordinary\"",\""frende-mc-kasko\"",\""2026-01-01\""]""]",false,false,NOT_RECOVERED,NOT_SPECIFIED,REGISTRY_BINDING_ONLY
fbe23495ae09afb3,B-050,"[""GAP-2875""]","[""SF-4025""]","[""[\""gjensidige\"",\""hund\"",\""ordinary\"",\""gjensidige-hund-behandling\"",null]""]",false,false,NOT_RECOVERED,NOT_SPECIFIED,REGISTRY_BINDING_ONLY
fbe62d1dfbbd54bb,B-062,"[""GAP-0034"", ""GAP-0035"", ""GAP-0036""]","[""SF-0049"", ""SF-0050"", ""SF-0051""]","[""[\""if\"",\""hund\"",\""ordinary\"",\""if-hund-basis\"",\""2022-12-01\""]"", ""[\""if\"",\""hund\"",\""ordinary\"",\""if-hund-standard\"",\""2022-12-01\""]"", ""[\""if\"",\""hund\"",\""ordinary\"",\""if-hund-super\"",\""2022-12-01\""]""]",false,false,NOT_RECOVERED,NOT_SPECIFIED,REGISTRY_BINDING_ONLY
fbf54f64d46495e3,B-083,"[""GAP-0469"", ""GAP-0483"", ""GAP-0512""]","[""SF-0819"", ""SF-0836"", ""SF-0869""]","[""[\""storebrand\"",\""snøscooter\"",\""ordinary\"",\""storebrand-snoscooter-ansvar\"",\""2025-04-01\""]"", ""[\""storebrand\"",\""snøscooter\"",\""ordinary\"",\""storebrand-snoscooter-delkasko\"",\""2025-04-01\""]"", ""[\""storebrand\"",\""snøscooter\"",\""ordinary\"",\""storebrand-snoscooter-kasko\"",\""2025-04-01\""]""]",false,false,NOT_RECOVERED,NOT_SPECIFIED,REGISTRY_BINDING_ONLY
fc0db16532d3efb5,B-052,"[""GAP-1991"", ""GAP-2035""]","[""SF-2866"", ""SF-2921""]","[""[\""gjensidige\"",\""innbo\"",\""ordinary\"",\""gj-innbo\"",null]"", ""[\""gjensidige\"",\""innbo\"",\""ordinary\"",\""gj-innbo-pluss\"",null]""]",false,false,NOT_RECOVERED,NOT_SPECIFIED,REGISTRY_BINDING_ONLY
fc1f21b9c19218b0,B-048,"[""GAP-2744""]","[""SF-3878""]","[""[\""gjensidige\"",\""båt\"",\""ordinary\"",\""gjensidige-bat-delkasko\"",null]""]",false,false,NOT_RECOVERED,NOT_SPECIFIED,REGISTRY_BINDING_ONLY
fc23e7f6d23f7559,B-136,"[""GAP-2562"", ""GAP-2584"", ""GAP-2614""]","[""SF-3661"", ""SF-3685"", ""SF-3719""]","[""[\""gjensidige\"",\""snøscooter\"",\""ordinary\"",\""gjensidige-snoscooter-ansvar\"",null]"", ""[\""gjensidige\"",\""snøscooter\"",\""ordinary\"",\""gjensidige-snoscooter-delkasko\"",null]"", ""[\""gjensidige\"",\""snøscooter\"",\""ordinary\"",\""gjensidige-snoscooter-kasko\"",null]""]",false,false,NOT_RECOVERED,NOT_SPECIFIED,REGISTRY_BINDING_ONLY
fc406b763fe467ad,B-168,"[""GAP-1049"", ""GAP-1101""]","[""SF-1618"", ""SF-1683""]","[""[\""storebrand\"",\""reise\"",\""ordinary\"",\""storebrand-reise-standard\"",\""2026-09-20-canonical\""]"", ""[\""storebrand\"",\""reise\"",\""ordinary\"",\""storebrand-reise-super\"",\""2026-09-20-canonical\""]""]",false,false,NOT_RECOVERED,NOT_SPECIFIED,REGISTRY_BINDING_ONLY
fc595469d11716a6,B-107,"[""GAP-1310"", ""GAP-1344"", ""GAP-1388"", ""GAP-1432""]","[""SF-1934"", ""SF-1976"", ""SF-2035"", ""SF-2097""]","[""[\""frende\"",\""bil\"",\""ordinary\"",\""frende-bil-ansvar\"",\""2026-01-01\""]"", ""[\""frende\"",\""bil\"",\""ordinary\"",\""frende-bil-delkasko\"",\""2026-01-01\""]"", ""[\""frende\"",\""bil\"",\""ordinary\"",\""frende-bil-kasko\"",\""2026-01-01\""]"", ""[\""frende\"",\""bil\"",\""ordinary\"",\""frende-bil-utvidet\"",\""2026-01-01\""]""]",false,false,NOT_RECOVERED,NOT_SPECIFIED,REGISTRY_BINDING_ONLY
fc887c2905220189,B-042,"[""GAP-1451"", ""GAP-1479"", ""GAP-1510""]","[""SF-2121"", ""SF-2162"", ""SF-2208""]","[""[\""frende\"",\""mc\"",\""ordinary\"",\""frende-mc-ansvar\"",\""2026-01-01\""]"", ""[\""frende\"",\""mc\"",\""ordinary\"",\""frende-mc-delkasko\"",\""2026-01-01\""]"", ""[\""frende\"",\""mc\"",\""ordinary\"",\""frende-mc-kasko\"",\""2026-01-01\""]""]",false,false,NOT_RECOVERED,NOT_SPECIFIED,REGISTRY_BINDING_ONLY
fc9fd29e16d2fe95,B-158,"[""GAP-0352"", ""GAP-0376"", ""GAP-0415"", ""GAP-0460""]","[""SF-0661"", ""SF-0698"", ""SF-0749"", ""SF-0808""]","[""[\""storebrand\"",\""bil\"",\""ordinary\"",\""sb-bil-ansvar\"",\""motor09\""]"", ""[\""storebrand\"",\""bil\"",\""ordinary\"",\""sb-bil-delkasko\"",\""motor09\""]"", ""[\""storebrand\"",\""bil\"",\""ordinary\"",\""sb-bil-kasko\"",\""motor09\""]"", ""[\""storebrand\"",\""bil\"",\""ordinary\"",\""sb-bil-super\"",\""motor09\""]""]",false,false,NOT_RECOVERED,NOT_SPECIFIED,REGISTRY_BINDING_ONLY
fca4c5bdc12f4b10,B-093,"[""GAP-4485"", ""GAP-4511"", ""GAP-4537""]","[""SF-6470"", ""SF-6518"", ""SF-6570""]","[""[\""tryg\"",\""reise\"",\""ordinary\"",\""tryg-reise\"",\""2026-09-20-canonical\""]"", ""[\""tryg\"",\""reise\"",\""ordinary\"",\""tryg-reise-ekstra\"",\""2026-09-20-canonical\""]"", ""[\""tryg\"",\""reise\"",\""ordinary\"",\""tryg-reise-premium\"",\""2026-09-20-canonical\""]""]",false,false,NOT_RECOVERED,NOT_SPECIFIED,REGISTRY_BINDING_ONLY
fcdffe493c75df64,B-056,"[""GAP-2565"", ""GAP-2595"", ""GAP-2626""]","[""SF-3664"", ""SF-3698"", ""SF-3733""]","[""[\""gjensidige\"",\""snøscooter\"",\""ordinary\"",\""gjensidige-snoscooter-ansvar\"",null]"", ""[\""gjensidige\"",\""snøscooter\"",\""ordinary\"",\""gjensidige-snoscooter-delkasko\"",null]"", ""[\""gjensidige\"",\""snøscooter\"",\""ordinary\"",\""gjensidige-snoscooter-kasko\"",null]""]",false,false,NOT_RECOVERED,NOT_SPECIFIED,REGISTRY_BINDING_ONLY
fd08e7069290634e,B-079,"[""GAP-0855"", ""GAP-0901""]","[""SF-1320"", ""SF-1390""]","[""[\""storebrand\"",\""innbo\"",\""ordinary\"",\""sb-innbo-standard\"",\""innbo09\""]"", ""[\""storebrand\"",\""innbo\"",\""ordinary\"",\""sb-innbo-super\"",\""innbo09\""]""]",false,false,NOT_RECOVERED,NOT_SPECIFIED,REGISTRY_BINDING_ONLY
fd13be8474440377,B-020,"[""GAP-2147""]","[""SF-3082""]","[""[\""gjensidige\"",\""bolig\"",\""ordinary\"",\""gjensidige-hus-pluss\"",\""Alminnelige vilkår\""]""]",false,false,NOT_RECOVERED,NOT_SPECIFIED,REGISTRY_BINDING_ONLY
fd167b9ca10200fa,B-107,"[""GAP-1312"", ""GAP-1346"", ""GAP-1390"", ""GAP-1434""]","[""SF-1937"", ""SF-1979"", ""SF-2038"", ""SF-2100""]","[""[\""frende\"",\""bil\"",\""ordinary\"",\""frende-bil-ansvar\"",\""2026-01-01\""]"", ""[\""frende\"",\""bil\"",\""ordinary\"",\""frende-bil-delkasko\"",\""2026-01-01\""]"", ""[\""frende\"",\""bil\"",\""ordinary\"",\""frende-bil-kasko\"",\""2026-01-01\""]"", ""[\""frende\"",\""bil\"",\""ordinary\"",\""frende-bil-utvidet\"",\""2026-01-01\""]""]",false,false,NOT_RECOVERED,NOT_SPECIFIED,REGISTRY_BINDING_ONLY
fd744b15c2fda337,B-060,"[""GAP-3690""]","[""SF-5296""]","[""[\""if\"",\""båt\"",\""ordinary\"",\""if-bat-kasko\"",\""2023-02-01\""]""]",false,false,NOT_RECOVERED,NOT_SPECIFIED,REGISTRY_BINDING_ONLY
fd9b0916440c518a,B-078,"[""GAP-0959"", ""GAP-1005""]","[""SF-1481"", ""SF-1553""]","[""[\""storebrand\"",\""bolig\"",\""ordinary\"",\""storebrand-hus-standard\"",\""2025-08-15\""]"", ""[\""storebrand\"",\""bolig\"",\""ordinary\"",\""storebrand-hus-super\"",\""2025-08-15\""]""]",false,false,NOT_RECOVERED,NOT_SPECIFIED,REGISTRY_BINDING_ONLY
fdab30e341873074,B-145,"[""GAP-3460"", ""GAP-3487"", ""GAP-3518""]","[""SF-4881"", ""SF-4948"", ""SF-5020""]","[""[\""if\"",\""bolig\"",\""ordinary\"",\""if-hus-basis\"",\""2023-09\""]"", ""[\""if\"",\""bolig\"",\""ordinary\"",\""if-hus-super\"",\""2023-09\""]"", ""[\""if\"",\""bolig\"",\""ordinary\"",\""if-hus-utvidet\"",\""2023-09\""]""]",false,false,NOT_RECOVERED,NOT_SPECIFIED,REGISTRY_BINDING_ONLY
fdcf5ea4708b05b5,B-082,"[""GAP-1141""]","[""SF-1732""]","[""[\""storebrand\"",\""reise\"",\""ordinary\"",\""storebrand-reise-super\"",\""2026-09-20-canonical\""]""]",false,false,NOT_RECOVERED,NOT_SPECIFIED,REGISTRY_BINDING_ONLY
fde1d80bd8ad0b15,B-182,"[""GAP-0017""]","[""SF-0027""]","[""[\""tryg\"",\""katt\"",\""ordinary\"",\""tryg-katt-behandling\"",\""2026-09-01\""]""]",false,false,NOT_RECOVERED,NOT_SPECIFIED,REGISTRY_BINDING_ONLY
fdef1ceae17b7abd,B-075,"[""GAP-0082""]","[""SF-0124""]","[""[\""storebrand\"",\""båt\"",\""ordinary\"",\""storebrand-bat-kasko\"",\""2024-09-01\""]""]",false,false,NOT_RECOVERED,NOT_SPECIFIED,REGISTRY_BINDING_ONLY
fe3797ae1c9a3aaa,B-031,"[""GAP-5367""]","[""SF-7647""]","[""[\""fremtind\"",\""mc\"",\""ordinary-sparebank1\"",\""fremtind-mc-kasko\"",null]""]",false,false,NOT_RECOVERED,NOT_SPECIFIED,REGISTRY_BINDING_ONLY
fe47b5910d63b29c,B-161,"[""GAP-0751"", ""GAP-0776"", ""GAP-0801""]","[""SF-1183"", ""SF-1213"", ""SF-1247""]","[""[\""storebrand\"",\""campingvogn\"",\""ordinary\"",\""storebrand-campingvogn-brann-og-tyveri\"",\""2026-03-01\""]"", ""[\""storebrand\"",\""campingvogn\"",\""ordinary\"",\""storebrand-campingvogn-kasko\"",\""2026-03-01\""]"", ""[\""storebrand\"",\""campingvogn\"",\""ordinary\"",\""storebrand-campingvogn-super\"",\""2026-03-01\""]""]",false,false,NOT_RECOVERED,NOT_SPECIFIED,REGISTRY_BINDING_ONLY
fe6a54950fb9d8ee,B-052,"[""GAP-2001"", ""GAP-2044""]","[""SF-2880"", ""SF-2934""]","[""[\""gjensidige\"",\""innbo\"",\""ordinary\"",\""gj-innbo\"",null]"", ""[\""gjensidige\"",\""innbo\"",\""ordinary\"",\""gj-innbo-pluss\"",null]""]",false,false,NOT_RECOVERED,NOT_SPECIFIED,REGISTRY_BINDING_ONLY
fe723d43339a7c50,B-047,"[""GAP-2439"", ""GAP-2478"", ""GAP-2518""]","[""SF-3492"", ""SF-3538"", ""SF-3591""]","[""[\""gjensidige\"",\""bobil\"",\""ordinary\"",\""gjensidige-bobil-delkasko\"",null]"", ""[\""gjensidige\"",\""bobil\"",\""ordinary\"",\""gjensidige-bobil-kasko\"",null]"", ""[\""gjensidige\"",\""bobil\"",\""ordinary\"",\""gjensidige-bobil-pluss\"",null]""]",false,false,NOT_RECOVERED,NOT_SPECIFIED,REGISTRY_BINDING_ONLY
feb78b4e484e37ad,B-142,"[""GAP-3230"", ""GAP-3252"", ""GAP-3277""]","[""SF-4558"", ""SF-4587"", ""SF-4618""]","[""[\""if\"",\""campingvogn\"",\""ordinary\"",\""if-campingvogn-delkasko\"",\""2024-03\""]"", ""[\""if\"",\""campingvogn\"",\""ordinary\"",\""if-campingvogn-kasko\"",\""2024-03\""]"", ""[\""if\"",\""campingvogn\"",\""ordinary\"",\""if-campingvogn-super\"",\""2024-03\""]""]",false,false,NOT_RECOVERED,NOT_SPECIFIED,REGISTRY_BINDING_ONLY
fed78a7a76ab864d,B-024,"[""GAP-3291""]","[""SF-4634""]","[""[\""if\"",\""campingvogn\"",\""ordinary\"",\""if-campingvogn-super\"",\""2024-03\""]""]",false,false,NOT_RECOVERED,NOT_SPECIFIED,REGISTRY_BINDING_ONLY
fed9942b2bec85fc,B-069,"[""GAP-3305"", ""GAP-3321""]","[""SF-4650"", ""SF-4672""]","[""[\""if\"",\""tilhenger\"",\""ordinary\"",\""if-tilhenger-delkasko\"",\""2024-03\""]"", ""[\""if\"",\""tilhenger\"",\""ordinary\"",\""if-tilhenger-kasko\"",\""2024-03\""]""]",false,false,NOT_RECOVERED,NOT_SPECIFIED,REGISTRY_BINDING_ONLY
ff05ca4bb2f3dbe6,B-056,"[""GAP-2566"", ""GAP-2596"", ""GAP-2627""]","[""SF-3665"", ""SF-3699"", ""SF-3734""]","[""[\""gjensidige\"",\""snøscooter\"",\""ordinary\"",\""gjensidige-snoscooter-ansvar\"",null]"", ""[\""gjensidige\"",\""snøscooter\"",\""ordinary\"",\""gjensidige-snoscooter-delkasko\"",null]"", ""[\""gjensidige\"",\""snøscooter\"",\""ordinary\"",\""gjensidige-snoscooter-kasko\"",null]""]",false,false,NOT_RECOVERED,NOT_SPECIFIED,REGISTRY_BINDING_ONLY
ff4f39823117baaf,B-184,"[""GAP-4476"", ""GAP-4500"", ""GAP-4525""]","[""SF-6455"", ""SF-6500"", ""SF-6550""]","[""[\""tryg\"",\""reise\"",\""ordinary\"",\""tryg-reise\"",\""2026-09-20-canonical\""]"", ""[\""tryg\"",\""reise\"",\""ordinary\"",\""tryg-reise-ekstra\"",\""2026-09-20-canonical\""]"", ""[\""tryg\"",\""reise\"",\""ordinary\"",\""tryg-reise-premium\"",\""2026-09-20-canonical\""]""]",false,false,NOT_RECOVERED,NOT_SPECIFIED,REGISTRY_BINDING_ONLY
ff637ced526722e0,B-078,"[""GAP-0952"", ""GAP-0998""]","[""SF-1473"", ""SF-1545""]","[""[\""storebrand\"",\""bolig\"",\""ordinary\"",\""storebrand-hus-standard\"",\""2025-08-15\""]"", ""[\""storebrand\"",\""bolig\"",\""ordinary\"",\""storebrand-hus-super\"",\""2025-08-15\""]""]",false,false,NOT_RECOVERED,NOT_SPECIFIED,REGISTRY_BINDING_ONLY
ffbcfbb79183bbe3,B-116,"[""GAP-1290""]","[""SF-1909""]","[""[\""frende\"",\""katt\"",\""ordinary\"",\""frende-katt-veterin-r\"",\""2026-01-01\""]""]",false,false,NOT_RECOVERED,NOT_SPECIFIED,REGISTRY_BINDING_ONLY
ffcd15543d7b4cb6,B-098,"[""GAP-5263"", ""GAP-5270"", ""GAP-5284""]","[""SF-7513"", ""SF-7522"", ""SF-7540""]","[""[\""eika-fremtind\"",\""snøscooter\"",\""ordinary\"",\""eika-fremtind-snoscooter-ansvar\"",\""2023-10-29\""]"", ""[\""eika-fremtind\"",\""snøscooter\"",\""ordinary\"",\""eika-fremtind-snoscooter-kasko\"",\""2023-10-29\""]"", ""[\""eika-fremtind\"",\""snøscooter\"",\""ordinary\"",\""eika-fremtind-snoscooter-minikasko\"",\""2023-10-29\""]""]",false,false,NOT_RECOVERED,NOT_SPECIFIED,REGISTRY_BINDING_ONLY
ffea915a771fad53,B-123,"[""GAP-2451"", ""GAP-2491"", ""GAP-2533""]","[""SF-3505"", ""SF-3558"", ""SF-3622""]","[""[\""gjensidige\"",\""bobil\"",\""ordinary\"",\""gjensidige-bobil-delkasko\"",null]"", ""[\""gjensidige\"",\""bobil\"",\""ordinary\"",\""gjensidige-bobil-kasko\"",null]"", ""[\""gjensidige\"",\""bobil\"",\""ordinary\"",\""gjensidige-bobil-pluss\"",null]""]",false,false,NOT_RECOVERED,NOT_SPECIFIED,REGISTRY_BINDING_ONLY
