"finding_id","comparison_id","insurance_type","provider_a","product_a","provider_b","product_b","section","visible_label","canonical_key","presentation_concept","side","visible_status","visible_text","reason_code","source_type","source_document_ref","parent_key","related_key","notes","issue_signature","evidence_confidence","likely_technical_layer","potential_customer_pdf_relevance","raw_evidence_hash"
"F-052f947007f5178a","bil__tryg__ordinary__bil-kasko__pau25205__vs__if__ordinary__if-bil-super__mot2-2__primary","Bil","Tryg","Kasko","If","Super","Skade på egen bil","Kasko – egenandel","kasko.egenandel","bil.egen-bil","first","included","Avtalt egenandel fremgår av forsikringsbeviset","CUSTOMER_SPECIFIC_REFERENCE","Offentlig vilkår","kasko","","","","ISS-c8ebd60d23fdc28c","HIGH","PRODUCT_MODE_ONLY_PRESENTATION","PRODUCT_MODE_ONLY","520ae3c6a8ffa14769118d203623929504230b72039f1983cdd9032883d48226"
"F-9bc4e041a536ca10","bil__tryg__ordinary__bil-kasko__pau25205__vs__if__ordinary__if-bil-super__mot2-2__primary","Bil","Tryg","Kasko","If","Super","Utstyr og eiendeler","Utstyr og eiendeler","details:utstyr:first","bil.utstyr","first","Produktspesifikk detalj","Fastmontert tilbehør: Inntil 10 000 kr; annen avtalt sum kan stå i forsikringsbeviset · Bagasje ved tyveri: Inntil 10 000 kr samlet og 5 000 kr per gjenstand; egenandel 1 000 kr","PROVIDER_SPECIFIC_NOT_COMPARABLE","Offentlig vilkår","","","","","ISS-ff4bc98408da2845","HIGH","PRODUCT_MODE_ONLY_PRESENTATION","PRODUCT_MODE_ONLY","3d3ce1d347edb81a67ddf3e0010c96703c2a65c3f34fc210af3ed1a15f584c97"
"F-de8e3c5aba8a3c76","bil__tryg__ordinary__bil-kasko__pau25205__vs__if__ordinary__if-bil-super__mot2-2__primary","Bil","Tryg","Kasko","If","Super","Utstyr og eiendeler","Utstyr og eiendeler","details:utstyr:second","bil.utstyr","second","Produktspesifikk detalj","Ettermontert utstyr og bagasje – samlet grense: Inntil 40 000 kr samlet, høyst 50 % av kjøretøyets gjenanskaffelsesverdi; avtalt sum kan utvides · Utstyr og bagasje – unntak: Penger/verdipapir og fastmontert ladestasjon i bygning er ikke inkludert","PROVIDER_SPECIFIC_NOT_COMPARABLE","Offentlig vilkår","","","","","ISS-6860394e88ad971e","HIGH","PRODUCT_MODE_ONLY_PRESENTATION","PRODUCT_MODE_ONLY","521a5574a89309ba46a4cb0232dbd3f21fe10461c6af840f33ea9497d188e4d9"
"F-20f1b31fc9dfde2d","bil__tryg__ordinary__bil-kasko__pau25205__vs__if__ordinary__if-bil-super__mot2-2__primary","Bil","Tryg","Kasko","If","Super","Fører og passasjer","Fører- og passasjerulykke","details:ulykke:second","bil.forer-passasjer","second","Produktspesifikk detalj","Fører/passasjer – avtalevilkår: Den avtalte ulykkesdekningen skal fremgå av forsikringsbeviset","PROVIDER_SPECIFIC_NOT_COMPARABLE","Offentlig vilkår","","","","","ISS-b16a49e44512f37b","HIGH","PRODUCT_MODE_ONLY_PRESENTATION","PRODUCT_MODE_ONLY","658d745e008204db44d1161d720a456498a67fdc0cdbfd55f33752a415ef232b"
"F-c680b8a59e8b955c","bil__tryg__ordinary__bil-kasko__pau25205__vs__if__ordinary__if-bil-super__mot2-2__primary","Bil","Tryg","Kasko","If","Super","Brann, tyveri og natur","Brann","details:brann:second","bil.brann-tyveri-natur","second","Produktspesifikk detalj","Brann – begrensning: Batterier og elektroniske enheter krever åpen ild på utsiden av enheten","PROVIDER_SPECIFIC_NOT_COMPARABLE","Offentlig vilkår","","","","","ISS-8f51bc6ab402cb05","HIGH","PRODUCT_MODE_ONLY_PRESENTATION","PRODUCT_MODE_ONLY","4b361839009cbffd71f8dea75ace0775580eafddf355a6ba71424f8bc50eafdc"
"F-476f62ed69865c4e","bil__tryg__ordinary__bil-kasko__pau25205__vs__if__ordinary__if-bil-super__mot2-2__primary","Bil","Tryg","Kasko","If","Super","Andre bilvilkår","Super","details:super:second","bil.ovrig","second","Produktspesifikk detalj","Super – unntak: Gjelder ikke drosje, trafikkskole- eller utleiebil, ikke godkjent effektøkning eller skade ved prøvekjennemerke","PROVIDER_SPECIFIC_NOT_COMPARABLE","Offentlig vilkår","","","","","ISS-8ac4b0cdeec6d28f","HIGH","PRODUCT_MODE_ONLY_PRESENTATION","PRODUCT_MODE_ONLY","29b98c0c1002f46fae229556655f4c69ef743808fac692d59e3b0d05cd2a0081"
"F-02b950f5abd92f03","bil__tryg__ordinary__bil-kasko__pau25205__vs__gjensidige__ordinary__gj-bil-pluss__null__primary","Bil","Tryg","Kasko","Gjensidige","Pluss","Skade på egen bil","Kasko – egenandel","kasko.egenandel","bil.egen-bil","first","included","Avtalt egenandel fremgår av forsikringsbeviset","CUSTOMER_SPECIFIC_REFERENCE","Offentlig vilkår","kasko","","","","ISS-c8ebd60d23fdc28c","HIGH","PRODUCT_MODE_ONLY_PRESENTATION","PRODUCT_MODE_ONLY","55539f931e072378549daf9fb6fd515420937a86c926f33d7bb93c381f5d747b"
"F-ed2bfed7bc75d6e6","bil__tryg__ordinary__bil-kasko__pau25205__vs__gjensidige__ordinary__gj-bil-pluss__null__primary","Bil","Tryg","Kasko","Gjensidige","Pluss","Mobilitet","Leiebil","details:leiebil:first","bil.mobilitet","first","Produktspesifikk detalj","Leiebil – utløser: Erstatningsmessig skade som overstiger egenandelen; leiebil formidlet av Trygs leverandør","PROVIDER_SPECIFIC_NOT_COMPARABLE","Offentlig vilkår","","","","","ISS-24f452e7680e39be","HIGH","PRODUCT_MODE_ONLY_PRESENTATION","PRODUCT_MODE_ONLY","27f76f05783563dc9f8ffd24177c5c7506de3d1c7c3cdb050a1e7e4e4f4c5e0b"
"F-aeb9358a1683f4e6","bil__tryg__ordinary__bil-kasko__pau25205__vs__gjensidige__ordinary__gj-bil-pluss__null__primary","Bil","Tryg","Kasko","Gjensidige","Pluss","Mobilitet","Veihjelp","details:veihjelp:first","bil.mobilitet","first","Produktspesifikk detalj","Veihjelp – transportgrense: 50 % av kjøretøyets verdi på skadedagen · Veihjelp – unntak: Ikke assistanse uten veitilknytning eller utgift dekket av annen avtale/garanti/redningsabonnement","PROVIDER_SPECIFIC_NOT_COMPARABLE","Offentlig vilkår","","","","","ISS-c42396b040848289","HIGH","PRODUCT_MODE_ONLY_PRESENTATION","PRODUCT_MODE_ONLY","92739499b799fa3a096ded01e861ffbcfc0c9103a3ca365e39189ca07f65d594"
"F-56dabf75812a1a3d","bil__tryg__ordinary__bil-kasko__pau25205__vs__gjensidige__ordinary__gj-bil-pluss__null__primary","Bil","Tryg","Kasko","Gjensidige","Pluss","Utstyr og eiendeler","Utstyr og eiendeler","details:utstyr:first","bil.utstyr","first","Produktspesifikk detalj","Bagasje ved tyveri: Inntil 10 000 kr samlet og 5 000 kr per gjenstand; egenandel 1 000 kr","PROVIDER_SPECIFIC_NOT_COMPARABLE","Offentlig vilkår","","","","","ISS-ff4bc98408da2845","HIGH","PRODUCT_MODE_ONLY_PRESENTATION","PRODUCT_MODE_ONLY","a89f0f1785aea14ad7eab3339f493792a44407a62c096e15290dee7d196dbccb"
"F-59190a0be1bc4854","bil__tryg__ordinary__bil-kasko__pau25205__vs__gjensidige__ordinary__gj-bil-pluss__null__primary","Bil","Tryg","Kasko","Gjensidige","Pluss","Fører og passasjer","Fører- og passasjerulykke","details:ulykke:first","bil.forer-passasjer","first","Produktspesifikk detalj","Fører/passasjer – unntak: Blant annet tannskade ved spising og psykisk skade uten PTSD etter ICD-10 F43.1","PROVIDER_SPECIFIC_NOT_COMPARABLE","Offentlig vilkår","","","","","ISS-5c6557d5ddb52f1f","HIGH","PRODUCT_MODE_ONLY_PRESENTATION","PRODUCT_MODE_ONLY","3a8416eefd7a92b87cd319af6dc17d61f99fb8d106522256acccfdf4795ec2d6"
"F-a0ff077c00237511","bil__tryg__ordinary__bil-kasko__pau25205__vs__storebrand__ordinary__sb-bil-super__motor09__primary","Bil","Tryg","Kasko","Storebrand","Super","Skade på egen bil","Kasko – egenandel","kasko.egenandel","bil.egen-bil","first","included","Avtalt egenandel fremgår av forsikringsbeviset","CUSTOMER_SPECIFIC_REFERENCE","Offentlig vilkår","kasko","","","","ISS-c8ebd60d23fdc28c","HIGH","PRODUCT_MODE_ONLY_PRESENTATION","PRODUCT_MODE_ONLY","575c71ff929ab0fd1b8d5be08d7dcfb78e1b658efb91053883cf8490f3737d62"
"F-7a2ca09c92b58f25","bil__tryg__ordinary__bil-kasko__pau25205__vs__storebrand__ordinary__sb-bil-super__motor09__primary","Bil","Tryg","Kasko","Storebrand","Super","Skade på egen bil","Kasko – avtalt egenandel","kasko.egenandel","bil.egen-bil","second","included","Fremgår av forsikringsbeviset","CUSTOMER_SPECIFIC_REFERENCE","Offentlig vilkår","sbKasko","","","","ISS-167eb128df8850f0","HIGH","PRODUCT_MODE_ONLY_PRESENTATION","PRODUCT_MODE_ONLY","7654280782e80d53e432933bca49a5f7ca9cad2ff39888a1588c88514cf13463"
"F-59cfb6c7b5f6bfab","bil__tryg__ordinary__bil-kasko__pau25205__vs__storebrand__ordinary__sb-bil-super__motor09__primary","Bil","Tryg","Kasko","Storebrand","Super","Maskinskade","Maskinskade / motor- og girskade","details:maskinskade:first","bil.maskinskade","first","Produktspesifikk detalj","Maskinskade – diesel/bensin: Motor, oljekjøler/radiator, topplokk, manifolder, turbo/EGR/ladeluftkjøler, AdBlue og innsprøytningssystem","PROVIDER_SPECIFIC_NOT_COMPARABLE","Offentlig vilkår","","","","","ISS-0aaa6959d1f10200","HIGH","PRODUCT_MODE_ONLY_PRESENTATION","PRODUCT_MODE_ONLY","e7eade8a8e917ce64a951fde26c2b983059b2364f5d2e785f0533640a2b2cd52"
"F-58e756053fd5db46","bil__tryg__ordinary__bil-kasko__pau25205__vs__storebrand__ordinary__sb-bil-super__motor09__primary","Bil","Tryg","Kasko","Storebrand","Super","Mobilitet","Leiebil","details:leiebil:first","bil.mobilitet","first","Produktspesifikk detalj","Leiebil – utløser: Erstatningsmessig skade som overstiger egenandelen; leiebil formidlet av Trygs leverandør","PROVIDER_SPECIFIC_NOT_COMPARABLE","Offentlig vilkår","","","","","ISS-24f452e7680e39be","HIGH","PRODUCT_MODE_ONLY_PRESENTATION","PRODUCT_MODE_ONLY","994561173e394c311a6cb8e7433ea3eee24931a855f9863c965a018686031374"
"F-1cc076b5142a8eb8","bil__tryg__ordinary__bil-kasko__pau25205__vs__storebrand__ordinary__sb-bil-super__motor09__primary","Bil","Tryg","Kasko","Storebrand","Super","Mobilitet","Veihjelp","details:veihjelp:first","bil.mobilitet","first","Produktspesifikk detalj","Veihjelp – unntak: Ikke assistanse uten veitilknytning eller utgift dekket av annen avtale/garanti/redningsabonnement","PROVIDER_SPECIFIC_NOT_COMPARABLE","Offentlig vilkår","","","","","ISS-c42396b040848289","HIGH","PRODUCT_MODE_ONLY_PRESENTATION","PRODUCT_MODE_ONLY","0b1fa280d414cec8a7b8757a1599ea8638b7eb4698e095866ad19e3a6e3a130d"
"F-433d7b162735417f","bil__tryg__ordinary__bil-kasko__pau25205__vs__storebrand__ordinary__sb-bil-super__motor09__primary","Bil","Tryg","Kasko","Storebrand","Super","Glass og redning","Glass","details:glass:first","bil.glass-redning","first","Produktspesifikk detalj","Glass – begrensning: For slitt eller ripet til EU-godkjenning før skaden: ikke dekket","PROVIDER_SPECIFIC_NOT_COMPARABLE","Offentlig vilkår","","","","","ISS-34a2e8b4f386a31e","HIGH","PRODUCT_MODE_ONLY_PRESENTATION","PRODUCT_MODE_ONLY","d9ca216a3a9a243fef4bf5a72484c293fb55cca3197f3141f6e758e57a0f07b8"
"F-12f45b2ca95538d3","bil__tryg__ordinary__bil-kasko__pau25205__vs__storebrand__ordinary__sb-bil-super__motor09__primary","Bil","Tryg","Kasko","Storebrand","Super","Fører og passasjer","Fører- og passasjerulykke","details:ulykke:first","bil.forer-passasjer","first","Produktspesifikk detalj","Fører/passasjer – ulykkessted: I eller på kjøretøyet; også utenfor når kjøretøyet er direkte skadeårsak · Fører/passasjer – unntak: Blant annet tannskade ved spising og psykisk skade uten PTSD etter ICD-10 F43.1","PROVIDER_SPECIFIC_NOT_COMPARABLE","Offentlig vilkår","","","","","ISS-5c6557d5ddb52f1f","HIGH","PRODUCT_MODE_ONLY_PRESENTATION","PRODUCT_MODE_ONLY","6b3974a0b477f3c991530dfcf387bd4b49cac9d3a3379bc7550b14c833c21325"
"F-435253ae0854dc1c","bil__tryg__ordinary__bil-kasko__pau25205__vs__storebrand__ordinary__sb-bil-super__motor09__primary","Bil","Tryg","Kasko","Storebrand","Super","Fører og passasjer","Fører- og passasjerulykke","details:ulykke:second","bil.forer-passasjer","second","Produktspesifikk detalj","Fører/passasjer – avtalevilkår: Valgt ulykkesdekning må fremgå av forsikringsbeviset","PROVIDER_SPECIFIC_NOT_COMPARABLE","Offentlig vilkår","","","","","ISS-660b54c6751050e3","HIGH","PRODUCT_MODE_ONLY_PRESENTATION","PRODUCT_MODE_ONLY","a28af9ea96035ba8332890eb2391c69e3e1180fabbd8b14c623adf75ba3f7988"
"F-2db3362c08c18937","bil__tryg__ordinary__bil-kasko__pau25205__vs__storebrand__ordinary__sb-bil-super__motor09__primary","Bil","Tryg","Kasko","Storebrand","Super","Brann, tyveri og natur","Brann","details:brann:second","bil.brann-tyveri-natur","second","Produktspesifikk detalj","Brann – begrensning: Skade i batterier alene, kortslutning eller oppheting uten åpen ild omfattes ikke","PROVIDER_SPECIFIC_NOT_COMPARABLE","Offentlig vilkår","","","","","ISS-16c6f96217c3540d","HIGH","PRODUCT_MODE_ONLY_PRESENTATION","PRODUCT_MODE_ONLY","ce070cfd90ae5aa3d4ad108dba893aa4e38f85a4a967074504e2a9e77b291b76"
"F-f3e304b9c1afbc21","bil__tryg__ordinary__bil-kasko__pau25205__vs__sparebank-1-fremtind__ordinary__sb1-bil-toppkasko__pmo-357-001-004__primary","Bil","Tryg","Kasko","SpareBank 1 / Fremtind","Toppkasko","Skade på egen bil","Kasko – egenandel","kasko.egenandel","bil.egen-bil","first","included","Avtalt egenandel fremgår av forsikringsbeviset","CUSTOMER_SPECIFIC_REFERENCE","Offentlig vilkår","kasko","","","","ISS-c8ebd60d23fdc28c","HIGH","PRODUCT_MODE_ONLY_PRESENTATION","PRODUCT_MODE_ONLY","e39bb352140c9491966be2e9a1945508f96cd96d2a74734a3953f4c3a77c151d"
"F-0e1d62ea335a3846","bil__tryg__ordinary__bil-kasko__pau25205__vs__sparebank-1-fremtind__ordinary__sb1-bil-toppkasko__pmo-357-001-004__primary","Bil","Tryg","Kasko","SpareBank 1 / Fremtind","Toppkasko","Skade på egen bil","Kasko – avtalt egenandel","kasko.egenandel","bil.egen-bil","second","included","Fremgår av forsikringsbeviset","CUSTOMER_SPECIFIC_REFERENCE","Offentlig vilkår","sp1Kasko","","","","ISS-c6d9d1bd25f03523","HIGH","PRODUCT_MODE_ONLY_PRESENTATION","PRODUCT_MODE_ONLY","1401f89f459c721ecd2e27097cfa7d7cb4742f82078e8a00922b74a44cb57f07"
"F-de2e706dcbf34b51","bil__tryg__ordinary__bil-kasko__pau25205__vs__sparebank-1-fremtind__ordinary__sb1-bil-toppkasko__pmo-357-001-004__primary","Bil","Tryg","Kasko","SpareBank 1 / Fremtind","Toppkasko","Maskinskade","Maskinskade / motor- og girskade","details:maskinskade:first","bil.maskinskade","first","Produktspesifikk detalj","Maskinskade – diesel/bensin: Motor, oljekjøler/radiator, topplokk, manifolder, turbo/EGR/ladeluftkjøler, AdBlue og innsprøytningssystem · Maskinskade – gir og kraftoverføring: Girkasse, differensial, fordelingskasse, vinkeldrev og oppregnede aksler/hjullager","PROVIDER_SPECIFIC_NOT_COMPARABLE","Offentlig vilkår","","","","","ISS-0aaa6959d1f10200","HIGH","PRODUCT_MODE_ONLY_PRESENTATION","PRODUCT_MODE_ONLY","9fd2583abbd6615e90ca8f2884e019de6c1be77efd2dcc21c6ac82119d4d8afd"
"F-4929919890e3e2c9","bil__tryg__ordinary__bil-kasko__pau25205__vs__sparebank-1-fremtind__ordinary__sb1-bil-toppkasko__pmo-357-001-004__primary","Bil","Tryg","Kasko","SpareBank 1 / Fremtind","Toppkasko","Mobilitet","Leiebil","details:leiebil:first","bil.mobilitet","first","Produktspesifikk detalj","Leiebil – utløser: Erstatningsmessig skade som overstiger egenandelen; leiebil formidlet av Trygs leverandør","PROVIDER_SPECIFIC_NOT_COMPARABLE","Offentlig vilkår","","","","","ISS-24f452e7680e39be","HIGH","PRODUCT_MODE_ONLY_PRESENTATION","PRODUCT_MODE_ONLY","4d84e65cd0162c8f364d05a40b2ba9247e0c0c05f77892f18793ec44f6822e7b"
"F-c3f796bca7578b26","bil__tryg__ordinary__bil-kasko__pau25205__vs__sparebank-1-fremtind__ordinary__sb1-bil-toppkasko__pmo-357-001-004__primary","Bil","Tryg","Kasko","SpareBank 1 / Fremtind","Toppkasko","Mobilitet","Veihjelp","details:veihjelp:first","bil.mobilitet","first","Produktspesifikk detalj","Veihjelp – unntak: Ikke assistanse uten veitilknytning eller utgift dekket av annen avtale/garanti/redningsabonnement","PROVIDER_SPECIFIC_NOT_COMPARABLE","Offentlig vilkår","","","","","ISS-c42396b040848289","HIGH","PRODUCT_MODE_ONLY_PRESENTATION","PRODUCT_MODE_ONLY","4ad1304ac95a8dea3ed662f266aa1e27d7286f62828f2c7d92dce32395847746"
"F-ec97dfeab956aaf0","bil__tryg__ordinary__bil-kasko__pau25205__vs__sparebank-1-fremtind__ordinary__sb1-bil-toppkasko__pmo-357-001-004__primary","Bil","Tryg","Kasko","SpareBank 1 / Fremtind","Toppkasko","Glass og redning","Glass","details:glass:first","bil.glass-redning","first","Produktspesifikk detalj","Glass – begrensning: For slitt eller ripet til EU-godkjenning før skaden: ikke dekket","PROVIDER_SPECIFIC_NOT_COMPARABLE","Offentlig vilkår","","","","","ISS-34a2e8b4f386a31e","HIGH","PRODUCT_MODE_ONLY_PRESENTATION","PRODUCT_MODE_ONLY","b1128876689b235e57f4e49000a10f487cfbae01a5b9f99b3c7d71c91e261ffc"
"F-006bd4bd70c769c7","bil__tryg__ordinary__bil-kasko__pau25205__vs__sparebank-1-fremtind__ordinary__sb1-bil-toppkasko__pmo-357-001-004__primary","Bil","Tryg","Kasko","SpareBank 1 / Fremtind","Toppkasko","Fører og passasjer","Fører- og passasjerulykke","details:ulykke:first","bil.forer-passasjer","first","Produktspesifikk detalj","Fører/passasjer – unntak: Blant annet tannskade ved spising og psykisk skade uten PTSD etter ICD-10 F43.1","PROVIDER_SPECIFIC_NOT_COMPARABLE","Offentlig vilkår","","","","","ISS-5c6557d5ddb52f1f","HIGH","PRODUCT_MODE_ONLY_PRESENTATION","PRODUCT_MODE_ONLY","a7c29fa4e5d58f90802915758f579279ec314d6bd8678b97c380a3e6fe3695dc"
"F-1e51d011aa307c86","bil__tryg__ordinary__bil-kasko__pau25205__vs__sparebank-1-fremtind__ordinary__sb1-bil-toppkasko__pmo-357-001-004__primary","Bil","Tryg","Kasko","SpareBank 1 / Fremtind","Toppkasko","Andre bilvilkår","Delkasko – avtalt egenandel","delkasko.egenandel","bil.ovrig","second","included","Fremgår av forsikringsbeviset","CUSTOMER_SPECIFIC_REFERENCE","Offentlig vilkår","sp1Delkasko","","","","ISS-7e8ac5543f504325","HIGH","PRODUCT_MODE_ONLY_PRESENTATION","PRODUCT_MODE_ONLY","2de703c3acb572f201bbc518b1dad49ffbc0c009648155c942c931526492abbb"
"F-f3f97e6409bdac1f","bil__tryg__ordinary__bil-kasko__pau25205__vs__dnb-fremtind__ordinary__dnb-bil-topp__pmo-357-001-004__primary","Bil","Tryg","Kasko","DNB / Fremtind","Topp","Skade på egen bil","Kasko – egenandel","kasko.egenandel","bil.egen-bil","first","included","Avtalt egenandel fremgår av forsikringsbeviset","CUSTOMER_SPECIFIC_REFERENCE","Offentlig vilkår","kasko","","","","ISS-c8ebd60d23fdc28c","HIGH","PRODUCT_MODE_ONLY_PRESENTATION","PRODUCT_MODE_ONLY","92ec6de3830ad83fee0a1c3b6079cfb2b20ec670b92cad25d1bf53881c1060e7"
"F-97ad0a348cc58621","bil__tryg__ordinary__bil-kasko__pau25205__vs__dnb-fremtind__ordinary__dnb-bil-topp__pmo-357-001-004__primary","Bil","Tryg","Kasko","DNB / Fremtind","Topp","Skade på egen bil","Kasko – avtalt egenandel","kasko.egenandel","bil.egen-bil","second","included","Fremgår av forsikringsbeviset","CUSTOMER_SPECIFIC_REFERENCE","Offentlig vilkår","sp1Kasko","","","","ISS-234bb3ec6b55b23f","HIGH","PRODUCT_MODE_ONLY_PRESENTATION","PRODUCT_MODE_ONLY","332030adb6d478222823f409ac47b8f22f8ff56f5ac04e498d134b0fac4fa6e3"
"F-62015a3423f11055","bil__tryg__ordinary__bil-kasko__pau25205__vs__dnb-fremtind__ordinary__dnb-bil-topp__pmo-357-001-004__primary","Bil","Tryg","Kasko","DNB / Fremtind","Topp","Maskinskade","Maskinskade / motor- og girskade","details:maskinskade:first","bil.maskinskade","first","Produktspesifikk detalj","Maskinskade – diesel/bensin: Motor, oljekjøler/radiator, topplokk, manifolder, turbo/EGR/ladeluftkjøler, AdBlue og innsprøytningssystem · Maskinskade – gir og kraftoverføring: Girkasse, differensial, fordelingskasse, vinkeldrev og oppregnede aksler/hjullager","PROVIDER_SPECIFIC_NOT_COMPARABLE","Offentlig vilkår","","","","","ISS-0aaa6959d1f10200","HIGH","PRODUCT_MODE_ONLY_PRESENTATION","PRODUCT_MODE_ONLY","b93c6c78ae7b1499669d6ca675cd3821347c147dad47eda062401289d00fbd40"
"F-0eaab7275016c4a5","bil__tryg__ordinary__bil-kasko__pau25205__vs__dnb-fremtind__ordinary__dnb-bil-topp__pmo-357-001-004__primary","Bil","Tryg","Kasko","DNB / Fremtind","Topp","Mobilitet","Leiebil","details:leiebil:first","bil.mobilitet","first","Produktspesifikk detalj","Leiebil – utløser: Erstatningsmessig skade som overstiger egenandelen; leiebil formidlet av Trygs leverandør","PROVIDER_SPECIFIC_NOT_COMPARABLE","Offentlig vilkår","","","","","ISS-24f452e7680e39be","HIGH","PRODUCT_MODE_ONLY_PRESENTATION","PRODUCT_MODE_ONLY","e438b82a0123fdcf8412d909996d19272a7df2c87c084e4b900851e35bb51494"
"F-5408aa0422642af7","bil__tryg__ordinary__bil-kasko__pau25205__vs__dnb-fremtind__ordinary__dnb-bil-topp__pmo-357-001-004__primary","Bil","Tryg","Kasko","DNB / Fremtind","Topp","Mobilitet","Veihjelp","details:veihjelp:first","bil.mobilitet","first","Produktspesifikk detalj","Veihjelp – unntak: Ikke assistanse uten veitilknytning eller utgift dekket av annen avtale/garanti/redningsabonnement","PROVIDER_SPECIFIC_NOT_COMPARABLE","Offentlig vilkår","","","","","ISS-c42396b040848289","HIGH","PRODUCT_MODE_ONLY_PRESENTATION","PRODUCT_MODE_ONLY","8561b5100cfb1897b8612761d10bb7cb0d35ecec1c3114bfb84d72292e3071ee"
"F-f58ed455e23a6964","bil__tryg__ordinary__bil-kasko__pau25205__vs__dnb-fremtind__ordinary__dnb-bil-topp__pmo-357-001-004__primary","Bil","Tryg","Kasko","DNB / Fremtind","Topp","Glass og redning","Glass","details:glass:first","bil.glass-redning","first","Produktspesifikk detalj","Glass – begrensning: For slitt eller ripet til EU-godkjenning før skaden: ikke dekket","PROVIDER_SPECIFIC_NOT_COMPARABLE","Offentlig vilkår","","","","","ISS-34a2e8b4f386a31e","HIGH","PRODUCT_MODE_ONLY_PRESENTATION","PRODUCT_MODE_ONLY","8ffdf8cffb7a341b52384a42f1eeb2b1853c5a10dd92e4456f50bc5b7be173af"
"F-c94f6166896a5a78","bil__tryg__ordinary__bil-kasko__pau25205__vs__dnb-fremtind__ordinary__dnb-bil-topp__pmo-357-001-004__primary","Bil","Tryg","Kasko","DNB / Fremtind","Topp","Fører og passasjer","Fører- og passasjerulykke","details:ulykke:first","bil.forer-passasjer","first","Produktspesifikk detalj","Fører/passasjer – unntak: Blant annet tannskade ved spising og psykisk skade uten PTSD etter ICD-10 F43.1","PROVIDER_SPECIFIC_NOT_COMPARABLE","Offentlig vilkår","","","","","ISS-5c6557d5ddb52f1f","HIGH","PRODUCT_MODE_ONLY_PRESENTATION","PRODUCT_MODE_ONLY","7dae54b0032a3837d1157c145b4a6c63141bc6e3e39d000e67cf194e7dbaeabf"
"F-be8e79ec2ab0b6c4","bil__tryg__ordinary__bil-kasko__pau25205__vs__dnb-fremtind__ordinary__dnb-bil-topp__pmo-357-001-004__primary","Bil","Tryg","Kasko","DNB / Fremtind","Topp","Andre bilvilkår","Delkasko – avtalt egenandel","delkasko.egenandel","bil.ovrig","second","included","Fremgår av forsikringsbeviset","CUSTOMER_SPECIFIC_REFERENCE","Offentlig vilkår","sp1Delkasko","","","","ISS-a1f2bbb5470a8f51","HIGH","PRODUCT_MODE_ONLY_PRESENTATION","PRODUCT_MODE_ONLY","d1f350a06a275048358dc2420747e1a777d73df57d9373498fed47231e44a1b2"
"F-bc73153c3395d32b","bil__tryg__ordinary__bil-kasko__pau25205__vs__eika-fremtind__ordinary__eika-bil-topp__pmo-357-001-004__primary","Bil","Tryg","Kasko","Eika / Fremtind","Topp","Skade på egen bil","Kasko – egenandel","kasko.egenandel","bil.egen-bil","first","included","Avtalt egenandel fremgår av forsikringsbeviset","CUSTOMER_SPECIFIC_REFERENCE","Offentlig vilkår","kasko","","","","ISS-c8ebd60d23fdc28c","HIGH","PRODUCT_MODE_ONLY_PRESENTATION","PRODUCT_MODE_ONLY","93be35a3cde141769732641ab9676fd5c7fc9af6014fe9c203f3db4c146fe3cc"
"F-701ecef06104bc9e","bil__tryg__ordinary__bil-kasko__pau25205__vs__eika-fremtind__ordinary__eika-bil-topp__pmo-357-001-004__primary","Bil","Tryg","Kasko","Eika / Fremtind","Topp","Skade på egen bil","Kasko – avtalt egenandel","kasko.egenandel","bil.egen-bil","second","included","Fremgår av forsikringsbeviset","CUSTOMER_SPECIFIC_REFERENCE","Offentlig vilkår","sp1Kasko","","","","ISS-dc5a58ceac691b27","HIGH","PRODUCT_MODE_ONLY_PRESENTATION","PRODUCT_MODE_ONLY","31f87189ac9f4fc528dd3f391e2249b873d22c2067d340c877deaf51d72e06a4"
"F-86d4d403fb7f7f53","bil__tryg__ordinary__bil-kasko__pau25205__vs__eika-fremtind__ordinary__eika-bil-topp__pmo-357-001-004__primary","Bil","Tryg","Kasko","Eika / Fremtind","Topp","Maskinskade","Maskinskade / motor- og girskade","details:maskinskade:first","bil.maskinskade","first","Produktspesifikk detalj","Maskinskade – diesel/bensin: Motor, oljekjøler/radiator, topplokk, manifolder, turbo/EGR/ladeluftkjøler, AdBlue og innsprøytningssystem · Maskinskade – gir og kraftoverføring: Girkasse, differensial, fordelingskasse, vinkeldrev og oppregnede aksler/hjullager","PROVIDER_SPECIFIC_NOT_COMPARABLE","Offentlig vilkår","","","","","ISS-0aaa6959d1f10200","HIGH","PRODUCT_MODE_ONLY_PRESENTATION","PRODUCT_MODE_ONLY","60191dd457022ff9f548050815c4a57f98f213e3d989dfc0a070647b20c3f6c3"
"F-9a7dc327e8fe1fa9","bil__tryg__ordinary__bil-kasko__pau25205__vs__eika-fremtind__ordinary__eika-bil-topp__pmo-357-001-004__primary","Bil","Tryg","Kasko","Eika / Fremtind","Topp","Mobilitet","Leiebil","details:leiebil:first","bil.mobilitet","first","Produktspesifikk detalj","Leiebil – utløser: Erstatningsmessig skade som overstiger egenandelen; leiebil formidlet av Trygs leverandør","PROVIDER_SPECIFIC_NOT_COMPARABLE","Offentlig vilkår","","","","","ISS-24f452e7680e39be","HIGH","PRODUCT_MODE_ONLY_PRESENTATION","PRODUCT_MODE_ONLY","d989bf39ea4e405e383df75f91ea349107c5ee4fb8d1cd90bebf48b982d43c05"
"F-eed4622c06faa69d","bil__tryg__ordinary__bil-kasko__pau25205__vs__eika-fremtind__ordinary__eika-bil-topp__pmo-357-001-004__primary","Bil","Tryg","Kasko","Eika / Fremtind","Topp","Mobilitet","Veihjelp","details:veihjelp:first","bil.mobilitet","first","Produktspesifikk detalj","Veihjelp – unntak: Ikke assistanse uten veitilknytning eller utgift dekket av annen avtale/garanti/redningsabonnement","PROVIDER_SPECIFIC_NOT_COMPARABLE","Offentlig vilkår","","","","","ISS-c42396b040848289","HIGH","PRODUCT_MODE_ONLY_PRESENTATION","PRODUCT_MODE_ONLY","63565178a9d51095609809de5c8e1534b7fcae71ff7fe918a75f9b7769c3d920"
"F-64a4e31ed227bd1d","bil__tryg__ordinary__bil-kasko__pau25205__vs__eika-fremtind__ordinary__eika-bil-topp__pmo-357-001-004__primary","Bil","Tryg","Kasko","Eika / Fremtind","Topp","Glass og redning","Glass","details:glass:first","bil.glass-redning","first","Produktspesifikk detalj","Glass – begrensning: For slitt eller ripet til EU-godkjenning før skaden: ikke dekket","PROVIDER_SPECIFIC_NOT_COMPARABLE","Offentlig vilkår","","","","","ISS-34a2e8b4f386a31e","HIGH","PRODUCT_MODE_ONLY_PRESENTATION","PRODUCT_MODE_ONLY","b4321085b23e871620588066713aba73808020ac2b20cc20ba4ee0a676380646"
"F-ccc8e111fde632ab","bil__tryg__ordinary__bil-kasko__pau25205__vs__eika-fremtind__ordinary__eika-bil-topp__pmo-357-001-004__primary","Bil","Tryg","Kasko","Eika / Fremtind","Topp","Fører og passasjer","Fører- og passasjerulykke","details:ulykke:first","bil.forer-passasjer","first","Produktspesifikk detalj","Fører/passasjer – unntak: Blant annet tannskade ved spising og psykisk skade uten PTSD etter ICD-10 F43.1","PROVIDER_SPECIFIC_NOT_COMPARABLE","Offentlig vilkår","","","","","ISS-5c6557d5ddb52f1f","HIGH","PRODUCT_MODE_ONLY_PRESENTATION","PRODUCT_MODE_ONLY","1b989448974f7233363bf3e17a00df3c5f3736b4b1c57a8c83f75efc9a62f8e3"
"F-4788eb0b80f1709f","bil__tryg__ordinary__bil-kasko__pau25205__vs__eika-fremtind__ordinary__eika-bil-topp__pmo-357-001-004__primary","Bil","Tryg","Kasko","Eika / Fremtind","Topp","Andre bilvilkår","Delkasko – avtalt egenandel","delkasko.egenandel","bil.ovrig","second","included","Fremgår av forsikringsbeviset","CUSTOMER_SPECIFIC_REFERENCE","Offentlig vilkår","sp1Delkasko","","","","ISS-0d887c12faf7f431","HIGH","PRODUCT_MODE_ONLY_PRESENTATION","PRODUCT_MODE_ONLY","7e3449e0d757a4a1968782dbd9681a65cb8ecba9d86fd9a7b0726fcb39eb6f23"
"F-e174febaf1c34365","bil__tryg__ordinary__bil-kasko__pau25205__vs__fremtind__ordinary__fremtind-bil-topp__pmo-357-001-004__primary","Bil","Tryg","Kasko","Fremtind","Topp","Skade på egen bil","Kasko – egenandel","kasko.egenandel","bil.egen-bil","first","included","Avtalt egenandel fremgår av forsikringsbeviset","CUSTOMER_SPECIFIC_REFERENCE","Offentlig vilkår","kasko","","","","ISS-c8ebd60d23fdc28c","HIGH","PRODUCT_MODE_ONLY_PRESENTATION","PRODUCT_MODE_ONLY","3fef66d588fce52678a47c4d4365252b580ffb9c8c835a784c9a3c8bf44e2b86"
"F-a53f5cf655fcbf24","bil__tryg__ordinary__bil-kasko__pau25205__vs__fremtind__ordinary__fremtind-bil-topp__pmo-357-001-004__primary","Bil","Tryg","Kasko","Fremtind","Topp","Skade på egen bil","Kasko – avtalt egenandel","kasko.egenandel","bil.egen-bil","second","included","Fremgår av forsikringsbeviset","CUSTOMER_SPECIFIC_REFERENCE","Offentlig vilkår","sp1Kasko","","","","ISS-2baa209383515d23","HIGH","PRODUCT_MODE_ONLY_PRESENTATION","PRODUCT_MODE_ONLY","0b13aa2ad7b80c7361cf1ccdafd28fa9bc8ef450de090b4219efba6004f7524c"
"F-eaea41ba85093288","bil__tryg__ordinary__bil-kasko__pau25205__vs__fremtind__ordinary__fremtind-bil-topp__pmo-357-001-004__primary","Bil","Tryg","Kasko","Fremtind","Topp","Maskinskade","Maskinskade / motor- og girskade","details:maskinskade:first","bil.maskinskade","first","Produktspesifikk detalj","Maskinskade – diesel/bensin: Motor, oljekjøler/radiator, topplokk, manifolder, turbo/EGR/ladeluftkjøler, AdBlue og innsprøytningssystem · Maskinskade – gir og kraftoverføring: Girkasse, differensial, fordelingskasse, vinkeldrev og oppregnede aksler/hjullager","PROVIDER_SPECIFIC_NOT_COMPARABLE","Offentlig vilkår","","","","","ISS-0aaa6959d1f10200","HIGH","PRODUCT_MODE_ONLY_PRESENTATION","PRODUCT_MODE_ONLY","cc74a461c1ab92fe554446e62bd1d7a7c326fdcfb038b41163a082c4c9a0a929"
"F-1dd7362e9d30adea","bil__tryg__ordinary__bil-kasko__pau25205__vs__fremtind__ordinary__fremtind-bil-topp__pmo-357-001-004__primary","Bil","Tryg","Kasko","Fremtind","Topp","Mobilitet","Leiebil","details:leiebil:first","bil.mobilitet","first","Produktspesifikk detalj","Leiebil – utløser: Erstatningsmessig skade som overstiger egenandelen; leiebil formidlet av Trygs leverandør","PROVIDER_SPECIFIC_NOT_COMPARABLE","Offentlig vilkår","","","","","ISS-24f452e7680e39be","HIGH","PRODUCT_MODE_ONLY_PRESENTATION","PRODUCT_MODE_ONLY","4a70f19acb4436b3b41b26d9e3c55062165e9604ba72338e88abff8864744d54"
"F-1c74779e6d963ec9","bil__tryg__ordinary__bil-kasko__pau25205__vs__fremtind__ordinary__fremtind-bil-topp__pmo-357-001-004__primary","Bil","Tryg","Kasko","Fremtind","Topp","Mobilitet","Veihjelp","details:veihjelp:first","bil.mobilitet","first","Produktspesifikk detalj","Veihjelp – unntak: Ikke assistanse uten veitilknytning eller utgift dekket av annen avtale/garanti/redningsabonnement","PROVIDER_SPECIFIC_NOT_COMPARABLE","Offentlig vilkår","","","","","ISS-c42396b040848289","HIGH","PRODUCT_MODE_ONLY_PRESENTATION","PRODUCT_MODE_ONLY","5e12c11a9ed1a2df6fd6080d7ba46bd6d4732fac2f9f879bb69e259c857c57f2"
"F-ee363294a1557af5","bil__tryg__ordinary__bil-kasko__pau25205__vs__fremtind__ordinary__fremtind-bil-topp__pmo-357-001-004__primary","Bil","Tryg","Kasko","Fremtind","Topp","Glass og redning","Glass","details:glass:first","bil.glass-redning","first","Produktspesifikk detalj","Glass – begrensning: For slitt eller ripet til EU-godkjenning før skaden: ikke dekket","PROVIDER_SPECIFIC_NOT_COMPARABLE","Offentlig vilkår","","","","","ISS-34a2e8b4f386a31e","HIGH","PRODUCT_MODE_ONLY_PRESENTATION","PRODUCT_MODE_ONLY","bb6ebe79ceabe5fd454996e23f178643025da648b73ee9886f0078060cf54a89"
"F-3c207a5082dd290d","bil__tryg__ordinary__bil-kasko__pau25205__vs__fremtind__ordinary__fremtind-bil-topp__pmo-357-001-004__primary","Bil","Tryg","Kasko","Fremtind","Topp","Fører og passasjer","Fører- og passasjerulykke","details:ulykke:first","bil.forer-passasjer","first","Produktspesifikk detalj","Fører/passasjer – unntak: Blant annet tannskade ved spising og psykisk skade uten PTSD etter ICD-10 F43.1","PROVIDER_SPECIFIC_NOT_COMPARABLE","Offentlig vilkår","","","","","ISS-5c6557d5ddb52f1f","HIGH","PRODUCT_MODE_ONLY_PRESENTATION","PRODUCT_MODE_ONLY","114c57922efd715dfd8fa5d6882fd5f7c4c4e438eb515d2ee7781a964fe895b5"
"F-372a4123e102beda","bil__tryg__ordinary__bil-kasko__pau25205__vs__fremtind__ordinary__fremtind-bil-topp__pmo-357-001-004__primary","Bil","Tryg","Kasko","Fremtind","Topp","Andre bilvilkår","Delkasko – avtalt egenandel","delkasko.egenandel","bil.ovrig","second","included","Fremgår av forsikringsbeviset","CUSTOMER_SPECIFIC_REFERENCE","Offentlig vilkår","sp1Delkasko","","","","ISS-98f240d54c79dee5","HIGH","PRODUCT_MODE_ONLY_PRESENTATION","PRODUCT_MODE_ONLY","c26f261f10d21d918cec15fe9bd8accc9ca58910dfdf7c68cf770234dd5bcafa"
"F-3d164539f259ea04","bil__tryg__ordinary__bil-kasko__pau25205__vs__frende__ordinary__frende-bil-utvidet__2026-01-01__primary","Bil","Tryg","Kasko","Frende","Utvidet","Skade på egen bil","Feilfylling","feilfylling.dekning","bil.egen-bil","both","included / included","✓ Inkludert – Skade på eget kjøretøy ved feilfylling av drivstoff || ✓ Inkludert – Plutselig og uforutsett skade etter sammenstøt, utforkjøring, velt, hærverk og feilfylling","SAME_CONCEPT_DIFFERENT_STRUCTURE","","","","","","ISS-46814b5273aeeb71","MEDIUM","CANONICAL_SEMANTICS","LIKELY_SHARED","02a569072a3b2f372ee0f04f66fdabf9b30c5695433e404ac1d3b90aeaaff365"
"F-4f0b8ead358edfee","bil__tryg__ordinary__bil-kasko__pau25205__vs__frende__ordinary__frende-bil-utvidet__2026-01-01__primary","Bil","Tryg","Kasko","Frende","Utvidet","Skade på egen bil","Feilfylling","feilfylling.dekning","bil.egen-bil","second","included","✓ Inkludert – Plutselig og uforutsett skade etter sammenstøt, utforkjøring, velt, hærverk og feilfylling","PARENT_CONTAINS_CHILD_CANDIDATE","Offentlig vilkår","frendeKasko","kasko.dekning","","","ISS-9e52942abdd19d17","HIGH","CANONICAL_SEMANTICS","LIKELY_SHARED","5a88202e93ca28ba29d1a3f472a6d01a4ec74afad6219a36e727bb476ad541f3"
"F-b504553de9a2c158","bil__tryg__ordinary__bil-kasko__pau25205__vs__frende__ordinary__frende-bil-utvidet__2026-01-01__primary","Bil","Tryg","Kasko","Frende","Utvidet","Skade på egen bil","Hærverk","haerverk.dekning","bil.egen-bil","both","included / included","✓ Inkludert – Skade på eget kjøretøy ved hærverk || ✓ Inkludert – Plutselig og uforutsett skade etter sammenstøt, utforkjøring, velt, hærverk og feilfylling","SAME_CONCEPT_DIFFERENT_STRUCTURE","","","","","","ISS-ded8aa776d61af8e","MEDIUM","CANONICAL_SEMANTICS","LIKELY_SHARED","3060524fba5bf5ea6072cb498df40443d6ee8cbad2fae47563417ae3dfd1f9af"
"F-3e637c53df31050b","bil__tryg__ordinary__bil-kasko__pau25205__vs__frende__ordinary__frende-bil-utvidet__2026-01-01__primary","Bil","Tryg","Kasko","Frende","Utvidet","Skade på egen bil","Hærverk","haerverk.dekning","bil.egen-bil","second","included","✓ Inkludert – Plutselig og uforutsett skade etter sammenstøt, utforkjøring, velt, hærverk og feilfylling","PARENT_CONTAINS_CHILD_CANDIDATE","Offentlig vilkår","frendeKasko","kasko.dekning","","","ISS-645eb89e2730122c","HIGH","CANONICAL_SEMANTICS","LIKELY_SHARED","383b41738b93f2925cf8937824002ee980f28d3e2005c898097738430302bc56"
"F-d3ea83c8999cd466","bil__tryg__ordinary__bil-kasko__pau25205__vs__frende__ordinary__frende-bil-utvidet__2026-01-01__primary","Bil","Tryg","Kasko","Frende","Utvidet","Skade på egen bil","Kasko – egenandel","kasko.egenandel","bil.egen-bil","first","included","Avtalt egenandel fremgår av forsikringsbeviset","CUSTOMER_SPECIFIC_REFERENCE","Offentlig vilkår","kasko","","","","ISS-c8ebd60d23fdc28c","HIGH","PRODUCT_MODE_ONLY_PRESENTATION","PRODUCT_MODE_ONLY","46749d024d90ebf74fcabc2a26f55c9a756331229762d96c48b87c08a4d22f15"
"F-564a74e6ea8df7ee","bil__tryg__ordinary__bil-kasko__pau25205__vs__frende__ordinary__frende-bil-utvidet__2026-01-01__primary","Bil","Tryg","Kasko","Frende","Utvidet","Skade på egen bil","Kasko – avtalt egenandel","kasko.egenandel","bil.egen-bil","second","included","Fremgår av forsikringsbeviset","CUSTOMER_SPECIFIC_REFERENCE","Offentlig vilkår","frendeKasko","","","","ISS-f7dcbfdf42466952","HIGH","PRODUCT_MODE_ONLY_PRESENTATION","PRODUCT_MODE_ONLY","15ac2134f7274372bf09fb0d58487b765ec6498cfd2f98709abb962cf1f74c7e"
"F-959ce7bf0b1ccb60","bil__tryg__ordinary__bil-kasko__pau25205__vs__frende__ordinary__frende-bil-utvidet__2026-01-01__primary","Bil","Tryg","Kasko","Frende","Utvidet","Maskinskade","Maskinskade / motor- og girskade","details:maskinskade:first","bil.maskinskade","first","Produktspesifikk detalj","Maskinskade – diesel/bensin: Motor, oljekjøler/radiator, topplokk, manifolder, turbo/EGR/ladeluftkjøler, AdBlue og innsprøytningssystem · Maskinskade – elbil/hybrid: Motor, høyvoltbatteri og høyspentkabel inkl. ladekontakt, batterikjøling/-styring, spenningsomformer og fabrikkmontert lader · Maskinskade – gir og kraftoverføring: Girkasse, differensial, fordelingskasse, vinkeldrev og oppregnede aksler/hjullager","PROVIDER_SPECIFIC_NOT_COMPARABLE","Offentlig vilkår","","","","","ISS-0aaa6959d1f10200","HIGH","PRODUCT_MODE_ONLY_PRESENTATION","PRODUCT_MODE_ONLY","6b297a6905e7d3c2ea650064ced8a749f070e2bbde6673b6f7092d623755f535"
"F-5b98126554e860d9","bil__tryg__ordinary__bil-kasko__pau25205__vs__frende__ordinary__frende-bil-utvidet__2026-01-01__primary","Bil","Tryg","Kasko","Frende","Utvidet","Mobilitet","Leiebil","details:leiebil:first","bil.mobilitet","first","Produktspesifikk detalj","Leiebil – unntak: Ikke ved bare glasskade, tapt/skadet nøkkel eller kontantoppgjør uten totalskade/innløsning · Leiebil – utløser: Erstatningsmessig skade som overstiger egenandelen; leiebil formidlet av Trygs leverandør","PROVIDER_SPECIFIC_NOT_COMPARABLE","Offentlig vilkår","","","","","ISS-24f452e7680e39be","HIGH","PRODUCT_MODE_ONLY_PRESENTATION","PRODUCT_MODE_ONLY","f865289748fb47a91807d2bccb0d0369f6ebdb42c4b43c2bfe16e5e24da5d2fb"
"F-5bf90a14a4ab3f4f","bil__tryg__ordinary__bil-kasko__pau25205__vs__frende__ordinary__frende-bil-utvidet__2026-01-01__primary","Bil","Tryg","Kasko","Frende","Utvidet","Mobilitet","Veihjelp","details:veihjelp:first","bil.mobilitet","first","Produktspesifikk detalj","Veihjelp – transportgrense: 50 % av kjøretøyets verdi på skadedagen · Veihjelp – unntak: Ikke assistanse uten veitilknytning eller utgift dekket av annen avtale/garanti/redningsabonnement","PROVIDER_SPECIFIC_NOT_COMPARABLE","Offentlig vilkår","","","","","ISS-c42396b040848289","HIGH","PRODUCT_MODE_ONLY_PRESENTATION","PRODUCT_MODE_ONLY","edbfa266a9a40b2220c060e4573431747f05a050968c926434eadc94744b1b0e"
"F-0d6a9ed77e3bac5a","bil__tryg__ordinary__bil-kasko__pau25205__vs__frende__ordinary__frende-bil-utvidet__2026-01-01__primary","Bil","Tryg","Kasko","Frende","Utvidet","Glass og redning","Glass","details:glass:first","bil.glass-redning","first","Produktspesifikk detalj","Glass – begrensning: For slitt eller ripet til EU-godkjenning før skaden: ikke dekket","PROVIDER_SPECIFIC_NOT_COMPARABLE","Offentlig vilkår","","","","","ISS-34a2e8b4f386a31e","HIGH","PRODUCT_MODE_ONLY_PRESENTATION","PRODUCT_MODE_ONLY","1d54acae1ec6d53560bde3cf7756cb98f9a6639875be1ee5b90e590b9c69c78e"
"F-71252cead1f7a5e5","bil__tryg__ordinary__bil-kasko__pau25205__vs__frende__ordinary__frende-bil-utvidet__2026-01-01__primary","Bil","Tryg","Kasko","Frende","Utvidet","Fører og passasjer","Fører- og passasjerulykke","details:ulykke:first","bil.forer-passasjer","first","Produktspesifikk detalj","Fører/passasjer – ulykkessted: I eller på kjøretøyet; også utenfor når kjøretøyet er direkte skadeårsak · Fører/passasjer – unntak: Blant annet tannskade ved spising og psykisk skade uten PTSD etter ICD-10 F43.1","PROVIDER_SPECIFIC_NOT_COMPARABLE","Offentlig vilkår","","","","","ISS-5c6557d5ddb52f1f","HIGH","PRODUCT_MODE_ONLY_PRESENTATION","PRODUCT_MODE_ONLY","de99e7382a11fbc6cf1e20664bb5bb5f8eb35c09ebcb8d4c9f82092215f223a5"
"F-b0a93c5c87663484","bil__if__ordinary__if-bil-super__mot2-2__vs__frende__ordinary__frende-bil-utvidet__2026-01-01__primary","Bil","If","Super","Frende","Utvidet","Skade på egen bil","Feilfylling","feilfylling.dekning","bil.egen-bil","both","included / included","✓ Inkludert – Skade direkte som følge av fylling av feil væske || ✓ Inkludert – Plutselig og uforutsett skade etter sammenstøt, utforkjøring, velt, hærverk og feilfylling","SAME_CONCEPT_DIFFERENT_STRUCTURE","","","","","","ISS-46814b5273aeeb71","MEDIUM","CANONICAL_SEMANTICS","LIKELY_SHARED","7e1f0c885037a3b26a6adf17e5bb2f0af236755c20ac824da562d4d121f4ec10"
"F-8f241b6ed33e794e","bil__if__ordinary__if-bil-super__mot2-2__vs__frende__ordinary__frende-bil-utvidet__2026-01-01__primary","Bil","If","Super","Frende","Utvidet","Skade på egen bil","Feilfylling","feilfylling.dekning","bil.egen-bil","second","included","✓ Inkludert – Plutselig og uforutsett skade etter sammenstøt, utforkjøring, velt, hærverk og feilfylling","PARENT_CONTAINS_CHILD_CANDIDATE","Offentlig vilkår","frendeKasko","kasko.dekning","","","ISS-9e52942abdd19d17","HIGH","CANONICAL_SEMANTICS","LIKELY_SHARED","6c6119d26e5abd66b7d6980e67b3885a5b3a7618eb03ec165f30c8b2bef9c16f"
"F-d26e07157772ebff","bil__if__ordinary__if-bil-super__mot2-2__vs__frende__ordinary__frende-bil-utvidet__2026-01-01__primary","Bil","If","Super","Frende","Utvidet","Skade på egen bil","Hærverk","haerverk.dekning","bil.egen-bil","both","included / included","✓ Inkludert – Forsettlig hærverk på kjøretøyet || ✓ Inkludert – Plutselig og uforutsett skade etter sammenstøt, utforkjøring, velt, hærverk og feilfylling","SAME_CONCEPT_DIFFERENT_STRUCTURE","","","","","","ISS-ded8aa776d61af8e","MEDIUM","CANONICAL_SEMANTICS","LIKELY_SHARED","e7c6e889c02e69a79aa29a4b692e559c3c3882869c9541d583f47d93dfd36d51"
"F-23cdd8133b70d26e","bil__if__ordinary__if-bil-super__mot2-2__vs__frende__ordinary__frende-bil-utvidet__2026-01-01__primary","Bil","If","Super","Frende","Utvidet","Skade på egen bil","Hærverk","haerverk.dekning","bil.egen-bil","second","included","✓ Inkludert – Plutselig og uforutsett skade etter sammenstøt, utforkjøring, velt, hærverk og feilfylling","PARENT_CONTAINS_CHILD_CANDIDATE","Offentlig vilkår","frendeKasko","kasko.dekning","","","ISS-645eb89e2730122c","HIGH","CANONICAL_SEMANTICS","LIKELY_SHARED","1a35a6ee29b72baf08063de47aa741a357ec623f0a7cbff0787a2c987ca99242"
"F-ac49ab1a1357abcc","bil__if__ordinary__if-bil-super__mot2-2__vs__frende__ordinary__frende-bil-utvidet__2026-01-01__primary","Bil","If","Super","Frende","Utvidet","Skade på egen bil","Kasko – avtalt egenandel","kasko.egenandel","bil.egen-bil","second","included","Fremgår av forsikringsbeviset","CUSTOMER_SPECIFIC_REFERENCE","Offentlig vilkår","frendeKasko","","","","ISS-f7dcbfdf42466952","HIGH","PRODUCT_MODE_ONLY_PRESENTATION","PRODUCT_MODE_ONLY","c1341f1bd643a640db87a6d619f35c14e84ca07ba81b03ea8683c36b1b5c8da1"
"F-a0a4568736a301b6","bil__if__ordinary__if-bil-super__mot2-2__vs__frende__ordinary__frende-bil-utvidet__2026-01-01__primary","Bil","If","Super","Frende","Utvidet","Maskinskade","Maskinskade / motor- og girskade","details:maskinskade:first","bil.maskinskade","first","Produktspesifikk detalj","Motor- og girskade – diesel/bensin: Motor, topplokk, turbo/EGR, AdBlue og innsprøytningssystem etter oppregning · Motor- og girskade – elbil/hybrid: Høyvoltbatteri, høyspentkabel og ladekontakt, batterikjøling/-overvåking, omformer og fabrikkmontert lader · Motor- og girskade – gir og kraftoverføring: Girkasse, fordelingskasse, vinkeldrev og oppregnede aksler og clutchdeler","PROVIDER_SPECIFIC_NOT_COMPARABLE","Offentlig vilkår","","","","","ISS-57398d1e51b7b09b","HIGH","PRODUCT_MODE_ONLY_PRESENTATION","PRODUCT_MODE_ONLY","2523a731cde18289c1f76d8edd2e6898e46393cfd20e3ae9c731bba5ee60b21c"
"F-817f7f9e99727028","bil__if__ordinary__if-bil-super__mot2-2__vs__frende__ordinary__frende-bil-utvidet__2026-01-01__primary","Bil","If","Super","Frende","Utvidet","Mobilitet","Leiebil","details:leiebil:first","bil.mobilitet","first","Produktspesifikk detalj","Leiebil – utløser: Dekket skade eller tyveri; ved motor-/girskade inntil 7 dager mens dekning vurderes · Leiebil – unntak: Ingen leiebil ved ren glasskade eller når leiebil dekkes etter lov eller mobilitetsgaranti. Likevel dekkes inntil 7 dager når forhandler eller verksted er ansvarlig etter lov/forskrift, skaden ellers ville vært dekningsmessig og overstiger aktuell egenandel.","PROVIDER_SPECIFIC_NOT_COMPARABLE","Offentlig vilkår","","","","","ISS-0de23c1b6ed8281a","HIGH","PRODUCT_MODE_ONLY_PRESENTATION","PRODUCT_MODE_ONLY","70b2b2d47efec523073b70c18e7411e7c65bbb372f392dbbce9da48c95450d24"
"F-55f7577fb2cad759","bil__if__ordinary__if-bil-super__mot2-2__vs__frende__ordinary__frende-bil-utvidet__2026-01-01__primary","Bil","If","Super","Frende","Utvidet","Mobilitet","Veihjelp","details:veihjelp:first","bil.mobilitet","first","Produktspesifikk detalj","Veihjelp – transportgrense: Transportkostnader høyst 50 % av kjøretøyets verdi på transporttidspunktet · Veihjelp – unntak: Verkstedreparasjon og ytelser fra abonnement eller garanti dekkes ikke","PROVIDER_SPECIFIC_NOT_COMPARABLE","Offentlig vilkår","","","","","ISS-9e756e45786bc33d","HIGH","PRODUCT_MODE_ONLY_PRESENTATION","PRODUCT_MODE_ONLY","081063369078a3a603190b053a6d0301ac8de0ba6189041dfa53845cf3e84083"
"F-8e17dccf5f96c8a2","bil__if__ordinary__if-bil-super__mot2-2__vs__frende__ordinary__frende-bil-utvidet__2026-01-01__primary","Bil","If","Super","Frende","Utvidet","Glass og redning","Glass","details:glass:first","bil.glass-redning","first","Produktspesifikk detalj","Glass – begrensning: Lykter og slitasjeskader ved normal bruk dekkes ikke","PROVIDER_SPECIFIC_NOT_COMPARABLE","Offentlig vilkår","","","","","ISS-b94ebf2715498a70","HIGH","PRODUCT_MODE_ONLY_PRESENTATION","PRODUCT_MODE_ONLY","682fc1d96743243459cef999f43513e5c462af928c2f715631ca9a20b65db77d"
"F-39ad20ff1e6116ab","bil__if__ordinary__if-bil-super__mot2-2__vs__frende__ordinary__frende-bil-utvidet__2026-01-01__primary","Bil","If","Super","Frende","Utvidet","Utstyr og eiendeler","Utstyr og eiendeler","details:utstyr:first","bil.utstyr","first","Produktspesifikk detalj","Ettermontert utstyr og bagasje – samlet grense: Inntil 40 000 kr samlet, høyst 50 % av kjøretøyets gjenanskaffelsesverdi; avtalt sum kan utvides · Utstyr og bagasje – unntak: Penger/verdipapir og fastmontert ladestasjon i bygning er ikke inkludert","PROVIDER_SPECIFIC_NOT_COMPARABLE","Offentlig vilkår","","","","","ISS-caf01119a981ee6e","HIGH","PRODUCT_MODE_ONLY_PRESENTATION","PRODUCT_MODE_ONLY","59ae2052645b7c64cec03280088bfd8257f9d0c44769d07f53e013a7cc43ae68"
"F-cb2cda979d02dadb","bil__if__ordinary__if-bil-super__mot2-2__vs__frende__ordinary__frende-bil-utvidet__2026-01-01__primary","Bil","If","Super","Frende","Utvidet","Utstyr og eiendeler","Utstyr og eiendeler","details:utstyr:second","bil.utstyr","second","Produktspesifikk detalj","Fastmontert tilleggsutstyr – forsikringssum: Inntil 50 000 kr · Personlige eiendeler – forsikringssum: Inntil 20 000 kr","PROVIDER_SPECIFIC_NOT_COMPARABLE","Offentlig vilkår","","","","","ISS-849bfd0e688dfb0e","HIGH","PRODUCT_MODE_ONLY_PRESENTATION","PRODUCT_MODE_ONLY","8d46ce476e4519a2d69d81f179df66409f47b6ad436e3676ad020906715eabbb"
"F-4de8bc9161ecce87","bil__if__ordinary__if-bil-super__mot2-2__vs__frende__ordinary__frende-bil-utvidet__2026-01-01__primary","Bil","If","Super","Frende","Utvidet","Fører og passasjer","Fører- og passasjerulykke","details:ulykke:first","bil.forer-passasjer","first","Produktspesifikk detalj","Fører/passasjer – ulykkessted: I eller på motorvognen; fører også utenfor når motorvognen er direkte skadeårsak · Fører/passasjer – avtalevilkår: Den avtalte ulykkesdekningen skal fremgå av forsikringsbeviset · Fører/passasjer – unntak: Blant annet psykiske lidelser/atferdsforstyrrelser og tannskade ved invaliditet","PROVIDER_SPECIFIC_NOT_COMPARABLE","Offentlig vilkår","","","","","ISS-f40dfaec9b021b4f","HIGH","PRODUCT_MODE_ONLY_PRESENTATION","PRODUCT_MODE_ONLY","82f0d0f68b12821a9087e1501361825363ae214e5434d06a6c55470f1097139e"
"F-e529074bac91d998","bil__if__ordinary__if-bil-super__mot2-2__vs__frende__ordinary__frende-bil-utvidet__2026-01-01__primary","Bil","If","Super","Frende","Utvidet","Brann, tyveri og natur","Brann","details:brann:first","bil.brann-tyveri-natur","first","Produktspesifikk detalj","Brann – begrensning: Batterier og elektroniske enheter krever åpen ild på utsiden av enheten","PROVIDER_SPECIFIC_NOT_COMPARABLE","Offentlig vilkår","","","","","ISS-dc8923799261d92f","HIGH","PRODUCT_MODE_ONLY_PRESENTATION","PRODUCT_MODE_ONLY","baf81c1520cc8e668e33cf14d478f67a4beca719a43719fd0ca575c2ba3224c5"
"F-7f3b8d490c4c4734","bil__if__ordinary__if-bil-super__mot2-2__vs__frende__ordinary__frende-bil-utvidet__2026-01-01__primary","Bil","If","Super","Frende","Utvidet","Andre bilvilkår","Super","details:super:first","bil.ovrig","first","Produktspesifikk detalj","Super – unntak: Gjelder ikke drosje, trafikkskole- eller utleiebil, ikke godkjent effektøkning eller skade ved prøvekjennemerke","PROVIDER_SPECIFIC_NOT_COMPARABLE","Offentlig vilkår","","","","","ISS-844f88681a7d8fcd","HIGH","PRODUCT_MODE_ONLY_PRESENTATION","PRODUCT_MODE_ONLY","9b7963af458d2cc783df3efaef618a2178437952633182195c4fa53ea2549e1b"
"F-860a0aad5002b1d9","bil__gjensidige__ordinary__gj-bil-ansvar__null__vs__storebrand__ordinary__sb-bil-ansvar__motor09__primary","Bil","Gjensidige","Ansvar","Storebrand","Ansvar","Fører og passasjer","Fører- og passasjerulykke","details:ulykke:first","bil.forer-passasjer","first","Produktspesifikk detalj","Fører/passasjer – ulykkessted: I, på eller ved motorvognen når den eller tilkoblet utstyr er direkte skadeårsak","PROVIDER_SPECIFIC_NOT_COMPARABLE","Offentlig vilkår","","","","","ISS-6916e3707ec31851","HIGH","PRODUCT_MODE_ONLY_PRESENTATION","PRODUCT_MODE_ONLY","fcbe17a95d4cfe909f5fd73cb8cca8cb5619ff4e118437235d03a917f90e5897"
"F-ec9872e48570555f","bil__gjensidige__ordinary__gj-bil-ansvar__null__vs__storebrand__ordinary__sb-bil-ansvar__motor09__primary","Bil","Gjensidige","Ansvar","Storebrand","Ansvar","Fører og passasjer","Fører- og passasjerulykke","details:ulykke:second","bil.forer-passasjer","second","Produktspesifikk detalj","Fører/passasjer – avtalevilkår: Valgt ulykkesdekning må fremgå av forsikringsbeviset","PROVIDER_SPECIFIC_NOT_COMPARABLE","Offentlig vilkår","","","","","ISS-652711b1ba5837b0","HIGH","PRODUCT_MODE_ONLY_PRESENTATION","PRODUCT_MODE_ONLY","87902e801c231d50cf639318d4676d8d9421617a42d3b10a87f2cfab8fa0f817"
"F-656738551a9b609b","bil__if__ordinary__if-bil-super__mot2-2__vs__if__ordinary__if-bil-kasko__mot2-2__primary","Bil","If","Super","If","Kasko","Andre bilvilkår","Super","details:super:first","bil.ovrig","first","Produktspesifikk detalj","Super – unntak: Gjelder ikke drosje, trafikkskole- eller utleiebil, ikke godkjent effektøkning eller skade ved prøvekjennemerke","PROVIDER_SPECIFIC_NOT_COMPARABLE","Offentlig vilkår","","","","","ISS-844f88681a7d8fcd","HIGH","PRODUCT_MODE_ONLY_PRESENTATION","PRODUCT_MODE_ONLY","57e27a4cfd2d1ec60a032b58ae0c44039c615baf3e25d6f45997b92939ea8ad2"
"F-92d060074b0e9926","hus__tryg__ordinary__tryg-hus-ekstra__2026-01-01__vs__if__ordinary__if-hus-super__2023-09__primary","Hus","Tryg","Hus Ekstra","If","Super","Gjenoppføring og totalskade","Riving, rydding og bortkjøring","hus.rydding.dekning","hus.gjenoppforing","first","included","Merutgifter til riving, rydding, bortkjøring og deponering av verdiløse rester ved erstatningsmessig bygningsskade, i tillegg til avtalt sum.","CUSTOMER_SPECIFIC_REFERENCE","Offentlig vilkår","trygHusExtra","","","","ISS-be465d10fb3d1540","HIGH","PRODUCT_MODE_ONLY_PRESENTATION","PRODUCT_MODE_ONLY","9c3a2f2ffa39e41afd7d5664c67841f360bb4f7f6f2f46c17c4c64cca178a60b"
"F-956362ecf4a5a541","hus__tryg__ordinary__tryg-hus-ekstra__2026-01-01__vs__if__ordinary__if-hus-super__2023-09__primary","Hus","Tryg","Hus Ekstra","If","Super","Andre husvilkår","Forsikringsbevisets forrang","hus.avtale.forbehold","hus.ovrig","second","included","Forsikringsbevisets spesifikasjoner og valgte dekning gjelder foran vilkårene. Beviset fastslår blant annet nivå, bygninger, forsikringssted og avtalt egenandel.","CUSTOMER_SPECIFIC_REFERENCE","Offentlig vilkår","ifHusTerms","","","","ISS-4674306f711d4cfd","HIGH","PRODUCT_MODE_ONLY_PRESENTATION","PRODUCT_MODE_ONLY","7be8bdb750cd77849af4ee784b2f800aa815afc1bb34e3a055121abf13e61bb9"
"F-7c5daa0cc423527a","hus__tryg__ordinary__tryg-hus-ekstra__2026-01-01__vs__if__ordinary__if-hus-super__2023-09__primary","Hus","Tryg","Hus Ekstra","If","Super","Andre husvilkår","Råte/skadedyr – sum","hus.rate_skadedyr.grense","hus.ovrig","first","optional","Ubegrenset sum for bygningsskade og bekjempelse hvis ikke annet står i forsikringsbeviset; særgrenser for vannskader og aldersregler gjelder. Dette er ikke fullverdibegrepet i hovedforsikringen.","CUSTOMER_SPECIFIC_REFERENCE","Offentlig vilkår","trygHusRot","","","","ISS-7bfd4483af3392fe","HIGH","PRODUCT_MODE_ONLY_PRESENTATION","PRODUCT_MODE_ONLY","3e8ffa6521883da300ab4ae2d5c0b986181589b9bc30b4ec22ea5ec481024199"
"F-5370b425802ce2e9","hus__tryg__ordinary__tryg-hus-ekstra__2026-01-01__vs__storebrand__ordinary__storebrand-hus-super__2025-08-15__primary","Hus","Tryg","Hus Ekstra","Storebrand","Super","Gjenoppføring og totalskade","Riving, rydding og bortkjøring","hus.rydding.dekning","hus.gjenoppforing","first","included","Merutgifter til riving, rydding, bortkjøring og deponering av verdiløse rester ved erstatningsmessig bygningsskade, i tillegg til avtalt sum.","CUSTOMER_SPECIFIC_REFERENCE","Offentlig vilkår","trygHusExtra","","","","ISS-be465d10fb3d1540","HIGH","PRODUCT_MODE_ONLY_PRESENTATION","PRODUCT_MODE_ONLY","26bea11ce1240a317567761ec0d9a46cbb1e8367fd499ac467b30148f56a9730"
"F-dff8390d2c51dced","hus__tryg__ordinary__tryg-hus-ekstra__2026-01-01__vs__storebrand__ordinary__storebrand-hus-super__2025-08-15__primary","Hus","Tryg","Hus Ekstra","Storebrand","Super","Utleie og midlertidig bosted","Tapt leieinntekt etter bygningsskade","hus.leietap.skade","hus.utleie-bosted","second","included","Når utleie er avtalt og står i forsikringsbeviset: tapt leieinntekt fra skadedato til normal reparasjon, begrenset til tidligere leieinntekt. Skilles fra leietakers betalingsmislighold.","CUSTOMER_SPECIFIC_REFERENCE","Offentlig vilkår","storebrandHusTerms","","","","ISS-85fa2985890ed63f","HIGH","PRODUCT_MODE_ONLY_PRESENTATION","PRODUCT_MODE_ONLY","d5608c816f4c989f7b85010fee2578f6a10e2158ae982da34db78a3517a55ac7"
"F-8ff57d45f322b473","hus__tryg__ordinary__tryg-hus-ekstra__2026-01-01__vs__storebrand__ordinary__storebrand-hus-super__2025-08-15__primary","Hus","Tryg","Hus Ekstra","Storebrand","Super","Andre husvilkår","Råte/skadedyr – sum","hus.rate_skadedyr.grense","hus.ovrig","first","optional","Ubegrenset sum for bygningsskade og bekjempelse hvis ikke annet står i forsikringsbeviset; særgrenser for vannskader og aldersregler gjelder. Dette er ikke fullverdibegrepet i hovedforsikringen.","CUSTOMER_SPECIFIC_REFERENCE","Offentlig vilkår","trygHusRot","","","","ISS-7bfd4483af3392fe","HIGH","PRODUCT_MODE_ONLY_PRESENTATION","PRODUCT_MODE_ONLY","0d60878c7c887717d40cf8b6713529abfb49d496cac10776ac596a67c6a342a3"
"F-895911e64dc94d7e","hus__tryg__ordinary__tryg-hus-ekstra__2026-01-01__vs__gjensidige__ordinary__gjensidige-hus__alminnelige-vilkår__primary","Hus","Tryg","Hus Ekstra","Gjensidige","Hus","Gjenoppføring og totalskade","Forsikringsform","hus.forsikringsform","hus.gjenoppforing","second","included","Fullverdi gir gjenoppføring etter vilkårsreglene uten fast sum. Førsterisiko er begrenset til avtalt forsikringssum. Forsikringsbeviset avgjør formen.","CUSTOMER_SPECIFIC_REFERENCE","Offentlig vilkår","gjensidigeHusStandard","","","","ISS-22f77d85e0c81bea","HIGH","PRODUCT_MODE_ONLY_PRESENTATION","PRODUCT_MODE_ONLY","6376b3c0910d0fb57aca437b32300e598b03c0c30f565738f8a5d711f0ecc98c"
"F-04784c341a67c19f","hus__tryg__ordinary__tryg-hus-ekstra__2026-01-01__vs__gjensidige__ordinary__gjensidige-hus__alminnelige-vilkår__primary","Hus","Tryg","Hus Ekstra","Gjensidige","Hus","Gjenoppføring og totalskade","Riving, rydding og bortkjøring","hus.rydding.dekning","hus.gjenoppforing","first","included","Merutgifter til riving, rydding, bortkjøring og deponering av verdiløse rester ved erstatningsmessig bygningsskade, i tillegg til avtalt sum.","CUSTOMER_SPECIFIC_REFERENCE","Offentlig vilkår","trygHusExtra","","","","ISS-be465d10fb3d1540","HIGH","PRODUCT_MODE_ONLY_PRESENTATION","PRODUCT_MODE_ONLY","6a8000bc0f2a64313cfcfd3104719c9125b2499d569d2fb06c50b8926001da55"
"F-3a902f439aa075d3","hus__tryg__ordinary__tryg-hus-ekstra__2026-01-01__vs__gjensidige__ordinary__gjensidige-hus__alminnelige-vilkår__primary","Hus","Tryg","Hus Ekstra","Gjensidige","Hus","Andre husvilkår","Råte/skadedyr – sum","hus.rate_skadedyr.grense","hus.ovrig","first","optional","Ubegrenset sum for bygningsskade og bekjempelse hvis ikke annet står i forsikringsbeviset; særgrenser for vannskader og aldersregler gjelder. Dette er ikke fullverdibegrepet i hovedforsikringen.","CUSTOMER_SPECIFIC_REFERENCE","Offentlig vilkår","trygHusRot","","","","ISS-7bfd4483af3392fe","HIGH","PRODUCT_MODE_ONLY_PRESENTATION","PRODUCT_MODE_ONLY","a0f745ab2b45dcdb3e978aab46e4c36a1b9ff569a1f18366220eca5e680990c2"
"F-64e07f7a9503ffd0","hus__tryg__ordinary__tryg-hus-ekstra__2026-01-01__vs__fremtind__ordinary__fremtind-hus-topp__pbk-200-100-015-pbk-200-200-010__primary","Hus","Tryg","Hus Ekstra","Fremtind","Topp","Gjenoppføring og totalskade","Forsikringsform","hus.forsikringsform","hus.gjenoppforing","second","included","Fullverdi dekker kostnaden ved tilsvarende eller vesentlig tilsvarende gjenoppføring etter oppgjørsreglene. Førsterisiko er begrenset til avtalt sum i forsikringsbeviset.","CUSTOMER_SPECIFIC_REFERENCE","Offentlig vilkår","fremtindHusStandard","","","","ISS-699c414d09a8c01f","HIGH","PRODUCT_MODE_ONLY_PRESENTATION","PRODUCT_MODE_ONLY","969836a06cfb0b390dbfd7eefb36d3536d5f9409639b78ad2d1b3a59ec97801e"
"F-9339d0aef1abae91","hus__tryg__ordinary__tryg-hus-ekstra__2026-01-01__vs__fremtind__ordinary__fremtind-hus-topp__pbk-200-100-015-pbk-200-200-010__primary","Hus","Tryg","Hus Ekstra","Fremtind","Topp","Gjenoppføring og totalskade","Riving, rydding og bortkjøring","hus.rydding.dekning","hus.gjenoppforing","first","included","Merutgifter til riving, rydding, bortkjøring og deponering av verdiløse rester ved erstatningsmessig bygningsskade, i tillegg til avtalt sum.","CUSTOMER_SPECIFIC_REFERENCE","Offentlig vilkår","trygHusExtra","","","","ISS-be465d10fb3d1540","HIGH","PRODUCT_MODE_ONLY_PRESENTATION","PRODUCT_MODE_ONLY","953fe9d9def604e4a63dc52986e808fcc5c9e6e140fe6b8b3cb43f716c387eab"
"F-7083014986c5d3ac","hus__tryg__ordinary__tryg-hus-ekstra__2026-01-01__vs__fremtind__ordinary__fremtind-hus-topp__pbk-200-100-015-pbk-200-200-010__primary","Hus","Tryg","Hus Ekstra","Fremtind","Topp","Andre husvilkår","Råte/skadedyr – sum","hus.rate_skadedyr.grense","hus.ovrig","first","optional","Ubegrenset sum for bygningsskade og bekjempelse hvis ikke annet står i forsikringsbeviset; særgrenser for vannskader og aldersregler gjelder. Dette er ikke fullverdibegrepet i hovedforsikringen.","CUSTOMER_SPECIFIC_REFERENCE","Offentlig vilkår","trygHusRot","","","","ISS-7bfd4483af3392fe","HIGH","PRODUCT_MODE_ONLY_PRESENTATION","PRODUCT_MODE_ONLY","91e46c47ccf5466b20c8d64b8235a264115137adb9ca945f12aa0457782d5b4e"
"F-95a4672664d2fea6","hus__tryg__ordinary__tryg-hus-ekstra__2026-01-01__vs__frende__ordinary__frende-hus-utvidet__2026-09-01__primary","Hus","Tryg","Hus Ekstra","Frende","Utvidet","Gjenoppføring og totalskade","Forsikringsform","hus.forsikringsform","hus.gjenoppforing","second","included","Fullverdi er et reparasjons-/gjenoppføringsprinsipp uten fast forsikringssum. Førsterisiko er begrenset til avtalt sum i forsikringsbeviset.","CUSTOMER_SPECIFIC_REFERENCE","Offentlig vilkår","frendeHusStandard","","","","ISS-9429a154b0c43501","HIGH","PRODUCT_MODE_ONLY_PRESENTATION","PRODUCT_MODE_ONLY","5f2931cbdbb0f11fcf40a38131f112a9e5d80cff642deaa4b3bb649a12a31f34"
"F-fa686287013f6a22","hus__tryg__ordinary__tryg-hus-ekstra__2026-01-01__vs__frende__ordinary__frende-hus-utvidet__2026-09-01__primary","Hus","Tryg","Hus Ekstra","Frende","Utvidet","Gjenoppføring og totalskade","Riving, rydding og bortkjøring","hus.rydding.dekning","hus.gjenoppforing","first","included","Merutgifter til riving, rydding, bortkjøring og deponering av verdiløse rester ved erstatningsmessig bygningsskade, i tillegg til avtalt sum.","CUSTOMER_SPECIFIC_REFERENCE","Offentlig vilkår","trygHusExtra","","","","ISS-be465d10fb3d1540","HIGH","PRODUCT_MODE_ONLY_PRESENTATION","PRODUCT_MODE_ONLY","f3f02eaebe832a8edaa68129baf86ef10039465b1e56c45ec99ade62d60bb391"
"F-20a6547ebfa0d7dd","hus__tryg__ordinary__tryg-hus-ekstra__2026-01-01__vs__frende__ordinary__frende-hus-utvidet__2026-09-01__primary","Hus","Tryg","Hus Ekstra","Frende","Utvidet","Håndverker- og konstruksjonsfeil","Håndverker- og konstruksjonsfeil","hus.handverker.folgeskade","hus.handverker","both","","håndverker og konstruksjonsfeil → håndverker og konstruksjonsfeil → håndverker og konstruksjonsfeil","DUPLICATE_DISPLAY_LABEL","","","","","","ISS-2684ba6fb638ae79","HIGH","PRESENTATION_HIERARCHY","PRODUCT_MODE_ONLY","fb2cd593ede4a12c2dd343b2e8980f2657616392135f571c9a171c10c3aa0758"
"F-9507a812746312b7","hus__tryg__ordinary__tryg-hus-ekstra__2026-01-01__vs__frende__ordinary__frende-hus-utvidet__2026-09-01__primary","Hus","Tryg","Hus Ekstra","Frende","Utvidet","Utleie og midlertidig bosted","Tapt leieinntekt etter bygningsskade","hus.leietap.skade","hus.utleie-bosted","second","included","Avtalt leie i normal reparasjons-/gjenoppføringstid når utleie står i forsikringsbeviset; leiekontrakten må dokumentere partene, pris, varighet, depositum/garanti og opphør.","CUSTOMER_SPECIFIC_REFERENCE","Offentlig vilkår","frendeHusStandard","","","","ISS-8e6641ac9898b077","HIGH","PRODUCT_MODE_ONLY_PRESENTATION","PRODUCT_MODE_ONLY","8f7ea71267151919d4aea297d7087feef6e82fa5215d41056c32b78f544d8b23"
"F-c291d02a84a3206c","hus__tryg__ordinary__tryg-hus-ekstra__2026-01-01__vs__frende__ordinary__frende-hus-utvidet__2026-09-01__primary","Hus","Tryg","Hus Ekstra","Frende","Utvidet","Utleie og midlertidig bosted","Utleie – egenandel","hus.utleie.egenandel","hus.utleie-bosted","second","optional","Ingen egen særandel er oppgitt i fullvilkåret; avtalt egenandel i forsikringsbeviset gjelder.","CUSTOMER_SPECIFIC_REFERENCE","Offentlig vilkår","frendeHusRental","","","","ISS-8181fd23140c1f8a","HIGH","PRODUCT_MODE_ONLY_PRESENTATION","PRODUCT_MODE_ONLY","2a64b298fde77a509d0f024ea96ca9c2e41785430a11a520f0dd410692f9b1e5"
"F-8f9760c0777e07db","hus__tryg__ordinary__tryg-hus-ekstra__2026-01-01__vs__frende__ordinary__frende-hus-utvidet__2026-09-01__primary","Hus","Tryg","Hus Ekstra","Frende","Utvidet","Andre husvilkår","Råte/skadedyr – sum","hus.rate_skadedyr.grense","hus.ovrig","first","optional","Ubegrenset sum for bygningsskade og bekjempelse hvis ikke annet står i forsikringsbeviset; særgrenser for vannskader og aldersregler gjelder. Dette er ikke fullverdibegrepet i hovedforsikringen.","CUSTOMER_SPECIFIC_REFERENCE","Offentlig vilkår","trygHusRot","","","","ISS-7bfd4483af3392fe","HIGH","PRODUCT_MODE_ONLY_PRESENTATION","PRODUCT_MODE_ONLY","f0d5f56f2e3f4e8ffcb23ece55607584d7e20f8d9986ac577ba9fe1662eb12d3"
"F-b42053765e396d12","hus__tryg__ordinary__tryg-hus-ekstra__2026-01-01__vs__frende__ordinary__frende-hus-utvidet__2026-09-01__primary","Hus","Tryg","Hus Ekstra","Frende","Utvidet","Andre husvilkår","Egenandelsfritak","hus.egenandel.fritak","hus.ovrig","second","included","Ingen egenandel ved aktiv varslet innbruddsalarm eller skade som bare rammer overspenningsvern/brann-/innbruddsalarm. Når aldersfradrag minst tilsvarer avtalt egenandel trekkes ikke egenandel.","CUSTOMER_SPECIFIC_REFERENCE","Offentlig vilkår","frendeHusStandard","","","","ISS-a8b11484ef76eda0","HIGH","PRODUCT_MODE_ONLY_PRESENTATION","PRODUCT_MODE_ONLY","17adea18f907f8459f7d94adcb4abdda6b1aff645a6b2d2971efed42b9bff458"
"F-6caed36888721530","hus__if__ordinary__if-hus-super__2023-09__vs__frende__ordinary__frende-hus-utvidet__2026-09-01__primary","Hus","If","Super","Frende","Utvidet","Gjenoppføring og totalskade","Forsikringsform","hus.forsikringsform","hus.gjenoppforing","second","included","Fullverdi er et reparasjons-/gjenoppføringsprinsipp uten fast forsikringssum. Førsterisiko er begrenset til avtalt sum i forsikringsbeviset.","CUSTOMER_SPECIFIC_REFERENCE","Offentlig vilkår","frendeHusStandard","","","","ISS-9429a154b0c43501","HIGH","PRODUCT_MODE_ONLY_PRESENTATION","PRODUCT_MODE_ONLY","84a286076a5af6052e985921de460fccaf8eabbe2f1dd6853a32e16460d62e9d"
"F-832102a30df1441b","hus__if__ordinary__if-hus-super__2023-09__vs__frende__ordinary__frende-hus-utvidet__2026-09-01__primary","Hus","If","Super","Frende","Utvidet","Utleie og midlertidig bosted","Tapt leieinntekt etter bygningsskade","hus.leietap.skade","hus.utleie-bosted","second","included","Avtalt leie i normal reparasjons-/gjenoppføringstid når utleie står i forsikringsbeviset; leiekontrakten må dokumentere partene, pris, varighet, depositum/garanti og opphør.","CUSTOMER_SPECIFIC_REFERENCE","Offentlig vilkår","frendeHusStandard","","","","ISS-8e6641ac9898b077","HIGH","PRODUCT_MODE_ONLY_PRESENTATION","PRODUCT_MODE_ONLY","86f9d78e1927f13203044894b10c9fcc2a4a910fc3b1fa2e9ee1a942097b495f"
"F-eba17da884045430","hus__if__ordinary__if-hus-super__2023-09__vs__frende__ordinary__frende-hus-utvidet__2026-09-01__primary","Hus","If","Super","Frende","Utvidet","Utleie og midlertidig bosted","Utleie – egenandel","hus.utleie.egenandel","hus.utleie-bosted","second","optional","Ingen egen særandel er oppgitt i fullvilkåret; avtalt egenandel i forsikringsbeviset gjelder.","CUSTOMER_SPECIFIC_REFERENCE","Offentlig vilkår","frendeHusRental","","","","ISS-8181fd23140c1f8a","HIGH","PRODUCT_MODE_ONLY_PRESENTATION","PRODUCT_MODE_ONLY","79a07216f8746d13e660892cf40ef9605b134c3d315945f04c6c87bc35191a5a"
"F-db29190463486d6a","hus__if__ordinary__if-hus-super__2023-09__vs__frende__ordinary__frende-hus-utvidet__2026-09-01__primary","Hus","If","Super","Frende","Utvidet","Andre husvilkår","Forsikringsbevisets forrang","hus.avtale.forbehold","hus.ovrig","first","included","Forsikringsbevisets spesifikasjoner og valgte dekning gjelder foran vilkårene. Beviset fastslår blant annet nivå, bygninger, forsikringssted og avtalt egenandel.","CUSTOMER_SPECIFIC_REFERENCE","Offentlig vilkår","ifHusTerms","","","","ISS-e7b83d0e1efc433a","HIGH","PRODUCT_MODE_ONLY_PRESENTATION","PRODUCT_MODE_ONLY","88e928d7b9c603353b86de9d84afae4a9081b137ba00290728b5afbc24a10ba0"
"F-6b59f411e8961fa6","hus__if__ordinary__if-hus-super__2023-09__vs__frende__ordinary__frende-hus-utvidet__2026-09-01__primary","Hus","If","Super","Frende","Utvidet","Andre husvilkår","Egenandelsfritak","hus.egenandel.fritak","hus.ovrig","second","included","Ingen egenandel ved aktiv varslet innbruddsalarm eller skade som bare rammer overspenningsvern/brann-/innbruddsalarm. Når aldersfradrag minst tilsvarer avtalt egenandel trekkes ikke egenandel.","CUSTOMER_SPECIFIC_REFERENCE","Offentlig vilkår","frendeHusStandard","","","","ISS-a8b11484ef76eda0","HIGH","PRODUCT_MODE_ONLY_PRESENTATION","PRODUCT_MODE_ONLY","2dbfe1dc70a895d99416e8a89d9dea4bee06e8e0bd29c0d006872e862336184c"
"F-56a0a8871b3ce004","hus__gjensidige__ordinary__gjensidige-hus-pluss__alminnelige-vilkår__vs__storebrand__ordinary__storebrand-hus-standard__2025-08-15__primary","Hus","Gjensidige","Hus Pluss","Storebrand","Standard","Gjenoppføring og totalskade","Forsikringsform","hus.forsikringsform","hus.gjenoppforing","first","included","Fullverdi gir gjenoppføring etter vilkårsreglene uten fast sum. Førsterisiko er begrenset til avtalt forsikringssum. Forsikringsbeviset avgjør formen.","CUSTOMER_SPECIFIC_REFERENCE","Offentlig vilkår","gjensidigeHusStandard","","","","ISS-b98e0d26eb55749a","HIGH","PRODUCT_MODE_ONLY_PRESENTATION","PRODUCT_MODE_ONLY","3c8c6ec925066688b9be3a42e3a19ae1801510529b7532f31ae2ad362ef900c8"
"F-d6b8521c0b81dd1f","hus__gjensidige__ordinary__gjensidige-hus-pluss__alminnelige-vilkår__vs__storebrand__ordinary__storebrand-hus-standard__2025-08-15__primary","Hus","Gjensidige","Hus Pluss","Storebrand","Standard","Utleie og midlertidig bosted","Tapt leieinntekt etter bygningsskade","hus.leietap.skade","hus.utleie-bosted","second","included","Når utleie er avtalt og står i forsikringsbeviset: tapt leieinntekt fra skadedato til normal reparasjon, begrenset til tidligere leieinntekt. Skilles fra leietakers betalingsmislighold.","CUSTOMER_SPECIFIC_REFERENCE","Offentlig vilkår","storebrandHusTerms","","","","ISS-f535449408072037","HIGH","PRODUCT_MODE_ONLY_PRESENTATION","PRODUCT_MODE_ONLY","da415ff33e8bcd6f96f32c9a26277847a472796814b801a9f5a013fa1803b8ad"
"F-4cf0e95cbe7091e8","hus__if__ordinary__if-hus-super__2023-09__vs__if__ordinary__if-hus-utvidet__2023-09__primary","Hus","If","Super","If","Utvidet","Andre husvilkår","Forsikringsbevisets forrang","hus.avtale.forbehold","hus.ovrig","first","included","Forsikringsbevisets spesifikasjoner og valgte dekning gjelder foran vilkårene. Beviset fastslår blant annet nivå, bygninger, forsikringssted og avtalt egenandel.","CUSTOMER_SPECIFIC_REFERENCE","Offentlig vilkår","ifHusTerms","","","","ISS-e7b83d0e1efc433a","HIGH","PRODUCT_MODE_ONLY_PRESENTATION","PRODUCT_MODE_ONLY","5c199af3936394415763a088478520d0a566de569dac7860002394788af41bf8"
"F-51ed867376daacdf","hus__if__ordinary__if-hus-super__2023-09__vs__if__ordinary__if-hus-utvidet__2023-09__primary","Hus","If","Super","If","Utvidet","Andre husvilkår","Forsikringsbevisets forrang","hus.avtale.forbehold","hus.ovrig","second","included","Forsikringsbevisets spesifikasjoner og valgte dekning gjelder foran vilkårene. Beviset fastslår blant annet nivå, bygninger, forsikringssted og avtalt egenandel.","CUSTOMER_SPECIFIC_REFERENCE","Offentlig vilkår","ifHusTerms","","","","ISS-6b2caa8aaf1698eb","HIGH","PRODUCT_MODE_ONLY_PRESENTATION","PRODUCT_MODE_ONLY","5c199af3936394415763a088478520d0a566de569dac7860002394788af41bf8"
"F-22bc779d1e06f952","innbo__tryg__ordinary__tryg-innbo-ekstra__2026-07-01__vs__if__ordinary__if-innbo-super__ibo2-1__primary","Innbo","Tryg","Innbo Ekstra","If","Super","Forsikringssum","Samlet forsikringssum","innbo.forsikringssum","innbo.forsikringssum","first","included","Velges av forsikringstaker og står i forsikringsbeviset","CUSTOMER_SPECIFIC_REFERENCE","Offentlig vilkår","trygInnbo","","","","ISS-5b3bb52662c7e39d","HIGH","PRODUCT_MODE_ONLY_PRESENTATION","PRODUCT_MODE_ONLY","c65d8b9987253a31ec94e9a2a86599524bf7e212bdb827d168582dda63b078ec"
"F-e039b266c5a84f97","innbo__tryg__ordinary__tryg-innbo-ekstra__2026-07-01__vs__if__ordinary__if-innbo-super__ibo2-1__primary","Innbo","Tryg","Innbo Ekstra","If","Super","Forsikringssum","Samlet forsikringssum","innbo.forsikringssum","innbo.forsikringssum","second","included","Forsikringssummen fremgår av forsikringsbeviset; ubegrenset forsikringssum gjelder bare når dette er avtalt","CUSTOMER_SPECIFIC_REFERENCE","Offentlig vilkår","ifInnboShared","","","","ISS-17d774740415f837","HIGH","PRODUCT_MODE_ONLY_PRESENTATION","PRODUCT_MODE_ONLY","6b4cfff33ac9ecf2b1ad846d68109d76b7e2ac1f47921b1d41c569e5977310c0"
"F-a59487b8ff9d0496","innbo__tryg__ordinary__tryg-innbo-ekstra__2026-07-01__vs__gjensidige__ordinary__gj-innbo-pluss__null__primary","Innbo","Tryg","Innbo Ekstra","Gjensidige","Innbo Pluss","Forsikringssum","Samlet forsikringssum","innbo.forsikringssum","innbo.forsikringssum","first","included","Velges av forsikringstaker og står i forsikringsbeviset","CUSTOMER_SPECIFIC_REFERENCE","Offentlig vilkår","trygInnbo","","","","ISS-5b3bb52662c7e39d","HIGH","PRODUCT_MODE_ONLY_PRESENTATION","PRODUCT_MODE_ONLY","66edd5b4c360019dc2284e8f504f9dffbc2e22cf53c831c4e82120c4dae4da13"
"F-ac5cefc2f547911b","innbo__tryg__ordinary__tryg-innbo-ekstra__2026-07-01__vs__storebrand__ordinary__sb-innbo-super__innbo09__primary","Innbo","Tryg","Innbo Ekstra","Storebrand","Super","Tyveri","Tyveri fra privat bod i fellesrom – grense","tyveri.fellesbod.grense","innbo.tyveri","second","included","Avtalt forsikringssum; særlig tyveriutsatte og verdifulle gjenstander har oppbevaringsbegrensninger","CUSTOMER_SPECIFIC_REFERENCE","Offentlig vilkår","sbInnboSuper","","","","ISS-fbbe54cf94bf796b","HIGH","PRODUCT_MODE_ONLY_PRESENTATION","PRODUCT_MODE_ONLY","3845b75a08f5246f283536b7ee5bcd57b9b5910ae1bdf6b36bd557cfa55fc978"
"F-ffc25eab59a72007","innbo__tryg__ordinary__tryg-innbo-ekstra__2026-07-01__vs__storebrand__ordinary__sb-innbo-super__innbo09__primary","Innbo","Tryg","Innbo Ekstra","Storebrand","Super","Forsikringssum","Samlet forsikringssum","innbo.forsikringssum","innbo.forsikringssum","first","included","Velges av forsikringstaker og står i forsikringsbeviset","CUSTOMER_SPECIFIC_REFERENCE","Offentlig vilkår","trygInnbo","","","","ISS-5b3bb52662c7e39d","HIGH","PRODUCT_MODE_ONLY_PRESENTATION","PRODUCT_MODE_ONLY","79829c8a586dd207d43af2e38e4f4a4b4b68350fb4a0cc8761668b4e3b97fcd4"
"F-352e047a68657b99","innbo__tryg__ordinary__tryg-innbo-ekstra__2026-07-01__vs__storebrand__ordinary__sb-innbo-super__innbo09__primary","Innbo","Tryg","Innbo Ekstra","Storebrand","Super","Forsikringssum","Samlet forsikringssum","innbo.forsikringssum","innbo.forsikringssum","second","included","Forsikringssummen velges av forsikringstakeren og står i forsikringsbeviset","CUSTOMER_SPECIFIC_REFERENCE","Offentlig vilkår","sbInnboStandard","","","","ISS-8b65b25984c183be","HIGH","PRODUCT_MODE_ONLY_PRESENTATION","PRODUCT_MODE_ONLY","6a63451c0940c08f9487c1355fa6948bd6493f5e34b5dd56f28fd6d836ab2d8c"
"F-320896bd68f976c5","innbo__tryg__ordinary__tryg-innbo-ekstra__2026-07-01__vs__storebrand__ordinary__sb-innbo-super__innbo09__primary","Innbo","Tryg","Innbo Ekstra","Storebrand","Super","Forsikringssum","Hobbyveksthus – grense","innbo.hobbyveksthus.grense","innbo.forsikringssum","second","included","Avtalt forsikringssum","CUSTOMER_SPECIFIC_REFERENCE","Offentlig vilkår","sbInnboSuper","","","","ISS-4a171e975b2b1fcb","HIGH","PRODUCT_MODE_ONLY_PRESENTATION","PRODUCT_MODE_ONLY","ef876bd95b30a2e3d8a2e120129c1675f867c85a08c9ce8b49975c97051dfe2c"
"F-1dfc2e8a9c23f3c9","innbo__tryg__ordinary__tryg-innbo-ekstra__2026-07-01__vs__storebrand__ordinary__sb-innbo-super__innbo09__primary","Innbo","Tryg","Innbo Ekstra","Storebrand","Super","Andre innbovilkår","Generell egenandel","innbo.egenandel","innbo.ovrig","second","included","Egenandelen står i forsikringsbeviset og gjelder når vilkåret ikke angir en annen egenandel","CUSTOMER_SPECIFIC_REFERENCE","Offentlig vilkår","sbInnboStandard","","","","ISS-b56469fe754f1bfc","HIGH","PRODUCT_MODE_ONLY_PRESENTATION","PRODUCT_MODE_ONLY","0417c01739facfb602180e1080048cf6f067068b87347ff454dcf716c9730610"
"F-72b6de7256d14b20","innbo__tryg__ordinary__tryg-innbo-ekstra__2026-07-01__vs__fremtind__ordinary__fremtind-innbo-topp__2025-01-01__primary","Innbo","Tryg","Innbo Ekstra","Fremtind","Innbo Pluss","Forsikringssum","Samlet forsikringssum","innbo.forsikringssum","innbo.forsikringssum","first","included","Velges av forsikringstaker og står i forsikringsbeviset","CUSTOMER_SPECIFIC_REFERENCE","Offentlig vilkår","trygInnbo","","","","ISS-5b3bb52662c7e39d","HIGH","PRODUCT_MODE_ONLY_PRESENTATION","PRODUCT_MODE_ONLY","64ea66df3b3cc40ff54aa857b3467c835af9947a1f8fd01328659d2542b20197"
"F-4df5c979bdd776ad","innbo__tryg__ordinary__tryg-innbo-ekstra__2026-07-01__vs__fremtind__ordinary__fremtind-innbo-topp__2025-01-01__primary","Innbo","Tryg","Innbo Ekstra","Fremtind","Innbo Pluss","Forsikringssum","Samlet forsikringssum","innbo.forsikringssum","innbo.forsikringssum","second","included","Avtalt forsikringssum står i forsikringsbeviset","CUSTOMER_SPECIFIC_REFERENCE","Offentlig vilkår","fremtindInnboStandard","","","","ISS-230e82a407451eb8","HIGH","PRODUCT_MODE_ONLY_PRESENTATION","PRODUCT_MODE_ONLY","0cd3ba6054ec89b924e93f0eaac144785c9695752f3e4559c2d2f3b6e93475db"
"F-af97d4d752c60cdd","innbo__tryg__ordinary__tryg-innbo-ekstra__2026-07-01__vs__fremtind__ordinary__fremtind-innbo-topp__2025-01-01__primary","Innbo","Tryg","Innbo Ekstra","Fremtind","Innbo Pluss","Ansvar og rettshjelp","Privatansvar – forsikringssum","ansvar.grense","innbo.ansvar-rettshjelp","second","included","Forsikringssummen står i forsikringsbeviset","CUSTOMER_SPECIFIC_REFERENCE","Offentlig vilkår","fremtindInnboStandard","","","","ISS-006a22f8ddc485b7","HIGH","PRODUCT_MODE_ONLY_PRESENTATION","PRODUCT_MODE_ONLY","58d7154d957ca5d74e4b8d664e7cb5bb19bb6aafd410854e9ce6cbb712081ac5"
"F-0bfce03353dd53df","innbo__tryg__ordinary__tryg-innbo-ekstra__2026-07-01__vs__fremtind__ordinary__fremtind-innbo-topp__2025-01-01__primary","Innbo","Tryg","Innbo Ekstra","Fremtind","Innbo Pluss","Andre innbovilkår","Generell egenandel","innbo.egenandel","innbo.ovrig","second","included","Egenandelen står i forsikringsbeviset","CUSTOMER_SPECIFIC_REFERENCE","Offentlig vilkår","fremtindInnboStandard","","","","ISS-ff027752b830a01e","HIGH","PRODUCT_MODE_ONLY_PRESENTATION","PRODUCT_MODE_ONLY","71c8dc364d602b9ff8c89b03eb129100c83f84c9fd1d509bcc56b2fab4439686"
"F-12691426023fb0df","innbo__tryg__ordinary__tryg-innbo-ekstra__2026-07-01__vs__frende__ordinary__frende-innbo-standard__2026-09-01__primary","Innbo","Tryg","Innbo Ekstra","Frende","Standard","Forsikringssum","Samlet forsikringssum","innbo.forsikringssum","innbo.forsikringssum","first","included","Velges av forsikringstaker og står i forsikringsbeviset","CUSTOMER_SPECIFIC_REFERENCE","Offentlig vilkår","trygInnbo","","","","ISS-5b3bb52662c7e39d","HIGH","PRODUCT_MODE_ONLY_PRESENTATION","PRODUCT_MODE_ONLY","fa5d1943843066d1d8608aa2a95a2f6e42db240aca9dacc768ba128fb7f04532"
"F-d6c2cda3bad33f92","innbo__tryg__ordinary__tryg-innbo-ekstra__2026-07-01__vs__frende__ordinary__frende-innbo-standard__2026-09-01__primary","Innbo","Tryg","Innbo Ekstra","Frende","Standard","Andre innbovilkår","Generell egenandel","innbo.egenandel","innbo.ovrig","second","included","Egenandelen står i forsikringsbeviset","CUSTOMER_SPECIFIC_REFERENCE","Offentlig vilkår","frendeInnboStandard","","","","ISS-b259c64c80079815","HIGH","PRODUCT_MODE_ONLY_PRESENTATION","PRODUCT_MODE_ONLY","6b57c1684420a3ef514438f3beea4fb21862a4faec5a2099e12bbe4f3c1e5c33"
"F-0e3047f6e43638b9","innbo__if__ordinary__if-innbo-super__ibo2-1__vs__frende__ordinary__frende-innbo-standard__2026-09-01__primary","Innbo","If","Super","Frende","Standard","Uhell","Uhell","uhell.dekning","innbo.uhell","both","","uhell → uhell → uhell","DUPLICATE_DISPLAY_LABEL","","","","","","ISS-8a0f212ef7f03fb1","HIGH","PRESENTATION_HIERARCHY","PRODUCT_MODE_ONLY","35d519fab4768ae4b516c7a74a483f09ce7cc26d05b4f7945404b7b2001e0f60"
"F-449b2257d7dda302","innbo__if__ordinary__if-innbo-super__ibo2-1__vs__frende__ordinary__frende-innbo-standard__2026-09-01__primary","Innbo","If","Super","Frende","Standard","Forsikringssum","Samlet forsikringssum","innbo.forsikringssum","innbo.forsikringssum","first","included","Forsikringssummen fremgår av forsikringsbeviset; ubegrenset forsikringssum gjelder bare når dette er avtalt","CUSTOMER_SPECIFIC_REFERENCE","Offentlig vilkår","ifInnboShared","","","","ISS-b3a5ee869e8812aa","HIGH","PRODUCT_MODE_ONLY_PRESENTATION","PRODUCT_MODE_ONLY","302cb995af1817dc4dd56918b3d30d684f3a1749b83d1341c8e9419e97e004ca"
"F-66c22f5100bbe9c7","innbo__if__ordinary__if-innbo-super__ibo2-1__vs__frende__ordinary__frende-innbo-standard__2026-09-01__primary","Innbo","If","Super","Frende","Standard","Andre innbovilkår","Generell egenandel","innbo.egenandel","innbo.ovrig","second","included","Egenandelen står i forsikringsbeviset","CUSTOMER_SPECIFIC_REFERENCE","Offentlig vilkår","frendeInnboStandard","","","","ISS-b259c64c80079815","HIGH","PRODUCT_MODE_ONLY_PRESENTATION","PRODUCT_MODE_ONLY","549648e2c3587b7d65125e739b8eb648fecba638b2ed0c8e23cdd19a71e55ff9"
"F-65887f3fedfe363b","innbo__gjensidige__ordinary__gj-innbo__null__vs__storebrand__ordinary__sb-innbo-standard__innbo09__primary","Innbo","Gjensidige","Innbo","Storebrand","Standard","Forsikringssum","Samlet forsikringssum","innbo.forsikringssum","innbo.forsikringssum","first","included","Forsikringssummen er ikke oppgitt i det alminnelige vilkåret og må kontrolleres i forsikringsbeviset","CUSTOMER_SPECIFIC_REFERENCE","Offentlig vilkår","gjInnboStandard","","","","ISS-bdc11ca4245e83a4","HIGH","PRODUCT_MODE_ONLY_PRESENTATION","PRODUCT_MODE_ONLY","45e121ba82d6e8a330ede9e73d63516a85c55192464b785ccfea36d4a69c4495"
"F-8c2fd15343fb09a7","innbo__gjensidige__ordinary__gj-innbo__null__vs__storebrand__ordinary__sb-innbo-standard__innbo09__primary","Innbo","Gjensidige","Innbo","Storebrand","Standard","Forsikringssum","Samlet forsikringssum","innbo.forsikringssum","innbo.forsikringssum","second","included","Forsikringssummen velges av forsikringstakeren og står i forsikringsbeviset","CUSTOMER_SPECIFIC_REFERENCE","Offentlig vilkår","sbInnboStandard","","","","ISS-2bdbc8ca276dbc42","HIGH","PRODUCT_MODE_ONLY_PRESENTATION","PRODUCT_MODE_ONLY","2a732552acf8b05ae4b2bec65508648d917c72790457c24233ad991ac791df36"
"F-5d278fabac762851","innbo__gjensidige__ordinary__gj-innbo__null__vs__storebrand__ordinary__sb-innbo-standard__innbo09__primary","Innbo","Gjensidige","Innbo","Storebrand","Standard","Andre innbovilkår","Generell egenandel","innbo.egenandel","innbo.ovrig","second","included","Egenandelen står i forsikringsbeviset og gjelder når vilkåret ikke angir en annen egenandel","CUSTOMER_SPECIFIC_REFERENCE","Offentlig vilkår","sbInnboStandard","","","","ISS-1a8b8cc2c0a2347f","HIGH","PRODUCT_MODE_ONLY_PRESENTATION","PRODUCT_MODE_ONLY","6b0d89f787544f12846bbdb1a1b3b9dab2eb02092bcf744dbc8a68b0a955ed78"
"F-84999e0f2de8f79e","innbo__if__ordinary__if-innbo-super__ibo2-1__vs__if__ordinary__if-innbo-utvidet__ibo2-1__primary","Innbo","If","Super","If","Utvidet","Uhell","Uhell","uhell.dekning","innbo.uhell","both","","uhell → uhell → uhell","DUPLICATE_DISPLAY_LABEL","","","","","","ISS-8a0f212ef7f03fb1","HIGH","PRESENTATION_HIERARCHY","PRODUCT_MODE_ONLY","57550b7c180fcc71ed90910c026382a4a81651f7aa0128d567ae59f69b562e26"
"F-d6011396396c7628","innbo__if__ordinary__if-innbo-super__ibo2-1__vs__if__ordinary__if-innbo-utvidet__ibo2-1__primary","Innbo","If","Super","If","Utvidet","Forsikringssum","Samlet forsikringssum","innbo.forsikringssum","innbo.forsikringssum","first","included","Forsikringssummen fremgår av forsikringsbeviset; ubegrenset forsikringssum gjelder bare når dette er avtalt","CUSTOMER_SPECIFIC_REFERENCE","Offentlig vilkår","ifInnboShared","","","","ISS-b3a5ee869e8812aa","HIGH","PRODUCT_MODE_ONLY_PRESENTATION","PRODUCT_MODE_ONLY","c0f164a41eca7fbe04cb63d8e40175b0245c8c872c8ebe88d646d3f850b76b94"
"F-af806b7a87cadcb8","innbo__if__ordinary__if-innbo-super__ibo2-1__vs__if__ordinary__if-innbo-utvidet__ibo2-1__primary","Innbo","If","Super","If","Utvidet","Forsikringssum","Samlet forsikringssum","innbo.forsikringssum","innbo.forsikringssum","second","included","Forsikringssummen fremgår av forsikringsbeviset; ubegrenset forsikringssum gjelder bare når dette er avtalt","CUSTOMER_SPECIFIC_REFERENCE","Offentlig vilkår","ifInnboShared","","","","ISS-04e5b2d3df205ba3","HIGH","PRODUCT_MODE_ONLY_PRESENTATION","PRODUCT_MODE_ONLY","c0f164a41eca7fbe04cb63d8e40175b0245c8c872c8ebe88d646d3f850b76b94"
"F-d8ed48b412209d46","reise__tryg__ordinary__tryg-reise-premium__2026-09-20-canonical__vs__if__ordinary__if-reise-super__2026-09-20-canonical__primary","Reise","Tryg","Reise Premium","If","Super","Avbestilling","Avbestilling","reise.avbestilling.dekning","reise.avbestilling","both","","avbestilling → avbestilling → avbestilling","DUPLICATE_DISPLAY_LABEL","","","","","","ISS-19b98d37cdb13cfc","HIGH","PRESENTATION_HIERARCHY","PRODUCT_MODE_ONLY","4e89f6ac292c6c636894e2c73e20f38781096710a7dc013a363eb71a1ceb5788"
"F-9cec77c7a21d980f","reise__tryg__ordinary__tryg-reise-premium__2026-09-20-canonical__vs__if__ordinary__if-reise-super__2026-09-20-canonical__primary","Reise","Tryg","Reise Premium","If","Super","Reiseavbrudd","Reiseavbrudd","reise.reiseavbrudd","reise.reiseavbrudd","both","","reiseavbrudd → reiseavbrudd → reiseavbrudd","DUPLICATE_DISPLAY_LABEL","","","","","","ISS-3055ad68f491eb31","HIGH","PRESENTATION_HIERARCHY","PRODUCT_MODE_ONLY","f1876553f2343766dca424d0bbe00e1313f7ce69ac028bb508d88d2ed0046e86"
"F-d29d7148f3bb96a9","reise__tryg__ordinary__tryg-reise-premium__2026-09-20-canonical__vs__storebrand__ordinary__storebrand-reise-super__2026-09-20-canonical__primary","Reise","Tryg","Reise Premium","Storebrand","Super","Avbestilling","Avbestilling","reise.avbestilling.dekning","reise.avbestilling","both","","avbestilling → avbestilling → avbestilling","DUPLICATE_DISPLAY_LABEL","","","","","","ISS-19b98d37cdb13cfc","HIGH","PRESENTATION_HIERARCHY","PRODUCT_MODE_ONLY","869510d5568669a53f793c72fca3d689be068e84ad9e0fd4cb0aa6972caf20ef"
"F-965dfc5306296ca9","reise__tryg__ordinary__tryg-reise-premium__2026-09-20-canonical__vs__storebrand__ordinary__storebrand-reise-super__2026-09-20-canonical__primary","Reise","Tryg","Reise Premium","Storebrand","Super","Reiseavbrudd","Reiseavbrudd","reise.reiseavbrudd","reise.reiseavbrudd","both","","reiseavbrudd → reiseavbrudd → reiseavbrudd","DUPLICATE_DISPLAY_LABEL","","","","","","ISS-3055ad68f491eb31","HIGH","PRESENTATION_HIERARCHY","PRODUCT_MODE_ONLY","6e9dd683e306e18cdad9aaa32456db24c4f0757a6c4b0c3c92ed5bbe3243e9fb"
"F-925bce7bd7cb3c13","reise__tryg__ordinary__tryg-reise-premium__2026-09-20-canonical__vs__gjensidige__ordinary__gjensidige-reise-pluss__2026-09-20-canonical__primary","Reise","Tryg","Reise Premium","Gjensidige","Reise Pluss","Avbestilling","Avbestilling","reise.avbestilling.dekning","reise.avbestilling","both","","avbestilling → avbestilling → avbestilling","DUPLICATE_DISPLAY_LABEL","","","","","","ISS-19b98d37cdb13cfc","HIGH","PRESENTATION_HIERARCHY","PRODUCT_MODE_ONLY","0a65373738cee84f7cd966be9bd84a64c9e6b48f6ad3afe9525da65ad9e877dd"
"F-04b9bad04d0afeee","reise__tryg__ordinary__tryg-reise-premium__2026-09-20-canonical__vs__gjensidige__ordinary__gjensidige-reise-pluss__2026-09-20-canonical__primary","Reise","Tryg","Reise Premium","Gjensidige","Reise Pluss","Reiseavbrudd","Reiseavbrudd","reise.reiseavbrudd","reise.reiseavbrudd","both","","reiseavbrudd → reiseavbrudd → reiseavbrudd","DUPLICATE_DISPLAY_LABEL","","","","","","ISS-3055ad68f491eb31","HIGH","PRESENTATION_HIERARCHY","PRODUCT_MODE_ONLY","983fe14332281d7e656b7fbbeccf0cd8a5288685e874c9c39087c40b39a0c31a"
"F-f085aca6e4dae34e","reise__tryg__ordinary__tryg-reise-premium__2026-09-20-canonical__vs__gjensidige__ordinary__gjensidige-reise-pluss__2026-09-20-canonical__primary","Reise","Tryg","Reise Premium","Gjensidige","Reise Pluss","Ansvar og rettshjelp","Rettshjelp – egenandel","reise.rettshjelp.egenandel","reise.ansvar-rettshjelp","second","included","Ingen egenandel for Reiseforsikring dersom ikke annet fremgår av forsikringsbeviset.","CUSTOMER_SPECIFIC_REFERENCE","Offentlig vilkår","gjensidigeReiseTerms","","","","ISS-1040c94b44bbac61","HIGH","PRODUCT_MODE_ONLY_PRESENTATION","PRODUCT_MODE_ONLY","1c283f9ab8a773ef6ced43ccb976637aedaf7bbe75459fb2339ba8e4b7350024"
"F-99ed78f8cef75447","reise__tryg__ordinary__tryg-reise-premium__2026-09-20-canonical__vs__fremtind__ordinary__fremtind-reise__pre-450-200-015__primary","Reise","Tryg","Reise Premium","Fremtind","Reise","Reisens rammer","Avtalt reisevarighet","reise.varighet.valg","reise.rammer","second","included","Avtalt antall reisedøgn står i forsikringsbeviset. Andre varigheter enn standard er kundespesifikke avtalevalg, ikke automatisk canonical dekning.","CUSTOMER_SPECIFIC_REFERENCE","Offentlig vilkår","fremtindReiseUnifiedTerms","","","","ISS-d491573c37c6d560","HIGH","PRODUCT_MODE_ONLY_PRESENTATION","PRODUCT_MODE_ONLY","266f04b535bc7688d7582e15cd905e6e7b4743c28b95ef14ea0462b03a760fa0"
"F-2fc7469d1114f2c5","reise__tryg__ordinary__tryg-reise-premium__2026-09-20-canonical__vs__fremtind__ordinary__fremtind-reise__pre-450-200-015__primary","Reise","Tryg","Reise Premium","Fremtind","Reise","Avbestilling","Avbestilling","reise.avbestilling.dekning","reise.avbestilling","both","","avbestilling → avbestilling → avbestilling","DUPLICATE_DISPLAY_LABEL","","","","","","ISS-19b98d37cdb13cfc","HIGH","PRESENTATION_HIERARCHY","PRODUCT_MODE_ONLY","df6f1b954edde5aef55b214efe4ea3b7d462b2219ad78d5e14ad0813594629b6"
"F-5e9caab9b4f17652","reise__tryg__ordinary__tryg-reise-premium__2026-09-20-canonical__vs__fremtind__ordinary__fremtind-reise__pre-450-200-015__primary","Reise","Tryg","Reise Premium","Fremtind","Reise","Reiseavbrudd","Reiseavbrudd","reise.reiseavbrudd","reise.reiseavbrudd","both","","reiseavbrudd → reiseavbrudd → reiseavbrudd","DUPLICATE_DISPLAY_LABEL","","","","","","ISS-3055ad68f491eb31","HIGH","PRESENTATION_HIERARCHY","PRODUCT_MODE_ONLY","a20707d0aaf3cd917fb0401c72358e0f965e9d5f9018f35941baf83e3bc5a573"
"F-55450aa4b4d2ae6b","reise__tryg__ordinary__tryg-reise-premium__2026-09-20-canonical__vs__fremtind__ordinary__fremtind-reise__pre-450-200-015__primary","Reise","Tryg","Reise Premium","Fremtind","Reise","Ansvar og rettshjelp","Privatansvar – egenandel","reise.ansvar.egenandel","reise.ansvar-rettshjelp","second","included","Fremgår av forsikringsbeviset eller vilkårene.","CUSTOMER_SPECIFIC_REFERENCE","Offentlig vilkår","fremtindReiseUnifiedTerms","","","","ISS-90644b0daea6aed8","HIGH","PRODUCT_MODE_ONLY_PRESENTATION","PRODUCT_MODE_ONLY","65cb5dd091842cf3084ceef5e9ec8bc556eb34888b58fdaf44c5c67ce042efe3"
"F-ff9446fd057a72b4","reise__tryg__ordinary__tryg-reise-premium__2026-09-20-canonical__vs__fremtind__ordinary__fremtind-reise__pre-450-200-015__primary","Reise","Tryg","Reise Premium","Fremtind","Reise","Ansvar og rettshjelp","Privatansvar – sum","reise.ansvar.sum","reise.ansvar-rettshjelp","second","included","Forsikringssummen fremgår av forsikringsbeviset.","CUSTOMER_SPECIFIC_REFERENCE","Offentlig vilkår","fremtindReiseUnifiedTerms","","","","ISS-92f43d5c681bfa4a","HIGH","PRODUCT_MODE_ONLY_PRESENTATION","PRODUCT_MODE_ONLY","daafd184e48a591c9ba4863e057a34ee9bc0efe9acca945abb08f522c5b9ce85"
"F-79f52aafb52d0d82","reise__tryg__ordinary__tryg-reise-premium__2026-09-20-canonical__vs__frende__ordinary__frende-reiseforsikring__2026-03-01__primary","Reise","Tryg","Reise Premium","Frende","Reiseforsikring","Avbestilling","Avbestilling","reise.avbestilling.dekning","reise.avbestilling","both","","avbestilling → avbestilling → avbestilling","DUPLICATE_DISPLAY_LABEL","","","","","","ISS-19b98d37cdb13cfc","HIGH","PRESENTATION_HIERARCHY","PRODUCT_MODE_ONLY","18b4415cf03e607c490956461357f3f635dd8ad7ca00da9be094023c302c7b5f"
"F-b6be7643fdbd67d5","reise__tryg__ordinary__tryg-reise-premium__2026-09-20-canonical__vs__frende__ordinary__frende-reiseforsikring__2026-03-01__primary","Reise","Tryg","Reise Premium","Frende","Reiseforsikring","Reiseavbrudd","Reiseavbrudd","reise.reiseavbrudd","reise.reiseavbrudd","both","","reiseavbrudd → reiseavbrudd → reiseavbrudd","DUPLICATE_DISPLAY_LABEL","","","","","","ISS-3055ad68f491eb31","HIGH","PRESENTATION_HIERARCHY","PRODUCT_MODE_ONLY","62eae1820837e2909e0361e8c5314d1a6d6aa709bc7ac0e6b5bffac05b567168"
"F-184cfb6ece38e250","reise__if__ordinary__if-reise-super__2026-09-20-canonical__vs__frende__ordinary__frende-reiseforsikring__2026-03-01__primary","Reise","If","Super","Frende","Reiseforsikring","Avbestilling","Avbestilling","reise.avbestilling.dekning","reise.avbestilling","both","","avbestilling → avbestilling → avbestilling","DUPLICATE_DISPLAY_LABEL","","","","","","ISS-19b98d37cdb13cfc","HIGH","PRESENTATION_HIERARCHY","PRODUCT_MODE_ONLY","17e326d3c9b7c730083d7dc2374b078b23b61f2c06cce66c06838ef822c79b70"
"F-eb4b97e9a0e7cd30","reise__gjensidige__ordinary__gjensidige-reise__2026-09-20-canonical__vs__storebrand__ordinary__storebrand-reise-standard__2026-09-20-canonical__primary","Reise","Gjensidige","Reise","Storebrand","Standard","Avbestilling","Avbestilling","reise.avbestilling.dekning","reise.avbestilling","both","","avbestilling → avbestilling → avbestilling","DUPLICATE_DISPLAY_LABEL","","","","","","ISS-19b98d37cdb13cfc","HIGH","PRESENTATION_HIERARCHY","PRODUCT_MODE_ONLY","2c585518e7c18147cee103894b57f03081ed1e373c3c40c7a64d93156f529d4c"
"F-96c539730ecd397f","reise__gjensidige__ordinary__gjensidige-reise__2026-09-20-canonical__vs__storebrand__ordinary__storebrand-reise-standard__2026-09-20-canonical__primary","Reise","Gjensidige","Reise","Storebrand","Standard","Ansvar og rettshjelp","Rettshjelp – egenandel","reise.rettshjelp.egenandel","reise.ansvar-rettshjelp","first","included","Ingen egenandel for Reiseforsikring dersom ikke annet fremgår av forsikringsbeviset.","CUSTOMER_SPECIFIC_REFERENCE","Offentlig vilkår","gjensidigeReiseTerms","","","","ISS-02989fbf01eb740d","HIGH","PRODUCT_MODE_ONLY_PRESENTATION","PRODUCT_MODE_ONLY","599530da35f5ed97b9098e7a9025ee8ed3617594f830475e3b86a26562d5ab40"
"F-22ac1e6c8cdb6c7d","reise__tryg__ordinary__tryg-reise-premium__2026-09-20-canonical__vs__tryg__ordinary__tryg-reise-ekstra__2026-09-20-canonical__primary","Reise","Tryg","Reise Premium","Tryg","Reise Ekstra","Avbestilling","Avbestilling","reise.avbestilling.dekning","reise.avbestilling","both","","avbestilling → avbestilling → avbestilling","DUPLICATE_DISPLAY_LABEL","","","","","","ISS-19b98d37cdb13cfc","HIGH","PRESENTATION_HIERARCHY","PRODUCT_MODE_ONLY","44e877b916bcd498ac2d8fce55373eb83b535c10b03baf4bdc6bb6537ee7377b"
"F-a807f6d34ec28d03","reise__tryg__ordinary__tryg-reise-premium__2026-09-20-canonical__vs__tryg__ordinary__tryg-reise-ekstra__2026-09-20-canonical__primary","Reise","Tryg","Reise Premium","Tryg","Reise Ekstra","Reiseavbrudd","Reiseavbrudd","reise.reiseavbrudd","reise.reiseavbrudd","both","","reiseavbrudd → reiseavbrudd → reiseavbrudd","DUPLICATE_DISPLAY_LABEL","","","","","","ISS-3055ad68f491eb31","HIGH","PRESENTATION_HIERARCHY","PRODUCT_MODE_ONLY","d545a02fc53904bc6499e912ff78b40233d54095ae053cea23c587288c253988"
"F-21e3353ea5ea3991","reise__tryg__ordinary__tryg-reise-premium__2026-09-20-canonical__vs__tryg__ordinary__tryg-reise-ekstra__2026-09-20-canonical__primary","Reise","Tryg","Reise Premium","Tryg","Reise Ekstra","Ulykke","Ulykkesdekning","reise.ulykke.dekning","reise.ulykke","second","unavailable","Ikke inkludert i Reise uten at Ulykke er valgt og står i forsikringsbeviset.","CUSTOMER_SPECIFIC_REFERENCE","Offentlig vilkår","trygReiseBase","","","","ISS-a09661f8fe86677f","HIGH","PRODUCT_MODE_ONLY_PRESENTATION","PRODUCT_MODE_ONLY","0a05e20e65a46ffe2a417addc53d4f05b0895973b7a8cef3b41bbe40025a3300"
"F-8d1ecae58fed3d7e","snøscooter__tryg__ordinary__tryg-snoscooter-kasko__null__vs__gjensidige__ordinary__gjensidige-snoscooter-kasko__null__primary","Snøscooter","Tryg","Kasko","Gjensidige","Kasko","Kasko","Kasko","snoscooter.kasko.dekning","snøscooter.kasko","both","","kasko → kasko → kasko","DUPLICATE_DISPLAY_LABEL","","","","","","ISS-60bf652ede84670e","HIGH","PRESENTATION_HIERARCHY","PRODUCT_MODE_ONLY","ba7ae3a3ecfc88d7679a91eedad64bcb852fd52ff548432a35b61fd0038af7e3"
"F-e07d8666cd7ec648","snøscooter__tryg__ordinary__tryg-snoscooter-kasko__null__vs__gjensidige__ordinary__gjensidige-snoscooter-kasko__null__primary","Snøscooter","Tryg","Kasko","Gjensidige","Kasko","Fastmontert utstyr","Fastmontert utstyr","snoscooter.utstyr.dekning","snøscooter.utstyr","both","","fastmontert utstyr → fastmontert utstyr → fastmontert utstyr","DUPLICATE_DISPLAY_LABEL","","","","","","ISS-03d6c5671f97f1d6","HIGH","PRESENTATION_HIERARCHY","PRODUCT_MODE_ONLY","89e9ea44845ff7f803542b31743d3149b982ebae853a8c90a37d0067c4ddc454"
"F-b42fd4dcdb57a651","snøscooter__tryg__ordinary__tryg-snoscooter-kasko__null__vs__gjensidige__ordinary__gjensidige-snoscooter-kasko__null__primary","Snøscooter","Tryg","Kasko","Gjensidige","Kasko","Løsøre","Løsøre","snoscooter.losore.dekning","snøscooter.losore","both","","løsøre → løsøre → løsøre","DUPLICATE_DISPLAY_LABEL","","","","","","ISS-e5c9f388656c01cc","HIGH","PRESENTATION_HIERARCHY","PRODUCT_MODE_ONLY","1f8bd3ef8c12db2aa7fb635c387133c7e7822feadf9f5a25139b4b8e638a966c"
"F-b0128fb5633419f1","snøscooter__tryg__ordinary__tryg-snoscooter-kasko__null__vs__gjensidige__ordinary__gjensidige-snoscooter-kasko__null__primary","Snøscooter","Tryg","Kasko","Gjensidige","Kasko","Redning","Redning – begrensninger","snoscooter.redning.begrensning","snøscooter.redning","first","included","Utgifter til redning/veihjelp er unntatt","STATUS_TEXT_CONTRADICTION","Offentlig vilkår","vehicle:tryg-IPID-Snoscooter.pdf","","","","ISS-8ebdde76f9685b8a","HIGH","STATUS_RESOLUTION","LIKELY_SHARED","2a28a9017a54e53dd78af5e5bc21d512812a63a8fd919a30a599195fbe9e2864"
"F-910c5ca3653cca36","snøscooter__tryg__ordinary__tryg-snoscooter-kasko__null__vs__gjensidige__ordinary__gjensidige-snoscooter-kasko__null__primary","Snøscooter","Tryg","Kasko","Gjensidige","Kasko","Fører- og passasjerulykke","Fører- og passasjerulykke","snoscooter.ulykke.dekning","snøscooter.ulykke","both","","fører og passasjerulykke → fører og passasjerulykke → fører og passasjerulykke","DUPLICATE_DISPLAY_LABEL","","","","","","ISS-a350256dcabd9f30","HIGH","PRESENTATION_HIERARCHY","PRODUCT_MODE_ONLY","10831cd10bbad56c38cef17cd88f60007e54c8b37b2cf534f7b83690e5cece6a"
"F-c8b47f7babe9aa91","snøscooter__tryg__ordinary__tryg-snoscooter-kasko__null__vs__gjensidige__ordinary__gjensidige-snoscooter-kasko__null__primary","Snøscooter","Tryg","Kasko","Gjensidige","Kasko","Førerulykke","Førerulykke","snoscooter.forerulykke.dekning","snøscooter.forerulykke","both","","førerulykke → førerulykke → førerulykke","DUPLICATE_DISPLAY_LABEL","","","","","","ISS-55241672e9e5763a","HIGH","PRESENTATION_HIERARCHY","PRODUCT_MODE_ONLY","f1d9ba3a10c65de34811c6ef0a967dda30733e42292b44fa5116a6982b1e5ed6"
"F-11a1586d25c82e3a","snøscooter__tryg__ordinary__tryg-snoscooter-kasko__null__vs__gjensidige__ordinary__gjensidige-snoscooter-kasko__null__primary","Snøscooter","Tryg","Kasko","Gjensidige","Kasko","Brann","Brann","snoscooter.brann.dekning","snøscooter.brann","both","","brann → brann → brann","DUPLICATE_DISPLAY_LABEL","","","","","","ISS-19abcf6023656cc5","HIGH","PRESENTATION_HIERARCHY","PRODUCT_MODE_ONLY","73150258ba6ff60208c8f064eee42bc4d5c7c8e45de7a71adfa59c6a8941745b"
"F-1de3b31c30a07d29","snøscooter__tryg__ordinary__tryg-snoscooter-kasko__null__vs__gjensidige__ordinary__gjensidige-snoscooter-kasko__null__primary","Snøscooter","Tryg","Kasko","Gjensidige","Kasko","Tyveri","Tyveri","snoscooter.tyveri.dekning","snøscooter.tyveri","both","","tyveri → tyveri → tyveri","DUPLICATE_DISPLAY_LABEL","","","","","","ISS-edda8dc257dfb48f","HIGH","PRESENTATION_HIERARCHY","PRODUCT_MODE_ONLY","fb9596177e47593e07922ba57d5f22a2ef4be1b960292eee9803a0c2dbb8f416"
"F-b62df3dbaecd2c70","snøscooter__tryg__ordinary__tryg-snoscooter-kasko__null__vs__gjensidige__ordinary__gjensidige-snoscooter-kasko__null__primary","Snøscooter","Tryg","Kasko","Gjensidige","Kasko","Ansvar","Ansvar","snoscooter.ansvar.dekning","snøscooter.ansvar","both","","ansvar → ansvar → ansvar","DUPLICATE_DISPLAY_LABEL","","","","","","ISS-0d8adf12a4a262a4","HIGH","PRESENTATION_HIERARCHY","PRODUCT_MODE_ONLY","a587f817ccdeec8f7bd73dfa8ed05ade887d0ddb0540ab36dbf6d31ba2bf4c5b"
"F-938c108399b5931d","snøscooter__tryg__ordinary__tryg-snoscooter-kasko__null__vs__gjensidige__ordinary__gjensidige-snoscooter-kasko__null__primary","Snøscooter","Tryg","Kasko","Gjensidige","Kasko","Rettshjelp","Rettshjelp","snoscooter.rettshjelp.dekning","snøscooter.rettshjelp","both","","rettshjelp → rettshjelp → rettshjelp","DUPLICATE_DISPLAY_LABEL","","","","","","ISS-4f4ba8b0a20667ae","HIGH","PRESENTATION_HIERARCHY","PRODUCT_MODE_ONLY","7a19f6c20a0a5e69c24b6eb7d7ad5a71666bd0dc614f9e112d51f0838e9fbf1f"
"F-0b256edcb8ce3c48","snøscooter__tryg__ordinary__tryg-snoscooter-kasko__null__vs__gjensidige__ordinary__gjensidige-snoscooter-kasko__null__primary","Snøscooter","Tryg","Kasko","Gjensidige","Kasko","Fører- og passasjerulykke","Fører- og passasjerulykke / Førerulykke","snoscooter.ulykke.dekning","snøscooter.ulykke","first","optional / optional","Skade på fører og passasjer || Skade på fører; også passasjer dersom kjøretøyet er registrert for flere personer","POSSIBLE_DUPLICATE_CONCEPT","","vehicle:tryg-odpdf-56716918.pdf","","snoscooter.forerulykke.dekning","","ISS-691de319e114fae3","MEDIUM","CANONICAL_SEMANTICS","LIKELY_SHARED","5409847ea281efb16e249784c2935030d9c1e208afaad8f4dbc7c00a3fe2ef4a"
"F-7dac6ebf735e0a70","snøscooter__tryg__ordinary__tryg-snoscooter-kasko__null__vs__frende__ordinary__frende-snoscooter-kasko__2026-01-01__primary","Snøscooter","Tryg","Kasko","Frende","Kasko","Kasko","Kasko","snoscooter.kasko.dekning","snøscooter.kasko","both","","kasko → kasko → kasko","DUPLICATE_DISPLAY_LABEL","","","","","","ISS-60bf652ede84670e","HIGH","PRESENTATION_HIERARCHY","PRODUCT_MODE_ONLY","8aa65f6838cb188e42be1b29596356daab43a54972a20d05503678e030c8e132"
"F-0c3859f26b4a39b7","snøscooter__tryg__ordinary__tryg-snoscooter-kasko__null__vs__frende__ordinary__frende-snoscooter-kasko__2026-01-01__primary","Snøscooter","Tryg","Kasko","Frende","Kasko","Fastmontert utstyr","Fastmontert utstyr","snoscooter.utstyr.dekning","snøscooter.utstyr","both","","fastmontert utstyr → fastmontert utstyr → fastmontert utstyr","DUPLICATE_DISPLAY_LABEL","","","","","","ISS-03d6c5671f97f1d6","HIGH","PRESENTATION_HIERARCHY","PRODUCT_MODE_ONLY","8519d8aa534827306e942fd9e913eadaa64b9bf57effc3fe1533e02e9255157f"
"F-18e0a6521fc625f5","snøscooter__tryg__ordinary__tryg-snoscooter-kasko__null__vs__frende__ordinary__frende-snoscooter-kasko__2026-01-01__primary","Snøscooter","Tryg","Kasko","Frende","Kasko","Redning","Redning – begrensninger","snoscooter.redning.begrensning","snøscooter.redning","first","included","Utgifter til redning/veihjelp er unntatt","STATUS_TEXT_CONTRADICTION","Offentlig vilkår","vehicle:tryg-IPID-Snoscooter.pdf","","","","ISS-8ebdde76f9685b8a","HIGH","STATUS_RESOLUTION","LIKELY_SHARED","61c4632489631203153bfc0283d5acd1d4d62552a90aa4264b721e4c97e9b63d"
"F-af93f5c8672b7d99","snøscooter__tryg__ordinary__tryg-snoscooter-kasko__null__vs__frende__ordinary__frende-snoscooter-kasko__2026-01-01__primary","Snøscooter","Tryg","Kasko","Frende","Kasko","Fører- og passasjerulykke","Fører- og passasjerulykke","snoscooter.ulykke.dekning","snøscooter.ulykke","both","","fører og passasjerulykke → fører og passasjerulykke → fører og passasjerulykke","DUPLICATE_DISPLAY_LABEL","","","","","","ISS-a350256dcabd9f30","HIGH","PRESENTATION_HIERARCHY","PRODUCT_MODE_ONLY","2f30e8d4e7798bee9613949ee5c59221ef88367d38e0e219a84d4847291e98ff"
"F-3e585c5588bfc396","snøscooter__tryg__ordinary__tryg-snoscooter-kasko__null__vs__frende__ordinary__frende-snoscooter-kasko__2026-01-01__primary","Snøscooter","Tryg","Kasko","Frende","Kasko","Førerulykke","Førerulykke","snoscooter.forerulykke.dekning","snøscooter.forerulykke","both","","førerulykke → førerulykke → førerulykke","DUPLICATE_DISPLAY_LABEL","","","","","","ISS-55241672e9e5763a","HIGH","PRESENTATION_HIERARCHY","PRODUCT_MODE_ONLY","984ba07f584fac56086cd231eb3eabdceecf5e1658465ae43ee8df53448f92a2"
"F-798f82439a565aa9","snøscooter__tryg__ordinary__tryg-snoscooter-kasko__null__vs__frende__ordinary__frende-snoscooter-kasko__2026-01-01__primary","Snøscooter","Tryg","Kasko","Frende","Kasko","Brann","Brann","snoscooter.brann.dekning","snøscooter.brann","both","","brann → brann → brann","DUPLICATE_DISPLAY_LABEL","","","","","","ISS-19abcf6023656cc5","HIGH","PRESENTATION_HIERARCHY","PRODUCT_MODE_ONLY","02ca4dbc2f06f0637b3498bf985ecaac7b2fb32b74cd2bd44bacbe83febd949e"
"F-3f2144f6b981b0c8","snøscooter__tryg__ordinary__tryg-snoscooter-kasko__null__vs__frende__ordinary__frende-snoscooter-kasko__2026-01-01__primary","Snøscooter","Tryg","Kasko","Frende","Kasko","Tyveri","Tyveri","snoscooter.tyveri.dekning","snøscooter.tyveri","both","","tyveri → tyveri → tyveri","DUPLICATE_DISPLAY_LABEL","","","","","","ISS-edda8dc257dfb48f","HIGH","PRESENTATION_HIERARCHY","PRODUCT_MODE_ONLY","de67fbac05202d7dcf0c274b4b295b6d2b39b2e83714522b2f8837b9844c53ff"
"F-555a19e356c6838a","snøscooter__tryg__ordinary__tryg-snoscooter-kasko__null__vs__frende__ordinary__frende-snoscooter-kasko__2026-01-01__primary","Snøscooter","Tryg","Kasko","Frende","Kasko","Ansvar","Ansvar","snoscooter.ansvar.dekning","snøscooter.ansvar","both","","ansvar → ansvar → ansvar","DUPLICATE_DISPLAY_LABEL","","","","","","ISS-0d8adf12a4a262a4","HIGH","PRESENTATION_HIERARCHY","PRODUCT_MODE_ONLY","495884f90210e77e0581d8b977e0a87deb1ade4ddf8e0a2ace9e16b7da2aa3e6"
"F-e424419d26305183","snøscooter__tryg__ordinary__tryg-snoscooter-kasko__null__vs__frende__ordinary__frende-snoscooter-kasko__2026-01-01__primary","Snøscooter","Tryg","Kasko","Frende","Kasko","Rettshjelp","Rettshjelp","snoscooter.rettshjelp.dekning","snøscooter.rettshjelp","both","","rettshjelp → rettshjelp → rettshjelp","DUPLICATE_DISPLAY_LABEL","","","","","","ISS-4f4ba8b0a20667ae","HIGH","PRESENTATION_HIERARCHY","PRODUCT_MODE_ONLY","a173ec308830cddbac5f1064ec3d9631ceddb7c5df97fcf2d5481b9bbbec828a"
"F-c78e2025fda8b582","snøscooter__tryg__ordinary__tryg-snoscooter-kasko__null__vs__frende__ordinary__frende-snoscooter-kasko__2026-01-01__primary","Snøscooter","Tryg","Kasko","Frende","Kasko","Fører- og passasjerulykke","Fører- og passasjerulykke / Førerulykke","snoscooter.ulykke.dekning","snøscooter.ulykke","first","optional / optional","Skade på fører og passasjer || Skade på fører; også passasjer dersom kjøretøyet er registrert for flere personer","POSSIBLE_DUPLICATE_CONCEPT","","vehicle:tryg-odpdf-56716918.pdf","","snoscooter.forerulykke.dekning","","ISS-691de319e114fae3","MEDIUM","CANONICAL_SEMANTICS","LIKELY_SHARED","e92b269524a4f06608a4af122f9414609e559c1add96a1322baae3a794a36daf"
"F-7c208a5101566d7c","snøscooter__tryg__ordinary__tryg-snoscooter-kasko__null__vs__storebrand__ordinary__storebrand-snoscooter-kasko__2025-04-01__primary","Snøscooter","Tryg","Kasko","Storebrand","Kasko","Kasko","Kasko","snoscooter.kasko.dekning","snøscooter.kasko","both","","kasko → kasko → kasko","DUPLICATE_DISPLAY_LABEL","","","","","","ISS-60bf652ede84670e","HIGH","PRESENTATION_HIERARCHY","PRODUCT_MODE_ONLY","0ee1c97f9aedbba8a09d34ccde9db58b608d77bf2cfdad88f17226ee3fd284e6"
"F-6f0426dca3a16ddb","snøscooter__tryg__ordinary__tryg-snoscooter-kasko__null__vs__storebrand__ordinary__storebrand-snoscooter-kasko__2025-04-01__primary","Snøscooter","Tryg","Kasko","Storebrand","Kasko","Redning","Redning – begrensninger","snoscooter.redning.begrensning","snøscooter.redning","first","included","Utgifter til redning/veihjelp er unntatt","STATUS_TEXT_CONTRADICTION","Offentlig vilkår","vehicle:tryg-IPID-Snoscooter.pdf","","","","ISS-8ebdde76f9685b8a","HIGH","STATUS_RESOLUTION","LIKELY_SHARED","52725bf97e69208c3b714b96ba261401ecfbdcd471e22e093d9643ac5277eaed"
"F-805c72114978cdc3","snøscooter__tryg__ordinary__tryg-snoscooter-kasko__null__vs__storebrand__ordinary__storebrand-snoscooter-kasko__2025-04-01__primary","Snøscooter","Tryg","Kasko","Storebrand","Kasko","Fører- og passasjerulykke","Fører- og passasjerulykke","snoscooter.ulykke.dekning","snøscooter.ulykke","both","","fører og passasjerulykke → fører og passasjerulykke → fører og passasjerulykke","DUPLICATE_DISPLAY_LABEL","","","","","","ISS-a350256dcabd9f30","HIGH","PRESENTATION_HIERARCHY","PRODUCT_MODE_ONLY","8b9dcfa8e1b0e5c5866a9056483882dbe12c6f46b69b0f31c35d10fbc0def835"
"F-c70fbb4046f78114","snøscooter__tryg__ordinary__tryg-snoscooter-kasko__null__vs__storebrand__ordinary__storebrand-snoscooter-kasko__2025-04-01__primary","Snøscooter","Tryg","Kasko","Storebrand","Kasko","Førerulykke","Førerulykke","snoscooter.forerulykke.dekning","snøscooter.forerulykke","both","","førerulykke → førerulykke → førerulykke","DUPLICATE_DISPLAY_LABEL","","","","","","ISS-55241672e9e5763a","HIGH","PRESENTATION_HIERARCHY","PRODUCT_MODE_ONLY","5aea8698ef5d946da184450e5e18dab4d2cba9408889892b6d00f0a1194d09c1"
"F-d7b71951e6d64096","snøscooter__tryg__ordinary__tryg-snoscooter-kasko__null__vs__storebrand__ordinary__storebrand-snoscooter-kasko__2025-04-01__primary","Snøscooter","Tryg","Kasko","Storebrand","Kasko","Brann","Brann","snoscooter.brann.dekning","snøscooter.brann","both","","brann → brann → brann","DUPLICATE_DISPLAY_LABEL","","","","","","ISS-19abcf6023656cc5","HIGH","PRESENTATION_HIERARCHY","PRODUCT_MODE_ONLY","77a5da6f778ff7a9aa9c42ef633642818a7814efa9b9efe6042dddee140ed26e"
"F-cc80822ac1d3705e","snøscooter__tryg__ordinary__tryg-snoscooter-kasko__null__vs__storebrand__ordinary__storebrand-snoscooter-kasko__2025-04-01__primary","Snøscooter","Tryg","Kasko","Storebrand","Kasko","Tyveri","Tyveri","snoscooter.tyveri.dekning","snøscooter.tyveri","both","","tyveri → tyveri → tyveri","DUPLICATE_DISPLAY_LABEL","","","","","","ISS-edda8dc257dfb48f","HIGH","PRESENTATION_HIERARCHY","PRODUCT_MODE_ONLY","7b95e79d7e8c3004c8ddd86fab902f66b99f0c62e2fa6a90d1e86957bd7ca512"
"F-edaf90a052d15083","snøscooter__tryg__ordinary__tryg-snoscooter-kasko__null__vs__storebrand__ordinary__storebrand-snoscooter-kasko__2025-04-01__primary","Snøscooter","Tryg","Kasko","Storebrand","Kasko","Ansvar","Ansvar","snoscooter.ansvar.dekning","snøscooter.ansvar","both","","ansvar → ansvar → ansvar","DUPLICATE_DISPLAY_LABEL","","","","","","ISS-0d8adf12a4a262a4","HIGH","PRESENTATION_HIERARCHY","PRODUCT_MODE_ONLY","c2b976f76c74bd9b7bfc770ecef9caae6c4a0e93e129f3c081b3919852be5ddf"
"F-764efc12e6a8dce2","snøscooter__tryg__ordinary__tryg-snoscooter-kasko__null__vs__storebrand__ordinary__storebrand-snoscooter-kasko__2025-04-01__primary","Snøscooter","Tryg","Kasko","Storebrand","Kasko","Rettshjelp","Rettshjelp","snoscooter.rettshjelp.dekning","snøscooter.rettshjelp","both","","rettshjelp → rettshjelp → rettshjelp","DUPLICATE_DISPLAY_LABEL","","","","","","ISS-4f4ba8b0a20667ae","HIGH","PRESENTATION_HIERARCHY","PRODUCT_MODE_ONLY","516850cbfd18a72b96cb4012c55cdef8529655d7bb3c827466e26559938147f8"
"F-f7223ca09eb90f85","snøscooter__tryg__ordinary__tryg-snoscooter-kasko__null__vs__storebrand__ordinary__storebrand-snoscooter-kasko__2025-04-01__primary","Snøscooter","Tryg","Kasko","Storebrand","Kasko","Fører- og passasjerulykke","Fører- og passasjerulykke / Førerulykke","snoscooter.ulykke.dekning","snøscooter.ulykke","first","optional / optional","Skade på fører og passasjer || Skade på fører; også passasjer dersom kjøretøyet er registrert for flere personer","POSSIBLE_DUPLICATE_CONCEPT","","vehicle:tryg-odpdf-56716918.pdf","","snoscooter.forerulykke.dekning","","ISS-691de319e114fae3","MEDIUM","CANONICAL_SEMANTICS","LIKELY_SHARED","cd89db9bea7f404230e85f668707bb084f336f97e6fee685317deb8ddbe65e8c"
"F-6d33ba14725a8b99","snøscooter__tryg__ordinary__tryg-snoscooter-kasko__null__vs__if__ordinary__if-snoscooter-kasko__2024-03__primary","Snøscooter","Tryg","Kasko","If","Kasko","Kasko","Kasko","snoscooter.kasko.dekning","snøscooter.kasko","both","","kasko → kasko → kasko","DUPLICATE_DISPLAY_LABEL","","","","","","ISS-60bf652ede84670e","HIGH","PRESENTATION_HIERARCHY","PRODUCT_MODE_ONLY","a7b1657b21574f7ff5038affd261089d77a19607a8276c4b91255c29ae4b4836"
"F-13bda6e78efc690c","snøscooter__tryg__ordinary__tryg-snoscooter-kasko__null__vs__if__ordinary__if-snoscooter-kasko__2024-03__primary","Snøscooter","Tryg","Kasko","If","Kasko","Redning","Redning – begrensninger","snoscooter.redning.begrensning","snøscooter.redning","first","included","Utgifter til redning/veihjelp er unntatt","STATUS_TEXT_CONTRADICTION","Offentlig vilkår","vehicle:tryg-IPID-Snoscooter.pdf","","","","ISS-8ebdde76f9685b8a","HIGH","STATUS_RESOLUTION","LIKELY_SHARED","edaf08bcf48826ebff65cdc981f72b1efcd62d92dacb23f21328345ecfd235c7"
"F-db47f0b6362a5921","snøscooter__tryg__ordinary__tryg-snoscooter-kasko__null__vs__if__ordinary__if-snoscooter-kasko__2024-03__primary","Snøscooter","Tryg","Kasko","If","Kasko","Fører- og passasjerulykke","Fører- og passasjerulykke","snoscooter.ulykke.dekning","snøscooter.ulykke","both","","fører og passasjerulykke → fører og passasjerulykke → fører og passasjerulykke","DUPLICATE_DISPLAY_LABEL","","","","","","ISS-a350256dcabd9f30","HIGH","PRESENTATION_HIERARCHY","PRODUCT_MODE_ONLY","b10283a02f2febeb44a52f8647e7f7227a4efbf13088da10cb4fcf901e64b92c"
"F-e9faea9597734c08","snøscooter__tryg__ordinary__tryg-snoscooter-kasko__null__vs__if__ordinary__if-snoscooter-kasko__2024-03__primary","Snøscooter","Tryg","Kasko","If","Kasko","Førerulykke","Førerulykke","snoscooter.forerulykke.dekning","snøscooter.forerulykke","both","","førerulykke → førerulykke → førerulykke","DUPLICATE_DISPLAY_LABEL","","","","","","ISS-55241672e9e5763a","HIGH","PRESENTATION_HIERARCHY","PRODUCT_MODE_ONLY","1402b062e5a5fae408da8ef7cdc61e2949e1eec51a1aa1f49649586516616336"
"F-7cb5837651c7a8f1","snøscooter__tryg__ordinary__tryg-snoscooter-kasko__null__vs__if__ordinary__if-snoscooter-kasko__2024-03__primary","Snøscooter","Tryg","Kasko","If","Kasko","Brann","Brann","snoscooter.brann.dekning","snøscooter.brann","both","","brann → brann → brann","DUPLICATE_DISPLAY_LABEL","","","","","","ISS-19abcf6023656cc5","HIGH","PRESENTATION_HIERARCHY","PRODUCT_MODE_ONLY","3502323e433047202bb9afce28b12b126b9f788658e7c931f6905afb8d5e2a23"
"F-dfcef2cd190ea1b7","snøscooter__tryg__ordinary__tryg-snoscooter-kasko__null__vs__if__ordinary__if-snoscooter-kasko__2024-03__primary","Snøscooter","Tryg","Kasko","If","Kasko","Tyveri","Tyveri","snoscooter.tyveri.dekning","snøscooter.tyveri","both","","tyveri → tyveri → tyveri","DUPLICATE_DISPLAY_LABEL","","","","","","ISS-edda8dc257dfb48f","HIGH","PRESENTATION_HIERARCHY","PRODUCT_MODE_ONLY","5092ca830e9ad88742899a1229ed5f2b7d93b250b21e94701908e39556e944b3"
"F-8c53d401c0e91988","snøscooter__tryg__ordinary__tryg-snoscooter-kasko__null__vs__if__ordinary__if-snoscooter-kasko__2024-03__primary","Snøscooter","Tryg","Kasko","If","Kasko","Ansvar","Ansvar","snoscooter.ansvar.dekning","snøscooter.ansvar","both","","ansvar → ansvar → ansvar","DUPLICATE_DISPLAY_LABEL","","","","","","ISS-0d8adf12a4a262a4","HIGH","PRESENTATION_HIERARCHY","PRODUCT_MODE_ONLY","cf4948c75cbf62d2ffb81e42e6fdd19080127d6fa5c6fbb6560a551eea71c1b1"
"F-cae7374d36f5539e","snøscooter__tryg__ordinary__tryg-snoscooter-kasko__null__vs__if__ordinary__if-snoscooter-kasko__2024-03__primary","Snøscooter","Tryg","Kasko","If","Kasko","Rettshjelp","Rettshjelp","snoscooter.rettshjelp.dekning","snøscooter.rettshjelp","both","","rettshjelp → rettshjelp → rettshjelp","DUPLICATE_DISPLAY_LABEL","","","","","","ISS-4f4ba8b0a20667ae","HIGH","PRESENTATION_HIERARCHY","PRODUCT_MODE_ONLY","373292688293fe43ec569c169ab4e8ddc50f9a115c33c866d19b2907c1111668"
"F-22a7b370bf91d490","snøscooter__tryg__ordinary__tryg-snoscooter-kasko__null__vs__if__ordinary__if-snoscooter-kasko__2024-03__primary","Snøscooter","Tryg","Kasko","If","Kasko","Fører- og passasjerulykke","Fører- og passasjerulykke / Førerulykke","snoscooter.ulykke.dekning","snøscooter.ulykke","first","optional / optional","Skade på fører og passasjer || Skade på fører; også passasjer dersom kjøretøyet er registrert for flere personer","POSSIBLE_DUPLICATE_CONCEPT","","vehicle:tryg-odpdf-56716918.pdf","","snoscooter.forerulykke.dekning","","ISS-691de319e114fae3","MEDIUM","CANONICAL_SEMANTICS","LIKELY_SHARED","3a000397b64c1d484c2b1f8b2cd652a765322ceeaac35a6608223dc651ae5e6d"
"F-ff7003fd610d1027","snøscooter__tryg__ordinary__tryg-snoscooter-kasko__null__vs__eika-fremtind__ordinary__eika-fremtind-snoscooter-kasko__2023-10-29__primary","Snøscooter","Tryg","Kasko","Eika / Fremtind","Kasko","Kasko","Kasko","snoscooter.kasko.dekning","snøscooter.kasko","both","","kasko → kasko → kasko","DUPLICATE_DISPLAY_LABEL","","","","","","ISS-60bf652ede84670e","HIGH","PRESENTATION_HIERARCHY","PRODUCT_MODE_ONLY","bb65ff71e0ce41bd4d1c877ef9b3a95856f61cb158b21c83d7febf249ed3d111"
"F-804c44ba08ed2c64","snøscooter__tryg__ordinary__tryg-snoscooter-kasko__null__vs__eika-fremtind__ordinary__eika-fremtind-snoscooter-kasko__2023-10-29__primary","Snøscooter","Tryg","Kasko","Eika / Fremtind","Kasko","Redning","Redning – begrensninger","snoscooter.redning.begrensning","snøscooter.redning","first","included","Utgifter til redning/veihjelp er unntatt","STATUS_TEXT_CONTRADICTION","Offentlig vilkår","vehicle:tryg-IPID-Snoscooter.pdf","","","","ISS-8ebdde76f9685b8a","HIGH","STATUS_RESOLUTION","LIKELY_SHARED","5eb9d58f0a414ee5f92e9dad134f115141387de4ace2257c17e3ef3a22b55ef9"
"F-a474aa99ee3ac78b","snøscooter__tryg__ordinary__tryg-snoscooter-kasko__null__vs__eika-fremtind__ordinary__eika-fremtind-snoscooter-kasko__2023-10-29__primary","Snøscooter","Tryg","Kasko","Eika / Fremtind","Kasko","Fører- og passasjerulykke","Fører- og passasjerulykke","snoscooter.ulykke.dekning","snøscooter.ulykke","both","","fører og passasjerulykke → fører og passasjerulykke → fører og passasjerulykke","DUPLICATE_DISPLAY_LABEL","","","","","","ISS-a350256dcabd9f30","HIGH","PRESENTATION_HIERARCHY","PRODUCT_MODE_ONLY","3a01b9da4d45293b6452209a7cbec6d6d7153b0e8c3b1b08f4e96cf9b51d08c4"
"F-47b2b2102a7f39c4","snøscooter__tryg__ordinary__tryg-snoscooter-kasko__null__vs__eika-fremtind__ordinary__eika-fremtind-snoscooter-kasko__2023-10-29__primary","Snøscooter","Tryg","Kasko","Eika / Fremtind","Kasko","Førerulykke","Førerulykke","snoscooter.forerulykke.dekning","snøscooter.forerulykke","both","","førerulykke → førerulykke → førerulykke","DUPLICATE_DISPLAY_LABEL","","","","","","ISS-55241672e9e5763a","HIGH","PRESENTATION_HIERARCHY","PRODUCT_MODE_ONLY","6788cbb27f1914abf8124ff95dca3d22b56c88e8dbf646b40bf1a81dc57de8c6"
"F-60b681bec572043f","snøscooter__tryg__ordinary__tryg-snoscooter-kasko__null__vs__eika-fremtind__ordinary__eika-fremtind-snoscooter-kasko__2023-10-29__primary","Snøscooter","Tryg","Kasko","Eika / Fremtind","Kasko","Brann","Brann","snoscooter.brann.dekning","snøscooter.brann","both","","brann → brann → brann","DUPLICATE_DISPLAY_LABEL","","","","","","ISS-19abcf6023656cc5","HIGH","PRESENTATION_HIERARCHY","PRODUCT_MODE_ONLY","79369066d374e60b3982f821ccc2e5a818fe2697e4e7b0d1c7502180eb5b65b4"
"F-4fe1f029f94122a7","snøscooter__tryg__ordinary__tryg-snoscooter-kasko__null__vs__eika-fremtind__ordinary__eika-fremtind-snoscooter-kasko__2023-10-29__primary","Snøscooter","Tryg","Kasko","Eika / Fremtind","Kasko","Tyveri","Tyveri","snoscooter.tyveri.dekning","snøscooter.tyveri","both","","tyveri → tyveri → tyveri","DUPLICATE_DISPLAY_LABEL","","","","","","ISS-edda8dc257dfb48f","HIGH","PRESENTATION_HIERARCHY","PRODUCT_MODE_ONLY","86226e2725b52a6176483be35975ca2035fa195a3d0b1c276ec4b7f1d3246746"
"F-0d4d1a7a9d004682","snøscooter__tryg__ordinary__tryg-snoscooter-kasko__null__vs__eika-fremtind__ordinary__eika-fremtind-snoscooter-kasko__2023-10-29__primary","Snøscooter","Tryg","Kasko","Eika / Fremtind","Kasko","Ansvar","Ansvar","snoscooter.ansvar.dekning","snøscooter.ansvar","both","","ansvar → ansvar → ansvar","DUPLICATE_DISPLAY_LABEL","","","","","","ISS-0d8adf12a4a262a4","HIGH","PRESENTATION_HIERARCHY","PRODUCT_MODE_ONLY","2b11aa4ccb8c2c2228c8947d711475688ca303eb2dff7abf3bbd16e1705a348e"
"F-027be9ea3adeb32e","snøscooter__tryg__ordinary__tryg-snoscooter-kasko__null__vs__eika-fremtind__ordinary__eika-fremtind-snoscooter-kasko__2023-10-29__primary","Snøscooter","Tryg","Kasko","Eika / Fremtind","Kasko","Rettshjelp","Rettshjelp","snoscooter.rettshjelp.dekning","snøscooter.rettshjelp","both","","rettshjelp → rettshjelp → rettshjelp","DUPLICATE_DISPLAY_LABEL","","","","","","ISS-4f4ba8b0a20667ae","HIGH","PRESENTATION_HIERARCHY","PRODUCT_MODE_ONLY","a9ff8e047189c498d545404542621c69eb81c3bd522f3943aff3632eaeab2f5c"
"F-aa31d24c9b227606","snøscooter__tryg__ordinary__tryg-snoscooter-kasko__null__vs__eika-fremtind__ordinary__eika-fremtind-snoscooter-kasko__2023-10-29__primary","Snøscooter","Tryg","Kasko","Eika / Fremtind","Kasko","Andre vilkår","avtale – egenandel","snoscooter.avtale.egenandel","snøscooter.ufordelt.snoscooter.avtale.egenandel","second","included","Avtalt egenandel fremgår av forsikringsbeviset eller vilkåret","CUSTOMER_SPECIFIC_REFERENCE","Offentlig vilkår","vehicle:fremtind-Vilkar_Kasko_Snoscooter.pdf","","","","ISS-d7f498cc95a85b7b","HIGH","PRODUCT_MODE_ONLY_PRESENTATION","PRODUCT_MODE_ONLY","8804aa93d7d6a2e32c29996f5e3a5d08b7729f1c835783dc9f9d244461925d70"
"F-d339d9bed24c9b93","snøscooter__tryg__ordinary__tryg-snoscooter-kasko__null__vs__eika-fremtind__ordinary__eika-fremtind-snoscooter-kasko__2023-10-29__primary","Snøscooter","Tryg","Kasko","Eika / Fremtind","Kasko","Fører- og passasjerulykke","Fører- og passasjerulykke / Førerulykke","snoscooter.ulykke.dekning","snøscooter.ulykke","first","optional / optional","Skade på fører og passasjer || Skade på fører; også passasjer dersom kjøretøyet er registrert for flere personer","POSSIBLE_DUPLICATE_CONCEPT","","vehicle:tryg-odpdf-56716918.pdf","","snoscooter.forerulykke.dekning","","ISS-691de319e114fae3","MEDIUM","CANONICAL_SEMANTICS","LIKELY_SHARED","fccd0381d5d0d6f48bedd35c06a92d90c55cdfd9970cecc826e421f5594745bd"
"F-53dc34afce0d38b9","snøscooter__if__ordinary__if-snoscooter-kasko__2024-03__vs__frende__ordinary__frende-snoscooter-kasko__2026-01-01__primary","Snøscooter","If","Kasko","Frende","Kasko","Kasko","Kasko","snoscooter.kasko.dekning","snøscooter.kasko","both","","kasko → kasko → kasko","DUPLICATE_DISPLAY_LABEL","","","","","","ISS-60bf652ede84670e","HIGH","PRESENTATION_HIERARCHY","PRODUCT_MODE_ONLY","e9c93406807a55412bdedfb32c881d25940ca22cd3ad99c34d12d635f04f37c6"
"F-14a6ae230e1bed80","snøscooter__if__ordinary__if-snoscooter-kasko__2024-03__vs__frende__ordinary__frende-snoscooter-kasko__2026-01-01__primary","Snøscooter","If","Kasko","Frende","Kasko","Fastmontert utstyr","Fastmontert utstyr","snoscooter.utstyr.dekning","snøscooter.utstyr","both","","fastmontert utstyr → fastmontert utstyr → fastmontert utstyr","DUPLICATE_DISPLAY_LABEL","","","","","","ISS-03d6c5671f97f1d6","HIGH","PRESENTATION_HIERARCHY","PRODUCT_MODE_ONLY","e7dbdb8c89206fa4e5b40e7b418bb7b4daa18eda81fd13771615644218e5c8cf"
"F-31ecdcb061001fae","snøscooter__if__ordinary__if-snoscooter-kasko__2024-03__vs__frende__ordinary__frende-snoscooter-kasko__2026-01-01__primary","Snøscooter","If","Kasko","Frende","Kasko","Fører- og passasjerulykke","Fører- og passasjerulykke","snoscooter.ulykke.dekning","snøscooter.ulykke","both","","fører og passasjerulykke → fører og passasjerulykke → fører og passasjerulykke","DUPLICATE_DISPLAY_LABEL","","","","","","ISS-a350256dcabd9f30","HIGH","PRESENTATION_HIERARCHY","PRODUCT_MODE_ONLY","47f5beb00194bbf727b043680c6f1e5ecb2d427cd9a3893c538c4e837172b1d7"
"F-d5e37e15afe77586","snøscooter__if__ordinary__if-snoscooter-kasko__2024-03__vs__frende__ordinary__frende-snoscooter-kasko__2026-01-01__primary","Snøscooter","If","Kasko","Frende","Kasko","Brann","Brann","snoscooter.brann.dekning","snøscooter.brann","both","","brann → brann → brann","DUPLICATE_DISPLAY_LABEL","","","","","","ISS-19abcf6023656cc5","HIGH","PRESENTATION_HIERARCHY","PRODUCT_MODE_ONLY","96035a9a3015df72655c1507af8482b34096f38cdf28d1ac993c2983ed77454b"
"F-4f5dc1fd50bc39ce","snøscooter__if__ordinary__if-snoscooter-kasko__2024-03__vs__frende__ordinary__frende-snoscooter-kasko__2026-01-01__primary","Snøscooter","If","Kasko","Frende","Kasko","Tyveri","Tyveri","snoscooter.tyveri.dekning","snøscooter.tyveri","both","","tyveri → tyveri → tyveri","DUPLICATE_DISPLAY_LABEL","","","","","","ISS-edda8dc257dfb48f","HIGH","PRESENTATION_HIERARCHY","PRODUCT_MODE_ONLY","40fb1afbe7d60eef13cc27350ec31bd9fb888cf483c7b12705d3b0dbf0df0b6a"
"F-79ec2fd7149709a7","snøscooter__if__ordinary__if-snoscooter-kasko__2024-03__vs__frende__ordinary__frende-snoscooter-kasko__2026-01-01__primary","Snøscooter","If","Kasko","Frende","Kasko","Ansvar","Ansvar","snoscooter.ansvar.dekning","snøscooter.ansvar","both","","ansvar → ansvar → ansvar","DUPLICATE_DISPLAY_LABEL","","","","","","ISS-0d8adf12a4a262a4","HIGH","PRESENTATION_HIERARCHY","PRODUCT_MODE_ONLY","6b937be9e92bcbbe9b46dbd82b869f18c20ab7f2495a3efbad7575b4b2bc5860"
"F-026d8a207fd31563","snøscooter__if__ordinary__if-snoscooter-kasko__2024-03__vs__frende__ordinary__frende-snoscooter-kasko__2026-01-01__primary","Snøscooter","If","Kasko","Frende","Kasko","Rettshjelp","Rettshjelp","snoscooter.rettshjelp.dekning","snøscooter.rettshjelp","both","","rettshjelp → rettshjelp → rettshjelp","DUPLICATE_DISPLAY_LABEL","","","","","","ISS-4f4ba8b0a20667ae","HIGH","PRESENTATION_HIERARCHY","PRODUCT_MODE_ONLY","a44c7946b4376216013f95c58f28a9891461b20d6958f4fc6155b5865b5b62a0"
"F-965eeb6bd6fea80e","snøscooter__gjensidige__ordinary__gjensidige-snoscooter-ansvar__null__vs__storebrand__ordinary__storebrand-snoscooter-ansvar__2025-04-01__primary","Snøscooter","Gjensidige","Ansvar","Storebrand","Ansvar","Fører- og passasjerulykke","Fører- og passasjerulykke","snoscooter.ulykke.dekning","snøscooter.ulykke","both","","fører og passasjerulykke → fører og passasjerulykke → fører og passasjerulykke","DUPLICATE_DISPLAY_LABEL","","","","","","ISS-a350256dcabd9f30","HIGH","PRESENTATION_HIERARCHY","PRODUCT_MODE_ONLY","669b20dedb9715700eb3d245f3eb6f1e4b5613955fff5d2c1359f3bb8bc49b69"
"F-b0a04782e0445b9d","snøscooter__gjensidige__ordinary__gjensidige-snoscooter-ansvar__null__vs__storebrand__ordinary__storebrand-snoscooter-ansvar__2025-04-01__primary","Snøscooter","Gjensidige","Ansvar","Storebrand","Ansvar","Ansvar","Ansvar","snoscooter.ansvar.dekning","snøscooter.ansvar","both","","ansvar → ansvar → ansvar","DUPLICATE_DISPLAY_LABEL","","","","","","ISS-0d8adf12a4a262a4","HIGH","PRESENTATION_HIERARCHY","PRODUCT_MODE_ONLY","559a37a7537d207671732f6939c5391ca5ab65b289d8b98ac8e38fb84742299e"
"F-06eef95c3de4c53a","snøscooter__gjensidige__ordinary__gjensidige-snoscooter-ansvar__null__vs__storebrand__ordinary__storebrand-snoscooter-ansvar__2025-04-01__primary","Snøscooter","Gjensidige","Ansvar","Storebrand","Ansvar","Rettshjelp","Rettshjelp","snoscooter.rettshjelp.dekning","snøscooter.rettshjelp","both","","rettshjelp → rettshjelp → rettshjelp","DUPLICATE_DISPLAY_LABEL","","","","","","ISS-4f4ba8b0a20667ae","HIGH","PRESENTATION_HIERARCHY","PRODUCT_MODE_ONLY","b384caa246de5c5699575f75f47c5e5495f648b22418ece615f9a7950fdf6526"
"F-519c3c15ba241bde","snøscooter__tryg__ordinary__tryg-snoscooter-kasko__null__vs__tryg__ordinary__tryg-snoscooter-brann-og-tyveri__null__primary","Snøscooter","Tryg","Kasko","Tryg","Brann og tyveri","Kasko","Kasko","snoscooter.kasko.dekning","snøscooter.kasko","both","","kasko → kasko → kasko","DUPLICATE_DISPLAY_LABEL","","","","","","ISS-60bf652ede84670e","HIGH","PRESENTATION_HIERARCHY","PRODUCT_MODE_ONLY","ff140a29bf78673e650df630e83bd35259530bf3bb3efad9c32de88403586d77"
"F-d1ae04a135402776","snøscooter__tryg__ordinary__tryg-snoscooter-kasko__null__vs__tryg__ordinary__tryg-snoscooter-brann-og-tyveri__null__primary","Snøscooter","Tryg","Kasko","Tryg","Brann og tyveri","Redning","Redning – begrensninger","snoscooter.redning.begrensning","snøscooter.redning","first","included","Utgifter til redning/veihjelp er unntatt","STATUS_TEXT_CONTRADICTION","Offentlig vilkår","vehicle:tryg-IPID-Snoscooter.pdf","","","","ISS-8ebdde76f9685b8a","HIGH","STATUS_RESOLUTION","LIKELY_SHARED","ffe4531fdf4fecac0fe4120523f61edf783442151a61de9fc540924742b50ef0"
"F-0875ae0afa225d97","snøscooter__tryg__ordinary__tryg-snoscooter-kasko__null__vs__tryg__ordinary__tryg-snoscooter-brann-og-tyveri__null__primary","Snøscooter","Tryg","Kasko","Tryg","Brann og tyveri","Fører- og passasjerulykke","Fører- og passasjerulykke","snoscooter.ulykke.dekning","snøscooter.ulykke","both","","fører og passasjerulykke → fører og passasjerulykke → fører og passasjerulykke","DUPLICATE_DISPLAY_LABEL","","","","","","ISS-a350256dcabd9f30","HIGH","PRESENTATION_HIERARCHY","PRODUCT_MODE_ONLY","2b72864950a290c1227c67f403e8aeccef9bbf6d7e0ade205741cf8450721510"
"F-83361e44fa43e8a5","snøscooter__tryg__ordinary__tryg-snoscooter-kasko__null__vs__tryg__ordinary__tryg-snoscooter-brann-og-tyveri__null__primary","Snøscooter","Tryg","Kasko","Tryg","Brann og tyveri","Førerulykke","Førerulykke","snoscooter.forerulykke.dekning","snøscooter.forerulykke","both","","førerulykke → førerulykke → førerulykke","DUPLICATE_DISPLAY_LABEL","","","","","","ISS-55241672e9e5763a","HIGH","PRESENTATION_HIERARCHY","PRODUCT_MODE_ONLY","022176b44518d55f7bef912b99bfb4fc1e34e8281cd9d2058eaa2ec272b63e40"
"F-42d89738ebde3136","snøscooter__tryg__ordinary__tryg-snoscooter-kasko__null__vs__tryg__ordinary__tryg-snoscooter-brann-og-tyveri__null__primary","Snøscooter","Tryg","Kasko","Tryg","Brann og tyveri","Brann","Brann","snoscooter.brann.dekning","snøscooter.brann","both","","brann → brann → brann","DUPLICATE_DISPLAY_LABEL","","","","","","ISS-19abcf6023656cc5","HIGH","PRESENTATION_HIERARCHY","PRODUCT_MODE_ONLY","9a1d411fceb368c2513a847f3abd68513b67bac4740a4ba0311c8e0e9c76c87e"
"F-9f71c244b7259b8a","snøscooter__tryg__ordinary__tryg-snoscooter-kasko__null__vs__tryg__ordinary__tryg-snoscooter-brann-og-tyveri__null__primary","Snøscooter","Tryg","Kasko","Tryg","Brann og tyveri","Tyveri","Tyveri","snoscooter.tyveri.dekning","snøscooter.tyveri","both","","tyveri → tyveri → tyveri","DUPLICATE_DISPLAY_LABEL","","","","","","ISS-edda8dc257dfb48f","HIGH","PRESENTATION_HIERARCHY","PRODUCT_MODE_ONLY","2523878a50d2b15dbacb199027ff13e747a2cc182a080f08b667d15a0f2348a9"
"F-4d9d1880bf1ffa15","snøscooter__tryg__ordinary__tryg-snoscooter-kasko__null__vs__tryg__ordinary__tryg-snoscooter-brann-og-tyveri__null__primary","Snøscooter","Tryg","Kasko","Tryg","Brann og tyveri","Ansvar","Ansvar","snoscooter.ansvar.dekning","snøscooter.ansvar","both","","ansvar → ansvar → ansvar","DUPLICATE_DISPLAY_LABEL","","","","","","ISS-0d8adf12a4a262a4","HIGH","PRESENTATION_HIERARCHY","PRODUCT_MODE_ONLY","69830681178b3f52d547c471446cfab0a0884bea6727f9a6e08fdf8e2372df37"
"F-b8ffe67d6575a822","snøscooter__tryg__ordinary__tryg-snoscooter-kasko__null__vs__tryg__ordinary__tryg-snoscooter-brann-og-tyveri__null__primary","Snøscooter","Tryg","Kasko","Tryg","Brann og tyveri","Rettshjelp","Rettshjelp","snoscooter.rettshjelp.dekning","snøscooter.rettshjelp","both","","rettshjelp → rettshjelp → rettshjelp","DUPLICATE_DISPLAY_LABEL","","","","","","ISS-4f4ba8b0a20667ae","HIGH","PRESENTATION_HIERARCHY","PRODUCT_MODE_ONLY","b99ffdba75f6f19a724cfb3331e6c0e20743055dc59fb4d30a5f88ecd5cddeb5"
"F-c3f48537512ef15d","snøscooter__tryg__ordinary__tryg-snoscooter-kasko__null__vs__tryg__ordinary__tryg-snoscooter-brann-og-tyveri__null__primary","Snøscooter","Tryg","Kasko","Tryg","Brann og tyveri","Fører- og passasjerulykke","Fører- og passasjerulykke / Førerulykke","snoscooter.ulykke.dekning","snøscooter.ulykke","first","optional / optional","Skade på fører og passasjer || Skade på fører; også passasjer dersom kjøretøyet er registrert for flere personer","POSSIBLE_DUPLICATE_CONCEPT","","vehicle:tryg-odpdf-56716918.pdf","","snoscooter.forerulykke.dekning","","ISS-691de319e114fae3","MEDIUM","CANONICAL_SEMANTICS","LIKELY_SHARED","03a256da81b0e106fcd3b7a20b035e46ac2e9975c2383213075d398a980d0177"
"F-f8572ddfa1a9195f","snøscooter__tryg__ordinary__tryg-snoscooter-kasko__null__vs__tryg__ordinary__tryg-snoscooter-brann-og-tyveri__null__primary","Snøscooter","Tryg","Kasko","Tryg","Brann og tyveri","Fører- og passasjerulykke","Fører- og passasjerulykke / Førerulykke","snoscooter.ulykke.dekning","snøscooter.ulykke","second","optional / optional","Skade på fører og passasjer || Skade på fører; også passasjer dersom kjøretøyet er registrert for flere personer","POSSIBLE_DUPLICATE_CONCEPT","","vehicle:tryg-odpdf-56716918.pdf","","snoscooter.forerulykke.dekning","","ISS-6c6034fb20e71653","MEDIUM","CANONICAL_SEMANTICS","LIKELY_SHARED","03a256da81b0e106fcd3b7a20b035e46ac2e9975c2383213075d398a980d0177"
"F-b644831e98b65564","campingvogn__tryg__ordinary__tryg-campingvogn-campingvogn-ekstra__2026-01-01__vs__gjensidige__ordinary__gjensidige-campingvogn-pluss__null__primary","Campingvogn","Tryg","Campingvogn Ekstra","Gjensidige","Pluss","Kasko","Kasko","campingvogn.kasko.dekning","campingvogn.kasko","both","","kasko → kasko → kasko","DUPLICATE_DISPLAY_LABEL","","","","","","ISS-b6a861fa45368229","HIGH","PRESENTATION_HIERARCHY","PRODUCT_MODE_ONLY","d3bbe496c09adde80092a96a434840f13e5567a6e8a67926bd3c73519668cd8e"
"F-30f62f5c14cc9db0","campingvogn__tryg__ordinary__tryg-campingvogn-campingvogn-ekstra__2026-01-01__vs__gjensidige__ordinary__gjensidige-campingvogn-pluss__null__primary","Campingvogn","Tryg","Campingvogn Ekstra","Gjensidige","Pluss","Fuktskade","Fuktskade","campingvogn.fukt.dekning","campingvogn.fukt","both","","fuktskade → fuktskade → fuktskade","DUPLICATE_DISPLAY_LABEL","","","","","","ISS-939c16856777c623","HIGH","PRESENTATION_HIERARCHY","PRODUCT_MODE_ONLY","558694c3cc16ec41c1940ae2cc3d0d590f57ea08f8428a02d3b0fb1f3efd32f5"
"F-2943e250b64d13ae","campingvogn__tryg__ordinary__tryg-campingvogn-campingvogn-ekstra__2026-01-01__vs__gjensidige__ordinary__gjensidige-campingvogn-pluss__null__primary","Campingvogn","Tryg","Campingvogn Ekstra","Gjensidige","Pluss","Avbrutt ferie","Avbrutt ferie","campingvogn.ferie.dekning","campingvogn.ferie","both","","avbrutt ferie → avbrutt ferie → avbrutt ferie","DUPLICATE_DISPLAY_LABEL","","","","","","ISS-339b2dc292d3f4fc","HIGH","PRESENTATION_HIERARCHY","PRODUCT_MODE_ONLY","0a2d70d938979414fcf825f8b63b87754a97f4c3e0f67b894d8aa80edd9d83e1"
"F-5ac29cbddb6fe65f","campingvogn__tryg__ordinary__tryg-campingvogn-campingvogn-ekstra__2026-01-01__vs__gjensidige__ordinary__gjensidige-campingvogn-pluss__null__primary","Campingvogn","Tryg","Campingvogn Ekstra","Gjensidige","Pluss","Løsøre","Løsøre","campingvogn.losore.dekning","campingvogn.losore","both","","løsøre → løsøre → løsøre","DUPLICATE_DISPLAY_LABEL","","","","","","ISS-410b677e4149f1bc","HIGH","PRESENTATION_HIERARCHY","PRODUCT_MODE_ONLY","71891eabeaa2e29873355dafc7b84686ae09dbac9800da9c024a20f08be0383a"
"F-c1da8002c47c3021","campingvogn__tryg__ordinary__tryg-campingvogn-campingvogn-ekstra__2026-01-01__vs__gjensidige__ordinary__gjensidige-campingvogn-pluss__null__primary","Campingvogn","Tryg","Campingvogn Ekstra","Gjensidige","Pluss","Fastmontert utstyr","Fastmontert utstyr","campingvogn.utstyr.dekning","campingvogn.utstyr","both","","fastmontert utstyr → fastmontert utstyr → fastmontert utstyr","DUPLICATE_DISPLAY_LABEL","","","","","","ISS-bada59e1c456aed7","HIGH","PRESENTATION_HIERARCHY","PRODUCT_MODE_ONLY","eba57cf299709a24d86c08614650279c240410f019cc8df11ae182d5b68a2cfa"
"F-4b4962188ed84770","campingvogn__tryg__ordinary__tryg-campingvogn-campingvogn-ekstra__2026-01-01__vs__gjensidige__ordinary__gjensidige-campingvogn-pluss__null__primary","Campingvogn","Tryg","Campingvogn Ekstra","Gjensidige","Pluss","Fortelt","Fortelt","campingvogn.fortelt.dekning","campingvogn.fortelt","both","","fortelt → fortelt → fortelt","DUPLICATE_DISPLAY_LABEL","","","","","","ISS-1ae032667749eaae","HIGH","PRESENTATION_HIERARCHY","PRODUCT_MODE_ONLY","7decd83ff33154772d556076b2a249335d3e2f7286bac8cf63ea7a0e58d2b10d"
"F-40c904048d547475","campingvogn__tryg__ordinary__tryg-campingvogn-campingvogn-ekstra__2026-01-01__vs__gjensidige__ordinary__gjensidige-campingvogn-pluss__null__primary","Campingvogn","Tryg","Campingvogn Ekstra","Gjensidige","Pluss","Skadedyr","Skadedyr","campingvogn.skadedyr.dekning","campingvogn.skadedyr","both","","skadedyr → skadedyr → skadedyr","DUPLICATE_DISPLAY_LABEL","","","","","","ISS-bbd64a9627b6753e","HIGH","PRESENTATION_HIERARCHY","PRODUCT_MODE_ONLY","e5542413eecddb53cd534034419dc1f1b01f9a2b9f4024aded86c6cb024430a7"
"F-8443a68a92e689e0","campingvogn__tryg__ordinary__tryg-campingvogn-campingvogn-ekstra__2026-01-01__vs__gjensidige__ordinary__gjensidige-campingvogn-pluss__null__primary","Campingvogn","Tryg","Campingvogn Ekstra","Gjensidige","Pluss","Redning","Redning","campingvogn.redning.dekning","campingvogn.redning","both","","redning → redning → redning","DUPLICATE_DISPLAY_LABEL","","","","","","ISS-c24fa6b8f0fbf68f","HIGH","PRESENTATION_HIERARCHY","PRODUCT_MODE_ONLY","7f714c0407c0fdcdc3cd39501f40c1c131a76a57dd691d96e1e0910f7a0e3fcf"
"F-bd7dd9211bafb657","campingvogn__tryg__ordinary__tryg-campingvogn-campingvogn-ekstra__2026-01-01__vs__gjensidige__ordinary__gjensidige-campingvogn-pluss__null__primary","Campingvogn","Tryg","Campingvogn Ekstra","Gjensidige","Pluss","Glass","Glass","campingvogn.glass.dekning","campingvogn.glass","both","","glass → glass → glass","DUPLICATE_DISPLAY_LABEL","","","","","","ISS-62cd73da6b0f36e2","HIGH","PRESENTATION_HIERARCHY","PRODUCT_MODE_ONLY","7ce17b69dfc695b2780380e88619ee127569faa188beefaadc9e70d06b9aad26"
"F-1eb9cf8e05c7c71f","campingvogn__tryg__ordinary__tryg-campingvogn-campingvogn-ekstra__2026-01-01__vs__gjensidige__ordinary__gjensidige-campingvogn-pluss__null__primary","Campingvogn","Tryg","Campingvogn Ekstra","Gjensidige","Pluss","Brann","Brann","campingvogn.brann.dekning","campingvogn.brann","both","","brann → brann → brann","DUPLICATE_DISPLAY_LABEL","","","","","","ISS-018695238683e3f9","HIGH","PRESENTATION_HIERARCHY","PRODUCT_MODE_ONLY","e1cb6f8877c0f250dde5ef85f1516af3a62ba87178ec40af4ca9c7b140805d38"
"F-9bac825904ab068c","campingvogn__tryg__ordinary__tryg-campingvogn-campingvogn-ekstra__2026-01-01__vs__gjensidige__ordinary__gjensidige-campingvogn-pluss__null__primary","Campingvogn","Tryg","Campingvogn Ekstra","Gjensidige","Pluss","Tyveri","Tyveri","campingvogn.tyveri.dekning","campingvogn.tyveri","both","","tyveri → tyveri → tyveri","DUPLICATE_DISPLAY_LABEL","","","","","","ISS-519fa46e47c82538","HIGH","PRESENTATION_HIERARCHY","PRODUCT_MODE_ONLY","64b8a3f4301a7486545273c21cebd47d632a83ce2022b87fe9661166bfb35f91"
"F-a6ffde64ebdc92a8","campingvogn__tryg__ordinary__tryg-campingvogn-campingvogn-ekstra__2026-01-01__vs__gjensidige__ordinary__gjensidige-campingvogn-pluss__null__primary","Campingvogn","Tryg","Campingvogn Ekstra","Gjensidige","Pluss","Rettshjelp","Rettshjelp","campingvogn.rettshjelp.dekning","campingvogn.rettshjelp","both","","rettshjelp → rettshjelp → rettshjelp","DUPLICATE_DISPLAY_LABEL","","","","","","ISS-35aedcefdb7cee1e","HIGH","PRESENTATION_HIERARCHY","PRODUCT_MODE_ONLY","00565a4236080a6eb8188a042793d170224dbd2a33c18d8fd142e9adb4aacf52"
"F-f8f33f4c6bedc420","campingvogn__tryg__ordinary__tryg-campingvogn-campingvogn-ekstra__2026-01-01__vs__gjensidige__ordinary__gjensidige-campingvogn-pluss__null__primary","Campingvogn","Tryg","Campingvogn Ekstra","Gjensidige","Pluss","Andre vilkår","avtale – forsikringssum","campingvogn.avtale.forsikringssum","campingvogn.ufordelt.campingvogn.avtale.forsikringssum","first","included","Avtalt forsikringssum; ved totalskade begrenset til markedsverdien","CUSTOMER_SPECIFIC_REFERENCE","Offentlig vilkår","vehicle:tryg-odpdf-f862c645.pdf","","","","ISS-a46bff1ae5461a06","HIGH","PRODUCT_MODE_ONLY_PRESENTATION","PRODUCT_MODE_ONLY","bf5ad224f565072ab43175d09559d8cf4a0db4ee751b4bafad5eb0f49aaf3adc"
"F-0cf2b6d7dd42ed65","campingvogn__tryg__ordinary__tryg-campingvogn-campingvogn-ekstra__2026-01-01__vs__frende__ordinary__frende-campingvogn-kasko__2026-01-01__primary","Campingvogn","Tryg","Campingvogn Ekstra","Frende","Kasko","Kasko","Kasko","campingvogn.kasko.dekning","campingvogn.kasko","both","","kasko → kasko → kasko","DUPLICATE_DISPLAY_LABEL","","","","","","ISS-b6a861fa45368229","HIGH","PRESENTATION_HIERARCHY","PRODUCT_MODE_ONLY","bfcc342026f5281a968863ee8d87f5d01f6fbf85d6e8769378ad9a1531cf0386"
"F-b174a105d8864f54","campingvogn__tryg__ordinary__tryg-campingvogn-campingvogn-ekstra__2026-01-01__vs__frende__ordinary__frende-campingvogn-kasko__2026-01-01__primary","Campingvogn","Tryg","Campingvogn Ekstra","Frende","Kasko","Fuktskade","Fuktskade","campingvogn.fukt.dekning","campingvogn.fukt","both","","fuktskade → fuktskade → fuktskade","DUPLICATE_DISPLAY_LABEL","","","","","","ISS-939c16856777c623","HIGH","PRESENTATION_HIERARCHY","PRODUCT_MODE_ONLY","ea869304e4876fbe9b86e8de2794ad118ef9a1cb72575f545ca253ebba481134"
"F-95c8c13d7a1fd443","campingvogn__tryg__ordinary__tryg-campingvogn-campingvogn-ekstra__2026-01-01__vs__frende__ordinary__frende-campingvogn-kasko__2026-01-01__primary","Campingvogn","Tryg","Campingvogn Ekstra","Frende","Kasko","Avbrutt ferie","Avbrutt ferie","campingvogn.ferie.dekning","campingvogn.ferie","both","","avbrutt ferie → avbrutt ferie → avbrutt ferie","DUPLICATE_DISPLAY_LABEL","","","","","","ISS-339b2dc292d3f4fc","HIGH","PRESENTATION_HIERARCHY","PRODUCT_MODE_ONLY","b3c6e6bd1753a69b3634a0928ba15725ddfcc57a8cecf1a0a30d8018afccc57e"
"F-8365d01650ad1143","campingvogn__tryg__ordinary__tryg-campingvogn-campingvogn-ekstra__2026-01-01__vs__frende__ordinary__frende-campingvogn-kasko__2026-01-01__primary","Campingvogn","Tryg","Campingvogn Ekstra","Frende","Kasko","Løsøre","Løsøre","campingvogn.losore.dekning","campingvogn.losore","both","","løsøre → løsøre → løsøre","DUPLICATE_DISPLAY_LABEL","","","","","","ISS-410b677e4149f1bc","HIGH","PRESENTATION_HIERARCHY","PRODUCT_MODE_ONLY","2a76e82a80652bb0b72d83c70c5569711f19c57bba84e3a1a0fb15ed2599cb87"
"F-61b8340523f67e14","campingvogn__tryg__ordinary__tryg-campingvogn-campingvogn-ekstra__2026-01-01__vs__frende__ordinary__frende-campingvogn-kasko__2026-01-01__primary","Campingvogn","Tryg","Campingvogn Ekstra","Frende","Kasko","Fastmontert utstyr","Fastmontert utstyr","campingvogn.utstyr.dekning","campingvogn.utstyr","both","","fastmontert utstyr → fastmontert utstyr → fastmontert utstyr","DUPLICATE_DISPLAY_LABEL","","","","","","ISS-bada59e1c456aed7","HIGH","PRESENTATION_HIERARCHY","PRODUCT_MODE_ONLY","a61c1544d20ce3c41048fa668990fca3a8ac37824ea75b6e7f0dc3acc355c24d"
"F-2239b7210b8c967d","campingvogn__tryg__ordinary__tryg-campingvogn-campingvogn-ekstra__2026-01-01__vs__frende__ordinary__frende-campingvogn-kasko__2026-01-01__primary","Campingvogn","Tryg","Campingvogn Ekstra","Frende","Kasko","Fortelt","Fortelt","campingvogn.fortelt.dekning","campingvogn.fortelt","both","","fortelt → fortelt → fortelt","DUPLICATE_DISPLAY_LABEL","","","","","","ISS-1ae032667749eaae","HIGH","PRESENTATION_HIERARCHY","PRODUCT_MODE_ONLY","ed92c977a7a04e609fef091f584b52b5310d0797ec24f4d56762d7f8cc82f8f2"
"F-5d22c97c41a541ac","campingvogn__tryg__ordinary__tryg-campingvogn-campingvogn-ekstra__2026-01-01__vs__frende__ordinary__frende-campingvogn-kasko__2026-01-01__primary","Campingvogn","Tryg","Campingvogn Ekstra","Frende","Kasko","Skadedyr","Skadedyr","campingvogn.skadedyr.dekning","campingvogn.skadedyr","both","","skadedyr → skadedyr → skadedyr","DUPLICATE_DISPLAY_LABEL","","","","","","ISS-bbd64a9627b6753e","HIGH","PRESENTATION_HIERARCHY","PRODUCT_MODE_ONLY","eebebd218915adc34981117e69de0e4ac754662b592aa6af95b56ba25d09bfa1"
"F-a461e411dd781cfd","campingvogn__tryg__ordinary__tryg-campingvogn-campingvogn-ekstra__2026-01-01__vs__frende__ordinary__frende-campingvogn-kasko__2026-01-01__primary","Campingvogn","Tryg","Campingvogn Ekstra","Frende","Kasko","Glass","Glass","campingvogn.glass.dekning","campingvogn.glass","both","","glass → glass → glass","DUPLICATE_DISPLAY_LABEL","","","","","","ISS-62cd73da6b0f36e2","HIGH","PRESENTATION_HIERARCHY","PRODUCT_MODE_ONLY","68c6bc1949b0d9ef779056c3724286be6d44f59ef7508b7bc734ed1a12d9b634"
"F-d8d0526eaefeedf2","campingvogn__tryg__ordinary__tryg-campingvogn-campingvogn-ekstra__2026-01-01__vs__frende__ordinary__frende-campingvogn-kasko__2026-01-01__primary","Campingvogn","Tryg","Campingvogn Ekstra","Frende","Kasko","Brann","Brann","campingvogn.brann.dekning","campingvogn.brann","both","","brann → brann → brann","DUPLICATE_DISPLAY_LABEL","","","","","","ISS-018695238683e3f9","HIGH","PRESENTATION_HIERARCHY","PRODUCT_MODE_ONLY","0a40751a76a357252c20d357360fb40d554c194a375e8c5e3f53a3e122773312"
"F-a430a230520b42e0","campingvogn__tryg__ordinary__tryg-campingvogn-campingvogn-ekstra__2026-01-01__vs__frende__ordinary__frende-campingvogn-kasko__2026-01-01__primary","Campingvogn","Tryg","Campingvogn Ekstra","Frende","Kasko","Tyveri","Tyveri","campingvogn.tyveri.dekning","campingvogn.tyveri","both","","tyveri → tyveri → tyveri","DUPLICATE_DISPLAY_LABEL","","","","","","ISS-519fa46e47c82538","HIGH","PRESENTATION_HIERARCHY","PRODUCT_MODE_ONLY","97f98d847b23e8bcbe9f204245d008d97f0f94327f368a31a7c40a93c8c7b8a8"
"F-1f58ddcae7ea2894","campingvogn__tryg__ordinary__tryg-campingvogn-campingvogn-ekstra__2026-01-01__vs__frende__ordinary__frende-campingvogn-kasko__2026-01-01__primary","Campingvogn","Tryg","Campingvogn Ekstra","Frende","Kasko","Rettshjelp","Rettshjelp","campingvogn.rettshjelp.dekning","campingvogn.rettshjelp","both","","rettshjelp → rettshjelp → rettshjelp","DUPLICATE_DISPLAY_LABEL","","","","","","ISS-35aedcefdb7cee1e","HIGH","PRESENTATION_HIERARCHY","PRODUCT_MODE_ONLY","45a21f427678eab73ea5dfe2762b27aa3e876211e9ded8a69476c0b6c513f254"
"F-581fd681946c5320","campingvogn__tryg__ordinary__tryg-campingvogn-campingvogn-ekstra__2026-01-01__vs__frende__ordinary__frende-campingvogn-kasko__2026-01-01__primary","Campingvogn","Tryg","Campingvogn Ekstra","Frende","Kasko","Andre vilkår","avtale – forsikringssum","campingvogn.avtale.forsikringssum","campingvogn.ufordelt.campingvogn.avtale.forsikringssum","first","included","Avtalt forsikringssum; ved totalskade begrenset til markedsverdien","CUSTOMER_SPECIFIC_REFERENCE","Offentlig vilkår","vehicle:tryg-odpdf-f862c645.pdf","","","","ISS-a46bff1ae5461a06","HIGH","PRODUCT_MODE_ONLY_PRESENTATION","PRODUCT_MODE_ONLY","f5324275e97d2f45af6d5637d84a3eb5cb4855427175b7cdf3d1d227b7c462ee"
"F-b4c0de55cd7c75c0","campingvogn__tryg__ordinary__tryg-campingvogn-campingvogn-ekstra__2026-01-01__vs__storebrand__ordinary__storebrand-campingvogn-super__2026-03-01__primary","Campingvogn","Tryg","Campingvogn Ekstra","Storebrand","Super","Kasko","Kasko","campingvogn.kasko.dekning","campingvogn.kasko","both","","kasko → kasko → kasko","DUPLICATE_DISPLAY_LABEL","","","","","","ISS-b6a861fa45368229","HIGH","PRESENTATION_HIERARCHY","PRODUCT_MODE_ONLY","ff3d8bad567d5692cc9b49f09491577da169b4041f85ac7590cd52a5c6dc2a03"
"F-c13663e568b47f99","campingvogn__tryg__ordinary__tryg-campingvogn-campingvogn-ekstra__2026-01-01__vs__storebrand__ordinary__storebrand-campingvogn-super__2026-03-01__primary","Campingvogn","Tryg","Campingvogn Ekstra","Storebrand","Super","Fuktskade","Fuktskade","campingvogn.fukt.dekning","campingvogn.fukt","both","","fuktskade → fuktskade → fuktskade","DUPLICATE_DISPLAY_LABEL","","","","","","ISS-939c16856777c623","HIGH","PRESENTATION_HIERARCHY","PRODUCT_MODE_ONLY","c3ef2d788cca11043db10ea2f0585bc0b8709351299dc0bbc6df84a1a0afd19d"
"F-709ff2a29b015d0e","campingvogn__tryg__ordinary__tryg-campingvogn-campingvogn-ekstra__2026-01-01__vs__storebrand__ordinary__storebrand-campingvogn-super__2026-03-01__primary","Campingvogn","Tryg","Campingvogn Ekstra","Storebrand","Super","Ny campingvogn ved totalskade","Ny campingvogn ved totalskade","campingvogn.nyverdi.dekning","campingvogn.nyverdi","both","","ny campingvogn ved totalskade → ny campingvogn ved totalskade → ny campingvogn ved totalskade","DUPLICATE_DISPLAY_LABEL","","","","","","ISS-9524b557aa9eb357","HIGH","PRESENTATION_HIERARCHY","PRODUCT_MODE_ONLY","9fa82e5aaca05f7aefd711fda73d2d8a24134b38de789a2cc1390aee1c32bbe6"
"F-5f82eea22f036ae0","campingvogn__tryg__ordinary__tryg-campingvogn-campingvogn-ekstra__2026-01-01__vs__storebrand__ordinary__storebrand-campingvogn-super__2026-03-01__primary","Campingvogn","Tryg","Campingvogn Ekstra","Storebrand","Super","Avbrutt ferie","Avbrutt ferie","campingvogn.ferie.dekning","campingvogn.ferie","both","","avbrutt ferie → avbrutt ferie → avbrutt ferie","DUPLICATE_DISPLAY_LABEL","","","","","","ISS-339b2dc292d3f4fc","HIGH","PRESENTATION_HIERARCHY","PRODUCT_MODE_ONLY","04b23cc7d69a62b034390d0e1a817141d1f9912462cb82ad79037eafc02c5b94"
"F-0113183dc3b1701f","campingvogn__tryg__ordinary__tryg-campingvogn-campingvogn-ekstra__2026-01-01__vs__storebrand__ordinary__storebrand-campingvogn-super__2026-03-01__primary","Campingvogn","Tryg","Campingvogn Ekstra","Storebrand","Super","Løsøre","Løsøre","campingvogn.losore.dekning","campingvogn.losore","both","","løsøre → løsøre → løsøre","DUPLICATE_DISPLAY_LABEL","","","","","","ISS-410b677e4149f1bc","HIGH","PRESENTATION_HIERARCHY","PRODUCT_MODE_ONLY","7a12af79b09130d46959dfa8119950081dcee745bd70b8b67090050107a289eb"
"F-62c6a00ea96db108","campingvogn__tryg__ordinary__tryg-campingvogn-campingvogn-ekstra__2026-01-01__vs__storebrand__ordinary__storebrand-campingvogn-super__2026-03-01__primary","Campingvogn","Tryg","Campingvogn Ekstra","Storebrand","Super","Fastmontert utstyr","Fastmontert utstyr","campingvogn.utstyr.dekning","campingvogn.utstyr","both","","fastmontert utstyr → fastmontert utstyr → fastmontert utstyr","DUPLICATE_DISPLAY_LABEL","","","","","","ISS-bada59e1c456aed7","HIGH","PRESENTATION_HIERARCHY","PRODUCT_MODE_ONLY","3db45f652c7b088d100020a02d128c734876444138dfd1d302a05e6f474cc64e"
"F-3ce8c29180566903","campingvogn__tryg__ordinary__tryg-campingvogn-campingvogn-ekstra__2026-01-01__vs__storebrand__ordinary__storebrand-campingvogn-super__2026-03-01__primary","Campingvogn","Tryg","Campingvogn Ekstra","Storebrand","Super","Fortelt","Fortelt","campingvogn.fortelt.dekning","campingvogn.fortelt","both","","fortelt → fortelt → fortelt","DUPLICATE_DISPLAY_LABEL","","","","","","ISS-1ae032667749eaae","HIGH","PRESENTATION_HIERARCHY","PRODUCT_MODE_ONLY","b7231d3ca86e5fb3622c59bedccced5d8ed6163bad5ba0d88cf29bc8e687a511"
"F-68b9855479b81676","campingvogn__tryg__ordinary__tryg-campingvogn-campingvogn-ekstra__2026-01-01__vs__storebrand__ordinary__storebrand-campingvogn-super__2026-03-01__primary","Campingvogn","Tryg","Campingvogn Ekstra","Storebrand","Super","Skadedyr","Skadedyr","campingvogn.skadedyr.dekning","campingvogn.skadedyr","both","","skadedyr → skadedyr → skadedyr","DUPLICATE_DISPLAY_LABEL","","","","","","ISS-bbd64a9627b6753e","HIGH","PRESENTATION_HIERARCHY","PRODUCT_MODE_ONLY","873605c82a8c7de778da0022157b7d0eec6f9e85436cbe070005a8f3529de02c"
"F-1dba39abf6192c60","campingvogn__tryg__ordinary__tryg-campingvogn-campingvogn-ekstra__2026-01-01__vs__storebrand__ordinary__storebrand-campingvogn-super__2026-03-01__primary","Campingvogn","Tryg","Campingvogn Ekstra","Storebrand","Super","Redning","Redning","campingvogn.redning.dekning","campingvogn.redning","both","","redning → redning → redning","DUPLICATE_DISPLAY_LABEL","","","","","","ISS-c24fa6b8f0fbf68f","HIGH","PRESENTATION_HIERARCHY","PRODUCT_MODE_ONLY","bbfd37841a4769ec7a0307a9a618461b8d3764a2acb974e15f185370d47a785b"
"F-e1845fe2a27f1207","campingvogn__tryg__ordinary__tryg-campingvogn-campingvogn-ekstra__2026-01-01__vs__storebrand__ordinary__storebrand-campingvogn-super__2026-03-01__primary","Campingvogn","Tryg","Campingvogn Ekstra","Storebrand","Super","Glass","Glass","campingvogn.glass.dekning","campingvogn.glass","both","","glass → glass → glass","DUPLICATE_DISPLAY_LABEL","","","","","","ISS-62cd73da6b0f36e2","HIGH","PRESENTATION_HIERARCHY","PRODUCT_MODE_ONLY","2a9908c3c211d365d4914097b079bf80db2da2ed153108d8aac3101e57fdec05"
"F-b5d5c8916a76675f","campingvogn__tryg__ordinary__tryg-campingvogn-campingvogn-ekstra__2026-01-01__vs__storebrand__ordinary__storebrand-campingvogn-super__2026-03-01__primary","Campingvogn","Tryg","Campingvogn Ekstra","Storebrand","Super","Brann","Brann","campingvogn.brann.dekning","campingvogn.brann","both","","brann → brann → brann","DUPLICATE_DISPLAY_LABEL","","","","","","ISS-018695238683e3f9","HIGH","PRESENTATION_HIERARCHY","PRODUCT_MODE_ONLY","49f74b3a8b9b63fc533bae9817cd418276477b6f021751983addb2da2f351c59"
"F-be8a2358b8ac4f2b","campingvogn__tryg__ordinary__tryg-campingvogn-campingvogn-ekstra__2026-01-01__vs__storebrand__ordinary__storebrand-campingvogn-super__2026-03-01__primary","Campingvogn","Tryg","Campingvogn Ekstra","Storebrand","Super","Tyveri","Tyveri","campingvogn.tyveri.dekning","campingvogn.tyveri","both","","tyveri → tyveri → tyveri","DUPLICATE_DISPLAY_LABEL","","","","","","ISS-519fa46e47c82538","HIGH","PRESENTATION_HIERARCHY","PRODUCT_MODE_ONLY","5ea0d09abc2998d3e44311f4e9416a253ef1494c32cbe425787b60b1444fc937"
"F-cba9ae877d7364e8","campingvogn__tryg__ordinary__tryg-campingvogn-campingvogn-ekstra__2026-01-01__vs__storebrand__ordinary__storebrand-campingvogn-super__2026-03-01__primary","Campingvogn","Tryg","Campingvogn Ekstra","Storebrand","Super","Rettshjelp","Rettshjelp","campingvogn.rettshjelp.dekning","campingvogn.rettshjelp","both","","rettshjelp → rettshjelp → rettshjelp","DUPLICATE_DISPLAY_LABEL","","","","","","ISS-35aedcefdb7cee1e","HIGH","PRESENTATION_HIERARCHY","PRODUCT_MODE_ONLY","90ba861818192b21a8ae28f3ff64f899023779bdd910d2ff3eb75ff63043a16a"
"F-19488c5904ed74cd","campingvogn__tryg__ordinary__tryg-campingvogn-campingvogn-ekstra__2026-01-01__vs__storebrand__ordinary__storebrand-campingvogn-super__2026-03-01__primary","Campingvogn","Tryg","Campingvogn Ekstra","Storebrand","Super","Andre vilkår","avtale – forsikringssum","campingvogn.avtale.forsikringssum","campingvogn.ufordelt.campingvogn.avtale.forsikringssum","first","included","Avtalt forsikringssum; ved totalskade begrenset til markedsverdien","CUSTOMER_SPECIFIC_REFERENCE","Offentlig vilkår","vehicle:tryg-odpdf-f862c645.pdf","","","","ISS-a46bff1ae5461a06","HIGH","PRODUCT_MODE_ONLY_PRESENTATION","PRODUCT_MODE_ONLY","98582053f0f6a659e1e498d7cec282987da3ecd5547feb3676eb5175ff62f8db"
"F-10eb96540905cfed","campingvogn__tryg__ordinary__tryg-campingvogn-campingvogn-ekstra__2026-01-01__vs__if__ordinary__if-campingvogn-kasko__2024-03__primary","Campingvogn","Tryg","Campingvogn Ekstra","If","Kasko","Kasko","Kasko","campingvogn.kasko.dekning","campingvogn.kasko","both","","kasko → kasko → kasko","DUPLICATE_DISPLAY_LABEL","","","","","","ISS-b6a861fa45368229","HIGH","PRESENTATION_HIERARCHY","PRODUCT_MODE_ONLY","68ae9865bae0f076b13970be3ac000d1a330efc89dc71dbae645cb2d2c9000fe"
"F-06a59faaca682c2f","campingvogn__tryg__ordinary__tryg-campingvogn-campingvogn-ekstra__2026-01-01__vs__if__ordinary__if-campingvogn-kasko__2024-03__primary","Campingvogn","Tryg","Campingvogn Ekstra","If","Kasko","Fuktskade","Fuktskade","campingvogn.fukt.dekning","campingvogn.fukt","both","","fuktskade → fuktskade → fuktskade","DUPLICATE_DISPLAY_LABEL","","","","","","ISS-939c16856777c623","HIGH","PRESENTATION_HIERARCHY","PRODUCT_MODE_ONLY","f76c1b9d3e73c7673f6ed9dda627a7a7318e8be7ca384160535a350ebeee9f89"
"F-53253ac599b93971","campingvogn__tryg__ordinary__tryg-campingvogn-campingvogn-ekstra__2026-01-01__vs__if__ordinary__if-campingvogn-kasko__2024-03__primary","Campingvogn","Tryg","Campingvogn Ekstra","If","Kasko","Avbrutt ferie","Avbrutt ferie","campingvogn.ferie.dekning","campingvogn.ferie","both","","avbrutt ferie → avbrutt ferie → avbrutt ferie","DUPLICATE_DISPLAY_LABEL","","","","","","ISS-339b2dc292d3f4fc","HIGH","PRESENTATION_HIERARCHY","PRODUCT_MODE_ONLY","1a0d1f9ae721baf0ca0f037aad3d617302286fe2e5e4ac34abad546f3eb435ef"
"F-a77fcd90e33dc9a7","campingvogn__tryg__ordinary__tryg-campingvogn-campingvogn-ekstra__2026-01-01__vs__if__ordinary__if-campingvogn-kasko__2024-03__primary","Campingvogn","Tryg","Campingvogn Ekstra","If","Kasko","Løsøre","Løsøre","campingvogn.losore.dekning","campingvogn.losore","both","","løsøre → løsøre → løsøre","DUPLICATE_DISPLAY_LABEL","","","","","","ISS-410b677e4149f1bc","HIGH","PRESENTATION_HIERARCHY","PRODUCT_MODE_ONLY","f11cf38ca1a30673f7e7e0a4ca97e23b89458f4c3f3e9f80ed3f09dbf8b091f9"
"F-330a69c9d25c609b","campingvogn__tryg__ordinary__tryg-campingvogn-campingvogn-ekstra__2026-01-01__vs__if__ordinary__if-campingvogn-kasko__2024-03__primary","Campingvogn","Tryg","Campingvogn Ekstra","If","Kasko","Fastmontert utstyr","Fastmontert utstyr","campingvogn.utstyr.dekning","campingvogn.utstyr","both","","fastmontert utstyr → fastmontert utstyr → fastmontert utstyr","DUPLICATE_DISPLAY_LABEL","","","","","","ISS-bada59e1c456aed7","HIGH","PRESENTATION_HIERARCHY","PRODUCT_MODE_ONLY","6354c43f59961c3ae771a73a1ae4a00165b55439fe2efa650ffbd8b1ea87d74c"
"F-fe9f608951ba9566","campingvogn__tryg__ordinary__tryg-campingvogn-campingvogn-ekstra__2026-01-01__vs__if__ordinary__if-campingvogn-kasko__2024-03__primary","Campingvogn","Tryg","Campingvogn Ekstra","If","Kasko","Fortelt","Fortelt","campingvogn.fortelt.dekning","campingvogn.fortelt","both","","fortelt → fortelt → fortelt","DUPLICATE_DISPLAY_LABEL","","","","","","ISS-1ae032667749eaae","HIGH","PRESENTATION_HIERARCHY","PRODUCT_MODE_ONLY","9831a6b979af6a23b995cc0701c5248eb2cae37240c1a2c0d05f1f8a1fb54f3d"
"F-c22e9ccf54931185","campingvogn__tryg__ordinary__tryg-campingvogn-campingvogn-ekstra__2026-01-01__vs__if__ordinary__if-campingvogn-kasko__2024-03__primary","Campingvogn","Tryg","Campingvogn Ekstra","If","Kasko","Skadedyr","Skadedyr","campingvogn.skadedyr.dekning","campingvogn.skadedyr","both","","skadedyr → skadedyr → skadedyr","DUPLICATE_DISPLAY_LABEL","","","","","","ISS-bbd64a9627b6753e","HIGH","PRESENTATION_HIERARCHY","PRODUCT_MODE_ONLY","4c3ce70b47ef75e61f45192deb710bc6801ea38561b8367486d6b68e1fc582d0"
"F-ba77320aa147a58e","campingvogn__tryg__ordinary__tryg-campingvogn-campingvogn-ekstra__2026-01-01__vs__if__ordinary__if-campingvogn-kasko__2024-03__primary","Campingvogn","Tryg","Campingvogn Ekstra","If","Kasko","Glass","Glass","campingvogn.glass.dekning","campingvogn.glass","both","","glass → glass → glass","DUPLICATE_DISPLAY_LABEL","","","","","","ISS-62cd73da6b0f36e2","HIGH","PRESENTATION_HIERARCHY","PRODUCT_MODE_ONLY","6d617795896428c9dd56207019190fd30f23137970c6c5ef12f8f83418ed13f7"
"F-6df14e343190b9af","campingvogn__tryg__ordinary__tryg-campingvogn-campingvogn-ekstra__2026-01-01__vs__if__ordinary__if-campingvogn-kasko__2024-03__primary","Campingvogn","Tryg","Campingvogn Ekstra","If","Kasko","Brann","Brann","campingvogn.brann.dekning","campingvogn.brann","both","","brann → brann → brann","DUPLICATE_DISPLAY_LABEL","","","","","","ISS-018695238683e3f9","HIGH","PRESENTATION_HIERARCHY","PRODUCT_MODE_ONLY","6ff42cb114ade6fe41286818d4e72906a64231b93e0cc63c2f5c20a4447030d2"
"F-ab18567552927b88","campingvogn__tryg__ordinary__tryg-campingvogn-campingvogn-ekstra__2026-01-01__vs__if__ordinary__if-campingvogn-kasko__2024-03__primary","Campingvogn","Tryg","Campingvogn Ekstra","If","Kasko","Tyveri","Tyveri","campingvogn.tyveri.dekning","campingvogn.tyveri","both","","tyveri → tyveri → tyveri","DUPLICATE_DISPLAY_LABEL","","","","","","ISS-519fa46e47c82538","HIGH","PRESENTATION_HIERARCHY","PRODUCT_MODE_ONLY","d8e710affbce256f6a2764423c1ca0479019a1f29892fed334b9b25eacd5cb0f"
"F-c3d42e57e8bd11d0","campingvogn__tryg__ordinary__tryg-campingvogn-campingvogn-ekstra__2026-01-01__vs__if__ordinary__if-campingvogn-kasko__2024-03__primary","Campingvogn","Tryg","Campingvogn Ekstra","If","Kasko","Naturskade","Naturskade","campingvogn.naturskade.dekning","campingvogn.naturskade","both","","naturskade → naturskade → naturskade","DUPLICATE_DISPLAY_LABEL","","","","","","ISS-655f02d2b5ca206d","HIGH","PRESENTATION_HIERARCHY","PRODUCT_MODE_ONLY","30b087fe7a3b1f581a2413a967cfb77e5d27eea0e41d685444d862b7bc1be4b1"
"F-67187d282756296a","campingvogn__tryg__ordinary__tryg-campingvogn-campingvogn-ekstra__2026-01-01__vs__if__ordinary__if-campingvogn-kasko__2024-03__primary","Campingvogn","Tryg","Campingvogn Ekstra","If","Kasko","Rettshjelp","Rettshjelp","campingvogn.rettshjelp.dekning","campingvogn.rettshjelp","both","","rettshjelp → rettshjelp → rettshjelp","DUPLICATE_DISPLAY_LABEL","","","","","","ISS-35aedcefdb7cee1e","HIGH","PRESENTATION_HIERARCHY","PRODUCT_MODE_ONLY","52a592d828f8a4a033d47089d53fedad37ee028b5491164ca9b7df1a9e0ccc17"
"F-d2dd8bc37269a66a","campingvogn__tryg__ordinary__tryg-campingvogn-campingvogn-ekstra__2026-01-01__vs__if__ordinary__if-campingvogn-kasko__2024-03__primary","Campingvogn","Tryg","Campingvogn Ekstra","If","Kasko","Andre vilkår","avtale – forsikringssum","campingvogn.avtale.forsikringssum","campingvogn.ufordelt.campingvogn.avtale.forsikringssum","first","included","Avtalt forsikringssum; ved totalskade begrenset til markedsverdien","CUSTOMER_SPECIFIC_REFERENCE","Offentlig vilkår","vehicle:tryg-odpdf-f862c645.pdf","","","","ISS-a46bff1ae5461a06","HIGH","PRODUCT_MODE_ONLY_PRESENTATION","PRODUCT_MODE_ONLY","c22460c98e2b6237723886c90eeddf05b0a532d159f527b2fa4234d1991a56d7"
"F-ce747c42a4305f44","campingvogn__tryg__ordinary__tryg-campingvogn-campingvogn-ekstra__2026-01-01__vs__eika-fremtind__ordinary__eika-fremtind-campingvogn-kasko__2024-03-21__primary","Campingvogn","Tryg","Campingvogn Ekstra","Eika / Fremtind","Kasko","Kasko","Kasko","campingvogn.kasko.dekning","campingvogn.kasko","both","","kasko → kasko → kasko","DUPLICATE_DISPLAY_LABEL","","","","","","ISS-b6a861fa45368229","HIGH","PRESENTATION_HIERARCHY","PRODUCT_MODE_ONLY","e22faae884a6c0343be684ba9f5f5986e495d25257ee715a5a6ad1fadb392927"
"F-ca704b464a3ebe0e","campingvogn__tryg__ordinary__tryg-campingvogn-campingvogn-ekstra__2026-01-01__vs__eika-fremtind__ordinary__eika-fremtind-campingvogn-kasko__2024-03-21__primary","Campingvogn","Tryg","Campingvogn Ekstra","Eika / Fremtind","Kasko","Fuktskade","Fuktskade","campingvogn.fukt.dekning","campingvogn.fukt","both","","fuktskade → fuktskade → fuktskade","DUPLICATE_DISPLAY_LABEL","","","","","","ISS-939c16856777c623","HIGH","PRESENTATION_HIERARCHY","PRODUCT_MODE_ONLY","3b5b4c364e8989d9ac1d7158f22a5ba5260b604c28fb3c81a2a7528acd83c935"
"F-c301ec677143cc27","campingvogn__tryg__ordinary__tryg-campingvogn-campingvogn-ekstra__2026-01-01__vs__eika-fremtind__ordinary__eika-fremtind-campingvogn-kasko__2024-03-21__primary","Campingvogn","Tryg","Campingvogn Ekstra","Eika / Fremtind","Kasko","Avbrutt ferie","Avbrutt ferie","campingvogn.ferie.dekning","campingvogn.ferie","both","","avbrutt ferie → avbrutt ferie → avbrutt ferie","DUPLICATE_DISPLAY_LABEL","","","","","","ISS-339b2dc292d3f4fc","HIGH","PRESENTATION_HIERARCHY","PRODUCT_MODE_ONLY","7aa5b5f5fbdb979b7318aa93041b2f2a37fcbe3bd564183254346096f083ade5"
"F-a34b780688de4405","campingvogn__tryg__ordinary__tryg-campingvogn-campingvogn-ekstra__2026-01-01__vs__eika-fremtind__ordinary__eika-fremtind-campingvogn-kasko__2024-03-21__primary","Campingvogn","Tryg","Campingvogn Ekstra","Eika / Fremtind","Kasko","Løsøre","Løsøre","campingvogn.losore.dekning","campingvogn.losore","both","","løsøre → løsøre → løsøre","DUPLICATE_DISPLAY_LABEL","","","","","","ISS-410b677e4149f1bc","HIGH","PRESENTATION_HIERARCHY","PRODUCT_MODE_ONLY","53b654a0e94657fb707a69ab1722572353d700ea9af9427b8854559bf929908e"
"F-8543e9f79ce8b02e","campingvogn__tryg__ordinary__tryg-campingvogn-campingvogn-ekstra__2026-01-01__vs__eika-fremtind__ordinary__eika-fremtind-campingvogn-kasko__2024-03-21__primary","Campingvogn","Tryg","Campingvogn Ekstra","Eika / Fremtind","Kasko","Fastmontert utstyr","Fastmontert utstyr","campingvogn.utstyr.dekning","campingvogn.utstyr","both","","fastmontert utstyr → fastmontert utstyr → fastmontert utstyr","DUPLICATE_DISPLAY_LABEL","","","","","","ISS-bada59e1c456aed7","HIGH","PRESENTATION_HIERARCHY","PRODUCT_MODE_ONLY","7cdf299381abaea88a51060b57775dae274063e5aea4fea3323d3872f40fec08"
"F-691f736e946228c3","campingvogn__tryg__ordinary__tryg-campingvogn-campingvogn-ekstra__2026-01-01__vs__eika-fremtind__ordinary__eika-fremtind-campingvogn-kasko__2024-03-21__primary","Campingvogn","Tryg","Campingvogn Ekstra","Eika / Fremtind","Kasko","Fortelt","Fortelt","campingvogn.fortelt.dekning","campingvogn.fortelt","both","","fortelt → fortelt → fortelt","DUPLICATE_DISPLAY_LABEL","","","","","","ISS-1ae032667749eaae","HIGH","PRESENTATION_HIERARCHY","PRODUCT_MODE_ONLY","f8bc8062282e07f21fc7e46aed01ca1d7fa63684f2fa42be3d3bdc71e145b94b"
"F-dfb1cb54e9191b50","campingvogn__tryg__ordinary__tryg-campingvogn-campingvogn-ekstra__2026-01-01__vs__eika-fremtind__ordinary__eika-fremtind-campingvogn-kasko__2024-03-21__primary","Campingvogn","Tryg","Campingvogn Ekstra","Eika / Fremtind","Kasko","Fortelt","Fortelt – begrensninger","campingvogn.fortelt.begrensning","campingvogn.fortelt","second","included","Fortelt/tilbygg må inngå i avtalt forsikringssum","CUSTOMER_SPECIFIC_REFERENCE","Offentlig vilkår","vehicle:fremtind-Vilkar_Kasko_Campingvogn_og_Tilhenger.pdf","","","","ISS-e45d8072f6ce23b3","HIGH","PRODUCT_MODE_ONLY_PRESENTATION","PRODUCT_MODE_ONLY","5f7ef43815f591671940c048af33779a95be32c3a433b2f6f5f4e100e3deaea4"
"F-3130983eb51286da","campingvogn__tryg__ordinary__tryg-campingvogn-campingvogn-ekstra__2026-01-01__vs__eika-fremtind__ordinary__eika-fremtind-campingvogn-kasko__2024-03-21__primary","Campingvogn","Tryg","Campingvogn Ekstra","Eika / Fremtind","Kasko","Skadedyr","Skadedyr","campingvogn.skadedyr.dekning","campingvogn.skadedyr","both","","skadedyr → skadedyr → skadedyr","DUPLICATE_DISPLAY_LABEL","","","","","","ISS-bbd64a9627b6753e","HIGH","PRESENTATION_HIERARCHY","PRODUCT_MODE_ONLY","d294b61db115f5922bb0166b8749972350ca63f5a6b7f63075169697ec137e75"
"F-bba47632e312d8b9","campingvogn__tryg__ordinary__tryg-campingvogn-campingvogn-ekstra__2026-01-01__vs__eika-fremtind__ordinary__eika-fremtind-campingvogn-kasko__2024-03-21__primary","Campingvogn","Tryg","Campingvogn Ekstra","Eika / Fremtind","Kasko","Redning","Redning","campingvogn.redning.dekning","campingvogn.redning","both","","redning → redning → redning","DUPLICATE_DISPLAY_LABEL","","","","","","ISS-c24fa6b8f0fbf68f","HIGH","PRESENTATION_HIERARCHY","PRODUCT_MODE_ONLY","7aa5cc155f7dca1f1618869c2db70499a53c14e215762fe61a6f72abc2c46fd1"
"F-daf0ae6ba66e70a1","campingvogn__tryg__ordinary__tryg-campingvogn-campingvogn-ekstra__2026-01-01__vs__eika-fremtind__ordinary__eika-fremtind-campingvogn-kasko__2024-03-21__primary","Campingvogn","Tryg","Campingvogn Ekstra","Eika / Fremtind","Kasko","Glass","Glass","campingvogn.glass.dekning","campingvogn.glass","both","","glass → glass → glass","DUPLICATE_DISPLAY_LABEL","","","","","","ISS-62cd73da6b0f36e2","HIGH","PRESENTATION_HIERARCHY","PRODUCT_MODE_ONLY","b0325464e1615f39cf9b9d5a1ea04e7a8abcdb0d3c82b649dfab47e373c9780a"
"F-73c589ba9d9b54d2","campingvogn__tryg__ordinary__tryg-campingvogn-campingvogn-ekstra__2026-01-01__vs__eika-fremtind__ordinary__eika-fremtind-campingvogn-kasko__2024-03-21__primary","Campingvogn","Tryg","Campingvogn Ekstra","Eika / Fremtind","Kasko","Brann","Brann","campingvogn.brann.dekning","campingvogn.brann","both","","brann → brann → brann","DUPLICATE_DISPLAY_LABEL","","","","","","ISS-018695238683e3f9","HIGH","PRESENTATION_HIERARCHY","PRODUCT_MODE_ONLY","5e547af2c1bd631dc65fe6844ac70de8c3bdd31aa93aa98fce016f6bd336126e"
"F-0d7249b9f7c767bb","campingvogn__tryg__ordinary__tryg-campingvogn-campingvogn-ekstra__2026-01-01__vs__eika-fremtind__ordinary__eika-fremtind-campingvogn-kasko__2024-03-21__primary","Campingvogn","Tryg","Campingvogn Ekstra","Eika / Fremtind","Kasko","Tyveri","Tyveri","campingvogn.tyveri.dekning","campingvogn.tyveri","both","","tyveri → tyveri → tyveri","DUPLICATE_DISPLAY_LABEL","","","","","","ISS-519fa46e47c82538","HIGH","PRESENTATION_HIERARCHY","PRODUCT_MODE_ONLY","f867124959e3cd8e81c3f7a622a8d902f71f5ab4b83b0174bab4eb3551fa102f"
"F-a622ebca38b35c31","campingvogn__tryg__ordinary__tryg-campingvogn-campingvogn-ekstra__2026-01-01__vs__eika-fremtind__ordinary__eika-fremtind-campingvogn-kasko__2024-03-21__primary","Campingvogn","Tryg","Campingvogn Ekstra","Eika / Fremtind","Kasko","Rettshjelp","Rettshjelp","campingvogn.rettshjelp.dekning","campingvogn.rettshjelp","both","","rettshjelp → rettshjelp → rettshjelp","DUPLICATE_DISPLAY_LABEL","","","","","","ISS-35aedcefdb7cee1e","HIGH","PRESENTATION_HIERARCHY","PRODUCT_MODE_ONLY","da942f14445d5b9d3983aa0dc146b85df509a0bfb994d5bd47a2014706bfd647"
"F-13f5204210881438","campingvogn__tryg__ordinary__tryg-campingvogn-campingvogn-ekstra__2026-01-01__vs__eika-fremtind__ordinary__eika-fremtind-campingvogn-kasko__2024-03-21__primary","Campingvogn","Tryg","Campingvogn Ekstra","Eika / Fremtind","Kasko","Andre vilkår","avtale – egenandel","campingvogn.avtale.egenandel","campingvogn.ufordelt.campingvogn.avtale.egenandel","second","included","Avtalt egenandel fremgår av forsikringsbeviset eller vilkåret","CUSTOMER_SPECIFIC_REFERENCE","Offentlig vilkår","vehicle:fremtind-Vilkar_Kasko_Campingvogn_og_Tilhenger.pdf","","","","ISS-9d944240d2b9739d","HIGH","PRODUCT_MODE_ONLY_PRESENTATION","PRODUCT_MODE_ONLY","7e1a3143758c050223c133e785eb78c3b3e441e64ffc859542b0bd77a468701b"
"F-c764d22dbe787c09","campingvogn__tryg__ordinary__tryg-campingvogn-campingvogn-ekstra__2026-01-01__vs__eika-fremtind__ordinary__eika-fremtind-campingvogn-kasko__2024-03-21__primary","Campingvogn","Tryg","Campingvogn Ekstra","Eika / Fremtind","Kasko","Andre vilkår","avtale – forsikringssum","campingvogn.avtale.forsikringssum","campingvogn.ufordelt.campingvogn.avtale.forsikringssum","first","included","Avtalt forsikringssum; ved totalskade begrenset til markedsverdien","CUSTOMER_SPECIFIC_REFERENCE","Offentlig vilkår","vehicle:tryg-odpdf-f862c645.pdf","","","","ISS-a46bff1ae5461a06","HIGH","PRODUCT_MODE_ONLY_PRESENTATION","PRODUCT_MODE_ONLY","f360d083e2d6246c84f5a453992607890acfa079e20a99c0f86f766019104341"
"F-47b797cdb407d81e","campingvogn__if__ordinary__if-campingvogn-kasko__2024-03__vs__frende__ordinary__frende-campingvogn-kasko__2026-01-01__primary","Campingvogn","If","Kasko","Frende","Kasko","Kasko","Kasko","campingvogn.kasko.dekning","campingvogn.kasko","both","","kasko → kasko → kasko","DUPLICATE_DISPLAY_LABEL","","","","","","ISS-b6a861fa45368229","HIGH","PRESENTATION_HIERARCHY","PRODUCT_MODE_ONLY","6e7c8b865b36c7fc8d987c4dd1a6bd9c2ede86332a3d8e25e5e89261d18e3909"
"F-b45996c73258ad2f","campingvogn__if__ordinary__if-campingvogn-kasko__2024-03__vs__frende__ordinary__frende-campingvogn-kasko__2026-01-01__primary","Campingvogn","If","Kasko","Frende","Kasko","Fuktskade","Fuktskade","campingvogn.fukt.dekning","campingvogn.fukt","both","","fuktskade → fuktskade → fuktskade","DUPLICATE_DISPLAY_LABEL","","","","","","ISS-939c16856777c623","HIGH","PRESENTATION_HIERARCHY","PRODUCT_MODE_ONLY","89d2a098c437588dfcaf99147ca000184663f45381bd5ab1c24b9d0ef039777e"
"F-d1c783956148f75c","campingvogn__if__ordinary__if-campingvogn-kasko__2024-03__vs__frende__ordinary__frende-campingvogn-kasko__2026-01-01__primary","Campingvogn","If","Kasko","Frende","Kasko","Løsøre","Løsøre","campingvogn.losore.dekning","campingvogn.losore","both","","løsøre → løsøre → løsøre","DUPLICATE_DISPLAY_LABEL","","","","","","ISS-410b677e4149f1bc","HIGH","PRESENTATION_HIERARCHY","PRODUCT_MODE_ONLY","0d067578d723ea0839d4889bccdeb313a5184b03edf10907f4d27283a5714d26"
"F-5bafd59887b25952","campingvogn__if__ordinary__if-campingvogn-kasko__2024-03__vs__frende__ordinary__frende-campingvogn-kasko__2026-01-01__primary","Campingvogn","If","Kasko","Frende","Kasko","Fastmontert utstyr","Fastmontert utstyr","campingvogn.utstyr.dekning","campingvogn.utstyr","both","","fastmontert utstyr → fastmontert utstyr → fastmontert utstyr","DUPLICATE_DISPLAY_LABEL","","","","","","ISS-bada59e1c456aed7","HIGH","PRESENTATION_HIERARCHY","PRODUCT_MODE_ONLY","fb4ab77d8113dec4fa1ba9c56bec18b0b47fc74d5d2c1ee66d750b0902ee919e"
"F-bae5292543ce43e4","campingvogn__if__ordinary__if-campingvogn-kasko__2024-03__vs__frende__ordinary__frende-campingvogn-kasko__2026-01-01__primary","Campingvogn","If","Kasko","Frende","Kasko","Fortelt","Fortelt","campingvogn.fortelt.dekning","campingvogn.fortelt","both","","fortelt → fortelt → fortelt","DUPLICATE_DISPLAY_LABEL","","","","","","ISS-1ae032667749eaae","HIGH","PRESENTATION_HIERARCHY","PRODUCT_MODE_ONLY","e3c1009a03ff9971ba7adcad454689124a4e37f5cfc61512a0e0dcb693e2d92b"
"F-00f36f2a603d25d8","campingvogn__if__ordinary__if-campingvogn-kasko__2024-03__vs__frende__ordinary__frende-campingvogn-kasko__2026-01-01__primary","Campingvogn","If","Kasko","Frende","Kasko","Glass","Glass","campingvogn.glass.dekning","campingvogn.glass","both","","glass → glass → glass","DUPLICATE_DISPLAY_LABEL","","","","","","ISS-62cd73da6b0f36e2","HIGH","PRESENTATION_HIERARCHY","PRODUCT_MODE_ONLY","6decc4e29b89e657ea451cfeeeec7adf74ec4f0fa1fb528b14be5316eab4a3be"
"F-f18ee4dee7c5c23f","campingvogn__if__ordinary__if-campingvogn-kasko__2024-03__vs__frende__ordinary__frende-campingvogn-kasko__2026-01-01__primary","Campingvogn","If","Kasko","Frende","Kasko","Brann","Brann","campingvogn.brann.dekning","campingvogn.brann","both","","brann → brann → brann","DUPLICATE_DISPLAY_LABEL","","","","","","ISS-018695238683e3f9","HIGH","PRESENTATION_HIERARCHY","PRODUCT_MODE_ONLY","aff913669ae863ee861bdc71d92d492ad9c964c453fccaf7a014fb453fee31d8"
"F-ba7e6141c0c6a2a4","campingvogn__if__ordinary__if-campingvogn-kasko__2024-03__vs__frende__ordinary__frende-campingvogn-kasko__2026-01-01__primary","Campingvogn","If","Kasko","Frende","Kasko","Tyveri","Tyveri","campingvogn.tyveri.dekning","campingvogn.tyveri","both","","tyveri → tyveri → tyveri","DUPLICATE_DISPLAY_LABEL","","","","","","ISS-519fa46e47c82538","HIGH","PRESENTATION_HIERARCHY","PRODUCT_MODE_ONLY","312897f3b69b0412ade23e84338497b1c92acb283955575ca7fdaf32b7399202"
"F-211ae3d530438f6f","campingvogn__if__ordinary__if-campingvogn-kasko__2024-03__vs__frende__ordinary__frende-campingvogn-kasko__2026-01-01__primary","Campingvogn","If","Kasko","Frende","Kasko","Naturskade","Naturskade","campingvogn.naturskade.dekning","campingvogn.naturskade","both","","naturskade → naturskade → naturskade","DUPLICATE_DISPLAY_LABEL","","","","","","ISS-655f02d2b5ca206d","HIGH","PRESENTATION_HIERARCHY","PRODUCT_MODE_ONLY","c0ed2cc7040a061ca27b70bc625a3e75a96824133ec94be165b695dc6ad5ecaf"
"F-099768fe060faef3","campingvogn__if__ordinary__if-campingvogn-kasko__2024-03__vs__frende__ordinary__frende-campingvogn-kasko__2026-01-01__primary","Campingvogn","If","Kasko","Frende","Kasko","Rettshjelp","Rettshjelp","campingvogn.rettshjelp.dekning","campingvogn.rettshjelp","both","","rettshjelp → rettshjelp → rettshjelp","DUPLICATE_DISPLAY_LABEL","","","","","","ISS-35aedcefdb7cee1e","HIGH","PRESENTATION_HIERARCHY","PRODUCT_MODE_ONLY","3ce78689f972971d1c7029afe7de1fec1835b09ea6a4db36a2cd48d8f0f73fc0"
"F-7b1f7b072dba52b0","campingvogn__gjensidige__ordinary__gjensidige-campingvogn-delkasko__null__vs__storebrand__ordinary__storebrand-campingvogn-brann-og-tyveri__2026-03-01__primary","Campingvogn","Gjensidige","Delkasko","Storebrand","Brann og tyveri","Løsøre","Løsøre","campingvogn.losore.dekning","campingvogn.losore","both","","løsøre → løsøre → løsøre","DUPLICATE_DISPLAY_LABEL","","","","","","ISS-410b677e4149f1bc","HIGH","PRESENTATION_HIERARCHY","PRODUCT_MODE_ONLY","c22bb18dbcdc67e8ab5be30b9689e003779b2f5fc9a0be66fb56461e44f23606"
"F-b5c7ea889ba5ea69","campingvogn__gjensidige__ordinary__gjensidige-campingvogn-delkasko__null__vs__storebrand__ordinary__storebrand-campingvogn-brann-og-tyveri__2026-03-01__primary","Campingvogn","Gjensidige","Delkasko","Storebrand","Brann og tyveri","Redning","Redning","campingvogn.redning.dekning","campingvogn.redning","both","","redning → redning → redning","DUPLICATE_DISPLAY_LABEL","","","","","","ISS-c24fa6b8f0fbf68f","HIGH","PRESENTATION_HIERARCHY","PRODUCT_MODE_ONLY","1d4c18ca4ae536e2bd870d40bb4763653896266d66bd874b3451220aa03ac257"
"F-d99e81dcfe547569","campingvogn__gjensidige__ordinary__gjensidige-campingvogn-delkasko__null__vs__storebrand__ordinary__storebrand-campingvogn-brann-og-tyveri__2026-03-01__primary","Campingvogn","Gjensidige","Delkasko","Storebrand","Brann og tyveri","Glass","Glass","campingvogn.glass.dekning","campingvogn.glass","both","","glass → glass → glass","DUPLICATE_DISPLAY_LABEL","","","","","","ISS-62cd73da6b0f36e2","HIGH","PRESENTATION_HIERARCHY","PRODUCT_MODE_ONLY","cc0b9c442c8c27278b62708ad76ed05d286bbedb20627e88e534b56efa24cec2"
"F-5039ebfb9e2cfa92","campingvogn__gjensidige__ordinary__gjensidige-campingvogn-delkasko__null__vs__storebrand__ordinary__storebrand-campingvogn-brann-og-tyveri__2026-03-01__primary","Campingvogn","Gjensidige","Delkasko","Storebrand","Brann og tyveri","Brann","Brann","campingvogn.brann.dekning","campingvogn.brann","both","","brann → brann → brann","DUPLICATE_DISPLAY_LABEL","","","","","","ISS-018695238683e3f9","HIGH","PRESENTATION_HIERARCHY","PRODUCT_MODE_ONLY","b8a7ed3107c055204cd04b180c265b9ac1ac1058e081c6cfca41c4f23c492f28"
"F-d802ce8023d7ca9d","campingvogn__gjensidige__ordinary__gjensidige-campingvogn-delkasko__null__vs__storebrand__ordinary__storebrand-campingvogn-brann-og-tyveri__2026-03-01__primary","Campingvogn","Gjensidige","Delkasko","Storebrand","Brann og tyveri","Tyveri","Tyveri","campingvogn.tyveri.dekning","campingvogn.tyveri","both","","tyveri → tyveri → tyveri","DUPLICATE_DISPLAY_LABEL","","","","","","ISS-519fa46e47c82538","HIGH","PRESENTATION_HIERARCHY","PRODUCT_MODE_ONLY","efc5cda64e66cbec7414d186bd71c5a5871f4b891d13ed55258cd0b483dae770"
"F-5c725ae13fc16137","campingvogn__gjensidige__ordinary__gjensidige-campingvogn-delkasko__null__vs__storebrand__ordinary__storebrand-campingvogn-brann-og-tyveri__2026-03-01__primary","Campingvogn","Gjensidige","Delkasko","Storebrand","Brann og tyveri","Rettshjelp","Rettshjelp","campingvogn.rettshjelp.dekning","campingvogn.rettshjelp","both","","rettshjelp → rettshjelp → rettshjelp","DUPLICATE_DISPLAY_LABEL","","","","","","ISS-35aedcefdb7cee1e","HIGH","PRESENTATION_HIERARCHY","PRODUCT_MODE_ONLY","203e6ef4331dbb5b900162959a19a4ccb8cc109ee3100129c76f48e52c19541e"
"F-a7b22c4779499037","campingvogn__tryg__ordinary__tryg-campingvogn-campingvogn-ekstra__2026-01-01__vs__tryg__ordinary__tryg-campingvogn-kasko__2026-01-01__primary","Campingvogn","Tryg","Campingvogn Ekstra","Tryg","Kasko","Kasko","Kasko","campingvogn.kasko.dekning","campingvogn.kasko","both","","kasko → kasko → kasko","DUPLICATE_DISPLAY_LABEL","","","","","","ISS-b6a861fa45368229","HIGH","PRESENTATION_HIERARCHY","PRODUCT_MODE_ONLY","804f14da5c15b9a823e0e60f339a50afaf35b5837ddedfb1c51a0c6c41f441bd"
"F-de8e6a2d8582e6cf","campingvogn__tryg__ordinary__tryg-campingvogn-campingvogn-ekstra__2026-01-01__vs__tryg__ordinary__tryg-campingvogn-kasko__2026-01-01__primary","Campingvogn","Tryg","Campingvogn Ekstra","Tryg","Kasko","Fuktskade","Fuktskade","campingvogn.fukt.dekning","campingvogn.fukt","both","","fuktskade → fuktskade → fuktskade","DUPLICATE_DISPLAY_LABEL","","","","","","ISS-939c16856777c623","HIGH","PRESENTATION_HIERARCHY","PRODUCT_MODE_ONLY","a87916b5240a0750aa72161c278ab4a490e57803773432109957a87597afc3f2"
"F-51d64f02425ceaec","campingvogn__tryg__ordinary__tryg-campingvogn-campingvogn-ekstra__2026-01-01__vs__tryg__ordinary__tryg-campingvogn-kasko__2026-01-01__primary","Campingvogn","Tryg","Campingvogn Ekstra","Tryg","Kasko","Avbrutt ferie","Avbrutt ferie","campingvogn.ferie.dekning","campingvogn.ferie","both","","avbrutt ferie → avbrutt ferie → avbrutt ferie","DUPLICATE_DISPLAY_LABEL","","","","","","ISS-339b2dc292d3f4fc","HIGH","PRESENTATION_HIERARCHY","PRODUCT_MODE_ONLY","7bc7a11cd4c1f14007b965f26e295cfee375d26038d62c699f7107546674351b"
"F-396ded4a5215e332","campingvogn__tryg__ordinary__tryg-campingvogn-campingvogn-ekstra__2026-01-01__vs__tryg__ordinary__tryg-campingvogn-kasko__2026-01-01__primary","Campingvogn","Tryg","Campingvogn Ekstra","Tryg","Kasko","Løsøre","Løsøre","campingvogn.losore.dekning","campingvogn.losore","both","","løsøre → løsøre → løsøre","DUPLICATE_DISPLAY_LABEL","","","","","","ISS-410b677e4149f1bc","HIGH","PRESENTATION_HIERARCHY","PRODUCT_MODE_ONLY","5618759a7c7472de647c03387ae98eaedadd87632cb3840b8d2a54e0976c1fb4"
"F-4787ca804dbafaea","campingvogn__tryg__ordinary__tryg-campingvogn-campingvogn-ekstra__2026-01-01__vs__tryg__ordinary__tryg-campingvogn-kasko__2026-01-01__primary","Campingvogn","Tryg","Campingvogn Ekstra","Tryg","Kasko","Fastmontert utstyr","Fastmontert utstyr","campingvogn.utstyr.dekning","campingvogn.utstyr","both","","fastmontert utstyr → fastmontert utstyr → fastmontert utstyr","DUPLICATE_DISPLAY_LABEL","","","","","","ISS-bada59e1c456aed7","HIGH","PRESENTATION_HIERARCHY","PRODUCT_MODE_ONLY","f603db1778b90ccf98e721e3c05d1ebdcf38257b32150fbad2d3966f3d9e0b79"
"F-b6be329a62ffdd9d","campingvogn__tryg__ordinary__tryg-campingvogn-campingvogn-ekstra__2026-01-01__vs__tryg__ordinary__tryg-campingvogn-kasko__2026-01-01__primary","Campingvogn","Tryg","Campingvogn Ekstra","Tryg","Kasko","Fortelt","Fortelt","campingvogn.fortelt.dekning","campingvogn.fortelt","both","","fortelt → fortelt → fortelt","DUPLICATE_DISPLAY_LABEL","","","","","","ISS-1ae032667749eaae","HIGH","PRESENTATION_HIERARCHY","PRODUCT_MODE_ONLY","ff70f723e3f11b33d62bdbc61f6d8d6a71ad662d0db1df7d7dccbafb3c0615e2"
"F-5adf6aa7206367ca","campingvogn__tryg__ordinary__tryg-campingvogn-campingvogn-ekstra__2026-01-01__vs__tryg__ordinary__tryg-campingvogn-kasko__2026-01-01__primary","Campingvogn","Tryg","Campingvogn Ekstra","Tryg","Kasko","Skadedyr","Skadedyr","campingvogn.skadedyr.dekning","campingvogn.skadedyr","both","","skadedyr → skadedyr → skadedyr","DUPLICATE_DISPLAY_LABEL","","","","","","ISS-bbd64a9627b6753e","HIGH","PRESENTATION_HIERARCHY","PRODUCT_MODE_ONLY","3e6ad674ae5b6306645047a0f93a018131621821ee95418584c308c45c6c79eb"
"F-0a9256a11b39c8b9","campingvogn__tryg__ordinary__tryg-campingvogn-campingvogn-ekstra__2026-01-01__vs__tryg__ordinary__tryg-campingvogn-kasko__2026-01-01__primary","Campingvogn","Tryg","Campingvogn Ekstra","Tryg","Kasko","Glass","Glass","campingvogn.glass.dekning","campingvogn.glass","both","","glass → glass → glass","DUPLICATE_DISPLAY_LABEL","","","","","","ISS-62cd73da6b0f36e2","HIGH","PRESENTATION_HIERARCHY","PRODUCT_MODE_ONLY","d1aa30f92a4ed6204af68271060932b50f8fb3afb486a8d9a59b2f85f92d3f89"
"F-6247c5d02e5cf859","campingvogn__tryg__ordinary__tryg-campingvogn-campingvogn-ekstra__2026-01-01__vs__tryg__ordinary__tryg-campingvogn-kasko__2026-01-01__primary","Campingvogn","Tryg","Campingvogn Ekstra","Tryg","Kasko","Brann","Brann","campingvogn.brann.dekning","campingvogn.brann","both","","brann → brann → brann","DUPLICATE_DISPLAY_LABEL","","","","","","ISS-018695238683e3f9","HIGH","PRESENTATION_HIERARCHY","PRODUCT_MODE_ONLY","a42360381121ac9a1a8d820e83906ff65aa838b4c3034bbab82b2c7003d059f4"
"F-0c0935ee67f48c64","campingvogn__tryg__ordinary__tryg-campingvogn-campingvogn-ekstra__2026-01-01__vs__tryg__ordinary__tryg-campingvogn-kasko__2026-01-01__primary","Campingvogn","Tryg","Campingvogn Ekstra","Tryg","Kasko","Tyveri","Tyveri","campingvogn.tyveri.dekning","campingvogn.tyveri","both","","tyveri → tyveri → tyveri","DUPLICATE_DISPLAY_LABEL","","","","","","ISS-519fa46e47c82538","HIGH","PRESENTATION_HIERARCHY","PRODUCT_MODE_ONLY","916af1a1a36414f7f0ba6f3f912f4004a4277c65e64688d9717611b332ea6e04"
"F-fd9c56aec153421b","campingvogn__tryg__ordinary__tryg-campingvogn-campingvogn-ekstra__2026-01-01__vs__tryg__ordinary__tryg-campingvogn-kasko__2026-01-01__primary","Campingvogn","Tryg","Campingvogn Ekstra","Tryg","Kasko","Rettshjelp","Rettshjelp","campingvogn.rettshjelp.dekning","campingvogn.rettshjelp","both","","rettshjelp → rettshjelp → rettshjelp","DUPLICATE_DISPLAY_LABEL","","","","","","ISS-35aedcefdb7cee1e","HIGH","PRESENTATION_HIERARCHY","PRODUCT_MODE_ONLY","5df180436123a374c1766b5c5c2884d95b9edd0f99280f184e6c786b79c67594"
"F-9aa214241bcd6194","campingvogn__tryg__ordinary__tryg-campingvogn-campingvogn-ekstra__2026-01-01__vs__tryg__ordinary__tryg-campingvogn-kasko__2026-01-01__primary","Campingvogn","Tryg","Campingvogn Ekstra","Tryg","Kasko","Andre vilkår","avtale – forsikringssum","campingvogn.avtale.forsikringssum","campingvogn.ufordelt.campingvogn.avtale.forsikringssum","first","included","Avtalt forsikringssum; ved totalskade begrenset til markedsverdien","CUSTOMER_SPECIFIC_REFERENCE","Offentlig vilkår","vehicle:tryg-odpdf-f862c645.pdf","","","","ISS-a46bff1ae5461a06","HIGH","PRODUCT_MODE_ONLY_PRESENTATION","PRODUCT_MODE_ONLY","41d99e6e443bf4340facd58eb0cb58346e1785d2ba03969112c75694a88f6cf2"
"F-1dd66fad0e024351","campingvogn__tryg__ordinary__tryg-campingvogn-campingvogn-ekstra__2026-01-01__vs__tryg__ordinary__tryg-campingvogn-kasko__2026-01-01__primary","Campingvogn","Tryg","Campingvogn Ekstra","Tryg","Kasko","Andre vilkår","avtale – forsikringssum","campingvogn.avtale.forsikringssum","campingvogn.ufordelt.campingvogn.avtale.forsikringssum","second","included","Avtalt forsikringssum; ved totalskade begrenset til markedsverdien","CUSTOMER_SPECIFIC_REFERENCE","Offentlig vilkår","vehicle:tryg-odpdf-f862c645.pdf","","","","ISS-f256958914060073","HIGH","PRODUCT_MODE_ONLY_PRESENTATION","PRODUCT_MODE_ONLY","41d99e6e443bf4340facd58eb0cb58346e1785d2ba03969112c75694a88f6cf2"
"F-5408ac6109854919","tilhenger__tryg__ordinary__tryg-tilhenger-kasko__2026-01-01__vs__gjensidige__ordinary__gjensidige-tilhenger-kasko__null__primary","Tilhenger","Tryg","Kasko","Gjensidige","Kasko","Kasko","Kasko","tilhenger.kasko.dekning","tilhenger.kasko","both","","kasko → kasko → kasko","DUPLICATE_DISPLAY_LABEL","","","","","","ISS-8110f04f3d3add85","HIGH","PRESENTATION_HIERARCHY","PRODUCT_MODE_ONLY","7ddf3fe96d4e6d7394e101fc4dc464b42016cff06de6006f594489e98050e278"
"F-591853687de88879","tilhenger__tryg__ordinary__tryg-tilhenger-kasko__2026-01-01__vs__gjensidige__ordinary__gjensidige-tilhenger-kasko__null__primary","Tilhenger","Tryg","Kasko","Gjensidige","Kasko","Fastmontert utstyr","Fastmontert utstyr","tilhenger.utstyr.dekning","tilhenger.utstyr","both","","fastmontert utstyr → fastmontert utstyr → fastmontert utstyr","DUPLICATE_DISPLAY_LABEL","","","","","","ISS-e7a7377c4ef812d6","HIGH","PRESENTATION_HIERARCHY","PRODUCT_MODE_ONLY","44abaf24ad9b95ae7f4f141d28b711a6e16c9124faf7958f1ad74afe0d9b1854"
"F-4d63ebbb96314db7","tilhenger__tryg__ordinary__tryg-tilhenger-kasko__2026-01-01__vs__gjensidige__ordinary__gjensidige-tilhenger-kasko__null__primary","Tilhenger","Tryg","Kasko","Gjensidige","Kasko","Redning","Redning","tilhenger.redning.dekning","tilhenger.redning","both","","redning → redning → redning","DUPLICATE_DISPLAY_LABEL","","","","","","ISS-126cd199af0494e5","HIGH","PRESENTATION_HIERARCHY","PRODUCT_MODE_ONLY","37aaa4e6c9da41f02e7b4fbf2b5ea199cd221e517d97a62639be7a9dc28cbd5d"
"F-ad4b94eb86d780fb","tilhenger__tryg__ordinary__tryg-tilhenger-kasko__2026-01-01__vs__gjensidige__ordinary__gjensidige-tilhenger-kasko__null__primary","Tilhenger","Tryg","Kasko","Gjensidige","Kasko","Brann","Brann","tilhenger.brann.dekning","tilhenger.brann","both","","brann → brann → brann","DUPLICATE_DISPLAY_LABEL","","","","","","ISS-94ce2493024451a6","HIGH","PRESENTATION_HIERARCHY","PRODUCT_MODE_ONLY","63a1839ada86a00d1ae5cb8cfcad9fc0aa1c10e4fdf5bfcc21d685eeb356b67a"
"F-d6945de5446dad0e","tilhenger__tryg__ordinary__tryg-tilhenger-kasko__2026-01-01__vs__gjensidige__ordinary__gjensidige-tilhenger-kasko__null__primary","Tilhenger","Tryg","Kasko","Gjensidige","Kasko","Tyveri","Tyveri","tilhenger.tyveri.dekning","tilhenger.tyveri","both","","tyveri → tyveri → tyveri","DUPLICATE_DISPLAY_LABEL","","","","","","ISS-d26fec4fda8d6e6b","HIGH","PRESENTATION_HIERARCHY","PRODUCT_MODE_ONLY","1fe8d76d830e43af66db3cbdccd89da02aeb4147d67a1ed06cb6f8679dd38ec0"
"F-0aba96f65da7b619","tilhenger__tryg__ordinary__tryg-tilhenger-kasko__2026-01-01__vs__gjensidige__ordinary__gjensidige-tilhenger-kasko__null__primary","Tilhenger","Tryg","Kasko","Gjensidige","Kasko","Naturskade","Naturskade","tilhenger.naturskade.dekning","tilhenger.naturskade","both","","naturskade → naturskade → naturskade","DUPLICATE_DISPLAY_LABEL","","","","","","ISS-571000a3c0fcd37a","HIGH","PRESENTATION_HIERARCHY","PRODUCT_MODE_ONLY","6823de56b7cadbff268fe4c377e18c23daee081e58d6e19049efc0d0d926f331"
"F-43f2066ce80b3ad1","tilhenger__tryg__ordinary__tryg-tilhenger-kasko__2026-01-01__vs__gjensidige__ordinary__gjensidige-tilhenger-kasko__null__primary","Tilhenger","Tryg","Kasko","Gjensidige","Kasko","Rettshjelp","Rettshjelp","tilhenger.rettshjelp.dekning","tilhenger.rettshjelp","both","","rettshjelp → rettshjelp → rettshjelp","DUPLICATE_DISPLAY_LABEL","","","","","","ISS-b89088f55b6bb0ef","HIGH","PRESENTATION_HIERARCHY","PRODUCT_MODE_ONLY","e44e30fcd29c6daf22d6342e64c90ea48bc3ca2f2837c09f6459ab13522c535d"
"F-6138b89fc4701499","tilhenger__tryg__ordinary__tryg-tilhenger-kasko__2026-01-01__vs__gjensidige__ordinary__gjensidige-tilhenger-kasko__null__primary","Tilhenger","Tryg","Kasko","Gjensidige","Kasko","Andre vilkår","avtale – forsikringssum","tilhenger.avtale.forsikringssum","tilhenger.ufordelt.tilhenger.avtale.forsikringssum","first","included","Avtalt forsikringssum; ved totalskade begrenset til markedsverdien","CUSTOMER_SPECIFIC_REFERENCE","Offentlig vilkår","vehicle:tryg-odpdf-f862c645.pdf","","","","ISS-2e5c42c0f9160a2b","HIGH","PRODUCT_MODE_ONLY_PRESENTATION","PRODUCT_MODE_ONLY","bc44e3c7a9ffa01b434f09cee2b2c01c8d5c45c15585c303bd120cd710ceb333"
"F-de825d4041ff3590","tilhenger__tryg__ordinary__tryg-tilhenger-kasko__2026-01-01__vs__frende__ordinary__frende-tilhenger-kasko__2026-01-01__primary","Tilhenger","Tryg","Kasko","Frende","Kasko","Kasko","Kasko","tilhenger.kasko.dekning","tilhenger.kasko","both","","kasko → kasko → kasko","DUPLICATE_DISPLAY_LABEL","","","","","","ISS-8110f04f3d3add85","HIGH","PRESENTATION_HIERARCHY","PRODUCT_MODE_ONLY","68a6ebc164f218cff16ecab2dc2bb0c1e3a64d48afd8a89ad1955505bd769d2b"
"F-c406a2b7f32b66b2","tilhenger__tryg__ordinary__tryg-tilhenger-kasko__2026-01-01__vs__frende__ordinary__frende-tilhenger-kasko__2026-01-01__primary","Tilhenger","Tryg","Kasko","Frende","Kasko","Fastmontert utstyr","Fastmontert utstyr","tilhenger.utstyr.dekning","tilhenger.utstyr","both","","fastmontert utstyr → fastmontert utstyr → fastmontert utstyr","DUPLICATE_DISPLAY_LABEL","","","","","","ISS-e7a7377c4ef812d6","HIGH","PRESENTATION_HIERARCHY","PRODUCT_MODE_ONLY","5a034245b5839e266cd573323be64d603e72b99ff0ecae293f5497a706d21262"
"F-4b5348341511b102","tilhenger__tryg__ordinary__tryg-tilhenger-kasko__2026-01-01__vs__frende__ordinary__frende-tilhenger-kasko__2026-01-01__primary","Tilhenger","Tryg","Kasko","Frende","Kasko","Brann","Brann","tilhenger.brann.dekning","tilhenger.brann","both","","brann → brann → brann","DUPLICATE_DISPLAY_LABEL","","","","","","ISS-94ce2493024451a6","HIGH","PRESENTATION_HIERARCHY","PRODUCT_MODE_ONLY","be07acebc1ad5490425217f6b73b4635d20d562f2f9d339206f6381fbb9db083"
"F-e188945e7becd365","tilhenger__tryg__ordinary__tryg-tilhenger-kasko__2026-01-01__vs__frende__ordinary__frende-tilhenger-kasko__2026-01-01__primary","Tilhenger","Tryg","Kasko","Frende","Kasko","Tyveri","Tyveri","tilhenger.tyveri.dekning","tilhenger.tyveri","both","","tyveri → tyveri → tyveri","DUPLICATE_DISPLAY_LABEL","","","","","","ISS-d26fec4fda8d6e6b","HIGH","PRESENTATION_HIERARCHY","PRODUCT_MODE_ONLY","ab26b14797c087cf7dcc0e1fa4f876365e8771c4ae1b1aabe40208230286c6df"
"F-93f6830a77eee653","tilhenger__tryg__ordinary__tryg-tilhenger-kasko__2026-01-01__vs__frende__ordinary__frende-tilhenger-kasko__2026-01-01__primary","Tilhenger","Tryg","Kasko","Frende","Kasko","Naturskade","Naturskade","tilhenger.naturskade.dekning","tilhenger.naturskade","both","","naturskade → naturskade → naturskade","DUPLICATE_DISPLAY_LABEL","","","","","","ISS-571000a3c0fcd37a","HIGH","PRESENTATION_HIERARCHY","PRODUCT_MODE_ONLY","26eb51066a513afc7361d47b1fe1214abd9aab541203c1e5e4d15ea085433a89"
"F-945f74ea6154bf23","tilhenger__tryg__ordinary__tryg-tilhenger-kasko__2026-01-01__vs__frende__ordinary__frende-tilhenger-kasko__2026-01-01__primary","Tilhenger","Tryg","Kasko","Frende","Kasko","Rettshjelp","Rettshjelp","tilhenger.rettshjelp.dekning","tilhenger.rettshjelp","both","","rettshjelp → rettshjelp → rettshjelp","DUPLICATE_DISPLAY_LABEL","","","","","","ISS-b89088f55b6bb0ef","HIGH","PRESENTATION_HIERARCHY","PRODUCT_MODE_ONLY","b8e3de2a55e63e3ca0a52448f1153150b553f99956371076e519181d72e5ddac"
"F-e462ae921225b479","tilhenger__tryg__ordinary__tryg-tilhenger-kasko__2026-01-01__vs__frende__ordinary__frende-tilhenger-kasko__2026-01-01__primary","Tilhenger","Tryg","Kasko","Frende","Kasko","Andre vilkår","avtale – forsikringssum","tilhenger.avtale.forsikringssum","tilhenger.ufordelt.tilhenger.avtale.forsikringssum","first","included","Avtalt forsikringssum; ved totalskade begrenset til markedsverdien","CUSTOMER_SPECIFIC_REFERENCE","Offentlig vilkår","vehicle:tryg-odpdf-f862c645.pdf","","","","ISS-2e5c42c0f9160a2b","HIGH","PRODUCT_MODE_ONLY_PRESENTATION","PRODUCT_MODE_ONLY","028289acaea0003f8f01c407b647ca327494878e3f6b271d1e1b53a28ffc70a2"
"F-1f860f7d48a0524e","tilhenger__tryg__ordinary__tryg-tilhenger-kasko__2026-01-01__vs__storebrand__ordinary__storebrand-tilhenger-kasko__2026-03-01__primary","Tilhenger","Tryg","Kasko","Storebrand","Kasko","Kasko","Kasko","tilhenger.kasko.dekning","tilhenger.kasko","both","","kasko → kasko → kasko","DUPLICATE_DISPLAY_LABEL","","","","","","ISS-8110f04f3d3add85","HIGH","PRESENTATION_HIERARCHY","PRODUCT_MODE_ONLY","7a43bd20ff0e818dca8740c6e06f17775ee0de8c18858fc0a2ab5ae137655a39"
"F-678d058191612a0f","tilhenger__tryg__ordinary__tryg-tilhenger-kasko__2026-01-01__vs__storebrand__ordinary__storebrand-tilhenger-kasko__2026-03-01__primary","Tilhenger","Tryg","Kasko","Storebrand","Kasko","Fastmontert utstyr","Fastmontert utstyr","tilhenger.utstyr.dekning","tilhenger.utstyr","both","","fastmontert utstyr → fastmontert utstyr → fastmontert utstyr","DUPLICATE_DISPLAY_LABEL","","","","","","ISS-e7a7377c4ef812d6","HIGH","PRESENTATION_HIERARCHY","PRODUCT_MODE_ONLY","f32e98210314d0d274b28df66311d056dd242b67d1f0b37ec8dbe9ac4de3019d"
"F-66bac33aaa0e5867","tilhenger__tryg__ordinary__tryg-tilhenger-kasko__2026-01-01__vs__storebrand__ordinary__storebrand-tilhenger-kasko__2026-03-01__primary","Tilhenger","Tryg","Kasko","Storebrand","Kasko","Redning","Redning","tilhenger.redning.dekning","tilhenger.redning","both","","redning → redning → redning","DUPLICATE_DISPLAY_LABEL","","","","","","ISS-126cd199af0494e5","HIGH","PRESENTATION_HIERARCHY","PRODUCT_MODE_ONLY","24e7ca8fd1b88ceed4d434bbda7fea84be87757805baf0ed23843a6e31b821ad"
"F-34371900cb47fe16","tilhenger__tryg__ordinary__tryg-tilhenger-kasko__2026-01-01__vs__storebrand__ordinary__storebrand-tilhenger-kasko__2026-03-01__primary","Tilhenger","Tryg","Kasko","Storebrand","Kasko","Brann","Brann","tilhenger.brann.dekning","tilhenger.brann","both","","brann → brann → brann","DUPLICATE_DISPLAY_LABEL","","","","","","ISS-94ce2493024451a6","HIGH","PRESENTATION_HIERARCHY","PRODUCT_MODE_ONLY","61674b246cb7ff3eb5f560a309a17489bea538c80b16199c4cb01dfc3586beb5"
"F-04f4543f73cd56da","tilhenger__tryg__ordinary__tryg-tilhenger-kasko__2026-01-01__vs__storebrand__ordinary__storebrand-tilhenger-kasko__2026-03-01__primary","Tilhenger","Tryg","Kasko","Storebrand","Kasko","Tyveri","Tyveri","tilhenger.tyveri.dekning","tilhenger.tyveri","both","","tyveri → tyveri → tyveri","DUPLICATE_DISPLAY_LABEL","","","","","","ISS-d26fec4fda8d6e6b","HIGH","PRESENTATION_HIERARCHY","PRODUCT_MODE_ONLY","ff96a697ca56dc4c9a8238ff7bd7b19d3cbbc69d2fade7cae1a33218b16391ff"
"F-4c86cbdf2030a6da","tilhenger__tryg__ordinary__tryg-tilhenger-kasko__2026-01-01__vs__storebrand__ordinary__storebrand-tilhenger-kasko__2026-03-01__primary","Tilhenger","Tryg","Kasko","Storebrand","Kasko","Naturskade","Naturskade","tilhenger.naturskade.dekning","tilhenger.naturskade","both","","naturskade → naturskade → naturskade","DUPLICATE_DISPLAY_LABEL","","","","","","ISS-571000a3c0fcd37a","HIGH","PRESENTATION_HIERARCHY","PRODUCT_MODE_ONLY","96c37ec9df50b72e7989b53529d876f230b7861de692290b9fc44386c0dd8932"
"F-8072c264d71a936e","tilhenger__tryg__ordinary__tryg-tilhenger-kasko__2026-01-01__vs__storebrand__ordinary__storebrand-tilhenger-kasko__2026-03-01__primary","Tilhenger","Tryg","Kasko","Storebrand","Kasko","Rettshjelp","Rettshjelp","tilhenger.rettshjelp.dekning","tilhenger.rettshjelp","both","","rettshjelp → rettshjelp → rettshjelp","DUPLICATE_DISPLAY_LABEL","","","","","","ISS-b89088f55b6bb0ef","HIGH","PRESENTATION_HIERARCHY","PRODUCT_MODE_ONLY","a2794f5f1d70555a1700fb6f854168ab67768b99191c2c299bf91b7ade368c2f"
"F-9cbae5ced859597b","tilhenger__tryg__ordinary__tryg-tilhenger-kasko__2026-01-01__vs__storebrand__ordinary__storebrand-tilhenger-kasko__2026-03-01__primary","Tilhenger","Tryg","Kasko","Storebrand","Kasko","Andre vilkår","avtale – forsikringssum","tilhenger.avtale.forsikringssum","tilhenger.ufordelt.tilhenger.avtale.forsikringssum","first","included","Avtalt forsikringssum; ved totalskade begrenset til markedsverdien","CUSTOMER_SPECIFIC_REFERENCE","Offentlig vilkår","vehicle:tryg-odpdf-f862c645.pdf","","","","ISS-2e5c42c0f9160a2b","HIGH","PRODUCT_MODE_ONLY_PRESENTATION","PRODUCT_MODE_ONLY","e587400ec9812ad2f6d099fc422cdd515399e496e8c8dd38d9f412912e8e2dba"
"F-c95261ba3a81cb55","tilhenger__tryg__ordinary__tryg-tilhenger-kasko__2026-01-01__vs__if__ordinary__if-tilhenger-kasko__2024-03__primary","Tilhenger","Tryg","Kasko","If","Kasko","Kasko","Kasko","tilhenger.kasko.dekning","tilhenger.kasko","both","","kasko → kasko → kasko","DUPLICATE_DISPLAY_LABEL","","","","","","ISS-8110f04f3d3add85","HIGH","PRESENTATION_HIERARCHY","PRODUCT_MODE_ONLY","ae6a7c57d05dce53244d97195ae5bb65d5c7c130a206b1a008684e760ddb615c"
"F-456ac9de8323dc01","tilhenger__tryg__ordinary__tryg-tilhenger-kasko__2026-01-01__vs__if__ordinary__if-tilhenger-kasko__2024-03__primary","Tilhenger","Tryg","Kasko","If","Kasko","Fastmontert utstyr","Fastmontert utstyr","tilhenger.utstyr.dekning","tilhenger.utstyr","both","","fastmontert utstyr → fastmontert utstyr → fastmontert utstyr","DUPLICATE_DISPLAY_LABEL","","","","","","ISS-e7a7377c4ef812d6","HIGH","PRESENTATION_HIERARCHY","PRODUCT_MODE_ONLY","f57e60aa5eed1e9ecd91913bb58ce8a2155e22921c8d8f93c5e55d7174d8b8b2"
"F-3c19581bd4aa04cc","tilhenger__tryg__ordinary__tryg-tilhenger-kasko__2026-01-01__vs__if__ordinary__if-tilhenger-kasko__2024-03__primary","Tilhenger","Tryg","Kasko","If","Kasko","Brann","Brann","tilhenger.brann.dekning","tilhenger.brann","both","","brann → brann → brann","DUPLICATE_DISPLAY_LABEL","","","","","","ISS-94ce2493024451a6","HIGH","PRESENTATION_HIERARCHY","PRODUCT_MODE_ONLY","e435ef3e5a0862825f957b93059ae973728fcd0fd5330675ab94e748d1b716cc"
"F-5f77f503bd258184","tilhenger__tryg__ordinary__tryg-tilhenger-kasko__2026-01-01__vs__if__ordinary__if-tilhenger-kasko__2024-03__primary","Tilhenger","Tryg","Kasko","If","Kasko","Tyveri","Tyveri","tilhenger.tyveri.dekning","tilhenger.tyveri","both","","tyveri → tyveri → tyveri","DUPLICATE_DISPLAY_LABEL","","","","","","ISS-d26fec4fda8d6e6b","HIGH","PRESENTATION_HIERARCHY","PRODUCT_MODE_ONLY","89b8c576a44dc559c81cb9ea5ff84808be4f5a840f8c53cf15642f8e722117ea"
"F-af79d7b10474be93","tilhenger__tryg__ordinary__tryg-tilhenger-kasko__2026-01-01__vs__if__ordinary__if-tilhenger-kasko__2024-03__primary","Tilhenger","Tryg","Kasko","If","Kasko","Naturskade","Naturskade","tilhenger.naturskade.dekning","tilhenger.naturskade","both","","naturskade → naturskade → naturskade","DUPLICATE_DISPLAY_LABEL","","","","","","ISS-571000a3c0fcd37a","HIGH","PRESENTATION_HIERARCHY","PRODUCT_MODE_ONLY","c229b7075ae09a7abc3d9712b8a1331c9bda72dcb4b9c11e5cc8f133019c74b3"
"F-64fec670335757ae","tilhenger__tryg__ordinary__tryg-tilhenger-kasko__2026-01-01__vs__if__ordinary__if-tilhenger-kasko__2024-03__primary","Tilhenger","Tryg","Kasko","If","Kasko","Rettshjelp","Rettshjelp","tilhenger.rettshjelp.dekning","tilhenger.rettshjelp","both","","rettshjelp → rettshjelp → rettshjelp","DUPLICATE_DISPLAY_LABEL","","","","","","ISS-b89088f55b6bb0ef","HIGH","PRESENTATION_HIERARCHY","PRODUCT_MODE_ONLY","29c5c14db61134012ea6e9b4d889a5088f2da2439918c11a94771668dce1fa3e"
"F-047d4ff37fc22d61","tilhenger__tryg__ordinary__tryg-tilhenger-kasko__2026-01-01__vs__if__ordinary__if-tilhenger-kasko__2024-03__primary","Tilhenger","Tryg","Kasko","If","Kasko","Andre vilkår","avtale – forsikringssum","tilhenger.avtale.forsikringssum","tilhenger.ufordelt.tilhenger.avtale.forsikringssum","first","included","Avtalt forsikringssum; ved totalskade begrenset til markedsverdien","CUSTOMER_SPECIFIC_REFERENCE","Offentlig vilkår","vehicle:tryg-odpdf-f862c645.pdf","","","","ISS-2e5c42c0f9160a2b","HIGH","PRODUCT_MODE_ONLY_PRESENTATION","PRODUCT_MODE_ONLY","3b165ab9b45d212ef080f6346de002d935a2c7ee7cd8da01454dd9c364790ec0"
"F-1d25fb9087dc9785","tilhenger__tryg__ordinary__tryg-tilhenger-kasko__2026-01-01__vs__eika-fremtind__ordinary__eika-fremtind-tilhenger-kasko__2024-03-21__primary","Tilhenger","Tryg","Kasko","Eika / Fremtind","Kasko","Kasko","Kasko","tilhenger.kasko.dekning","tilhenger.kasko","both","","kasko → kasko → kasko","DUPLICATE_DISPLAY_LABEL","","","","","","ISS-8110f04f3d3add85","HIGH","PRESENTATION_HIERARCHY","PRODUCT_MODE_ONLY","8632eaa1f3f8540e9464b64c0a519a609c8fd0e8baa2657b129fb35a48a7deb2"
"F-314ce2671a1317db","tilhenger__tryg__ordinary__tryg-tilhenger-kasko__2026-01-01__vs__eika-fremtind__ordinary__eika-fremtind-tilhenger-kasko__2024-03-21__primary","Tilhenger","Tryg","Kasko","Eika / Fremtind","Kasko","Fastmontert utstyr","Fastmontert utstyr","tilhenger.utstyr.dekning","tilhenger.utstyr","both","","fastmontert utstyr → fastmontert utstyr → fastmontert utstyr","DUPLICATE_DISPLAY_LABEL","","","","","","ISS-e7a7377c4ef812d6","HIGH","PRESENTATION_HIERARCHY","PRODUCT_MODE_ONLY","49a9359dbb91680c7481b1a7f6bc11d452d91245a2db222ee190f869d0124ff0"
"F-67769a03e7ac4ead","tilhenger__tryg__ordinary__tryg-tilhenger-kasko__2026-01-01__vs__eika-fremtind__ordinary__eika-fremtind-tilhenger-kasko__2024-03-21__primary","Tilhenger","Tryg","Kasko","Eika / Fremtind","Kasko","Redning","Redning","tilhenger.redning.dekning","tilhenger.redning","both","","redning → redning → redning","DUPLICATE_DISPLAY_LABEL","","","","","","ISS-126cd199af0494e5","HIGH","PRESENTATION_HIERARCHY","PRODUCT_MODE_ONLY","1030a20c18f0df52bc193a9571be82b033b561806a6542a2e34584051148ebd5"
"F-1e4afda0c2f00a63","tilhenger__tryg__ordinary__tryg-tilhenger-kasko__2026-01-01__vs__eika-fremtind__ordinary__eika-fremtind-tilhenger-kasko__2024-03-21__primary","Tilhenger","Tryg","Kasko","Eika / Fremtind","Kasko","Brann","Brann","tilhenger.brann.dekning","tilhenger.brann","both","","brann → brann → brann","DUPLICATE_DISPLAY_LABEL","","","","","","ISS-94ce2493024451a6","HIGH","PRESENTATION_HIERARCHY","PRODUCT_MODE_ONLY","ce95818b348bcc819740c32c97a1cda933a4c9b2567a95e899256a0a48676410"
"F-e828e09b8792e4d9","tilhenger__tryg__ordinary__tryg-tilhenger-kasko__2026-01-01__vs__eika-fremtind__ordinary__eika-fremtind-tilhenger-kasko__2024-03-21__primary","Tilhenger","Tryg","Kasko","Eika / Fremtind","Kasko","Tyveri","Tyveri","tilhenger.tyveri.dekning","tilhenger.tyveri","both","","tyveri → tyveri → tyveri","DUPLICATE_DISPLAY_LABEL","","","","","","ISS-d26fec4fda8d6e6b","HIGH","PRESENTATION_HIERARCHY","PRODUCT_MODE_ONLY","da502a60bd4e3648416e3e0fe7c14e93b59fc8a851bf19479b11de6f47b8788a"
"F-3cd7cf36e868cc2a","tilhenger__tryg__ordinary__tryg-tilhenger-kasko__2026-01-01__vs__eika-fremtind__ordinary__eika-fremtind-tilhenger-kasko__2024-03-21__primary","Tilhenger","Tryg","Kasko","Eika / Fremtind","Kasko","Naturskade","Naturskade","tilhenger.naturskade.dekning","tilhenger.naturskade","both","","naturskade → naturskade → naturskade","DUPLICATE_DISPLAY_LABEL","","","","","","ISS-571000a3c0fcd37a","HIGH","PRESENTATION_HIERARCHY","PRODUCT_MODE_ONLY","ae1a0f0804b54cfde7ee5a82fdb3c13253070a0d7b3557260812120869021791"
"F-69b9dd5cfbd29c6c","tilhenger__tryg__ordinary__tryg-tilhenger-kasko__2026-01-01__vs__eika-fremtind__ordinary__eika-fremtind-tilhenger-kasko__2024-03-21__primary","Tilhenger","Tryg","Kasko","Eika / Fremtind","Kasko","Rettshjelp","Rettshjelp","tilhenger.rettshjelp.dekning","tilhenger.rettshjelp","both","","rettshjelp → rettshjelp → rettshjelp","DUPLICATE_DISPLAY_LABEL","","","","","","ISS-b89088f55b6bb0ef","HIGH","PRESENTATION_HIERARCHY","PRODUCT_MODE_ONLY","87a51868b391bad222f1ebbf447ebee2e7003a1a30a5012367d4135779e44b68"
"F-0506a4334aedb039","tilhenger__tryg__ordinary__tryg-tilhenger-kasko__2026-01-01__vs__eika-fremtind__ordinary__eika-fremtind-tilhenger-kasko__2024-03-21__primary","Tilhenger","Tryg","Kasko","Eika / Fremtind","Kasko","Andre vilkår","avtale – egenandel","tilhenger.avtale.egenandel","tilhenger.ufordelt.tilhenger.avtale.egenandel","second","included","Avtalt egenandel fremgår av forsikringsbeviset eller vilkåret","CUSTOMER_SPECIFIC_REFERENCE","Offentlig vilkår","vehicle:fremtind-Vilkar_Kasko_Campingvogn_og_Tilhenger.pdf","","","","ISS-cf4cf88c8283a6cb","HIGH","PRODUCT_MODE_ONLY_PRESENTATION","PRODUCT_MODE_ONLY","5dea4a3ffb9e291acc86571c44797a9651f97a95e6f79bde8bf50014660d5ace"
"F-c1da4937c9bcbddc","tilhenger__tryg__ordinary__tryg-tilhenger-kasko__2026-01-01__vs__eika-fremtind__ordinary__eika-fremtind-tilhenger-kasko__2024-03-21__primary","Tilhenger","Tryg","Kasko","Eika / Fremtind","Kasko","Andre vilkår","avtale – forsikringssum","tilhenger.avtale.forsikringssum","tilhenger.ufordelt.tilhenger.avtale.forsikringssum","first","included","Avtalt forsikringssum; ved totalskade begrenset til markedsverdien","CUSTOMER_SPECIFIC_REFERENCE","Offentlig vilkår","vehicle:tryg-odpdf-f862c645.pdf","","","","ISS-2e5c42c0f9160a2b","HIGH","PRODUCT_MODE_ONLY_PRESENTATION","PRODUCT_MODE_ONLY","850125b310833d7b46d5361ea6272005705bb9db135580a877b51a602d3b6526"
"F-bed60a994d823748","tilhenger__if__ordinary__if-tilhenger-kasko__2024-03__vs__frende__ordinary__frende-tilhenger-kasko__2026-01-01__primary","Tilhenger","If","Kasko","Frende","Kasko","Kasko","Kasko","tilhenger.kasko.dekning","tilhenger.kasko","both","","kasko → kasko → kasko","DUPLICATE_DISPLAY_LABEL","","","","","","ISS-8110f04f3d3add85","HIGH","PRESENTATION_HIERARCHY","PRODUCT_MODE_ONLY","212c89c1457ded0ae4d1ca91923c1fbd21f4be8ae9bbb2d8388b4071009ec49b"
"F-625c3126e3265ed7","tilhenger__if__ordinary__if-tilhenger-kasko__2024-03__vs__frende__ordinary__frende-tilhenger-kasko__2026-01-01__primary","Tilhenger","If","Kasko","Frende","Kasko","Fastmontert utstyr","Fastmontert utstyr","tilhenger.utstyr.dekning","tilhenger.utstyr","both","","fastmontert utstyr → fastmontert utstyr → fastmontert utstyr","DUPLICATE_DISPLAY_LABEL","","","","","","ISS-e7a7377c4ef812d6","HIGH","PRESENTATION_HIERARCHY","PRODUCT_MODE_ONLY","e0a35d61392b5e731959abf40426bd00d9c8ce1519d890d43a819ddabbbf0abe"
"F-a3efce273978c9b8","tilhenger__if__ordinary__if-tilhenger-kasko__2024-03__vs__frende__ordinary__frende-tilhenger-kasko__2026-01-01__primary","Tilhenger","If","Kasko","Frende","Kasko","Brann","Brann","tilhenger.brann.dekning","tilhenger.brann","both","","brann → brann → brann","DUPLICATE_DISPLAY_LABEL","","","","","","ISS-94ce2493024451a6","HIGH","PRESENTATION_HIERARCHY","PRODUCT_MODE_ONLY","5e167cdc5b2f3846c3ce5584b87fd82b00b7fd80f959fea2166fc1fce69b89e5"
"F-e58f3d53c3279885","tilhenger__if__ordinary__if-tilhenger-kasko__2024-03__vs__frende__ordinary__frende-tilhenger-kasko__2026-01-01__primary","Tilhenger","If","Kasko","Frende","Kasko","Tyveri","Tyveri","tilhenger.tyveri.dekning","tilhenger.tyveri","both","","tyveri → tyveri → tyveri","DUPLICATE_DISPLAY_LABEL","","","","","","ISS-d26fec4fda8d6e6b","HIGH","PRESENTATION_HIERARCHY","PRODUCT_MODE_ONLY","0c1811ce4b3c0f0635a45f9dfa86b9d60110555f2280f74a81531f19ab91cbcc"
"F-6143a20a044d43c6","tilhenger__if__ordinary__if-tilhenger-kasko__2024-03__vs__frende__ordinary__frende-tilhenger-kasko__2026-01-01__primary","Tilhenger","If","Kasko","Frende","Kasko","Rettshjelp","Rettshjelp","tilhenger.rettshjelp.dekning","tilhenger.rettshjelp","both","","rettshjelp → rettshjelp → rettshjelp","DUPLICATE_DISPLAY_LABEL","","","","","","ISS-b89088f55b6bb0ef","HIGH","PRESENTATION_HIERARCHY","PRODUCT_MODE_ONLY","cde45a16890444a6ea6c751337935f6c8e22186af888af4743af5129211c1cb2"
"F-072665b2375fc06a","tilhenger__gjensidige__ordinary__gjensidige-tilhenger-delkasko__null__vs__storebrand__ordinary__storebrand-tilhenger-brann-og-tyveri__2026-03-01__primary","Tilhenger","Gjensidige","Delkasko","Storebrand","Brann og tyveri","Redning","Redning","tilhenger.redning.dekning","tilhenger.redning","both","","redning → redning → redning","DUPLICATE_DISPLAY_LABEL","","","","","","ISS-126cd199af0494e5","HIGH","PRESENTATION_HIERARCHY","PRODUCT_MODE_ONLY","46780b5847b05210e7ef35af96ceb3b7423e827bc7bfcc45688361015c7ddece"
"F-0874ff0cdb0fedbb","tilhenger__gjensidige__ordinary__gjensidige-tilhenger-delkasko__null__vs__storebrand__ordinary__storebrand-tilhenger-brann-og-tyveri__2026-03-01__primary","Tilhenger","Gjensidige","Delkasko","Storebrand","Brann og tyveri","Brann","Brann","tilhenger.brann.dekning","tilhenger.brann","both","","brann → brann → brann","DUPLICATE_DISPLAY_LABEL","","","","","","ISS-94ce2493024451a6","HIGH","PRESENTATION_HIERARCHY","PRODUCT_MODE_ONLY","2a6b2679e8e1517a26984680ddfef5d8feac5da698996ceeedfe87d98010055a"
"F-ea0a124262445d91","tilhenger__gjensidige__ordinary__gjensidige-tilhenger-delkasko__null__vs__storebrand__ordinary__storebrand-tilhenger-brann-og-tyveri__2026-03-01__primary","Tilhenger","Gjensidige","Delkasko","Storebrand","Brann og tyveri","Tyveri","Tyveri","tilhenger.tyveri.dekning","tilhenger.tyveri","both","","tyveri → tyveri → tyveri","DUPLICATE_DISPLAY_LABEL","","","","","","ISS-d26fec4fda8d6e6b","HIGH","PRESENTATION_HIERARCHY","PRODUCT_MODE_ONLY","f546970a9fe42c533e0dc3209b2e71edf2a2c9e6e5f4c628ecba7e466dabe1f2"
"F-bd04e7577d1094d3","tilhenger__gjensidige__ordinary__gjensidige-tilhenger-delkasko__null__vs__storebrand__ordinary__storebrand-tilhenger-brann-og-tyveri__2026-03-01__primary","Tilhenger","Gjensidige","Delkasko","Storebrand","Brann og tyveri","Rettshjelp","Rettshjelp","tilhenger.rettshjelp.dekning","tilhenger.rettshjelp","both","","rettshjelp → rettshjelp → rettshjelp","DUPLICATE_DISPLAY_LABEL","","","","","","ISS-b89088f55b6bb0ef","HIGH","PRESENTATION_HIERARCHY","PRODUCT_MODE_ONLY","6e80f300901b6d0114d7e04126f444ec21e19572daa351579ec5b3c294c531ef"
"F-9f60d59a2798434c","tilhenger__tryg__ordinary__tryg-tilhenger-kasko__2026-01-01__vs__tryg__ordinary__tryg-tilhenger-brann-og-tyveri__2026-01-01__primary","Tilhenger","Tryg","Kasko","Tryg","Brann og tyveri","Kasko","Kasko","tilhenger.kasko.dekning","tilhenger.kasko","both","","kasko → kasko → kasko","DUPLICATE_DISPLAY_LABEL","","","","","","ISS-8110f04f3d3add85","HIGH","PRESENTATION_HIERARCHY","PRODUCT_MODE_ONLY","7e7bbe0a7ad4ad6b3272a2335c6f30fb5eac890a52182fe5795a1ebeac7e7ff4"
"F-c07c08a4025ed218","tilhenger__tryg__ordinary__tryg-tilhenger-kasko__2026-01-01__vs__tryg__ordinary__tryg-tilhenger-brann-og-tyveri__2026-01-01__primary","Tilhenger","Tryg","Kasko","Tryg","Brann og tyveri","Fastmontert utstyr","Fastmontert utstyr","tilhenger.utstyr.dekning","tilhenger.utstyr","both","","fastmontert utstyr → fastmontert utstyr → fastmontert utstyr","DUPLICATE_DISPLAY_LABEL","","","","","","ISS-e7a7377c4ef812d6","HIGH","PRESENTATION_HIERARCHY","PRODUCT_MODE_ONLY","c47408cf7bd928bfc984437e78e5eb45427a3fa8a0b024cdb5dc378b93f8d07f"
"F-ace633cae8e72639","tilhenger__tryg__ordinary__tryg-tilhenger-kasko__2026-01-01__vs__tryg__ordinary__tryg-tilhenger-brann-og-tyveri__2026-01-01__primary","Tilhenger","Tryg","Kasko","Tryg","Brann og tyveri","Brann","Brann","tilhenger.brann.dekning","tilhenger.brann","both","","brann → brann → brann","DUPLICATE_DISPLAY_LABEL","","","","","","ISS-94ce2493024451a6","HIGH","PRESENTATION_HIERARCHY","PRODUCT_MODE_ONLY","03339b1ea23cd552b0b1ed4b879bee3d8dd95445aa6c9f0c7fd7cf01c9017344"
"F-f579f18b9fe79ba0","tilhenger__tryg__ordinary__tryg-tilhenger-kasko__2026-01-01__vs__tryg__ordinary__tryg-tilhenger-brann-og-tyveri__2026-01-01__primary","Tilhenger","Tryg","Kasko","Tryg","Brann og tyveri","Tyveri","Tyveri","tilhenger.tyveri.dekning","tilhenger.tyveri","both","","tyveri → tyveri → tyveri","DUPLICATE_DISPLAY_LABEL","","","","","","ISS-d26fec4fda8d6e6b","HIGH","PRESENTATION_HIERARCHY","PRODUCT_MODE_ONLY","5a86c0c71adecb8e25de0936a487b6c8593b53322a833c35935a0bc00926916d"
"F-214d0e15d1ce5374","tilhenger__tryg__ordinary__tryg-tilhenger-kasko__2026-01-01__vs__tryg__ordinary__tryg-tilhenger-brann-og-tyveri__2026-01-01__primary","Tilhenger","Tryg","Kasko","Tryg","Brann og tyveri","Naturskade","Naturskade","tilhenger.naturskade.dekning","tilhenger.naturskade","both","","naturskade → naturskade → naturskade","DUPLICATE_DISPLAY_LABEL","","","","","","ISS-571000a3c0fcd37a","HIGH","PRESENTATION_HIERARCHY","PRODUCT_MODE_ONLY","0d974276999d99e0c8f2ce9240c637c0dbab4fadd4e20c457a34b583c43b69c9"
"F-61118707a41b6ec4","tilhenger__tryg__ordinary__tryg-tilhenger-kasko__2026-01-01__vs__tryg__ordinary__tryg-tilhenger-brann-og-tyveri__2026-01-01__primary","Tilhenger","Tryg","Kasko","Tryg","Brann og tyveri","Rettshjelp","Rettshjelp","tilhenger.rettshjelp.dekning","tilhenger.rettshjelp","both","","rettshjelp → rettshjelp → rettshjelp","DUPLICATE_DISPLAY_LABEL","","","","","","ISS-b89088f55b6bb0ef","HIGH","PRESENTATION_HIERARCHY","PRODUCT_MODE_ONLY","92d0b8f7d21a7f40d75b7d9fd9350de67b5199b87cc4bb3438afb700812c0bba"
"F-1c6144cc7cf3186b","tilhenger__tryg__ordinary__tryg-tilhenger-kasko__2026-01-01__vs__tryg__ordinary__tryg-tilhenger-brann-og-tyveri__2026-01-01__primary","Tilhenger","Tryg","Kasko","Tryg","Brann og tyveri","Andre vilkår","avtale – forsikringssum","tilhenger.avtale.forsikringssum","tilhenger.ufordelt.tilhenger.avtale.forsikringssum","first","included","Avtalt forsikringssum; ved totalskade begrenset til markedsverdien","CUSTOMER_SPECIFIC_REFERENCE","Offentlig vilkår","vehicle:tryg-odpdf-f862c645.pdf","","","","ISS-2e5c42c0f9160a2b","HIGH","PRODUCT_MODE_ONLY_PRESENTATION","PRODUCT_MODE_ONLY","32454f263e434be4570960f7dc6fb87a2b13c57bc9df168bc7af2f7864430f58"
"F-0cb91e4eb4d52040","tilhenger__tryg__ordinary__tryg-tilhenger-kasko__2026-01-01__vs__tryg__ordinary__tryg-tilhenger-brann-og-tyveri__2026-01-01__primary","Tilhenger","Tryg","Kasko","Tryg","Brann og tyveri","Andre vilkår","avtale – forsikringssum","tilhenger.avtale.forsikringssum","tilhenger.ufordelt.tilhenger.avtale.forsikringssum","second","included","Avtalt forsikringssum; ved totalskade begrenset til markedsverdien","CUSTOMER_SPECIFIC_REFERENCE","Offentlig vilkår","vehicle:tryg-odpdf-05b2538c.pdf","","","","ISS-da19ba92b9baa163","HIGH","PRODUCT_MODE_ONLY_PRESENTATION","PRODUCT_MODE_ONLY","32454f263e434be4570960f7dc6fb87a2b13c57bc9df168bc7af2f7864430f58"
"F-47a94062d5c91ede","mc__tryg__ordinary__tryg-mc-mc-ekstra__2026-07-01__vs__if__ordinary__if-mc-kasko__2024-03__primary","MC","Tryg","MC Ekstra","If","Kasko","Skade på MC","Kasko – egenandel","kasko.egenandel","mc.egen-mc","first","included","Avtalt egenandel fremgår av forsikringsbeviset","CUSTOMER_SPECIFIC_REFERENCE","Offentlig vilkår","mcb:tryg:mc:tryg-05PAU25405.pdf","","","","ISS-fa2adf5d1cd28e97","HIGH","PRODUCT_MODE_ONLY_PRESENTATION","PRODUCT_MODE_ONLY","752e9a4d8b464742321ee796bac1153da8ad3bb90ad65fdb6faab11e16e6f61e"
"F-86e04af8c7d9d0fa","mc__tryg__ordinary__tryg-mc-mc-ekstra__2026-07-01__vs__if__ordinary__if-mc-kasko__2024-03__primary","MC","Tryg","MC Ekstra","If","Kasko","Bagasje","Bagasje","mc.bagasje.dekning","mc.bagasje","both","","bagasje → bagasje → bagasje","DUPLICATE_DISPLAY_LABEL","","","","","","ISS-d285cff0a36db08f","HIGH","PRESENTATION_HIERARCHY","PRODUCT_MODE_ONLY","01fecc721436f5f37f898fced0ca463f589deabb134c8de0b9afabae8a0bb179"
"F-42fcdb8628692769","mc__tryg__ordinary__tryg-mc-mc-ekstra__2026-07-01__vs__if__ordinary__if-mc-kasko__2024-03__primary","MC","Tryg","MC Ekstra","If","Kasko","Parkert MC","Parkert MC","mc.parkert.dekning","mc.parkert","both","","parkert mc → parkert mc → parkert mc","DUPLICATE_DISPLAY_LABEL","","","","","","ISS-e38985d2e62be236","HIGH","PRESENTATION_HIERARCHY","PRODUCT_MODE_ONLY","c4c074c35361381954aeb2fe1e56833b55cbcaeb13c7ee2e7573b62c3894ee4a"
"F-30fa7f5203ae3afd","mc__tryg__ordinary__tryg-mc-mc-ekstra__2026-07-01__vs__if__ordinary__if-mc-kasko__2024-03__primary","MC","Tryg","MC Ekstra","If","Kasko","Fører- og passasjerulykke","Fører- og passasjerulykke","ulykke.dekning","mc.ulykke","both","","fører og passasjerulykke → fører og passasjerulykke → fører og passasjerulykke","DUPLICATE_DISPLAY_LABEL","","","","","","ISS-cd934435cca2a02b","HIGH","PRESENTATION_HIERARCHY","PRODUCT_MODE_ONLY","302edca511845e8e31dd01a83ec14020152c75832f56822c0a0541446c24ce8b"
"F-a9de1c9d06f7d328","mc__tryg__ordinary__tryg-mc-mc-ekstra__2026-07-01__vs__if__ordinary__if-mc-kasko__2024-03__primary","MC","Tryg","MC Ekstra","If","Kasko","Geografisk område","Geografisk område","avtale.geografi","mc.geografi","both","","geografisk område → geografisk område → geografisk område","DUPLICATE_DISPLAY_LABEL","","","","","","ISS-dce9a26fddd20c8a","HIGH","PRESENTATION_HIERARCHY","PRODUCT_MODE_ONLY","069c211a705729f33411f24edd6b1454b2ac1cb994153fa49806f50c88ddee9e"
"F-f2b2022cdb7b290b","mc__tryg__ordinary__tryg-mc-mc-ekstra__2026-07-01__vs__gjensidige__ordinary__gjensidige-mc-kasko__null__primary","MC","Tryg","MC Ekstra","Gjensidige","Kasko","Skade på MC","Kasko – egenandel","kasko.egenandel","mc.egen-mc","first","included","Avtalt egenandel fremgår av forsikringsbeviset","CUSTOMER_SPECIFIC_REFERENCE","Offentlig vilkår","mcb:tryg:mc:tryg-05PAU25405.pdf","","","","ISS-fa2adf5d1cd28e97","HIGH","PRODUCT_MODE_ONLY_PRESENTATION","PRODUCT_MODE_ONLY","8e2dd0c2dd5e18466476074f03143d4edc3b43d0f7f32aa1dbfed7535e4d99d4"
"F-6ba0c55e0d7f824e","mc__tryg__ordinary__tryg-mc-mc-ekstra__2026-07-01__vs__gjensidige__ordinary__gjensidige-mc-kasko__null__primary","MC","Tryg","MC Ekstra","Gjensidige","Kasko","Bagasje","Bagasje","mc.bagasje.dekning","mc.bagasje","both","","bagasje → bagasje → bagasje","DUPLICATE_DISPLAY_LABEL","","","","","","ISS-d285cff0a36db08f","HIGH","PRESENTATION_HIERARCHY","PRODUCT_MODE_ONLY","5810faed8904082965d4cb36b5e9a0a6be16643a2e9253f5a6fbadb9bb841619"
"F-2782ce0c99ecf300","mc__tryg__ordinary__tryg-mc-mc-ekstra__2026-07-01__vs__gjensidige__ordinary__gjensidige-mc-kasko__null__primary","MC","Tryg","MC Ekstra","Gjensidige","Kasko","Parkert MC","Parkert MC","mc.parkert.dekning","mc.parkert","both","","parkert mc → parkert mc → parkert mc","DUPLICATE_DISPLAY_LABEL","","","","","","ISS-e38985d2e62be236","HIGH","PRESENTATION_HIERARCHY","PRODUCT_MODE_ONLY","eee77414416459417ebf23b416f6194b6e90ecfd7c1a713d3ba222c000385107"
"F-1a102e05c4899c68","mc__tryg__ordinary__tryg-mc-mc-ekstra__2026-07-01__vs__gjensidige__ordinary__gjensidige-mc-kasko__null__primary","MC","Tryg","MC Ekstra","Gjensidige","Kasko","Fører- og passasjerulykke","Fører- og passasjerulykke","ulykke.dekning","mc.ulykke","both","","fører og passasjerulykke → fører og passasjerulykke → fører og passasjerulykke","DUPLICATE_DISPLAY_LABEL","","","","","","ISS-cd934435cca2a02b","HIGH","PRESENTATION_HIERARCHY","PRODUCT_MODE_ONLY","bbb2812ad95733e36c1422337cfa8b9abc0d022c5653d9776ee0164bce48af6a"
"F-7d2b394f1256dc45","mc__tryg__ordinary__tryg-mc-mc-ekstra__2026-07-01__vs__gjensidige__ordinary__gjensidige-mc-kasko__null__primary","MC","Tryg","MC Ekstra","Gjensidige","Kasko","Geografisk område","Geografisk område","avtale.geografi","mc.geografi","both","","geografisk område → geografisk område → geografisk område","DUPLICATE_DISPLAY_LABEL","","","","","","ISS-dce9a26fddd20c8a","HIGH","PRESENTATION_HIERARCHY","PRODUCT_MODE_ONLY","f642dd9c4ed7d7e441d99f4b450c523eccd3a25c3608812ec08f463be01342fe"
"F-dbe5ead8e7292616","mc__tryg__ordinary__tryg-mc-mc-ekstra__2026-07-01__vs__storebrand__ordinary__storebrand-mc-kasko__motor09__primary","MC","Tryg","MC Ekstra","Storebrand","Kasko","Skade på MC","Kasko – egenandel","kasko.egenandel","mc.egen-mc","first","included","Avtalt egenandel fremgår av forsikringsbeviset","CUSTOMER_SPECIFIC_REFERENCE","Offentlig vilkår","mcb:tryg:mc:tryg-05PAU25405.pdf","","","","ISS-fa2adf5d1cd28e97","HIGH","PRODUCT_MODE_ONLY_PRESENTATION","PRODUCT_MODE_ONLY","8eacf41d98c2f4018e4cc93ca82ed693c30ab8dc3d2f80ceb887f288d5f8cd85"
"F-3067451a035956f8","mc__tryg__ordinary__tryg-mc-mc-ekstra__2026-07-01__vs__storebrand__ordinary__storebrand-mc-kasko__motor09__primary","MC","Tryg","MC Ekstra","Storebrand","Kasko","Skade på MC","Kasko – egenandel","kasko.egenandel","mc.egen-mc","second","included","Fremgår av forsikringsbeviset","CUSTOMER_SPECIFIC_REFERENCE","Offentlig vilkår","mc-bobil:storebrand-motor09:mc","","","","ISS-2f775303d73373bd","HIGH","PRODUCT_MODE_ONLY_PRESENTATION","PRODUCT_MODE_ONLY","da9329687bf6d1fb07dbd24037193678d62581f88c9e3af2505c282c9f1cbc4d"
"F-abdad04fefd47fba","mc__tryg__ordinary__tryg-mc-mc-ekstra__2026-07-01__vs__storebrand__ordinary__storebrand-mc-kasko__motor09__primary","MC","Tryg","MC Ekstra","Storebrand","Kasko","Bagasje","Bagasje","mc.bagasje.dekning","mc.bagasje","both","","bagasje → bagasje → bagasje","DUPLICATE_DISPLAY_LABEL","","","","","","ISS-d285cff0a36db08f","HIGH","PRESENTATION_HIERARCHY","PRODUCT_MODE_ONLY","cbdb0cc1334c679ad9357c91d9dd6d3ff4e19a79c821ed1031769c8728bd80a0"
"F-a10d75066c431624","mc__tryg__ordinary__tryg-mc-mc-ekstra__2026-07-01__vs__storebrand__ordinary__storebrand-mc-kasko__motor09__primary","MC","Tryg","MC Ekstra","Storebrand","Kasko","Parkert MC","Parkert MC","mc.parkert.dekning","mc.parkert","both","","parkert mc → parkert mc → parkert mc","DUPLICATE_DISPLAY_LABEL","","","","","","ISS-e38985d2e62be236","HIGH","PRESENTATION_HIERARCHY","PRODUCT_MODE_ONLY","1a9e24db4ad6124695c8b0baa7975f7ec7be13d3bb4c1937abf3fb9336bdb174"
"F-cf9e716cd53b52ea","mc__tryg__ordinary__tryg-mc-mc-ekstra__2026-07-01__vs__storebrand__ordinary__storebrand-mc-kasko__motor09__primary","MC","Tryg","MC Ekstra","Storebrand","Kasko","Fører- og passasjerulykke","Fører- og passasjerulykke","ulykke.dekning","mc.ulykke","both","","fører og passasjerulykke → fører og passasjerulykke → fører og passasjerulykke","DUPLICATE_DISPLAY_LABEL","","","","","","ISS-cd934435cca2a02b","HIGH","PRESENTATION_HIERARCHY","PRODUCT_MODE_ONLY","08233926e9419eff3978c716cc592f1dbfec4ff95d1d7cbe768838272e08588f"
"F-563697a8e9f30705","mc__tryg__ordinary__tryg-mc-mc-ekstra__2026-07-01__vs__storebrand__ordinary__storebrand-mc-kasko__motor09__primary","MC","Tryg","MC Ekstra","Storebrand","Kasko","Geografisk område","Geografisk område","avtale.geografi","mc.geografi","both","","geografisk område → geografisk område → geografisk område","DUPLICATE_DISPLAY_LABEL","","","","","","ISS-dce9a26fddd20c8a","HIGH","PRESENTATION_HIERARCHY","PRODUCT_MODE_ONLY","8a3ff335d77ac7983205306d24b0e51f624ec1b50ae2ea233f3676d1cc0b3442"
"F-24cef748f1728587","mc__tryg__ordinary__tryg-mc-mc-ekstra__2026-07-01__vs__fremtind__ordinary-sparebank1__fremtind-mc-kasko__null__primary","MC","Tryg","MC Ekstra","Fremtind","Kasko","Skade på MC","Kasko – egenandel","kasko.egenandel","mc.egen-mc","first","included","Avtalt egenandel fremgår av forsikringsbeviset","CUSTOMER_SPECIFIC_REFERENCE","Offentlig vilkår","mcb:tryg:mc:tryg-05PAU25405.pdf","","","","ISS-fa2adf5d1cd28e97","HIGH","PRODUCT_MODE_ONLY_PRESENTATION","PRODUCT_MODE_ONLY","952cfd0f2bc8d3d134bbe5388aefd66a9e5bb99093ace4304122755e7bb11d95"
"F-536118ae37e5afd5","mc__tryg__ordinary__tryg-mc-mc-ekstra__2026-07-01__vs__fremtind__ordinary-sparebank1__fremtind-mc-kasko__null__primary","MC","Tryg","MC Ekstra","Fremtind","Kasko","Skade på MC","Kasko – egenandel","kasko.egenandel","mc.egen-mc","second","included","Fremgår av forsikringsbeviset","CUSTOMER_SPECIFIC_REFERENCE","Offentlig vilkår","mcb-ff-fremtind-mc-terms-kasko","","","","ISS-a19f9d8e8e329b88","HIGH","PRODUCT_MODE_ONLY_PRESENTATION","PRODUCT_MODE_ONLY","b8a17b20cb06177f06ddc1cf5f78435477d607f75086ce9da14f4ddf7d9240e1"
"F-d776a76a58e3dc81","mc__tryg__ordinary__tryg-mc-mc-ekstra__2026-07-01__vs__fremtind__ordinary-sparebank1__fremtind-mc-kasko__null__primary","MC","Tryg","MC Ekstra","Fremtind","Kasko","Bagasje","Bagasje","mc.bagasje.dekning","mc.bagasje","both","","bagasje → bagasje → bagasje","DUPLICATE_DISPLAY_LABEL","","","","","","ISS-d285cff0a36db08f","HIGH","PRESENTATION_HIERARCHY","PRODUCT_MODE_ONLY","eb3411b0d4a1cac44b401221f30362881cd938db19464964a6c4bb9822425d15"
"F-3fe6525913da6363","mc__tryg__ordinary__tryg-mc-mc-ekstra__2026-07-01__vs__fremtind__ordinary-sparebank1__fremtind-mc-kasko__null__primary","MC","Tryg","MC Ekstra","Fremtind","Kasko","Parkert MC","Parkert MC","mc.parkert.dekning","mc.parkert","both","","parkert mc → parkert mc → parkert mc","DUPLICATE_DISPLAY_LABEL","","","","","","ISS-e38985d2e62be236","HIGH","PRESENTATION_HIERARCHY","PRODUCT_MODE_ONLY","7eb8654a0a6cefcd7be90b929d5eb34c8b0bfe1fc3315fe28c7a1cbde84618fa"
"F-bb4b5d2fbc910018","mc__tryg__ordinary__tryg-mc-mc-ekstra__2026-07-01__vs__fremtind__ordinary-sparebank1__fremtind-mc-kasko__null__primary","MC","Tryg","MC Ekstra","Fremtind","Kasko","Fører- og passasjerulykke","Fører- og passasjerulykke","ulykke.dekning","mc.ulykke","both","","fører og passasjerulykke → fører og passasjerulykke → fører og passasjerulykke","DUPLICATE_DISPLAY_LABEL","","","","","","ISS-cd934435cca2a02b","HIGH","PRESENTATION_HIERARCHY","PRODUCT_MODE_ONLY","e7bc73ede94c76a92b615c1aa10e4ce0ef0d62eca2f73130c02dd79ffd56813e"
"F-0298c40da299a543","mc__tryg__ordinary__tryg-mc-mc-ekstra__2026-07-01__vs__fremtind__ordinary-sparebank1__fremtind-mc-kasko__null__primary","MC","Tryg","MC Ekstra","Fremtind","Kasko","Geografisk område","Geografisk område","avtale.geografi","mc.geografi","both","","geografisk område → geografisk område → geografisk område","DUPLICATE_DISPLAY_LABEL","","","","","","ISS-dce9a26fddd20c8a","HIGH","PRESENTATION_HIERARCHY","PRODUCT_MODE_ONLY","b0b87bdb2b91ce556df0112f74880efd2aad1ee5b18deadde1115538e290f926"
"F-fc9a894e40cfc57c","mc__tryg__ordinary__tryg-mc-mc-ekstra__2026-07-01__vs__frende__ordinary__frende-mc-kasko__2026-01-01__primary","MC","Tryg","MC Ekstra","Frende","Kasko","Skade på MC","Kasko – egenandel","kasko.egenandel","mc.egen-mc","first","included","Avtalt egenandel fremgår av forsikringsbeviset","CUSTOMER_SPECIFIC_REFERENCE","Offentlig vilkår","mcb:tryg:mc:tryg-05PAU25405.pdf","","","","ISS-fa2adf5d1cd28e97","HIGH","PRODUCT_MODE_ONLY_PRESENTATION","PRODUCT_MODE_ONLY","e1c15a54656d9d025937f8a551c84724da57f7b1162c9d66a3effa7c284e3f75"
"F-14367f09153173cd","mc__tryg__ordinary__tryg-mc-mc-ekstra__2026-07-01__vs__frende__ordinary__frende-mc-kasko__2026-01-01__primary","MC","Tryg","MC Ekstra","Frende","Kasko","Skade på MC","Kasko – egenandel","kasko.egenandel","mc.egen-mc","second","included","Fremgår av forsikringsbeviset","CUSTOMER_SPECIFIC_REFERENCE","Offentlig vilkår","mcb-ff-frende-mc-terms","","","","ISS-873315e5a85c8b7b","HIGH","PRODUCT_MODE_ONLY_PRESENTATION","PRODUCT_MODE_ONLY","aaac7f020c4e369aa0dbf5f617fac0589a716e89660e52b9153be601c4e26cfa"
"F-05f6085098343f0f","mc__tryg__ordinary__tryg-mc-mc-ekstra__2026-07-01__vs__frende__ordinary__frende-mc-kasko__2026-01-01__primary","MC","Tryg","MC Ekstra","Frende","Kasko","Bagasje","Bagasje","mc.bagasje.dekning","mc.bagasje","both","","bagasje → bagasje → bagasje","DUPLICATE_DISPLAY_LABEL","","","","","","ISS-d285cff0a36db08f","HIGH","PRESENTATION_HIERARCHY","PRODUCT_MODE_ONLY","439cb78d97283e0f389c8728bc882cc84309bc66ed4f654a3f861407e45c4af9"
"F-cf497afac173f337","mc__tryg__ordinary__tryg-mc-mc-ekstra__2026-07-01__vs__frende__ordinary__frende-mc-kasko__2026-01-01__primary","MC","Tryg","MC Ekstra","Frende","Kasko","Parkert MC","Parkert MC","mc.parkert.dekning","mc.parkert","both","","parkert mc → parkert mc → parkert mc","DUPLICATE_DISPLAY_LABEL","","","","","","ISS-e38985d2e62be236","HIGH","PRESENTATION_HIERARCHY","PRODUCT_MODE_ONLY","384877619daa35f23fe2b799af3770dbbc9c045f7e465e023053d0700bb1a302"
"F-e3a6902e7fb07780","mc__tryg__ordinary__tryg-mc-mc-ekstra__2026-07-01__vs__frende__ordinary__frende-mc-kasko__2026-01-01__primary","MC","Tryg","MC Ekstra","Frende","Kasko","Fører- og passasjerulykke","Fører- og passasjerulykke","ulykke.dekning","mc.ulykke","both","","fører og passasjerulykke → fører og passasjerulykke → fører og passasjerulykke","DUPLICATE_DISPLAY_LABEL","","","","","","ISS-cd934435cca2a02b","HIGH","PRESENTATION_HIERARCHY","PRODUCT_MODE_ONLY","405a897cb7ef07f661e5f204ed8c934d992e9032b68330b4aeb384307c5d4318"
"F-d28b7447e8c42e31","mc__tryg__ordinary__tryg-mc-mc-ekstra__2026-07-01__vs__frende__ordinary__frende-mc-kasko__2026-01-01__primary","MC","Tryg","MC Ekstra","Frende","Kasko","Geografisk område","Geografisk område","avtale.geografi","mc.geografi","both","","geografisk område → geografisk område → geografisk område","DUPLICATE_DISPLAY_LABEL","","","","","","ISS-dce9a26fddd20c8a","HIGH","PRESENTATION_HIERARCHY","PRODUCT_MODE_ONLY","e8a65afaf8c2cedbe46face42e3aea6fc29821d1fc9a247bab87161121f615cb"
"F-c1cb4280197cb417","mc__if__ordinary__if-mc-kasko__2024-03__vs__frende__ordinary__frende-mc-kasko__2026-01-01__primary","MC","If","Kasko","Frende","Kasko","Skade på MC","Kasko – egenandel","kasko.egenandel","mc.egen-mc","second","included","Fremgår av forsikringsbeviset","CUSTOMER_SPECIFIC_REFERENCE","Offentlig vilkår","mcb-ff-frende-mc-terms","","","","ISS-873315e5a85c8b7b","HIGH","PRODUCT_MODE_ONLY_PRESENTATION","PRODUCT_MODE_ONLY","825721dc03554ec95e43bf0ad6bcbb07b2782050fb66225177c4279ff46de0a6"
"F-41315dafc168eb05","mc__if__ordinary__if-mc-kasko__2024-03__vs__frende__ordinary__frende-mc-kasko__2026-01-01__primary","MC","If","Kasko","Frende","Kasko","Bagasje","Bagasje","mc.bagasje.dekning","mc.bagasje","both","","bagasje → bagasje → bagasje","DUPLICATE_DISPLAY_LABEL","","","","","","ISS-d285cff0a36db08f","HIGH","PRESENTATION_HIERARCHY","PRODUCT_MODE_ONLY","8b2276e2daf57a5c378d4cf6cef98d0ac2fd950e7c718ebe59ce8182a534b3fb"
"F-65ca8327a937fb01","mc__if__ordinary__if-mc-kasko__2024-03__vs__frende__ordinary__frende-mc-kasko__2026-01-01__primary","MC","If","Kasko","Frende","Kasko","Fører- og passasjerulykke","Fører- og passasjerulykke","ulykke.dekning","mc.ulykke","both","","fører og passasjerulykke → fører og passasjerulykke → fører og passasjerulykke","DUPLICATE_DISPLAY_LABEL","","","","","","ISS-cd934435cca2a02b","HIGH","PRESENTATION_HIERARCHY","PRODUCT_MODE_ONLY","474adf5d3ea3c804b4f48626edc0374f52021ee05ae07e729f7ef2f5479e1537"
"F-89fba66dbec495f1","mc__if__ordinary__if-mc-kasko__2024-03__vs__frende__ordinary__frende-mc-kasko__2026-01-01__primary","MC","If","Kasko","Frende","Kasko","Geografisk område","Geografisk område","avtale.geografi","mc.geografi","both","","geografisk område → geografisk område → geografisk område","DUPLICATE_DISPLAY_LABEL","","","","","","ISS-dce9a26fddd20c8a","HIGH","PRESENTATION_HIERARCHY","PRODUCT_MODE_ONLY","40f864125f6ac6056363667722819fbe6091196e1dfedf89201337acdbd96d28"
"F-cdc1e9592071b15c","mc__gjensidige__ordinary__gjensidige-mc-ansvar__null__vs__storebrand__ordinary__storebrand-mc-ansvar__motor09__primary","MC","Gjensidige","Ansvar","Storebrand","Ansvar","Fører- og passasjerulykke","Fører- og passasjerulykke","ulykke.dekning","mc.ulykke","both","","fører og passasjerulykke → fører og passasjerulykke → fører og passasjerulykke","DUPLICATE_DISPLAY_LABEL","","","","","","ISS-cd934435cca2a02b","HIGH","PRESENTATION_HIERARCHY","PRODUCT_MODE_ONLY","d087a2e0c671995a3edf3b2d7bf53da1d45eeb42dcd0981732b05f6a15ef8765"
"F-e6c625c35b73c588","mc__gjensidige__ordinary__gjensidige-mc-ansvar__null__vs__storebrand__ordinary__storebrand-mc-ansvar__motor09__primary","MC","Gjensidige","Ansvar","Storebrand","Ansvar","Geografisk område","Geografisk område","avtale.geografi","mc.geografi","both","","geografisk område → geografisk område → geografisk område","DUPLICATE_DISPLAY_LABEL","","","","","","ISS-dce9a26fddd20c8a","HIGH","PRESENTATION_HIERARCHY","PRODUCT_MODE_ONLY","abf11659dc6d934e64121a2e0936700db9f5457c8605fbeeb2624ac1e64d2c68"
"F-72a57816b712f99d","mc__tryg__ordinary__tryg-mc-mc-ekstra__2026-07-01__vs__tryg__ordinary__tryg-mc-kasko__2026-07-01__primary","MC","Tryg","MC Ekstra","Tryg","Kasko","Skade på MC","Kasko – egenandel","kasko.egenandel","mc.egen-mc","first","included","Avtalt egenandel fremgår av forsikringsbeviset","CUSTOMER_SPECIFIC_REFERENCE","Offentlig vilkår","mcb:tryg:mc:tryg-05PAU25405.pdf","","","","ISS-fa2adf5d1cd28e97","HIGH","PRODUCT_MODE_ONLY_PRESENTATION","PRODUCT_MODE_ONLY","2949f3e09f4505931b2fd389fdb394ff3656777bf049540df3e4e8dbb93cf991"
"F-1f23821c8605a1bc","mc__tryg__ordinary__tryg-mc-mc-ekstra__2026-07-01__vs__tryg__ordinary__tryg-mc-kasko__2026-07-01__primary","MC","Tryg","MC Ekstra","Tryg","Kasko","Skade på MC","Kasko – egenandel","kasko.egenandel","mc.egen-mc","second","included","Avtalt egenandel fremgår av forsikringsbeviset","CUSTOMER_SPECIFIC_REFERENCE","Offentlig vilkår","mcb:tryg:mc:tryg-05PAU25405.pdf","","","","ISS-fe8edfaa28cf0a6a","HIGH","PRODUCT_MODE_ONLY_PRESENTATION","PRODUCT_MODE_ONLY","2949f3e09f4505931b2fd389fdb394ff3656777bf049540df3e4e8dbb93cf991"
"F-0bc11db2e519fba4","mc__tryg__ordinary__tryg-mc-mc-ekstra__2026-07-01__vs__tryg__ordinary__tryg-mc-kasko__2026-07-01__primary","MC","Tryg","MC Ekstra","Tryg","Kasko","Bagasje","Bagasje","mc.bagasje.dekning","mc.bagasje","both","","bagasje → bagasje → bagasje","DUPLICATE_DISPLAY_LABEL","","","","","","ISS-d285cff0a36db08f","HIGH","PRESENTATION_HIERARCHY","PRODUCT_MODE_ONLY","7874b12fbab8bfac0216bf1aac206e95d73b15303a7b0ded563c41fd9046723f"
"F-c67c158533c9b3c9","mc__tryg__ordinary__tryg-mc-mc-ekstra__2026-07-01__vs__tryg__ordinary__tryg-mc-kasko__2026-07-01__primary","MC","Tryg","MC Ekstra","Tryg","Kasko","Parkert MC","Parkert MC","mc.parkert.dekning","mc.parkert","both","","parkert mc → parkert mc → parkert mc","DUPLICATE_DISPLAY_LABEL","","","","","","ISS-e38985d2e62be236","HIGH","PRESENTATION_HIERARCHY","PRODUCT_MODE_ONLY","5a898635d05f42610564903499609530b9fd02b1ce693ea64b6a925a23570e8f"
"F-efcfe190015c6c0f","mc__tryg__ordinary__tryg-mc-mc-ekstra__2026-07-01__vs__tryg__ordinary__tryg-mc-kasko__2026-07-01__primary","MC","Tryg","MC Ekstra","Tryg","Kasko","Fører- og passasjerulykke","Fører- og passasjerulykke","ulykke.dekning","mc.ulykke","both","","fører og passasjerulykke → fører og passasjerulykke → fører og passasjerulykke","DUPLICATE_DISPLAY_LABEL","","","","","","ISS-cd934435cca2a02b","HIGH","PRESENTATION_HIERARCHY","PRODUCT_MODE_ONLY","a2dc6b9424768b0131193f1a579896bb922c9fdedb428784649a44cd982edef8"
"F-e24d16e8b482c712","mc__tryg__ordinary__tryg-mc-mc-ekstra__2026-07-01__vs__tryg__ordinary__tryg-mc-kasko__2026-07-01__primary","MC","Tryg","MC Ekstra","Tryg","Kasko","Geografisk område","Geografisk område","avtale.geografi","mc.geografi","both","","geografisk område → geografisk område → geografisk område","DUPLICATE_DISPLAY_LABEL","","","","","","ISS-dce9a26fddd20c8a","HIGH","PRESENTATION_HIERARCHY","PRODUCT_MODE_ONLY","04e63cdbcac2e0b48bf4818d2557a44833f071bf4770007fb94941dd379bea45"
"F-8213f74c418a0f47","bobil__tryg__ordinary__tryg-bobil-bobil-ekstra__2026-07-01__vs__if__ordinary__if-bobil-super__2022-06__primary","Bobil","Tryg","Bobil Ekstra","If","Super","Skadedyr","Skadedyr","bobil.skadedyr.dekning","bobil.skadedyr","both","","skadedyr → skadedyr → skadedyr","DUPLICATE_DISPLAY_LABEL","","","","","","ISS-eee45806f17dbba2","HIGH","PRESENTATION_HIERARCHY","PRODUCT_MODE_ONLY","32b27ef70191351d427a2fdddf0a4a45edf40a86227fc12ca23e971467102a92"
"F-76f098fd695cb62f","bobil__tryg__ordinary__tryg-bobil-bobil-ekstra__2026-07-01__vs__if__ordinary__if-bobil-super__2022-06__primary","Bobil","Tryg","Bobil Ekstra","If","Super","Parkeringsskade","Parkeringsskade","parkering.dekning","bobil.parkering","both","","parkeringsskade → parkeringsskade → parkeringsskade","DUPLICATE_DISPLAY_LABEL","","","","","","ISS-60d5541cbca15643","HIGH","PRESENTATION_HIERARCHY","PRODUCT_MODE_ONLY","c525245b14a1dec053af53d5e9eb74d5e4ce9a8689863d663adba06313d9e4bb"
"F-31849b36d4430184","bobil__tryg__ordinary__tryg-bobil-bobil-ekstra__2026-07-01__vs__if__ordinary__if-bobil-super__2022-06__primary","Bobil","Tryg","Bobil Ekstra","If","Super","Fører- og passasjerulykke","Fører- og passasjerulykke","ulykke.dekning","bobil.ulykke","both","","fører og passasjerulykke → fører og passasjerulykke → fører og passasjerulykke","DUPLICATE_DISPLAY_LABEL","","","","","","ISS-3a41758c766d796a","HIGH","PRESENTATION_HIERARCHY","PRODUCT_MODE_ONLY","dea5f0cda56376a75a89e122365046cbcba686b4bbbb01fd09778ef9579b50de"
"F-972e6f38600f8363","bobil__tryg__ordinary__tryg-bobil-bobil-ekstra__2026-07-01__vs__if__ordinary__if-bobil-super__2022-06__primary","Bobil","Tryg","Bobil Ekstra","If","Super","Geografisk område","Geografisk område","avtale.geografi","bobil.geografi","both","","geografisk område → geografisk område → geografisk område","DUPLICATE_DISPLAY_LABEL","","","","","","ISS-f4d2dc9178b55cdc","HIGH","PRESENTATION_HIERARCHY","PRODUCT_MODE_ONLY","2b0c02208a6b792e3611bce77c8f4429fe9a57b8b4e16528e5aa8ba2326c24af"
"F-6b9c4fe8c9361fb7","bobil__tryg__ordinary__tryg-bobil-bobil-ekstra__2026-07-01__vs__gjensidige__ordinary__gjensidige-bobil-pluss__null__primary","Bobil","Tryg","Bobil Ekstra","Gjensidige","Pluss","Skadedyr","Skadedyr","bobil.skadedyr.dekning","bobil.skadedyr","both","","skadedyr → skadedyr → skadedyr","DUPLICATE_DISPLAY_LABEL","","","","","","ISS-eee45806f17dbba2","HIGH","PRESENTATION_HIERARCHY","PRODUCT_MODE_ONLY","57f41c732c193441b1033e80212df08133cec5c4ca48614a44a1414df248a43b"
"F-01676d070b40b417","bobil__tryg__ordinary__tryg-bobil-bobil-ekstra__2026-07-01__vs__gjensidige__ordinary__gjensidige-bobil-pluss__null__primary","Bobil","Tryg","Bobil Ekstra","Gjensidige","Pluss","Privat utleie","Privat utleie","bobil.utleie.dekning","bobil.utleie","both","","privat utleie → privat utleie → privat utleie","DUPLICATE_DISPLAY_LABEL","","","","","","ISS-f58bc28117eeec4b","HIGH","PRESENTATION_HIERARCHY","PRODUCT_MODE_ONLY","f055a3bb38890800cfc3a29da04b8ff9e28e0a2a81ee3c664b9d3d7e433f2c1e"
"F-b4c7a31b48d21814","bobil__tryg__ordinary__tryg-bobil-bobil-ekstra__2026-07-01__vs__gjensidige__ordinary__gjensidige-bobil-pluss__null__primary","Bobil","Tryg","Bobil Ekstra","Gjensidige","Pluss","Fører- og passasjerulykke","Fører- og passasjerulykke","ulykke.dekning","bobil.ulykke","both","","fører og passasjerulykke → fører og passasjerulykke → fører og passasjerulykke","DUPLICATE_DISPLAY_LABEL","","","","","","ISS-3a41758c766d796a","HIGH","PRESENTATION_HIERARCHY","PRODUCT_MODE_ONLY","96ca02f4a13f4b4b9a90a335bc00588676cdfbfc463a3d02a8b1b9f71c3650cd"
"F-aedf22de89fe2844","bobil__tryg__ordinary__tryg-bobil-bobil-ekstra__2026-07-01__vs__gjensidige__ordinary__gjensidige-bobil-pluss__null__primary","Bobil","Tryg","Bobil Ekstra","Gjensidige","Pluss","Geografisk område","Geografisk område","avtale.geografi","bobil.geografi","both","","geografisk område → geografisk område → geografisk område","DUPLICATE_DISPLAY_LABEL","","","","","","ISS-f4d2dc9178b55cdc","HIGH","PRESENTATION_HIERARCHY","PRODUCT_MODE_ONLY","8801c2dfc3afcabfff1f4ba03dba3eb1ba1ce2635b7c3c4990f0da672550be1c"
"F-b8f9c50a1b82b37e","bobil__tryg__ordinary__tryg-bobil-bobil-ekstra__2026-07-01__vs__storebrand__ordinary__storebrand-bobil-super__motor09__primary","Bobil","Tryg","Bobil Ekstra","Storebrand","Super","Skade på bobil","Kasko – egenandel","kasko.egenandel","bobil.egen-bobil","second","included","Fremgår av forsikringsbeviset","CUSTOMER_SPECIFIC_REFERENCE","Offentlig vilkår","mc-bobil:storebrand-motor09:bobil","","","","ISS-24c1a6352550225d","HIGH","PRODUCT_MODE_ONLY_PRESENTATION","PRODUCT_MODE_ONLY","e40c1b80a7381e2f8a00885c227f07c49fbb8e7fda1a41ababa681cb25a07363"
"F-12902136a3688fad","bobil__tryg__ordinary__tryg-bobil-bobil-ekstra__2026-07-01__vs__storebrand__ordinary__storebrand-bobil-super__motor09__primary","Bobil","Tryg","Bobil Ekstra","Storebrand","Super","Skadedyr","Skadedyr","bobil.skadedyr.dekning","bobil.skadedyr","both","","skadedyr → skadedyr → skadedyr","DUPLICATE_DISPLAY_LABEL","","","","","","ISS-eee45806f17dbba2","HIGH","PRESENTATION_HIERARCHY","PRODUCT_MODE_ONLY","cde34bfd10d6262882326a1307cc3a585a57d358ef911584add38c0339587972"
"F-2a284901a48e685d","bobil__tryg__ordinary__tryg-bobil-bobil-ekstra__2026-07-01__vs__storebrand__ordinary__storebrand-bobil-super__motor09__primary","Bobil","Tryg","Bobil Ekstra","Storebrand","Super","Parkeringsskade","Parkeringsskade","parkering.dekning","bobil.parkering","both","","parkeringsskade → parkeringsskade → parkeringsskade","DUPLICATE_DISPLAY_LABEL","","","","","","ISS-60d5541cbca15643","HIGH","PRESENTATION_HIERARCHY","PRODUCT_MODE_ONLY","a8597e47c8e9e248d7beee1be68bc003f80c720cf8aa661e456de45075c2781e"
"F-5a063bfee60a1ce8","bobil__tryg__ordinary__tryg-bobil-bobil-ekstra__2026-07-01__vs__storebrand__ordinary__storebrand-bobil-super__motor09__primary","Bobil","Tryg","Bobil Ekstra","Storebrand","Super","Fører- og passasjerulykke","Fører- og passasjerulykke","ulykke.dekning","bobil.ulykke","both","","fører og passasjerulykke → fører og passasjerulykke → fører og passasjerulykke","DUPLICATE_DISPLAY_LABEL","","","","","","ISS-3a41758c766d796a","HIGH","PRESENTATION_HIERARCHY","PRODUCT_MODE_ONLY","663dd0d25425d6ee94ca7b824f3dd61d0a8ad9d16b329864528dc16dda14ffc7"
"F-66a85999d6a36ce4","bobil__tryg__ordinary__tryg-bobil-bobil-ekstra__2026-07-01__vs__storebrand__ordinary__storebrand-bobil-super__motor09__primary","Bobil","Tryg","Bobil Ekstra","Storebrand","Super","Geografisk område","Geografisk område","avtale.geografi","bobil.geografi","both","","geografisk område → geografisk område → geografisk område","DUPLICATE_DISPLAY_LABEL","","","","","","ISS-f4d2dc9178b55cdc","HIGH","PRESENTATION_HIERARCHY","PRODUCT_MODE_ONLY","2d3c721e77fcd699e86ee1da2c75037647465a712b693a2f04ebec612e9be6ad"
"F-6e4974f9c57f509a","bobil__tryg__ordinary__tryg-bobil-bobil-ekstra__2026-07-01__vs__fremtind__ordinary-dnb__fremtind-bobil-topp__2025-09-18__primary","Bobil","Tryg","Bobil Ekstra","Fremtind","Topp","Skade på bobil","Kasko – egenandel","kasko.egenandel","bobil.egen-bobil","second","included","Fremgår av forsikringsbeviset","CUSTOMER_SPECIFIC_REFERENCE","Offentlig vilkår","mcb-ff-fremtind-bobil-topp-kasko","","","","ISS-a0a7c2afafe038b7","HIGH","PRODUCT_MODE_ONLY_PRESENTATION","PRODUCT_MODE_ONLY","25d3455fb84e3283bc12ab84386d8957405ddcd62e7afaf954228095eb2dae4a"
"F-ad57018768c7d017","bobil__tryg__ordinary__tryg-bobil-bobil-ekstra__2026-07-01__vs__fremtind__ordinary-dnb__fremtind-bobil-topp__2025-09-18__primary","Bobil","Tryg","Bobil Ekstra","Fremtind","Topp","Skadedyr","Skadedyr","bobil.skadedyr.dekning","bobil.skadedyr","both","","skadedyr → skadedyr → skadedyr","DUPLICATE_DISPLAY_LABEL","","","","","","ISS-eee45806f17dbba2","HIGH","PRESENTATION_HIERARCHY","PRODUCT_MODE_ONLY","3bff888f364a76454d117146b57958b2a55023955c7f4085717c8835a84445db"
"F-9320ff186a7d64ce","bobil__tryg__ordinary__tryg-bobil-bobil-ekstra__2026-07-01__vs__fremtind__ordinary-dnb__fremtind-bobil-topp__2025-09-18__primary","Bobil","Tryg","Bobil Ekstra","Fremtind","Topp","Parkeringsskade","Parkeringsskade","parkering.dekning","bobil.parkering","both","","parkeringsskade → parkeringsskade → parkeringsskade","DUPLICATE_DISPLAY_LABEL","","","","","","ISS-60d5541cbca15643","HIGH","PRESENTATION_HIERARCHY","PRODUCT_MODE_ONLY","2df94977589f34ea353cfc6b596be7a999fd652a3ad005eed69376190c262370"
"F-629c43ccefbe9154","bobil__tryg__ordinary__tryg-bobil-bobil-ekstra__2026-07-01__vs__fremtind__ordinary-dnb__fremtind-bobil-topp__2025-09-18__primary","Bobil","Tryg","Bobil Ekstra","Fremtind","Topp","Fører- og passasjerulykke","Fører- og passasjerulykke","ulykke.dekning","bobil.ulykke","both","","fører og passasjerulykke → fører og passasjerulykke → fører og passasjerulykke","DUPLICATE_DISPLAY_LABEL","","","","","","ISS-3a41758c766d796a","HIGH","PRESENTATION_HIERARCHY","PRODUCT_MODE_ONLY","f4f7dcdf2195812fea943d680d34c39b8ab64e883db9bfa7b31a54153af2a950"
"F-9bf55066b3aeed95","bobil__tryg__ordinary__tryg-bobil-bobil-ekstra__2026-07-01__vs__fremtind__ordinary-dnb__fremtind-bobil-topp__2025-09-18__primary","Bobil","Tryg","Bobil Ekstra","Fremtind","Topp","Geografisk område","Geografisk område","avtale.geografi","bobil.geografi","both","","geografisk område → geografisk område → geografisk område","DUPLICATE_DISPLAY_LABEL","","","","","","ISS-f4d2dc9178b55cdc","HIGH","PRESENTATION_HIERARCHY","PRODUCT_MODE_ONLY","2d6fcb40c14b5380b4fcc5e765f8b249a2fb18d97290cbcf2114d68c56f98dec"
"F-eb66700657e7e448","bobil__tryg__ordinary__tryg-bobil-bobil-ekstra__2026-07-01__vs__frende__ordinary__frende-bobil-utvidet__2026-01-01__primary","Bobil","Tryg","Bobil Ekstra","Frende","Utvidet","Skade på bobil","Kasko – egenandel","kasko.egenandel","bobil.egen-bobil","second","included","Fremgår av forsikringsbeviset","CUSTOMER_SPECIFIC_REFERENCE","Offentlig vilkår","mcb-ff-frende-bobil-terms","","","","ISS-25b71dbbf781bea8","HIGH","PRODUCT_MODE_ONLY_PRESENTATION","PRODUCT_MODE_ONLY","66ab81c67229d218c16dee061ba2535756019cf310b10fa6903b79b286f39663"
"F-78e288c9cc7444fe","bobil__tryg__ordinary__tryg-bobil-bobil-ekstra__2026-07-01__vs__frende__ordinary__frende-bobil-utvidet__2026-01-01__primary","Bobil","Tryg","Bobil Ekstra","Frende","Utvidet","Skadedyr","Skadedyr","bobil.skadedyr.dekning","bobil.skadedyr","both","","skadedyr → skadedyr → skadedyr","DUPLICATE_DISPLAY_LABEL","","","","","","ISS-eee45806f17dbba2","HIGH","PRESENTATION_HIERARCHY","PRODUCT_MODE_ONLY","026ab8620deffe4e9a09b39ecc62abf83dbb3493b479519f42fea1a8f2413fc6"
"F-c963ec1be0200d5e","bobil__tryg__ordinary__tryg-bobil-bobil-ekstra__2026-07-01__vs__frende__ordinary__frende-bobil-utvidet__2026-01-01__primary","Bobil","Tryg","Bobil Ekstra","Frende","Utvidet","Fører- og passasjerulykke","Fører- og passasjerulykke","ulykke.dekning","bobil.ulykke","both","","fører og passasjerulykke → fører og passasjerulykke → fører og passasjerulykke","DUPLICATE_DISPLAY_LABEL","","","","","","ISS-3a41758c766d796a","HIGH","PRESENTATION_HIERARCHY","PRODUCT_MODE_ONLY","740b9d49bbb4232f8e41ded4c4e7b65a380a9b7a77a50a21e4f6f78574882561"
"F-9c3b8d29ca37a1f0","bobil__tryg__ordinary__tryg-bobil-bobil-ekstra__2026-07-01__vs__frende__ordinary__frende-bobil-utvidet__2026-01-01__primary","Bobil","Tryg","Bobil Ekstra","Frende","Utvidet","Geografisk område","Geografisk område","avtale.geografi","bobil.geografi","both","","geografisk område → geografisk område → geografisk område","DUPLICATE_DISPLAY_LABEL","","","","","","ISS-f4d2dc9178b55cdc","HIGH","PRESENTATION_HIERARCHY","PRODUCT_MODE_ONLY","daf9b1650352b9b9ec23a27e7ec36b051778d6a90968d1759a7b8b8e6673abdc"
"F-c631f1ca410e91cc","bobil__if__ordinary__if-bobil-super__2022-06__vs__frende__ordinary__frende-bobil-utvidet__2026-01-01__primary","Bobil","If","Super","Frende","Utvidet","Skade på bobil","Kasko – egenandel","kasko.egenandel","bobil.egen-bobil","second","included","Fremgår av forsikringsbeviset","CUSTOMER_SPECIFIC_REFERENCE","Offentlig vilkår","mcb-ff-frende-bobil-terms","","","","ISS-25b71dbbf781bea8","HIGH","PRODUCT_MODE_ONLY_PRESENTATION","PRODUCT_MODE_ONLY","c19ba246cf702a013289b600d53c9701f8587fd16e20a0bab1b5075eadd206e4"
"F-51e9c0ee68f761c1","bobil__if__ordinary__if-bobil-super__2022-06__vs__frende__ordinary__frende-bobil-utvidet__2026-01-01__primary","Bobil","If","Super","Frende","Utvidet","Skadedyr","Skadedyr","bobil.skadedyr.dekning","bobil.skadedyr","both","","skadedyr → skadedyr → skadedyr","DUPLICATE_DISPLAY_LABEL","","","","","","ISS-eee45806f17dbba2","HIGH","PRESENTATION_HIERARCHY","PRODUCT_MODE_ONLY","eb1b33594a6f5ec4a718ad8998b44c85e15d2d1772d86c62d8ec51fddd69cb62"
"F-975222aa88bb2494","bobil__if__ordinary__if-bobil-super__2022-06__vs__frende__ordinary__frende-bobil-utvidet__2026-01-01__primary","Bobil","If","Super","Frende","Utvidet","Parkeringsskade","Parkeringsskade","parkering.dekning","bobil.parkering","both","","parkeringsskade → parkeringsskade → parkeringsskade","DUPLICATE_DISPLAY_LABEL","","","","","","ISS-60d5541cbca15643","HIGH","PRESENTATION_HIERARCHY","PRODUCT_MODE_ONLY","12f8ecca3ab9f94e82d204946526a18b7cda660dc335136cc234a5ca01679fed"
"F-24686381d9a9ccfb","bobil__if__ordinary__if-bobil-super__2022-06__vs__frende__ordinary__frende-bobil-utvidet__2026-01-01__primary","Bobil","If","Super","Frende","Utvidet","Fører- og passasjerulykke","Fører- og passasjerulykke","ulykke.dekning","bobil.ulykke","both","","fører og passasjerulykke → fører og passasjerulykke → fører og passasjerulykke","DUPLICATE_DISPLAY_LABEL","","","","","","ISS-3a41758c766d796a","HIGH","PRESENTATION_HIERARCHY","PRODUCT_MODE_ONLY","05ef8c358b870b6c0790eea37f3aa684917bf88ff15aaa03c733f116dcd8b7b3"
"F-7d98ae6b3d63d55e","bobil__if__ordinary__if-bobil-super__2022-06__vs__frende__ordinary__frende-bobil-utvidet__2026-01-01__primary","Bobil","If","Super","Frende","Utvidet","Geografisk område","Geografisk område","avtale.geografi","bobil.geografi","both","","geografisk område → geografisk område → geografisk område","DUPLICATE_DISPLAY_LABEL","","","","","","ISS-f4d2dc9178b55cdc","HIGH","PRESENTATION_HIERARCHY","PRODUCT_MODE_ONLY","10aed475c06b074a909940412027d0f5bf52cef4facaa99d9a11289221f1ca09"
"F-4bebde37effd403a","bobil__gjensidige__ordinary__gjensidige-bobil-ansvar__null__vs__storebrand__ordinary__storebrand-bobil-ansvar__motor09__primary","Bobil","Gjensidige","Ansvar","Storebrand","Ansvar","Fører- og passasjerulykke","Fører- og passasjerulykke","ulykke.dekning","bobil.ulykke","both","","fører og passasjerulykke → fører og passasjerulykke → fører og passasjerulykke","DUPLICATE_DISPLAY_LABEL","","","","","","ISS-3a41758c766d796a","HIGH","PRESENTATION_HIERARCHY","PRODUCT_MODE_ONLY","102da60d92a1edeff3a36bcbaa3c4eadda4860f1adc4ea6d985699b7eed80441"
"F-d2d82ded6818ac4d","bobil__gjensidige__ordinary__gjensidige-bobil-ansvar__null__vs__storebrand__ordinary__storebrand-bobil-ansvar__motor09__primary","Bobil","Gjensidige","Ansvar","Storebrand","Ansvar","Geografisk område","Geografisk område","avtale.geografi","bobil.geografi","both","","geografisk område → geografisk område → geografisk område","DUPLICATE_DISPLAY_LABEL","","","","","","ISS-f4d2dc9178b55cdc","HIGH","PRESENTATION_HIERARCHY","PRODUCT_MODE_ONLY","7bfd50ac2ed73fde21e891bb044b30eb184d03dc1466ff68f9ef7e8d31266f6a"
"F-2e2be55236f1cee6","bobil__tryg__ordinary__tryg-bobil-bobil-ekstra__2026-07-01__vs__tryg__ordinary__tryg-bobil-kasko__2026-01-01__primary","Bobil","Tryg","Bobil Ekstra","Tryg","Kasko","Skadedyr","Skadedyr","bobil.skadedyr.dekning","bobil.skadedyr","both","","skadedyr → skadedyr → skadedyr","DUPLICATE_DISPLAY_LABEL","","","","","","ISS-eee45806f17dbba2","HIGH","PRESENTATION_HIERARCHY","PRODUCT_MODE_ONLY","440e17be3f4a78ee415711924f34021abb64a94817904fe68bf1f9c49ab61881"
"F-aeae746732936303","bobil__tryg__ordinary__tryg-bobil-bobil-ekstra__2026-07-01__vs__tryg__ordinary__tryg-bobil-kasko__2026-01-01__primary","Bobil","Tryg","Bobil Ekstra","Tryg","Kasko","Fører- og passasjerulykke","Fører- og passasjerulykke","ulykke.dekning","bobil.ulykke","both","","fører og passasjerulykke → fører og passasjerulykke → fører og passasjerulykke","DUPLICATE_DISPLAY_LABEL","","","","","","ISS-3a41758c766d796a","HIGH","PRESENTATION_HIERARCHY","PRODUCT_MODE_ONLY","9650d203871bd72d32c40627eb666080e85ebc72db7300f9f9ebfe9b4b73c3b2"
"F-47b95aec7a6234d5","bobil__tryg__ordinary__tryg-bobil-bobil-ekstra__2026-07-01__vs__tryg__ordinary__tryg-bobil-kasko__2026-01-01__primary","Bobil","Tryg","Bobil Ekstra","Tryg","Kasko","Geografisk område","Geografisk område","avtale.geografi","bobil.geografi","both","","geografisk område → geografisk område → geografisk område","DUPLICATE_DISPLAY_LABEL","","","","","","ISS-f4d2dc9178b55cdc","HIGH","PRESENTATION_HIERARCHY","PRODUCT_MODE_ONLY","44a234c81c4dfab412f93f1122d51f6a0fe164180145ae792c24017ce7a0f562"
