review_id,concept,current_keys,problem,disposition,affected_products,affected_families,candidate_approach,false_equivalence_risk,blocks_batches,signature_ids,representative_finding_ids,existing_type_key_inventory_ref,required_semantic_tuple,source_evidence,full_evidence_ref,decision,human_signoff
CR-001,Aldersfradrag / bagasje,[],No exact mapping approved in the audit,CANONICAL_REVIEW_FIRST,"[""[\""storebrand\"",\""bil\"",\""ordinary\"",\""sb-bil-delkasko\"",\""motor09\""]"", ""[\""storebrand\"",\""bil\"",\""ordinary\"",\""sb-bil-kasko\"",\""motor09\""]"", ""[\""storebrand\"",\""bil\"",\""ordinary\"",\""sb-bil-super\"",\""motor09\""]""]","[""Bil""]","First test exact reuse or source-bound provider-specific detail within an existing parent. A new key is allowed only if subject, trigger, unit, period or optionality would otherwise be lost or falsely equated.","Do not merge different event/subject/period/level merely to fill both sides. Existing type keys are candidates, not approved synonym mappings.","[""B-158""]","[""784ca7e5627286c3""]","[""GAP-0363""]",existing-type-registries.json#Bil,"[""subject"", ""trigger"", ""unit"", ""period"", ""limit_basis"", ""conditions"", ""level"", ""optionality"", ""provider/type/scope/version"", ""source""]","[{""finding_id"": ""GAP-0363"", ""source_fact_id"": ""SF-0681"", ""artifact"": ""catalog/sources/storebrand/vilkar-motorvognforsikring-motor09.pdf"", ""location"": ""PDF fysisk side8 (trykt7), 5 – tabell""}]",Listed signature IDs → p1-triage.csv → frozen gap/source-fact inventory; batch evidence in triage.json,PENDING_REVIEW,REQUIRED_BEFORE_IMPLEMENTATION
CR-002,Aldersfradrag / utstyr/dekk,[],No exact mapping approved in the audit,CANONICAL_REVIEW_FIRST,"[""[\""storebrand\"",\""bil\"",\""ordinary\"",\""sb-bil-delkasko\"",\""motor09\""]"", ""[\""storebrand\"",\""bil\"",\""ordinary\"",\""sb-bil-kasko\"",\""motor09\""]"", ""[\""storebrand\"",\""bil\"",\""ordinary\"",\""sb-bil-super\"",\""motor09\""]""]","[""Bil""]","First test exact reuse or source-bound provider-specific detail within an existing parent. A new key is allowed only if subject, trigger, unit, period or optionality would otherwise be lost or falsely equated.","Do not merge different event/subject/period/level merely to fill both sides. Existing type keys are candidates, not approved synonym mappings.","[""B-158""]","[""22a876822fffd6d9""]","[""GAP-0362""]",existing-type-registries.json#Bil,"[""subject"", ""trigger"", ""unit"", ""period"", ""limit_basis"", ""conditions"", ""level"", ""optionality"", ""provider/type/scope/version"", ""source""]","[{""finding_id"": ""GAP-0362"", ""source_fact_id"": ""SF-0680"", ""artifact"": ""catalog/sources/storebrand/vilkar-motorvognforsikring-motor09.pdf"", ""location"": ""PDF fysisk side8 (trykt7), 5""}]",Listed signature IDs → p1-triage.csv → frozen gap/source-fact inventory; batch evidence in triage.json,PENDING_REVIEW,REQUIRED_BEFORE_IMPLEMENTATION
CR-003,Avregistrering / transition,[],No exact mapping approved in the audit,CANONICAL_REVIEW_FIRST,"[""[\""dnb-fremtind\"",\""bil\"",\""ordinary\"",\""dnb-bil-ansvar\"",\""PMO-357.001-004\""]"", ""[\""dnb-fremtind\"",\""bil\"",\""ordinary\"",\""dnb-bil-delkasko\"",\""PMO-357.001-004\""]"", ""[\""dnb-fremtind\"",\""bil\"",\""ordinary\"",\""dnb-bil-kasko\"",\""PMO-357.001-004\""]"", ""[\""dnb-fremtind\"",\""bil\"",\""ordinary\"",\""dnb-bil-topp\"",\""PMO-357.001-004\""]"", ""[\""eika-fremtind\"",\""bil\"",\""ordinary\"",\""eika-bil-ansvar\"",\""PMO-357.001-004\""]"", ""[\""eika-fremtind\"",\""bil\"",\""ordinary\"",\""eika-bil-delkasko\"",\""PMO-357.001-004\""]"", ""[\""eika-fremtind\"",\""bil\"",\""ordinary\"",\""eika-bil-kasko\"",\""PMO-357.001-004\""]"", ""[\""eika-fremtind\"",\""bil\"",\""ordinary\"",\""eika-bil-topp\"",\""PMO-357.001-004\""]"", ""[\""fremtind\"",\""bil\"",\""ordinary\"",\""fremtind-bil-ansvar\"",\""PMO-357.001-004\""]"", ""[\""fremtind\"",\""bil\"",\""ordinary\"",\""fremtind-bil-delkasko\"",\""PMO-357.001-004\""]"", ""[\""fremtind\"",\""bil\"",\""ordinary\"",\""fremtind-bil-kasko\"",\""PMO-357.001-004\""]"", ""[\""fremtind\"",\""bil\"",\""ordinary\"",\""fremtind-bil-topp\"",\""PMO-357.001-004\""]"", ""[\""sparebank1-fremtind\"",\""bil\"",\""ordinary\"",\""sb1-bil-ansvar\"",\""PMO-357.001-004\""]"", ""[\""sparebank1-fremtind\"",\""bil\"",\""ordinary\"",\""sb1-bil-delkasko\"",\""PMO-357.001-004\""]"", ""[\""sparebank1-fremtind\"",\""bil\"",\""ordinary\"",\""sb1-bil-kasko\"",\""PMO-357.001-004\""]"", ""[\""sparebank1-fremtind\"",\""bil\"",\""ordinary\"",\""sb1-bil-toppkasko\"",\""PMO-357.001-004\""]""]","[""Bil""]","First test exact reuse or source-bound provider-specific detail within an existing parent. A new key is allowed only if subject, trigger, unit, period or optionality would otherwise be lost or falsely equated.","Do not merge different event/subject/period/level merely to fill both sides. Existing type keys are candidates, not approved synonym mappings.","[""B-106""]","[""89da599659a774cf"", ""b609e07de4c7962d"", ""ebddd0edcd86a1aa"", ""b3f93c2023c216c2""]","[""GAP-4543"", ""GAP-4656"", ""GAP-4769"", ""GAP-4882""]",existing-type-registries.json#Bil,"[""subject"", ""trigger"", ""unit"", ""period"", ""limit_basis"", ""conditions"", ""level"", ""optionality"", ""provider/type/scope/version"", ""source""]","[{""finding_id"": ""GAP-4543"", ""source_fact_id"": ""SF-6578"", ""artifact"": ""catalog/sources/sparebank1-fremtind/Vilkar_ansvar_bil.pdf"", ""location"": ""s1§5""}]",Listed signature IDs → p1-triage.csv → frozen gap/source-fact inventory; batch evidence in triage.json,PENDING_REVIEW,REQUIRED_BEFORE_IMPLEMENTATION
CR-004,Bruk / utleie/næring,[],No exact mapping approved in the audit,CANONICAL_REVIEW_FIRST,"[""[\""storebrand\"",\""bil\"",\""ordinary\"",\""sb-bil-delkasko\"",\""motor09\""]"", ""[\""storebrand\"",\""bil\"",\""ordinary\"",\""sb-bil-kasko\"",\""motor09\""]"", ""[\""storebrand\"",\""bil\"",\""ordinary\"",\""sb-bil-super\"",\""motor09\""]""]","[""Bil""]","First test exact reuse or source-bound provider-specific detail within an existing parent. A new key is allowed only if subject, trigger, unit, period or optionality would otherwise be lost or falsely equated.","Do not merge different event/subject/period/level merely to fill both sides. Existing type keys are candidates, not approved synonym mappings.","[""B-158""]","[""b626be71b1b472cc""]","[""GAP-0369""]",existing-type-registries.json#Bil,"[""subject"", ""trigger"", ""unit"", ""period"", ""limit_basis"", ""conditions"", ""level"", ""optionality"", ""provider/type/scope/version"", ""source""]","[{""finding_id"": ""GAP-0369"", ""source_fact_id"": ""SF-0690"", ""artifact"": ""catalog/sources/storebrand/vilkar-motorvognforsikring-motor09.pdf"", ""location"": ""PDF fysisk side20 (trykt19), 8/17–18""}]",Listed signature IDs → p1-triage.csv → frozen gap/source-fact inventory; batch evidence in triage.json,PENDING_REVIEW,REQUIRED_BEFORE_IMPLEMENTATION
CR-005,Bruksbegrensninger / aktivitet,[],No exact mapping approved in the audit,CANONICAL_REVIEW_FIRST,"[""[\""frende\"",\""bil\"",\""ordinary\"",\""frende-bil-ansvar\"",\""2026-01-01\""]"", ""[\""frende\"",\""bil\"",\""ordinary\"",\""frende-bil-delkasko\"",\""2026-01-01\""]"", ""[\""frende\"",\""bil\"",\""ordinary\"",\""frende-bil-kasko\"",\""2026-01-01\""]"", ""[\""frende\"",\""bil\"",\""ordinary\"",\""frende-bil-utvidet\"",\""2026-01-01\""]""]","[""Bil""]","First test exact reuse or source-bound provider-specific detail within an existing parent. A new key is allowed only if subject, trigger, unit, period or optionality would otherwise be lost or falsely equated.","Do not merge different event/subject/period/level merely to fill both sides. Existing type keys are candidates, not approved synonym mappings.","[""B-107""]","[""4c492ed863a18869""]","[""GAP-1317""]",existing-type-registries.json#Bil,"[""subject"", ""trigger"", ""unit"", ""period"", ""limit_basis"", ""conditions"", ""level"", ""optionality"", ""provider/type/scope/version"", ""source""]","[{""finding_id"": ""GAP-1317"", ""source_fact_id"": ""SF-1943"", ""artifact"": ""catalog/sources/frende/Vilkar_kjoretoyforsikring.pdf"", ""location"": ""PDFside13,14punkt16""}]",Listed signature IDs → p1-triage.csv → frozen gap/source-fact inventory; batch evidence in triage.json,PENDING_REVIEW,REQUIRED_BEFORE_IMPLEMENTATION
CR-006,Egenandel / dyr,[],No exact mapping approved in the audit,CANONICAL_REVIEW_FIRST,"[""[\""frende\"",\""bil\"",\""ordinary\"",\""frende-bil-kasko\"",\""2026-01-01\""]"", ""[\""frende\"",\""bil\"",\""ordinary\"",\""frende-bil-utvidet\"",\""2026-01-01\""]"", ""[\""gjensidige\"",\""bil\"",\""ordinary\"",\""gj-bil-delkasko\"",null]"", ""[\""gjensidige\"",\""bil\"",\""ordinary\"",\""gj-bil-kasko\"",null]"", ""[\""gjensidige\"",\""bil\"",\""ordinary\"",\""gj-bil-pluss\"",null]""]","[""Bil""]","First test exact reuse or source-bound provider-specific detail within an existing parent. A new key is allowed only if subject, trigger, unit, period or optionality would otherwise be lost or falsely equated.","Do not merge different event/subject/period/level merely to fill both sides. Existing type keys are candidates, not approved synonym mappings.","[""B-107"", ""B-122""]","[""d2f842d2c2ef54f3"", ""f4f4188797a60e1b""]","[""GAP-1382"", ""GAP-1866""]",existing-type-registries.json#Bil,"[""subject"", ""trigger"", ""unit"", ""period"", ""limit_basis"", ""conditions"", ""level"", ""optionality"", ""provider/type/scope/version"", ""source""]","[{""finding_id"": ""GAP-1382"", ""source_fact_id"": ""SF-2029"", ""artifact"": ""catalog/sources/frende/Vilkar_kjoretoyforsikring.pdf"", ""location"": ""PDFside9punkt11.11""}]",Listed signature IDs → p1-triage.csv → frozen gap/source-fact inventory; batch evidence in triage.json,PENDING_REVIEW,REQUIRED_BEFORE_IMPLEMENTATION
CR-007,Egenandel / triller uten fører,[],No exact mapping approved in the audit,CANONICAL_REVIEW_FIRST,"[""[\""gjensidige\"",\""bil\"",\""ordinary\"",\""gj-bil-ansvar\"",null]"", ""[\""gjensidige\"",\""bil\"",\""ordinary\"",\""gj-bil-delkasko\"",null]"", ""[\""gjensidige\"",\""bil\"",\""ordinary\"",\""gj-bil-kasko\"",null]"", ""[\""gjensidige\"",\""bil\"",\""ordinary\"",\""gj-bil-pluss\"",null]""]","[""Bil""]","First test exact reuse or source-bound provider-specific detail within an existing parent. A new key is allowed only if subject, trigger, unit, period or optionality would otherwise be lost or falsely equated.","Do not merge different event/subject/period/level merely to fill both sides. Existing type keys are candidates, not approved synonym mappings.","[""B-122""]","[""52378911e6742e2e""]","[""GAP-1827""]",existing-type-registries.json#Bil,"[""subject"", ""trigger"", ""unit"", ""period"", ""limit_basis"", ""conditions"", ""level"", ""optionality"", ""provider/type/scope/version"", ""source""]","[{""finding_id"": ""GAP-1827"", ""source_fact_id"": ""SF-2643"", ""artifact"": ""catalog/sources/gjensidige/bil-ansvar-alminnelige-vilkar.pdf"", ""location"": ""PDF 1–2""}]",Listed signature IDs → p1-triage.csv → frozen gap/source-fact inventory; batch evidence in triage.json,PENDING_REVIEW,REQUIRED_BEFORE_IMPLEMENTATION
CR-008,Egenandel / ung fører,[],No exact mapping approved in the audit,CANONICAL_REVIEW_FIRST,"[""[\""gjensidige\"",\""bil\"",\""ordinary\"",\""gj-bil-ansvar\"",null]"", ""[\""gjensidige\"",\""bil\"",\""ordinary\"",\""gj-bil-delkasko\"",null]"", ""[\""gjensidige\"",\""bil\"",\""ordinary\"",\""gj-bil-kasko\"",null]"", ""[\""gjensidige\"",\""bil\"",\""ordinary\"",\""gj-bil-pluss\"",null]""]","[""Bil""]","First test exact reuse or source-bound provider-specific detail within an existing parent. A new key is allowed only if subject, trigger, unit, period or optionality would otherwise be lost or falsely equated.","Do not merge different event/subject/period/level merely to fill both sides. Existing type keys are candidates, not approved synonym mappings.","[""B-122""]","[""deb5ac09746a5767""]","[""GAP-1826""]",existing-type-registries.json#Bil,"[""subject"", ""trigger"", ""unit"", ""period"", ""limit_basis"", ""conditions"", ""level"", ""optionality"", ""provider/type/scope/version"", ""source""]","[{""finding_id"": ""GAP-1826"", ""source_fact_id"": ""SF-2642"", ""artifact"": ""catalog/sources/gjensidige/bil-ansvar-alminnelige-vilkar.pdf"", ""location"": ""PDF 1–2""}]",Listed signature IDs → p1-triage.csv → frozen gap/source-fact inventory; batch evidence in triage.json,PENDING_REVIEW,REQUIRED_BEFORE_IMPLEMENTATION
CR-009,Egenandel / ungfører,[],No exact mapping approved in the audit,CANONICAL_REVIEW_FIRST,"[""[\""frende\"",\""bil\"",\""ordinary\"",\""frende-bil-ansvar\"",\""2026-01-01\""]"", ""[\""frende\"",\""bil\"",\""ordinary\"",\""frende-bil-delkasko\"",\""2026-01-01\""]"", ""[\""frende\"",\""bil\"",\""ordinary\"",\""frende-bil-kasko\"",\""2026-01-01\""]"", ""[\""frende\"",\""bil\"",\""ordinary\"",\""frende-bil-utvidet\"",\""2026-01-01\""]"", ""[\""storebrand\"",\""bil\"",\""ordinary\"",\""sb-bil-ansvar\"",\""motor09\""]"", ""[\""storebrand\"",\""bil\"",\""ordinary\"",\""sb-bil-delkasko\"",\""motor09\""]"", ""[\""storebrand\"",\""bil\"",\""ordinary\"",\""sb-bil-kasko\"",\""motor09\""]"", ""[\""storebrand\"",\""bil\"",\""ordinary\"",\""sb-bil-super\"",\""motor09\""]""]","[""Bil""]","First test exact reuse or source-bound provider-specific detail within an existing parent. A new key is allowed only if subject, trigger, unit, period or optionality would otherwise be lost or falsely equated.","Do not merge different event/subject/period/level merely to fill both sides. Existing type keys are candidates, not approved synonym mappings.","[""B-107"", ""B-158""]","[""f9ce3a71e4db6272"", ""3399ada6dcb9bd9b""]","[""GAP-0348"", ""GAP-1305""]",existing-type-registries.json#Bil,"[""subject"", ""trigger"", ""unit"", ""period"", ""limit_basis"", ""conditions"", ""level"", ""optionality"", ""provider/type/scope/version"", ""source""]","[{""finding_id"": ""GAP-0348"", ""source_fact_id"": ""SF-0656"", ""artifact"": ""catalog/sources/storebrand/vilkar-motorvognforsikring-motor09.pdf"", ""location"": ""PDF fysisk side21 (trykt20), 9.1""}]",Listed signature IDs → p1-triage.csv → frozen gap/source-fact inventory; batch evidence in triage.json,PENDING_REVIEW,REQUIRED_BEFORE_IMPLEMENTATION
CR-010,Elbil / batteri/ladekabel,[],No exact mapping approved in the audit,CANONICAL_REVIEW_FIRST,"[""[\""frende\"",\""bil\"",\""ordinary\"",\""frende-bil-delkasko\"",\""2026-01-01\""]"", ""[\""frende\"",\""bil\"",\""ordinary\"",\""frende-bil-kasko\"",\""2026-01-01\""]"", ""[\""frende\"",\""bil\"",\""ordinary\"",\""frende-bil-utvidet\"",\""2026-01-01\""]""]","[""Bil""]","First test exact reuse or source-bound provider-specific detail within an existing parent. A new key is allowed only if subject, trigger, unit, period or optionality would otherwise be lost or falsely equated.","Do not merge different event/subject/period/level merely to fill both sides. Existing type keys are candidates, not approved synonym mappings.","[""B-107""]","[""024284585b17322b""]","[""GAP-1326""]",existing-type-registries.json#Bil,"[""subject"", ""trigger"", ""unit"", ""period"", ""limit_basis"", ""conditions"", ""level"", ""optionality"", ""provider/type/scope/version"", ""source""]","[{""finding_id"": ""GAP-1326"", ""source_fact_id"": ""SF-1954"", ""artifact"": ""catalog/sources/frende/Vilkar_kjoretoyforsikring.pdf"", ""location"": ""PDFside2punkt3.4""}]",Listed signature IDs → p1-triage.csv → frozen gap/source-fact inventory; batch evidence in triage.json,PENDING_REVIEW,REQUIRED_BEFORE_IMPLEMENTATION
CR-011,Elektronikk / aldersfradrag,"[""tilbehor.aldersfradrag""]",Proposed key/type/detail relationship needs explicit validation,MAPPING_REVIEW_FIRST,"[""[\""tryg\"",\""bil\"",\""ordinary\"",\""bil-delkasko\"",\""PAU25835\""]""]","[""Bil""]","First test exact reuse or source-bound provider-specific detail within an existing parent. A new key is allowed only if subject, trigger, unit, period or optionality would otherwise be lost or falsely equated.","Do not merge different event/subject/period/level merely to fill both sides. Existing type keys are candidates, not approved synonym mappings.","[""B-173""]","[""b1bf7e338671afb3""]","[""GAP-3923""]",existing-type-registries.json#Bil,"[""subject"", ""trigger"", ""unit"", ""period"", ""limit_basis"", ""conditions"", ""level"", ""optionality"", ""provider/type/scope/version"", ""source""]","[{""finding_id"": ""GAP-3923"", ""source_fact_id"": ""SF-5581"", ""artifact"": ""catalog/sources/tryg/Bilforsikring-Delkasko.pdf"", ""location"": ""3§3.3""}]",Listed signature IDs → p1-triage.csv → frozen gap/source-fact inventory; batch evidence in triage.json,PENDING_REVIEW,REQUIRED_BEFORE_IMPLEMENTATION
CR-012,Fysisk skade / batteri/unntak,[],No exact mapping approved in the audit,CANONICAL_REVIEW_FIRST,"[""[\""gjensidige\"",\""bil\"",\""ordinary\"",\""gj-bil-delkasko\"",null]"", ""[\""gjensidige\"",\""bil\"",\""ordinary\"",\""gj-bil-kasko\"",null]""]","[""Bil""]","First test exact reuse or source-bound provider-specific detail within an existing parent. A new key is allowed only if subject, trigger, unit, period or optionality would otherwise be lost or falsely equated.","Do not merge different event/subject/period/level merely to fill both sides. Existing type keys are candidates, not approved synonym mappings.","[""B-122""]","[""67703e691b2f1e01""]","[""GAP-1862""]",existing-type-registries.json#Bil,"[""subject"", ""trigger"", ""unit"", ""period"", ""limit_basis"", ""conditions"", ""level"", ""optionality"", ""provider/type/scope/version"", ""source""]","[{""finding_id"": ""GAP-1862"", ""source_fact_id"": ""SF-2690"", ""artifact"": ""catalog/sources/gjensidige/Bil-Delkasko-alminnelige-vilkar.pdf"", ""location"": ""PDF 3""}]",Listed signature IDs → p1-triage.csv → frozen gap/source-fact inventory; batch evidence in triage.json,PENDING_REVIEW,REQUIRED_BEFORE_IMPLEMENTATION
CR-013,Fysisk skade / begrensninger,[],No exact mapping approved in the audit,CANONICAL_REVIEW_FIRST,"[""[\""gjensidige\"",\""bil\"",\""ordinary\"",\""gj-bil-delkasko\"",null]"", ""[\""gjensidige\"",\""bil\"",\""ordinary\"",\""gj-bil-kasko\"",null]"", ""[\""gjensidige\"",\""bil\"",\""ordinary\"",\""gj-bil-pluss\"",null]""]","[""Bil""]","First test exact reuse or source-bound provider-specific detail within an existing parent. A new key is allowed only if subject, trigger, unit, period or optionality would otherwise be lost or falsely equated.","Do not merge different event/subject/period/level merely to fill both sides. Existing type keys are candidates, not approved synonym mappings.","[""B-122""]","[""bf6370704e7706ee""]","[""GAP-1861""]",existing-type-registries.json#Bil,"[""subject"", ""trigger"", ""unit"", ""period"", ""limit_basis"", ""conditions"", ""level"", ""optionality"", ""provider/type/scope/version"", ""source""]","[{""finding_id"": ""GAP-1861"", ""source_fact_id"": ""SF-2689"", ""artifact"": ""catalog/sources/gjensidige/Bil-Delkasko-alminnelige-vilkar.pdf"", ""location"": ""PDF 3""}]",Listed signature IDs → p1-triage.csv → frozen gap/source-fact inventory; batch evidence in triage.json,PENDING_REVIEW,REQUIRED_BEFORE_IMPLEMENTATION
CR-014,Generelle unntak / bane/is/trim,[],No exact mapping approved in the audit,CANONICAL_REVIEW_FIRST,"[""[\""storebrand\"",\""bil\"",\""ordinary\"",\""sb-bil-delkasko\"",\""motor09\""]"", ""[\""storebrand\"",\""bil\"",\""ordinary\"",\""sb-bil-kasko\"",\""motor09\""]"", ""[\""storebrand\"",\""bil\"",\""ordinary\"",\""sb-bil-super\"",\""motor09\""]""]","[""Bil""]","First test exact reuse or source-bound provider-specific detail within an existing parent. A new key is allowed only if subject, trigger, unit, period or optionality would otherwise be lost or falsely equated.","Do not merge different event/subject/period/level merely to fill both sides. Existing type keys are candidates, not approved synonym mappings.","[""B-158""]","[""74a326f1f28d2820""]","[""GAP-0368""]",existing-type-registries.json#Bil,"[""subject"", ""trigger"", ""unit"", ""period"", ""limit_basis"", ""conditions"", ""level"", ""optionality"", ""provider/type/scope/version"", ""source""]","[{""finding_id"": ""GAP-0368"", ""source_fact_id"": ""SF-0689"", ""artifact"": ""catalog/sources/storebrand/vilkar-motorvognforsikring-motor09.pdf"", ""location"": ""PDF fysisk side20 (trykt19), 8""}]",Listed signature IDs → p1-triage.csv → frozen gap/source-fact inventory; batch evidence in triage.json,PENDING_REVIEW,REQUIRED_BEFORE_IMPLEMENTATION
CR-015,Hjemtransport / kjøretøy,[],No exact mapping approved in the audit,CANONICAL_REVIEW_FIRST,"[""[\""frende\"",\""bil\"",\""ordinary\"",\""frende-bil-delkasko\"",\""2026-01-01\""]"", ""[\""frende\"",\""bil\"",\""ordinary\"",\""frende-bil-kasko\"",\""2026-01-01\""]"", ""[\""frende\"",\""bil\"",\""ordinary\"",\""frende-bil-utvidet\"",\""2026-01-01\""]""]","[""Bil""]","First test exact reuse or source-bound provider-specific detail within an existing parent. A new key is allowed only if subject, trigger, unit, period or optionality would otherwise be lost or falsely equated.","Do not merge different event/subject/period/level merely to fill both sides. Existing type keys are candidates, not approved synonym mappings.","[""B-107""]","[""b1172fc88664ac1d""]","[""GAP-1334""]",existing-type-registries.json#Bil,"[""subject"", ""trigger"", ""unit"", ""period"", ""limit_basis"", ""conditions"", ""level"", ""optionality"", ""provider/type/scope/version"", ""source""]","[{""finding_id"": ""GAP-1334"", ""source_fact_id"": ""SF-1963"", ""artifact"": ""catalog/sources/frende/Vilkar_kjoretoyforsikring.pdf"", ""location"": ""PDFside3punkt5.4""}]",Listed signature IDs → p1-triage.csv → frozen gap/source-fact inventory; batch evidence in triage.json,PENDING_REVIEW,REQUIRED_BEFORE_IMPLEMENTATION
CR-016,Hjemtransport / personer,[],No exact mapping approved in the audit,CANONICAL_REVIEW_FIRST,"[""[\""frende\"",\""bil\"",\""ordinary\"",\""frende-bil-delkasko\"",\""2026-01-01\""]"", ""[\""frende\"",\""bil\"",\""ordinary\"",\""frende-bil-kasko\"",\""2026-01-01\""]"", ""[\""frende\"",\""bil\"",\""ordinary\"",\""frende-bil-utvidet\"",\""2026-01-01\""]""]","[""Bil""]","First test exact reuse or source-bound provider-specific detail within an existing parent. A new key is allowed only if subject, trigger, unit, period or optionality would otherwise be lost or falsely equated.","Do not merge different event/subject/period/level merely to fill both sides. Existing type keys are candidates, not approved synonym mappings.","[""B-107""]","[""19fb1805510da6dd""]","[""GAP-1333""]",existing-type-registries.json#Bil,"[""subject"", ""trigger"", ""unit"", ""period"", ""limit_basis"", ""conditions"", ""level"", ""optionality"", ""provider/type/scope/version"", ""source""]","[{""finding_id"": ""GAP-1333"", ""source_fact_id"": ""SF-1962"", ""artifact"": ""catalog/sources/frende/Vilkar_kjoretoyforsikring.pdf"", ""location"": ""PDFside3punkt5.3""}]",Listed signature IDs → p1-triage.csv → frozen gap/source-fact inventory; batch evidence in triage.json,PENDING_REVIEW,REQUIRED_BEFORE_IMPLEMENTATION
CR-017,Kasko / unntak,[],No exact mapping approved in the audit,CANONICAL_REVIEW_FIRST,"[""[\""frende\"",\""bil\"",\""ordinary\"",\""frende-bil-kasko\"",\""2026-01-01\""]"", ""[\""frende\"",\""bil\"",\""ordinary\"",\""frende-bil-utvidet\"",\""2026-01-01\""]""]","[""Bil""]","First test exact reuse or source-bound provider-specific detail within an existing parent. A new key is allowed only if subject, trigger, unit, period or optionality would otherwise be lost or falsely equated.","Do not merge different event/subject/period/level merely to fill both sides. Existing type keys are candidates, not approved synonym mappings.","[""B-107""]","[""7b2e651178a9cc3c""]","[""GAP-1371""]",existing-type-registries.json#Bil,"[""subject"", ""trigger"", ""unit"", ""period"", ""limit_basis"", ""conditions"", ""level"", ""optionality"", ""provider/type/scope/version"", ""source""]","[{""finding_id"": ""GAP-1371"", ""source_fact_id"": ""SF-2010"", ""artifact"": ""catalog/sources/frende/Vilkar_kjoretoyforsikring.pdf"", ""location"": ""PDFside4punkt6.2""}]",Listed signature IDs → p1-triage.csv → frozen gap/source-fact inventory; batch evidence in triage.json,PENDING_REVIEW,REQUIRED_BEFORE_IMPLEMENTATION
CR-018,Kontanter / unntak,[],No exact mapping approved in the audit,CANONICAL_REVIEW_FIRST,"[""[\""frende\"",\""bil\"",\""ordinary\"",\""frende-bil-delkasko\"",\""2026-01-01\""]"", ""[\""frende\"",\""bil\"",\""ordinary\"",\""frende-bil-kasko\"",\""2026-01-01\""]"", ""[\""frende\"",\""bil\"",\""ordinary\"",\""frende-bil-utvidet\"",\""2026-01-01\""]""]","[""Bil""]","First test exact reuse or source-bound provider-specific detail within an existing parent. A new key is allowed only if subject, trigger, unit, period or optionality would otherwise be lost or falsely equated.","Do not merge different event/subject/period/level merely to fill both sides. Existing type keys are candidates, not approved synonym mappings.","[""B-107""]","[""182c98addaca8d60""]","[""GAP-1329""]",existing-type-registries.json#Bil,"[""subject"", ""trigger"", ""unit"", ""period"", ""limit_basis"", ""conditions"", ""level"", ""optionality"", ""provider/type/scope/version"", ""source""]","[{""finding_id"": ""GAP-1329"", ""source_fact_id"": ""SF-1957"", ""artifact"": ""catalog/sources/frende/Vilkar_kjoretoyforsikring.pdf"", ""location"": ""PDFside2punkt3""}]",Listed signature IDs → p1-triage.csv → frozen gap/source-fact inventory; batch evidence in triage.json,PENDING_REVIEW,REQUIRED_BEFORE_IMPLEMENTATION
CR-019,Leiebil / maskin/veibrudd,[],No exact mapping approved in the audit,CANONICAL_REVIEW_FIRST,"[""[\""storebrand\"",\""bil\"",\""ordinary\"",\""sb-bil-kasko\"",\""motor09\""]"", ""[\""storebrand\"",\""bil\"",\""ordinary\"",\""sb-bil-super\"",\""motor09\""]""]","[""Bil""]","First test exact reuse or source-bound provider-specific detail within an existing parent. A new key is allowed only if subject, trigger, unit, period or optionality would otherwise be lost or falsely equated.","Do not merge different event/subject/period/level merely to fill both sides. Existing type keys are candidates, not approved synonym mappings.","[""B-158""]","[""ebaf703670045f56""]","[""GAP-0405""]",existing-type-registries.json#Bil,"[""subject"", ""trigger"", ""unit"", ""period"", ""limit_basis"", ""conditions"", ""level"", ""optionality"", ""provider/type/scope/version"", ""source""]","[{""finding_id"": ""GAP-0405"", ""source_fact_id"": ""SF-0738"", ""artifact"": ""catalog/sources/storebrand/vilkar-motorvognforsikring-motor09.pdf"", ""location"": ""PDF fysisk side19 (trykt18), 7.2""}]",Listed signature IDs → p1-triage.csv → frozen gap/source-fact inventory; batch evidence in triage.json,PENDING_REVIEW,REQUIRED_BEFORE_IMPLEMENTATION
CR-020,Leiebil / utlandet,"[""leiebil.utland""]",Proposed key/type/detail relationship needs explicit validation,MAPPING_REVIEW_FIRST,"[""[\""gjensidige\"",\""bil\"",\""ordinary\"",\""gj-bil-kasko\"",null]"", ""[\""gjensidige\"",\""bil\"",\""ordinary\"",\""gj-bil-pluss\"",null]""]","[""Bil""]","First test exact reuse or source-bound provider-specific detail within an existing parent. A new key is allowed only if subject, trigger, unit, period or optionality would otherwise be lost or falsely equated.","Do not merge different event/subject/period/level merely to fill both sides. Existing type keys are candidates, not approved synonym mappings.","[""B-121""]","[""3b4532f1ddc3c2ed""]","[""GAP-1905""]",existing-type-registries.json#Bil,"[""subject"", ""trigger"", ""unit"", ""period"", ""limit_basis"", ""conditions"", ""level"", ""optionality"", ""provider/type/scope/version"", ""source""]","[{""finding_id"": ""GAP-1905"", ""source_fact_id"": ""SF-2748"", ""artifact"": ""catalog/sources/gjensidige/Bil-Kasko-alminnelige-vilkar.pdf"", ""location"": ""PDF 4""}]",Listed signature IDs → p1-triage.csv → frozen gap/source-fact inventory; batch evidence in triage.json,PENDING_REVIEW,REQUIRED_BEFORE_IMPLEMENTATION
CR-021,Maskinskade / oppgjør,[],No exact mapping approved in the audit,CANONICAL_REVIEW_FIRST,"[""[\""frende\"",\""bil\"",\""ordinary\"",\""frende-bil-kasko\"",\""2026-01-01\""]"", ""[\""frende\"",\""bil\"",\""ordinary\"",\""frende-bil-utvidet\"",\""2026-01-01\""]""]","[""Bil""]","First test exact reuse or source-bound provider-specific detail within an existing parent. A new key is allowed only if subject, trigger, unit, period or optionality would otherwise be lost or falsely equated.","Do not merge different event/subject/period/level merely to fill both sides. Existing type keys are candidates, not approved synonym mappings.","[""B-107""]","[""24d393ff737fdc4b""]","[""GAP-1376""]",existing-type-registries.json#Bil,"[""subject"", ""trigger"", ""unit"", ""period"", ""limit_basis"", ""conditions"", ""level"", ""optionality"", ""provider/type/scope/version"", ""source""]","[{""finding_id"": ""GAP-1376"", ""source_fact_id"": ""SF-2019"", ""artifact"": ""catalog/sources/frende/Vilkar_kjoretoyforsikring.pdf"", ""location"": ""PDFside8punkt11.10""}]",Listed signature IDs → p1-triage.csv → frozen gap/source-fact inventory; batch evidence in triage.json,PENDING_REVIEW,REQUIRED_BEFORE_IMPLEMENTATION
CR-022,Maskinskade / vedlikehold,[],No exact mapping approved in the audit,CANONICAL_REVIEW_FIRST,"[""[\""gjensidige\"",\""bil\"",\""ordinary\"",\""gj-bil-pluss\"",null]""]","[""Bil""]","First test exact reuse or source-bound provider-specific detail within an existing parent. A new key is allowed only if subject, trigger, unit, period or optionality would otherwise be lost or falsely equated.","Do not merge different event/subject/period/level merely to fill both sides. Existing type keys are candidates, not approved synonym mappings.","[""B-122""]","[""a093b23a1863ab42""]","[""GAP-1962""]",existing-type-registries.json#Bil,"[""subject"", ""trigger"", ""unit"", ""period"", ""limit_basis"", ""conditions"", ""level"", ""optionality"", ""provider/type/scope/version"", ""source""]","[{""finding_id"": ""GAP-1962"", ""source_fact_id"": ""SF-2826"", ""artifact"": ""catalog/sources/gjensidige/Bil-Pluss-alminnelige-vilkar.pdf"", ""location"": ""PDF 2""}]",Listed signature IDs → p1-triage.csv → frozen gap/source-fact inventory; batch evidence in triage.json,PENDING_REVIEW,REQUIRED_BEFORE_IMPLEMENTATION
CR-023,Maskinskade / vedlikehold og oppgjør,"[""maskinskade.oppgjor""]",Proposed key/type/detail relationship needs explicit validation,MAPPING_REVIEW_FIRST,"[""[\""if\"",\""bil\"",\""ordinary\"",\""if-bil-kasko\"",\""MOT2-2\""]"", ""[\""if\"",\""bil\"",\""ordinary\"",\""if-bil-super\"",\""MOT2-2\""]""]","[""Bil""]","First test exact reuse or source-bound provider-specific detail within an existing parent. A new key is allowed only if subject, trigger, unit, period or optionality would otherwise be lost or falsely equated.","Do not merge different event/subject/period/level merely to fill both sides. Existing type keys are candidates, not approved synonym mappings.","[""B-139""]","[""25a813e45b68033e""]","[""GAP-2987""]",existing-type-registries.json#Bil,"[""subject"", ""trigger"", ""unit"", ""period"", ""limit_basis"", ""conditions"", ""level"", ""optionality"", ""provider/type/scope/version"", ""source""]","[{""finding_id"": ""GAP-2987"", ""source_fact_id"": ""SF-4174"", ""artifact"": ""catalog/sources/if/Kjoretoyforsikring-MOT2-2.pdf"", ""location"": ""9–10 pkt4.9.4–4.9.7""}]",Listed signature IDs → p1-triage.csv → frozen gap/source-fact inventory; batch evidence in triage.json,PENDING_REVIEW,REQUIRED_BEFORE_IMPLEMENTATION
CR-024,Redning leiebil / conditional,[],No exact mapping approved in the audit,CANONICAL_REVIEW_FIRST,"[""[\""dnb-fremtind\"",\""bil\"",\""ordinary\"",\""dnb-bil-delkasko\"",\""PMO-357.001-004\""]"", ""[\""dnb-fremtind\"",\""bil\"",\""ordinary\"",\""dnb-bil-kasko\"",\""PMO-357.001-004\""]"", ""[\""dnb-fremtind\"",\""bil\"",\""ordinary\"",\""dnb-bil-topp\"",\""PMO-357.001-004\""]"", ""[\""eika-fremtind\"",\""bil\"",\""ordinary\"",\""eika-bil-delkasko\"",\""PMO-357.001-004\""]"", ""[\""eika-fremtind\"",\""bil\"",\""ordinary\"",\""eika-bil-kasko\"",\""PMO-357.001-004\""]"", ""[\""eika-fremtind\"",\""bil\"",\""ordinary\"",\""eika-bil-topp\"",\""PMO-357.001-004\""]"", ""[\""fremtind\"",\""bil\"",\""ordinary\"",\""fremtind-bil-delkasko\"",\""PMO-357.001-004\""]"", ""[\""fremtind\"",\""bil\"",\""ordinary\"",\""fremtind-bil-kasko\"",\""PMO-357.001-004\""]"", ""[\""fremtind\"",\""bil\"",\""ordinary\"",\""fremtind-bil-topp\"",\""PMO-357.001-004\""]"", ""[\""sparebank1-fremtind\"",\""bil\"",\""ordinary\"",\""sb1-bil-delkasko\"",\""PMO-357.001-004\""]"", ""[\""sparebank1-fremtind\"",\""bil\"",\""ordinary\"",\""sb1-bil-kasko\"",\""PMO-357.001-004\""]"", ""[\""sparebank1-fremtind\"",\""bil\"",\""ordinary\"",\""sb1-bil-toppkasko\"",\""PMO-357.001-004\""]""]","[""Bil""]","First test exact reuse or source-bound provider-specific detail within an existing parent. A new key is allowed only if subject, trigger, unit, period or optionality would otherwise be lost or falsely equated.","Do not merge different event/subject/period/level merely to fill both sides. Existing type keys are candidates, not approved synonym mappings.","[""B-106""]","[""74644568d42ffa15"", ""439abc6708b1e849"", ""112ada8feb5d1b58"", ""ee23d3457ac32e39""]","[""GAP-4572"", ""GAP-4685"", ""GAP-4798"", ""GAP-4911""]",existing-type-registries.json#Bil,"[""subject"", ""trigger"", ""unit"", ""period"", ""limit_basis"", ""conditions"", ""level"", ""optionality"", ""provider/type/scope/version"", ""source""]","[{""finding_id"": ""GAP-4572"", ""source_fact_id"": ""SF-6614"", ""artifact"": ""catalog/sources/sparebank1-fremtind/Vilkar_Minikasko_Bil.pdf"", ""location"": ""s5§2.4.1""}]",Listed signature IDs → p1-triage.csv → frozen gap/source-fact inventory; batch evidence in triage.json,PENDING_REVIEW,REQUIRED_BEFORE_IMPLEMENTATION
CR-025,Rettshjelp / mekling,[],No exact mapping approved in the audit,CANONICAL_REVIEW_FIRST,"[""[\""gjensidige\"",\""bil\"",\""ordinary\"",\""gj-bil-ansvar\"",null]"", ""[\""gjensidige\"",\""bil\"",\""ordinary\"",\""gj-bil-delkasko\"",null]"", ""[\""gjensidige\"",\""bil\"",\""ordinary\"",\""gj-bil-kasko\"",null]"", ""[\""gjensidige\"",\""bil\"",\""ordinary\"",\""gj-bil-pluss\"",null]""]","[""Bil""]","First test exact reuse or source-bound provider-specific detail within an existing parent. A new key is allowed only if subject, trigger, unit, period or optionality would otherwise be lost or falsely equated.","Do not merge different event/subject/period/level merely to fill both sides. Existing type keys are candidates, not approved synonym mappings.","[""B-122""]","[""6429dd389a2d85c3""]","[""GAP-1837""]",existing-type-registries.json#Bil,"[""subject"", ""trigger"", ""unit"", ""period"", ""limit_basis"", ""conditions"", ""level"", ""optionality"", ""provider/type/scope/version"", ""source""]","[{""finding_id"": ""GAP-1837"", ""source_fact_id"": ""SF-2654"", ""artifact"": ""catalog/sources/gjensidige/bil-ansvar-alminnelige-vilkar.pdf"", ""location"": ""PDF 6/8""}]",Listed signature IDs → p1-triage.csv → frozen gap/source-fact inventory; batch evidence in triage.json,PENDING_REVIEW,REQUIRED_BEFORE_IMPLEMENTATION
CR-026,Rettshjelp / sum,"[""rettshjelp.sum""]",Proposed key/type/detail relationship needs explicit validation,MAPPING_REVIEW_FIRST,"[""[\""tryg\"",\""bil\"",\""ordinary\"",\""bil-ansvar\"",\""PAU25003\""]"", ""[\""tryg\"",\""bil\"",\""ordinary\"",\""bil-delkasko\"",\""PAU25835\""]"", ""[\""tryg\"",\""bil\"",\""ordinary\"",\""bil-kasko\"",\""PAU25205\""]""]","[""Bil""]","First test exact reuse or source-bound provider-specific detail within an existing parent. A new key is allowed only if subject, trigger, unit, period or optionality would otherwise be lost or falsely equated.","Do not merge different event/subject/period/level merely to fill both sides. Existing type keys are candidates, not approved synonym mappings.","[""B-173""]","[""46535d2d8718fe06""]","[""GAP-3906""]",existing-type-registries.json#Bil,"[""subject"", ""trigger"", ""unit"", ""period"", ""limit_basis"", ""conditions"", ""level"", ""optionality"", ""provider/type/scope/version"", ""source""]","[{""finding_id"": ""GAP-3906"", ""source_fact_id"": ""SF-5548"", ""artifact"": ""catalog/sources/tryg/hus/05PGE91500.pdf"", ""location"": ""4 §6.1""}]",Listed signature IDs → p1-triage.csv → frozen gap/source-fact inventory; batch evidence in triage.json,PENDING_REVIEW,REQUIRED_BEFORE_IMPLEMENTATION
CR-027,Rettshjelp / unntak,[],No exact mapping approved in the audit,CANONICAL_REVIEW_FIRST,"[""[\""storebrand\"",\""bil\"",\""ordinary\"",\""sb-bil-ansvar\"",\""motor09\""]"", ""[\""storebrand\"",\""bil\"",\""ordinary\"",\""sb-bil-delkasko\"",\""motor09\""]"", ""[\""storebrand\"",\""bil\"",\""ordinary\"",\""sb-bil-kasko\"",\""motor09\""]"", ""[\""storebrand\"",\""bil\"",\""ordinary\"",\""sb-bil-super\"",\""motor09\""]""]","[""Bil""]","First test exact reuse or source-bound provider-specific detail within an existing parent. A new key is allowed only if subject, trigger, unit, period or optionality would otherwise be lost or falsely equated.","Do not merge different event/subject/period/level merely to fill both sides. Existing type keys are candidates, not approved synonym mappings.","[""B-158""]","[""16b5c2d442a8b8f6""]","[""GAP-0356""]",existing-type-registries.json#Bil,"[""subject"", ""trigger"", ""unit"", ""period"", ""limit_basis"", ""conditions"", ""level"", ""optionality"", ""provider/type/scope/version"", ""source""]","[{""finding_id"": ""GAP-0356"", ""source_fact_id"": ""SF-0665"", ""artifact"": ""catalog/sources/storebrand/vilkar-motorvognforsikring-motor09.pdf"", ""location"": ""PDF fysisk side31 (trykt30), 13.4,32""}]",Listed signature IDs → p1-triage.csv → frozen gap/source-fact inventory; batch evidence in triage.json,PENDING_REVIEW,REQUIRED_BEFORE_IMPLEMENTATION
CR-028,Tegningsalder / BilSuper,[],No exact mapping approved in the audit,CANONICAL_REVIEW_FIRST,"[""[\""storebrand\"",\""bil\"",\""ordinary\"",\""sb-bil-super\"",\""motor09\""]""]","[""Bil""]","First test exact reuse or source-bound provider-specific detail within an existing parent. A new key is allowed only if subject, trigger, unit, period or optionality would otherwise be lost or falsely equated.","Do not merge different event/subject/period/level merely to fill both sides. Existing type keys are candidates, not approved synonym mappings.","[""B-158""]","[""f3d93a55321a66d5""]","[""GAP-0465""]",existing-type-registries.json#Bil,"[""subject"", ""trigger"", ""unit"", ""period"", ""limit_basis"", ""conditions"", ""level"", ""optionality"", ""provider/type/scope/version"", ""source""]","[{""finding_id"": ""GAP-0465"", ""source_fact_id"": ""SF-0814"", ""artifact"": ""catalog/sources/mc-bobil/storebrand-bil-bobil-produkt.html"", ""location"": ""BilwebFAQ""}]",Listed signature IDs → p1-triage.csv → frozen gap/source-fact inventory; batch evidence in triage.json,PENDING_REVIEW,REQUIRED_BEFORE_IMPLEMENTATION
CR-029,Uhell / sum/egenandel/bonus,"[""parkering.grense"", ""bilnokkel.egenandel"", ""ladekabel.egenandel"", ""bonus.uhell""]",Proposed key/type/detail relationship needs explicit validation,MAPPING_REVIEW_FIRST,"[""[\""if\"",\""bil\"",\""ordinary\"",\""if-bil-super\"",\""MOT2-2\""]""]","[""Bil""]","First test exact reuse or source-bound provider-specific detail within an existing parent. A new key is allowed only if subject, trigger, unit, period or optionality would otherwise be lost or falsely equated.","Do not merge different event/subject/period/level merely to fill both sides. Existing type keys are candidates, not approved synonym mappings.","[""B-139""]","[""b7caae90be776b98""]","[""GAP-3012""]",existing-type-registries.json#Bil,"[""subject"", ""trigger"", ""unit"", ""period"", ""limit_basis"", ""conditions"", ""level"", ""optionality"", ""provider/type/scope/version"", ""source""]","[{""finding_id"": ""GAP-3012"", ""source_fact_id"": ""SF-4223"", ""artifact"": ""catalog/sources/if/Kjoretoyforsikring-MOT2-2.pdf"", ""location"": ""12 pkt4.11.3/4.11.6/4.11.7""}]",Listed signature IDs → p1-triage.csv → frozen gap/source-fact inventory; batch evidence in triage.json,PENDING_REVIEW,REQUIRED_BEFORE_IMPLEMENTATION
CR-030,Ulykke / scope,[],No exact mapping approved in the audit,CANONICAL_REVIEW_FIRST,"[""[\""frende\"",\""bil\"",\""ordinary\"",\""frende-bil-ansvar\"",\""2026-01-01\""]"", ""[\""frende\"",\""bil\"",\""ordinary\"",\""frende-bil-delkasko\"",\""2026-01-01\""]"", ""[\""frende\"",\""bil\"",\""ordinary\"",\""frende-bil-kasko\"",\""2026-01-01\""]"", ""[\""frende\"",\""bil\"",\""ordinary\"",\""frende-bil-utvidet\"",\""2026-01-01\""]""]","[""Bil""]","First test exact reuse or source-bound provider-specific detail within an existing parent. A new key is allowed only if subject, trigger, unit, period or optionality would otherwise be lost or falsely equated.","Do not merge different event/subject/period/level merely to fill both sides. Existing type keys are candidates, not approved synonym mappings.","[""B-107""]","[""fc595469d11716a6""]","[""GAP-1310""]",existing-type-registries.json#Bil,"[""subject"", ""trigger"", ""unit"", ""period"", ""limit_basis"", ""conditions"", ""level"", ""optionality"", ""provider/type/scope/version"", ""source""]","[{""finding_id"": ""GAP-1310"", ""source_fact_id"": ""SF-1934"", ""artifact"": ""catalog/sources/frende/Vilkar_kjoretoyforsikring.pdf"", ""location"": ""PDFside10punkt12.1""}]",Listed signature IDs → p1-triage.csv → frozen gap/source-fact inventory; batch evidence in triage.json,PENDING_REVIEW,REQUIRED_BEFORE_IMPLEMENTATION
CR-031,Ulykke / unntak,[],No exact mapping approved in the audit,CANONICAL_REVIEW_FIRST,"[""[\""frende\"",\""bil\"",\""ordinary\"",\""frende-bil-ansvar\"",\""2026-01-01\""]"", ""[\""frende\"",\""bil\"",\""ordinary\"",\""frende-bil-delkasko\"",\""2026-01-01\""]"", ""[\""frende\"",\""bil\"",\""ordinary\"",\""frende-bil-kasko\"",\""2026-01-01\""]"", ""[\""frende\"",\""bil\"",\""ordinary\"",\""frende-bil-utvidet\"",\""2026-01-01\""]"", ""[\""storebrand\"",\""bil\"",\""ordinary\"",\""sb-bil-ansvar\"",\""motor09\""]"", ""[\""storebrand\"",\""bil\"",\""ordinary\"",\""sb-bil-delkasko\"",\""motor09\""]"", ""[\""storebrand\"",\""bil\"",\""ordinary\"",\""sb-bil-kasko\"",\""motor09\""]"", ""[\""storebrand\"",\""bil\"",\""ordinary\"",\""sb-bil-super\"",\""motor09\""]""]","[""Bil""]","First test exact reuse or source-bound provider-specific detail within an existing parent. A new key is allowed only if subject, trigger, unit, period or optionality would otherwise be lost or falsely equated.","Do not merge different event/subject/period/level merely to fill both sides. Existing type keys are candidates, not approved synonym mappings.","[""B-107"", ""B-158""]","[""fc9fd29e16d2fe95"", ""fd167b9ca10200fa""]","[""GAP-0352"", ""GAP-1312""]",existing-type-registries.json#Bil,"[""subject"", ""trigger"", ""unit"", ""period"", ""limit_basis"", ""conditions"", ""level"", ""optionality"", ""provider/type/scope/version"", ""source""]","[{""finding_id"": ""GAP-0352"", ""source_fact_id"": ""SF-0661"", ""artifact"": ""catalog/sources/storebrand/vilkar-motorvognforsikring-motor09.pdf"", ""location"": ""PDF fysisk side28 (trykt27), 12.4""}]",Listed signature IDs → p1-triage.csv → frozen gap/source-fact inventory; batch evidence in triage.json,PENDING_REVIEW,REQUIRED_BEFORE_IMPLEMENTATION
CR-032,Utstyr / hjul,[],No exact mapping approved in the audit,CANONICAL_REVIEW_FIRST,"[""[\""frende\"",\""bil\"",\""ordinary\"",\""frende-bil-delkasko\"",\""2026-01-01\""]"", ""[\""frende\"",\""bil\"",\""ordinary\"",\""frende-bil-kasko\"",\""2026-01-01\""]"", ""[\""frende\"",\""bil\"",\""ordinary\"",\""frende-bil-utvidet\"",\""2026-01-01\""]""]","[""Bil""]","First test exact reuse or source-bound provider-specific detail within an existing parent. A new key is allowed only if subject, trigger, unit, period or optionality would otherwise be lost or falsely equated.","Do not merge different event/subject/period/level merely to fill both sides. Existing type keys are candidates, not approved synonym mappings.","[""B-107""]","[""2633a401973a596e""]","[""GAP-1325""]",existing-type-registries.json#Bil,"[""subject"", ""trigger"", ""unit"", ""period"", ""limit_basis"", ""conditions"", ""level"", ""optionality"", ""provider/type/scope/version"", ""source""]","[{""finding_id"": ""GAP-1325"", ""source_fact_id"": ""SF-1953"", ""artifact"": ""catalog/sources/frende/Vilkar_kjoretoyforsikring.pdf"", ""location"": ""PDFside2punkt3.2–3""}]",Listed signature IDs → p1-triage.csv → frozen gap/source-fact inventory; batch evidence in triage.json,PENDING_REVIEW,REQUIRED_BEFORE_IMPLEMENTATION
CR-033,Utstyr / sikkerhet,[],No exact mapping approved in the audit,CANONICAL_REVIEW_FIRST,"[""[\""frende\"",\""bil\"",\""ordinary\"",\""frende-bil-delkasko\"",\""2026-01-01\""]"", ""[\""frende\"",\""bil\"",\""ordinary\"",\""frende-bil-kasko\"",\""2026-01-01\""]"", ""[\""frende\"",\""bil\"",\""ordinary\"",\""frende-bil-utvidet\"",\""2026-01-01\""]""]","[""Bil""]","First test exact reuse or source-bound provider-specific detail within an existing parent. A new key is allowed only if subject, trigger, unit, period or optionality would otherwise be lost or falsely equated.","Do not merge different event/subject/period/level merely to fill both sides. Existing type keys are candidates, not approved synonym mappings.","[""B-107""]","[""8cbfc2bf7a1041af""]","[""GAP-1327""]",existing-type-registries.json#Bil,"[""subject"", ""trigger"", ""unit"", ""period"", ""limit_basis"", ""conditions"", ""level"", ""optionality"", ""provider/type/scope/version"", ""source""]","[{""finding_id"": ""GAP-1327"", ""source_fact_id"": ""SF-1955"", ""artifact"": ""catalog/sources/frende/Vilkar_kjoretoyforsikring.pdf"", ""location"": ""PDFside2punkt3.8""}]",Listed signature IDs → p1-triage.csv → frozen gap/source-fact inventory; batch evidence in triage.json,PENDING_REVIEW,REQUIRED_BEFORE_IMPLEMENTATION
CR-034,Viktige unntak / vær/slitasje/tuning,"[""avtale.begrensning""]",Proposed key/type/detail relationship needs explicit validation,MAPPING_REVIEW_FIRST,"[""[\""if\"",\""bil\"",\""ordinary\"",\""if-bil-delkasko\"",\""MOT2-2\""]"", ""[\""if\"",\""bil\"",\""ordinary\"",\""if-bil-kasko\"",\""MOT2-2\""]"", ""[\""if\"",\""bil\"",\""ordinary\"",\""if-bil-super\"",\""MOT2-2\""]""]","[""Bil""]","First test exact reuse or source-bound provider-specific detail within an existing parent. A new key is allowed only if subject, trigger, unit, period or optionality would otherwise be lost or falsely equated.","Do not merge different event/subject/period/level merely to fill both sides. Existing type keys are candidates, not approved synonym mappings.","[""B-139""]","[""9982e557410b02ce""]","[""GAP-2965""]",existing-type-registries.json#Bil,"[""subject"", ""trigger"", ""unit"", ""period"", ""limit_basis"", ""conditions"", ""level"", ""optionality"", ""provider/type/scope/version"", ""source""]","[{""finding_id"": ""GAP-2965"", ""source_fact_id"": ""SF-4137"", ""artifact"": ""catalog/sources/if/Kjoretoyforsikring-MOT2-2.pdf"", ""location"": ""13 pkt5.2""}]",Listed signature IDs → p1-triage.csv → frozen gap/source-fact inventory; batch evidence in triage.json,PENDING_REVIEW,REQUIRED_BEFORE_IMPLEMENTATION
CR-035,Aldersfradrag / bagasje,[],No exact mapping approved in the audit,CANONICAL_REVIEW_FIRST,"[""[\""storebrand\"",\""bobil\"",\""ordinary\"",\""storebrand-bobil-delkasko\"",\""motor09\""]"", ""[\""storebrand\"",\""bobil\"",\""ordinary\"",\""storebrand-bobil-kasko\"",\""motor09\""]"", ""[\""storebrand\"",\""bobil\"",\""ordinary\"",\""storebrand-bobil-super\"",\""motor09\""]""]","[""Bobil""]","First test exact reuse or source-bound provider-specific detail within an existing parent. A new key is allowed only if subject, trigger, unit, period or optionality would otherwise be lost or falsely equated.","Do not merge different event/subject/period/level merely to fill both sides. Existing type keys are candidates, not approved synonym mappings.","[""B-159""]","[""33f9bb206245939a""]","[""GAP-0631""]",existing-type-registries.json#Bobil,"[""subject"", ""trigger"", ""unit"", ""period"", ""limit_basis"", ""conditions"", ""level"", ""optionality"", ""provider/type/scope/version"", ""source""]","[{""finding_id"": ""GAP-0631"", ""source_fact_id"": ""SF-1027"", ""artifact"": ""catalog/sources/vehicle-extensions/storebrand-vilkar-motorvognforsikring.pdf"", ""location"": ""PDF fysisk side8 (trykt7), 5 – tabell""}]",Listed signature IDs → p1-triage.csv → frozen gap/source-fact inventory; batch evidence in triage.json,PENDING_REVIEW,REQUIRED_BEFORE_IMPLEMENTATION
CR-036,Aldersfradrag / utstyr/dekk,[],No exact mapping approved in the audit,CANONICAL_REVIEW_FIRST,"[""[\""storebrand\"",\""bobil\"",\""ordinary\"",\""storebrand-bobil-delkasko\"",\""motor09\""]"", ""[\""storebrand\"",\""bobil\"",\""ordinary\"",\""storebrand-bobil-kasko\"",\""motor09\""]"", ""[\""storebrand\"",\""bobil\"",\""ordinary\"",\""storebrand-bobil-super\"",\""motor09\""]""]","[""Bobil""]","First test exact reuse or source-bound provider-specific detail within an existing parent. A new key is allowed only if subject, trigger, unit, period or optionality would otherwise be lost or falsely equated.","Do not merge different event/subject/period/level merely to fill both sides. Existing type keys are candidates, not approved synonym mappings.","[""B-159""]","[""b4aaf0559fce6309""]","[""GAP-0630""]",existing-type-registries.json#Bobil,"[""subject"", ""trigger"", ""unit"", ""period"", ""limit_basis"", ""conditions"", ""level"", ""optionality"", ""provider/type/scope/version"", ""source""]","[{""finding_id"": ""GAP-0630"", ""source_fact_id"": ""SF-1026"", ""artifact"": ""catalog/sources/vehicle-extensions/storebrand-vilkar-motorvognforsikring.pdf"", ""location"": ""PDF fysisk side8 (trykt7), 5""}]",Listed signature IDs → p1-triage.csv → frozen gap/source-fact inventory; batch evidence in triage.json,PENDING_REVIEW,REQUIRED_BEFORE_IMPLEMENTATION
CR-037,Bruk / utleie/næring,[],No exact mapping approved in the audit,CANONICAL_REVIEW_FIRST,"[""[\""storebrand\"",\""bobil\"",\""ordinary\"",\""storebrand-bobil-delkasko\"",\""motor09\""]"", ""[\""storebrand\"",\""bobil\"",\""ordinary\"",\""storebrand-bobil-kasko\"",\""motor09\""]"", ""[\""storebrand\"",\""bobil\"",\""ordinary\"",\""storebrand-bobil-super\"",\""motor09\""]""]","[""Bobil""]","First test exact reuse or source-bound provider-specific detail within an existing parent. A new key is allowed only if subject, trigger, unit, period or optionality would otherwise be lost or falsely equated.","Do not merge different event/subject/period/level merely to fill both sides. Existing type keys are candidates, not approved synonym mappings.","[""B-159""]","[""8eaf24b83556daa5""]","[""GAP-0636""]",existing-type-registries.json#Bobil,"[""subject"", ""trigger"", ""unit"", ""period"", ""limit_basis"", ""conditions"", ""level"", ""optionality"", ""provider/type/scope/version"", ""source""]","[{""finding_id"": ""GAP-0636"", ""source_fact_id"": ""SF-1035"", ""artifact"": ""catalog/sources/vehicle-extensions/storebrand-vilkar-motorvognforsikring.pdf"", ""location"": ""PDF fysisk side20 (trykt19), 8/17–18""}]",Listed signature IDs → p1-triage.csv → frozen gap/source-fact inventory; batch evidence in triage.json,PENDING_REVIEW,REQUIRED_BEFORE_IMPLEMENTATION
CR-038,Bruksbegrensninger / aktivitet,[],No exact mapping approved in the audit,CANONICAL_REVIEW_FIRST,"[""[\""frende\"",\""bobil\"",\""ordinary\"",\""frende-bobil-ansvar\"",\""2026-01-01\""]"", ""[\""frende\"",\""bobil\"",\""ordinary\"",\""frende-bobil-delkasko\"",\""2026-01-01\""]"", ""[\""frende\"",\""bobil\"",\""ordinary\"",\""frende-bobil-kasko\"",\""2026-01-01\""]"", ""[\""frende\"",\""bobil\"",\""ordinary\"",\""frende-bobil-utvidet\"",\""2026-01-01\""]""]","[""Bobil""]","First test exact reuse or source-bound provider-specific detail within an existing parent. A new key is allowed only if subject, trigger, unit, period or optionality would otherwise be lost or falsely equated.","Do not merge different event/subject/period/level merely to fill both sides. Existing type keys are candidates, not approved synonym mappings.","[""B-108""]","[""dc26a4cbdad31335""]","[""GAP-1545""]",existing-type-registries.json#Bobil,"[""subject"", ""trigger"", ""unit"", ""period"", ""limit_basis"", ""conditions"", ""level"", ""optionality"", ""provider/type/scope/version"", ""source""]","[{""finding_id"": ""GAP-1545"", ""source_fact_id"": ""SF-2272"", ""artifact"": ""catalog/sources/frende/Vilkar_kjoretoyforsikring.pdf"", ""location"": ""PDFside13,14punkt16""}]",Listed signature IDs → p1-triage.csv → frozen gap/source-fact inventory; batch evidence in triage.json,PENDING_REVIEW,REQUIRED_BEFORE_IMPLEMENTATION
CR-039,Egenandel / dyr,[],No exact mapping approved in the audit,CANONICAL_REVIEW_FIRST,"[""[\""frende\"",\""bobil\"",\""ordinary\"",\""frende-bobil-kasko\"",\""2026-01-01\""]"", ""[\""frende\"",\""bobil\"",\""ordinary\"",\""frende-bobil-utvidet\"",\""2026-01-01\""]""]","[""Bobil""]","First test exact reuse or source-bound provider-specific detail within an existing parent. A new key is allowed only if subject, trigger, unit, period or optionality would otherwise be lost or falsely equated.","Do not merge different event/subject/period/level merely to fill both sides. Existing type keys are candidates, not approved synonym mappings.","[""B-108""]","[""e129c8b413d28f82""]","[""GAP-1594""]",existing-type-registries.json#Bobil,"[""subject"", ""trigger"", ""unit"", ""period"", ""limit_basis"", ""conditions"", ""level"", ""optionality"", ""provider/type/scope/version"", ""source""]","[{""finding_id"": ""GAP-1594"", ""source_fact_id"": ""SF-2343"", ""artifact"": ""catalog/sources/frende/Vilkar_kjoretoyforsikring.pdf"", ""location"": ""PDFside9punkt11.11""}]",Listed signature IDs → p1-triage.csv → frozen gap/source-fact inventory; batch evidence in triage.json,PENDING_REVIEW,REQUIRED_BEFORE_IMPLEMENTATION
CR-040,Egenandel / ungfører,[],No exact mapping approved in the audit,CANONICAL_REVIEW_FIRST,"[""[\""frende\"",\""bobil\"",\""ordinary\"",\""frende-bobil-ansvar\"",\""2026-01-01\""]"", ""[\""frende\"",\""bobil\"",\""ordinary\"",\""frende-bobil-delkasko\"",\""2026-01-01\""]"", ""[\""frende\"",\""bobil\"",\""ordinary\"",\""frende-bobil-kasko\"",\""2026-01-01\""]"", ""[\""frende\"",\""bobil\"",\""ordinary\"",\""frende-bobil-utvidet\"",\""2026-01-01\""]"", ""[\""storebrand\"",\""bobil\"",\""ordinary\"",\""storebrand-bobil-ansvar\"",\""motor09\""]"", ""[\""storebrand\"",\""bobil\"",\""ordinary\"",\""storebrand-bobil-delkasko\"",\""motor09\""]"", ""[\""storebrand\"",\""bobil\"",\""ordinary\"",\""storebrand-bobil-kasko\"",\""motor09\""]"", ""[\""storebrand\"",\""bobil\"",\""ordinary\"",\""storebrand-bobil-super\"",\""motor09\""]""]","[""Bobil""]","First test exact reuse or source-bound provider-specific detail within an existing parent. A new key is allowed only if subject, trigger, unit, period or optionality would otherwise be lost or falsely equated.","Do not merge different event/subject/period/level merely to fill both sides. Existing type keys are candidates, not approved synonym mappings.","[""B-108"", ""B-159""]","[""451d8dec30bc7fa5"", ""f24801a3173fbfd0""]","[""GAP-0613"", ""GAP-1533""]",existing-type-registries.json#Bobil,"[""subject"", ""trigger"", ""unit"", ""period"", ""limit_basis"", ""conditions"", ""level"", ""optionality"", ""provider/type/scope/version"", ""source""]","[{""finding_id"": ""GAP-0613"", ""source_fact_id"": ""SF-1002"", ""artifact"": ""catalog/sources/vehicle-extensions/storebrand-vilkar-motorvognforsikring.pdf"", ""location"": ""PDF fysisk side21 (trykt20), 9.1""}]",Listed signature IDs → p1-triage.csv → frozen gap/source-fact inventory; batch evidence in triage.json,PENDING_REVIEW,REQUIRED_BEFORE_IMPLEMENTATION
CR-041,Elbil / batteri/ladekabel,[],No exact mapping approved in the audit,CANONICAL_REVIEW_FIRST,"[""[\""frende\"",\""bobil\"",\""ordinary\"",\""frende-bobil-delkasko\"",\""2026-01-01\""]"", ""[\""frende\"",\""bobil\"",\""ordinary\"",\""frende-bobil-kasko\"",\""2026-01-01\""]"", ""[\""frende\"",\""bobil\"",\""ordinary\"",\""frende-bobil-utvidet\"",\""2026-01-01\""]""]","[""Bobil""]","First test exact reuse or source-bound provider-specific detail within an existing parent. A new key is allowed only if subject, trigger, unit, period or optionality would otherwise be lost or falsely equated.","Do not merge different event/subject/period/level merely to fill both sides. Existing type keys are candidates, not approved synonym mappings.","[""B-108""]","[""a5bb01685e5437f1""]","[""GAP-1550""]",existing-type-registries.json#Bobil,"[""subject"", ""trigger"", ""unit"", ""period"", ""limit_basis"", ""conditions"", ""level"", ""optionality"", ""provider/type/scope/version"", ""source""]","[{""finding_id"": ""GAP-1550"", ""source_fact_id"": ""SF-2279"", ""artifact"": ""catalog/sources/frende/Vilkar_kjoretoyforsikring.pdf"", ""location"": ""PDFside2punkt3.4""}]",Listed signature IDs → p1-triage.csv → frozen gap/source-fact inventory; batch evidence in triage.json,PENDING_REVIEW,REQUIRED_BEFORE_IMPLEMENTATION
CR-042,Elektronikk / aldersfradrag,"[""utstyr.aldersfradrag""]",Proposed key/type/detail relationship needs explicit validation,MAPPING_REVIEW_FIRST,"[""[\""tryg\"",\""bobil\"",\""ordinary\"",\""tryg-bobil-delkasko\"",\""2026-01-01\""]""]","[""Bobil""]","First test exact reuse or source-bound provider-specific detail within an existing parent. A new key is allowed only if subject, trigger, unit, period or optionality would otherwise be lost or falsely equated.","Do not merge different event/subject/period/level merely to fill both sides. Existing type keys are candidates, not approved synonym mappings.","[""B-174""]","[""961ecb8641a9e479""]","[""GAP-4044""]",existing-type-registries.json#Bobil,"[""subject"", ""trigger"", ""unit"", ""period"", ""limit_basis"", ""conditions"", ""level"", ""optionality"", ""provider/type/scope/version"", ""source""]","[{""finding_id"": ""GAP-4044"", ""source_fact_id"": ""SF-5797"", ""artifact"": ""catalog/sources/mc-bobil/tryg-05PAU25335.pdf"", ""location"": ""3§3.3""}]",Listed signature IDs → p1-triage.csv → frozen gap/source-fact inventory; batch evidence in triage.json,PENDING_REVIEW,REQUIRED_BEFORE_IMPLEMENTATION
CR-043,Fysisk skade / unntak,[],No exact mapping approved in the audit,CANONICAL_REVIEW_FIRST,"[""[\""gjensidige\"",\""bobil\"",\""ordinary\"",\""gjensidige-bobil-delkasko\"",null]""]","[""Bobil""]","First test exact reuse or source-bound provider-specific detail within an existing parent. A new key is allowed only if subject, trigger, unit, period or optionality would otherwise be lost or falsely equated.","Do not merge different event/subject/period/level merely to fill both sides. Existing type keys are candidates, not approved synonym mappings.","[""B-123""]","[""1381b19f5bcba357""]","[""GAP-2447""]",existing-type-registries.json#Bobil,"[""subject"", ""trigger"", ""unit"", ""period"", ""limit_basis"", ""conditions"", ""level"", ""optionality"", ""provider/type/scope/version"", ""source""]","[{""finding_id"": ""GAP-2447"", ""source_fact_id"": ""SF-3501"", ""artifact"": ""catalog/sources/mc-bobil/gjensidige-bobil-delkasko-vilkar.pdf"", ""location"": ""3""}]",Listed signature IDs → p1-triage.csv → frozen gap/source-fact inventory; batch evidence in triage.json,PENDING_REVIEW,REQUIRED_BEFORE_IMPLEMENTATION
CR-044,Generelle unntak / bane/is/trim,[],No exact mapping approved in the audit,CANONICAL_REVIEW_FIRST,"[""[\""storebrand\"",\""bobil\"",\""ordinary\"",\""storebrand-bobil-delkasko\"",\""motor09\""]"", ""[\""storebrand\"",\""bobil\"",\""ordinary\"",\""storebrand-bobil-kasko\"",\""motor09\""]"", ""[\""storebrand\"",\""bobil\"",\""ordinary\"",\""storebrand-bobil-super\"",\""motor09\""]""]","[""Bobil""]","First test exact reuse or source-bound provider-specific detail within an existing parent. A new key is allowed only if subject, trigger, unit, period or optionality would otherwise be lost or falsely equated.","Do not merge different event/subject/period/level merely to fill both sides. Existing type keys are candidates, not approved synonym mappings.","[""B-159""]","[""9ee141a4400dfb3c""]","[""GAP-0635""]",existing-type-registries.json#Bobil,"[""subject"", ""trigger"", ""unit"", ""period"", ""limit_basis"", ""conditions"", ""level"", ""optionality"", ""provider/type/scope/version"", ""source""]","[{""finding_id"": ""GAP-0635"", ""source_fact_id"": ""SF-1034"", ""artifact"": ""catalog/sources/vehicle-extensions/storebrand-vilkar-motorvognforsikring.pdf"", ""location"": ""PDF fysisk side20 (trykt19), 8""}]",Listed signature IDs → p1-triage.csv → frozen gap/source-fact inventory; batch evidence in triage.json,PENDING_REVIEW,REQUIRED_BEFORE_IMPLEMENTATION
CR-045,Kontanter / unntak,[],No exact mapping approved in the audit,CANONICAL_REVIEW_FIRST,"[""[\""frende\"",\""bobil\"",\""ordinary\"",\""frende-bobil-delkasko\"",\""2026-01-01\""]"", ""[\""frende\"",\""bobil\"",\""ordinary\"",\""frende-bobil-kasko\"",\""2026-01-01\""]"", ""[\""frende\"",\""bobil\"",\""ordinary\"",\""frende-bobil-utvidet\"",\""2026-01-01\""]""]","[""Bobil""]","First test exact reuse or source-bound provider-specific detail within an existing parent. A new key is allowed only if subject, trigger, unit, period or optionality would otherwise be lost or falsely equated.","Do not merge different event/subject/period/level merely to fill both sides. Existing type keys are candidates, not approved synonym mappings.","[""B-108""]","[""47227ad12be87e19""]","[""GAP-1552""]",existing-type-registries.json#Bobil,"[""subject"", ""trigger"", ""unit"", ""period"", ""limit_basis"", ""conditions"", ""level"", ""optionality"", ""provider/type/scope/version"", ""source""]","[{""finding_id"": ""GAP-1552"", ""source_fact_id"": ""SF-2281"", ""artifact"": ""catalog/sources/frende/Vilkar_kjoretoyforsikring.pdf"", ""location"": ""PDFside2punkt3""}]",Listed signature IDs → p1-triage.csv → frozen gap/source-fact inventory; batch evidence in triage.json,PENDING_REVIEW,REQUIRED_BEFORE_IMPLEMENTATION
CR-046,Lagring / avregistrering,[],No exact mapping approved in the audit,CANONICAL_REVIEW_FIRST,"[""[\""gjensidige\"",\""bobil\"",\""ordinary\"",\""gjensidige-bobil-ansvar\"",null]"", ""[\""gjensidige\"",\""bobil\"",\""ordinary\"",\""gjensidige-bobil-delkasko\"",null]"", ""[\""gjensidige\"",\""bobil\"",\""ordinary\"",\""gjensidige-bobil-kasko\"",null]"", ""[\""gjensidige\"",\""bobil\"",\""ordinary\"",\""gjensidige-bobil-pluss\"",null]""]","[""Bobil""]","First test exact reuse or source-bound provider-specific detail within an existing parent. A new key is allowed only if subject, trigger, unit, period or optionality would otherwise be lost or falsely equated.","Do not merge different event/subject/period/level merely to fill both sides. Existing type keys are candidates, not approved synonym mappings.","[""B-123""]","[""43c28e0bc005a6ae""]","[""GAP-2414""]",existing-type-registries.json#Bobil,"[""subject"", ""trigger"", ""unit"", ""period"", ""limit_basis"", ""conditions"", ""level"", ""optionality"", ""provider/type/scope/version"", ""source""]","[{""finding_id"": ""GAP-2414"", ""source_fact_id"": ""SF-3461"", ""artifact"": ""catalog/sources/mc-bobil/gjensidige-bobil-produkt.html"", ""location"": ""MC109–113/Bobil156–164""}]",Listed signature IDs → p1-triage.csv → frozen gap/source-fact inventory; batch evidence in triage.json,PENDING_REVIEW,REQUIRED_BEFORE_IMPLEMENTATION
CR-047,Leiebil / maskin/veibrudd,[],No exact mapping approved in the audit,CANONICAL_REVIEW_FIRST,"[""[\""storebrand\"",\""bobil\"",\""ordinary\"",\""storebrand-bobil-kasko\"",\""motor09\""]"", ""[\""storebrand\"",\""bobil\"",\""ordinary\"",\""storebrand-bobil-super\"",\""motor09\""]""]","[""Bobil""]","First test exact reuse or source-bound provider-specific detail within an existing parent. A new key is allowed only if subject, trigger, unit, period or optionality would otherwise be lost or falsely equated.","Do not merge different event/subject/period/level merely to fill both sides. Existing type keys are candidates, not approved synonym mappings.","[""B-159""]","[""bc1a88e9c19ca982""]","[""GAP-0671""]",existing-type-registries.json#Bobil,"[""subject"", ""trigger"", ""unit"", ""period"", ""limit_basis"", ""conditions"", ""level"", ""optionality"", ""provider/type/scope/version"", ""source""]","[{""finding_id"": ""GAP-0671"", ""source_fact_id"": ""SF-1082"", ""artifact"": ""catalog/sources/vehicle-extensions/storebrand-vilkar-motorvognforsikring.pdf"", ""location"": ""PDF fysisk side19 (trykt18), 7.2""}]",Listed signature IDs → p1-triage.csv → frozen gap/source-fact inventory; batch evidence in triage.json,PENDING_REVIEW,REQUIRED_BEFORE_IMPLEMENTATION
CR-048,Maskinskade / battery_deduction,[],No exact mapping approved in the audit,CANONICAL_REVIEW_FIRST,"[""[\""fremtind\"",\""bobil\"",\""ordinary-dnb\"",\""fremtind-bobil-kasko\"",\""2025-09-18\""]"", ""[\""fremtind\"",\""bobil\"",\""ordinary-dnb\"",\""fremtind-bobil-topp\"",\""2025-09-18\""]""]","[""Bobil""]","First test exact reuse or source-bound provider-specific detail within an existing parent. A new key is allowed only if subject, trigger, unit, period or optionality would otherwise be lost or falsely equated.","Do not merge different event/subject/period/level merely to fill both sides. Existing type keys are candidates, not approved synonym mappings.","[""B-101""]","[""ae0ff54fc60d891e""]","[""GAP-5446""]",existing-type-registries.json#Bobil,"[""subject"", ""trigger"", ""unit"", ""period"", ""limit_basis"", ""conditions"", ""level"", ""optionality"", ""provider/type/scope/version"", ""source""]","[{""finding_id"": ""GAP-5446"", ""source_fact_id"": ""SF-7747"", ""artifact"": ""catalog/sources/sparebank1-fremtind/Vilkar_maskinskade.pdf"", ""location"": ""s1§2.1""}]",Listed signature IDs → p1-triage.csv → frozen gap/source-fact inventory; batch evidence in triage.json,PENDING_REVIEW,REQUIRED_BEFORE_IMPLEMENTATION
CR-049,Maskinskade / oppgjør,[],No exact mapping approved in the audit,CANONICAL_REVIEW_FIRST,"[""[\""frende\"",\""bobil\"",\""ordinary\"",\""frende-bobil-kasko\"",\""2026-01-01\""]"", ""[\""frende\"",\""bobil\"",\""ordinary\"",\""frende-bobil-utvidet\"",\""2026-01-01\""]""]","[""Bobil""]","First test exact reuse or source-bound provider-specific detail within an existing parent. A new key is allowed only if subject, trigger, unit, period or optionality would otherwise be lost or falsely equated.","Do not merge different event/subject/period/level merely to fill both sides. Existing type keys are candidates, not approved synonym mappings.","[""B-108""]","[""e8a479ac1faa2852""]","[""GAP-1589""]",existing-type-registries.json#Bobil,"[""subject"", ""trigger"", ""unit"", ""period"", ""limit_basis"", ""conditions"", ""level"", ""optionality"", ""provider/type/scope/version"", ""source""]","[{""finding_id"": ""GAP-1589"", ""source_fact_id"": ""SF-2334"", ""artifact"": ""catalog/sources/frende/Vilkar_kjoretoyforsikring.pdf"", ""location"": ""PDFside8punkt11.10""}]",Listed signature IDs → p1-triage.csv → frozen gap/source-fact inventory; batch evidence in triage.json,PENDING_REVIEW,REQUIRED_BEFORE_IMPLEMENTATION
CR-050,Personkrets / sikrede,[],No exact mapping approved in the audit,CANONICAL_REVIEW_FIRST,"[""[\""gjensidige\"",\""bobil\"",\""ordinary\"",\""gjensidige-bobil-ansvar\"",null]"", ""[\""gjensidige\"",\""bobil\"",\""ordinary\"",\""gjensidige-bobil-delkasko\"",null]"", ""[\""gjensidige\"",\""bobil\"",\""ordinary\"",\""gjensidige-bobil-kasko\"",null]"", ""[\""gjensidige\"",\""bobil\"",\""ordinary\"",\""gjensidige-bobil-pluss\"",null]""]","[""Bobil""]","First test exact reuse or source-bound provider-specific detail within an existing parent. A new key is allowed only if subject, trigger, unit, period or optionality would otherwise be lost or falsely equated.","Do not merge different event/subject/period/level merely to fill both sides. Existing type keys are candidates, not approved synonym mappings.","[""B-123""]","[""c65555c354c7b45a""]","[""GAP-2409""]",existing-type-registries.json#Bobil,"[""subject"", ""trigger"", ""unit"", ""period"", ""limit_basis"", ""conditions"", ""level"", ""optionality"", ""provider/type/scope/version"", ""source""]","[{""finding_id"": ""GAP-2409"", ""source_fact_id"": ""SF-3456"", ""artifact"": ""catalog/sources/mc-bobil/gjensidige-bobil-ansvar-vilkar.pdf"", ""location"": ""3""}]",Listed signature IDs → p1-triage.csv → frozen gap/source-fact inventory; batch evidence in triage.json,PENDING_REVIEW,REQUIRED_BEFORE_IMPLEMENTATION
CR-051,Redning leiebil / conditional,[],No exact mapping approved in the audit,CANONICAL_REVIEW_FIRST,"[""[\""fremtind\"",\""bobil\"",\""ordinary-dnb\"",\""fremtind-bobil-kasko\"",\""2025-09-18\""]"", ""[\""fremtind\"",\""bobil\"",\""ordinary-dnb\"",\""fremtind-bobil-minikasko\"",\""2025-09-18\""]"", ""[\""fremtind\"",\""bobil\"",\""ordinary-dnb\"",\""fremtind-bobil-topp\"",\""2025-09-18\""]""]","[""Bobil""]","First test exact reuse or source-bound provider-specific detail within an existing parent. A new key is allowed only if subject, trigger, unit, period or optionality would otherwise be lost or falsely equated.","Do not merge different event/subject/period/level merely to fill both sides. Existing type keys are candidates, not approved synonym mappings.","[""B-101""]","[""62e71b5854c84a46""]","[""GAP-5403""]",existing-type-registries.json#Bobil,"[""subject"", ""trigger"", ""unit"", ""period"", ""limit_basis"", ""conditions"", ""level"", ""optionality"", ""provider/type/scope/version"", ""source""]","[{""finding_id"": ""GAP-5403"", ""source_fact_id"": ""SF-7694"", ""artifact"": ""catalog/sources/sparebank1-fremtind/Vilkar_Minikasko_Bil.pdf"", ""location"": ""s5§2.4.1""}]",Listed signature IDs → p1-triage.csv → frozen gap/source-fact inventory; batch evidence in triage.json,PENDING_REVIEW,REQUIRED_BEFORE_IMPLEMENTATION
CR-052,Registrering / opphør,[],No exact mapping approved in the audit,CANONICAL_REVIEW_FIRST,"[""[\""gjensidige\"",\""bobil\"",\""ordinary\"",\""gjensidige-bobil-ansvar\"",null]"", ""[\""gjensidige\"",\""bobil\"",\""ordinary\"",\""gjensidige-bobil-delkasko\"",null]"", ""[\""gjensidige\"",\""bobil\"",\""ordinary\"",\""gjensidige-bobil-kasko\"",null]"", ""[\""gjensidige\"",\""bobil\"",\""ordinary\"",\""gjensidige-bobil-pluss\"",null]""]","[""Bobil""]","First test exact reuse or source-bound provider-specific detail within an existing parent. A new key is allowed only if subject, trigger, unit, period or optionality would otherwise be lost or falsely equated.","Do not merge different event/subject/period/level merely to fill both sides. Existing type keys are candidates, not approved synonym mappings.","[""B-123""]","[""18c6322af2fffde6""]","[""GAP-2410""]",existing-type-registries.json#Bobil,"[""subject"", ""trigger"", ""unit"", ""period"", ""limit_basis"", ""conditions"", ""level"", ""optionality"", ""provider/type/scope/version"", ""source""]","[{""finding_id"": ""GAP-2410"", ""source_fact_id"": ""SF-3457"", ""artifact"": ""catalog/sources/mc-bobil/gjensidige-bobil-ansvar-vilkar.pdf"", ""location"": ""1;PDF10–13""}]",Listed signature IDs → p1-triage.csv → frozen gap/source-fact inventory; batch evidence in triage.json,PENDING_REVIEW,REQUIRED_BEFORE_IMPLEMENTATION
CR-053,Rettshjelp / unntak,[],No exact mapping approved in the audit,CANONICAL_REVIEW_FIRST,"[""[\""storebrand\"",\""bobil\"",\""ordinary\"",\""storebrand-bobil-ansvar\"",\""motor09\""]"", ""[\""storebrand\"",\""bobil\"",\""ordinary\"",\""storebrand-bobil-delkasko\"",\""motor09\""]"", ""[\""storebrand\"",\""bobil\"",\""ordinary\"",\""storebrand-bobil-kasko\"",\""motor09\""]"", ""[\""storebrand\"",\""bobil\"",\""ordinary\"",\""storebrand-bobil-super\"",\""motor09\""]""]","[""Bobil""]","First test exact reuse or source-bound provider-specific detail within an existing parent. A new key is allowed only if subject, trigger, unit, period or optionality would otherwise be lost or falsely equated.","Do not merge different event/subject/period/level merely to fill both sides. Existing type keys are candidates, not approved synonym mappings.","[""B-159""]","[""94896027c34a4d0a""]","[""GAP-0621""]",existing-type-registries.json#Bobil,"[""subject"", ""trigger"", ""unit"", ""period"", ""limit_basis"", ""conditions"", ""level"", ""optionality"", ""provider/type/scope/version"", ""source""]","[{""finding_id"": ""GAP-0621"", ""source_fact_id"": ""SF-1011"", ""artifact"": ""catalog/sources/vehicle-extensions/storebrand-vilkar-motorvognforsikring.pdf"", ""location"": ""PDF fysisk side31 (trykt30), 13.4,32""}]",Listed signature IDs → p1-triage.csv → frozen gap/source-fact inventory; batch evidence in triage.json,PENDING_REVIEW,REQUIRED_BEFORE_IMPLEMENTATION
CR-054,Supergaranti / service/varighet,"[""avtale.supergaranti""]",Proposed key/type/detail relationship needs explicit validation,MAPPING_REVIEW_FIRST,"[""[\""if\"",\""bobil\"",\""ordinary\"",\""if-bobil-super\"",\""2022-06\""]""]","[""Bobil""]","First test exact reuse or source-bound provider-specific detail within an existing parent. A new key is allowed only if subject, trigger, unit, period or optionality would otherwise be lost or falsely equated.","Do not merge different event/subject/period/level merely to fill both sides. Existing type keys are candidates, not approved synonym mappings.","[""B-140""]","[""e8e98d08e99db68b""]","[""GAP-3159""]",existing-type-registries.json#Bobil,"[""subject"", ""trigger"", ""unit"", ""period"", ""limit_basis"", ""conditions"", ""level"", ""optionality"", ""provider/type/scope/version"", ""source""]","[{""finding_id"": ""GAP-3159"", ""source_fact_id"": ""SF-4467"", ""artifact"": ""catalog/sources/mc-bobil/if-bobil-product.html"", ""location"": ""Supergaranti""}]",Listed signature IDs → p1-triage.csv → frozen gap/source-fact inventory; batch evidence in triage.json,PENDING_REVIEW,REQUIRED_BEFORE_IMPLEMENTATION
CR-055,Tegning / alder,[],No exact mapping approved in the audit,CANONICAL_REVIEW_FIRST,"[""[\""gjensidige\"",\""bobil\"",\""ordinary\"",\""gjensidige-bobil-pluss\"",null]""]","[""Bobil""]","First test exact reuse or source-bound provider-specific detail within an existing parent. A new key is allowed only if subject, trigger, unit, period or optionality would otherwise be lost or falsely equated.","Do not merge different event/subject/period/level merely to fill both sides. Existing type keys are candidates, not approved synonym mappings.","[""B-123""]","[""f8e054cb7031cee6""]","[""GAP-2529""]",existing-type-registries.json#Bobil,"[""subject"", ""trigger"", ""unit"", ""period"", ""limit_basis"", ""conditions"", ""level"", ""optionality"", ""provider/type/scope/version"", ""source""]","[{""finding_id"": ""GAP-2529"", ""source_fact_id"": ""SF-3618"", ""artifact"": ""catalog/sources/mc-bobil/gjensidige-bobil-produkt.html"", ""location"": ""36,94""}]",Listed signature IDs → p1-triage.csv → frozen gap/source-fact inventory; batch evidence in triage.json,PENDING_REVIEW,REQUIRED_BEFORE_IMPLEMENTATION
CR-056,Ulykke / unntak,[],No exact mapping approved in the audit,CANONICAL_REVIEW_FIRST,"[""[\""frende\"",\""bobil\"",\""ordinary\"",\""frende-bobil-ansvar\"",\""2026-01-01\""]"", ""[\""frende\"",\""bobil\"",\""ordinary\"",\""frende-bobil-delkasko\"",\""2026-01-01\""]"", ""[\""frende\"",\""bobil\"",\""ordinary\"",\""frende-bobil-kasko\"",\""2026-01-01\""]"", ""[\""frende\"",\""bobil\"",\""ordinary\"",\""frende-bobil-utvidet\"",\""2026-01-01\""]"", ""[\""storebrand\"",\""bobil\"",\""ordinary\"",\""storebrand-bobil-ansvar\"",\""motor09\""]"", ""[\""storebrand\"",\""bobil\"",\""ordinary\"",\""storebrand-bobil-delkasko\"",\""motor09\""]"", ""[\""storebrand\"",\""bobil\"",\""ordinary\"",\""storebrand-bobil-kasko\"",\""motor09\""]"", ""[\""storebrand\"",\""bobil\"",\""ordinary\"",\""storebrand-bobil-super\"",\""motor09\""]""]","[""Bobil""]","First test exact reuse or source-bound provider-specific detail within an existing parent. A new key is allowed only if subject, trigger, unit, period or optionality would otherwise be lost or falsely equated.","Do not merge different event/subject/period/level merely to fill both sides. Existing type keys are candidates, not approved synonym mappings.","[""B-108"", ""B-159""]","[""a6e590f9f706071c"", ""3b2c09b3510549f8""]","[""GAP-0617"", ""GAP-1540""]",existing-type-registries.json#Bobil,"[""subject"", ""trigger"", ""unit"", ""period"", ""limit_basis"", ""conditions"", ""level"", ""optionality"", ""provider/type/scope/version"", ""source""]","[{""finding_id"": ""GAP-0617"", ""source_fact_id"": ""SF-1007"", ""artifact"": ""catalog/sources/vehicle-extensions/storebrand-vilkar-motorvognforsikring.pdf"", ""location"": ""PDF fysisk side28 (trykt27), 12.4""}]",Listed signature IDs → p1-triage.csv → frozen gap/source-fact inventory; batch evidence in triage.json,PENDING_REVIEW,REQUIRED_BEFORE_IMPLEMENTATION
CR-057,Uten fører / egenandel,[],No exact mapping approved in the audit,CANONICAL_REVIEW_FIRST,"[""[\""gjensidige\"",\""bobil\"",\""ordinary\"",\""gjensidige-bobil-ansvar\"",null]"", ""[\""gjensidige\"",\""bobil\"",\""ordinary\"",\""gjensidige-bobil-delkasko\"",null]"", ""[\""gjensidige\"",\""bobil\"",\""ordinary\"",\""gjensidige-bobil-kasko\"",null]"", ""[\""gjensidige\"",\""bobil\"",\""ordinary\"",\""gjensidige-bobil-pluss\"",null]""]","[""Bobil""]","First test exact reuse or source-bound provider-specific detail within an existing parent. A new key is allowed only if subject, trigger, unit, period or optionality would otherwise be lost or falsely equated.","Do not merge different event/subject/period/level merely to fill both sides. Existing type keys are candidates, not approved synonym mappings.","[""B-123""]","[""30606eae69b4aa3a""]","[""GAP-2411""]",existing-type-registries.json#Bobil,"[""subject"", ""trigger"", ""unit"", ""period"", ""limit_basis"", ""conditions"", ""level"", ""optionality"", ""provider/type/scope/version"", ""source""]","[{""finding_id"": ""GAP-2411"", ""source_fact_id"": ""SF-3458"", ""artifact"": ""catalog/sources/mc-bobil/gjensidige-bobil-ansvar-vilkar.pdf"", ""location"": ""1""}]",Listed signature IDs → p1-triage.csv → frozen gap/source-fact inventory; batch evidence in triage.json,PENDING_REVIEW,REQUIRED_BEFORE_IMPLEMENTATION
CR-058,Utleie / tilleggsegenandel,[],No exact mapping approved in the audit,CANONICAL_REVIEW_FIRST,"[""[\""frende\"",\""bobil\"",\""ordinary\"",\""frende-bobil-delkasko\"",\""2026-01-01\""]"", ""[\""frende\"",\""bobil\"",\""ordinary\"",\""frende-bobil-kasko\"",\""2026-01-01\""]"", ""[\""frende\"",\""bobil\"",\""ordinary\"",\""frende-bobil-utvidet\"",\""2026-01-01\""]""]","[""Bobil""]","First test exact reuse or source-bound provider-specific detail within an existing parent. A new key is allowed only if subject, trigger, unit, period or optionality would otherwise be lost or falsely equated.","Do not merge different event/subject/period/level merely to fill both sides. Existing type keys are candidates, not approved synonym mappings.","[""B-108""]","[""3e46568326d5e730""]","[""GAP-1523""]",existing-type-registries.json#Bobil,"[""subject"", ""trigger"", ""unit"", ""period"", ""limit_basis"", ""conditions"", ""level"", ""optionality"", ""provider/type/scope/version"", ""source""]","[{""finding_id"": ""GAP-1523"", ""source_fact_id"": ""SF-2232"", ""artifact"": ""catalog/sources/frende/Vilkar_kjoretoyforsikring.pdf"", ""location"": ""PDF9punkt11.11""}]",Listed signature IDs → p1-triage.csv → frozen gap/source-fact inventory; batch evidence in triage.json,PENDING_REVIEW,REQUIRED_BEFORE_IMPLEMENTATION
CR-059,Utstyr / aldersfradrag,[],No exact mapping approved in the audit,CANONICAL_REVIEW_FIRST,"[""[\""gjensidige\"",\""bobil\"",\""ordinary\"",\""gjensidige-bobil-delkasko\"",null]"", ""[\""gjensidige\"",\""bobil\"",\""ordinary\"",\""gjensidige-bobil-kasko\"",null]"", ""[\""gjensidige\"",\""bobil\"",\""ordinary\"",\""gjensidige-bobil-pluss\"",null]""]","[""Bobil""]","First test exact reuse or source-bound provider-specific detail within an existing parent. A new key is allowed only if subject, trigger, unit, period or optionality would otherwise be lost or falsely equated.","Do not merge different event/subject/period/level merely to fill both sides. Existing type keys are candidates, not approved synonym mappings.","[""B-123""]","[""ffea915a771fad53""]","[""GAP-2451""]",existing-type-registries.json#Bobil,"[""subject"", ""trigger"", ""unit"", ""period"", ""limit_basis"", ""conditions"", ""level"", ""optionality"", ""provider/type/scope/version"", ""source""]","[{""finding_id"": ""GAP-2451"", ""source_fact_id"": ""SF-3505"", ""artifact"": ""catalog/sources/mc-bobil/gjensidige-bobil-delkasko-vilkar.pdf"", ""location"": ""PDF14""}]",Listed signature IDs → p1-triage.csv → frozen gap/source-fact inventory; batch evidence in triage.json,PENDING_REVIEW,REQUIRED_BEFORE_IMPLEMENTATION
CR-060,Utstyr / hjul,[],No exact mapping approved in the audit,CANONICAL_REVIEW_FIRST,"[""[\""frende\"",\""bobil\"",\""ordinary\"",\""frende-bobil-delkasko\"",\""2026-01-01\""]"", ""[\""frende\"",\""bobil\"",\""ordinary\"",\""frende-bobil-kasko\"",\""2026-01-01\""]"", ""[\""frende\"",\""bobil\"",\""ordinary\"",\""frende-bobil-utvidet\"",\""2026-01-01\""]""]","[""Bobil""]","First test exact reuse or source-bound provider-specific detail within an existing parent. A new key is allowed only if subject, trigger, unit, period or optionality would otherwise be lost or falsely equated.","Do not merge different event/subject/period/level merely to fill both sides. Existing type keys are candidates, not approved synonym mappings.","[""B-108""]","[""6313e4fb3e6b8f2d""]","[""GAP-1549""]",existing-type-registries.json#Bobil,"[""subject"", ""trigger"", ""unit"", ""period"", ""limit_basis"", ""conditions"", ""level"", ""optionality"", ""provider/type/scope/version"", ""source""]","[{""finding_id"": ""GAP-1549"", ""source_fact_id"": ""SF-2278"", ""artifact"": ""catalog/sources/frende/Vilkar_kjoretoyforsikring.pdf"", ""location"": ""PDFside2punkt3.2–3""}]",Listed signature IDs → p1-triage.csv → frozen gap/source-fact inventory; batch evidence in triage.json,PENDING_REVIEW,REQUIRED_BEFORE_IMPLEMENTATION
CR-061,Utstyr / sikkerhet,[],No exact mapping approved in the audit,CANONICAL_REVIEW_FIRST,"[""[\""frende\"",\""bobil\"",\""ordinary\"",\""frende-bobil-delkasko\"",\""2026-01-01\""]"", ""[\""frende\"",\""bobil\"",\""ordinary\"",\""frende-bobil-kasko\"",\""2026-01-01\""]"", ""[\""frende\"",\""bobil\"",\""ordinary\"",\""frende-bobil-utvidet\"",\""2026-01-01\""]""]","[""Bobil""]","First test exact reuse or source-bound provider-specific detail within an existing parent. A new key is allowed only if subject, trigger, unit, period or optionality would otherwise be lost or falsely equated.","Do not merge different event/subject/period/level merely to fill both sides. Existing type keys are candidates, not approved synonym mappings.","[""B-108""]","[""33cf8488a5b0c285""]","[""GAP-1551""]",existing-type-registries.json#Bobil,"[""subject"", ""trigger"", ""unit"", ""period"", ""limit_basis"", ""conditions"", ""level"", ""optionality"", ""provider/type/scope/version"", ""source""]","[{""finding_id"": ""GAP-1551"", ""source_fact_id"": ""SF-2280"", ""artifact"": ""catalog/sources/frende/Vilkar_kjoretoyforsikring.pdf"", ""location"": ""PDFside2punkt3.8""}]",Listed signature IDs → p1-triage.csv → frozen gap/source-fact inventory; batch evidence in triage.json,PENDING_REVIEW,REQUIRED_BEFORE_IMPLEMENTATION
CR-062,Aldersfradrag / tabell,[],No exact mapping approved in the audit,CANONICAL_REVIEW_FIRST,"[""[\""frende\"",\""båt\"",\""ordinary\"",\""frende-bat-brann-og-tyveri\"",\""2026-01-01\""]"", ""[\""frende\"",\""båt\"",\""ordinary\"",\""frende-bat-kasko\"",\""2026-01-01\""]"", ""[\""frende\"",\""båt\"",\""ordinary\"",\""frende-bat-utvidet\"",\""2026-01-01\""]"", ""[\""storebrand\"",\""båt\"",\""ordinary\"",\""storebrand-bat-delkasko\"",\""2024-09-01\""]"", ""[\""storebrand\"",\""båt\"",\""ordinary\"",\""storebrand-bat-kasko\"",\""2024-09-01\""]"", ""[\""storebrand\"",\""båt\"",\""ordinary\"",\""storebrand-bat-super\"",\""2024-09-01\""]""]","[""Båt""]","First test exact reuse or source-bound provider-specific detail within an existing parent. A new key is allowed only if subject, trigger, unit, period or optionality would otherwise be lost or falsely equated.","Do not merge different event/subject/period/level merely to fill both sides. Existing type keys are candidates, not approved synonym mappings.","[""B-110"", ""B-160""]","[""a14d359d4440ce57"", ""01f883abc1f29cb1""]","[""GAP-1164"", ""GAP-5641""]",existing-type-registries.json#Båt,"[""subject"", ""trigger"", ""unit"", ""period"", ""limit_basis"", ""conditions"", ""level"", ""optionality"", ""provider/type/scope/version"", ""source""]","[{""finding_id"": ""GAP-1164"", ""source_fact_id"": ""SF-1763"", ""artifact"": ""catalog/sources/boat-pet/frende-boat-terms.pdf"", ""location"": ""PDF side 7, punkt 10.6""}]",Listed signature IDs → p1-triage.csv → frozen gap/source-fact inventory; batch evidence in triage.json,PENDING_REVIEW,REQUIRED_BEFORE_IMPLEMENTATION
CR-063,Aldersfradrag / table,[],No exact mapping approved in the audit,CANONICAL_REVIEW_FIRST,"[""[\""sparebank1-fremtind\"",\""båt\"",\""ordinary\"",\""sparebank1-fremtind-bat-delkasko\"",\""2024-06-10\""]"", ""[\""sparebank1-fremtind\"",\""båt\"",\""ordinary\"",\""sparebank1-fremtind-bat-kasko\"",\""2024-06-10\""]"", ""[\""sparebank1-fremtind\"",\""båt\"",\""ordinary\"",\""sparebank1-fremtind-bat-toppkasko\"",\""2024-06-10\""]""]","[""Båt""]","First test exact reuse or source-bound provider-specific detail within an existing parent. A new key is allowed only if subject, trigger, unit, period or optionality would otherwise be lost or falsely equated.","Do not merge different event/subject/period/level merely to fill both sides. Existing type keys are candidates, not approved synonym mappings.","[""B-153""]","[""73dde881e3f00ae5""]","[""GAP-5499""]",existing-type-registries.json#Båt,"[""subject"", ""trigger"", ""unit"", ""period"", ""limit_basis"", ""conditions"", ""level"", ""optionality"", ""provider/type/scope/version"", ""source""]","[{""finding_id"": ""GAP-5499"", ""source_fact_id"": ""SF-7823"", ""artifact"": ""catalog/sources/boat-pet/fremtind-boat-terms.pdf"", ""location"": ""Mini§3.7s4""}]",Listed signature IDs → p1-triage.csv → frozen gap/source-fact inventory; batch evidence in triage.json,PENDING_REVIEW,REQUIRED_BEFORE_IMPLEMENTATION
CR-064,Avbrutt båttur / trigger,[],No exact mapping approved in the audit,CANONICAL_REVIEW_FIRST,"[""[\""sparebank1-fremtind\"",\""båt\"",\""ordinary\"",\""sparebank1-fremtind-bat-toppkasko\"",\""2024-06-10\""]""]","[""Båt""]","First test exact reuse or source-bound provider-specific detail within an existing parent. A new key is allowed only if subject, trigger, unit, period or optionality would otherwise be lost or falsely equated.","Do not merge different event/subject/period/level merely to fill both sides. Existing type keys are candidates, not approved synonym mappings.","[""B-153""]","[""f312c46e92514e05""]","[""GAP-5566""]",existing-type-registries.json#Båt,"[""subject"", ""trigger"", ""unit"", ""period"", ""limit_basis"", ""conditions"", ""level"", ""optionality"", ""provider/type/scope/version"", ""source""]","[{""finding_id"": ""GAP-5566"", ""source_fact_id"": ""SF-7905"", ""artifact"": ""catalog/sources/boat-pet/fremtind-boat-terms.pdf"", ""location"": ""Topp§2.2s7""}]",Listed signature IDs → p1-triage.csv → frozen gap/source-fact inventory; batch evidence in triage.json,PENDING_REVIEW,REQUIRED_BEFORE_IMPLEMENTATION
CR-065,Bruk / utleiekonkurranse,[],No exact mapping approved in the audit,CANONICAL_REVIEW_FIRST,"[""[\""frende\"",\""båt\"",\""ordinary\"",\""frende-bat-brann-og-tyveri\"",\""2026-01-01\""]"", ""[\""frende\"",\""båt\"",\""ordinary\"",\""frende-bat-kasko\"",\""2026-01-01\""]"", ""[\""frende\"",\""båt\"",\""ordinary\"",\""frende-bat-utvidet\"",\""2026-01-01\""]""]","[""Båt""]","First test exact reuse or source-bound provider-specific detail within an existing parent. A new key is allowed only if subject, trigger, unit, period or optionality would otherwise be lost or falsely equated.","Do not merge different event/subject/period/level merely to fill both sides. Existing type keys are candidates, not approved synonym mappings.","[""B-110""]","[""6d069f0e89d71254""]","[""GAP-1176""]",existing-type-registries.json#Båt,"[""subject"", ""trigger"", ""unit"", ""period"", ""limit_basis"", ""conditions"", ""level"", ""optionality"", ""provider/type/scope/version"", ""source""]","[{""finding_id"": ""GAP-1176"", ""source_fact_id"": ""SF-1776"", ""artifact"": ""catalog/sources/boat-pet/frende-boat-terms.pdf"", ""location"": ""PDF side 12, punkt 15""}]",Listed signature IDs → p1-triage.csv → frozen gap/source-fact inventory; batch evidence in triage.json,PENDING_REVIEW,REQUIRED_BEFORE_IMPLEMENTATION
CR-066,Dieseldyr / sum/egenandel,"[""bat.dieseldyr.dekning"", ""bat.dieseldyr.grense"", ""bat.dieseldyr.egenandel""]",Proposed key/type/detail relationship needs explicit validation,MAPPING_REVIEW_FIRST,"[""[\""tryg\"",\""båt\"",\""ordinary\"",\""tryg-bat-bat-ekstra\"",\""2024-07-01\""]""]","[""Båt""]","First test exact reuse or source-bound provider-specific detail within an existing parent. A new key is allowed only if subject, trigger, unit, period or optionality would otherwise be lost or falsely equated.","Do not merge different event/subject/period/level merely to fill both sides. Existing type keys are candidates, not approved synonym mappings.","[""B-175""]","[""51b82cdac59f759e""]","[""GAP-4319""]",existing-type-registries.json#Båt,"[""subject"", ""trigger"", ""unit"", ""period"", ""limit_basis"", ""conditions"", ""level"", ""optionality"", ""provider/type/scope/version"", ""source""]","[{""finding_id"": ""GAP-4319"", ""source_fact_id"": ""SF-6169"", ""artifact"": ""catalog/sources/boat-pet/tryg-boat-extra-terms.pdf"", ""location"": ""1 §1.3""}]",Listed signature IDs → p1-triage.csv → frozen gap/source-fact inventory; batch evidence in triage.json,PENDING_REVIEW,REQUIRED_BEFORE_IMPLEMENTATION
CR-067,Drev / nydelsoppgjør,"[""bat.drev.aldersfradrag""]",Proposed key/type/detail relationship needs explicit validation,MAPPING_REVIEW_FIRST,"[""[\""tryg\"",\""båt\"",\""ordinary\"",\""tryg-bat-bat-ekstra\"",\""2024-07-01\""]"", ""[\""tryg\"",\""båt\"",\""ordinary\"",\""tryg-bat-kasko-ansvar\"",\""2024-07-01\""]""]","[""Båt""]","First test exact reuse or source-bound provider-specific detail within an existing parent. A new key is allowed only if subject, trigger, unit, period or optionality would otherwise be lost or falsely equated.","Do not merge different event/subject/period/level merely to fill both sides. Existing type keys are candidates, not approved synonym mappings.","[""B-175""]","[""26c5eefa851e592c""]","[""GAP-4295""]",existing-type-registries.json#Båt,"[""subject"", ""trigger"", ""unit"", ""period"", ""limit_basis"", ""conditions"", ""level"", ""optionality"", ""provider/type/scope/version"", ""source""]","[{""finding_id"": ""GAP-4295"", ""source_fact_id"": ""SF-6142"", ""artifact"": ""catalog/sources/boat-pet/tryg-boat-product.html"", ""location"": ""Reparasjon/skifteavdrev""}]",Listed signature IDs → p1-triage.csv → frozen gap/source-fact inventory; batch evidence in triage.json,PENDING_REVIEW,REQUIRED_BEFORE_IMPLEMENTATION
CR-068,Drivstoff / skadeomfang,"[""bat.drivstoff.dekning""]",Proposed key/type/detail relationship needs explicit validation,MAPPING_REVIEW_FIRST,"[""[\""gjensidige\"",\""båt\"",\""ordinary\"",\""gjensidige-bat-kasko\"",null]"", ""[\""gjensidige\"",\""båt\"",\""ordinary\"",\""gjensidige-bat-pluss\"",null]""]","[""Båt""]","First test exact reuse or source-bound provider-specific detail within an existing parent. A new key is allowed only if subject, trigger, unit, period or optionality would otherwise be lost or falsely equated.","Do not merge different event/subject/period/level merely to fill both sides. Existing type keys are candidates, not approved synonym mappings.","[""B-124""]","[""65c211b99e57a86f""]","[""GAP-2792""]",existing-type-registries.json#Båt,"[""subject"", ""trigger"", ""unit"", ""period"", ""limit_basis"", ""conditions"", ""level"", ""optionality"", ""provider/type/scope/version"", ""source""]","[{""finding_id"": ""GAP-2792"", ""source_fact_id"": ""SF-3932"", ""artifact"": ""catalog/sources/boat-pet/gjensidige-boat-kasko-terms.pdf"", ""location"": ""PDF3""}]",Listed signature IDs → p1-triage.csv → frozen gap/source-fact inventory; batch evidence in triage.json,PENDING_REVIEW,REQUIRED_BEFORE_IMPLEMENTATION
CR-069,Egenandel / mekanisme,[],No exact mapping approved in the audit,CANONICAL_REVIEW_FIRST,"[""[\""storebrand\"",\""båt\"",\""ordinary\"",\""storebrand-bat-delkasko\"",\""2024-09-01\""]"", ""[\""storebrand\"",\""båt\"",\""ordinary\"",\""storebrand-bat-kasko\"",\""2024-09-01\""]"", ""[\""storebrand\"",\""båt\"",\""ordinary\"",\""storebrand-bat-super\"",\""2024-09-01\""]""]","[""Båt""]","First test exact reuse or source-bound provider-specific detail within an existing parent. A new key is allowed only if subject, trigger, unit, period or optionality would otherwise be lost or falsely equated.","Do not merge different event/subject/period/level merely to fill both sides. Existing type keys are candidates, not approved synonym mappings.","[""B-160""]","[""0e0415288950c5e4""]","[""GAP-5633""]",existing-type-registries.json#Båt,"[""subject"", ""trigger"", ""unit"", ""period"", ""limit_basis"", ""conditions"", ""level"", ""optionality"", ""provider/type/scope/version"", ""source""]","[{""finding_id"": ""GAP-5633"", ""source_fact_id"": ""SF-7983"", ""artifact"": ""catalog/sources/boat-pet/storebrand-boat-terms.pdf"", ""location"": ""§4 fysisk s6""}]",Listed signature IDs → p1-triage.csv → frozen gap/source-fact inventory; batch evidence in triage.json,PENDING_REVIEW,REQUIRED_BEFORE_IMPLEMENTATION
CR-070,Egenandel / tyverifritak,[],No exact mapping approved in the audit,CANONICAL_REVIEW_FIRST,"[""[\""frende\"",\""båt\"",\""ordinary\"",\""frende-bat-brann-og-tyveri\"",\""2026-01-01\""]"", ""[\""frende\"",\""båt\"",\""ordinary\"",\""frende-bat-kasko\"",\""2026-01-01\""]"", ""[\""frende\"",\""båt\"",\""ordinary\"",\""frende-bat-utvidet\"",\""2026-01-01\""]""]","[""Båt""]","First test exact reuse or source-bound provider-specific detail within an existing parent. A new key is allowed only if subject, trigger, unit, period or optionality would otherwise be lost or falsely equated.","Do not merge different event/subject/period/level merely to fill both sides. Existing type keys are candidates, not approved synonym mappings.","[""B-110""]","[""11b26f0512eadf0d""]","[""GAP-1166""]",existing-type-registries.json#Båt,"[""subject"", ""trigger"", ""unit"", ""period"", ""limit_basis"", ""conditions"", ""level"", ""optionality"", ""provider/type/scope/version"", ""source""]","[{""finding_id"": ""GAP-1166"", ""source_fact_id"": ""SF-1766"", ""artifact"": ""catalog/sources/boat-pet/frende-boat-terms.pdf"", ""location"": ""PDF side 7, punkt 10.7""}]",Listed signature IDs → p1-triage.csv → frozen gap/source-fact inventory; batch evidence in triage.json,PENDING_REVIEW,REQUIRED_BEFORE_IMPLEMENTATION
CR-071,Egenandel / ung/vinter,[],No exact mapping approved in the audit,CANONICAL_REVIEW_FIRST,"[""[\""frende\"",\""båt\"",\""ordinary\"",\""frende-bat-brann-og-tyveri\"",\""2026-01-01\""]"", ""[\""frende\"",\""båt\"",\""ordinary\"",\""frende-bat-kasko\"",\""2026-01-01\""]"", ""[\""frende\"",\""båt\"",\""ordinary\"",\""frende-bat-utvidet\"",\""2026-01-01\""]""]","[""Båt""]","First test exact reuse or source-bound provider-specific detail within an existing parent. A new key is allowed only if subject, trigger, unit, period or optionality would otherwise be lost or falsely equated.","Do not merge different event/subject/period/level merely to fill both sides. Existing type keys are candidates, not approved synonym mappings.","[""B-110""]","[""bca94bc8aca252c9""]","[""GAP-1165""]",existing-type-registries.json#Båt,"[""subject"", ""trigger"", ""unit"", ""period"", ""limit_basis"", ""conditions"", ""level"", ""optionality"", ""provider/type/scope/version"", ""source""]","[{""finding_id"": ""GAP-1165"", ""source_fact_id"": ""SF-1765"", ""artifact"": ""catalog/sources/boat-pet/frende-boat-terms.pdf"", ""location"": ""PDF side 7, punkt 10.7""}]",Listed signature IDs → p1-triage.csv → frozen gap/source-fact inventory; batch evidence in triage.json,PENDING_REVIEW,REQUIRED_BEFORE_IMPLEMENTATION
CR-072,Ferieavbrudd / sum/vilkår,[],No exact mapping approved in the audit,CANONICAL_REVIEW_FIRST,"[""[\""frende\"",\""båt\"",\""ordinary\"",\""frende-bat-utvidet\"",\""2026-01-01\""]""]","[""Båt""]","First test exact reuse or source-bound provider-specific detail within an existing parent. A new key is allowed only if subject, trigger, unit, period or optionality would otherwise be lost or falsely equated.","Do not merge different event/subject/period/level merely to fill both sides. Existing type keys are candidates, not approved synonym mappings.","[""B-110""]","[""4b0caf4222b7fe2f""]","[""GAP-1235""]",existing-type-registries.json#Båt,"[""subject"", ""trigger"", ""unit"", ""period"", ""limit_basis"", ""conditions"", ""level"", ""optionality"", ""provider/type/scope/version"", ""source""]","[{""finding_id"": ""GAP-1235"", ""source_fact_id"": ""SF-1844"", ""artifact"": ""catalog/sources/boat-pet/frende-boat-terms.pdf"", ""location"": ""PDF side 5, punkt 7.2""}]",Listed signature IDs → p1-triage.csv → frozen gap/source-fact inventory; batch evidence in triage.json,PENDING_REVIEW,REQUIRED_BEFORE_IMPLEMENTATION
CR-073,Forsikrede ting / limits,"[""bat.utstyr.grense"", ""bat.losore.grense""]",Proposed key/type/detail relationship needs explicit validation,MAPPING_REVIEW_FIRST,"[""[\""sparebank1-fremtind\"",\""båt\"",\""ordinary\"",\""sparebank1-fremtind-bat-delkasko\"",\""2024-06-10\""]"", ""[\""sparebank1-fremtind\"",\""båt\"",\""ordinary\"",\""sparebank1-fremtind-bat-kasko\"",\""2024-06-10\""]"", ""[\""sparebank1-fremtind\"",\""båt\"",\""ordinary\"",\""sparebank1-fremtind-bat-toppkasko\"",\""2024-06-10\""]""]","[""Båt""]","First test exact reuse or source-bound provider-specific detail within an existing parent. A new key is allowed only if subject, trigger, unit, period or optionality would otherwise be lost or falsely equated.","Do not merge different event/subject/period/level merely to fill both sides. Existing type keys are candidates, not approved synonym mappings.","[""B-152""]","[""6f352e86fd32e3f2""]","[""GAP-5489""]",existing-type-registries.json#Båt,"[""subject"", ""trigger"", ""unit"", ""period"", ""limit_basis"", ""conditions"", ""level"", ""optionality"", ""provider/type/scope/version"", ""source""]","[{""finding_id"": ""GAP-5489"", ""source_fact_id"": ""SF-7809"", ""artifact"": ""catalog/sources/boat-pet/fremtind-boat-terms.pdf"", ""location"": ""Mini§1.1s1""}]",Listed signature IDs → p1-triage.csv → frozen gap/source-fact inventory; batch evidence in triage.json,PENDING_REVIEW,REQUIRED_BEFORE_IMPLEMENTATION
CR-074,Frost / landstrøm,"[""bat.frost.dekning""]",Proposed key/type/detail relationship needs explicit validation,MAPPING_REVIEW_FIRST,"[""[\""gjensidige\"",\""båt\"",\""ordinary\"",\""gjensidige-bat-pluss\"",null]""]","[""Båt""]","First test exact reuse or source-bound provider-specific detail within an existing parent. A new key is allowed only if subject, trigger, unit, period or optionality would otherwise be lost or falsely equated.","Do not merge different event/subject/period/level merely to fill both sides. Existing type keys are candidates, not approved synonym mappings.","[""B-124""]","[""b87ea81da603c27d""]","[""GAP-2837""]",existing-type-registries.json#Båt,"[""subject"", ""trigger"", ""unit"", ""period"", ""limit_basis"", ""conditions"", ""level"", ""optionality"", ""provider/type/scope/version"", ""source""]","[{""finding_id"": ""GAP-2837"", ""source_fact_id"": ""SF-3982"", ""artifact"": ""catalog/sources/boat-pet/gjensidige-boat-plus-terms.pdf"", ""location"": ""4""}]",Listed signature IDs → p1-triage.csv → frozen gap/source-fact inventory; batch evidence in triage.json,PENDING_REVIEW,REQUIRED_BEFORE_IMPLEMENTATION
CR-075,Frost/is / unntak/carveout,"[""bat.frost.dekning""]",Proposed key/type/detail relationship needs explicit validation,MAPPING_REVIEW_FIRST,"[""[\""gjensidige\"",\""båt\"",\""ordinary\"",\""gjensidige-bat-kasko\"",null]"", ""[\""gjensidige\"",\""båt\"",\""ordinary\"",\""gjensidige-bat-pluss\"",null]""]","[""Båt""]","First test exact reuse or source-bound provider-specific detail within an existing parent. A new key is allowed only if subject, trigger, unit, period or optionality would otherwise be lost or falsely equated.","Do not merge different event/subject/period/level merely to fill both sides. Existing type keys are candidates, not approved synonym mappings.","[""B-124""]","[""c71d676c5dcc778d""]","[""GAP-2793""]",existing-type-registries.json#Båt,"[""subject"", ""trigger"", ""unit"", ""period"", ""limit_basis"", ""conditions"", ""level"", ""optionality"", ""provider/type/scope/version"", ""source""]","[{""finding_id"": ""GAP-2793"", ""source_fact_id"": ""SF-3933"", ""artifact"": ""catalog/sources/boat-pet/gjensidige-boat-kasko-terms.pdf"", ""location"": ""PDF3""}]",Listed signature IDs → p1-triage.csv → frozen gap/source-fact inventory; batch evidence in triage.json,PENDING_REVIEW,REQUIRED_BEFORE_IMPLEMENTATION
CR-076,Gjenfinning / deductible,[],No exact mapping approved in the audit,CANONICAL_REVIEW_FIRST,"[""[\""sparebank1-fremtind\"",\""båt\"",\""ordinary\"",\""sparebank1-fremtind-bat-delkasko\"",\""2024-06-10\""]"", ""[\""sparebank1-fremtind\"",\""båt\"",\""ordinary\"",\""sparebank1-fremtind-bat-kasko\"",\""2024-06-10\""]"", ""[\""sparebank1-fremtind\"",\""båt\"",\""ordinary\"",\""sparebank1-fremtind-bat-toppkasko\"",\""2024-06-10\""]""]","[""Båt""]","First test exact reuse or source-bound provider-specific detail within an existing parent. A new key is allowed only if subject, trigger, unit, period or optionality would otherwise be lost or falsely equated.","Do not merge different event/subject/period/level merely to fill both sides. Existing type keys are candidates, not approved synonym mappings.","[""B-153""]","[""9974566ce65608f4""]","[""GAP-5501""]",existing-type-registries.json#Båt,"[""subject"", ""trigger"", ""unit"", ""period"", ""limit_basis"", ""conditions"", ""level"", ""optionality"", ""provider/type/scope/version"", ""source""]","[{""finding_id"": ""GAP-5501"", ""source_fact_id"": ""SF-7825"", ""artifact"": ""catalog/sources/boat-pet/fremtind-boat-terms.pdf"", ""location"": ""Mini§4.1s4""}]",Listed signature IDs → p1-triage.csv → frozen gap/source-fact inventory; batch evidence in triage.json,PENDING_REVIEW,REQUIRED_BEFORE_IMPLEMENTATION
CR-077,Grunnstøting / undersøkelse,[],No exact mapping approved in the audit,CANONICAL_REVIEW_FIRST,"[""[\""if\"",\""båt\"",\""ordinary\"",\""if-bat-kasko\"",\""2023-02-01\""]"", ""[\""if\"",\""båt\"",\""ordinary\"",\""if-bat-super\"",\""2023-02-01\""]""]","[""Båt""]","First test exact reuse or source-bound provider-specific detail within an existing parent. A new key is allowed only if subject, trigger, unit, period or optionality would otherwise be lost or falsely equated.","Do not merge different event/subject/period/level merely to fill both sides. Existing type keys are candidates, not approved synonym mappings.","[""B-141""]","[""798db068a45a2088""]","[""GAP-3697""]",existing-type-registries.json#Båt,"[""subject"", ""trigger"", ""unit"", ""period"", ""limit_basis"", ""conditions"", ""level"", ""optionality"", ""provider/type/scope/version"", ""source""]","[{""finding_id"": ""GAP-3697"", ""source_fact_id"": ""SF-5303"", ""artifact"": ""catalog/sources/boat-pet/if-boat-terms.pdf"", ""location"": ""4 §4.4;14 §7""}]",Listed signature IDs → p1-triage.csv → frozen gap/source-fact inventory; batch evidence in triage.json,PENDING_REVIEW,REQUIRED_BEFORE_IMPLEMENTATION
CR-078,Løsøre / sum/vilkår,"[""bat.losore.grense"", ""bat.losore.gjenstand""]",Proposed key/type/detail relationship needs explicit validation,MAPPING_REVIEW_FIRST,"[""[\""tryg\"",\""båt\"",\""ordinary\"",\""tryg-bat-bat-ekstra\"",\""2024-07-01\""]""]","[""Båt""]","First test exact reuse or source-bound provider-specific detail within an existing parent. A new key is allowed only if subject, trigger, unit, period or optionality would otherwise be lost or falsely equated.","Do not merge different event/subject/period/level merely to fill both sides. Existing type keys are candidates, not approved synonym mappings.","[""B-175""]","[""a72d76ae5f2d9131""]","[""GAP-4318""]",existing-type-registries.json#Båt,"[""subject"", ""trigger"", ""unit"", ""period"", ""limit_basis"", ""conditions"", ""level"", ""optionality"", ""provider/type/scope/version"", ""source""]","[{""finding_id"": ""GAP-4318"", ""source_fact_id"": ""SF-6168"", ""artifact"": ""catalog/sources/boat-pet/tryg-boat-extra-terms.pdf"", ""location"": ""1 §1.2""}]",Listed signature IDs → p1-triage.csv → frozen gap/source-fact inventory; batch evidence in triage.json,PENDING_REVIEW,REQUIRED_BEFORE_IMPLEMENTATION
CR-079,Motorskade / aldersfradrag,"[""bat.maskinskade.aldersfradrag""]",Proposed key/type/detail relationship needs explicit validation,MAPPING_REVIEW_FIRST,"[""[\""gjensidige\"",\""båt\"",\""ordinary\"",\""gjensidige-bat-pluss\"",null]""]","[""Båt""]","First test exact reuse or source-bound provider-specific detail within an existing parent. A new key is allowed only if subject, trigger, unit, period or optionality would otherwise be lost or falsely equated.","Do not merge different event/subject/period/level merely to fill both sides. Existing type keys are candidates, not approved synonym mappings.","[""B-124""]","[""cd5ad7be88bab2f8""]","[""GAP-2840""]",existing-type-registries.json#Båt,"[""subject"", ""trigger"", ""unit"", ""period"", ""limit_basis"", ""conditions"", ""level"", ""optionality"", ""provider/type/scope/version"", ""source""]","[{""finding_id"": ""GAP-2840"", ""source_fact_id"": ""SF-3986"", ""artifact"": ""catalog/sources/boat-pet/gjensidige-boat-plus-terms.pdf"", ""location"": ""17""}]",Listed signature IDs → p1-triage.csv → frozen gap/source-fact inventory; batch evidence in triage.json,PENDING_REVIEW,REQUIRED_BEFORE_IMPLEMENTATION
CR-080,Motorskade / montering,"[""bat.maskinskade.montering""]",Proposed key/type/detail relationship needs explicit validation,MAPPING_REVIEW_FIRST,"[""[\""gjensidige\"",\""båt\"",\""ordinary\"",\""gjensidige-bat-pluss\"",null]""]","[""Båt""]","First test exact reuse or source-bound provider-specific detail within an existing parent. A new key is allowed only if subject, trigger, unit, period or optionality would otherwise be lost or falsely equated.","Do not merge different event/subject/period/level merely to fill both sides. Existing type keys are candidates, not approved synonym mappings.","[""B-124""]","[""353ea059f16f241b""]","[""GAP-2841""]",existing-type-registries.json#Båt,"[""subject"", ""trigger"", ""unit"", ""period"", ""limit_basis"", ""conditions"", ""level"", ""optionality"", ""provider/type/scope/version"", ""source""]","[{""finding_id"": ""GAP-2841"", ""source_fact_id"": ""SF-3987"", ""artifact"": ""catalog/sources/boat-pet/gjensidige-boat-plus-terms.pdf"", ""location"": ""17""}]",Listed signature IDs → p1-triage.csv → frozen gap/source-fact inventory; batch evidence in triage.json,PENDING_REVIEW,REQUIRED_BEFORE_IMPLEMENTATION
CR-081,Natur / trigger,"[""bat.naturskade.dekning""]",Proposed key/type/detail relationship needs explicit validation,MAPPING_REVIEW_FIRST,"[""[\""sparebank1-fremtind\"",\""båt\"",\""ordinary\"",\""sparebank1-fremtind-bat-delkasko\"",\""2024-06-10\""]"", ""[\""sparebank1-fremtind\"",\""båt\"",\""ordinary\"",\""sparebank1-fremtind-bat-kasko\"",\""2024-06-10\""]"", ""[\""sparebank1-fremtind\"",\""båt\"",\""ordinary\"",\""sparebank1-fremtind-bat-toppkasko\"",\""2024-06-10\""]""]","[""Båt""]","First test exact reuse or source-bound provider-specific detail within an existing parent. A new key is allowed only if subject, trigger, unit, period or optionality would otherwise be lost or falsely equated.","Do not merge different event/subject/period/level merely to fill both sides. Existing type keys are candidates, not approved synonym mappings.","[""B-152""]","[""ab841391948db1d6""]","[""GAP-5492""]",existing-type-registries.json#Båt,"[""subject"", ""trigger"", ""unit"", ""period"", ""limit_basis"", ""conditions"", ""level"", ""optionality"", ""provider/type/scope/version"", ""source""]","[{""finding_id"": ""GAP-5492"", ""source_fact_id"": ""SF-7814"", ""artifact"": ""catalog/sources/boat-pet/fremtind-boat-terms.pdf"", ""location"": ""Mini§2.2s2""}]",Listed signature IDs → p1-triage.csv → frozen gap/source-fact inventory; batch evidence in triage.json,PENDING_REVIEW,REQUIRED_BEFORE_IMPLEMENTATION
CR-082,Nyverdi / alder/terskel/form,"[""bat.nyverdi.dekning"", ""bat.nyverdi.alder"", ""bat.nyverdi.skadegrad""]",Proposed key/type/detail relationship needs explicit validation,MAPPING_REVIEW_FIRST,"[""[\""tryg\"",\""båt\"",\""ordinary\"",\""tryg-bat-bat-ekstra\"",\""2024-07-01\""]""]","[""Båt""]","First test exact reuse or source-bound provider-specific detail within an existing parent. A new key is allowed only if subject, trigger, unit, period or optionality would otherwise be lost or falsely equated.","Do not merge different event/subject/period/level merely to fill both sides. Existing type keys are candidates, not approved synonym mappings.","[""B-175""]","[""0999e293f8cf58c5""]","[""GAP-4326""]",existing-type-registries.json#Båt,"[""subject"", ""trigger"", ""unit"", ""period"", ""limit_basis"", ""conditions"", ""level"", ""optionality"", ""provider/type/scope/version"", ""source""]","[{""finding_id"": ""GAP-4326"", ""source_fact_id"": ""SF-6176"", ""artifact"": ""catalog/sources/boat-pet/tryg-boat-extra-terms.pdf"", ""location"": ""2 §1.8""}]",Listed signature IDs → p1-triage.csv → frozen gap/source-fact inventory; batch evidence in triage.json,PENDING_REVIEW,REQUIRED_BEFORE_IMPLEMENTATION
CR-083,Oppgjør / kontant,[],No exact mapping approved in the audit,CANONICAL_REVIEW_FIRST,"[""[\""frende\"",\""båt\"",\""ordinary\"",\""frende-bat-brann-og-tyveri\"",\""2026-01-01\""]"", ""[\""frende\"",\""båt\"",\""ordinary\"",\""frende-bat-kasko\"",\""2026-01-01\""]"", ""[\""frende\"",\""båt\"",\""ordinary\"",\""frende-bat-utvidet\"",\""2026-01-01\""]""]","[""Båt""]","First test exact reuse or source-bound provider-specific detail within an existing parent. A new key is allowed only if subject, trigger, unit, period or optionality would otherwise be lost or falsely equated.","Do not merge different event/subject/period/level merely to fill both sides. Existing type keys are candidates, not approved synonym mappings.","[""B-110""]","[""6aa1129b090c4803""]","[""GAP-1162""]",existing-type-registries.json#Båt,"[""subject"", ""trigger"", ""unit"", ""period"", ""limit_basis"", ""conditions"", ""level"", ""optionality"", ""provider/type/scope/version"", ""source""]","[{""finding_id"": ""GAP-1162"", ""source_fact_id"": ""SF-1761"", ""artifact"": ""catalog/sources/boat-pet/frende-boat-terms.pdf"", ""location"": ""PDF side 6, punkt 10.3–4""}]",Listed signature IDs → p1-triage.csv → frozen gap/source-fact inventory; batch evidence in triage.json,PENDING_REVIEW,REQUIRED_BEFORE_IMPLEMENTATION
CR-084,Oppgjør / totaltap,[],No exact mapping approved in the audit,CANONICAL_REVIEW_FIRST,"[""[\""frende\"",\""båt\"",\""ordinary\"",\""frende-bat-brann-og-tyveri\"",\""2026-01-01\""]"", ""[\""frende\"",\""båt\"",\""ordinary\"",\""frende-bat-kasko\"",\""2026-01-01\""]"", ""[\""frende\"",\""båt\"",\""ordinary\"",\""frende-bat-utvidet\"",\""2026-01-01\""]""]","[""Båt""]","First test exact reuse or source-bound provider-specific detail within an existing parent. A new key is allowed only if subject, trigger, unit, period or optionality would otherwise be lost or falsely equated.","Do not merge different event/subject/period/level merely to fill both sides. Existing type keys are candidates, not approved synonym mappings.","[""B-110""]","[""19bb50f70527d6e9""]","[""GAP-1163""]",existing-type-registries.json#Båt,"[""subject"", ""trigger"", ""unit"", ""period"", ""limit_basis"", ""conditions"", ""level"", ""optionality"", ""provider/type/scope/version"", ""source""]","[{""finding_id"": ""GAP-1163"", ""source_fact_id"": ""SF-1762"", ""artifact"": ""catalog/sources/boat-pet/frende-boat-terms.pdf"", ""location"": ""PDF side 7, punkt 10.5""}]",Listed signature IDs → p1-triage.csv → frozen gap/source-fact inventory; batch evidence in triage.json,PENDING_REVIEW,REQUIRED_BEFORE_IMPLEMENTATION
CR-085,Opplagsmateriell / sum/egenandel,"[""bat.opplagsutstyr.dekning"", ""bat.opplagsutstyr.grense"", ""bat.opplagsutstyr.egenandel""]",Proposed key/type/detail relationship needs explicit validation,MAPPING_REVIEW_FIRST,"[""[\""tryg\"",\""båt\"",\""ordinary\"",\""tryg-bat-bat-ekstra\"",\""2024-07-01\""]""]","[""Båt""]","First test exact reuse or source-bound provider-specific detail within an existing parent. A new key is allowed only if subject, trigger, unit, period or optionality would otherwise be lost or falsely equated.","Do not merge different event/subject/period/level merely to fill both sides. Existing type keys are candidates, not approved synonym mappings.","[""B-175""]","[""5a7ba36a70425997""]","[""GAP-4320""]",existing-type-registries.json#Båt,"[""subject"", ""trigger"", ""unit"", ""period"", ""limit_basis"", ""conditions"", ""level"", ""optionality"", ""provider/type/scope/version"", ""source""]","[{""finding_id"": ""GAP-4320"", ""source_fact_id"": ""SF-6170"", ""artifact"": ""catalog/sources/boat-pet/tryg-boat-extra-terms.pdf"", ""location"": ""1 §1.4""}]",Listed signature IDs → p1-triage.csv → frozen gap/source-fact inventory; batch evidence in triage.json,PENDING_REVIEW,REQUIRED_BEFORE_IMPLEMENTATION
CR-086,Opplagsutstyr / coverage,[],No exact mapping approved in the audit,CANONICAL_REVIEW_FIRST,"[""[\""sparebank1-fremtind\"",\""båt\"",\""ordinary\"",\""sparebank1-fremtind-bat-toppkasko\"",\""2024-06-10\""]""]","[""Båt""]","First test exact reuse or source-bound provider-specific detail within an existing parent. A new key is allowed only if subject, trigger, unit, period or optionality would otherwise be lost or falsely equated.","Do not merge different event/subject/period/level merely to fill both sides. Existing type keys are candidates, not approved synonym mappings.","[""B-153""]","[""b771c2c0a54bf725""]","[""GAP-5569""]",existing-type-registries.json#Båt,"[""subject"", ""trigger"", ""unit"", ""period"", ""limit_basis"", ""conditions"", ""level"", ""optionality"", ""provider/type/scope/version"", ""source""]","[{""finding_id"": ""GAP-5569"", ""source_fact_id"": ""SF-7908"", ""artifact"": ""catalog/sources/boat-pet/fremtind-boat-terms.pdf"", ""location"": ""Topp§2.4s7""}]",Listed signature IDs → p1-triage.csv → frozen gap/source-fact inventory; batch evidence in triage.json,PENDING_REVIEW,REQUIRED_BEFORE_IMPLEMENTATION
CR-087,Registrering / tegning,[],No exact mapping approved in the audit,CANONICAL_REVIEW_FIRST,"[""[\""gjensidige\"",\""båt\"",\""ordinary\"",\""gjensidige-bat-delkasko\"",null]"", ""[\""gjensidige\"",\""båt\"",\""ordinary\"",\""gjensidige-bat-kasko\"",null]"", ""[\""gjensidige\"",\""båt\"",\""ordinary\"",\""gjensidige-bat-pluss\"",null]""]","[""Båt""]","First test exact reuse or source-bound provider-specific detail within an existing parent. A new key is allowed only if subject, trigger, unit, period or optionality would otherwise be lost or falsely equated.","Do not merge different event/subject/period/level merely to fill both sides. Existing type keys are candidates, not approved synonym mappings.","[""B-125""]","[""0c79538df3c9eee3""]","[""GAP-2768""]",existing-type-registries.json#Båt,"[""subject"", ""trigger"", ""unit"", ""period"", ""limit_basis"", ""conditions"", ""level"", ""optionality"", ""provider/type/scope/version"", ""source""]","[{""finding_id"": ""GAP-2768"", ""source_fact_id"": ""SF-3904"", ""artifact"": ""catalog/sources/boat-pet/gjensidige-boat-product.html"", ""location"": ""FAQregistrering""}]",Listed signature IDs → p1-triage.csv → frozen gap/source-fact inventory; batch evidence in triage.json,PENDING_REVIEW,REQUIRED_BEFORE_IMPLEMENTATION
CR-088,Reisevarighet / periode,[],No exact mapping approved in the audit,CANONICAL_REVIEW_FIRST,"[""[\""gjensidige\"",\""båt\"",\""ordinary\"",\""gjensidige-bat-delkasko\"",null]"", ""[\""gjensidige\"",\""båt\"",\""ordinary\"",\""gjensidige-bat-kasko\"",null]"", ""[\""gjensidige\"",\""båt\"",\""ordinary\"",\""gjensidige-bat-pluss\"",null]""]","[""Båt""]","First test exact reuse or source-bound provider-specific detail within an existing parent. A new key is allowed only if subject, trigger, unit, period or optionality would otherwise be lost or falsely equated.","Do not merge different event/subject/period/level merely to fill both sides. Existing type keys are candidates, not approved synonym mappings.","[""B-125""]","[""001697cc06503feb""]","[""GAP-2737""]",existing-type-registries.json#Båt,"[""subject"", ""trigger"", ""unit"", ""period"", ""limit_basis"", ""conditions"", ""level"", ""optionality"", ""provider/type/scope/version"", ""source""]","[{""finding_id"": ""GAP-2737"", ""source_fact_id"": ""SF-3871"", ""artifact"": ""catalog/sources/boat-pet/gjensidige-boat-delkasko-terms.pdf"", ""location"": ""PDF2""}]",Listed signature IDs → p1-triage.csv → frozen gap/source-fact inventory; batch evidence in triage.json,PENDING_REVIEW,REQUIRED_BEFORE_IMPLEMENTATION
CR-089,Seilregatta / dekning/egenandel,"[""bat.regatta.dekning"", ""bat.regatta.egenandel""]",Proposed key/type/detail relationship needs explicit validation,MAPPING_REVIEW_FIRST,"[""[\""gjensidige\"",\""båt\"",\""ordinary\"",\""gjensidige-bat-kasko\"",null]"", ""[\""gjensidige\"",\""båt\"",\""ordinary\"",\""gjensidige-bat-pluss\"",null]""]","[""Båt""]","First test exact reuse or source-bound provider-specific detail within an existing parent. A new key is allowed only if subject, trigger, unit, period or optionality would otherwise be lost or falsely equated.","Do not merge different event/subject/period/level merely to fill both sides. Existing type keys are candidates, not approved synonym mappings.","[""B-124""]","[""b171d98cabbd732c""]","[""GAP-2791""]",existing-type-registries.json#Båt,"[""subject"", ""trigger"", ""unit"", ""period"", ""limit_basis"", ""conditions"", ""level"", ""optionality"", ""provider/type/scope/version"", ""source""]","[{""finding_id"": ""GAP-2791"", ""source_fact_id"": ""SF-3931"", ""artifact"": ""catalog/sources/boat-pet/gjensidige-boat-kasko-terms.pdf"", ""location"": ""PDF3;PDF16""}]",Listed signature IDs → p1-triage.csv → frozen gap/source-fact inventory; batch evidence in triage.json,PENDING_REVIEW,REQUIRED_BEFORE_IMPLEMENTATION
CR-090,Sikkerhet / vinter/fortøyning,[],No exact mapping approved in the audit,CANONICAL_REVIEW_FIRST,"[""[\""frende\"",\""båt\"",\""ordinary\"",\""frende-bat-brann-og-tyveri\"",\""2026-01-01\""]"", ""[\""frende\"",\""båt\"",\""ordinary\"",\""frende-bat-kasko\"",\""2026-01-01\""]"", ""[\""frende\"",\""båt\"",\""ordinary\"",\""frende-bat-utvidet\"",\""2026-01-01\""]""]","[""Båt""]","First test exact reuse or source-bound provider-specific detail within an existing parent. A new key is allowed only if subject, trigger, unit, period or optionality would otherwise be lost or falsely equated.","Do not merge different event/subject/period/level merely to fill both sides. Existing type keys are candidates, not approved synonym mappings.","[""B-110""]","[""1e2f3811dfd4f614""]","[""GAP-1177""]",existing-type-registries.json#Båt,"[""subject"", ""trigger"", ""unit"", ""period"", ""limit_basis"", ""conditions"", ""level"", ""optionality"", ""provider/type/scope/version"", ""source""]","[{""finding_id"": ""GAP-1177"", ""source_fact_id"": ""SF-1777"", ""artifact"": ""catalog/sources/boat-pet/frende-boat-terms.pdf"", ""location"": ""PDF side 12, punkt 16.1–4""}]",Listed signature IDs → p1-triage.csv → frozen gap/source-fact inventory; batch evidence in triage.json,PENDING_REVIEW,REQUIRED_BEFORE_IMPLEMENTATION
CR-091,Super reisekostnader / utløser,[],No exact mapping approved in the audit,CANONICAL_REVIEW_FIRST,"[""[\""storebrand\"",\""båt\"",\""ordinary\"",\""storebrand-bat-super\"",\""2024-09-01\""]""]","[""Båt""]","First test exact reuse or source-bound provider-specific detail within an existing parent. A new key is allowed only if subject, trigger, unit, period or optionality would otherwise be lost or falsely equated.","Do not merge different event/subject/period/level merely to fill both sides. Existing type keys are candidates, not approved synonym mappings.","[""B-160""]","[""e068a614876c108f""]","[""GAP-5680""]",existing-type-registries.json#Båt,"[""subject"", ""trigger"", ""unit"", ""period"", ""limit_basis"", ""conditions"", ""level"", ""optionality"", ""provider/type/scope/version"", ""source""]","[{""finding_id"": ""GAP-5680"", ""source_fact_id"": ""SF-8039"", ""artifact"": ""catalog/sources/boat-pet/storebrand-boat-terms.pdf"", ""location"": ""§5.3.3–4 fysisk s10""}]",Listed signature IDs → p1-triage.csv → frozen gap/source-fact inventory; batch evidence in triage.json,PENDING_REVIEW,REQUIRED_BEFORE_IMPLEMENTATION
CR-092,Tap/totalskade / markedsverdi,[],No exact mapping approved in the audit,CANONICAL_REVIEW_FIRST,"[""[\""gjensidige\"",\""båt\"",\""ordinary\"",\""gjensidige-bat-delkasko\"",null]"", ""[\""gjensidige\"",\""båt\"",\""ordinary\"",\""gjensidige-bat-kasko\"",null]"", ""[\""gjensidige\"",\""båt\"",\""ordinary\"",\""gjensidige-bat-pluss\"",null]""]","[""Båt""]","First test exact reuse or source-bound provider-specific detail within an existing parent. A new key is allowed only if subject, trigger, unit, period or optionality would otherwise be lost or falsely equated.","Do not merge different event/subject/period/level merely to fill both sides. Existing type keys are candidates, not approved synonym mappings.","[""B-125""]","[""d1c464351b2fd6e9""]","[""GAP-2755""]",existing-type-registries.json#Båt,"[""subject"", ""trigger"", ""unit"", ""period"", ""limit_basis"", ""conditions"", ""level"", ""optionality"", ""provider/type/scope/version"", ""source""]","[{""finding_id"": ""GAP-2755"", ""source_fact_id"": ""SF-3890"", ""artifact"": ""catalog/sources/boat-pet/gjensidige-boat-delkasko-terms.pdf"", ""location"": ""PDF15""}]",Listed signature IDs → p1-triage.csv → frozen gap/source-fact inventory; batch evidence in triage.json,PENDING_REVIEW,REQUIRED_BEFORE_IMPLEMENTATION
CR-093,Tegning / HTML,[],No exact mapping approved in the audit,CANONICAL_REVIEW_FIRST,"[""[\""frende\"",\""båt\"",\""ordinary\"",\""frende-bat-brann-og-tyveri\"",\""2026-01-01\""]"", ""[\""frende\"",\""båt\"",\""ordinary\"",\""frende-bat-kasko\"",\""2026-01-01\""]"", ""[\""frende\"",\""båt\"",\""ordinary\"",\""frende-bat-utvidet\"",\""2026-01-01\""]""]","[""Båt""]","First test exact reuse or source-bound provider-specific detail within an existing parent. A new key is allowed only if subject, trigger, unit, period or optionality would otherwise be lost or falsely equated.","Do not merge different event/subject/period/level merely to fill both sides. Existing type keys are candidates, not approved synonym mappings.","[""B-110""]","[""0013f19e60c25941""]","[""GAP-1180""]",existing-type-registries.json#Båt,"[""subject"", ""trigger"", ""unit"", ""period"", ""limit_basis"", ""conditions"", ""level"", ""optionality"", ""provider/type/scope/version"", ""source""]","[{""finding_id"": ""GAP-1180"", ""source_fact_id"": ""SF-1780"", ""artifact"": ""catalog/sources/boat-pet/frende-boat-product.html"", ""location"": ""HTML FAQ""}]",Listed signature IDs → p1-triage.csv → frozen gap/source-fact inventory; batch evidence in triage.json,PENDING_REVIEW,REQUIRED_BEFORE_IMPLEMENTATION
CR-094,Tillegg / fartsområde/bygging,[],No exact mapping approved in the audit,CANONICAL_REVIEW_FIRST,"[""[\""gjensidige\"",\""båt\"",\""ordinary\"",\""gjensidige-bat-delkasko\"",null]"", ""[\""gjensidige\"",\""båt\"",\""ordinary\"",\""gjensidige-bat-kasko\"",null]"", ""[\""gjensidige\"",\""båt\"",\""ordinary\"",\""gjensidige-bat-pluss\"",null]""]","[""Båt""]","First test exact reuse or source-bound provider-specific detail within an existing parent. A new key is allowed only if subject, trigger, unit, period or optionality would otherwise be lost or falsely equated.","Do not merge different event/subject/period/level merely to fill both sides. Existing type keys are candidates, not approved synonym mappings.","[""B-125""]","[""c674e17bac40dba3""]","[""GAP-2749""]",existing-type-registries.json#Båt,"[""subject"", ""trigger"", ""unit"", ""period"", ""limit_basis"", ""conditions"", ""level"", ""optionality"", ""provider/type/scope/version"", ""source""]","[{""finding_id"": ""GAP-2749"", ""source_fact_id"": ""SF-3883"", ""artifact"": ""catalog/sources/boat-pet/gjensidige-boat-ipid.pdf"", ""location"": ""2""}]",Listed signature IDs → p1-triage.csv → frozen gap/source-fact inventory; batch evidence in triage.json,PENDING_REVIEW,REQUIRED_BEFORE_IMPLEMENTATION
CR-095,Totalskadegaranti / sikkertomfang/alder,"[""bat.nyverdi.dekning"", ""bat.nyverdi.alder""]",Proposed key/type/detail relationship needs explicit validation,MAPPING_REVIEW_FIRST,"[""[\""frende\"",\""båt\"",\""ordinary\"",\""frende-bat-utvidet\"",\""2026-01-01\""]""]","[""Båt""]","First test exact reuse or source-bound provider-specific detail within an existing parent. A new key is allowed only if subject, trigger, unit, period or optionality would otherwise be lost or falsely equated.","Do not merge different event/subject/period/level merely to fill both sides. Existing type keys are candidates, not approved synonym mappings.","[""B-109""]","[""d4f560f76fce8722""]","[""GAP-1255""]",existing-type-registries.json#Båt,"[""subject"", ""trigger"", ""unit"", ""period"", ""limit_basis"", ""conditions"", ""level"", ""optionality"", ""provider/type/scope/version"", ""source""]","[{""finding_id"": ""GAP-1255"", ""source_fact_id"": ""SF-1869"", ""artifact"": ""catalog/sources/boat-pet/frende-boat-terms.pdf"", ""location"": ""PDFside5 punkt7.5""}]",Listed signature IDs → p1-triage.csv → frozen gap/source-fact inventory; batch evidence in triage.json,PENDING_REVIEW,REQUIRED_BEFORE_IMPLEMENTATION
CR-096,Transport / vilkår,[],No exact mapping approved in the audit,CANONICAL_REVIEW_FIRST,"[""[\""storebrand\"",\""båt\"",\""ordinary\"",\""storebrand-bat-delkasko\"",\""2024-09-01\""]""]","[""Båt""]","First test exact reuse or source-bound provider-specific detail within an existing parent. A new key is allowed only if subject, trigger, unit, period or optionality would otherwise be lost or falsely equated.","Do not merge different event/subject/period/level merely to fill both sides. Existing type keys are candidates, not approved synonym mappings.","[""B-160""]","[""97ee53528ceb9f55""]","[""GAP-5635""]",existing-type-registries.json#Båt,"[""subject"", ""trigger"", ""unit"", ""period"", ""limit_basis"", ""conditions"", ""level"", ""optionality"", ""provider/type/scope/version"", ""source""]","[{""finding_id"": ""GAP-5635"", ""source_fact_id"": ""SF-7986"", ""artifact"": ""catalog/sources/boat-pet/storebrand-boat-terms.pdf"", ""location"": ""§5.1.3 fysisk s8""}]",Listed signature IDs → p1-triage.csv → frozen gap/source-fact inventory; batch evidence in triage.json,PENDING_REVIEW,REQUIRED_BEFORE_IMPLEMENTATION
CR-097,Tæring / særutvidelse,"[""bat.taring.dekning""]",Proposed key/type/detail relationship needs explicit validation,MAPPING_REVIEW_FIRST,"[""[\""gjensidige\"",\""båt\"",\""ordinary\"",\""gjensidige-bat-pluss\"",null]""]","[""Båt""]","First test exact reuse or source-bound provider-specific detail within an existing parent. A new key is allowed only if subject, trigger, unit, period or optionality would otherwise be lost or falsely equated.","Do not merge different event/subject/period/level merely to fill both sides. Existing type keys are candidates, not approved synonym mappings.","[""B-124""]","[""09c8ab65ee3845d2""]","[""GAP-2838""]",existing-type-registries.json#Båt,"[""subject"", ""trigger"", ""unit"", ""period"", ""limit_basis"", ""conditions"", ""level"", ""optionality"", ""provider/type/scope/version"", ""source""]","[{""finding_id"": ""GAP-2838"", ""source_fact_id"": ""SF-3983"", ""artifact"": ""catalog/sources/boat-pet/gjensidige-boat-plus-terms.pdf"", ""location"": ""4""}]",Listed signature IDs → p1-triage.csv → frozen gap/source-fact inventory; batch evidence in triage.json,PENDING_REVIEW,REQUIRED_BEFORE_IMPLEMENTATION
CR-098,Uhell / sum/egenandel,[],No exact mapping approved in the audit,CANONICAL_REVIEW_FIRST,"[""[\""if\"",\""båt\"",\""ordinary\"",\""if-bat-super\"",\""2023-02-01\""]""]","[""Båt""]","First test exact reuse or source-bound provider-specific detail within an existing parent. A new key is allowed only if subject, trigger, unit, period or optionality would otherwise be lost or falsely equated.","Do not merge different event/subject/period/level merely to fill both sides. Existing type keys are candidates, not approved synonym mappings.","[""B-141""]","[""6999e801c3ca362d""]","[""GAP-3752""]",existing-type-registries.json#Båt,"[""subject"", ""trigger"", ""unit"", ""period"", ""limit_basis"", ""conditions"", ""level"", ""optionality"", ""provider/type/scope/version"", ""source""]","[{""finding_id"": ""GAP-3752"", ""source_fact_id"": ""SF-5366"", ""artifact"": ""catalog/sources/boat-pet/if-boat-terms.pdf"", ""location"": ""7 §4.10.7""}]",Listed signature IDs → p1-triage.csv → frozen gap/source-fact inventory; batch evidence in triage.json,PENDING_REVIEW,REQUIRED_BEFORE_IMPLEMENTATION
CR-099,Ulykke / behandling,"[""bat.ulykke.behandling""]",Proposed key/type/detail relationship needs explicit validation,MAPPING_REVIEW_FIRST,"[""[\""gjensidige\"",\""båt\"",\""ordinary\"",\""gjensidige-bat-delkasko\"",null]"", ""[\""gjensidige\"",\""båt\"",\""ordinary\"",\""gjensidige-bat-kasko\"",null]"", ""[\""gjensidige\"",\""båt\"",\""ordinary\"",\""gjensidige-bat-pluss\"",null]""]","[""Båt""]","First test exact reuse or source-bound provider-specific detail within an existing parent. A new key is allowed only if subject, trigger, unit, period or optionality would otherwise be lost or falsely equated.","Do not merge different event/subject/period/level merely to fill both sides. Existing type keys are candidates, not approved synonym mappings.","[""B-124""]","[""51b5a0ccd2ac09c6""]","[""GAP-2761""]",existing-type-registries.json#Båt,"[""subject"", ""trigger"", ""unit"", ""period"", ""limit_basis"", ""conditions"", ""level"", ""optionality"", ""provider/type/scope/version"", ""source""]","[{""finding_id"": ""GAP-2761"", ""source_fact_id"": ""SF-3896"", ""artifact"": ""catalog/sources/boat-pet/gjensidige-boat-delkasko-terms.pdf"", ""location"": ""PDF4–5""}]",Listed signature IDs → p1-triage.csv → frozen gap/source-fact inventory; batch evidence in triage.json,PENDING_REVIEW,REQUIRED_BEFORE_IMPLEMENTATION
CR-100,Ulykke / samlet tak og behandling,[],No exact mapping approved in the audit,CANONICAL_REVIEW_FIRST,"[""[\""storebrand\"",\""båt\"",\""ordinary\"",\""storebrand-bat-delkasko\"",\""2024-09-01\""]"", ""[\""storebrand\"",\""båt\"",\""ordinary\"",\""storebrand-bat-kasko\"",\""2024-09-01\""]"", ""[\""storebrand\"",\""båt\"",\""ordinary\"",\""storebrand-bat-super\"",\""2024-09-01\""]""]","[""Båt""]","First test exact reuse or source-bound provider-specific detail within an existing parent. A new key is allowed only if subject, trigger, unit, period or optionality would otherwise be lost or falsely equated.","Do not merge different event/subject/period/level merely to fill both sides. Existing type keys are candidates, not approved synonym mappings.","[""B-160""]","[""c7776925a5ae1dda""]","[""GAP-5651""]",existing-type-registries.json#Båt,"[""subject"", ""trigger"", ""unit"", ""period"", ""limit_basis"", ""conditions"", ""level"", ""optionality"", ""provider/type/scope/version"", ""source""]","[{""finding_id"": ""GAP-5651"", ""source_fact_id"": ""SF-8004"", ""artifact"": ""catalog/sources/boat-pet/storebrand-boat-terms.pdf"", ""location"": ""§11 fysisk s20–22""}]",Listed signature IDs → p1-triage.csv → frozen gap/source-fact inventory; batch evidence in triage.json,PENDING_REVIEW,REQUIRED_BEFORE_IMPLEMENTATION
CR-101,Ulykke / sum/egenandel,"[""bat.ulykke.dekning"", ""bat.ulykke.grense""]",Proposed key/type/detail relationship needs explicit validation,MAPPING_REVIEW_FIRST,"[""[\""gjensidige\"",\""båt\"",\""ordinary\"",\""gjensidige-bat-delkasko\"",null]"", ""[\""gjensidige\"",\""båt\"",\""ordinary\"",\""gjensidige-bat-kasko\"",null]"", ""[\""gjensidige\"",\""båt\"",\""ordinary\"",\""gjensidige-bat-pluss\"",null]""]","[""Båt""]","First test exact reuse or source-bound provider-specific detail within an existing parent. A new key is allowed only if subject, trigger, unit, period or optionality would otherwise be lost or falsely equated.","Do not merge different event/subject/period/level merely to fill both sides. Existing type keys are candidates, not approved synonym mappings.","[""B-124""]","[""7097c790498a9e1c""]","[""GAP-2759""]",existing-type-registries.json#Båt,"[""subject"", ""trigger"", ""unit"", ""period"", ""limit_basis"", ""conditions"", ""level"", ""optionality"", ""provider/type/scope/version"", ""source""]","[{""finding_id"": ""GAP-2759"", ""source_fact_id"": ""SF-3894"", ""artifact"": ""catalog/sources/boat-pet/gjensidige-boat-delkasko-terms.pdf"", ""location"": ""1""}]",Listed signature IDs → p1-triage.csv → frozen gap/source-fact inventory; batch evidence in triage.json,PENDING_REVIEW,REQUIRED_BEFORE_IMPLEMENTATION
CR-102,Ulykke / sum/grad,"[""bat.ulykke.grense""]",Proposed key/type/detail relationship needs explicit validation,MAPPING_REVIEW_FIRST,"[""[\""tryg\"",\""båt\"",\""ordinary\"",\""tryg-bat-ansvar\"",\""2024-07-01\""]"", ""[\""tryg\"",\""båt\"",\""ordinary\"",\""tryg-bat-bat-ekstra\"",\""2024-07-01\""]"", ""[\""tryg\"",\""båt\"",\""ordinary\"",\""tryg-bat-brann-ansvar\"",\""2024-07-01\""]"", ""[\""tryg\"",\""båt\"",\""ordinary\"",\""tryg-bat-brann-tyveri-ansvar\"",\""2024-07-01\""]"", ""[\""tryg\"",\""båt\"",\""ordinary\"",\""tryg-bat-kasko-ansvar\"",\""2024-07-01\""]""]","[""Båt""]","First test exact reuse or source-bound provider-specific detail within an existing parent. A new key is allowed only if subject, trigger, unit, period or optionality would otherwise be lost or falsely equated.","Do not merge different event/subject/period/level merely to fill both sides. Existing type keys are candidates, not approved synonym mappings.","[""B-175""]","[""6e638e875a8d5cde""]","[""GAP-4259""]",existing-type-registries.json#Båt,"[""subject"", ""trigger"", ""unit"", ""period"", ""limit_basis"", ""conditions"", ""level"", ""optionality"", ""provider/type/scope/version"", ""source""]","[{""finding_id"": ""GAP-4259"", ""source_fact_id"": ""SF-6097"", ""artifact"": ""catalog/sources/boat-pet/tryg-boat-accident-terms.pdf"", ""location"": ""1–2 §3""}]",Listed signature IDs → p1-triage.csv → frozen gap/source-fact inventory; batch evidence in triage.json,PENDING_REVIEW,REQUIRED_BEFORE_IMPLEMENTATION
CR-103,Ulykke / vilkår,[],No exact mapping approved in the audit,CANONICAL_REVIEW_FIRST,"[""[\""storebrand\"",\""båt\"",\""ordinary\"",\""storebrand-bat-delkasko\"",\""2024-09-01\""]"", ""[\""storebrand\"",\""båt\"",\""ordinary\"",\""storebrand-bat-kasko\"",\""2024-09-01\""]"", ""[\""storebrand\"",\""båt\"",\""ordinary\"",\""storebrand-bat-super\"",\""2024-09-01\""]""]","[""Båt""]","First test exact reuse or source-bound provider-specific detail within an existing parent. A new key is allowed only if subject, trigger, unit, period or optionality would otherwise be lost or falsely equated.","Do not merge different event/subject/period/level merely to fill both sides. Existing type keys are candidates, not approved synonym mappings.","[""B-160""]","[""2b8540d3c8033be7""]","[""GAP-5645""]",existing-type-registries.json#Båt,"[""subject"", ""trigger"", ""unit"", ""period"", ""limit_basis"", ""conditions"", ""level"", ""optionality"", ""provider/type/scope/version"", ""source""]","[{""finding_id"": ""GAP-5645"", ""source_fact_id"": ""SF-7997"", ""artifact"": ""catalog/sources/boat-pet/storebrand-boat-terms.pdf"", ""location"": ""§11 fysisk s20–22""}]",Listed signature IDs → p1-triage.csv → frozen gap/source-fact inventory; batch evidence in triage.json,PENDING_REVIEW,REQUIRED_BEFORE_IMPLEMENTATION
CR-104,Ung fører / deductible,[],No exact mapping approved in the audit,CANONICAL_REVIEW_FIRST,"[""[\""sparebank1-fremtind\"",\""båt\"",\""ordinary\"",\""sparebank1-fremtind-bat-kasko\"",\""2024-06-10\""]"", ""[\""sparebank1-fremtind\"",\""båt\"",\""ordinary\"",\""sparebank1-fremtind-bat-toppkasko\"",\""2024-06-10\""]""]","[""Båt""]","First test exact reuse or source-bound provider-specific detail within an existing parent. A new key is allowed only if subject, trigger, unit, period or optionality would otherwise be lost or falsely equated.","Do not merge different event/subject/period/level merely to fill both sides. Existing type keys are candidates, not approved synonym mappings.","[""B-153""]","[""0a7819ed33d9ec7d""]","[""GAP-5534""]",existing-type-registries.json#Båt,"[""subject"", ""trigger"", ""unit"", ""period"", ""limit_basis"", ""conditions"", ""level"", ""optionality"", ""provider/type/scope/version"", ""source""]","[{""finding_id"": ""GAP-5534"", ""source_fact_id"": ""SF-7865"", ""artifact"": ""catalog/sources/boat-pet/fremtind-boat-terms.pdf"", ""location"": ""Kasko§4.1s6""}]",Listed signature IDs → p1-triage.csv → frozen gap/source-fact inventory; batch evidence in triage.json,PENDING_REVIEW,REQUIRED_BEFORE_IMPLEMENTATION
CR-105,Unntak / bruksområde,[],No exact mapping approved in the audit,CANONICAL_REVIEW_FIRST,"[""[\""storebrand\"",\""båt\"",\""ordinary\"",\""storebrand-bat-delkasko\"",\""2024-09-01\""]"", ""[\""storebrand\"",\""båt\"",\""ordinary\"",\""storebrand-bat-kasko\"",\""2024-09-01\""]"", ""[\""storebrand\"",\""båt\"",\""ordinary\"",\""storebrand-bat-super\"",\""2024-09-01\""]""]","[""Båt""]","First test exact reuse or source-bound provider-specific detail within an existing parent. A new key is allowed only if subject, trigger, unit, period or optionality would otherwise be lost or falsely equated.","Do not merge different event/subject/period/level merely to fill both sides. Existing type keys are candidates, not approved synonym mappings.","[""B-160""]","[""953bc0965e5ae8d4""]","[""GAP-5638""]",existing-type-registries.json#Båt,"[""subject"", ""trigger"", ""unit"", ""period"", ""limit_basis"", ""conditions"", ""level"", ""optionality"", ""provider/type/scope/version"", ""source""]","[{""finding_id"": ""GAP-5638"", ""source_fact_id"": ""SF-7989"", ""artifact"": ""catalog/sources/boat-pet/storebrand-boat-terms.pdf"", ""location"": ""§6 fysisk s11""}]",Listed signature IDs → p1-triage.csv → frozen gap/source-fact inventory; batch evidence in triage.json,PENDING_REVIEW,REQUIRED_BEFORE_IMPLEMENTATION
CR-106,Unntak / vær og gradvis,[],No exact mapping approved in the audit,CANONICAL_REVIEW_FIRST,"[""[\""storebrand\"",\""båt\"",\""ordinary\"",\""storebrand-bat-delkasko\"",\""2024-09-01\""]"", ""[\""storebrand\"",\""båt\"",\""ordinary\"",\""storebrand-bat-kasko\"",\""2024-09-01\""]"", ""[\""storebrand\"",\""båt\"",\""ordinary\"",\""storebrand-bat-super\"",\""2024-09-01\""]""]","[""Båt""]","First test exact reuse or source-bound provider-specific detail within an existing parent. A new key is allowed only if subject, trigger, unit, period or optionality would otherwise be lost or falsely equated.","Do not merge different event/subject/period/level merely to fill both sides. Existing type keys are candidates, not approved synonym mappings.","[""B-160""]","[""9a71ff5aad675d55""]","[""GAP-5636""]",existing-type-registries.json#Båt,"[""subject"", ""trigger"", ""unit"", ""period"", ""limit_basis"", ""conditions"", ""level"", ""optionality"", ""provider/type/scope/version"", ""source""]","[{""finding_id"": ""GAP-5636"", ""source_fact_id"": ""SF-7987"", ""artifact"": ""catalog/sources/boat-pet/storebrand-boat-terms.pdf"", ""location"": ""§6 fysisk s11""}]",Listed signature IDs → p1-triage.csv → frozen gap/source-fact inventory; batch evidence in triage.json,PENDING_REVIEW,REQUIRED_BEFORE_IMPLEMENTATION
CR-107,Utleie / channel,"[""bat.utleie.dekning""]",Proposed key/type/detail relationship needs explicit validation,MAPPING_REVIEW_FIRST,"[""[\""sparebank1-fremtind\"",\""båt\"",\""ordinary\"",\""sparebank1-fremtind-bat-delkasko\"",\""2024-06-10\""]"", ""[\""sparebank1-fremtind\"",\""båt\"",\""ordinary\"",\""sparebank1-fremtind-bat-kasko\"",\""2024-06-10\""]"", ""[\""sparebank1-fremtind\"",\""båt\"",\""ordinary\"",\""sparebank1-fremtind-bat-toppkasko\"",\""2024-06-10\""]""]","[""Båt""]","First test exact reuse or source-bound provider-specific detail within an existing parent. A new key is allowed only if subject, trigger, unit, period or optionality would otherwise be lost or falsely equated.","Do not merge different event/subject/period/level merely to fill both sides. Existing type keys are candidates, not approved synonym mappings.","[""B-152""]","[""bfd67e524149f024""]","[""GAP-5509""]",existing-type-registries.json#Båt,"[""subject"", ""trigger"", ""unit"", ""period"", ""limit_basis"", ""conditions"", ""level"", ""optionality"", ""provider/type/scope/version"", ""source""]","[{""finding_id"": ""GAP-5509"", ""source_fact_id"": ""SF-7833"", ""artifact"": ""catalog/sources/boat-pet/fremtind-sb1-boat-product.html"", ""location"": ""SB1Leieut""}]",Listed signature IDs → p1-triage.csv → frozen gap/source-fact inventory; batch evidence in triage.json,PENDING_REVIEW,REQUIRED_BEFORE_IMPLEMENTATION
CR-108,Utleie / condition,"[""bat.utleie.dekning""]",Proposed key/type/detail relationship needs explicit validation,MAPPING_REVIEW_FIRST,"[""[\""sparebank1-fremtind\"",\""båt\"",\""ordinary\"",\""sparebank1-fremtind-bat-delkasko\"",\""2024-06-10\""]"", ""[\""sparebank1-fremtind\"",\""båt\"",\""ordinary\"",\""sparebank1-fremtind-bat-kasko\"",\""2024-06-10\""]"", ""[\""sparebank1-fremtind\"",\""båt\"",\""ordinary\"",\""sparebank1-fremtind-bat-toppkasko\"",\""2024-06-10\""]""]","[""Båt""]","First test exact reuse or source-bound provider-specific detail within an existing parent. A new key is allowed only if subject, trigger, unit, period or optionality would otherwise be lost or falsely equated.","Do not merge different event/subject/period/level merely to fill both sides. Existing type keys are candidates, not approved synonym mappings.","[""B-152""]","[""916d5cc04b0238b8""]","[""GAP-5500""]",existing-type-registries.json#Båt,"[""subject"", ""trigger"", ""unit"", ""period"", ""limit_basis"", ""conditions"", ""level"", ""optionality"", ""provider/type/scope/version"", ""source""]","[{""finding_id"": ""GAP-5500"", ""source_fact_id"": ""SF-7824"", ""artifact"": ""catalog/sources/boat-pet/fremtind-boat-terms.pdf"", ""location"": ""Mini§3.10s4/Kasko§2.1s5""}]",Listed signature IDs → p1-triage.csv → frozen gap/source-fact inventory; batch evidence in triage.json,PENDING_REVIEW,REQUIRED_BEFORE_IMPLEMENTATION
CR-109,Utleie / valg/varighet,"[""bat.utleie.dekning""]",Proposed key/type/detail relationship needs explicit validation,MAPPING_REVIEW_FIRST,"[""[\""gjensidige\"",\""båt\"",\""ordinary\"",\""gjensidige-bat-delkasko\"",null]"", ""[\""gjensidige\"",\""båt\"",\""ordinary\"",\""gjensidige-bat-kasko\"",null]"", ""[\""gjensidige\"",\""båt\"",\""ordinary\"",\""gjensidige-bat-pluss\"",null]""]","[""Båt""]","First test exact reuse or source-bound provider-specific detail within an existing parent. A new key is allowed only if subject, trigger, unit, period or optionality would otherwise be lost or falsely equated.","Do not merge different event/subject/period/level merely to fill both sides. Existing type keys are candidates, not approved synonym mappings.","[""B-124""]","[""f04c2743048ef6f4""]","[""GAP-2748""]",existing-type-registries.json#Båt,"[""subject"", ""trigger"", ""unit"", ""period"", ""limit_basis"", ""conditions"", ""level"", ""optionality"", ""provider/type/scope/version"", ""source""]","[{""finding_id"": ""GAP-2748"", ""source_fact_id"": ""SF-3882"", ""artifact"": ""catalog/sources/boat-pet/gjensidige-boat-ipid.pdf"", ""location"": ""IPID2;FAQ""}]",Listed signature IDs → p1-triage.csv → frozen gap/source-fact inventory; batch evidence in triage.json,PENDING_REVIEW,REQUIRED_BEFORE_IMPLEMENTATION
CR-110,Utleie/bruk / vilkår,[],No exact mapping approved in the audit,CANONICAL_REVIEW_FIRST,"[""[\""if\"",\""båt\"",\""ordinary\"",\""if-bat-delkasko\"",\""2023-02-01\""]"", ""[\""if\"",\""båt\"",\""ordinary\"",\""if-bat-kasko\"",\""2023-02-01\""]"", ""[\""if\"",\""båt\"",\""ordinary\"",\""if-bat-super\"",\""2023-02-01\""]""]","[""Båt""]","First test exact reuse or source-bound provider-specific detail within an existing parent. A new key is allowed only if subject, trigger, unit, period or optionality would otherwise be lost or falsely equated.","Do not merge different event/subject/period/level merely to fill both sides. Existing type keys are candidates, not approved synonym mappings.","[""B-141""]","[""5a62b7de25f89de0""]","[""GAP-3670""]",existing-type-registries.json#Båt,"[""subject"", ""trigger"", ""unit"", ""period"", ""limit_basis"", ""conditions"", ""level"", ""optionality"", ""provider/type/scope/version"", ""source""]","[{""finding_id"": ""GAP-3670"", ""source_fact_id"": ""SF-5272"", ""artifact"": ""catalog/sources/boat-pet/if-boat-terms.pdf"", ""location"": ""8 §5.2""}]",Listed signature IDs → p1-triage.csv → frozen gap/source-fact inventory; batch evidence in triage.json,PENDING_REVIEW,REQUIRED_BEFORE_IMPLEMENTATION
CR-111,Utstyrsavgrensning / unntak,[],No exact mapping approved in the audit,CANONICAL_REVIEW_FIRST,"[""[\""frende\"",\""båt\"",\""ordinary\"",\""frende-bat-brann-og-tyveri\"",\""2026-01-01\""]"", ""[\""frende\"",\""båt\"",\""ordinary\"",\""frende-bat-kasko\"",\""2026-01-01\""]"", ""[\""frende\"",\""båt\"",\""ordinary\"",\""frende-bat-utvidet\"",\""2026-01-01\""]""]","[""Båt""]","First test exact reuse or source-bound provider-specific detail within an existing parent. A new key is allowed only if subject, trigger, unit, period or optionality would otherwise be lost or falsely equated.","Do not merge different event/subject/period/level merely to fill both sides. Existing type keys are candidates, not approved synonym mappings.","[""B-110""]","[""5707facbe53edca3""]","[""GAP-1158""]",existing-type-registries.json#Båt,"[""subject"", ""trigger"", ""unit"", ""period"", ""limit_basis"", ""conditions"", ""level"", ""optionality"", ""provider/type/scope/version"", ""source""]","[{""finding_id"": ""GAP-1158"", ""source_fact_id"": ""SF-1755"", ""artifact"": ""catalog/sources/boat-pet/frende-boat-terms.pdf"", ""location"": ""PDF side 2, punkt 3""}]",Listed signature IDs → p1-triage.csv → frozen gap/source-fact inventory; batch evidence in triage.json,PENDING_REVIEW,REQUIRED_BEFORE_IMPLEMENTATION
CR-112,Vannscooterplattform / sum/egenandel,"[""bat.plattform.grense""]",Proposed key/type/detail relationship needs explicit validation,MAPPING_REVIEW_FIRST,"[""[\""tryg\"",\""båt\"",\""ordinary\"",\""tryg-bat-bat-ekstra\"",\""2024-07-01\""]""]","[""Båt""]","First test exact reuse or source-bound provider-specific detail within an existing parent. A new key is allowed only if subject, trigger, unit, period or optionality would otherwise be lost or falsely equated.","Do not merge different event/subject/period/level merely to fill both sides. Existing type keys are candidates, not approved synonym mappings.","[""B-175""]","[""28402683a69ab576""]","[""GAP-4325""]",existing-type-registries.json#Båt,"[""subject"", ""trigger"", ""unit"", ""period"", ""limit_basis"", ""conditions"", ""level"", ""optionality"", ""provider/type/scope/version"", ""source""]","[{""finding_id"": ""GAP-4325"", ""source_fact_id"": ""SF-6175"", ""artifact"": ""catalog/sources/boat-pet/tryg-boat-extra-terms.pdf"", ""location"": ""2 §1.7""}]",Listed signature IDs → p1-triage.csv → frozen gap/source-fact inventory; batch evidence in triage.json,PENDING_REVIEW,REQUIRED_BEFORE_IMPLEMENTATION
CR-113,Vrak / trigger,"[""bat.vrakfjerning.dekning""]",Proposed key/type/detail relationship needs explicit validation,MAPPING_REVIEW_FIRST,"[""[\""sparebank1-fremtind\"",\""båt\"",\""ordinary\"",\""sparebank1-fremtind-bat-delkasko\"",\""2024-06-10\""]"", ""[\""sparebank1-fremtind\"",\""båt\"",\""ordinary\"",\""sparebank1-fremtind-bat-kasko\"",\""2024-06-10\""]"", ""[\""sparebank1-fremtind\"",\""båt\"",\""ordinary\"",\""sparebank1-fremtind-bat-toppkasko\"",\""2024-06-10\""]""]","[""Båt""]","First test exact reuse or source-bound provider-specific detail within an existing parent. A new key is allowed only if subject, trigger, unit, period or optionality would otherwise be lost or falsely equated.","Do not merge different event/subject/period/level merely to fill both sides. Existing type keys are candidates, not approved synonym mappings.","[""B-152""]","[""52ccd6d21a15dfff""]","[""GAP-5495""]",existing-type-registries.json#Båt,"[""subject"", ""trigger"", ""unit"", ""period"", ""limit_basis"", ""conditions"", ""level"", ""optionality"", ""provider/type/scope/version"", ""source""]","[{""finding_id"": ""GAP-5495"", ""source_fact_id"": ""SF-7818"", ""artifact"": ""catalog/sources/boat-pet/fremtind-boat-terms.pdf"", ""location"": ""Mini§2.7s2""}]",Listed signature IDs → p1-triage.csv → frozen gap/source-fact inventory; batch evidence in triage.json,PENDING_REVIEW,REQUIRED_BEFORE_IMPLEMENTATION
CR-114,Alarm / deductible,[],No exact mapping approved in the audit,CANONICAL_REVIEW_FIRST,"[""[\""eika-fremtind\"",\""campingvogn\"",\""ordinary\"",\""eika-fremtind-campingvogn-kasko\"",\""2024-03-21\""]"", ""[\""eika-fremtind\"",\""campingvogn\"",\""ordinary\"",\""eika-fremtind-campingvogn-minikasko\"",\""2024-03-21\""]""]","[""Campingvogn""]","First test exact reuse or source-bound provider-specific detail within an existing parent. A new key is allowed only if subject, trigger, unit, period or optionality would otherwise be lost or falsely equated.","Do not merge different event/subject/period/level merely to fill both sides. Existing type keys are candidates, not approved synonym mappings.","[""B-097""]","[""b5edb076f7528f15""]","[""GAP-5307""]",existing-type-registries.json#Campingvogn,"[""subject"", ""trigger"", ""unit"", ""period"", ""limit_basis"", ""conditions"", ""level"", ""optionality"", ""provider/type/scope/version"", ""source""]","[{""finding_id"": ""GAP-5307"", ""source_fact_id"": ""SF-7566"", ""artifact"": ""catalog/sources/vehicle-extensions/fremtind-Vilkar_Kasko_Campingvogn_og_Tilhenger.pdf"", ""location"": ""Mini§4.1s4""}]",Listed signature IDs → p1-triage.csv → frozen gap/source-fact inventory; batch evidence in triage.json,PENDING_REVIEW,REQUIRED_BEFORE_IMPLEMENTATION
CR-115,Aldersfradrag / bagasje,[],No exact mapping approved in the audit,CANONICAL_REVIEW_FIRST,"[""[\""storebrand\"",\""campingvogn\"",\""ordinary\"",\""storebrand-campingvogn-brann-og-tyveri\"",\""2026-03-01\""]"", ""[\""storebrand\"",\""campingvogn\"",\""ordinary\"",\""storebrand-campingvogn-kasko\"",\""2026-03-01\""]"", ""[\""storebrand\"",\""campingvogn\"",\""ordinary\"",\""storebrand-campingvogn-super\"",\""2026-03-01\""]""]","[""Campingvogn""]","First test exact reuse or source-bound provider-specific detail within an existing parent. A new key is allowed only if subject, trigger, unit, period or optionality would otherwise be lost or falsely equated.","Do not merge different event/subject/period/level merely to fill both sides. Existing type keys are candidates, not approved synonym mappings.","[""B-161""]","[""f4baa0c1d78adb8a""]","[""GAP-0737""]",existing-type-registries.json#Campingvogn,"[""subject"", ""trigger"", ""unit"", ""period"", ""limit_basis"", ""conditions"", ""level"", ""optionality"", ""provider/type/scope/version"", ""source""]","[{""finding_id"": ""GAP-0737"", ""source_fact_id"": ""SF-1169"", ""artifact"": ""catalog/sources/vehicle-extensions/storebrand-vilkar-campingvogn-og-tilhenger.pdf"", ""location"": ""PDF fysisk side 5 (trykt 4), 5 – tabell""}]",Listed signature IDs → p1-triage.csv → frozen gap/source-fact inventory; batch evidence in triage.json,PENDING_REVIEW,REQUIRED_BEFORE_IMPLEMENTATION
CR-116,Aldersfradrag / objects,[],No exact mapping approved in the audit,CANONICAL_REVIEW_FIRST,"[""[\""eika-fremtind\"",\""campingvogn\"",\""ordinary\"",\""eika-fremtind-campingvogn-kasko\"",\""2024-03-21\""]"", ""[\""eika-fremtind\"",\""campingvogn\"",\""ordinary\"",\""eika-fremtind-campingvogn-minikasko\"",\""2024-03-21\""]""]","[""Campingvogn""]","First test exact reuse or source-bound provider-specific detail within an existing parent. A new key is allowed only if subject, trigger, unit, period or optionality would otherwise be lost or falsely equated.","Do not merge different event/subject/period/level merely to fill both sides. Existing type keys are candidates, not approved synonym mappings.","[""B-097""]","[""e8c81a783b77994f""]","[""GAP-5305""]",existing-type-registries.json#Campingvogn,"[""subject"", ""trigger"", ""unit"", ""period"", ""limit_basis"", ""conditions"", ""level"", ""optionality"", ""provider/type/scope/version"", ""source""]","[{""finding_id"": ""GAP-5305"", ""source_fact_id"": ""SF-7564"", ""artifact"": ""catalog/sources/vehicle-extensions/fremtind-Vilkar_Kasko_Campingvogn_og_Tilhenger.pdf"", ""location"": ""Mini§3.5.3–4s3""}]",Listed signature IDs → p1-triage.csv → frozen gap/source-fact inventory; batch evidence in triage.json,PENDING_REVIEW,REQUIRED_BEFORE_IMPLEMENTATION
CR-117,Aldersfradrag / utstyr,[],No exact mapping approved in the audit,CANONICAL_REVIEW_FIRST,"[""[\""storebrand\"",\""campingvogn\"",\""ordinary\"",\""storebrand-campingvogn-brann-og-tyveri\"",\""2026-03-01\""]"", ""[\""storebrand\"",\""campingvogn\"",\""ordinary\"",\""storebrand-campingvogn-kasko\"",\""2026-03-01\""]"", ""[\""storebrand\"",\""campingvogn\"",\""ordinary\"",\""storebrand-campingvogn-super\"",\""2026-03-01\""]""]","[""Campingvogn""]","First test exact reuse or source-bound provider-specific detail within an existing parent. A new key is allowed only if subject, trigger, unit, period or optionality would otherwise be lost or falsely equated.","Do not merge different event/subject/period/level merely to fill both sides. Existing type keys are candidates, not approved synonym mappings.","[""B-161""]","[""a60b619341bb4408""]","[""GAP-0736""]",existing-type-registries.json#Campingvogn,"[""subject"", ""trigger"", ""unit"", ""period"", ""limit_basis"", ""conditions"", ""level"", ""optionality"", ""provider/type/scope/version"", ""source""]","[{""finding_id"": ""GAP-0736"", ""source_fact_id"": ""SF-1168"", ""artifact"": ""catalog/sources/vehicle-extensions/storebrand-vilkar-campingvogn-og-tilhenger.pdf"", ""location"": ""PDF fysisk side 4 (trykt 3), 5""}]",Listed signature IDs → p1-triage.csv → frozen gap/source-fact inventory; batch evidence in triage.json,PENDING_REVIEW,REQUIRED_BEFORE_IMPLEMENTATION
CR-118,Ansvar / trekkvogn,[],No exact mapping approved in the audit,CANONICAL_REVIEW_FIRST,"[""[\""storebrand\"",\""campingvogn\"",\""ordinary\"",\""storebrand-campingvogn-brann-og-tyveri\"",\""2026-03-01\""]"", ""[\""storebrand\"",\""campingvogn\"",\""ordinary\"",\""storebrand-campingvogn-kasko\"",\""2026-03-01\""]"", ""[\""storebrand\"",\""campingvogn\"",\""ordinary\"",\""storebrand-campingvogn-super\"",\""2026-03-01\""]""]","[""Campingvogn""]","First test exact reuse or source-bound provider-specific detail within an existing parent. A new key is allowed only if subject, trigger, unit, period or optionality would otherwise be lost or falsely equated.","Do not merge different event/subject/period/level merely to fill both sides. Existing type keys are candidates, not approved synonym mappings.","[""B-161""]","[""02b9f34f8a551e3e""]","[""GAP-0731""]",existing-type-registries.json#Campingvogn,"[""subject"", ""trigger"", ""unit"", ""period"", ""limit_basis"", ""conditions"", ""level"", ""optionality"", ""provider/type/scope/version"", ""source""]","[{""finding_id"": ""GAP-0731"", ""source_fact_id"": ""SF-1162"", ""artifact"": ""catalog/sources/vehicle-extensions/storebrand-campingvognforsikring.html"", ""location"": ""Produktside FAQ""}]",Listed signature IDs → p1-triage.csv → frozen gap/source-fact inventory; batch evidence in triage.json,PENDING_REVIEW,REQUIRED_BEFORE_IMPLEMENTATION
CR-119,Bruksbegrensninger / aktivitet,[],No exact mapping approved in the audit,CANONICAL_REVIEW_FIRST,"[""[\""frende\"",\""campingvogn\"",\""ordinary\"",\""frende-campingvogn-brann-og-tyveri\"",\""2026-01-01\""]"", ""[\""frende\"",\""campingvogn\"",\""ordinary\"",\""frende-campingvogn-kasko\"",\""2026-01-01\""]""]","[""Campingvogn""]","First test exact reuse or source-bound provider-specific detail within an existing parent. A new key is allowed only if subject, trigger, unit, period or optionality would otherwise be lost or falsely equated.","Do not merge different event/subject/period/level merely to fill both sides. Existing type keys are candidates, not approved synonym mappings.","[""B-112""]","[""ea77778473b49c45""]","[""GAP-1732""]",existing-type-registries.json#Campingvogn,"[""subject"", ""trigger"", ""unit"", ""period"", ""limit_basis"", ""conditions"", ""level"", ""optionality"", ""provider/type/scope/version"", ""source""]","[{""finding_id"": ""GAP-1732"", ""source_fact_id"": ""SF-2516"", ""artifact"": ""catalog/sources/vehicle-extensions/frende-CaravanInsurance.pdf"", ""location"": ""PDF 13–14 §16""}]",Listed signature IDs → p1-triage.csv → frozen gap/source-fact inventory; batch evidence in triage.json,PENDING_REVIEW,REQUIRED_BEFORE_IMPLEMENTATION
CR-120,Egenandel / valgbare nivåer,"[""campingvogn.egenandel.valg""]",Proposed key/type/detail relationship needs explicit validation,MAPPING_REVIEW_FIRST,"[""[\""frende\"",\""campingvogn\"",\""ordinary\"",\""frende-campingvogn-brann-og-tyveri\"",\""2026-01-01\""]"", ""[\""frende\"",\""campingvogn\"",\""ordinary\"",\""frende-campingvogn-kasko\"",\""2026-01-01\""]""]","[""Campingvogn""]","First test exact reuse or source-bound provider-specific detail within an existing parent. A new key is allowed only if subject, trigger, unit, period or optionality would otherwise be lost or falsely equated.","Do not merge different event/subject/period/level merely to fill both sides. Existing type keys are candidates, not approved synonym mappings.","[""B-111""]","[""8dea80792cf51a10""]","[""GAP-1737""]",existing-type-registries.json#Campingvogn,"[""subject"", ""trigger"", ""unit"", ""period"", ""limit_basis"", ""conditions"", ""level"", ""optionality"", ""provider/type/scope/version"", ""source""]","[{""finding_id"": ""GAP-1737"", ""source_fact_id"": ""SF-2525"", ""artifact"": ""catalog/sources/vehicle-extensions/frende-campingvognforsikring.html"", ""location"": ""HTML FAQ egenandel""}]",Listed signature IDs → p1-triage.csv → frozen gap/source-fact inventory; batch evidence in triage.json,PENDING_REVIEW,REQUIRED_BEFORE_IMPLEMENTATION
CR-121,Elektronikk / fradrag,"[""campingvogn.utstyr.aldersfradrag""]",Proposed key/type/detail relationship needs explicit validation,MAPPING_REVIEW_FIRST,"[""[\""tryg\"",\""campingvogn\"",\""ordinary\"",\""tryg-campingvogn-brann\"",\""2026-01-01\""]"", ""[\""tryg\"",\""campingvogn\"",\""ordinary\"",\""tryg-campingvogn-brann-og-tyveri\"",\""2026-01-01\""]"", ""[\""tryg\"",\""campingvogn\"",\""ordinary\"",\""tryg-campingvogn-campingvogn-ekstra\"",\""2026-01-01\""]"", ""[\""tryg\"",\""campingvogn\"",\""ordinary\"",\""tryg-campingvogn-kasko\"",\""2026-01-01\""]""]","[""Campingvogn""]","First test exact reuse or source-bound provider-specific detail within an existing parent. A new key is allowed only if subject, trigger, unit, period or optionality would otherwise be lost or falsely equated.","Do not merge different event/subject/period/level merely to fill both sides. Existing type keys are candidates, not approved synonym mappings.","[""B-176""]","[""bba365603809837d""]","[""GAP-4143""]",existing-type-registries.json#Campingvogn,"[""subject"", ""trigger"", ""unit"", ""period"", ""limit_basis"", ""conditions"", ""level"", ""optionality"", ""provider/type/scope/version"", ""source""]","[{""finding_id"": ""GAP-4143"", ""source_fact_id"": ""SF-5940"", ""artifact"": ""catalog/sources/vehicle-extensions/tryg-odpdf-543856fa.pdf"", ""location"": ""§3.3""}]",Listed signature IDs → p1-triage.csv → frozen gap/source-fact inventory; batch evidence in triage.json,PENDING_REVIEW,REQUIRED_BEFORE_IMPLEMENTATION
CR-122,Ferieavbrudd / limits,"[""campingvogn.ferieavbrudd.dekning"", ""campingvogn.ferieavbrudd.dager"", ""campingvogn.ferieavbrudd.dagsgrense""]",Proposed key/type/detail relationship needs explicit validation,MAPPING_REVIEW_FIRST,"[""[\""eika-fremtind\"",\""campingvogn\"",\""ordinary\"",\""eika-fremtind-campingvogn-kasko\"",\""2024-03-21\""]""]","[""Campingvogn""]","First test exact reuse or source-bound provider-specific detail within an existing parent. A new key is allowed only if subject, trigger, unit, period or optionality would otherwise be lost or falsely equated.","Do not merge different event/subject/period/level merely to fill both sides. Existing type keys are candidates, not approved synonym mappings.","[""B-096""]","[""abad1d63f65f2bcf""]","[""GAP-5320""]",existing-type-registries.json#Campingvogn,"[""subject"", ""trigger"", ""unit"", ""period"", ""limit_basis"", ""conditions"", ""level"", ""optionality"", ""provider/type/scope/version"", ""source""]","[{""finding_id"": ""GAP-5320"", ""source_fact_id"": ""SF-7580"", ""artifact"": ""catalog/sources/vehicle-extensions/fremtind-Vilkar_Kasko_Campingvogn_og_Tilhenger.pdf"", ""location"": ""Kasko§1.2s4–5""}]",Listed signature IDs → p1-triage.csv → frozen gap/source-fact inventory; batch evidence in triage.json,PENDING_REVIEW,REQUIRED_BEFORE_IMPLEMENTATION
CR-123,Fjerning / utoversum,"[""campingvogn.fjerning.grense""]",Proposed key/type/detail relationship needs explicit validation,MAPPING_REVIEW_FIRST,"[""[\""tryg\"",\""campingvogn\"",\""ordinary\"",\""tryg-campingvogn-brann\"",\""2026-01-01\""]"", ""[\""tryg\"",\""campingvogn\"",\""ordinary\"",\""tryg-campingvogn-brann-og-tyveri\"",\""2026-01-01\""]"", ""[\""tryg\"",\""campingvogn\"",\""ordinary\"",\""tryg-campingvogn-campingvogn-ekstra\"",\""2026-01-01\""]"", ""[\""tryg\"",\""campingvogn\"",\""ordinary\"",\""tryg-campingvogn-kasko\"",\""2026-01-01\""]""]","[""Campingvogn""]","First test exact reuse or source-bound provider-specific detail within an existing parent. A new key is allowed only if subject, trigger, unit, period or optionality would otherwise be lost or falsely equated.","Do not merge different event/subject/period/level merely to fill both sides. Existing type keys are candidates, not approved synonym mappings.","[""B-176""]","[""1a568053722532e7""]","[""GAP-4144""]",existing-type-registries.json#Campingvogn,"[""subject"", ""trigger"", ""unit"", ""period"", ""limit_basis"", ""conditions"", ""level"", ""optionality"", ""provider/type/scope/version"", ""source""]","[{""finding_id"": ""GAP-4144"", ""source_fact_id"": ""SF-5941"", ""artifact"": ""catalog/sources/vehicle-extensions/tryg-odpdf-543856fa.pdf"", ""location"": ""§3.4""}]",Listed signature IDs → p1-triage.csv → frozen gap/source-fact inventory; batch evidence in triage.json,PENDING_REVIEW,REQUIRED_BEFORE_IMPLEMENTATION
CR-124,Fysisk skade / unntak,[],No exact mapping approved in the audit,CANONICAL_REVIEW_FIRST,"[""[\""gjensidige\"",\""campingvogn\"",\""ordinary\"",\""gjensidige-campingvogn-delkasko\"",null]"", ""[\""gjensidige\"",\""campingvogn\"",\""ordinary\"",\""gjensidige-campingvogn-kasko\"",null]"", ""[\""gjensidige\"",\""campingvogn\"",\""ordinary\"",\""gjensidige-campingvogn-pluss\"",null]""]","[""Campingvogn""]","First test exact reuse or source-bound provider-specific detail within an existing parent. A new key is allowed only if subject, trigger, unit, period or optionality would otherwise be lost or falsely equated.","Do not merge different event/subject/period/level merely to fill both sides. Existing type keys are candidates, not approved synonym mappings.","[""B-127""]","[""077d4cd0cf98ccec""]","[""GAP-2647""]",existing-type-registries.json#Campingvogn,"[""subject"", ""trigger"", ""unit"", ""period"", ""limit_basis"", ""conditions"", ""level"", ""optionality"", ""provider/type/scope/version"", ""source""]","[{""finding_id"": ""GAP-2647"", ""source_fact_id"": ""SF-3758"", ""artifact"": ""catalog/sources/vehicle-extensions/gjensidige-Campingvogn-Delkasko-alminnelige-vilkar.pdf"", ""location"": ""3""}]",Listed signature IDs → p1-triage.csv → frozen gap/source-fact inventory; batch evidence in triage.json,PENDING_REVIEW,REQUIRED_BEFORE_IMPLEMENTATION
CR-125,Løsøre / sumutvidelse,[],No exact mapping approved in the audit,CANONICAL_REVIEW_FIRST,"[""[\""storebrand\"",\""campingvogn\"",\""ordinary\"",\""storebrand-campingvogn-brann-og-tyveri\"",\""2026-03-01\""]"", ""[\""storebrand\"",\""campingvogn\"",\""ordinary\"",\""storebrand-campingvogn-kasko\"",\""2026-03-01\""]"", ""[\""storebrand\"",\""campingvogn\"",\""ordinary\"",\""storebrand-campingvogn-super\"",\""2026-03-01\""]""]","[""Campingvogn""]","First test exact reuse or source-bound provider-specific detail within an existing parent. A new key is allowed only if subject, trigger, unit, period or optionality would otherwise be lost or falsely equated.","Do not merge different event/subject/period/level merely to fill both sides. Existing type keys are candidates, not approved synonym mappings.","[""B-161""]","[""08561dffbceec151""]","[""GAP-0735""]",existing-type-registries.json#Campingvogn,"[""subject"", ""trigger"", ""unit"", ""period"", ""limit_basis"", ""conditions"", ""level"", ""optionality"", ""provider/type/scope/version"", ""source""]","[{""finding_id"": ""GAP-0735"", ""source_fact_id"": ""SF-1167"", ""artifact"": ""catalog/sources/vehicle-extensions/storebrand-vilkar-campingvogn-og-tilhenger.pdf"", ""location"": ""PDF fysisk side 4 (trykt 3), 5 +produktside""}]",Listed signature IDs → p1-triage.csv → frozen gap/source-fact inventory; batch evidence in triage.json,PENDING_REVIEW,REQUIRED_BEFORE_IMPLEMENTATION
CR-126,Nyverdi / conditions,"[""campingvogn.nyverdi.dekning"", ""campingvogn.nyverdi.alder"", ""campingvogn.nyverdi.skadegrad""]",Proposed key/type/detail relationship needs explicit validation,MAPPING_REVIEW_FIRST,"[""[\""eika-fremtind\"",\""campingvogn\"",\""ordinary\"",\""eika-fremtind-campingvogn-kasko\"",\""2024-03-21\""]"", ""[\""eika-fremtind\"",\""campingvogn\"",\""ordinary\"",\""eika-fremtind-campingvogn-minikasko\"",\""2024-03-21\""]""]","[""Campingvogn""]","First test exact reuse or source-bound provider-specific detail within an existing parent. A new key is allowed only if subject, trigger, unit, period or optionality would otherwise be lost or falsely equated.","Do not merge different event/subject/period/level merely to fill both sides. Existing type keys are candidates, not approved synonym mappings.","[""B-096""]","[""7c2beb43fe4221af""]","[""GAP-5303""]",existing-type-registries.json#Campingvogn,"[""subject"", ""trigger"", ""unit"", ""period"", ""limit_basis"", ""conditions"", ""level"", ""optionality"", ""provider/type/scope/version"", ""source""]","[{""finding_id"": ""GAP-5303"", ""source_fact_id"": ""SF-7562"", ""artifact"": ""catalog/sources/vehicle-extensions/fremtind-Vilkar_Kasko_Campingvogn_og_Tilhenger.pdf"", ""location"": ""Mini§3.2s2""}]",Listed signature IDs → p1-triage.csv → frozen gap/source-fact inventory; batch evidence in triage.json,PENDING_REVIEW,REQUIRED_BEFORE_IMPLEMENTATION
CR-127,Oppgjør / kosmetikk/reparasjon,[],No exact mapping approved in the audit,CANONICAL_REVIEW_FIRST,"[""[\""storebrand\"",\""campingvogn\"",\""ordinary\"",\""storebrand-campingvogn-brann-og-tyveri\"",\""2026-03-01\""]"", ""[\""storebrand\"",\""campingvogn\"",\""ordinary\"",\""storebrand-campingvogn-kasko\"",\""2026-03-01\""]"", ""[\""storebrand\"",\""campingvogn\"",\""ordinary\"",\""storebrand-campingvogn-super\"",\""2026-03-01\""]""]","[""Campingvogn""]","First test exact reuse or source-bound provider-specific detail within an existing parent. A new key is allowed only if subject, trigger, unit, period or optionality would otherwise be lost or falsely equated.","Do not merge different event/subject/period/level merely to fill both sides. Existing type keys are candidates, not approved synonym mappings.","[""B-161""]","[""067b09a0b831d8b6""]","[""GAP-0748""]",existing-type-registries.json#Campingvogn,"[""subject"", ""trigger"", ""unit"", ""period"", ""limit_basis"", ""conditions"", ""level"", ""optionality"", ""provider/type/scope/version"", ""source""]","[{""finding_id"": ""GAP-0748"", ""source_fact_id"": ""SF-1180"", ""artifact"": ""catalog/sources/vehicle-extensions/storebrand-vilkar-campingvogn-og-tilhenger.pdf"", ""location"": ""PDF fysisk side 11 (trykt 10), 9.2""}]",Listed signature IDs → p1-triage.csv → frozen gap/source-fact inventory; batch evidence in triage.json,PENDING_REVIEW,REQUIRED_BEFORE_IMPLEMENTATION
CR-128,Oppgjør / markedsverdi/tap,[],No exact mapping approved in the audit,CANONICAL_REVIEW_FIRST,"[""[\""frende\"",\""campingvogn\"",\""ordinary\"",\""frende-campingvogn-brann-og-tyveri\"",\""2026-01-01\""]"", ""[\""frende\"",\""campingvogn\"",\""ordinary\"",\""frende-campingvogn-kasko\"",\""2026-01-01\""]""]","[""Campingvogn""]","First test exact reuse or source-bound provider-specific detail within an existing parent. A new key is allowed only if subject, trigger, unit, period or optionality would otherwise be lost or falsely equated.","Do not merge different event/subject/period/level merely to fill both sides. Existing type keys are candidates, not approved synonym mappings.","[""B-112""]","[""b94c1286ff6ec6e3""]","[""GAP-1731""]",existing-type-registries.json#Campingvogn,"[""subject"", ""trigger"", ""unit"", ""period"", ""limit_basis"", ""conditions"", ""level"", ""optionality"", ""provider/type/scope/version"", ""source""]","[{""finding_id"": ""GAP-1731"", ""source_fact_id"": ""SF-2515"", ""artifact"": ""catalog/sources/vehicle-extensions/frende-CaravanInsurance.pdf"", ""location"": ""PDF 7–8 §11.6""}]",Listed signature IDs → p1-triage.csv → frozen gap/source-fact inventory; batch evidence in triage.json,PENDING_REVIEW,REQUIRED_BEFORE_IMPLEMENTATION
CR-129,Reparasjon / oppgjør,"[""campingvogn.reparasjon.kontant""]",Proposed key/type/detail relationship needs explicit validation,MAPPING_REVIEW_FIRST,"[""[\""tryg\"",\""campingvogn\"",\""ordinary\"",\""tryg-campingvogn-brann\"",\""2026-01-01\""]"", ""[\""tryg\"",\""campingvogn\"",\""ordinary\"",\""tryg-campingvogn-brann-og-tyveri\"",\""2026-01-01\""]"", ""[\""tryg\"",\""campingvogn\"",\""ordinary\"",\""tryg-campingvogn-campingvogn-ekstra\"",\""2026-01-01\""]"", ""[\""tryg\"",\""campingvogn\"",\""ordinary\"",\""tryg-campingvogn-kasko\"",\""2026-01-01\""]""]","[""Campingvogn""]","First test exact reuse or source-bound provider-specific detail within an existing parent. A new key is allowed only if subject, trigger, unit, period or optionality would otherwise be lost or falsely equated.","Do not merge different event/subject/period/level merely to fill both sides. Existing type keys are candidates, not approved synonym mappings.","[""B-176""]","[""07243506421cec5e""]","[""GAP-4141""]",existing-type-registries.json#Campingvogn,"[""subject"", ""trigger"", ""unit"", ""period"", ""limit_basis"", ""conditions"", ""level"", ""optionality"", ""provider/type/scope/version"", ""source""]","[{""finding_id"": ""GAP-4141"", ""source_fact_id"": ""SF-5937"", ""artifact"": ""catalog/sources/vehicle-extensions/tryg-odpdf-543856fa.pdf"", ""location"": ""§3.2""}]",Listed signature IDs → p1-triage.csv → frozen gap/source-fact inventory; batch evidence in triage.json,PENDING_REVIEW,REQUIRED_BEFORE_IMPLEMENTATION
CR-130,Rettshjelp / egenandel,[],No exact mapping approved in the audit,CANONICAL_REVIEW_FIRST,"[""[\""storebrand\"",\""campingvogn\"",\""ordinary\"",\""storebrand-campingvogn-brann-og-tyveri\"",\""2026-03-01\""]"", ""[\""storebrand\"",\""campingvogn\"",\""ordinary\"",\""storebrand-campingvogn-kasko\"",\""2026-03-01\""]"", ""[\""storebrand\"",\""campingvogn\"",\""ordinary\"",\""storebrand-campingvogn-super\"",\""2026-03-01\""]""]","[""Campingvogn""]","First test exact reuse or source-bound provider-specific detail within an existing parent. A new key is allowed only if subject, trigger, unit, period or optionality would otherwise be lost or falsely equated.","Do not merge different event/subject/period/level merely to fill both sides. Existing type keys are candidates, not approved synonym mappings.","[""B-161""]","[""fe47b5910d63b29c""]","[""GAP-0751""]",existing-type-registries.json#Campingvogn,"[""subject"", ""trigger"", ""unit"", ""period"", ""limit_basis"", ""conditions"", ""level"", ""optionality"", ""provider/type/scope/version"", ""source""]","[{""finding_id"": ""GAP-0751"", ""source_fact_id"": ""SF-1183"", ""artifact"": ""catalog/sources/vehicle-extensions/storebrand-vilkar-campingvogn-og-tilhenger.pdf"", ""location"": ""PDF fysisk side 15 (trykt 14), 10.6""}]",Listed signature IDs → p1-triage.csv → frozen gap/source-fact inventory; batch evidence in triage.json,PENDING_REVIEW,REQUIRED_BEFORE_IMPLEMENTATION
CR-131,Rettshjelp / unntak,[],No exact mapping approved in the audit,CANONICAL_REVIEW_FIRST,"[""[\""storebrand\"",\""campingvogn\"",\""ordinary\"",\""storebrand-campingvogn-brann-og-tyveri\"",\""2026-03-01\""]"", ""[\""storebrand\"",\""campingvogn\"",\""ordinary\"",\""storebrand-campingvogn-kasko\"",\""2026-03-01\""]"", ""[\""storebrand\"",\""campingvogn\"",\""ordinary\"",\""storebrand-campingvogn-super\"",\""2026-03-01\""]""]","[""Campingvogn""]","First test exact reuse or source-bound provider-specific detail within an existing parent. A new key is allowed only if subject, trigger, unit, period or optionality would otherwise be lost or falsely equated.","Do not merge different event/subject/period/level merely to fill both sides. Existing type keys are candidates, not approved synonym mappings.","[""B-161""]","[""bf0b01cbff9d4de1""]","[""GAP-0752""]",existing-type-registries.json#Campingvogn,"[""subject"", ""trigger"", ""unit"", ""period"", ""limit_basis"", ""conditions"", ""level"", ""optionality"", ""provider/type/scope/version"", ""source""]","[{""finding_id"": ""GAP-0752"", ""source_fact_id"": ""SF-1184"", ""artifact"": ""catalog/sources/vehicle-extensions/storebrand-vilkar-campingvogn-og-tilhenger.pdf"", ""location"": ""PDF fysisk side 14 (trykt 13), 10.4""}]",Listed signature IDs → p1-triage.csv → frozen gap/source-fact inventory; batch evidence in triage.json,PENDING_REVIEW,REQUIRED_BEFORE_IMPLEMENTATION
CR-132,Tegning / alder,[],No exact mapping approved in the audit,CANONICAL_REVIEW_FIRST,"[""[\""gjensidige\"",\""campingvogn\"",\""ordinary\"",\""gjensidige-campingvogn-pluss\"",null]""]","[""Campingvogn""]","First test exact reuse or source-bound provider-specific detail within an existing parent. A new key is allowed only if subject, trigger, unit, period or optionality would otherwise be lost or falsely equated.","Do not merge different event/subject/period/level merely to fill both sides. Existing type keys are candidates, not approved synonym mappings.","[""B-127""]","[""71e953cc21881c70""]","[""GAP-2694""]",existing-type-registries.json#Campingvogn,"[""subject"", ""trigger"", ""unit"", ""period"", ""limit_basis"", ""conditions"", ""level"", ""optionality"", ""provider/type/scope/version"", ""source""]","[{""finding_id"": ""GAP-2694"", ""source_fact_id"": ""SF-3815"", ""artifact"": ""catalog/sources/vehicle-extensions/gjensidige-campingvognforsikring.html"", ""location"": ""produktnivåPluss""}]",Listed signature IDs → p1-triage.csv → frozen gap/source-fact inventory; batch evidence in triage.json,PENDING_REVIEW,REQUIRED_BEFORE_IMPLEMENTATION
CR-133,Tegning / forutsetning,[],No exact mapping approved in the audit,CANONICAL_REVIEW_FIRST,"[""[\""storebrand\"",\""campingvogn\"",\""ordinary\"",\""storebrand-campingvogn-brann-og-tyveri\"",\""2026-03-01\""]"", ""[\""storebrand\"",\""campingvogn\"",\""ordinary\"",\""storebrand-campingvogn-kasko\"",\""2026-03-01\""]"", ""[\""storebrand\"",\""campingvogn\"",\""ordinary\"",\""storebrand-campingvogn-super\"",\""2026-03-01\""]""]","[""Campingvogn""]","First test exact reuse or source-bound provider-specific detail within an existing parent. A new key is allowed only if subject, trigger, unit, period or optionality would otherwise be lost or falsely equated.","Do not merge different event/subject/period/level merely to fill both sides. Existing type keys are candidates, not approved synonym mappings.","[""B-161""]","[""604d044d53f5c952""]","[""GAP-0729""]",existing-type-registries.json#Campingvogn,"[""subject"", ""trigger"", ""unit"", ""period"", ""limit_basis"", ""conditions"", ""level"", ""optionality"", ""provider/type/scope/version"", ""source""]","[{""finding_id"": ""GAP-0729"", ""source_fact_id"": ""SF-1159"", ""artifact"": ""catalog/sources/vehicle-extensions/storebrand-campingvognforsikring.html"", ""location"": ""Produktsider/FAQ""}]",Listed signature IDs → p1-triage.csv → frozen gap/source-fact inventory; batch evidence in triage.json,PENDING_REVIEW,REQUIRED_BEFORE_IMPLEMENTATION
CR-134,Tilbygg / rigging,[],No exact mapping approved in the audit,CANONICAL_REVIEW_FIRST,"[""[\""eika-fremtind\"",\""campingvogn\"",\""ordinary\"",\""eika-fremtind-campingvogn-kasko\"",\""2024-03-21\""]"", ""[\""eika-fremtind\"",\""campingvogn\"",\""ordinary\"",\""eika-fremtind-campingvogn-minikasko\"",\""2024-03-21\""]""]","[""Campingvogn""]","First test exact reuse or source-bound provider-specific detail within an existing parent. A new key is allowed only if subject, trigger, unit, period or optionality would otherwise be lost or falsely equated.","Do not merge different event/subject/period/level merely to fill both sides. Existing type keys are candidates, not approved synonym mappings.","[""B-097""]","[""2376af1c31759f40""]","[""GAP-5306""]",existing-type-registries.json#Campingvogn,"[""subject"", ""trigger"", ""unit"", ""period"", ""limit_basis"", ""conditions"", ""level"", ""optionality"", ""provider/type/scope/version"", ""source""]","[{""finding_id"": ""GAP-5306"", ""source_fact_id"": ""SF-7565"", ""artifact"": ""catalog/sources/vehicle-extensions/fremtind-Vilkar_Kasko_Campingvogn_og_Tilhenger.pdf"", ""location"": ""Mini§3.5.4s3""}]",Listed signature IDs → p1-triage.csv → frozen gap/source-fact inventory; batch evidence in triage.json,PENDING_REVIEW,REQUIRED_BEFORE_IMPLEMENTATION
CR-135,Tilbygg / riving/rydding,[],No exact mapping approved in the audit,CANONICAL_REVIEW_FIRST,"[""[\""gjensidige\"",\""campingvogn\"",\""ordinary\"",\""gjensidige-campingvogn-delkasko\"",null]"", ""[\""gjensidige\"",\""campingvogn\"",\""ordinary\"",\""gjensidige-campingvogn-kasko\"",null]"", ""[\""gjensidige\"",\""campingvogn\"",\""ordinary\"",\""gjensidige-campingvogn-pluss\"",null]""]","[""Campingvogn""]","First test exact reuse or source-bound provider-specific detail within an existing parent. A new key is allowed only if subject, trigger, unit, period or optionality would otherwise be lost or falsely equated.","Do not merge different event/subject/period/level merely to fill both sides. Existing type keys are candidates, not approved synonym mappings.","[""B-127""]","[""00cafffaf0b720c4""]","[""GAP-2643""]",existing-type-registries.json#Campingvogn,"[""subject"", ""trigger"", ""unit"", ""period"", ""limit_basis"", ""conditions"", ""level"", ""optionality"", ""provider/type/scope/version"", ""source""]","[{""finding_id"": ""GAP-2643"", ""source_fact_id"": ""SF-3754"", ""artifact"": ""catalog/sources/vehicle-extensions/gjensidige-Campingvogn-Delkasko-alminnelige-vilkar.pdf"", ""location"": ""PDF8""}]",Listed signature IDs → p1-triage.csv → frozen gap/source-fact inventory; batch evidence in triage.json,PENDING_REVIEW,REQUIRED_BEFORE_IMPLEMENTATION
CR-136,Tilbygg / sum og nivåspørsmål,"[""campingvogn.tilbygg.dekning"", ""campingvogn.tilbygg.grense""]",Proposed key/type/detail relationship needs explicit validation,MAPPING_REVIEW_FIRST,"[""[\""if\"",\""campingvogn\"",\""ordinary\"",\""if-campingvogn-kasko\"",\""2024-03\""]"", ""[\""if\"",\""campingvogn\"",\""ordinary\"",\""if-campingvogn-super\"",\""2024-03\""]""]","[""Campingvogn""]","First test exact reuse or source-bound provider-specific detail within an existing parent. A new key is allowed only if subject, trigger, unit, period or optionality would otherwise be lost or falsely equated.","Do not merge different event/subject/period/level merely to fill both sides. Existing type keys are candidates, not approved synonym mappings.","[""B-142""]","[""8c09c7a6637935a6""]","[""GAP-3260""]",existing-type-registries.json#Campingvogn,"[""subject"", ""trigger"", ""unit"", ""period"", ""limit_basis"", ""conditions"", ""level"", ""optionality"", ""provider/type/scope/version"", ""source""]","[{""finding_id"": ""GAP-3260"", ""source_fact_id"": ""SF-4597"", ""artifact"": ""catalog/sources/mc-bobil/if-SV707.pdf"", ""location"": ""2 pkt1""}]",Listed signature IDs → p1-triage.csv → frozen gap/source-fact inventory; batch evidence in triage.json,PENDING_REVIEW,REQUIRED_BEFORE_IMPLEMENTATION
CR-137,Tilbygg / valgbar høyere sum,"[""campingvogn.tilbygg.grense""]",Proposed key/type/detail relationship needs explicit validation,MAPPING_REVIEW_FIRST,"[""[\""if\"",\""campingvogn\"",\""ordinary\"",\""if-campingvogn-kasko\"",\""2024-03\""]"", ""[\""if\"",\""campingvogn\"",\""ordinary\"",\""if-campingvogn-super\"",\""2024-03\""]""]","[""Campingvogn""]","First test exact reuse or source-bound provider-specific detail within an existing parent. A new key is allowed only if subject, trigger, unit, period or optionality would otherwise be lost or falsely equated.","Do not merge different event/subject/period/level merely to fill both sides. Existing type keys are candidates, not approved synonym mappings.","[""B-142""]","[""bc570d1662e0477a""]","[""GAP-3267""]",existing-type-registries.json#Campingvogn,"[""subject"", ""trigger"", ""unit"", ""period"", ""limit_basis"", ""conditions"", ""level"", ""optionality"", ""provider/type/scope/version"", ""source""]","[{""finding_id"": ""GAP-3267"", ""source_fact_id"": ""SF-4604"", ""artifact"": ""catalog/sources/vehicle-extensions/if-campingvognforsikring.html"", ""location"": ""Tilleggsdekning for spikertelt og tilbygg""}]",Listed signature IDs → p1-triage.csv → frozen gap/source-fact inventory; batch evidence in triage.json,PENDING_REVIEW,REQUIRED_BEFORE_IMPLEMENTATION
CR-138,Underslag / avtaltutleie,"[""campingvogn.utleie.dekning""]",Proposed key/type/detail relationship needs explicit validation,MAPPING_REVIEW_FIRST,"[""[\""tryg\"",\""campingvogn\"",\""ordinary\"",\""tryg-campingvogn-brann-og-tyveri\"",\""2026-01-01\""]"", ""[\""tryg\"",\""campingvogn\"",\""ordinary\"",\""tryg-campingvogn-campingvogn-ekstra\"",\""2026-01-01\""]"", ""[\""tryg\"",\""campingvogn\"",\""ordinary\"",\""tryg-campingvogn-kasko\"",\""2026-01-01\""]""]","[""Campingvogn""]","First test exact reuse or source-bound provider-specific detail within an existing parent. A new key is allowed only if subject, trigger, unit, period or optionality would otherwise be lost or falsely equated.","Do not merge different event/subject/period/level merely to fill both sides. Existing type keys are candidates, not approved synonym mappings.","[""B-176""]","[""b0f313b3f14a15e6""]","[""GAP-4155""]",existing-type-registries.json#Campingvogn,"[""subject"", ""trigger"", ""unit"", ""period"", ""limit_basis"", ""conditions"", ""level"", ""optionality"", ""provider/type/scope/version"", ""source""]","[{""finding_id"": ""GAP-4155"", ""source_fact_id"": ""SF-5957"", ""artifact"": ""catalog/sources/vehicle-extensions/tryg-odpdf-05b2538c.pdf"", ""location"": ""1–2 §2.2""}]",Listed signature IDs → p1-triage.csv → frozen gap/source-fact inventory; batch evidence in triage.json,PENDING_REVIEW,REQUIRED_BEFORE_IMPLEMENTATION
CR-139,Utleie / egenandel,"[""campingvogn.utleie.egenandel""]",Proposed key/type/detail relationship needs explicit validation,MAPPING_REVIEW_FIRST,"[""[\""if\"",\""campingvogn\"",\""ordinary\"",\""if-campingvogn-delkasko\"",\""2024-03\""]"", ""[\""if\"",\""campingvogn\"",\""ordinary\"",\""if-campingvogn-kasko\"",\""2024-03\""]"", ""[\""if\"",\""campingvogn\"",\""ordinary\"",\""if-campingvogn-super\"",\""2024-03\""]""]","[""Campingvogn""]","First test exact reuse or source-bound provider-specific detail within an existing parent. A new key is allowed only if subject, trigger, unit, period or optionality would otherwise be lost or falsely equated.","Do not merge different event/subject/period/level merely to fill both sides. Existing type keys are candidates, not approved synonym mappings.","[""B-142""]","[""a9764bc59d15fe4d""]","[""GAP-3240""]",existing-type-registries.json#Campingvogn,"[""subject"", ""trigger"", ""unit"", ""period"", ""limit_basis"", ""conditions"", ""level"", ""optionality"", ""provider/type/scope/version"", ""source""]","[{""finding_id"": ""GAP-3240"", ""source_fact_id"": ""SF-4571"", ""artifact"": ""catalog/sources/mc-bobil/if-SV707.pdf"", ""location"": ""5 pkt6.2.1""}]",Listed signature IDs → p1-triage.csv → frozen gap/source-fact inventory; batch evidence in triage.json,PENDING_REVIEW,REQUIRED_BEFORE_IMPLEMENTATION
CR-140,Utleie / ekstra egenandel,"[""campingvogn.utleie.egenandel""]",Proposed key/type/detail relationship needs explicit validation,MAPPING_REVIEW_FIRST,"[""[\""frende\"",\""campingvogn\"",\""ordinary\"",\""frende-campingvogn-brann-og-tyveri\"",\""2026-01-01\""]"", ""[\""frende\"",\""campingvogn\"",\""ordinary\"",\""frende-campingvogn-kasko\"",\""2026-01-01\""]""]","[""Campingvogn""]","First test exact reuse or source-bound provider-specific detail within an existing parent. A new key is allowed only if subject, trigger, unit, period or optionality would otherwise be lost or falsely equated.","Do not merge different event/subject/period/level merely to fill both sides. Existing type keys are candidates, not approved synonym mappings.","[""B-111""]","[""0ef8f1b24e78bebc""]","[""GAP-1738""]",existing-type-registries.json#Campingvogn,"[""subject"", ""trigger"", ""unit"", ""period"", ""limit_basis"", ""conditions"", ""level"", ""optionality"", ""provider/type/scope/version"", ""source""]","[{""finding_id"": ""GAP-1738"", ""source_fact_id"": ""SF-2526"", ""artifact"": ""catalog/sources/vehicle-extensions/frende-CaravanInsurance.pdf"", ""location"": ""PDF9 §11.11""}]",Listed signature IDs → p1-triage.csv → frozen gap/source-fact inventory; batch evidence in triage.json,PENDING_REVIEW,REQUIRED_BEFORE_IMPLEMENTATION
CR-141,Utleie / tilleggsegenandel,[],No exact mapping approved in the audit,CANONICAL_REVIEW_FIRST,"[""[\""frende\"",\""campingvogn\"",\""ordinary\"",\""frende-campingvogn-brann-og-tyveri\"",\""2026-01-01\""]"", ""[\""frende\"",\""campingvogn\"",\""ordinary\"",\""frende-campingvogn-kasko\"",\""2026-01-01\""]""]","[""Campingvogn""]","First test exact reuse or source-bound provider-specific detail within an existing parent. A new key is allowed only if subject, trigger, unit, period or optionality would otherwise be lost or falsely equated.","Do not merge different event/subject/period/level merely to fill both sides. Existing type keys are candidates, not approved synonym mappings.","[""B-112""]","[""16814c7b68c282f2""]","[""GAP-0118""]",existing-type-registries.json#Campingvogn,"[""subject"", ""trigger"", ""unit"", ""period"", ""limit_basis"", ""conditions"", ""level"", ""optionality"", ""provider/type/scope/version"", ""source""]","[{""finding_id"": ""GAP-0118"", ""source_fact_id"": ""SF-0198"", ""artifact"": ""catalog/sources/vehicle-extensions/frende-CaravanInsurance.pdf"", ""location"": ""PDF side 9, 11.11 Utleid bobil/campingvogn""}]",Listed signature IDs → p1-triage.csv → frozen gap/source-fact inventory; batch evidence in triage.json,PENDING_REVIEW,REQUIRED_BEFORE_IMPLEMENTATION
CR-142,Utleie / valg,"[""campingvogn.utleie.dekning""]",Proposed key/type/detail relationship needs explicit validation,MAPPING_REVIEW_FIRST,"[""[\""gjensidige\"",\""campingvogn\"",\""ordinary\"",\""gjensidige-campingvogn-delkasko\"",null]"", ""[\""gjensidige\"",\""campingvogn\"",\""ordinary\"",\""gjensidige-campingvogn-kasko\"",null]"", ""[\""gjensidige\"",\""campingvogn\"",\""ordinary\"",\""gjensidige-campingvogn-pluss\"",null]""]","[""Campingvogn""]","First test exact reuse or source-bound provider-specific detail within an existing parent. A new key is allowed only if subject, trigger, unit, period or optionality would otherwise be lost or falsely equated.","Do not merge different event/subject/period/level merely to fill both sides. Existing type keys are candidates, not approved synonym mappings.","[""B-126""]","[""3cd1117a6400ff68""]","[""GAP-2644""]",existing-type-registries.json#Campingvogn,"[""subject"", ""trigger"", ""unit"", ""period"", ""limit_basis"", ""conditions"", ""level"", ""optionality"", ""provider/type/scope/version"", ""source""]","[{""finding_id"": ""GAP-2644"", ""source_fact_id"": ""SF-3755"", ""artifact"": ""catalog/sources/vehicle-extensions/gjensidige-campingvognforsikring.html"", ""location"": ""FAQutleie""}]",Listed signature IDs → p1-triage.csv → frozen gap/source-fact inventory; batch evidence in triage.json,PENDING_REVIEW,REQUIRED_BEFORE_IMPLEMENTATION
CR-143,Utleie/næring / særavtale,[],No exact mapping approved in the audit,CANONICAL_REVIEW_FIRST,"[""[\""storebrand\"",\""campingvogn\"",\""ordinary\"",\""storebrand-campingvogn-brann-og-tyveri\"",\""2026-03-01\""]"", ""[\""storebrand\"",\""campingvogn\"",\""ordinary\"",\""storebrand-campingvogn-kasko\"",\""2026-03-01\""]"", ""[\""storebrand\"",\""campingvogn\"",\""ordinary\"",\""storebrand-campingvogn-super\"",\""2026-03-01\""]""]","[""Campingvogn""]","First test exact reuse or source-bound provider-specific detail within an existing parent. A new key is allowed only if subject, trigger, unit, period or optionality would otherwise be lost or falsely equated.","Do not merge different event/subject/period/level merely to fill both sides. Existing type keys are candidates, not approved synonym mappings.","[""B-161""]","[""ddbbd0ae4e63cf06""]","[""GAP-0743""]",existing-type-registries.json#Campingvogn,"[""subject"", ""trigger"", ""unit"", ""period"", ""limit_basis"", ""conditions"", ""level"", ""optionality"", ""provider/type/scope/version"", ""source""]","[{""finding_id"": ""GAP-0743"", ""source_fact_id"": ""SF-1175"", ""artifact"": ""catalog/sources/vehicle-extensions/storebrand-vilkar-campingvogn-og-tilhenger.pdf"", ""location"": ""PDF fysisk side 8 (trykt 7), 7/13–14""}]",Listed signature IDs → p1-triage.csv → frozen gap/source-fact inventory; batch evidence in triage.json,PENDING_REVIEW,REQUIRED_BEFORE_IMPLEMENTATION
CR-144,Utstyr / fastmontert,[],No exact mapping approved in the audit,CANONICAL_REVIEW_FIRST,"[""[\""storebrand\"",\""campingvogn\"",\""ordinary\"",\""storebrand-campingvogn-brann-og-tyveri\"",\""2026-03-01\""]"", ""[\""storebrand\"",\""campingvogn\"",\""ordinary\"",\""storebrand-campingvogn-kasko\"",\""2026-03-01\""]"", ""[\""storebrand\"",\""campingvogn\"",\""ordinary\"",\""storebrand-campingvogn-super\"",\""2026-03-01\""]""]","[""Campingvogn""]","First test exact reuse or source-bound provider-specific detail within an existing parent. A new key is allowed only if subject, trigger, unit, period or optionality would otherwise be lost or falsely equated.","Do not merge different event/subject/period/level merely to fill both sides. Existing type keys are candidates, not approved synonym mappings.","[""B-161""]","[""17c00a0663eac535""]","[""GAP-0732""]",existing-type-registries.json#Campingvogn,"[""subject"", ""trigger"", ""unit"", ""period"", ""limit_basis"", ""conditions"", ""level"", ""optionality"", ""provider/type/scope/version"", ""source""]","[{""finding_id"": ""GAP-0732"", ""source_fact_id"": ""SF-1163"", ""artifact"": ""catalog/sources/vehicle-extensions/storebrand-vilkar-campingvogn-og-tilhenger.pdf"", ""location"": ""PDF fysisk side 4 (trykt 3), 5""}]",Listed signature IDs → p1-triage.csv → frozen gap/source-fact inventory; batch evidence in triage.json,PENDING_REVIEW,REQUIRED_BEFORE_IMPLEMENTATION
CR-145,Veihjelp / egenandel,"[""campingvogn.veihjelp.egenandel""]",Proposed key/type/detail relationship needs explicit validation,MAPPING_REVIEW_FIRST,"[""[\""if\"",\""campingvogn\"",\""ordinary\"",\""if-campingvogn-delkasko\"",\""2024-03\""]"", ""[\""if\"",\""campingvogn\"",\""ordinary\"",\""if-campingvogn-kasko\"",\""2024-03\""]"", ""[\""if\"",\""campingvogn\"",\""ordinary\"",\""if-campingvogn-super\"",\""2024-03\""]""]","[""Campingvogn""]","First test exact reuse or source-bound provider-specific detail within an existing parent. A new key is allowed only if subject, trigger, unit, period or optionality would otherwise be lost or falsely equated.","Do not merge different event/subject/period/level merely to fill both sides. Existing type keys are candidates, not approved synonym mappings.","[""B-142""]","[""f8851d8c0ec2beae""]","[""GAP-3232""]",existing-type-registries.json#Campingvogn,"[""subject"", ""trigger"", ""unit"", ""period"", ""limit_basis"", ""conditions"", ""level"", ""optionality"", ""provider/type/scope/version"", ""source""]","[{""finding_id"": ""GAP-3232"", ""source_fact_id"": ""SF-4560"", ""artifact"": ""catalog/sources/vehicle-extensions/if-Vilkaar-4103ea25.pdf"", ""location"": ""19 pkt8.5.6;20 pkt9.4""}]",Listed signature IDs → p1-triage.csv → frozen gap/source-fact inventory; batch evidence in triage.json,PENDING_REVIEW,REQUIRED_BEFORE_IMPLEMENTATION
CR-146,Veihjelp / utløsning,"[""campingvogn.veihjelp.dekning""]",Proposed key/type/detail relationship needs explicit validation,MAPPING_REVIEW_FIRST,"[""[\""if\"",\""campingvogn\"",\""ordinary\"",\""if-campingvogn-delkasko\"",\""2024-03\""]"", ""[\""if\"",\""campingvogn\"",\""ordinary\"",\""if-campingvogn-kasko\"",\""2024-03\""]"", ""[\""if\"",\""campingvogn\"",\""ordinary\"",\""if-campingvogn-super\"",\""2024-03\""]""]","[""Campingvogn""]","First test exact reuse or source-bound provider-specific detail within an existing parent. A new key is allowed only if subject, trigger, unit, period or optionality would otherwise be lost or falsely equated.","Do not merge different event/subject/period/level merely to fill both sides. Existing type keys are candidates, not approved synonym mappings.","[""B-142""]","[""feb78b4e484e37ad""]","[""GAP-3230""]",existing-type-registries.json#Campingvogn,"[""subject"", ""trigger"", ""unit"", ""period"", ""limit_basis"", ""conditions"", ""level"", ""optionality"", ""provider/type/scope/version"", ""source""]","[{""finding_id"": ""GAP-3230"", ""source_fact_id"": ""SF-4558"", ""artifact"": ""catalog/sources/vehicle-extensions/if-Vilkaar-4103ea25.pdf"", ""location"": ""5–6 pkt4.7""}]",Listed signature IDs → p1-triage.csv → frozen gap/source-fact inventory; batch evidence in triage.json,PENDING_REVIEW,REQUIRED_BEFORE_IMPLEMENTATION
CR-147,Vær / egenandel,"[""campingvogn.kasko.var""]",Proposed key/type/detail relationship needs explicit validation,MAPPING_REVIEW_FIRST,"[""[\""tryg\"",\""campingvogn\"",\""ordinary\"",\""tryg-campingvogn-campingvogn-ekstra\"",\""2026-01-01\""]"", ""[\""tryg\"",\""campingvogn\"",\""ordinary\"",\""tryg-campingvogn-kasko\"",\""2026-01-01\""]""]","[""Campingvogn""]","First test exact reuse or source-bound provider-specific detail within an existing parent. A new key is allowed only if subject, trigger, unit, period or optionality would otherwise be lost or falsely equated.","Do not merge different event/subject/period/level merely to fill both sides. Existing type keys are candidates, not approved synonym mappings.","[""B-176""]","[""1276be5aab4fc540""]","[""GAP-4176""]",existing-type-registries.json#Campingvogn,"[""subject"", ""trigger"", ""unit"", ""period"", ""limit_basis"", ""conditions"", ""level"", ""optionality"", ""provider/type/scope/version"", ""source""]","[{""finding_id"": ""GAP-4176"", ""source_fact_id"": ""SF-5984"", ""artifact"": ""catalog/sources/vehicle-extensions/tryg-odpdf-03ff0533.pdf"", ""location"": ""2 §2.1""}]",Listed signature IDs → p1-triage.csv → frozen gap/source-fact inventory; batch evidence in triage.json,PENDING_REVIEW,REQUIRED_BEFORE_IMPLEMENTATION
CR-148,Andre leddlidelser / egen kvalifikasjon,[],No exact mapping approved in the audit,CANONICAL_REVIEW_FIRST,"[""[\""storebrand\"",\""hund\"",\""ordinary\"",\""storebrand-hund-veterin-r\"",\""2025-02-01\""]"", ""[\""storebrand\"",\""hund\"",\""ordinary\"",\""storebrand-hund-veterin-r-og-d-dsfall\"",\""2025-02-01\""]""]","[""Hund""]","First test exact reuse or source-bound provider-specific detail within an existing parent. A new key is allowed only if subject, trigger, unit, period or optionality would otherwise be lost or falsely equated.","Do not merge different event/subject/period/level merely to fill both sides. Existing type keys are candidates, not approved synonym mappings.","[""B-162""]","[""d4487959fff6bbe6""]","[""GAP-0158""]",existing-type-registries.json#Hund,"[""subject"", ""trigger"", ""unit"", ""period"", ""limit_basis"", ""conditions"", ""level"", ""optionality"", ""provider/type/scope/version"", ""source""]","[{""finding_id"": ""GAP-0158"", ""source_fact_id"": ""SF-0280"", ""artifact"": ""catalog/sources/boat-pet/storebrand-pet-terms.pdf"", ""location"": ""PDF side 7, B.4.2""}]",Listed signature IDs → p1-triage.csv → frozen gap/source-fact inventory; batch evidence in triage.json,PENDING_REVIEW,REQUIRED_BEFORE_IMPLEMENTATION
CR-149,Andre unntak / materielle,[],No exact mapping approved in the audit,CANONICAL_REVIEW_FIRST,"[""[\""gjensidige\"",\""hund\"",\""ordinary\"",\""gjensidige-hund-behandling\"",null]""]","[""Hund""]","First test exact reuse or source-bound provider-specific detail within an existing parent. A new key is allowed only if subject, trigger, unit, period or optionality would otherwise be lost or falsely equated.","Do not merge different event/subject/period/level merely to fill both sides. Existing type keys are candidates, not approved synonym mappings.","[""B-129""]","[""803704e504a38d6e""]","[""GAP-2887""]",existing-type-registries.json#Hund,"[""subject"", ""trigger"", ""unit"", ""period"", ""limit_basis"", ""conditions"", ""level"", ""optionality"", ""provider/type/scope/version"", ""source""]","[{""finding_id"": ""GAP-2887"", ""source_fact_id"": ""SF-4039"", ""artifact"": ""catalog/sources/boat-pet/gjensidige-dog-treatment-terms.pdf"", ""location"": ""2–3""}]",Listed signature IDs → p1-triage.csv → frozen gap/source-fact inventory; batch evidence in triage.json,PENDING_REVIEW,REQUIRED_BEFORE_IMPLEMENTATION
CR-150,Ansvar / ikkeomfattet,[],No exact mapping approved in the audit,CANONICAL_REVIEW_FIRST,"[""[\""frende\"",\""hund\"",\""ordinary\"",\""frende-hund-veterin-r\"",\""2026-01-01\""]""]","[""Hund""]","First test exact reuse or source-bound provider-specific detail within an existing parent. A new key is allowed only if subject, trigger, unit, period or optionality would otherwise be lost or falsely equated.","Do not merge different event/subject/period/level merely to fill both sides. Existing type keys are candidates, not approved synonym mappings.","[""B-113""]","[""a0d353a196122d16""]","[""GAP-1283""]",existing-type-registries.json#Hund,"[""subject"", ""trigger"", ""unit"", ""period"", ""limit_basis"", ""conditions"", ""level"", ""optionality"", ""provider/type/scope/version"", ""source""]","[{""finding_id"": ""GAP-1283"", ""source_fact_id"": ""SF-1900"", ""artifact"": ""catalog/sources/boat-pet/frende-dog-product.html"", ""location"": ""HTMLFAQ""}]",Listed signature IDs → p1-triage.csv → frozen gap/source-fact inventory; batch evidence in triage.json,PENDING_REVIEW,REQUIRED_BEFORE_IMPLEMENTATION
CR-151,Artrose / lifetime,[],No exact mapping approved in the audit,CANONICAL_REVIEW_FIRST,"[""[\""sparebank1-fremtind\"",\""hund\"",\""ordinary\"",\""sparebank1-fremtind-hund-veterin-r\"",\""2025-08-07\""]""]","[""Hund""]","First test exact reuse or source-bound provider-specific detail within an existing parent. A new key is allowed only if subject, trigger, unit, period or optionality would otherwise be lost or falsely equated.","Do not merge different event/subject/period/level merely to fill both sides. Existing type keys are candidates, not approved synonym mappings.","[""B-155""]","[""65ee26665f2f51e1""]","[""GAP-5583""]",existing-type-registries.json#Hund,"[""subject"", ""trigger"", ""unit"", ""period"", ""limit_basis"", ""conditions"", ""level"", ""optionality"", ""provider/type/scope/version"", ""source""]","[{""finding_id"": ""GAP-5583"", ""source_fact_id"": ""SF-7926"", ""artifact"": ""catalog/sources/boat-pet/fremtind-dog-vet-terms.pdf"", ""location"": ""§7s1""}]",Listed signature IDs → p1-triage.csv → frozen gap/source-fact inventory; batch evidence in triage.json,PENDING_REVIEW,REQUIRED_BEFORE_IMPLEMENTATION
CR-152,Arvelige/medfødte lidelser / unntak og kvalifikasjon,[],No exact mapping approved in the audit,CANONICAL_REVIEW_FIRST,"[""[\""storebrand\"",\""hund\"",\""ordinary\"",\""storebrand-hund-veterin-r\"",\""2025-02-01\""]"", ""[\""storebrand\"",\""hund\"",\""ordinary\"",\""storebrand-hund-veterin-r-og-d-dsfall\"",\""2025-02-01\""]""]","[""Hund""]","First test exact reuse or source-bound provider-specific detail within an existing parent. A new key is allowed only if subject, trigger, unit, period or optionality would otherwise be lost or falsely equated.","Do not merge different event/subject/period/level merely to fill both sides. Existing type keys are candidates, not approved synonym mappings.","[""B-162""]","[""f19e467d04a444e9""]","[""GAP-0156""]",existing-type-registries.json#Hund,"[""subject"", ""trigger"", ""unit"", ""period"", ""limit_basis"", ""conditions"", ""level"", ""optionality"", ""provider/type/scope/version"", ""source""]","[{""finding_id"": ""GAP-0156"", ""source_fact_id"": ""SF-0278"", ""artifact"": ""catalog/sources/boat-pet/storebrand-pet-terms.pdf"", ""location"": ""PDF side 7, B.4.2""}]",Listed signature IDs → p1-triage.csv → frozen gap/source-fact inventory; batch evidence in triage.json,PENDING_REVIEW,REQUIRED_BEFORE_IMPLEMENTATION
CR-153,Avliving / sum,[],No exact mapping approved in the audit,CANONICAL_REVIEW_FIRST,"[""[\""sparebank1-fremtind\"",\""hund\"",\""ordinary\"",\""sparebank1-fremtind-hund-veterin-r\"",\""2025-08-07\""]""]","[""Hund""]","First test exact reuse or source-bound provider-specific detail within an existing parent. A new key is allowed only if subject, trigger, unit, period or optionality would otherwise be lost or falsely equated.","Do not merge different event/subject/period/level merely to fill both sides. Existing type keys are candidates, not approved synonym mappings.","[""B-155""]","[""546a81031a2285c7""]","[""GAP-5585""]",existing-type-registries.json#Hund,"[""subject"", ""trigger"", ""unit"", ""period"", ""limit_basis"", ""conditions"", ""level"", ""optionality"", ""provider/type/scope/version"", ""source""]","[{""finding_id"": ""GAP-5585"", ""source_fact_id"": ""SF-7928"", ""artifact"": ""catalog/sources/boat-pet/fremtind-dog-vet-terms.pdf"", ""location"": ""§7s1""}]",Listed signature IDs → p1-triage.csv → frozen gap/source-fact inventory; batch evidence in triage.json,PENDING_REVIEW,REQUIRED_BEFORE_IMPLEMENTATION
CR-154,Avliving / sum/vilkår,[],No exact mapping approved in the audit,CANONICAL_REVIEW_FIRST,"[""[\""frende\"",\""hund\"",\""ordinary\"",\""frende-hund-veterin-r\"",\""2026-01-01\""]""]","[""Hund""]","First test exact reuse or source-bound provider-specific detail within an existing parent. A new key is allowed only if subject, trigger, unit, period or optionality would otherwise be lost or falsely equated.","Do not merge different event/subject/period/level merely to fill both sides. Existing type keys are candidates, not approved synonym mappings.","[""B-113""]","[""837a83c1fe56761d""]","[""GAP-1260""]",existing-type-registries.json#Hund,"[""subject"", ""trigger"", ""unit"", ""period"", ""limit_basis"", ""conditions"", ""level"", ""optionality"", ""provider/type/scope/version"", ""source""]","[{""finding_id"": ""GAP-1260"", ""source_fact_id"": ""SF-1875"", ""artifact"": ""catalog/sources/boat-pet/frende-dog-terms.pdf"", ""location"": ""PDFside2punkt4.1""}]",Listed signature IDs → p1-triage.csv → frozen gap/source-fact inventory; batch evidence in triage.json,PENDING_REVIEW,REQUIRED_BEFORE_IMPLEMENTATION
CR-155,Avliving / vilkår og alder,[],No exact mapping approved in the audit,CANONICAL_REVIEW_FIRST,"[""[\""storebrand\"",\""hund\"",\""ordinary\"",\""storebrand-hund-veterin-r\"",\""2025-02-01\""]"", ""[\""storebrand\"",\""hund\"",\""ordinary\"",\""storebrand-hund-veterin-r-og-d-dsfall\"",\""2025-02-01\""]""]","[""Hund""]","First test exact reuse or source-bound provider-specific detail within an existing parent. A new key is allowed only if subject, trigger, unit, period or optionality would otherwise be lost or falsely equated.","Do not merge different event/subject/period/level merely to fill both sides. Existing type keys are candidates, not approved synonym mappings.","[""B-162""]","[""91380a44ec7a5c94""]","[""GAP-0150""]",existing-type-registries.json#Hund,"[""subject"", ""trigger"", ""unit"", ""period"", ""limit_basis"", ""conditions"", ""level"", ""optionality"", ""provider/type/scope/version"", ""source""]","[{""finding_id"": ""GAP-0150"", ""source_fact_id"": ""SF-0272"", ""artifact"": ""catalog/sources/boat-pet/storebrand-pet-terms.pdf"", ""location"": ""PDF side 6, B.4.1.7""}]",Listed signature IDs → p1-triage.csv → frozen gap/source-fact inventory; batch evidence in triage.json,PENDING_REVIEW,REQUIRED_BEFORE_IMPLEMENTATION
CR-156,Avliving/kremering / sum/aldersvilkår,"[""dyr.avlivning.grense""]",Proposed key/type/detail relationship needs explicit validation,MAPPING_REVIEW_FIRST,"[""[\""gjensidige\"",\""hund\"",\""ordinary\"",\""gjensidige-hund-behandling\"",null]""]","[""Hund""]","First test exact reuse or source-bound provider-specific detail within an existing parent. A new key is allowed only if subject, trigger, unit, period or optionality would otherwise be lost or falsely equated.","Do not merge different event/subject/period/level merely to fill both sides. Existing type keys are candidates, not approved synonym mappings.","[""B-128""]","[""a1bd779b652a6317""]","[""GAP-2882""]",existing-type-registries.json#Hund,"[""subject"", ""trigger"", ""unit"", ""period"", ""limit_basis"", ""conditions"", ""level"", ""optionality"", ""provider/type/scope/version"", ""source""]","[{""finding_id"": ""GAP-2882"", ""source_fact_id"": ""SF-4034"", ""artifact"": ""catalog/sources/boat-pet/gjensidige-dog-treatment-terms.pdf"", ""location"": ""1–3""}]",Listed signature IDs → p1-triage.csv → frozen gap/source-fact inventory; batch evidence in triage.json,PENDING_REVIEW,REQUIRED_BEFORE_IMPLEMENTATION
CR-157,Avlivning / aldersgrense,"[""dyr.avlivning.dekning""]",Proposed key/type/detail relationship needs explicit validation,MAPPING_REVIEW_FIRST,"[""[\""if\"",\""hund\"",\""ordinary\"",\""if-hund-basis\"",\""2022-12-01\""]"", ""[\""if\"",\""hund\"",\""ordinary\"",\""if-hund-standard\"",\""2022-12-01\""]"", ""[\""if\"",\""hund\"",\""ordinary\"",\""if-hund-super\"",\""2022-12-01\""]""]","[""Hund""]","First test exact reuse or source-bound provider-specific detail within an existing parent. A new key is allowed only if subject, trigger, unit, period or optionality would otherwise be lost or falsely equated.","Do not merge different event/subject/period/level merely to fill both sides. Existing type keys are candidates, not approved synonym mappings.","[""B-143""]","[""be69fca5759be0f6""]","[""GAP-3777""]",existing-type-registries.json#Hund,"[""subject"", ""trigger"", ""unit"", ""period"", ""limit_basis"", ""conditions"", ""level"", ""optionality"", ""provider/type/scope/version"", ""source""]","[{""finding_id"": ""GAP-3777"", ""source_fact_id"": ""SF-5394"", ""artifact"": ""catalog/sources/boat-pet/if-dog-terms.pdf"", ""location"": ""5 §5.1.8""}]",Listed signature IDs → p1-triage.csv → frozen gap/source-fact inventory; batch evidence in triage.json,PENDING_REVIEW,REQUIRED_BEFORE_IMPLEMENTATION
CR-158,Avlivning / behandling,"[""dyr.avlivning.dekning""]",Proposed key/type/detail relationship needs explicit validation,MAPPING_REVIEW_FIRST,"[""[\""tryg\"",\""hund\"",\""ordinary\"",\""tryg-hund-behandling\"",\""2026-09-01\""]""]","[""Hund""]","First test exact reuse or source-bound provider-specific detail within an existing parent. A new key is allowed only if subject, trigger, unit, period or optionality would otherwise be lost or falsely equated.","Do not merge different event/subject/period/level merely to fill both sides. Existing type keys are candidates, not approved synonym mappings.","[""B-177""]","[""b9620e9af567eb43""]","[""GAP-4340""]",existing-type-registries.json#Hund,"[""subject"", ""trigger"", ""unit"", ""period"", ""limit_basis"", ""conditions"", ""level"", ""optionality"", ""provider/type/scope/version"", ""source""]","[{""finding_id"": ""GAP-4340"", ""source_fact_id"": ""SF-6192"", ""artifact"": ""catalog/sources/boat-pet/tryg-dog-treatment-terms.pdf"", ""location"": ""1 §3""}]",Listed signature IDs → p1-triage.csv → frozen gap/source-fact inventory; batch evidence in triage.json,PENDING_REVIEW,REQUIRED_BEFORE_IMPLEMENTATION
CR-159,Behandlingsunntak / hormon/organ,[],No exact mapping approved in the audit,CANONICAL_REVIEW_FIRST,"[""[\""gjensidige\"",\""hund\"",\""ordinary\"",\""gjensidige-hund-behandling\"",null]""]","[""Hund""]","First test exact reuse or source-bound provider-specific detail within an existing parent. A new key is allowed only if subject, trigger, unit, period or optionality would otherwise be lost or falsely equated.","Do not merge different event/subject/period/level merely to fill both sides. Existing type keys are candidates, not approved synonym mappings.","[""B-129""]","[""bdc4eb058ae17219""]","[""GAP-2886""]",existing-type-registries.json#Hund,"[""subject"", ""trigger"", ""unit"", ""period"", ""limit_basis"", ""conditions"", ""level"", ""optionality"", ""provider/type/scope/version"", ""source""]","[{""finding_id"": ""GAP-2886"", ""source_fact_id"": ""SF-4038"", ""artifact"": ""catalog/sources/boat-pet/gjensidige-dog-treatment-terms.pdf"", ""location"": ""2""}]",Listed signature IDs → p1-triage.csv → frozen gap/source-fact inventory; batch evidence in triage.json,PENDING_REVIEW,REQUIRED_BEFORE_IMPLEMENTATION
CR-160,Bruk / dependency,"[""hund.bruksverdi.dekning""]","CatalogAddOn.requiresLevel addresses main level, not selected Liv add-on; Katt Bruk additionally lacks its own component.",CANONICAL_REVIEW_FIRST,"[""[\""gjensidige\"",\""hund\"",\""ordinary\"",\""gjensidige-hund-behandling\"",null]""]","[""Hund""]","Review narrow explicit add-on dependency versus source-correct package composition; never silently select Liv. Only proven current structural gap here, not a general schema rewrite.","Do not merge different event/subject/period/level merely to fill both sides. Existing type keys are candidates, not approved synonym mappings.","[""B-022""]","[""3327dc0e4134e2c5""]","[""GAP-2900""]",existing-type-registries.json#Hund,"[""subject"", ""trigger"", ""unit"", ""period"", ""limit_basis"", ""conditions"", ""level"", ""optionality"", ""provider/type/scope/version"", ""source""]","[{""finding_id"": ""GAP-2900"", ""source_fact_id"": ""SF-4052"", ""artifact"": ""catalog/sources/boat-pet/gjensidige-dog-product.html"", ""location"": ""Liv/Bruk""}]",Listed signature IDs → p1-triage.csv → frozen gap/source-fact inventory; batch evidence in triage.json,PENDING_REVIEW,REQUIRED_BEFORE_IMPLEMENTATION
CR-161,Bruk / opphør,"[""hund.bruksverdi.opphor""]",Proposed key/type/detail relationship needs explicit validation,MAPPING_REVIEW_FIRST,"[""[\""gjensidige\"",\""hund\"",\""ordinary\"",\""gjensidige-hund-behandling\"",null]""]","[""Hund""]","First test exact reuse or source-bound provider-specific detail within an existing parent. A new key is allowed only if subject, trigger, unit, period or optionality would otherwise be lost or falsely equated.","Do not merge different event/subject/period/level merely to fill both sides. Existing type keys are candidates, not approved synonym mappings.","[""B-128""]","[""5701f588e72ca6c3""]","[""GAP-2903""]",existing-type-registries.json#Hund,"[""subject"", ""trigger"", ""unit"", ""period"", ""limit_basis"", ""conditions"", ""level"", ""optionality"", ""provider/type/scope/version"", ""source""]","[{""finding_id"": ""GAP-2903"", ""source_fact_id"": ""SF-4055"", ""artifact"": ""catalog/sources/boat-pet/gjensidige-dog-life-use-terms.pdf"", ""location"": ""dog3/cat2""}]",Listed signature IDs → p1-triage.csv → frozen gap/source-fact inventory; batch evidence in triage.json,PENDING_REVIEW,REQUIRED_BEFORE_IMPLEMENTATION
CR-162,Bruksverdi / Tap-componenttilknytning,"[""hund.bruksverdi.dekning"", ""hund.bruksverdi.grense""]",Proposed key/type/detail relationship needs explicit validation,MAPPING_REVIEW_FIRST,"[""[\""frende\"",\""hund\"",\""ordinary\"",\""frende-hund-veterin-r\"",\""2026-01-01\""]""]","[""Hund""]","First test exact reuse or source-bound provider-specific detail within an existing parent. A new key is allowed only if subject, trigger, unit, period or optionality would otherwise be lost or falsely equated.","Do not merge different event/subject/period/level merely to fill both sides. Existing type keys are candidates, not approved synonym mappings.","[""B-018""]","[""461c6c588118df04""]","[""GAP-1284""]",existing-type-registries.json#Hund,"[""subject"", ""trigger"", ""unit"", ""period"", ""limit_basis"", ""conditions"", ""level"", ""optionality"", ""provider/type/scope/version"", ""source""]","[{""finding_id"": ""GAP-1284"", ""source_fact_id"": ""SF-1902"", ""artifact"": ""catalog/sources/boat-pet/frende-dog-terms.pdf"", ""location"": ""PDFside3–4 punkt7/8.4""}]",Listed signature IDs → p1-triage.csv → frozen gap/source-fact inventory; batch evidence in triage.json,PENDING_REVIEW,REQUIRED_BEFORE_IMPLEMENTATION
CR-163,Bruksverdi / andel/alder/definisjon,"[""dyr.bruksverdi.dekning""]",Proposed key/type/detail relationship needs explicit validation,MAPPING_REVIEW_FIRST,"[""[\""if\"",\""hund\"",\""ordinary\"",\""if-hund-basis\"",\""2022-12-01\""]"", ""[\""if\"",\""hund\"",\""ordinary\"",\""if-hund-standard\"",\""2022-12-01\""]"", ""[\""if\"",\""hund\"",\""ordinary\"",\""if-hund-super\"",\""2022-12-01\""]""]","[""Hund""]","First test exact reuse or source-bound provider-specific detail within an existing parent. A new key is allowed only if subject, trigger, unit, period or optionality would otherwise be lost or falsely equated.","Do not merge different event/subject/period/level merely to fill both sides. Existing type keys are candidates, not approved synonym mappings.","[""B-143""]","[""bce7740765a583ff""]","[""GAP-3784""]",existing-type-registries.json#Hund,"[""subject"", ""trigger"", ""unit"", ""period"", ""limit_basis"", ""conditions"", ""level"", ""optionality"", ""provider/type/scope/version"", ""source""]","[{""finding_id"": ""GAP-3784"", ""source_fact_id"": ""SF-5401"", ""artifact"": ""catalog/sources/boat-pet/if-dog-terms.pdf"", ""location"": ""3 §1.1;6 §5.2.4""}]",Listed signature IDs → p1-triage.csv → frozen gap/source-fact inventory; batch evidence in triage.json,PENDING_REVIEW,REQUIRED_BEFORE_IMPLEMENTATION
CR-164,Bruksverdi / sum,"[""dyr.bruksverdi.grense""]",Proposed key/type/detail relationship needs explicit validation,MAPPING_REVIEW_FIRST,"[""[\""tryg\"",\""hund\"",\""ordinary\"",\""tryg-hund-behandling\"",\""2026-09-01\""]""]","[""Hund""]","First test exact reuse or source-bound provider-specific detail within an existing parent. A new key is allowed only if subject, trigger, unit, period or optionality would otherwise be lost or falsely equated.","Do not merge different event/subject/period/level merely to fill both sides. Existing type keys are candidates, not approved synonym mappings.","[""B-177""]","[""020ccc5cb66f94f9""]","[""GAP-4358""]",existing-type-registries.json#Hund,"[""subject"", ""trigger"", ""unit"", ""period"", ""limit_basis"", ""conditions"", ""level"", ""optionality"", ""provider/type/scope/version"", ""source""]","[{""finding_id"": ""GAP-4358"", ""source_fact_id"": ""SF-6210"", ""artifact"": ""catalog/sources/boat-pet/tryg-dog-life-terms.pdf"", ""location"": ""2 §3""}]",Listed signature IDs → p1-triage.csv → frozen gap/source-fact inventory; batch evidence in triage.json,PENDING_REVIEW,REQUIRED_BEFORE_IMPLEMENTATION
CR-165,Bruksverdi / vilkår,"[""dyr.bruksverdi.dekning""]",Proposed key/type/detail relationship needs explicit validation,MAPPING_REVIEW_FIRST,"[""[\""tryg\"",\""hund\"",\""ordinary\"",\""tryg-hund-behandling\"",\""2026-09-01\""]""]","[""Hund""]","First test exact reuse or source-bound provider-specific detail within an existing parent. A new key is allowed only if subject, trigger, unit, period or optionality would otherwise be lost or falsely equated.","Do not merge different event/subject/period/level merely to fill both sides. Existing type keys are candidates, not approved synonym mappings.","[""B-177""]","[""41f1e2535852f2cb""]","[""GAP-4357""]",existing-type-registries.json#Hund,"[""subject"", ""trigger"", ""unit"", ""period"", ""limit_basis"", ""conditions"", ""level"", ""optionality"", ""provider/type/scope/version"", ""source""]","[{""finding_id"": ""GAP-4357"", ""source_fact_id"": ""SF-6209"", ""artifact"": ""catalog/sources/boat-pet/tryg-dog-life-terms.pdf"", ""location"": ""1–2 §2""}]",Listed signature IDs → p1-triage.csv → frozen gap/source-fact inventory; batch evidence in triage.json,PENDING_REVIEW,REQUIRED_BEFORE_IMPLEMENTATION
CR-166,Dødsfall / egenandel,[],No exact mapping approved in the audit,CANONICAL_REVIEW_FIRST,"[""[\""storebrand\"",\""hund\"",\""ordinary\"",\""storebrand-hund-d-dsfall\"",\""2025-02-01\""]"", ""[\""storebrand\"",\""hund\"",\""ordinary\"",\""storebrand-hund-veterin-r-og-d-dsfall\"",\""2025-02-01\""]""]","[""Hund""]","First test exact reuse or source-bound provider-specific detail within an existing parent. A new key is allowed only if subject, trigger, unit, period or optionality would otherwise be lost or falsely equated.","Do not merge different event/subject/period/level merely to fill both sides. Existing type keys are candidates, not approved synonym mappings.","[""B-162""]","[""ecbc3c8e809bdbd7""]","[""GAP-0194""]",existing-type-registries.json#Hund,"[""subject"", ""trigger"", ""unit"", ""period"", ""limit_basis"", ""conditions"", ""level"", ""optionality"", ""provider/type/scope/version"", ""source""]","[{""finding_id"": ""GAP-0194"", ""source_fact_id"": ""SF-0327"", ""artifact"": ""catalog/sources/boat-pet/storebrand-pet-terms.pdf"", ""location"": ""PDF side 3, B.3""}]",Listed signature IDs → p1-triage.csv → frozen gap/source-fact inventory; batch evidence in triage.json,PENDING_REVIEW,REQUIRED_BEFORE_IMPLEMENTATION
CR-167,Dødsfall / geografisk omfang,[],No exact mapping approved in the audit,CANONICAL_REVIEW_FIRST,"[""[\""storebrand\"",\""hund\"",\""ordinary\"",\""storebrand-hund-d-dsfall\"",\""2025-02-01\""]"", ""[\""storebrand\"",\""hund\"",\""ordinary\"",\""storebrand-hund-veterin-r-og-d-dsfall\"",\""2025-02-01\""]""]","[""Hund""]","First test exact reuse or source-bound provider-specific detail within an existing parent. A new key is allowed only if subject, trigger, unit, period or optionality would otherwise be lost or falsely equated.","Do not merge different event/subject/period/level merely to fill both sides. Existing type keys are candidates, not approved synonym mappings.","[""B-162""]","[""91a0a76ec9f7f4f7""]","[""GAP-0193""]",existing-type-registries.json#Hund,"[""subject"", ""trigger"", ""unit"", ""period"", ""limit_basis"", ""conditions"", ""level"", ""optionality"", ""provider/type/scope/version"", ""source""]","[{""finding_id"": ""GAP-0193"", ""source_fact_id"": ""SF-0326"", ""artifact"": ""catalog/sources/boat-pet/storebrand-pet-terms.pdf"", ""location"": ""PDF side 3, B.1.2""}]",Listed signature IDs → p1-triage.csv → frozen gap/source-fact inventory; batch evidence in triage.json,PENDING_REVIEW,REQUIRED_BEFORE_IMPLEMENTATION
CR-168,Dødsfall / sykdomsunntak og kvalifikasjoner,[],No exact mapping approved in the audit,CANONICAL_REVIEW_FIRST,"[""[\""storebrand\"",\""hund\"",\""ordinary\"",\""storebrand-hund-d-dsfall\"",\""2025-02-01\""]"", ""[\""storebrand\"",\""hund\"",\""ordinary\"",\""storebrand-hund-veterin-r-og-d-dsfall\"",\""2025-02-01\""]""]","[""Hund""]","First test exact reuse or source-bound provider-specific detail within an existing parent. A new key is allowed only if subject, trigger, unit, period or optionality would otherwise be lost or falsely equated.","Do not merge different event/subject/period/level merely to fill both sides. Existing type keys are candidates, not approved synonym mappings.","[""B-162""]","[""987d506a33833301""]","[""GAP-0199""]",existing-type-registries.json#Hund,"[""subject"", ""trigger"", ""unit"", ""period"", ""limit_basis"", ""conditions"", ""level"", ""optionality"", ""provider/type/scope/version"", ""source""]","[{""finding_id"": ""GAP-0199"", ""source_fact_id"": ""SF-0336"", ""artifact"": ""catalog/sources/boat-pet/storebrand-pet-terms.pdf"", ""location"": ""PDF side 9, B.5.2 (fortsetter side 10)""}]",Listed signature IDs → p1-triage.csv → frozen gap/source-fact inventory; batch evidence in triage.json,PENDING_REVIEW,REQUIRED_BEFORE_IMPLEMENTATION
CR-169,Ekstra / egenandel,[],No exact mapping approved in the audit,CANONICAL_REVIEW_FIRST,"[""[\""tryg\"",\""hund\"",\""ordinary\"",\""tryg-hund-behandling\"",\""2026-09-01\""]""]","[""Hund""]","First test exact reuse or source-bound provider-specific detail within an existing parent. A new key is allowed only if subject, trigger, unit, period or optionality would otherwise be lost or falsely equated.","Do not merge different event/subject/period/level merely to fill both sides. Existing type keys are candidates, not approved synonym mappings.","[""B-178""]","[""aca7572371daf740""]","[""GAP-0008""]",existing-type-registries.json#Hund,"[""subject"", ""trigger"", ""unit"", ""period"", ""limit_basis"", ""conditions"", ""level"", ""optionality"", ""provider/type/scope/version"", ""source""]","[{""finding_id"": ""GAP-0008"", ""source_fact_id"": ""SF-0012"", ""artifact"": ""catalog/sources/boat-pet/tryg-dog-extra-terms.pdf"", ""location"": ""PDF side 1, Egenandeler""}]",Listed signature IDs → p1-triage.csv → frozen gap/source-fact inventory; batch evidence in triage.json,PENDING_REVIEW,REQUIRED_BEFORE_IMPLEMENTATION
CR-170,FirstVet / service,"[""dyr.veterinar.digital""]",Proposed key/type/detail relationship needs explicit validation,MAPPING_REVIEW_FIRST,"[""[\""sparebank1-fremtind\"",\""hund\"",\""ordinary\"",\""sparebank1-fremtind-hund-veterin-r\"",\""2025-08-07\""]""]","[""Hund""]","First test exact reuse or source-bound provider-specific detail within an existing parent. A new key is allowed only if subject, trigger, unit, period or optionality would otherwise be lost or falsely equated.","Do not merge different event/subject/period/level merely to fill both sides. Existing type keys are candidates, not approved synonym mappings.","[""B-154""]","[""9c39d12adfb0c46d""]","[""GAP-5606""]",existing-type-registries.json#Hund,"[""subject"", ""trigger"", ""unit"", ""period"", ""limit_basis"", ""conditions"", ""level"", ""optionality"", ""provider/type/scope/version"", ""source""]","[{""finding_id"": ""GAP-5606"", ""source_fact_id"": ""SF-7950"", ""artifact"": ""catalog/sources/boat-pet/fremtind-sb1-dog-product.html"", ""location"": ""SB1Online;IPID""}]",Listed signature IDs → p1-triage.csv → frozen gap/source-fact inventory; batch evidence in triage.json,PENDING_REVIEW,REQUIRED_BEFORE_IMPLEMENTATION
CR-171,FirstVet / tilgang,"[""dyr.firstvet.dekning""]",Proposed key/type/detail relationship needs explicit validation,MAPPING_REVIEW_FIRST,"[""[\""tryg\"",\""hund\"",\""ordinary\"",\""tryg-hund-behandling\"",\""2026-09-01\""]""]","[""Hund""]","First test exact reuse or source-bound provider-specific detail within an existing parent. A new key is allowed only if subject, trigger, unit, period or optionality would otherwise be lost or falsely equated.","Do not merge different event/subject/period/level merely to fill both sides. Existing type keys are candidates, not approved synonym mappings.","[""B-177""]","[""9e575faf278d6839""]","[""GAP-4361""]",existing-type-registries.json#Hund,"[""subject"", ""trigger"", ""unit"", ""period"", ""limit_basis"", ""conditions"", ""level"", ""optionality"", ""provider/type/scope/version"", ""source""]","[{""finding_id"": ""GAP-4361"", ""source_fact_id"": ""SF-6213"", ""artifact"": ""catalog/sources/boat-pet/tryg-dog-product.html"", ""location"": ""FirstVet""}]",Listed signature IDs → p1-triage.csv → frozen gap/source-fact inventory; batch evidence in triage.json,PENDING_REVIEW,REQUIRED_BEFORE_IMPLEMENTATION
CR-172,Forsvinning / ID/tid,"[""dyr.forsvinning.dekning""]",Proposed key/type/detail relationship needs explicit validation,MAPPING_REVIEW_FIRST,"[""[\""if\"",\""hund\"",\""ordinary\"",\""if-hund-basis\"",\""2022-12-01\""]"", ""[\""if\"",\""hund\"",\""ordinary\"",\""if-hund-standard\"",\""2022-12-01\""]"", ""[\""if\"",\""hund\"",\""ordinary\"",\""if-hund-super\"",\""2022-12-01\""]""]","[""Hund""]","First test exact reuse or source-bound provider-specific detail within an existing parent. A new key is allowed only if subject, trigger, unit, period or optionality would otherwise be lost or falsely equated.","Do not merge different event/subject/period/level merely to fill both sides. Existing type keys are candidates, not approved synonym mappings.","[""B-143""]","[""42d63adf12c3168b""]","[""GAP-3783""]",existing-type-registries.json#Hund,"[""subject"", ""trigger"", ""unit"", ""period"", ""limit_basis"", ""conditions"", ""level"", ""optionality"", ""provider/type/scope/version"", ""source""]","[{""finding_id"": ""GAP-3783"", ""source_fact_id"": ""SF-5400"", ""artifact"": ""catalog/sources/boat-pet/if-dog-terms.pdf"", ""location"": ""6 §5.2.3""}]",Listed signature IDs → p1-triage.csv → frozen gap/source-fact inventory; batch evidence in triage.json,PENDING_REVIEW,REQUIRED_BEFORE_IMPLEMENTATION
CR-173,Fødsel / keisersnitt,[],No exact mapping approved in the audit,CANONICAL_REVIEW_FIRST,"[""[\""storebrand\"",\""hund\"",\""ordinary\"",\""storebrand-hund-veterin-r\"",\""2025-02-01\""]"", ""[\""storebrand\"",\""hund\"",\""ordinary\"",\""storebrand-hund-veterin-r-og-d-dsfall\"",\""2025-02-01\""]""]","[""Hund""]","First test exact reuse or source-bound provider-specific detail within an existing parent. A new key is allowed only if subject, trigger, unit, period or optionality would otherwise be lost or falsely equated.","Do not merge different event/subject/period/level merely to fill both sides. Existing type keys are candidates, not approved synonym mappings.","[""B-162""]","[""9cc8a2795a22dda6""]","[""GAP-0143""]",existing-type-registries.json#Hund,"[""subject"", ""trigger"", ""unit"", ""period"", ""limit_basis"", ""conditions"", ""level"", ""optionality"", ""provider/type/scope/version"", ""source""]","[{""finding_id"": ""GAP-0143"", ""source_fact_id"": ""SF-0265"", ""artifact"": ""catalog/sources/boat-pet/storebrand-pet-terms.pdf"", ""location"": ""PDF side 4, B.4.1.2""}]",Listed signature IDs → p1-triage.csv → frozen gap/source-fact inventory; batch evidence in triage.json,PENDING_REVIEW,REQUIRED_BEFORE_IMPLEMENTATION
CR-174,Fødsel / raseunntak keisersnitt,[],No exact mapping approved in the audit,CANONICAL_REVIEW_FIRST,"[""[\""storebrand\"",\""hund\"",\""ordinary\"",\""storebrand-hund-veterin-r\"",\""2025-02-01\""]"", ""[\""storebrand\"",\""hund\"",\""ordinary\"",\""storebrand-hund-veterin-r-og-d-dsfall\"",\""2025-02-01\""]""]","[""Hund""]","First test exact reuse or source-bound provider-specific detail within an existing parent. A new key is allowed only if subject, trigger, unit, period or optionality would otherwise be lost or falsely equated.","Do not merge different event/subject/period/level merely to fill both sides. Existing type keys are candidates, not approved synonym mappings.","[""B-162""]","[""01b25a044dc94915""]","[""GAP-0144""]",existing-type-registries.json#Hund,"[""subject"", ""trigger"", ""unit"", ""period"", ""limit_basis"", ""conditions"", ""level"", ""optionality"", ""provider/type/scope/version"", ""source""]","[{""finding_id"": ""GAP-0144"", ""source_fact_id"": ""SF-0266"", ""artifact"": ""catalog/sources/boat-pet/storebrand-pet-terms.pdf"", ""location"": ""PDF side 8, Raseavhengige begrensninger""}]",Listed signature IDs → p1-triage.csv → frozen gap/source-fact inventory; batch evidence in triage.json,PENDING_REVIEW,REQUIRED_BEFORE_IMPLEMENTATION
CR-175,Fødselshjelp / raser/avl,"[""dyr.keisersnitt.dekning""]",Proposed key/type/detail relationship needs explicit validation,MAPPING_REVIEW_FIRST,"[""[\""if\"",\""hund\"",\""ordinary\"",\""if-hund-basis\"",\""2022-12-01\""]"", ""[\""if\"",\""hund\"",\""ordinary\"",\""if-hund-standard\"",\""2022-12-01\""]"", ""[\""if\"",\""hund\"",\""ordinary\"",\""if-hund-super\"",\""2022-12-01\""]""]","[""Hund""]","First test exact reuse or source-bound provider-specific detail within an existing parent. A new key is allowed only if subject, trigger, unit, period or optionality would otherwise be lost or falsely equated.","Do not merge different event/subject/period/level merely to fill both sides. Existing type keys are candidates, not approved synonym mappings.","[""B-143""]","[""e6f83f79595688ed""]","[""GAP-3775""]",existing-type-registries.json#Hund,"[""subject"", ""trigger"", ""unit"", ""period"", ""limit_basis"", ""conditions"", ""level"", ""optionality"", ""provider/type/scope/version"", ""source""]","[{""finding_id"": ""GAP-3775"", ""source_fact_id"": ""SF-5392"", ""artifact"": ""catalog/sources/boat-pet/if-dog-terms.pdf"", ""location"": ""5 §5.1.6""}]",Listed signature IDs → p1-triage.csv → frozen gap/source-fact inventory; batch evidence in triage.json,PENDING_REVIEW,REQUIRED_BEFORE_IMPLEMENTATION
CR-176,Geografi / verden,[],No exact mapping approved in the audit,CANONICAL_REVIEW_FIRST,"[""[\""frende\"",\""hund\"",\""ordinary\"",\""frende-hund-veterin-r\"",\""2026-01-01\""]""]","[""Hund""]","First test exact reuse or source-bound provider-specific detail within an existing parent. A new key is allowed only if subject, trigger, unit, period or optionality would otherwise be lost or falsely equated.","Do not merge different event/subject/period/level merely to fill both sides. Existing type keys are candidates, not approved synonym mappings.","[""B-113""]","[""5f16ad8909013b8d""]","[""GAP-1256""]",existing-type-registries.json#Hund,"[""subject"", ""trigger"", ""unit"", ""period"", ""limit_basis"", ""conditions"", ""level"", ""optionality"", ""provider/type/scope/version"", ""source""]","[{""finding_id"": ""GAP-1256"", ""source_fact_id"": ""SF-1871"", ""artifact"": ""catalog/sources/boat-pet/frende-dog-terms.pdf"", ""location"": ""PDFside2punkt2""}]",Listed signature IDs → p1-triage.csv → frozen gap/source-fact inventory; batch evidence in triage.json,PENDING_REVIEW,REQUIRED_BEFORE_IMPLEMENTATION
CR-177,Gyldighet / ID-merking,[],No exact mapping approved in the audit,CANONICAL_REVIEW_FIRST,"[""[\""storebrand\"",\""hund\"",\""ordinary\"",\""storebrand-hund-d-dsfall\"",\""2025-02-01\""]"", ""[\""storebrand\"",\""hund\"",\""ordinary\"",\""storebrand-hund-veterin-r\"",\""2025-02-01\""]"", ""[\""storebrand\"",\""hund\"",\""ordinary\"",\""storebrand-hund-veterin-r-og-d-dsfall\"",\""2025-02-01\""]""]","[""Hund""]","First test exact reuse or source-bound provider-specific detail within an existing parent. A new key is allowed only if subject, trigger, unit, period or optionality would otherwise be lost or falsely equated.","Do not merge different event/subject/period/level merely to fill both sides. Existing type keys are candidates, not approved synonym mappings.","[""B-162""]","[""d5962ab876349a92""]","[""GAP-0136""]",existing-type-registries.json#Hund,"[""subject"", ""trigger"", ""unit"", ""period"", ""limit_basis"", ""conditions"", ""level"", ""optionality"", ""provider/type/scope/version"", ""source""]","[{""finding_id"": ""GAP-0136"", ""source_fact_id"": ""SF-0255"", ""artifact"": ""catalog/sources/boat-pet/storebrand-pet-terms.pdf"", ""location"": ""PDF side 3, B.1""}]",Listed signature IDs → p1-triage.csv → frozen gap/source-fact inventory; batch evidence in triage.json,PENDING_REVIEW,REQUIRED_BEFORE_IMPLEMENTATION
CR-178,HD/AD / artsspesifiktunntak,[],No exact mapping approved in the audit,CANONICAL_REVIEW_FIRST,"[""[\""if\"",\""hund\"",\""ordinary\"",\""if-hund-basis\"",\""2022-12-01\""]"", ""[\""if\"",\""hund\"",\""ordinary\"",\""if-hund-standard\"",\""2022-12-01\""]"", ""[\""if\"",\""hund\"",\""ordinary\"",\""if-hund-super\"",\""2022-12-01\""]""]","[""Hund""]","First test exact reuse or source-bound provider-specific detail within an existing parent. A new key is allowed only if subject, trigger, unit, period or optionality would otherwise be lost or falsely equated.","Do not merge different event/subject/period/level merely to fill both sides. Existing type keys are candidates, not approved synonym mappings.","[""B-144""]","[""3f9e6bcccf39940f""]","[""GAP-3786""]",existing-type-registries.json#Hund,"[""subject"", ""trigger"", ""unit"", ""period"", ""limit_basis"", ""conditions"", ""level"", ""optionality"", ""provider/type/scope/version"", ""source""]","[{""finding_id"": ""GAP-3786"", ""source_fact_id"": ""SF-5403"", ""artifact"": ""catalog/sources/boat-pet/if-dog-terms.pdf"", ""location"": ""7 §6.1.3""}]",Listed signature IDs → p1-triage.csv → frozen gap/source-fact inventory; batch evidence in triage.json,PENDING_REVIEW,REQUIRED_BEFORE_IMPLEMENTATION
CR-179,HD/AD / egen kvalifikasjon,[],No exact mapping approved in the audit,CANONICAL_REVIEW_FIRST,"[""[\""storebrand\"",\""hund\"",\""ordinary\"",\""storebrand-hund-veterin-r\"",\""2025-02-01\""]"", ""[\""storebrand\"",\""hund\"",\""ordinary\"",\""storebrand-hund-veterin-r-og-d-dsfall\"",\""2025-02-01\""]""]","[""Hund""]","First test exact reuse or source-bound provider-specific detail within an existing parent. A new key is allowed only if subject, trigger, unit, period or optionality would otherwise be lost or falsely equated.","Do not merge different event/subject/period/level merely to fill both sides. Existing type keys are candidates, not approved synonym mappings.","[""B-162""]","[""920ead562c2642b1""]","[""GAP-0157""]",existing-type-registries.json#Hund,"[""subject"", ""trigger"", ""unit"", ""period"", ""limit_basis"", ""conditions"", ""level"", ""optionality"", ""provider/type/scope/version"", ""source""]","[{""finding_id"": ""GAP-0157"", ""source_fact_id"": ""SF-0279"", ""artifact"": ""catalog/sources/boat-pet/storebrand-pet-terms.pdf"", ""location"": ""PDF side 7, B.4.2""}]",Listed signature IDs → p1-triage.csv → frozen gap/source-fact inventory; batch evidence in triage.json,PENDING_REVIEW,REQUIRED_BEFORE_IMPLEMENTATION
CR-180,Hund keisersnitt / condition,[],No exact mapping approved in the audit,CANONICAL_REVIEW_FIRST,"[""[\""sparebank1-fremtind\"",\""hund\"",\""ordinary\"",\""sparebank1-fremtind-hund-veterin-r\"",\""2025-08-07\""]""]","[""Hund""]","First test exact reuse or source-bound provider-specific detail within an existing parent. A new key is allowed only if subject, trigger, unit, period or optionality would otherwise be lost or falsely equated.","Do not merge different event/subject/period/level merely to fill both sides. Existing type keys are candidates, not approved synonym mappings.","[""B-155""]","[""c75bfdd6bae25cd4""]","[""GAP-5588""]",existing-type-registries.json#Hund,"[""subject"", ""trigger"", ""unit"", ""period"", ""limit_basis"", ""conditions"", ""level"", ""optionality"", ""provider/type/scope/version"", ""source""]","[{""finding_id"": ""GAP-5588"", ""source_fact_id"": ""SF-7931"", ""artifact"": ""catalog/sources/boat-pet/fremtind-dog-vet-terms.pdf"", ""location"": ""§7s2""}]",Listed signature IDs → p1-triage.csv → frozen gap/source-fact inventory; batch evidence in triage.json,PENDING_REVIEW,REQUIRED_BEFORE_IMPLEMENTATION
CR-181,Hund raser / exclusions,[],No exact mapping approved in the audit,CANONICAL_REVIEW_FIRST,"[""[\""sparebank1-fremtind\"",\""hund\"",\""ordinary\"",\""sparebank1-fremtind-hund-veterin-r\"",\""2025-08-07\""]""]","[""Hund""]","First test exact reuse or source-bound provider-specific detail within an existing parent. A new key is allowed only if subject, trigger, unit, period or optionality would otherwise be lost or falsely equated.","Do not merge different event/subject/period/level merely to fill both sides. Existing type keys are candidates, not approved synonym mappings.","[""B-155""]","[""74ec9a396552a29a""]","[""GAP-5591""]",existing-type-registries.json#Hund,"[""subject"", ""trigger"", ""unit"", ""period"", ""limit_basis"", ""conditions"", ""level"", ""optionality"", ""provider/type/scope/version"", ""source""]","[{""finding_id"": ""GAP-5591"", ""source_fact_id"": ""SF-7934"", ""artifact"": ""catalog/sources/boat-pet/fremtind-dog-vet-terms.pdf"", ""location"": ""§7s2""}]",Listed signature IDs → p1-triage.csv → frozen gap/source-fact inventory; batch evidence in triage.json,PENDING_REVIEW,REQUIRED_BEFORE_IMPLEMENTATION
CR-182,Hund tann / negative,"[""dyr.tann.dekning"", ""dyr.tannsykdom.dekning""]",Proposed key/type/detail relationship needs explicit validation,MAPPING_REVIEW_FIRST,"[""[\""sparebank1-fremtind\"",\""hund\"",\""ordinary\"",\""sparebank1-fremtind-hund-veterin-r\"",\""2025-08-07\""]""]","[""Hund""]","First test exact reuse or source-bound provider-specific detail within an existing parent. A new key is allowed only if subject, trigger, unit, period or optionality would otherwise be lost or falsely equated.","Do not merge different event/subject/period/level merely to fill both sides. Existing type keys are candidates, not approved synonym mappings.","[""B-154""]","[""6d2a58e195d8386a""]","[""GAP-5586""]",existing-type-registries.json#Hund,"[""subject"", ""trigger"", ""unit"", ""period"", ""limit_basis"", ""conditions"", ""level"", ""optionality"", ""provider/type/scope/version"", ""source""]","[{""finding_id"": ""GAP-5586"", ""source_fact_id"": ""SF-7929"", ""artifact"": ""catalog/sources/boat-pet/fremtind-dog-vet-terms.pdf"", ""location"": ""§7s1""}]",Listed signature IDs → p1-triage.csv → frozen gap/source-fact inventory; batch evidence in triage.json,PENDING_REVIEW,REQUIRED_BEFORE_IMPLEMENTATION
CR-183,IDmerking / krav,[],No exact mapping approved in the audit,CANONICAL_REVIEW_FIRST,"[""[\""frende\"",\""hund\"",\""ordinary\"",\""frende-hund-veterin-r\"",\""2026-01-01\""]""]","[""Hund""]","First test exact reuse or source-bound provider-specific detail within an existing parent. A new key is allowed only if subject, trigger, unit, period or optionality would otherwise be lost or falsely equated.","Do not merge different event/subject/period/level merely to fill both sides. Existing type keys are candidates, not approved synonym mappings.","[""B-113""]","[""55e6ef28d53fc724""]","[""GAP-1280""]",existing-type-registries.json#Hund,"[""subject"", ""trigger"", ""unit"", ""period"", ""limit_basis"", ""conditions"", ""level"", ""optionality"", ""provider/type/scope/version"", ""source""]","[{""finding_id"": ""GAP-1280"", ""source_fact_id"": ""SF-1897"", ""artifact"": ""catalog/sources/boat-pet/frende-dog-product.html"", ""location"": ""HTMLFAQ""}]",Listed signature IDs → p1-triage.csv → frozen gap/source-fact inventory; batch evidence in triage.json,PENDING_REVIEW,REQUIRED_BEFORE_IMPLEMENTATION
CR-184,Karens / 20d/kjente,"[""dyr.karens.dager""]",Proposed key/type/detail relationship needs explicit validation,MAPPING_REVIEW_FIRST,"[""[\""gjensidige\"",\""hund\"",\""ordinary\"",\""gjensidige-hund-behandling\"",null]""]","[""Hund""]","First test exact reuse or source-bound provider-specific detail within an existing parent. A new key is allowed only if subject, trigger, unit, period or optionality would otherwise be lost or falsely equated.","Do not merge different event/subject/period/level merely to fill both sides. Existing type keys are candidates, not approved synonym mappings.","[""B-128""]","[""7f02e09f7956b0eb""]","[""GAP-2874""]",existing-type-registries.json#Hund,"[""subject"", ""trigger"", ""unit"", ""period"", ""limit_basis"", ""conditions"", ""level"", ""optionality"", ""provider/type/scope/version"", ""source""]","[{""finding_id"": ""GAP-2874"", ""source_fact_id"": ""SF-4023"", ""artifact"": ""catalog/sources/boat-pet/gjensidige-dog-treatment-terms.pdf"", ""location"": ""2""}]",Listed signature IDs → p1-triage.csv → frozen gap/source-fact inventory; batch evidence in triage.json,PENDING_REVIEW,REQUIRED_BEFORE_IMPLEMENTATION
CR-185,Karenstid / days,"[""dyr.karenstid""]",Proposed key/type/detail relationship needs explicit validation,MAPPING_REVIEW_FIRST,"[""[\""sparebank1-fremtind\"",\""hund\"",\""ordinary\"",\""sparebank1-fremtind-hund-veterin-r\"",\""2025-08-07\""]""]","[""Hund""]","First test exact reuse or source-bound provider-specific detail within an existing parent. A new key is allowed only if subject, trigger, unit, period or optionality would otherwise be lost or falsely equated.","Do not merge different event/subject/period/level merely to fill both sides. Existing type keys are candidates, not approved synonym mappings.","[""B-154""]","[""d80512c34a8801ac""]","[""GAP-5580""]",existing-type-registries.json#Hund,"[""subject"", ""trigger"", ""unit"", ""period"", ""limit_basis"", ""conditions"", ""level"", ""optionality"", ""provider/type/scope/version"", ""source""]","[{""finding_id"": ""GAP-5580"", ""source_fact_id"": ""SF-7922"", ""artifact"": ""catalog/sources/boat-pet/fremtind-dog-vet-terms.pdf"", ""location"": ""§5s1""}]",Listed signature IDs → p1-triage.csv → frozen gap/source-fact inventory; batch evidence in triage.json,PENDING_REVIEW,REQUIRED_BEFORE_IMPLEMENTATION
CR-186,Kastrering / diagnoser,[],No exact mapping approved in the audit,CANONICAL_REVIEW_FIRST,"[""[\""frende\"",\""hund\"",\""ordinary\"",\""frende-hund-veterin-r\"",\""2026-01-01\""]""]","[""Hund""]","First test exact reuse or source-bound provider-specific detail within an existing parent. A new key is allowed only if subject, trigger, unit, period or optionality would otherwise be lost or falsely equated.","Do not merge different event/subject/period/level merely to fill both sides. Existing type keys are candidates, not approved synonym mappings.","[""B-113""]","[""ecef3f9372e7263c""]","[""GAP-1259""]",existing-type-registries.json#Hund,"[""subject"", ""trigger"", ""unit"", ""period"", ""limit_basis"", ""conditions"", ""level"", ""optionality"", ""provider/type/scope/version"", ""source""]","[{""finding_id"": ""GAP-1259"", ""source_fact_id"": ""SF-1874"", ""artifact"": ""catalog/sources/boat-pet/frende-dog-terms.pdf"", ""location"": ""PDFside2punkt4.1""}]",Listed signature IDs → p1-triage.csv → frozen gap/source-fact inventory; batch evidence in triage.json,PENDING_REVIEW,REQUIRED_BEFORE_IMPLEMENTATION
CR-187,Keisersnitt / antall/karens,"[""dyr.keisersnitt.begrensning""]",Proposed key/type/detail relationship needs explicit validation,MAPPING_REVIEW_FIRST,"[""[\""gjensidige\"",\""hund\"",\""ordinary\"",\""gjensidige-hund-behandling\"",null]""]","[""Hund""]","First test exact reuse or source-bound provider-specific detail within an existing parent. A new key is allowed only if subject, trigger, unit, period or optionality would otherwise be lost or falsely equated.","Do not merge different event/subject/period/level merely to fill both sides. Existing type keys are candidates, not approved synonym mappings.","[""B-128""]","[""0d61d1a7bc6dc0c5""]","[""GAP-2883""]",existing-type-registries.json#Hund,"[""subject"", ""trigger"", ""unit"", ""period"", ""limit_basis"", ""conditions"", ""level"", ""optionality"", ""provider/type/scope/version"", ""source""]","[{""finding_id"": ""GAP-2883"", ""source_fact_id"": ""SF-4035"", ""artifact"": ""catalog/sources/boat-pet/gjensidige-dog-treatment-terms.pdf"", ""location"": ""2""}]",Listed signature IDs → p1-triage.csv → frozen gap/source-fact inventory; batch evidence in triage.json,PENDING_REVIEW,REQUIRED_BEFORE_IMPLEMENTATION
CR-188,Keisersnitt / antall/raser,[],No exact mapping approved in the audit,CANONICAL_REVIEW_FIRST,"[""[\""frende\"",\""hund\"",\""ordinary\"",\""frende-hund-veterin-r\"",\""2026-01-01\""]""]","[""Hund""]","First test exact reuse or source-bound provider-specific detail within an existing parent. A new key is allowed only if subject, trigger, unit, period or optionality would otherwise be lost or falsely equated.","Do not merge different event/subject/period/level merely to fill both sides. Existing type keys are candidates, not approved synonym mappings.","[""B-113""]","[""3f22f36a0a5c2efe""]","[""GAP-1266""]",existing-type-registries.json#Hund,"[""subject"", ""trigger"", ""unit"", ""period"", ""limit_basis"", ""conditions"", ""level"", ""optionality"", ""provider/type/scope/version"", ""source""]","[{""finding_id"": ""GAP-1266"", ""source_fact_id"": ""SF-1881"", ""artifact"": ""catalog/sources/boat-pet/frende-dog-terms.pdf"", ""location"": ""PDFside2punkt4.1.6""}]",Listed signature IDs → p1-triage.csv → frozen gap/source-fact inventory; batch evidence in triage.json,PENDING_REVIEW,REQUIRED_BEFORE_IMPLEMENTATION
CR-189,Kjøp / eligibility,[],No exact mapping approved in the audit,CANONICAL_REVIEW_FIRST,"[""[\""sparebank1-fremtind\"",\""hund\"",\""ordinary\"",\""sparebank1-fremtind-hund-veterin-r\"",\""2025-08-07\""]""]","[""Hund""]","First test exact reuse or source-bound provider-specific detail within an existing parent. A new key is allowed only if subject, trigger, unit, period or optionality would otherwise be lost or falsely equated.","Do not merge different event/subject/period/level merely to fill both sides. Existing type keys are candidates, not approved synonym mappings.","[""B-155""]","[""3a1e24524cebab2d""]","[""GAP-5605""]",existing-type-registries.json#Hund,"[""subject"", ""trigger"", ""unit"", ""period"", ""limit_basis"", ""conditions"", ""level"", ""optionality"", ""provider/type/scope/version"", ""source""]","[{""finding_id"": ""GAP-5605"", ""source_fact_id"": ""SF-7949"", ""artifact"": ""catalog/sources/boat-pet/fremtind-sb1-dog-product.html"", ""location"": ""SB1Greitåvite""}]",Listed signature IDs → p1-triage.csv → frozen gap/source-fact inventory; batch evidence in triage.json,PENDING_REVIEW,REQUIRED_BEFORE_IMPLEMENTATION
CR-190,Komplikasjon / carveout,"[""dyr.komplikasjon.dekning""]",Proposed key/type/detail relationship needs explicit validation,MAPPING_REVIEW_FIRST,"[""[\""gjensidige\"",\""hund\"",\""ordinary\"",\""gjensidige-hund-behandling\"",null]""]","[""Hund""]","First test exact reuse or source-bound provider-specific detail within an existing parent. A new key is allowed only if subject, trigger, unit, period or optionality would otherwise be lost or falsely equated.","Do not merge different event/subject/period/level merely to fill both sides. Existing type keys are candidates, not approved synonym mappings.","[""B-128""]","[""fa2a52a2f8377a5f""]","[""GAP-2885""]",existing-type-registries.json#Hund,"[""subject"", ""trigger"", ""unit"", ""period"", ""limit_basis"", ""conditions"", ""level"", ""optionality"", ""provider/type/scope/version"", ""source""]","[{""finding_id"": ""GAP-2885"", ""source_fact_id"": ""SF-4037"", ""artifact"": ""catalog/sources/boat-pet/gjensidige-dog-treatment-terms.pdf"", ""location"": ""2–3""}]",Listed signature IDs → p1-triage.csv → frozen gap/source-fact inventory; batch evidence in triage.json,PENDING_REVIEW,REQUIRED_BEFORE_IMPLEMENTATION
CR-191,Korsbånd / eligibility,"[""hund.korsband.begrensning""]",Proposed key/type/detail relationship needs explicit validation,MAPPING_REVIEW_FIRST,"[""[\""gjensidige\"",\""hund\"",\""ordinary\"",\""gjensidige-hund-behandling\"",null]""]","[""Hund""]","First test exact reuse or source-bound provider-specific detail within an existing parent. A new key is allowed only if subject, trigger, unit, period or optionality would otherwise be lost or falsely equated.","Do not merge different event/subject/period/level merely to fill both sides. Existing type keys are candidates, not approved synonym mappings.","[""B-128""]","[""b48008c40080fed3""]","[""GAP-2878""]",existing-type-registries.json#Hund,"[""subject"", ""trigger"", ""unit"", ""period"", ""limit_basis"", ""conditions"", ""level"", ""optionality"", ""provider/type/scope/version"", ""source""]","[{""finding_id"": ""GAP-2878"", ""source_fact_id"": ""SF-4029"", ""artifact"": ""catalog/sources/boat-pet/gjensidige-dog-treatment-terms.pdf"", ""location"": ""2""}]",Listed signature IDs → p1-triage.csv → frozen gap/source-fact inventory; batch evidence in triage.json,PENDING_REVIEW,REQUIRED_BEFORE_IMPLEMENTATION
CR-192,Korsbånd / vilkår,[],No exact mapping approved in the audit,CANONICAL_REVIEW_FIRST,"[""[\""frende\"",\""hund\"",\""ordinary\"",\""frende-hund-veterin-r\"",\""2026-01-01\""]""]","[""Hund""]","First test exact reuse or source-bound provider-specific detail within an existing parent. A new key is allowed only if subject, trigger, unit, period or optionality would otherwise be lost or falsely equated.","Do not merge different event/subject/period/level merely to fill both sides. Existing type keys are candidates, not approved synonym mappings.","[""B-113""]","[""21a71fbae125ccff""]","[""GAP-1265""]",existing-type-registries.json#Hund,"[""subject"", ""trigger"", ""unit"", ""period"", ""limit_basis"", ""conditions"", ""level"", ""optionality"", ""provider/type/scope/version"", ""source""]","[{""finding_id"": ""GAP-1265"", ""source_fact_id"": ""SF-1880"", ""artifact"": ""catalog/sources/boat-pet/frende-dog-terms.pdf"", ""location"": ""PDFside2punkt4.1.3""}]",Listed signature IDs → p1-triage.csv → frozen gap/source-fact inventory; batch evidence in triage.json,PENDING_REVIEW,REQUIRED_BEFORE_IMPLEMENTATION
CR-193,Kremering / sum,"[""dyr.kremering.dekning""]",Proposed key/type/detail relationship needs explicit validation,MAPPING_REVIEW_FIRST,"[""[\""if\"",\""hund\"",\""ordinary\"",\""if-hund-basis\"",\""2022-12-01\""]"", ""[\""if\"",\""hund\"",\""ordinary\"",\""if-hund-standard\"",\""2022-12-01\""]"", ""[\""if\"",\""hund\"",\""ordinary\"",\""if-hund-super\"",\""2022-12-01\""]""]","[""Hund""]","First test exact reuse or source-bound provider-specific detail within an existing parent. A new key is allowed only if subject, trigger, unit, period or optionality would otherwise be lost or falsely equated.","Do not merge different event/subject/period/level merely to fill both sides. Existing type keys are candidates, not approved synonym mappings.","[""B-143""]","[""14dabbf6a3bc15fb""]","[""GAP-3782""]",existing-type-registries.json#Hund,"[""subject"", ""trigger"", ""unit"", ""period"", ""limit_basis"", ""conditions"", ""level"", ""optionality"", ""provider/type/scope/version"", ""source""]","[{""finding_id"": ""GAP-3782"", ""source_fact_id"": ""SF-5399"", ""artifact"": ""catalog/sources/boat-pet/if-dog-terms.pdf"", ""location"": ""6 §5.2.2""}]",Listed signature IDs → p1-triage.csv → frozen gap/source-fact inventory; batch evidence in triage.json,PENDING_REVIEW,REQUIRED_BEFORE_IMPLEMENTATION
CR-194,Kremering / sum,"[""dyr.kremering.grense""]",Proposed key/type/detail relationship needs explicit validation,MAPPING_REVIEW_FIRST,"[""[\""tryg\"",\""hund\"",\""ordinary\"",\""tryg-hund-behandling\"",\""2026-09-01\""]""]","[""Hund""]","First test exact reuse or source-bound provider-specific detail within an existing parent. A new key is allowed only if subject, trigger, unit, period or optionality would otherwise be lost or falsely equated.","Do not merge different event/subject/period/level merely to fill both sides. Existing type keys are candidates, not approved synonym mappings.","[""B-177""]","[""61ffd4afdf5e94fd""]","[""GAP-4354""]",existing-type-registries.json#Hund,"[""subject"", ""trigger"", ""unit"", ""period"", ""limit_basis"", ""conditions"", ""level"", ""optionality"", ""provider/type/scope/version"", ""source""]","[{""finding_id"": ""GAP-4354"", ""source_fact_id"": ""SF-6206"", ""artifact"": ""catalog/sources/boat-pet/tryg-dog-life-terms.pdf"", ""location"": ""1 §2""}]",Listed signature IDs → p1-triage.csv → frozen gap/source-fact inventory; batch evidence in triage.json,PENDING_REVIEW,REQUIRED_BEFORE_IMPLEMENTATION
CR-195,Ledd/skjelett / kvalifikasjon,"[""dyr.ledd.begrensning""]",Proposed key/type/detail relationship needs explicit validation,MAPPING_REVIEW_FIRST,"[""[\""tryg\"",\""hund\"",\""ordinary\"",\""tryg-hund-behandling\"",\""2026-09-01\""]""]","[""Hund""]","First test exact reuse or source-bound provider-specific detail within an existing parent. A new key is allowed only if subject, trigger, unit, period or optionality would otherwise be lost or falsely equated.","Do not merge different event/subject/period/level merely to fill both sides. Existing type keys are candidates, not approved synonym mappings.","[""B-177""]","[""c0310a861546f951""]","[""GAP-4343""]",existing-type-registries.json#Hund,"[""subject"", ""trigger"", ""unit"", ""period"", ""limit_basis"", ""conditions"", ""level"", ""optionality"", ""provider/type/scope/version"", ""source""]","[{""finding_id"": ""GAP-4343"", ""source_fact_id"": ""SF-6195"", ""artifact"": ""catalog/sources/boat-pet/tryg-dog-treatment-terms.pdf"", ""location"": ""1 §3""}]",Listed signature IDs → p1-triage.csv → frozen gap/source-fact inventory; batch evidence in triage.json,PENDING_REVIEW,REQUIRED_BEFORE_IMPLEMENTATION
CR-196,Liv / aldersfradrag,"[""dyr.liv.aldersfradrag""]",Proposed key/type/detail relationship needs explicit validation,MAPPING_REVIEW_FIRST,"[""[\""gjensidige\"",\""hund\"",\""ordinary\"",\""gjensidige-hund-behandling\"",null]""]","[""Hund""]","First test exact reuse or source-bound provider-specific detail within an existing parent. A new key is allowed only if subject, trigger, unit, period or optionality would otherwise be lost or falsely equated.","Do not merge different event/subject/period/level merely to fill both sides. Existing type keys are candidates, not approved synonym mappings.","[""B-128""]","[""9a64ae9fba346641""]","[""GAP-2898""]",existing-type-registries.json#Hund,"[""subject"", ""trigger"", ""unit"", ""period"", ""limit_basis"", ""conditions"", ""level"", ""optionality"", ""provider/type/scope/version"", ""source""]","[{""finding_id"": ""GAP-2898"", ""source_fact_id"": ""SF-4050"", ""artifact"": ""catalog/sources/boat-pet/gjensidige-dog-life-use-terms.pdf"", ""location"": ""8;webraselister""}]",Listed signature IDs → p1-triage.csv → frozen gap/source-fact inventory; batch evidence in triage.json,PENDING_REVIEW,REQUIRED_BEFORE_IMPLEMENTATION
CR-197,Liv / sum/egenandel,"[""dyr.liv.dekning"", ""dyr.liv.sum"", ""dyr.liv.egenandel""]",Proposed key/type/detail relationship needs explicit validation,MAPPING_REVIEW_FIRST,"[""[\""gjensidige\"",\""hund\"",\""ordinary\"",\""gjensidige-hund-behandling\"",null]""]","[""Hund""]","First test exact reuse or source-bound provider-specific detail within an existing parent. A new key is allowed only if subject, trigger, unit, period or optionality would otherwise be lost or falsely equated.","Do not merge different event/subject/period/level merely to fill both sides. Existing type keys are candidates, not approved synonym mappings.","[""B-128""]","[""f474a757ceae82a7""]","[""GAP-2895""]",existing-type-registries.json#Hund,"[""subject"", ""trigger"", ""unit"", ""period"", ""limit_basis"", ""conditions"", ""level"", ""optionality"", ""provider/type/scope/version"", ""source""]","[{""finding_id"": ""GAP-2895"", ""source_fact_id"": ""SF-4047"", ""artifact"": ""catalog/sources/boat-pet/gjensidige-dog-life-use-terms.pdf"", ""location"": ""1""}]",Listed signature IDs → p1-triage.csv → frozen gap/source-fact inventory; batch evidence in triage.json,PENDING_REVIEW,REQUIRED_BEFORE_IMPLEMENTATION
CR-198,Medfødt / kvalifikasjon,"[""dyr.medfodt.dekning""]",Proposed key/type/detail relationship needs explicit validation,MAPPING_REVIEW_FIRST,"[""[\""if\"",\""hund\"",\""ordinary\"",\""if-hund-basis\"",\""2022-12-01\""]"", ""[\""if\"",\""hund\"",\""ordinary\"",\""if-hund-standard\"",\""2022-12-01\""]"", ""[\""if\"",\""hund\"",\""ordinary\"",\""if-hund-super\"",\""2022-12-01\""]""]","[""Hund""]","First test exact reuse or source-bound provider-specific detail within an existing parent. A new key is allowed only if subject, trigger, unit, period or optionality would otherwise be lost or falsely equated.","Do not merge different event/subject/period/level merely to fill both sides. Existing type keys are candidates, not approved synonym mappings.","[""B-143""]","[""40835371725b8ef0""]","[""GAP-3776""]",existing-type-registries.json#Hund,"[""subject"", ""trigger"", ""unit"", ""period"", ""limit_basis"", ""conditions"", ""level"", ""optionality"", ""provider/type/scope/version"", ""source""]","[{""finding_id"": ""GAP-3776"", ""source_fact_id"": ""SF-5393"", ""artifact"": ""catalog/sources/boat-pet/if-dog-terms.pdf"", ""location"": ""5 §5.1.7""}]",Listed signature IDs → p1-triage.csv → frozen gap/source-fact inventory; batch evidence in triage.json,PENDING_REVIEW,REQUIRED_BEFORE_IMPLEMENTATION
CR-199,Medfødt / ledd,[],No exact mapping approved in the audit,CANONICAL_REVIEW_FIRST,"[""[\""frende\"",\""hund\"",\""ordinary\"",\""frende-hund-veterin-r\"",\""2026-01-01\""]""]","[""Hund""]","First test exact reuse or source-bound provider-specific detail within an existing parent. A new key is allowed only if subject, trigger, unit, period or optionality would otherwise be lost or falsely equated.","Do not merge different event/subject/period/level merely to fill both sides. Existing type keys are candidates, not approved synonym mappings.","[""B-113""]","[""4be1640e7f04fea6""]","[""GAP-1264""]",existing-type-registries.json#Hund,"[""subject"", ""trigger"", ""unit"", ""period"", ""limit_basis"", ""conditions"", ""level"", ""optionality"", ""provider/type/scope/version"", ""source""]","[{""finding_id"": ""GAP-1264"", ""source_fact_id"": ""SF-1879"", ""artifact"": ""catalog/sources/boat-pet/frende-dog-terms.pdf"", ""location"": ""PDFside2punkt4.1.2""}]",Listed signature IDs → p1-triage.csv → frozen gap/source-fact inventory; batch evidence in triage.json,PENDING_REVIEW,REQUIRED_BEFORE_IMPLEMENTATION
CR-200,Medfødt/ledd / eligibility,"[""hund.ledd.begrensning""]",Proposed key/type/detail relationship needs explicit validation,MAPPING_REVIEW_FIRST,"[""[\""gjensidige\"",\""hund\"",\""ordinary\"",\""gjensidige-hund-behandling\"",null]""]","[""Hund""]","First test exact reuse or source-bound provider-specific detail within an existing parent. A new key is allowed only if subject, trigger, unit, period or optionality would otherwise be lost or falsely equated.","Do not merge different event/subject/period/level merely to fill both sides. Existing type keys are candidates, not approved synonym mappings.","[""B-128""]","[""0087d955db68ec78""]","[""GAP-2877""]",existing-type-registries.json#Hund,"[""subject"", ""trigger"", ""unit"", ""period"", ""limit_basis"", ""conditions"", ""level"", ""optionality"", ""provider/type/scope/version"", ""source""]","[{""finding_id"": ""GAP-2877"", ""source_fact_id"": ""SF-4028"", ""artifact"": ""catalog/sources/boat-pet/gjensidige-dog-treatment-terms.pdf"", ""location"": ""2""}]",Listed signature IDs → p1-triage.csv → frozen gap/source-fact inventory; batch evidence in triage.json,PENDING_REVIEW,REQUIRED_BEFORE_IMPLEMENTATION
CR-201,Medfødte ledd / condition,[],No exact mapping approved in the audit,CANONICAL_REVIEW_FIRST,"[""[\""sparebank1-fremtind\"",\""hund\"",\""ordinary\"",\""sparebank1-fremtind-hund-veterin-r\"",\""2025-08-07\""]""]","[""Hund""]","First test exact reuse or source-bound provider-specific detail within an existing parent. A new key is allowed only if subject, trigger, unit, period or optionality would otherwise be lost or falsely equated.","Do not merge different event/subject/period/level merely to fill both sides. Existing type keys are candidates, not approved synonym mappings.","[""B-155""]","[""ed4cabf501d29976""]","[""GAP-5587""]",existing-type-registries.json#Hund,"[""subject"", ""trigger"", ""unit"", ""period"", ""limit_basis"", ""conditions"", ""level"", ""optionality"", ""provider/type/scope/version"", ""source""]","[{""finding_id"": ""GAP-5587"", ""source_fact_id"": ""SF-7930"", ""artifact"": ""catalog/sources/boat-pet/fremtind-dog-vet-terms.pdf"", ""location"": ""§7s2""}]",Listed signature IDs → p1-triage.csv → frozen gap/source-fact inventory; batch evidence in triage.json,PENDING_REVIEW,REQUIRED_BEFORE_IMPLEMENTATION
CR-202,Online veterinær / service,"[""dyr.onlineveterinar.dekning""]",Proposed key/type/detail relationship needs explicit validation,MAPPING_REVIEW_FIRST,"[""[\""gjensidige\"",\""hund\"",\""ordinary\"",\""gjensidige-hund-behandling\"",null]""]","[""Hund""]","First test exact reuse or source-bound provider-specific detail within an existing parent. A new key is allowed only if subject, trigger, unit, period or optionality would otherwise be lost or falsely equated.","Do not merge different event/subject/period/level merely to fill both sides. Existing type keys are candidates, not approved synonym mappings.","[""B-128""]","[""ba08b96d5cbf29ff""]","[""GAP-2888""]",existing-type-registries.json#Hund,"[""subject"", ""trigger"", ""unit"", ""period"", ""limit_basis"", ""conditions"", ""level"", ""optionality"", ""provider/type/scope/version"", ""source""]","[{""finding_id"": ""GAP-2888"", ""source_fact_id"": ""SF-4040"", ""artifact"": ""catalog/sources/boat-pet/gjensidige-dog-product.html"", ""location"": ""Onlineveterinær""}]",Listed signature IDs → p1-triage.csv → frozen gap/source-fact inventory; batch evidence in triage.json,PENDING_REVIEW,REQUIRED_BEFORE_IMPLEMENTATION
CR-203,Rasesykdom / unntak,[],No exact mapping approved in the audit,CANONICAL_REVIEW_FIRST,"[""[\""frende\"",\""hund\"",\""ordinary\"",\""frende-hund-veterin-r\"",\""2026-01-01\""]""]","[""Hund""]","First test exact reuse or source-bound provider-specific detail within an existing parent. A new key is allowed only if subject, trigger, unit, period or optionality would otherwise be lost or falsely equated.","Do not merge different event/subject/period/level merely to fill both sides. Existing type keys are candidates, not approved synonym mappings.","[""B-113""]","[""bc921f3a0209e760""]","[""GAP-1267""]",existing-type-registries.json#Hund,"[""subject"", ""trigger"", ""unit"", ""period"", ""limit_basis"", ""conditions"", ""level"", ""optionality"", ""provider/type/scope/version"", ""source""]","[{""finding_id"": ""GAP-1267"", ""source_fact_id"": ""SF-1882"", ""artifact"": ""catalog/sources/boat-pet/frende-dog-terms.pdf"", ""location"": ""PDFside3punkt4.2.7–9""}]",Listed signature IDs → p1-triage.csv → frozen gap/source-fact inventory; batch evidence in triage.json,PENDING_REVIEW,REQUIRED_BEFORE_IMPLEMENTATION
CR-204,Raseunntak / luftvei/øyelokk/hud,[],No exact mapping approved in the audit,CANONICAL_REVIEW_FIRST,"[""[\""if\"",\""hund\"",\""ordinary\"",\""if-hund-basis\"",\""2022-12-01\""]"", ""[\""if\"",\""hund\"",\""ordinary\"",\""if-hund-standard\"",\""2022-12-01\""]"", ""[\""if\"",\""hund\"",\""ordinary\"",\""if-hund-super\"",\""2022-12-01\""]""]","[""Hund""]","First test exact reuse or source-bound provider-specific detail within an existing parent. A new key is allowed only if subject, trigger, unit, period or optionality would otherwise be lost or falsely equated.","Do not merge different event/subject/period/level merely to fill both sides. Existing type keys are candidates, not approved synonym mappings.","[""B-144""]","[""866b0dd727bb5f68""]","[""GAP-3793""]",existing-type-registries.json#Hund,"[""subject"", ""trigger"", ""unit"", ""period"", ""limit_basis"", ""conditions"", ""level"", ""optionality"", ""provider/type/scope/version"", ""source""]","[{""finding_id"": ""GAP-3793"", ""source_fact_id"": ""SF-5410"", ""artifact"": ""catalog/sources/boat-pet/if-dog-terms.pdf"", ""location"": ""9 §6.3""}]",Listed signature IDs → p1-triage.csv → frozen gap/source-fact inventory; batch evidence in triage.json,PENDING_REVIEW,REQUIRED_BEFORE_IMPLEMENTATION
CR-205,Tann / fraktur/unntak,"[""dyr.tann.dekning""]",Proposed key/type/detail relationship needs explicit validation,MAPPING_REVIEW_FIRST,"[""[\""gjensidige\"",\""hund\"",\""ordinary\"",\""gjensidige-hund-behandling\"",null]""]","[""Hund""]","First test exact reuse or source-bound provider-specific detail within an existing parent. A new key is allowed only if subject, trigger, unit, period or optionality would otherwise be lost or falsely equated.","Do not merge different event/subject/period/level merely to fill both sides. Existing type keys are candidates, not approved synonym mappings.","[""B-128""]","[""d43c10f1ae8d8de8""]","[""GAP-2881""]",existing-type-registries.json#Hund,"[""subject"", ""trigger"", ""unit"", ""period"", ""limit_basis"", ""conditions"", ""level"", ""optionality"", ""provider/type/scope/version"", ""source""]","[{""finding_id"": ""GAP-2881"", ""source_fact_id"": ""SF-4032"", ""artifact"": ""catalog/sources/boat-pet/gjensidige-dog-treatment-terms.pdf"", ""location"": ""2""}]",Listed signature IDs → p1-triage.csv → frozen gap/source-fact inventory; batch evidence in triage.json,PENDING_REVIEW,REQUIRED_BEFORE_IMPLEMENTATION
CR-206,Tann / melketann/bitt,"[""dyr.tann.dekning""]",Proposed key/type/detail relationship needs explicit validation,MAPPING_REVIEW_FIRST,"[""[\""gjensidige\"",\""hund\"",\""ordinary\"",\""gjensidige-hund-behandling\"",null]""]","[""Hund""]","First test exact reuse or source-bound provider-specific detail within an existing parent. A new key is allowed only if subject, trigger, unit, period or optionality would otherwise be lost or falsely equated.","Do not merge different event/subject/period/level merely to fill both sides. Existing type keys are candidates, not approved synonym mappings.","[""B-128""]","[""b5ff71687e44318f""]","[""GAP-2879""]",existing-type-registries.json#Hund,"[""subject"", ""trigger"", ""unit"", ""period"", ""limit_basis"", ""conditions"", ""level"", ""optionality"", ""provider/type/scope/version"", ""source""]","[{""finding_id"": ""GAP-2879"", ""source_fact_id"": ""SF-4030"", ""artifact"": ""catalog/sources/boat-pet/gjensidige-dog-treatment-terms.pdf"", ""location"": ""2""}]",Listed signature IDs → p1-triage.csv → frozen gap/source-fact inventory; batch evidence in triage.json,PENDING_REVIEW,REQUIRED_BEFORE_IMPLEMENTATION
CR-207,Tannulykke / omfang,[],No exact mapping approved in the audit,CANONICAL_REVIEW_FIRST,"[""[\""frende\"",\""hund\"",\""ordinary\"",\""frende-hund-veterin-r\"",\""2026-01-01\""]""]","[""Hund""]","First test exact reuse or source-bound provider-specific detail within an existing parent. A new key is allowed only if subject, trigger, unit, period or optionality would otherwise be lost or falsely equated.","Do not merge different event/subject/period/level merely to fill both sides. Existing type keys are candidates, not approved synonym mappings.","[""B-113""]","[""154245d8f272d40d""]","[""GAP-1261""]",existing-type-registries.json#Hund,"[""subject"", ""trigger"", ""unit"", ""period"", ""limit_basis"", ""conditions"", ""level"", ""optionality"", ""provider/type/scope/version"", ""source""]","[{""finding_id"": ""GAP-1261"", ""source_fact_id"": ""SF-1876"", ""artifact"": ""catalog/sources/boat-pet/frende-dog-terms.pdf"", ""location"": ""PDFside2,3punkt4.2""}]",Listed signature IDs → p1-triage.csv → frozen gap/source-fact inventory; batch evidence in triage.json,PENDING_REVIEW,REQUIRED_BEFORE_IMPLEMENTATION
CR-208,Tap / aldersfradrag,[],No exact mapping approved in the audit,CANONICAL_REVIEW_FIRST,"[""[\""frende\"",\""hund\"",\""ordinary\"",\""frende-hund-veterin-r\"",\""2026-01-01\""]""]","[""Hund""]","First test exact reuse or source-bound provider-specific detail within an existing parent. A new key is allowed only if subject, trigger, unit, period or optionality would otherwise be lost or falsely equated.","Do not merge different event/subject/period/level merely to fill both sides. Existing type keys are candidates, not approved synonym mappings.","[""B-113""]","[""7fc33bef666abb61""]","[""GAP-1274""]",existing-type-registries.json#Hund,"[""subject"", ""trigger"", ""unit"", ""period"", ""limit_basis"", ""conditions"", ""level"", ""optionality"", ""provider/type/scope/version"", ""source""]","[{""finding_id"": ""GAP-1274"", ""source_fact_id"": ""SF-1891"", ""artifact"": ""catalog/sources/boat-pet/frende-dog-terms.pdf"", ""location"": ""PDFside3,5punktHund8.5/Katt7.5""}]",Listed signature IDs → p1-triage.csv → frozen gap/source-fact inventory; batch evidence in triage.json,PENDING_REVIEW,REQUIRED_BEFORE_IMPLEMENTATION
CR-209,Tap / egenandel,[],No exact mapping approved in the audit,CANONICAL_REVIEW_FIRST,"[""[\""frende\"",\""hund\"",\""ordinary\"",\""frende-hund-veterin-r\"",\""2026-01-01\""]""]","[""Hund""]","First test exact reuse or source-bound provider-specific detail within an existing parent. A new key is allowed only if subject, trigger, unit, period or optionality would otherwise be lost or falsely equated.","Do not merge different event/subject/period/level merely to fill both sides. Existing type keys are candidates, not approved synonym mappings.","[""B-113""]","[""60b54a8732695a2b""]","[""GAP-1275""]",existing-type-registries.json#Hund,"[""subject"", ""trigger"", ""unit"", ""period"", ""limit_basis"", ""conditions"", ""level"", ""optionality"", ""provider/type/scope/version"", ""source""]","[{""finding_id"": ""GAP-1275"", ""source_fact_id"": ""SF-1892"", ""artifact"": ""catalog/sources/boat-pet/frende-dog-terms.pdf"", ""location"": ""PDFside4,5punktHund8.6/Katt7.6""}]",Listed signature IDs → p1-triage.csv → frozen gap/source-fact inventory; batch evidence in triage.json,PENDING_REVIEW,REQUIRED_BEFORE_IMPLEMENTATION
CR-210,Tap / oppgjør,[],No exact mapping approved in the audit,CANONICAL_REVIEW_FIRST,"[""[\""frende\"",\""hund\"",\""ordinary\"",\""frende-hund-veterin-r\"",\""2026-01-01\""]""]","[""Hund""]","First test exact reuse or source-bound provider-specific detail within an existing parent. A new key is allowed only if subject, trigger, unit, period or optionality would otherwise be lost or falsely equated.","Do not merge different event/subject/period/level merely to fill both sides. Existing type keys are candidates, not approved synonym mappings.","[""B-113""]","[""5adc00d837c7423d""]","[""GAP-1276""]",existing-type-registries.json#Hund,"[""subject"", ""trigger"", ""unit"", ""period"", ""limit_basis"", ""conditions"", ""level"", ""optionality"", ""provider/type/scope/version"", ""source""]","[{""finding_id"": ""GAP-1276"", ""source_fact_id"": ""SF-1893"", ""artifact"": ""catalog/sources/boat-pet/frende-dog-terms.pdf"", ""location"": ""PDFside3,4punktHund8.4/Katt7.4""}]",Listed signature IDs → p1-triage.csv → frozen gap/source-fact inventory; batch evidence in triage.json,PENDING_REVIEW,REQUIRED_BEFORE_IMPLEMENTATION
CR-211,Tegning / alder,[],No exact mapping approved in the audit,CANONICAL_REVIEW_FIRST,"[""[\""frende\"",\""hund\"",\""ordinary\"",\""frende-hund-veterin-r\"",\""2026-01-01\""]""]","[""Hund""]","First test exact reuse or source-bound provider-specific detail within an existing parent. A new key is allowed only if subject, trigger, unit, period or optionality would otherwise be lost or falsely equated.","Do not merge different event/subject/period/level merely to fill both sides. Existing type keys are candidates, not approved synonym mappings.","[""B-113""]","[""6f959b95a5e9e99a""]","[""GAP-1279""]",existing-type-registries.json#Hund,"[""subject"", ""trigger"", ""unit"", ""period"", ""limit_basis"", ""conditions"", ""level"", ""optionality"", ""provider/type/scope/version"", ""source""]","[{""finding_id"": ""GAP-1279"", ""source_fact_id"": ""SF-1896"", ""artifact"": ""catalog/sources/boat-pet/frende-dog-product.html"", ""location"": ""HTMLFAQ""}]",Listed signature IDs → p1-triage.csv → frozen gap/source-fact inventory; batch evidence in triage.json,PENDING_REVIEW,REQUIRED_BEFORE_IMPLEMENTATION
CR-212,Tegning / aldersvindu,"[""dyr.tegning.alder""]",Proposed key/type/detail relationship needs explicit validation,MAPPING_REVIEW_FIRST,"[""[\""gjensidige\"",\""hund\"",\""ordinary\"",\""gjensidige-hund-behandling\"",null]""]","[""Hund""]","First test exact reuse or source-bound provider-specific detail within an existing parent. A new key is allowed only if subject, trigger, unit, period or optionality would otherwise be lost or falsely equated.","Do not merge different event/subject/period/level merely to fill both sides. Existing type keys are candidates, not approved synonym mappings.","[""B-128""]","[""446407b317c1c523""]","[""GAP-2891""]",existing-type-registries.json#Hund,"[""subject"", ""trigger"", ""unit"", ""period"", ""limit_basis"", ""conditions"", ""level"", ""optionality"", ""provider/type/scope/version"", ""source""]","[{""finding_id"": ""GAP-2891"", ""source_fact_id"": ""SF-4043"", ""artifact"": ""catalog/sources/boat-pet/gjensidige-dog-product.html"", ""location"": ""FAQ""}]",Listed signature IDs → p1-triage.csv → frozen gap/source-fact inventory; batch evidence in triage.json,PENDING_REVIEW,REQUIRED_BEFORE_IMPLEMENTATION
CR-213,Valp/kattunge / sum/periode,"[""dyr.valpekull.dekning""]",Proposed key/type/detail relationship needs explicit validation,MAPPING_REVIEW_FIRST,"[""[\""tryg\"",\""hund\"",\""ordinary\"",\""tryg-hund-behandling\"",\""2026-09-01\""]""]","[""Hund""]","First test exact reuse or source-bound provider-specific detail within an existing parent. A new key is allowed only if subject, trigger, unit, period or optionality would otherwise be lost or falsely equated.","Do not merge different event/subject/period/level merely to fill both sides. Existing type keys are candidates, not approved synonym mappings.","[""B-177""]","[""226d1f921cc77a2b""]","[""GAP-4351""]",existing-type-registries.json#Hund,"[""subject"", ""trigger"", ""unit"", ""period"", ""limit_basis"", ""conditions"", ""level"", ""optionality"", ""provider/type/scope/version"", ""source""]","[{""finding_id"": ""GAP-4351"", ""source_fact_id"": ""SF-6203"", ""artifact"": ""catalog/sources/boat-pet/tryg-dog-extra-terms.pdf"", ""location"": ""1 §2""}]",Listed signature IDs → p1-triage.csv → frozen gap/source-fact inventory; batch evidence in triage.json,PENDING_REVIEW,REQUIRED_BEFORE_IMPLEMENTATION
CR-214,Valpekull / sum og omfang,[],No exact mapping approved in the audit,CANONICAL_REVIEW_FIRST,"[""[\""storebrand\"",\""hund\"",\""ordinary\"",\""storebrand-hund-veterin-r\"",\""2025-02-01\""]"", ""[\""storebrand\"",\""hund\"",\""ordinary\"",\""storebrand-hund-veterin-r-og-d-dsfall\"",\""2025-02-01\""]""]","[""Hund""]","First test exact reuse or source-bound provider-specific detail within an existing parent. A new key is allowed only if subject, trigger, unit, period or optionality would otherwise be lost or falsely equated.","Do not merge different event/subject/period/level merely to fill both sides. Existing type keys are candidates, not approved synonym mappings.","[""B-162""]","[""9ba9a11a948f1bd9""]","[""GAP-0149""]",existing-type-registries.json#Hund,"[""subject"", ""trigger"", ""unit"", ""period"", ""limit_basis"", ""conditions"", ""level"", ""optionality"", ""provider/type/scope/version"", ""source""]","[{""finding_id"": ""GAP-0149"", ""source_fact_id"": ""SF-0271"", ""artifact"": ""catalog/sources/boat-pet/storebrand-pet-terms.pdf"", ""location"": ""PDF side 5, B.4.1.6 (fortsetter side 6)""}]",Listed signature IDs → p1-triage.csv → frozen gap/source-fact inventory; batch evidence in triage.json,PENDING_REVIEW,REQUIRED_BEFORE_IMPLEMENTATION
CR-215,Varighet / opphør,"[""dyr.veterinar.opphor""]",Proposed key/type/detail relationship needs explicit validation,MAPPING_REVIEW_FIRST,"[""[\""gjensidige\"",\""hund\"",\""ordinary\"",\""gjensidige-hund-behandling\"",null]""]","[""Hund""]","First test exact reuse or source-bound provider-specific detail within an existing parent. A new key is allowed only if subject, trigger, unit, period or optionality would otherwise be lost or falsely equated.","Do not merge different event/subject/period/level merely to fill both sides. Existing type keys are candidates, not approved synonym mappings.","[""B-128""]","[""28c15328bda2a2d9""]","[""GAP-2871""]",existing-type-registries.json#Hund,"[""subject"", ""trigger"", ""unit"", ""period"", ""limit_basis"", ""conditions"", ""level"", ""optionality"", ""provider/type/scope/version"", ""source""]","[{""finding_id"": ""GAP-2871"", ""source_fact_id"": ""SF-4020"", ""artifact"": ""catalog/sources/boat-pet/gjensidige-dog-product.html"", ""location"": ""Opphør3;FAQ""}]",Listed signature IDs → p1-triage.csv → frozen gap/source-fact inventory; batch evidence in triage.json,PENDING_REVIEW,REQUIRED_BEFORE_IMPLEMENTATION
CR-216,Varighet / termination,[],No exact mapping approved in the audit,CANONICAL_REVIEW_FIRST,"[""[\""sparebank1-fremtind\"",\""hund\"",\""ordinary\"",\""sparebank1-fremtind-hund-veterin-r\"",\""2025-08-07\""]""]","[""Hund""]","First test exact reuse or source-bound provider-specific detail within an existing parent. A new key is allowed only if subject, trigger, unit, period or optionality would otherwise be lost or falsely equated.","Do not merge different event/subject/period/level merely to fill both sides. Existing type keys are candidates, not approved synonym mappings.","[""B-155""]","[""4be6b4beca33f587""]","[""GAP-5594""]",existing-type-registries.json#Hund,"[""subject"", ""trigger"", ""unit"", ""period"", ""limit_basis"", ""conditions"", ""level"", ""optionality"", ""provider/type/scope/version"", ""source""]","[{""finding_id"": ""GAP-5594"", ""source_fact_id"": ""SF-7937"", ""artifact"": ""catalog/sources/boat-pet/fremtind-dog-vet-terms.pdf"", ""location"": ""§8s2;webvarighet""}]",Listed signature IDs → p1-triage.csv → frozen gap/source-fact inventory; batch evidence in triage.json,PENDING_REVIEW,REQUIRED_BEFORE_IMPLEMENTATION
CR-217,Veterinær / behandlingssted,[],No exact mapping approved in the audit,CANONICAL_REVIEW_FIRST,"[""[\""storebrand\"",\""hund\"",\""ordinary\"",\""storebrand-hund-veterin-r\"",\""2025-02-01\""]"", ""[\""storebrand\"",\""hund\"",\""ordinary\"",\""storebrand-hund-veterin-r-og-d-dsfall\"",\""2025-02-01\""]""]","[""Hund""]","First test exact reuse or source-bound provider-specific detail within an existing parent. A new key is allowed only if subject, trigger, unit, period or optionality would otherwise be lost or falsely equated.","Do not merge different event/subject/period/level merely to fill both sides. Existing type keys are candidates, not approved synonym mappings.","[""B-162""]","[""c38dcfe9b1db9488""]","[""GAP-0138""]",existing-type-registries.json#Hund,"[""subject"", ""trigger"", ""unit"", ""period"", ""limit_basis"", ""conditions"", ""level"", ""optionality"", ""provider/type/scope/version"", ""source""]","[{""finding_id"": ""GAP-0138"", ""source_fact_id"": ""SF-0257"", ""artifact"": ""catalog/sources/boat-pet/storebrand-pet-terms.pdf"", ""location"": ""PDF side 4, B.4.1""}]",Listed signature IDs → p1-triage.csv → frozen gap/source-fact inventory; batch evidence in triage.json,PENDING_REVIEW,REQUIRED_BEFORE_IMPLEMENTATION
CR-218,Veterinær / geografisk omfang,[],No exact mapping approved in the audit,CANONICAL_REVIEW_FIRST,"[""[\""storebrand\"",\""hund\"",\""ordinary\"",\""storebrand-hund-veterin-r\"",\""2025-02-01\""]"", ""[\""storebrand\"",\""hund\"",\""ordinary\"",\""storebrand-hund-veterin-r-og-d-dsfall\"",\""2025-02-01\""]""]","[""Hund""]","First test exact reuse or source-bound provider-specific detail within an existing parent. A new key is allowed only if subject, trigger, unit, period or optionality would otherwise be lost or falsely equated.","Do not merge different event/subject/period/level merely to fill both sides. Existing type keys are candidates, not approved synonym mappings.","[""B-162""]","[""cd6433f5c9e62228""]","[""GAP-0137""]",existing-type-registries.json#Hund,"[""subject"", ""trigger"", ""unit"", ""period"", ""limit_basis"", ""conditions"", ""level"", ""optionality"", ""provider/type/scope/version"", ""source""]","[{""finding_id"": ""GAP-0137"", ""source_fact_id"": ""SF-0256"", ""artifact"": ""catalog/sources/boat-pet/storebrand-pet-terms.pdf"", ""location"": ""PDF side 3, B.1.2""}]",Listed signature IDs → p1-triage.csv → frozen gap/source-fact inventory; batch evidence in triage.json,PENDING_REVIEW,REQUIRED_BEFORE_IMPLEMENTATION
CR-219,Veterinær / kastrering/sterilisering,[],No exact mapping approved in the audit,CANONICAL_REVIEW_FIRST,"[""[\""storebrand\"",\""hund\"",\""ordinary\"",\""storebrand-hund-veterin-r\"",\""2025-02-01\""]"", ""[\""storebrand\"",\""hund\"",\""ordinary\"",\""storebrand-hund-veterin-r-og-d-dsfall\"",\""2025-02-01\""]""]","[""Hund""]","First test exact reuse or source-bound provider-specific detail within an existing parent. A new key is allowed only if subject, trigger, unit, period or optionality would otherwise be lost or falsely equated.","Do not merge different event/subject/period/level merely to fill both sides. Existing type keys are candidates, not approved synonym mappings.","[""B-162""]","[""f763485bd44845ce""]","[""GAP-0154""]",existing-type-registries.json#Hund,"[""subject"", ""trigger"", ""unit"", ""period"", ""limit_basis"", ""conditions"", ""level"", ""optionality"", ""provider/type/scope/version"", ""source""]","[{""finding_id"": ""GAP-0154"", ""source_fact_id"": ""SF-0276"", ""artifact"": ""catalog/sources/boat-pet/storebrand-pet-terms.pdf"", ""location"": ""PDF side 6, B.4.2""}]",Listed signature IDs → p1-triage.csv → frozen gap/source-fact inventory; batch evidence in triage.json,PENDING_REVIEW,REQUIRED_BEFORE_IMPLEMENTATION
CR-220,Veterinær / komplikasjoner,[],No exact mapping approved in the audit,CANONICAL_REVIEW_FIRST,"[""[\""storebrand\"",\""hund\"",\""ordinary\"",\""storebrand-hund-veterin-r\"",\""2025-02-01\""]"", ""[\""storebrand\"",\""hund\"",\""ordinary\"",\""storebrand-hund-veterin-r-og-d-dsfall\"",\""2025-02-01\""]""]","[""Hund""]","First test exact reuse or source-bound provider-specific detail within an existing parent. A new key is allowed only if subject, trigger, unit, period or optionality would otherwise be lost or falsely equated.","Do not merge different event/subject/period/level merely to fill both sides. Existing type keys are candidates, not approved synonym mappings.","[""B-162""]","[""37a9f587dcfa827a""]","[""GAP-0153""]",existing-type-registries.json#Hund,"[""subject"", ""trigger"", ""unit"", ""period"", ""limit_basis"", ""conditions"", ""level"", ""optionality"", ""provider/type/scope/version"", ""source""]","[{""finding_id"": ""GAP-0153"", ""source_fact_id"": ""SF-0275"", ""artifact"": ""catalog/sources/boat-pet/storebrand-pet-terms.pdf"", ""location"": ""PDF side 6, B.4.2""}]",Listed signature IDs → p1-triage.csv → frozen gap/source-fact inventory; batch evidence in triage.json,PENDING_REVIEW,REQUIRED_BEFORE_IMPLEMENTATION
CR-221,Veterinær / opphørsalder,[],No exact mapping approved in the audit,CANONICAL_REVIEW_FIRST,"[""[\""frende\"",\""hund\"",\""ordinary\"",\""frende-hund-veterin-r\"",\""2026-01-01\""]""]","[""Hund""]","First test exact reuse or source-bound provider-specific detail within an existing parent. A new key is allowed only if subject, trigger, unit, period or optionality would otherwise be lost or falsely equated.","Do not merge different event/subject/period/level merely to fill both sides. Existing type keys are candidates, not approved synonym mappings.","[""B-113""]","[""a6e77280c4ec8cea""]","[""GAP-1282""]",existing-type-registries.json#Hund,"[""subject"", ""trigger"", ""unit"", ""period"", ""limit_basis"", ""conditions"", ""level"", ""optionality"", ""provider/type/scope/version"", ""source""]","[{""finding_id"": ""GAP-1282"", ""source_fact_id"": ""SF-1899"", ""artifact"": ""catalog/sources/boat-pet/frende-dog-product.html"", ""location"": ""HTMLFAQ""}]",Listed signature IDs → p1-triage.csv → frozen gap/source-fact inventory; batch evidence in triage.json,PENDING_REVIEW,REQUIRED_BEFORE_IMPLEMENTATION
CR-222,Aldersfradrag / trigger,[],No exact mapping approved in the audit,CANONICAL_REVIEW_FIRST,"[""[\""fremtind\"",\""bolig\"",\""ordinary\"",\""fremtind-hus-standard\"",\""PBK-200.100-015+PBK-200.200-010\""]"", ""[\""fremtind\"",\""bolig\"",\""ordinary\"",\""fremtind-hus-topp\"",\""PBK-200.100-015+PBK-200.200-010\""]""]","[""Hus""]","First test exact reuse or source-bound provider-specific detail within an existing parent. A new key is allowed only if subject, trigger, unit, period or optionality would otherwise be lost or falsely equated.","Do not merge different event/subject/period/level merely to fill both sides. Existing type keys are candidates, not approved synonym mappings.","[""B-102""]","[""51dbc00a052ea7a0""]","[""GAP-5091""]",existing-type-registries.json#Hus,"[""subject"", ""trigger"", ""unit"", ""period"", ""limit_basis"", ""conditions"", ""level"", ""optionality"", ""provider/type/scope/version"", ""source""]","[{""finding_id"": ""GAP-5091"", ""source_fact_id"": ""SF-7285"", ""artifact"": ""catalog/sources/fremtind/hus/canonical/Vilkar_Topp_Hus.pdf"", ""location"": ""Standard §5.3 s6""}]",Listed signature IDs → p1-triage.csv → frozen gap/source-fact inventory; batch evidence in triage.json,PENDING_REVIEW,REQUIRED_BEFORE_IMPLEMENTATION
CR-223,Egenbrukstap / beregning,[],No exact mapping approved in the audit,CANONICAL_REVIEW_FIRST,"[""[\""frende\"",\""bolig\"",\""ordinary\"",\""frende-hus-standard\"",\""2026-09-01\""]"", ""[\""frende\"",\""bolig\"",\""ordinary\"",\""frende-hus-utvidet\"",\""2026-09-01\""]""]","[""Hus""]","First test exact reuse or source-bound provider-specific detail within an existing parent. A new key is allowed only if subject, trigger, unit, period or optionality would otherwise be lost or falsely equated.","Do not merge different event/subject/period/level merely to fill both sides. Existing type keys are candidates, not approved synonym mappings.","[""B-114""]","[""fb3b785d3cffcce2""]","[""GAP-0299""]",existing-type-registries.json#Hus,"[""subject"", ""trigger"", ""unit"", ""period"", ""limit_basis"", ""conditions"", ""level"", ""optionality"", ""provider/type/scope/version"", ""source""]","[{""finding_id"": ""GAP-0299"", ""source_fact_id"": ""SF-0514"", ""artifact"": ""catalog/sources/frende/hus/canonical/Vilkar-husforsikring.pdf"", ""location"": ""PDF side 7, 6.10, fortsetter side8""}]",Listed signature IDs → p1-triage.csv → frozen gap/source-fact inventory; batch evidence in triage.json,PENDING_REVIEW,REQUIRED_BEFORE_IMPLEMENTATION
CR-224,Fraflyttet / dekning,[],No exact mapping approved in the audit,CANONICAL_REVIEW_FIRST,"[""[\""gjensidige\"",\""bolig\"",\""ordinary\"",\""gjensidige-hus\"",\""Alminnelige vilkår\""]"", ""[\""gjensidige\"",\""bolig\"",\""ordinary\"",\""gjensidige-hus-pluss\"",\""Alminnelige vilkår\""]""]","[""Hus""]","First test exact reuse or source-bound provider-specific detail within an existing parent. A new key is allowed only if subject, trigger, unit, period or optionality would otherwise be lost or falsely equated.","Do not merge different event/subject/period/level merely to fill both sides. Existing type keys are candidates, not approved synonym mappings.","[""B-130""]","[""597df4c45c6d3db9""]","[""GAP-2122""]",existing-type-registries.json#Hus,"[""subject"", ""trigger"", ""unit"", ""period"", ""limit_basis"", ""conditions"", ""level"", ""optionality"", ""provider/type/scope/version"", ""source""]","[{""finding_id"": ""GAP-2122"", ""source_fact_id"": ""SF-3049"", ""artifact"": ""catalog/sources/gjensidige/hus/Hus-Standard-alminnelige-vilkar.pdf"", ""location"": ""PDF 2""}]",Listed signature IDs → p1-triage.csv → frozen gap/source-fact inventory; batch evidence in triage.json,PENDING_REVIEW,REQUIRED_BEFORE_IMPLEMENTATION
CR-225,Fraflyttet / restriksjon,"[""hus.fraflyttet.begrensning""]",Proposed key/type/detail relationship needs explicit validation,MAPPING_REVIEW_FIRST,"[""[\""if\"",\""bolig\"",\""ordinary\"",\""if-hus-basis\"",\""2023-09\""]"", ""[\""if\"",\""bolig\"",\""ordinary\"",\""if-hus-super\"",\""2023-09\""]"", ""[\""if\"",\""bolig\"",\""ordinary\"",\""if-hus-utvidet\"",\""2023-09\""]""]","[""Hus""]","First test exact reuse or source-bound provider-specific detail within an existing parent. A new key is allowed only if subject, trigger, unit, period or optionality would otherwise be lost or falsely equated.","Do not merge different event/subject/period/level merely to fill both sides. Existing type keys are candidates, not approved synonym mappings.","[""B-145""]","[""61af1e6205ce72f4""]","[""GAP-3477""]",existing-type-registries.json#Hus,"[""subject"", ""trigger"", ""unit"", ""period"", ""limit_basis"", ""conditions"", ""level"", ""optionality"", ""provider/type/scope/version"", ""source""]","[{""finding_id"": ""GAP-3477"", ""source_fact_id"": ""SF-4913"", ""artifact"": ""catalog/sources/if/hus/Bygningsforsikring.pdf"", ""location"": ""21–22 pkt6.1.1""}]",Listed signature IDs → p1-triage.csv → frozen gap/source-fact inventory; batch evidence in triage.json,PENDING_REVIEW,REQUIRED_BEFORE_IMPLEMENTATION
CR-226,Fullverdi / underforsikring,[],No exact mapping approved in the audit,CANONICAL_REVIEW_FIRST,"[""[\""gjensidige\"",\""bolig\"",\""ordinary\"",\""gjensidige-hus\"",\""Alminnelige vilkår\""]"", ""[\""gjensidige\"",\""bolig\"",\""ordinary\"",\""gjensidige-hus-pluss\"",\""Alminnelige vilkår\""]""]","[""Hus""]","First test exact reuse or source-bound provider-specific detail within an existing parent. A new key is allowed only if subject, trigger, unit, period or optionality would otherwise be lost or falsely equated.","Do not merge different event/subject/period/level merely to fill both sides. Existing type keys are candidates, not approved synonym mappings.","[""B-130""]","[""15f5b4a3e9f79fd2""]","[""GAP-2115""]",existing-type-registries.json#Hus,"[""subject"", ""trigger"", ""unit"", ""period"", ""limit_basis"", ""conditions"", ""level"", ""optionality"", ""provider/type/scope/version"", ""source""]","[{""finding_id"": ""GAP-2115"", ""source_fact_id"": ""SF-3033"", ""artifact"": ""catalog/sources/gjensidige/hus/Hus-Standard-alminnelige-vilkar.pdf"", ""location"": ""PDF 2,17""}]",Listed signature IDs → p1-triage.csv → frozen gap/source-fact inventory; batch evidence in triage.json,PENDING_REVIEW,REQUIRED_BEFORE_IMPLEMENTATION
CR-227,Innvendig rør / ekstrafradrag,"[""hus.ror.innvendig.alderfradrag""]",Proposed key/type/detail relationship needs explicit validation,MAPPING_REVIEW_FIRST,"[""[\""if\"",\""bolig\"",\""ordinary\"",\""if-hus-basis\"",\""2023-09\""]"", ""[\""if\"",\""bolig\"",\""ordinary\"",\""if-hus-super\"",\""2023-09\""]"", ""[\""if\"",\""bolig\"",\""ordinary\"",\""if-hus-utvidet\"",\""2023-09\""]""]","[""Hus""]","First test exact reuse or source-bound provider-specific detail within an existing parent. A new key is allowed only if subject, trigger, unit, period or optionality would otherwise be lost or falsely equated.","Do not merge different event/subject/period/level merely to fill both sides. Existing type keys are candidates, not approved synonym mappings.","[""B-145""]","[""3ada582ab7501f6b""]","[""GAP-3475""]",existing-type-registries.json#Hus,"[""subject"", ""trigger"", ""unit"", ""period"", ""limit_basis"", ""conditions"", ""level"", ""optionality"", ""provider/type/scope/version"", ""source""]","[{""finding_id"": ""GAP-3475"", ""source_fact_id"": ""SF-4906"", ""artifact"": ""catalog/sources/if/hus/Bygningsforsikring.pdf"", ""location"": ""19 pkt5.7.2""}]",Listed signature IDs → p1-triage.csv → frozen gap/source-fact inventory; batch evidence in triage.json,PENDING_REVIEW,REQUIRED_BEFORE_IMPLEMENTATION
CR-228,Personkrets / sikrede,[],No exact mapping approved in the audit,CANONICAL_REVIEW_FIRST,"[""[\""gjensidige\"",\""bolig\"",\""ordinary\"",\""gjensidige-hus\"",\""Alminnelige vilkår\""]"", ""[\""gjensidige\"",\""bolig\"",\""ordinary\"",\""gjensidige-hus-pluss\"",\""Alminnelige vilkår\""]""]","[""Hus""]","First test exact reuse or source-bound provider-specific detail within an existing parent. A new key is allowed only if subject, trigger, unit, period or optionality would otherwise be lost or falsely equated.","Do not merge different event/subject/period/level merely to fill both sides. Existing type keys are candidates, not approved synonym mappings.","[""B-130""]","[""d58bff0e6b2d46eb""]","[""GAP-2081""]",existing-type-registries.json#Hus,"[""subject"", ""trigger"", ""unit"", ""period"", ""limit_basis"", ""conditions"", ""level"", ""optionality"", ""provider/type/scope/version"", ""source""]","[{""finding_id"": ""GAP-2081"", ""source_fact_id"": ""SF-2982"", ""artifact"": ""catalog/sources/gjensidige/hus/Hus-Standard-alminnelige-vilkar.pdf"", ""location"": ""PDF 3""}]",Listed signature IDs → p1-triage.csv → frozen gap/source-fact inventory; batch evidence in triage.json,PENDING_REVIEW,REQUIRED_BEFORE_IMPLEMENTATION
CR-229,Sikkerhet / frost/bygningsvern,[],No exact mapping approved in the audit,CANONICAL_REVIEW_FIRST,"[""[\""gjensidige\"",\""bolig\"",\""ordinary\"",\""gjensidige-hus\"",\""Alminnelige vilkår\""]"", ""[\""gjensidige\"",\""bolig\"",\""ordinary\"",\""gjensidige-hus-pluss\"",\""Alminnelige vilkår\""]""]","[""Hus""]","First test exact reuse or source-bound provider-specific detail within an existing parent. A new key is allowed only if subject, trigger, unit, period or optionality would otherwise be lost or falsely equated.","Do not merge different event/subject/period/level merely to fill both sides. Existing type keys are candidates, not approved synonym mappings.","[""B-130""]","[""ce90710821e28a97""]","[""GAP-2121""]",existing-type-registries.json#Hus,"[""subject"", ""trigger"", ""unit"", ""period"", ""limit_basis"", ""conditions"", ""level"", ""optionality"", ""provider/type/scope/version"", ""source""]","[{""finding_id"": ""GAP-2121"", ""source_fact_id"": ""SF-3048"", ""artifact"": ""catalog/sources/gjensidige/hus/Hus-Standard-alminnelige-vilkar.pdf"", ""location"": ""PDF 1""}]",Listed signature IDs → p1-triage.csv → frozen gap/source-fact inventory; batch evidence in triage.json,PENDING_REVIEW,REQUIRED_BEFORE_IMPLEMENTATION
CR-230,Skadedyr / skade og bekjempelse,"[""hus.skadedyr.bekjempelse"", ""hus.skadedyr.bygningsskade""]",Proposed key/type/detail relationship needs explicit validation,MAPPING_REVIEW_FIRST,"[""[\""gjensidige\"",\""bolig\"",\""ordinary\"",\""gjensidige-hus-pluss\"",\""Alminnelige vilkår\""]""]","[""Hus""]","First test exact reuse or source-bound provider-specific detail within an existing parent. A new key is allowed only if subject, trigger, unit, period or optionality would otherwise be lost or falsely equated.","Do not merge different event/subject/period/level merely to fill both sides. Existing type keys are candidates, not approved synonym mappings.","[""B-020""]","[""fd13be8474440377""]","[""GAP-2147""]",existing-type-registries.json#Hus,"[""subject"", ""trigger"", ""unit"", ""period"", ""limit_basis"", ""conditions"", ""level"", ""optionality"", ""provider/type/scope/version"", ""source""]","[{""finding_id"": ""GAP-2147"", ""source_fact_id"": ""SF-3082"", ""artifact"": ""catalog/sources/gjensidige/hus/Hus-Pluss-alminnelige-vilkar.pdf"", ""location"": ""PDF 3""}]",Listed signature IDs → p1-triage.csv → frozen gap/source-fact inventory; batch evidence in triage.json,PENDING_REVIEW,REQUIRED_BEFORE_IMPLEMENTATION
CR-231,Skadedyr / tilvalg erstatter grunnregel,"[""hus.skadedyr.bekjempelse"", ""hus.skadedyr.bygningsskade""]",Proposed key/type/detail relationship needs explicit validation,MAPPING_REVIEW_FIRST,"[""[\""gjensidige\"",\""bolig\"",\""ordinary\"",\""gjensidige-hus\"",\""Alminnelige vilkår\""]""]","[""Hus""]","First test exact reuse or source-bound provider-specific detail within an existing parent. A new key is allowed only if subject, trigger, unit, period or optionality would otherwise be lost or falsely equated.","Do not merge different event/subject/period/level merely to fill both sides. Existing type keys are candidates, not approved synonym mappings.","[""B-020""]","[""eb5ab1901f70dfbd""]","[""GAP-2134""]",existing-type-registries.json#Hus,"[""subject"", ""trigger"", ""unit"", ""period"", ""limit_basis"", ""conditions"", ""level"", ""optionality"", ""provider/type/scope/version"", ""source""]","[{""finding_id"": ""GAP-2134"", ""source_fact_id"": ""SF-3064"", ""artifact"": ""catalog/sources/gjensidige/hus/Hus-Standard-alminnelige-vilkar.pdf"", ""location"": ""PDF3""}]",Listed signature IDs → p1-triage.csv → frozen gap/source-fact inventory; batch evidence in triage.json,PENDING_REVIEW,REQUIRED_BEFORE_IMPLEMENTATION
CR-232,Tegning / Superkrav,[],No exact mapping approved in the audit,CANONICAL_REVIEW_FIRST,"[""[\""storebrand\"",\""bolig\"",\""ordinary\"",\""storebrand-hus-super\"",\""2025-08-15\""]""]","[""Hus""]","First test exact reuse or source-bound provider-specific detail within an existing parent. A new key is allowed only if subject, trigger, unit, period or optionality would otherwise be lost or falsely equated.","Do not merge different event/subject/period/level merely to fill both sides. Existing type keys are candidates, not approved synonym mappings.","[""B-163""]","[""7f0517cf0c6dc557""]","[""GAP-1039""]",existing-type-registries.json#Hus,"[""subject"", ""trigger"", ""unit"", ""period"", ""limit_basis"", ""conditions"", ""level"", ""optionality"", ""provider/type/scope/version"", ""source""]","[{""finding_id"": ""GAP-1039"", ""source_fact_id"": ""SF-1598"", ""artifact"": ""catalog/sources/storebrand/hus/Husforsikring-produktside.html"", ""location"": ""HTML FAQ, Produktside FAQ""}]",Listed signature IDs → p1-triage.csv → frozen gap/source-fact inventory; batch evidence in triage.json,PENDING_REVIEW,REQUIRED_BEFORE_IMPLEMENTATION
CR-233,Ubebodd / reduksjon,[],No exact mapping approved in the audit,CANONICAL_REVIEW_FIRST,"[""[\""storebrand\"",\""bolig\"",\""ordinary\"",\""storebrand-hus-standard\"",\""2025-08-15\""]"", ""[\""storebrand\"",\""bolig\"",\""ordinary\"",\""storebrand-hus-super\"",\""2025-08-15\""]""]","[""Hus""]","First test exact reuse or source-bound provider-specific detail within an existing parent. A new key is allowed only if subject, trigger, unit, period or optionality would otherwise be lost or falsely equated.","Do not merge different event/subject/period/level merely to fill both sides. Existing type keys are candidates, not approved synonym mappings.","[""B-163""]","[""6e8155400003fd24""]","[""GAP-0981""]",existing-type-registries.json#Hus,"[""subject"", ""trigger"", ""unit"", ""period"", ""limit_basis"", ""conditions"", ""level"", ""optionality"", ""provider/type/scope/version"", ""source""]","[{""finding_id"": ""GAP-0981"", ""source_fact_id"": ""SF-1509"", ""artifact"": ""catalog/sources/storebrand/hus/Vilkar-hus-og-hytte-HUS10.pdf"", ""location"": ""PDF fysisk side 33, B.8.2.8""}]",Listed signature IDs → p1-triage.csv → frozen gap/source-fact inventory; batch evidence in triage.json,PENDING_REVIEW,REQUIRED_BEFORE_IMPLEMENTATION
CR-234,Utleie / oppgjør,[],No exact mapping approved in the audit,CANONICAL_REVIEW_FIRST,"[""[\""storebrand\"",\""bolig\"",\""ordinary\"",\""storebrand-hus-standard\"",\""2025-08-15\""]"", ""[\""storebrand\"",\""bolig\"",\""ordinary\"",\""storebrand-hus-super\"",\""2025-08-15\""]""]","[""Hus""]","First test exact reuse or source-bound provider-specific detail within an existing parent. A new key is allowed only if subject, trigger, unit, period or optionality would otherwise be lost or falsely equated.","Do not merge different event/subject/period/level merely to fill both sides. Existing type keys are candidates, not approved synonym mappings.","[""B-163""]","[""cf375991085cd82d""]","[""GAP-0989""]",existing-type-registries.json#Hus,"[""subject"", ""trigger"", ""unit"", ""period"", ""limit_basis"", ""conditions"", ""level"", ""optionality"", ""provider/type/scope/version"", ""source""]","[{""finding_id"": ""GAP-0989"", ""source_fact_id"": ""SF-1526"", ""artifact"": ""catalog/sources/storebrand/hus/Vilkar-utleieforsikring-UTLEI03.pdf"", ""location"": ""PDF side5–7, A.6""}]",Listed signature IDs → p1-triage.csv → frozen gap/source-fact inventory; batch evidence in triage.json,PENDING_REVIEW,REQUIRED_BEFORE_IMPLEMENTATION
CR-235,Vann / unntak,"[""hus.vann.begrensning""]",Proposed key/type/detail relationship needs explicit validation,MAPPING_REVIEW_FIRST,"[""[\""if\"",\""bolig\"",\""ordinary\"",\""if-hus-basis\"",\""2023-09\""]"", ""[\""if\"",\""bolig\"",\""ordinary\"",\""if-hus-super\"",\""2023-09\""]"", ""[\""if\"",\""bolig\"",\""ordinary\"",\""if-hus-utvidet\"",\""2023-09\""]""]","[""Hus""]","First test exact reuse or source-bound provider-specific detail within an existing parent. A new key is allowed only if subject, trigger, unit, period or optionality would otherwise be lost or falsely equated.","Do not merge different event/subject/period/level merely to fill both sides. Existing type keys are candidates, not approved synonym mappings.","[""B-145""]","[""fdab30e341873074""]","[""GAP-3460""]",existing-type-registries.json#Hus,"[""subject"", ""trigger"", ""unit"", ""period"", ""limit_basis"", ""conditions"", ""level"", ""optionality"", ""provider/type/scope/version"", ""source""]","[{""finding_id"": ""GAP-3460"", ""source_fact_id"": ""SF-4881"", ""artifact"": ""catalog/sources/if/hus/Bygningsforsikring.pdf"", ""location"": ""8 pkt4.4""}]",Listed signature IDs → p1-triage.csv → frozen gap/source-fact inventory; batch evidence in triage.json,PENDING_REVIEW,REQUIRED_BEFORE_IMPLEMENTATION
CR-236,Vann / utløser,"[""hus.vann.utstromming"", ""hus.ror.brudd"", ""hus.vann.terreng"", ""hus.hage.vann""]",Proposed key/type/detail relationship needs explicit validation,MAPPING_REVIEW_FIRST,"[""[\""if\"",\""bolig\"",\""ordinary\"",\""if-hus-basis\"",\""2023-09\""]"", ""[\""if\"",\""bolig\"",\""ordinary\"",\""if-hus-super\"",\""2023-09\""]"", ""[\""if\"",\""bolig\"",\""ordinary\"",\""if-hus-utvidet\"",\""2023-09\""]""]","[""Hus""]","First test exact reuse or source-bound provider-specific detail within an existing parent. A new key is allowed only if subject, trigger, unit, period or optionality would otherwise be lost or falsely equated.","Do not merge different event/subject/period/level merely to fill both sides. Existing type keys are candidates, not approved synonym mappings.","[""B-145""]","[""bacc2fb345fb8782""]","[""GAP-3459""]",existing-type-registries.json#Hus,"[""subject"", ""trigger"", ""unit"", ""period"", ""limit_basis"", ""conditions"", ""level"", ""optionality"", ""provider/type/scope/version"", ""source""]","[{""finding_id"": ""GAP-3459"", ""source_fact_id"": ""SF-4879"", ""artifact"": ""catalog/sources/if/hus/Bygningsforsikring.pdf"", ""location"": ""7–8 pkt4.4""}]",Listed signature IDs → p1-triage.csv → frozen gap/source-fact inventory; batch evidence in triage.json,PENDING_REVIEW,REQUIRED_BEFORE_IMPLEMENTATION
CR-237,Aldersfradrag / annetinnbo,[],No exact mapping approved in the audit,CANONICAL_REVIEW_FIRST,"[""[\""gjensidige\"",\""innbo\"",\""ordinary\"",\""gj-innbo\"",null]"", ""[\""gjensidige\"",\""innbo\"",\""ordinary\"",\""gj-innbo-pluss\"",null]""]","[""Innbo""]","First test exact reuse or source-bound provider-specific detail within an existing parent. A new key is allowed only if subject, trigger, unit, period or optionality would otherwise be lost or falsely equated.","Do not merge different event/subject/period/level merely to fill both sides. Existing type keys are candidates, not approved synonym mappings.","[""B-131""]","[""97207d48d4f90e06""]","[""GAP-2015""]",existing-type-registries.json#Innbo,"[""subject"", ""trigger"", ""unit"", ""period"", ""limit_basis"", ""conditions"", ""level"", ""optionality"", ""provider/type/scope/version"", ""source""]","[{""finding_id"": ""GAP-2015"", ""source_fact_id"": ""SF-2895"", ""artifact"": ""catalog/sources/gjensidige/innbo/Gjensidige_Innbo_Standard_alminnelige_vilkar.pdf"", ""location"": ""PDF 15""}]",Listed signature IDs → p1-triage.csv → frozen gap/source-fact inventory; batch evidence in triage.json,PENDING_REVIEW,REQUIRED_BEFORE_IMPLEMENTATION
CR-238,Aldersfradrag / briller/dekk,[],No exact mapping approved in the audit,CANONICAL_REVIEW_FIRST,"[""[\""gjensidige\"",\""innbo\"",\""ordinary\"",\""gj-innbo\"",null]"", ""[\""gjensidige\"",\""innbo\"",\""ordinary\"",\""gj-innbo-pluss\"",null]""]","[""Innbo""]","First test exact reuse or source-bound provider-specific detail within an existing parent. A new key is allowed only if subject, trigger, unit, period or optionality would otherwise be lost or falsely equated.","Do not merge different event/subject/period/level merely to fill both sides. Existing type keys are candidates, not approved synonym mappings.","[""B-131""]","[""0ddb98e195d5d641""]","[""GAP-2014""]",existing-type-registries.json#Innbo,"[""subject"", ""trigger"", ""unit"", ""period"", ""limit_basis"", ""conditions"", ""level"", ""optionality"", ""provider/type/scope/version"", ""source""]","[{""finding_id"": ""GAP-2014"", ""source_fact_id"": ""SF-2894"", ""artifact"": ""catalog/sources/gjensidige/innbo/Gjensidige_Innbo_Standard_alminnelige_vilkar.pdf"", ""location"": ""PDF 15""}]",Listed signature IDs → p1-triage.csv → frozen gap/source-fact inventory; batch evidence in triage.json,PENDING_REVIEW,REQUIRED_BEFORE_IMPLEMENTATION
CR-239,Aldersfradrag / datamobil,[],No exact mapping approved in the audit,CANONICAL_REVIEW_FIRST,"[""[\""gjensidige\"",\""innbo\"",\""ordinary\"",\""gj-innbo\"",null]"", ""[\""gjensidige\"",\""innbo\"",\""ordinary\"",\""gj-innbo-pluss\"",null]""]","[""Innbo""]","First test exact reuse or source-bound provider-specific detail within an existing parent. A new key is allowed only if subject, trigger, unit, period or optionality would otherwise be lost or falsely equated.","Do not merge different event/subject/period/level merely to fill both sides. Existing type keys are candidates, not approved synonym mappings.","[""B-131""]","[""3209fce1d14e5553""]","[""GAP-2010""]",existing-type-registries.json#Innbo,"[""subject"", ""trigger"", ""unit"", ""period"", ""limit_basis"", ""conditions"", ""level"", ""optionality"", ""provider/type/scope/version"", ""source""]","[{""finding_id"": ""GAP-2010"", ""source_fact_id"": ""SF-2890"", ""artifact"": ""catalog/sources/gjensidige/innbo/Gjensidige_Innbo_Standard_alminnelige_vilkar.pdf"", ""location"": ""PDF 15""}]",Listed signature IDs → p1-triage.csv → frozen gap/source-fact inventory; batch evidence in triage.json,PENDING_REVIEW,REQUIRED_BEFORE_IMPLEMENTATION
CR-240,Aldersfradrag / hvitevarelydbilde,[],No exact mapping approved in the audit,CANONICAL_REVIEW_FIRST,"[""[\""gjensidige\"",\""innbo\"",\""ordinary\"",\""gj-innbo\"",null]"", ""[\""gjensidige\"",\""innbo\"",\""ordinary\"",\""gj-innbo-pluss\"",null]""]","[""Innbo""]","First test exact reuse or source-bound provider-specific detail within an existing parent. A new key is allowed only if subject, trigger, unit, period or optionality would otherwise be lost or falsely equated.","Do not merge different event/subject/period/level merely to fill both sides. Existing type keys are candidates, not approved synonym mappings.","[""B-131""]","[""980b20fa16f7202f""]","[""GAP-2011""]",existing-type-registries.json#Innbo,"[""subject"", ""trigger"", ""unit"", ""period"", ""limit_basis"", ""conditions"", ""level"", ""optionality"", ""provider/type/scope/version"", ""source""]","[{""finding_id"": ""GAP-2011"", ""source_fact_id"": ""SF-2891"", ""artifact"": ""catalog/sources/gjensidige/innbo/Gjensidige_Innbo_Standard_alminnelige_vilkar.pdf"", ""location"": ""PDF 15""}]",Listed signature IDs → p1-triage.csv → frozen gap/source-fact inventory; batch evidence in triage.json,PENDING_REVIEW,REQUIRED_BEFORE_IMPLEMENTATION
CR-241,Aldersfradrag / kamera/øvrigelektronikk,[],No exact mapping approved in the audit,CANONICAL_REVIEW_FIRST,"[""[\""gjensidige\"",\""innbo\"",\""ordinary\"",\""gj-innbo\"",null]"", ""[\""gjensidige\"",\""innbo\"",\""ordinary\"",\""gj-innbo-pluss\"",null]""]","[""Innbo""]","First test exact reuse or source-bound provider-specific detail within an existing parent. A new key is allowed only if subject, trigger, unit, period or optionality would otherwise be lost or falsely equated.","Do not merge different event/subject/period/level merely to fill both sides. Existing type keys are candidates, not approved synonym mappings.","[""B-131""]","[""0d4e4afffc744835""]","[""GAP-2012""]",existing-type-registries.json#Innbo,"[""subject"", ""trigger"", ""unit"", ""period"", ""limit_basis"", ""conditions"", ""level"", ""optionality"", ""provider/type/scope/version"", ""source""]","[{""finding_id"": ""GAP-2012"", ""source_fact_id"": ""SF-2892"", ""artifact"": ""catalog/sources/gjensidige/innbo/Gjensidige_Innbo_Standard_alminnelige_vilkar.pdf"", ""location"": ""PDF 15""}]",Listed signature IDs → p1-triage.csv → frozen gap/source-fact inventory; batch evidence in triage.json,PENDING_REVIEW,REQUIRED_BEFORE_IMPLEMENTATION
CR-242,Aldersfradrag / oppgjørsregel,[],No exact mapping approved in the audit,CANONICAL_REVIEW_FIRST,"[""[\""frende\"",\""innbo\"",\""ordinary\"",\""frende-innbo-standard\"",\""2026-09-01\""]""]","[""Innbo""]","First test exact reuse or source-bound provider-specific detail within an existing parent. A new key is allowed only if subject, trigger, unit, period or optionality would otherwise be lost or falsely equated.","Do not merge different event/subject/period/level merely to fill both sides. Existing type keys are candidates, not approved synonym mappings.","[""B-115""]","[""38b69a8f6083b028""]","[""GAP-0280""]",existing-type-registries.json#Innbo,"[""subject"", ""trigger"", ""unit"", ""period"", ""limit_basis"", ""conditions"", ""level"", ""optionality"", ""provider/type/scope/version"", ""source""]","[{""finding_id"": ""GAP-0280"", ""source_fact_id"": ""SF-0463"", ""artifact"": ""catalog/sources/frende/innbo/Vilkar_innboforsikring_01092026.pdf"", ""location"": ""PDF side 6, 6.3 og 6.5""}]",Listed signature IDs → p1-triage.csv → frozen gap/source-fact inventory; batch evidence in triage.json,PENDING_REVIEW,REQUIRED_BEFORE_IMPLEMENTATION
CR-243,Aldersfradrag / sykkel,[],No exact mapping approved in the audit,CANONICAL_REVIEW_FIRST,"[""[\""gjensidige\"",\""innbo\"",\""ordinary\"",\""gj-innbo\"",null]"", ""[\""gjensidige\"",\""innbo\"",\""ordinary\"",\""gj-innbo-pluss\"",null]""]","[""Innbo""]","First test exact reuse or source-bound provider-specific detail within an existing parent. A new key is allowed only if subject, trigger, unit, period or optionality would otherwise be lost or falsely equated.","Do not merge different event/subject/period/level merely to fill both sides. Existing type keys are candidates, not approved synonym mappings.","[""B-131""]","[""15cda5fb684eb36d""]","[""GAP-2013""]",existing-type-registries.json#Innbo,"[""subject"", ""trigger"", ""unit"", ""period"", ""limit_basis"", ""conditions"", ""level"", ""optionality"", ""provider/type/scope/version"", ""source""]","[{""finding_id"": ""GAP-2013"", ""source_fact_id"": ""SF-2893"", ""artifact"": ""catalog/sources/gjensidige/innbo/Gjensidige_Innbo_Standard_alminnelige_vilkar.pdf"", ""location"": ""PDF 15""}]",Listed signature IDs → p1-triage.csv → frozen gap/source-fact inventory; batch evidence in triage.json,PENDING_REVIEW,REQUIRED_BEFORE_IMPLEMENTATION
CR-244,Aldersfradrag / tabell,"[""innbo.aldersfradrag""]",Proposed key/type/detail relationship needs explicit validation,MAPPING_REVIEW_FIRST,"[""[\""storebrand\"",\""innbo\"",\""ordinary\"",\""sb-innbo-standard\"",\""innbo09\""]"", ""[\""storebrand\"",\""innbo\"",\""ordinary\"",\""sb-innbo-super\"",\""innbo09\""]""]","[""Innbo""]","First test exact reuse or source-bound provider-specific detail within an existing parent. A new key is allowed only if subject, trigger, unit, period or optionality would otherwise be lost or falsely equated.","Do not merge different event/subject/period/level merely to fill both sides. Existing type keys are candidates, not approved synonym mappings.","[""B-164""]","[""4b4a2e10658d8f23""]","[""GAP-0877""]",existing-type-registries.json#Innbo,"[""subject"", ""trigger"", ""unit"", ""period"", ""limit_basis"", ""conditions"", ""level"", ""optionality"", ""provider/type/scope/version"", ""source""]","[{""finding_id"": ""GAP-0877"", ""source_fact_id"": ""SF-1349"", ""artifact"": ""catalog/sources/storebrand/innbo/Storebrand_Innbo_innbo09.pdf"", ""location"": ""PDF fysisk side 14, B.6.2""}]",Listed signature IDs → p1-triage.csv → frozen gap/source-fact inventory; batch evidence in triage.json,PENDING_REVIEW,REQUIRED_BEFORE_IMPLEMENTATION
CR-245,Aldersfradrag / table,[],No exact mapping approved in the audit,CANONICAL_REVIEW_FIRST,"[""[\""fremtind\"",\""innbo\"",\""ordinary\"",\""fremtind-innbo-standard\"",\""2025-01-01\""]"", ""[\""fremtind\"",\""innbo\"",\""ordinary\"",\""fremtind-innbo-topp\"",\""2025-01-01\""]""]","[""Innbo""]","First test exact reuse or source-bound provider-specific detail within an existing parent. A new key is allowed only if subject, trigger, unit, period or optionality would otherwise be lost or falsely equated.","Do not merge different event/subject/period/level merely to fill both sides. Existing type keys are candidates, not approved synonym mappings.","[""B-103""]","[""c80d734c1745fdda""]","[""GAP-5022""]",existing-type-registries.json#Innbo,"[""subject"", ""trigger"", ""unit"", ""period"", ""limit_basis"", ""conditions"", ""level"", ""optionality"", ""provider/type/scope/version"", ""source""]","[{""finding_id"": ""GAP-5022"", ""source_fact_id"": ""SF-7202"", ""artifact"": ""catalog/sources/fremtind/innbo/canonical/Vilkar_Standard_Innbo.pdf"", ""location"": ""Standard§5.3.1s5;Topp§5.3.1s7""}]",Listed signature IDs → p1-triage.csv → frozen gap/source-fact inventory; batch evidence in triage.json,PENDING_REVIEW,REQUIRED_BEFORE_IMPLEMENTATION
CR-246,Aldersfradrag / verdi/brukt,[],No exact mapping approved in the audit,CANONICAL_REVIEW_FIRST,"[""[\""storebrand\"",\""innbo\"",\""ordinary\"",\""sb-innbo-standard\"",\""innbo09\""]"", ""[\""storebrand\"",\""innbo\"",\""ordinary\"",\""sb-innbo-super\"",\""innbo09\""]""]","[""Innbo""]","First test exact reuse or source-bound provider-specific detail within an existing parent. A new key is allowed only if subject, trigger, unit, period or optionality would otherwise be lost or falsely equated.","Do not merge different event/subject/period/level merely to fill both sides. Existing type keys are candidates, not approved synonym mappings.","[""B-165""]","[""d5715811de0f14f0""]","[""GAP-0878""]",existing-type-registries.json#Innbo,"[""subject"", ""trigger"", ""unit"", ""period"", ""limit_basis"", ""conditions"", ""level"", ""optionality"", ""provider/type/scope/version"", ""source""]","[{""finding_id"": ""GAP-0878"", ""source_fact_id"": ""SF-1350"", ""artifact"": ""catalog/sources/storebrand/innbo/Storebrand_Innbo_innbo09.pdf"", ""location"": ""PDF fysisk side 14,15, B.6.2""}]",Listed signature IDs → p1-triage.csv → frozen gap/source-fact inventory; batch evidence in triage.json,PENDING_REVIEW,REQUIRED_BEFORE_IMPLEMENTATION
CR-247,Andre skader / specified_perils,"[""innbo.hvitevarer.dekning"", ""innbo.frysevarer.grense""]",Proposed key/type/detail relationship needs explicit validation,MAPPING_REVIEW_FIRST,"[""[\""tryg\"",\""innbo\"",\""ordinary\"",\""tryg-innbo\"",\""2026-07-01\""]""]","[""Innbo""]","First test exact reuse or source-bound provider-specific detail within an existing parent. A new key is allowed only if subject, trigger, unit, period or optionality would otherwise be lost or falsely equated.","Do not merge different event/subject/period/level merely to fill both sides. Existing type keys are candidates, not approved synonym mappings.","[""B-179""]","[""5c5fa382c802bd26""]","[""GAP-4405""]",existing-type-registries.json#Innbo,"[""subject"", ""trigger"", ""unit"", ""period"", ""limit_basis"", ""conditions"", ""level"", ""optionality"", ""provider/type/scope/version"", ""source""]","[{""finding_id"": ""GAP-4405"", ""source_fact_id"": ""SF-6265"", ""artifact"": ""catalog/sources/tryg/innbo/Innbo_og_losore_PPK13301.pdf"", ""location"": ""s4 §2.5""}]",Listed signature IDs → p1-triage.csv → frozen gap/source-fact inventory; batch evidence in triage.json,PENDING_REVIEW,REQUIRED_BEFORE_IMPLEMENTATION
CR-248,Andres ting / sum/rolle,[],No exact mapping approved in the audit,CANONICAL_REVIEW_FIRST,"[""[\""storebrand\"",\""innbo\"",\""ordinary\"",\""sb-innbo-standard\"",\""innbo09\""]"", ""[\""storebrand\"",\""innbo\"",\""ordinary\"",\""sb-innbo-super\"",\""innbo09\""]""]","[""Innbo""]","First test exact reuse or source-bound provider-specific detail within an existing parent. A new key is allowed only if subject, trigger, unit, period or optionality would otherwise be lost or falsely equated.","Do not merge different event/subject/period/level merely to fill both sides. Existing type keys are candidates, not approved synonym mappings.","[""B-165""]","[""804e6cba183e96bd""]","[""GAP-0843""]",existing-type-registries.json#Innbo,"[""subject"", ""trigger"", ""unit"", ""period"", ""limit_basis"", ""conditions"", ""level"", ""optionality"", ""provider/type/scope/version"", ""source""]","[{""finding_id"": ""GAP-0843"", ""source_fact_id"": ""SF-1302"", ""artifact"": ""catalog/sources/storebrand/innbo/Storebrand_Innbo_innbo09.pdf"", ""location"": ""PDF fysisk side 4, B.1""}]",Listed signature IDs → p1-triage.csv → frozen gap/source-fact inventory; batch evidence in triage.json,PENDING_REVIEW,REQUIRED_BEFORE_IMPLEMENTATION
CR-249,Ansvar / unntak,[],No exact mapping approved in the audit,CANONICAL_REVIEW_FIRST,"[""[\""storebrand\"",\""innbo\"",\""ordinary\"",\""sb-innbo-standard\"",\""innbo09\""]"", ""[\""storebrand\"",\""innbo\"",\""ordinary\"",\""sb-innbo-super\"",\""innbo09\""]""]","[""Innbo""]","First test exact reuse or source-bound provider-specific detail within an existing parent. A new key is allowed only if subject, trigger, unit, period or optionality would otherwise be lost or falsely equated.","Do not merge different event/subject/period/level merely to fill both sides. Existing type keys are candidates, not approved synonym mappings.","[""B-165""]","[""8fdf8a0e31b4695d""]","[""GAP-0883""]",existing-type-registries.json#Innbo,"[""subject"", ""trigger"", ""unit"", ""period"", ""limit_basis"", ""conditions"", ""level"", ""optionality"", ""provider/type/scope/version"", ""source""]","[{""finding_id"": ""GAP-0883"", ""source_fact_id"": ""SF-1357"", ""artifact"": ""catalog/sources/storebrand/innbo/Storebrand_Innbo_innbo09.pdf"", ""location"": ""PDF fysisk side 24,25, D.4""}]",Listed signature IDs → p1-triage.csv → frozen gap/source-fact inventory; batch evidence in triage.json,PENDING_REVIEW,REQUIRED_BEFORE_IMPLEMENTATION
CR-250,Arbeidsplass / tyveri,"[""tyveri.arbeidsplass.grense""]",Proposed key/type/detail relationship needs explicit validation,MAPPING_REVIEW_FIRST,"[""[\""storebrand\"",\""innbo\"",\""ordinary\"",\""sb-innbo-standard\"",\""innbo09\""]"", ""[\""storebrand\"",\""innbo\"",\""ordinary\"",\""sb-innbo-super\"",\""innbo09\""]""]","[""Innbo""]","First test exact reuse or source-bound provider-specific detail within an existing parent. A new key is allowed only if subject, trigger, unit, period or optionality would otherwise be lost or falsely equated.","Do not merge different event/subject/period/level merely to fill both sides. Existing type keys are candidates, not approved synonym mappings.","[""B-164""]","[""a477fc3d8a374e6c""]","[""GAP-0859""]",existing-type-registries.json#Innbo,"[""subject"", ""trigger"", ""unit"", ""period"", ""limit_basis"", ""conditions"", ""level"", ""optionality"", ""provider/type/scope/version"", ""source""]","[{""finding_id"": ""GAP-0859"", ""source_fact_id"": ""SF-1328"", ""artifact"": ""catalog/sources/storebrand/innbo/Storebrand_Innbo_innbo09.pdf"", ""location"": ""PDF fysisk side 9, B.4.5""}]",Listed signature IDs → p1-triage.csv → frozen gap/source-fact inventory; batch evidence in triage.json,PENDING_REVIEW,REQUIRED_BEFORE_IMPLEMENTATION
CR-251,Bygningsfølgeskade / omfang,[],No exact mapping approved in the audit,CANONICAL_REVIEW_FIRST,"[""[\""storebrand\"",\""innbo\"",\""ordinary\"",\""sb-innbo-standard\"",\""innbo09\""]"", ""[\""storebrand\"",\""innbo\"",\""ordinary\"",\""sb-innbo-super\"",\""innbo09\""]""]","[""Innbo""]","First test exact reuse or source-bound provider-specific detail within an existing parent. A new key is allowed only if subject, trigger, unit, period or optionality would otherwise be lost or falsely equated.","Do not merge different event/subject/period/level merely to fill both sides. Existing type keys are candidates, not approved synonym mappings.","[""B-165""]","[""ad6249e1c6e14929""]","[""GAP-0865""]",existing-type-registries.json#Innbo,"[""subject"", ""trigger"", ""unit"", ""period"", ""limit_basis"", ""conditions"", ""level"", ""optionality"", ""provider/type/scope/version"", ""source""]","[{""finding_id"": ""GAP-0865"", ""source_fact_id"": ""SF-1336"", ""artifact"": ""catalog/sources/storebrand/innbo/Storebrand_Innbo_innbo09.pdf"", ""location"": ""PDF fysisk side 10, B.4.6""}]",Listed signature IDs → p1-triage.csv → frozen gap/source-fact inventory; batch evidence in triage.json,PENDING_REVIEW,REQUIRED_BEFORE_IMPLEMENTATION
CR-252,Droneansvar / unntak,[],No exact mapping approved in the audit,CANONICAL_REVIEW_FIRST,"[""[\""storebrand\"",\""innbo\"",\""ordinary\"",\""sb-innbo-standard\"",\""innbo09\""]"", ""[\""storebrand\"",\""innbo\"",\""ordinary\"",\""sb-innbo-super\"",\""innbo09\""]""]","[""Innbo""]","First test exact reuse or source-bound provider-specific detail within an existing parent. A new key is allowed only if subject, trigger, unit, period or optionality would otherwise be lost or falsely equated.","Do not merge different event/subject/period/level merely to fill both sides. Existing type keys are candidates, not approved synonym mappings.","[""B-165""]","[""7e1f3646f605d598""]","[""GAP-0882""]",existing-type-registries.json#Innbo,"[""subject"", ""trigger"", ""unit"", ""period"", ""limit_basis"", ""conditions"", ""level"", ""optionality"", ""provider/type/scope/version"", ""source""]","[{""finding_id"": ""GAP-0882"", ""source_fact_id"": ""SF-1356"", ""artifact"": ""catalog/sources/storebrand/innbo/Storebrand_Innbo_innbo09.pdf"", ""location"": ""PDF fysisk side 24, D.3.1""}]",Listed signature IDs → p1-triage.csv → frozen gap/source-fact inventory; batch evidence in triage.json,PENDING_REVIEW,REQUIRED_BEFORE_IMPLEMENTATION
CR-253,Dyr / skade,[],No exact mapping approved in the audit,CANONICAL_REVIEW_FIRST,"[""[\""gjensidige\"",\""innbo\"",\""ordinary\"",\""gj-innbo\"",null]"", ""[\""gjensidige\"",\""innbo\"",\""ordinary\"",\""gj-innbo-pluss\"",null]""]","[""Innbo""]","First test exact reuse or source-bound provider-specific detail within an existing parent. A new key is allowed only if subject, trigger, unit, period or optionality would otherwise be lost or falsely equated.","Do not merge different event/subject/period/level merely to fill both sides. Existing type keys are candidates, not approved synonym mappings.","[""B-131""]","[""1accd2dd1d1f974e""]","[""GAP-1996""]",existing-type-registries.json#Innbo,"[""subject"", ""trigger"", ""unit"", ""period"", ""limit_basis"", ""conditions"", ""level"", ""optionality"", ""provider/type/scope/version"", ""source""]","[{""finding_id"": ""GAP-1996"", ""source_fact_id"": ""SF-2874"", ""artifact"": ""catalog/sources/gjensidige/innbo/Gjensidige_Innbo_Standard_alminnelige_vilkar.pdf"", ""location"": ""PDF 4""}]",Listed signature IDs → p1-triage.csv → frozen gap/source-fact inventory; batch evidence in triage.json,PENDING_REVIEW,REQUIRED_BEFORE_IMPLEMENTATION
CR-254,Flytting / theft_limit,"[""flytting.transport.grense""]",Proposed key/type/detail relationship needs explicit validation,MAPPING_REVIEW_FIRST,"[""[\""tryg\"",\""innbo\"",\""ordinary\"",\""tryg-innbo-ekstra\"",\""2026-07-01\""]""]","[""Innbo""]","First test exact reuse or source-bound provider-specific detail within an existing parent. A new key is allowed only if subject, trigger, unit, period or optionality would otherwise be lost or falsely equated.","Do not merge different event/subject/period/level merely to fill both sides. Existing type keys are candidates, not approved synonym mappings.","[""B-015""]","[""b45608cad7c89e92""]","[""GAP-4435""]",existing-type-registries.json#Innbo,"[""subject"", ""trigger"", ""unit"", ""period"", ""limit_basis"", ""conditions"", ""level"", ""optionality"", ""provider/type/scope/version"", ""source""]","[{""finding_id"": ""GAP-4435"", ""source_fact_id"": ""SF-6305"", ""artifact"": ""catalog/sources/tryg/innbo/Innbo_og_losore_Ekstra_PPK13302.pdf"", ""location"": ""s3–4 §2.4""}]",Listed signature IDs → p1-triage.csv → frozen gap/source-fact inventory; batch evidence in triage.json,PENDING_REVIEW,REQUIRED_BEFORE_IMPLEMENTATION
CR-255,Fraflyttet / reduksjon,[],No exact mapping approved in the audit,CANONICAL_REVIEW_FIRST,"[""[\""storebrand\"",\""innbo\"",\""ordinary\"",\""sb-innbo-standard\"",\""innbo09\""]"", ""[\""storebrand\"",\""innbo\"",\""ordinary\"",\""sb-innbo-super\"",\""innbo09\""]""]","[""Innbo""]","First test exact reuse or source-bound provider-specific detail within an existing parent. A new key is allowed only if subject, trigger, unit, period or optionality would otherwise be lost or falsely equated.","Do not merge different event/subject/period/level merely to fill both sides. Existing type keys are candidates, not approved synonym mappings.","[""B-165""]","[""f162e214b0365d73""]","[""GAP-0880""]",existing-type-registries.json#Innbo,"[""subject"", ""trigger"", ""unit"", ""period"", ""limit_basis"", ""conditions"", ""level"", ""optionality"", ""provider/type/scope/version"", ""source""]","[{""finding_id"": ""GAP-0880"", ""source_fact_id"": ""SF-1353"", ""artifact"": ""catalog/sources/storebrand/innbo/Storebrand_Innbo_innbo09.pdf"", ""location"": ""PDF fysisk side 16, B.7.2""}]",Listed signature IDs → p1-triage.csv → frozen gap/source-fact inventory; batch evidence in triage.json,PENDING_REVIEW,REQUIRED_BEFORE_IMPLEMENTATION
CR-256,Generelle gjenstandsunntak / omfang,[],No exact mapping approved in the audit,CANONICAL_REVIEW_FIRST,"[""[\""storebrand\"",\""innbo\"",\""ordinary\"",\""sb-innbo-standard\"",\""innbo09\""]"", ""[\""storebrand\"",\""innbo\"",\""ordinary\"",\""sb-innbo-super\"",\""innbo09\""]""]","[""Innbo""]","First test exact reuse or source-bound provider-specific detail within an existing parent. A new key is allowed only if subject, trigger, unit, period or optionality would otherwise be lost or falsely equated.","Do not merge different event/subject/period/level merely to fill both sides. Existing type keys are candidates, not approved synonym mappings.","[""B-165""]","[""f868ff09701744a5""]","[""GAP-0852""]",existing-type-registries.json#Innbo,"[""subject"", ""trigger"", ""unit"", ""period"", ""limit_basis"", ""conditions"", ""level"", ""optionality"", ""provider/type/scope/version"", ""source""]","[{""finding_id"": ""GAP-0852"", ""source_fact_id"": ""SF-1316"", ""artifact"": ""catalog/sources/storebrand/innbo/Storebrand_Innbo_innbo09.pdf"", ""location"": ""PDF fysisk side 6, B.3""}]",Listed signature IDs → p1-triage.csv → frozen gap/source-fact inventory; batch evidence in triage.json,PENDING_REVIEW,REQUIRED_BEFORE_IMPLEMENTATION
CR-257,Generelle skadeunntak / årsaker,[],No exact mapping approved in the audit,CANONICAL_REVIEW_FIRST,"[""[\""gjensidige\"",\""innbo\"",\""ordinary\"",\""gj-innbo\"",null]"", ""[\""gjensidige\"",\""innbo\"",\""ordinary\"",\""gj-innbo-pluss\"",null]""]","[""Innbo""]","First test exact reuse or source-bound provider-specific detail within an existing parent. A new key is allowed only if subject, trigger, unit, period or optionality would otherwise be lost or falsely equated.","Do not merge different event/subject/period/level merely to fill both sides. Existing type keys are candidates, not approved synonym mappings.","[""B-131""]","[""590ad3fdd4e400c8""]","[""GAP-1990""]",existing-type-registries.json#Innbo,"[""subject"", ""trigger"", ""unit"", ""period"", ""limit_basis"", ""conditions"", ""level"", ""optionality"", ""provider/type/scope/version"", ""source""]","[{""finding_id"": ""GAP-1990"", ""source_fact_id"": ""SF-2865"", ""artifact"": ""catalog/sources/gjensidige/innbo/Gjensidige_Innbo_Standard_alminnelige_vilkar.pdf"", ""location"": ""PDF 3""}]",Listed signature IDs → p1-triage.csv → frozen gap/source-fact inventory; batch evidence in triage.json,PENDING_REVIEW,REQUIRED_BEFORE_IMPLEMENTATION
CR-258,Glass/sanitær/integrerte hvitevarer / scope_trigger,"[""innbo.bygningsdeler.dekning""]",Proposed key/type/detail relationship needs explicit validation,MAPPING_REVIEW_FIRST,"[""[\""tryg\"",\""innbo\"",\""ordinary\"",\""tryg-innbo-ekstra\"",\""2026-07-01\""]""]","[""Innbo""]","First test exact reuse or source-bound provider-specific detail within an existing parent. A new key is allowed only if subject, trigger, unit, period or optionality would otherwise be lost or falsely equated.","Do not merge different event/subject/period/level merely to fill both sides. Existing type keys are candidates, not approved synonym mappings.","[""B-179""]","[""90715a1bb7aadf68""]","[""GAP-4439""]",existing-type-registries.json#Innbo,"[""subject"", ""trigger"", ""unit"", ""period"", ""limit_basis"", ""conditions"", ""level"", ""optionality"", ""provider/type/scope/version"", ""source""]","[{""finding_id"": ""GAP-4439"", ""source_fact_id"": ""SF-6309"", ""artifact"": ""catalog/sources/tryg/innbo/Innbo_og_losore_Ekstra_PPK13302.pdf"", ""location"": ""s5 §2.7""}]",Listed signature IDs → p1-triage.csv → frozen gap/source-fact inventory; batch evidence in triage.json,PENDING_REVIEW,REQUIRED_BEFORE_IMPLEMENTATION
CR-259,Hobbybygg/basseng / sum,"[""innbo.hobbybygg.grense""]",Proposed key/type/detail relationship needs explicit validation,MAPPING_REVIEW_FIRST,"[""[\""if\"",\""innbo\"",\""ordinary\"",\""if-innbo-basis\"",\""IBO2-1\""]"", ""[\""if\"",\""innbo\"",\""ordinary\"",\""if-innbo-super\"",\""IBO2-1\""]"", ""[\""if\"",\""innbo\"",\""ordinary\"",\""if-innbo-utvidet\"",\""IBO2-1\""]""]","[""Innbo""]","First test exact reuse or source-bound provider-specific detail within an existing parent. A new key is allowed only if subject, trigger, unit, period or optionality would otherwise be lost or falsely equated.","Do not merge different event/subject/period/level merely to fill both sides. Existing type keys are candidates, not approved synonym mappings.","[""B-146""]","[""60872f20e82579d0""]","[""GAP-3343""]",existing-type-registries.json#Innbo,"[""subject"", ""trigger"", ""unit"", ""period"", ""limit_basis"", ""conditions"", ""level"", ""optionality"", ""provider/type/scope/version"", ""source""]","[{""finding_id"": ""GAP-3343"", ""source_fact_id"": ""SF-4702"", ""artifact"": ""catalog/sources/if/innbo/If_Innboforsikring_IBO2-1.pdf"", ""location"": ""4 pkt3.1""}]",Listed signature IDs → p1-triage.csv → frozen gap/source-fact inventory; batch evidence in triage.json,PENDING_REVIEW,REQUIRED_BEFORE_IMPLEMENTATION
CR-260,Innbrudd / bygningssum,"[""tyveri.bygningsskade.grense""]",Proposed key/type/detail relationship needs explicit validation,MAPPING_REVIEW_FIRST,"[""[\""if\"",\""innbo\"",\""ordinary\"",\""if-innbo-basis\"",\""IBO2-1\""]"", ""[\""if\"",\""innbo\"",\""ordinary\"",\""if-innbo-super\"",\""IBO2-1\""]"", ""[\""if\"",\""innbo\"",\""ordinary\"",\""if-innbo-utvidet\"",\""IBO2-1\""]""]","[""Innbo""]","First test exact reuse or source-bound provider-specific detail within an existing parent. A new key is allowed only if subject, trigger, unit, period or optionality would otherwise be lost or falsely equated.","Do not merge different event/subject/period/level merely to fill both sides. Existing type keys are candidates, not approved synonym mappings.","[""B-146""]","[""2ec03530f3a64366""]","[""GAP-3353""]",existing-type-registries.json#Innbo,"[""subject"", ""trigger"", ""unit"", ""period"", ""limit_basis"", ""conditions"", ""level"", ""optionality"", ""provider/type/scope/version"", ""source""]","[{""finding_id"": ""GAP-3353"", ""source_fact_id"": ""SF-4716"", ""artifact"": ""catalog/sources/if/innbo/If_Innboforsikring_IBO2-1.pdf"", ""location"": ""7 pkt4.5.1""}]",Listed signature IDs → p1-triage.csv → frozen gap/source-fact inventory; batch evidence in triage.json,PENDING_REVIEW,REQUIRED_BEFORE_IMPLEMENTATION
CR-261,Kjøretøydeler / sum/omfang,"[""innbo.kjoretoydeler.grense""]",Proposed key/type/detail relationship needs explicit validation,MAPPING_REVIEW_FIRST,"[""[\""if\"",\""innbo\"",\""ordinary\"",\""if-innbo-basis\"",\""IBO2-1\""]"", ""[\""if\"",\""innbo\"",\""ordinary\"",\""if-innbo-super\"",\""IBO2-1\""]"", ""[\""if\"",\""innbo\"",\""ordinary\"",\""if-innbo-utvidet\"",\""IBO2-1\""]""]","[""Innbo""]","First test exact reuse or source-bound provider-specific detail within an existing parent. A new key is allowed only if subject, trigger, unit, period or optionality would otherwise be lost or falsely equated.","Do not merge different event/subject/period/level merely to fill both sides. Existing type keys are candidates, not approved synonym mappings.","[""B-146""]","[""ea4b260dec74c2bb""]","[""GAP-3340""]",existing-type-registries.json#Innbo,"[""subject"", ""trigger"", ""unit"", ""period"", ""limit_basis"", ""conditions"", ""level"", ""optionality"", ""provider/type/scope/version"", ""source""]","[{""finding_id"": ""GAP-3340"", ""source_fact_id"": ""SF-4699"", ""artifact"": ""catalog/sources/if/innbo/If_Innboforsikring_IBO2-1.pdf"", ""location"": ""4–5 pkt3.1""}]",Listed signature IDs → p1-triage.csv → frozen gap/source-fact inventory; batch evidence in triage.json,PENDING_REVIEW,REQUIRED_BEFORE_IMPLEMENTATION
CR-262,Merutgifter / moving_storage,"[""innbo.merutgifter.dekning""]",Proposed key/type/detail relationship needs explicit validation,MAPPING_REVIEW_FIRST,"[""[\""tryg\"",\""innbo\"",\""ordinary\"",\""tryg-innbo\"",\""2026-07-01\""]"", ""[\""tryg\"",\""innbo\"",\""ordinary\"",\""tryg-innbo-ekstra\"",\""2026-07-01\""]""]","[""Innbo""]","First test exact reuse or source-bound provider-specific detail within an existing parent. A new key is allowed only if subject, trigger, unit, period or optionality would otherwise be lost or falsely equated.","Do not merge different event/subject/period/level merely to fill both sides. Existing type keys are candidates, not approved synonym mappings.","[""B-179""]","[""9888574e7aee9552""]","[""GAP-4394""]",existing-type-registries.json#Innbo,"[""subject"", ""trigger"", ""unit"", ""period"", ""limit_basis"", ""conditions"", ""level"", ""optionality"", ""provider/type/scope/version"", ""source""]","[{""finding_id"": ""GAP-4394"", ""source_fact_id"": ""SF-6250"", ""artifact"": ""catalog/sources/tryg/innbo/Innbo_og_losore_PPK13301.pdf"", ""location"": ""s2 §1.2; Ekstra s2""}]",Listed signature IDs → p1-triage.csv → frozen gap/source-fact inventory; batch evidence in triage.json,PENDING_REVIEW,REQUIRED_BEFORE_IMPLEMENTATION
CR-263,Merutgifter / removal,[],No exact mapping approved in the audit,CANONICAL_REVIEW_FIRST,"[""[\""fremtind\"",\""innbo\"",\""ordinary\"",\""fremtind-innbo-standard\"",\""2025-01-01\""]"", ""[\""fremtind\"",\""innbo\"",\""ordinary\"",\""fremtind-innbo-topp\"",\""2025-01-01\""]""]","[""Innbo""]","First test exact reuse or source-bound provider-specific detail within an existing parent. A new key is allowed only if subject, trigger, unit, period or optionality would otherwise be lost or falsely equated.","Do not merge different event/subject/period/level merely to fill both sides. Existing type keys are candidates, not approved synonym mappings.","[""B-103""]","[""941cd4c6ca782e17""]","[""GAP-5009""]",existing-type-registries.json#Innbo,"[""subject"", ""trigger"", ""unit"", ""period"", ""limit_basis"", ""conditions"", ""level"", ""optionality"", ""provider/type/scope/version"", ""source""]","[{""finding_id"": ""GAP-5009"", ""source_fact_id"": ""SF-7188"", ""artifact"": ""catalog/sources/fremtind/innbo/canonical/Vilkar_Standard_Innbo.pdf"", ""location"": ""§3.2s2""}]",Listed signature IDs → p1-triage.csv → frozen gap/source-fact inventory; batch evidence in triage.json,PENDING_REVIEW,REQUIRED_BEFORE_IMPLEMENTATION
CR-264,Personkrets / eligibility,[],No exact mapping approved in the audit,CANONICAL_REVIEW_FIRST,"[""[\""fremtind\"",\""innbo\"",\""ordinary\"",\""fremtind-innbo-standard\"",\""2025-01-01\""]"", ""[\""fremtind\"",\""innbo\"",\""ordinary\"",\""fremtind-innbo-topp\"",\""2025-01-01\""]""]","[""Innbo""]","First test exact reuse or source-bound provider-specific detail within an existing parent. A new key is allowed only if subject, trigger, unit, period or optionality would otherwise be lost or falsely equated.","Do not merge different event/subject/period/level merely to fill both sides. Existing type keys are candidates, not approved synonym mappings.","[""B-103""]","[""9c49379ec6af0f88""]","[""GAP-5001""]",existing-type-registries.json#Innbo,"[""subject"", ""trigger"", ""unit"", ""period"", ""limit_basis"", ""conditions"", ""level"", ""optionality"", ""provider/type/scope/version"", ""source""]","[{""finding_id"": ""GAP-5001"", ""source_fact_id"": ""SF-7176"", ""artifact"": ""catalog/sources/fremtind/innbo/canonical/Vilkar_Standard_Innbo.pdf"", ""location"": ""§1s1""}]",Listed signature IDs → p1-triage.csv → frozen gap/source-fact inventory; batch evidence in triage.json,PENDING_REVIEW,REQUIRED_BEFORE_IMPLEMENTATION
CR-265,Personkrets / husstand,[],No exact mapping approved in the audit,CANONICAL_REVIEW_FIRST,"[""[\""gjensidige\"",\""innbo\"",\""ordinary\"",\""gj-innbo\"",null]"", ""[\""gjensidige\"",\""innbo\"",\""ordinary\"",\""gj-innbo-pluss\"",null]""]","[""Innbo""]","First test exact reuse or source-bound provider-specific detail within an existing parent. A new key is allowed only if subject, trigger, unit, period or optionality would otherwise be lost or falsely equated.","Do not merge different event/subject/period/level merely to fill both sides. Existing type keys are candidates, not approved synonym mappings.","[""B-131""]","[""8e04fe940676932c""]","[""GAP-1981""]",existing-type-registries.json#Innbo,"[""subject"", ""trigger"", ""unit"", ""period"", ""limit_basis"", ""conditions"", ""level"", ""optionality"", ""provider/type/scope/version"", ""source""]","[{""finding_id"": ""GAP-1981"", ""source_fact_id"": ""SF-2852"", ""artifact"": ""catalog/sources/gjensidige/innbo/Gjensidige_Innbo_Standard_alminnelige_vilkar.pdf"", ""location"": ""PDF 3""}]",Listed signature IDs → p1-triage.csv → frozen gap/source-fact inventory; batch evidence in triage.json,PENDING_REVIEW,REQUIRED_BEFORE_IMPLEMENTATION
CR-266,Ran/napping / sum/geografi,"[""ran.dekning"", ""tyveri.veskenapping.grense""]",Proposed key/type/detail relationship needs explicit validation,MAPPING_REVIEW_FIRST,"[""[\""storebrand\"",\""innbo\"",\""ordinary\"",\""sb-innbo-standard\"",\""innbo09\""]"", ""[\""storebrand\"",\""innbo\"",\""ordinary\"",\""sb-innbo-super\"",\""innbo09\""]""]","[""Innbo""]","First test exact reuse or source-bound provider-specific detail within an existing parent. A new key is allowed only if subject, trigger, unit, period or optionality would otherwise be lost or falsely equated.","Do not merge different event/subject/period/level merely to fill both sides. Existing type keys are candidates, not approved synonym mappings.","[""B-164""]","[""82a07619cd2cac3f""]","[""GAP-0862""]",existing-type-registries.json#Innbo,"[""subject"", ""trigger"", ""unit"", ""period"", ""limit_basis"", ""conditions"", ""level"", ""optionality"", ""provider/type/scope/version"", ""source""]","[{""finding_id"": ""GAP-0862"", ""source_fact_id"": ""SF-1333"", ""artifact"": ""catalog/sources/storebrand/innbo/Storebrand_Innbo_innbo09.pdf"", ""location"": ""PDF fysisk side 9, B.4.5""}]",Listed signature IDs → p1-triage.csv → frozen gap/source-fact inventory; batch evidence in triage.json,PENDING_REVIEW,REQUIRED_BEFORE_IMPLEMENTATION
CR-267,Rettshjelp / boligskifte,[],No exact mapping approved in the audit,CANONICAL_REVIEW_FIRST,"[""[\""storebrand\"",\""innbo\"",\""ordinary\"",\""sb-innbo-standard\"",\""innbo09\""]"", ""[\""storebrand\"",\""innbo\"",\""ordinary\"",\""sb-innbo-super\"",\""innbo09\""]""]","[""Innbo""]","First test exact reuse or source-bound provider-specific detail within an existing parent. A new key is allowed only if subject, trigger, unit, period or optionality would otherwise be lost or falsely equated.","Do not merge different event/subject/period/level merely to fill both sides. Existing type keys are candidates, not approved synonym mappings.","[""B-165""]","[""2f44d4ff42911e14""]","[""GAP-0886""]",existing-type-registries.json#Innbo,"[""subject"", ""trigger"", ""unit"", ""period"", ""limit_basis"", ""conditions"", ""level"", ""optionality"", ""provider/type/scope/version"", ""source""]","[{""finding_id"": ""GAP-0886"", ""source_fact_id"": ""SF-1361"", ""artifact"": ""catalog/sources/storebrand/innbo/Storebrand_Innbo_innbo09.pdf"", ""location"": ""PDF fysisk side 27,28, E.3""}]",Listed signature IDs → p1-triage.csv → frozen gap/source-fact inventory; batch evidence in triage.json,PENDING_REVIEW,REQUIRED_BEFORE_IMPLEMENTATION
CR-268,Rettshjelp / unntak,[],No exact mapping approved in the audit,CANONICAL_REVIEW_FIRST,"[""[\""storebrand\"",\""innbo\"",\""ordinary\"",\""sb-innbo-standard\"",\""innbo09\""]"", ""[\""storebrand\"",\""innbo\"",\""ordinary\"",\""sb-innbo-super\"",\""innbo09\""]""]","[""Innbo""]","First test exact reuse or source-bound provider-specific detail within an existing parent. A new key is allowed only if subject, trigger, unit, period or optionality would otherwise be lost or falsely equated.","Do not merge different event/subject/period/level merely to fill both sides. Existing type keys are candidates, not approved synonym mappings.","[""B-165""]","[""4603ba45dab9249c""]","[""GAP-0887""]",existing-type-registries.json#Innbo,"[""subject"", ""trigger"", ""unit"", ""period"", ""limit_basis"", ""conditions"", ""level"", ""optionality"", ""provider/type/scope/version"", ""source""]","[{""finding_id"": ""GAP-0887"", ""source_fact_id"": ""SF-1362"", ""artifact"": ""catalog/sources/storebrand/innbo/Storebrand_Innbo_innbo09.pdf"", ""location"": ""PDF fysisk side 28,29, E.4""}]",Listed signature IDs → p1-triage.csv → frozen gap/source-fact inventory; batch evidence in triage.json,PENDING_REVIEW,REQUIRED_BEFORE_IMPLEMENTATION
CR-269,Rydding/flytting / utover sum,"[""innbo.rydding.grense""]",Proposed key/type/detail relationship needs explicit validation,MAPPING_REVIEW_FIRST,"[""[\""if\"",\""innbo\"",\""ordinary\"",\""if-innbo-basis\"",\""IBO2-1\""]"", ""[\""if\"",\""innbo\"",\""ordinary\"",\""if-innbo-super\"",\""IBO2-1\""]"", ""[\""if\"",\""innbo\"",\""ordinary\"",\""if-innbo-utvidet\"",\""IBO2-1\""]""]","[""Innbo""]","First test exact reuse or source-bound provider-specific detail within an existing parent. A new key is allowed only if subject, trigger, unit, period or optionality would otherwise be lost or falsely equated.","Do not merge different event/subject/period/level merely to fill both sides. Existing type keys are candidates, not approved synonym mappings.","[""B-146""]","[""8cad48c5ee931a94""]","[""GAP-3345""]",existing-type-registries.json#Innbo,"[""subject"", ""trigger"", ""unit"", ""period"", ""limit_basis"", ""conditions"", ""level"", ""optionality"", ""provider/type/scope/version"", ""source""]","[{""finding_id"": ""GAP-3345"", ""source_fact_id"": ""SF-4704"", ""artifact"": ""catalog/sources/if/innbo/If_Innboforsikring_IBO2-1.pdf"", ""location"": ""5 pkt3.2""}]",Listed signature IDs → p1-triage.csv → frozen gap/source-fact inventory; batch evidence in triage.json,PENDING_REVIEW,REQUIRED_BEFORE_IMPLEMENTATION
CR-270,Sikrede / husstand,[],No exact mapping approved in the audit,CANONICAL_REVIEW_FIRST,"[""[\""storebrand\"",\""innbo\"",\""ordinary\"",\""sb-innbo-standard\"",\""innbo09\""]"", ""[\""storebrand\"",\""innbo\"",\""ordinary\"",\""sb-innbo-super\"",\""innbo09\""]""]","[""Innbo""]","First test exact reuse or source-bound provider-specific detail within an existing parent. A new key is allowed only if subject, trigger, unit, period or optionality would otherwise be lost or falsely equated.","Do not merge different event/subject/period/level merely to fill both sides. Existing type keys are candidates, not approved synonym mappings.","[""B-165""]","[""ab694b3ad6e322bb""]","[""GAP-0842""]",existing-type-registries.json#Innbo,"[""subject"", ""trigger"", ""unit"", ""period"", ""limit_basis"", ""conditions"", ""level"", ""optionality"", ""provider/type/scope/version"", ""source""]","[{""finding_id"": ""GAP-0842"", ""source_fact_id"": ""SF-1301"", ""artifact"": ""catalog/sources/storebrand/innbo/Storebrand_Innbo_innbo09.pdf"", ""location"": ""PDF fysisk side 4, B.1""}]",Listed signature IDs → p1-triage.csv → frozen gap/source-fact inventory; batch evidence in triage.json,PENDING_REVIEW,REQUIRED_BEFORE_IMPLEMENTATION
CR-271,Skadedyr / ingen fysisk skade,"[""skadedyr.begrensning""]",Proposed key/type/detail relationship needs explicit validation,MAPPING_REVIEW_FIRST,"[""[\""if\"",\""innbo\"",\""ordinary\"",\""if-innbo-super\"",\""IBO2-1\""]"", ""[\""if\"",\""innbo\"",\""ordinary\"",\""if-innbo-utvidet\"",\""IBO2-1\""]""]","[""Innbo""]","First test exact reuse or source-bound provider-specific detail within an existing parent. A new key is allowed only if subject, trigger, unit, period or optionality would otherwise be lost or falsely equated.","Do not merge different event/subject/period/level merely to fill both sides. Existing type keys are candidates, not approved synonym mappings.","[""B-146""]","[""d0c96f292a879ff4""]","[""GAP-3399""]",existing-type-registries.json#Innbo,"[""subject"", ""trigger"", ""unit"", ""period"", ""limit_basis"", ""conditions"", ""level"", ""optionality"", ""provider/type/scope/version"", ""source""]","[{""finding_id"": ""GAP-3399"", ""source_fact_id"": ""SF-4778"", ""artifact"": ""catalog/sources/if/innbo/If_Innboforsikring_IBO2-1.pdf"", ""location"": ""11–12 pkt4.15""}]",Listed signature IDs → p1-triage.csv → frozen gap/source-fact inventory; batch evidence in triage.json,PENDING_REVIEW,REQUIRED_BEFORE_IMPLEMENTATION
CR-272,Små bygninger / area_sum,"[""innbo.smaabygg.grense""]",Proposed key/type/detail relationship needs explicit validation,MAPPING_REVIEW_FIRST,"[""[\""tryg\"",\""innbo\"",\""ordinary\"",\""tryg-innbo\"",\""2026-07-01\""]"", ""[\""tryg\"",\""innbo\"",\""ordinary\"",\""tryg-innbo-ekstra\"",\""2026-07-01\""]""]","[""Innbo""]","First test exact reuse or source-bound provider-specific detail within an existing parent. A new key is allowed only if subject, trigger, unit, period or optionality would otherwise be lost or falsely equated.","Do not merge different event/subject/period/level merely to fill both sides. Existing type keys are candidates, not approved synonym mappings.","[""B-179""]","[""eab8ec6c4e8e79fe""]","[""GAP-4391""]",existing-type-registries.json#Innbo,"[""subject"", ""trigger"", ""unit"", ""period"", ""limit_basis"", ""conditions"", ""level"", ""optionality"", ""provider/type/scope/version"", ""source""]","[{""finding_id"": ""GAP-4391"", ""source_fact_id"": ""SF-6247"", ""artifact"": ""catalog/sources/tryg/innbo/Innbo_og_losore_PPK13301.pdf"", ""location"": ""s1 §1.1; Ekstra s1""}]",Listed signature IDs → p1-triage.csv → frozen gap/source-fact inventory; batch evidence in triage.json,PENDING_REVIEW,REQUIRED_BEFORE_IMPLEMENTATION
CR-273,Små elektriske kjøretøy / løsøre/ansvar,[],No exact mapping approved in the audit,CANONICAL_REVIEW_FIRST,"[""[\""storebrand\"",\""innbo\"",\""ordinary\"",\""sb-innbo-standard\"",\""innbo09\""]"", ""[\""storebrand\"",\""innbo\"",\""ordinary\"",\""sb-innbo-super\"",\""innbo09\""]""]","[""Innbo""]","First test exact reuse or source-bound provider-specific detail within an existing parent. A new key is allowed only if subject, trigger, unit, period or optionality would otherwise be lost or falsely equated.","Do not merge different event/subject/period/level merely to fill both sides. Existing type keys are candidates, not approved synonym mappings.","[""B-165""]","[""d158a73e5d35f312""]","[""GAP-0851""]",existing-type-registries.json#Innbo,"[""subject"", ""trigger"", ""unit"", ""period"", ""limit_basis"", ""conditions"", ""level"", ""optionality"", ""provider/type/scope/version"", ""source""]","[{""finding_id"": ""GAP-0851"", ""source_fact_id"": ""SF-1315"", ""artifact"": ""catalog/sources/storebrand/innbo/Storebrand_Innbo_innbo09.pdf"", ""location"": ""PDF fysisk side 5,9, B.3/B.4.5""}]",Listed signature IDs → p1-triage.csv → frozen gap/source-fact inventory; batch evidence in triage.json,PENDING_REVIEW,REQUIRED_BEFORE_IMPLEMENTATION
CR-274,Småbåt/tilhenger / sum/omfang,"[""innbo.bat.tilhenger.grense""]",Proposed key/type/detail relationship needs explicit validation,MAPPING_REVIEW_FIRST,"[""[\""if\"",\""innbo\"",\""ordinary\"",\""if-innbo-basis\"",\""IBO2-1\""]"", ""[\""if\"",\""innbo\"",\""ordinary\"",\""if-innbo-super\"",\""IBO2-1\""]"", ""[\""if\"",\""innbo\"",\""ordinary\"",\""if-innbo-utvidet\"",\""IBO2-1\""]""]","[""Innbo""]","First test exact reuse or source-bound provider-specific detail within an existing parent. A new key is allowed only if subject, trigger, unit, period or optionality would otherwise be lost or falsely equated.","Do not merge different event/subject/period/level merely to fill both sides. Existing type keys are candidates, not approved synonym mappings.","[""B-146""]","[""247a23ba69c5e1af""]","[""GAP-3341""]",existing-type-registries.json#Innbo,"[""subject"", ""trigger"", ""unit"", ""period"", ""limit_basis"", ""conditions"", ""level"", ""optionality"", ""provider/type/scope/version"", ""source""]","[{""finding_id"": ""GAP-3341"", ""source_fact_id"": ""SF-4700"", ""artifact"": ""catalog/sources/if/innbo/If_Innboforsikring_IBO2-1.pdf"", ""location"": ""4 pkt3.1""}]",Listed signature IDs → p1-triage.csv → frozen gap/source-fact inventory; batch evidence in triage.json,PENDING_REVIEW,REQUIRED_BEFORE_IMPLEMENTATION
CR-275,Standard / viktige skadeunntak,[],No exact mapping approved in the audit,CANONICAL_REVIEW_FIRST,"[""[\""frende\"",\""innbo\"",\""ordinary\"",\""frende-innbo-standard\"",\""2026-09-01\""]""]","[""Innbo""]","First test exact reuse or source-bound provider-specific detail within an existing parent. A new key is allowed only if subject, trigger, unit, period or optionality would otherwise be lost or falsely equated.","Do not merge different event/subject/period/level merely to fill both sides. Existing type keys are candidates, not approved synonym mappings.","[""B-115""]","[""813cf4adbdf65801""]","[""GAP-0277""]",existing-type-registries.json#Innbo,"[""subject"", ""trigger"", ""unit"", ""period"", ""limit_basis"", ""conditions"", ""level"", ""optionality"", ""provider/type/scope/version"", ""source""]","[{""finding_id"": ""GAP-0277"", ""source_fact_id"": ""SF-0458"", ""artifact"": ""catalog/sources/frende/innbo/Vilkar_innboforsikring_01092026.pdf"", ""location"": ""PDF side 5, 5.2""}]",Listed signature IDs → p1-triage.csv → frozen gap/source-fact inventory; batch evidence in triage.json,PENDING_REVIEW,REQUIRED_BEFORE_IMPLEMENTATION
CR-276,Tilhenger / sum/sted,[],No exact mapping approved in the audit,CANONICAL_REVIEW_FIRST,"[""[\""gjensidige\"",\""innbo\"",\""ordinary\"",\""gj-innbo\"",null]"", ""[\""gjensidige\"",\""innbo\"",\""ordinary\"",\""gj-innbo-pluss\"",null]""]","[""Innbo""]","First test exact reuse or source-bound provider-specific detail within an existing parent. A new key is allowed only if subject, trigger, unit, period or optionality would otherwise be lost or falsely equated.","Do not merge different event/subject/period/level merely to fill both sides. Existing type keys are candidates, not approved synonym mappings.","[""B-131""]","[""bd5d5887eea81d7c""]","[""GAP-1987""]",existing-type-registries.json#Innbo,"[""subject"", ""trigger"", ""unit"", ""period"", ""limit_basis"", ""conditions"", ""level"", ""optionality"", ""provider/type/scope/version"", ""source""]","[{""finding_id"": ""GAP-1987"", ""source_fact_id"": ""SF-2861"", ""artifact"": ""catalog/sources/gjensidige/innbo/Gjensidige_Innbo_Standard_alminnelige_vilkar.pdf"", ""location"": ""PDF 3""}]",Listed signature IDs → p1-triage.csv → frozen gap/source-fact inventory; batch evidence in triage.json,PENDING_REVIEW,REQUIRED_BEFORE_IMPLEMENTATION
CR-277,Trygghetsgaranti / nyanskaffelser,[],No exact mapping approved in the audit,CANONICAL_REVIEW_FIRST,"[""[\""storebrand\"",\""innbo\"",\""ordinary\"",\""sb-innbo-standard\"",\""innbo09\""]"", ""[\""storebrand\"",\""innbo\"",\""ordinary\"",\""sb-innbo-super\"",\""innbo09\""]""]","[""Innbo""]","First test exact reuse or source-bound provider-specific detail within an existing parent. A new key is allowed only if subject, trigger, unit, period or optionality would otherwise be lost or falsely equated.","Do not merge different event/subject/period/level merely to fill both sides. Existing type keys are candidates, not approved synonym mappings.","[""B-165""]","[""027e2af27e30f3fb""]","[""GAP-0875""]",existing-type-registries.json#Innbo,"[""subject"", ""trigger"", ""unit"", ""period"", ""limit_basis"", ""conditions"", ""level"", ""optionality"", ""provider/type/scope/version"", ""source""]","[{""finding_id"": ""GAP-0875"", ""source_fact_id"": ""SF-1347"", ""artifact"": ""catalog/sources/storebrand/innbo/Storebrand_Innbo_innbo09.pdf"", ""location"": ""PDF fysisk side 13, B.5""}]",Listed signature IDs → p1-triage.csv → frozen gap/source-fact inventory; batch evidence in triage.json,PENDING_REVIEW,REQUIRED_BEFORE_IMPLEMENTATION
CR-278,Utleie / forhåndsavtale,[],No exact mapping approved in the audit,CANONICAL_REVIEW_FIRST,"[""[\""storebrand\"",\""innbo\"",\""ordinary\"",\""sb-innbo-standard\"",\""innbo09\""]"", ""[\""storebrand\"",\""innbo\"",\""ordinary\"",\""sb-innbo-super\"",\""innbo09\""]""]","[""Innbo""]","First test exact reuse or source-bound provider-specific detail within an existing parent. A new key is allowed only if subject, trigger, unit, period or optionality would otherwise be lost or falsely equated.","Do not merge different event/subject/period/level merely to fill both sides. Existing type keys are candidates, not approved synonym mappings.","[""B-165""]","[""c1f56c740034203c""]","[""GAP-0879""]",existing-type-registries.json#Innbo,"[""subject"", ""trigger"", ""unit"", ""period"", ""limit_basis"", ""conditions"", ""level"", ""optionality"", ""provider/type/scope/version"", ""source""]","[{""finding_id"": ""GAP-0879"", ""source_fact_id"": ""SF-1352"", ""artifact"": ""catalog/sources/storebrand/innbo/Storebrand_Innbo_innbo09.pdf"", ""location"": ""PDF fysisk side 16, B.7.2""}]",Listed signature IDs → p1-triage.csv → frozen gap/source-fact inventory; batch evidence in triage.json,PENDING_REVIEW,REQUIRED_BEFORE_IMPLEMENTATION
CR-279,Vann / egenandelfritak,"[""vann.egenandel""]",Proposed key/type/detail relationship needs explicit validation,MAPPING_REVIEW_FIRST,"[""[\""storebrand\"",\""innbo\"",\""ordinary\"",\""sb-innbo-standard\"",\""innbo09\""]"", ""[\""storebrand\"",\""innbo\"",\""ordinary\"",\""sb-innbo-super\"",\""innbo09\""]""]","[""Innbo""]","First test exact reuse or source-bound provider-specific detail within an existing parent. A new key is allowed only if subject, trigger, unit, period or optionality would otherwise be lost or falsely equated.","Do not merge different event/subject/period/level merely to fill both sides. Existing type keys are candidates, not approved synonym mappings.","[""B-164""]","[""b660ade93c171552""]","[""GAP-0857""]",existing-type-registries.json#Innbo,"[""subject"", ""trigger"", ""unit"", ""period"", ""limit_basis"", ""conditions"", ""level"", ""optionality"", ""provider/type/scope/version"", ""source""]","[{""finding_id"": ""GAP-0857"", ""source_fact_id"": ""SF-1324"", ""artifact"": ""catalog/sources/storebrand/innbo/Storebrand_Innbo_innbo09.pdf"", ""location"": ""PDF fysisk side 8, B.4.4""}]",Listed signature IDs → p1-triage.csv → frozen gap/source-fact inventory; batch evidence in triage.json,PENDING_REVIEW,REQUIRED_BEFORE_IMPLEMENTATION
CR-280,Vann / terreng-egenandel,[],No exact mapping approved in the audit,CANONICAL_REVIEW_FIRST,"[""[\""tryg\"",\""innbo\"",\""ordinary\"",\""tryg-innbo\"",\""2026-07-01\""]"", ""[\""tryg\"",\""innbo\"",\""ordinary\"",\""tryg-innbo-ekstra\"",\""2026-07-01\""]""]","[""Innbo""]","First test exact reuse or source-bound provider-specific detail within an existing parent. A new key is allowed only if subject, trigger, unit, period or optionality would otherwise be lost or falsely equated.","Do not merge different event/subject/period/level merely to fill both sides. Existing type keys are candidates, not approved synonym mappings.","[""B-180""]","[""cbf800139dac07c5""]","[""GAP-0127""]",existing-type-registries.json#Innbo,"[""subject"", ""trigger"", ""unit"", ""period"", ""limit_basis"", ""conditions"", ""level"", ""optionality"", ""provider/type/scope/version"", ""source""]","[{""finding_id"": ""GAP-0127"", ""source_fact_id"": ""SF-0220"", ""artifact"": ""catalog/sources/tryg/innbo/Innbo_og_losore_PPK13301.pdf"", ""location"": ""PDF side 3, 2.3 Vann""}]",Listed signature IDs → p1-triage.csv → frozen gap/source-fact inventory; batch evidence in triage.json,PENDING_REVIEW,REQUIRED_BEFORE_IMPLEMENTATION
CR-281,Yrkesskade / limits,[],No exact mapping approved in the audit,CANONICAL_REVIEW_FIRST,"[""[\""fremtind\"",\""innbo\"",\""ordinary\"",\""fremtind-innbo-standard\"",\""2025-01-01\""]"", ""[\""fremtind\"",\""innbo\"",\""ordinary\"",\""fremtind-innbo-topp\"",\""2025-01-01\""]""]","[""Innbo""]","First test exact reuse or source-bound provider-specific detail within an existing parent. A new key is allowed only if subject, trigger, unit, period or optionality would otherwise be lost or falsely equated.","Do not merge different event/subject/period/level merely to fill both sides. Existing type keys are candidates, not approved synonym mappings.","[""B-103""]","[""392bec1d96212756""]","[""GAP-5026""]",existing-type-registries.json#Innbo,"[""subject"", ""trigger"", ""unit"", ""period"", ""limit_basis"", ""conditions"", ""level"", ""optionality"", ""provider/type/scope/version"", ""source""]","[{""finding_id"": ""GAP-5026"", ""source_fact_id"": ""SF-7206"", ""artifact"": ""catalog/sources/fremtind/innbo/canonical/Vilkar_Standard_Innbo.pdf"", ""location"": ""Standard§7s6;Topp§7s8""}]",Listed signature IDs → p1-triage.csv → frozen gap/source-fact inventory; batch evidence in triage.json,PENDING_REVIEW,REQUIRED_BEFORE_IMPLEMENTATION
CR-282,Andre leddlidelser / egen kvalifikasjon,[],No exact mapping approved in the audit,CANONICAL_REVIEW_FIRST,"[""[\""storebrand\"",\""katt\"",\""ordinary\"",\""storebrand-katt-veterin-r\"",\""2025-02-01\""]"", ""[\""storebrand\"",\""katt\"",\""ordinary\"",\""storebrand-katt-veterin-r-og-d-dsfall\"",\""2025-02-01\""]""]","[""Katt""]","First test exact reuse or source-bound provider-specific detail within an existing parent. A new key is allowed only if subject, trigger, unit, period or optionality would otherwise be lost or falsely equated.","Do not merge different event/subject/period/level merely to fill both sides. Existing type keys are candidates, not approved synonym mappings.","[""B-166""]","[""e85c6f0611ed4b6e""]","[""GAP-0185""]",existing-type-registries.json#Katt,"[""subject"", ""trigger"", ""unit"", ""period"", ""limit_basis"", ""conditions"", ""level"", ""optionality"", ""provider/type/scope/version"", ""source""]","[{""finding_id"": ""GAP-0185"", ""source_fact_id"": ""SF-0314"", ""artifact"": ""catalog/sources/boat-pet/storebrand-pet-terms.pdf"", ""location"": ""PDF side 7, B.4.2""}]",Listed signature IDs → p1-triage.csv → frozen gap/source-fact inventory; batch evidence in triage.json,PENDING_REVIEW,REQUIRED_BEFORE_IMPLEMENTATION
CR-283,Andre unntak / materielle,[],No exact mapping approved in the audit,CANONICAL_REVIEW_FIRST,"[""[\""gjensidige\"",\""katt\"",\""ordinary\"",\""gjensidige-katt-behandling\"",null]""]","[""Katt""]","First test exact reuse or source-bound provider-specific detail within an existing parent. A new key is allowed only if subject, trigger, unit, period or optionality would otherwise be lost or falsely equated.","Do not merge different event/subject/period/level merely to fill both sides. Existing type keys are candidates, not approved synonym mappings.","[""B-133""]","[""382d34c4d4cda824""]","[""GAP-2925""]",existing-type-registries.json#Katt,"[""subject"", ""trigger"", ""unit"", ""period"", ""limit_basis"", ""conditions"", ""level"", ""optionality"", ""provider/type/scope/version"", ""source""]","[{""finding_id"": ""GAP-2925"", ""source_fact_id"": ""SF-4080"", ""artifact"": ""catalog/sources/boat-pet/gjensidige-cat-treatment-terms.pdf"", ""location"": ""2–3""}]",Listed signature IDs → p1-triage.csv → frozen gap/source-fact inventory; batch evidence in triage.json,PENDING_REVIEW,REQUIRED_BEFORE_IMPLEMENTATION
CR-284,Arvelige/medfødte lidelser / unntak og kvalifikasjon,[],No exact mapping approved in the audit,CANONICAL_REVIEW_FIRST,"[""[\""storebrand\"",\""katt\"",\""ordinary\"",\""storebrand-katt-veterin-r\"",\""2025-02-01\""]"", ""[\""storebrand\"",\""katt\"",\""ordinary\"",\""storebrand-katt-veterin-r-og-d-dsfall\"",\""2025-02-01\""]""]","[""Katt""]","First test exact reuse or source-bound provider-specific detail within an existing parent. A new key is allowed only if subject, trigger, unit, period or optionality would otherwise be lost or falsely equated.","Do not merge different event/subject/period/level merely to fill both sides. Existing type keys are candidates, not approved synonym mappings.","[""B-166""]","[""b913e998e7d774af""]","[""GAP-0183""]",existing-type-registries.json#Katt,"[""subject"", ""trigger"", ""unit"", ""period"", ""limit_basis"", ""conditions"", ""level"", ""optionality"", ""provider/type/scope/version"", ""source""]","[{""finding_id"": ""GAP-0183"", ""source_fact_id"": ""SF-0312"", ""artifact"": ""catalog/sources/boat-pet/storebrand-pet-terms.pdf"", ""location"": ""PDF side 7, B.4.2""}]",Listed signature IDs → p1-triage.csv → frozen gap/source-fact inventory; batch evidence in triage.json,PENDING_REVIEW,REQUIRED_BEFORE_IMPLEMENTATION
CR-285,Avliving / sum,[],No exact mapping approved in the audit,CANONICAL_REVIEW_FIRST,"[""[\""sparebank1-fremtind\"",\""katt\"",\""ordinary\"",\""sparebank1-fremtind-katt-veterin-r\"",\""2025-08-07\""]""]","[""Katt""]","First test exact reuse or source-bound provider-specific detail within an existing parent. A new key is allowed only if subject, trigger, unit, period or optionality would otherwise be lost or falsely equated.","Do not merge different event/subject/period/level merely to fill both sides. Existing type keys are candidates, not approved synonym mappings.","[""B-157""]","[""0a6e885f4c8cc14c""]","[""GAP-5612""]",existing-type-registries.json#Katt,"[""subject"", ""trigger"", ""unit"", ""period"", ""limit_basis"", ""conditions"", ""level"", ""optionality"", ""provider/type/scope/version"", ""source""]","[{""finding_id"": ""GAP-5612"", ""source_fact_id"": ""SF-7960"", ""artifact"": ""catalog/sources/boat-pet/fremtind-cat-vet-terms.pdf"", ""location"": ""§7s1""}]",Listed signature IDs → p1-triage.csv → frozen gap/source-fact inventory; batch evidence in triage.json,PENDING_REVIEW,REQUIRED_BEFORE_IMPLEMENTATION
CR-286,Avliving / sum/vilkår,[],No exact mapping approved in the audit,CANONICAL_REVIEW_FIRST,"[""[\""frende\"",\""katt\"",\""ordinary\"",\""frende-katt-veterin-r\"",\""2026-01-01\""]""]","[""Katt""]","First test exact reuse or source-bound provider-specific detail within an existing parent. A new key is allowed only if subject, trigger, unit, period or optionality would otherwise be lost or falsely equated.","Do not merge different event/subject/period/level merely to fill both sides. Existing type keys are candidates, not approved synonym mappings.","[""B-116""]","[""26518e4f6972c94e""]","[""GAP-1289""]",existing-type-registries.json#Katt,"[""subject"", ""trigger"", ""unit"", ""period"", ""limit_basis"", ""conditions"", ""level"", ""optionality"", ""provider/type/scope/version"", ""source""]","[{""finding_id"": ""GAP-1289"", ""source_fact_id"": ""SF-1908"", ""artifact"": ""catalog/sources/boat-pet/frende-cat-terms.pdf"", ""location"": ""PDFside2punkt4.1""}]",Listed signature IDs → p1-triage.csv → frozen gap/source-fact inventory; batch evidence in triage.json,PENDING_REVIEW,REQUIRED_BEFORE_IMPLEMENTATION
CR-287,Avliving / vilkår og alder,[],No exact mapping approved in the audit,CANONICAL_REVIEW_FIRST,"[""[\""storebrand\"",\""katt\"",\""ordinary\"",\""storebrand-katt-veterin-r\"",\""2025-02-01\""]"", ""[\""storebrand\"",\""katt\"",\""ordinary\"",\""storebrand-katt-veterin-r-og-d-dsfall\"",\""2025-02-01\""]""]","[""Katt""]","First test exact reuse or source-bound provider-specific detail within an existing parent. A new key is allowed only if subject, trigger, unit, period or optionality would otherwise be lost or falsely equated.","Do not merge different event/subject/period/level merely to fill both sides. Existing type keys are candidates, not approved synonym mappings.","[""B-166""]","[""1a34da12d6989116""]","[""GAP-0177""]",existing-type-registries.json#Katt,"[""subject"", ""trigger"", ""unit"", ""period"", ""limit_basis"", ""conditions"", ""level"", ""optionality"", ""provider/type/scope/version"", ""source""]","[{""finding_id"": ""GAP-0177"", ""source_fact_id"": ""SF-0306"", ""artifact"": ""catalog/sources/boat-pet/storebrand-pet-terms.pdf"", ""location"": ""PDF side 6, B.4.1.7""}]",Listed signature IDs → p1-triage.csv → frozen gap/source-fact inventory; batch evidence in triage.json,PENDING_REVIEW,REQUIRED_BEFORE_IMPLEMENTATION
CR-288,Avliving/kremering / sum/aldersvilkår,"[""dyr.avlivning.grense""]",Proposed key/type/detail relationship needs explicit validation,MAPPING_REVIEW_FIRST,"[""[\""gjensidige\"",\""katt\"",\""ordinary\"",\""gjensidige-katt-behandling\"",null]""]","[""Katt""]","First test exact reuse or source-bound provider-specific detail within an existing parent. A new key is allowed only if subject, trigger, unit, period or optionality would otherwise be lost or falsely equated.","Do not merge different event/subject/period/level merely to fill both sides. Existing type keys are candidates, not approved synonym mappings.","[""B-132""]","[""10827e5b0787e139""]","[""GAP-2921""]",existing-type-registries.json#Katt,"[""subject"", ""trigger"", ""unit"", ""period"", ""limit_basis"", ""conditions"", ""level"", ""optionality"", ""provider/type/scope/version"", ""source""]","[{""finding_id"": ""GAP-2921"", ""source_fact_id"": ""SF-4076"", ""artifact"": ""catalog/sources/boat-pet/gjensidige-cat-treatment-terms.pdf"", ""location"": ""1–3""}]",Listed signature IDs → p1-triage.csv → frozen gap/source-fact inventory; batch evidence in triage.json,PENDING_REVIEW,REQUIRED_BEFORE_IMPLEMENTATION
CR-289,Avlivning / aldersgrense,"[""dyr.avlivning.dekning""]",Proposed key/type/detail relationship needs explicit validation,MAPPING_REVIEW_FIRST,"[""[\""if\"",\""katt\"",\""ordinary\"",\""if-katt-basis\"",\""2022-12-01\""]"", ""[\""if\"",\""katt\"",\""ordinary\"",\""if-katt-standard\"",\""2022-12-01\""]"", ""[\""if\"",\""katt\"",\""ordinary\"",\""if-katt-super\"",\""2022-12-01\""]""]","[""Katt""]","First test exact reuse or source-bound provider-specific detail within an existing parent. A new key is allowed only if subject, trigger, unit, period or optionality would otherwise be lost or falsely equated.","Do not merge different event/subject/period/level merely to fill both sides. Existing type keys are candidates, not approved synonym mappings.","[""B-147""]","[""192ba68b4727b259""]","[""GAP-3848""]",existing-type-registries.json#Katt,"[""subject"", ""trigger"", ""unit"", ""period"", ""limit_basis"", ""conditions"", ""level"", ""optionality"", ""provider/type/scope/version"", ""source""]","[{""finding_id"": ""GAP-3848"", ""source_fact_id"": ""SF-5477"", ""artifact"": ""catalog/sources/boat-pet/if-cat-terms.pdf"", ""location"": ""5 §5.1.8""}]",Listed signature IDs → p1-triage.csv → frozen gap/source-fact inventory; batch evidence in triage.json,PENDING_REVIEW,REQUIRED_BEFORE_IMPLEMENTATION
CR-290,Avlivning / behandling,"[""dyr.avlivning.dekning""]",Proposed key/type/detail relationship needs explicit validation,MAPPING_REVIEW_FIRST,"[""[\""tryg\"",\""katt\"",\""ordinary\"",\""tryg-katt-behandling\"",\""2026-09-01\""]""]","[""Katt""]","First test exact reuse or source-bound provider-specific detail within an existing parent. A new key is allowed only if subject, trigger, unit, period or optionality would otherwise be lost or falsely equated.","Do not merge different event/subject/period/level merely to fill both sides. Existing type keys are candidates, not approved synonym mappings.","[""B-181""]","[""27196ec4cb169686""]","[""GAP-4368""]",existing-type-registries.json#Katt,"[""subject"", ""trigger"", ""unit"", ""period"", ""limit_basis"", ""conditions"", ""level"", ""optionality"", ""provider/type/scope/version"", ""source""]","[{""finding_id"": ""GAP-4368"", ""source_fact_id"": ""SF-6221"", ""artifact"": ""catalog/sources/boat-pet/tryg-cat-treatment-terms.pdf"", ""location"": ""1 §3""}]",Listed signature IDs → p1-triage.csv → frozen gap/source-fact inventory; batch evidence in triage.json,PENDING_REVIEW,REQUIRED_BEFORE_IMPLEMENTATION
CR-291,Behandlingsunntak / organ,[],No exact mapping approved in the audit,CANONICAL_REVIEW_FIRST,"[""[\""gjensidige\"",\""katt\"",\""ordinary\"",\""gjensidige-katt-behandling\"",null]""]","[""Katt""]","First test exact reuse or source-bound provider-specific detail within an existing parent. A new key is allowed only if subject, trigger, unit, period or optionality would otherwise be lost or falsely equated.","Do not merge different event/subject/period/level merely to fill both sides. Existing type keys are candidates, not approved synonym mappings.","[""B-133""]","[""a0024020f2107281""]","[""GAP-2924""]",existing-type-registries.json#Katt,"[""subject"", ""trigger"", ""unit"", ""period"", ""limit_basis"", ""conditions"", ""level"", ""optionality"", ""provider/type/scope/version"", ""source""]","[{""finding_id"": ""GAP-2924"", ""source_fact_id"": ""SF-4079"", ""artifact"": ""catalog/sources/boat-pet/gjensidige-cat-treatment-terms.pdf"", ""location"": ""2""}]",Listed signature IDs → p1-triage.csv → frozen gap/source-fact inventory; batch evidence in triage.json,PENDING_REVIEW,REQUIRED_BEFORE_IMPLEMENTATION
CR-292,Bruk / dependency,"[""katt.bruksverdi.dekning""]","CatalogAddOn.requiresLevel addresses main level, not selected Liv add-on; Katt Bruk additionally lacks its own component.",CANONICAL_REVIEW_FIRST,"[""[\""gjensidige\"",\""katt\"",\""ordinary\"",\""gjensidige-katt-behandling\"",null]""]","[""Katt""]","Review narrow explicit add-on dependency versus source-correct package composition; never silently select Liv. Only proven current structural gap here, not a general schema rewrite.","Do not merge different event/subject/period/level merely to fill both sides. Existing type keys are candidates, not approved synonym mappings.","[""B-022""]","[""22894946841d0ce5""]","[""GAP-2936""]",existing-type-registries.json#Katt,"[""subject"", ""trigger"", ""unit"", ""period"", ""limit_basis"", ""conditions"", ""level"", ""optionality"", ""provider/type/scope/version"", ""source""]","[{""finding_id"": ""GAP-2936"", ""source_fact_id"": ""SF-4091"", ""artifact"": ""catalog/sources/boat-pet/gjensidige-cat-product.html"", ""location"": ""Liv/Bruk""}]",Listed signature IDs → p1-triage.csv → frozen gap/source-fact inventory; batch evidence in triage.json,PENDING_REVIEW,REQUIRED_BEFORE_IMPLEMENTATION
CR-293,Bruk / gjenverdi,"[""katt.bruksverdi.grense""]",Proposed key/type/detail relationship needs explicit validation,MAPPING_REVIEW_FIRST,"[""[\""gjensidige\"",\""katt\"",\""ordinary\"",\""gjensidige-katt-behandling\"",null]""]","[""Katt""]","First test exact reuse or source-bound provider-specific detail within an existing parent. A new key is allowed only if subject, trigger, unit, period or optionality would otherwise be lost or falsely equated.","Do not merge different event/subject/period/level merely to fill both sides. Existing type keys are candidates, not approved synonym mappings.","[""B-132""]","[""cae2b5dab8841467""]","[""GAP-2939""]",existing-type-registries.json#Katt,"[""subject"", ""trigger"", ""unit"", ""period"", ""limit_basis"", ""conditions"", ""level"", ""optionality"", ""provider/type/scope/version"", ""source""]","[{""finding_id"": ""GAP-2939"", ""source_fact_id"": ""SF-4094"", ""artifact"": ""catalog/sources/boat-pet/gjensidige-cat-life-use-terms.pdf"", ""location"": ""PDF7""}]",Listed signature IDs → p1-triage.csv → frozen gap/source-fact inventory; batch evidence in triage.json,PENDING_REVIEW,REQUIRED_BEFORE_IMPLEMENTATION
CR-294,Bruk / opphør,"[""katt.bruksverdi.opphor""]",Proposed key/type/detail relationship needs explicit validation,MAPPING_REVIEW_FIRST,"[""[\""gjensidige\"",\""katt\"",\""ordinary\"",\""gjensidige-katt-behandling\"",null]""]","[""Katt""]","First test exact reuse or source-bound provider-specific detail within an existing parent. A new key is allowed only if subject, trigger, unit, period or optionality would otherwise be lost or falsely equated.","Do not merge different event/subject/period/level merely to fill both sides. Existing type keys are candidates, not approved synonym mappings.","[""B-132""]","[""42a5982d04bf9b1e""]","[""GAP-2938""]",existing-type-registries.json#Katt,"[""subject"", ""trigger"", ""unit"", ""period"", ""limit_basis"", ""conditions"", ""level"", ""optionality"", ""provider/type/scope/version"", ""source""]","[{""finding_id"": ""GAP-2938"", ""source_fact_id"": ""SF-4093"", ""artifact"": ""catalog/sources/boat-pet/gjensidige-cat-life-use-terms.pdf"", ""location"": ""dog3/cat2""}]",Listed signature IDs → p1-triage.csv → frozen gap/source-fact inventory; batch evidence in triage.json,PENDING_REVIEW,REQUIRED_BEFORE_IMPLEMENTATION
CR-295,Bruk / tap/avl,"[""katt.bruksverdi.dekning""]",Proposed key/type/detail relationship needs explicit validation,MAPPING_REVIEW_FIRST,"[""[\""gjensidige\"",\""katt\"",\""ordinary\"",\""gjensidige-katt-behandling\"",null]""]","[""Katt""]","First test exact reuse or source-bound provider-specific detail within an existing parent. A new key is allowed only if subject, trigger, unit, period or optionality would otherwise be lost or falsely equated.","Do not merge different event/subject/period/level merely to fill both sides. Existing type keys are candidates, not approved synonym mappings.","[""B-132""]","[""25b4c1acafb2e2eb""]","[""GAP-2937""]",existing-type-registries.json#Katt,"[""subject"", ""trigger"", ""unit"", ""period"", ""limit_basis"", ""conditions"", ""level"", ""optionality"", ""provider/type/scope/version"", ""source""]","[{""finding_id"": ""GAP-2937"", ""source_fact_id"": ""SF-4092"", ""artifact"": ""catalog/sources/boat-pet/gjensidige-cat-life-use-terms.pdf"", ""location"": ""2""}]",Listed signature IDs → p1-triage.csv → frozen gap/source-fact inventory; batch evidence in triage.json,PENDING_REVIEW,REQUIRED_BEFORE_IMPLEMENTATION
CR-296,Dødsfall / egenandel,[],No exact mapping approved in the audit,CANONICAL_REVIEW_FIRST,"[""[\""storebrand\"",\""katt\"",\""ordinary\"",\""storebrand-katt-d-dsfall\"",\""2025-02-01\""]"", ""[\""storebrand\"",\""katt\"",\""ordinary\"",\""storebrand-katt-veterin-r-og-d-dsfall\"",\""2025-02-01\""]""]","[""Katt""]","First test exact reuse or source-bound provider-specific detail within an existing parent. A new key is allowed only if subject, trigger, unit, period or optionality would otherwise be lost or falsely equated.","Do not merge different event/subject/period/level merely to fill both sides. Existing type keys are candidates, not approved synonym mappings.","[""B-166""]","[""c833019be9381abb""]","[""GAP-0239""]",existing-type-registries.json#Katt,"[""subject"", ""trigger"", ""unit"", ""period"", ""limit_basis"", ""conditions"", ""level"", ""optionality"", ""provider/type/scope/version"", ""source""]","[{""finding_id"": ""GAP-0239"", ""source_fact_id"": ""SF-0390"", ""artifact"": ""catalog/sources/boat-pet/storebrand-pet-terms.pdf"", ""location"": ""PDF side 3, B.3""}]",Listed signature IDs → p1-triage.csv → frozen gap/source-fact inventory; batch evidence in triage.json,PENDING_REVIEW,REQUIRED_BEFORE_IMPLEMENTATION
CR-297,Dødsfall / geografisk omfang,[],No exact mapping approved in the audit,CANONICAL_REVIEW_FIRST,"[""[\""storebrand\"",\""katt\"",\""ordinary\"",\""storebrand-katt-d-dsfall\"",\""2025-02-01\""]"", ""[\""storebrand\"",\""katt\"",\""ordinary\"",\""storebrand-katt-veterin-r-og-d-dsfall\"",\""2025-02-01\""]""]","[""Katt""]","First test exact reuse or source-bound provider-specific detail within an existing parent. A new key is allowed only if subject, trigger, unit, period or optionality would otherwise be lost or falsely equated.","Do not merge different event/subject/period/level merely to fill both sides. Existing type keys are candidates, not approved synonym mappings.","[""B-166""]","[""5f3a68f08c047e39""]","[""GAP-0238""]",existing-type-registries.json#Katt,"[""subject"", ""trigger"", ""unit"", ""period"", ""limit_basis"", ""conditions"", ""level"", ""optionality"", ""provider/type/scope/version"", ""source""]","[{""finding_id"": ""GAP-0238"", ""source_fact_id"": ""SF-0389"", ""artifact"": ""catalog/sources/boat-pet/storebrand-pet-terms.pdf"", ""location"": ""PDF side 3, B.1.2""}]",Listed signature IDs → p1-triage.csv → frozen gap/source-fact inventory; batch evidence in triage.json,PENDING_REVIEW,REQUIRED_BEFORE_IMPLEMENTATION
CR-298,Dødsfall / sykdomsunntak og kvalifikasjoner,[],No exact mapping approved in the audit,CANONICAL_REVIEW_FIRST,"[""[\""storebrand\"",\""katt\"",\""ordinary\"",\""storebrand-katt-d-dsfall\"",\""2025-02-01\""]"", ""[\""storebrand\"",\""katt\"",\""ordinary\"",\""storebrand-katt-veterin-r-og-d-dsfall\"",\""2025-02-01\""]""]","[""Katt""]","First test exact reuse or source-bound provider-specific detail within an existing parent. A new key is allowed only if subject, trigger, unit, period or optionality would otherwise be lost or falsely equated.","Do not merge different event/subject/period/level merely to fill both sides. Existing type keys are candidates, not approved synonym mappings.","[""B-166""]","[""172933c7d1cbaae3""]","[""GAP-0241""]",existing-type-registries.json#Katt,"[""subject"", ""trigger"", ""unit"", ""period"", ""limit_basis"", ""conditions"", ""level"", ""optionality"", ""provider/type/scope/version"", ""source""]","[{""finding_id"": ""GAP-0241"", ""source_fact_id"": ""SF-0396"", ""artifact"": ""catalog/sources/boat-pet/storebrand-pet-terms.pdf"", ""location"": ""PDF side 9, B.5.2 (fortsetter side 10)""}]",Listed signature IDs → p1-triage.csv → frozen gap/source-fact inventory; batch evidence in triage.json,PENDING_REVIEW,REQUIRED_BEFORE_IMPLEMENTATION
CR-299,Ekstra / egenandel,[],No exact mapping approved in the audit,CANONICAL_REVIEW_FIRST,"[""[\""tryg\"",\""katt\"",\""ordinary\"",\""tryg-katt-behandling\"",\""2026-09-01\""]""]","[""Katt""]","First test exact reuse or source-bound provider-specific detail within an existing parent. A new key is allowed only if subject, trigger, unit, period or optionality would otherwise be lost or falsely equated.","Do not merge different event/subject/period/level merely to fill both sides. Existing type keys are candidates, not approved synonym mappings.","[""B-182""]","[""fde1d80bd8ad0b15""]","[""GAP-0017""]",existing-type-registries.json#Katt,"[""subject"", ""trigger"", ""unit"", ""period"", ""limit_basis"", ""conditions"", ""level"", ""optionality"", ""provider/type/scope/version"", ""source""]","[{""finding_id"": ""GAP-0017"", ""source_fact_id"": ""SF-0027"", ""artifact"": ""catalog/sources/boat-pet/tryg-cat-extra-terms.pdf"", ""location"": ""PDF side 1, Egenandeler""}]",Listed signature IDs → p1-triage.csv → frozen gap/source-fact inventory; batch evidence in triage.json,PENDING_REVIEW,REQUIRED_BEFORE_IMPLEMENTATION
CR-300,FirstVet / service,"[""dyr.veterinar.digital""]",Proposed key/type/detail relationship needs explicit validation,MAPPING_REVIEW_FIRST,"[""[\""sparebank1-fremtind\"",\""katt\"",\""ordinary\"",\""sparebank1-fremtind-katt-veterin-r\"",\""2025-08-07\""]""]","[""Katt""]","First test exact reuse or source-bound provider-specific detail within an existing parent. A new key is allowed only if subject, trigger, unit, period or optionality would otherwise be lost or falsely equated.","Do not merge different event/subject/period/level merely to fill both sides. Existing type keys are candidates, not approved synonym mappings.","[""B-156""]","[""c9f94d39e193293a""]","[""GAP-5627""]",existing-type-registries.json#Katt,"[""subject"", ""trigger"", ""unit"", ""period"", ""limit_basis"", ""conditions"", ""level"", ""optionality"", ""provider/type/scope/version"", ""source""]","[{""finding_id"": ""GAP-5627"", ""source_fact_id"": ""SF-7975"", ""artifact"": ""catalog/sources/boat-pet/fremtind-sb1-cat-product.html"", ""location"": ""SB1Online;IPID""}]",Listed signature IDs → p1-triage.csv → frozen gap/source-fact inventory; batch evidence in triage.json,PENDING_REVIEW,REQUIRED_BEFORE_IMPLEMENTATION
CR-301,FirstVet / tilgang,"[""dyr.firstvet.dekning""]",Proposed key/type/detail relationship needs explicit validation,MAPPING_REVIEW_FIRST,"[""[\""tryg\"",\""katt\"",\""ordinary\"",\""tryg-katt-behandling\"",\""2026-09-01\""]""]","[""Katt""]","First test exact reuse or source-bound provider-specific detail within an existing parent. A new key is allowed only if subject, trigger, unit, period or optionality would otherwise be lost or falsely equated.","Do not merge different event/subject/period/level merely to fill both sides. Existing type keys are candidates, not approved synonym mappings.","[""B-181""]","[""28c83b2ea2fcf679""]","[""GAP-4386""]",existing-type-registries.json#Katt,"[""subject"", ""trigger"", ""unit"", ""period"", ""limit_basis"", ""conditions"", ""level"", ""optionality"", ""provider/type/scope/version"", ""source""]","[{""finding_id"": ""GAP-4386"", ""source_fact_id"": ""SF-6239"", ""artifact"": ""catalog/sources/boat-pet/tryg-cat-product.html"", ""location"": ""FirstVet""}]",Listed signature IDs → p1-triage.csv → frozen gap/source-fact inventory; batch evidence in triage.json,PENDING_REVIEW,REQUIRED_BEFORE_IMPLEMENTATION
CR-302,Forsvinning / ID/tid,"[""dyr.forsvinning.dekning""]",Proposed key/type/detail relationship needs explicit validation,MAPPING_REVIEW_FIRST,"[""[\""if\"",\""katt\"",\""ordinary\"",\""if-katt-basis\"",\""2022-12-01\""]"", ""[\""if\"",\""katt\"",\""ordinary\"",\""if-katt-standard\"",\""2022-12-01\""]"", ""[\""if\"",\""katt\"",\""ordinary\"",\""if-katt-super\"",\""2022-12-01\""]""]","[""Katt""]","First test exact reuse or source-bound provider-specific detail within an existing parent. A new key is allowed only if subject, trigger, unit, period or optionality would otherwise be lost or falsely equated.","Do not merge different event/subject/period/level merely to fill both sides. Existing type keys are candidates, not approved synonym mappings.","[""B-147""]","[""e0e934cb5468810f""]","[""GAP-3852""]",existing-type-registries.json#Katt,"[""subject"", ""trigger"", ""unit"", ""period"", ""limit_basis"", ""conditions"", ""level"", ""optionality"", ""provider/type/scope/version"", ""source""]","[{""finding_id"": ""GAP-3852"", ""source_fact_id"": ""SF-5481"", ""artifact"": ""catalog/sources/boat-pet/if-cat-terms.pdf"", ""location"": ""6 §5.2.3""}]",Listed signature IDs → p1-triage.csv → frozen gap/source-fact inventory; batch evidence in triage.json,PENDING_REVIEW,REQUIRED_BEFORE_IMPLEMENTATION
CR-303,Fødsel / keisersnitt,[],No exact mapping approved in the audit,CANONICAL_REVIEW_FIRST,"[""[\""storebrand\"",\""katt\"",\""ordinary\"",\""storebrand-katt-veterin-r\"",\""2025-02-01\""]"", ""[\""storebrand\"",\""katt\"",\""ordinary\"",\""storebrand-katt-veterin-r-og-d-dsfall\"",\""2025-02-01\""]""]","[""Katt""]","First test exact reuse or source-bound provider-specific detail within an existing parent. A new key is allowed only if subject, trigger, unit, period or optionality would otherwise be lost or falsely equated.","Do not merge different event/subject/period/level merely to fill both sides. Existing type keys are candidates, not approved synonym mappings.","[""B-166""]","[""470eafe6f26c873f""]","[""GAP-0172""]",existing-type-registries.json#Katt,"[""subject"", ""trigger"", ""unit"", ""period"", ""limit_basis"", ""conditions"", ""level"", ""optionality"", ""provider/type/scope/version"", ""source""]","[{""finding_id"": ""GAP-0172"", ""source_fact_id"": ""SF-0301"", ""artifact"": ""catalog/sources/boat-pet/storebrand-pet-terms.pdf"", ""location"": ""PDF side 4, B.4.1.2""}]",Listed signature IDs → p1-triage.csv → frozen gap/source-fact inventory; batch evidence in triage.json,PENDING_REVIEW,REQUIRED_BEFORE_IMPLEMENTATION
CR-304,Geografi / verden,[],No exact mapping approved in the audit,CANONICAL_REVIEW_FIRST,"[""[\""frende\"",\""katt\"",\""ordinary\"",\""frende-katt-veterin-r\"",\""2026-01-01\""]""]","[""Katt""]","First test exact reuse or source-bound provider-specific detail within an existing parent. A new key is allowed only if subject, trigger, unit, period or optionality would otherwise be lost or falsely equated.","Do not merge different event/subject/period/level merely to fill both sides. Existing type keys are candidates, not approved synonym mappings.","[""B-116""]","[""251a870e957fe3d7""]","[""GAP-1285""]",existing-type-registries.json#Katt,"[""subject"", ""trigger"", ""unit"", ""period"", ""limit_basis"", ""conditions"", ""level"", ""optionality"", ""provider/type/scope/version"", ""source""]","[{""finding_id"": ""GAP-1285"", ""source_fact_id"": ""SF-1904"", ""artifact"": ""catalog/sources/boat-pet/frende-cat-terms.pdf"", ""location"": ""PDFside2punkt2""}]",Listed signature IDs → p1-triage.csv → frozen gap/source-fact inventory; batch evidence in triage.json,PENDING_REVIEW,REQUIRED_BEFORE_IMPLEMENTATION
CR-305,Gyldighet / ID-merking,[],No exact mapping approved in the audit,CANONICAL_REVIEW_FIRST,"[""[\""storebrand\"",\""katt\"",\""ordinary\"",\""storebrand-katt-d-dsfall\"",\""2025-02-01\""]"", ""[\""storebrand\"",\""katt\"",\""ordinary\"",\""storebrand-katt-veterin-r\"",\""2025-02-01\""]"", ""[\""storebrand\"",\""katt\"",\""ordinary\"",\""storebrand-katt-veterin-r-og-d-dsfall\"",\""2025-02-01\""]""]","[""Katt""]","First test exact reuse or source-bound provider-specific detail within an existing parent. A new key is allowed only if subject, trigger, unit, period or optionality would otherwise be lost or falsely equated.","Do not merge different event/subject/period/level merely to fill both sides. Existing type keys are candidates, not approved synonym mappings.","[""B-166""]","[""481014c7be79f78a""]","[""GAP-0165""]",existing-type-registries.json#Katt,"[""subject"", ""trigger"", ""unit"", ""period"", ""limit_basis"", ""conditions"", ""level"", ""optionality"", ""provider/type/scope/version"", ""source""]","[{""finding_id"": ""GAP-0165"", ""source_fact_id"": ""SF-0291"", ""artifact"": ""catalog/sources/boat-pet/storebrand-pet-terms.pdf"", ""location"": ""PDF side 3, B.1""}]",Listed signature IDs → p1-triage.csv → frozen gap/source-fact inventory; batch evidence in triage.json,PENDING_REVIEW,REQUIRED_BEFORE_IMPLEMENTATION
CR-306,HD/AD / artsspesifiktunntak,[],No exact mapping approved in the audit,CANONICAL_REVIEW_FIRST,"[""[\""if\"",\""katt\"",\""ordinary\"",\""if-katt-basis\"",\""2022-12-01\""]"", ""[\""if\"",\""katt\"",\""ordinary\"",\""if-katt-standard\"",\""2022-12-01\""]"", ""[\""if\"",\""katt\"",\""ordinary\"",\""if-katt-super\"",\""2022-12-01\""]""]","[""Katt""]","First test exact reuse or source-bound provider-specific detail within an existing parent. A new key is allowed only if subject, trigger, unit, period or optionality would otherwise be lost or falsely equated.","Do not merge different event/subject/period/level merely to fill both sides. Existing type keys are candidates, not approved synonym mappings.","[""B-148""]","[""6df3478897f16b2b""]","[""GAP-3854""]",existing-type-registries.json#Katt,"[""subject"", ""trigger"", ""unit"", ""period"", ""limit_basis"", ""conditions"", ""level"", ""optionality"", ""provider/type/scope/version"", ""source""]","[{""finding_id"": ""GAP-3854"", ""source_fact_id"": ""SF-5483"", ""artifact"": ""catalog/sources/boat-pet/if-cat-terms.pdf"", ""location"": ""6 §6.1.3""}]",Listed signature IDs → p1-triage.csv → frozen gap/source-fact inventory; batch evidence in triage.json,PENDING_REVIEW,REQUIRED_BEFORE_IMPLEMENTATION
CR-307,HD/AD / egen kvalifikasjon,[],No exact mapping approved in the audit,CANONICAL_REVIEW_FIRST,"[""[\""storebrand\"",\""katt\"",\""ordinary\"",\""storebrand-katt-veterin-r\"",\""2025-02-01\""]"", ""[\""storebrand\"",\""katt\"",\""ordinary\"",\""storebrand-katt-veterin-r-og-d-dsfall\"",\""2025-02-01\""]""]","[""Katt""]","First test exact reuse or source-bound provider-specific detail within an existing parent. A new key is allowed only if subject, trigger, unit, period or optionality would otherwise be lost or falsely equated.","Do not merge different event/subject/period/level merely to fill both sides. Existing type keys are candidates, not approved synonym mappings.","[""B-166""]","[""31f1cee72794bd71""]","[""GAP-0184""]",existing-type-registries.json#Katt,"[""subject"", ""trigger"", ""unit"", ""period"", ""limit_basis"", ""conditions"", ""level"", ""optionality"", ""provider/type/scope/version"", ""source""]","[{""finding_id"": ""GAP-0184"", ""source_fact_id"": ""SF-0313"", ""artifact"": ""catalog/sources/boat-pet/storebrand-pet-terms.pdf"", ""location"": ""PDF side 7, B.4.2""}]",Listed signature IDs → p1-triage.csv → frozen gap/source-fact inventory; batch evidence in triage.json,PENDING_REVIEW,REQUIRED_BEFORE_IMPLEMENTATION
CR-308,IDmerking / krav,[],No exact mapping approved in the audit,CANONICAL_REVIEW_FIRST,"[""[\""frende\"",\""katt\"",\""ordinary\"",\""frende-katt-veterin-r\"",\""2026-01-01\""]""]","[""Katt""]","First test exact reuse or source-bound provider-specific detail within an existing parent. A new key is allowed only if subject, trigger, unit, period or optionality would otherwise be lost or falsely equated.","Do not merge different event/subject/period/level merely to fill both sides. Existing type keys are candidates, not approved synonym mappings.","[""B-116""]","[""6fdbfcc436373de4""]","[""GAP-1301""]",existing-type-registries.json#Katt,"[""subject"", ""trigger"", ""unit"", ""period"", ""limit_basis"", ""conditions"", ""level"", ""optionality"", ""provider/type/scope/version"", ""source""]","[{""finding_id"": ""GAP-1301"", ""source_fact_id"": ""SF-1923"", ""artifact"": ""catalog/sources/boat-pet/frende-cat-product.html"", ""location"": ""HTMLFAQ""}]",Listed signature IDs → p1-triage.csv → frozen gap/source-fact inventory; batch evidence in triage.json,PENDING_REVIEW,REQUIRED_BEFORE_IMPLEMENTATION
CR-309,Karens / 20d/kjente,"[""dyr.karens.dager""]",Proposed key/type/detail relationship needs explicit validation,MAPPING_REVIEW_FIRST,"[""[\""gjensidige\"",\""katt\"",\""ordinary\"",\""gjensidige-katt-behandling\"",null]""]","[""Katt""]","First test exact reuse or source-bound provider-specific detail within an existing parent. A new key is allowed only if subject, trigger, unit, period or optionality would otherwise be lost or falsely equated.","Do not merge different event/subject/period/level merely to fill both sides. Existing type keys are candidates, not approved synonym mappings.","[""B-132""]","[""7529d5b021d1dfc6""]","[""GAP-2914""]",existing-type-registries.json#Katt,"[""subject"", ""trigger"", ""unit"", ""period"", ""limit_basis"", ""conditions"", ""level"", ""optionality"", ""provider/type/scope/version"", ""source""]","[{""finding_id"": ""GAP-2914"", ""source_fact_id"": ""SF-4068"", ""artifact"": ""catalog/sources/boat-pet/gjensidige-cat-treatment-terms.pdf"", ""location"": ""2""}]",Listed signature IDs → p1-triage.csv → frozen gap/source-fact inventory; batch evidence in triage.json,PENDING_REVIEW,REQUIRED_BEFORE_IMPLEMENTATION
CR-310,Karenstid / days,"[""dyr.karenstid""]",Proposed key/type/detail relationship needs explicit validation,MAPPING_REVIEW_FIRST,"[""[\""sparebank1-fremtind\"",\""katt\"",\""ordinary\"",\""sparebank1-fremtind-katt-veterin-r\"",\""2025-08-07\""]""]","[""Katt""]","First test exact reuse or source-bound provider-specific detail within an existing parent. A new key is allowed only if subject, trigger, unit, period or optionality would otherwise be lost or falsely equated.","Do not merge different event/subject/period/level merely to fill both sides. Existing type keys are candidates, not approved synonym mappings.","[""B-156""]","[""381a1344b4781e69""]","[""GAP-5610""]",existing-type-registries.json#Katt,"[""subject"", ""trigger"", ""unit"", ""period"", ""limit_basis"", ""conditions"", ""level"", ""optionality"", ""provider/type/scope/version"", ""source""]","[{""finding_id"": ""GAP-5610"", ""source_fact_id"": ""SF-7956"", ""artifact"": ""catalog/sources/boat-pet/fremtind-cat-vet-terms.pdf"", ""location"": ""§5s1""}]",Listed signature IDs → p1-triage.csv → frozen gap/source-fact inventory; batch evidence in triage.json,PENDING_REVIEW,REQUIRED_BEFORE_IMPLEMENTATION
CR-311,Kastrering / diagnoser,[],No exact mapping approved in the audit,CANONICAL_REVIEW_FIRST,"[""[\""frende\"",\""katt\"",\""ordinary\"",\""frende-katt-veterin-r\"",\""2026-01-01\""]""]","[""Katt""]","First test exact reuse or source-bound provider-specific detail within an existing parent. A new key is allowed only if subject, trigger, unit, period or optionality would otherwise be lost or falsely equated.","Do not merge different event/subject/period/level merely to fill both sides. Existing type keys are candidates, not approved synonym mappings.","[""B-116""]","[""ca91859d61a869b2""]","[""GAP-1288""]",existing-type-registries.json#Katt,"[""subject"", ""trigger"", ""unit"", ""period"", ""limit_basis"", ""conditions"", ""level"", ""optionality"", ""provider/type/scope/version"", ""source""]","[{""finding_id"": ""GAP-1288"", ""source_fact_id"": ""SF-1907"", ""artifact"": ""catalog/sources/boat-pet/frende-cat-terms.pdf"", ""location"": ""PDFside2punkt4.1""}]",Listed signature IDs → p1-triage.csv → frozen gap/source-fact inventory; batch evidence in triage.json,PENDING_REVIEW,REQUIRED_BEFORE_IMPLEMENTATION
CR-312,Katt keisersnitt / condition,[],No exact mapping approved in the audit,CANONICAL_REVIEW_FIRST,"[""[\""sparebank1-fremtind\"",\""katt\"",\""ordinary\"",\""sparebank1-fremtind-katt-veterin-r\"",\""2025-08-07\""]""]","[""Katt""]","First test exact reuse or source-bound provider-specific detail within an existing parent. A new key is allowed only if subject, trigger, unit, period or optionality would otherwise be lost or falsely equated.","Do not merge different event/subject/period/level merely to fill both sides. Existing type keys are candidates, not approved synonym mappings.","[""B-157""]","[""b031d2cf3de6e3e7""]","[""GAP-5615""]",existing-type-registries.json#Katt,"[""subject"", ""trigger"", ""unit"", ""period"", ""limit_basis"", ""conditions"", ""level"", ""optionality"", ""provider/type/scope/version"", ""source""]","[{""finding_id"": ""GAP-5615"", ""source_fact_id"": ""SF-7963"", ""artifact"": ""catalog/sources/boat-pet/fremtind-cat-vet-terms.pdf"", ""location"": ""§7s2""}]",Listed signature IDs → p1-triage.csv → frozen gap/source-fact inventory; batch evidence in triage.json,PENDING_REVIEW,REQUIRED_BEFORE_IMPLEMENTATION
CR-313,Katt raser / exclusions,[],No exact mapping approved in the audit,CANONICAL_REVIEW_FIRST,"[""[\""sparebank1-fremtind\"",\""katt\"",\""ordinary\"",\""sparebank1-fremtind-katt-veterin-r\"",\""2025-08-07\""]""]","[""Katt""]","First test exact reuse or source-bound provider-specific detail within an existing parent. A new key is allowed only if subject, trigger, unit, period or optionality would otherwise be lost or falsely equated.","Do not merge different event/subject/period/level merely to fill both sides. Existing type keys are candidates, not approved synonym mappings.","[""B-157""]","[""8d35b6528b98d713""]","[""GAP-5618""]",existing-type-registries.json#Katt,"[""subject"", ""trigger"", ""unit"", ""period"", ""limit_basis"", ""conditions"", ""level"", ""optionality"", ""provider/type/scope/version"", ""source""]","[{""finding_id"": ""GAP-5618"", ""source_fact_id"": ""SF-7966"", ""artifact"": ""catalog/sources/boat-pet/fremtind-cat-vet-terms.pdf"", ""location"": ""§7s2""}]",Listed signature IDs → p1-triage.csv → frozen gap/source-fact inventory; batch evidence in triage.json,PENDING_REVIEW,REQUIRED_BEFORE_IMPLEMENTATION
CR-314,Katt tann / coverage,"[""dyr.tann.dekning"", ""dyr.tannsykdom.dekning""]",Proposed key/type/detail relationship needs explicit validation,MAPPING_REVIEW_FIRST,"[""[\""sparebank1-fremtind\"",\""katt\"",\""ordinary\"",\""sparebank1-fremtind-katt-veterin-r\"",\""2025-08-07\""]""]","[""Katt""]","First test exact reuse or source-bound provider-specific detail within an existing parent. A new key is allowed only if subject, trigger, unit, period or optionality would otherwise be lost or falsely equated.","Do not merge different event/subject/period/level merely to fill both sides. Existing type keys are candidates, not approved synonym mappings.","[""B-156""]","[""4bfa9944c273fe2a""]","[""GAP-5613""]",existing-type-registries.json#Katt,"[""subject"", ""trigger"", ""unit"", ""period"", ""limit_basis"", ""conditions"", ""level"", ""optionality"", ""provider/type/scope/version"", ""source""]","[{""finding_id"": ""GAP-5613"", ""source_fact_id"": ""SF-7961"", ""artifact"": ""catalog/sources/boat-pet/fremtind-cat-vet-terms.pdf"", ""location"": ""§7s1""}]",Listed signature IDs → p1-triage.csv → frozen gap/source-fact inventory; batch evidence in triage.json,PENDING_REVIEW,REQUIRED_BEFORE_IMPLEMENTATION
CR-315,Keisersnitt / antall/karens,"[""dyr.keisersnitt.begrensning""]",Proposed key/type/detail relationship needs explicit validation,MAPPING_REVIEW_FIRST,"[""[\""gjensidige\"",\""katt\"",\""ordinary\"",\""gjensidige-katt-behandling\"",null]""]","[""Katt""]","First test exact reuse or source-bound provider-specific detail within an existing parent. A new key is allowed only if subject, trigger, unit, period or optionality would otherwise be lost or falsely equated.","Do not merge different event/subject/period/level merely to fill both sides. Existing type keys are candidates, not approved synonym mappings.","[""B-132""]","[""27a3d6b59dc9aeca""]","[""GAP-2922""]",existing-type-registries.json#Katt,"[""subject"", ""trigger"", ""unit"", ""period"", ""limit_basis"", ""conditions"", ""level"", ""optionality"", ""provider/type/scope/version"", ""source""]","[{""finding_id"": ""GAP-2922"", ""source_fact_id"": ""SF-4077"", ""artifact"": ""catalog/sources/boat-pet/gjensidige-cat-treatment-terms.pdf"", ""location"": ""2""}]",Listed signature IDs → p1-triage.csv → frozen gap/source-fact inventory; batch evidence in triage.json,PENDING_REVIEW,REQUIRED_BEFORE_IMPLEMENTATION
CR-316,Kjøp / eligibility,[],No exact mapping approved in the audit,CANONICAL_REVIEW_FIRST,"[""[\""sparebank1-fremtind\"",\""katt\"",\""ordinary\"",\""sparebank1-fremtind-katt-veterin-r\"",\""2025-08-07\""]""]","[""Katt""]","First test exact reuse or source-bound provider-specific detail within an existing parent. A new key is allowed only if subject, trigger, unit, period or optionality would otherwise be lost or falsely equated.","Do not merge different event/subject/period/level merely to fill both sides. Existing type keys are candidates, not approved synonym mappings.","[""B-157""]","[""31004863aeeef56f""]","[""GAP-5626""]",existing-type-registries.json#Katt,"[""subject"", ""trigger"", ""unit"", ""period"", ""limit_basis"", ""conditions"", ""level"", ""optionality"", ""provider/type/scope/version"", ""source""]","[{""finding_id"": ""GAP-5626"", ""source_fact_id"": ""SF-7974"", ""artifact"": ""catalog/sources/boat-pet/fremtind-sb1-cat-product.html"", ""location"": ""SB1Greitåvite""}]",Listed signature IDs → p1-triage.csv → frozen gap/source-fact inventory; batch evidence in triage.json,PENDING_REVIEW,REQUIRED_BEFORE_IMPLEMENTATION
CR-317,Komplikasjon / carveout,"[""dyr.komplikasjon.dekning""]",Proposed key/type/detail relationship needs explicit validation,MAPPING_REVIEW_FIRST,"[""[\""gjensidige\"",\""katt\"",\""ordinary\"",\""gjensidige-katt-behandling\"",null]""]","[""Katt""]","First test exact reuse or source-bound provider-specific detail within an existing parent. A new key is allowed only if subject, trigger, unit, period or optionality would otherwise be lost or falsely equated.","Do not merge different event/subject/period/level merely to fill both sides. Existing type keys are candidates, not approved synonym mappings.","[""B-132""]","[""bd99b54adec1807b""]","[""GAP-2923""]",existing-type-registries.json#Katt,"[""subject"", ""trigger"", ""unit"", ""period"", ""limit_basis"", ""conditions"", ""level"", ""optionality"", ""provider/type/scope/version"", ""source""]","[{""finding_id"": ""GAP-2923"", ""source_fact_id"": ""SF-4078"", ""artifact"": ""catalog/sources/boat-pet/gjensidige-cat-treatment-terms.pdf"", ""location"": ""2–3""}]",Listed signature IDs → p1-triage.csv → frozen gap/source-fact inventory; batch evidence in triage.json,PENDING_REVIEW,REQUIRED_BEFORE_IMPLEMENTATION
CR-318,Kremering / sum,"[""dyr.kremering.dekning""]",Proposed key/type/detail relationship needs explicit validation,MAPPING_REVIEW_FIRST,"[""[\""if\"",\""katt\"",\""ordinary\"",\""if-katt-basis\"",\""2022-12-01\""]"", ""[\""if\"",\""katt\"",\""ordinary\"",\""if-katt-standard\"",\""2022-12-01\""]"", ""[\""if\"",\""katt\"",\""ordinary\"",\""if-katt-super\"",\""2022-12-01\""]""]","[""Katt""]","First test exact reuse or source-bound provider-specific detail within an existing parent. A new key is allowed only if subject, trigger, unit, period or optionality would otherwise be lost or falsely equated.","Do not merge different event/subject/period/level merely to fill both sides. Existing type keys are candidates, not approved synonym mappings.","[""B-147""]","[""1eeb6470293fdb39""]","[""GAP-3851""]",existing-type-registries.json#Katt,"[""subject"", ""trigger"", ""unit"", ""period"", ""limit_basis"", ""conditions"", ""level"", ""optionality"", ""provider/type/scope/version"", ""source""]","[{""finding_id"": ""GAP-3851"", ""source_fact_id"": ""SF-5480"", ""artifact"": ""catalog/sources/boat-pet/if-cat-terms.pdf"", ""location"": ""5 §5.2.2""}]",Listed signature IDs → p1-triage.csv → frozen gap/source-fact inventory; batch evidence in triage.json,PENDING_REVIEW,REQUIRED_BEFORE_IMPLEMENTATION
CR-319,Kremering / sum,"[""dyr.kremering.grense""]",Proposed key/type/detail relationship needs explicit validation,MAPPING_REVIEW_FIRST,"[""[\""tryg\"",\""katt\"",\""ordinary\"",\""tryg-katt-behandling\"",\""2026-09-01\""]""]","[""Katt""]","First test exact reuse or source-bound provider-specific detail within an existing parent. A new key is allowed only if subject, trigger, unit, period or optionality would otherwise be lost or falsely equated.","Do not merge different event/subject/period/level merely to fill both sides. Existing type keys are candidates, not approved synonym mappings.","[""B-181""]","[""8613ad631660fd0d""]","[""GAP-4381""]",existing-type-registries.json#Katt,"[""subject"", ""trigger"", ""unit"", ""period"", ""limit_basis"", ""conditions"", ""level"", ""optionality"", ""provider/type/scope/version"", ""source""]","[{""finding_id"": ""GAP-4381"", ""source_fact_id"": ""SF-6234"", ""artifact"": ""catalog/sources/boat-pet/tryg-cat-life-terms.pdf"", ""location"": ""1 §2""}]",Listed signature IDs → p1-triage.csv → frozen gap/source-fact inventory; batch evidence in triage.json,PENDING_REVIEW,REQUIRED_BEFORE_IMPLEMENTATION
CR-320,Ledd/skjelett / kvalifikasjon,"[""dyr.ledd.begrensning""]",Proposed key/type/detail relationship needs explicit validation,MAPPING_REVIEW_FIRST,"[""[\""tryg\"",\""katt\"",\""ordinary\"",\""tryg-katt-behandling\"",\""2026-09-01\""]""]","[""Katt""]","First test exact reuse or source-bound provider-specific detail within an existing parent. A new key is allowed only if subject, trigger, unit, period or optionality would otherwise be lost or falsely equated.","Do not merge different event/subject/period/level merely to fill both sides. Existing type keys are candidates, not approved synonym mappings.","[""B-181""]","[""57e492cd5d6961ba""]","[""GAP-4371""]",existing-type-registries.json#Katt,"[""subject"", ""trigger"", ""unit"", ""period"", ""limit_basis"", ""conditions"", ""level"", ""optionality"", ""provider/type/scope/version"", ""source""]","[{""finding_id"": ""GAP-4371"", ""source_fact_id"": ""SF-6224"", ""artifact"": ""catalog/sources/boat-pet/tryg-cat-treatment-terms.pdf"", ""location"": ""1 §3""}]",Listed signature IDs → p1-triage.csv → frozen gap/source-fact inventory; batch evidence in triage.json,PENDING_REVIEW,REQUIRED_BEFORE_IMPLEMENTATION
CR-321,Liv / aldersfradrag,"[""dyr.liv.aldersfradrag""]",Proposed key/type/detail relationship needs explicit validation,MAPPING_REVIEW_FIRST,"[""[\""gjensidige\"",\""katt\"",\""ordinary\"",\""gjensidige-katt-behandling\"",null]""]","[""Katt""]","First test exact reuse or source-bound provider-specific detail within an existing parent. A new key is allowed only if subject, trigger, unit, period or optionality would otherwise be lost or falsely equated.","Do not merge different event/subject/period/level merely to fill both sides. Existing type keys are candidates, not approved synonym mappings.","[""B-132""]","[""ad3f56a9e948c0b5""]","[""GAP-2934""]",existing-type-registries.json#Katt,"[""subject"", ""trigger"", ""unit"", ""period"", ""limit_basis"", ""conditions"", ""level"", ""optionality"", ""provider/type/scope/version"", ""source""]","[{""finding_id"": ""GAP-2934"", ""source_fact_id"": ""SF-4089"", ""artifact"": ""catalog/sources/boat-pet/gjensidige-cat-life-use-terms.pdf"", ""location"": ""7""}]",Listed signature IDs → p1-triage.csv → frozen gap/source-fact inventory; batch evidence in triage.json,PENDING_REVIEW,REQUIRED_BEFORE_IMPLEMENTATION
CR-322,Liv / sum/egenandel,"[""dyr.liv.dekning"", ""dyr.liv.sum"", ""dyr.liv.egenandel""]",Proposed key/type/detail relationship needs explicit validation,MAPPING_REVIEW_FIRST,"[""[\""gjensidige\"",\""katt\"",\""ordinary\"",\""gjensidige-katt-behandling\"",null]""]","[""Katt""]","First test exact reuse or source-bound provider-specific detail within an existing parent. A new key is allowed only if subject, trigger, unit, period or optionality would otherwise be lost or falsely equated.","Do not merge different event/subject/period/level merely to fill both sides. Existing type keys are candidates, not approved synonym mappings.","[""B-132""]","[""6ad3fc70d6926857""]","[""GAP-2931""]",existing-type-registries.json#Katt,"[""subject"", ""trigger"", ""unit"", ""period"", ""limit_basis"", ""conditions"", ""level"", ""optionality"", ""provider/type/scope/version"", ""source""]","[{""finding_id"": ""GAP-2931"", ""source_fact_id"": ""SF-4086"", ""artifact"": ""catalog/sources/boat-pet/gjensidige-cat-life-use-terms.pdf"", ""location"": ""1""}]",Listed signature IDs → p1-triage.csv → frozen gap/source-fact inventory; batch evidence in triage.json,PENDING_REVIEW,REQUIRED_BEFORE_IMPLEMENTATION
CR-323,Medfødt / kvalifikasjon,"[""dyr.medfodt.dekning""]",Proposed key/type/detail relationship needs explicit validation,MAPPING_REVIEW_FIRST,"[""[\""if\"",\""katt\"",\""ordinary\"",\""if-katt-basis\"",\""2022-12-01\""]"", ""[\""if\"",\""katt\"",\""ordinary\"",\""if-katt-standard\"",\""2022-12-01\""]"", ""[\""if\"",\""katt\"",\""ordinary\"",\""if-katt-super\"",\""2022-12-01\""]""]","[""Katt""]","First test exact reuse or source-bound provider-specific detail within an existing parent. A new key is allowed only if subject, trigger, unit, period or optionality would otherwise be lost or falsely equated.","Do not merge different event/subject/period/level merely to fill both sides. Existing type keys are candidates, not approved synonym mappings.","[""B-147""]","[""51e538452c9226e6""]","[""GAP-3847""]",existing-type-registries.json#Katt,"[""subject"", ""trigger"", ""unit"", ""period"", ""limit_basis"", ""conditions"", ""level"", ""optionality"", ""provider/type/scope/version"", ""source""]","[{""finding_id"": ""GAP-3847"", ""source_fact_id"": ""SF-5476"", ""artifact"": ""catalog/sources/boat-pet/if-cat-terms.pdf"", ""location"": ""5 §5.1.7""}]",Listed signature IDs → p1-triage.csv → frozen gap/source-fact inventory; batch evidence in triage.json,PENDING_REVIEW,REQUIRED_BEFORE_IMPLEMENTATION
CR-324,Medfødt / unntak,"[""dyr.medfodt.begrensning""]",Proposed key/type/detail relationship needs explicit validation,MAPPING_REVIEW_FIRST,"[""[\""gjensidige\"",\""katt\"",\""ordinary\"",\""gjensidige-katt-behandling\"",null]""]","[""Katt""]","First test exact reuse or source-bound provider-specific detail within an existing parent. A new key is allowed only if subject, trigger, unit, period or optionality would otherwise be lost or falsely equated.","Do not merge different event/subject/period/level merely to fill both sides. Existing type keys are candidates, not approved synonym mappings.","[""B-132""]","[""55e1b588f72444f9""]","[""GAP-2918""]",existing-type-registries.json#Katt,"[""subject"", ""trigger"", ""unit"", ""period"", ""limit_basis"", ""conditions"", ""level"", ""optionality"", ""provider/type/scope/version"", ""source""]","[{""finding_id"": ""GAP-2918"", ""source_fact_id"": ""SF-4073"", ""artifact"": ""catalog/sources/boat-pet/gjensidige-cat-treatment-terms.pdf"", ""location"": ""2""}]",Listed signature IDs → p1-triage.csv → frozen gap/source-fact inventory; batch evidence in triage.json,PENDING_REVIEW,REQUIRED_BEFORE_IMPLEMENTATION
CR-325,Medfødte ledd / condition,[],No exact mapping approved in the audit,CANONICAL_REVIEW_FIRST,"[""[\""sparebank1-fremtind\"",\""katt\"",\""ordinary\"",\""sparebank1-fremtind-katt-veterin-r\"",\""2025-08-07\""]""]","[""Katt""]","First test exact reuse or source-bound provider-specific detail within an existing parent. A new key is allowed only if subject, trigger, unit, period or optionality would otherwise be lost or falsely equated.","Do not merge different event/subject/period/level merely to fill both sides. Existing type keys are candidates, not approved synonym mappings.","[""B-157""]","[""f1928e586abb7059""]","[""GAP-5614""]",existing-type-registries.json#Katt,"[""subject"", ""trigger"", ""unit"", ""period"", ""limit_basis"", ""conditions"", ""level"", ""optionality"", ""provider/type/scope/version"", ""source""]","[{""finding_id"": ""GAP-5614"", ""source_fact_id"": ""SF-7962"", ""artifact"": ""catalog/sources/boat-pet/fremtind-cat-vet-terms.pdf"", ""location"": ""§7s2""}]",Listed signature IDs → p1-triage.csv → frozen gap/source-fact inventory; batch evidence in triage.json,PENDING_REVIEW,REQUIRED_BEFORE_IMPLEMENTATION
CR-326,Online veterinær / service,"[""dyr.onlineveterinar.dekning""]",Proposed key/type/detail relationship needs explicit validation,MAPPING_REVIEW_FIRST,"[""[\""gjensidige\"",\""katt\"",\""ordinary\"",\""gjensidige-katt-behandling\"",null]""]","[""Katt""]","First test exact reuse or source-bound provider-specific detail within an existing parent. A new key is allowed only if subject, trigger, unit, period or optionality would otherwise be lost or falsely equated.","Do not merge different event/subject/period/level merely to fill both sides. Existing type keys are candidates, not approved synonym mappings.","[""B-132""]","[""369e717466e136f0""]","[""GAP-2926""]",existing-type-registries.json#Katt,"[""subject"", ""trigger"", ""unit"", ""period"", ""limit_basis"", ""conditions"", ""level"", ""optionality"", ""provider/type/scope/version"", ""source""]","[{""finding_id"": ""GAP-2926"", ""source_fact_id"": ""SF-4081"", ""artifact"": ""catalog/sources/boat-pet/gjensidige-cat-product.html"", ""location"": ""Onlineveterinær""}]",Listed signature IDs → p1-triage.csv → frozen gap/source-fact inventory; batch evidence in triage.json,PENDING_REVIEW,REQUIRED_BEFORE_IMPLEMENTATION
CR-327,Rasebegrensninger / katt gane/luftveier,[],No exact mapping approved in the audit,CANONICAL_REVIEW_FIRST,"[""[\""storebrand\"",\""katt\"",\""ordinary\"",\""storebrand-katt-veterin-r\"",\""2025-02-01\""]"", ""[\""storebrand\"",\""katt\"",\""ordinary\"",\""storebrand-katt-veterin-r-og-d-dsfall\"",\""2025-02-01\""]""]","[""Katt""]","First test exact reuse or source-bound provider-specific detail within an existing parent. A new key is allowed only if subject, trigger, unit, period or optionality would otherwise be lost or falsely equated.","Do not merge different event/subject/period/level merely to fill both sides. Existing type keys are candidates, not approved synonym mappings.","[""B-166""]","[""ead3e50d4b197a02""]","[""GAP-0189""]",existing-type-registries.json#Katt,"[""subject"", ""trigger"", ""unit"", ""period"", ""limit_basis"", ""conditions"", ""level"", ""optionality"", ""provider/type/scope/version"", ""source""]","[{""finding_id"": ""GAP-0189"", ""source_fact_id"": ""SF-0318"", ""artifact"": ""catalog/sources/boat-pet/storebrand-pet-terms.pdf"", ""location"": ""PDF side 8, Raseavhengige begrensninger""}]",Listed signature IDs → p1-triage.csv → frozen gap/source-fact inventory; batch evidence in triage.json,PENDING_REVIEW,REQUIRED_BEFORE_IMPLEMENTATION
CR-328,Raseunntak / luftvei,[],No exact mapping approved in the audit,CANONICAL_REVIEW_FIRST,"[""[\""if\"",\""katt\"",\""ordinary\"",\""if-katt-basis\"",\""2022-12-01\""]"", ""[\""if\"",\""katt\"",\""ordinary\"",\""if-katt-standard\"",\""2022-12-01\""]"", ""[\""if\"",\""katt\"",\""ordinary\"",\""if-katt-super\"",\""2022-12-01\""]""]","[""Katt""]","First test exact reuse or source-bound provider-specific detail within an existing parent. A new key is allowed only if subject, trigger, unit, period or optionality would otherwise be lost or falsely equated.","Do not merge different event/subject/period/level merely to fill both sides. Existing type keys are candidates, not approved synonym mappings.","[""B-148""]","[""389d23e5ea3cea66""]","[""GAP-3861""]",existing-type-registries.json#Katt,"[""subject"", ""trigger"", ""unit"", ""period"", ""limit_basis"", ""conditions"", ""level"", ""optionality"", ""provider/type/scope/version"", ""source""]","[{""finding_id"": ""GAP-3861"", ""source_fact_id"": ""SF-5490"", ""artifact"": ""catalog/sources/boat-pet/if-cat-terms.pdf"", ""location"": ""8 §6.3""}]",Listed signature IDs → p1-triage.csv → frozen gap/source-fact inventory; batch evidence in triage.json,PENDING_REVIEW,REQUIRED_BEFORE_IMPLEMENTATION
CR-329,Tann / fraktur/unntak,"[""dyr.tann.dekning""]",Proposed key/type/detail relationship needs explicit validation,MAPPING_REVIEW_FIRST,"[""[\""gjensidige\"",\""katt\"",\""ordinary\"",\""gjensidige-katt-behandling\"",null]""]","[""Katt""]","First test exact reuse or source-bound provider-specific detail within an existing parent. A new key is allowed only if subject, trigger, unit, period or optionality would otherwise be lost or falsely equated.","Do not merge different event/subject/period/level merely to fill both sides. Existing type keys are candidates, not approved synonym mappings.","[""B-132""]","[""793a58aca239b02d""]","[""GAP-2919""]",existing-type-registries.json#Katt,"[""subject"", ""trigger"", ""unit"", ""period"", ""limit_basis"", ""conditions"", ""level"", ""optionality"", ""provider/type/scope/version"", ""source""]","[{""finding_id"": ""GAP-2919"", ""source_fact_id"": ""SF-4074"", ""artifact"": ""catalog/sources/boat-pet/gjensidige-cat-treatment-terms.pdf"", ""location"": ""2""}]",Listed signature IDs → p1-triage.csv → frozen gap/source-fact inventory; batch evidence in triage.json,PENDING_REVIEW,REQUIRED_BEFORE_IMPLEMENTATION
CR-330,Tannulykke / omfang,[],No exact mapping approved in the audit,CANONICAL_REVIEW_FIRST,"[""[\""frende\"",\""katt\"",\""ordinary\"",\""frende-katt-veterin-r\"",\""2026-01-01\""]""]","[""Katt""]","First test exact reuse or source-bound provider-specific detail within an existing parent. A new key is allowed only if subject, trigger, unit, period or optionality would otherwise be lost or falsely equated.","Do not merge different event/subject/period/level merely to fill both sides. Existing type keys are candidates, not approved synonym mappings.","[""B-116""]","[""ffbcfbb79183bbe3""]","[""GAP-1290""]",existing-type-registries.json#Katt,"[""subject"", ""trigger"", ""unit"", ""period"", ""limit_basis"", ""conditions"", ""level"", ""optionality"", ""provider/type/scope/version"", ""source""]","[{""finding_id"": ""GAP-1290"", ""source_fact_id"": ""SF-1909"", ""artifact"": ""catalog/sources/boat-pet/frende-cat-terms.pdf"", ""location"": ""PDFside2,3punkt4.2""}]",Listed signature IDs → p1-triage.csv → frozen gap/source-fact inventory; batch evidence in triage.json,PENDING_REVIEW,REQUIRED_BEFORE_IMPLEMENTATION
CR-331,Tap / aldersfradrag,[],No exact mapping approved in the audit,CANONICAL_REVIEW_FIRST,"[""[\""frende\"",\""katt\"",\""ordinary\"",\""frende-katt-veterin-r\"",\""2026-01-01\""]""]","[""Katt""]","First test exact reuse or source-bound provider-specific detail within an existing parent. A new key is allowed only if subject, trigger, unit, period or optionality would otherwise be lost or falsely equated.","Do not merge different event/subject/period/level merely to fill both sides. Existing type keys are candidates, not approved synonym mappings.","[""B-116""]","[""43aa483efcc87269""]","[""GAP-1296""]",existing-type-registries.json#Katt,"[""subject"", ""trigger"", ""unit"", ""period"", ""limit_basis"", ""conditions"", ""level"", ""optionality"", ""provider/type/scope/version"", ""source""]","[{""finding_id"": ""GAP-1296"", ""source_fact_id"": ""SF-1918"", ""artifact"": ""catalog/sources/boat-pet/frende-cat-terms.pdf"", ""location"": ""PDFside3,5punktHund8.5/Katt7.5""}]",Listed signature IDs → p1-triage.csv → frozen gap/source-fact inventory; batch evidence in triage.json,PENDING_REVIEW,REQUIRED_BEFORE_IMPLEMENTATION
CR-332,Tap / egenandel,[],No exact mapping approved in the audit,CANONICAL_REVIEW_FIRST,"[""[\""frende\"",\""katt\"",\""ordinary\"",\""frende-katt-veterin-r\"",\""2026-01-01\""]""]","[""Katt""]","First test exact reuse or source-bound provider-specific detail within an existing parent. A new key is allowed only if subject, trigger, unit, period or optionality would otherwise be lost or falsely equated.","Do not merge different event/subject/period/level merely to fill both sides. Existing type keys are candidates, not approved synonym mappings.","[""B-116""]","[""cad962184827e49f""]","[""GAP-1297""]",existing-type-registries.json#Katt,"[""subject"", ""trigger"", ""unit"", ""period"", ""limit_basis"", ""conditions"", ""level"", ""optionality"", ""provider/type/scope/version"", ""source""]","[{""finding_id"": ""GAP-1297"", ""source_fact_id"": ""SF-1919"", ""artifact"": ""catalog/sources/boat-pet/frende-cat-terms.pdf"", ""location"": ""PDFside4,5punktHund8.6/Katt7.6""}]",Listed signature IDs → p1-triage.csv → frozen gap/source-fact inventory; batch evidence in triage.json,PENDING_REVIEW,REQUIRED_BEFORE_IMPLEMENTATION
CR-333,Tap / oppgjør,[],No exact mapping approved in the audit,CANONICAL_REVIEW_FIRST,"[""[\""frende\"",\""katt\"",\""ordinary\"",\""frende-katt-veterin-r\"",\""2026-01-01\""]""]","[""Katt""]","First test exact reuse or source-bound provider-specific detail within an existing parent. A new key is allowed only if subject, trigger, unit, period or optionality would otherwise be lost or falsely equated.","Do not merge different event/subject/period/level merely to fill both sides. Existing type keys are candidates, not approved synonym mappings.","[""B-116""]","[""1d68253855d245e4""]","[""GAP-1298""]",existing-type-registries.json#Katt,"[""subject"", ""trigger"", ""unit"", ""period"", ""limit_basis"", ""conditions"", ""level"", ""optionality"", ""provider/type/scope/version"", ""source""]","[{""finding_id"": ""GAP-1298"", ""source_fact_id"": ""SF-1920"", ""artifact"": ""catalog/sources/boat-pet/frende-cat-terms.pdf"", ""location"": ""PDFside3,4punktHund8.4/Katt7.4""}]",Listed signature IDs → p1-triage.csv → frozen gap/source-fact inventory; batch evidence in triage.json,PENDING_REVIEW,REQUIRED_BEFORE_IMPLEMENTATION
CR-334,Tegning / alder,[],No exact mapping approved in the audit,CANONICAL_REVIEW_FIRST,"[""[\""frende\"",\""katt\"",\""ordinary\"",\""frende-katt-veterin-r\"",\""2026-01-01\""]""]","[""Katt""]","First test exact reuse or source-bound provider-specific detail within an existing parent. A new key is allowed only if subject, trigger, unit, period or optionality would otherwise be lost or falsely equated.","Do not merge different event/subject/period/level merely to fill both sides. Existing type keys are candidates, not approved synonym mappings.","[""B-116""]","[""1d26d153bf18343d""]","[""GAP-1300""]",existing-type-registries.json#Katt,"[""subject"", ""trigger"", ""unit"", ""period"", ""limit_basis"", ""conditions"", ""level"", ""optionality"", ""provider/type/scope/version"", ""source""]","[{""finding_id"": ""GAP-1300"", ""source_fact_id"": ""SF-1922"", ""artifact"": ""catalog/sources/boat-pet/frende-cat-product.html"", ""location"": ""HTMLFAQ""}]",Listed signature IDs → p1-triage.csv → frozen gap/source-fact inventory; batch evidence in triage.json,PENDING_REVIEW,REQUIRED_BEFORE_IMPLEMENTATION
CR-335,Tegning / aldersvindu,"[""dyr.tegning.alder""]",Proposed key/type/detail relationship needs explicit validation,MAPPING_REVIEW_FIRST,"[""[\""gjensidige\"",\""katt\"",\""ordinary\"",\""gjensidige-katt-behandling\"",null]""]","[""Katt""]","First test exact reuse or source-bound provider-specific detail within an existing parent. A new key is allowed only if subject, trigger, unit, period or optionality would otherwise be lost or falsely equated.","Do not merge different event/subject/period/level merely to fill both sides. Existing type keys are candidates, not approved synonym mappings.","[""B-132""]","[""82de77629020a9d3""]","[""GAP-2929""]",existing-type-registries.json#Katt,"[""subject"", ""trigger"", ""unit"", ""period"", ""limit_basis"", ""conditions"", ""level"", ""optionality"", ""provider/type/scope/version"", ""source""]","[{""finding_id"": ""GAP-2929"", ""source_fact_id"": ""SF-4084"", ""artifact"": ""catalog/sources/boat-pet/gjensidige-cat-product.html"", ""location"": ""FAQ""}]",Listed signature IDs → p1-triage.csv → frozen gap/source-fact inventory; batch evidence in triage.json,PENDING_REVIEW,REQUIRED_BEFORE_IMPLEMENTATION
CR-336,Valp/kattunge / sum/periode,"[""dyr.valpekull.dekning""]",Proposed key/type/detail relationship needs explicit validation,MAPPING_REVIEW_FIRST,"[""[\""tryg\"",\""katt\"",\""ordinary\"",\""tryg-katt-behandling\"",\""2026-09-01\""]""]","[""Katt""]","First test exact reuse or source-bound provider-specific detail within an existing parent. A new key is allowed only if subject, trigger, unit, period or optionality would otherwise be lost or falsely equated.","Do not merge different event/subject/period/level merely to fill both sides. Existing type keys are candidates, not approved synonym mappings.","[""B-181""]","[""5098587cc1a2b81a""]","[""GAP-4378""]",existing-type-registries.json#Katt,"[""subject"", ""trigger"", ""unit"", ""period"", ""limit_basis"", ""conditions"", ""level"", ""optionality"", ""provider/type/scope/version"", ""source""]","[{""finding_id"": ""GAP-4378"", ""source_fact_id"": ""SF-6231"", ""artifact"": ""catalog/sources/boat-pet/tryg-cat-extra-terms.pdf"", ""location"": ""1 §2""}]",Listed signature IDs → p1-triage.csv → frozen gap/source-fact inventory; batch evidence in triage.json,PENDING_REVIEW,REQUIRED_BEFORE_IMPLEMENTATION
CR-337,Varighet / opphør,"[""dyr.veterinar.opphor""]",Proposed key/type/detail relationship needs explicit validation,MAPPING_REVIEW_FIRST,"[""[\""gjensidige\"",\""katt\"",\""ordinary\"",\""gjensidige-katt-behandling\"",null]""]","[""Katt""]","First test exact reuse or source-bound provider-specific detail within an existing parent. A new key is allowed only if subject, trigger, unit, period or optionality would otherwise be lost or falsely equated.","Do not merge different event/subject/period/level merely to fill both sides. Existing type keys are candidates, not approved synonym mappings.","[""B-132""]","[""e9ad691aac4ac8b9""]","[""GAP-2912""]",existing-type-registries.json#Katt,"[""subject"", ""trigger"", ""unit"", ""period"", ""limit_basis"", ""conditions"", ""level"", ""optionality"", ""provider/type/scope/version"", ""source""]","[{""finding_id"": ""GAP-2912"", ""source_fact_id"": ""SF-4066"", ""artifact"": ""catalog/sources/boat-pet/gjensidige-cat-product.html"", ""location"": ""Opphør3;FAQ""}]",Listed signature IDs → p1-triage.csv → frozen gap/source-fact inventory; batch evidence in triage.json,PENDING_REVIEW,REQUIRED_BEFORE_IMPLEMENTATION
CR-338,Varighet / termination,[],No exact mapping approved in the audit,CANONICAL_REVIEW_FIRST,"[""[\""sparebank1-fremtind\"",\""katt\"",\""ordinary\"",\""sparebank1-fremtind-katt-veterin-r\"",\""2025-08-07\""]""]","[""Katt""]","First test exact reuse or source-bound provider-specific detail within an existing parent. A new key is allowed only if subject, trigger, unit, period or optionality would otherwise be lost or falsely equated.","Do not merge different event/subject/period/level merely to fill both sides. Existing type keys are candidates, not approved synonym mappings.","[""B-157""]","[""4229dcdeff9cae82""]","[""GAP-5621""]",existing-type-registries.json#Katt,"[""subject"", ""trigger"", ""unit"", ""period"", ""limit_basis"", ""conditions"", ""level"", ""optionality"", ""provider/type/scope/version"", ""source""]","[{""finding_id"": ""GAP-5621"", ""source_fact_id"": ""SF-7969"", ""artifact"": ""catalog/sources/boat-pet/fremtind-cat-vet-terms.pdf"", ""location"": ""§8s2;webvarighet""}]",Listed signature IDs → p1-triage.csv → frozen gap/source-fact inventory; batch evidence in triage.json,PENDING_REVIEW,REQUIRED_BEFORE_IMPLEMENTATION
CR-339,Veterinær / behandlingssted,[],No exact mapping approved in the audit,CANONICAL_REVIEW_FIRST,"[""[\""storebrand\"",\""katt\"",\""ordinary\"",\""storebrand-katt-veterin-r\"",\""2025-02-01\""]"", ""[\""storebrand\"",\""katt\"",\""ordinary\"",\""storebrand-katt-veterin-r-og-d-dsfall\"",\""2025-02-01\""]""]","[""Katt""]","First test exact reuse or source-bound provider-specific detail within an existing parent. A new key is allowed only if subject, trigger, unit, period or optionality would otherwise be lost or falsely equated.","Do not merge different event/subject/period/level merely to fill both sides. Existing type keys are candidates, not approved synonym mappings.","[""B-166""]","[""74a6c0ebc772f6b4""]","[""GAP-0167""]",existing-type-registries.json#Katt,"[""subject"", ""trigger"", ""unit"", ""period"", ""limit_basis"", ""conditions"", ""level"", ""optionality"", ""provider/type/scope/version"", ""source""]","[{""finding_id"": ""GAP-0167"", ""source_fact_id"": ""SF-0293"", ""artifact"": ""catalog/sources/boat-pet/storebrand-pet-terms.pdf"", ""location"": ""PDF side 4, B.4.1""}]",Listed signature IDs → p1-triage.csv → frozen gap/source-fact inventory; batch evidence in triage.json,PENDING_REVIEW,REQUIRED_BEFORE_IMPLEMENTATION
CR-340,Veterinær / geografisk omfang,[],No exact mapping approved in the audit,CANONICAL_REVIEW_FIRST,"[""[\""storebrand\"",\""katt\"",\""ordinary\"",\""storebrand-katt-veterin-r\"",\""2025-02-01\""]"", ""[\""storebrand\"",\""katt\"",\""ordinary\"",\""storebrand-katt-veterin-r-og-d-dsfall\"",\""2025-02-01\""]""]","[""Katt""]","First test exact reuse or source-bound provider-specific detail within an existing parent. A new key is allowed only if subject, trigger, unit, period or optionality would otherwise be lost or falsely equated.","Do not merge different event/subject/period/level merely to fill both sides. Existing type keys are candidates, not approved synonym mappings.","[""B-166""]","[""76ee8a9f6bb55f61""]","[""GAP-0166""]",existing-type-registries.json#Katt,"[""subject"", ""trigger"", ""unit"", ""period"", ""limit_basis"", ""conditions"", ""level"", ""optionality"", ""provider/type/scope/version"", ""source""]","[{""finding_id"": ""GAP-0166"", ""source_fact_id"": ""SF-0292"", ""artifact"": ""catalog/sources/boat-pet/storebrand-pet-terms.pdf"", ""location"": ""PDF side 3, B.1.2""}]",Listed signature IDs → p1-triage.csv → frozen gap/source-fact inventory; batch evidence in triage.json,PENDING_REVIEW,REQUIRED_BEFORE_IMPLEMENTATION
CR-341,Veterinær / kastrering/sterilisering,[],No exact mapping approved in the audit,CANONICAL_REVIEW_FIRST,"[""[\""storebrand\"",\""katt\"",\""ordinary\"",\""storebrand-katt-veterin-r\"",\""2025-02-01\""]"", ""[\""storebrand\"",\""katt\"",\""ordinary\"",\""storebrand-katt-veterin-r-og-d-dsfall\"",\""2025-02-01\""]""]","[""Katt""]","First test exact reuse or source-bound provider-specific detail within an existing parent. A new key is allowed only if subject, trigger, unit, period or optionality would otherwise be lost or falsely equated.","Do not merge different event/subject/period/level merely to fill both sides. Existing type keys are candidates, not approved synonym mappings.","[""B-166""]","[""11db2a1bdd2d222d""]","[""GAP-0181""]",existing-type-registries.json#Katt,"[""subject"", ""trigger"", ""unit"", ""period"", ""limit_basis"", ""conditions"", ""level"", ""optionality"", ""provider/type/scope/version"", ""source""]","[{""finding_id"": ""GAP-0181"", ""source_fact_id"": ""SF-0310"", ""artifact"": ""catalog/sources/boat-pet/storebrand-pet-terms.pdf"", ""location"": ""PDF side 6, B.4.2""}]",Listed signature IDs → p1-triage.csv → frozen gap/source-fact inventory; batch evidence in triage.json,PENDING_REVIEW,REQUIRED_BEFORE_IMPLEMENTATION
CR-342,Veterinær / komplikasjoner,[],No exact mapping approved in the audit,CANONICAL_REVIEW_FIRST,"[""[\""storebrand\"",\""katt\"",\""ordinary\"",\""storebrand-katt-veterin-r\"",\""2025-02-01\""]"", ""[\""storebrand\"",\""katt\"",\""ordinary\"",\""storebrand-katt-veterin-r-og-d-dsfall\"",\""2025-02-01\""]""]","[""Katt""]","First test exact reuse or source-bound provider-specific detail within an existing parent. A new key is allowed only if subject, trigger, unit, period or optionality would otherwise be lost or falsely equated.","Do not merge different event/subject/period/level merely to fill both sides. Existing type keys are candidates, not approved synonym mappings.","[""B-166""]","[""009cf2b0eae1c17e""]","[""GAP-0180""]",existing-type-registries.json#Katt,"[""subject"", ""trigger"", ""unit"", ""period"", ""limit_basis"", ""conditions"", ""level"", ""optionality"", ""provider/type/scope/version"", ""source""]","[{""finding_id"": ""GAP-0180"", ""source_fact_id"": ""SF-0309"", ""artifact"": ""catalog/sources/boat-pet/storebrand-pet-terms.pdf"", ""location"": ""PDF side 6, B.4.2""}]",Listed signature IDs → p1-triage.csv → frozen gap/source-fact inventory; batch evidence in triage.json,PENDING_REVIEW,REQUIRED_BEFORE_IMPLEMENTATION
CR-343,Alarm / deductible,[],No exact mapping approved in the audit,CANONICAL_REVIEW_FIRST,"[""[\""fremtind\"",\""mc\"",\""ordinary-sparebank1\"",\""fremtind-mc-delkasko\"",null]"", ""[\""fremtind\"",\""mc\"",\""ordinary-sparebank1\"",\""fremtind-mc-kasko\"",null]""]","[""MC""]","First test exact reuse or source-bound provider-specific detail within an existing parent. A new key is allowed only if subject, trigger, unit, period or optionality would otherwise be lost or falsely equated.","Do not merge different event/subject/period/level merely to fill both sides. Existing type keys are candidates, not approved synonym mappings.","[""B-104""]","[""02bba356a373ff34""]","[""GAP-5348""]",existing-type-registries.json#MC,"[""subject"", ""trigger"", ""unit"", ""period"", ""limit_basis"", ""conditions"", ""level"", ""optionality"", ""provider/type/scope/version"", ""source""]","[{""finding_id"": ""GAP-5348"", ""source_fact_id"": ""SF-7620"", ""artifact"": ""catalog/sources/mc-bobil/fremtind-mc-terms.pdf"", ""location"": ""Mini§4.1s7snø/s8MC""}]",Listed signature IDs → p1-triage.csv → frozen gap/source-fact inventory; batch evidence in triage.json,PENDING_REVIEW,REQUIRED_BEFORE_IMPLEMENTATION
CR-344,Aldersfradrag / utstyr/dekk,[],No exact mapping approved in the audit,CANONICAL_REVIEW_FIRST,"[""[\""storebrand\"",\""mc\"",\""ordinary\"",\""storebrand-mc-delkasko\"",\""motor09\""]"", ""[\""storebrand\"",\""mc\"",\""ordinary\"",\""storebrand-mc-kasko\"",\""motor09\""]""]","[""MC""]","First test exact reuse or source-bound provider-specific detail within an existing parent. A new key is allowed only if subject, trigger, unit, period or optionality would otherwise be lost or falsely equated.","Do not merge different event/subject/period/level merely to fill both sides. Existing type keys are candidates, not approved synonym mappings.","[""B-167""]","[""a20669ca00f029ec""]","[""GAP-0562""]",existing-type-registries.json#MC,"[""subject"", ""trigger"", ""unit"", ""period"", ""limit_basis"", ""conditions"", ""level"", ""optionality"", ""provider/type/scope/version"", ""source""]","[{""finding_id"": ""GAP-0562"", ""source_fact_id"": ""SF-0932"", ""artifact"": ""catalog/sources/vehicle-extensions/storebrand-vilkar-motorvognforsikring.pdf"", ""location"": ""PDF fysisk side8 (trykt7), 5""}]",Listed signature IDs → p1-triage.csv → frozen gap/source-fact inventory; batch evidence in triage.json,PENDING_REVIEW,REQUIRED_BEFORE_IMPLEMENTATION
CR-345,Avregistrering / videreføring,[],No exact mapping approved in the audit,CANONICAL_REVIEW_FIRST,"[""[\""tryg\"",\""mc\"",\""ordinary\"",\""tryg-mc-ansvar\"",\""2026-07-01\""]"", ""[\""tryg\"",\""mc\"",\""ordinary\"",\""tryg-mc-delkasko\"",\""2026-01-01\""]"", ""[\""tryg\"",\""mc\"",\""ordinary\"",\""tryg-mc-kasko\"",\""2026-07-01\""]"", ""[\""tryg\"",\""mc\"",\""ordinary\"",\""tryg-mc-mc-ekstra\"",\""2026-07-01\""]""]","[""MC""]","First test exact reuse or source-bound provider-specific detail within an existing parent. A new key is allowed only if subject, trigger, unit, period or optionality would otherwise be lost or falsely equated.","Do not merge different event/subject/period/level merely to fill both sides. Existing type keys are candidates, not approved synonym mappings.","[""B-183""]","[""be9f2768e429aa42""]","[""GAP-3955""]",existing-type-registries.json#MC,"[""subject"", ""trigger"", ""unit"", ""period"", ""limit_basis"", ""conditions"", ""level"", ""optionality"", ""provider/type/scope/version"", ""source""]","[{""finding_id"": ""GAP-3955"", ""source_fact_id"": ""SF-5662"", ""artifact"": ""catalog/sources/mc-bobil/tryg-05PAU20900.pdf"", ""location"": ""1 §4""}]",Listed signature IDs → p1-triage.csv → frozen gap/source-fact inventory; batch evidence in triage.json,PENDING_REVIEW,REQUIRED_BEFORE_IMPLEMENTATION
CR-346,Bane/hastighet / unntak/carveout,[],No exact mapping approved in the audit,CANONICAL_REVIEW_FIRST,"[""[\""gjensidige\"",\""mc\"",\""ordinary\"",\""gjensidige-mc-ansvar\"",null]"", ""[\""gjensidige\"",\""mc\"",\""ordinary\"",\""gjensidige-mc-delkasko\"",null]"", ""[\""gjensidige\"",\""mc\"",\""ordinary\"",\""gjensidige-mc-kasko\"",null]""]","[""MC""]","First test exact reuse or source-bound provider-specific detail within an existing parent. A new key is allowed only if subject, trigger, unit, period or optionality would otherwise be lost or falsely equated.","Do not merge different event/subject/period/level merely to fill both sides. Existing type keys are candidates, not approved synonym mappings.","[""B-134""]","[""353162a036bedf62""]","[""GAP-2302""]",existing-type-registries.json#MC,"[""subject"", ""trigger"", ""unit"", ""period"", ""limit_basis"", ""conditions"", ""level"", ""optionality"", ""provider/type/scope/version"", ""source""]","[{""finding_id"": ""GAP-2302"", ""source_fact_id"": ""SF-3324"", ""artifact"": ""catalog/sources/mc-bobil/gjensidige-mc-ansvar-vilkar.pdf"", ""location"": ""3""}]",Listed signature IDs → p1-triage.csv → frozen gap/source-fact inventory; batch evidence in triage.json,PENDING_REVIEW,REQUIRED_BEFORE_IMPLEMENTATION
CR-347,Bruk / utleie/næring,[],No exact mapping approved in the audit,CANONICAL_REVIEW_FIRST,"[""[\""storebrand\"",\""mc\"",\""ordinary\"",\""storebrand-mc-delkasko\"",\""motor09\""]"", ""[\""storebrand\"",\""mc\"",\""ordinary\"",\""storebrand-mc-kasko\"",\""motor09\""]""]","[""MC""]","First test exact reuse or source-bound provider-specific detail within an existing parent. A new key is allowed only if subject, trigger, unit, period or optionality would otherwise be lost or falsely equated.","Do not merge different event/subject/period/level merely to fill both sides. Existing type keys are candidates, not approved synonym mappings.","[""B-167""]","[""25759fca52ef38e9""]","[""GAP-0567""]",existing-type-registries.json#MC,"[""subject"", ""trigger"", ""unit"", ""period"", ""limit_basis"", ""conditions"", ""level"", ""optionality"", ""provider/type/scope/version"", ""source""]","[{""finding_id"": ""GAP-0567"", ""source_fact_id"": ""SF-0940"", ""artifact"": ""catalog/sources/vehicle-extensions/storebrand-vilkar-motorvognforsikring.pdf"", ""location"": ""PDF fysisk side20 (trykt19), 8/17–18""}]",Listed signature IDs → p1-triage.csv → frozen gap/source-fact inventory; batch evidence in triage.json,PENDING_REVIEW,REQUIRED_BEFORE_IMPLEMENTATION
CR-348,Bruksbegrensninger / aktivitet,[],No exact mapping approved in the audit,CANONICAL_REVIEW_FIRST,"[""[\""frende\"",\""mc\"",\""ordinary\"",\""frende-mc-ansvar\"",\""2026-01-01\""]"", ""[\""frende\"",\""mc\"",\""ordinary\"",\""frende-mc-delkasko\"",\""2026-01-01\""]"", ""[\""frende\"",\""mc\"",\""ordinary\"",\""frende-mc-kasko\"",\""2026-01-01\""]""]","[""MC""]","First test exact reuse or source-bound provider-specific detail within an existing parent. A new key is allowed only if subject, trigger, unit, period or optionality would otherwise be lost or falsely equated.","Do not merge different event/subject/period/level merely to fill both sides. Existing type keys are candidates, not approved synonym mappings.","[""B-117""]","[""c04d7643b6f984bf""]","[""GAP-1459""]",existing-type-registries.json#MC,"[""subject"", ""trigger"", ""unit"", ""period"", ""limit_basis"", ""conditions"", ""level"", ""optionality"", ""provider/type/scope/version"", ""source""]","[{""finding_id"": ""GAP-1459"", ""source_fact_id"": ""SF-2131"", ""artifact"": ""catalog/sources/frende/Vilkar_kjoretoyforsikring.pdf"", ""location"": ""PDFside13,14punkt16""}]",Listed signature IDs → p1-triage.csv → frozen gap/source-fact inventory; batch evidence in triage.json,PENDING_REVIEW,REQUIRED_BEFORE_IMPLEMENTATION
CR-349,Egenandel / MCene-fører,[],No exact mapping approved in the audit,CANONICAL_REVIEW_FIRST,"[""[\""storebrand\"",\""mc\"",\""ordinary\"",\""storebrand-mc-ansvar\"",\""motor09\""]"", ""[\""storebrand\"",\""mc\"",\""ordinary\"",\""storebrand-mc-delkasko\"",\""motor09\""]"", ""[\""storebrand\"",\""mc\"",\""ordinary\"",\""storebrand-mc-kasko\"",\""motor09\""]""]","[""MC""]","First test exact reuse or source-bound provider-specific detail within an existing parent. A new key is allowed only if subject, trigger, unit, period or optionality would otherwise be lost or falsely equated.","Do not merge different event/subject/period/level merely to fill both sides. Existing type keys are candidates, not approved synonym mappings.","[""B-167""]","[""a4f424993297e96b""]","[""GAP-0554""]",existing-type-registries.json#MC,"[""subject"", ""trigger"", ""unit"", ""period"", ""limit_basis"", ""conditions"", ""level"", ""optionality"", ""provider/type/scope/version"", ""source""]","[{""finding_id"": ""GAP-0554"", ""source_fact_id"": ""SF-0918"", ""artifact"": ""catalog/sources/vehicle-extensions/storebrand-mc-forsikring.html"", ""location"": ""MCwebFAQ""}]",Listed signature IDs → p1-triage.csv → frozen gap/source-fact inventory; batch evidence in triage.json,PENDING_REVIEW,REQUIRED_BEFORE_IMPLEMENTATION
CR-350,Egenandel / dyr,[],No exact mapping approved in the audit,CANONICAL_REVIEW_FIRST,"[""[\""frende\"",\""mc\"",\""ordinary\"",\""frende-mc-kasko\"",\""2026-01-01\""]""]","[""MC""]","First test exact reuse or source-bound provider-specific detail within an existing parent. A new key is allowed only if subject, trigger, unit, period or optionality would otherwise be lost or falsely equated.","Do not merge different event/subject/period/level merely to fill both sides. Existing type keys are candidates, not approved synonym mappings.","[""B-117""]","[""ee789c3e2ccccac7""]","[""GAP-1505""]",existing-type-registries.json#MC,"[""subject"", ""trigger"", ""unit"", ""period"", ""limit_basis"", ""conditions"", ""level"", ""optionality"", ""provider/type/scope/version"", ""source""]","[{""finding_id"": ""GAP-1505"", ""source_fact_id"": ""SF-2203"", ""artifact"": ""catalog/sources/frende/Vilkar_kjoretoyforsikring.pdf"", ""location"": ""PDFside9punkt11.11""}]",Listed signature IDs → p1-triage.csv → frozen gap/source-fact inventory; batch evidence in triage.json,PENDING_REVIEW,REQUIRED_BEFORE_IMPLEMENTATION
CR-351,Egenandel / ungfører,[],No exact mapping approved in the audit,CANONICAL_REVIEW_FIRST,"[""[\""frende\"",\""mc\"",\""ordinary\"",\""frende-mc-ansvar\"",\""2026-01-01\""]"", ""[\""frende\"",\""mc\"",\""ordinary\"",\""frende-mc-delkasko\"",\""2026-01-01\""]"", ""[\""frende\"",\""mc\"",\""ordinary\"",\""frende-mc-kasko\"",\""2026-01-01\""]"", ""[\""storebrand\"",\""mc\"",\""ordinary\"",\""storebrand-mc-ansvar\"",\""motor09\""]"", ""[\""storebrand\"",\""mc\"",\""ordinary\"",\""storebrand-mc-delkasko\"",\""motor09\""]"", ""[\""storebrand\"",\""mc\"",\""ordinary\"",\""storebrand-mc-kasko\"",\""motor09\""]""]","[""MC""]","First test exact reuse or source-bound provider-specific detail within an existing parent. A new key is allowed only if subject, trigger, unit, period or optionality would otherwise be lost or falsely equated.","Do not merge different event/subject/period/level merely to fill both sides. Existing type keys are candidates, not approved synonym mappings.","[""B-117"", ""B-167""]","[""bbd609cc66eedec4"", ""ad20a0a98661a827""]","[""GAP-0543"", ""GAP-1447""]",existing-type-registries.json#MC,"[""subject"", ""trigger"", ""unit"", ""period"", ""limit_basis"", ""conditions"", ""level"", ""optionality"", ""provider/type/scope/version"", ""source""]","[{""finding_id"": ""GAP-0543"", ""source_fact_id"": ""SF-0905"", ""artifact"": ""catalog/sources/vehicle-extensions/storebrand-vilkar-motorvognforsikring.pdf"", ""location"": ""PDF fysisk side21 (trykt20), 9.1""}]",Listed signature IDs → p1-triage.csv → frozen gap/source-fact inventory; batch evidence in triage.json,PENDING_REVIEW,REQUIRED_BEFORE_IMPLEMENTATION
CR-352,Feilfylling / limits,[],No exact mapping approved in the audit,CANONICAL_REVIEW_FIRST,"[""[\""fremtind\"",\""mc\"",\""ordinary-sparebank1\"",\""fremtind-mc-delkasko\"",null]"", ""[\""fremtind\"",\""mc\"",\""ordinary-sparebank1\"",\""fremtind-mc-kasko\"",null]""]","[""MC""]","First test exact reuse or source-bound provider-specific detail within an existing parent. A new key is allowed only if subject, trigger, unit, period or optionality would otherwise be lost or falsely equated.","Do not merge different event/subject/period/level merely to fill both sides. Existing type keys are candidates, not approved synonym mappings.","[""B-104""]","[""db224f7dc974cc07""]","[""GAP-5345""]",existing-type-registries.json#MC,"[""subject"", ""trigger"", ""unit"", ""period"", ""limit_basis"", ""conditions"", ""level"", ""optionality"", ""provider/type/scope/version"", ""source""]","[{""finding_id"": ""GAP-5345"", ""source_fact_id"": ""SF-7617"", ""artifact"": ""catalog/sources/mc-bobil/fremtind-mc-terms.pdf"", ""location"": ""Mini§2.4.2s5snø/s6MC;IPID""}]",Listed signature IDs → p1-triage.csv → frozen gap/source-fact inventory; batch evidence in triage.json,PENDING_REVIEW,REQUIRED_BEFORE_IMPLEMENTATION
CR-353,Ferge/tog / bonustap,[],No exact mapping approved in the audit,CANONICAL_REVIEW_FIRST,"[""[\""tryg\"",\""mc\"",\""ordinary\"",\""tryg-mc-mc-ekstra\"",\""2026-07-01\""]""]","[""MC""]","First test exact reuse or source-bound provider-specific detail within an existing parent. A new key is allowed only if subject, trigger, unit, period or optionality would otherwise be lost or falsely equated.","Do not merge different event/subject/period/level merely to fill both sides. Existing type keys are candidates, not approved synonym mappings.","[""B-183""]","[""dca9b0acd2e8be87""]","[""GAP-4016""]",existing-type-registries.json#MC,"[""subject"", ""trigger"", ""unit"", ""period"", ""limit_basis"", ""conditions"", ""level"", ""optionality"", ""provider/type/scope/version"", ""source""]","[{""finding_id"": ""GAP-4016"", ""source_fact_id"": ""SF-5750"", ""artifact"": ""catalog/sources/mc-bobil/tryg-05PAU27010.pdf"", ""location"": ""1 §1""}]",Listed signature IDs → p1-triage.csv → frozen gap/source-fact inventory; batch evidence in triage.json,PENDING_REVIEW,REQUIRED_BEFORE_IMPLEMENTATION
CR-354,Fysisk skade / unntak,[],No exact mapping approved in the audit,CANONICAL_REVIEW_FIRST,"[""[\""gjensidige\"",\""mc\"",\""ordinary\"",\""gjensidige-mc-delkasko\"",null]""]","[""MC""]","First test exact reuse or source-bound provider-specific detail within an existing parent. A new key is allowed only if subject, trigger, unit, period or optionality would otherwise be lost or falsely equated.","Do not merge different event/subject/period/level merely to fill both sides. Existing type keys are candidates, not approved synonym mappings.","[""B-134""]","[""f9722673430ceaae""]","[""GAP-2339""]",existing-type-registries.json#MC,"[""subject"", ""trigger"", ""unit"", ""period"", ""limit_basis"", ""conditions"", ""level"", ""optionality"", ""provider/type/scope/version"", ""source""]","[{""finding_id"": ""GAP-2339"", ""source_fact_id"": ""SF-3369"", ""artifact"": ""catalog/sources/mc-bobil/gjensidige-mc-delkasko-vilkar.pdf"", ""location"": ""3""}]",Listed signature IDs → p1-triage.csv → frozen gap/source-fact inventory; batch evidence in triage.json,PENDING_REVIEW,REQUIRED_BEFORE_IMPLEMENTATION
CR-355,Fører/bruk / avgrensning,[],No exact mapping approved in the audit,CANONICAL_REVIEW_FIRST,"[""[\""tryg\"",\""mc\"",\""ordinary\"",\""tryg-mc-ansvar\"",\""2026-07-01\""]"", ""[\""tryg\"",\""mc\"",\""ordinary\"",\""tryg-mc-delkasko\"",\""2026-01-01\""]"", ""[\""tryg\"",\""mc\"",\""ordinary\"",\""tryg-mc-kasko\"",\""2026-07-01\""]"", ""[\""tryg\"",\""mc\"",\""ordinary\"",\""tryg-mc-mc-ekstra\"",\""2026-07-01\""]""]","[""MC""]","First test exact reuse or source-bound provider-specific detail within an existing parent. A new key is allowed only if subject, trigger, unit, period or optionality would otherwise be lost or falsely equated.","Do not merge different event/subject/period/level merely to fill both sides. Existing type keys are candidates, not approved synonym mappings.","[""B-183""]","[""1739e860c9244e39""]","[""GAP-3958""]",existing-type-registries.json#MC,"[""subject"", ""trigger"", ""unit"", ""period"", ""limit_basis"", ""conditions"", ""level"", ""optionality"", ""provider/type/scope/version"", ""source""]","[{""finding_id"": ""GAP-3958"", ""source_fact_id"": ""SF-5666"", ""artifact"": ""catalog/sources/mc-bobil/tryg-05000PA209.pdf"", ""location"": ""1–2""}]",Listed signature IDs → p1-triage.csv → frozen gap/source-fact inventory; batch evidence in triage.json,PENDING_REVIEW,REQUIRED_BEFORE_IMPLEMENTATION
CR-356,Generelle unntak / bane/is/trim,[],No exact mapping approved in the audit,CANONICAL_REVIEW_FIRST,"[""[\""storebrand\"",\""mc\"",\""ordinary\"",\""storebrand-mc-delkasko\"",\""motor09\""]"", ""[\""storebrand\"",\""mc\"",\""ordinary\"",\""storebrand-mc-kasko\"",\""motor09\""]""]","[""MC""]","First test exact reuse or source-bound provider-specific detail within an existing parent. A new key is allowed only if subject, trigger, unit, period or optionality would otherwise be lost or falsely equated.","Do not merge different event/subject/period/level merely to fill both sides. Existing type keys are candidates, not approved synonym mappings.","[""B-167""]","[""a2809a77456b71cd""]","[""GAP-0566""]",existing-type-registries.json#MC,"[""subject"", ""trigger"", ""unit"", ""period"", ""limit_basis"", ""conditions"", ""level"", ""optionality"", ""provider/type/scope/version"", ""source""]","[{""finding_id"": ""GAP-0566"", ""source_fact_id"": ""SF-0939"", ""artifact"": ""catalog/sources/vehicle-extensions/storebrand-vilkar-motorvognforsikring.pdf"", ""location"": ""PDF fysisk side20 (trykt19), 8""}]",Listed signature IDs → p1-triage.csv → frozen gap/source-fact inventory; batch evidence in triage.json,PENDING_REVIEW,REQUIRED_BEFORE_IMPLEMENTATION
CR-357,Kontanter / unntak,[],No exact mapping approved in the audit,CANONICAL_REVIEW_FIRST,"[""[\""frende\"",\""mc\"",\""ordinary\"",\""frende-mc-delkasko\"",\""2026-01-01\""]"", ""[\""frende\"",\""mc\"",\""ordinary\"",\""frende-mc-kasko\"",\""2026-01-01\""]""]","[""MC""]","First test exact reuse or source-bound provider-specific detail within an existing parent. A new key is allowed only if subject, trigger, unit, period or optionality would otherwise be lost or falsely equated.","Do not merge different event/subject/period/level merely to fill both sides. Existing type keys are candidates, not approved synonym mappings.","[""B-117""]","[""4495c1cdeea2a5c0""]","[""GAP-1466""]",existing-type-registries.json#MC,"[""subject"", ""trigger"", ""unit"", ""period"", ""limit_basis"", ""conditions"", ""level"", ""optionality"", ""provider/type/scope/version"", ""source""]","[{""finding_id"": ""GAP-1466"", ""source_fact_id"": ""SF-2145"", ""artifact"": ""catalog/sources/frende/Vilkar_kjoretoyforsikring.pdf"", ""location"": ""PDFside2punkt3""}]",Listed signature IDs → p1-triage.csv → frozen gap/source-fact inventory; batch evidence in triage.json,PENDING_REVIEW,REQUIRED_BEFORE_IMPLEMENTATION
CR-358,Lagring / avregistrering,[],No exact mapping approved in the audit,CANONICAL_REVIEW_FIRST,"[""[\""gjensidige\"",\""mc\"",\""ordinary\"",\""gjensidige-mc-ansvar\"",null]"", ""[\""gjensidige\"",\""mc\"",\""ordinary\"",\""gjensidige-mc-delkasko\"",null]"", ""[\""gjensidige\"",\""mc\"",\""ordinary\"",\""gjensidige-mc-kasko\"",null]""]","[""MC""]","First test exact reuse or source-bound provider-specific detail within an existing parent. A new key is allowed only if subject, trigger, unit, period or optionality would otherwise be lost or falsely equated.","Do not merge different event/subject/period/level merely to fill both sides. Existing type keys are candidates, not approved synonym mappings.","[""B-134""]","[""9f54708b05175b9a""]","[""GAP-2304""]",existing-type-registries.json#MC,"[""subject"", ""trigger"", ""unit"", ""period"", ""limit_basis"", ""conditions"", ""level"", ""optionality"", ""provider/type/scope/version"", ""source""]","[{""finding_id"": ""GAP-2304"", ""source_fact_id"": ""SF-3327"", ""artifact"": ""catalog/sources/mc-bobil/gjensidige-mc-produkt.html"", ""location"": ""MC109–113/Bobil156–164""}]",Listed signature IDs → p1-triage.csv → frozen gap/source-fact inventory; batch evidence in triage.json,PENDING_REVIEW,REQUIRED_BEFORE_IMPLEMENTATION
CR-359,Leiesykkel / ikkeinkludert,[],No exact mapping approved in the audit,CANONICAL_REVIEW_FIRST,"[""[\""frende\"",\""mc\"",\""ordinary\"",\""frende-mc-ansvar\"",\""2026-01-01\""]"", ""[\""frende\"",\""mc\"",\""ordinary\"",\""frende-mc-delkasko\"",\""2026-01-01\""]"", ""[\""frende\"",\""mc\"",\""ordinary\"",\""frende-mc-kasko\"",\""2026-01-01\""]""]","[""MC""]","First test exact reuse or source-bound provider-specific detail within an existing parent. A new key is allowed only if subject, trigger, unit, period or optionality would otherwise be lost or falsely equated.","Do not merge different event/subject/period/level merely to fill both sides. Existing type keys are candidates, not approved synonym mappings.","[""B-117""]","[""a39fbfb6fc9cc8bb""]","[""GAP-1462""]",existing-type-registries.json#MC,"[""subject"", ""trigger"", ""unit"", ""period"", ""limit_basis"", ""conditions"", ""level"", ""optionality"", ""provider/type/scope/version"", ""source""]","[{""finding_id"": ""GAP-1462"", ""source_fact_id"": ""SF-2137"", ""artifact"": ""catalog/sources/mc-bobil/frende-mc-page.html"", ""location"": ""HTMLFAQ""}]",Listed signature IDs → p1-triage.csv → frozen gap/source-fact inventory; batch evidence in triage.json,PENDING_REVIEW,REQUIRED_BEFORE_IMPLEMENTATION
CR-360,MC sidevogn/tilhenger / omfang,[],No exact mapping approved in the audit,CANONICAL_REVIEW_FIRST,"[""[\""gjensidige\"",\""mc\"",\""ordinary\"",\""gjensidige-mc-delkasko\"",null]"", ""[\""gjensidige\"",\""mc\"",\""ordinary\"",\""gjensidige-mc-kasko\"",null]""]","[""MC""]","First test exact reuse or source-bound provider-specific detail within an existing parent. A new key is allowed only if subject, trigger, unit, period or optionality would otherwise be lost or falsely equated.","Do not merge different event/subject/period/level merely to fill both sides. Existing type keys are candidates, not approved synonym mappings.","[""B-134""]","[""b97d788618eae5b1""]","[""GAP-2331""]",existing-type-registries.json#MC,"[""subject"", ""trigger"", ""unit"", ""period"", ""limit_basis"", ""conditions"", ""level"", ""optionality"", ""provider/type/scope/version"", ""source""]","[{""finding_id"": ""GAP-2331"", ""source_fact_id"": ""SF-3358"", ""artifact"": ""catalog/sources/mc-bobil/gjensidige-mc-delkasko-vilkar.pdf"", ""location"": ""3""}]",Listed signature IDs → p1-triage.csv → frozen gap/source-fact inventory; batch evidence in triage.json,PENDING_REVIEW,REQUIRED_BEFORE_IMPLEMENTATION
CR-361,Oppgjør / kosmetikkMC/Scooter,[],No exact mapping approved in the audit,CANONICAL_REVIEW_FIRST,"[""[\""storebrand\"",\""mc\"",\""ordinary\"",\""storebrand-mc-delkasko\"",\""motor09\""]"", ""[\""storebrand\"",\""mc\"",\""ordinary\"",\""storebrand-mc-kasko\"",\""motor09\""]""]","[""MC""]","First test exact reuse or source-bound provider-specific detail within an existing parent. A new key is allowed only if subject, trigger, unit, period or optionality would otherwise be lost or falsely equated.","Do not merge different event/subject/period/level merely to fill both sides. Existing type keys are candidates, not approved synonym mappings.","[""B-167""]","[""9296e4fcc6c88b40""]","[""GAP-0570""]",existing-type-registries.json#MC,"[""subject"", ""trigger"", ""unit"", ""period"", ""limit_basis"", ""conditions"", ""level"", ""optionality"", ""provider/type/scope/version"", ""source""]","[{""finding_id"": ""GAP-0570"", ""source_fact_id"": ""SF-0944"", ""artifact"": ""catalog/sources/vehicle-extensions/storebrand-vilkar-motorvognforsikring.pdf"", ""location"": ""PDF fysisk side23 (trykt22), 10.2""}]",Listed signature IDs → p1-triage.csv → frozen gap/source-fact inventory; batch evidence in triage.json,PENDING_REVIEW,REQUIRED_BEFORE_IMPLEMENTATION
CR-362,Personkrets / sikrede,[],No exact mapping approved in the audit,CANONICAL_REVIEW_FIRST,"[""[\""gjensidige\"",\""mc\"",\""ordinary\"",\""gjensidige-mc-ansvar\"",null]"", ""[\""gjensidige\"",\""mc\"",\""ordinary\"",\""gjensidige-mc-delkasko\"",null]"", ""[\""gjensidige\"",\""mc\"",\""ordinary\"",\""gjensidige-mc-kasko\"",null]""]","[""MC""]","First test exact reuse or source-bound provider-specific detail within an existing parent. A new key is allowed only if subject, trigger, unit, period or optionality would otherwise be lost or falsely equated.","Do not merge different event/subject/period/level merely to fill both sides. Existing type keys are candidates, not approved synonym mappings.","[""B-134""]","[""2370a184142b4020""]","[""GAP-2296""]",existing-type-registries.json#MC,"[""subject"", ""trigger"", ""unit"", ""period"", ""limit_basis"", ""conditions"", ""level"", ""optionality"", ""provider/type/scope/version"", ""source""]","[{""finding_id"": ""GAP-2296"", ""source_fact_id"": ""SF-3318"", ""artifact"": ""catalog/sources/mc-bobil/gjensidige-mc-ansvar-vilkar.pdf"", ""location"": ""3""}]",Listed signature IDs → p1-triage.csv → frozen gap/source-fact inventory; batch evidence in triage.json,PENDING_REVIEW,REQUIRED_BEFORE_IMPLEMENTATION
CR-363,Registrering / opphør,[],No exact mapping approved in the audit,CANONICAL_REVIEW_FIRST,"[""[\""gjensidige\"",\""mc\"",\""ordinary\"",\""gjensidige-mc-ansvar\"",null]"", ""[\""gjensidige\"",\""mc\"",\""ordinary\"",\""gjensidige-mc-delkasko\"",null]"", ""[\""gjensidige\"",\""mc\"",\""ordinary\"",\""gjensidige-mc-kasko\"",null]""]","[""MC""]","First test exact reuse or source-bound provider-specific detail within an existing parent. A new key is allowed only if subject, trigger, unit, period or optionality would otherwise be lost or falsely equated.","Do not merge different event/subject/period/level merely to fill both sides. Existing type keys are candidates, not approved synonym mappings.","[""B-134""]","[""b2e9b7fa801af8e4""]","[""GAP-2297""]",existing-type-registries.json#MC,"[""subject"", ""trigger"", ""unit"", ""period"", ""limit_basis"", ""conditions"", ""level"", ""optionality"", ""provider/type/scope/version"", ""source""]","[{""finding_id"": ""GAP-2297"", ""source_fact_id"": ""SF-3319"", ""artifact"": ""catalog/sources/mc-bobil/gjensidige-mc-ansvar-vilkar.pdf"", ""location"": ""1;PDF10–13""}]",Listed signature IDs → p1-triage.csv → frozen gap/source-fact inventory; batch evidence in triage.json,PENDING_REVIEW,REQUIRED_BEFORE_IMPLEMENTATION
CR-364,Rettshjelp / unntak,[],No exact mapping approved in the audit,CANONICAL_REVIEW_FIRST,"[""[\""storebrand\"",\""mc\"",\""ordinary\"",\""storebrand-mc-ansvar\"",\""motor09\""]"", ""[\""storebrand\"",\""mc\"",\""ordinary\"",\""storebrand-mc-delkasko\"",\""motor09\""]"", ""[\""storebrand\"",\""mc\"",\""ordinary\"",\""storebrand-mc-kasko\"",\""motor09\""]""]","[""MC""]","First test exact reuse or source-bound provider-specific detail within an existing parent. A new key is allowed only if subject, trigger, unit, period or optionality would otherwise be lost or falsely equated.","Do not merge different event/subject/period/level merely to fill both sides. Existing type keys are candidates, not approved synonym mappings.","[""B-167""]","[""1f68c3c957ca4976""]","[""GAP-0551""]",existing-type-registries.json#MC,"[""subject"", ""trigger"", ""unit"", ""period"", ""limit_basis"", ""conditions"", ""level"", ""optionality"", ""provider/type/scope/version"", ""source""]","[{""finding_id"": ""GAP-0551"", ""source_fact_id"": ""SF-0914"", ""artifact"": ""catalog/sources/vehicle-extensions/storebrand-vilkar-motorvognforsikring.pdf"", ""location"": ""PDF fysisk side31 (trykt30), 13.4,32""}]",Listed signature IDs → p1-triage.csv → frozen gap/source-fact inventory; batch evidence in triage.json,PENDING_REVIEW,REQUIRED_BEFORE_IMPLEMENTATION
CR-365,Tegning / MC/scooter,[],No exact mapping approved in the audit,CANONICAL_REVIEW_FIRST,"[""[\""storebrand\"",\""mc\"",\""ordinary\"",\""storebrand-mc-ansvar\"",\""motor09\""]"", ""[\""storebrand\"",\""mc\"",\""ordinary\"",\""storebrand-mc-delkasko\"",\""motor09\""]"", ""[\""storebrand\"",\""mc\"",\""ordinary\"",\""storebrand-mc-kasko\"",\""motor09\""]""]","[""MC""]","First test exact reuse or source-bound provider-specific detail within an existing parent. A new key is allowed only if subject, trigger, unit, period or optionality would otherwise be lost or falsely equated.","Do not merge different event/subject/period/level merely to fill both sides. Existing type keys are candidates, not approved synonym mappings.","[""B-167""]","[""00706d75fbb0e813""]","[""GAP-0552""]",existing-type-registries.json#MC,"[""subject"", ""trigger"", ""unit"", ""period"", ""limit_basis"", ""conditions"", ""level"", ""optionality"", ""provider/type/scope/version"", ""source""]","[{""finding_id"": ""GAP-0552"", ""source_fact_id"": ""SF-0916"", ""artifact"": ""catalog/sources/vehicle-extensions/storebrand-mc-forsikring.html"", ""location"": ""MCwebFAQ""}]",Listed signature IDs → p1-triage.csv → frozen gap/source-fact inventory; batch evidence in triage.json,PENDING_REVIEW,REQUIRED_BEFORE_IMPLEMENTATION
CR-366,Ulykke / unntak,[],No exact mapping approved in the audit,CANONICAL_REVIEW_FIRST,"[""[\""frende\"",\""mc\"",\""ordinary\"",\""frende-mc-ansvar\"",\""2026-01-01\""]"", ""[\""frende\"",\""mc\"",\""ordinary\"",\""frende-mc-delkasko\"",\""2026-01-01\""]"", ""[\""frende\"",\""mc\"",\""ordinary\"",\""frende-mc-kasko\"",\""2026-01-01\""]"", ""[\""storebrand\"",\""mc\"",\""ordinary\"",\""storebrand-mc-ansvar\"",\""motor09\""]"", ""[\""storebrand\"",\""mc\"",\""ordinary\"",\""storebrand-mc-delkasko\"",\""motor09\""]"", ""[\""storebrand\"",\""mc\"",\""ordinary\"",\""storebrand-mc-kasko\"",\""motor09\""]""]","[""MC""]","First test exact reuse or source-bound provider-specific detail within an existing parent. A new key is allowed only if subject, trigger, unit, period or optionality would otherwise be lost or falsely equated.","Do not merge different event/subject/period/level merely to fill both sides. Existing type keys are candidates, not approved synonym mappings.","[""B-117"", ""B-167""]","[""b0aae4bc4efd426f"", ""71e31f804fad1731""]","[""GAP-0547"", ""GAP-1454""]",existing-type-registries.json#MC,"[""subject"", ""trigger"", ""unit"", ""period"", ""limit_basis"", ""conditions"", ""level"", ""optionality"", ""provider/type/scope/version"", ""source""]","[{""finding_id"": ""GAP-0547"", ""source_fact_id"": ""SF-0910"", ""artifact"": ""catalog/sources/vehicle-extensions/storebrand-vilkar-motorvognforsikring.pdf"", ""location"": ""PDF fysisk side28 (trykt27), 12.4""}]",Listed signature IDs → p1-triage.csv → frozen gap/source-fact inventory; batch evidence in triage.json,PENDING_REVIEW,REQUIRED_BEFORE_IMPLEMENTATION
CR-367,Ung fører / egenandel,[],No exact mapping approved in the audit,CANONICAL_REVIEW_FIRST,"[""[\""gjensidige\"",\""mc\"",\""ordinary\"",\""gjensidige-mc-ansvar\"",null]"", ""[\""gjensidige\"",\""mc\"",\""ordinary\"",\""gjensidige-mc-delkasko\"",null]"", ""[\""gjensidige\"",\""mc\"",\""ordinary\"",\""gjensidige-mc-kasko\"",null]""]","[""MC""]","First test exact reuse or source-bound provider-specific detail within an existing parent. A new key is allowed only if subject, trigger, unit, period or optionality would otherwise be lost or falsely equated.","Do not merge different event/subject/period/level merely to fill both sides. Existing type keys are candidates, not approved synonym mappings.","[""B-134""]","[""c6b0aefe53c87348""]","[""GAP-2298""]",existing-type-registries.json#MC,"[""subject"", ""trigger"", ""unit"", ""period"", ""limit_basis"", ""conditions"", ""level"", ""optionality"", ""provider/type/scope/version"", ""source""]","[{""finding_id"": ""GAP-2298"", ""source_fact_id"": ""SF-3320"", ""artifact"": ""catalog/sources/mc-bobil/gjensidige-mc-ansvar-vilkar.pdf"", ""location"": ""1""}]",Listed signature IDs → p1-triage.csv → frozen gap/source-fact inventory; batch evidence in triage.json,PENDING_REVIEW,REQUIRED_BEFORE_IMPLEMENTATION
CR-368,Uten fører / egenandel,[],No exact mapping approved in the audit,CANONICAL_REVIEW_FIRST,"[""[\""gjensidige\"",\""mc\"",\""ordinary\"",\""gjensidige-mc-ansvar\"",null]"", ""[\""gjensidige\"",\""mc\"",\""ordinary\"",\""gjensidige-mc-delkasko\"",null]"", ""[\""gjensidige\"",\""mc\"",\""ordinary\"",\""gjensidige-mc-kasko\"",null]""]","[""MC""]","First test exact reuse or source-bound provider-specific detail within an existing parent. A new key is allowed only if subject, trigger, unit, period or optionality would otherwise be lost or falsely equated.","Do not merge different event/subject/period/level merely to fill both sides. Existing type keys are candidates, not approved synonym mappings.","[""B-134""]","[""58fe711dff9bc438""]","[""GAP-2299""]",existing-type-registries.json#MC,"[""subject"", ""trigger"", ""unit"", ""period"", ""limit_basis"", ""conditions"", ""level"", ""optionality"", ""provider/type/scope/version"", ""source""]","[{""finding_id"": ""GAP-2299"", ""source_fact_id"": ""SF-3321"", ""artifact"": ""catalog/sources/mc-bobil/gjensidige-mc-ansvar-vilkar.pdf"", ""location"": ""1""}]",Listed signature IDs → p1-triage.csv → frozen gap/source-fact inventory; batch evidence in triage.json,PENDING_REVIEW,REQUIRED_BEFORE_IMPLEMENTATION
CR-369,Utstyr / aldersfradrag,[],No exact mapping approved in the audit,CANONICAL_REVIEW_FIRST,"[""[\""gjensidige\"",\""mc\"",\""ordinary\"",\""gjensidige-mc-delkasko\"",null]"", ""[\""gjensidige\"",\""mc\"",\""ordinary\"",\""gjensidige-mc-kasko\"",null]""]","[""MC""]","First test exact reuse or source-bound provider-specific detail within an existing parent. A new key is allowed only if subject, trigger, unit, period or optionality would otherwise be lost or falsely equated.","Do not merge different event/subject/period/level merely to fill both sides. Existing type keys are candidates, not approved synonym mappings.","[""B-134""]","[""d624357215716098""]","[""GAP-2344""]",existing-type-registries.json#MC,"[""subject"", ""trigger"", ""unit"", ""period"", ""limit_basis"", ""conditions"", ""level"", ""optionality"", ""provider/type/scope/version"", ""source""]","[{""finding_id"": ""GAP-2344"", ""source_fact_id"": ""SF-3375"", ""artifact"": ""catalog/sources/mc-bobil/gjensidige-mc-delkasko-vilkar.pdf"", ""location"": ""PDF15""}]",Listed signature IDs → p1-triage.csv → frozen gap/source-fact inventory; batch evidence in triage.json,PENDING_REVIEW,REQUIRED_BEFORE_IMPLEMENTATION
CR-370,Utstyr / hjul,[],No exact mapping approved in the audit,CANONICAL_REVIEW_FIRST,"[""[\""frende\"",\""mc\"",\""ordinary\"",\""frende-mc-delkasko\"",\""2026-01-01\""]"", ""[\""frende\"",\""mc\"",\""ordinary\"",\""frende-mc-kasko\"",\""2026-01-01\""]""]","[""MC""]","First test exact reuse or source-bound provider-specific detail within an existing parent. A new key is allowed only if subject, trigger, unit, period or optionality would otherwise be lost or falsely equated.","Do not merge different event/subject/period/level merely to fill both sides. Existing type keys are candidates, not approved synonym mappings.","[""B-117""]","[""8d22b566c9524bb9""]","[""GAP-1465""]",existing-type-registries.json#MC,"[""subject"", ""trigger"", ""unit"", ""period"", ""limit_basis"", ""conditions"", ""level"", ""optionality"", ""provider/type/scope/version"", ""source""]","[{""finding_id"": ""GAP-1465"", ""source_fact_id"": ""SF-2143"", ""artifact"": ""catalog/sources/frende/Vilkar_kjoretoyforsikring.pdf"", ""location"": ""PDFside2punkt3.2–3""}]",Listed signature IDs → p1-triage.csv → frozen gap/source-fact inventory; batch evidence in triage.json,PENDING_REVIEW,REQUIRED_BEFORE_IMPLEMENTATION
CR-371,Aldersfradrag / table,[],No exact mapping approved in the audit,CANONICAL_REVIEW_FIRST,"[""[\""fremtind\"",\""reise\"",\""ordinary\"",\""fremtind-reise\"",\""PRE-450.200-015\""]""]","[""Reise""]","First test exact reuse or source-bound provider-specific detail within an existing parent. A new key is allowed only if subject, trigger, unit, period or optionality would otherwise be lost or falsely equated.","Do not merge different event/subject/period/level merely to fill both sides. Existing type keys are candidates, not approved synonym mappings.","[""B-105""]","[""da362e7b553b79b6""]","[""GAP-5155""]",existing-type-registries.json#Reise,"[""subject"", ""trigger"", ""unit"", ""period"", ""limit_basis"", ""conditions"", ""level"", ""optionality"", ""provider/type/scope/version"", ""source""]","[{""finding_id"": ""GAP-5155"", ""source_fact_id"": ""SF-7381"", ""artifact"": ""catalog/sources/fremtind/reise/canonical/fremtind-reise-vilkar.pdf"", ""location"": ""§7.5.1 s4""}]",Listed signature IDs → p1-triage.csv → frozen gap/source-fact inventory; batch evidence in triage.json,PENDING_REVIEW,REQUIRED_BEFORE_IMPLEMENTATION
CR-372,Arbeidskonflikt / unntak,"[""reise.unntak.generelle""]",Proposed key/type/detail relationship needs explicit validation,MAPPING_REVIEW_FIRST,"[""[\""if\"",\""reise\"",\""ordinary\"",\""if-reise-basis\"",\""2026-09-20-canonical\""]"", ""[\""if\"",\""reise\"",\""ordinary\"",\""if-reise-standard\"",\""2026-09-20-canonical\""]"", ""[\""if\"",\""reise\"",\""ordinary\"",\""if-reise-super\"",\""2026-09-20-canonical\""]""]","[""Reise""]","First test exact reuse or source-bound provider-specific detail within an existing parent. A new key is allowed only if subject, trigger, unit, period or optionality would otherwise be lost or falsely equated.","Do not merge different event/subject/period/level merely to fill both sides. Existing type keys are candidates, not approved synonym mappings.","[""B-149""]","[""e6093c6a5a852045""]","[""GAP-3552""]",existing-type-registries.json#Reise,"[""subject"", ""trigger"", ""unit"", ""period"", ""limit_basis"", ""conditions"", ""level"", ""optionality"", ""provider/type/scope/version"", ""source""]","[{""finding_id"": ""GAP-3552"", ""source_fact_id"": ""SF-5084"", ""artifact"": ""catalog/sources/if/reise/canonical/Helars-reiseforsikring-vilkar.pdf"", ""location"": ""5 pkt1.5–6""}]",Listed signature IDs → p1-triage.csv → frozen gap/source-fact inventory; batch evidence in triage.json,PENDING_REVIEW,REQUIRED_BEFORE_IMPLEMENTATION
CR-373,Bagasje / lånt/pass,[],No exact mapping approved in the audit,CANONICAL_REVIEW_FIRST,"[""[\""gjensidige\"",\""reise\"",\""ordinary\"",\""gjensidige-reise\"",\""2026-09-20-canonical\""]"", ""[\""gjensidige\"",\""reise\"",\""ordinary\"",\""gjensidige-reise-pluss\"",\""2026-09-20-canonical\""]""]","[""Reise""]","First test exact reuse or source-bound provider-specific detail within an existing parent. A new key is allowed only if subject, trigger, unit, period or optionality would otherwise be lost or falsely equated.","Do not merge different event/subject/period/level merely to fill both sides. Existing type keys are candidates, not approved synonym mappings.","[""B-135""]","[""d9f441078437f3cc""]","[""GAP-2212""]",existing-type-registries.json#Reise,"[""subject"", ""trigger"", ""unit"", ""period"", ""limit_basis"", ""conditions"", ""level"", ""optionality"", ""provider/type/scope/version"", ""source""]","[{""finding_id"": ""GAP-2212"", ""source_fact_id"": ""SF-3180"", ""artifact"": ""catalog/sources/gjensidige/reise/reise-alminnelige-vilkar.pdf"", ""location"": ""PDF 5–6""}]",Listed signature IDs → p1-triage.csv → frozen gap/source-fact inventory; batch evidence in triage.json,PENDING_REVIEW,REQUIRED_BEFORE_IMPLEMENTATION
CR-374,Egenandel / selected_options,[],No exact mapping approved in the audit,CANONICAL_REVIEW_FIRST,"[""[\""tryg\"",\""reise\"",\""ordinary\"",\""tryg-reise\"",\""2026-09-20-canonical\""]"", ""[\""tryg\"",\""reise\"",\""ordinary\"",\""tryg-reise-ekstra\"",\""2026-09-20-canonical\""]"", ""[\""tryg\"",\""reise\"",\""ordinary\"",\""tryg-reise-premium\"",\""2026-09-20-canonical\""]""]","[""Reise""]","First test exact reuse or source-bound provider-specific detail within an existing parent. A new key is allowed only if subject, trigger, unit, period or optionality would otherwise be lost or falsely equated.","Do not merge different event/subject/period/level merely to fill both sides. Existing type keys are candidates, not approved synonym mappings.","[""B-184""]","[""1d09608543e2a517""]","[""GAP-4481""]",existing-type-registries.json#Reise,"[""subject"", ""trigger"", ""unit"", ""period"", ""limit_basis"", ""conditions"", ""level"", ""optionality"", ""provider/type/scope/version"", ""source""]","[{""finding_id"": ""GAP-4481"", ""source_fact_id"": ""SF-6463"", ""artifact"": ""catalog/sources/tryg/reise/canonical/Reiseforsikring-produktside.html"", ""location"": ""FAQegenandel""}]",Listed signature IDs → p1-triage.csv → frozen gap/source-fact inventory; batch evidence in triage.json,PENDING_REVIEW,REQUIRED_BEFORE_IMPLEMENTATION
CR-375,Egenandel / standard,"[""reise.egenandel"", ""reise.rettshjelp.egenandel""]",Proposed key/type/detail relationship needs explicit validation,MAPPING_REVIEW_FIRST,"[""[\""if\"",\""reise\"",\""ordinary\"",\""if-reise-basis\"",\""2026-09-20-canonical\""]"", ""[\""if\"",\""reise\"",\""ordinary\"",\""if-reise-standard\"",\""2026-09-20-canonical\""]"", ""[\""if\"",\""reise\"",\""ordinary\"",\""if-reise-super\"",\""2026-09-20-canonical\""]""]","[""Reise""]","First test exact reuse or source-bound provider-specific detail within an existing parent. A new key is allowed only if subject, trigger, unit, period or optionality would otherwise be lost or falsely equated.","Do not merge different event/subject/period/level merely to fill both sides. Existing type keys are candidates, not approved synonym mappings.","[""B-149""]","[""ced5bf3623790786""]","[""GAP-3570""]",existing-type-registries.json#Reise,"[""subject"", ""trigger"", ""unit"", ""period"", ""limit_basis"", ""conditions"", ""level"", ""optionality"", ""provider/type/scope/version"", ""source""]","[{""finding_id"": ""GAP-3570"", ""source_fact_id"": ""SF-5111"", ""artifact"": ""catalog/sources/if/reise/canonical/Reiseforsikring-produktside.html"", ""location"": ""Egenandeler""}]",Listed signature IDs → p1-triage.csv → frozen gap/source-fact inventory; batch evidence in triage.json,PENDING_REVIEW,REQUIRED_BEFORE_IMPLEMENTATION
CR-376,Eneste medreisende / sum,[],No exact mapping approved in the audit,CANONICAL_REVIEW_FIRST,"[""[\""fremtind\"",\""reise\"",\""ordinary\"",\""fremtind-reise\"",\""PRE-450.200-015\""]""]","[""Reise""]","First test exact reuse or source-bound provider-specific detail within an existing parent. A new key is allowed only if subject, trigger, unit, period or optionality would otherwise be lost or falsely equated.","Do not merge different event/subject/period/level merely to fill both sides. Existing type keys are candidates, not approved synonym mappings.","[""B-105""]","[""3c6ddcaf64798ea2""]","[""GAP-5163""]",existing-type-registries.json#Reise,"[""subject"", ""trigger"", ""unit"", ""period"", ""limit_basis"", ""conditions"", ""level"", ""optionality"", ""provider/type/scope/version"", ""source""]","[{""finding_id"": ""GAP-5163"", ""source_fact_id"": ""SF-7394"", ""artifact"": ""catalog/sources/fremtind/reise/canonical/fremtind-reise-vilkar.pdf"", ""location"": ""§10.2 s7""}]",Listed signature IDs → p1-triage.csv → frozen gap/source-fact inventory; batch evidence in triage.json,PENDING_REVIEW,REQUIRED_BEFORE_IMPLEMENTATION
CR-377,Eneste medreisende / sum,"[""reise.medreisende""]",Proposed key/type/detail relationship needs explicit validation,MAPPING_REVIEW_FIRST,"[""[\""if\"",\""reise\"",\""ordinary\"",\""if-reise-basis\"",\""2026-09-20-canonical\""]"", ""[\""if\"",\""reise\"",\""ordinary\"",\""if-reise-standard\"",\""2026-09-20-canonical\""]"", ""[\""if\"",\""reise\"",\""ordinary\"",\""if-reise-super\"",\""2026-09-20-canonical\""]""]","[""Reise""]","First test exact reuse or source-bound provider-specific detail within an existing parent. A new key is allowed only if subject, trigger, unit, period or optionality would otherwise be lost or falsely equated.","Do not merge different event/subject/period/level merely to fill both sides. Existing type keys are candidates, not approved synonym mappings.","[""B-149""]","[""9474653a22a7f3b8""]","[""GAP-3560""]",existing-type-registries.json#Reise,"[""subject"", ""trigger"", ""unit"", ""period"", ""limit_basis"", ""conditions"", ""level"", ""optionality"", ""provider/type/scope/version"", ""source""]","[{""finding_id"": ""GAP-3560"", ""source_fact_id"": ""SF-5094"", ""artifact"": ""catalog/sources/if/reise/canonical/Helars-reiseforsikring-vilkar.pdf"", ""location"": ""15 pkt5.2.9""}]",Listed signature IDs → p1-triage.csv → frozen gap/source-fact inventory; batch evidence in triage.json,PENDING_REVIEW,REQUIRED_BEFORE_IMPLEMENTATION
CR-378,Enestereiseledsager / sum,[],No exact mapping approved in the audit,CANONICAL_REVIEW_FIRST,"[""[\""storebrand\"",\""reise\"",\""ordinary\"",\""storebrand-reise-standard\"",\""2026-09-20-canonical\""]"", ""[\""storebrand\"",\""reise\"",\""ordinary\"",\""storebrand-reise-super\"",\""2026-09-20-canonical\""]""]","[""Reise""]","First test exact reuse or source-bound provider-specific detail within an existing parent. A new key is allowed only if subject, trigger, unit, period or optionality would otherwise be lost or falsely equated.","Do not merge different event/subject/period/level merely to fill both sides. Existing type keys are candidates, not approved synonym mappings.","[""B-168""]","[""42dc8f5c11cea1e7""]","[""GAP-1073""]",existing-type-registries.json#Reise,"[""subject"", ""trigger"", ""unit"", ""period"", ""limit_basis"", ""conditions"", ""level"", ""optionality"", ""provider/type/scope/version"", ""source""]","[{""finding_id"": ""GAP-1073"", ""source_fact_id"": ""SF-1648"", ""artifact"": ""catalog/sources/storebrand/reise/canonical/reise10-vilkar-reiseforsikring.pdf"", ""location"": ""PDF fysisk side 16, B.5.1.8""}]",Listed signature IDs → p1-triage.csv → frozen gap/source-fact inventory; batch evidence in triage.json,PENDING_REVIEW,REQUIRED_BEFORE_IMPLEMENTATION
CR-379,Familie / barnebarn,"[""reise.personer.barnebarn""]",Proposed key/type/detail relationship needs explicit validation,MAPPING_REVIEW_FIRST,"[""[\""if\"",\""reise\"",\""ordinary\"",\""if-reise-super\"",\""2026-09-20-canonical\""]""]","[""Reise""]","First test exact reuse or source-bound provider-specific detail within an existing parent. A new key is allowed only if subject, trigger, unit, period or optionality would otherwise be lost or falsely equated.","Do not merge different event/subject/period/level merely to fill both sides. Existing type keys are candidates, not approved synonym mappings.","[""B-149""]","[""79cfacf160951f3a""]","[""GAP-3610""]",existing-type-registries.json#Reise,"[""subject"", ""trigger"", ""unit"", ""period"", ""limit_basis"", ""conditions"", ""level"", ""optionality"", ""provider/type/scope/version"", ""source""]","[{""finding_id"": ""GAP-3610"", ""source_fact_id"": ""SF-5183"", ""artifact"": ""catalog/sources/if/reise/canonical/Helars-reiseforsikring-vilkar.pdf"", ""location"": ""4 pkt1.2""}]",Listed signature IDs → p1-triage.csv → frozen gap/source-fact inventory; batch evidence in triage.json,PENDING_REVIEW,REQUIRED_BEFORE_IMPLEMENTATION
CR-380,Familie syk på reisemål / duration,[],No exact mapping approved in the audit,CANONICAL_REVIEW_FIRST,"[""[\""tryg\"",\""reise\"",\""ordinary\"",\""tryg-reise\"",\""2026-09-20-canonical\""]"", ""[\""tryg\"",\""reise\"",\""ordinary\"",\""tryg-reise-ekstra\"",\""2026-09-20-canonical\""]"", ""[\""tryg\"",\""reise\"",\""ordinary\"",\""tryg-reise-premium\"",\""2026-09-20-canonical\""]""]","[""Reise""]","First test exact reuse or source-bound provider-specific detail within an existing parent. A new key is allowed only if subject, trigger, unit, period or optionality would otherwise be lost or falsely equated.","Do not merge different event/subject/period/level merely to fill both sides. Existing type keys are candidates, not approved synonym mappings.","[""B-184""]","[""ff4f39823117baaf""]","[""GAP-4476""]",existing-type-registries.json#Reise,"[""subject"", ""trigger"", ""unit"", ""period"", ""limit_basis"", ""conditions"", ""level"", ""optionality"", ""provider/type/scope/version"", ""source""]","[{""finding_id"": ""GAP-4476"", ""source_fact_id"": ""SF-6455"", ""artifact"": ""catalog/sources/tryg/reise/canonical/PRF46001-Reise-Reise-Ekstra.pdf"", ""location"": ""s6§5.2""}]",Listed signature IDs → p1-triage.csv → frozen gap/source-fact inventory; batch evidence in triage.json,PENDING_REVIEW,REQUIRED_BEFORE_IMPLEMENTATION
CR-381,Forsinkelse / avgang,"[""reise.forsinkelse.rute""]",Proposed key/type/detail relationship needs explicit validation,MAPPING_REVIEW_FIRST,"[""[\""storebrand\"",\""reise\"",\""ordinary\"",\""storebrand-reise-standard\"",\""2026-09-20-canonical\""]""]","[""Reise""]","First test exact reuse or source-bound provider-specific detail within an existing parent. A new key is allowed only if subject, trigger, unit, period or optionality would otherwise be lost or falsely equated.","Do not merge different event/subject/period/level merely to fill both sides. Existing type keys are candidates, not approved synonym mappings.","[""B-021""]","[""a20572d9ec59ed5e""]","[""GAP-1057""]",existing-type-registries.json#Reise,"[""subject"", ""trigger"", ""unit"", ""period"", ""limit_basis"", ""conditions"", ""level"", ""optionality"", ""provider/type/scope/version"", ""source""]","[{""finding_id"": ""GAP-1057"", ""source_fact_id"": ""SF-1627"", ""artifact"": ""catalog/sources/storebrand/reise/canonical/reise10-vilkar-reiseforsikring.pdf"", ""location"": ""PDF fysisk side 8,9, B.3.1.2""}]",Listed signature IDs → p1-triage.csv → frozen gap/source-fact inventory; batch evidence in triage.json,PENDING_REVIEW,REQUIRED_BEFORE_IMPLEMENTATION
CR-382,Forsinket avgang / limits,"[""reise.forsinkelse.rute""]",Proposed key/type/detail relationship needs explicit validation,MAPPING_REVIEW_FIRST,"[""[\""fremtind\"",\""reise\"",\""ordinary\"",\""fremtind-reise\"",\""PRE-450.200-015\""]""]","[""Reise""]","First test exact reuse or source-bound provider-specific detail within an existing parent. A new key is allowed only if subject, trigger, unit, period or optionality would otherwise be lost or falsely equated.","Do not merge different event/subject/period/level merely to fill both sides. Existing type keys are candidates, not approved synonym mappings.","[""B-017""]","[""8caf6fc009da76e7""]","[""GAP-5157""]",existing-type-registries.json#Reise,"[""subject"", ""trigger"", ""unit"", ""period"", ""limit_basis"", ""conditions"", ""level"", ""optionality"", ""provider/type/scope/version"", ""source""]","[{""finding_id"": ""GAP-5157"", ""source_fact_id"": ""SF-7385"", ""artifact"": ""catalog/sources/fremtind/reise/canonical/fremtind-reise-vilkar.pdf"", ""location"": ""§8.2 s5–6""}]",Listed signature IDs → p1-triage.csv → frozen gap/source-fact inventory; batch evidence in triage.json,PENDING_REVIEW,REQUIRED_BEFORE_IMPLEMENTATION
CR-383,Generelle reiseunntak / hendelser/utgift,[],No exact mapping approved in the audit,CANONICAL_REVIEW_FIRST,"[""[\""gjensidige\"",\""reise\"",\""ordinary\"",\""gjensidige-reise\"",\""2026-09-20-canonical\""]"", ""[\""gjensidige\"",\""reise\"",\""ordinary\"",\""gjensidige-reise-pluss\"",\""2026-09-20-canonical\""]""]","[""Reise""]","First test exact reuse or source-bound provider-specific detail within an existing parent. A new key is allowed only if subject, trigger, unit, period or optionality would otherwise be lost or falsely equated.","Do not merge different event/subject/period/level merely to fill both sides. Existing type keys are candidates, not approved synonym mappings.","[""B-135""]","[""e049770979b7274d""]","[""GAP-2197""]",existing-type-registries.json#Reise,"[""subject"", ""trigger"", ""unit"", ""period"", ""limit_basis"", ""conditions"", ""level"", ""optionality"", ""provider/type/scope/version"", ""source""]","[{""finding_id"": ""GAP-2197"", ""source_fact_id"": ""SF-3160"", ""artifact"": ""catalog/sources/gjensidige/reise/reise-alminnelige-vilkar.pdf"", ""location"": ""PDF 3""}]",Listed signature IDs → p1-triage.csv → frozen gap/source-fact inventory; batch evidence in triage.json,PENDING_REVIEW,REQUIRED_BEFORE_IMPLEMENTATION
CR-384,Generelle unntak / risk,[],No exact mapping approved in the audit,CANONICAL_REVIEW_FIRST,"[""[\""fremtind\"",\""reise\"",\""ordinary\"",\""fremtind-reise\"",\""PRE-450.200-015\""]""]","[""Reise""]","First test exact reuse or source-bound provider-specific detail within an existing parent. A new key is allowed only if subject, trigger, unit, period or optionality would otherwise be lost or falsely equated.","Do not merge different event/subject/period/level merely to fill both sides. Existing type keys are candidates, not approved synonym mappings.","[""B-105""]","[""450b3d6bcc7fd4e5""]","[""GAP-5147""]",existing-type-registries.json#Reise,"[""subject"", ""trigger"", ""unit"", ""period"", ""limit_basis"", ""conditions"", ""level"", ""optionality"", ""provider/type/scope/version"", ""source""]","[{""finding_id"": ""GAP-5147"", ""source_fact_id"": ""SF-7371"", ""artifact"": ""catalog/sources/fremtind/reise/canonical/fremtind-reise-vilkar.pdf"", ""location"": ""§4 s2""}]",Listed signature IDs → p1-triage.csv → frozen gap/source-fact inventory; batch evidence in triage.json,PENDING_REVIEW,REQUIRED_BEFORE_IMPLEMENTATION
CR-385,Generelleunntak / tap,[],No exact mapping approved in the audit,CANONICAL_REVIEW_FIRST,"[""[\""storebrand\"",\""reise\"",\""ordinary\"",\""storebrand-reise-standard\"",\""2026-09-20-canonical\""]"", ""[\""storebrand\"",\""reise\"",\""ordinary\"",\""storebrand-reise-super\"",\""2026-09-20-canonical\""]""]","[""Reise""]","First test exact reuse or source-bound provider-specific detail within an existing parent. A new key is allowed only if subject, trigger, unit, period or optionality would otherwise be lost or falsely equated.","Do not merge different event/subject/period/level merely to fill both sides. Existing type keys are candidates, not approved synonym mappings.","[""B-168""]","[""fc406b763fe467ad""]","[""GAP-1049""]",existing-type-registries.json#Reise,"[""subject"", ""trigger"", ""unit"", ""period"", ""limit_basis"", ""conditions"", ""level"", ""optionality"", ""provider/type/scope/version"", ""source""]","[{""finding_id"": ""GAP-1049"", ""source_fact_id"": ""SF-1618"", ""artifact"": ""catalog/sources/storebrand/reise/canonical/reise10-vilkar-reiseforsikring.pdf"", ""location"": ""PDF fysisk side 5, B.1.4–5""}]",Listed signature IDs → p1-triage.csv → frozen gap/source-fact inventory; batch evidence in triage.json,PENDING_REVIEW,REQUIRED_BEFORE_IMPLEMENTATION
CR-386,ID-tyveri / juridisk førstelinje,"[""reise.idtyveri.forstehjelp""]",Proposed key/type/detail relationship needs explicit validation,MAPPING_REVIEW_FIRST,"[""[\""if\"",\""reise\"",\""ordinary\"",\""if-reise-basis\"",\""2026-09-20-canonical\""]"", ""[\""if\"",\""reise\"",\""ordinary\"",\""if-reise-standard\"",\""2026-09-20-canonical\""]"", ""[\""if\"",\""reise\"",\""ordinary\"",\""if-reise-super\"",\""2026-09-20-canonical\""]""]","[""Reise""]","First test exact reuse or source-bound provider-specific detail within an existing parent. A new key is allowed only if subject, trigger, unit, period or optionality would otherwise be lost or falsely equated.","Do not merge different event/subject/period/level merely to fill both sides. Existing type keys are candidates, not approved synonym mappings.","[""B-149""]","[""8857a57756987b3a""]","[""GAP-3569""]",existing-type-registries.json#Reise,"[""subject"", ""trigger"", ""unit"", ""period"", ""limit_basis"", ""conditions"", ""level"", ""optionality"", ""provider/type/scope/version"", ""source""]","[{""finding_id"": ""GAP-3569"", ""source_fact_id"": ""SF-5110"", ""artifact"": ""catalog/sources/if/reise/canonical/Reiseforsikring-produktside.html"", ""location"": ""Tabell ID-tyveri""}]",Listed signature IDs → p1-triage.csv → frozen gap/source-fact inventory; batch evidence in triage.json,PENDING_REVIEW,REQUIRED_BEFORE_IMPLEMENTATION
CR-387,Innhenting etter sykdom / sum,[],No exact mapping approved in the audit,CANONICAL_REVIEW_FIRST,"[""[\""fremtind\"",\""reise\"",\""ordinary\"",\""fremtind-reise\"",\""PRE-450.200-015\""]""]","[""Reise""]","First test exact reuse or source-bound provider-specific detail within an existing parent. A new key is allowed only if subject, trigger, unit, period or optionality would otherwise be lost or falsely equated.","Do not merge different event/subject/period/level merely to fill both sides. Existing type keys are candidates, not approved synonym mappings.","[""B-105""]","[""b0160d97dce104bf""]","[""GAP-5161""]",existing-type-registries.json#Reise,"[""subject"", ""trigger"", ""unit"", ""period"", ""limit_basis"", ""conditions"", ""level"", ""optionality"", ""provider/type/scope/version"", ""source""]","[{""finding_id"": ""GAP-5161"", ""source_fact_id"": ""SF-7392"", ""artifact"": ""catalog/sources/fremtind/reise/canonical/fremtind-reise-vilkar.pdf"", ""location"": ""§10.1 s7""}]",Listed signature IDs → p1-triage.csv → frozen gap/source-fact inventory; batch evidence in triage.json,PENDING_REVIEW,REQUIRED_BEFORE_IMPLEMENTATION
CR-388,Krisehjelp / timer/tid,[],No exact mapping approved in the audit,CANONICAL_REVIEW_FIRST,"[""[\""storebrand\"",\""reise\"",\""ordinary\"",\""storebrand-reise-standard\"",\""2026-09-20-canonical\""]"", ""[\""storebrand\"",\""reise\"",\""ordinary\"",\""storebrand-reise-super\"",\""2026-09-20-canonical\""]""]","[""Reise""]","First test exact reuse or source-bound provider-specific detail within an existing parent. A new key is allowed only if subject, trigger, unit, period or optionality would otherwise be lost or falsely equated.","Do not merge different event/subject/period/level merely to fill both sides. Existing type keys are candidates, not approved synonym mappings.","[""B-168""]","[""052b5d9b1329f57e""]","[""GAP-1077""]",existing-type-registries.json#Reise,"[""subject"", ""trigger"", ""unit"", ""period"", ""limit_basis"", ""conditions"", ""level"", ""optionality"", ""provider/type/scope/version"", ""source""]","[{""finding_id"": ""GAP-1077"", ""source_fact_id"": ""SF-1652"", ""artifact"": ""catalog/sources/storebrand/reise/canonical/reise10-vilkar-reiseforsikring.pdf"", ""location"": ""PDF fysisk side 17, B.5.1.12""}]",Listed signature IDs → p1-triage.csv → frozen gap/source-fact inventory; batch evidence in triage.json,PENDING_REVIEW,REQUIRED_BEFORE_IMPLEMENTATION
CR-389,Leid transportmiddel / vilkår,"[""reise.leiebil.vilkar""]",Proposed key/type/detail relationship needs explicit validation,MAPPING_REVIEW_FIRST,"[""[\""if\"",\""reise\"",\""ordinary\"",\""if-reise-super\"",\""2026-09-20-canonical\""]""]","[""Reise""]","First test exact reuse or source-bound provider-specific detail within an existing parent. A new key is allowed only if subject, trigger, unit, period or optionality would otherwise be lost or falsely equated.","Do not merge different event/subject/period/level merely to fill both sides. Existing type keys are candidates, not approved synonym mappings.","[""B-149""]","[""c77a203800752ac0""]","[""GAP-3649""]",existing-type-registries.json#Reise,"[""subject"", ""trigger"", ""unit"", ""period"", ""limit_basis"", ""conditions"", ""level"", ""optionality"", ""provider/type/scope/version"", ""source""]","[{""finding_id"": ""GAP-3649"", ""source_fact_id"": ""SF-5238"", ""artifact"": ""catalog/sources/if/reise/canonical/Helars-reiseforsikring-vilkar.pdf"", ""location"": ""22 pkt10.1–2""}]",Listed signature IDs → p1-triage.csv → frozen gap/source-fact inventory; batch evidence in triage.json,PENDING_REVIEW,REQUIRED_BEFORE_IMPLEMENTATION
CR-390,Pass / gjenanskaffelse,"[""reise.pass""]",Proposed key/type/detail relationship needs explicit validation,MAPPING_REVIEW_FIRST,"[""[\""if\"",\""reise\"",\""ordinary\"",\""if-reise-standard\"",\""2026-09-20-canonical\""]"", ""[\""if\"",\""reise\"",\""ordinary\"",\""if-reise-super\"",\""2026-09-20-canonical\""]""]","[""Reise""]","First test exact reuse or source-bound provider-specific detail within an existing parent. A new key is allowed only if subject, trigger, unit, period or optionality would otherwise be lost or falsely equated.","Do not merge different event/subject/period/level merely to fill both sides. Existing type keys are candidates, not approved synonym mappings.","[""B-149""]","[""de03bd98e5b73003""]","[""GAP-3589""]",existing-type-registries.json#Reise,"[""subject"", ""trigger"", ""unit"", ""period"", ""limit_basis"", ""conditions"", ""level"", ""optionality"", ""provider/type/scope/version"", ""source""]","[{""finding_id"": ""GAP-3589"", ""source_fact_id"": ""SF-5147"", ""artifact"": ""catalog/sources/if/reise/canonical/Helars-reiseforsikring-vilkar.pdf"", ""location"": ""10 pkt4.2.8""}]",Listed signature IDs → p1-triage.csv → frozen gap/source-fact inventory; batch evidence in triage.json,PENDING_REVIEW,REQUIRED_BEFORE_IMPLEMENTATION
CR-391,Psykolog / sum,[],No exact mapping approved in the audit,CANONICAL_REVIEW_FIRST,"[""[\""fremtind\"",\""reise\"",\""ordinary\"",\""fremtind-reise\"",\""PRE-450.200-015\""]""]","[""Reise""]","First test exact reuse or source-bound provider-specific detail within an existing parent. A new key is allowed only if subject, trigger, unit, period or optionality would otherwise be lost or falsely equated.","Do not merge different event/subject/period/level merely to fill both sides. Existing type keys are candidates, not approved synonym mappings.","[""B-105""]","[""03b852efbdbeba16""]","[""GAP-5160""]",existing-type-registries.json#Reise,"[""subject"", ""trigger"", ""unit"", ""period"", ""limit_basis"", ""conditions"", ""level"", ""optionality"", ""provider/type/scope/version"", ""source""]","[{""finding_id"": ""GAP-5160"", ""source_fact_id"": ""SF-7390"", ""artifact"": ""catalog/sources/fremtind/reise/canonical/fremtind-reise-vilkar.pdf"", ""location"": ""§10.1 s7""}]",Listed signature IDs → p1-triage.csv → frozen gap/source-fact inventory; batch evidence in triage.json,PENDING_REVIEW,REQUIRED_BEFORE_IMPLEMENTATION
CR-392,Psykologisk førstehjelp / timer/vilkår,"[""reise.psykologisk_forstehjelp""]",Proposed key/type/detail relationship needs explicit validation,MAPPING_REVIEW_FIRST,"[""[\""if\"",\""reise\"",\""ordinary\"",\""if-reise-basis\"",\""2026-09-20-canonical\""]"", ""[\""if\"",\""reise\"",\""ordinary\"",\""if-reise-standard\"",\""2026-09-20-canonical\""]"", ""[\""if\"",\""reise\"",\""ordinary\"",\""if-reise-super\"",\""2026-09-20-canonical\""]""]","[""Reise""]","First test exact reuse or source-bound provider-specific detail within an existing parent. A new key is allowed only if subject, trigger, unit, period or optionality would otherwise be lost or falsely equated.","Do not merge different event/subject/period/level merely to fill both sides. Existing type keys are candidates, not approved synonym mappings.","[""B-149""]","[""ed37cd45556d7a01""]","[""GAP-3561""]",existing-type-registries.json#Reise,"[""subject"", ""trigger"", ""unit"", ""period"", ""limit_basis"", ""conditions"", ""level"", ""optionality"", ""provider/type/scope/version"", ""source""]","[{""finding_id"": ""GAP-3561"", ""source_fact_id"": ""SF-5095"", ""artifact"": ""catalog/sources/if/reise/canonical/Helars-reiseforsikring-vilkar.pdf"", ""location"": ""15 pkt5.2.10""}]",Listed signature IDs → p1-triage.csv → frozen gap/source-fact inventory; batch evidence in triage.json,PENDING_REVIEW,REQUIRED_BEFORE_IMPLEMENTATION
CR-393,Reise / tegning/alder,[],No exact mapping approved in the audit,CANONICAL_REVIEW_FIRST,"[""[\""gjensidige\"",\""reise\"",\""ordinary\"",\""gjensidige-reise\"",\""2026-09-20-canonical\""]"", ""[\""gjensidige\"",\""reise\"",\""ordinary\"",\""gjensidige-reise-pluss\"",\""2026-09-20-canonical\""]""]","[""Reise""]","First test exact reuse or source-bound provider-specific detail within an existing parent. A new key is allowed only if subject, trigger, unit, period or optionality would otherwise be lost or falsely equated.","Do not merge different event/subject/period/level merely to fill both sides. Existing type keys are candidates, not approved synonym mappings.","[""B-135""]","[""e8b7fd34c9fb4c80""]","[""GAP-2234""]",existing-type-registries.json#Reise,"[""subject"", ""trigger"", ""unit"", ""period"", ""limit_basis"", ""conditions"", ""level"", ""optionality"", ""provider/type/scope/version"", ""source""]","[{""finding_id"": ""GAP-2234"", ""source_fact_id"": ""SF-3218"", ""artifact"": ""catalog/sources/gjensidige/reise/produktside.html"", ""location"": ""HTML lines 200–208""}]",Listed signature IDs → p1-triage.csv → frozen gap/source-fact inventory; batch evidence in triage.json,PENDING_REVIEW,REQUIRED_BEFORE_IMPLEMENTATION
CR-394,Reise med eller uten overnatting / generelt overnattingskrav,"[""reise.omrade.verden"", ""reise.overnatting""]",Proposed key/type/detail relationship needs explicit validation,MAPPING_REVIEW_FIRST,"[""[\""storebrand\"",\""reise\"",\""ordinary\"",\""storebrand-reise-standard\"",\""2026-09-20-canonical\""]""]","[""Reise""]","First test exact reuse or source-bound provider-specific detail within an existing parent. A new key is allowed only if subject, trigger, unit, period or optionality would otherwise be lost or falsely equated.","Do not merge different event/subject/period/level merely to fill both sides. Existing type keys are candidates, not approved synonym mappings.","[""B-019""]","[""0def48b35239d8dc""]","[""GAP-1642""]",existing-type-registries.json#Reise,"[""subject"", ""trigger"", ""unit"", ""period"", ""limit_basis"", ""conditions"", ""level"", ""optionality"", ""provider/type/scope/version"", ""source""]","[{""finding_id"": ""GAP-1642"", ""source_fact_id"": ""SF-2412"", ""artifact"": ""catalog/sources/storebrand/reise/canonical/Reiseforsikring-produktside.html"", ""location"": ""HTMLFAQ Når gjelder reiseforsikringen?""}]",Listed signature IDs → p1-triage.csv → frozen gap/source-fact inventory; batch evidence in triage.json,PENDING_REVIEW,REQUIRED_BEFORE_IMPLEMENTATION
CR-395,Reisedager / ekstra,"[""reise.varighet.utvidelse""]",Proposed key/type/detail relationship needs explicit validation,MAPPING_REVIEW_FIRST,"[""[\""if\"",\""reise\"",\""ordinary\"",\""if-reise-basis\"",\""2026-09-20-canonical\""]"", ""[\""if\"",\""reise\"",\""ordinary\"",\""if-reise-standard\"",\""2026-09-20-canonical\""]"", ""[\""if\"",\""reise\"",\""ordinary\"",\""if-reise-super\"",\""2026-09-20-canonical\""]""]","[""Reise""]","First test exact reuse or source-bound provider-specific detail within an existing parent. A new key is allowed only if subject, trigger, unit, period or optionality would otherwise be lost or falsely equated.","Do not merge different event/subject/period/level merely to fill both sides. Existing type keys are candidates, not approved synonym mappings.","[""B-149""]","[""50d70cb3058f25b0""]","[""GAP-3550""]",existing-type-registries.json#Reise,"[""subject"", ""trigger"", ""unit"", ""period"", ""limit_basis"", ""conditions"", ""level"", ""optionality"", ""provider/type/scope/version"", ""source""]","[{""finding_id"": ""GAP-3550"", ""source_fact_id"": ""SF-5080"", ""artifact"": ""catalog/sources/if/reise/canonical/Reiseforsikring-produktside.html"", ""location"": ""FAQ varighet""}]",Listed signature IDs → p1-triage.csv → frozen gap/source-fact inventory; batch evidence in triage.json,PENDING_REVIEW,REQUIRED_BEFORE_IMPLEMENTATION
CR-396,Reisegods / excluded_objects,[],No exact mapping approved in the audit,CANONICAL_REVIEW_FIRST,"[""[\""fremtind\"",\""reise\"",\""ordinary\"",\""fremtind-reise\"",\""PRE-450.200-015\""]""]","[""Reise""]","First test exact reuse or source-bound provider-specific detail within an existing parent. A new key is allowed only if subject, trigger, unit, period or optionality would otherwise be lost or falsely equated.","Do not merge different event/subject/period/level merely to fill both sides. Existing type keys are candidates, not approved synonym mappings.","[""B-105""]","[""48a55c8b9fe116da""]","[""GAP-5151""]",existing-type-registries.json#Reise,"[""subject"", ""trigger"", ""unit"", ""period"", ""limit_basis"", ""conditions"", ""level"", ""optionality"", ""provider/type/scope/version"", ""source""]","[{""finding_id"": ""GAP-5151"", ""source_fact_id"": ""SF-7375"", ""artifact"": ""catalog/sources/fremtind/reise/canonical/fremtind-reise-vilkar.pdf"", ""location"": ""§7.1 s3""}]",Listed signature IDs → p1-triage.csv → frozen gap/source-fact inventory; batch evidence in triage.json,PENDING_REVIEW,REQUIRED_BEFORE_IMPLEMENTATION
CR-397,Reisegods / sublimits,[],No exact mapping approved in the audit,CANONICAL_REVIEW_FIRST,"[""[\""fremtind\"",\""reise\"",\""ordinary\"",\""fremtind-reise\"",\""PRE-450.200-015\""]""]","[""Reise""]","First test exact reuse or source-bound provider-specific detail within an existing parent. A new key is allowed only if subject, trigger, unit, period or optionality would otherwise be lost or falsely equated.","Do not merge different event/subject/period/level merely to fill both sides. Existing type keys are candidates, not approved synonym mappings.","[""B-105""]","[""db71383e9113315a""]","[""GAP-5149""]",existing-type-registries.json#Reise,"[""subject"", ""trigger"", ""unit"", ""period"", ""limit_basis"", ""conditions"", ""level"", ""optionality"", ""provider/type/scope/version"", ""source""]","[{""finding_id"": ""GAP-5149"", ""source_fact_id"": ""SF-7373"", ""artifact"": ""catalog/sources/fremtind/reise/canonical/fremtind-reise-vilkar.pdf"", ""location"": ""§7.1 s3""}]",Listed signature IDs → p1-triage.csv → frozen gap/source-fact inventory; batch evidence in triage.json,PENDING_REVIEW,REQUIRED_BEFORE_IMPLEMENTATION
CR-398,Reisegods / tingunntak,"[""reise.bagasje.unntak""]",Proposed key/type/detail relationship needs explicit validation,MAPPING_REVIEW_FIRST,"[""[\""if\"",\""reise\"",\""ordinary\"",\""if-reise-standard\"",\""2026-09-20-canonical\""]"", ""[\""if\"",\""reise\"",\""ordinary\"",\""if-reise-super\"",\""2026-09-20-canonical\""]""]","[""Reise""]","First test exact reuse or source-bound provider-specific detail within an existing parent. A new key is allowed only if subject, trigger, unit, period or optionality would otherwise be lost or falsely equated.","Do not merge different event/subject/period/level merely to fill both sides. Existing type keys are candidates, not approved synonym mappings.","[""B-149""]","[""7ae23cbd02e6592e""]","[""GAP-3584""]",existing-type-registries.json#Reise,"[""subject"", ""trigger"", ""unit"", ""period"", ""limit_basis"", ""conditions"", ""level"", ""optionality"", ""provider/type/scope/version"", ""source""]","[{""finding_id"": ""GAP-3584"", ""source_fact_id"": ""SF-5140"", ""artifact"": ""catalog/sources/if/reise/canonical/Helars-reiseforsikring-vilkar.pdf"", ""location"": ""11–12 pkt4.5.1""}]",Listed signature IDs → p1-triage.csv → frozen gap/source-fact inventory; batch evidence in triage.json,PENDING_REVIEW,REQUIRED_BEFORE_IMPLEMENTATION
CR-399,Reisestart / avtaletid,[],No exact mapping approved in the audit,CANONICAL_REVIEW_FIRST,"[""[\""gjensidige\"",\""reise\"",\""ordinary\"",\""gjensidige-reise\"",\""2026-09-20-canonical\""]"", ""[\""gjensidige\"",\""reise\"",\""ordinary\"",\""gjensidige-reise-pluss\"",\""2026-09-20-canonical\""]""]","[""Reise""]","First test exact reuse or source-bound provider-specific detail within an existing parent. A new key is allowed only if subject, trigger, unit, period or optionality would otherwise be lost or falsely equated.","Do not merge different event/subject/period/level merely to fill both sides. Existing type keys are candidates, not approved synonym mappings.","[""B-135""]","[""f646db6eed3e170d""]","[""GAP-2196""]",existing-type-registries.json#Reise,"[""subject"", ""trigger"", ""unit"", ""period"", ""limit_basis"", ""conditions"", ""level"", ""optionality"", ""provider/type/scope/version"", ""source""]","[{""finding_id"": ""GAP-2196"", ""source_fact_id"": ""SF-3157"", ""artifact"": ""catalog/sources/gjensidige/reise/reise-alminnelige-vilkar.pdf"", ""location"": ""PDF 3""}]",Listed signature IDs → p1-triage.csv → frozen gap/source-fact inventory; batch evidence in triage.json,PENDING_REVIEW,REQUIRED_BEFORE_IMPLEMENTATION
CR-400,Reisesyke / reiseutsettelse,[],No exact mapping approved in the audit,CANONICAL_REVIEW_FIRST,"[""[\""storebrand\"",\""reise\"",\""ordinary\"",\""storebrand-reise-standard\"",\""2026-09-20-canonical\""]"", ""[\""storebrand\"",\""reise\"",\""ordinary\"",\""storebrand-reise-super\"",\""2026-09-20-canonical\""]""]","[""Reise""]","First test exact reuse or source-bound provider-specific detail within an existing parent. A new key is allowed only if subject, trigger, unit, period or optionality would otherwise be lost or falsely equated.","Do not merge different event/subject/period/level merely to fill both sides. Existing type keys are candidates, not approved synonym mappings.","[""B-168""]","[""8fe65e91ce42dd25""]","[""GAP-1068""]",existing-type-registries.json#Reise,"[""subject"", ""trigger"", ""unit"", ""period"", ""limit_basis"", ""conditions"", ""level"", ""optionality"", ""provider/type/scope/version"", ""source""]","[{""finding_id"": ""GAP-1068"", ""source_fact_id"": ""SF-1643"", ""artifact"": ""catalog/sources/storebrand/reise/canonical/reise10-vilkar-reiseforsikring.pdf"", ""location"": ""PDF fysisk side 15,19, B.5.1.3/B.5.3""}]",Listed signature IDs → p1-triage.csv → frozen gap/source-fact inventory; batch evidence in triage.json,PENDING_REVIEW,REQUIRED_BEFORE_IMPLEMENTATION
CR-401,Returreise / sum/tid,[],No exact mapping approved in the audit,CANONICAL_REVIEW_FIRST,"[""[\""gjensidige\"",\""reise\"",\""ordinary\"",\""gjensidige-reise\"",\""2026-09-20-canonical\""]"", ""[\""gjensidige\"",\""reise\"",\""ordinary\"",\""gjensidige-reise-pluss\"",\""2026-09-20-canonical\""]""]","[""Reise""]","First test exact reuse or source-bound provider-specific detail within an existing parent. A new key is allowed only if subject, trigger, unit, period or optionality would otherwise be lost or falsely equated.","Do not merge different event/subject/period/level merely to fill both sides. Existing type keys are candidates, not approved synonym mappings.","[""B-135""]","[""a31a4424b9f403b8""]","[""GAP-2208""]",existing-type-registries.json#Reise,"[""subject"", ""trigger"", ""unit"", ""period"", ""limit_basis"", ""conditions"", ""level"", ""optionality"", ""provider/type/scope/version"", ""source""]","[{""finding_id"": ""GAP-2208"", ""source_fact_id"": ""SF-3174"", ""artifact"": ""catalog/sources/gjensidige/reise/reise-alminnelige-vilkar.pdf"", ""location"": ""PDF 1,5""}]",Listed signature IDs → p1-triage.csv → frozen gap/source-fact inventory; batch evidence in triage.json,PENDING_REVIEW,REQUIRED_BEFORE_IMPLEMENTATION
CR-402,Skadeinsekter / vilkår/unntak,[],No exact mapping approved in the audit,CANONICAL_REVIEW_FIRST,"[""[\""storebrand\"",\""reise\"",\""ordinary\"",\""storebrand-reise-standard\"",\""2026-09-20-canonical\""]"", ""[\""storebrand\"",\""reise\"",\""ordinary\"",\""storebrand-reise-super\"",\""2026-09-20-canonical\""]""]","[""Reise""]","First test exact reuse or source-bound provider-specific detail within an existing parent. A new key is allowed only if subject, trigger, unit, period or optionality would otherwise be lost or falsely equated.","Do not merge different event/subject/period/level merely to fill both sides. Existing type keys are candidates, not approved synonym mappings.","[""B-168""]","[""3732c8c4b7626112""]","[""GAP-1088""]",existing-type-registries.json#Reise,"[""subject"", ""trigger"", ""unit"", ""period"", ""limit_basis"", ""conditions"", ""level"", ""optionality"", ""provider/type/scope/version"", ""source""]","[{""finding_id"": ""GAP-1088"", ""source_fact_id"": ""SF-1665"", ""artifact"": ""catalog/sources/storebrand/reise/canonical/reise10-vilkar-reiseforsikring.pdf"", ""location"": ""PDF fysisk side 24, B.8""}]",Listed signature IDs → p1-triage.csv → frozen gap/source-fact inventory; batch evidence in triage.json,PENDING_REVIEW,REQUIRED_BEFORE_IMPLEMENTATION
CR-403,Sykdom / behandlingsperiode,"[""reise.medisinsk.behandlingsperiode""]",Proposed key/type/detail relationship needs explicit validation,MAPPING_REVIEW_FIRST,"[""[\""if\"",\""reise\"",\""ordinary\"",\""if-reise-basis\"",\""2026-09-20-canonical\""]"", ""[\""if\"",\""reise\"",\""ordinary\"",\""if-reise-standard\"",\""2026-09-20-canonical\""]"", ""[\""if\"",\""reise\"",\""ordinary\"",\""if-reise-super\"",\""2026-09-20-canonical\""]""]","[""Reise""]","First test exact reuse or source-bound provider-specific detail within an existing parent. A new key is allowed only if subject, trigger, unit, period or optionality would otherwise be lost or falsely equated.","Do not merge different event/subject/period/level merely to fill both sides. Existing type keys are candidates, not approved synonym mappings.","[""B-149""]","[""5c077e38898a7c98""]","[""GAP-3563""]",existing-type-registries.json#Reise,"[""subject"", ""trigger"", ""unit"", ""period"", ""limit_basis"", ""conditions"", ""level"", ""optionality"", ""provider/type/scope/version"", ""source""]","[{""finding_id"": ""GAP-3563"", ""source_fact_id"": ""SF-5097"", ""artifact"": ""catalog/sources/if/reise/canonical/Helars-reiseforsikring-vilkar.pdf"", ""location"": ""16 pkt5.4.3""}]",Listed signature IDs → p1-triage.csv → frozen gap/source-fact inventory; batch evidence in triage.json,PENDING_REVIEW,REQUIRED_BEFORE_IMPLEMENTATION
CR-404,Sykdom / unntak,"[""reise.medisinsk.unntak""]",Proposed key/type/detail relationship needs explicit validation,MAPPING_REVIEW_FIRST,"[""[\""if\"",\""reise\"",\""ordinary\"",\""if-reise-basis\"",\""2026-09-20-canonical\""]"", ""[\""if\"",\""reise\"",\""ordinary\"",\""if-reise-standard\"",\""2026-09-20-canonical\""]"", ""[\""if\"",\""reise\"",\""ordinary\"",\""if-reise-super\"",\""2026-09-20-canonical\""]""]","[""Reise""]","First test exact reuse or source-bound provider-specific detail within an existing parent. A new key is allowed only if subject, trigger, unit, period or optionality would otherwise be lost or falsely equated.","Do not merge different event/subject/period/level merely to fill both sides. Existing type keys are candidates, not approved synonym mappings.","[""B-149""]","[""9b7a2ea97f30d150""]","[""GAP-3562""]",existing-type-registries.json#Reise,"[""subject"", ""trigger"", ""unit"", ""period"", ""limit_basis"", ""conditions"", ""level"", ""optionality"", ""provider/type/scope/version"", ""source""]","[{""finding_id"": ""GAP-3562"", ""source_fact_id"": ""SF-5096"", ""artifact"": ""catalog/sources/if/reise/canonical/Helars-reiseforsikring-vilkar.pdf"", ""location"": ""15–16 pkt5.3""}]",Listed signature IDs → p1-triage.csv → frozen gap/source-fact inventory; batch evidence in triage.json,PENDING_REVIEW,REQUIRED_BEFORE_IMPLEMENTATION
CR-405,Tapt turisttjeneste / sykdomstak,"[""reise.medisinsk.turisttjeneste""]",Proposed key/type/detail relationship needs explicit validation,MAPPING_REVIEW_FIRST,"[""[\""if\"",\""reise\"",\""ordinary\"",\""if-reise-basis\"",\""2026-09-20-canonical\""]"", ""[\""if\"",\""reise\"",\""ordinary\"",\""if-reise-standard\"",\""2026-09-20-canonical\""]"", ""[\""if\"",\""reise\"",\""ordinary\"",\""if-reise-super\"",\""2026-09-20-canonical\""]""]","[""Reise""]","First test exact reuse or source-bound provider-specific detail within an existing parent. A new key is allowed only if subject, trigger, unit, period or optionality would otherwise be lost or falsely equated.","Do not merge different event/subject/period/level merely to fill both sides. Existing type keys are candidates, not approved synonym mappings.","[""B-149""]","[""a1492ff0c90dd7d3""]","[""GAP-3559""]",existing-type-registries.json#Reise,"[""subject"", ""trigger"", ""unit"", ""period"", ""limit_basis"", ""conditions"", ""level"", ""optionality"", ""provider/type/scope/version"", ""source""]","[{""finding_id"": ""GAP-3559"", ""source_fact_id"": ""SF-5093"", ""artifact"": ""catalog/sources/if/reise/canonical/Helars-reiseforsikring-vilkar.pdf"", ""location"": ""15 pkt5.2.8""}]",Listed signature IDs → p1-triage.csv → frozen gap/source-fact inventory; batch evidence in triage.json,PENDING_REVIEW,REQUIRED_BEFORE_IMPLEMENTATION
CR-406,Telefon / sykdomssum,[],No exact mapping approved in the audit,CANONICAL_REVIEW_FIRST,"[""[\""gjensidige\"",\""reise\"",\""ordinary\"",\""gjensidige-reise\"",\""2026-09-20-canonical\""]"", ""[\""gjensidige\"",\""reise\"",\""ordinary\"",\""gjensidige-reise-pluss\"",\""2026-09-20-canonical\""]""]","[""Reise""]","First test exact reuse or source-bound provider-specific detail within an existing parent. A new key is allowed only if subject, trigger, unit, period or optionality would otherwise be lost or falsely equated.","Do not merge different event/subject/period/level merely to fill both sides. Existing type keys are candidates, not approved synonym mappings.","[""B-135""]","[""5b4a5b3229d43529""]","[""GAP-2203""]",existing-type-registries.json#Reise,"[""subject"", ""trigger"", ""unit"", ""period"", ""limit_basis"", ""conditions"", ""level"", ""optionality"", ""provider/type/scope/version"", ""source""]","[{""finding_id"": ""GAP-2203"", ""source_fact_id"": ""SF-3169"", ""artifact"": ""catalog/sources/gjensidige/reise/reise-alminnelige-vilkar.pdf"", ""location"": ""PDF 1""}]",Listed signature IDs → p1-triage.csv → frozen gap/source-fact inventory; batch evidence in triage.json,PENDING_REVIEW,REQUIRED_BEFORE_IMPLEMENTATION
CR-407,Tilkallelse / personer,"[""reise.tilkallelse""]",Proposed key/type/detail relationship needs explicit validation,MAPPING_REVIEW_FIRST,"[""[\""if\"",\""reise\"",\""ordinary\"",\""if-reise-basis\"",\""2026-09-20-canonical\""]"", ""[\""if\"",\""reise\"",\""ordinary\"",\""if-reise-standard\"",\""2026-09-20-canonical\""]"", ""[\""if\"",\""reise\"",\""ordinary\"",\""if-reise-super\"",\""2026-09-20-canonical\""]""]","[""Reise""]","First test exact reuse or source-bound provider-specific detail within an existing parent. A new key is allowed only if subject, trigger, unit, period or optionality would otherwise be lost or falsely equated.","Do not merge different event/subject/period/level merely to fill both sides. Existing type keys are candidates, not approved synonym mappings.","[""B-149""]","[""c3bd0fe200262439""]","[""GAP-3556""]",existing-type-registries.json#Reise,"[""subject"", ""trigger"", ""unit"", ""period"", ""limit_basis"", ""conditions"", ""level"", ""optionality"", ""provider/type/scope/version"", ""source""]","[{""finding_id"": ""GAP-3556"", ""source_fact_id"": ""SF-5090"", ""artifact"": ""catalog/sources/if/reise/canonical/Helars-reiseforsikring-vilkar.pdf"", ""location"": ""14 pkt5.2.3""}]",Listed signature IDs → p1-triage.csv → frozen gap/source-fact inventory; batch evidence in triage.json,PENDING_REVIEW,REQUIRED_BEFORE_IMPLEMENTATION
CR-408,Ulykke / oppgjør,[],No exact mapping approved in the audit,CANONICAL_REVIEW_FIRST,"[""[\""storebrand\"",\""reise\"",\""ordinary\"",\""storebrand-reise-standard\"",\""2026-09-20-canonical\""]"", ""[\""storebrand\"",\""reise\"",\""ordinary\"",\""storebrand-reise-super\"",\""2026-09-20-canonical\""]""]","[""Reise""]","First test exact reuse or source-bound provider-specific detail within an existing parent. A new key is allowed only if subject, trigger, unit, period or optionality would otherwise be lost or falsely equated.","Do not merge different event/subject/period/level merely to fill both sides. Existing type keys are candidates, not approved synonym mappings.","[""B-168""]","[""9e826db1921fb507""]","[""GAP-1084""]",existing-type-registries.json#Reise,"[""subject"", ""trigger"", ""unit"", ""period"", ""limit_basis"", ""conditions"", ""level"", ""optionality"", ""provider/type/scope/version"", ""source""]","[{""finding_id"": ""GAP-1084"", ""source_fact_id"": ""SF-1661"", ""artifact"": ""catalog/sources/storebrand/reise/canonical/reise10-vilkar-reiseforsikring.pdf"", ""location"": ""PDF fysisk side 22, B.6.5""}]",Listed signature IDs → p1-triage.csv → frozen gap/source-fact inventory; batch evidence in triage.json,PENDING_REVIEW,REQUIRED_BEFORE_IMPLEMENTATION
CR-409,Ulykke / other_exclusions,[],No exact mapping approved in the audit,CANONICAL_REVIEW_FIRST,"[""[\""fremtind\"",\""reise\"",\""ordinary\"",\""fremtind-reise\"",\""PRE-450.200-015\""]""]","[""Reise""]","First test exact reuse or source-bound provider-specific detail within an existing parent. A new key is allowed only if subject, trigger, unit, period or optionality would otherwise be lost or falsely equated.","Do not merge different event/subject/period/level merely to fill both sides. Existing type keys are candidates, not approved synonym mappings.","[""B-105""]","[""966bd552a60c101a""]","[""GAP-5170""]",existing-type-registries.json#Reise,"[""subject"", ""trigger"", ""unit"", ""period"", ""limit_basis"", ""conditions"", ""level"", ""optionality"", ""provider/type/scope/version"", ""source""]","[{""finding_id"": ""GAP-5170"", ""source_fact_id"": ""SF-7402"", ""artifact"": ""catalog/sources/fremtind/reise/canonical/fremtind-reise-vilkar.pdf"", ""location"": ""§11.1 s9–10""}]",Listed signature IDs → p1-triage.csv → frozen gap/source-fact inventory; batch evidence in triage.json,PENDING_REVIEW,REQUIRED_BEFORE_IMPLEMENTATION
CR-410,Utflukt / sykdom,[],No exact mapping approved in the audit,CANONICAL_REVIEW_FIRST,"[""[\""storebrand\"",\""reise\"",\""ordinary\"",\""storebrand-reise-standard\"",\""2026-09-20-canonical\""]"", ""[\""storebrand\"",\""reise\"",\""ordinary\"",\""storebrand-reise-super\"",\""2026-09-20-canonical\""]""]","[""Reise""]","First test exact reuse or source-bound provider-specific detail within an existing parent. A new key is allowed only if subject, trigger, unit, period or optionality would otherwise be lost or falsely equated.","Do not merge different event/subject/period/level merely to fill both sides. Existing type keys are candidates, not approved synonym mappings.","[""B-168""]","[""9aeca9feb44a1c6a""]","[""GAP-1075""]",existing-type-registries.json#Reise,"[""subject"", ""trigger"", ""unit"", ""period"", ""limit_basis"", ""conditions"", ""level"", ""optionality"", ""provider/type/scope/version"", ""source""]","[{""finding_id"": ""GAP-1075"", ""source_fact_id"": ""SF-1650"", ""artifact"": ""catalog/sources/storebrand/reise/canonical/reise10-vilkar-reiseforsikring.pdf"", ""location"": ""PDF fysisk side 17, B.5.1.10""}]",Listed signature IDs → p1-triage.csv → frozen gap/source-fact inventory; batch evidence in triage.json,PENDING_REVIEW,REQUIRED_BEFORE_IMPLEMENTATION
CR-411,Utstyrsleie / sum/vilkår,[],No exact mapping approved in the audit,CANONICAL_REVIEW_FIRST,"[""[\""storebrand\"",\""reise\"",\""ordinary\"",\""storebrand-reise-super\"",\""2026-09-20-canonical\""]""]","[""Reise""]","First test exact reuse or source-bound provider-specific detail within an existing parent. A new key is allowed only if subject, trigger, unit, period or optionality would otherwise be lost or falsely equated.","Do not merge different event/subject/period/level merely to fill both sides. Existing type keys are candidates, not approved synonym mappings.","[""B-168""]","[""413747e5b28e8dc2""]","[""GAP-1143""]",existing-type-registries.json#Reise,"[""subject"", ""trigger"", ""unit"", ""period"", ""limit_basis"", ""conditions"", ""level"", ""optionality"", ""provider/type/scope/version"", ""source""]","[{""finding_id"": ""GAP-1143"", ""source_fact_id"": ""SF-1734"", ""artifact"": ""catalog/sources/storebrand/reise/canonical/reise10-vilkar-reiseforsikring.pdf"", ""location"": ""PDF fysisk side 26, C.1.2.2""}]",Listed signature IDs → p1-triage.csv → frozen gap/source-fact inventory; batch evidence in triage.json,PENDING_REVIEW,REQUIRED_BEFORE_IMPLEMENTATION
CR-412,Alarm / deductible,[],No exact mapping approved in the audit,CANONICAL_REVIEW_FIRST,"[""[\""eika-fremtind\"",\""snøscooter\"",\""ordinary\"",\""eika-fremtind-snoscooter-kasko\"",\""2023-10-29\""]"", ""[\""eika-fremtind\"",\""snøscooter\"",\""ordinary\"",\""eika-fremtind-snoscooter-minikasko\"",\""2023-10-29\""]""]","[""Snøscooter""]","First test exact reuse or source-bound provider-specific detail within an existing parent. A new key is allowed only if subject, trigger, unit, period or optionality would otherwise be lost or falsely equated.","Do not merge different event/subject/period/level merely to fill both sides. Existing type keys are candidates, not approved synonym mappings.","[""B-099""]","[""f120e20e419f7db2""]","[""GAP-5280""]",existing-type-registries.json#Snøscooter,"[""subject"", ""trigger"", ""unit"", ""period"", ""limit_basis"", ""conditions"", ""level"", ""optionality"", ""provider/type/scope/version"", ""source""]","[{""finding_id"": ""GAP-5280"", ""source_fact_id"": ""SF-7534"", ""artifact"": ""catalog/sources/vehicle-extensions/fremtind-Vilkar_Kasko_Snoscooter.pdf"", ""location"": ""Mini§4.1s7snø/s8MC""}]",Listed signature IDs → p1-triage.csv → frozen gap/source-fact inventory; batch evidence in triage.json,PENDING_REVIEW,REQUIRED_BEFORE_IMPLEMENTATION
CR-413,Aldersfradrag / utstyr/dekk,[],No exact mapping approved in the audit,CANONICAL_REVIEW_FIRST,"[""[\""storebrand\"",\""snøscooter\"",\""ordinary\"",\""storebrand-snoscooter-delkasko\"",\""2025-04-01\""]"", ""[\""storebrand\"",\""snøscooter\"",\""ordinary\"",\""storebrand-snoscooter-kasko\"",\""2025-04-01\""]""]","[""Snøscooter""]","First test exact reuse or source-bound provider-specific detail within an existing parent. A new key is allowed only if subject, trigger, unit, period or optionality would otherwise be lost or falsely equated.","Do not merge different event/subject/period/level merely to fill both sides. Existing type keys are candidates, not approved synonym mappings.","[""B-170""]","[""ebaa6a742df9046f""]","[""GAP-0491""]",existing-type-registries.json#Snøscooter,"[""subject"", ""trigger"", ""unit"", ""period"", ""limit_basis"", ""conditions"", ""level"", ""optionality"", ""provider/type/scope/version"", ""source""]","[{""finding_id"": ""GAP-0491"", ""source_fact_id"": ""SF-0845"", ""artifact"": ""catalog/sources/vehicle-extensions/storebrand-vilkar-motorvognforsikring.pdf"", ""location"": ""PDF fysisk side8 (trykt7), 5""}]",Listed signature IDs → p1-triage.csv → frozen gap/source-fact inventory; batch evidence in triage.json,PENDING_REVIEW,REQUIRED_BEFORE_IMPLEMENTATION
CR-414,Ansvar / limits,"[""snoscooter.ansvar.dekning"", ""snoscooter.ansvar.person.grense"", ""snoscooter.ansvar.ting.grense""]",Proposed key/type/detail relationship needs explicit validation,MAPPING_REVIEW_FIRST,"[""[\""eika-fremtind\"",\""snøscooter\"",\""ordinary\"",\""eika-fremtind-snoscooter-ansvar\"",\""2023-10-29\""]"", ""[\""eika-fremtind\"",\""snøscooter\"",\""ordinary\"",\""eika-fremtind-snoscooter-kasko\"",\""2023-10-29\""]"", ""[\""eika-fremtind\"",\""snøscooter\"",\""ordinary\"",\""eika-fremtind-snoscooter-minikasko\"",\""2023-10-29\""]""]","[""Snøscooter""]","First test exact reuse or source-bound provider-specific detail within an existing parent. A new key is allowed only if subject, trigger, unit, period or optionality would otherwise be lost or falsely equated.","Do not merge different event/subject/period/level merely to fill both sides. Existing type keys are candidates, not approved synonym mappings.","[""B-098""]","[""0ed47ccd22d6a78c""]","[""GAP-5262""]",existing-type-registries.json#Snøscooter,"[""subject"", ""trigger"", ""unit"", ""period"", ""limit_basis"", ""conditions"", ""level"", ""optionality"", ""provider/type/scope/version"", ""source""]","[{""finding_id"": ""GAP-5262"", ""source_fact_id"": ""SF-7512"", ""artifact"": ""catalog/sources/vehicle-extensions/fremtind-Vilkar_Kasko_Snoscooter.pdf"", ""location"": ""FMO001§1–2s1–2snø/s2–3MC""}]",Listed signature IDs → p1-triage.csv → frozen gap/source-fact inventory; batch evidence in triage.json,PENDING_REVIEW,REQUIRED_BEFORE_IMPLEMENTATION
CR-415,Bagasje / ordinær grense og hendelser,"[""snoscooter.bagasje.grense""]",Proposed key/type/detail relationship needs explicit validation,MAPPING_REVIEW_FIRST,"[""[\""storebrand\"",\""snøscooter\"",\""ordinary\"",\""storebrand-snoscooter-delkasko\"",\""2025-04-01\""]"", ""[\""storebrand\"",\""snøscooter\"",\""ordinary\"",\""storebrand-snoscooter-kasko\"",\""2025-04-01\""]""]","[""Snøscooter""]","First test exact reuse or source-bound provider-specific detail within an existing parent. A new key is allowed only if subject, trigger, unit, period or optionality would otherwise be lost or falsely equated.","Do not merge different event/subject/period/level merely to fill both sides. Existing type keys are candidates, not approved synonym mappings.","[""B-169""]","[""2234493bc87c290e""]","[""GAP-5697""]",existing-type-registries.json#Snøscooter,"[""subject"", ""trigger"", ""unit"", ""period"", ""limit_basis"", ""conditions"", ""level"", ""optionality"", ""provider/type/scope/version"", ""source""]","[{""finding_id"": ""GAP-5697"", ""source_fact_id"": ""SF-8058"", ""artifact"": ""catalog/sources/storebrand/vilkar-motorvognforsikring-motor09.pdf"", ""location"": ""s1 felles anvendelse; s3–4/7 tabeller; §6.4.6s17""}]",Listed signature IDs → p1-triage.csv → frozen gap/source-fact inventory; batch evidence in triage.json,PENDING_REVIEW,REQUIRED_BEFORE_IMPLEMENTATION
CR-416,Bane/utmark / unntak,[],No exact mapping approved in the audit,CANONICAL_REVIEW_FIRST,"[""[\""gjensidige\"",\""snøscooter\"",\""ordinary\"",\""gjensidige-snoscooter-ansvar\"",null]"", ""[\""gjensidige\"",\""snøscooter\"",\""ordinary\"",\""gjensidige-snoscooter-delkasko\"",null]"", ""[\""gjensidige\"",\""snøscooter\"",\""ordinary\"",\""gjensidige-snoscooter-kasko\"",null]""]","[""Snøscooter""]","First test exact reuse or source-bound provider-specific detail within an existing parent. A new key is allowed only if subject, trigger, unit, period or optionality would otherwise be lost or falsely equated.","Do not merge different event/subject/period/level merely to fill both sides. Existing type keys are candidates, not approved synonym mappings.","[""B-136""]","[""fc23e7f6d23f7559""]","[""GAP-2562""]",existing-type-registries.json#Snøscooter,"[""subject"", ""trigger"", ""unit"", ""period"", ""limit_basis"", ""conditions"", ""level"", ""optionality"", ""provider/type/scope/version"", ""source""]","[{""finding_id"": ""GAP-2562"", ""source_fact_id"": ""SF-3661"", ""artifact"": ""catalog/sources/vehicle-extensions/gjensidige-snoscooter-ansvar-alminnelige-vilkar.pdf"", ""location"": ""PDF2""}]",Listed signature IDs → p1-triage.csv → frozen gap/source-fact inventory; batch evidence in triage.json,PENDING_REVIEW,REQUIRED_BEFORE_IMPLEMENTATION
CR-417,Bruk / utleie/næring,[],No exact mapping approved in the audit,CANONICAL_REVIEW_FIRST,"[""[\""storebrand\"",\""snøscooter\"",\""ordinary\"",\""storebrand-snoscooter-delkasko\"",\""2025-04-01\""]"", ""[\""storebrand\"",\""snøscooter\"",\""ordinary\"",\""storebrand-snoscooter-kasko\"",\""2025-04-01\""]""]","[""Snøscooter""]","First test exact reuse or source-bound provider-specific detail within an existing parent. A new key is allowed only if subject, trigger, unit, period or optionality would otherwise be lost or falsely equated.","Do not merge different event/subject/period/level merely to fill both sides. Existing type keys are candidates, not approved synonym mappings.","[""B-170""]","[""b6d511df7239df2a""]","[""GAP-0496""]",existing-type-registries.json#Snøscooter,"[""subject"", ""trigger"", ""unit"", ""period"", ""limit_basis"", ""conditions"", ""level"", ""optionality"", ""provider/type/scope/version"", ""source""]","[{""finding_id"": ""GAP-0496"", ""source_fact_id"": ""SF-0850"", ""artifact"": ""catalog/sources/vehicle-extensions/storebrand-vilkar-motorvognforsikring.pdf"", ""location"": ""PDF fysisk side20 (trykt19), 8/17–18""}]",Listed signature IDs → p1-triage.csv → frozen gap/source-fact inventory; batch evidence in triage.json,PENDING_REVIEW,REQUIRED_BEFORE_IMPLEMENTATION
CR-418,Bruksbegrensninger / aktivitet,[],No exact mapping approved in the audit,CANONICAL_REVIEW_FIRST,"[""[\""frende\"",\""snøscooter\"",\""ordinary\"",\""frende-snoscooter-ansvar\"",\""2026-01-01\""]"", ""[\""frende\"",\""snøscooter\"",\""ordinary\"",\""frende-snoscooter-brann-og-tyveri\"",\""2026-01-01\""]"", ""[\""frende\"",\""snøscooter\"",\""ordinary\"",\""frende-snoscooter-kasko\"",\""2026-01-01\""]""]","[""Snøscooter""]","First test exact reuse or source-bound provider-specific detail within an existing parent. A new key is allowed only if subject, trigger, unit, period or optionality would otherwise be lost or falsely equated.","Do not merge different event/subject/period/level merely to fill both sides. Existing type keys are candidates, not approved synonym mappings.","[""B-119""]","[""c4a9ec823a2d1f31""]","[""GAP-1648""]",existing-type-registries.json#Snøscooter,"[""subject"", ""trigger"", ""unit"", ""period"", ""limit_basis"", ""conditions"", ""level"", ""optionality"", ""provider/type/scope/version"", ""source""]","[{""finding_id"": ""GAP-1648"", ""source_fact_id"": ""SF-2419"", ""artifact"": ""catalog/sources/vehicle-extensions/frende-SnowmobileInsurance.pdf"", ""location"": ""PDF 13–14 §16""}]",Listed signature IDs → p1-triage.csv → frozen gap/source-fact inventory; batch evidence in triage.json,PENDING_REVIEW,REQUIRED_BEFORE_IMPLEMENTATION
CR-419,Egenandel / dyr/ung fører,[],No exact mapping approved in the audit,CANONICAL_REVIEW_FIRST,"[""[\""frende\"",\""snøscooter\"",\""ordinary\"",\""frende-snoscooter-kasko\"",\""2026-01-01\""]""]","[""Snøscooter""]","First test exact reuse or source-bound provider-specific detail within an existing parent. A new key is allowed only if subject, trigger, unit, period or optionality would otherwise be lost or falsely equated.","Do not merge different event/subject/period/level merely to fill both sides. Existing type keys are candidates, not approved synonym mappings.","[""B-119""]","[""80830b033cddb1a2""]","[""GAP-1715""]",existing-type-registries.json#Snøscooter,"[""subject"", ""trigger"", ""unit"", ""period"", ""limit_basis"", ""conditions"", ""level"", ""optionality"", ""provider/type/scope/version"", ""source""]","[{""finding_id"": ""GAP-1715"", ""source_fact_id"": ""SF-2495"", ""artifact"": ""catalog/sources/vehicle-extensions/frende-SnowmobileInsurance.pdf"", ""location"": ""PDF9 §11.11""}]",Listed signature IDs → p1-triage.csv → frozen gap/source-fact inventory; batch evidence in triage.json,PENDING_REVIEW,REQUIRED_BEFORE_IMPLEMENTATION
CR-420,Egenandel / ungfører,[],No exact mapping approved in the audit,CANONICAL_REVIEW_FIRST,"[""[\""storebrand\"",\""snøscooter\"",\""ordinary\"",\""storebrand-snoscooter-ansvar\"",\""2025-04-01\""]"", ""[\""storebrand\"",\""snøscooter\"",\""ordinary\"",\""storebrand-snoscooter-delkasko\"",\""2025-04-01\""]"", ""[\""storebrand\"",\""snøscooter\"",\""ordinary\"",\""storebrand-snoscooter-kasko\"",\""2025-04-01\""]""]","[""Snøscooter""]","First test exact reuse or source-bound provider-specific detail within an existing parent. A new key is allowed only if subject, trigger, unit, period or optionality would otherwise be lost or falsely equated.","Do not merge different event/subject/period/level merely to fill both sides. Existing type keys are candidates, not approved synonym mappings.","[""B-170""]","[""8c943007acc4275b""]","[""GAP-0470""]",existing-type-registries.json#Snøscooter,"[""subject"", ""trigger"", ""unit"", ""period"", ""limit_basis"", ""conditions"", ""level"", ""optionality"", ""provider/type/scope/version"", ""source""]","[{""finding_id"": ""GAP-0470"", ""source_fact_id"": ""SF-0820"", ""artifact"": ""catalog/sources/vehicle-extensions/storebrand-vilkar-motorvognforsikring.pdf"", ""location"": ""PDF fysisk side21 (trykt20), 9.1""}]",Listed signature IDs → p1-triage.csv → frozen gap/source-fact inventory; batch evidence in triage.json,PENDING_REVIEW,REQUIRED_BEFORE_IMPLEMENTATION
CR-421,Feilfylling / limits,[],No exact mapping approved in the audit,CANONICAL_REVIEW_FIRST,"[""[\""eika-fremtind\"",\""snøscooter\"",\""ordinary\"",\""eika-fremtind-snoscooter-kasko\"",\""2023-10-29\""]"", ""[\""eika-fremtind\"",\""snøscooter\"",\""ordinary\"",\""eika-fremtind-snoscooter-minikasko\"",\""2023-10-29\""]""]","[""Snøscooter""]","First test exact reuse or source-bound provider-specific detail within an existing parent. A new key is allowed only if subject, trigger, unit, period or optionality would otherwise be lost or falsely equated.","Do not merge different event/subject/period/level merely to fill both sides. Existing type keys are candidates, not approved synonym mappings.","[""B-099""]","[""a362e6d0dbffa8fe""]","[""GAP-5277""]",existing-type-registries.json#Snøscooter,"[""subject"", ""trigger"", ""unit"", ""period"", ""limit_basis"", ""conditions"", ""level"", ""optionality"", ""provider/type/scope/version"", ""source""]","[{""finding_id"": ""GAP-5277"", ""source_fact_id"": ""SF-7531"", ""artifact"": ""catalog/sources/vehicle-extensions/fremtind-Vilkar_Kasko_Snoscooter.pdf"", ""location"": ""Mini§2.4.2s5snø/s6MC;IPID""}]",Listed signature IDs → p1-triage.csv → frozen gap/source-fact inventory; batch evidence in triage.json,PENDING_REVIEW,REQUIRED_BEFORE_IMPLEMENTATION
CR-422,Fysisk skade / unntak,[],No exact mapping approved in the audit,CANONICAL_REVIEW_FIRST,"[""[\""gjensidige\"",\""snøscooter\"",\""ordinary\"",\""gjensidige-snoscooter-delkasko\"",null]"", ""[\""gjensidige\"",\""snøscooter\"",\""ordinary\"",\""gjensidige-snoscooter-kasko\"",null]""]","[""Snøscooter""]","First test exact reuse or source-bound provider-specific detail within an existing parent. A new key is allowed only if subject, trigger, unit, period or optionality would otherwise be lost or falsely equated.","Do not merge different event/subject/period/level merely to fill both sides. Existing type keys are candidates, not approved synonym mappings.","[""B-136""]","[""b81550168d90b37d""]","[""GAP-2590""]",existing-type-registries.json#Snøscooter,"[""subject"", ""trigger"", ""unit"", ""period"", ""limit_basis"", ""conditions"", ""level"", ""optionality"", ""provider/type/scope/version"", ""source""]","[{""finding_id"": ""GAP-2590"", ""source_fact_id"": ""SF-3692"", ""artifact"": ""catalog/sources/vehicle-extensions/gjensidige-Snoscooter-Delkasko-alminnelige-vilkar.pdf"", ""location"": ""PDF3""}]",Listed signature IDs → p1-triage.csv → frozen gap/source-fact inventory; batch evidence in triage.json,PENDING_REVIEW,REQUIRED_BEFORE_IMPLEMENTATION
CR-423,Fører/passasjer / personkrets og sum,"[""snoscooter.ulykke.dekning"", ""snoscooter.ulykke.invaliditet"", ""snoscooter.ulykke.dod""]",Proposed key/type/detail relationship needs explicit validation,MAPPING_REVIEW_FIRST,"[""[\""if\"",\""snøscooter\"",\""ordinary\"",\""if-snoscooter-ansvar\"",\""2024-03\""]"", ""[\""if\"",\""snøscooter\"",\""ordinary\"",\""if-snoscooter-delkasko\"",\""2024-03\""]"", ""[\""if\"",\""snøscooter\"",\""ordinary\"",\""if-snoscooter-kasko\"",\""2024-03\""]""]","[""Snøscooter""]","First test exact reuse or source-bound provider-specific detail within an existing parent. A new key is allowed only if subject, trigger, unit, period or optionality would otherwise be lost or falsely equated.","Do not merge different event/subject/period/level merely to fill both sides. Existing type keys are candidates, not approved synonym mappings.","[""B-150""]","[""656737de163592f0""]","[""GAP-3162""]",existing-type-registries.json#Snøscooter,"[""subject"", ""trigger"", ""unit"", ""period"", ""limit_basis"", ""conditions"", ""level"", ""optionality"", ""provider/type/scope/version"", ""source""]","[{""finding_id"": ""GAP-3162"", ""source_fact_id"": ""SF-4471"", ""artifact"": ""catalog/sources/vehicle-extensions/if-Vilkaar-4103ea25.pdf"", ""location"": ""21–22 pkt11.2–11.5""}]",Listed signature IDs → p1-triage.csv → frozen gap/source-fact inventory; batch evidence in triage.json,PENDING_REVIEW,REQUIRED_BEFORE_IMPLEMENTATION
CR-424,Fører/passasjerulykke / sum og vilkår ved valg,"[""snoscooter.ulykke.dod"", ""snoscooter.ulykke.invaliditet""]",Proposed key/type/detail relationship needs explicit validation,MAPPING_REVIEW_FIRST,"[""[\""frende\"",\""snøscooter\"",\""ordinary\"",\""frende-snoscooter-ansvar\"",\""2026-01-01\""]"", ""[\""frende\"",\""snøscooter\"",\""ordinary\"",\""frende-snoscooter-brann-og-tyveri\"",\""2026-01-01\""]"", ""[\""frende\"",\""snøscooter\"",\""ordinary\"",\""frende-snoscooter-kasko\"",\""2026-01-01\""]""]","[""Snøscooter""]","First test exact reuse or source-bound provider-specific detail within an existing parent. A new key is allowed only if subject, trigger, unit, period or optionality would otherwise be lost or falsely equated.","Do not merge different event/subject/period/level merely to fill both sides. Existing type keys are candidates, not approved synonym mappings.","[""B-118""]","[""a2990bad851df30d""]","[""GAP-1652""]",existing-type-registries.json#Snøscooter,"[""subject"", ""trigger"", ""unit"", ""period"", ""limit_basis"", ""conditions"", ""level"", ""optionality"", ""provider/type/scope/version"", ""source""]","[{""finding_id"": ""GAP-1652"", ""source_fact_id"": ""SF-2424"", ""artifact"": ""catalog/sources/vehicle-extensions/frende-SnowmobileInsurance.pdf"", ""location"": ""PDF10–11 §12.2–3""}]",Listed signature IDs → p1-triage.csv → frozen gap/source-fact inventory; batch evidence in triage.json,PENDING_REVIEW,REQUIRED_BEFORE_IMPLEMENTATION
CR-425,Fører/passasjerulykke / unntak ved valg,[],No exact mapping approved in the audit,CANONICAL_REVIEW_FIRST,"[""[\""frende\"",\""snøscooter\"",\""ordinary\"",\""frende-snoscooter-ansvar\"",\""2026-01-01\""]"", ""[\""frende\"",\""snøscooter\"",\""ordinary\"",\""frende-snoscooter-brann-og-tyveri\"",\""2026-01-01\""]"", ""[\""frende\"",\""snøscooter\"",\""ordinary\"",\""frende-snoscooter-kasko\"",\""2026-01-01\""]""]","[""Snøscooter""]","First test exact reuse or source-bound provider-specific detail within an existing parent. A new key is allowed only if subject, trigger, unit, period or optionality would otherwise be lost or falsely equated.","Do not merge different event/subject/period/level merely to fill both sides. Existing type keys are candidates, not approved synonym mappings.","[""B-119""]","[""25f6ad10499b5ef7""]","[""GAP-1653""]",existing-type-registries.json#Snøscooter,"[""subject"", ""trigger"", ""unit"", ""period"", ""limit_basis"", ""conditions"", ""level"", ""optionality"", ""provider/type/scope/version"", ""source""]","[{""finding_id"": ""GAP-1653"", ""source_fact_id"": ""SF-2425"", ""artifact"": ""catalog/sources/vehicle-extensions/frende-SnowmobileInsurance.pdf"", ""location"": ""PDF10–11 §12.1/12.4""}]",Listed signature IDs → p1-triage.csv → frozen gap/source-fact inventory; batch evidence in triage.json,PENDING_REVIEW,REQUIRED_BEFORE_IMPLEMENTATION
CR-426,Generelle unntak / bane/is/trim,[],No exact mapping approved in the audit,CANONICAL_REVIEW_FIRST,"[""[\""storebrand\"",\""snøscooter\"",\""ordinary\"",\""storebrand-snoscooter-delkasko\"",\""2025-04-01\""]"", ""[\""storebrand\"",\""snøscooter\"",\""ordinary\"",\""storebrand-snoscooter-kasko\"",\""2025-04-01\""]""]","[""Snøscooter""]","First test exact reuse or source-bound provider-specific detail within an existing parent. A new key is allowed only if subject, trigger, unit, period or optionality would otherwise be lost or falsely equated.","Do not merge different event/subject/period/level merely to fill both sides. Existing type keys are candidates, not approved synonym mappings.","[""B-170""]","[""84b5ec6ecc6b51fa""]","[""GAP-0495""]",existing-type-registries.json#Snøscooter,"[""subject"", ""trigger"", ""unit"", ""period"", ""limit_basis"", ""conditions"", ""level"", ""optionality"", ""provider/type/scope/version"", ""source""]","[{""finding_id"": ""GAP-0495"", ""source_fact_id"": ""SF-0849"", ""artifact"": ""catalog/sources/vehicle-extensions/storebrand-vilkar-motorvognforsikring.pdf"", ""location"": ""PDF fysisk side20 (trykt19), 8""}]",Listed signature IDs → p1-triage.csv → frozen gap/source-fact inventory; batch evidence in triage.json,PENDING_REVIEW,REQUIRED_BEFORE_IMPLEMENTATION
CR-427,Kjøreutstyr / objekter/sikring,"[""snoscooter.kjoreutstyr.dekning""]",Proposed key/type/detail relationship needs explicit validation,MAPPING_REVIEW_FIRST,"[""[\""frende\"",\""snøscooter\"",\""ordinary\"",\""frende-snoscooter-brann-og-tyveri\"",\""2026-01-01\""]"", ""[\""frende\"",\""snøscooter\"",\""ordinary\"",\""frende-snoscooter-kasko\"",\""2026-01-01\""]""]","[""Snøscooter""]","First test exact reuse or source-bound provider-specific detail within an existing parent. A new key is allowed only if subject, trigger, unit, period or optionality would otherwise be lost or falsely equated.","Do not merge different event/subject/period/level merely to fill both sides. Existing type keys are candidates, not approved synonym mappings.","[""B-118""]","[""85a789547e5260fa""]","[""GAP-1681""]",existing-type-registries.json#Snøscooter,"[""subject"", ""trigger"", ""unit"", ""period"", ""limit_basis"", ""conditions"", ""level"", ""optionality"", ""provider/type/scope/version"", ""source""]","[{""finding_id"": ""GAP-1681"", ""source_fact_id"": ""SF-2457"", ""artifact"": ""catalog/sources/vehicle-extensions/frende-SnowmobileInsurance.pdf"", ""location"": ""PDF2 §3.5 / PDF15 §18.2.9""}]",Listed signature IDs → p1-triage.csv → frozen gap/source-fact inventory; batch evidence in triage.json,PENDING_REVIEW,REQUIRED_BEFORE_IMPLEMENTATION
CR-428,Kjøreutstyr / omfang,"[""snoscooter.kjoreutstyr.dekning""]",Proposed key/type/detail relationship needs explicit validation,MAPPING_REVIEW_FIRST,"[""[\""if\"",\""snøscooter\"",\""ordinary\"",\""if-snoscooter-delkasko\"",\""2024-03\""]"", ""[\""if\"",\""snøscooter\"",\""ordinary\"",\""if-snoscooter-kasko\"",\""2024-03\""]""]","[""Snøscooter""]","First test exact reuse or source-bound provider-specific detail within an existing parent. A new key is allowed only if subject, trigger, unit, period or optionality would otherwise be lost or falsely equated.","Do not merge different event/subject/period/level merely to fill both sides. Existing type keys are candidates, not approved synonym mappings.","[""B-150""]","[""129301ee576e4529""]","[""GAP-3191""]",existing-type-registries.json#Snøscooter,"[""subject"", ""trigger"", ""unit"", ""period"", ""limit_basis"", ""conditions"", ""level"", ""optionality"", ""provider/type/scope/version"", ""source""]","[{""finding_id"": ""GAP-3191"", ""source_fact_id"": ""SF-4506"", ""artifact"": ""catalog/sources/mc-bobil/if-SV692.pdf"", ""location"": ""1 pkt1""}]",Listed signature IDs → p1-triage.csv → frozen gap/source-fact inventory; batch evidence in triage.json,PENDING_REVIEW,REQUIRED_BEFORE_IMPLEMENTATION
CR-429,Løsøre / sum/tyveri,"[""snoscooter.bagasje.grense""]",Proposed key/type/detail relationship needs explicit validation,MAPPING_REVIEW_FIRST,"[""[\""frende\"",\""snøscooter\"",\""ordinary\"",\""frende-snoscooter-kasko\"",\""2026-01-01\""]""]","[""Snøscooter""]","First test exact reuse or source-bound provider-specific detail within an existing parent. A new key is allowed only if subject, trigger, unit, period or optionality would otherwise be lost or falsely equated.","Do not merge different event/subject/period/level merely to fill both sides. Existing type keys are candidates, not approved synonym mappings.","[""B-118""]","[""19f58de4e58aa21c""]","[""GAP-1714""]",existing-type-registries.json#Snøscooter,"[""subject"", ""trigger"", ""unit"", ""period"", ""limit_basis"", ""conditions"", ""level"", ""optionality"", ""provider/type/scope/version"", ""source""]","[{""finding_id"": ""GAP-1714"", ""source_fact_id"": ""SF-2494"", ""artifact"": ""catalog/sources/vehicle-extensions/frende-SnowmobileInsurance.pdf"", ""location"": ""PDF2 §3.9 / PDF3–4 §6.1.3""}]",Listed signature IDs → p1-triage.csv → frozen gap/source-fact inventory; batch evidence in triage.json,PENDING_REVIEW,REQUIRED_BEFORE_IMPLEMENTATION
CR-430,Nyverdi standard / alder/km/terskel,"[""snoscooter.nyverdi.dekning"", ""snoscooter.nyverdi.alder"", ""snoscooter.nyverdi.km"", ""snoscooter.nyverdi.skadegrad""]",Proposed key/type/detail relationship needs explicit validation,MAPPING_REVIEW_FIRST,"[""[\""if\"",\""snøscooter\"",\""ordinary\"",\""if-snoscooter-delkasko\"",\""2024-03\""]"", ""[\""if\"",\""snøscooter\"",\""ordinary\"",\""if-snoscooter-kasko\"",\""2024-03\""]""]","[""Snøscooter""]","First test exact reuse or source-bound provider-specific detail within an existing parent. A new key is allowed only if subject, trigger, unit, period or optionality would otherwise be lost or falsely equated.","Do not merge different event/subject/period/level merely to fill both sides. Existing type keys are candidates, not approved synonym mappings.","[""B-150""]","[""1002abf4c1395c4c""]","[""GAP-3186""]",existing-type-registries.json#Snøscooter,"[""subject"", ""trigger"", ""unit"", ""period"", ""limit_basis"", ""conditions"", ""level"", ""optionality"", ""provider/type/scope/version"", ""source""]","[{""finding_id"": ""GAP-3186"", ""source_fact_id"": ""SF-4500"", ""artifact"": ""catalog/sources/vehicle-extensions/if-Vilkaar-4103ea25.pdf"", ""location"": ""18 pkt8.4.2""}]",Listed signature IDs → p1-triage.csv → frozen gap/source-fact inventory; batch evidence in triage.json,PENDING_REVIEW,REQUIRED_BEFORE_IMPLEMENTATION
CR-431,Nyverdi standard / forutsetninger,"[""snoscooter.nyverdi.begrensning""]",Proposed key/type/detail relationship needs explicit validation,MAPPING_REVIEW_FIRST,"[""[\""if\"",\""snøscooter\"",\""ordinary\"",\""if-snoscooter-delkasko\"",\""2024-03\""]"", ""[\""if\"",\""snøscooter\"",\""ordinary\"",\""if-snoscooter-kasko\"",\""2024-03\""]""]","[""Snøscooter""]","First test exact reuse or source-bound provider-specific detail within an existing parent. A new key is allowed only if subject, trigger, unit, period or optionality would otherwise be lost or falsely equated.","Do not merge different event/subject/period/level merely to fill both sides. Existing type keys are candidates, not approved synonym mappings.","[""B-150""]","[""a7d4fe8a27f49c5e""]","[""GAP-3187""]",existing-type-registries.json#Snøscooter,"[""subject"", ""trigger"", ""unit"", ""period"", ""limit_basis"", ""conditions"", ""level"", ""optionality"", ""provider/type/scope/version"", ""source""]","[{""finding_id"": ""GAP-3187"", ""source_fact_id"": ""SF-4501"", ""artifact"": ""catalog/sources/vehicle-extensions/if-Vilkaar-4103ea25.pdf"", ""location"": ""18 pkt8.4.2""}]",Listed signature IDs → p1-triage.csv → frozen gap/source-fact inventory; batch evidence in triage.json,PENDING_REVIEW,REQUIRED_BEFORE_IMPLEMENTATION
CR-432,Oppgjør / kosmetikkMC/Scooter,[],No exact mapping approved in the audit,CANONICAL_REVIEW_FIRST,"[""[\""storebrand\"",\""snøscooter\"",\""ordinary\"",\""storebrand-snoscooter-delkasko\"",\""2025-04-01\""]"", ""[\""storebrand\"",\""snøscooter\"",\""ordinary\"",\""storebrand-snoscooter-kasko\"",\""2025-04-01\""]""]","[""Snøscooter""]","First test exact reuse or source-bound provider-specific detail within an existing parent. A new key is allowed only if subject, trigger, unit, period or optionality would otherwise be lost or falsely equated.","Do not merge different event/subject/period/level merely to fill both sides. Existing type keys are candidates, not approved synonym mappings.","[""B-170""]","[""cc94771b2f9c2e61""]","[""GAP-0499""]",existing-type-registries.json#Snøscooter,"[""subject"", ""trigger"", ""unit"", ""period"", ""limit_basis"", ""conditions"", ""level"", ""optionality"", ""provider/type/scope/version"", ""source""]","[{""finding_id"": ""GAP-0499"", ""source_fact_id"": ""SF-0854"", ""artifact"": ""catalog/sources/vehicle-extensions/storebrand-vilkar-motorvognforsikring.pdf"", ""location"": ""PDF fysisk side23 (trykt22), 10.2""}]",Listed signature IDs → p1-triage.csv → frozen gap/source-fact inventory; batch evidence in triage.json,PENDING_REVIEW,REQUIRED_BEFORE_IMPLEMENTATION
CR-433,Oppgjør / markedsverdi/tap,[],No exact mapping approved in the audit,CANONICAL_REVIEW_FIRST,"[""[\""frende\"",\""snøscooter\"",\""ordinary\"",\""frende-snoscooter-brann-og-tyveri\"",\""2026-01-01\""]"", ""[\""frende\"",\""snøscooter\"",\""ordinary\"",\""frende-snoscooter-kasko\"",\""2026-01-01\""]""]","[""Snøscooter""]","First test exact reuse or source-bound provider-specific detail within an existing parent. A new key is allowed only if subject, trigger, unit, period or optionality would otherwise be lost or falsely equated.","Do not merge different event/subject/period/level merely to fill both sides. Existing type keys are candidates, not approved synonym mappings.","[""B-119""]","[""7ecc4ac13539b85a""]","[""GAP-1671""]",existing-type-registries.json#Snøscooter,"[""subject"", ""trigger"", ""unit"", ""period"", ""limit_basis"", ""conditions"", ""level"", ""optionality"", ""provider/type/scope/version"", ""source""]","[{""finding_id"": ""GAP-1671"", ""source_fact_id"": ""SF-2446"", ""artifact"": ""catalog/sources/vehicle-extensions/frende-SnowmobileInsurance.pdf"", ""location"": ""PDF 7–8 §11.6""}]",Listed signature IDs → p1-triage.csv → frozen gap/source-fact inventory; batch evidence in triage.json,PENDING_REVIEW,REQUIRED_BEFORE_IMPLEMENTATION
CR-434,Redning kjøretøy / scope,"[""snoscooter.veihjelp.dekning"", ""snoscooter.veihjelp.egenandel""]",Proposed key/type/detail relationship needs explicit validation,MAPPING_REVIEW_FIRST,"[""[\""eika-fremtind\"",\""snøscooter\"",\""ordinary\"",\""eika-fremtind-snoscooter-kasko\"",\""2023-10-29\""]"", ""[\""eika-fremtind\"",\""snøscooter\"",\""ordinary\"",\""eika-fremtind-snoscooter-minikasko\"",\""2023-10-29\""]""]","[""Snøscooter""]","First test exact reuse or source-bound provider-specific detail within an existing parent. A new key is allowed only if subject, trigger, unit, period or optionality would otherwise be lost or falsely equated.","Do not merge different event/subject/period/level merely to fill both sides. Existing type keys are candidates, not approved synonym mappings.","[""B-098""]","[""d64982f158babd17""]","[""GAP-5276""]",existing-type-registries.json#Snøscooter,"[""subject"", ""trigger"", ""unit"", ""period"", ""limit_basis"", ""conditions"", ""level"", ""optionality"", ""provider/type/scope/version"", ""source""]","[{""finding_id"": ""GAP-5276"", ""source_fact_id"": ""SF-7530"", ""artifact"": ""catalog/sources/vehicle-extensions/fremtind-Vilkar_Kasko_Snoscooter.pdf"", ""location"": ""Mini§2.4.2s5/4.3s7snø/s6/8MC""}]",Listed signature IDs → p1-triage.csv → frozen gap/source-fact inventory; batch evidence in triage.json,PENDING_REVIEW,REQUIRED_BEFORE_IMPLEMENTATION
CR-435,Registrering / opphør/lagring,[],No exact mapping approved in the audit,CANONICAL_REVIEW_FIRST,"[""[\""gjensidige\"",\""snøscooter\"",\""ordinary\"",\""gjensidige-snoscooter-ansvar\"",null]"", ""[\""gjensidige\"",\""snøscooter\"",\""ordinary\"",\""gjensidige-snoscooter-delkasko\"",null]"", ""[\""gjensidige\"",\""snøscooter\"",\""ordinary\"",\""gjensidige-snoscooter-kasko\"",null]""]","[""Snøscooter""]","First test exact reuse or source-bound provider-specific detail within an existing parent. A new key is allowed only if subject, trigger, unit, period or optionality would otherwise be lost or falsely equated.","Do not merge different event/subject/period/level merely to fill both sides. Existing type keys are candidates, not approved synonym mappings.","[""B-136""]","[""4a4009eb439e30af""]","[""GAP-2561""]",existing-type-registries.json#Snøscooter,"[""subject"", ""trigger"", ""unit"", ""period"", ""limit_basis"", ""conditions"", ""level"", ""optionality"", ""provider/type/scope/version"", ""source""]","[{""finding_id"": ""GAP-2561"", ""source_fact_id"": ""SF-3660"", ""artifact"": ""catalog/sources/vehicle-extensions/gjensidige-snoscooter-ansvar-alminnelige-vilkar.pdf"", ""location"": ""1;websommer""}]",Listed signature IDs → p1-triage.csv → frozen gap/source-fact inventory; batch evidence in triage.json,PENDING_REVIEW,REQUIRED_BEFORE_IMPLEMENTATION
CR-436,Reparasjon / oppgjør,"[""snoscooter.reparasjon.kontant""]",Proposed key/type/detail relationship needs explicit validation,MAPPING_REVIEW_FIRST,"[""[\""tryg\"",\""snøscooter\"",\""ordinary\"",\""tryg-snoscooter-brann-og-tyveri\"",null]"", ""[\""tryg\"",\""snøscooter\"",\""ordinary\"",\""tryg-snoscooter-kasko\"",null]""]","[""Snøscooter""]","First test exact reuse or source-bound provider-specific detail within an existing parent. A new key is allowed only if subject, trigger, unit, period or optionality would otherwise be lost or falsely equated.","Do not merge different event/subject/period/level merely to fill both sides. Existing type keys are candidates, not approved synonym mappings.","[""B-185""]","[""eac51a55263b8230""]","[""GAP-4111""]",existing-type-registries.json#Snøscooter,"[""subject"", ""trigger"", ""unit"", ""period"", ""limit_basis"", ""conditions"", ""level"", ""optionality"", ""provider/type/scope/version"", ""source""]","[{""finding_id"": ""GAP-4111"", ""source_fact_id"": ""SF-5900"", ""artifact"": ""catalog/sources/vehicle-extensions/tryg-odpdf-0d60de94.pdf"", ""location"": ""§3.2""}]",Listed signature IDs → p1-triage.csv → frozen gap/source-fact inventory; batch evidence in triage.json,PENDING_REVIEW,REQUIRED_BEFORE_IMPLEMENTATION
CR-437,Rettshjelp / unntak,[],No exact mapping approved in the audit,CANONICAL_REVIEW_FIRST,"[""[\""storebrand\"",\""snøscooter\"",\""ordinary\"",\""storebrand-snoscooter-ansvar\"",\""2025-04-01\""]"", ""[\""storebrand\"",\""snøscooter\"",\""ordinary\"",\""storebrand-snoscooter-delkasko\"",\""2025-04-01\""]"", ""[\""storebrand\"",\""snøscooter\"",\""ordinary\"",\""storebrand-snoscooter-kasko\"",\""2025-04-01\""]""]","[""Snøscooter""]","First test exact reuse or source-bound provider-specific detail within an existing parent. A new key is allowed only if subject, trigger, unit, period or optionality would otherwise be lost or falsely equated.","Do not merge different event/subject/period/level merely to fill both sides. Existing type keys are candidates, not approved synonym mappings.","[""B-170""]","[""ec3ddd4cffef506f""]","[""GAP-0478""]",existing-type-registries.json#Snøscooter,"[""subject"", ""trigger"", ""unit"", ""period"", ""limit_basis"", ""conditions"", ""level"", ""optionality"", ""provider/type/scope/version"", ""source""]","[{""finding_id"": ""GAP-0478"", ""source_fact_id"": ""SF-0829"", ""artifact"": ""catalog/sources/vehicle-extensions/storebrand-vilkar-motorvognforsikring.pdf"", ""location"": ""PDF fysisk side31 (trykt30), 13.4,32""}]",Listed signature IDs → p1-triage.csv → frozen gap/source-fact inventory; batch evidence in triage.json,PENDING_REVIEW,REQUIRED_BEFORE_IMPLEMENTATION
CR-438,Tegning / MC/scooter,[],No exact mapping approved in the audit,CANONICAL_REVIEW_FIRST,"[""[\""storebrand\"",\""snøscooter\"",\""ordinary\"",\""storebrand-snoscooter-ansvar\"",\""2025-04-01\""]"", ""[\""storebrand\"",\""snøscooter\"",\""ordinary\"",\""storebrand-snoscooter-delkasko\"",\""2025-04-01\""]"", ""[\""storebrand\"",\""snøscooter\"",\""ordinary\"",\""storebrand-snoscooter-kasko\"",\""2025-04-01\""]""]","[""Snøscooter""]","First test exact reuse or source-bound provider-specific detail within an existing parent. A new key is allowed only if subject, trigger, unit, period or optionality would otherwise be lost or falsely equated.","Do not merge different event/subject/period/level merely to fill both sides. Existing type keys are candidates, not approved synonym mappings.","[""B-170""]","[""350bd8164239f04c""]","[""GAP-0479""]",existing-type-registries.json#Snøscooter,"[""subject"", ""trigger"", ""unit"", ""period"", ""limit_basis"", ""conditions"", ""level"", ""optionality"", ""provider/type/scope/version"", ""source""]","[{""finding_id"": ""GAP-0479"", ""source_fact_id"": ""SF-0831"", ""artifact"": ""catalog/sources/vehicle-extensions/storebrand-mc-forsikring.html"", ""location"": ""MCwebFAQ""}]",Listed signature IDs → p1-triage.csv → frozen gap/source-fact inventory; batch evidence in triage.json,PENDING_REVIEW,REQUIRED_BEFORE_IMPLEMENTATION
CR-439,Totalskade / marked,"[""snoscooter.totalskade.oppgjor"", ""snoscooter.avtale.forsikringssum""]",Proposed key/type/detail relationship needs explicit validation,MAPPING_REVIEW_FIRST,"[""[\""tryg\"",\""snøscooter\"",\""ordinary\"",\""tryg-snoscooter-brann-og-tyveri\"",null]"", ""[\""tryg\"",\""snøscooter\"",\""ordinary\"",\""tryg-snoscooter-kasko\"",null]""]","[""Snøscooter""]","First test exact reuse or source-bound provider-specific detail within an existing parent. A new key is allowed only if subject, trigger, unit, period or optionality would otherwise be lost or falsely equated.","Do not merge different event/subject/period/level merely to fill both sides. Existing type keys are candidates, not approved synonym mappings.","[""B-185""]","[""66607755d503d092""]","[""GAP-4113""]",existing-type-registries.json#Snøscooter,"[""subject"", ""trigger"", ""unit"", ""period"", ""limit_basis"", ""conditions"", ""level"", ""optionality"", ""provider/type/scope/version"", ""source""]","[{""finding_id"": ""GAP-4113"", ""source_fact_id"": ""SF-5902"", ""artifact"": ""catalog/sources/vehicle-extensions/tryg-odpdf-0d60de94.pdf"", ""location"": ""§3.3""}]",Listed signature IDs → p1-triage.csv → frozen gap/source-fact inventory; batch evidence in triage.json,PENDING_REVIEW,REQUIRED_BEFORE_IMPLEMENTATION
CR-440,Transport / Snøscootersærregel,[],No exact mapping approved in the audit,CANONICAL_REVIEW_FIRST,"[""[\""storebrand\"",\""snøscooter\"",\""ordinary\"",\""storebrand-snoscooter-delkasko\"",\""2025-04-01\""]"", ""[\""storebrand\"",\""snøscooter\"",\""ordinary\"",\""storebrand-snoscooter-kasko\"",\""2025-04-01\""]""]","[""Snøscooter""]","First test exact reuse or source-bound provider-specific detail within an existing parent. A new key is allowed only if subject, trigger, unit, period or optionality would otherwise be lost or falsely equated.","Do not merge different event/subject/period/level merely to fill both sides. Existing type keys are candidates, not approved synonym mappings.","[""B-170""]","[""7788013778b54399""]","[""GAP-0492""]",existing-type-registries.json#Snøscooter,"[""subject"", ""trigger"", ""unit"", ""period"", ""limit_basis"", ""conditions"", ""level"", ""optionality"", ""provider/type/scope/version"", ""source""]","[{""finding_id"": ""GAP-0492"", ""source_fact_id"": ""SF-0846"", ""artifact"": ""catalog/sources/vehicle-extensions/storebrand-vilkar-motorvognforsikring.pdf"", ""location"": ""PDF fysisk side11 (trykt10), 6.2.3/5""}]",Listed signature IDs → p1-triage.csv → frozen gap/source-fact inventory; batch evidence in triage.json,PENDING_REVIEW,REQUIRED_BEFORE_IMPLEMENTATION
CR-441,Tyverioppgjør / gjenanskaffelse,[],No exact mapping approved in the audit,CANONICAL_REVIEW_FIRST,"[""[\""frende\"",\""snøscooter\"",\""ordinary\"",\""frende-snoscooter-brann-og-tyveri\"",\""2026-01-01\""]"", ""[\""frende\"",\""snøscooter\"",\""ordinary\"",\""frende-snoscooter-kasko\"",\""2026-01-01\""]""]","[""Snøscooter""]","First test exact reuse or source-bound provider-specific detail within an existing parent. A new key is allowed only if subject, trigger, unit, period or optionality would otherwise be lost or falsely equated.","Do not merge different event/subject/period/level merely to fill both sides. Existing type keys are candidates, not approved synonym mappings.","[""B-119""]","[""92adaa47f30601be""]","[""GAP-1682""]",existing-type-registries.json#Snøscooter,"[""subject"", ""trigger"", ""unit"", ""period"", ""limit_basis"", ""conditions"", ""level"", ""optionality"", ""provider/type/scope/version"", ""source""]","[{""finding_id"": ""GAP-1682"", ""source_fact_id"": ""SF-2458"", ""artifact"": ""catalog/sources/vehicle-extensions/frende-SnowmobileInsurance.pdf"", ""location"": ""PDF8 §11.6""}]",Listed signature IDs → p1-triage.csv → frozen gap/source-fact inventory; batch evidence in triage.json,PENDING_REVIEW,REQUIRED_BEFORE_IMPLEMENTATION
CR-442,Tyverioppgjør / gjenanskaffelsesvilkår,[],No exact mapping approved in the audit,CANONICAL_REVIEW_FIRST,"[""[\""frende\"",\""snøscooter\"",\""ordinary\"",\""frende-snoscooter-brann-og-tyveri\"",\""2026-01-01\""]"", ""[\""frende\"",\""snøscooter\"",\""ordinary\"",\""frende-snoscooter-kasko\"",\""2026-01-01\""]""]","[""Snøscooter""]","First test exact reuse or source-bound provider-specific detail within an existing parent. A new key is allowed only if subject, trigger, unit, period or optionality would otherwise be lost or falsely equated.","Do not merge different event/subject/period/level merely to fill both sides. Existing type keys are candidates, not approved synonym mappings.","[""B-119""]","[""12bb14255eda520e""]","[""GAP-0104""]",existing-type-registries.json#Snøscooter,"[""subject"", ""trigger"", ""unit"", ""period"", ""limit_basis"", ""conditions"", ""level"", ""optionality"", ""provider/type/scope/version"", ""source""]","[{""finding_id"": ""GAP-0104"", ""source_fact_id"": ""SF-0177"", ""artifact"": ""catalog/sources/vehicle-extensions/frende-SnowmobileInsurance.pdf"", ""location"": ""PDF side 8, 11.6 Snøscooter""}]",Listed signature IDs → p1-triage.csv → frozen gap/source-fact inventory; batch evidence in triage.json,PENDING_REVIEW,REQUIRED_BEFORE_IMPLEMENTATION
CR-443,Ulykke / sums,"[""snoscooter.ulykke.dekning"", ""snoscooter.ulykke.invaliditet"", ""snoscooter.ulykke.dod""]",Proposed key/type/detail relationship needs explicit validation,MAPPING_REVIEW_FIRST,"[""[\""eika-fremtind\"",\""snøscooter\"",\""ordinary\"",\""eika-fremtind-snoscooter-ansvar\"",\""2023-10-29\""]"", ""[\""eika-fremtind\"",\""snøscooter\"",\""ordinary\"",\""eika-fremtind-snoscooter-kasko\"",\""2023-10-29\""]"", ""[\""eika-fremtind\"",\""snøscooter\"",\""ordinary\"",\""eika-fremtind-snoscooter-minikasko\"",\""2023-10-29\""]""]","[""Snøscooter""]","First test exact reuse or source-bound provider-specific detail within an existing parent. A new key is allowed only if subject, trigger, unit, period or optionality would otherwise be lost or falsely equated.","Do not merge different event/subject/period/level merely to fill both sides. Existing type keys are candidates, not approved synonym mappings.","[""B-098""]","[""ffcd15543d7b4cb6""]","[""GAP-5263""]",existing-type-registries.json#Snøscooter,"[""subject"", ""trigger"", ""unit"", ""period"", ""limit_basis"", ""conditions"", ""level"", ""optionality"", ""provider/type/scope/version"", ""source""]","[{""finding_id"": ""GAP-5263"", ""source_fact_id"": ""SF-7513"", ""artifact"": ""catalog/sources/vehicle-extensions/fremtind-Vilkar_Kasko_Snoscooter.pdf"", ""location"": ""FMO002§1–2s2snø/s3MC""}]",Listed signature IDs → p1-triage.csv → frozen gap/source-fact inventory; batch evidence in triage.json,PENDING_REVIEW,REQUIRED_BEFORE_IMPLEMENTATION
CR-444,Ulykke / unntak,[],No exact mapping approved in the audit,CANONICAL_REVIEW_FIRST,"[""[\""storebrand\"",\""snøscooter\"",\""ordinary\"",\""storebrand-snoscooter-ansvar\"",\""2025-04-01\""]"", ""[\""storebrand\"",\""snøscooter\"",\""ordinary\"",\""storebrand-snoscooter-delkasko\"",\""2025-04-01\""]"", ""[\""storebrand\"",\""snøscooter\"",\""ordinary\"",\""storebrand-snoscooter-kasko\"",\""2025-04-01\""]""]","[""Snøscooter""]","First test exact reuse or source-bound provider-specific detail within an existing parent. A new key is allowed only if subject, trigger, unit, period or optionality would otherwise be lost or falsely equated.","Do not merge different event/subject/period/level merely to fill both sides. Existing type keys are candidates, not approved synonym mappings.","[""B-170""]","[""78d7dd8cbfdb1817""]","[""GAP-0474""]",existing-type-registries.json#Snøscooter,"[""subject"", ""trigger"", ""unit"", ""period"", ""limit_basis"", ""conditions"", ""level"", ""optionality"", ""provider/type/scope/version"", ""source""]","[{""finding_id"": ""GAP-0474"", ""source_fact_id"": ""SF-0825"", ""artifact"": ""catalog/sources/vehicle-extensions/storebrand-vilkar-motorvognforsikring.pdf"", ""location"": ""PDF fysisk side28 (trykt27), 12.4""}]",Listed signature IDs → p1-triage.csv → frozen gap/source-fact inventory; batch evidence in triage.json,PENDING_REVIEW,REQUIRED_BEFORE_IMPLEMENTATION
CR-445,Ung fører / rabatt/egenandel,[],No exact mapping approved in the audit,CANONICAL_REVIEW_FIRST,"[""[\""gjensidige\"",\""snøscooter\"",\""ordinary\"",\""gjensidige-snoscooter-ansvar\"",null]"", ""[\""gjensidige\"",\""snøscooter\"",\""ordinary\"",\""gjensidige-snoscooter-delkasko\"",null]"", ""[\""gjensidige\"",\""snøscooter\"",\""ordinary\"",\""gjensidige-snoscooter-kasko\"",null]""]","[""Snøscooter""]","First test exact reuse or source-bound provider-specific detail within an existing parent. A new key is allowed only if subject, trigger, unit, period or optionality would otherwise be lost or falsely equated.","Do not merge different event/subject/period/level merely to fill both sides. Existing type keys are candidates, not approved synonym mappings.","[""B-136""]","[""5f95e1ae9699ccf2""]","[""GAP-2559""]",existing-type-registries.json#Snøscooter,"[""subject"", ""trigger"", ""unit"", ""period"", ""limit_basis"", ""conditions"", ""level"", ""optionality"", ""provider/type/scope/version"", ""source""]","[{""finding_id"": ""GAP-2559"", ""source_fact_id"": ""SF-3658"", ""artifact"": ""catalog/sources/vehicle-extensions/gjensidige-snoscooter-ansvar-alminnelige-vilkar.pdf"", ""location"": ""1""}]",Listed signature IDs → p1-triage.csv → frozen gap/source-fact inventory; batch evidence in triage.json,PENDING_REVIEW,REQUIRED_BEFORE_IMPLEMENTATION
CR-446,Vær / egenandel,"[""snoscooter.kasko.var""]",Proposed key/type/detail relationship needs explicit validation,MAPPING_REVIEW_FIRST,"[""[\""tryg\"",\""snøscooter\"",\""ordinary\"",\""tryg-snoscooter-kasko\"",null]""]","[""Snøscooter""]","First test exact reuse or source-bound provider-specific detail within an existing parent. A new key is allowed only if subject, trigger, unit, period or optionality would otherwise be lost or falsely equated.","Do not merge different event/subject/period/level merely to fill both sides. Existing type keys are candidates, not approved synonym mappings.","[""B-185""]","[""89f3cbe97364cf77""]","[""GAP-4123""]",existing-type-registries.json#Snøscooter,"[""subject"", ""trigger"", ""unit"", ""period"", ""limit_basis"", ""conditions"", ""level"", ""optionality"", ""provider/type/scope/version"", ""source""]","[{""finding_id"": ""GAP-4123"", ""source_fact_id"": ""SF-5916"", ""artifact"": ""catalog/sources/vehicle-extensions/tryg-odpdf-5a0a847f.pdf"", ""location"": ""3 §3.6""}]",Listed signature IDs → p1-triage.csv → frozen gap/source-fact inventory; batch evidence in triage.json,PENDING_REVIEW,REQUIRED_BEFORE_IMPLEMENTATION
CR-447,Aldersfradrag / utstyr,[],No exact mapping approved in the audit,CANONICAL_REVIEW_FIRST,"[""[\""storebrand\"",\""tilhenger\"",\""ordinary\"",\""storebrand-tilhenger-brann-og-tyveri\"",\""2026-03-01\""]"", ""[\""storebrand\"",\""tilhenger\"",\""ordinary\"",\""storebrand-tilhenger-kasko\"",\""2026-03-01\""]""]","[""Tilhenger""]","First test exact reuse or source-bound provider-specific detail within an existing parent. A new key is allowed only if subject, trigger, unit, period or optionality would otherwise be lost or falsely equated.","Do not merge different event/subject/period/level merely to fill both sides. Existing type keys are candidates, not approved synonym mappings.","[""B-172""]","[""5fc629fe785cc4f9""]","[""GAP-0808""]",existing-type-registries.json#Tilhenger,"[""subject"", ""trigger"", ""unit"", ""period"", ""limit_basis"", ""conditions"", ""level"", ""optionality"", ""provider/type/scope/version"", ""source""]","[{""finding_id"": ""GAP-0808"", ""source_fact_id"": ""SF-1257"", ""artifact"": ""catalog/sources/vehicle-extensions/storebrand-vilkar-campingvogn-og-tilhenger.pdf"", ""location"": ""PDF fysisk side 4 (trykt 3), 5""}]",Listed signature IDs → p1-triage.csv → frozen gap/source-fact inventory; batch evidence in triage.json,PENDING_REVIEW,REQUIRED_BEFORE_IMPLEMENTATION
CR-448,Ansvar / trekkvogn,[],No exact mapping approved in the audit,CANONICAL_REVIEW_FIRST,"[""[\""storebrand\"",\""tilhenger\"",\""ordinary\"",\""storebrand-tilhenger-brann-og-tyveri\"",\""2026-03-01\""]"", ""[\""storebrand\"",\""tilhenger\"",\""ordinary\"",\""storebrand-tilhenger-kasko\"",\""2026-03-01\""]""]","[""Tilhenger""]","First test exact reuse or source-bound provider-specific detail within an existing parent. A new key is allowed only if subject, trigger, unit, period or optionality would otherwise be lost or falsely equated.","Do not merge different event/subject/period/level merely to fill both sides. Existing type keys are candidates, not approved synonym mappings.","[""B-172""]","[""233afe9255bcfd0d""]","[""GAP-0805""]",existing-type-registries.json#Tilhenger,"[""subject"", ""trigger"", ""unit"", ""period"", ""limit_basis"", ""conditions"", ""level"", ""optionality"", ""provider/type/scope/version"", ""source""]","[{""finding_id"": ""GAP-0805"", ""source_fact_id"": ""SF-1254"", ""artifact"": ""catalog/sources/vehicle-extensions/storebrand-tilhengerforsikring.html"", ""location"": ""Produktside FAQ""}]",Listed signature IDs → p1-triage.csv → frozen gap/source-fact inventory; batch evidence in triage.json,PENDING_REVIEW,REQUIRED_BEFORE_IMPLEMENTATION
CR-449,Bruksbegrensninger / aktivitet,[],No exact mapping approved in the audit,CANONICAL_REVIEW_FIRST,"[""[\""frende\"",\""tilhenger\"",\""ordinary\"",\""frende-tilhenger-brann-og-tyveri\"",\""2026-01-01\""]"", ""[\""frende\"",\""tilhenger\"",\""ordinary\"",\""frende-tilhenger-kasko\"",\""2026-01-01\""]""]","[""Tilhenger""]","First test exact reuse or source-bound provider-specific detail within an existing parent. A new key is allowed only if subject, trigger, unit, period or optionality would otherwise be lost or falsely equated.","Do not merge different event/subject/period/level merely to fill both sides. Existing type keys are candidates, not approved synonym mappings.","[""B-120""]","[""4d08fb4251899e82""]","[""GAP-1788""]",existing-type-registries.json#Tilhenger,"[""subject"", ""trigger"", ""unit"", ""period"", ""limit_basis"", ""conditions"", ""level"", ""optionality"", ""provider/type/scope/version"", ""source""]","[{""finding_id"": ""GAP-1788"", ""source_fact_id"": ""SF-2588"", ""artifact"": ""catalog/sources/vehicle-extensions/frende-TrailerInsurance.pdf"", ""location"": ""PDF 13–14 §16""}]",Listed signature IDs → p1-triage.csv → frozen gap/source-fact inventory; batch evidence in triage.json,PENDING_REVIEW,REQUIRED_BEFORE_IMPLEMENTATION
CR-450,Elektronikk / fradrag,"[""tilhenger.utstyr.aldersfradrag""]",Proposed key/type/detail relationship needs explicit validation,MAPPING_REVIEW_FIRST,"[""[\""tryg\"",\""tilhenger\"",\""ordinary\"",\""tryg-tilhenger-brann\"",\""2026-01-01\""]"", ""[\""tryg\"",\""tilhenger\"",\""ordinary\"",\""tryg-tilhenger-brann-og-tyveri\"",\""2026-01-01\""]"", ""[\""tryg\"",\""tilhenger\"",\""ordinary\"",\""tryg-tilhenger-kasko\"",\""2026-01-01\""]""]","[""Tilhenger""]","First test exact reuse or source-bound provider-specific detail within an existing parent. A new key is allowed only if subject, trigger, unit, period or optionality would otherwise be lost or falsely equated.","Do not merge different event/subject/period/level merely to fill both sides. Existing type keys are candidates, not approved synonym mappings.","[""B-186""]","[""811df060ceac6b4a""]","[""GAP-4216""]",existing-type-registries.json#Tilhenger,"[""subject"", ""trigger"", ""unit"", ""period"", ""limit_basis"", ""conditions"", ""level"", ""optionality"", ""provider/type/scope/version"", ""source""]","[{""finding_id"": ""GAP-4216"", ""source_fact_id"": ""SF-6038"", ""artifact"": ""catalog/sources/vehicle-extensions/tryg-odpdf-543856fa.pdf"", ""location"": ""§3.3""}]",Listed signature IDs → p1-triage.csv → frozen gap/source-fact inventory; batch evidence in triage.json,PENDING_REVIEW,REQUIRED_BEFORE_IMPLEMENTATION
CR-451,Fastmontert utstyr/bagasje / sum og samlet mekanisme,"[""tilhenger.losore.grense"", ""tilhenger.utstyr.grense""]",Proposed key/type/detail relationship needs explicit validation,MAPPING_REVIEW_FIRST,"[""[\""if\"",\""tilhenger\"",\""ordinary\"",\""if-tilhenger-delkasko\"",\""2024-03\""]"", ""[\""if\"",\""tilhenger\"",\""ordinary\"",\""if-tilhenger-kasko\"",\""2024-03\""]""]","[""Tilhenger""]","First test exact reuse or source-bound provider-specific detail within an existing parent. A new key is allowed only if subject, trigger, unit, period or optionality would otherwise be lost or falsely equated.","Do not merge different event/subject/period/level merely to fill both sides. Existing type keys are candidates, not approved synonym mappings.","[""B-151""]","[""f097800a84e3fcaf""]","[""GAP-3309""]",existing-type-registries.json#Tilhenger,"[""subject"", ""trigger"", ""unit"", ""period"", ""limit_basis"", ""conditions"", ""level"", ""optionality"", ""provider/type/scope/version"", ""source""]","[{""finding_id"": ""GAP-3309"", ""source_fact_id"": ""SF-4655"", ""artifact"": ""catalog/sources/vehicle-extensions/if-Vilkaar-4103ea25.pdf"", ""location"": ""3 pkt3""}]",Listed signature IDs → p1-triage.csv → frozen gap/source-fact inventory; batch evidence in triage.json,PENDING_REVIEW,REQUIRED_BEFORE_IMPLEMENTATION
CR-452,Fjerning / utoversum,"[""tilhenger.fjerning.grense""]",Proposed key/type/detail relationship needs explicit validation,MAPPING_REVIEW_FIRST,"[""[\""tryg\"",\""tilhenger\"",\""ordinary\"",\""tryg-tilhenger-brann\"",\""2026-01-01\""]"", ""[\""tryg\"",\""tilhenger\"",\""ordinary\"",\""tryg-tilhenger-brann-og-tyveri\"",\""2026-01-01\""]"", ""[\""tryg\"",\""tilhenger\"",\""ordinary\"",\""tryg-tilhenger-kasko\"",\""2026-01-01\""]""]","[""Tilhenger""]","First test exact reuse or source-bound provider-specific detail within an existing parent. A new key is allowed only if subject, trigger, unit, period or optionality would otherwise be lost or falsely equated.","Do not merge different event/subject/period/level merely to fill both sides. Existing type keys are candidates, not approved synonym mappings.","[""B-186""]","[""be56e69eae0017ff""]","[""GAP-4217""]",existing-type-registries.json#Tilhenger,"[""subject"", ""trigger"", ""unit"", ""period"", ""limit_basis"", ""conditions"", ""level"", ""optionality"", ""provider/type/scope/version"", ""source""]","[{""finding_id"": ""GAP-4217"", ""source_fact_id"": ""SF-6039"", ""artifact"": ""catalog/sources/vehicle-extensions/tryg-odpdf-543856fa.pdf"", ""location"": ""§3.4""}]",Listed signature IDs → p1-triage.csv → frozen gap/source-fact inventory; batch evidence in triage.json,PENDING_REVIEW,REQUIRED_BEFORE_IMPLEMENTATION
CR-453,Forsikret objekt / sum/dekk,"[""tilhenger.forsikringssum""]",Proposed key/type/detail relationship needs explicit validation,MAPPING_REVIEW_FIRST,"[""[\""gjensidige\"",\""tilhenger\"",\""ordinary\"",\""gjensidige-tilhenger-delkasko\"",null]"", ""[\""gjensidige\"",\""tilhenger\"",\""ordinary\"",\""gjensidige-tilhenger-kasko\"",null]""]","[""Tilhenger""]","First test exact reuse or source-bound provider-specific detail within an existing parent. A new key is allowed only if subject, trigger, unit, period or optionality would otherwise be lost or falsely equated.","Do not merge different event/subject/period/level merely to fill both sides. Existing type keys are candidates, not approved synonym mappings.","[""B-137""]","[""d7423b7e3d5bc63c""]","[""GAP-2711""]",existing-type-registries.json#Tilhenger,"[""subject"", ""trigger"", ""unit"", ""period"", ""limit_basis"", ""conditions"", ""level"", ""optionality"", ""provider/type/scope/version"", ""source""]","[{""finding_id"": ""GAP-2711"", ""source_fact_id"": ""SF-3837"", ""artifact"": ""catalog/sources/vehicle-extensions/gjensidige-tilhenger-delkasko-alminnelige-vilkar.pdf"", ""location"": ""1,2;PDF7""}]",Listed signature IDs → p1-triage.csv → frozen gap/source-fact inventory; batch evidence in triage.json,PENDING_REVIEW,REQUIRED_BEFORE_IMPLEMENTATION
CR-454,Frost/snø/utetthet / unntak,"[""tilhenger.fukt.begrensning""]",Proposed key/type/detail relationship needs explicit validation,MAPPING_REVIEW_FIRST,"[""[\""storebrand\"",\""tilhenger\"",\""ordinary\"",\""storebrand-tilhenger-brann-og-tyveri\"",\""2026-03-01\""]"", ""[\""storebrand\"",\""tilhenger\"",\""ordinary\"",\""storebrand-tilhenger-kasko\"",\""2026-03-01\""]""]","[""Tilhenger""]","First test exact reuse or source-bound provider-specific detail within an existing parent. A new key is allowed only if subject, trigger, unit, period or optionality would otherwise be lost or falsely equated.","Do not merge different event/subject/period/level merely to fill both sides. Existing type keys are candidates, not approved synonym mappings.","[""B-171""]","[""55d129921c2cc791""]","[""GAP-0814""]",existing-type-registries.json#Tilhenger,"[""subject"", ""trigger"", ""unit"", ""period"", ""limit_basis"", ""conditions"", ""level"", ""optionality"", ""provider/type/scope/version"", ""source""]","[{""finding_id"": ""GAP-0814"", ""source_fact_id"": ""SF-1265"", ""artifact"": ""catalog/sources/vehicle-extensions/storebrand-vilkar-campingvogn-og-tilhenger.pdf"", ""location"": ""PDF fysisk side 8 (trykt 7), 7/21–24,fortsetter9""}]",Listed signature IDs → p1-triage.csv → frozen gap/source-fact inventory; batch evidence in triage.json,PENDING_REVIEW,REQUIRED_BEFORE_IMPLEMENTATION
CR-455,Fysisk skade / unntak,[],No exact mapping approved in the audit,CANONICAL_REVIEW_FIRST,"[""[\""gjensidige\"",\""tilhenger\"",\""ordinary\"",\""gjensidige-tilhenger-delkasko\"",null]"", ""[\""gjensidige\"",\""tilhenger\"",\""ordinary\"",\""gjensidige-tilhenger-kasko\"",null]""]","[""Tilhenger""]","First test exact reuse or source-bound provider-specific detail within an existing parent. A new key is allowed only if subject, trigger, unit, period or optionality would otherwise be lost or falsely equated.","Do not merge different event/subject/period/level merely to fill both sides. Existing type keys are candidates, not approved synonym mappings.","[""B-138""]","[""52cff77b0924b3ec""]","[""GAP-2712""]",existing-type-registries.json#Tilhenger,"[""subject"", ""trigger"", ""unit"", ""period"", ""limit_basis"", ""conditions"", ""level"", ""optionality"", ""provider/type/scope/version"", ""source""]","[{""finding_id"": ""GAP-2712"", ""source_fact_id"": ""SF-3838"", ""artifact"": ""catalog/sources/vehicle-extensions/gjensidige-tilhenger-delkasko-alminnelige-vilkar.pdf"", ""location"": ""2""}]",Listed signature IDs → p1-triage.csv → frozen gap/source-fact inventory; batch evidence in triage.json,PENDING_REVIEW,REQUIRED_BEFORE_IMPLEMENTATION
CR-456,Glass / egenandel,"[""tilhenger.glass.dekning"", ""tilhenger.glass.egenandel""]",Proposed key/type/detail relationship needs explicit validation,MAPPING_REVIEW_FIRST,"[""[\""tryg\"",\""tilhenger\"",\""ordinary\"",\""tryg-tilhenger-kasko\"",\""2026-01-01\""]""]","[""Tilhenger""]","First test exact reuse or source-bound provider-specific detail within an existing parent. A new key is allowed only if subject, trigger, unit, period or optionality would otherwise be lost or falsely equated.","Do not merge different event/subject/period/level merely to fill both sides. Existing type keys are candidates, not approved synonym mappings.","[""B-186""]","[""40aaafd6746b4059""]","[""GAP-4246""]",existing-type-registries.json#Tilhenger,"[""subject"", ""trigger"", ""unit"", ""period"", ""limit_basis"", ""conditions"", ""level"", ""optionality"", ""provider/type/scope/version"", ""source""]","[{""finding_id"": ""GAP-4246"", ""source_fact_id"": ""SF-6079"", ""artifact"": ""catalog/sources/vehicle-extensions/tryg-odpdf-03ff0533.pdf"", ""location"": ""2 §2.4""}]",Listed signature IDs → p1-triage.csv → frozen gap/source-fact inventory; batch evidence in triage.json,PENDING_REVIEW,REQUIRED_BEFORE_IMPLEMENTATION
CR-457,Last / tilhenger,[],No exact mapping approved in the audit,CANONICAL_REVIEW_FIRST,"[""[\""storebrand\"",\""tilhenger\"",\""ordinary\"",\""storebrand-tilhenger-brann-og-tyveri\"",\""2026-03-01\""]"", ""[\""storebrand\"",\""tilhenger\"",\""ordinary\"",\""storebrand-tilhenger-kasko\"",\""2026-03-01\""]""]","[""Tilhenger""]","First test exact reuse or source-bound provider-specific detail within an existing parent. A new key is allowed only if subject, trigger, unit, period or optionality would otherwise be lost or falsely equated.","Do not merge different event/subject/period/level merely to fill both sides. Existing type keys are candidates, not approved synonym mappings.","[""B-172""]","[""54200afe2f77c564""]","[""GAP-0807""]",existing-type-registries.json#Tilhenger,"[""subject"", ""trigger"", ""unit"", ""period"", ""limit_basis"", ""conditions"", ""level"", ""optionality"", ""provider/type/scope/version"", ""source""]","[{""finding_id"": ""GAP-0807"", ""source_fact_id"": ""SF-1256"", ""artifact"": ""catalog/sources/vehicle-extensions/storebrand-tilhengerforsikring.html"", ""location"": ""Tilhengerproduktside/FAQ""}]",Listed signature IDs → p1-triage.csv → frozen gap/source-fact inventory; batch evidence in triage.json,PENDING_REVIEW,REQUIRED_BEFORE_IMPLEMENTATION
CR-458,Nyverdi / conditions,"[""tilhenger.nyverdi.dekning"", ""tilhenger.nyverdi.alder"", ""tilhenger.nyverdi.skadegrad""]",Proposed key/type/detail relationship needs explicit validation,MAPPING_REVIEW_FIRST,"[""[\""eika-fremtind\"",\""tilhenger\"",\""ordinary\"",\""eika-fremtind-tilhenger-kasko\"",\""2024-03-21\""]""]","[""Tilhenger""]","First test exact reuse or source-bound provider-specific detail within an existing parent. A new key is allowed only if subject, trigger, unit, period or optionality would otherwise be lost or falsely equated.","Do not merge different event/subject/period/level merely to fill both sides. Existing type keys are candidates, not approved synonym mappings.","[""B-100""]","[""1db5cf8ae1ff0657""]","[""GAP-5326""]",existing-type-registries.json#Tilhenger,"[""subject"", ""trigger"", ""unit"", ""period"", ""limit_basis"", ""conditions"", ""level"", ""optionality"", ""provider/type/scope/version"", ""source""]","[{""finding_id"": ""GAP-5326"", ""source_fact_id"": ""SF-7588"", ""artifact"": ""catalog/sources/vehicle-extensions/fremtind-Vilkar_Kasko_Campingvogn_og_Tilhenger.pdf"", ""location"": ""Mini§3.2s2""}]",Listed signature IDs → p1-triage.csv → frozen gap/source-fact inventory; batch evidence in triage.json,PENDING_REVIEW,REQUIRED_BEFORE_IMPLEMENTATION
CR-459,Oppgjør / kosmetikk/reparasjon,[],No exact mapping approved in the audit,CANONICAL_REVIEW_FIRST,"[""[\""storebrand\"",\""tilhenger\"",\""ordinary\"",\""storebrand-tilhenger-brann-og-tyveri\"",\""2026-03-01\""]"", ""[\""storebrand\"",\""tilhenger\"",\""ordinary\"",\""storebrand-tilhenger-kasko\"",\""2026-03-01\""]""]","[""Tilhenger""]","First test exact reuse or source-bound provider-specific detail within an existing parent. A new key is allowed only if subject, trigger, unit, period or optionality would otherwise be lost or falsely equated.","Do not merge different event/subject/period/level merely to fill both sides. Existing type keys are candidates, not approved synonym mappings.","[""B-172""]","[""8a3789e3f1bf21f7""]","[""GAP-0817""]",existing-type-registries.json#Tilhenger,"[""subject"", ""trigger"", ""unit"", ""period"", ""limit_basis"", ""conditions"", ""level"", ""optionality"", ""provider/type/scope/version"", ""source""]","[{""finding_id"": ""GAP-0817"", ""source_fact_id"": ""SF-1268"", ""artifact"": ""catalog/sources/vehicle-extensions/storebrand-vilkar-campingvogn-og-tilhenger.pdf"", ""location"": ""PDF fysisk side 11 (trykt 10), 9.2""}]",Listed signature IDs → p1-triage.csv → frozen gap/source-fact inventory; batch evidence in triage.json,PENDING_REVIEW,REQUIRED_BEFORE_IMPLEMENTATION
CR-460,Oppgjør / markedsverdi/tap,[],No exact mapping approved in the audit,CANONICAL_REVIEW_FIRST,"[""[\""frende\"",\""tilhenger\"",\""ordinary\"",\""frende-tilhenger-brann-og-tyveri\"",\""2026-01-01\""]"", ""[\""frende\"",\""tilhenger\"",\""ordinary\"",\""frende-tilhenger-kasko\"",\""2026-01-01\""]""]","[""Tilhenger""]","First test exact reuse or source-bound provider-specific detail within an existing parent. A new key is allowed only if subject, trigger, unit, period or optionality would otherwise be lost or falsely equated.","Do not merge different event/subject/period/level merely to fill both sides. Existing type keys are candidates, not approved synonym mappings.","[""B-120""]","[""4329f1e8e58a3fe8""]","[""GAP-1787""]",existing-type-registries.json#Tilhenger,"[""subject"", ""trigger"", ""unit"", ""period"", ""limit_basis"", ""conditions"", ""level"", ""optionality"", ""provider/type/scope/version"", ""source""]","[{""finding_id"": ""GAP-1787"", ""source_fact_id"": ""SF-2587"", ""artifact"": ""catalog/sources/vehicle-extensions/frende-TrailerInsurance.pdf"", ""location"": ""PDF 7–8 §11.6""}]",Listed signature IDs → p1-triage.csv → frozen gap/source-fact inventory; batch evidence in triage.json,PENDING_REVIEW,REQUIRED_BEFORE_IMPLEMENTATION
CR-461,Reparasjon / oppgjør,"[""tilhenger.reparasjon.kontant""]",Proposed key/type/detail relationship needs explicit validation,MAPPING_REVIEW_FIRST,"[""[\""tryg\"",\""tilhenger\"",\""ordinary\"",\""tryg-tilhenger-brann\"",\""2026-01-01\""]"", ""[\""tryg\"",\""tilhenger\"",\""ordinary\"",\""tryg-tilhenger-brann-og-tyveri\"",\""2026-01-01\""]"", ""[\""tryg\"",\""tilhenger\"",\""ordinary\"",\""tryg-tilhenger-kasko\"",\""2026-01-01\""]""]","[""Tilhenger""]","First test exact reuse or source-bound provider-specific detail within an existing parent. A new key is allowed only if subject, trigger, unit, period or optionality would otherwise be lost or falsely equated.","Do not merge different event/subject/period/level merely to fill both sides. Existing type keys are candidates, not approved synonym mappings.","[""B-186""]","[""07162bde561ec18d""]","[""GAP-4214""]",existing-type-registries.json#Tilhenger,"[""subject"", ""trigger"", ""unit"", ""period"", ""limit_basis"", ""conditions"", ""level"", ""optionality"", ""provider/type/scope/version"", ""source""]","[{""finding_id"": ""GAP-4214"", ""source_fact_id"": ""SF-6035"", ""artifact"": ""catalog/sources/vehicle-extensions/tryg-odpdf-543856fa.pdf"", ""location"": ""§3.2""}]",Listed signature IDs → p1-triage.csv → frozen gap/source-fact inventory; batch evidence in triage.json,PENDING_REVIEW,REQUIRED_BEFORE_IMPLEMENTATION
CR-462,Rettshjelp / egenandel,[],No exact mapping approved in the audit,CANONICAL_REVIEW_FIRST,"[""[\""storebrand\"",\""tilhenger\"",\""ordinary\"",\""storebrand-tilhenger-brann-og-tyveri\"",\""2026-03-01\""]"", ""[\""storebrand\"",\""tilhenger\"",\""ordinary\"",\""storebrand-tilhenger-kasko\"",\""2026-03-01\""]""]","[""Tilhenger""]","First test exact reuse or source-bound provider-specific detail within an existing parent. A new key is allowed only if subject, trigger, unit, period or optionality would otherwise be lost or falsely equated.","Do not merge different event/subject/period/level merely to fill both sides. Existing type keys are candidates, not approved synonym mappings.","[""B-172""]","[""22ee88a4e7ed7689""]","[""GAP-0820""]",existing-type-registries.json#Tilhenger,"[""subject"", ""trigger"", ""unit"", ""period"", ""limit_basis"", ""conditions"", ""level"", ""optionality"", ""provider/type/scope/version"", ""source""]","[{""finding_id"": ""GAP-0820"", ""source_fact_id"": ""SF-1271"", ""artifact"": ""catalog/sources/vehicle-extensions/storebrand-vilkar-campingvogn-og-tilhenger.pdf"", ""location"": ""PDF fysisk side 15 (trykt 14), 10.6""}]",Listed signature IDs → p1-triage.csv → frozen gap/source-fact inventory; batch evidence in triage.json,PENDING_REVIEW,REQUIRED_BEFORE_IMPLEMENTATION
CR-463,Rettshjelp / unntak,[],No exact mapping approved in the audit,CANONICAL_REVIEW_FIRST,"[""[\""storebrand\"",\""tilhenger\"",\""ordinary\"",\""storebrand-tilhenger-brann-og-tyveri\"",\""2026-03-01\""]"", ""[\""storebrand\"",\""tilhenger\"",\""ordinary\"",\""storebrand-tilhenger-kasko\"",\""2026-03-01\""]""]","[""Tilhenger""]","First test exact reuse or source-bound provider-specific detail within an existing parent. A new key is allowed only if subject, trigger, unit, period or optionality would otherwise be lost or falsely equated.","Do not merge different event/subject/period/level merely to fill both sides. Existing type keys are candidates, not approved synonym mappings.","[""B-172""]","[""732525bd0b472f0f""]","[""GAP-0821""]",existing-type-registries.json#Tilhenger,"[""subject"", ""trigger"", ""unit"", ""period"", ""limit_basis"", ""conditions"", ""level"", ""optionality"", ""provider/type/scope/version"", ""source""]","[{""finding_id"": ""GAP-0821"", ""source_fact_id"": ""SF-1272"", ""artifact"": ""catalog/sources/vehicle-extensions/storebrand-vilkar-campingvogn-og-tilhenger.pdf"", ""location"": ""PDF fysisk side 14 (trykt 13), 10.4""}]",Listed signature IDs → p1-triage.csv → frozen gap/source-fact inventory; batch evidence in triage.json,PENDING_REVIEW,REQUIRED_BEFORE_IMPLEMENTATION
CR-464,Tegning / forutsetning,[],No exact mapping approved in the audit,CANONICAL_REVIEW_FIRST,"[""[\""storebrand\"",\""tilhenger\"",\""ordinary\"",\""storebrand-tilhenger-brann-og-tyveri\"",\""2026-03-01\""]"", ""[\""storebrand\"",\""tilhenger\"",\""ordinary\"",\""storebrand-tilhenger-kasko\"",\""2026-03-01\""]""]","[""Tilhenger""]","First test exact reuse or source-bound provider-specific detail within an existing parent. A new key is allowed only if subject, trigger, unit, period or optionality would otherwise be lost or falsely equated.","Do not merge different event/subject/period/level merely to fill both sides. Existing type keys are candidates, not approved synonym mappings.","[""B-172""]","[""ee2f485e605e1283""]","[""GAP-0803""]",existing-type-registries.json#Tilhenger,"[""subject"", ""trigger"", ""unit"", ""period"", ""limit_basis"", ""conditions"", ""level"", ""optionality"", ""provider/type/scope/version"", ""source""]","[{""finding_id"": ""GAP-0803"", ""source_fact_id"": ""SF-1251"", ""artifact"": ""catalog/sources/vehicle-extensions/storebrand-tilhengerforsikring.html"", ""location"": ""Produktsider/FAQ""}]",Listed signature IDs → p1-triage.csv → frozen gap/source-fact inventory; batch evidence in triage.json,PENDING_REVIEW,REQUIRED_BEFORE_IMPLEMENTATION
CR-465,Underslag / avtaltutleie,"[""tilhenger.utleie.dekning""]",Proposed key/type/detail relationship needs explicit validation,MAPPING_REVIEW_FIRST,"[""[\""tryg\"",\""tilhenger\"",\""ordinary\"",\""tryg-tilhenger-brann-og-tyveri\"",\""2026-01-01\""]"", ""[\""tryg\"",\""tilhenger\"",\""ordinary\"",\""tryg-tilhenger-kasko\"",\""2026-01-01\""]""]","[""Tilhenger""]","First test exact reuse or source-bound provider-specific detail within an existing parent. A new key is allowed only if subject, trigger, unit, period or optionality would otherwise be lost or falsely equated.","Do not merge different event/subject/period/level merely to fill both sides. Existing type keys are candidates, not approved synonym mappings.","[""B-186""]","[""9185682df9546c75""]","[""GAP-4226""]",existing-type-registries.json#Tilhenger,"[""subject"", ""trigger"", ""unit"", ""period"", ""limit_basis"", ""conditions"", ""level"", ""optionality"", ""provider/type/scope/version"", ""source""]","[{""finding_id"": ""GAP-4226"", ""source_fact_id"": ""SF-6053"", ""artifact"": ""catalog/sources/vehicle-extensions/tryg-odpdf-05b2538c.pdf"", ""location"": ""1–2 §2.2""}]",Listed signature IDs → p1-triage.csv → frozen gap/source-fact inventory; batch evidence in triage.json,PENDING_REVIEW,REQUIRED_BEFORE_IMPLEMENTATION
CR-466,Utleie/næring / særavtale,[],No exact mapping approved in the audit,CANONICAL_REVIEW_FIRST,"[""[\""storebrand\"",\""tilhenger\"",\""ordinary\"",\""storebrand-tilhenger-brann-og-tyveri\"",\""2026-03-01\""]"", ""[\""storebrand\"",\""tilhenger\"",\""ordinary\"",\""storebrand-tilhenger-kasko\"",\""2026-03-01\""]""]","[""Tilhenger""]","First test exact reuse or source-bound provider-specific detail within an existing parent. A new key is allowed only if subject, trigger, unit, period or optionality would otherwise be lost or falsely equated.","Do not merge different event/subject/period/level merely to fill both sides. Existing type keys are candidates, not approved synonym mappings.","[""B-172""]","[""15c26863ca493544""]","[""GAP-0813""]",existing-type-registries.json#Tilhenger,"[""subject"", ""trigger"", ""unit"", ""period"", ""limit_basis"", ""conditions"", ""level"", ""optionality"", ""provider/type/scope/version"", ""source""]","[{""finding_id"": ""GAP-0813"", ""source_fact_id"": ""SF-1264"", ""artifact"": ""catalog/sources/vehicle-extensions/storebrand-vilkar-campingvogn-og-tilhenger.pdf"", ""location"": ""PDF fysisk side 8 (trykt 7), 7/13–14""}]",Listed signature IDs → p1-triage.csv → frozen gap/source-fact inventory; batch evidence in triage.json,PENDING_REVIEW,REQUIRED_BEFORE_IMPLEMENTATION
CR-467,Utstyr / fastmontert,[],No exact mapping approved in the audit,CANONICAL_REVIEW_FIRST,"[""[\""storebrand\"",\""tilhenger\"",\""ordinary\"",\""storebrand-tilhenger-brann-og-tyveri\"",\""2026-03-01\""]"", ""[\""storebrand\"",\""tilhenger\"",\""ordinary\"",\""storebrand-tilhenger-kasko\"",\""2026-03-01\""]""]","[""Tilhenger""]","First test exact reuse or source-bound provider-specific detail within an existing parent. A new key is allowed only if subject, trigger, unit, period or optionality would otherwise be lost or falsely equated.","Do not merge different event/subject/period/level merely to fill both sides. Existing type keys are candidates, not approved synonym mappings.","[""B-172""]","[""54d8a0ae6817ac0b""]","[""GAP-0806""]",existing-type-registries.json#Tilhenger,"[""subject"", ""trigger"", ""unit"", ""period"", ""limit_basis"", ""conditions"", ""level"", ""optionality"", ""provider/type/scope/version"", ""source""]","[{""finding_id"": ""GAP-0806"", ""source_fact_id"": ""SF-1255"", ""artifact"": ""catalog/sources/vehicle-extensions/storebrand-vilkar-campingvogn-og-tilhenger.pdf"", ""location"": ""PDF fysisk side 4 (trykt 3), 5""}]",Listed signature IDs → p1-triage.csv → frozen gap/source-fact inventory; batch evidence in triage.json,PENDING_REVIEW,REQUIRED_BEFORE_IMPLEMENTATION
CR-468,Veihjelp / utløsning,"[""tilhenger.veihjelp.dekning""]",Proposed key/type/detail relationship needs explicit validation,MAPPING_REVIEW_FIRST,"[""[\""if\"",\""tilhenger\"",\""ordinary\"",\""if-tilhenger-delkasko\"",\""2024-03\""]"", ""[\""if\"",\""tilhenger\"",\""ordinary\"",\""if-tilhenger-kasko\"",\""2024-03\""]""]","[""Tilhenger""]","First test exact reuse or source-bound provider-specific detail within an existing parent. A new key is allowed only if subject, trigger, unit, period or optionality would otherwise be lost or falsely equated.","Do not merge different event/subject/period/level merely to fill both sides. Existing type keys are candidates, not approved synonym mappings.","[""B-151""]","[""03ed39d725156860""]","[""GAP-3311""]",existing-type-registries.json#Tilhenger,"[""subject"", ""trigger"", ""unit"", ""period"", ""limit_basis"", ""conditions"", ""level"", ""optionality"", ""provider/type/scope/version"", ""source""]","[{""finding_id"": ""GAP-3311"", ""source_fact_id"": ""SF-4657"", ""artifact"": ""catalog/sources/vehicle-extensions/if-Vilkaar-4103ea25.pdf"", ""location"": ""5–6 pkt4.7""}]",Listed signature IDs → p1-triage.csv → frozen gap/source-fact inventory; batch evidence in triage.json,PENDING_REVIEW,REQUIRED_BEFORE_IMPLEMENTATION
CR-469,Vær / egenandel,"[""tilhenger.kasko.var""]",Proposed key/type/detail relationship needs explicit validation,MAPPING_REVIEW_FIRST,"[""[\""tryg\"",\""tilhenger\"",\""ordinary\"",\""tryg-tilhenger-kasko\"",\""2026-01-01\""]""]","[""Tilhenger""]","First test exact reuse or source-bound provider-specific detail within an existing parent. A new key is allowed only if subject, trigger, unit, period or optionality would otherwise be lost or falsely equated.","Do not merge different event/subject/period/level merely to fill both sides. Existing type keys are candidates, not approved synonym mappings.","[""B-186""]","[""a71dffe81db470cb""]","[""GAP-4245""]",existing-type-registries.json#Tilhenger,"[""subject"", ""trigger"", ""unit"", ""period"", ""limit_basis"", ""conditions"", ""level"", ""optionality"", ""provider/type/scope/version"", ""source""]","[{""finding_id"": ""GAP-4245"", ""source_fact_id"": ""SF-6078"", ""artifact"": ""catalog/sources/vehicle-extensions/tryg-odpdf-03ff0533.pdf"", ""location"": ""2 §2.1""}]",Listed signature IDs → p1-triage.csv → frozen gap/source-fact inventory; batch evidence in triage.json,PENDING_REVIEW,REQUIRED_BEFORE_IMPLEMENTATION
