batch_id,wave,title,group_key,root_cause_ids,original_root_cause_ids,original_batch_ids,signature_ids,P2_piggyback_signatures,finding_signature_count,finding_occurrence_count,P1_signature_count,P1_occurrence_count,P2_piggyback_count,products_affected,families_affected,providers,scopes,addon_components,layer,complexity,risk,source_readiness,pilot_priority,customer_mode_impact,extraction_extension_required,runtime_assumption,expected_production_files,conditional_shared_files,proposed_regression_file,dependencies,source_task_ids,canonical_review_ids,test_plan,post_fix_audit,recommended_model,what_must_change,what_must_not_change,ready_means,source_freshness,optional_choice_policy,finding_status,shared_state_conflicts,parallelization_status,parallel_condition
B-001,1,Avgrens Gjensidige MC ferie-leie til dokumenterte nivåer,"[""FIX-MC-RENTAL""]","[""RC-101""]","[""SCRC-031""]","[""RB-27""]","[""ab868c6b64912871""]",[],1,1,1,1,0,"[""[\""gjensidige\"",\""mc\"",\""ordinary\"",\""gjensidige-mc-delkasko\"",null]""]","[""MC""]","[""gjensidige""]","[""ordinary""]",[],SCOPE,TRIVIAL_DATA,LOW,IMPLEMENTATION_READY,MUST_BEFORE_NITO,LIKELY_SHARED_WITH_CUSTOMER_MODE,NOT_PROVEN_REQUIRED,Catalog knowledge improvement is shared where enrichment is eligible; no real customer PDF or extraction conclusion is claimed.,"[""lib/mc-bobil-gjensidige-storebrand-catalog.ts""]",[],tests/remediation-b-001.test.mjs (future; consolidate with relevant existing suite if clearer),[],[],[],"[""Own-source exact subject/value/unit/period/conditions with page/hash"", ""Exact base, inherited, optional and unavailable product-level combinations"", ""Same-product and both comparison directions; provider-specific facts stay asymmetric where appropriate"", ""Document X versus catalog Y: X wins; silent optional remains unknown; explicit not_selected remains not_selected"", ""Cross-provider/type/scope/version negatives; no customer object/pricing changes"", ""Delkasko får ikke Kasko-regelen; Kasko beholder sin 15-dagersregel og ordinær redning.""]","[""Compare before/after exact scoped products against independent source-fact inventory"", ""Reverse-check changed claims for support and wrong-level leakage"", ""Re-run linked false-unknown controls with own-source oracle; inspect sources and details"", ""Record closed/reopened signature IDs; targeted family bulk comparison; held-out positive controls"", ""Full existing suite, TypeScript, ESLint, webpack production build, synthetic HTTP/PDF runtime, git diff --check after future implementation""]",GPT-6 SOL MEDIUM,Fjern de tre ubetingede ferie-leie-påstandene fra Delkasko. Bevar Kasko-støtten. Fravær av støtte skal ikke omskrives til eksplisitt ikke-dekket.,"[""document > catalog"", ""optional availability != customer selected"", ""unknown != not covered"", ""provider/type/scope/version isolation"", ""product level and add-on boundaries"", ""side-swap symmetry without invented equivalents"", ""age start/reduction/expiry and object age kept distinct"", ""annual/accumulated/coverage mileage kept distinct"", ""per event/year/lifetime/selected sum kept distinct"", ""source page/hash and fact-specific provenance"", ""same object identity and pricing/TFA are not catalog eligibility""]",Source/scope gate satisfied for listed dimensions only; separate user authorization and regression still required.,"Frozen corpus 2026-09-29, not live current-source verification",Known catalog availability never selects a customer add-on,PLANNED_NOT_IMPLEMENTED,"[""B-012"", ""B-047"", ""B-054"", ""B-074"", ""B-081"", ""B-123"", ""B-134"", ""B-159"", ""B-167""]",MAIN_AGENT_REVIEW_REQUIRED,One named file owner; source research may be parallel read-only. Disjoint files only after all dependencies pass. No agents launched in this triage.
B-002,1,Fjern kunstnerisk utsmykning fra Fremtind Hus Standard,"[""FIX-HOUSE-ART""]","[""RC-095""]","[""SCRC-053""]","[""RB-49""]","[""8249889091145082""]",[],1,1,1,1,0,"[""[\""fremtind\"",\""bolig\"",\""ordinary\"",\""fremtind-hus-standard\"",\""PBK-200.100-015+PBK-200.200-010\""]""]","[""Hus""]","[""fremtind""]","[""ordinary""]",[],SCOPE,TRIVIAL_DATA,LOW,IMPLEMENTATION_READY,MUST_BEFORE_NITO,LIKELY_SHARED_WITH_CUSTOMER_MODE,NOT_PROVEN_REQUIRED,Catalog knowledge improvement is shared where enrichment is eligible; no real customer PDF or extraction conclusion is claimed.,"[""lib/fremtind-hus-catalog.ts""]",[],tests/remediation-b-002.test.mjs (future; consolidate with relevant existing suite if clearer),[],[],[],"[""Own-source exact subject/value/unit/period/conditions with page/hash"", ""Exact base, inherited, optional and unavailable product-level combinations"", ""Same-product and both comparison directions; provider-specific facts stay asymmetric where appropriate"", ""Document X versus catalog Y: X wins; silent optional remains unknown; explicit not_selected remains not_selected"", ""Cross-provider/type/scope/version negatives; no customer object/pricing changes"", ""Standard negativ og Topp positiv med egne kilder; ingen endring av kundedokument.""]","[""Compare before/after exact scoped products against independent source-fact inventory"", ""Reverse-check changed claims for support and wrong-level leakage"", ""Re-run linked false-unknown controls with own-source oracle; inspect sources and details"", ""Record closed/reopened signature IDs; targeted family bulk comparison; held-out positive controls"", ""Full existing suite, TypeScript, ESLint, webpack production build, synthetic HTTP/PDF runtime, git diff --check after future implementation""]",GPT-6 SOL MEDIUM,Modeller Standards uttrykkelige unntak; bevar Topps dokumenterte dekning.,"[""document > catalog"", ""optional availability != customer selected"", ""unknown != not covered"", ""provider/type/scope/version isolation"", ""product level and add-on boundaries"", ""side-swap symmetry without invented equivalents"", ""age start/reduction/expiry and object age kept distinct"", ""annual/accumulated/coverage mileage kept distinct"", ""per event/year/lifetime/selected sum kept distinct"", ""source page/hash and fact-specific provenance"", ""same object identity and pricing/TFA are not catalog eligibility""]",Source/scope gate satisfied for listed dimensions only; separate user authorization and regression still required.,"Frozen corpus 2026-09-29, not live current-source verification",Known catalog availability never selects a customer add-on,PLANNED_NOT_IMPLEMENTED,"[""B-029"", ""B-102""]",MAIN_AGENT_REVIEW_REQUIRED,One named file owner; source research may be parallel read-only. Disjoint files only after all dependencies pass. No agents launched in this triage.
B-003,1,Korriger If Båt aldersgrener for motor/gir-egenandel,"[""FIX-IF-BOAT-DEDUCTIBLE""]","[""RC-097""]","[""SCRC-041""]","[""RB-37""]","[""d07e9ae8a55beeaf""]",[],1,2,1,2,0,"[""[\""if\"",\""båt\"",\""ordinary\"",\""if-bat-kasko\"",\""2023-02-01\""]"", ""[\""if\"",\""båt\"",\""ordinary\"",\""if-bat-super\"",\""2023-02-01\""]""]","[""Båt""]","[""if""]","[""ordinary""]","[""if-bat-motor-gir""]",CATALOG_DATA,DATA_BATCH,LOW,IMPLEMENTATION_READY,MUST_BEFORE_NITO,LIKELY_SHARED_WITH_CUSTOMER_MODE,NOT_PROVEN_REQUIRED,Catalog knowledge improvement is shared where enrichment is eligible; no real customer PDF or extraction conclusion is claimed.,"[""lib/boat-pet-catalog.ts""]",[],tests/remediation-b-003.test.mjs (future; consolidate with relevant existing suite if clearer),[],[],[],"[""Own-source exact subject/value/unit/period/conditions with page/hash"", ""Exact base, inherited, optional and unavailable product-level combinations"", ""Same-product and both comparison directions; provider-specific facts stay asymmetric where appropriate"", ""Document X versus catalog Y: X wins; silent optional remains unknown; explicit not_selected remains not_selected"", ""Cross-provider/type/scope/version negatives; no customer object/pricing changes"", ""4 000 til og med fem år; eldre grener beholder egne terskler; valgfri status bevares.""]","[""Compare before/after exact scoped products against independent source-fact inventory"", ""Reverse-check changed claims for support and wrong-level leakage"", ""Re-run linked false-unknown controls with own-source oracle; inspect sources and details"", ""Record closed/reopened signature IDs; targeted family bulk comparison; held-out positive controls"", ""Full existing suite, TypeScript, ESLint, webpack production build, synthetic HTTP/PDF runtime, git diff --check after future implementation""]",GPT-6 SOL HIGH,Representer kildens faste og prosentbaserte aldersgrener i eksisterende egenandelsfaktum uten universell minstegrense.,"[""document > catalog"", ""optional availability != customer selected"", ""unknown != not covered"", ""provider/type/scope/version isolation"", ""product level and add-on boundaries"", ""side-swap symmetry without invented equivalents"", ""age start/reduction/expiry and object age kept distinct"", ""annual/accumulated/coverage mileage kept distinct"", ""per event/year/lifetime/selected sum kept distinct"", ""source page/hash and fact-specific provenance"", ""same object identity and pricing/TFA are not catalog eligibility""]",Source/scope gate satisfied for listed dimensions only; separate user authorization and regression still required.,"Frozen corpus 2026-09-29, not live current-source verification",Known catalog availability never selects a customer add-on,PLANNED_NOT_IMPLEMENTED,"[""B-008"", ""B-009"", ""B-010"", ""B-018"", ""B-022"", ""B-036"", ""B-038"", ""B-041"", ""B-048"", ""B-050"", ""B-053"", ""B-060"", ""B-062"", ""B-065"", ""B-070"", ""B-071"", ""B-072"", ""B-075"", ""B-077"", ""B-080"", ""B-087"", ""B-089"", ""B-091"", ""B-109"", ""B-110"", ""B-113"", ""B-116"", ""B-124"", ""B-125"", ""B-128"", ""B-129"", ""B-132"", ""B-133"", ""B-141"", ""B-143"", ""B-144"", ""B-147"", ""B-148"", ""B-152"", ""B-153"", ""B-154"", ""B-155"", ""B-156"", ""B-157"", ""B-160"", ""B-162"", ""B-166"", ""B-175"", ""B-177"", ""B-178"", ""B-181"", ""B-182"", ""B-187"", ""B-195"", ""B-196"", ""B-197"", ""B-199"", ""B-200""]",MAIN_AGENT_REVIEW_REQUIRED,One named file owner; source research may be parallel read-only. Disjoint files only after all dependencies pass. No agents launched in this triage.
B-004,1,Korriger If Reise sykdoms- og ulykkesutløser,"[""FIX-IF-MEDICAL""]","[""RC-099""]","[""SCRC-040""]","[""RB-36""]","[""b9a4784069bf37d9""]","[""c32aeea4a2a3a2f8""]",2,4,1,3,1,"[""[\""if\"",\""reise\"",\""ordinary\"",\""if-reise-basis\"",\""2026-09-20-canonical\""]"", ""[\""if\"",\""reise\"",\""ordinary\"",\""if-reise-standard\"",\""2026-09-20-canonical\""]"", ""[\""if\"",\""reise\"",\""ordinary\"",\""if-reise-super\"",\""2026-09-20-canonical\""]""]","[""Reise""]","[""if""]","[""ordinary""]",[],SCOPE,DATA_BATCH,LOW,IMPLEMENTATION_READY,MUST_BEFORE_NITO,LIKELY_SHARED_WITH_CUSTOMER_MODE,NOT_PROVEN_REQUIRED,Catalog knowledge improvement is shared where enrichment is eligible; no real customer PDF or extraction conclusion is claimed.,"[""lib/if-reise-catalog.ts""]",[],tests/remediation-b-004.test.mjs (future; consolidate with relevant existing suite if clearer),[],[],[],"[""Own-source exact subject/value/unit/period/conditions with page/hash"", ""Exact base, inherited, optional and unavailable product-level combinations"", ""Same-product and both comparison directions; provider-specific facts stay asymmetric where appropriate"", ""Document X versus catalog Y: X wins; silent optional remains unknown; explicit not_selected remains not_selected"", ""Cross-provider/type/scope/version negatives; no customer object/pricing changes"", ""Akutt sykdomsregel og kjent sykdomsforbehold bevares. Basis får ikke nye bagasje-/forsinkelsesdekninger.""]","[""Compare before/after exact scoped products against independent source-fact inventory"", ""Reverse-check changed claims for support and wrong-level leakage"", ""Re-run linked false-unknown controls with own-source oracle; inspect sources and details"", ""Record closed/reopened signature IDs; targeted family bulk comparison; held-out positive controls"", ""Full existing suite, TypeScript, ESLint, webpack production build, synthetic HTTP/PDF runtime, git diff --check after future implementation""]",GPT-6 SOL HIGH,Fjern ubegrunnet alvorlighetskrav for ulykkesskade. Skill samtidig Basis fra sikkerhetsforskrifter som bare gjelder Standard/Super.,"[""document > catalog"", ""optional availability != customer selected"", ""unknown != not covered"", ""provider/type/scope/version isolation"", ""product level and add-on boundaries"", ""side-swap symmetry without invented equivalents"", ""age start/reduction/expiry and object age kept distinct"", ""annual/accumulated/coverage mileage kept distinct"", ""per event/year/lifetime/selected sum kept distinct"", ""source page/hash and fact-specific provenance"", ""same object identity and pricing/TFA are not catalog eligibility""]",Source/scope gate satisfied for listed dimensions only; separate user authorization and regression still required.,"Frozen corpus 2026-09-29, not live current-source verification",Known catalog availability never selects a customer add-on,PLANNED_NOT_IMPLEMENTED,"[""B-067"", ""B-149""]",MAIN_AGENT_REVIEW_REQUIRED,One named file owner; source research may be parallel read-only. Disjoint files only after all dependencies pass. No agents launched in this triage.
B-005,1,Fjern udokumentert gjenstandsgrense i Storebrand Innbo Super,"[""FIX-MOVING-LIMIT""]","[""RC-102""]","[""SCRC-013""]","[""RB-11""]","[""0eb8ba09123305ee""]",[],1,1,1,1,0,"[""[\""storebrand\"",\""innbo\"",\""ordinary\"",\""sb-innbo-super\"",\""innbo09\""]""]","[""Innbo""]","[""storebrand""]","[""ordinary""]",[],CATALOG_DATA,TRIVIAL_DATA,LOW,IMPLEMENTATION_READY,MUST_BEFORE_NITO,LIKELY_SHARED_WITH_CUSTOMER_MODE,NOT_PROVEN_REQUIRED,Catalog knowledge improvement is shared where enrichment is eligible; no real customer PDF or extraction conclusion is claimed.,"[""lib/storebrand-innbo-catalog.ts""]",[],tests/remediation-b-005.test.mjs (future; consolidate with relevant existing suite if clearer),[],[],[],"[""Own-source exact subject/value/unit/period/conditions with page/hash"", ""Exact base, inherited, optional and unavailable product-level combinations"", ""Same-product and both comparison directions; provider-specific facts stay asymmetric where appropriate"", ""Document X versus catalog Y: X wins; silent optional remains unknown; explicit not_selected remains not_selected"", ""Cross-provider/type/scope/version negatives; no customer object/pricing changes"", ""Flytting bevares; C.1.2s hendelsesbetingede regel må ikke bli universell grense; Standard endres ikke.""]","[""Compare before/after exact scoped products against independent source-fact inventory"", ""Reverse-check changed claims for support and wrong-level leakage"", ""Re-run linked false-unknown controls with own-source oracle; inspect sources and details"", ""Record closed/reopened signature IDs; targeted family bulk comparison; held-out positive controls"", ""Full existing suite, TypeScript, ESLint, webpack production build, synthetic HTTP/PDF runtime, git diff --check after future implementation""]",GPT-6 SOL MEDIUM,Erstatt den udokumenterte 50 000-grensen med kildekorrekt henvisning til avtalt sum og relevant hendelsesbetinget særregel; ikke innfør ny ubetinget tallgrense.,"[""document > catalog"", ""optional availability != customer selected"", ""unknown != not covered"", ""provider/type/scope/version isolation"", ""product level and add-on boundaries"", ""side-swap symmetry without invented equivalents"", ""age start/reduction/expiry and object age kept distinct"", ""annual/accumulated/coverage mileage kept distinct"", ""per event/year/lifetime/selected sum kept distinct"", ""source page/hash and fact-specific provenance"", ""same object identity and pricing/TFA are not catalog eligibility""]",Source/scope gate satisfied for listed dimensions only; separate user authorization and regression still required.,"Frozen corpus 2026-09-29, not live current-source verification",Known catalog availability never selects a customer add-on,PLANNED_NOT_IMPLEMENTED,"[""B-079"", ""B-164"", ""B-165""]",MAIN_AGENT_REVIEW_REQUIRED,One named file owner; source research may be parallel read-only. Disjoint files only after all dependencies pass. No agents launched in this triage.
B-006,1,Korriger Frende Bil parkeringsbonusvilkår,"[""FIX-PARKING""]","[""RC-104""]","[""SCRC-017""]","[""RB-15""]","[""006717c0ed25b662""]",[],1,2,1,2,0,"[""[\""frende\"",\""bil\"",\""ordinary\"",\""frende-bil-kasko\"",\""2026-01-01\""]"", ""[\""frende\"",\""bil\"",\""ordinary\"",\""frende-bil-utvidet\"",\""2026-01-01\""]""]","[""Bil""]","[""frende""]","[""ordinary""]",[],CATALOG_DATA,TRIVIAL_DATA,LOW,IMPLEMENTATION_READY,MUST_BEFORE_NITO,LIKELY_SHARED_WITH_CUSTOMER_MODE,NOT_PROVEN_REQUIRED,Catalog knowledge improvement is shared where enrichment is eligible; no real customer PDF or extraction conclusion is claimed.,"[""lib/frende-catalog.ts""]",[],tests/remediation-b-006.test.mjs (future; consolidate with relevant existing suite if clearer),[],[],[],"[""Own-source exact subject/value/unit/period/conditions with page/hash"", ""Exact base, inherited, optional and unavailable product-level combinations"", ""Same-product and both comparison directions; provider-specific facts stay asymmetric where appropriate"", ""Document X versus catalog Y: X wins; silent optional remains unknown; explicit not_selected remains not_selected"", ""Cross-provider/type/scope/version negatives; no customer object/pricing changes"", ""Kasko/Utvidet samme dokumenterte bonusregel; MC arver ikke Bil-regel; kundens bonus endres ikke.""]","[""Compare before/after exact scoped products against independent source-fact inventory"", ""Reverse-check changed claims for support and wrong-level leakage"", ""Re-run linked false-unknown controls with own-source oracle; inspect sources and details"", ""Record closed/reopened signature IDs; targeted family bulk comparison; held-out positive controls"", ""Full existing suite, TypeScript, ESLint, webpack production build, synthetic HTTP/PDF runtime, git diff --check after future implementation""]",GPT-6 SOL MEDIUM,"Fjern påstått alders- og politivilkår uten kildestøtte; behold de dokumenterte parkering-, tids- og ukjent-kjøretøyvilkårene.","[""document > catalog"", ""optional availability != customer selected"", ""unknown != not covered"", ""provider/type/scope/version isolation"", ""product level and add-on boundaries"", ""side-swap symmetry without invented equivalents"", ""age start/reduction/expiry and object age kept distinct"", ""annual/accumulated/coverage mileage kept distinct"", ""per event/year/lifetime/selected sum kept distinct"", ""source page/hash and fact-specific provenance"", ""same object identity and pricing/TFA are not catalog eligibility""]",Source/scope gate satisfied for listed dimensions only; separate user authorization and regression still required.,"Frozen corpus 2026-09-29, not live current-source verification",Known catalog availability never selects a customer add-on,PLANNED_NOT_IMPLEMENTED,"[""B-034"", ""B-107""]",MAIN_AGENT_REVIEW_REQUIRED,One named file owner; source research may be parallel read-only. Disjoint files only after all dependencies pass. No agents launched in this triage.
B-007,1,Avgrens Gjensidige Hus rørservice til dokumentert tining,"[""FIX-PIPE""]","[""RC-105""]","[""SCRC-026""]","[""RB-22""]","[""e0a4907dd08e7a74""]",[],1,2,1,2,0,"[""[\""gjensidige\"",\""bolig\"",\""ordinary\"",\""gjensidige-hus\"",\""Alminnelige vilkår\""]"", ""[\""gjensidige\"",\""bolig\"",\""ordinary\"",\""gjensidige-hus-pluss\"",\""Alminnelige vilkår\""]""]","[""Hus""]","[""gjensidige""]","[""ordinary""]",[],CATALOG_DATA,TRIVIAL_DATA,LOW,IMPLEMENTATION_READY,MUST_BEFORE_NITO,LIKELY_SHARED_WITH_CUSTOMER_MODE,NOT_PROVEN_REQUIRED,Catalog knowledge improvement is shared where enrichment is eligible; no real customer PDF or extraction conclusion is claimed.,"[""lib/gjensidige-hus-catalog.ts""]",[],tests/remediation-b-007.test.mjs (future; consolidate with relevant existing suite if clearer),[],[],[],"[""Own-source exact subject/value/unit/period/conditions with page/hash"", ""Exact base, inherited, optional and unavailable product-level combinations"", ""Same-product and both comparison directions; provider-specific facts stay asymmetric where appropriate"", ""Document X versus catalog Y: X wins; silent optional remains unknown; explicit not_selected remains not_selected"", ""Cross-provider/type/scope/version negatives; no customer object/pricing changes"", ""Begge Hus-nivåer beholder tining. Ingen negativ påstand om oppspyling uten kilde.""]","[""Compare before/after exact scoped products against independent source-fact inventory"", ""Reverse-check changed claims for support and wrong-level leakage"", ""Re-run linked false-unknown controls with own-source oracle; inspect sources and details"", ""Record closed/reopened signature IDs; targeted family bulk comparison; held-out positive controls"", ""Full existing suite, TypeScript, ESLint, webpack production build, synthetic HTTP/PDF runtime, git diff --check after future implementation""]",GPT-6 SOL MEDIUM,Fjern tilleggspåstanden om oppspyling; behold dokumentert tining med egen kilde.,"[""document > catalog"", ""optional availability != customer selected"", ""unknown != not covered"", ""provider/type/scope/version isolation"", ""product level and add-on boundaries"", ""side-swap symmetry without invented equivalents"", ""age start/reduction/expiry and object age kept distinct"", ""annual/accumulated/coverage mileage kept distinct"", ""per event/year/lifetime/selected sum kept distinct"", ""source page/hash and fact-specific provenance"", ""same object identity and pricing/TFA are not catalog eligibility""]",Source/scope gate satisfied for listed dimensions only; separate user authorization and regression still required.,"Frozen corpus 2026-09-29, not live current-source verification",Known catalog availability never selects a customer add-on,PLANNED_NOT_IMPLEMENTED,"[""B-020"", ""B-051"", ""B-130""]",MAIN_AGENT_REVIEW_REQUIRED,One named file owner; source research may be parallel read-only. Disjoint files only after all dependencies pass. No agents launched in this triage.
B-008,2,Gjenopprett Storebrand Båt Super opplagsutstyr,"[""FIX-BOAT-SUPER-INHERIT""]","[""RC-089""]","[""SCRC-003""]","[""RB-02""]","[""be5630dead0c3b23""]",[],1,1,1,1,0,"[""[\""storebrand\"",\""båt\"",\""ordinary\"",\""storebrand-bat-super\"",\""2024-09-01\""]""]","[""Båt""]","[""storebrand""]","[""ordinary""]",[],INHERITANCE,DATA_BATCH,LOW,IMPLEMENTATION_READY,MUST_BEFORE_NITO,LIKELY_SHARED_WITH_CUSTOMER_MODE,NOT_PROVEN_REQUIRED,Catalog knowledge improvement is shared where enrichment is eligible; no real customer PDF or extraction conclusion is claimed.,"[""lib/boat-pet-catalog.ts""]",[],tests/remediation-b-008.test.mjs (future; consolidate with relevant existing suite if clearer),[],[],[],"[""Own-source exact subject/value/unit/period/conditions with page/hash"", ""Exact base, inherited, optional and unavailable product-level combinations"", ""Same-product and both comparison directions; provider-specific facts stay asymmetric where appropriate"", ""Document X versus catalog Y: X wins; silent optional remains unknown; explicit not_selected remains not_selected"", ""Cross-provider/type/scope/version negatives; no customer object/pricing changes"", ""Delkasko beholder sin dokumenterte scope; Super/Kasko matcher på denne deldekningen uten at alle øvrige ytelser arves.""]","[""Compare before/after exact scoped products against independent source-fact inventory"", ""Reverse-check changed claims for support and wrong-level leakage"", ""Re-run linked false-unknown controls with own-source oracle; inspect sources and details"", ""Record closed/reopened signature IDs; targeted family bulk comparison; held-out positive controls"", ""Full existing suite, TypeScript, ESLint, webpack production build, synthetic HTTP/PDF runtime, git diff --check after future implementation""]",GPT-6 SOL HIGH,"Bevar Kaskos dokumenterte opplagsutstyr i Super og egen grense. Endre eksakt produktkomposisjon, ikke alle boatCore-nivåer.","[""document > catalog"", ""optional availability != customer selected"", ""unknown != not covered"", ""provider/type/scope/version isolation"", ""product level and add-on boundaries"", ""side-swap symmetry without invented equivalents"", ""age start/reduction/expiry and object age kept distinct"", ""annual/accumulated/coverage mileage kept distinct"", ""per event/year/lifetime/selected sum kept distinct"", ""source page/hash and fact-specific provenance"", ""same object identity and pricing/TFA are not catalog eligibility""]",Source/scope gate satisfied for listed dimensions only; separate user authorization and regression still required.,"Frozen corpus 2026-09-29, not live current-source verification",Known catalog availability never selects a customer add-on,PLANNED_NOT_IMPLEMENTED,"[""B-003"", ""B-009"", ""B-010"", ""B-018"", ""B-022"", ""B-036"", ""B-038"", ""B-041"", ""B-048"", ""B-050"", ""B-053"", ""B-060"", ""B-062"", ""B-065"", ""B-070"", ""B-071"", ""B-072"", ""B-075"", ""B-077"", ""B-080"", ""B-087"", ""B-089"", ""B-091"", ""B-109"", ""B-110"", ""B-113"", ""B-116"", ""B-124"", ""B-125"", ""B-128"", ""B-129"", ""B-132"", ""B-133"", ""B-141"", ""B-143"", ""B-144"", ""B-147"", ""B-148"", ""B-152"", ""B-153"", ""B-154"", ""B-155"", ""B-156"", ""B-157"", ""B-160"", ""B-162"", ""B-166"", ""B-175"", ""B-177"", ""B-178"", ""B-181"", ""B-182"", ""B-187"", ""B-195"", ""B-196"", ""B-197"", ""B-199"", ""B-200""]",NOT_SAFE_FOR_PARALLEL_EXECUTION,One named file owner; source research may be parallel read-only. Disjoint files only after all dependencies pass. No agents launched in this triage.
B-009,2,Korriger Fremtind Hund base/Topp for allergi og diagnostikk,"[""FIX-DOG-BASE""]","[""RC-090""]","[""SCRC-059""]","[""RB-55""]","[""bc895acebf091f9d"", ""f01b778d102c1d15""]",[],2,2,2,2,0,"[""[\""sparebank1-fremtind\"",\""hund\"",\""ordinary\"",\""sparebank1-fremtind-hund-veterin-r\"",\""2025-08-07\""]""]","[""Hund""]","[""sparebank1-fremtind""]","[""ordinary""]",[],ADDON,DATA_BATCH,MEDIUM,IMPLEMENTATION_READY,MUST_BEFORE_NITO,LIKELY_SHARED_WITH_CUSTOMER_MODE,NOT_PROVEN_REQUIRED,Catalog knowledge improvement is shared where enrichment is eligible; no real customer PDF or extraction conclusion is claimed.,"[""lib/boat-pet-catalog.ts""]",[],tests/remediation-b-009.test.mjs (future; consolidate with relevant existing suite if clearer),[],[],[],"[""Own-source exact subject/value/unit/period/conditions with page/hash"", ""Exact base, inherited, optional and unavailable product-level combinations"", ""Same-product and both comparison directions; provider-specific facts stay asymmetric where appropriate"", ""Document X versus catalog Y: X wins; silent optional remains unknown; explicit not_selected remains not_selected"", ""Cross-provider/type/scope/version negatives; no customer object/pricing changes"", ""Livstidsgrense skilles fra årsgrense og valgt veterinærsum. Katt og kundevalgt Topp bevares.""]","[""Compare before/after exact scoped products against independent source-fact inventory"", ""Reverse-check changed claims for support and wrong-level leakage"", ""Re-run linked false-unknown controls with own-source oracle; inspect sources and details"", ""Record closed/reopened signature IDs; targeted family bulk comparison; held-out positive controls"", ""Full existing suite, TypeScript, ESLint, webpack production build, synthetic HTTP/PDF runtime, git diff --check after future implementation""]",GPT-6 SOL HIGH,"Gjenopprett dokumentert basisallergi og årlig MR/CT-sublimit, med Topps dokumenterte utvidelse som valgfri.","[""document > catalog"", ""optional availability != customer selected"", ""unknown != not covered"", ""provider/type/scope/version isolation"", ""product level and add-on boundaries"", ""side-swap symmetry without invented equivalents"", ""age start/reduction/expiry and object age kept distinct"", ""annual/accumulated/coverage mileage kept distinct"", ""per event/year/lifetime/selected sum kept distinct"", ""source page/hash and fact-specific provenance"", ""same object identity and pricing/TFA are not catalog eligibility""]",Source/scope gate satisfied for listed dimensions only; separate user authorization and regression still required.,"Frozen corpus 2026-09-29, not live current-source verification",Known catalog availability never selects a customer add-on,PLANNED_NOT_IMPLEMENTED,"[""B-003"", ""B-008"", ""B-010"", ""B-018"", ""B-022"", ""B-036"", ""B-038"", ""B-041"", ""B-048"", ""B-050"", ""B-053"", ""B-060"", ""B-062"", ""B-065"", ""B-070"", ""B-071"", ""B-072"", ""B-075"", ""B-077"", ""B-080"", ""B-087"", ""B-089"", ""B-091"", ""B-109"", ""B-110"", ""B-113"", ""B-116"", ""B-124"", ""B-125"", ""B-128"", ""B-129"", ""B-132"", ""B-133"", ""B-141"", ""B-143"", ""B-144"", ""B-147"", ""B-148"", ""B-152"", ""B-153"", ""B-154"", ""B-155"", ""B-156"", ""B-157"", ""B-160"", ""B-162"", ""B-166"", ""B-175"", ""B-177"", ""B-178"", ""B-181"", ""B-182"", ""B-187"", ""B-195"", ""B-196"", ""B-197"", ""B-199"", ""B-200""]",NOT_SAFE_FOR_PARALLEL_EXECUTION,One named file owner; source research may be parallel read-only. Disjoint files only after all dependencies pass. No agents launched in this triage.
B-010,2,Bevar Fremtind Hund rasegrupper ved livsfradrag,"[""FIX-DOG-LIFE""]","[""RC-091""]","[""SCRC-059""]","[""RB-55""]","[""3c5d03c25d19fbb5""]",[],1,1,1,1,0,"[""[\""sparebank1-fremtind\"",\""hund\"",\""ordinary\"",\""sparebank1-fremtind-hund-veterin-r\"",\""2025-08-07\""]""]","[""Hund""]","[""sparebank1-fremtind""]","[""ordinary""]","[""sparebank1-fremtind-hund-liv""]",CATALOG_DATA,DATA_BATCH,MEDIUM,IMPLEMENTATION_READY,MUST_BEFORE_NITO,LIKELY_SHARED_WITH_CUSTOMER_MODE,NOT_PROVEN_REQUIRED,Catalog knowledge improvement is shared where enrichment is eligible; no real customer PDF or extraction conclusion is claimed.,"[""lib/boat-pet-catalog.ts""]",[],tests/remediation-b-010.test.mjs (future; consolidate with relevant existing suite if clearer),[],[],[],"[""Own-source exact subject/value/unit/period/conditions with page/hash"", ""Exact base, inherited, optional and unavailable product-level combinations"", ""Same-product and both comparison directions; provider-specific facts stay asymmetric where appropriate"", ""Document X versus catalog Y: X wins; silent optional remains unknown; explicit not_selected remains not_selected"", ""Cross-provider/type/scope/version negatives; no customer object/pricing changes"", ""Rasegruppe, reduksjonsstart og opphør forblir ulike dimensjoner. Eksakt grensedato krever separat kildeavklaring.""]","[""Compare before/after exact scoped products against independent source-fact inventory"", ""Reverse-check changed claims for support and wrong-level leakage"", ""Re-run linked false-unknown controls with own-source oracle; inspect sources and details"", ""Record closed/reopened signature IDs; targeted family bulk comparison; held-out positive controls"", ""Full existing suite, TypeScript, ESLint, webpack production build, synthetic HTTP/PDF runtime, git diff --check after future implementation""]",GPT-6 SOL HIGH,"Ta inn den manglende niårsgruppen, gulv og hovedforfallsvilkår uten å velge side i den separate web-/fullvilkårskonflikten.","[""document > catalog"", ""optional availability != customer selected"", ""unknown != not covered"", ""provider/type/scope/version isolation"", ""product level and add-on boundaries"", ""side-swap symmetry without invented equivalents"", ""age start/reduction/expiry and object age kept distinct"", ""annual/accumulated/coverage mileage kept distinct"", ""per event/year/lifetime/selected sum kept distinct"", ""source page/hash and fact-specific provenance"", ""same object identity and pricing/TFA are not catalog eligibility""]",Source/scope gate satisfied for listed dimensions only; separate user authorization and regression still required.,"Frozen corpus 2026-09-29, not live current-source verification",Known catalog availability never selects a customer add-on,PLANNED_NOT_IMPLEMENTED,"[""B-003"", ""B-008"", ""B-009"", ""B-018"", ""B-022"", ""B-036"", ""B-038"", ""B-041"", ""B-048"", ""B-050"", ""B-053"", ""B-060"", ""B-062"", ""B-065"", ""B-070"", ""B-071"", ""B-072"", ""B-075"", ""B-077"", ""B-080"", ""B-087"", ""B-089"", ""B-091"", ""B-109"", ""B-110"", ""B-113"", ""B-116"", ""B-124"", ""B-125"", ""B-128"", ""B-129"", ""B-132"", ""B-133"", ""B-141"", ""B-143"", ""B-144"", ""B-147"", ""B-148"", ""B-152"", ""B-153"", ""B-154"", ""B-155"", ""B-156"", ""B-157"", ""B-160"", ""B-162"", ""B-166"", ""B-175"", ""B-177"", ""B-178"", ""B-181"", ""B-182"", ""B-187"", ""B-195"", ""B-196"", ""B-197"", ""B-199"", ""B-200""]",MAIN_AGENT_REVIEW_REQUIRED,One named file owner; source research may be parallel read-only. Disjoint files only after all dependencies pass. No agents launched in this triage.
B-011,2,Korriger Tryg Innbo Ekstras arv av fellesbodgrense,"[""FIX-EXTRA-STORAGE""]","[""RC-092""]","[""SCRC-048""]","[""RB-44""]","[""891bffa82bebd3a0""]",[],1,1,1,1,0,"[""[\""tryg\"",\""innbo\"",\""ordinary\"",\""tryg-innbo-ekstra\"",\""2026-07-01\""]""]","[""Innbo""]","[""tryg""]","[""ordinary""]",[],INHERITANCE,DATA_BATCH,MEDIUM,IMPLEMENTATION_READY,MUST_BEFORE_NITO,LIKELY_SHARED_WITH_CUSTOMER_MODE,NOT_PROVEN_REQUIRED,Catalog knowledge improvement is shared where enrichment is eligible; no real customer PDF or extraction conclusion is claimed.,"[""lib/tryg-innbo-catalog.ts""]",[],tests/remediation-b-011.test.mjs (future; consolidate with relevant existing suite if clearer),[],[],[],"[""Own-source exact subject/value/unit/period/conditions with page/hash"", ""Exact base, inherited, optional and unavailable product-level combinations"", ""Same-product and both comparison directions; provider-specific facts stay asymmetric where appropriate"", ""Document X versus catalog Y: X wins; silent optional remains unknown; explicit not_selected remains not_selected"", ""Cross-provider/type/scope/version negatives; no customer object/pricing changes"", ""Vanlig Innbo beholder egne grenser. Ingen erstatning av alle bodbegreper med én grense.""]","[""Compare before/after exact scoped products against independent source-fact inventory"", ""Reverse-check changed claims for support and wrong-level leakage"", ""Re-run linked false-unknown controls with own-source oracle; inspect sources and details"", ""Record closed/reopened signature IDs; targeted family bulk comparison; held-out positive controls"", ""Full existing suite, TypeScript, ESLint, webpack production build, synthetic HTTP/PDF runtime, git diff --check after future implementation""]",GPT-6 SOL HIGH,La Ekstras egne sted-/gjenstandsregler erstatte den feilaktig arvede grunnnivågrensen. Bevar skillet privat bod/fellesadkomst/ekstern bod/andre steder.,"[""document > catalog"", ""optional availability != customer selected"", ""unknown != not covered"", ""provider/type/scope/version isolation"", ""product level and add-on boundaries"", ""side-swap symmetry without invented equivalents"", ""age start/reduction/expiry and object age kept distinct"", ""annual/accumulated/coverage mileage kept distinct"", ""per event/year/lifetime/selected sum kept distinct"", ""source page/hash and fact-specific provenance"", ""same object identity and pricing/TFA are not catalog eligibility""]",Source/scope gate satisfied for listed dimensions only; separate user authorization and regression still required.,"Frozen corpus 2026-09-29, not live current-source verification",Known catalog availability never selects a customer add-on,PLANNED_NOT_IMPLEMENTED,"[""B-015"", ""B-090"", ""B-179"", ""B-180"", ""B-201""]",NOT_SAFE_FOR_PARALLEL_EXECUTION,One named file owner; source research may be parallel read-only. Disjoint files only after all dependencies pass. No agents launched in this triage.
B-012,2,Knytt Gjensidige Bobil skadedyr til Kasko,"[""FIX-GJ-BOBIL-PESTS""]","[""RC-094""]","[""SCRC-032""]","[""RB-28""]","[""d67df16cac74ac1a""]",[],1,1,1,1,0,"[""[\""gjensidige\"",\""bobil\"",\""ordinary\"",\""gjensidige-bobil-kasko\"",null]""]","[""Bobil""]","[""gjensidige""]","[""ordinary""]",[],INHERITANCE,DATA_BATCH,LOW,IMPLEMENTATION_READY,MUST_BEFORE_NITO,LIKELY_SHARED_WITH_CUSTOMER_MODE,NOT_PROVEN_REQUIRED,Catalog knowledge improvement is shared where enrichment is eligible; no real customer PDF or extraction conclusion is claimed.,"[""lib/mc-bobil-gjensidige-storebrand-catalog.ts""]",[],tests/remediation-b-012.test.mjs (future; consolidate with relevant existing suite if clearer),[],[],[],"[""Own-source exact subject/value/unit/period/conditions with page/hash"", ""Exact base, inherited, optional and unavailable product-level combinations"", ""Same-product and both comparison directions; provider-specific facts stay asymmetric where appropriate"", ""Document X versus catalog Y: X wins; silent optional remains unknown; explicit not_selected remains not_selected"", ""Cross-provider/type/scope/version negatives; no customer object/pricing changes"", ""Delkasko får ikke skadedyr. Kilde, parent/detail og sidebytte kontrolleres.""]","[""Compare before/after exact scoped products against independent source-fact inventory"", ""Reverse-check changed claims for support and wrong-level leakage"", ""Re-run linked false-unknown controls with own-source oracle; inspect sources and details"", ""Record closed/reopened signature IDs; targeted family bulk comparison; held-out positive controls"", ""Full existing suite, TypeScript, ESLint, webpack production build, synthetic HTTP/PDF runtime, git diff --check after future implementation""]",GPT-6 SOL HIGH,La Kasko få den uttrykkelig dokumenterte dekningen og dens egne vilkår; Pluss beholder den.,"[""document > catalog"", ""optional availability != customer selected"", ""unknown != not covered"", ""provider/type/scope/version isolation"", ""product level and add-on boundaries"", ""side-swap symmetry without invented equivalents"", ""age start/reduction/expiry and object age kept distinct"", ""annual/accumulated/coverage mileage kept distinct"", ""per event/year/lifetime/selected sum kept distinct"", ""source page/hash and fact-specific provenance"", ""same object identity and pricing/TFA are not catalog eligibility""]",Source/scope gate satisfied for listed dimensions only; separate user authorization and regression still required.,"Frozen corpus 2026-09-29, not live current-source verification",Known catalog availability never selects a customer add-on,PLANNED_NOT_IMPLEMENTED,"[""B-001"", ""B-047"", ""B-054"", ""B-074"", ""B-081"", ""B-123"", ""B-134"", ""B-159"", ""B-167""]",NOT_SAFE_FOR_PARALLEL_EXECUTION,One named file owner; source research may be parallel read-only. Disjoint files only after all dependencies pass. No agents launched in this triage.
B-013,2,Korriger Storebrand Hus aldersfradragets materialomfang,"[""FIX-HOUSE-DEDUCTION""]","[""RC-096""]","[""SCRC-014""]","[""RB-12""]","[""063f2fff5bf4ea6e""]","[""15fd26b2688897a4""]",2,4,1,2,2,"[""[\""storebrand\"",\""bolig\"",\""ordinary\"",\""storebrand-hus-standard\"",\""2025-08-15\""]"", ""[\""storebrand\"",\""bolig\"",\""ordinary\"",\""storebrand-hus-super\"",\""2025-08-15\""]""]","[""Hus""]","[""storebrand""]","[""ordinary""]",[],CATALOG_DATA,DATA_BATCH,LOW,IMPLEMENTATION_READY,MUST_BEFORE_NITO,LIKELY_SHARED_WITH_CUSTOMER_MODE,NOT_PROVEN_REQUIRED,Catalog knowledge improvement is shared where enrichment is eligible; no real customer PDF or extraction conclusion is claimed.,"[""lib/storebrand-hus-catalog.ts""]",[],tests/remediation-b-013.test.mjs (future; consolidate with relevant existing suite if clearer),[],[],[],"[""Own-source exact subject/value/unit/period/conditions with page/hash"", ""Exact base, inherited, optional and unavailable product-level combinations"", ""Same-product and both comparison directions; provider-specific facts stay asymmetric where appropriate"", ""Document X versus catalog Y: X wins; silent optional remains unknown; explicit not_selected remains not_selected"", ""Cross-provider/type/scope/version negatives; no customer object/pricing changes"", ""Plastrør og andre rør skilles; badeinnretningens elektriske delvilkår utvides ikke til hele kategorien.""]","[""Compare before/after exact scoped products against independent source-fact inventory"", ""Reverse-check changed claims for support and wrong-level leakage"", ""Re-run linked false-unknown controls with own-source oracle; inspect sources and details"", ""Record closed/reopened signature IDs; targeted family bulk comparison; held-out positive controls"", ""Full existing suite, TypeScript, ESLint, webpack production build, synthetic HTTP/PDF runtime, git diff --check after future implementation""]",GPT-6 SOL HIGH,Bevar satser men avgrens rør til dokumentert materiale. Ta den nærliggende P2-badeinnretningslabelen med i samme tabellrevisjon.,"[""document > catalog"", ""optional availability != customer selected"", ""unknown != not covered"", ""provider/type/scope/version isolation"", ""product level and add-on boundaries"", ""side-swap symmetry without invented equivalents"", ""age start/reduction/expiry and object age kept distinct"", ""annual/accumulated/coverage mileage kept distinct"", ""per event/year/lifetime/selected sum kept distinct"", ""source page/hash and fact-specific provenance"", ""same object identity and pricing/TFA are not catalog eligibility""]",Source/scope gate satisfied for listed dimensions only; separate user authorization and regression still required.,"Frozen corpus 2026-09-29, not live current-source verification",Known catalog availability never selects a customer add-on,PLANNED_NOT_IMPLEMENTED,"[""B-078"", ""B-163""]",MAIN_AGENT_REVIEW_REQUIRED,One named file owner; source research may be parallel read-only. Disjoint files only after all dependencies pass. No agents launched in this triage.
B-014,2,"Korriger Gjensidige Innbo geografi, sted og egenandel","[""FIX-INNBO-SCOPE""]","[""RC-100""]","[""SCRC-024""]","[""RB-21""]","[""07dbd5f80afdf0cd"", ""084efe78ee699c73"", ""1a60a06962435907"", ""23495713f8dfa933"", ""26c05b62a27b04aa"", ""c74c647eb0c3573a""]",[],6,8,6,8,0,"[""[\""gjensidige\"",\""innbo\"",\""ordinary\"",\""gj-innbo\"",null]"", ""[\""gjensidige\"",\""innbo\"",\""ordinary\"",\""gj-innbo-pluss\"",null]""]","[""Innbo""]","[""gjensidige""]","[""ordinary""]","[""gj-innbo-utleie""]",CATALOG_DATA,DATA_BATCH,MEDIUM,IMPLEMENTATION_READY,MUST_BEFORE_NITO,LIKELY_SHARED_WITH_CUSTOMER_MODE,NOT_PROVEN_REQUIRED,Catalog knowledge improvement is shared where enrichment is eligible; no real customer PDF or extraction conclusion is claimed.,"[""lib/gjensidige-innbo-catalog.ts""]",[],tests/remediation-b-014.test.mjs (future; consolidate with relevant existing suite if clearer),[],[],[],"[""Own-source exact subject/value/unit/period/conditions with page/hash"", ""Exact base, inherited, optional and unavailable product-level combinations"", ""Same-product and both comparison directions; provider-specific facts stay asymmetric where appropriate"", ""Document X versus catalog Y: X wins; silent optional remains unknown; explicit not_selected remains not_selected"", ""Cross-provider/type/scope/version negatives; no customer object/pricing changes"", ""Europa privatansvar, verdensomspennende sykkeluhell, fellesbod og misligholdt husleie må ikke blandes.""]","[""Compare before/after exact scoped products against independent source-fact inventory"", ""Reverse-check changed claims for support and wrong-level leakage"", ""Re-run linked false-unknown controls with own-source oracle; inspect sources and details"", ""Record closed/reopened signature IDs; targeted family bulk comparison; held-out positive controls"", ""Full existing suite, TypeScript, ESLint, webpack production build, synthetic HTTP/PDF runtime, git diff --check after future implementation""]",GPT-6 SOL HIGH,"Korriger de seks avgrensede kilde-/scopefeilene i eksisterende facts. Hver regel beholder egen hendelse, sted, nivå og proveniens.","[""document > catalog"", ""optional availability != customer selected"", ""unknown != not covered"", ""provider/type/scope/version isolation"", ""product level and add-on boundaries"", ""side-swap symmetry without invented equivalents"", ""age start/reduction/expiry and object age kept distinct"", ""annual/accumulated/coverage mileage kept distinct"", ""per event/year/lifetime/selected sum kept distinct"", ""source page/hash and fact-specific provenance"", ""same object identity and pricing/TFA are not catalog eligibility""]",Source/scope gate satisfied for listed dimensions only; separate user authorization and regression still required.,"Frozen corpus 2026-09-29, not live current-source verification",Known catalog availability never selects a customer add-on,PLANNED_NOT_IMPLEMENTED,"[""B-052"", ""B-131""]",MAIN_AGENT_REVIEW_REQUIRED,One named file owner; source research may be parallel read-only. Disjoint files only after all dependencies pass. No agents launched in this triage.
B-015,2,Skill Tryg Innbo flyttetyveri fra generell transportskade,"[""FIX-MOVING-THEFT""]","[""RC-103""]","[""SCRC-048""]","[""RB-44""]","[""b45608cad7c89e92""]",[],1,1,1,1,0,"[""[\""tryg\"",\""innbo\"",\""ordinary\"",\""tryg-innbo-ekstra\"",\""2026-07-01\""]""]","[""Innbo""]","[""tryg""]","[""ordinary""]",[],CANONICAL_MAPPING,SMALL_CODE,MEDIUM,MAPPING_REVIEW_FIRST,MUST_BEFORE_NITO,LIKELY_SHARED_WITH_CUSTOMER_MODE,NOT_PROVEN_REQUIRED,Catalog knowledge improvement is shared where enrichment is eligible; no real customer PDF or extraction conclusion is claimed.,"[""lib/tryg-innbo-catalog.ts""]","[""lib/insurance-normalization.ts""]",tests/remediation-b-015.test.mjs (future; consolidate with relevant existing suite if clearer),"[""CR-254""]",[],"[""CR-254""]","[""Own-source exact subject/value/unit/period/conditions with page/hash"", ""Exact base, inherited, optional and unavailable product-level combinations"", ""Same-product and both comparison directions; provider-specific facts stay asymmetric where appropriate"", ""Document X versus catalog Y: X wins; silent optional remains unknown; explicit not_selected remains not_selected"", ""Cross-provider/type/scope/version negatives; no customer object/pricing changes"", ""Privat flytting og generell transportskade må ikke få den profesjonelle flyttingens tyverigrense.""]","[""Compare before/after exact scoped products against independent source-fact inventory"", ""Reverse-check changed claims for support and wrong-level leakage"", ""Re-run linked false-unknown controls with own-source oracle; inspect sources and details"", ""Record closed/reopened signature IDs; targeted family bulk comparison; held-out positive controls"", ""Full existing suite, TypeScript, ESLint, webpack production build, synthetic HTTP/PDF runtime, git diff --check after future implementation""]",GPT-6 ASTRA EXTRA HIGH,Knytt den dokumenterte regelen til tyveri/skadeverk under flytting. Velg eksisterende eksakt hendelsesnøkkel eller avgrenset provider-detalj.,"[""document > catalog"", ""optional availability != customer selected"", ""unknown != not covered"", ""provider/type/scope/version isolation"", ""product level and add-on boundaries"", ""side-swap symmetry without invented equivalents"", ""age start/reduction/expiry and object age kept distinct"", ""annual/accumulated/coverage mileage kept distinct"", ""per event/year/lifetime/selected sum kept distinct"", ""source page/hash and fact-specific provenance"", ""same object identity and pricing/TFA are not catalog eligibility""]",Source/scope gate satisfied for listed dimensions only; separate user authorization and regression still required.,"Frozen corpus 2026-09-29, not live current-source verification",Known catalog availability never selects a customer add-on,PLANNED_NOT_IMPLEMENTED,"[""B-011"", ""B-017"", ""B-019"", ""B-020"", ""B-021"", ""B-090"", ""B-102"", ""B-103"", ""B-105"", ""B-106"", ""B-107"", ""B-114"", ""B-115"", ""B-121"", ""B-122"", ""B-130"", ""B-131"", ""B-135"", ""B-139"", ""B-145"", ""B-146"", ""B-149"", ""B-158"", ""B-163"", ""B-164"", ""B-165"", ""B-168"", ""B-173"", ""B-179"", ""B-180"", ""B-184"", ""B-201""]",NOT_SAFE_FOR_PARALLEL_EXECUTION,One named file owner; source research may be parallel read-only. Disjoint files only after all dependencies pass. No agents launched in this triage.
B-016,2,Korriger Gjensidige Reise Pluss enkeltgjenstands-overstyring,"[""FIX-PLUSS-LIMIT""]","[""RC-106""]","[""SCRC-029""]","[""RB-25""]","[""764ee65f51c3d731""]",[],1,1,1,1,0,"[""[\""gjensidige\"",\""reise\"",\""ordinary\"",\""gjensidige-reise-pluss\"",\""2026-09-20-canonical\""]""]","[""Reise""]","[""gjensidige""]","[""ordinary""]",[],INHERITANCE,TRIVIAL_DATA,LOW,IMPLEMENTATION_READY,MUST_BEFORE_NITO,LIKELY_SHARED_WITH_CUSTOMER_MODE,NOT_PROVEN_REQUIRED,Catalog knowledge improvement is shared where enrichment is eligible; no real customer PDF or extraction conclusion is claimed.,"[""lib/gjensidige-reise-catalog.ts""]",[],tests/remediation-b-016.test.mjs (future; consolidate with relevant existing suite if clearer),[],[],[],"[""Own-source exact subject/value/unit/period/conditions with page/hash"", ""Exact base, inherited, optional and unavailable product-level combinations"", ""Same-product and both comparison directions; provider-specific facts stay asymmetric where appropriate"", ""Document X versus catalog Y: X wins; silent optional remains unknown; explicit not_selected remains not_selected"", ""Cross-provider/type/scope/version negatives; no customer object/pricing changes"", ""Standard 20 000; Pluss 40 000; totalgrense og kundeavtalt dokumentverdi uendret.""]","[""Compare before/after exact scoped products against independent source-fact inventory"", ""Reverse-check changed claims for support and wrong-level leakage"", ""Re-run linked false-unknown controls with own-source oracle; inspect sources and details"", ""Record closed/reopened signature IDs; targeted family bulk comparison; held-out positive controls"", ""Full existing suite, TypeScript, ESLint, webpack production build, synthetic HTTP/PDF runtime, git diff --check after future implementation""]",GPT-6 SOL MEDIUM,Legg dokumentert Pluss-overstyring på eksisterende bagasje.per_gjenstand. Bevar korrekt totalgrense og Standard.,"[""document > catalog"", ""optional availability != customer selected"", ""unknown != not covered"", ""provider/type/scope/version isolation"", ""product level and add-on boundaries"", ""side-swap symmetry without invented equivalents"", ""age start/reduction/expiry and object age kept distinct"", ""annual/accumulated/coverage mileage kept distinct"", ""per event/year/lifetime/selected sum kept distinct"", ""source page/hash and fact-specific provenance"", ""same object identity and pricing/TFA are not catalog eligibility""]",Source/scope gate satisfied for listed dimensions only; separate user authorization and regression still required.,"Frozen corpus 2026-09-29, not live current-source verification",Known catalog availability never selects a customer add-on,PLANNED_NOT_IMPLEMENTED,"[""B-055"", ""B-135""]",NOT_SAFE_FOR_PARALLEL_EXECUTION,One named file owner; source research may be parallel read-only. Disjoint files only after all dependencies pass. No agents launched in this triage.
B-017,2,"Skill Fremtind Reise avgang, innhenting og transittutgift","[""MAP-FREMTIND-DEPARTURE""]","[""RC-107""]","[""SCRC-054""]","[""RB-50""]","[""8caf6fc009da76e7""]",[],1,1,1,1,0,"[""[\""fremtind\"",\""reise\"",\""ordinary\"",\""fremtind-reise\"",\""PRE-450.200-015\""]""]","[""Reise""]","[""fremtind""]","[""ordinary""]",[],CANONICAL_MAPPING,SMALL_CODE,MEDIUM,MAPPING_REVIEW_FIRST,MUST_BEFORE_NITO,LIKELY_SHARED_WITH_CUSTOMER_MODE,NOT_PROVEN_REQUIRED,Catalog knowledge improvement is shared where enrichment is eligible; no real customer PDF or extraction conclusion is claimed.,"[""lib/fremtind-reise-catalog.ts""]","[""lib/insurance-normalization.ts""]",tests/remediation-b-017.test.mjs (future; consolidate with relevant existing suite if clearer),"[""CR-382""]",[],"[""CR-382""]","[""Own-source exact subject/value/unit/period/conditions with page/hash"", ""Exact base, inherited, optional and unavailable product-level combinations"", ""Same-product and both comparison directions; provider-specific facts stay asymmetric where appropriate"", ""Document X versus catalog Y: X wins; silent optional remains unknown; explicit not_selected remains not_selected"", ""Cross-provider/type/scope/version negatives; no customer object/pricing changes"", ""Kundeutgifter og produktmaks holdes ulike; ikke importer historisk Eika.""]","[""Compare before/after exact scoped products against independent source-fact inventory"", ""Reverse-check changed claims for support and wrong-level leakage"", ""Re-run linked false-unknown controls with own-source oracle; inspect sources and details"", ""Record closed/reopened signature IDs; targeted family bulk comparison; held-out positive controls"", ""Full existing suite, TypeScript, ESLint, webpack production build, synthetic HTTP/PDF runtime, git diff --check after future implementation""]",GPT-6 ASTRA EXTRA HIGH,Skill den dokumenterte avgangsregelen fra fremmøte/innhenting; behold 24-timersvilkåret og klær/toalett under riktig hendelse.,"[""document > catalog"", ""optional availability != customer selected"", ""unknown != not covered"", ""provider/type/scope/version isolation"", ""product level and add-on boundaries"", ""side-swap symmetry without invented equivalents"", ""age start/reduction/expiry and object age kept distinct"", ""annual/accumulated/coverage mileage kept distinct"", ""per event/year/lifetime/selected sum kept distinct"", ""source page/hash and fact-specific provenance"", ""same object identity and pricing/TFA are not catalog eligibility""]",Source/scope gate satisfied for listed dimensions only; separate user authorization and regression still required.,"Frozen corpus 2026-09-29, not live current-source verification",Known catalog availability never selects a customer add-on,PLANNED_NOT_IMPLEMENTED,"[""B-015"", ""B-019"", ""B-020"", ""B-021"", ""B-032"", ""B-102"", ""B-103"", ""B-105"", ""B-106"", ""B-107"", ""B-114"", ""B-115"", ""B-121"", ""B-122"", ""B-130"", ""B-131"", ""B-135"", ""B-139"", ""B-145"", ""B-146"", ""B-149"", ""B-158"", ""B-163"", ""B-164"", ""B-165"", ""B-168"", ""B-173"", ""B-179"", ""B-180"", ""B-184"", ""B-192"", ""B-205""]",NOT_SAFE_FOR_PARALLEL_EXECUTION,One named file owner; source research may be parallel read-only. Disjoint files only after all dependencies pass. No agents launched in this triage.
B-018,2,Samle dokumentert brukstap under Frende Hund Tap,"[""MAP-FRENDE-TAP""]","[""RC-108""]","[""SCRC-016""]","[""RB-14""]","[""461c6c588118df04""]",[],1,1,1,1,0,"[""[\""frende\"",\""hund\"",\""ordinary\"",\""frende-hund-veterin-r\"",\""2026-01-01\""]""]","[""Hund""]","[""frende""]","[""ordinary""]","[""frende-hund-bruksverdi""]",ADDON,SMALL_CODE,MEDIUM,MAPPING_REVIEW_FIRST,MUST_BEFORE_NITO,LIKELY_SHARED_WITH_CUSTOMER_MODE,NOT_PROVEN_REQUIRED,Catalog knowledge improvement is shared where enrichment is eligible; no real customer PDF or extraction conclusion is claimed.,"[""lib/boat-pet-catalog.ts""]","[""lib/boat-pet-registry.ts""]",tests/remediation-b-018.test.mjs (future; consolidate with relevant existing suite if clearer),"[""CR-162""]",[],"[""CR-162""]","[""Own-source exact subject/value/unit/period/conditions with page/hash"", ""Exact base, inherited, optional and unavailable product-level combinations"", ""Same-product and both comparison directions; provider-specific facts stay asymmetric where appropriate"", ""Document X versus catalog Y: X wins; silent optional remains unknown; explicit not_selected remains not_selected"", ""Cross-provider/type/scope/version negatives; no customer object/pricing changes"", ""Tap alene får riktig deldekning; separat Bruksverdi kan ikke skape udokumentert produkt; kundens Tap-valg må ikke antas.""]","[""Compare before/after exact scoped products against independent source-fact inventory"", ""Reverse-check changed claims for support and wrong-level leakage"", ""Re-run linked false-unknown controls with own-source oracle; inspect sources and details"", ""Record closed/reopened signature IDs; targeted family bulk comparison; held-out positive controls"", ""Full existing suite, TypeScript, ESLint, webpack production build, synthetic HTTP/PDF runtime, git diff --check after future implementation""]",GPT-6 ASTRA EXTRA HIGH,Knytt brukstapsfakta til den kildebestemte Tap-komponenten. Unngå en selvstendig valgmulighet som dokumentasjonen ikke støtter.,"[""document > catalog"", ""optional availability != customer selected"", ""unknown != not covered"", ""provider/type/scope/version isolation"", ""product level and add-on boundaries"", ""side-swap symmetry without invented equivalents"", ""age start/reduction/expiry and object age kept distinct"", ""annual/accumulated/coverage mileage kept distinct"", ""per event/year/lifetime/selected sum kept distinct"", ""source page/hash and fact-specific provenance"", ""same object identity and pricing/TFA are not catalog eligibility""]",Source/scope gate satisfied for listed dimensions only; separate user authorization and regression still required.,"Frozen corpus 2026-09-29, not live current-source verification",Known catalog availability never selects a customer add-on,PLANNED_NOT_IMPLEMENTED,"[""B-003"", ""B-008"", ""B-009"", ""B-010"", ""B-022"", ""B-036"", ""B-038"", ""B-041"", ""B-048"", ""B-050"", ""B-053"", ""B-060"", ""B-062"", ""B-065"", ""B-070"", ""B-071"", ""B-072"", ""B-075"", ""B-077"", ""B-080"", ""B-087"", ""B-089"", ""B-091"", ""B-109"", ""B-110"", ""B-113"", ""B-116"", ""B-124"", ""B-125"", ""B-128"", ""B-129"", ""B-132"", ""B-133"", ""B-141"", ""B-143"", ""B-144"", ""B-147"", ""B-148"", ""B-152"", ""B-153"", ""B-154"", ""B-155"", ""B-156"", ""B-157"", ""B-160"", ""B-162"", ""B-166"", ""B-175"", ""B-177"", ""B-178"", ""B-181"", ""B-182"", ""B-187"", ""B-195"", ""B-196"", ""B-197"", ""B-199"", ""B-200""]",NOT_SAFE_FOR_PARALLEL_EXECUTION,One named file owner; source research may be parallel read-only. Disjoint files only after all dependencies pass. No agents launched in this triage.
B-019,2,Representer Storebrand Reise dagstur på korrekt overnattingsdimensjon,"[""MAP-OVERNIGHT""]","[""RC-109""]","[""SCRC-020""]","[""RB-18""]","[""0def48b35239d8dc""]",[],1,1,1,1,0,"[""[\""storebrand\"",\""reise\"",\""ordinary\"",\""storebrand-reise-standard\"",\""2026-09-20-canonical\""]""]","[""Reise""]","[""storebrand""]","[""ordinary""]",[],CANONICAL_MAPPING,SMALL_CODE,MEDIUM,MAPPING_REVIEW_FIRST,MUST_BEFORE_NITO,LIKELY_SHARED_WITH_CUSTOMER_MODE,NOT_PROVEN_REQUIRED,Catalog knowledge improvement is shared where enrichment is eligible; no real customer PDF or extraction conclusion is claimed.,"[""lib/storebrand-reise-catalog.ts""]","[""lib/insurance-normalization.ts""]",tests/remediation-b-019.test.mjs (future; consolidate with relevant existing suite if clearer),"[""CR-394""]",[],"[""CR-394""]","[""Own-source exact subject/value/unit/period/conditions with page/hash"", ""Exact base, inherited, optional and unavailable product-level combinations"", ""Same-product and both comparison directions; provider-specific facts stay asymmetric where appropriate"", ""Document X versus catalog Y: X wins; silent optional remains unknown; explicit not_selected remains not_selected"", ""Cross-provider/type/scope/version negatives; no customer object/pricing changes"", ""Standard versus Tryg Ekstra/Premium begge veier; avbestilling/leiebil beholder egne overnattingskrav.""]","[""Compare before/after exact scoped products against independent source-fact inventory"", ""Reverse-check changed claims for support and wrong-level leakage"", ""Re-run linked false-unknown controls with own-source oracle; inspect sources and details"", ""Record closed/reopened signature IDs; targeted family bulk comparison; held-out positive controls"", ""Full existing suite, TypeScript, ESLint, webpack production build, synthetic HTTP/PDF runtime, git diff --check after future implementation""]",GPT-6 ASTRA EXTRA HIGH,Bruk eksplisitt kildebundet reise.overnatting for generell reisedefinisjon. Ingen UI- eller runtime-utledning fra geografitekst. Avklar at Trygs sammensatte ordlyd ikke overfører tjenestereise.,"[""document > catalog"", ""optional availability != customer selected"", ""unknown != not covered"", ""provider/type/scope/version isolation"", ""product level and add-on boundaries"", ""side-swap symmetry without invented equivalents"", ""age start/reduction/expiry and object age kept distinct"", ""annual/accumulated/coverage mileage kept distinct"", ""per event/year/lifetime/selected sum kept distinct"", ""source page/hash and fact-specific provenance"", ""same object identity and pricing/TFA are not catalog eligibility""]",Source/scope gate satisfied for listed dimensions only; separate user authorization and regression still required.,"Frozen corpus 2026-09-29, not live current-source verification",Known catalog availability never selects a customer add-on,PLANNED_NOT_IMPLEMENTED,"[""B-015"", ""B-017"", ""B-020"", ""B-021"", ""B-082"", ""B-102"", ""B-103"", ""B-105"", ""B-106"", ""B-107"", ""B-114"", ""B-115"", ""B-121"", ""B-122"", ""B-130"", ""B-131"", ""B-135"", ""B-139"", ""B-145"", ""B-146"", ""B-149"", ""B-158"", ""B-163"", ""B-164"", ""B-165"", ""B-168"", ""B-173"", ""B-179"", ""B-180"", ""B-184""]",NOT_SAFE_FOR_PARALLEL_EXECUTION,One named file owner; source research may be parallel read-only. Disjoint files only after all dependencies pass. No agents launched in this triage.
B-020,2,Bevar Gjensidige Hus gnagerfakta ved råte-/insektutvidelse,"[""MAP-PESTS""]","[""RC-110""]","[""SCRC-027""]","[""RB-23""]","[""eb5ab1901f70dfbd"", ""fd13be8474440377""]",[],2,2,2,2,0,"[""[\""gjensidige\"",\""bolig\"",\""ordinary\"",\""gjensidige-hus\"",\""Alminnelige vilkår\""]"", ""[\""gjensidige\"",\""bolig\"",\""ordinary\"",\""gjensidige-hus-pluss\"",\""Alminnelige vilkår\""]""]","[""Hus""]","[""gjensidige""]","[""ordinary""]","[""gjensidige-hus-rate-insekter""]",INHERITANCE,SMALL_CODE,MEDIUM,MAPPING_REVIEW_FIRST,MUST_BEFORE_NITO,LIKELY_SHARED_WITH_CUSTOMER_MODE,NOT_PROVEN_REQUIRED,Catalog knowledge improvement is shared where enrichment is eligible; no real customer PDF or extraction conclusion is claimed.,"[""lib/gjensidige-hus-catalog.ts""]","[""lib/insurance-normalization.ts""]",tests/remediation-b-020.test.mjs (future; consolidate with relevant existing suite if clearer),"[""CR-230"", ""CR-231""]",[],"[""CR-230"", ""CR-231""]","[""Own-source exact subject/value/unit/period/conditions with page/hash"", ""Exact base, inherited, optional and unavailable product-level combinations"", ""Same-product and both comparison directions; provider-specific facts stay asymmetric where appropriate"", ""Document X versus catalog Y: X wins; silent optional remains unknown; explicit not_selected remains not_selected"", ""Cross-provider/type/scope/version negatives; no customer object/pricing changes"", ""Standard med/uten tillegg og Pluss beholder mus/rotter, lukt/isolasjon samt egne insektvilkår.""]","[""Compare before/after exact scoped products against independent source-fact inventory"", ""Reverse-check changed claims for support and wrong-level leakage"", ""Re-run linked false-unknown controls with own-source oracle; inspect sources and details"", ""Record closed/reopened signature IDs; targeted family bulk comparison; held-out positive controls"", ""Full existing suite, TypeScript, ESLint, webpack production build, synthetic HTTP/PDF runtime, git diff --check after future implementation""]",GPT-6 ASTRA EXTRA HIGH,"Avgrens komponentenes semantiske identiteter slik at insektutvidelse ikke erstatter gjeldende gnagerskade/bekjempelse. Vurder lokale fakta først, ikke global endring av replacesBase.","[""document > catalog"", ""optional availability != customer selected"", ""unknown != not covered"", ""provider/type/scope/version isolation"", ""product level and add-on boundaries"", ""side-swap symmetry without invented equivalents"", ""age start/reduction/expiry and object age kept distinct"", ""annual/accumulated/coverage mileage kept distinct"", ""per event/year/lifetime/selected sum kept distinct"", ""source page/hash and fact-specific provenance"", ""same object identity and pricing/TFA are not catalog eligibility""]",Source/scope gate satisfied for listed dimensions only; separate user authorization and regression still required.,"Frozen corpus 2026-09-29, not live current-source verification",Known catalog availability never selects a customer add-on,PLANNED_NOT_IMPLEMENTED,"[""B-007"", ""B-015"", ""B-017"", ""B-019"", ""B-021"", ""B-051"", ""B-102"", ""B-103"", ""B-105"", ""B-106"", ""B-107"", ""B-114"", ""B-115"", ""B-121"", ""B-122"", ""B-130"", ""B-131"", ""B-135"", ""B-139"", ""B-145"", ""B-146"", ""B-149"", ""B-158"", ""B-163"", ""B-164"", ""B-165"", ""B-168"", ""B-173"", ""B-179"", ""B-180"", ""B-184""]",NOT_SAFE_FOR_PARALLEL_EXECUTION,One named file owner; source research may be parallel read-only. Disjoint files only after all dependencies pass. No agents launched in this triage.
B-021,2,Skill Storebrand forsinket avgang fra fremmøte,"[""MAP-TRAVEL-DEPARTURE""]","[""RC-111""]","[""SCRC-015""]","[""RB-13""]","[""a20572d9ec59ed5e""]",[],1,1,1,1,0,"[""[\""storebrand\"",\""reise\"",\""ordinary\"",\""storebrand-reise-standard\"",\""2026-09-20-canonical\""]""]","[""Reise""]","[""storebrand""]","[""ordinary""]",[],CANONICAL_MAPPING,SMALL_CODE,MEDIUM,MAPPING_REVIEW_FIRST,MUST_BEFORE_NITO,LIKELY_SHARED_WITH_CUSTOMER_MODE,NOT_PROVEN_REQUIRED,Catalog knowledge improvement is shared where enrichment is eligible; no real customer PDF or extraction conclusion is claimed.,"[""lib/storebrand-reise-catalog.ts""]","[""lib/insurance-normalization.ts""]",tests/remediation-b-021.test.mjs (future; consolidate with relevant existing suite if clearer),"[""CR-381""]",[],"[""CR-381""]","[""Own-source exact subject/value/unit/period/conditions with page/hash"", ""Exact base, inherited, optional and unavailable product-level combinations"", ""Same-product and both comparison directions; provider-specific facts stay asymmetric where appropriate"", ""Document X versus catalog Y: X wins; silent optional remains unknown; explicit not_selected remains not_selected"", ""Cross-provider/type/scope/version negatives; no customer object/pricing changes"", ""1 500/20 000-grenene må ikke kryssmates; Standard/Super og hotellskillene bevares.""]","[""Compare before/after exact scoped products against independent source-fact inventory"", ""Reverse-check changed claims for support and wrong-level leakage"", ""Re-run linked false-unknown controls with own-source oracle; inspect sources and details"", ""Record closed/reopened signature IDs; targeted family bulk comparison; held-out positive controls"", ""Full existing suite, TypeScript, ESLint, webpack production build, synthetic HTTP/PDF runtime, git diff --check after future implementation""]",GPT-6 ASTRA EXTRA HIGH,Skill ytelsene før tallkorrigering: avgang med transportørens 24-timersgren er ikke samme hendelse som forsinket fremmøte.,"[""document > catalog"", ""optional availability != customer selected"", ""unknown != not covered"", ""provider/type/scope/version isolation"", ""product level and add-on boundaries"", ""side-swap symmetry without invented equivalents"", ""age start/reduction/expiry and object age kept distinct"", ""annual/accumulated/coverage mileage kept distinct"", ""per event/year/lifetime/selected sum kept distinct"", ""source page/hash and fact-specific provenance"", ""same object identity and pricing/TFA are not catalog eligibility""]",Source/scope gate satisfied for listed dimensions only; separate user authorization and regression still required.,"Frozen corpus 2026-09-29, not live current-source verification",Known catalog availability never selects a customer add-on,PLANNED_NOT_IMPLEMENTED,"[""B-015"", ""B-017"", ""B-019"", ""B-020"", ""B-082"", ""B-102"", ""B-103"", ""B-105"", ""B-106"", ""B-107"", ""B-114"", ""B-115"", ""B-121"", ""B-122"", ""B-130"", ""B-131"", ""B-135"", ""B-139"", ""B-145"", ""B-146"", ""B-149"", ""B-158"", ""B-163"", ""B-164"", ""B-165"", ""B-168"", ""B-173"", ""B-179"", ""B-180"", ""B-184""]",NOT_SAFE_FOR_PARALLEL_EXECUTION,One named file owner; source research may be parallel read-only. Disjoint files only after all dependencies pass. No agents launched in this triage.
B-022,2,Avklar Gjensidige Bruk som avhengig tillegg til Liv,"[""MODEL-BRUK-LIV""]","[""RC-112""]","[""SCRC-035""]","[""RB-31""]","[""22894946841d0ce5"", ""3327dc0e4134e2c5""]",[],2,2,2,2,0,"[""[\""gjensidige\"",\""hund\"",\""ordinary\"",\""gjensidige-hund-behandling\"",null]"", ""[\""gjensidige\"",\""katt\"",\""ordinary\"",\""gjensidige-katt-behandling\"",null]""]","[""Hund"", ""Katt""]","[""gjensidige""]","[""ordinary""]","[""gjensidige-hund-bruk""]",ADDON,SMALL_CODE,MEDIUM,CANONICAL_REVIEW_FIRST,MUST_BEFORE_NITO,LIKELY_SHARED_WITH_CUSTOMER_MODE,NOT_PROVEN_REQUIRED,Catalog knowledge improvement is shared where enrichment is eligible; no real customer PDF or extraction conclusion is claimed.,"[""lib/boat-pet-catalog.ts""]","[""lib/boat-pet-registry.ts"", ""lib/product-catalog.ts"", ""lib/manual-product-selection.ts"", ""lib/catalog-enrichment.ts"", ""lib/catalog-product-comparison.ts""]",tests/remediation-b-022.test.mjs (future; consolidate with relevant existing suite if clearer),"[""CR-160"", ""CR-292""]",[],"[""CR-160"", ""CR-292""]","[""Own-source exact subject/value/unit/period/conditions with page/hash"", ""Exact base, inherited, optional and unavailable product-level combinations"", ""Same-product and both comparison directions; provider-specific facts stay asymmetric where appropriate"", ""Document X versus catalog Y: X wins; silent optional remains unknown; explicit not_selected remains not_selected"", ""Cross-provider/type/scope/version negatives; no customer object/pricing changes"", ""Bruk uten Liv avvises eller vises avhengig uten å velge Liv automatisk; Hund/Katt forblir isolert.""]","[""Compare before/after exact scoped products against independent source-fact inventory"", ""Reverse-check changed claims for support and wrong-level leakage"", ""Re-run linked false-unknown controls with own-source oracle; inspect sources and details"", ""Record closed/reopened signature IDs; targeted family bulk comparison; held-out positive controls"", ""Full existing suite, TypeScript, ESLint, webpack production build, synthetic HTTP/PDF runtime, git diff --check after future implementation""]",GPT-6 ASTRA EXTRA HIGH,"Avklar minste eksplisitte avhengighetsrepresentasjon. Dagens requiresLevel gjelder hovedprodukt, ikke valgt annet tillegg. Katt Bruk må ha egen artsnøkkel/proveniens.","[""document > catalog"", ""optional availability != customer selected"", ""unknown != not covered"", ""provider/type/scope/version isolation"", ""product level and add-on boundaries"", ""side-swap symmetry without invented equivalents"", ""age start/reduction/expiry and object age kept distinct"", ""annual/accumulated/coverage mileage kept distinct"", ""per event/year/lifetime/selected sum kept distinct"", ""source page/hash and fact-specific provenance"", ""same object identity and pricing/TFA are not catalog eligibility""]",Source/scope gate satisfied for listed dimensions only; separate user authorization and regression still required.,"Frozen corpus 2026-09-29, not live current-source verification",Known catalog availability never selects a customer add-on,PLANNED_NOT_IMPLEMENTED,"[""B-003"", ""B-008"", ""B-009"", ""B-010"", ""B-018"", ""B-036"", ""B-038"", ""B-041"", ""B-048"", ""B-050"", ""B-053"", ""B-060"", ""B-062"", ""B-065"", ""B-070"", ""B-071"", ""B-072"", ""B-075"", ""B-077"", ""B-080"", ""B-087"", ""B-089"", ""B-091"", ""B-109"", ""B-110"", ""B-113"", ""B-116"", ""B-124"", ""B-125"", ""B-128"", ""B-129"", ""B-132"", ""B-133"", ""B-141"", ""B-143"", ""B-144"", ""B-147"", ""B-148"", ""B-152"", ""B-153"", ""B-154"", ""B-155"", ""B-156"", ""B-157"", ""B-160"", ""B-162"", ""B-166"", ""B-175"", ""B-177"", ""B-178"", ""B-181"", ""B-182"", ""B-187"", ""B-195"", ""B-196"", ""B-197"", ""B-199"", ""B-200""]",NOT_SAFE_FOR_PARALLEL_EXECUTION,One named file owner; source research may be parallel read-only. Disjoint files only after all dependencies pass. No agents launched in this triage.
B-023,3,Materialiser Fremtind MC ordinær nyverdi,"[""FIX-FREMTIND-MC-NEWVALUE""]","[""RC-093""]","[""SCRC-006"", ""SCRC-056""]","[""RB-05"", ""RB-52""]","[""c4083286b86c6a98"", ""fa5c6d8e90dc0961""]",[],2,3,2,3,0,"[""[\""fremtind\"",\""mc\"",\""ordinary-sparebank1\"",\""fremtind-mc-delkasko\"",null]"", ""[\""fremtind\"",\""mc\"",\""ordinary-sparebank1\"",\""fremtind-mc-kasko\"",null]""]","[""MC""]","[""fremtind""]","[""ordinary-sparebank1""]",[],CATALOG_DATA,DATA_BATCH,LOW,IMPLEMENTATION_READY,MUST_BEFORE_NITO,LIKELY_SHARED_WITH_CUSTOMER_MODE,NOT_PROVEN_REQUIRED,Catalog knowledge improvement is shared where enrichment is eligible; no real customer PDF or extraction conclusion is claimed.,"[""lib/mc-bobil-fremtind-frende-catalog.ts""]",[],tests/remediation-b-023.test.mjs (future; consolidate with relevant existing suite if clearer),[],[],[],"[""Own-source exact subject/value/unit/period/conditions with page/hash"", ""Exact base, inherited, optional and unavailable product-level combinations"", ""Same-product and both comparison directions; provider-specific facts stay asymmetric where appropriate"", ""Document X versus catalog Y: X wins; silent optional remains unknown; explicit not_selected remains not_selected"", ""Cross-provider/type/scope/version negatives; no customer object/pricing changes"", ""Mini/Kasko får bare den MC-spesifikke regelen; dokumentets nyverdi og kjørelengde overstyrer ikke hverandre.""]","[""Compare before/after exact scoped products against independent source-fact inventory"", ""Reverse-check changed claims for support and wrong-level leakage"", ""Re-run linked false-unknown controls with own-source oracle; inspect sources and details"", ""Record closed/reopened signature IDs; targeted family bulk comparison; held-out positive controls"", ""Full existing suite, TypeScript, ESLint, webpack production build, synthetic HTTP/PDF runtime, git diff --check after future implementation""]",GPT-6 SOL HIGH,"Bruk MC-spesifikk Minikasko-regel og Kaskos henvisning med alder, km, skadegrad, eierskap og tidligere skade. Ingen overføring til Snøscooter eller annen kanal.","[""document > catalog"", ""optional availability != customer selected"", ""unknown != not covered"", ""provider/type/scope/version isolation"", ""product level and add-on boundaries"", ""side-swap symmetry without invented equivalents"", ""age start/reduction/expiry and object age kept distinct"", ""annual/accumulated/coverage mileage kept distinct"", ""per event/year/lifetime/selected sum kept distinct"", ""source page/hash and fact-specific provenance"", ""same object identity and pricing/TFA are not catalog eligibility""]",Source/scope gate satisfied for listed dimensions only; separate user authorization and regression still required.,"Frozen corpus 2026-09-29, not live current-source verification",Known catalog availability never selects a customer add-on,PLANNED_NOT_IMPLEMENTED,"[""B-028"", ""B-031"", ""B-035"", ""B-042"", ""B-101"", ""B-104"", ""B-108"", ""B-117"", ""B-190""]",MAIN_AGENT_REVIEW_REQUIRED,One named file owner; source research may be parallel read-only. Disjoint files only after all dependencies pass. No agents launched in this triage.
B-024,3,Materialiser If Campingvogn Supers dokumenterte ytelser,"[""FIX-IF-CAMPING-SUPER""]","[""RC-098""]","[""SCRC-037""]","[""RB-33""]","[""1bcf37ecc25fb06f"", ""5de1c3220240a49c"", ""7767772472433807"", ""afa3ddda767c07bd"", ""afdcc44c2d6f17bf"", ""ba0e61ddef340f9f"", ""d5522caef913e512"", ""e2dc52bbb424c46f"", ""fed78a7a76ab864d""]",[],9,9,9,9,0,"[""[\""if\"",\""campingvogn\"",\""ordinary\"",\""if-campingvogn-super\"",\""2024-03\""]""]","[""Campingvogn""]","[""if""]","[""ordinary""]",[],CATALOG_DATA,DATA_BATCH,MEDIUM,IMPLEMENTATION_READY,MUST_BEFORE_NITO,LIKELY_SHARED_WITH_CUSTOMER_MODE,NOT_PROVEN_REQUIRED,Catalog knowledge improvement is shared where enrichment is eligible; no real customer PDF or extraction conclusion is claimed.,"[""lib/vehicle-object-catalog.ts""]",[],tests/remediation-b-024.test.mjs (future; consolidate with relevant existing suite if clearer),[],[],[],"[""Own-source exact subject/value/unit/period/conditions with page/hash"", ""Exact base, inherited, optional and unavailable product-level combinations"", ""Same-product and both comparison directions; provider-specific facts stay asymmetric where appropriate"", ""Document X versus catalog Y: X wins; silent optional remains unknown; explicit not_selected remains not_selected"", ""Cross-provider/type/scope/version negatives; no customer object/pricing changes"", ""Kasko/Delkasko får ikke Superytelser; fuktkontroll, alder og kildehenvisning må følge ytelsen.""]","[""Compare before/after exact scoped products against independent source-fact inventory"", ""Reverse-check changed claims for support and wrong-level leakage"", ""Re-run linked false-unknown controls with own-source oracle; inspect sources and details"", ""Record closed/reopened signature IDs; targeted family bulk comparison; held-out positive controls"", ""Full existing suite, TypeScript, ESLint, webpack production build, synthetic HTTP/PDF runtime, git diff --check after future implementation""]",GPT-6 SOL HIGH,"Utvid bare Super med SV707s dokumenterte fukt-, ferie-, løsøre-, skadedyr- og nyverdiregler. Supergaranti med manglende fullvilkår holdes utenfor.","[""document > catalog"", ""optional availability != customer selected"", ""unknown != not covered"", ""provider/type/scope/version isolation"", ""product level and add-on boundaries"", ""side-swap symmetry without invented equivalents"", ""age start/reduction/expiry and object age kept distinct"", ""annual/accumulated/coverage mileage kept distinct"", ""per event/year/lifetime/selected sum kept distinct"", ""source page/hash and fact-specific provenance"", ""same object identity and pricing/TFA are not catalog eligibility""]",Source/scope gate satisfied for listed dimensions only; separate user authorization and regression still required.,"Frozen corpus 2026-09-29, not live current-source verification",Known catalog availability never selects a customer add-on,PLANNED_NOT_IMPLEMENTED,"[""B-025"", ""B-026"", ""B-027"", ""B-037"", ""B-044"", ""B-045"", ""B-049"", ""B-056"", ""B-057"", ""B-061"", ""B-068"", ""B-069"", ""B-076"", ""B-083"", ""B-084"", ""B-088"", ""B-094"", ""B-095"", ""B-096"", ""B-097"", ""B-098"", ""B-099"", ""B-100"", ""B-111"", ""B-112"", ""B-118"", ""B-119"", ""B-120"", ""B-126"", ""B-127"", ""B-136"", ""B-137"", ""B-138"", ""B-142"", ""B-150"", ""B-151"", ""B-161"", ""B-169"", ""B-170"", ""B-171"", ""B-172"", ""B-176"", ""B-185"", ""B-186"", ""B-188"", ""B-189"", ""B-194"", ""B-204""]",MAIN_AGENT_REVIEW_REQUIRED,One named file owner; source research may be parallel read-only. Disjoint files only after all dependencies pass. No agents launched in this triage.
B-025,3,eika-fremtind · Campingvogn · ordinary: Materialiser dokumenterte P1-dimensjoner på eksisterende nøkler,"[""eika-fremtind"", ""Campingvogn"", ""ordinary"", ""DATA""]","[""RC-001""]","[""SCRC-056""]","[""RB-52""]","[""2aba061e5d8242d5"", ""532cb1d34c972165"", ""566b797ec3dd2fdc""]",[],3,5,3,5,0,"[""[\""eika-fremtind\"",\""campingvogn\"",\""ordinary\"",\""eika-fremtind-campingvogn-kasko\"",\""2024-03-21\""]"", ""[\""eika-fremtind\"",\""campingvogn\"",\""ordinary\"",\""eika-fremtind-campingvogn-minikasko\"",\""2024-03-21\""]""]","[""Campingvogn""]","[""eika-fremtind""]","[""ordinary""]",[],CATALOG_DATA,DATA_BATCH,MEDIUM,IMPLEMENTATION_READY,MUST_BEFORE_NITO,LIKELY_SHARED_WITH_CUSTOMER_MODE,NOT_PROVEN_REQUIRED,Catalog knowledge improvement is shared where enrichment is eligible; no real customer PDF or extraction conclusion is claimed.,"[""lib/vehicle-object-catalog.ts""]",[],tests/remediation-b-025.test.mjs (future; consolidate with relevant existing suite if clearer),[],[],[],"[""Own-source exact subject/value/unit/period/conditions with page/hash"", ""Exact base, inherited, optional and unavailable product-level combinations"", ""Same-product and both comparison directions; provider-specific facts stay asymmetric where appropriate"", ""Document X versus catalog Y: X wins; silent optional remains unknown; explicit not_selected remains not_selected"", ""Cross-provider/type/scope/version negatives; no customer object/pricing changes"", ""Glass / limits (GAP-5300); Redning / scope (GAP-5301); Fukt / conditions (GAP-5321)""]","[""Compare before/after exact scoped products against independent source-fact inventory"", ""Reverse-check changed claims for support and wrong-level leakage"", ""Re-run linked false-unknown controls with own-source oracle; inspect sources and details"", ""Record closed/reopened signature IDs; targeted family bulk comparison; held-out positive controls"", ""Full existing suite, TypeScript, ESLint, webpack production build, synthetic HTTP/PDF runtime, git diff --check after future implementation""]",GPT-6 SOL HIGH,"Utfør bare de kildebundne dimensjonsendringene listet i evidence. Gjenbruk eksisterende nøkler og behold kvalifikasjoner; del eventuell lang tekst etter faktisk semantisk dimensjon, aldri heuristisk UI-tolkning.","[""document > catalog"", ""optional availability != customer selected"", ""unknown != not covered"", ""provider/type/scope/version isolation"", ""product level and add-on boundaries"", ""side-swap symmetry without invented equivalents"", ""age start/reduction/expiry and object age kept distinct"", ""annual/accumulated/coverage mileage kept distinct"", ""per event/year/lifetime/selected sum kept distinct"", ""source page/hash and fact-specific provenance"", ""same object identity and pricing/TFA are not catalog eligibility""]",Source/scope gate satisfied for listed dimensions only; separate user authorization and regression still required.,"Frozen corpus 2026-09-29, not live current-source verification",Known catalog availability never selects a customer add-on,PLANNED_NOT_IMPLEMENTED,"[""B-024"", ""B-026"", ""B-027"", ""B-037"", ""B-044"", ""B-045"", ""B-049"", ""B-056"", ""B-057"", ""B-061"", ""B-068"", ""B-069"", ""B-076"", ""B-083"", ""B-084"", ""B-088"", ""B-094"", ""B-095"", ""B-096"", ""B-097"", ""B-098"", ""B-099"", ""B-100"", ""B-111"", ""B-112"", ""B-118"", ""B-119"", ""B-120"", ""B-126"", ""B-127"", ""B-136"", ""B-137"", ""B-138"", ""B-142"", ""B-150"", ""B-151"", ""B-161"", ""B-169"", ""B-170"", ""B-171"", ""B-172"", ""B-176"", ""B-185"", ""B-186"", ""B-188"", ""B-189"", ""B-194"", ""B-204""]",MAIN_AGENT_REVIEW_REQUIRED,One named file owner; source research may be parallel read-only. Disjoint files only after all dependencies pass. No agents launched in this triage.
B-026,3,eika-fremtind · Snøscooter · ordinary: Materialiser dokumenterte P1-dimensjoner på eksisterende nøkler,"[""eika-fremtind"", ""Snøscooter"", ""ordinary"", ""DATA""]","[""RC-002""]","[""SCRC-056""]","[""RB-52""]","[""3b2827e82907124b"", ""8e51d2bd3733005e"", ""b74fed60e3293733""]",[],3,6,3,6,0,"[""[\""eika-fremtind\"",\""snøscooter\"",\""ordinary\"",\""eika-fremtind-snoscooter-ansvar\"",\""2023-10-29\""]"", ""[\""eika-fremtind\"",\""snøscooter\"",\""ordinary\"",\""eika-fremtind-snoscooter-kasko\"",\""2023-10-29\""]"", ""[\""eika-fremtind\"",\""snøscooter\"",\""ordinary\"",\""eika-fremtind-snoscooter-minikasko\"",\""2023-10-29\""]""]","[""Snøscooter""]","[""eika-fremtind""]","[""ordinary""]",[],CATALOG_DATA,DATA_BATCH,MEDIUM,IMPLEMENTATION_READY,MUST_BEFORE_NITO,LIKELY_SHARED_WITH_CUSTOMER_MODE,NOT_PROVEN_REQUIRED,Catalog knowledge improvement is shared where enrichment is eligible; no real customer PDF or extraction conclusion is claimed.,"[""lib/vehicle-object-catalog.ts""]",[],tests/remediation-b-026.test.mjs (future; consolidate with relevant existing suite if clearer),[],[],[],"[""Own-source exact subject/value/unit/period/conditions with page/hash"", ""Exact base, inherited, optional and unavailable product-level combinations"", ""Same-product and both comparison directions; provider-specific facts stay asymmetric where appropriate"", ""Document X versus catalog Y: X wins; silent optional remains unknown; explicit not_selected remains not_selected"", ""Cross-provider/type/scope/version negatives; no customer object/pricing changes"", ""Rettshjelp / limits (GAP-5265); Minikasko / object (GAP-5274); Kasko / deductible (GAP-5297)""]","[""Compare before/after exact scoped products against independent source-fact inventory"", ""Reverse-check changed claims for support and wrong-level leakage"", ""Re-run linked false-unknown controls with own-source oracle; inspect sources and details"", ""Record closed/reopened signature IDs; targeted family bulk comparison; held-out positive controls"", ""Full existing suite, TypeScript, ESLint, webpack production build, synthetic HTTP/PDF runtime, git diff --check after future implementation""]",GPT-6 SOL HIGH,"Utfør bare de kildebundne dimensjonsendringene listet i evidence. Gjenbruk eksisterende nøkler og behold kvalifikasjoner; del eventuell lang tekst etter faktisk semantisk dimensjon, aldri heuristisk UI-tolkning.","[""document > catalog"", ""optional availability != customer selected"", ""unknown != not covered"", ""provider/type/scope/version isolation"", ""product level and add-on boundaries"", ""side-swap symmetry without invented equivalents"", ""age start/reduction/expiry and object age kept distinct"", ""annual/accumulated/coverage mileage kept distinct"", ""per event/year/lifetime/selected sum kept distinct"", ""source page/hash and fact-specific provenance"", ""same object identity and pricing/TFA are not catalog eligibility""]",Source/scope gate satisfied for listed dimensions only; separate user authorization and regression still required.,"Frozen corpus 2026-09-29, not live current-source verification",Known catalog availability never selects a customer add-on,PLANNED_NOT_IMPLEMENTED,"[""B-024"", ""B-025"", ""B-027"", ""B-037"", ""B-044"", ""B-045"", ""B-049"", ""B-056"", ""B-057"", ""B-061"", ""B-068"", ""B-069"", ""B-076"", ""B-083"", ""B-084"", ""B-088"", ""B-094"", ""B-095"", ""B-096"", ""B-097"", ""B-098"", ""B-099"", ""B-100"", ""B-111"", ""B-112"", ""B-118"", ""B-119"", ""B-120"", ""B-126"", ""B-127"", ""B-136"", ""B-137"", ""B-138"", ""B-142"", ""B-150"", ""B-151"", ""B-161"", ""B-169"", ""B-170"", ""B-171"", ""B-172"", ""B-176"", ""B-185"", ""B-186"", ""B-188"", ""B-189"", ""B-194"", ""B-204""]",MAIN_AGENT_REVIEW_REQUIRED,One named file owner; source research may be parallel read-only. Disjoint files only after all dependencies pass. No agents launched in this triage.
B-027,3,eika-fremtind · Tilhenger · ordinary: Materialiser dokumenterte P1-dimensjoner på eksisterende nøkler,"[""eika-fremtind"", ""Tilhenger"", ""ordinary"", ""DATA""]","[""RC-003""]","[""SCRC-056""]","[""RB-52""]","[""f565572daa0ba05b""]",[],1,1,1,1,0,"[""[\""eika-fremtind\"",\""tilhenger\"",\""ordinary\"",\""eika-fremtind-tilhenger-kasko\"",\""2024-03-21\""]""]","[""Tilhenger""]","[""eika-fremtind""]","[""ordinary""]",[],CATALOG_DATA,DATA_BATCH,MEDIUM,IMPLEMENTATION_READY,MUST_BEFORE_NITO,LIKELY_SHARED_WITH_CUSTOMER_MODE,NOT_PROVEN_REQUIRED,Catalog knowledge improvement is shared where enrichment is eligible; no real customer PDF or extraction conclusion is claimed.,"[""lib/vehicle-object-catalog.ts""]",[],tests/remediation-b-027.test.mjs (future; consolidate with relevant existing suite if clearer),[],[],[],"[""Own-source exact subject/value/unit/period/conditions with page/hash"", ""Exact base, inherited, optional and unavailable product-level combinations"", ""Same-product and both comparison directions; provider-specific facts stay asymmetric where appropriate"", ""Document X versus catalog Y: X wins; silent optional remains unknown; explicit not_selected remains not_selected"", ""Cross-provider/type/scope/version negatives; no customer object/pricing changes"", ""Redning / scope (GAP-5324)""]","[""Compare before/after exact scoped products against independent source-fact inventory"", ""Reverse-check changed claims for support and wrong-level leakage"", ""Re-run linked false-unknown controls with own-source oracle; inspect sources and details"", ""Record closed/reopened signature IDs; targeted family bulk comparison; held-out positive controls"", ""Full existing suite, TypeScript, ESLint, webpack production build, synthetic HTTP/PDF runtime, git diff --check after future implementation""]",GPT-6 SOL HIGH,"Utfør bare de kildebundne dimensjonsendringene listet i evidence. Gjenbruk eksisterende nøkler og behold kvalifikasjoner; del eventuell lang tekst etter faktisk semantisk dimensjon, aldri heuristisk UI-tolkning.","[""document > catalog"", ""optional availability != customer selected"", ""unknown != not covered"", ""provider/type/scope/version isolation"", ""product level and add-on boundaries"", ""side-swap symmetry without invented equivalents"", ""age start/reduction/expiry and object age kept distinct"", ""annual/accumulated/coverage mileage kept distinct"", ""per event/year/lifetime/selected sum kept distinct"", ""source page/hash and fact-specific provenance"", ""same object identity and pricing/TFA are not catalog eligibility""]",Source/scope gate satisfied for listed dimensions only; separate user authorization and regression still required.,"Frozen corpus 2026-09-29, not live current-source verification",Known catalog availability never selects a customer add-on,PLANNED_NOT_IMPLEMENTED,"[""B-024"", ""B-025"", ""B-026"", ""B-037"", ""B-044"", ""B-045"", ""B-049"", ""B-056"", ""B-057"", ""B-061"", ""B-068"", ""B-069"", ""B-076"", ""B-083"", ""B-084"", ""B-088"", ""B-094"", ""B-095"", ""B-096"", ""B-097"", ""B-098"", ""B-099"", ""B-100"", ""B-111"", ""B-112"", ""B-118"", ""B-119"", ""B-120"", ""B-126"", ""B-127"", ""B-136"", ""B-137"", ""B-138"", ""B-142"", ""B-150"", ""B-151"", ""B-161"", ""B-169"", ""B-170"", ""B-171"", ""B-172"", ""B-176"", ""B-185"", ""B-186"", ""B-188"", ""B-189"", ""B-194"", ""B-204""]",MAIN_AGENT_REVIEW_REQUIRED,One named file owner; source research may be parallel read-only. Disjoint files only after all dependencies pass. No agents launched in this triage.
B-028,3,fremtind · Bobil · ordinary-dnb: Materialiser dokumenterte P1-dimensjoner på eksisterende nøkler,"[""fremtind"", ""Bobil"", ""ordinary-dnb"", ""DATA""]","[""RC-004""]","[""SCRC-006"", ""SCRC-057""]","[""RB-05"", ""RB-53""]","[""3167edd8f31c5e84"", ""32579618af109ff1"", ""3cd4570ad2205b08"", ""55fd50e90e082d0c"", ""5734f0ea44c49583"", ""5bbb4b8f92236ec5"", ""d4fd62bbbbd1a965"", ""f279cb66c3dd8cf0""]",[],8,14,8,14,0,"[""[\""fremtind\"",\""bobil\"",\""ordinary-dnb\"",\""fremtind-bobil-ansvar\"",\""2025-09-18\""]"", ""[\""fremtind\"",\""bobil\"",\""ordinary-dnb\"",\""fremtind-bobil-kasko\"",\""2025-09-18\""]"", ""[\""fremtind\"",\""bobil\"",\""ordinary-dnb\"",\""fremtind-bobil-minikasko\"",\""2025-09-18\""]"", ""[\""fremtind\"",\""bobil\"",\""ordinary-dnb\"",\""fremtind-bobil-topp\"",\""2025-09-18\""]""]","[""Bobil""]","[""fremtind""]","[""ordinary-dnb""]","[""fremtind-bobil-maskinskade""]",CATALOG_DATA,DATA_BATCH,MEDIUM,IMPLEMENTATION_READY,MUST_BEFORE_NITO,LIKELY_SHARED_WITH_CUSTOMER_MODE,NOT_PROVEN_REQUIRED,Catalog knowledge improvement is shared where enrichment is eligible; no real customer PDF or extraction conclusion is claimed.,"[""lib/mc-bobil-fremtind-frende-catalog.ts""]",[],tests/remediation-b-028.test.mjs (future; consolidate with relevant existing suite if clearer),[],[],[],"[""Own-source exact subject/value/unit/period/conditions with page/hash"", ""Exact base, inherited, optional and unavailable product-level combinations"", ""Same-product and both comparison directions; provider-specific facts stay asymmetric where appropriate"", ""Document X versus catalog Y: X wins; silent optional remains unknown; explicit not_selected remains not_selected"", ""Cross-provider/type/scope/version negatives; no customer object/pricing changes"", ""Startleie / oppgjørsmodell (GAP-0133); Rettshjelp / sums (GAP-5384); Feilfylling / emptying (GAP-5405); Leasing / start_rent (GAP-5407); Feilfylling / emptying (GAP-5433); Leasing / start_rent (GAP-5435); Kasko / deductible (GAP-5442); Maskinskade / components (GAP-5444)""]","[""Compare before/after exact scoped products against independent source-fact inventory"", ""Reverse-check changed claims for support and wrong-level leakage"", ""Re-run linked false-unknown controls with own-source oracle; inspect sources and details"", ""Record closed/reopened signature IDs; targeted family bulk comparison; held-out positive controls"", ""Full existing suite, TypeScript, ESLint, webpack production build, synthetic HTTP/PDF runtime, git diff --check after future implementation""]",GPT-6 SOL HIGH,"Utfør bare de kildebundne dimensjonsendringene listet i evidence. Gjenbruk eksisterende nøkler og behold kvalifikasjoner; del eventuell lang tekst etter faktisk semantisk dimensjon, aldri heuristisk UI-tolkning.","[""document > catalog"", ""optional availability != customer selected"", ""unknown != not covered"", ""provider/type/scope/version isolation"", ""product level and add-on boundaries"", ""side-swap symmetry without invented equivalents"", ""age start/reduction/expiry and object age kept distinct"", ""annual/accumulated/coverage mileage kept distinct"", ""per event/year/lifetime/selected sum kept distinct"", ""source page/hash and fact-specific provenance"", ""same object identity and pricing/TFA are not catalog eligibility""]",Source/scope gate satisfied for listed dimensions only; separate user authorization and regression still required.,"Frozen corpus 2026-09-29, not live current-source verification",Known catalog availability never selects a customer add-on,PLANNED_NOT_IMPLEMENTED,"[""B-023"", ""B-031"", ""B-035"", ""B-042"", ""B-101"", ""B-104"", ""B-108"", ""B-117"", ""B-190""]",MAIN_AGENT_REVIEW_REQUIRED,One named file owner; source research may be parallel read-only. Disjoint files only after all dependencies pass. No agents launched in this triage.
B-029,3,fremtind · Hus · ordinary: Materialiser dokumenterte P1-dimensjoner på eksisterende nøkler,"[""fremtind"", ""Hus"", ""ordinary"", ""DATA""]","[""RC-005""]","[""SCRC-053""]","[""RB-49""]","[""088b36f0d83063c5"", ""1456ae66ba618c58"", ""1fe0874464095936"", ""479e62ff5f755e55"", ""4b2c7be614b9324c"", ""738f967e54621831"", ""a7cb2869171bc6b6"", ""b0688e6c58147a9a"", ""ba378b27743a6684"", ""c3ef4f27819adda8"", ""dd1d12ac138e90e6"", ""ee45a080ae0caf82"", ""f83f8b0a7fbe8c2f""]",[],13,24,13,24,0,"[""[\""fremtind\"",\""bolig\"",\""ordinary\"",\""fremtind-hus-standard\"",\""PBK-200.100-015+PBK-200.200-010\""]"", ""[\""fremtind\"",\""bolig\"",\""ordinary\"",\""fremtind-hus-topp\"",\""PBK-200.100-015+PBK-200.200-010\""]""]","[""Hus""]","[""fremtind""]","[""ordinary""]","[""fremtind-hus-rate-insekter""]",CATALOG_DATA,DATA_BATCH,MEDIUM,IMPLEMENTATION_READY,MUST_BEFORE_NITO,LIKELY_SHARED_WITH_CUSTOMER_MODE,NOT_PROVEN_REQUIRED,Catalog knowledge improvement is shared where enrichment is eligible; no real customer PDF or extraction conclusion is claimed.,"[""lib/fremtind-hus-catalog.ts""]",[],tests/remediation-b-029.test.mjs (future; consolidate with relevant existing suite if clearer),"[""B-002""]","[""B-002""]",[],"[""Own-source exact subject/value/unit/period/conditions with page/hash"", ""Exact base, inherited, optional and unavailable product-level combinations"", ""Same-product and both comparison directions; provider-specific facts stay asymmetric where appropriate"", ""Document X versus catalog Y: X wins; silent optional remains unknown; explicit not_selected remains not_selected"", ""Cross-provider/type/scope/version negatives; no customer object/pricing changes"", ""Bygning / eligibility (GAP-5074); Bygning / scope (GAP-5076); Riving/rydding / limits (GAP-5079); Annen skade / scope (GAP-5084); Natur / extension (GAP-5085); Fullverdi / conditions (GAP-5087); Boligkjøp etter totalskade / limits (GAP-5088); Aldersfradrag / table (GAP-5090); Naturskade / limits (GAP-5099); Råte/sopp / exclusions (GAP-5100); Egenandel / choice (GAP-5104); Dyr/skadedyr / scope (GAP-5134); Håndverker våtrom / conditions (GAP-5135)""]","[""Compare before/after exact scoped products against independent source-fact inventory"", ""Reverse-check changed claims for support and wrong-level leakage"", ""Re-run linked false-unknown controls with own-source oracle; inspect sources and details"", ""Record closed/reopened signature IDs; targeted family bulk comparison; held-out positive controls"", ""Full existing suite, TypeScript, ESLint, webpack production build, synthetic HTTP/PDF runtime, git diff --check after future implementation""]",GPT-6 SOL HIGH,"Utfør bare de kildebundne dimensjonsendringene listet i evidence. Gjenbruk eksisterende nøkler og behold kvalifikasjoner; del eventuell lang tekst etter faktisk semantisk dimensjon, aldri heuristisk UI-tolkning.","[""document > catalog"", ""optional availability != customer selected"", ""unknown != not covered"", ""provider/type/scope/version isolation"", ""product level and add-on boundaries"", ""side-swap symmetry without invented equivalents"", ""age start/reduction/expiry and object age kept distinct"", ""annual/accumulated/coverage mileage kept distinct"", ""per event/year/lifetime/selected sum kept distinct"", ""source page/hash and fact-specific provenance"", ""same object identity and pricing/TFA are not catalog eligibility""]",Source/scope gate satisfied for listed dimensions only; separate user authorization and regression still required.,"Frozen corpus 2026-09-29, not live current-source verification",Known catalog availability never selects a customer add-on,PLANNED_NOT_IMPLEMENTED,"[""B-002"", ""B-102""]",MAIN_AGENT_REVIEW_REQUIRED,One named file owner; source research may be parallel read-only. Disjoint files only after all dependencies pass. No agents launched in this triage.
B-030,3,fremtind · Innbo · ordinary: Materialiser dokumenterte P1-dimensjoner på eksisterende nøkler,"[""fremtind"", ""Innbo"", ""ordinary"", ""DATA""]","[""RC-006""]","[""SCRC-052""]","[""RB-48""]","[""1ea53d5bc22ac534"", ""37b36a5c71ec7d6e"", ""6a19f67db46dada6"", ""755dcd55e30eec9e"", ""76a492443927f001"", ""a79970b1d87c194f"", ""ae502dc2acd1581f"", ""b2c12d1d1a90acc2"", ""b713793cb2c2c273"", ""d7ad3d00e278ee44"", ""f14ead68f11967e0"", ""f3647166d674a7dc""]",[],12,19,12,19,0,"[""[\""fremtind\"",\""innbo\"",\""ordinary\"",\""fremtind-innbo-standard\"",\""2025-01-01\""]"", ""[\""fremtind\"",\""innbo\"",\""ordinary\"",\""fremtind-innbo-topp\"",\""2025-01-01\""]""]","[""Innbo""]","[""fremtind""]","[""ordinary""]",[],CATALOG_DATA,DATA_BATCH,MEDIUM,IMPLEMENTATION_READY,MUST_BEFORE_NITO,LIKELY_SHARED_WITH_CUSTOMER_MODE,NOT_PROVEN_REQUIRED,Catalog knowledge improvement is shared where enrichment is eligible; no real customer PDF or extraction conclusion is claimed.,"[""lib/fremtind-innbo-catalog.ts""]",[],tests/remediation-b-030.test.mjs (future; consolidate with relevant existing suite if clearer),[],[],[],"[""Own-source exact subject/value/unit/period/conditions with page/hash"", ""Exact base, inherited, optional and unavailable product-level combinations"", ""Same-product and both comparison directions; provider-specific facts stay asymmetric where appropriate"", ""Document X versus catalog Y: X wins; silent optional remains unknown; explicit not_selected remains not_selected"", ""Cross-provider/type/scope/version negatives; no customer object/pricing changes"", ""Objektgrenser / valuables (GAP-5003); Ting / small_objects (GAP-5004); Leid/sameid bolig / fixtures (GAP-5007); Glass/porcelain / scope (GAP-5013); Vind/snø / coverage (GAP-5014); Egenandel / prevention (GAP-5024); Egenandel / special (GAP-5025); Ansvar / special_objects (GAP-5028); Vann / ingress (GAP-5045); Flytting / exclusions (GAP-5054); Uhell / excluded_objects (GAP-5056); Uhell / excluded_causes (GAP-5057)""]","[""Compare before/after exact scoped products against independent source-fact inventory"", ""Reverse-check changed claims for support and wrong-level leakage"", ""Re-run linked false-unknown controls with own-source oracle; inspect sources and details"", ""Record closed/reopened signature IDs; targeted family bulk comparison; held-out positive controls"", ""Full existing suite, TypeScript, ESLint, webpack production build, synthetic HTTP/PDF runtime, git diff --check after future implementation""]",GPT-6 SOL HIGH,"Utfør bare de kildebundne dimensjonsendringene listet i evidence. Gjenbruk eksisterende nøkler og behold kvalifikasjoner; del eventuell lang tekst etter faktisk semantisk dimensjon, aldri heuristisk UI-tolkning.","[""document > catalog"", ""optional availability != customer selected"", ""unknown != not covered"", ""provider/type/scope/version isolation"", ""product level and add-on boundaries"", ""side-swap symmetry without invented equivalents"", ""age start/reduction/expiry and object age kept distinct"", ""annual/accumulated/coverage mileage kept distinct"", ""per event/year/lifetime/selected sum kept distinct"", ""source page/hash and fact-specific provenance"", ""same object identity and pricing/TFA are not catalog eligibility""]",Source/scope gate satisfied for listed dimensions only; separate user authorization and regression still required.,"Frozen corpus 2026-09-29, not live current-source verification",Known catalog availability never selects a customer add-on,PLANNED_NOT_IMPLEMENTED,"[""B-103"", ""B-191""]",MAIN_AGENT_REVIEW_REQUIRED,One named file owner; source research may be parallel read-only. Disjoint files only after all dependencies pass. No agents launched in this triage.
B-031,3,fremtind · MC · ordinary-sparebank1: Materialiser dokumenterte P1-dimensjoner på eksisterende nøkler,"[""fremtind"", ""MC"", ""ordinary-sparebank1"", ""DATA""]","[""RC-007""]","[""SCRC-056""]","[""RB-52""]","[""6338c1e8ef590bef"", ""d3d2844f7b5a3ff7"", ""fe3797ae1c9a3aaa""]",[],3,6,3,6,0,"[""[\""fremtind\"",\""mc\"",\""ordinary-sparebank1\"",\""fremtind-mc-ansvar\"",null]"", ""[\""fremtind\"",\""mc\"",\""ordinary-sparebank1\"",\""fremtind-mc-delkasko\"",null]"", ""[\""fremtind\"",\""mc\"",\""ordinary-sparebank1\"",\""fremtind-mc-kasko\"",null]""]","[""MC""]","[""fremtind""]","[""ordinary-sparebank1""]",[],CATALOG_DATA,DATA_BATCH,MEDIUM,IMPLEMENTATION_READY,MUST_BEFORE_NITO,LIKELY_SHARED_WITH_CUSTOMER_MODE,NOT_PROVEN_REQUIRED,Catalog knowledge improvement is shared where enrichment is eligible; no real customer PDF or extraction conclusion is claimed.,"[""lib/mc-bobil-fremtind-frende-catalog.ts""]",[],tests/remediation-b-031.test.mjs (future; consolidate with relevant existing suite if clearer),"[""B-023""]","[""B-023""]",[],"[""Own-source exact subject/value/unit/period/conditions with page/hash"", ""Exact base, inherited, optional and unavailable product-level combinations"", ""Same-product and both comparison directions; provider-specific facts stay asymmetric where appropriate"", ""Document X versus catalog Y: X wins; silent optional remains unknown; explicit not_selected remains not_selected"", ""Cross-provider/type/scope/version negatives; no customer object/pricing changes"", ""Rettshjelp / limits (GAP-5334); Personreise / limits (GAP-5350); Kasko / deductible (GAP-5367)""]","[""Compare before/after exact scoped products against independent source-fact inventory"", ""Reverse-check changed claims for support and wrong-level leakage"", ""Re-run linked false-unknown controls with own-source oracle; inspect sources and details"", ""Record closed/reopened signature IDs; targeted family bulk comparison; held-out positive controls"", ""Full existing suite, TypeScript, ESLint, webpack production build, synthetic HTTP/PDF runtime, git diff --check after future implementation""]",GPT-6 SOL HIGH,"Utfør bare de kildebundne dimensjonsendringene listet i evidence. Gjenbruk eksisterende nøkler og behold kvalifikasjoner; del eventuell lang tekst etter faktisk semantisk dimensjon, aldri heuristisk UI-tolkning.","[""document > catalog"", ""optional availability != customer selected"", ""unknown != not covered"", ""provider/type/scope/version isolation"", ""product level and add-on boundaries"", ""side-swap symmetry without invented equivalents"", ""age start/reduction/expiry and object age kept distinct"", ""annual/accumulated/coverage mileage kept distinct"", ""per event/year/lifetime/selected sum kept distinct"", ""source page/hash and fact-specific provenance"", ""same object identity and pricing/TFA are not catalog eligibility""]",Source/scope gate satisfied for listed dimensions only; separate user authorization and regression still required.,"Frozen corpus 2026-09-29, not live current-source verification",Known catalog availability never selects a customer add-on,PLANNED_NOT_IMPLEMENTED,"[""B-023"", ""B-028"", ""B-035"", ""B-042"", ""B-101"", ""B-104"", ""B-108"", ""B-117"", ""B-190""]",MAIN_AGENT_REVIEW_REQUIRED,One named file owner; source research may be parallel read-only. Disjoint files only after all dependencies pass. No agents launched in this triage.
B-032,3,fremtind · Reise · ordinary: Materialiser dokumenterte P1-dimensjoner på eksisterende nøkler,"[""fremtind"", ""Reise"", ""ordinary"", ""DATA""]","[""RC-008""]","[""SCRC-054""]","[""RB-50""]","[""04503010dc9e3d1c"", ""0a4c00f264f8598a"", ""16975c6010b38998"", ""35353fc1d7303989"", ""ce13c233ff0847a4"", ""f6897ce2a1eabf76""]",[],6,6,6,6,0,"[""[\""fremtind\"",\""reise\"",\""ordinary\"",\""fremtind-reise\"",\""PRE-450.200-015\""]""]","[""Reise""]","[""fremtind""]","[""ordinary""]",[],CATALOG_DATA,DATA_BATCH,MEDIUM,IMPLEMENTATION_READY,MUST_BEFORE_NITO,LIKELY_SHARED_WITH_CUSTOMER_MODE,NOT_PROVEN_REQUIRED,Catalog knowledge improvement is shared where enrichment is eligible; no real customer PDF or extraction conclusion is claimed.,"[""lib/fremtind-reise-catalog.ts""]",[],tests/remediation-b-032.test.mjs (future; consolidate with relevant existing suite if clearer),"[""B-017""]","[""B-017""]",[],"[""Own-source exact subject/value/unit/period/conditions with page/hash"", ""Exact base, inherited, optional and unavailable product-level combinations"", ""Same-product and both comparison directions; provider-specific facts stay asymmetric where appropriate"", ""Document X versus catalog Y: X wins; silent optional remains unknown; explicit not_selected remains not_selected"", ""Cross-provider/type/scope/version negatives; no customer object/pricing changes"", ""Personkrets / eligibility (GAP-5144); Geografi / exclusions (GAP-5145); Reisegods / valuables (GAP-5150); Medisinsk / exclusions (GAP-5159); Ulykke / sports (GAP-5169); Avbestilling / triggers (GAP-5173)""]","[""Compare before/after exact scoped products against independent source-fact inventory"", ""Reverse-check changed claims for support and wrong-level leakage"", ""Re-run linked false-unknown controls with own-source oracle; inspect sources and details"", ""Record closed/reopened signature IDs; targeted family bulk comparison; held-out positive controls"", ""Full existing suite, TypeScript, ESLint, webpack production build, synthetic HTTP/PDF runtime, git diff --check after future implementation""]",GPT-6 SOL HIGH,"Utfør bare de kildebundne dimensjonsendringene listet i evidence. Gjenbruk eksisterende nøkler og behold kvalifikasjoner; del eventuell lang tekst etter faktisk semantisk dimensjon, aldri heuristisk UI-tolkning.","[""document > catalog"", ""optional availability != customer selected"", ""unknown != not covered"", ""provider/type/scope/version isolation"", ""product level and add-on boundaries"", ""side-swap symmetry without invented equivalents"", ""age start/reduction/expiry and object age kept distinct"", ""annual/accumulated/coverage mileage kept distinct"", ""per event/year/lifetime/selected sum kept distinct"", ""source page/hash and fact-specific provenance"", ""same object identity and pricing/TFA are not catalog eligibility""]",Source/scope gate satisfied for listed dimensions only; separate user authorization and regression still required.,"Frozen corpus 2026-09-29, not live current-source verification",Known catalog availability never selects a customer add-on,PLANNED_NOT_IMPLEMENTED,"[""B-017"", ""B-105"", ""B-192"", ""B-205""]",MAIN_AGENT_REVIEW_REQUIRED,One named file owner; source research may be parallel read-only. Disjoint files only after all dependencies pass. No agents launched in this triage.
B-033,3,fremtind-four-bil-ids · Bil · ordinary: Materialiser dokumenterte P1-dimensjoner på eksisterende nøkler,"[""fremtind-four-bil-ids"", ""Bil"", ""ordinary"", ""DATA""]","[""RC-009""]","[""SCRC-051""]","[""RB-47""]","[""00cb857c12c6c1bf"", ""0b087a54a90ff5e0"", ""1152b85c31282f02"", ""191861cfd0148adf"", ""21ef4bbbcb474086"", ""235d4c7e29cfa67d"", ""24812536bc10da31"", ""271533b9c3f6addf"", ""282210dd524d6e6a"", ""2a1377003c25818d"", ""2b131ed6dd0fc14d"", ""2b9dd59f05fb4852"", ""32971d6407ea5025"", ""4501f6a5e0d9f45c"", ""52f0a67115598076"", ""5358f8be6b404d71"", ""54aee00059f75024"", ""5591ba10302978a6"", ""5653a75fb029b1d2"", ""5bdf1487e95ea92d"", ""5d97d05ccf9a8262"", ""60203652861e9274"", ""67737ce80b5eced9"", ""67fb5d41d30af6a0"", ""6911cbd73693970d"", ""6dcb9a2efab6b477"", ""6fc92ef1150feb36"", ""74cd27ddb27578ae"", ""8990475612549618"", ""8dab6ea35db860e5"", ""9225ddac33cccb25"", ""9350fda528c53d7f"", ""93bc245302ac39ea"", ""a649204120d6ecc2"", ""a70fb4b29d8b114e"", ""aa853096c4d25ae6"", ""ab4be9dc08fe7c6d"", ""be1573a13af619a4"", ""c0a1072912580b3e"", ""c2ae115fc7dc2291"", ""c9531b69da9b014c"", ""caed74a61a64b30f"", ""cf6503cf8c7888b3"", ""d025a21918da75df"", ""d2d178bf9a89e4b5"", ""f1a798ff0b4e7d25"", ""f674dfb3c573c407"", ""f99d6ded3114c248""]",[],48,134,48,134,0,"[""[\""dnb-fremtind\"",\""bil\"",\""ordinary\"",\""dnb-bil-ansvar\"",\""PMO-357.001-004\""]"", ""[\""dnb-fremtind\"",\""bil\"",\""ordinary\"",\""dnb-bil-delkasko\"",\""PMO-357.001-004\""]"", ""[\""dnb-fremtind\"",\""bil\"",\""ordinary\"",\""dnb-bil-kasko\"",\""PMO-357.001-004\""]"", ""[\""dnb-fremtind\"",\""bil\"",\""ordinary\"",\""dnb-bil-topp\"",\""PMO-357.001-004\""]"", ""[\""eika-fremtind\"",\""bil\"",\""ordinary\"",\""eika-bil-ansvar\"",\""PMO-357.001-004\""]"", ""[\""eika-fremtind\"",\""bil\"",\""ordinary\"",\""eika-bil-delkasko\"",\""PMO-357.001-004\""]"", ""[\""eika-fremtind\"",\""bil\"",\""ordinary\"",\""eika-bil-kasko\"",\""PMO-357.001-004\""]"", ""[\""eika-fremtind\"",\""bil\"",\""ordinary\"",\""eika-bil-topp\"",\""PMO-357.001-004\""]"", ""[\""fremtind\"",\""bil\"",\""ordinary\"",\""fremtind-bil-ansvar\"",\""PMO-357.001-004\""]"", ""[\""fremtind\"",\""bil\"",\""ordinary\"",\""fremtind-bil-delkasko\"",\""PMO-357.001-004\""]"", ""[\""fremtind\"",\""bil\"",\""ordinary\"",\""fremtind-bil-kasko\"",\""PMO-357.001-004\""]"", ""[\""fremtind\"",\""bil\"",\""ordinary\"",\""fremtind-bil-topp\"",\""PMO-357.001-004\""]"", ""[\""sparebank1-fremtind\"",\""bil\"",\""ordinary\"",\""sb1-bil-ansvar\"",\""PMO-357.001-004\""]"", ""[\""sparebank1-fremtind\"",\""bil\"",\""ordinary\"",\""sb1-bil-delkasko\"",\""PMO-357.001-004\""]"", ""[\""sparebank1-fremtind\"",\""bil\"",\""ordinary\"",\""sb1-bil-kasko\"",\""PMO-357.001-004\""]"", ""[\""sparebank1-fremtind\"",\""bil\"",\""ordinary\"",\""sb1-bil-toppkasko\"",\""PMO-357.001-004\""]""]","[""Bil""]","[""dnb-fremtind"", ""eika-fremtind"", ""fremtind"", ""sparebank1-fremtind""]","[""ordinary""]","[""dnb-maskinskade"", ""eika-maskinskade"", ""fremtind-maskinskade"", ""fremtind-sb1-maskinskade"", ""sb1-maskinskade""]",CATALOG_DATA,DATA_BATCH,MEDIUM,IMPLEMENTATION_READY,MUST_BEFORE_NITO,LIKELY_SHARED_WITH_CUSTOMER_MODE,NOT_PROVEN_REQUIRED,Catalog knowledge improvement is shared where enrichment is eligible; no real customer PDF or extraction conclusion is claimed.,"[""lib/fremtind-catalog.ts""]",[],tests/remediation-b-033.test.mjs (future; consolidate with relevant existing suite if clearer),[],[],[],"[""Own-source exact subject/value/unit/period/conditions with page/hash"", ""Exact base, inherited, optional and unavailable product-level combinations"", ""Same-product and both comparison directions; provider-specific facts stay asymmetric where appropriate"", ""Document X versus catalog Y: X wins; silent optional remains unknown; explicit not_selected remains not_selected"", ""Cross-provider/type/scope/version negatives; no customer object/pricing changes"", ""Førerpassasjer / scope (GAP-4548); Rettshjelp / sums (GAP-4551); Personlige eiendeler / sum_exclusions (GAP-4568); Tyveri/hærverk / trigger (GAP-4569); Glass / scope (GAP-4570); Redning / persons (GAP-4571); Leasing / start_rent (GAP-4576); Reparasjon / guarantee (GAP-4577); Tyveri / waiting_key (GAP-4579); Kasko / exclusions (GAP-4611); Maskinskade / components (GAP-4612); Leasing / expanded (GAP-4648); Førerpassasjer / scope (GAP-4661); Rettshjelp / sums (GAP-4664); Personlige eiendeler / sum_exclusions (GAP-4681); Tyveri/hærverk / trigger (GAP-4682); Glass / scope (GAP-4683); Redning / persons (GAP-4684); Leasing / start_rent (GAP-4689); Reparasjon / guarantee (GAP-4690); Tyveri / waiting_key (GAP-4692); Kasko / exclusions (GAP-4724); Maskinskade / components (GAP-4725); Leasing / expanded (GAP-4761); Førerpassasjer / scope (GAP-4774); Rettshjelp / sums (GAP-4777); Personlige eiendeler / sum_exclusions (GAP-4794); Tyveri/hærverk / trigger (GAP-4795); Glass / scope (GAP-4796); Redning / persons (GAP-4797); Leasing / start_rent (GAP-4802); Reparasjon / guarantee (GAP-4803); Tyveri / waiting_key (GAP-4805); Kasko / exclusions (GAP-4837); Maskinskade / components (GAP-4838); Leasing / expanded (GAP-4874); Førerpassasjer / scope (GAP-4887); Rettshjelp / sums (GAP-4890); Personlige eiendeler / sum_exclusions (GAP-4907); Tyveri/hærverk / trigger (GAP-4908); Glass / scope (GAP-4909); Redning / persons (GAP-4910); Leasing / start_rent (GAP-4915); Reparasjon / guarantee (GAP-4916); Tyveri / waiting_key (GAP-4918); Kasko / exclusions (GAP-4950); Maskinskade / components (GAP-4951); Leasing / expanded (GAP-4991)""]","[""Compare before/after exact scoped products against independent source-fact inventory"", ""Reverse-check changed claims for support and wrong-level leakage"", ""Re-run linked false-unknown controls with own-source oracle; inspect sources and details"", ""Record closed/reopened signature IDs; targeted family bulk comparison; held-out positive controls"", ""Full existing suite, TypeScript, ESLint, webpack production build, synthetic HTTP/PDF runtime, git diff --check after future implementation""]",GPT-6 SOL HIGH,"Utfør bare de kildebundne dimensjonsendringene listet i evidence. Gjenbruk eksisterende nøkler og behold kvalifikasjoner; del eventuell lang tekst etter faktisk semantisk dimensjon, aldri heuristisk UI-tolkning.","[""document > catalog"", ""optional availability != customer selected"", ""unknown != not covered"", ""provider/type/scope/version isolation"", ""product level and add-on boundaries"", ""side-swap symmetry without invented equivalents"", ""age start/reduction/expiry and object age kept distinct"", ""annual/accumulated/coverage mileage kept distinct"", ""per event/year/lifetime/selected sum kept distinct"", ""source page/hash and fact-specific provenance"", ""same object identity and pricing/TFA are not catalog eligibility""]",Source/scope gate satisfied for listed dimensions only; separate user authorization and regression still required.,"Frozen corpus 2026-09-29, not live current-source verification",Known catalog availability never selects a customer add-on,PLANNED_NOT_IMPLEMENTED,"[""B-106"", ""B-193""]",MAIN_AGENT_REVIEW_REQUIRED,One named file owner; source research may be parallel read-only. Disjoint files only after all dependencies pass. No agents launched in this triage.
B-034,3,frende · Bil · ordinary: Materialiser dokumenterte P1-dimensjoner på eksisterende nøkler,"[""frende"", ""Bil"", ""ordinary"", ""DATA""]","[""RC-010""]","[""SCRC-017""]","[""RB-15""]","[""03c9ee15c3dff9bb"", ""4f8c1e2b13be55a6"", ""50444333088423d1"", ""5e42a84dff434d43"", ""6140d96f34500894"", ""6698bcc96b98361c"", ""74c5f796797e5999"", ""7ab3d0e07d25471a"", ""7e396767422107bb"", ""902343c38b4b4fbd"", ""9819da1aafd6da58"", ""9f4d459ae467c8b8"", ""a28bc3ab4cd174cd"", ""aaea8544ad212078"", ""b0ae5d4b18a05e34"", ""b75b8e63d1795cb8"", ""de9a7f789ea93d2a"", ""e11463463378fa98"", ""f175ab029930cd31"", ""f9704325d3a6292f""]",[],20,53,20,53,0,"[""[\""frende\"",\""bil\"",\""ordinary\"",\""frende-bil-ansvar\"",\""2026-01-01\""]"", ""[\""frende\"",\""bil\"",\""ordinary\"",\""frende-bil-delkasko\"",\""2026-01-01\""]"", ""[\""frende\"",\""bil\"",\""ordinary\"",\""frende-bil-kasko\"",\""2026-01-01\""]"", ""[\""frende\"",\""bil\"",\""ordinary\"",\""frende-bil-utvidet\"",\""2026-01-01\""]""]","[""Bil""]","[""frende""]","[""ordinary""]","[""frende-leiebil"", ""frende-maskinskade""]",CATALOG_DATA,DATA_BATCH,MEDIUM,IMPLEMENTATION_READY,MUST_BEFORE_NITO,LIKELY_SHARED_WITH_CUSTOMER_MODE,NOT_PROVEN_REQUIRED,Catalog knowledge improvement is shared where enrichment is eligible; no real customer PDF or extraction conclusion is claimed.,"[""lib/frende-catalog.ts""]",[],tests/remediation-b-034.test.mjs (future; consolidate with relevant existing suite if clearer),"[""B-006""]","[""B-006""]",[],"[""Own-source exact subject/value/unit/period/conditions with page/hash"", ""Exact base, inherited, optional and unavailable product-level combinations"", ""Same-product and both comparison directions; provider-specific facts stay asymmetric where appropriate"", ""Document X versus catalog Y: X wins; silent optional remains unknown; explicit not_selected remains not_selected"", ""Cross-provider/type/scope/version negatives; no customer object/pricing changes"", ""Geografi / omfang (GAP-1304); Bonus / fritak (GAP-1309); Ulykke / invaliditet (GAP-1311); Ansvar / utenombilansvar (GAP-1313); Rettshjelp / scope (GAP-1314); Rettshjelp / utgifter/unntak (GAP-1315); Rettshjelp / sum (GAP-1316); Ekstrautstyr / sum (GAP-1328); Brann / hendelser/unntak (GAP-1330); Tyveri / hendelser/unntak (GAP-1331); Veihjelp / hendelser/sted (GAP-1332); Egenandel / brann/tyveri (GAP-1338); Bonus / fritak (GAP-1343); Bilnøkkel / basis (GAP-1369); Nyverdi / basisgrense (GAP-1370); Leiebil / valgfri/klasse (GAP-1372); Maskinskade / tilgjengelighet (GAP-1373); Maskinskade / komponenter (GAP-1374); Maskinskade / unntak (GAP-1375); Egenandel / brann/tyveri (GAP-1381)""]","[""Compare before/after exact scoped products against independent source-fact inventory"", ""Reverse-check changed claims for support and wrong-level leakage"", ""Re-run linked false-unknown controls with own-source oracle; inspect sources and details"", ""Record closed/reopened signature IDs; targeted family bulk comparison; held-out positive controls"", ""Full existing suite, TypeScript, ESLint, webpack production build, synthetic HTTP/PDF runtime, git diff --check after future implementation""]",GPT-6 SOL HIGH,"Utfør bare de kildebundne dimensjonsendringene listet i evidence. Gjenbruk eksisterende nøkler og behold kvalifikasjoner; del eventuell lang tekst etter faktisk semantisk dimensjon, aldri heuristisk UI-tolkning.","[""document > catalog"", ""optional availability != customer selected"", ""unknown != not covered"", ""provider/type/scope/version isolation"", ""product level and add-on boundaries"", ""side-swap symmetry without invented equivalents"", ""age start/reduction/expiry and object age kept distinct"", ""annual/accumulated/coverage mileage kept distinct"", ""per event/year/lifetime/selected sum kept distinct"", ""source page/hash and fact-specific provenance"", ""same object identity and pricing/TFA are not catalog eligibility""]",Source/scope gate satisfied for listed dimensions only; separate user authorization and regression still required.,"Frozen corpus 2026-09-29, not live current-source verification",Known catalog availability never selects a customer add-on,PLANNED_NOT_IMPLEMENTED,"[""B-006"", ""B-107""]",MAIN_AGENT_REVIEW_REQUIRED,One named file owner; source research may be parallel read-only. Disjoint files only after all dependencies pass. No agents launched in this triage.
B-035,3,frende · Bobil · ordinary: Materialiser dokumenterte P1-dimensjoner på eksisterende nøkler,"[""frende"", ""Bobil"", ""ordinary"", ""DATA""]","[""RC-011""]","[""SCRC-019""]","[""RB-17""]","[""00608c036c8415fc"", ""0c780066d1ee8173"", ""17cfa71d38df04eb"", ""1c1ad4042317e5cf"", ""3b1cb1eb33398bda"", ""46cf4bea5cf6b802"", ""62ddce9074bedb91"", ""69c6f3a33a54b7da"", ""6af8e791b653bcd5"", ""703637999878fc20"", ""74ac25914617090f"", ""826501d2227ab26b"", ""91cb9562ee0727c6"", ""9456fea1592198c6"", ""9b512737ec3d084a"", ""9e8d1a441f36b8bf"", ""a00f0a23bc466e76"", ""ccfc931019038efb"", ""e7378d05f1fec7cd""]",[],19,53,19,53,0,"[""[\""frende\"",\""bobil\"",\""ordinary\"",\""frende-bobil-ansvar\"",\""2026-01-01\""]"", ""[\""frende\"",\""bobil\"",\""ordinary\"",\""frende-bobil-delkasko\"",\""2026-01-01\""]"", ""[\""frende\"",\""bobil\"",\""ordinary\"",\""frende-bobil-kasko\"",\""2026-01-01\""]"", ""[\""frende\"",\""bobil\"",\""ordinary\"",\""frende-bobil-utvidet\"",\""2026-01-01\""]""]","[""Bobil""]","[""frende""]","[""ordinary""]","[""frende-bobil-maskinskade""]",CATALOG_DATA,DATA_BATCH,MEDIUM,IMPLEMENTATION_READY,MUST_BEFORE_NITO,LIKELY_SHARED_WITH_CUSTOMER_MODE,NOT_PROVEN_REQUIRED,Catalog knowledge improvement is shared where enrichment is eligible; no real customer PDF or extraction conclusion is claimed.,"[""lib/mc-bobil-fremtind-frende-catalog.ts""]",[],tests/remediation-b-035.test.mjs (future; consolidate with relevant existing suite if clearer),[],[],[],"[""Own-source exact subject/value/unit/period/conditions with page/hash"", ""Exact base, inherited, optional and unavailable product-level combinations"", ""Same-product and both comparison directions; provider-specific facts stay asymmetric where appropriate"", ""Document X versus catalog Y: X wins; silent optional remains unknown; explicit not_selected remains not_selected"", ""Cross-provider/type/scope/version negatives; no customer object/pricing changes"", ""Maskinskade / garantiunntak (GAP-1525); Maskinskade / komponentscope (GAP-1526); Ladekabel / Utvidetdekning (GAP-1530); Leasing / startleie (GAP-1531); Bonus / fritak (GAP-1537); Ulykke / scope (GAP-1538); Ulykke / invaliditet (GAP-1539); Ansvar / utenombilansvar (GAP-1541); Rettshjelp / scope (GAP-1542); Rettshjelp / utgifter/unntak (GAP-1543); Rettshjelp / sum (GAP-1544); Brann / hendelser/unntak (GAP-1553); Tyveri / hendelser/unntak (GAP-1554); Veihjelp / hendelser/sted (GAP-1555); Hjemtransport / personer (GAP-1556); Hjemtransport / kjøretøy (GAP-1557); Bilnøkkel / basis (GAP-1586); Nyverdi / basisgrense (GAP-1587); Kasko / unntak (GAP-1588)""]","[""Compare before/after exact scoped products against independent source-fact inventory"", ""Reverse-check changed claims for support and wrong-level leakage"", ""Re-run linked false-unknown controls with own-source oracle; inspect sources and details"", ""Record closed/reopened signature IDs; targeted family bulk comparison; held-out positive controls"", ""Full existing suite, TypeScript, ESLint, webpack production build, synthetic HTTP/PDF runtime, git diff --check after future implementation""]",GPT-6 SOL HIGH,"Utfør bare de kildebundne dimensjonsendringene listet i evidence. Gjenbruk eksisterende nøkler og behold kvalifikasjoner; del eventuell lang tekst etter faktisk semantisk dimensjon, aldri heuristisk UI-tolkning.","[""document > catalog"", ""optional availability != customer selected"", ""unknown != not covered"", ""provider/type/scope/version isolation"", ""product level and add-on boundaries"", ""side-swap symmetry without invented equivalents"", ""age start/reduction/expiry and object age kept distinct"", ""annual/accumulated/coverage mileage kept distinct"", ""per event/year/lifetime/selected sum kept distinct"", ""source page/hash and fact-specific provenance"", ""same object identity and pricing/TFA are not catalog eligibility""]",Source/scope gate satisfied for listed dimensions only; separate user authorization and regression still required.,"Frozen corpus 2026-09-29, not live current-source verification",Known catalog availability never selects a customer add-on,PLANNED_NOT_IMPLEMENTED,"[""B-023"", ""B-028"", ""B-031"", ""B-042"", ""B-101"", ""B-104"", ""B-108"", ""B-117"", ""B-190""]",MAIN_AGENT_REVIEW_REQUIRED,One named file owner; source research may be parallel read-only. Disjoint files only after all dependencies pass. No agents launched in this triage.
B-036,3,frende · Båt · ordinary: Materialiser dokumenterte P1-dimensjoner på eksisterende nøkler,"[""frende"", ""Båt"", ""ordinary"", ""DATA""]","[""RC-012""]","[""SCRC-003""]","[""RB-02""]","[""0269141925857de7"", ""03869197440768b4"", ""0b2cb35f34b74837"", ""151308b054600999"", ""2592c13d72614038"", ""26d05391ac658832"", ""2f4bf5b9b96fa34e"", ""41d3f3d5b1f7e81c"", ""48ea935fb497494e"", ""6e0088f510319d31"", ""741711cbf120a2dc"", ""7b73f956ed3a62e1"", ""7c9d5fe0bbb7c656"", ""8250d101fb2c2864"", ""8b665b250a619f6b"", ""9371f540421d419e"", ""9499657835ae56a0"", ""992d9a036f76127f"", ""cb60396ca849bcbc"", ""d27862ffbdc36ee4"", ""e33a91941fcd3378"", ""e392e38bad9d27e9"", ""e5832e3f47b9b52f"", ""e70b25cd3532f31d"", ""e8dcfbfdccfdee28"", ""f6e97fd9e37d6be2"", ""f90da646f62c42ca""]",[],27,63,27,63,0,"[""[\""frende\"",\""båt\"",\""ordinary\"",\""frende-bat-brann-og-tyveri\"",\""2026-01-01\""]"", ""[\""frende\"",\""båt\"",\""ordinary\"",\""frende-bat-kasko\"",\""2026-01-01\""]"", ""[\""frende\"",\""båt\"",\""ordinary\"",\""frende-bat-utvidet\"",\""2026-01-01\""]""]","[""Båt""]","[""frende""]","[""ordinary""]","[""frende-bat-maskinskade"", ""frende-bat-ulykke""]",CATALOG_DATA,DATA_BATCH,MEDIUM,IMPLEMENTATION_READY,MUST_BEFORE_NITO,LIKELY_SHARED_WITH_CUSTOMER_MODE,NOT_PROVEN_REQUIRED,Catalog knowledge improvement is shared where enrichment is eligible; no real customer PDF or extraction conclusion is claimed.,"[""lib/boat-pet-catalog.ts""]",[],tests/remediation-b-036.test.mjs (future; consolidate with relevant existing suite if clearer),[],[],[],"[""Own-source exact subject/value/unit/period/conditions with page/hash"", ""Exact base, inherited, optional and unavailable product-level combinations"", ""Same-product and both comparison directions; provider-specific facts stay asymmetric where appropriate"", ""Document X versus catalog Y: X wins; silent optional remains unknown; explicit not_selected remains not_selected"", ""Cross-provider/type/scope/version negatives; no customer object/pricing changes"", ""Fartsområde / grunn/utvidelse (GAP-1156); Jolle / sum/dimensjon (GAP-1157); Brann / omfang (GAP-1159); Tyveri / omfang/unntak (GAP-1160); Bergelønn / branntyveri (GAP-1161); Ulykke / valg/omfang (GAP-1167); Ulykke / død (GAP-1168); Ulykke / invalid (GAP-1169); Ulykke / unntak (GAP-1170); Ansvar / rolle/sum (GAP-1171); Ansvar / unntak (GAP-1172); Rettshjelp / område/rolle (GAP-1173); Rettshjelp / sum/egenandel (GAP-1174); Rettshjelp / utgifter/unntak (GAP-1175); Bergelønn / branntyveri (GAP-1187); Kasko / omfang (GAP-1188); Kasko / unntak (GAP-1189); Redning / utløser (GAP-1190); Redning / tiltak (GAP-1191); Hjemtransportbåt / område/sum (GAP-1192); Redning / egenandel (GAP-1193); Maskin / valg/omfang (GAP-1194); Maskin / unntak (GAP-1195); Maskin / oppgjør (GAP-1196); Maskin / egenandelalder (GAP-1197); Jolle / sum/dimensjon (GAP-1219); Løsøre / sum/applicability (GAP-1220)""]","[""Compare before/after exact scoped products against independent source-fact inventory"", ""Reverse-check changed claims for support and wrong-level leakage"", ""Re-run linked false-unknown controls with own-source oracle; inspect sources and details"", ""Record closed/reopened signature IDs; targeted family bulk comparison; held-out positive controls"", ""Full existing suite, TypeScript, ESLint, webpack production build, synthetic HTTP/PDF runtime, git diff --check after future implementation""]",GPT-6 SOL HIGH,"Utfør bare de kildebundne dimensjonsendringene listet i evidence. Gjenbruk eksisterende nøkler og behold kvalifikasjoner; del eventuell lang tekst etter faktisk semantisk dimensjon, aldri heuristisk UI-tolkning.","[""document > catalog"", ""optional availability != customer selected"", ""unknown != not covered"", ""provider/type/scope/version isolation"", ""product level and add-on boundaries"", ""side-swap symmetry without invented equivalents"", ""age start/reduction/expiry and object age kept distinct"", ""annual/accumulated/coverage mileage kept distinct"", ""per event/year/lifetime/selected sum kept distinct"", ""source page/hash and fact-specific provenance"", ""same object identity and pricing/TFA are not catalog eligibility""]",Source/scope gate satisfied for listed dimensions only; separate user authorization and regression still required.,"Frozen corpus 2026-09-29, not live current-source verification",Known catalog availability never selects a customer add-on,PLANNED_NOT_IMPLEMENTED,"[""B-003"", ""B-008"", ""B-009"", ""B-010"", ""B-018"", ""B-022"", ""B-038"", ""B-041"", ""B-048"", ""B-050"", ""B-053"", ""B-060"", ""B-062"", ""B-065"", ""B-070"", ""B-071"", ""B-072"", ""B-075"", ""B-077"", ""B-080"", ""B-087"", ""B-089"", ""B-091"", ""B-109"", ""B-110"", ""B-113"", ""B-116"", ""B-124"", ""B-125"", ""B-128"", ""B-129"", ""B-132"", ""B-133"", ""B-141"", ""B-143"", ""B-144"", ""B-147"", ""B-148"", ""B-152"", ""B-153"", ""B-154"", ""B-155"", ""B-156"", ""B-157"", ""B-160"", ""B-162"", ""B-166"", ""B-175"", ""B-177"", ""B-178"", ""B-181"", ""B-182"", ""B-187"", ""B-195"", ""B-196"", ""B-197"", ""B-199"", ""B-200""]",MAIN_AGENT_REVIEW_REQUIRED,One named file owner; source research may be parallel read-only. Disjoint files only after all dependencies pass. No agents launched in this triage.
B-037,3,frende · Campingvogn · ordinary: Materialiser dokumenterte P1-dimensjoner på eksisterende nøkler,"[""frende"", ""Campingvogn"", ""ordinary"", ""DATA""]","[""RC-013""]","[""SCRC-004"", ""SCRC-021""]","[""RB-03"", ""RB-19""]","[""03045d2456be525b"", ""1854cec0050b708e"", ""20858a4a4e18762e"", ""3f9c134a90c83677"", ""459beaec02408da0"", ""514f10567e4faf88"", ""56b80af118b2eea8"", ""7a8eb54ff6d90565"", ""7ad5ef4794a0fdf9"", ""a4b40cdbb03a527f"", ""b87d6cb9533f0229"", ""d0466a1fdaabe26f"", ""eac8a06e022194f2"", ""ef8447d08841c46d""]",[],14,24,14,24,0,"[""[\""frende\"",\""campingvogn\"",\""ordinary\"",\""frende-campingvogn-brann-og-tyveri\"",\""2026-01-01\""]"", ""[\""frende\"",\""campingvogn\"",\""ordinary\"",\""frende-campingvogn-kasko\"",\""2026-01-01\""]""]","[""Campingvogn""]","[""frende""]","[""ordinary""]",[],CATALOG_DATA,DATA_BATCH,MEDIUM,IMPLEMENTATION_READY,MUST_BEFORE_NITO,LIKELY_SHARED_WITH_CUSTOMER_MODE,NOT_PROVEN_REQUIRED,Catalog knowledge improvement is shared where enrichment is eligible; no real customer PDF or extraction conclusion is claimed.,"[""lib/vehicle-object-catalog.ts""]",[],tests/remediation-b-037.test.mjs (future; consolidate with relevant existing suite if clearer),[],[],[],"[""Own-source exact subject/value/unit/period/conditions with page/hash"", ""Exact base, inherited, optional and unavailable product-level combinations"", ""Same-product and both comparison directions; provider-specific facts stay asymmetric where appropriate"", ""Document X versus catalog Y: X wins; silent optional remains unknown; explicit not_selected remains not_selected"", ""Cross-provider/type/scope/version negatives; no customer object/pricing changes"", ""Rettshjelp / sum og egenandel (GAP-0112); Løsøre / gjenstandsgrense (GAP-0116); Rettshjelp / personkrets/tvist (GAP-1720); Rettshjelp / utgifter/unntak (GAP-1721); Rettshjelp / sum (GAP-1722); Rettshjelp / egenandel (GAP-1723); Brann / hendelser/unntak (GAP-1724); Tyveri / hendelser/unntak (GAP-1725); Løsøre / valg/objektgrense (GAP-1735); Løsøre / tyveristed (GAP-1736); Kasko / hendelser (GAP-1758); Kasko / unntak (GAP-1759); Fukt / årlig kontroll og utbedring (GAP-1770); Naturskade / dekning (GAP-1771)""]","[""Compare before/after exact scoped products against independent source-fact inventory"", ""Reverse-check changed claims for support and wrong-level leakage"", ""Re-run linked false-unknown controls with own-source oracle; inspect sources and details"", ""Record closed/reopened signature IDs; targeted family bulk comparison; held-out positive controls"", ""Full existing suite, TypeScript, ESLint, webpack production build, synthetic HTTP/PDF runtime, git diff --check after future implementation""]",GPT-6 SOL HIGH,"Utfør bare de kildebundne dimensjonsendringene listet i evidence. Gjenbruk eksisterende nøkler og behold kvalifikasjoner; del eventuell lang tekst etter faktisk semantisk dimensjon, aldri heuristisk UI-tolkning.","[""document > catalog"", ""optional availability != customer selected"", ""unknown != not covered"", ""provider/type/scope/version isolation"", ""product level and add-on boundaries"", ""side-swap symmetry without invented equivalents"", ""age start/reduction/expiry and object age kept distinct"", ""annual/accumulated/coverage mileage kept distinct"", ""per event/year/lifetime/selected sum kept distinct"", ""source page/hash and fact-specific provenance"", ""same object identity and pricing/TFA are not catalog eligibility""]",Source/scope gate satisfied for listed dimensions only; separate user authorization and regression still required.,"Frozen corpus 2026-09-29, not live current-source verification",Known catalog availability never selects a customer add-on,PLANNED_NOT_IMPLEMENTED,"[""B-024"", ""B-025"", ""B-026"", ""B-027"", ""B-044"", ""B-045"", ""B-049"", ""B-056"", ""B-057"", ""B-061"", ""B-068"", ""B-069"", ""B-076"", ""B-083"", ""B-084"", ""B-088"", ""B-094"", ""B-095"", ""B-096"", ""B-097"", ""B-098"", ""B-099"", ""B-100"", ""B-111"", ""B-112"", ""B-118"", ""B-119"", ""B-120"", ""B-126"", ""B-127"", ""B-136"", ""B-137"", ""B-138"", ""B-142"", ""B-150"", ""B-151"", ""B-161"", ""B-169"", ""B-170"", ""B-171"", ""B-172"", ""B-176"", ""B-185"", ""B-186"", ""B-188"", ""B-189"", ""B-194"", ""B-204""]",MAIN_AGENT_REVIEW_REQUIRED,One named file owner; source research may be parallel read-only. Disjoint files only after all dependencies pass. No agents launched in this triage.
B-038,3,frende · Hund · ordinary: Materialiser dokumenterte P1-dimensjoner på eksisterende nøkler,"[""frende"", ""Hund"", ""ordinary"", ""DATA""]","[""RC-014""]","[""SCRC-016""]","[""RB-14""]","[""3597f856a3fb5815"", ""465f854472b3e82d"", ""6769d0c49d81c59e"", ""6dee3fb49b27e4ab"", ""762b45ea101b5d72"", ""82af4c244eb8d5e8"", ""8810f07d993309b5"", ""8e878578ee08aa62"", ""9132251c30eb3313"", ""c391a4fab217f172"", ""f0246801936a9092""]",[],11,11,11,11,0,"[""[\""frende\"",\""hund\"",\""ordinary\"",\""frende-hund-veterin-r\"",\""2026-01-01\""]""]","[""Hund""]","[""frende""]","[""ordinary""]","[""frende-hund-bruksverdi"", ""frende-hund-medisin"", ""frende-hund-tann"", ""frende-hund-tap""]",CATALOG_DATA,DATA_BATCH,MEDIUM,IMPLEMENTATION_READY,MUST_BEFORE_NITO,LIKELY_SHARED_WITH_CUSTOMER_MODE,NOT_PROVEN_REQUIRED,Catalog knowledge improvement is shared where enrichment is eligible; no real customer PDF or extraction conclusion is claimed.,"[""lib/boat-pet-catalog.ts""]",[],tests/remediation-b-038.test.mjs (future; consolidate with relevant existing suite if clearer),"[""B-018""]","[""B-018""]",[],"[""Own-source exact subject/value/unit/period/conditions with page/hash"", ""Exact base, inherited, optional and unavailable product-level combinations"", ""Same-product and both comparison directions; provider-specific facts stay asymmetric where appropriate"", ""Document X versus catalog Y: X wins; silent optional remains unknown; explicit not_selected remains not_selected"", ""Cross-provider/type/scope/version negatives; no customer object/pricing changes"", ""Veterinær / omfang (GAP-1257); Allergi / sum/vilkår (GAP-1258); Veterinær / unntak (GAP-1262); Karenstid / tid/økning (GAP-1263); Tannsykdom / tillegg/sum (GAP-1268); Tannsykdom / unntak/tid (GAP-1269); Medisin / tillegg/sum (GAP-1270); Forsikringssum / samordning (GAP-1271); Tap / hendelser (GAP-1272); Tap / unntak (GAP-1273); Brukshund / ytelse (GAP-1277)""]","[""Compare before/after exact scoped products against independent source-fact inventory"", ""Reverse-check changed claims for support and wrong-level leakage"", ""Re-run linked false-unknown controls with own-source oracle; inspect sources and details"", ""Record closed/reopened signature IDs; targeted family bulk comparison; held-out positive controls"", ""Full existing suite, TypeScript, ESLint, webpack production build, synthetic HTTP/PDF runtime, git diff --check after future implementation""]",GPT-6 SOL HIGH,"Utfør bare de kildebundne dimensjonsendringene listet i evidence. Gjenbruk eksisterende nøkler og behold kvalifikasjoner; del eventuell lang tekst etter faktisk semantisk dimensjon, aldri heuristisk UI-tolkning.","[""document > catalog"", ""optional availability != customer selected"", ""unknown != not covered"", ""provider/type/scope/version isolation"", ""product level and add-on boundaries"", ""side-swap symmetry without invented equivalents"", ""age start/reduction/expiry and object age kept distinct"", ""annual/accumulated/coverage mileage kept distinct"", ""per event/year/lifetime/selected sum kept distinct"", ""source page/hash and fact-specific provenance"", ""same object identity and pricing/TFA are not catalog eligibility""]",Source/scope gate satisfied for listed dimensions only; separate user authorization and regression still required.,"Frozen corpus 2026-09-29, not live current-source verification",Known catalog availability never selects a customer add-on,PLANNED_NOT_IMPLEMENTED,"[""B-003"", ""B-008"", ""B-009"", ""B-010"", ""B-018"", ""B-022"", ""B-036"", ""B-041"", ""B-048"", ""B-050"", ""B-053"", ""B-060"", ""B-062"", ""B-065"", ""B-070"", ""B-071"", ""B-072"", ""B-075"", ""B-077"", ""B-080"", ""B-087"", ""B-089"", ""B-091"", ""B-109"", ""B-110"", ""B-113"", ""B-116"", ""B-124"", ""B-125"", ""B-128"", ""B-129"", ""B-132"", ""B-133"", ""B-141"", ""B-143"", ""B-144"", ""B-147"", ""B-148"", ""B-152"", ""B-153"", ""B-154"", ""B-155"", ""B-156"", ""B-157"", ""B-160"", ""B-162"", ""B-166"", ""B-175"", ""B-177"", ""B-178"", ""B-181"", ""B-182"", ""B-187"", ""B-195"", ""B-196"", ""B-197"", ""B-199"", ""B-200""]",MAIN_AGENT_REVIEW_REQUIRED,One named file owner; source research may be parallel read-only. Disjoint files only after all dependencies pass. No agents launched in this triage.
B-039,3,frende · Hus · ordinary: Materialiser dokumenterte P1-dimensjoner på eksisterende nøkler,"[""frende"", ""Hus"", ""ordinary"", ""DATA""]","[""RC-015""]","[""SCRC-009""]","[""RB-08""]","[""2cdb5babb9baeb36"", ""385d0c2172a2a0aa"", ""4091848d2d30b0ce"", ""4a68aa57721576ba"", ""91375b3834c1df04"", ""c0b644be0f01f227"", ""dc93e0369213538a""]",[],7,13,7,13,0,"[""[\""frende\"",\""bolig\"",\""ordinary\"",\""frende-hus-standard\"",\""2026-09-01\""]"", ""[\""frende\"",\""bolig\"",\""ordinary\"",\""frende-hus-utvidet\"",\""2026-09-01\""]""]","[""Hus""]","[""frende""]","[""ordinary""]","[""frende-hus-utleie""]",CATALOG_DATA,DATA_BATCH,MEDIUM,IMPLEMENTATION_READY,MUST_BEFORE_NITO,LIKELY_SHARED_WITH_CUSTOMER_MODE,NOT_PROVEN_REQUIRED,Catalog knowledge improvement is shared where enrichment is eligible; no real customer PDF or extraction conclusion is claimed.,"[""lib/frende-hus-catalog.ts""]",[],tests/remediation-b-039.test.mjs (future; consolidate with relevant existing suite if clearer),[],[],[],"[""Own-source exact subject/value/unit/period/conditions with page/hash"", ""Exact base, inherited, optional and unavailable product-level combinations"", ""Same-product and both comparison directions; provider-specific facts stay asymmetric where appropriate"", ""Document X versus catalog Y: X wins; silent optional remains unknown; explicit not_selected remains not_selected"", ""Cross-provider/type/scope/version negatives; no customer object/pricing changes"", ""Standard / viktige unntak (GAP-0295); Offentlig påbud / vilkår/unntak (GAP-0296); Førsterisiko / oppgjør (GAP-0297); Gjenoppføring / femårsfrist/annen eier (GAP-0298); Rettshjelp / sum/egenandel (GAP-0302); Utleie / leietap etter skade (GAP-0304); Utvidet håndverker / unntak (GAP-0319)""]","[""Compare before/after exact scoped products against independent source-fact inventory"", ""Reverse-check changed claims for support and wrong-level leakage"", ""Re-run linked false-unknown controls with own-source oracle; inspect sources and details"", ""Record closed/reopened signature IDs; targeted family bulk comparison; held-out positive controls"", ""Full existing suite, TypeScript, ESLint, webpack production build, synthetic HTTP/PDF runtime, git diff --check after future implementation""]",GPT-6 SOL HIGH,"Utfør bare de kildebundne dimensjonsendringene listet i evidence. Gjenbruk eksisterende nøkler og behold kvalifikasjoner; del eventuell lang tekst etter faktisk semantisk dimensjon, aldri heuristisk UI-tolkning.","[""document > catalog"", ""optional availability != customer selected"", ""unknown != not covered"", ""provider/type/scope/version isolation"", ""product level and add-on boundaries"", ""side-swap symmetry without invented equivalents"", ""age start/reduction/expiry and object age kept distinct"", ""annual/accumulated/coverage mileage kept distinct"", ""per event/year/lifetime/selected sum kept distinct"", ""source page/hash and fact-specific provenance"", ""same object identity and pricing/TFA are not catalog eligibility""]",Source/scope gate satisfied for listed dimensions only; separate user authorization and regression still required.,"Frozen corpus 2026-09-29, not live current-source verification",Known catalog availability never selects a customer add-on,PLANNED_NOT_IMPLEMENTED,"[""B-114""]",MAIN_AGENT_REVIEW_REQUIRED,One named file owner; source research may be parallel read-only. Disjoint files only after all dependencies pass. No agents launched in this triage.
B-040,3,frende · Innbo · ordinary: Materialiser dokumenterte P1-dimensjoner på eksisterende nøkler,"[""frende"", ""Innbo"", ""ordinary"", ""DATA""]","[""RC-016""]","[""SCRC-008""]","[""RB-07""]","[""1385d054ca982975"", ""30f4027e244565fe"", ""67807640ae1f35b9"", ""b5e02c84e91713e9"", ""b5eb98e914354960"", ""b7f3ca5fc51cf2eb"", ""df91d55454eefd03"", ""f1c1cc848624746c""]",[],8,8,8,8,0,"[""[\""frende\"",\""innbo\"",\""ordinary\"",\""frende-innbo-standard\"",\""2026-09-01\""]""]","[""Innbo""]","[""frende""]","[""ordinary""]","[""frende-innbo-uhell""]",CATALOG_DATA,DATA_BATCH,MEDIUM,IMPLEMENTATION_READY,MUST_BEFORE_NITO,LIKELY_SHARED_WITH_CUSTOMER_MODE,NOT_PROVEN_REQUIRED,Catalog knowledge improvement is shared where enrichment is eligible; no real customer PDF or extraction conclusion is claimed.,"[""lib/frende-innbo-catalog.ts""]",[],tests/remediation-b-040.test.mjs (future; consolidate with relevant existing suite if clearer),[],[],[],"[""Own-source exact subject/value/unit/period/conditions with page/hash"", ""Exact base, inherited, optional and unavailable product-level combinations"", ""Same-product and both comparison directions; provider-specific facts stay asymmetric where appropriate"", ""Document X versus catalog Y: X wins; silent optional remains unknown; explicit not_selected remains not_selected"", ""Cross-provider/type/scope/version negatives; no customer object/pricing changes"", ""Vann / inntrenging (GAP-0275); Borteboing / merutgifter (GAP-0278); Skadedyr / unntak (GAP-0282); Ansvar / privat rolle/vesentlige unntak (GAP-0283); Rettshjelp / summer (GAP-0284); Rettshjelp / vesentlige unntak (GAP-0286); ID/nettmisbruk / viktige begrensninger (GAP-0287); Uhell / skadeunntak og kildeforskjell (GAP-0288)""]","[""Compare before/after exact scoped products against independent source-fact inventory"", ""Reverse-check changed claims for support and wrong-level leakage"", ""Re-run linked false-unknown controls with own-source oracle; inspect sources and details"", ""Record closed/reopened signature IDs; targeted family bulk comparison; held-out positive controls"", ""Full existing suite, TypeScript, ESLint, webpack production build, synthetic HTTP/PDF runtime, git diff --check after future implementation""]",GPT-6 SOL HIGH,"Utfør bare de kildebundne dimensjonsendringene listet i evidence. Gjenbruk eksisterende nøkler og behold kvalifikasjoner; del eventuell lang tekst etter faktisk semantisk dimensjon, aldri heuristisk UI-tolkning.","[""document > catalog"", ""optional availability != customer selected"", ""unknown != not covered"", ""provider/type/scope/version isolation"", ""product level and add-on boundaries"", ""side-swap symmetry without invented equivalents"", ""age start/reduction/expiry and object age kept distinct"", ""annual/accumulated/coverage mileage kept distinct"", ""per event/year/lifetime/selected sum kept distinct"", ""source page/hash and fact-specific provenance"", ""same object identity and pricing/TFA are not catalog eligibility""]",Source/scope gate satisfied for listed dimensions only; separate user authorization and regression still required.,"Frozen corpus 2026-09-29, not live current-source verification",Known catalog availability never selects a customer add-on,PLANNED_NOT_IMPLEMENTED,"[""B-115""]",MAIN_AGENT_REVIEW_REQUIRED,One named file owner; source research may be parallel read-only. Disjoint files only after all dependencies pass. No agents launched in this triage.
B-041,3,frende · Katt · ordinary: Materialiser dokumenterte P1-dimensjoner på eksisterende nøkler,"[""frende"", ""Katt"", ""ordinary"", ""DATA""]","[""RC-017""]","[""SCRC-016""]","[""RB-14""]","[""2c52ff8347425c2c"", ""7a088e05e1aa0910"", ""84e7bbb2344c5c60"", ""b7c3a54f2c64bec8"", ""c6bb0db2c504cd74"", ""cab46e5f569b7815"", ""db74949bd00f107b""]",[],7,7,7,7,0,"[""[\""frende\"",\""katt\"",\""ordinary\"",\""frende-katt-veterin-r\"",\""2026-01-01\""]""]","[""Katt""]","[""frende""]","[""ordinary""]","[""frende-katt-medisin"", ""frende-katt-tap""]",CATALOG_DATA,DATA_BATCH,MEDIUM,IMPLEMENTATION_READY,MUST_BEFORE_NITO,LIKELY_SHARED_WITH_CUSTOMER_MODE,NOT_PROVEN_REQUIRED,Catalog knowledge improvement is shared where enrichment is eligible; no real customer PDF or extraction conclusion is claimed.,"[""lib/boat-pet-catalog.ts""]",[],tests/remediation-b-041.test.mjs (future; consolidate with relevant existing suite if clearer),[],[],[],"[""Own-source exact subject/value/unit/period/conditions with page/hash"", ""Exact base, inherited, optional and unavailable product-level combinations"", ""Same-product and both comparison directions; provider-specific facts stay asymmetric where appropriate"", ""Document X versus catalog Y: X wins; silent optional remains unknown; explicit not_selected remains not_selected"", ""Cross-provider/type/scope/version negatives; no customer object/pricing changes"", ""Veterinær / omfang (GAP-1286); Allergi / sum/vilkår (GAP-1287); Veterinær / unntak (GAP-1291); Karenstid / tid/økning (GAP-1292); Medisin / tillegg/sum (GAP-1293); Forsikringssum / samordning (GAP-1294); Tap / unntak (GAP-1295)""]","[""Compare before/after exact scoped products against independent source-fact inventory"", ""Reverse-check changed claims for support and wrong-level leakage"", ""Re-run linked false-unknown controls with own-source oracle; inspect sources and details"", ""Record closed/reopened signature IDs; targeted family bulk comparison; held-out positive controls"", ""Full existing suite, TypeScript, ESLint, webpack production build, synthetic HTTP/PDF runtime, git diff --check after future implementation""]",GPT-6 SOL HIGH,"Utfør bare de kildebundne dimensjonsendringene listet i evidence. Gjenbruk eksisterende nøkler og behold kvalifikasjoner; del eventuell lang tekst etter faktisk semantisk dimensjon, aldri heuristisk UI-tolkning.","[""document > catalog"", ""optional availability != customer selected"", ""unknown != not covered"", ""provider/type/scope/version isolation"", ""product level and add-on boundaries"", ""side-swap symmetry without invented equivalents"", ""age start/reduction/expiry and object age kept distinct"", ""annual/accumulated/coverage mileage kept distinct"", ""per event/year/lifetime/selected sum kept distinct"", ""source page/hash and fact-specific provenance"", ""same object identity and pricing/TFA are not catalog eligibility""]",Source/scope gate satisfied for listed dimensions only; separate user authorization and regression still required.,"Frozen corpus 2026-09-29, not live current-source verification",Known catalog availability never selects a customer add-on,PLANNED_NOT_IMPLEMENTED,"[""B-003"", ""B-008"", ""B-009"", ""B-010"", ""B-018"", ""B-022"", ""B-036"", ""B-038"", ""B-048"", ""B-050"", ""B-053"", ""B-060"", ""B-062"", ""B-065"", ""B-070"", ""B-071"", ""B-072"", ""B-075"", ""B-077"", ""B-080"", ""B-087"", ""B-089"", ""B-091"", ""B-109"", ""B-110"", ""B-113"", ""B-116"", ""B-124"", ""B-125"", ""B-128"", ""B-129"", ""B-132"", ""B-133"", ""B-141"", ""B-143"", ""B-144"", ""B-147"", ""B-148"", ""B-152"", ""B-153"", ""B-154"", ""B-155"", ""B-156"", ""B-157"", ""B-160"", ""B-162"", ""B-166"", ""B-175"", ""B-177"", ""B-178"", ""B-181"", ""B-182"", ""B-187"", ""B-195"", ""B-196"", ""B-197"", ""B-199"", ""B-200""]",MAIN_AGENT_REVIEW_REQUIRED,One named file owner; source research may be parallel read-only. Disjoint files only after all dependencies pass. No agents launched in this triage.
B-042,3,frende · MC · ordinary: Materialiser dokumenterte P1-dimensjoner på eksisterende nøkler,"[""frende"", ""MC"", ""ordinary"", ""DATA""]","[""RC-018""]","[""SCRC-018""]","[""RB-16""]","[""0717cbe5979fe940"", ""15d798ea12be27be"", ""673b0dd64b9ae86b"", ""6a20b5d641186e9a"", ""902297071ab9516b"", ""a84cddf6a4a5ab0f"", ""b6504beef8072acb"", ""bcd4632e3ae2532e"", ""c25762012f5b486d"", ""cf17458e25f6d116"", ""f864e62baa274cb8"", ""fb65e93662e8c95c"", ""fc887c2905220189""]",[],13,32,13,32,0,"[""[\""frende\"",\""mc\"",\""ordinary\"",\""frende-mc-ansvar\"",\""2026-01-01\""]"", ""[\""frende\"",\""mc\"",\""ordinary\"",\""frende-mc-delkasko\"",\""2026-01-01\""]"", ""[\""frende\"",\""mc\"",\""ordinary\"",\""frende-mc-kasko\"",\""2026-01-01\""]""]","[""MC""]","[""frende""]","[""ordinary""]","[""frende-mc-ulykke""]",CATALOG_DATA,DATA_BATCH,MEDIUM,IMPLEMENTATION_READY,MUST_BEFORE_NITO,LIKELY_SHARED_WITH_CUSTOMER_MODE,NOT_PROVEN_REQUIRED,Catalog knowledge improvement is shared where enrichment is eligible; no real customer PDF or extraction conclusion is claimed.,"[""lib/mc-bobil-fremtind-frende-catalog.ts""]",[],tests/remediation-b-042.test.mjs (future; consolidate with relevant existing suite if clearer),[],[],[],"[""Own-source exact subject/value/unit/period/conditions with page/hash"", ""Exact base, inherited, optional and unavailable product-level combinations"", ""Same-product and both comparison directions; provider-specific facts stay asymmetric where appropriate"", ""Document X versus catalog Y: X wins; silent optional remains unknown; explicit not_selected remains not_selected"", ""Cross-provider/type/scope/version negatives; no customer object/pricing changes"", ""Bonus / fritak (GAP-1451); Ulykke / scope (GAP-1452); Ulykke / invaliditet (GAP-1453); Ansvar / utenombilansvar (GAP-1455); Rettshjelp / scope (GAP-1456); Rettshjelp / utgifter/unntak (GAP-1457); Rettshjelp / sum (GAP-1458); Brann / hendelser/unntak (GAP-1467); Tyveri / hendelser/unntak (GAP-1468); Veihjelp / hendelser/sted (GAP-1469); Hjemtransport / personer (GAP-1470); Hjemtransport / kjøretøy (GAP-1471); Kasko / unntak (GAP-1500)""]","[""Compare before/after exact scoped products against independent source-fact inventory"", ""Reverse-check changed claims for support and wrong-level leakage"", ""Re-run linked false-unknown controls with own-source oracle; inspect sources and details"", ""Record closed/reopened signature IDs; targeted family bulk comparison; held-out positive controls"", ""Full existing suite, TypeScript, ESLint, webpack production build, synthetic HTTP/PDF runtime, git diff --check after future implementation""]",GPT-6 SOL HIGH,"Utfør bare de kildebundne dimensjonsendringene listet i evidence. Gjenbruk eksisterende nøkler og behold kvalifikasjoner; del eventuell lang tekst etter faktisk semantisk dimensjon, aldri heuristisk UI-tolkning.","[""document > catalog"", ""optional availability != customer selected"", ""unknown != not covered"", ""provider/type/scope/version isolation"", ""product level and add-on boundaries"", ""side-swap symmetry without invented equivalents"", ""age start/reduction/expiry and object age kept distinct"", ""annual/accumulated/coverage mileage kept distinct"", ""per event/year/lifetime/selected sum kept distinct"", ""source page/hash and fact-specific provenance"", ""same object identity and pricing/TFA are not catalog eligibility""]",Source/scope gate satisfied for listed dimensions only; separate user authorization and regression still required.,"Frozen corpus 2026-09-29, not live current-source verification",Known catalog availability never selects a customer add-on,PLANNED_NOT_IMPLEMENTED,"[""B-023"", ""B-028"", ""B-031"", ""B-035"", ""B-101"", ""B-104"", ""B-108"", ""B-117"", ""B-190""]",MAIN_AGENT_REVIEW_REQUIRED,One named file owner; source research may be parallel read-only. Disjoint files only after all dependencies pass. No agents launched in this triage.
B-043,3,frende · Reise · ordinary: Materialiser dokumenterte P1-dimensjoner på eksisterende nøkler,"[""frende"", ""Reise"", ""ordinary"", ""DATA""]","[""RC-019""]","[""SCRC-010""]","[""RB-09""]","[""0b8bc178065a498f"", ""2b4c6b827f399126"", ""2d6235f633ad6d97"", ""627fa475ee5cedba"", ""8909f7b07db6ef56"", ""8eb75eca5c1b28d0"", ""951c941d72ee54fa"", ""b8ff2d37ea4b0069"", ""cd6d6ffabd8b62ef"", ""cfa9c20b75d659f3"", ""d7d3f74bec00427a"", ""dd98a9c1ebb5593e""]",[],12,12,12,12,0,"[""[\""frende\"",\""reise\"",\""ordinary\"",\""frende-reiseforsikring\"",\""2026-03-01\""]""]","[""Reise""]","[""frende""]","[""ordinary""]",[],CATALOG_DATA,DATA_BATCH,MEDIUM,IMPLEMENTATION_READY,MUST_BEFORE_NITO,LIKELY_SHARED_WITH_CUSTOMER_MODE,NOT_PROVEN_REQUIRED,Catalog knowledge improvement is shared where enrichment is eligible; no real customer PDF or extraction conclusion is claimed.,"[""lib/frende-reise-catalog.ts""]",[],tests/remediation-b-043.test.mjs (future; consolidate with relevant existing suite if clearer),[],[],[],"[""Own-source exact subject/value/unit/period/conditions with page/hash"", ""Exact base, inherited, optional and unavailable product-level combinations"", ""Same-product and both comparison directions; provider-specific facts stay asymmetric where appropriate"", ""Document X versus catalog Y: X wins; silent optional remains unknown; explicit not_selected remains not_selected"", ""Cross-provider/type/scope/version negatives; no customer object/pricing changes"", ""Personkrets / familie (GAP-0325); Avbestilling / årsak (GAP-0326); Avbestilling / økonomisk omfang (GAP-0328); Avbestilling / unntak (GAP-0329); Forsinkelse / viderereise (GAP-0331); Reisegods / hvem/hendelser (GAP-0333); Reisegods / unntak (GAP-0334); Sykdom / andre unntak (GAP-0335); Sykdom / utgifter (GAP-0336); Ulykke / dødsbegunstigelse (GAP-0340); Ulykke / unntak (GAP-0341); Rettshjelp / område/rolle (GAP-0342)""]","[""Compare before/after exact scoped products against independent source-fact inventory"", ""Reverse-check changed claims for support and wrong-level leakage"", ""Re-run linked false-unknown controls with own-source oracle; inspect sources and details"", ""Record closed/reopened signature IDs; targeted family bulk comparison; held-out positive controls"", ""Full existing suite, TypeScript, ESLint, webpack production build, synthetic HTTP/PDF runtime, git diff --check after future implementation""]",GPT-6 SOL HIGH,"Utfør bare de kildebundne dimensjonsendringene listet i evidence. Gjenbruk eksisterende nøkler og behold kvalifikasjoner; del eventuell lang tekst etter faktisk semantisk dimensjon, aldri heuristisk UI-tolkning.","[""document > catalog"", ""optional availability != customer selected"", ""unknown != not covered"", ""provider/type/scope/version isolation"", ""product level and add-on boundaries"", ""side-swap symmetry without invented equivalents"", ""age start/reduction/expiry and object age kept distinct"", ""annual/accumulated/coverage mileage kept distinct"", ""per event/year/lifetime/selected sum kept distinct"", ""source page/hash and fact-specific provenance"", ""same object identity and pricing/TFA are not catalog eligibility""]",Source/scope gate satisfied for listed dimensions only; separate user authorization and regression still required.,"Frozen corpus 2026-09-29, not live current-source verification",Known catalog availability never selects a customer add-on,PLANNED_NOT_IMPLEMENTED,[],SAFE_FOR_SUBAGENT,One named file owner; source research may be parallel read-only. Disjoint files only after all dependencies pass. No agents launched in this triage.
B-044,3,frende · Snøscooter · ordinary: Materialiser dokumenterte P1-dimensjoner på eksisterende nøkler,"[""frende"", ""Snøscooter"", ""ordinary"", ""DATA""]","[""RC-020""]","[""SCRC-004"", ""SCRC-021""]","[""RB-03"", ""RB-19""]","[""2b8d431fd65ef46d"", ""413eaf449d1ff4e3"", ""565b29a45f07c725"", ""8f6487d71037dfc1"", ""9f39e4d8dadf6e44"", ""ac48d828094ddf9a"", ""e0c4e8b70c0c8f53"", ""e633eb477c89e02d"", ""e9c5a56d1ec07795"", ""ee338e4266bd5646"", ""ef7193d2d75ff0db"", ""f0d110910d5859b9"", ""fa3581f9defadf0b""]",[],13,32,13,32,0,"[""[\""frende\"",\""snøscooter\"",\""ordinary\"",\""frende-snoscooter-ansvar\"",\""2026-01-01\""]"", ""[\""frende\"",\""snøscooter\"",\""ordinary\"",\""frende-snoscooter-brann-og-tyveri\"",\""2026-01-01\""]"", ""[\""frende\"",\""snøscooter\"",\""ordinary\"",\""frende-snoscooter-kasko\"",\""2026-01-01\""]""]","[""Snøscooter""]","[""frende""]","[""ordinary""]",[],CATALOG_DATA,DATA_BATCH,MEDIUM,IMPLEMENTATION_READY,MUST_BEFORE_NITO,LIKELY_SHARED_WITH_CUSTOMER_MODE,NOT_PROVEN_REQUIRED,Catalog knowledge improvement is shared where enrichment is eligible; no real customer PDF or extraction conclusion is claimed.,"[""lib/vehicle-object-catalog.ts""]",[],tests/remediation-b-044.test.mjs (future; consolidate with relevant existing suite if clearer),[],[],[],"[""Own-source exact subject/value/unit/period/conditions with page/hash"", ""Exact base, inherited, optional and unavailable product-level combinations"", ""Same-product and both comparison directions; provider-specific facts stay asymmetric where appropriate"", ""Document X versus catalog Y: X wins; silent optional remains unknown; explicit not_selected remains not_selected"", ""Cross-provider/type/scope/version negatives; no customer object/pricing changes"", ""Rettshjelp / sum og egenandel (GAP-0099); Ulykke / valgfri tilgjengelighet (GAP-0106); Rettshjelp / personkrets/tvist (GAP-1644); Rettshjelp / utgifter/unntak (GAP-1645); Rettshjelp / sum (GAP-1646); Rettshjelp / egenandel (GAP-1647); Ansvar / lovbestemt/ulovfestet (GAP-1650); Fører/passasjerulykke / valgfri tilgjengelighet (GAP-1651); Brann / hendelser/unntak (GAP-1664); Tyveri / hendelser/unntak (GAP-1665); Egenandel / brann/tyveri (GAP-1683); Kasko / hendelser (GAP-1700); Kasko / unntak (GAP-1701)""]","[""Compare before/after exact scoped products against independent source-fact inventory"", ""Reverse-check changed claims for support and wrong-level leakage"", ""Re-run linked false-unknown controls with own-source oracle; inspect sources and details"", ""Record closed/reopened signature IDs; targeted family bulk comparison; held-out positive controls"", ""Full existing suite, TypeScript, ESLint, webpack production build, synthetic HTTP/PDF runtime, git diff --check after future implementation""]",GPT-6 SOL HIGH,"Utfør bare de kildebundne dimensjonsendringene listet i evidence. Gjenbruk eksisterende nøkler og behold kvalifikasjoner; del eventuell lang tekst etter faktisk semantisk dimensjon, aldri heuristisk UI-tolkning.","[""document > catalog"", ""optional availability != customer selected"", ""unknown != not covered"", ""provider/type/scope/version isolation"", ""product level and add-on boundaries"", ""side-swap symmetry without invented equivalents"", ""age start/reduction/expiry and object age kept distinct"", ""annual/accumulated/coverage mileage kept distinct"", ""per event/year/lifetime/selected sum kept distinct"", ""source page/hash and fact-specific provenance"", ""same object identity and pricing/TFA are not catalog eligibility""]",Source/scope gate satisfied for listed dimensions only; separate user authorization and regression still required.,"Frozen corpus 2026-09-29, not live current-source verification",Known catalog availability never selects a customer add-on,PLANNED_NOT_IMPLEMENTED,"[""B-024"", ""B-025"", ""B-026"", ""B-027"", ""B-037"", ""B-045"", ""B-049"", ""B-056"", ""B-057"", ""B-061"", ""B-068"", ""B-069"", ""B-076"", ""B-083"", ""B-084"", ""B-088"", ""B-094"", ""B-095"", ""B-096"", ""B-097"", ""B-098"", ""B-099"", ""B-100"", ""B-111"", ""B-112"", ""B-118"", ""B-119"", ""B-120"", ""B-126"", ""B-127"", ""B-136"", ""B-137"", ""B-138"", ""B-142"", ""B-150"", ""B-151"", ""B-161"", ""B-169"", ""B-170"", ""B-171"", ""B-172"", ""B-176"", ""B-185"", ""B-186"", ""B-188"", ""B-189"", ""B-194"", ""B-204""]",MAIN_AGENT_REVIEW_REQUIRED,One named file owner; source research may be parallel read-only. Disjoint files only after all dependencies pass. No agents launched in this triage.
B-045,3,frende · Tilhenger · ordinary: Materialiser dokumenterte P1-dimensjoner på eksisterende nøkler,"[""frende"", ""Tilhenger"", ""ordinary"", ""DATA""]","[""RC-021""]","[""SCRC-004"", ""SCRC-021""]","[""RB-03"", ""RB-19""]","[""5dfe8434f98723b2"", ""5fac60fd11644ee8"", ""64eac561455f4dc4"", ""8c3d0b61762fc4fb"", ""baecebe36d3a4914"", ""d7288275a68a7c8e"", ""dc3dd7e6392e2a00"", ""e2f8c5bee70295ab"", ""ec09ac7820af51c9"", ""f42116db4ead13b5""]",[],10,18,10,18,0,"[""[\""frende\"",\""tilhenger\"",\""ordinary\"",\""frende-tilhenger-brann-og-tyveri\"",\""2026-01-01\""]"", ""[\""frende\"",\""tilhenger\"",\""ordinary\"",\""frende-tilhenger-kasko\"",\""2026-01-01\""]""]","[""Tilhenger""]","[""frende""]","[""ordinary""]",[],CATALOG_DATA,DATA_BATCH,MEDIUM,IMPLEMENTATION_READY,MUST_BEFORE_NITO,LIKELY_SHARED_WITH_CUSTOMER_MODE,NOT_PROVEN_REQUIRED,Catalog knowledge improvement is shared where enrichment is eligible; no real customer PDF or extraction conclusion is claimed.,"[""lib/vehicle-object-catalog.ts""]",[],tests/remediation-b-045.test.mjs (future; consolidate with relevant existing suite if clearer),[],[],[],"[""Own-source exact subject/value/unit/period/conditions with page/hash"", ""Exact base, inherited, optional and unavailable product-level combinations"", ""Same-product and both comparison directions; provider-specific facts stay asymmetric where appropriate"", ""Document X versus catalog Y: X wins; silent optional remains unknown; explicit not_selected remains not_selected"", ""Cross-provider/type/scope/version negatives; no customer object/pricing changes"", ""Rettshjelp / sum og egenandel (GAP-0122); Rettshjelp / personkrets/tvist (GAP-1776); Rettshjelp / utgifter/unntak (GAP-1777); Rettshjelp / sum (GAP-1778); Rettshjelp / egenandel (GAP-1779); Brann / hendelser/unntak (GAP-1780); Tyveri / hendelser/unntak (GAP-1781); Frakoblet tilhenger / skadeomfang (GAP-1791); Kasko / hendelser (GAP-1810); Kasko / unntak (GAP-1811)""]","[""Compare before/after exact scoped products against independent source-fact inventory"", ""Reverse-check changed claims for support and wrong-level leakage"", ""Re-run linked false-unknown controls with own-source oracle; inspect sources and details"", ""Record closed/reopened signature IDs; targeted family bulk comparison; held-out positive controls"", ""Full existing suite, TypeScript, ESLint, webpack production build, synthetic HTTP/PDF runtime, git diff --check after future implementation""]",GPT-6 SOL HIGH,"Utfør bare de kildebundne dimensjonsendringene listet i evidence. Gjenbruk eksisterende nøkler og behold kvalifikasjoner; del eventuell lang tekst etter faktisk semantisk dimensjon, aldri heuristisk UI-tolkning.","[""document > catalog"", ""optional availability != customer selected"", ""unknown != not covered"", ""provider/type/scope/version isolation"", ""product level and add-on boundaries"", ""side-swap symmetry without invented equivalents"", ""age start/reduction/expiry and object age kept distinct"", ""annual/accumulated/coverage mileage kept distinct"", ""per event/year/lifetime/selected sum kept distinct"", ""source page/hash and fact-specific provenance"", ""same object identity and pricing/TFA are not catalog eligibility""]",Source/scope gate satisfied for listed dimensions only; separate user authorization and regression still required.,"Frozen corpus 2026-09-29, not live current-source verification",Known catalog availability never selects a customer add-on,PLANNED_NOT_IMPLEMENTED,"[""B-024"", ""B-025"", ""B-026"", ""B-027"", ""B-037"", ""B-044"", ""B-049"", ""B-056"", ""B-057"", ""B-061"", ""B-068"", ""B-069"", ""B-076"", ""B-083"", ""B-084"", ""B-088"", ""B-094"", ""B-095"", ""B-096"", ""B-097"", ""B-098"", ""B-099"", ""B-100"", ""B-111"", ""B-112"", ""B-118"", ""B-119"", ""B-120"", ""B-126"", ""B-127"", ""B-136"", ""B-137"", ""B-138"", ""B-142"", ""B-150"", ""B-151"", ""B-161"", ""B-169"", ""B-170"", ""B-171"", ""B-172"", ""B-176"", ""B-185"", ""B-186"", ""B-188"", ""B-189"", ""B-194"", ""B-204""]",MAIN_AGENT_REVIEW_REQUIRED,One named file owner; source research may be parallel read-only. Disjoint files only after all dependencies pass. No agents launched in this triage.
B-046,3,gjensidige · Bil · ordinary: Materialiser dokumenterte P1-dimensjoner på eksisterende nøkler,"[""gjensidige"", ""Bil"", ""ordinary"", ""DATA""]","[""RC-022""]","[""SCRC-022""]","[""RB-20""]","[""069d2d18197eace9"", ""0bd1ed861f04e76a"", ""136ee788863538bd"", ""2146262e513171a7"", ""2a67c8709cac3a1c"", ""334c90d9d09cc923"", ""50f3e2ffb05c836f"", ""532819dd02d52899"", ""535ce7f89f29d25f"", ""581a63418538adb9"", ""58ab8459f1ffd814"", ""63a12036191c2c3c"", ""6c8bb0dbed754d27"", ""6cceb2e4a6d2a5ea"", ""79a3577230458647"", ""7b17786f322fa454"", ""86d9a8670677ec81"", ""944ceeea4eed7c21"", ""a0d3176e00fe8488"", ""a7087d780caa7fce"", ""b495fb59d6638814"", ""b755d583fbd03659"", ""b860611fa8cf78e4"", ""cae7ef5ff1b0c9da"", ""d5b230bececc6c03"", ""dc0bfe59fe726742"", ""dca4a209b589ba22""]",[],27,72,27,72,0,"[""[\""gjensidige\"",\""bil\"",\""ordinary\"",\""gj-bil-ansvar\"",null]"", ""[\""gjensidige\"",\""bil\"",\""ordinary\"",\""gj-bil-delkasko\"",null]"", ""[\""gjensidige\"",\""bil\"",\""ordinary\"",\""gj-bil-kasko\"",null]"", ""[\""gjensidige\"",\""bil\"",\""ordinary\"",\""gj-bil-pluss\"",null]""]","[""Bil""]","[""gjensidige""]","[""ordinary""]","[""gj-punktering""]",CATALOG_DATA,DATA_BATCH,MEDIUM,IMPLEMENTATION_READY,MUST_BEFORE_NITO,LIKELY_SHARED_WITH_CUSTOMER_MODE,NOT_PROVEN_REQUIRED,Catalog knowledge improvement is shared where enrichment is eligible; no real customer PDF or extraction conclusion is claimed.,"[""lib/gjensidige-catalog.ts""]",[],tests/remediation-b-046.test.mjs (future; consolidate with relevant existing suite if clearer),[],[],[],"[""Own-source exact subject/value/unit/period/conditions with page/hash"", ""Exact base, inherited, optional and unavailable product-level combinations"", ""Same-product and both comparison directions; provider-specific facts stay asymmetric where appropriate"", ""Document X versus catalog Y: X wins; silent optional remains unknown; explicit not_selected remains not_selected"", ""Cross-provider/type/scope/version negatives; no customer object/pricing changes"", ""Rettshjelp / grunnsum (GAP-1822); Ulykke / hendelser (GAP-1831); Ulykke / dødsfall vilkår (GAP-1832); Ulykke / invaliditet (GAP-1833); Ulykke / vesentlige unntak (GAP-1834); Rettshjelp / omfang (GAP-1835); Rettshjelp / kostnader (GAP-1836); Rettshjelp / begrensninger (GAP-1838); Rettshjelp / flerpart/sum (GAP-1839); Glass / sum og egenandel (GAP-1857); Veihjelp / hendelser/transport (GAP-1858); Veihjelp / hjemtransport/hotell (GAP-1859); Veihjelp / unntak (GAP-1860); Bonus / skadefritak (GAP-1877); Reparasjonsgaranti / Delkasko anvendelighet (GAP-1881); Nøkkel / hendelser/frekvens (GAP-1901); Leiebil / reparasjon (GAP-1902); Leiebil / totalskade/tyveri (GAP-1903); Leiebil / unntak (GAP-1904); Reparasjonsgaranti / åtteår (GAP-1907); Totalskadegaranti / utløsende/erstatning (GAP-1908); Punktering / valgfri (GAP-1913); Punktering / kontroll (GAP-1914); Punktering / følgeskade (GAP-1915); Leiebil / bare veihjelp (GAP-1930); Maskinskade / unntak (GAP-1961); Bonus / skadefritak (GAP-1977)""]","[""Compare before/after exact scoped products against independent source-fact inventory"", ""Reverse-check changed claims for support and wrong-level leakage"", ""Re-run linked false-unknown controls with own-source oracle; inspect sources and details"", ""Record closed/reopened signature IDs; targeted family bulk comparison; held-out positive controls"", ""Full existing suite, TypeScript, ESLint, webpack production build, synthetic HTTP/PDF runtime, git diff --check after future implementation""]",GPT-6 SOL HIGH,"Utfør bare de kildebundne dimensjonsendringene listet i evidence. Gjenbruk eksisterende nøkler og behold kvalifikasjoner; del eventuell lang tekst etter faktisk semantisk dimensjon, aldri heuristisk UI-tolkning.","[""document > catalog"", ""optional availability != customer selected"", ""unknown != not covered"", ""provider/type/scope/version isolation"", ""product level and add-on boundaries"", ""side-swap symmetry without invented equivalents"", ""age start/reduction/expiry and object age kept distinct"", ""annual/accumulated/coverage mileage kept distinct"", ""per event/year/lifetime/selected sum kept distinct"", ""source page/hash and fact-specific provenance"", ""same object identity and pricing/TFA are not catalog eligibility""]",Source/scope gate satisfied for listed dimensions only; separate user authorization and regression still required.,"Frozen corpus 2026-09-29, not live current-source verification",Known catalog availability never selects a customer add-on,PLANNED_NOT_IMPLEMENTED,"[""B-121"", ""B-122""]",MAIN_AGENT_REVIEW_REQUIRED,One named file owner; source research may be parallel read-only. Disjoint files only after all dependencies pass. No agents launched in this triage.
B-047,3,gjensidige · Bobil · ordinary: Materialiser dokumenterte P1-dimensjoner på eksisterende nøkler,"[""gjensidige"", ""Bobil"", ""ordinary"", ""DATA""]","[""RC-023""]","[""SCRC-030""]","[""RB-26""]","[""02a7ae67cdf3ac16"", ""05585d77916fa344"", ""086529a71b08e977"", ""14f1dfb8b84fc797"", ""23f4f09cda153bdd"", ""39004461b9b244ff"", ""4855d4bf1627e437"", ""57e3a4d27d99cf44"", ""5cbb9160db9011cb"", ""64fad052627e6c53"", ""749182c54eef0f7f"", ""917a075071922d39"", ""a05c4bdb0440ec45"", ""b496dafb69888d2b"", ""ba9f5bc8ed53ca5a"", ""bebd5507b1ae1320"", ""c8e42b505cb9ce0b"", ""cb5fdd334ffdb8ee"", ""cf314c420628a105"", ""d05dfe6cffd78e2b"", ""d0da612244bea41c"", ""d6bf9869fc197365"", ""fe723d43339a7c50""]",[],23,75,23,75,0,"[""[\""gjensidige\"",\""bobil\"",\""ordinary\"",\""gjensidige-bobil-ansvar\"",null]"", ""[\""gjensidige\"",\""bobil\"",\""ordinary\"",\""gjensidige-bobil-delkasko\"",null]"", ""[\""gjensidige\"",\""bobil\"",\""ordinary\"",\""gjensidige-bobil-kasko\"",null]"", ""[\""gjensidige\"",\""bobil\"",\""ordinary\"",\""gjensidige-bobil-pluss\"",null]""]","[""Bobil""]","[""gjensidige""]","[""ordinary""]",[],CATALOG_DATA,DATA_BATCH,MEDIUM,IMPLEMENTATION_READY,MUST_BEFORE_NITO,LIKELY_SHARED_WITH_CUSTOMER_MODE,NOT_PROVEN_REQUIRED,Catalog knowledge improvement is shared where enrichment is eligible; no real customer PDF or extraction conclusion is claimed.,"[""lib/mc-bobil-gjensidige-storebrand-catalog.ts""]",[],tests/remediation-b-047.test.mjs (future; consolidate with relevant existing suite if clearer),"[""B-012""]","[""B-012""]",[],"[""Own-source exact subject/value/unit/period/conditions with page/hash"", ""Exact base, inherited, optional and unavailable product-level combinations"", ""Same-product and both comparison directions; provider-specific facts stay asymmetric where appropriate"", ""Document X versus catalog Y: X wins; silent optional remains unknown; explicit not_selected remains not_selected"", ""Cross-provider/type/scope/version negatives; no customer object/pricing changes"", ""Ansvar / sum/egenandel (GAP-2405); Rettshjelp / sum/egenandel (GAP-2406); Ulykke / sum/egenandel (GAP-2407); Geografi / områder (GAP-2408); Ulykke / hendelser (GAP-2415); Ulykke / dødsfall vilkår (GAP-2416); Ulykke / invaliditet (GAP-2417); Ulykke / vesentlige unntak (GAP-2418); Rettshjelp / omfang (GAP-2419); Rettshjelp / begrensninger (GAP-2422); Rettshjelp / flerpart/sum (GAP-2423); Objekt / ekstrahjul/verdier (GAP-2438); Glass / sum/egenandel (GAP-2439); Glass / solcelle (GAP-2440); Løsøre / sum/valg (GAP-2441); Tilvalg / fortelt/utleie (GAP-2442); Veihjelp / status/egenandel (GAP-2443); Veihjelp / tauing (GAP-2444); Veihjelp / hjemtransport/hotell (GAP-2445); Veihjelp / begrensninger (GAP-2446); Fysisk skade / unntak (GAP-2486); Maskinskade / unntak (GAP-2527); Maskinskade / service (GAP-2528)""]","[""Compare before/after exact scoped products against independent source-fact inventory"", ""Reverse-check changed claims for support and wrong-level leakage"", ""Re-run linked false-unknown controls with own-source oracle; inspect sources and details"", ""Record closed/reopened signature IDs; targeted family bulk comparison; held-out positive controls"", ""Full existing suite, TypeScript, ESLint, webpack production build, synthetic HTTP/PDF runtime, git diff --check after future implementation""]",GPT-6 SOL HIGH,"Utfør bare de kildebundne dimensjonsendringene listet i evidence. Gjenbruk eksisterende nøkler og behold kvalifikasjoner; del eventuell lang tekst etter faktisk semantisk dimensjon, aldri heuristisk UI-tolkning.","[""document > catalog"", ""optional availability != customer selected"", ""unknown != not covered"", ""provider/type/scope/version isolation"", ""product level and add-on boundaries"", ""side-swap symmetry without invented equivalents"", ""age start/reduction/expiry and object age kept distinct"", ""annual/accumulated/coverage mileage kept distinct"", ""per event/year/lifetime/selected sum kept distinct"", ""source page/hash and fact-specific provenance"", ""same object identity and pricing/TFA are not catalog eligibility""]",Source/scope gate satisfied for listed dimensions only; separate user authorization and regression still required.,"Frozen corpus 2026-09-29, not live current-source verification",Known catalog availability never selects a customer add-on,PLANNED_NOT_IMPLEMENTED,"[""B-001"", ""B-012"", ""B-054"", ""B-074"", ""B-081"", ""B-123"", ""B-134"", ""B-159"", ""B-167""]",MAIN_AGENT_REVIEW_REQUIRED,One named file owner; source research may be parallel read-only. Disjoint files only after all dependencies pass. No agents launched in this triage.
B-048,3,gjensidige · Båt · ordinary: Materialiser dokumenterte P1-dimensjoner på eksisterende nøkler,"[""gjensidige"", ""Båt"", ""ordinary"", ""DATA""]","[""RC-024""]","[""SCRC-003""]","[""RB-02""]","[""02bc099c4a0c0048"", ""19a6f0a72f67037b"", ""1c95e7f30c790a1e"", ""21bfcd877d2ea39a"", ""3ca83d138a305415"", ""44df142aadbcd423"", ""56ca0ab0de6c9c38"", ""5d72691cfbad7599"", ""61aa441e3be9659a"", ""691a71ad5533be1a"", ""6c648df764604e39"", ""7bb970ed839764b7"", ""7d6f34b5b6251fb1"", ""7e1dc8e44ae925c1"", ""869c7193d89ce4b0"", ""8d49d52347a17484"", ""9edf8628d608cdfe"", ""a794e5a6b755d3c9"", ""ab79aae2b8c8adbf"", ""ad60b12b862e241c"", ""adbd510eedc7b937"", ""ae045e2d9c1738f1"", ""b2e488846175c8eb"", ""b88be3ff3437abdb"", ""c10b0b0a20faf622"", ""c45628de6b322965"", ""cab170a5ed539b0c"", ""cd19783610caad45"", ""d86806869fa1edb4"", ""db51b6263eeddaf9"", ""fc1f21b9c19218b0""]",[],31,65,31,65,0,"[""[\""gjensidige\"",\""båt\"",\""ordinary\"",\""gjensidige-bat-delkasko\"",null]"", ""[\""gjensidige\"",\""båt\"",\""ordinary\"",\""gjensidige-bat-kasko\"",null]"", ""[\""gjensidige\"",\""båt\"",\""ordinary\"",\""gjensidige-bat-pluss\"",null]""]","[""Båt""]","[""gjensidige""]","[""ordinary""]",[],CATALOG_DATA,DATA_BATCH,MEDIUM,IMPLEMENTATION_READY,MUST_BEFORE_NITO,LIKELY_SHARED_WITH_CUSTOMER_MODE,NOT_PROVEN_REQUIRED,Catalog knowledge improvement is shared where enrichment is eligible; no real customer PDF or extraction conclusion is claimed.,"[""lib/boat-pet-catalog.ts""]",[],tests/remediation-b-048.test.mjs (future; consolidate with relevant existing suite if clearer),[],[],[],"[""Own-source exact subject/value/unit/period/conditions with page/hash"", ""Exact base, inherited, optional and unavailable product-level combinations"", ""Same-product and both comparison directions; provider-specific facts stay asymmetric where appropriate"", ""Document X versus catalog Y: X wins; silent optional remains unknown; explicit not_selected remains not_selected"", ""Cross-provider/type/scope/version negatives; no customer object/pricing changes"", ""Geografi / område (GAP-2736); Objekt / fastutstyr/jolle (GAP-2739); Løst utstyr/løsøre / sum (GAP-2740); Brann/tyveri / egenandel (GAP-2742); Tyveri / egenandelsfritak (GAP-2743); Redning / utløser (GAP-2744); Redning / transport/reparasjon (GAP-2745); Redning / person/hotell (GAP-2746); Redning / egenandel (GAP-2747); Ansvar / sum/egenandel (GAP-2756); Ansvar / omfang (GAP-2757); Ansvar / unntak (GAP-2758); Ulykke / person/trigger (GAP-2760); Ulykke / død/invaliditetsbegrensninger (GAP-2762); Ulykke / unntak (GAP-2763); Rettshjelp / sum/egenandel/geografi (GAP-2764); Rettshjelp / unntak (GAP-2767); Redning / utløser (GAP-2780); Redning / transport/reparasjon (GAP-2781); Redning / person/hotell (GAP-2782); Kasko / risiko (GAP-2789); Transport/opplag / dekning (GAP-2790); Fysisk skade / unntak (GAP-2794); Motorskade / komponenter (GAP-2839); Motorskade / unntak (GAP-2842); Motorskade / sikkerhet (GAP-2843); Feriegaranti / sum/varighet (GAP-2844); Opplagsutstyr / omfang/sum (GAP-2845); Totalskade / terskel (GAP-2846); Totalskade / alder/basis (GAP-2847); Totalskade / oppgjør (GAP-2848)""]","[""Compare before/after exact scoped products against independent source-fact inventory"", ""Reverse-check changed claims for support and wrong-level leakage"", ""Re-run linked false-unknown controls with own-source oracle; inspect sources and details"", ""Record closed/reopened signature IDs; targeted family bulk comparison; held-out positive controls"", ""Full existing suite, TypeScript, ESLint, webpack production build, synthetic HTTP/PDF runtime, git diff --check after future implementation""]",GPT-6 SOL HIGH,"Utfør bare de kildebundne dimensjonsendringene listet i evidence. Gjenbruk eksisterende nøkler og behold kvalifikasjoner; del eventuell lang tekst etter faktisk semantisk dimensjon, aldri heuristisk UI-tolkning.","[""document > catalog"", ""optional availability != customer selected"", ""unknown != not covered"", ""provider/type/scope/version isolation"", ""product level and add-on boundaries"", ""side-swap symmetry without invented equivalents"", ""age start/reduction/expiry and object age kept distinct"", ""annual/accumulated/coverage mileage kept distinct"", ""per event/year/lifetime/selected sum kept distinct"", ""source page/hash and fact-specific provenance"", ""same object identity and pricing/TFA are not catalog eligibility""]",Source/scope gate satisfied for listed dimensions only; separate user authorization and regression still required.,"Frozen corpus 2026-09-29, not live current-source verification",Known catalog availability never selects a customer add-on,PLANNED_NOT_IMPLEMENTED,"[""B-003"", ""B-008"", ""B-009"", ""B-010"", ""B-018"", ""B-022"", ""B-036"", ""B-038"", ""B-041"", ""B-050"", ""B-053"", ""B-060"", ""B-062"", ""B-065"", ""B-070"", ""B-071"", ""B-072"", ""B-075"", ""B-077"", ""B-080"", ""B-087"", ""B-089"", ""B-091"", ""B-109"", ""B-110"", ""B-113"", ""B-116"", ""B-124"", ""B-125"", ""B-128"", ""B-129"", ""B-132"", ""B-133"", ""B-141"", ""B-143"", ""B-144"", ""B-147"", ""B-148"", ""B-152"", ""B-153"", ""B-154"", ""B-155"", ""B-156"", ""B-157"", ""B-160"", ""B-162"", ""B-166"", ""B-175"", ""B-177"", ""B-178"", ""B-181"", ""B-182"", ""B-187"", ""B-195"", ""B-196"", ""B-197"", ""B-199"", ""B-200""]",MAIN_AGENT_REVIEW_REQUIRED,One named file owner; source research may be parallel read-only. Disjoint files only after all dependencies pass. No agents launched in this triage.
B-049,3,gjensidige · Campingvogn · ordinary: Materialiser dokumenterte P1-dimensjoner på eksisterende nøkler,"[""gjensidige"", ""Campingvogn"", ""ordinary"", ""DATA""]","[""RC-025""]","[""SCRC-033""]","[""RB-29""]","[""101b925147dfac6f"", ""26668a6c81e5b5d9"", ""2ebfe0a8f3dfd17a"", ""2f258ae6616c209a"", ""30897f426f9132f0"", ""601282f1d7c0e9ee"", ""70e9f182bad07f6b"", ""9e40aabb7ed11744"", ""ac4a7af1869fc04d"", ""c475a2402d80d7a1"", ""d2b2cade925b8bae"", ""d99b0aa4bb221490""]",[],12,27,12,27,0,"[""[\""gjensidige\"",\""campingvogn\"",\""ordinary\"",\""gjensidige-campingvogn-delkasko\"",null]"", ""[\""gjensidige\"",\""campingvogn\"",\""ordinary\"",\""gjensidige-campingvogn-kasko\"",null]"", ""[\""gjensidige\"",\""campingvogn\"",\""ordinary\"",\""gjensidige-campingvogn-pluss\"",null]""]","[""Campingvogn""]","[""gjensidige""]","[""ordinary""]",[],CATALOG_DATA,DATA_BATCH,MEDIUM,IMPLEMENTATION_READY,MUST_BEFORE_NITO,LIKELY_SHARED_WITH_CUSTOMER_MODE,NOT_PROVEN_REQUIRED,Catalog knowledge improvement is shared where enrichment is eligible; no real customer PDF or extraction conclusion is claimed.,"[""lib/vehicle-object-catalog.ts""]",[],tests/remediation-b-049.test.mjs (future; consolidate with relevant existing suite if clearer),[],[],[],"[""Own-source exact subject/value/unit/period/conditions with page/hash"", ""Exact base, inherited, optional and unavailable product-level combinations"", ""Same-product and both comparison directions; provider-specific facts stay asymmetric where appropriate"", ""Document X versus catalog Y: X wins; silent optional remains unknown; explicit not_selected remains not_selected"", ""Cross-provider/type/scope/version negatives; no customer object/pricing changes"", ""Brann/tyveri / hendelser/egenandel (GAP-2640); Fastmontert ekstrautstyr / sum (GAP-2641); Løsøre / sum/valg (GAP-2642); Naturskade / unntak (GAP-2646); Veihjelp / omfang/egenandel (GAP-2649); Veihjelp / hjemtransport (GAP-2650); Veihjelp / begrensninger (GAP-2651); Glass / sum/egenandel (GAP-2665); Naturskade / hendelser/egenandel (GAP-2667); Kasko / omfang/egenandel (GAP-2668); Fukt / alder/condition (GAP-2692); Feriegaranti / sum/dager/condition (GAP-2693)""]","[""Compare before/after exact scoped products against independent source-fact inventory"", ""Reverse-check changed claims for support and wrong-level leakage"", ""Re-run linked false-unknown controls with own-source oracle; inspect sources and details"", ""Record closed/reopened signature IDs; targeted family bulk comparison; held-out positive controls"", ""Full existing suite, TypeScript, ESLint, webpack production build, synthetic HTTP/PDF runtime, git diff --check after future implementation""]",GPT-6 SOL HIGH,"Utfør bare de kildebundne dimensjonsendringene listet i evidence. Gjenbruk eksisterende nøkler og behold kvalifikasjoner; del eventuell lang tekst etter faktisk semantisk dimensjon, aldri heuristisk UI-tolkning.","[""document > catalog"", ""optional availability != customer selected"", ""unknown != not covered"", ""provider/type/scope/version isolation"", ""product level and add-on boundaries"", ""side-swap symmetry without invented equivalents"", ""age start/reduction/expiry and object age kept distinct"", ""annual/accumulated/coverage mileage kept distinct"", ""per event/year/lifetime/selected sum kept distinct"", ""source page/hash and fact-specific provenance"", ""same object identity and pricing/TFA are not catalog eligibility""]",Source/scope gate satisfied for listed dimensions only; separate user authorization and regression still required.,"Frozen corpus 2026-09-29, not live current-source verification",Known catalog availability never selects a customer add-on,PLANNED_NOT_IMPLEMENTED,"[""B-024"", ""B-025"", ""B-026"", ""B-027"", ""B-037"", ""B-044"", ""B-045"", ""B-056"", ""B-057"", ""B-061"", ""B-068"", ""B-069"", ""B-076"", ""B-083"", ""B-084"", ""B-088"", ""B-094"", ""B-095"", ""B-096"", ""B-097"", ""B-098"", ""B-099"", ""B-100"", ""B-111"", ""B-112"", ""B-118"", ""B-119"", ""B-120"", ""B-126"", ""B-127"", ""B-136"", ""B-137"", ""B-138"", ""B-142"", ""B-150"", ""B-151"", ""B-161"", ""B-169"", ""B-170"", ""B-171"", ""B-172"", ""B-176"", ""B-185"", ""B-186"", ""B-188"", ""B-189"", ""B-194"", ""B-204""]",MAIN_AGENT_REVIEW_REQUIRED,One named file owner; source research may be parallel read-only. Disjoint files only after all dependencies pass. No agents launched in this triage.
B-050,3,gjensidige · Hund · ordinary: Materialiser dokumenterte P1-dimensjoner på eksisterende nøkler,"[""gjensidige"", ""Hund"", ""ordinary"", ""DATA""]","[""RC-026""]","[""SCRC-001""]","[""RB-01""]","[""0a6b5f6f535df685"", ""1f56c194d413f97d"", ""373413bc13517ff4"", ""3f4b9eff50404590"", ""4165f79344a7d572"", ""48393aac0a200fe5"", ""5839d2c13e186676"", ""72170f7dfe5c91b6"", ""7b2587a3bbc0c772"", ""8c14a1328e5080cf"", ""8e9d297cb0d1bd0e"", ""b5792662cc2fa9f8"", ""c1440948744bfa17"", ""c5ccc4f26fd475ae"", ""f8bd15c89bc0dbd6"", ""fbe23495ae09afb3""]",[],16,16,16,16,0,"[""[\""gjensidige\"",\""hund\"",\""ordinary\"",\""gjensidige-hund-behandling\"",null]""]","[""Hund""]","[""gjensidige""]","[""ordinary""]","[""gjensidige-hund-bruk"", ""gjensidige-hund-liv""]",CATALOG_DATA,DATA_BATCH,MEDIUM,IMPLEMENTATION_READY,MUST_BEFORE_NITO,LIKELY_SHARED_WITH_CUSTOMER_MODE,NOT_PROVEN_REQUIRED,Catalog knowledge improvement is shared where enrichment is eligible; no real customer PDF or extraction conclusion is claimed.,"[""lib/boat-pet-catalog.ts""]",[],tests/remediation-b-050.test.mjs (future; consolidate with relevant existing suite if clearer),"[""B-022""]","[""B-022""]",[],"[""Own-source exact subject/value/unit/period/conditions with page/hash"", ""Exact base, inherited, optional and unavailable product-level combinations"", ""Same-product and both comparison directions; provider-specific facts stay asymmetric where appropriate"", ""Document X versus catalog Y: X wins; silent optional remains unknown; explicit not_selected remains not_selected"", ""Cross-provider/type/scope/version negatives; no customer object/pricing changes"", ""Veterinær / omfang/periodetak (GAP-2868); Veterinær / sumvalg (GAP-2869); Egenandel / formel/periode (GAP-2872); Medisiner / omfang (GAP-2875); MR/CT / sum/periodetak (GAP-2876); Tann / karies/emalje (GAP-2880); Diagnostikk ledd/rygg / sum/selvskadenunntatt (GAP-2884); Rehabilitering / frist/sted (GAP-2893); Liv / død/tyveri (GAP-2894); Liv / karens/tilstand (GAP-2896); Liv / opphør/raser (GAP-2897); Tyveri/bortkomst / venteperiode (GAP-2899); Bruk / tap/avl (GAP-2901); Bruk / arbeidshund (GAP-2902); Bruk / gjenverdi (GAP-2904); Definisjoner / skadetid/sammesykdom (GAP-2907)""]","[""Compare before/after exact scoped products against independent source-fact inventory"", ""Reverse-check changed claims for support and wrong-level leakage"", ""Re-run linked false-unknown controls with own-source oracle; inspect sources and details"", ""Record closed/reopened signature IDs; targeted family bulk comparison; held-out positive controls"", ""Full existing suite, TypeScript, ESLint, webpack production build, synthetic HTTP/PDF runtime, git diff --check after future implementation""]",GPT-6 SOL HIGH,"Utfør bare de kildebundne dimensjonsendringene listet i evidence. Gjenbruk eksisterende nøkler og behold kvalifikasjoner; del eventuell lang tekst etter faktisk semantisk dimensjon, aldri heuristisk UI-tolkning.","[""document > catalog"", ""optional availability != customer selected"", ""unknown != not covered"", ""provider/type/scope/version isolation"", ""product level and add-on boundaries"", ""side-swap symmetry without invented equivalents"", ""age start/reduction/expiry and object age kept distinct"", ""annual/accumulated/coverage mileage kept distinct"", ""per event/year/lifetime/selected sum kept distinct"", ""source page/hash and fact-specific provenance"", ""same object identity and pricing/TFA are not catalog eligibility""]",Source/scope gate satisfied for listed dimensions only; separate user authorization and regression still required.,"Frozen corpus 2026-09-29, not live current-source verification",Known catalog availability never selects a customer add-on,PLANNED_NOT_IMPLEMENTED,"[""B-003"", ""B-008"", ""B-009"", ""B-010"", ""B-018"", ""B-022"", ""B-036"", ""B-038"", ""B-041"", ""B-048"", ""B-053"", ""B-060"", ""B-062"", ""B-065"", ""B-070"", ""B-071"", ""B-072"", ""B-075"", ""B-077"", ""B-080"", ""B-087"", ""B-089"", ""B-091"", ""B-109"", ""B-110"", ""B-113"", ""B-116"", ""B-124"", ""B-125"", ""B-128"", ""B-129"", ""B-132"", ""B-133"", ""B-141"", ""B-143"", ""B-144"", ""B-147"", ""B-148"", ""B-152"", ""B-153"", ""B-154"", ""B-155"", ""B-156"", ""B-157"", ""B-160"", ""B-162"", ""B-166"", ""B-175"", ""B-177"", ""B-178"", ""B-181"", ""B-182"", ""B-187"", ""B-195"", ""B-196"", ""B-197"", ""B-199"", ""B-200""]",MAIN_AGENT_REVIEW_REQUIRED,One named file owner; source research may be parallel read-only. Disjoint files only after all dependencies pass. No agents launched in this triage.
B-051,3,gjensidige · Hus · ordinary: Materialiser dokumenterte P1-dimensjoner på eksisterende nøkler,"[""gjensidige"", ""Hus"", ""ordinary"", ""DATA""]","[""RC-027""]","[""SCRC-025""]","[""RB-22""]","[""08203cfa28493e63"", ""0eda923b4090cf6c"", ""0f7980d6139daa2e"", ""157c7afed18eb0fe"", ""2113807ceb290224"", ""239b00779349f2fd"", ""25004bc4d7dd2c03"", ""275365b3ec2971df"", ""292dacd4533926fd"", ""35c58fbc06cf6e7d"", ""403c9b3f0e9aa19f"", ""41206e12c93c0058"", ""416dfaab0492ce1b"", ""46e94bcf464af845"", ""4971fe7dbeac3649"", ""49adf65854171146"", ""4a844bae3be9dea8"", ""57c775ac935fb504"", ""6080e5e5a6bb3c63"", ""6af32d21acb9584c"", ""6ceaaaf84f1dc597"", ""73aab8a0ad4f6c11"", ""7ba0298883905c58"", ""86992ec620da2894"", ""8a1beb3695ddb2fd"", ""8a89196fecd29ddb"", ""8d28f56b17a9bae2"", ""8e8d82878deb95b5"", ""90d49006ef7999d3"", ""a4e5c76df5cbf2af"", ""a7561c0d03ede572"", ""af150eab853a1648"", ""af3a3ee673fedc83"", ""b3b964a9c6105360"", ""b5b211cad16d32c6"", ""bb47646cd8b17f20"", ""cdd055ea730897ab"", ""ce381a27b7435bec"", ""ed99577218e2302b""]",[],39,71,39,71,0,"[""[\""gjensidige\"",\""bolig\"",\""ordinary\"",\""gjensidige-hus\"",\""Alminnelige vilkår\""]"", ""[\""gjensidige\"",\""bolig\"",\""ordinary\"",\""gjensidige-hus-pluss\"",\""Alminnelige vilkår\""]""]","[""Hus""]","[""gjensidige""]","[""ordinary""]","[""gjensidige-hus-rate-insekter"", ""gjensidige-hus-smart"", ""gjensidige-hus-utleie""]",CATALOG_DATA,DATA_BATCH,MEDIUM,IMPLEMENTATION_READY,MUST_BEFORE_NITO,LIKELY_SHARED_WITH_CUSTOMER_MODE,NOT_PROVEN_REQUIRED,Catalog knowledge improvement is shared where enrichment is eligible; no real customer PDF or extraction conclusion is claimed.,"[""lib/gjensidige-hus-catalog.ts""]",[],tests/remediation-b-051.test.mjs (future; consolidate with relevant existing suite if clearer),"[""B-007"", ""B-020""]","[""B-007"", ""B-020""]",[],"[""Own-source exact subject/value/unit/period/conditions with page/hash"", ""Exact base, inherited, optional and unavailable product-level combinations"", ""Same-product and both comparison directions; provider-specific facts stay asymmetric where appropriate"", ""Document X versus catalog Y: X wins; silent optional remains unknown; explicit not_selected remains not_selected"", ""Cross-provider/type/scope/version negatives; no customer object/pricing changes"", ""Hage / omfang (GAP-2082); Brygge / sum/årsaker (GAP-2083); Bygging / begrensninger (GAP-2086); Brann / hendelser (GAP-2087); Vann / hendelser (GAP-2088); Utleie / valg/hendelser (GAP-2089); Utleie / begrensninger (GAP-2090); Utleie / kontrakt/tid (GAP-2091); Skadedyr / skade og bekjempelse (GAP-2092); Skadedyr / avgrensninger (GAP-2093); Andreunntak / årsaker (GAP-2094); Hage/basseng/brygge / vær/dyr (GAP-2095); Snø / glasshagestue (GAP-2096); Drensledning / årsaker (GAP-2097); Rullestol / sum/frister (GAP-2098); Brukstap / egen bolig (GAP-2100); Råte / unntak (GAP-2101); Insekter / bekjempelse (GAP-2102); Ansvar / unntak (GAP-2104); Rettshjelp / grunndimensjoner (GAP-2105); Rettshjelp / tvistgrener (GAP-2106); Rettshjelp / unntak (GAP-2107); Helsehjelp / hvem/hvor (GAP-2108); Helsehjelp / unntak (GAP-2109); Førsterisiko / oppgjør (GAP-2111); Manglende gjenoppføring / oppgjør (GAP-2112); Brukstap / varighet (GAP-2116); Aldersfradrag / utvendigerør (GAP-2117); Aldersfradrag / fritak/beregningsbasis (GAP-2118); Naturskade / nytomt (GAP-2119); Offentlig påbud / vilkår (GAP-2120); Smart / utrykning (GAP-2126); Smart / ansvarsgrense (GAP-2128); Vann / utett bygning (GAP-2143); Håndverkerfeil våtrom / utløser/tid (GAP-2153); Håndverkerfeil våtrom / begrensninger (GAP-2154); Håndverkerfeil øvrig / utløser/tid (GAP-2155); Håndverkerfeil øvrig / begrensninger (GAP-2156); Håndverker / klageforutsetning (GAP-2183)""]","[""Compare before/after exact scoped products against independent source-fact inventory"", ""Reverse-check changed claims for support and wrong-level leakage"", ""Re-run linked false-unknown controls with own-source oracle; inspect sources and details"", ""Record closed/reopened signature IDs; targeted family bulk comparison; held-out positive controls"", ""Full existing suite, TypeScript, ESLint, webpack production build, synthetic HTTP/PDF runtime, git diff --check after future implementation""]",GPT-6 SOL HIGH,"Utfør bare de kildebundne dimensjonsendringene listet i evidence. Gjenbruk eksisterende nøkler og behold kvalifikasjoner; del eventuell lang tekst etter faktisk semantisk dimensjon, aldri heuristisk UI-tolkning.","[""document > catalog"", ""optional availability != customer selected"", ""unknown != not covered"", ""provider/type/scope/version isolation"", ""product level and add-on boundaries"", ""side-swap symmetry without invented equivalents"", ""age start/reduction/expiry and object age kept distinct"", ""annual/accumulated/coverage mileage kept distinct"", ""per event/year/lifetime/selected sum kept distinct"", ""source page/hash and fact-specific provenance"", ""same object identity and pricing/TFA are not catalog eligibility""]",Source/scope gate satisfied for listed dimensions only; separate user authorization and regression still required.,"Frozen corpus 2026-09-29, not live current-source verification",Known catalog availability never selects a customer add-on,PLANNED_NOT_IMPLEMENTED,"[""B-007"", ""B-020"", ""B-130""]",MAIN_AGENT_REVIEW_REQUIRED,One named file owner; source research may be parallel read-only. Disjoint files only after all dependencies pass. No agents launched in this triage.
B-052,3,gjensidige · Innbo · ordinary: Materialiser dokumenterte P1-dimensjoner på eksisterende nøkler,"[""gjensidige"", ""Innbo"", ""ordinary"", ""DATA""]","[""RC-028""]","[""SCRC-023""]","[""RB-21""]","[""0ec95f52af830cbe"", ""0f0c1126f91c25cf"", ""1541acd31d210d2b"", ""1739db916b9a7c07"", ""318d746692f0de0f"", ""358fa3913351c980"", ""36b4053b4566c373"", ""5dbc6e7ef1b0cbce"", ""5f4aae4b514d4933"", ""64e3edd3c8eb1100"", ""68b16ac8bd92755a"", ""73feb660a2fed685"", ""79c0841618673b00"", ""7aeb2a06ad182884"", ""81cc6678becc7d89"", ""82eb56f851e8837d"", ""8e69ee090bea5a1a"", ""8f18b77b8e8ae897"", ""9035af5d863a6ed3"", ""a1cd50288d619a66"", ""a893ccbdd6efc4fe"", ""ad735eb38011e226"", ""b175d11acb8681fe"", ""bc0641348b21c612"", ""bd2f9f8370831322"", ""c32e97b57adeb359"", ""d6e6841df8f4e04e"", ""e70a7993b9168c16"", ""e941f1850d9c4209"", ""f941e88d7b6e3c5f"", ""fc0db16532d3efb5"", ""fe6a54950fb9d8ee""]",[],32,50,32,50,0,"[""[\""gjensidige\"",\""innbo\"",\""ordinary\"",\""gj-innbo\"",null]"", ""[\""gjensidige\"",\""innbo\"",\""ordinary\"",\""gj-innbo-pluss\"",null]""]","[""Innbo""]","[""gjensidige""]","[""ordinary""]","[""gj-innbo-utleie""]",CATALOG_DATA,DATA_BATCH,MEDIUM,IMPLEMENTATION_READY,MUST_BEFORE_NITO,LIKELY_SHARED_WITH_CUSTOMER_MODE,NOT_PROVEN_REQUIRED,Catalog knowledge improvement is shared where enrichment is eligible; no real customer PDF or extraction conclusion is claimed.,"[""lib/gjensidige-innbo-catalog.ts""]",[],tests/remediation-b-052.test.mjs (future; consolidate with relevant existing suite if clearer),"[""B-014""]","[""B-014""]",[],"[""Own-source exact subject/value/unit/period/conditions with page/hash"", ""Exact base, inherited, optional and unavailable product-level combinations"", ""Same-product and both comparison directions; provider-specific facts stay asymmetric where appropriate"", ""Document X versus catalog Y: X wins; silent optional remains unknown; explicit not_selected remains not_selected"", ""Cross-provider/type/scope/version negatives; no customer object/pricing changes"", ""Geografi / ting (GAP-1982); Geografi / særting (GAP-1983); Brann / hendelser (GAP-1988); Vann / hendelser (GAP-1989); Tyveri / hjem/bebodd (GAP-1991); Tyveri / andre steder (GAP-1992); Tyveri / stedunntak (GAP-1993); Ran/veskenapping / omfang (GAP-1994); Glass/sanitær / brudd (GAP-1998); Rullestol / sum/tid (GAP-2000); Etter skade / rydding/flytting/rekonstruksjon (GAP-2001); Opphold / periode (GAP-2002); Opphold / adkomst/natur (GAP-2003); Sikkerhet / sykkel/verdier (GAP-2007); Sikkerhet / bolig (GAP-2008); Ansvar / tillegg/unntak (GAP-2018); Rettshjelp / sum/egenandel (GAP-2019); Rettshjelp / område/scope (GAP-2020); Rettshjelp / mekling (GAP-2021); Rettshjelp / begrensning (GAP-2022); Innbosum / ubegrenset med grenser (GAP-2027); Tyveri / Norden (GAP-2036); Mobilskjerm / unntak/oppgjør (GAP-2049); Uhell borte / sum/område (GAP-2050); Uhell/flytting/utleie / unntak (GAP-2051); Sykkel veihjelp / omfang (GAP-2052); Skadeinsekter / arter/sum (GAP-2053); Skadeinsekter / begrensninger (GAP-2054); ID-tyveri / advokat (GAP-2055); ID-tyveri / unntak (GAP-2056); Utleie / valg/sum/hendelser (GAP-2057); Utleie / begrensninger (GAP-2058)""]","[""Compare before/after exact scoped products against independent source-fact inventory"", ""Reverse-check changed claims for support and wrong-level leakage"", ""Re-run linked false-unknown controls with own-source oracle; inspect sources and details"", ""Record closed/reopened signature IDs; targeted family bulk comparison; held-out positive controls"", ""Full existing suite, TypeScript, ESLint, webpack production build, synthetic HTTP/PDF runtime, git diff --check after future implementation""]",GPT-6 SOL HIGH,"Utfør bare de kildebundne dimensjonsendringene listet i evidence. Gjenbruk eksisterende nøkler og behold kvalifikasjoner; del eventuell lang tekst etter faktisk semantisk dimensjon, aldri heuristisk UI-tolkning.","[""document > catalog"", ""optional availability != customer selected"", ""unknown != not covered"", ""provider/type/scope/version isolation"", ""product level and add-on boundaries"", ""side-swap symmetry without invented equivalents"", ""age start/reduction/expiry and object age kept distinct"", ""annual/accumulated/coverage mileage kept distinct"", ""per event/year/lifetime/selected sum kept distinct"", ""source page/hash and fact-specific provenance"", ""same object identity and pricing/TFA are not catalog eligibility""]",Source/scope gate satisfied for listed dimensions only; separate user authorization and regression still required.,"Frozen corpus 2026-09-29, not live current-source verification",Known catalog availability never selects a customer add-on,PLANNED_NOT_IMPLEMENTED,"[""B-014"", ""B-131""]",MAIN_AGENT_REVIEW_REQUIRED,One named file owner; source research may be parallel read-only. Disjoint files only after all dependencies pass. No agents launched in this triage.
B-053,3,gjensidige · Katt · ordinary: Materialiser dokumenterte P1-dimensjoner på eksisterende nøkler,"[""gjensidige"", ""Katt"", ""ordinary"", ""DATA""]","[""RC-029""]","[""SCRC-001""]","[""RB-01""]","[""20953936e7e7abad"", ""378989acc2337511"", ""64362968dd99464a"", ""6e752de2603890a3"", ""8e8fa63b8ca56030"", ""9c95eb2b5925f713"", ""aaafded8c49343e9"", ""ab64b936cb5cb6f0"", ""b8efe7743ad4a03c"", ""d4ff446dd43dc6eb"", ""f2b584e0c2acae57"", ""f988d32d0d4e8c3f""]",[],12,12,12,12,0,"[""[\""gjensidige\"",\""katt\"",\""ordinary\"",\""gjensidige-katt-behandling\"",null]""]","[""Katt""]","[""gjensidige""]","[""ordinary""]","[""gjensidige-katt-liv""]",CATALOG_DATA,DATA_BATCH,MEDIUM,IMPLEMENTATION_READY,MUST_BEFORE_NITO,LIKELY_SHARED_WITH_CUSTOMER_MODE,NOT_PROVEN_REQUIRED,Catalog knowledge improvement is shared where enrichment is eligible; no real customer PDF or extraction conclusion is claimed.,"[""lib/boat-pet-catalog.ts""]",[],tests/remediation-b-053.test.mjs (future; consolidate with relevant existing suite if clearer),"[""B-022""]","[""B-022""]",[],"[""Own-source exact subject/value/unit/period/conditions with page/hash"", ""Exact base, inherited, optional and unavailable product-level combinations"", ""Same-product and both comparison directions; provider-specific facts stay asymmetric where appropriate"", ""Document X versus catalog Y: X wins; silent optional remains unknown; explicit not_selected remains not_selected"", ""Cross-provider/type/scope/version negatives; no customer object/pricing changes"", ""Veterinær / omfang/periodetak (GAP-2909); Veterinær / sumvalg (GAP-2910); Egenandel / formel/periode (GAP-2913); Medisiner / omfang (GAP-2915); Allergi / livstidsperiode/vilkår (GAP-2916); MR/CT / sum/periodetak (GAP-2917); Rehabilitering / unntak (GAP-2920); Liv / død/tyveri (GAP-2930); Liv / karens/tilstand (GAP-2932); Liv / opphør (GAP-2933); Tyveri/bortkomst / venteperiode (GAP-2935); Definisjoner / skadetid/sammesykdom (GAP-2942)""]","[""Compare before/after exact scoped products against independent source-fact inventory"", ""Reverse-check changed claims for support and wrong-level leakage"", ""Re-run linked false-unknown controls with own-source oracle; inspect sources and details"", ""Record closed/reopened signature IDs; targeted family bulk comparison; held-out positive controls"", ""Full existing suite, TypeScript, ESLint, webpack production build, synthetic HTTP/PDF runtime, git diff --check after future implementation""]",GPT-6 SOL HIGH,"Utfør bare de kildebundne dimensjonsendringene listet i evidence. Gjenbruk eksisterende nøkler og behold kvalifikasjoner; del eventuell lang tekst etter faktisk semantisk dimensjon, aldri heuristisk UI-tolkning.","[""document > catalog"", ""optional availability != customer selected"", ""unknown != not covered"", ""provider/type/scope/version isolation"", ""product level and add-on boundaries"", ""side-swap symmetry without invented equivalents"", ""age start/reduction/expiry and object age kept distinct"", ""annual/accumulated/coverage mileage kept distinct"", ""per event/year/lifetime/selected sum kept distinct"", ""source page/hash and fact-specific provenance"", ""same object identity and pricing/TFA are not catalog eligibility""]",Source/scope gate satisfied for listed dimensions only; separate user authorization and regression still required.,"Frozen corpus 2026-09-29, not live current-source verification",Known catalog availability never selects a customer add-on,PLANNED_NOT_IMPLEMENTED,"[""B-003"", ""B-008"", ""B-009"", ""B-010"", ""B-018"", ""B-022"", ""B-036"", ""B-038"", ""B-041"", ""B-048"", ""B-050"", ""B-060"", ""B-062"", ""B-065"", ""B-070"", ""B-071"", ""B-072"", ""B-075"", ""B-077"", ""B-080"", ""B-087"", ""B-089"", ""B-091"", ""B-109"", ""B-110"", ""B-113"", ""B-116"", ""B-124"", ""B-125"", ""B-128"", ""B-129"", ""B-132"", ""B-133"", ""B-141"", ""B-143"", ""B-144"", ""B-147"", ""B-148"", ""B-152"", ""B-153"", ""B-154"", ""B-155"", ""B-156"", ""B-157"", ""B-160"", ""B-162"", ""B-166"", ""B-175"", ""B-177"", ""B-178"", ""B-181"", ""B-182"", ""B-187"", ""B-195"", ""B-196"", ""B-197"", ""B-199"", ""B-200""]",MAIN_AGENT_REVIEW_REQUIRED,One named file owner; source research may be parallel read-only. Disjoint files only after all dependencies pass. No agents launched in this triage.
B-054,3,gjensidige · MC · ordinary: Materialiser dokumenterte P1-dimensjoner på eksisterende nøkler,"[""gjensidige"", ""MC"", ""ordinary"", ""DATA""]","[""RC-030""]","[""SCRC-030""]","[""RB-26""]","[""00c56ce4c29aa003"", ""088f79c7b039c405"", ""0b7a5a3b1f7577c3"", ""10920d815e2c825e"", ""1f78a3d196f8e5ec"", ""1f88432873ce7290"", ""2cc50059fa41758d"", ""3699bb66eb6a79a3"", ""3a8dbfec7fe824d2"", ""532c9c49e318cd84"", ""6ba902fd2487687f"", ""897374b6a779c618"", ""98b523bd5d003ef7"", ""a419cfefa6e2d6dd"", ""aa2ea285a5d9026b"", ""acf95c1351c6afee"", ""c14edf95a64d35e7"", ""dd474d99c4acf4f1"", ""e0cacc0772a2dff6"", ""f113f23669ea6349""]",[],20,49,20,49,0,"[""[\""gjensidige\"",\""mc\"",\""ordinary\"",\""gjensidige-mc-ansvar\"",null]"", ""[\""gjensidige\"",\""mc\"",\""ordinary\"",\""gjensidige-mc-delkasko\"",null]"", ""[\""gjensidige\"",\""mc\"",\""ordinary\"",\""gjensidige-mc-kasko\"",null]""]","[""MC""]","[""gjensidige""]","[""ordinary""]",[],CATALOG_DATA,DATA_BATCH,MEDIUM,IMPLEMENTATION_READY,MUST_BEFORE_NITO,LIKELY_SHARED_WITH_CUSTOMER_MODE,NOT_PROVEN_REQUIRED,Catalog knowledge improvement is shared where enrichment is eligible; no real customer PDF or extraction conclusion is claimed.,"[""lib/mc-bobil-gjensidige-storebrand-catalog.ts""]",[],tests/remediation-b-054.test.mjs (future; consolidate with relevant existing suite if clearer),"[""B-001""]","[""B-001""]",[],"[""Own-source exact subject/value/unit/period/conditions with page/hash"", ""Exact base, inherited, optional and unavailable product-level combinations"", ""Same-product and both comparison directions; provider-specific facts stay asymmetric where appropriate"", ""Document X versus catalog Y: X wins; silent optional remains unknown; explicit not_selected remains not_selected"", ""Cross-provider/type/scope/version negatives; no customer object/pricing changes"", ""Ansvar / sum/egenandel (GAP-2292); Rettshjelp / sum/egenandel (GAP-2293); Ulykke / sum/egenandel (GAP-2294); Geografi / områder (GAP-2295); Ulykke / hendelser (GAP-2305); Ulykke / dødsfall vilkår (GAP-2306); Ulykke / invaliditet (GAP-2307); Ulykke / vesentlige unntak (GAP-2308); Rettshjelp / omfang (GAP-2309); Rettshjelp / begrensninger (GAP-2312); Rettshjelp / flerpart/sum (GAP-2313); Objekt / ekstrahjul/verdier (GAP-2330); Glass / sum/egenandel (GAP-2332); Ekstrautstyr / sum/valg (GAP-2333); Veihjelp / status/egenandel (GAP-2334); Veihjelp / tauing (GAP-2335); Veihjelp / hjemtransport/hotell (GAP-2336); Veihjelp / begrensninger (GAP-2337); Fysisk skade / unntak (GAP-2382); Ladekabel / omfang/egenandel (GAP-2383)""]","[""Compare before/after exact scoped products against independent source-fact inventory"", ""Reverse-check changed claims for support and wrong-level leakage"", ""Re-run linked false-unknown controls with own-source oracle; inspect sources and details"", ""Record closed/reopened signature IDs; targeted family bulk comparison; held-out positive controls"", ""Full existing suite, TypeScript, ESLint, webpack production build, synthetic HTTP/PDF runtime, git diff --check after future implementation""]",GPT-6 SOL HIGH,"Utfør bare de kildebundne dimensjonsendringene listet i evidence. Gjenbruk eksisterende nøkler og behold kvalifikasjoner; del eventuell lang tekst etter faktisk semantisk dimensjon, aldri heuristisk UI-tolkning.","[""document > catalog"", ""optional availability != customer selected"", ""unknown != not covered"", ""provider/type/scope/version isolation"", ""product level and add-on boundaries"", ""side-swap symmetry without invented equivalents"", ""age start/reduction/expiry and object age kept distinct"", ""annual/accumulated/coverage mileage kept distinct"", ""per event/year/lifetime/selected sum kept distinct"", ""source page/hash and fact-specific provenance"", ""same object identity and pricing/TFA are not catalog eligibility""]",Source/scope gate satisfied for listed dimensions only; separate user authorization and regression still required.,"Frozen corpus 2026-09-29, not live current-source verification",Known catalog availability never selects a customer add-on,PLANNED_NOT_IMPLEMENTED,"[""B-001"", ""B-012"", ""B-047"", ""B-074"", ""B-081"", ""B-123"", ""B-134"", ""B-159"", ""B-167""]",MAIN_AGENT_REVIEW_REQUIRED,One named file owner; source research may be parallel read-only. Disjoint files only after all dependencies pass. No agents launched in this triage.
B-055,3,gjensidige · Reise · ordinary: Materialiser dokumenterte P1-dimensjoner på eksisterende nøkler,"[""gjensidige"", ""Reise"", ""ordinary"", ""DATA""]","[""RC-031""]","[""SCRC-028""]","[""RB-24""]","[""0328db044871f29d"", ""05281d35dcb0e734"", ""0981e745b61f36e8"", ""1ecfcadfd85e7f1c"", ""23caa47d39081774"", ""23e04eedbd77d29f"", ""251db8e96ed1a30a"", ""26a5c1b0a29318a9"", ""2aa15200f47a2607"", ""35117982c7cfaa11"", ""39704729f0bdbd8b"", ""3d63d26e73331fc6"", ""3ec42575689995f6"", ""4059ea7290fe57f1"", ""4b4ee0447e1c80b3"", ""518613feef95ff9f"", ""518a3ca9c5c31f2e"", ""583f8bec8c59618e"", ""58d514ee7d6651b5"", ""5c0ddf90f95bf34a"", ""5d0c80cc39ff0c2d"", ""612b188e09699aa6"", ""62f83f900b1c1b4d"", ""69b5dea227fb36d9"", ""70b882955298e591"", ""746d5967c00197ad"", ""7b1015bb26ea16e1"", ""7c78dc100ea0d5a4"", ""7c7be455b2a9d271"", ""8c4bfd3143058aff"", ""92aa9604dde9fa91"", ""9a6b30e9b4042368"", ""a249253b3a487b98"", ""a9ab411b294e1fc4"", ""bb13579100428876"", ""bc1a5e0086169d49"", ""c7b2921464953724"", ""cb89c33c5bd011ed""]",[],38,69,38,69,0,"[""[\""gjensidige\"",\""reise\"",\""ordinary\"",\""gjensidige-reise\"",\""2026-09-20-canonical\""]"", ""[\""gjensidige\"",\""reise\"",\""ordinary\"",\""gjensidige-reise-pluss\"",\""2026-09-20-canonical\""]""]","[""Reise""]","[""gjensidige""]","[""ordinary""]",[],CATALOG_DATA,DATA_BATCH,MEDIUM,IMPLEMENTATION_READY,MUST_BEFORE_NITO,LIKELY_SHARED_WITH_CUSTOMER_MODE,NOT_PROVEN_REQUIRED,Catalog knowledge improvement is shared where enrichment is eligible; no real customer PDF or extraction conclusion is claimed.,"[""lib/gjensidige-reise-catalog.ts""]",[],tests/remediation-b-055.test.mjs (future; consolidate with relevant existing suite if clearer),"[""B-016""]","[""B-016""]",[],"[""Own-source exact subject/value/unit/period/conditions with page/hash"", ""Exact base, inherited, optional and unavailable product-level combinations"", ""Same-product and both comparison directions; provider-specific facts stay asymmetric where appropriate"", ""Document X versus catalog Y: X wins; silent optional remains unknown; explicit not_selected remains not_selected"", ""Cross-provider/type/scope/version negatives; no customer object/pricing changes"", ""Personkrets / barn/barnebarn (GAP-2194); Reisested / hjemme/arbeid (GAP-2195); Sykdom / behandling (GAP-2199); Sykdom / godkjenning (GAP-2200); Ledsager/tilkalling / personantall (GAP-2201); Sykdom / kjent/behandling unntak (GAP-2202); Feriekompensasjon / vilkår/dager (GAP-2204); Feriekompensasjon / sum (GAP-2205); Ferieavbrudd / sum (GAP-2206); Reisefølge / én medreisende (GAP-2209); Bagasje / hendelser (GAP-2210); Bagasje / kontanter (GAP-2211); Bagasje / unntak (GAP-2213); Sykkel / sum/geografi (GAP-2214); Leid sportsutstyr / sum/vilkår (GAP-2215); Mobil / hendelser (GAP-2216); Forsinket transport / sum/utgift (GAP-2217); Evakuering / hendelser/godkjenning (GAP-2218); Evakuering / tapteferiedager (GAP-2219); Avbestilling / sykdomskrets (GAP-2220); Avbestilling / andretrigger (GAP-2221); Avbestilling / tid/kontinuitet (GAP-2222); Avbestilling / unntak (GAP-2223); Ansvar / leietbygning (GAP-2224); Ansvar / unntak (GAP-2225); Rettshjelp / sum/geografi (GAP-2226); Rettshjelp / unntak/HTU (GAP-2228); Aldersfradrag / maks/annet (GAP-2230); Reisevarighet utvidelse / periode/valg (GAP-2232); Ekspedisjon tilvalg / valg/grenser (GAP-2233); Onlinelege / tjeneste (GAP-2235); Forsinket leiebil / sum/vilkår (GAP-2264); Forsinket ankomst / sum/tid (GAP-2265); Leiebilegenandel / sum/krav (GAP-2272); Leiebilegenandel / begrensninger (GAP-2273); Ulykke / hendelsesdefinisjon (GAP-2279); Ulykke / begrensninger (GAP-2280); Ulykke / invaliditet/dødsfrist (GAP-2281)""]","[""Compare before/after exact scoped products against independent source-fact inventory"", ""Reverse-check changed claims for support and wrong-level leakage"", ""Re-run linked false-unknown controls with own-source oracle; inspect sources and details"", ""Record closed/reopened signature IDs; targeted family bulk comparison; held-out positive controls"", ""Full existing suite, TypeScript, ESLint, webpack production build, synthetic HTTP/PDF runtime, git diff --check after future implementation""]",GPT-6 SOL HIGH,"Utfør bare de kildebundne dimensjonsendringene listet i evidence. Gjenbruk eksisterende nøkler og behold kvalifikasjoner; del eventuell lang tekst etter faktisk semantisk dimensjon, aldri heuristisk UI-tolkning.","[""document > catalog"", ""optional availability != customer selected"", ""unknown != not covered"", ""provider/type/scope/version isolation"", ""product level and add-on boundaries"", ""side-swap symmetry without invented equivalents"", ""age start/reduction/expiry and object age kept distinct"", ""annual/accumulated/coverage mileage kept distinct"", ""per event/year/lifetime/selected sum kept distinct"", ""source page/hash and fact-specific provenance"", ""same object identity and pricing/TFA are not catalog eligibility""]",Source/scope gate satisfied for listed dimensions only; separate user authorization and regression still required.,"Frozen corpus 2026-09-29, not live current-source verification",Known catalog availability never selects a customer add-on,PLANNED_NOT_IMPLEMENTED,"[""B-016"", ""B-135""]",MAIN_AGENT_REVIEW_REQUIRED,One named file owner; source research may be parallel read-only. Disjoint files only after all dependencies pass. No agents launched in this triage.
B-056,3,gjensidige · Snøscooter · ordinary: Materialiser dokumenterte P1-dimensjoner på eksisterende nøkler,"[""gjensidige"", ""Snøscooter"", ""ordinary"", ""DATA""]","[""RC-032""]","[""SCRC-033""]","[""RB-29""]","[""04343ea6f16b4f9f"", ""0cb67dee0d9e323e"", ""30f8e097f606ae3a"", ""4259b78847645953"", ""4ac4099aa97cebfe"", ""51a4e5da1f01e5d5"", ""67b32f613e47d713"", ""ad2546bd6f7ddff3"", ""be21b93cabcccc3f"", ""cc134f7ded664c57"", ""cec57012fd3b83ea"", ""d06ca1e67b975050"", ""e1c8e1869470aeca"", ""efaa28c0ed5f57c4"", ""fcdffe493c75df64"", ""ff05ca4bb2f3dbe6""]",[],16,43,16,43,0,"[""[\""gjensidige\"",\""snøscooter\"",\""ordinary\"",\""gjensidige-snoscooter-ansvar\"",null]"", ""[\""gjensidige\"",\""snøscooter\"",\""ordinary\"",\""gjensidige-snoscooter-delkasko\"",null]"", ""[\""gjensidige\"",\""snøscooter\"",\""ordinary\"",\""gjensidige-snoscooter-kasko\"",null]""]","[""Snøscooter""]","[""gjensidige""]","[""ordinary""]",[],CATALOG_DATA,DATA_BATCH,MEDIUM,IMPLEMENTATION_READY,MUST_BEFORE_NITO,LIKELY_SHARED_WITH_CUSTOMER_MODE,NOT_PROVEN_REQUIRED,Catalog knowledge improvement is shared where enrichment is eligible; no real customer PDF or extraction conclusion is claimed.,"[""lib/vehicle-object-catalog.ts""]",[],tests/remediation-b-056.test.mjs (future; consolidate with relevant existing suite if clearer),[],[],[],"[""Own-source exact subject/value/unit/period/conditions with page/hash"", ""Exact base, inherited, optional and unavailable product-level combinations"", ""Same-product and both comparison directions; provider-specific facts stay asymmetric where appropriate"", ""Document X versus catalog Y: X wins; silent optional remains unknown; explicit not_selected remains not_selected"", ""Cross-provider/type/scope/version negatives; no customer object/pricing changes"", ""Ansvar / sum/egenandel (GAP-2555); Ulykke / sum/egenandel (GAP-2556); Rettshjelp / sum/geografi/egenandel (GAP-2557); Geografi / område (GAP-2558); Ulykke / hendelser (GAP-2564); Ulykke / dødsfall vilkår (GAP-2565); Ulykke / invaliditet (GAP-2566); Ulykke / vesentlige unntak (GAP-2567); Rettshjelp / omfang (GAP-2568); Rettshjelp / begrensninger (GAP-2571); Rettshjelp / flerpart/sum (GAP-2572); Rettshjelp / egenandel (GAP-2573); Brann/tyveri / hendelser/egenandel (GAP-2586); Løsøre / sum/condition (GAP-2587); Ekstrautstyr / sum/valg (GAP-2588); Kasko / omfang/egenandel (GAP-2620)""]","[""Compare before/after exact scoped products against independent source-fact inventory"", ""Reverse-check changed claims for support and wrong-level leakage"", ""Re-run linked false-unknown controls with own-source oracle; inspect sources and details"", ""Record closed/reopened signature IDs; targeted family bulk comparison; held-out positive controls"", ""Full existing suite, TypeScript, ESLint, webpack production build, synthetic HTTP/PDF runtime, git diff --check after future implementation""]",GPT-6 SOL HIGH,"Utfør bare de kildebundne dimensjonsendringene listet i evidence. Gjenbruk eksisterende nøkler og behold kvalifikasjoner; del eventuell lang tekst etter faktisk semantisk dimensjon, aldri heuristisk UI-tolkning.","[""document > catalog"", ""optional availability != customer selected"", ""unknown != not covered"", ""provider/type/scope/version isolation"", ""product level and add-on boundaries"", ""side-swap symmetry without invented equivalents"", ""age start/reduction/expiry and object age kept distinct"", ""annual/accumulated/coverage mileage kept distinct"", ""per event/year/lifetime/selected sum kept distinct"", ""source page/hash and fact-specific provenance"", ""same object identity and pricing/TFA are not catalog eligibility""]",Source/scope gate satisfied for listed dimensions only; separate user authorization and regression still required.,"Frozen corpus 2026-09-29, not live current-source verification",Known catalog availability never selects a customer add-on,PLANNED_NOT_IMPLEMENTED,"[""B-024"", ""B-025"", ""B-026"", ""B-027"", ""B-037"", ""B-044"", ""B-045"", ""B-049"", ""B-057"", ""B-061"", ""B-068"", ""B-069"", ""B-076"", ""B-083"", ""B-084"", ""B-088"", ""B-094"", ""B-095"", ""B-096"", ""B-097"", ""B-098"", ""B-099"", ""B-100"", ""B-111"", ""B-112"", ""B-118"", ""B-119"", ""B-120"", ""B-126"", ""B-127"", ""B-136"", ""B-137"", ""B-138"", ""B-142"", ""B-150"", ""B-151"", ""B-161"", ""B-169"", ""B-170"", ""B-171"", ""B-172"", ""B-176"", ""B-185"", ""B-186"", ""B-188"", ""B-189"", ""B-194"", ""B-204""]",MAIN_AGENT_REVIEW_REQUIRED,One named file owner; source research may be parallel read-only. Disjoint files only after all dependencies pass. No agents launched in this triage.
B-057,3,gjensidige · Tilhenger · ordinary: Materialiser dokumenterte P1-dimensjoner på eksisterende nøkler,"[""gjensidige"", ""Tilhenger"", ""ordinary"", ""DATA""]","[""RC-033""]","[""SCRC-033""]","[""RB-29""]","[""3d4ee18bb6b094da"", ""45971367d5d25145"", ""555c0ff7d7901126"", ""673b26b43f1be200"", ""e2f70dda0093e9e4""]",[],5,9,5,9,0,"[""[\""gjensidige\"",\""tilhenger\"",\""ordinary\"",\""gjensidige-tilhenger-delkasko\"",null]"", ""[\""gjensidige\"",\""tilhenger\"",\""ordinary\"",\""gjensidige-tilhenger-kasko\"",null]""]","[""Tilhenger""]","[""gjensidige""]","[""ordinary""]",[],CATALOG_DATA,DATA_BATCH,MEDIUM,IMPLEMENTATION_READY,MUST_BEFORE_NITO,LIKELY_SHARED_WITH_CUSTOMER_MODE,NOT_PROVEN_REQUIRED,Catalog knowledge improvement is shared where enrichment is eligible; no real customer PDF or extraction conclusion is claimed.,"[""lib/vehicle-object-catalog.ts""]",[],tests/remediation-b-057.test.mjs (future; consolidate with relevant existing suite if clearer),[],[],[],"[""Own-source exact subject/value/unit/period/conditions with page/hash"", ""Exact base, inherited, optional and unavailable product-level combinations"", ""Same-product and both comparison directions; provider-specific facts stay asymmetric where appropriate"", ""Document X versus catalog Y: X wins; silent optional remains unknown; explicit not_selected remains not_selected"", ""Cross-provider/type/scope/version negatives; no customer object/pricing changes"", ""Brann/tyveri / hendelser/egenandel (GAP-2707); Veihjelp / omfang/egenandel (GAP-2708); Veihjelp / hjemtransport (GAP-2709); Veihjelp / begrensninger (GAP-2710); Kasko / omfang/egenandel (GAP-2727)""]","[""Compare before/after exact scoped products against independent source-fact inventory"", ""Reverse-check changed claims for support and wrong-level leakage"", ""Re-run linked false-unknown controls with own-source oracle; inspect sources and details"", ""Record closed/reopened signature IDs; targeted family bulk comparison; held-out positive controls"", ""Full existing suite, TypeScript, ESLint, webpack production build, synthetic HTTP/PDF runtime, git diff --check after future implementation""]",GPT-6 SOL HIGH,"Utfør bare de kildebundne dimensjonsendringene listet i evidence. Gjenbruk eksisterende nøkler og behold kvalifikasjoner; del eventuell lang tekst etter faktisk semantisk dimensjon, aldri heuristisk UI-tolkning.","[""document > catalog"", ""optional availability != customer selected"", ""unknown != not covered"", ""provider/type/scope/version isolation"", ""product level and add-on boundaries"", ""side-swap symmetry without invented equivalents"", ""age start/reduction/expiry and object age kept distinct"", ""annual/accumulated/coverage mileage kept distinct"", ""per event/year/lifetime/selected sum kept distinct"", ""source page/hash and fact-specific provenance"", ""same object identity and pricing/TFA are not catalog eligibility""]",Source/scope gate satisfied for listed dimensions only; separate user authorization and regression still required.,"Frozen corpus 2026-09-29, not live current-source verification",Known catalog availability never selects a customer add-on,PLANNED_NOT_IMPLEMENTED,"[""B-024"", ""B-025"", ""B-026"", ""B-027"", ""B-037"", ""B-044"", ""B-045"", ""B-049"", ""B-056"", ""B-061"", ""B-068"", ""B-069"", ""B-076"", ""B-083"", ""B-084"", ""B-088"", ""B-094"", ""B-095"", ""B-096"", ""B-097"", ""B-098"", ""B-099"", ""B-100"", ""B-111"", ""B-112"", ""B-118"", ""B-119"", ""B-120"", ""B-126"", ""B-127"", ""B-136"", ""B-137"", ""B-138"", ""B-142"", ""B-150"", ""B-151"", ""B-161"", ""B-169"", ""B-170"", ""B-171"", ""B-172"", ""B-176"", ""B-185"", ""B-186"", ""B-188"", ""B-189"", ""B-194"", ""B-204""]",MAIN_AGENT_REVIEW_REQUIRED,One named file owner; source research may be parallel read-only. Disjoint files only after all dependencies pass. No agents launched in this triage.
B-058,3,if · Bil · ordinary: Materialiser dokumenterte P1-dimensjoner på eksisterende nøkler,"[""if"", ""Bil"", ""ordinary"", ""DATA""]","[""RC-034""]","[""SCRC-036""]","[""RB-32""]","[""1741fc42fb59ca0a"", ""1f487b5f52e91209"", ""2da7cbbd9929dd49"", ""5abd018ff1bb0d0e"", ""7e10694b4e2f5808"", ""b2038f6611b0c673"", ""d4d60a02be4e6135"", ""e580d42eceb9a270"", ""ef865f27669c1f19""]",[],9,24,9,24,0,"[""[\""if\"",\""bil\"",\""ordinary\"",\""if-bil-ansvar\"",\""MOT2-2\""]"", ""[\""if\"",\""bil\"",\""ordinary\"",\""if-bil-delkasko\"",\""MOT2-2\""]"", ""[\""if\"",\""bil\"",\""ordinary\"",\""if-bil-kasko\"",\""MOT2-2\""]"", ""[\""if\"",\""bil\"",\""ordinary\"",\""if-bil-super\"",\""MOT2-2\""]""]","[""Bil""]","[""if""]","[""ordinary""]","[""if-leiebil""]",CATALOG_DATA,DATA_BATCH,MEDIUM,IMPLEMENTATION_READY,MUST_BEFORE_NITO,LIKELY_SHARED_WITH_CUSTOMER_MODE,NOT_PROVEN_REQUIRED,Catalog knowledge improvement is shared where enrichment is eligible; no real customer PDF or extraction conclusion is claimed.,"[""lib/if-catalog.ts""]",[],tests/remediation-b-058.test.mjs (future; consolidate with relevant existing suite if clearer),[],[],[],"[""Own-source exact subject/value/unit/period/conditions with page/hash"", ""Exact base, inherited, optional and unavailable product-level combinations"", ""Same-product and both comparison directions; provider-specific facts stay asymmetric where appropriate"", ""Document X versus catalog Y: X wins; silent optional remains unknown; explicit not_selected remains not_selected"", ""Cross-provider/type/scope/version negatives; no customer object/pricing changes"", ""Ansvar / rettslig mekanisme (GAP-2944); Rettshjelp / rolle og etteropphør (GAP-2947); Rettshjelp / sum og flerpart (GAP-2948); Veihjelp / hjemtransport og sum (GAP-2961); Nyverdi standard / alder/km/terskel (GAP-2963); Nyverdi standard / forutsetninger (GAP-2964); Reparasjonstrygghet / varighet/omfang (GAP-2985); Leiebil / maskinskade/utenfor Norden (GAP-2989); Nyverdi Super / gjenkjøp/tyveri (GAP-3010)""]","[""Compare before/after exact scoped products against independent source-fact inventory"", ""Reverse-check changed claims for support and wrong-level leakage"", ""Re-run linked false-unknown controls with own-source oracle; inspect sources and details"", ""Record closed/reopened signature IDs; targeted family bulk comparison; held-out positive controls"", ""Full existing suite, TypeScript, ESLint, webpack production build, synthetic HTTP/PDF runtime, git diff --check after future implementation""]",GPT-6 SOL HIGH,"Utfør bare de kildebundne dimensjonsendringene listet i evidence. Gjenbruk eksisterende nøkler og behold kvalifikasjoner; del eventuell lang tekst etter faktisk semantisk dimensjon, aldri heuristisk UI-tolkning.","[""document > catalog"", ""optional availability != customer selected"", ""unknown != not covered"", ""provider/type/scope/version isolation"", ""product level and add-on boundaries"", ""side-swap symmetry without invented equivalents"", ""age start/reduction/expiry and object age kept distinct"", ""annual/accumulated/coverage mileage kept distinct"", ""per event/year/lifetime/selected sum kept distinct"", ""source page/hash and fact-specific provenance"", ""same object identity and pricing/TFA are not catalog eligibility""]",Source/scope gate satisfied for listed dimensions only; separate user authorization and regression still required.,"Frozen corpus 2026-09-29, not live current-source verification",Known catalog availability never selects a customer add-on,PLANNED_NOT_IMPLEMENTED,"[""B-139""]",MAIN_AGENT_REVIEW_REQUIRED,One named file owner; source research may be parallel read-only. Disjoint files only after all dependencies pass. No agents launched in this triage.
B-059,3,if · Bobil · ordinary: Materialiser dokumenterte P1-dimensjoner på eksisterende nøkler,"[""if"", ""Bobil"", ""ordinary"", ""DATA""]","[""RC-035""]","[""SCRC-036""]","[""RB-32""]","[""1dadde9d629d415b"", ""237b2403dd078759"", ""5e1bc96f35b4425c"", ""67ad890f10319f83"", ""6cec0176462a4db2"", ""6ef036d24354c545"", ""794e9c51a14bad06"", ""a4257e1574fc1b2a"", ""b5825f51c85e31db"", ""d7da3f1f3792290b""]",[],10,23,10,23,0,"[""[\""if\"",\""bobil\"",\""ordinary\"",\""if-bobil-ansvar\"",\""2024-03\""]"", ""[\""if\"",\""bobil\"",\""ordinary\"",\""if-bobil-delkasko\"",\""2024-03\""]"", ""[\""if\"",\""bobil\"",\""ordinary\"",\""if-bobil-kasko\"",\""2024-03\""]"", ""[\""if\"",\""bobil\"",\""ordinary\"",\""if-bobil-super\"",\""2022-06\""]""]","[""Bobil""]","[""if""]","[""ordinary""]","[""if-bobil-leiebil"", ""if-bobil-motor-gir""]",CATALOG_DATA,DATA_BATCH,MEDIUM,IMPLEMENTATION_READY,MUST_BEFORE_NITO,LIKELY_SHARED_WITH_CUSTOMER_MODE,NOT_PROVEN_REQUIRED,Catalog knowledge improvement is shared where enrichment is eligible; no real customer PDF or extraction conclusion is claimed.,"[""lib/mc-bobil-tryg-if-catalog.ts""]",[],tests/remediation-b-059.test.mjs (future; consolidate with relevant existing suite if clearer),[],[],[],"[""Own-source exact subject/value/unit/period/conditions with page/hash"", ""Exact base, inherited, optional and unavailable product-level combinations"", ""Same-product and both comparison directions; provider-specific facts stay asymmetric where appropriate"", ""Document X versus catalog Y: X wins; silent optional remains unknown; explicit not_selected remains not_selected"", ""Cross-provider/type/scope/version negatives; no customer object/pricing changes"", ""Rettshjelp / rolle og etteropphør (GAP-3075); Rettshjelp / sum og flerpart (GAP-3076); Nyverdi standard / forutsetninger (GAP-3093); Viktige unntak / vær/slitasje/tuning (GAP-3094); Utleie / egenandel (GAP-3099); Viktige unntak / vær/slitasje/tuning (GAP-3115); Maskinskade / komponenter (GAP-3118); Maskinskade / vedlikehold og oppgjør (GAP-3120); Leiebil / maskinskade/utenfor Norden (GAP-3124); Nyverdi Super / gjenkjøp/tyveri (GAP-3152)""]","[""Compare before/after exact scoped products against independent source-fact inventory"", ""Reverse-check changed claims for support and wrong-level leakage"", ""Re-run linked false-unknown controls with own-source oracle; inspect sources and details"", ""Record closed/reopened signature IDs; targeted family bulk comparison; held-out positive controls"", ""Full existing suite, TypeScript, ESLint, webpack production build, synthetic HTTP/PDF runtime, git diff --check after future implementation""]",GPT-6 SOL HIGH,"Utfør bare de kildebundne dimensjonsendringene listet i evidence. Gjenbruk eksisterende nøkler og behold kvalifikasjoner; del eventuell lang tekst etter faktisk semantisk dimensjon, aldri heuristisk UI-tolkning.","[""document > catalog"", ""optional availability != customer selected"", ""unknown != not covered"", ""provider/type/scope/version isolation"", ""product level and add-on boundaries"", ""side-swap symmetry without invented equivalents"", ""age start/reduction/expiry and object age kept distinct"", ""annual/accumulated/coverage mileage kept distinct"", ""per event/year/lifetime/selected sum kept distinct"", ""source page/hash and fact-specific provenance"", ""same object identity and pricing/TFA are not catalog eligibility""]",Source/scope gate satisfied for listed dimensions only; separate user authorization and regression still required.,"Frozen corpus 2026-09-29, not live current-source verification",Known catalog availability never selects a customer add-on,PLANNED_NOT_IMPLEMENTED,"[""B-066"", ""B-086"", ""B-092"", ""B-140"", ""B-174"", ""B-183"", ""B-198"", ""B-202""]",MAIN_AGENT_REVIEW_REQUIRED,One named file owner; source research may be parallel read-only. Disjoint files only after all dependencies pass. No agents launched in this triage.
B-060,3,if · Båt · ordinary: Materialiser dokumenterte P1-dimensjoner på eksisterende nøkler,"[""if"", ""Båt"", ""ordinary"", ""DATA""]","[""RC-036""]","[""SCRC-041""]","[""RB-37""]","[""0931ff466a573a7f"", ""103ac49febeb7c64"", ""1cddb3ae4409364d"", ""3ac19b60cea8e5aa"", ""478bd575e79e3344"", ""4f1d7c3eb6887f35"", ""5bb0556f0f525074"", ""6969771120eb1b67"", ""7651af3b77463b66"", ""7fda244724f6a9bb"", ""89917387b9166502"", ""8e22df0cd2cbed14"", ""9534792b688d7e5a"", ""ada576a031d2e54f"", ""b59518d027d275dd"", ""bb566cb05247da70"", ""c218178f7c6add06"", ""caadf78a8f4be676"", ""cd2eff34e684cc02"", ""cd4e6e062ddecdde"", ""d5c5a6f79a731a18"", ""dc8227e28127783f"", ""dc92818b3f5e33b7"", ""e288a22c2f335a35"", ""e50b60c83f8a5ff8"", ""ef51345a43568bee"", ""f86bf9e8ab50fed7"", ""fd744b15c2fda337""]",[],28,55,28,55,0,"[""[\""if\"",\""båt\"",\""ordinary\"",\""if-bat-delkasko\"",\""2023-02-01\""]"", ""[\""if\"",\""båt\"",\""ordinary\"",\""if-bat-kasko\"",\""2023-02-01\""]"", ""[\""if\"",\""båt\"",\""ordinary\"",\""if-bat-super\"",\""2023-02-01\""]""]","[""Båt""]","[""if""]","[""ordinary""]","[""if-bat-motor-gir""]",CATALOG_DATA,DATA_BATCH,MEDIUM,IMPLEMENTATION_READY,MUST_BEFORE_NITO,LIKELY_SHARED_WITH_CUSTOMER_MODE,NOT_PROVEN_REQUIRED,Catalog knowledge improvement is shared where enrichment is eligible; no real customer PDF or extraction conclusion is claimed.,"[""lib/boat-pet-catalog.ts""]",[],tests/remediation-b-060.test.mjs (future; consolidate with relevant existing suite if clearer),"[""B-003""]","[""B-003""]",[],"[""Own-source exact subject/value/unit/period/conditions with page/hash"", ""Exact base, inherited, optional and unavailable product-level combinations"", ""Same-product and both comparison directions; provider-specific facts stay asymmetric where appropriate"", ""Document X versus catalog Y: X wins; silent optional remains unknown; explicit not_selected remains not_selected"", ""Cross-provider/type/scope/version negatives; no customer object/pricing changes"", ""Geografi / radius/overfart (GAP-3657); Bruk / transport/regatta (GAP-3658); Bagasje / sum (GAP-3660); Ansvar/rettshjelp/ulykke / avtale (GAP-3662); Transport / skadetilfelle (GAP-3664); Bergelønn / sum/trigger (GAP-3665); Vrakfjerning / sum/trigger (GAP-3666); Skade / hovedunntak (GAP-3667); Ny båt / alder/skadegrad/form (GAP-3676); Egenandel / struktur (GAP-3677); Brann/tyveri / egenandel (GAP-3678); Ansvar / sum/rolle (GAP-3680); Ulykke / person/sum (GAP-3682); Rettshjelp / scope/kildehenvisning (GAP-3684); Bagasje / sum (GAP-3690); Opplagsutstyr / sum (GAP-3691); Jolle / grenser (GAP-3692); Kasko / utløser (GAP-3696); Transport / skadetilfelle (GAP-3698); Bergelønn / sum/trigger (GAP-3699); Vrakfjerning / sum/trigger (GAP-3700); Assistanse / utløser (GAP-3701); Motor/gir / opphørsalder (GAP-3703); Skade / hovedunntak (GAP-3708); Kasko/jolle / egenandel (GAP-3721); Ferieavbrudd / dag/sesong (GAP-3748); Totalskadegaranti / alder/form (GAP-3750); Opplagsutstyr / sum/egenandel (GAP-3751)""]","[""Compare before/after exact scoped products against independent source-fact inventory"", ""Reverse-check changed claims for support and wrong-level leakage"", ""Re-run linked false-unknown controls with own-source oracle; inspect sources and details"", ""Record closed/reopened signature IDs; targeted family bulk comparison; held-out positive controls"", ""Full existing suite, TypeScript, ESLint, webpack production build, synthetic HTTP/PDF runtime, git diff --check after future implementation""]",GPT-6 SOL HIGH,"Utfør bare de kildebundne dimensjonsendringene listet i evidence. Gjenbruk eksisterende nøkler og behold kvalifikasjoner; del eventuell lang tekst etter faktisk semantisk dimensjon, aldri heuristisk UI-tolkning.","[""document > catalog"", ""optional availability != customer selected"", ""unknown != not covered"", ""provider/type/scope/version isolation"", ""product level and add-on boundaries"", ""side-swap symmetry without invented equivalents"", ""age start/reduction/expiry and object age kept distinct"", ""annual/accumulated/coverage mileage kept distinct"", ""per event/year/lifetime/selected sum kept distinct"", ""source page/hash and fact-specific provenance"", ""same object identity and pricing/TFA are not catalog eligibility""]",Source/scope gate satisfied for listed dimensions only; separate user authorization and regression still required.,"Frozen corpus 2026-09-29, not live current-source verification",Known catalog availability never selects a customer add-on,PLANNED_NOT_IMPLEMENTED,"[""B-003"", ""B-008"", ""B-009"", ""B-010"", ""B-018"", ""B-022"", ""B-036"", ""B-038"", ""B-041"", ""B-048"", ""B-050"", ""B-053"", ""B-062"", ""B-065"", ""B-070"", ""B-071"", ""B-072"", ""B-075"", ""B-077"", ""B-080"", ""B-087"", ""B-089"", ""B-091"", ""B-109"", ""B-110"", ""B-113"", ""B-116"", ""B-124"", ""B-125"", ""B-128"", ""B-129"", ""B-132"", ""B-133"", ""B-141"", ""B-143"", ""B-144"", ""B-147"", ""B-148"", ""B-152"", ""B-153"", ""B-154"", ""B-155"", ""B-156"", ""B-157"", ""B-160"", ""B-162"", ""B-166"", ""B-175"", ""B-177"", ""B-178"", ""B-181"", ""B-182"", ""B-187"", ""B-195"", ""B-196"", ""B-197"", ""B-199"", ""B-200""]",MAIN_AGENT_REVIEW_REQUIRED,One named file owner; source research may be parallel read-only. Disjoint files only after all dependencies pass. No agents launched in this triage.
B-061,3,if · Campingvogn · ordinary: Materialiser dokumenterte P1-dimensjoner på eksisterende nøkler,"[""if"", ""Campingvogn"", ""ordinary"", ""DATA""]","[""RC-037""]","[""SCRC-036""]","[""RB-32""]","[""0d6a54dd7da1e309"", ""1eed7d1603278ecc"", ""47481c580b28c78b"", ""4c3630eb98299cc0"", ""5bc3b914fc83fd9b"", ""9f3dbc5d93c1a53d"", ""ad96b70a1dc666df""]",[],7,20,7,20,0,"[""[\""if\"",\""campingvogn\"",\""ordinary\"",\""if-campingvogn-delkasko\"",\""2024-03\""]"", ""[\""if\"",\""campingvogn\"",\""ordinary\"",\""if-campingvogn-kasko\"",\""2024-03\""]"", ""[\""if\"",\""campingvogn\"",\""ordinary\"",\""if-campingvogn-super\"",\""2024-03\""]""]","[""Campingvogn""]","[""if""]","[""ordinary""]",[],CATALOG_DATA,DATA_BATCH,MEDIUM,IMPLEMENTATION_READY,MUST_BEFORE_NITO,LIKELY_SHARED_WITH_CUSTOMER_MODE,NOT_PROVEN_REQUIRED,Catalog knowledge improvement is shared where enrichment is eligible; no real customer PDF or extraction conclusion is claimed.,"[""lib/vehicle-object-catalog.ts""]",[],tests/remediation-b-061.test.mjs (future; consolidate with relevant existing suite if clearer),"[""B-024""]","[""B-024""]",[],"[""Own-source exact subject/value/unit/period/conditions with page/hash"", ""Exact base, inherited, optional and unavailable product-level combinations"", ""Same-product and both comparison directions; provider-specific facts stay asymmetric where appropriate"", ""Document X versus catalog Y: X wins; silent optional remains unknown; explicit not_selected remains not_selected"", ""Cross-provider/type/scope/version negatives; no customer object/pricing changes"", ""Geografi / område (GAP-3221); Rettshjelp / rolle og etteropphør (GAP-3222); Rettshjelp / sum og flerpart (GAP-3223); Brann/natur / utløsning (GAP-3225); Fastmontert utstyr/bagasje / sum og samlet mekanisme (GAP-3228); Frigjøring/transport / sum og scope (GAP-3236); Utstyr/bagasje / valgbar høyere sum (GAP-3241)""]","[""Compare before/after exact scoped products against independent source-fact inventory"", ""Reverse-check changed claims for support and wrong-level leakage"", ""Re-run linked false-unknown controls with own-source oracle; inspect sources and details"", ""Record closed/reopened signature IDs; targeted family bulk comparison; held-out positive controls"", ""Full existing suite, TypeScript, ESLint, webpack production build, synthetic HTTP/PDF runtime, git diff --check after future implementation""]",GPT-6 SOL HIGH,"Utfør bare de kildebundne dimensjonsendringene listet i evidence. Gjenbruk eksisterende nøkler og behold kvalifikasjoner; del eventuell lang tekst etter faktisk semantisk dimensjon, aldri heuristisk UI-tolkning.","[""document > catalog"", ""optional availability != customer selected"", ""unknown != not covered"", ""provider/type/scope/version isolation"", ""product level and add-on boundaries"", ""side-swap symmetry without invented equivalents"", ""age start/reduction/expiry and object age kept distinct"", ""annual/accumulated/coverage mileage kept distinct"", ""per event/year/lifetime/selected sum kept distinct"", ""source page/hash and fact-specific provenance"", ""same object identity and pricing/TFA are not catalog eligibility""]",Source/scope gate satisfied for listed dimensions only; separate user authorization and regression still required.,"Frozen corpus 2026-09-29, not live current-source verification",Known catalog availability never selects a customer add-on,PLANNED_NOT_IMPLEMENTED,"[""B-024"", ""B-025"", ""B-026"", ""B-027"", ""B-037"", ""B-044"", ""B-045"", ""B-049"", ""B-056"", ""B-057"", ""B-068"", ""B-069"", ""B-076"", ""B-083"", ""B-084"", ""B-088"", ""B-094"", ""B-095"", ""B-096"", ""B-097"", ""B-098"", ""B-099"", ""B-100"", ""B-111"", ""B-112"", ""B-118"", ""B-119"", ""B-120"", ""B-126"", ""B-127"", ""B-136"", ""B-137"", ""B-138"", ""B-142"", ""B-150"", ""B-151"", ""B-161"", ""B-169"", ""B-170"", ""B-171"", ""B-172"", ""B-176"", ""B-185"", ""B-186"", ""B-188"", ""B-189"", ""B-194"", ""B-204""]",MAIN_AGENT_REVIEW_REQUIRED,One named file owner; source research may be parallel read-only. Disjoint files only after all dependencies pass. No agents launched in this triage.
B-062,3,if · Hund · ordinary: Materialiser dokumenterte P1-dimensjoner på eksisterende nøkler,"[""if"", ""Hund"", ""ordinary"", ""DATA""]","[""RC-038""]","[""SCRC-002"", ""SCRC-042""]","[""RB-01"", ""RB-38""]","[""06e0d3656c844b4e"", ""2879b34d37585633"", ""365ac075c1e01d44"", ""3ff115fa72b6972f"", ""4463e9dc92398049"", ""648fbba4be12af9d"", ""88aeaa94ca507b76"", ""a4af300967811a01"", ""fbe62d1dfbbd54bb""]",[],9,17,9,17,0,"[""[\""if\"",\""hund\"",\""ordinary\"",\""if-hund-basis\"",\""2022-12-01\""]"", ""[\""if\"",\""hund\"",\""ordinary\"",\""if-hund-standard\"",\""2022-12-01\""]"", ""[\""if\"",\""hund\"",\""ordinary\"",\""if-hund-super\"",\""2022-12-01\""]""]","[""Hund""]","[""if""]","[""ordinary""]","[""if-hund-liv""]",CATALOG_DATA,DATA_BATCH,MEDIUM,IMPLEMENTATION_READY,MUST_BEFORE_NITO,LIKELY_SHARED_WITH_CUSTOMER_MODE,NOT_PROVEN_REQUIRED,Catalog knowledge improvement is shared where enrichment is eligible; no real customer PDF or extraction conclusion is claimed.,"[""lib/boat-pet-catalog.ts""]",[],tests/remediation-b-062.test.mjs (future; consolidate with relevant existing suite if clearer),[],[],[],"[""Own-source exact subject/value/unit/period/conditions with page/hash"", ""Exact base, inherited, optional and unavailable product-level combinations"", ""Same-product and both comparison directions; provider-specific facts stay asymmetric where appropriate"", ""Document X versus catalog Y: X wins; silent optional remains unknown; explicit not_selected remains not_selected"", ""Cross-provider/type/scope/version negatives; no customer object/pricing changes"", ""Tannulykke / dekning (GAP-0024); Medisin / behandlingssted (GAP-0027); Tannsykdom / livstidsgrense (GAP-0028); Allergibehandling / livstidsgrense (GAP-0029); Rollover / kvalifiserende vilkår (GAP-0030); Karenstid / sykdom (GAP-0031); Veterinær / opphør (GAP-0034); Liv / aldersmodell (GAP-3779); Tannsykdom / grense/årsak (GAP-3821)""]","[""Compare before/after exact scoped products against independent source-fact inventory"", ""Reverse-check changed claims for support and wrong-level leakage"", ""Re-run linked false-unknown controls with own-source oracle; inspect sources and details"", ""Record closed/reopened signature IDs; targeted family bulk comparison; held-out positive controls"", ""Full existing suite, TypeScript, ESLint, webpack production build, synthetic HTTP/PDF runtime, git diff --check after future implementation""]",GPT-6 SOL HIGH,"Utfør bare de kildebundne dimensjonsendringene listet i evidence. Gjenbruk eksisterende nøkler og behold kvalifikasjoner; del eventuell lang tekst etter faktisk semantisk dimensjon, aldri heuristisk UI-tolkning.","[""document > catalog"", ""optional availability != customer selected"", ""unknown != not covered"", ""provider/type/scope/version isolation"", ""product level and add-on boundaries"", ""side-swap symmetry without invented equivalents"", ""age start/reduction/expiry and object age kept distinct"", ""annual/accumulated/coverage mileage kept distinct"", ""per event/year/lifetime/selected sum kept distinct"", ""source page/hash and fact-specific provenance"", ""same object identity and pricing/TFA are not catalog eligibility""]",Source/scope gate satisfied for listed dimensions only; separate user authorization and regression still required.,"Frozen corpus 2026-09-29, not live current-source verification",Known catalog availability never selects a customer add-on,PLANNED_NOT_IMPLEMENTED,"[""B-003"", ""B-008"", ""B-009"", ""B-010"", ""B-018"", ""B-022"", ""B-036"", ""B-038"", ""B-041"", ""B-048"", ""B-050"", ""B-053"", ""B-060"", ""B-065"", ""B-070"", ""B-071"", ""B-072"", ""B-075"", ""B-077"", ""B-080"", ""B-087"", ""B-089"", ""B-091"", ""B-109"", ""B-110"", ""B-113"", ""B-116"", ""B-124"", ""B-125"", ""B-128"", ""B-129"", ""B-132"", ""B-133"", ""B-141"", ""B-143"", ""B-144"", ""B-147"", ""B-148"", ""B-152"", ""B-153"", ""B-154"", ""B-155"", ""B-156"", ""B-157"", ""B-160"", ""B-162"", ""B-166"", ""B-175"", ""B-177"", ""B-178"", ""B-181"", ""B-182"", ""B-187"", ""B-195"", ""B-196"", ""B-197"", ""B-199"", ""B-200""]",MAIN_AGENT_REVIEW_REQUIRED,One named file owner; source research may be parallel read-only. Disjoint files only after all dependencies pass. No agents launched in this triage.
B-063,3,if · Hus · ordinary: Materialiser dokumenterte P1-dimensjoner på eksisterende nøkler,"[""if"", ""Hus"", ""ordinary"", ""DATA""]","[""RC-039""]","[""SCRC-039""]","[""RB-35""]","[""2706254575a1f655"", ""3d4cf2fefa64bbf3"", ""48674e7386d58d16"", ""4bee216e6791602f"", ""554486c625c0279b"", ""6322cbd61ebd60fe"", ""89b290ded9b8790a"", ""9206ff69e7dc8a83"", ""a60bab653d7ac505"", ""ab06ddd6be649b03"", ""c6b1ebd558b58db7"", ""f34d6747542f2dd6""]",[],12,26,12,26,0,"[""[\""if\"",\""bolig\"",\""ordinary\"",\""if-hus-basis\"",\""2023-09\""]"", ""[\""if\"",\""bolig\"",\""ordinary\"",\""if-hus-super\"",\""2023-09\""]"", ""[\""if\"",\""bolig\"",\""ordinary\"",\""if-hus-utvidet\"",\""2023-09\""]""]","[""Hus""]","[""if""]","[""ordinary""]",[],CATALOG_DATA,DATA_BATCH,MEDIUM,IMPLEMENTATION_READY,MUST_BEFORE_NITO,LIKELY_SHARED_WITH_CUSTOMER_MODE,NOT_PROVEN_REQUIRED,Catalog knowledge improvement is shared where enrichment is eligible; no real customer PDF or extraction conclusion is claimed.,"[""lib/if-hus-catalog.ts""]",[],tests/remediation-b-063.test.mjs (future; consolidate with relevant existing suite if clearer),[],[],[],"[""Own-source exact subject/value/unit/period/conditions with page/hash"", ""Exact base, inherited, optional and unavailable product-level combinations"", ""Same-product and both comparison directions; provider-specific facts stay asymmetric where appropriate"", ""Document X versus catalog Y: X wins; silent optional remains unknown; explicit not_selected remains not_selected"", ""Cross-provider/type/scope/version negatives; no customer object/pricing changes"", ""Snø/is / unntak/rydding (GAP-3458); Annen skade / unntak (GAP-3461); Bygging / ting/sum (GAP-3466); Bygging / risiko (GAP-3467); Bygging / ansvarsutvidelse (GAP-3468); Utvendig rør / aldersfradrag (GAP-3474); Boligtilpasning / sum/utløser (GAP-3490); Skadedyr / utvidelse (GAP-3492); Håndverker våtrom / vilkår (GAP-3527); Håndverker følgeskade / vilkår (GAP-3528); Håndverker / fellesunntak (GAP-3529); Tryggere Hjem / alarm/egenandel (GAP-3547)""]","[""Compare before/after exact scoped products against independent source-fact inventory"", ""Reverse-check changed claims for support and wrong-level leakage"", ""Re-run linked false-unknown controls with own-source oracle; inspect sources and details"", ""Record closed/reopened signature IDs; targeted family bulk comparison; held-out positive controls"", ""Full existing suite, TypeScript, ESLint, webpack production build, synthetic HTTP/PDF runtime, git diff --check after future implementation""]",GPT-6 SOL HIGH,"Utfør bare de kildebundne dimensjonsendringene listet i evidence. Gjenbruk eksisterende nøkler og behold kvalifikasjoner; del eventuell lang tekst etter faktisk semantisk dimensjon, aldri heuristisk UI-tolkning.","[""document > catalog"", ""optional availability != customer selected"", ""unknown != not covered"", ""provider/type/scope/version isolation"", ""product level and add-on boundaries"", ""side-swap symmetry without invented equivalents"", ""age start/reduction/expiry and object age kept distinct"", ""annual/accumulated/coverage mileage kept distinct"", ""per event/year/lifetime/selected sum kept distinct"", ""source page/hash and fact-specific provenance"", ""same object identity and pricing/TFA are not catalog eligibility""]",Source/scope gate satisfied for listed dimensions only; separate user authorization and regression still required.,"Frozen corpus 2026-09-29, not live current-source verification",Known catalog availability never selects a customer add-on,PLANNED_NOT_IMPLEMENTED,"[""B-145""]",MAIN_AGENT_REVIEW_REQUIRED,One named file owner; source research may be parallel read-only. Disjoint files only after all dependencies pass. No agents launched in this triage.
B-064,3,if · Innbo · ordinary: Materialiser dokumenterte P1-dimensjoner på eksisterende nøkler,"[""if"", ""Innbo"", ""ordinary"", ""DATA""]","[""RC-040""]","[""SCRC-038""]","[""RB-34""]","[""2ee7f4378234423a"", ""2f0c12c5b83136cd"", ""3ba65b64b9873776"", ""67d0a2bea66ad634"", ""7c85998c85529a39"", ""8234097961c49e9b"", ""8c9491dbb4d9c94f"", ""b395eb517c90ca0f"", ""f9445d23c4da509f""]",[],9,20,9,20,0,"[""[\""if\"",\""innbo\"",\""ordinary\"",\""if-innbo-basis\"",\""IBO2-1\""]"", ""[\""if\"",\""innbo\"",\""ordinary\"",\""if-innbo-super\"",\""IBO2-1\""]"", ""[\""if\"",\""innbo\"",\""ordinary\"",\""if-innbo-utvidet\"",\""IBO2-1\""]""]","[""Innbo""]","[""if""]","[""ordinary""]",[],CATALOG_DATA,DATA_BATCH,MEDIUM,IMPLEMENTATION_READY,MUST_BEFORE_NITO,LIKELY_SHARED_WITH_CUSTOMER_MODE,NOT_PROVEN_REQUIRED,Catalog knowledge improvement is shared where enrichment is eligible; no real customer PDF or extraction conclusion is claimed.,"[""lib/if-innbo-catalog.ts""]",[],tests/remediation-b-064.test.mjs (future; consolidate with relevant existing suite if clearer),[],[],[],"[""Own-source exact subject/value/unit/period/conditions with page/hash"", ""Exact base, inherited, optional and unavailable product-level combinations"", ""Same-product and both comparison directions; provider-specific facts stay asymmetric where appropriate"", ""Document X versus catalog Y: X wins; silent optional remains unknown; explicit not_selected remains not_selected"", ""Cross-provider/type/scope/version negatives; no customer object/pricing changes"", ""Ubegrenset sum / særgrenser (GAP-3338); Ubeboelig bolig / opphold (GAP-3346); Leietakertyveri / basisgrense (GAP-3354); Ran / geografi (GAP-3386); Uhell / ting unntatt (GAP-3391); Uhell / årsaker unntatt (GAP-3392); Utleie / egenandel og frister (GAP-3395); Boligtilpasning / sum/utløser (GAP-3396); Frysevarer / sum/utløsning (GAP-3433)""]","[""Compare before/after exact scoped products against independent source-fact inventory"", ""Reverse-check changed claims for support and wrong-level leakage"", ""Re-run linked false-unknown controls with own-source oracle; inspect sources and details"", ""Record closed/reopened signature IDs; targeted family bulk comparison; held-out positive controls"", ""Full existing suite, TypeScript, ESLint, webpack production build, synthetic HTTP/PDF runtime, git diff --check after future implementation""]",GPT-6 SOL HIGH,"Utfør bare de kildebundne dimensjonsendringene listet i evidence. Gjenbruk eksisterende nøkler og behold kvalifikasjoner; del eventuell lang tekst etter faktisk semantisk dimensjon, aldri heuristisk UI-tolkning.","[""document > catalog"", ""optional availability != customer selected"", ""unknown != not covered"", ""provider/type/scope/version isolation"", ""product level and add-on boundaries"", ""side-swap symmetry without invented equivalents"", ""age start/reduction/expiry and object age kept distinct"", ""annual/accumulated/coverage mileage kept distinct"", ""per event/year/lifetime/selected sum kept distinct"", ""source page/hash and fact-specific provenance"", ""same object identity and pricing/TFA are not catalog eligibility""]",Source/scope gate satisfied for listed dimensions only; separate user authorization and regression still required.,"Frozen corpus 2026-09-29, not live current-source verification",Known catalog availability never selects a customer add-on,PLANNED_NOT_IMPLEMENTED,"[""B-146""]",MAIN_AGENT_REVIEW_REQUIRED,One named file owner; source research may be parallel read-only. Disjoint files only after all dependencies pass. No agents launched in this triage.
B-065,3,if · Katt · ordinary: Materialiser dokumenterte P1-dimensjoner på eksisterende nøkler,"[""if"", ""Katt"", ""ordinary"", ""DATA""]","[""RC-041""]","[""SCRC-002""]","[""RB-01""]","[""13dd5fb68cb6608a"", ""14f1659d7deca726"", ""47c04f60b45c9fd9"", ""60604b48df670cfe"", ""6eff25c2c8207516"", ""6fbf66f1b3ffc64d"", ""77c42af3c823a2d7"", ""7b3858af27a7a47d""]",[],8,14,8,14,0,"[""[\""if\"",\""katt\"",\""ordinary\"",\""if-katt-basis\"",\""2022-12-01\""]"", ""[\""if\"",\""katt\"",\""ordinary\"",\""if-katt-standard\"",\""2022-12-01\""]"", ""[\""if\"",\""katt\"",\""ordinary\"",\""if-katt-super\"",\""2022-12-01\""]""]","[""Katt""]","[""if""]","[""ordinary""]",[],CATALOG_DATA,DATA_BATCH,MEDIUM,IMPLEMENTATION_READY,MUST_BEFORE_NITO,LIKELY_SHARED_WITH_CUSTOMER_MODE,NOT_PROVEN_REQUIRED,Catalog knowledge improvement is shared where enrichment is eligible; no real customer PDF or extraction conclusion is claimed.,"[""lib/boat-pet-catalog.ts""]",[],tests/remediation-b-065.test.mjs (future; consolidate with relevant existing suite if clearer),[],[],[],"[""Own-source exact subject/value/unit/period/conditions with page/hash"", ""Exact base, inherited, optional and unavailable product-level combinations"", ""Same-product and both comparison directions; provider-specific facts stay asymmetric where appropriate"", ""Document X versus catalog Y: X wins; silent optional remains unknown; explicit not_selected remains not_selected"", ""Cross-provider/type/scope/version negatives; no customer object/pricing changes"", ""Tannulykke / dekning (GAP-0042); Medisin / behandlingssted (GAP-0045); Tannsykdom / livstidsgrense (GAP-0046); Allergibehandling / livstidsgrense (GAP-0047); Rollover / kvalifiserende vilkår (GAP-0048); Karenstid / sykdom (GAP-0049); Veterinær / opphør (GAP-0052); Tannresorpsjon / årlig undergrense (GAP-0057)""]","[""Compare before/after exact scoped products against independent source-fact inventory"", ""Reverse-check changed claims for support and wrong-level leakage"", ""Re-run linked false-unknown controls with own-source oracle; inspect sources and details"", ""Record closed/reopened signature IDs; targeted family bulk comparison; held-out positive controls"", ""Full existing suite, TypeScript, ESLint, webpack production build, synthetic HTTP/PDF runtime, git diff --check after future implementation""]",GPT-6 SOL HIGH,"Utfør bare de kildebundne dimensjonsendringene listet i evidence. Gjenbruk eksisterende nøkler og behold kvalifikasjoner; del eventuell lang tekst etter faktisk semantisk dimensjon, aldri heuristisk UI-tolkning.","[""document > catalog"", ""optional availability != customer selected"", ""unknown != not covered"", ""provider/type/scope/version isolation"", ""product level and add-on boundaries"", ""side-swap symmetry without invented equivalents"", ""age start/reduction/expiry and object age kept distinct"", ""annual/accumulated/coverage mileage kept distinct"", ""per event/year/lifetime/selected sum kept distinct"", ""source page/hash and fact-specific provenance"", ""same object identity and pricing/TFA are not catalog eligibility""]",Source/scope gate satisfied for listed dimensions only; separate user authorization and regression still required.,"Frozen corpus 2026-09-29, not live current-source verification",Known catalog availability never selects a customer add-on,PLANNED_NOT_IMPLEMENTED,"[""B-003"", ""B-008"", ""B-009"", ""B-010"", ""B-018"", ""B-022"", ""B-036"", ""B-038"", ""B-041"", ""B-048"", ""B-050"", ""B-053"", ""B-060"", ""B-062"", ""B-070"", ""B-071"", ""B-072"", ""B-075"", ""B-077"", ""B-080"", ""B-087"", ""B-089"", ""B-091"", ""B-109"", ""B-110"", ""B-113"", ""B-116"", ""B-124"", ""B-125"", ""B-128"", ""B-129"", ""B-132"", ""B-133"", ""B-141"", ""B-143"", ""B-144"", ""B-147"", ""B-148"", ""B-152"", ""B-153"", ""B-154"", ""B-155"", ""B-156"", ""B-157"", ""B-160"", ""B-162"", ""B-166"", ""B-175"", ""B-177"", ""B-178"", ""B-181"", ""B-182"", ""B-187"", ""B-195"", ""B-196"", ""B-197"", ""B-199"", ""B-200""]",MAIN_AGENT_REVIEW_REQUIRED,One named file owner; source research may be parallel read-only. Disjoint files only after all dependencies pass. No agents launched in this triage.
B-066,3,if · MC · ordinary: Materialiser dokumenterte P1-dimensjoner på eksisterende nøkler,"[""if"", ""MC"", ""ordinary"", ""DATA""]","[""RC-042""]","[""SCRC-036""]","[""RB-32""]","[""229312500c00db7e"", ""4b04cf9c22c14ed4"", ""68a41a930a9e7482"", ""d958455d591a391d"", ""e6d1f997a1f4fc5c"", ""e881600b2f3ed99c""]",[],6,13,6,13,0,"[""[\""if\"",\""mc\"",\""ordinary\"",\""if-mc-ansvar\"",\""2024-03\""]"", ""[\""if\"",\""mc\"",\""ordinary\"",\""if-mc-delkasko\"",\""2024-03\""]"", ""[\""if\"",\""mc\"",\""ordinary\"",\""if-mc-kasko\"",\""2024-03\""]""]","[""MC""]","[""if""]","[""ordinary""]","[""if-mc-motor-gir""]",CATALOG_DATA,DATA_BATCH,MEDIUM,IMPLEMENTATION_READY,MUST_BEFORE_NITO,LIKELY_SHARED_WITH_CUSTOMER_MODE,NOT_PROVEN_REQUIRED,Catalog knowledge improvement is shared where enrichment is eligible; no real customer PDF or extraction conclusion is claimed.,"[""lib/mc-bobil-tryg-if-catalog.ts""]",[],tests/remediation-b-066.test.mjs (future; consolidate with relevant existing suite if clearer),[],[],[],"[""Own-source exact subject/value/unit/period/conditions with page/hash"", ""Exact base, inherited, optional and unavailable product-level combinations"", ""Same-product and both comparison directions; provider-specific facts stay asymmetric where appropriate"", ""Document X versus catalog Y: X wins; silent optional remains unknown; explicit not_selected remains not_selected"", ""Cross-provider/type/scope/version negatives; no customer object/pricing changes"", ""Rettshjelp / rolle og etteropphør (GAP-3017); Rettshjelp / sum og flerpart (GAP-3018); Nyverdi standard / forutsetninger (GAP-3038); Viktige unntak / vær/slitasje/tuning (GAP-3039); Bagasje og utstyr / web-sum/utstyrstype (GAP-3044); Maskinskade MC / komponenter (GAP-3064)""]","[""Compare before/after exact scoped products against independent source-fact inventory"", ""Reverse-check changed claims for support and wrong-level leakage"", ""Re-run linked false-unknown controls with own-source oracle; inspect sources and details"", ""Record closed/reopened signature IDs; targeted family bulk comparison; held-out positive controls"", ""Full existing suite, TypeScript, ESLint, webpack production build, synthetic HTTP/PDF runtime, git diff --check after future implementation""]",GPT-6 SOL HIGH,"Utfør bare de kildebundne dimensjonsendringene listet i evidence. Gjenbruk eksisterende nøkler og behold kvalifikasjoner; del eventuell lang tekst etter faktisk semantisk dimensjon, aldri heuristisk UI-tolkning.","[""document > catalog"", ""optional availability != customer selected"", ""unknown != not covered"", ""provider/type/scope/version isolation"", ""product level and add-on boundaries"", ""side-swap symmetry without invented equivalents"", ""age start/reduction/expiry and object age kept distinct"", ""annual/accumulated/coverage mileage kept distinct"", ""per event/year/lifetime/selected sum kept distinct"", ""source page/hash and fact-specific provenance"", ""same object identity and pricing/TFA are not catalog eligibility""]",Source/scope gate satisfied for listed dimensions only; separate user authorization and regression still required.,"Frozen corpus 2026-09-29, not live current-source verification",Known catalog availability never selects a customer add-on,PLANNED_NOT_IMPLEMENTED,"[""B-059"", ""B-086"", ""B-092"", ""B-140"", ""B-174"", ""B-183"", ""B-198"", ""B-202""]",MAIN_AGENT_REVIEW_REQUIRED,One named file owner; source research may be parallel read-only. Disjoint files only after all dependencies pass. No agents launched in this triage.
B-067,3,if · Reise · ordinary: Materialiser dokumenterte P1-dimensjoner på eksisterende nøkler,"[""if"", ""Reise"", ""ordinary"", ""DATA""]","[""RC-043""]","[""SCRC-040""]","[""RB-36""]","[""2a8463c06bb117c6"", ""42b6849ff2117d7e"", ""7751e9296666ec0c"", ""b8bb2a93f2ad004d""]",[],4,9,4,9,0,"[""[\""if\"",\""reise\"",\""ordinary\"",\""if-reise-basis\"",\""2026-09-20-canonical\""]"", ""[\""if\"",\""reise\"",\""ordinary\"",\""if-reise-standard\"",\""2026-09-20-canonical\""]"", ""[\""if\"",\""reise\"",\""ordinary\"",\""if-reise-super\"",\""2026-09-20-canonical\""]""]","[""Reise""]","[""if""]","[""ordinary""]",[],CATALOG_DATA,DATA_BATCH,MEDIUM,IMPLEMENTATION_READY,MUST_BEFORE_NITO,LIKELY_SHARED_WITH_CUSTOMER_MODE,NOT_PROVEN_REQUIRED,Catalog knowledge improvement is shared where enrichment is eligible; no real customer PDF or extraction conclusion is claimed.,"[""lib/if-reise-catalog.ts""]",[],tests/remediation-b-067.test.mjs (future; consolidate with relevant existing suite if clearer),"[""B-004""]","[""B-004""]",[],"[""Own-source exact subject/value/unit/period/conditions with page/hash"", ""Exact base, inherited, optional and unavailable product-level combinations"", ""Same-product and both comparison directions; provider-specific facts stay asymmetric where appropriate"", ""Document X versus catalog Y: X wins; silent optional remains unknown; explicit not_selected remains not_selected"", ""Cross-provider/type/scope/version negatives; no customer object/pricing changes"", ""Hjemkallelse / omfang (GAP-3557); Evakuering / sum/utløser (GAP-3565); Forsinkelse / transport/overnatting (GAP-3580); Leid transportmiddel / sum/utløser (GAP-3648)""]","[""Compare before/after exact scoped products against independent source-fact inventory"", ""Reverse-check changed claims for support and wrong-level leakage"", ""Re-run linked false-unknown controls with own-source oracle; inspect sources and details"", ""Record closed/reopened signature IDs; targeted family bulk comparison; held-out positive controls"", ""Full existing suite, TypeScript, ESLint, webpack production build, synthetic HTTP/PDF runtime, git diff --check after future implementation""]",GPT-6 SOL HIGH,"Utfør bare de kildebundne dimensjonsendringene listet i evidence. Gjenbruk eksisterende nøkler og behold kvalifikasjoner; del eventuell lang tekst etter faktisk semantisk dimensjon, aldri heuristisk UI-tolkning.","[""document > catalog"", ""optional availability != customer selected"", ""unknown != not covered"", ""provider/type/scope/version isolation"", ""product level and add-on boundaries"", ""side-swap symmetry without invented equivalents"", ""age start/reduction/expiry and object age kept distinct"", ""annual/accumulated/coverage mileage kept distinct"", ""per event/year/lifetime/selected sum kept distinct"", ""source page/hash and fact-specific provenance"", ""same object identity and pricing/TFA are not catalog eligibility""]",Source/scope gate satisfied for listed dimensions only; separate user authorization and regression still required.,"Frozen corpus 2026-09-29, not live current-source verification",Known catalog availability never selects a customer add-on,PLANNED_NOT_IMPLEMENTED,"[""B-004"", ""B-149""]",MAIN_AGENT_REVIEW_REQUIRED,One named file owner; source research may be parallel read-only. Disjoint files only after all dependencies pass. No agents launched in this triage.
B-068,3,if · Snøscooter · ordinary: Materialiser dokumenterte P1-dimensjoner på eksisterende nøkler,"[""if"", ""Snøscooter"", ""ordinary"", ""DATA""]","[""RC-044""]","[""SCRC-036""]","[""RB-32""]","[""0ed88244fe0c2339"", ""33da004a3560a4a7"", ""3ad25f503ce921f7"", ""5ad36feb3dba2c8d"", ""65f34b7fb16c7696"", ""719deb857df6152c"", ""94a6571e0963ef9e""]",[],7,18,7,18,0,"[""[\""if\"",\""snøscooter\"",\""ordinary\"",\""if-snoscooter-ansvar\"",\""2024-03\""]"", ""[\""if\"",\""snøscooter\"",\""ordinary\"",\""if-snoscooter-delkasko\"",\""2024-03\""]"", ""[\""if\"",\""snøscooter\"",\""ordinary\"",\""if-snoscooter-kasko\"",\""2024-03\""]""]","[""Snøscooter""]","[""if""]","[""ordinary""]",[],CATALOG_DATA,DATA_BATCH,MEDIUM,IMPLEMENTATION_READY,MUST_BEFORE_NITO,LIKELY_SHARED_WITH_CUSTOMER_MODE,NOT_PROVEN_REQUIRED,Catalog knowledge improvement is shared where enrichment is eligible; no real customer PDF or extraction conclusion is claimed.,"[""lib/vehicle-object-catalog.ts""]",[],tests/remediation-b-068.test.mjs (future; consolidate with relevant existing suite if clearer),[],[],[],"[""Own-source exact subject/value/unit/period/conditions with page/hash"", ""Exact base, inherited, optional and unavailable product-level combinations"", ""Same-product and both comparison directions; provider-specific facts stay asymmetric where appropriate"", ""Document X versus catalog Y: X wins; silent optional remains unknown; explicit not_selected remains not_selected"", ""Cross-provider/type/scope/version negatives; no customer object/pricing changes"", ""Geografi / område (GAP-3160); Ansvar / rettslig mekanisme (GAP-3161); Rettshjelp / rolle og etteropphør (GAP-3165); Rettshjelp / sum og flerpart (GAP-3166); Brann/natur / utløsning (GAP-3181); Fastmontert utstyr/bagasje / sum og samlet mekanisme (GAP-3183); Utstyr/bagasje / web-sum (GAP-3195)""]","[""Compare before/after exact scoped products against independent source-fact inventory"", ""Reverse-check changed claims for support and wrong-level leakage"", ""Re-run linked false-unknown controls with own-source oracle; inspect sources and details"", ""Record closed/reopened signature IDs; targeted family bulk comparison; held-out positive controls"", ""Full existing suite, TypeScript, ESLint, webpack production build, synthetic HTTP/PDF runtime, git diff --check after future implementation""]",GPT-6 SOL HIGH,"Utfør bare de kildebundne dimensjonsendringene listet i evidence. Gjenbruk eksisterende nøkler og behold kvalifikasjoner; del eventuell lang tekst etter faktisk semantisk dimensjon, aldri heuristisk UI-tolkning.","[""document > catalog"", ""optional availability != customer selected"", ""unknown != not covered"", ""provider/type/scope/version isolation"", ""product level and add-on boundaries"", ""side-swap symmetry without invented equivalents"", ""age start/reduction/expiry and object age kept distinct"", ""annual/accumulated/coverage mileage kept distinct"", ""per event/year/lifetime/selected sum kept distinct"", ""source page/hash and fact-specific provenance"", ""same object identity and pricing/TFA are not catalog eligibility""]",Source/scope gate satisfied for listed dimensions only; separate user authorization and regression still required.,"Frozen corpus 2026-09-29, not live current-source verification",Known catalog availability never selects a customer add-on,PLANNED_NOT_IMPLEMENTED,"[""B-024"", ""B-025"", ""B-026"", ""B-027"", ""B-037"", ""B-044"", ""B-045"", ""B-049"", ""B-056"", ""B-057"", ""B-061"", ""B-069"", ""B-076"", ""B-083"", ""B-084"", ""B-088"", ""B-094"", ""B-095"", ""B-096"", ""B-097"", ""B-098"", ""B-099"", ""B-100"", ""B-111"", ""B-112"", ""B-118"", ""B-119"", ""B-120"", ""B-126"", ""B-127"", ""B-136"", ""B-137"", ""B-138"", ""B-142"", ""B-150"", ""B-151"", ""B-161"", ""B-169"", ""B-170"", ""B-171"", ""B-172"", ""B-176"", ""B-185"", ""B-186"", ""B-188"", ""B-189"", ""B-194"", ""B-204""]",MAIN_AGENT_REVIEW_REQUIRED,One named file owner; source research may be parallel read-only. Disjoint files only after all dependencies pass. No agents launched in this triage.
B-069,3,if · Tilhenger · ordinary: Materialiser dokumenterte P1-dimensjoner på eksisterende nøkler,"[""if"", ""Tilhenger"", ""ordinary"", ""DATA""]","[""RC-045""]","[""SCRC-036""]","[""RB-32""]","[""0f691bc408e93d23"", ""ab806b76b6a411c5"", ""c49847dfd7a04a85"", ""fed9942b2bec85fc""]",[],4,8,4,8,0,"[""[\""if\"",\""tilhenger\"",\""ordinary\"",\""if-tilhenger-delkasko\"",\""2024-03\""]"", ""[\""if\"",\""tilhenger\"",\""ordinary\"",\""if-tilhenger-kasko\"",\""2024-03\""]""]","[""Tilhenger""]","[""if""]","[""ordinary""]",[],CATALOG_DATA,DATA_BATCH,MEDIUM,IMPLEMENTATION_READY,MUST_BEFORE_NITO,LIKELY_SHARED_WITH_CUSTOMER_MODE,NOT_PROVEN_REQUIRED,Catalog knowledge improvement is shared where enrichment is eligible; no real customer PDF or extraction conclusion is claimed.,"[""lib/vehicle-object-catalog.ts""]",[],tests/remediation-b-069.test.mjs (future; consolidate with relevant existing suite if clearer),[],[],[],"[""Own-source exact subject/value/unit/period/conditions with page/hash"", ""Exact base, inherited, optional and unavailable product-level combinations"", ""Same-product and both comparison directions; provider-specific facts stay asymmetric where appropriate"", ""Document X versus catalog Y: X wins; silent optional remains unknown; explicit not_selected remains not_selected"", ""Cross-provider/type/scope/version negatives; no customer object/pricing changes"", ""Geografi / område (GAP-3303); Rettshjelp / rolle og etteropphør (GAP-3304); Rettshjelp / sum og flerpart (GAP-3305); Brann/natur / utløsning (GAP-3307)""]","[""Compare before/after exact scoped products against independent source-fact inventory"", ""Reverse-check changed claims for support and wrong-level leakage"", ""Re-run linked false-unknown controls with own-source oracle; inspect sources and details"", ""Record closed/reopened signature IDs; targeted family bulk comparison; held-out positive controls"", ""Full existing suite, TypeScript, ESLint, webpack production build, synthetic HTTP/PDF runtime, git diff --check after future implementation""]",GPT-6 SOL HIGH,"Utfør bare de kildebundne dimensjonsendringene listet i evidence. Gjenbruk eksisterende nøkler og behold kvalifikasjoner; del eventuell lang tekst etter faktisk semantisk dimensjon, aldri heuristisk UI-tolkning.","[""document > catalog"", ""optional availability != customer selected"", ""unknown != not covered"", ""provider/type/scope/version isolation"", ""product level and add-on boundaries"", ""side-swap symmetry without invented equivalents"", ""age start/reduction/expiry and object age kept distinct"", ""annual/accumulated/coverage mileage kept distinct"", ""per event/year/lifetime/selected sum kept distinct"", ""source page/hash and fact-specific provenance"", ""same object identity and pricing/TFA are not catalog eligibility""]",Source/scope gate satisfied for listed dimensions only; separate user authorization and regression still required.,"Frozen corpus 2026-09-29, not live current-source verification",Known catalog availability never selects a customer add-on,PLANNED_NOT_IMPLEMENTED,"[""B-024"", ""B-025"", ""B-026"", ""B-027"", ""B-037"", ""B-044"", ""B-045"", ""B-049"", ""B-056"", ""B-057"", ""B-061"", ""B-068"", ""B-076"", ""B-083"", ""B-084"", ""B-088"", ""B-094"", ""B-095"", ""B-096"", ""B-097"", ""B-098"", ""B-099"", ""B-100"", ""B-111"", ""B-112"", ""B-118"", ""B-119"", ""B-120"", ""B-126"", ""B-127"", ""B-136"", ""B-137"", ""B-138"", ""B-142"", ""B-150"", ""B-151"", ""B-161"", ""B-169"", ""B-170"", ""B-171"", ""B-172"", ""B-176"", ""B-185"", ""B-186"", ""B-188"", ""B-189"", ""B-194"", ""B-204""]",MAIN_AGENT_REVIEW_REQUIRED,One named file owner; source research may be parallel read-only. Disjoint files only after all dependencies pass. No agents launched in this triage.
B-070,3,sparebank1-fremtind · Båt · ordinary: Materialiser dokumenterte P1-dimensjoner på eksisterende nøkler,"[""sparebank1-fremtind"", ""Båt"", ""ordinary"", ""DATA""]","[""RC-046""]","[""SCRC-058""]","[""RB-54""]","[""0b3af170f96850d5"", ""2dc6f5fe6985eaea"", ""6be1a0b2a50becb5"", ""789516a58053ce34"", ""7be015fbd51837f2"", ""7d95ee7e7a02e253"", ""915d8280d15ca9e1"", ""9d297a3f2e24360f"", ""9eddcd280572f31e"", ""aa81c8092f14899a"", ""beeec91182d5f37f"", ""c81ea517ebdd1d25"", ""ca52d496cb3ebb8a"", ""dab1a58e80501817"", ""ee7cc2bd7bc1c1eb""]",[],15,25,15,25,0,"[""[\""sparebank1-fremtind\"",\""båt\"",\""ordinary\"",\""sparebank1-fremtind-bat-delkasko\"",\""2024-06-10\""]"", ""[\""sparebank1-fremtind\"",\""båt\"",\""ordinary\"",\""sparebank1-fremtind-bat-kasko\"",\""2024-06-10\""]"", ""[\""sparebank1-fremtind\"",\""båt\"",\""ordinary\"",\""sparebank1-fremtind-bat-toppkasko\"",\""2024-06-10\""]""]","[""Båt""]","[""sparebank1-fremtind""]","[""ordinary""]",[],CATALOG_DATA,DATA_BATCH,MEDIUM,IMPLEMENTATION_READY,MUST_BEFORE_NITO,LIKELY_SHARED_WITH_CUSTOMER_MODE,NOT_PROVEN_REQUIRED,Catalog knowledge improvement is shared where enrichment is eligible; no real customer PDF or extraction conclusion is claimed.,"[""lib/boat-pet-catalog.ts""]",[],tests/remediation-b-070.test.mjs (future; consolidate with relevant existing suite if clearer),[],[],[],"[""Own-source exact subject/value/unit/period/conditions with page/hash"", ""Exact base, inherited, optional and unavailable product-level combinations"", ""Same-product and both comparison directions; provider-specific facts stay asymmetric where appropriate"", ""Document X versus catalog Y: X wins; silent optional remains unknown; explicit not_selected remains not_selected"", ""Cross-provider/type/scope/version negatives; no customer object/pricing changes"", ""Ulykke / scope (GAP-5491); Transport / trigger (GAP-5493); Redning / trigger (GAP-5494); Ulykke / limits (GAP-5505); Rettshjelp / limits (GAP-5507); Transport / trigger (GAP-5518); Redning / trigger (GAP-5519); Kasko løsøre/jolle / limits (GAP-5530); Kasko / trigger (GAP-5531); Ferieavbrudd / limits (GAP-5533); Topp løsøre / sum (GAP-5564); Topp ferie / limits (GAP-5565); Motor/seil / coverage (GAP-5567); Motor/seil / deductible_depreciation (GAP-5570); Nyverdi / threshold (GAP-5571)""]","[""Compare before/after exact scoped products against independent source-fact inventory"", ""Reverse-check changed claims for support and wrong-level leakage"", ""Re-run linked false-unknown controls with own-source oracle; inspect sources and details"", ""Record closed/reopened signature IDs; targeted family bulk comparison; held-out positive controls"", ""Full existing suite, TypeScript, ESLint, webpack production build, synthetic HTTP/PDF runtime, git diff --check after future implementation""]",GPT-6 SOL HIGH,"Utfør bare de kildebundne dimensjonsendringene listet i evidence. Gjenbruk eksisterende nøkler og behold kvalifikasjoner; del eventuell lang tekst etter faktisk semantisk dimensjon, aldri heuristisk UI-tolkning.","[""document > catalog"", ""optional availability != customer selected"", ""unknown != not covered"", ""provider/type/scope/version isolation"", ""product level and add-on boundaries"", ""side-swap symmetry without invented equivalents"", ""age start/reduction/expiry and object age kept distinct"", ""annual/accumulated/coverage mileage kept distinct"", ""per event/year/lifetime/selected sum kept distinct"", ""source page/hash and fact-specific provenance"", ""same object identity and pricing/TFA are not catalog eligibility""]",Source/scope gate satisfied for listed dimensions only; separate user authorization and regression still required.,"Frozen corpus 2026-09-29, not live current-source verification",Known catalog availability never selects a customer add-on,PLANNED_NOT_IMPLEMENTED,"[""B-003"", ""B-008"", ""B-009"", ""B-010"", ""B-018"", ""B-022"", ""B-036"", ""B-038"", ""B-041"", ""B-048"", ""B-050"", ""B-053"", ""B-060"", ""B-062"", ""B-065"", ""B-071"", ""B-072"", ""B-075"", ""B-077"", ""B-080"", ""B-087"", ""B-089"", ""B-091"", ""B-109"", ""B-110"", ""B-113"", ""B-116"", ""B-124"", ""B-125"", ""B-128"", ""B-129"", ""B-132"", ""B-133"", ""B-141"", ""B-143"", ""B-144"", ""B-147"", ""B-148"", ""B-152"", ""B-153"", ""B-154"", ""B-155"", ""B-156"", ""B-157"", ""B-160"", ""B-162"", ""B-166"", ""B-175"", ""B-177"", ""B-178"", ""B-181"", ""B-182"", ""B-187"", ""B-195"", ""B-196"", ""B-197"", ""B-199"", ""B-200""]",MAIN_AGENT_REVIEW_REQUIRED,One named file owner; source research may be parallel read-only. Disjoint files only after all dependencies pass. No agents launched in this triage.
B-071,3,sparebank1-fremtind · Hund · ordinary: Materialiser dokumenterte P1-dimensjoner på eksisterende nøkler,"[""sparebank1-fremtind"", ""Hund"", ""ordinary"", ""DATA""]","[""RC-047""]","[""SCRC-059""]","[""RB-55""]","[""03cff9fe5cfbf518"", ""0da02a8dae8fd373"", ""0f51d1c0374f1f1f"", ""1982ee310e18279c"", ""1ee41770b0470c78"", ""2b078b058bc63967"", ""5f31ff4946a666b5"", ""688cc5923342804d"", ""6e5f3830ca4701d4"", ""6f0ac8fe783a963d"", ""dc3e04a5fcce2317""]",[],11,11,11,11,0,"[""[\""sparebank1-fremtind\"",\""hund\"",\""ordinary\"",\""sparebank1-fremtind-hund-veterin-r\"",\""2025-08-07\""]""]","[""Hund""]","[""sparebank1-fremtind""]","[""ordinary""]","[""sparebank1-fremtind-hund-bruk"", ""sparebank1-fremtind-hund-liv"", ""sparebank1-fremtind-hund-topp""]",CATALOG_DATA,DATA_BATCH,MEDIUM,IMPLEMENTATION_READY,MUST_BEFORE_NITO,LIKELY_SHARED_WITH_CUSTOMER_MODE,NOT_PROVEN_REQUIRED,Catalog knowledge improvement is shared where enrichment is eligible; no real customer PDF or extraction conclusion is claimed.,"[""lib/boat-pet-catalog.ts""]",[],tests/remediation-b-071.test.mjs (future; consolidate with relevant existing suite if clearer),"[""B-009"", ""B-010""]","[""B-009"", ""B-010""]",[],"[""Own-source exact subject/value/unit/period/conditions with page/hash"", ""Exact base, inherited, optional and unavailable product-level combinations"", ""Same-product and both comparison directions; provider-specific facts stay asymmetric where appropriate"", ""Document X versus catalog Y: X wins; silent optional remains unknown; explicit not_selected remains not_selected"", ""Cross-provider/type/scope/version negatives; no customer object/pricing changes"", ""Veterinær / coverage (GAP-5581); Kostnader / excluded (GAP-5590); Egenandel / structure (GAP-5592); Topp allergi / limit_override (GAP-5595); Topp MR/CT / limit_override (GAP-5596); Topp tann / condition (GAP-5597); Topp rehab / duration (GAP-5598); Liv / trigger (GAP-5599); Liv / disappearance (GAP-5602); Bruksverdi / trigger (GAP-5603); Bruksverdi / threshold (GAP-5604)""]","[""Compare before/after exact scoped products against independent source-fact inventory"", ""Reverse-check changed claims for support and wrong-level leakage"", ""Re-run linked false-unknown controls with own-source oracle; inspect sources and details"", ""Record closed/reopened signature IDs; targeted family bulk comparison; held-out positive controls"", ""Full existing suite, TypeScript, ESLint, webpack production build, synthetic HTTP/PDF runtime, git diff --check after future implementation""]",GPT-6 SOL HIGH,"Utfør bare de kildebundne dimensjonsendringene listet i evidence. Gjenbruk eksisterende nøkler og behold kvalifikasjoner; del eventuell lang tekst etter faktisk semantisk dimensjon, aldri heuristisk UI-tolkning.","[""document > catalog"", ""optional availability != customer selected"", ""unknown != not covered"", ""provider/type/scope/version isolation"", ""product level and add-on boundaries"", ""side-swap symmetry without invented equivalents"", ""age start/reduction/expiry and object age kept distinct"", ""annual/accumulated/coverage mileage kept distinct"", ""per event/year/lifetime/selected sum kept distinct"", ""source page/hash and fact-specific provenance"", ""same object identity and pricing/TFA are not catalog eligibility""]",Source/scope gate satisfied for listed dimensions only; separate user authorization and regression still required.,"Frozen corpus 2026-09-29, not live current-source verification",Known catalog availability never selects a customer add-on,PLANNED_NOT_IMPLEMENTED,"[""B-003"", ""B-008"", ""B-009"", ""B-010"", ""B-018"", ""B-022"", ""B-036"", ""B-038"", ""B-041"", ""B-048"", ""B-050"", ""B-053"", ""B-060"", ""B-062"", ""B-065"", ""B-070"", ""B-072"", ""B-075"", ""B-077"", ""B-080"", ""B-087"", ""B-089"", ""B-091"", ""B-109"", ""B-110"", ""B-113"", ""B-116"", ""B-124"", ""B-125"", ""B-128"", ""B-129"", ""B-132"", ""B-133"", ""B-141"", ""B-143"", ""B-144"", ""B-147"", ""B-148"", ""B-152"", ""B-153"", ""B-154"", ""B-155"", ""B-156"", ""B-157"", ""B-160"", ""B-162"", ""B-166"", ""B-175"", ""B-177"", ""B-178"", ""B-181"", ""B-182"", ""B-187"", ""B-195"", ""B-196"", ""B-197"", ""B-199"", ""B-200""]",MAIN_AGENT_REVIEW_REQUIRED,One named file owner; source research may be parallel read-only. Disjoint files only after all dependencies pass. No agents launched in this triage.
B-072,3,sparebank1-fremtind · Katt · ordinary: Materialiser dokumenterte P1-dimensjoner på eksisterende nøkler,"[""sparebank1-fremtind"", ""Katt"", ""ordinary"", ""DATA""]","[""RC-048""]","[""SCRC-059""]","[""RB-55""]","[""2c5ae7ef5a62b71f"", ""64deacae233837b5"", ""aa0a2321b859ba06"", ""c14f16d5f2c54bc4"", ""c5a5b1479b343ceb"", ""d11b00a10ce34cb6"", ""e1aaf36beb7865b2""]",[],7,7,7,7,0,"[""[\""sparebank1-fremtind\"",\""katt\"",\""ordinary\"",\""sparebank1-fremtind-katt-veterin-r\"",\""2025-08-07\""]""]","[""Katt""]","[""sparebank1-fremtind""]","[""ordinary""]","[""sparebank1-fremtind-katt-liv""]",CATALOG_DATA,DATA_BATCH,MEDIUM,IMPLEMENTATION_READY,MUST_BEFORE_NITO,LIKELY_SHARED_WITH_CUSTOMER_MODE,NOT_PROVEN_REQUIRED,Catalog knowledge improvement is shared where enrichment is eligible; no real customer PDF or extraction conclusion is claimed.,"[""lib/boat-pet-catalog.ts""]",[],tests/remediation-b-072.test.mjs (future; consolidate with relevant existing suite if clearer),[],[],[],"[""Own-source exact subject/value/unit/period/conditions with page/hash"", ""Exact base, inherited, optional and unavailable product-level combinations"", ""Same-product and both comparison directions; provider-specific facts stay asymmetric where appropriate"", ""Document X versus catalog Y: X wins; silent optional remains unknown; explicit not_selected remains not_selected"", ""Cross-provider/type/scope/version negatives; no customer object/pricing changes"", ""Veterinær / coverage (GAP-5611); Kostnader / excluded (GAP-5617); Egenandel / structure (GAP-5619); Liv / trigger (GAP-5622); Katt liv / age (GAP-5624); Liv / disappearance (GAP-5625); Liv katt / eligibility (GAP-5628)""]","[""Compare before/after exact scoped products against independent source-fact inventory"", ""Reverse-check changed claims for support and wrong-level leakage"", ""Re-run linked false-unknown controls with own-source oracle; inspect sources and details"", ""Record closed/reopened signature IDs; targeted family bulk comparison; held-out positive controls"", ""Full existing suite, TypeScript, ESLint, webpack production build, synthetic HTTP/PDF runtime, git diff --check after future implementation""]",GPT-6 SOL HIGH,"Utfør bare de kildebundne dimensjonsendringene listet i evidence. Gjenbruk eksisterende nøkler og behold kvalifikasjoner; del eventuell lang tekst etter faktisk semantisk dimensjon, aldri heuristisk UI-tolkning.","[""document > catalog"", ""optional availability != customer selected"", ""unknown != not covered"", ""provider/type/scope/version isolation"", ""product level and add-on boundaries"", ""side-swap symmetry without invented equivalents"", ""age start/reduction/expiry and object age kept distinct"", ""annual/accumulated/coverage mileage kept distinct"", ""per event/year/lifetime/selected sum kept distinct"", ""source page/hash and fact-specific provenance"", ""same object identity and pricing/TFA are not catalog eligibility""]",Source/scope gate satisfied for listed dimensions only; separate user authorization and regression still required.,"Frozen corpus 2026-09-29, not live current-source verification",Known catalog availability never selects a customer add-on,PLANNED_NOT_IMPLEMENTED,"[""B-003"", ""B-008"", ""B-009"", ""B-010"", ""B-018"", ""B-022"", ""B-036"", ""B-038"", ""B-041"", ""B-048"", ""B-050"", ""B-053"", ""B-060"", ""B-062"", ""B-065"", ""B-070"", ""B-071"", ""B-075"", ""B-077"", ""B-080"", ""B-087"", ""B-089"", ""B-091"", ""B-109"", ""B-110"", ""B-113"", ""B-116"", ""B-124"", ""B-125"", ""B-128"", ""B-129"", ""B-132"", ""B-133"", ""B-141"", ""B-143"", ""B-144"", ""B-147"", ""B-148"", ""B-152"", ""B-153"", ""B-154"", ""B-155"", ""B-156"", ""B-157"", ""B-160"", ""B-162"", ""B-166"", ""B-175"", ""B-177"", ""B-178"", ""B-181"", ""B-182"", ""B-187"", ""B-195"", ""B-196"", ""B-197"", ""B-199"", ""B-200""]",MAIN_AGENT_REVIEW_REQUIRED,One named file owner; source research may be parallel read-only. Disjoint files only after all dependencies pass. No agents launched in this triage.
B-073,3,storebrand · Bil · ordinary: Materialiser dokumenterte P1-dimensjoner på eksisterende nøkler,"[""storebrand"", ""Bil"", ""ordinary"", ""DATA""]","[""RC-049""]","[""SCRC-011""]","[""RB-10""]","[""0e9dd68bbdb35949"", ""0eb3d626780c7e76"", ""139776d64d396b51"", ""3a94af5f340280b1"", ""4374b85e447049e8"", ""46c5664683581eb0"", ""4b8914f2bf9f0572"", ""53631389900c9a7b"", ""68a6e4c53158bac4"", ""73511623552735e1"", ""9bc1828a46262dce"", ""9cd74654919de0dc"", ""a2cbfa44fc013937"", ""a4d296df7286c1bd"", ""ab2fc5d1c100c388"", ""be42cabc0758c4bb"", ""c254ee2d475af526"", ""cb873ed0cb6b001e"", ""cfe73fca80fbb31d"", ""dbdb01586a818095"", ""dd10037a4ab7bdd6"", ""eb291b5e9bb6c18c"", ""f63e75ec5cd43bed""]",[],23,60,23,60,0,"[""[\""storebrand\"",\""bil\"",\""ordinary\"",\""sb-bil-ansvar\"",\""motor09\""]"", ""[\""storebrand\"",\""bil\"",\""ordinary\"",\""sb-bil-delkasko\"",\""motor09\""]"", ""[\""storebrand\"",\""bil\"",\""ordinary\"",\""sb-bil-kasko\"",\""motor09\""]"", ""[\""storebrand\"",\""bil\"",\""ordinary\"",\""sb-bil-super\"",\""motor09\""]""]","[""Bil""]","[""storebrand""]","[""ordinary""]","[""sb-leiebil"", ""sb-leiebil-utvidet""]",CATALOG_DATA,DATA_BATCH,MEDIUM,IMPLEMENTATION_READY,MUST_BEFORE_NITO,LIKELY_SHARED_WITH_CUSTOMER_MODE,NOT_PROVEN_REQUIRED,Catalog knowledge improvement is shared where enrichment is eligible; no real customer PDF or extraction conclusion is claimed.,"[""lib/storebrand-catalog.ts""]",[],tests/remediation-b-073.test.mjs (future; consolidate with relevant existing suite if clearer),[],[],[],"[""Own-source exact subject/value/unit/period/conditions with page/hash"", ""Exact base, inherited, optional and unavailable product-level combinations"", ""Same-product and both comparison directions; provider-specific facts stay asymmetric where appropriate"", ""Document X versus catalog Y: X wins; silent optional remains unknown; explicit not_selected remains not_selected"", ""Cross-provider/type/scope/version negatives; no customer object/pricing changes"", ""Ansvar / registrering (GAP-0347); Ulykke / avtale/rolle/sum (GAP-0351); Rettshjelp / rolle/geografi (GAP-0354); Rettshjelp / sum/egenandel (GAP-0355); Tyveri / omfang (GAP-0359); Veihjelp / årsaker (GAP-0364); Veihjelp / hjemtransporttak (GAP-0365); Naturskade / dekning/egenandel (GAP-0367); Bagasje / Bil (GAP-0385); Kasko / egenandel/dyr (GAP-0393); Nyverdi / ordinærpersonbil (GAP-0394); Leiebil / valg/årsaker (GAP-0395); Leiebil / klasse (GAP-0397); Leiebil / reparasjon (GAP-0399); Leiebil / kontant (GAP-0401); Leiebil / totalskade/tyveri (GAP-0403); Nyverdi / Super (GAP-0433); Startleie / Super (GAP-0434); Maskinskade / komponenter (GAP-0435); Maskinskade / unntak (GAP-0436); Maskinskade / årsaksunntak/service (GAP-0437); Bilnøkkel / sum/egenandel (GAP-0438); Bilnøkkel / unntak (GAP-0439)""]","[""Compare before/after exact scoped products against independent source-fact inventory"", ""Reverse-check changed claims for support and wrong-level leakage"", ""Re-run linked false-unknown controls with own-source oracle; inspect sources and details"", ""Record closed/reopened signature IDs; targeted family bulk comparison; held-out positive controls"", ""Full existing suite, TypeScript, ESLint, webpack production build, synthetic HTTP/PDF runtime, git diff --check after future implementation""]",GPT-6 SOL HIGH,"Utfør bare de kildebundne dimensjonsendringene listet i evidence. Gjenbruk eksisterende nøkler og behold kvalifikasjoner; del eventuell lang tekst etter faktisk semantisk dimensjon, aldri heuristisk UI-tolkning.","[""document > catalog"", ""optional availability != customer selected"", ""unknown != not covered"", ""provider/type/scope/version isolation"", ""product level and add-on boundaries"", ""side-swap symmetry without invented equivalents"", ""age start/reduction/expiry and object age kept distinct"", ""annual/accumulated/coverage mileage kept distinct"", ""per event/year/lifetime/selected sum kept distinct"", ""source page/hash and fact-specific provenance"", ""same object identity and pricing/TFA are not catalog eligibility""]",Source/scope gate satisfied for listed dimensions only; separate user authorization and regression still required.,"Frozen corpus 2026-09-29, not live current-source verification",Known catalog availability never selects a customer add-on,PLANNED_NOT_IMPLEMENTED,"[""B-158""]",MAIN_AGENT_REVIEW_REQUIRED,One named file owner; source research may be parallel read-only. Disjoint files only after all dependencies pass. No agents launched in this triage.
B-074,3,storebrand · Bobil · ordinary: Materialiser dokumenterte P1-dimensjoner på eksisterende nøkler,"[""storebrand"", ""Bobil"", ""ordinary"", ""DATA""]","[""RC-050""]","[""SCRC-011""]","[""RB-10""]","[""08456b001dc08525"", ""08fa86d3ece5f855"", ""1a11d8caa4313963"", ""2344ab689a0e4544"", ""2c95a6d3c72171d9"", ""30a42ffd3f960275"", ""429f7ef42f7b3816"", ""4e0c2830b6b2ab78"", ""5fc85982c00281a7"", ""6436f5994845ff92"", ""658da887d3bf9743"", ""6ac9ba82ab2aec84"", ""801fac2bb80e1582"", ""90b991c629ca32cc"", ""95fbe6e11b081f3a"", ""a173a39402a9357d"", ""af690f3bf52a813d"", ""b707c15e706c1bcf"", ""b890d56cd356fb30"", ""c26e12643ffb3e04"", ""c8b6b7dec6c0b20b"", ""f8373ea85ad82d44""]",[],22,63,22,63,0,"[""[\""storebrand\"",\""bobil\"",\""ordinary\"",\""storebrand-bobil-ansvar\"",\""motor09\""]"", ""[\""storebrand\"",\""bobil\"",\""ordinary\"",\""storebrand-bobil-delkasko\"",\""motor09\""]"", ""[\""storebrand\"",\""bobil\"",\""ordinary\"",\""storebrand-bobil-kasko\"",\""motor09\""]"", ""[\""storebrand\"",\""bobil\"",\""ordinary\"",\""storebrand-bobil-super\"",\""motor09\""]""]","[""Bobil""]","[""storebrand""]","[""ordinary""]","[""storebrand-bobil-leiebil"", ""storebrand-bobil-utvidet-leiebil""]",CATALOG_DATA,DATA_BATCH,MEDIUM,IMPLEMENTATION_READY,MUST_BEFORE_NITO,LIKELY_SHARED_WITH_CUSTOMER_MODE,NOT_PROVEN_REQUIRED,Catalog knowledge improvement is shared where enrichment is eligible; no real customer PDF or extraction conclusion is claimed.,"[""lib/mc-bobil-gjensidige-storebrand-catalog.ts""]",[],tests/remediation-b-074.test.mjs (future; consolidate with relevant existing suite if clearer),[],[],[],"[""Own-source exact subject/value/unit/period/conditions with page/hash"", ""Exact base, inherited, optional and unavailable product-level combinations"", ""Same-product and both comparison directions; provider-specific facts stay asymmetric where appropriate"", ""Document X versus catalog Y: X wins; silent optional remains unknown; explicit not_selected remains not_selected"", ""Cross-provider/type/scope/version negatives; no customer object/pricing changes"", ""Ansvar / registrering (GAP-0611); Ansvar / sum (GAP-0612); Ulykke / avtale/rolle/sum (GAP-0616); Rettshjelp / rolle/geografi (GAP-0619); Rettshjelp / sum/egenandel (GAP-0620); Brann / årsak/unntak (GAP-0625); Tyveri / omfang (GAP-0626); Tyveri / egenandel (GAP-0627); Veihjelp / årsaker (GAP-0632); Veihjelp / hjemtransporttak (GAP-0633); Kasko / egenandel/dyr (GAP-0660); Leiebil / valg/årsaker (GAP-0661); Leiebil / klasse (GAP-0663); Leiebil / reparasjon (GAP-0665); Leiebil / kontant (GAP-0667); Leiebil / totalskade/tyveri (GAP-0669); Startleie / Super (GAP-0699); Maskinskade / alder/km (GAP-0700); Maskinskade / komponenter (GAP-0701); Maskinskade / unntak (GAP-0702); Maskinskade / årsaksunntak/service (GAP-0703); Bilnøkkel / unntak (GAP-0704)""]","[""Compare before/after exact scoped products against independent source-fact inventory"", ""Reverse-check changed claims for support and wrong-level leakage"", ""Re-run linked false-unknown controls with own-source oracle; inspect sources and details"", ""Record closed/reopened signature IDs; targeted family bulk comparison; held-out positive controls"", ""Full existing suite, TypeScript, ESLint, webpack production build, synthetic HTTP/PDF runtime, git diff --check after future implementation""]",GPT-6 SOL HIGH,"Utfør bare de kildebundne dimensjonsendringene listet i evidence. Gjenbruk eksisterende nøkler og behold kvalifikasjoner; del eventuell lang tekst etter faktisk semantisk dimensjon, aldri heuristisk UI-tolkning.","[""document > catalog"", ""optional availability != customer selected"", ""unknown != not covered"", ""provider/type/scope/version isolation"", ""product level and add-on boundaries"", ""side-swap symmetry without invented equivalents"", ""age start/reduction/expiry and object age kept distinct"", ""annual/accumulated/coverage mileage kept distinct"", ""per event/year/lifetime/selected sum kept distinct"", ""source page/hash and fact-specific provenance"", ""same object identity and pricing/TFA are not catalog eligibility""]",Source/scope gate satisfied for listed dimensions only; separate user authorization and regression still required.,"Frozen corpus 2026-09-29, not live current-source verification",Known catalog availability never selects a customer add-on,PLANNED_NOT_IMPLEMENTED,"[""B-001"", ""B-012"", ""B-047"", ""B-054"", ""B-081"", ""B-123"", ""B-134"", ""B-159"", ""B-167""]",MAIN_AGENT_REVIEW_REQUIRED,One named file owner; source research may be parallel read-only. Disjoint files only after all dependencies pass. No agents launched in this triage.
B-075,3,storebrand · Båt · ordinary: Materialiser dokumenterte P1-dimensjoner på eksisterende nøkler,"[""storebrand"", ""Båt"", ""ordinary"", ""DATA""]","[""RC-051""]","[""SCRC-003"", ""SCRC-060""]","[""RB-02"", ""RB-56""]","[""074c4174bd4b553f"", ""2bb49ef5c201594b"", ""3e4f63d32c6df170"", ""426bb0e9e31fd5a0"", ""64243385e68bf310"", ""6d2e38a894cdbea8"", ""7f59f5f0968cdb8a"", ""a585e234dfc05e43"", ""adb48465c7f5ae7b"", ""d7673a3178f9305e"", ""db5fd8ac206b3acd"", ""de50d2512cb93cd8"", ""e2554bcc857dbae2"", ""f5f83d01db7cec78"", ""f69b16230944f791"", ""fdef1ceae17b7abd""]",[],16,35,16,35,0,"[""[\""storebrand\"",\""båt\"",\""ordinary\"",\""storebrand-bat-delkasko\"",\""2024-09-01\""]"", ""[\""storebrand\"",\""båt\"",\""ordinary\"",\""storebrand-bat-kasko\"",\""2024-09-01\""]"", ""[\""storebrand\"",\""båt\"",\""ordinary\"",\""storebrand-bat-super\"",\""2024-09-01\""]""]","[""Båt""]","[""storebrand""]","[""ordinary""]",[],CATALOG_DATA,DATA_BATCH,MEDIUM,IMPLEMENTATION_READY,MUST_BEFORE_NITO,LIKELY_SHARED_WITH_CUSTOMER_MODE,NOT_PROVEN_REQUIRED,Catalog knowledge improvement is shared where enrichment is eligible; no real customer PDF or extraction conclusion is claimed.,"[""lib/boat-pet-catalog.ts""]",[],tests/remediation-b-075.test.mjs (future; consolidate with relevant existing suite if clearer),"[""B-008""]","[""B-008""]",[],"[""Own-source exact subject/value/unit/period/conditions with page/hash"", ""Exact base, inherited, optional and unavailable product-level combinations"", ""Same-product and both comparison directions; provider-specific facts stay asymmetric where appropriate"", ""Document X versus catalog Y: X wins; silent optional remains unknown; explicit not_selected remains not_selected"", ""Cross-provider/type/scope/version negatives; no customer object/pricing changes"", ""Ansvar / person- og tingsum (GAP-0058); Rettshjelp / sum og egenandel (GAP-0059); Fører/passasjerulykke / dekning og summer (GAP-0060); Bagasje / sum per hendelse (GAP-0061); Redning / egenandel (GAP-0062); Redning / dekningsmekanisme (GAP-0063); Brann/tyveri / egenandel (GAP-0065); Redning / dekningsmekanisme (GAP-0071); Opplagsutstyr / grense (GAP-0082); Rigg / dekning (GAP-0083); Ferieavbrudd / dagssats og sesong (GAP-0088); Totalskade / ny/brukt og terskel (GAP-0089); Jolle / størrelse og motor (GAP-0090); Unntak / isolert motor og seil (GAP-5637); Bagasje / per gjenstand og unntak (GAP-5648); Transport / vilkår (GAP-5656)""]","[""Compare before/after exact scoped products against independent source-fact inventory"", ""Reverse-check changed claims for support and wrong-level leakage"", ""Re-run linked false-unknown controls with own-source oracle; inspect sources and details"", ""Record closed/reopened signature IDs; targeted family bulk comparison; held-out positive controls"", ""Full existing suite, TypeScript, ESLint, webpack production build, synthetic HTTP/PDF runtime, git diff --check after future implementation""]",GPT-6 SOL HIGH,"Utfør bare de kildebundne dimensjonsendringene listet i evidence. Gjenbruk eksisterende nøkler og behold kvalifikasjoner; del eventuell lang tekst etter faktisk semantisk dimensjon, aldri heuristisk UI-tolkning.","[""document > catalog"", ""optional availability != customer selected"", ""unknown != not covered"", ""provider/type/scope/version isolation"", ""product level and add-on boundaries"", ""side-swap symmetry without invented equivalents"", ""age start/reduction/expiry and object age kept distinct"", ""annual/accumulated/coverage mileage kept distinct"", ""per event/year/lifetime/selected sum kept distinct"", ""source page/hash and fact-specific provenance"", ""same object identity and pricing/TFA are not catalog eligibility""]",Source/scope gate satisfied for listed dimensions only; separate user authorization and regression still required.,"Frozen corpus 2026-09-29, not live current-source verification",Known catalog availability never selects a customer add-on,PLANNED_NOT_IMPLEMENTED,"[""B-003"", ""B-008"", ""B-009"", ""B-010"", ""B-018"", ""B-022"", ""B-036"", ""B-038"", ""B-041"", ""B-048"", ""B-050"", ""B-053"", ""B-060"", ""B-062"", ""B-065"", ""B-070"", ""B-071"", ""B-072"", ""B-077"", ""B-080"", ""B-087"", ""B-089"", ""B-091"", ""B-109"", ""B-110"", ""B-113"", ""B-116"", ""B-124"", ""B-125"", ""B-128"", ""B-129"", ""B-132"", ""B-133"", ""B-141"", ""B-143"", ""B-144"", ""B-147"", ""B-148"", ""B-152"", ""B-153"", ""B-154"", ""B-155"", ""B-156"", ""B-157"", ""B-160"", ""B-162"", ""B-166"", ""B-175"", ""B-177"", ""B-178"", ""B-181"", ""B-182"", ""B-187"", ""B-195"", ""B-196"", ""B-197"", ""B-199"", ""B-200""]",MAIN_AGENT_REVIEW_REQUIRED,One named file owner; source research may be parallel read-only. Disjoint files only after all dependencies pass. No agents launched in this triage.
B-076,3,storebrand · Campingvogn · ordinary: Materialiser dokumenterte P1-dimensjoner på eksisterende nøkler,"[""storebrand"", ""Campingvogn"", ""ordinary"", ""DATA""]","[""RC-052""]","[""SCRC-011""]","[""RB-10""]","[""0fd1daf98e265e61"", ""128df57b17be7ad6"", ""2a72b5f3f365ce19"", ""2f8bab95ed107407"", ""3bab5adbcd71c152"", ""3ed3efa6bd8d3086"", ""5b2e4ce428a9cc46"", ""725da296a972ab3c"", ""75c5e46d265d71ec"", ""78b6564a33378fd4"", ""900ac46ae682d261"", ""9afc9b8fb2557a43"", ""a57f38d5a5182705"", ""e4932f62cb1de644""]",[],14,32,14,32,0,"[""[\""storebrand\"",\""campingvogn\"",\""ordinary\"",\""storebrand-campingvogn-brann-og-tyveri\"",\""2026-03-01\""]"", ""[\""storebrand\"",\""campingvogn\"",\""ordinary\"",\""storebrand-campingvogn-kasko\"",\""2026-03-01\""]"", ""[\""storebrand\"",\""campingvogn\"",\""ordinary\"",\""storebrand-campingvogn-super\"",\""2026-03-01\""]""]","[""Campingvogn""]","[""storebrand""]","[""ordinary""]",[],CATALOG_DATA,DATA_BATCH,MEDIUM,IMPLEMENTATION_READY,MUST_BEFORE_NITO,LIKELY_SHARED_WITH_CUSTOMER_MODE,NOT_PROVEN_REQUIRED,Catalog knowledge improvement is shared where enrichment is eligible; no real customer PDF or extraction conclusion is claimed.,"[""lib/vehicle-object-catalog.ts""]",[],tests/remediation-b-076.test.mjs (future; consolidate with relevant existing suite if clearer),[],[],[],"[""Own-source exact subject/value/unit/period/conditions with page/hash"", ""Exact base, inherited, optional and unavailable product-level combinations"", ""Same-product and both comparison directions; provider-specific facts stay asymmetric where appropriate"", ""Document X versus catalog Y: X wins; silent optional remains unknown; explicit not_selected remains not_selected"", ""Cross-provider/type/scope/version negatives; no customer object/pricing changes"", ""Fortelt/spikertelt / avgrensning (GAP-0733); Løsøre / sum/pergjenstand (GAP-0734); Brann / omfang/egenandel (GAP-0739); Tyveri / omfang/egenandel (GAP-0740); Veihjelp / nivå/geografi (GAP-0741); Veihjelp / faststed/egenandel (GAP-0742); Frost/snø/utetthet / unntak (GAP-0744); Løsøre / unntak (GAP-0745); Rettshjelp / rolle/geografi (GAP-0749); Rettshjelp / sum (GAP-0750); Kasko / årsaker (GAP-0767); Feriegaranti / Super (GAP-0792); Frost/snø/utetthet / unntak (GAP-0794); Løsøre / unntak (GAP-0795)""]","[""Compare before/after exact scoped products against independent source-fact inventory"", ""Reverse-check changed claims for support and wrong-level leakage"", ""Re-run linked false-unknown controls with own-source oracle; inspect sources and details"", ""Record closed/reopened signature IDs; targeted family bulk comparison; held-out positive controls"", ""Full existing suite, TypeScript, ESLint, webpack production build, synthetic HTTP/PDF runtime, git diff --check after future implementation""]",GPT-6 SOL HIGH,"Utfør bare de kildebundne dimensjonsendringene listet i evidence. Gjenbruk eksisterende nøkler og behold kvalifikasjoner; del eventuell lang tekst etter faktisk semantisk dimensjon, aldri heuristisk UI-tolkning.","[""document > catalog"", ""optional availability != customer selected"", ""unknown != not covered"", ""provider/type/scope/version isolation"", ""product level and add-on boundaries"", ""side-swap symmetry without invented equivalents"", ""age start/reduction/expiry and object age kept distinct"", ""annual/accumulated/coverage mileage kept distinct"", ""per event/year/lifetime/selected sum kept distinct"", ""source page/hash and fact-specific provenance"", ""same object identity and pricing/TFA are not catalog eligibility""]",Source/scope gate satisfied for listed dimensions only; separate user authorization and regression still required.,"Frozen corpus 2026-09-29, not live current-source verification",Known catalog availability never selects a customer add-on,PLANNED_NOT_IMPLEMENTED,"[""B-024"", ""B-025"", ""B-026"", ""B-027"", ""B-037"", ""B-044"", ""B-045"", ""B-049"", ""B-056"", ""B-057"", ""B-061"", ""B-068"", ""B-069"", ""B-083"", ""B-084"", ""B-088"", ""B-094"", ""B-095"", ""B-096"", ""B-097"", ""B-098"", ""B-099"", ""B-100"", ""B-111"", ""B-112"", ""B-118"", ""B-119"", ""B-120"", ""B-126"", ""B-127"", ""B-136"", ""B-137"", ""B-138"", ""B-142"", ""B-150"", ""B-151"", ""B-161"", ""B-169"", ""B-170"", ""B-171"", ""B-172"", ""B-176"", ""B-185"", ""B-186"", ""B-188"", ""B-189"", ""B-194"", ""B-204""]",MAIN_AGENT_REVIEW_REQUIRED,One named file owner; source research may be parallel read-only. Disjoint files only after all dependencies pass. No agents launched in this triage.
B-077,3,storebrand · Hund · ordinary: Materialiser dokumenterte P1-dimensjoner på eksisterende nøkler,"[""storebrand"", ""Hund"", ""ordinary"", ""DATA""]","[""RC-053""]","[""SCRC-007""]","[""RB-06""]","[""314f7d8a021e810c"", ""3a0c46bebcfafd0f"", ""46b37e8dc38802c9"", ""52ab6f7833f13fc2"", ""5c4b8efe9ab3bf78"", ""a28731c3318b3064"", ""aa47d5f9f6539d1f"", ""b5a7c8ce07aa3587"", ""bce1f4721e3a3723"", ""c6894f7945d14949"", ""c87b6c7ab64243e8"", ""da0a99ae8bfd502e"", ""f4c3725a61e7024f""]",[],13,26,13,26,0,"[""[\""storebrand\"",\""hund\"",\""ordinary\"",\""storebrand-hund-d-dsfall\"",\""2025-02-01\""]"", ""[\""storebrand\"",\""hund\"",\""ordinary\"",\""storebrand-hund-veterin-r\"",\""2025-02-01\""]"", ""[\""storebrand\"",\""hund\"",\""ordinary\"",\""storebrand-hund-veterin-r-og-d-dsfall\"",\""2025-02-01\""]""]","[""Hund""]","[""storebrand""]","[""ordinary""]",[],CATALOG_DATA,DATA_BATCH,MEDIUM,IMPLEMENTATION_READY,MUST_BEFORE_NITO,LIKELY_SHARED_WITH_CUSTOMER_MODE,NOT_PROVEN_REQUIRED,Catalog knowledge improvement is shared where enrichment is eligible; no real customer PDF or extraction conclusion is claimed.,"[""lib/boat-pet-catalog.ts""]",[],tests/remediation-b-077.test.mjs (future; consolidate with relevant existing suite if clearer),[],[],[],"[""Own-source exact subject/value/unit/period/conditions with page/hash"", ""Exact base, inherited, optional and unavailable product-level combinations"", ""Same-product and both comparison directions; provider-specific facts stay asymmetric where appropriate"", ""Document X versus catalog Y: X wins; silent optional remains unknown; explicit not_selected remains not_selected"", ""Cross-provider/type/scope/version negatives; no customer object/pricing changes"", ""Veterinær / medisiner og behandlingsmateriell (GAP-0139); Tenner / ulykke (GAP-0140); Tenner / melketenner/bitt (GAP-0141); Tenner / sykdomsunntak (GAP-0142); Allergi / utredning (GAP-0145); Allergi / behandling og medisiner (GAP-0146); Rehabilitering / sum og vilkår (GAP-0147); Bildediagnostikk / sum og frist (GAP-0148); Veterinær / sykdomskarens (GAP-0152); Forsvinning/tyveri / ventetid og vilkår (GAP-0195); Bruksverdi / erstatningsgrense (GAP-0196); Bruksverdi / alder og engangsgrense (GAP-0197); Bruksverdi / arbeidsevne fremfor avl/utstilling (GAP-0198)""]","[""Compare before/after exact scoped products against independent source-fact inventory"", ""Reverse-check changed claims for support and wrong-level leakage"", ""Re-run linked false-unknown controls with own-source oracle; inspect sources and details"", ""Record closed/reopened signature IDs; targeted family bulk comparison; held-out positive controls"", ""Full existing suite, TypeScript, ESLint, webpack production build, synthetic HTTP/PDF runtime, git diff --check after future implementation""]",GPT-6 SOL HIGH,"Utfør bare de kildebundne dimensjonsendringene listet i evidence. Gjenbruk eksisterende nøkler og behold kvalifikasjoner; del eventuell lang tekst etter faktisk semantisk dimensjon, aldri heuristisk UI-tolkning.","[""document > catalog"", ""optional availability != customer selected"", ""unknown != not covered"", ""provider/type/scope/version isolation"", ""product level and add-on boundaries"", ""side-swap symmetry without invented equivalents"", ""age start/reduction/expiry and object age kept distinct"", ""annual/accumulated/coverage mileage kept distinct"", ""per event/year/lifetime/selected sum kept distinct"", ""source page/hash and fact-specific provenance"", ""same object identity and pricing/TFA are not catalog eligibility""]",Source/scope gate satisfied for listed dimensions only; separate user authorization and regression still required.,"Frozen corpus 2026-09-29, not live current-source verification",Known catalog availability never selects a customer add-on,PLANNED_NOT_IMPLEMENTED,"[""B-003"", ""B-008"", ""B-009"", ""B-010"", ""B-018"", ""B-022"", ""B-036"", ""B-038"", ""B-041"", ""B-048"", ""B-050"", ""B-053"", ""B-060"", ""B-062"", ""B-065"", ""B-070"", ""B-071"", ""B-072"", ""B-075"", ""B-080"", ""B-087"", ""B-089"", ""B-091"", ""B-109"", ""B-110"", ""B-113"", ""B-116"", ""B-124"", ""B-125"", ""B-128"", ""B-129"", ""B-132"", ""B-133"", ""B-141"", ""B-143"", ""B-144"", ""B-147"", ""B-148"", ""B-152"", ""B-153"", ""B-154"", ""B-155"", ""B-156"", ""B-157"", ""B-160"", ""B-162"", ""B-166"", ""B-175"", ""B-177"", ""B-178"", ""B-181"", ""B-182"", ""B-187"", ""B-195"", ""B-196"", ""B-197"", ""B-199"", ""B-200""]",MAIN_AGENT_REVIEW_REQUIRED,One named file owner; source research may be parallel read-only. Disjoint files only after all dependencies pass. No agents launched in this triage.
B-078,3,storebrand · Hus · ordinary: Materialiser dokumenterte P1-dimensjoner på eksisterende nøkler,"[""storebrand"", ""Hus"", ""ordinary"", ""DATA""]","[""RC-054""]","[""SCRC-014""]","[""RB-12""]","[""032080ba0477d508"", ""06e53dbea448e83f"", ""094d64bf281a6ae4"", ""0cdfbaa00ae42c18"", ""0f0738fcfeb0b637"", ""1b198ffdc96e9dc8"", ""1f2c2c74e581a48b"", ""2f6b576abdeab231"", ""390d78815113e70c"", ""397faf38498ae0a2"", ""3edfd5a4c81c30e1"", ""3f6b98e8ad3d409a"", ""4325f79c2be2a704"", ""530ff257c0f0fe00"", ""53db0911df260bee"", ""56b2247a66276d1f"", ""590956d4bf298136"", ""5f977fc7bb67a5fa"", ""6b14835ee6a236a4"", ""6cb94c5314220d1c"", ""6e169ea1785b258c"", ""6fd01a61583fe3db"", ""7393aad013a70aa8"", ""7b12837f5bddb052"", ""8ba3dbb204e08421"", ""954397cc66be4cd0"", ""962b2f342d12664a"", ""9aa7aaa5f6cbce90"", ""9daee7b905c9663a"", ""a09641bd012189fb"", ""a4c5edcdba39ff9a"", ""ab3a23b134a1cdbf"", ""bbb076882086ad15"", ""bc185788a1c38907"", ""c576bebc0f624648"", ""c5ee408bac0e7b7d"", ""cacb486ac4b5bbcf"", ""d06ad1c9017d3a3d"", ""e784c0689d14314a"", ""e86a88e1504546fa"", ""ed05c86bc5a411fb"", ""ef0612f9adfc15aa"", ""f90fc0f2af9eab2e"", ""fd9b0916440c518a"", ""ff637ced526722e0""]",[],45,83,45,83,0,"[""[\""storebrand\"",\""bolig\"",\""ordinary\"",\""storebrand-hus-standard\"",\""2025-08-15\""]"", ""[\""storebrand\"",\""bolig\"",\""ordinary\"",\""storebrand-hus-super\"",\""2025-08-15\""]""]","[""Hus""]","[""storebrand""]","[""ordinary""]","[""storebrand-hus-utleie""]",CATALOG_DATA,DATA_BATCH,MEDIUM,IMPLEMENTATION_READY,MUST_BEFORE_NITO,LIKELY_SHARED_WITH_CUSTOMER_MODE,NOT_PROVEN_REQUIRED,Catalog knowledge improvement is shared where enrichment is eligible; no real customer PDF or extraction conclusion is claimed.,"[""lib/storebrand-hus-catalog.ts""]",[],tests/remediation-b-078.test.mjs (future; consolidate with relevant existing suite if clearer),"[""B-013""]","[""B-013""]",[],"[""Own-source exact subject/value/unit/period/conditions with page/hash"", ""Exact base, inherited, optional and unavailable product-level combinations"", ""Same-product and both comparison directions; provider-specific facts stay asymmetric where appropriate"", ""Document X versus catalog Y: X wins; silent optional remains unknown; explicit not_selected remains not_selected"", ""Cross-provider/type/scope/version negatives; no customer object/pricing changes"", ""Bygning / omfang (GAP-0945); Hage / areal/omfang (GAP-0946); Brann / omfang (GAP-0947); Elektrisk / omfang (GAP-0948); Snø / omfang (GAP-0949); Snø / eldrebygg/rydding (GAP-0950); Rørbrudd / unntak (GAP-0951); Vann / omfang (GAP-0952); Vann / unntak (GAP-0953); Tyveri / omfang/unntak (GAP-0954); Plutselig / hovedomfang (GAP-0955); Plutselig / unntak (GAP-0956); Psykolog / timer/vilkår (GAP-0957); Natur / omfang/tomt (GAP-0958); Natur / unntak/egenandel (GAP-0959); Oppføring / omfang (GAP-0960); Oppføring / utløser/unntak (GAP-0961); Skadedyr / bekjempelse (GAP-0962); Gnagere / skade/lukt (GAP-0963); Skadedyr / unntak (GAP-0964); Rullestol / sum/krav (GAP-0965); Bokostnader / beregning (GAP-0966); Husleietap / skade (GAP-0967); Fullverdi / krav (GAP-0969); Førsterisiko/andrebygg / verdiøkning (GAP-0970); Kjøpannenbolig / oppgjør (GAP-0972); Påbud / sum/vilkår (GAP-0974); Aldersfradrag / grunnlag (GAP-0977); Egenandel / samordning (GAP-0978); Egenandel / tillegg8000 (GAP-0979); Utleiebruk / bevis/næring (GAP-0980); Ansvar / unntak (GAP-0982); Rettshjelp / sum (GAP-0983); Rettshjelp / omfang (GAP-0984); Rettshjelp / unntak (GAP-0985); Utleie / leietap (GAP-0986); Utleie / skadeverk (GAP-0987); Utleie / frister (GAP-0988); Takvann / omfang/alder (GAP-1028); Dyr/insekter / skade/unntak (GAP-1029); Sopp/råte / bygningsdelunntak (GAP-1030); Sopp/råte / kostunntak (GAP-1031); Håndverker / vilkår (GAP-1032); Håndverker / reklamasjon/feil (GAP-1033); Håndverker / unntak (GAP-1034)""]","[""Compare before/after exact scoped products against independent source-fact inventory"", ""Reverse-check changed claims for support and wrong-level leakage"", ""Re-run linked false-unknown controls with own-source oracle; inspect sources and details"", ""Record closed/reopened signature IDs; targeted family bulk comparison; held-out positive controls"", ""Full existing suite, TypeScript, ESLint, webpack production build, synthetic HTTP/PDF runtime, git diff --check after future implementation""]",GPT-6 SOL HIGH,"Utfør bare de kildebundne dimensjonsendringene listet i evidence. Gjenbruk eksisterende nøkler og behold kvalifikasjoner; del eventuell lang tekst etter faktisk semantisk dimensjon, aldri heuristisk UI-tolkning.","[""document > catalog"", ""optional availability != customer selected"", ""unknown != not covered"", ""provider/type/scope/version isolation"", ""product level and add-on boundaries"", ""side-swap symmetry without invented equivalents"", ""age start/reduction/expiry and object age kept distinct"", ""annual/accumulated/coverage mileage kept distinct"", ""per event/year/lifetime/selected sum kept distinct"", ""source page/hash and fact-specific provenance"", ""same object identity and pricing/TFA are not catalog eligibility""]",Source/scope gate satisfied for listed dimensions only; separate user authorization and regression still required.,"Frozen corpus 2026-09-29, not live current-source verification",Known catalog availability never selects a customer add-on,PLANNED_NOT_IMPLEMENTED,"[""B-013"", ""B-163""]",MAIN_AGENT_REVIEW_REQUIRED,One named file owner; source research may be parallel read-only. Disjoint files only after all dependencies pass. No agents launched in this triage.
B-079,3,storebrand · Innbo · ordinary: Materialiser dokumenterte P1-dimensjoner på eksisterende nøkler,"[""storebrand"", ""Innbo"", ""ordinary"", ""DATA""]","[""RC-055""]","[""SCRC-012""]","[""RB-11""]","[""0819f13dcc0afe4c"", ""1a81ad66c96a6975"", ""3ab0678977bcf087"", ""42aa8c2daf39a1a9"", ""43a9e588433e76fe"", ""4dc77e85cf309ea9"", ""4e14be49cad8d8b9"", ""80198ad83a7dea7e"", ""80e101f9481d0512"", ""89530bb622e41a0d"", ""9377e3e834ad4cdb"", ""976a9706cfeadfe7"", ""9e9c585894b2fd1b"", ""a2e6934bd80b9d4b"", ""a5a4e058a99aba1e"", ""b398d8e9aa95e8fc"", ""bb52f78cf10b6714"", ""bfd4e14153037e2a"", ""c266ed9fb819dc3b"", ""c7f150a73b20e51e"", ""cf0f7fa4b9d7621b"", ""d05ede1880b2e3a3"", ""d685a3a8754ce793"", ""d6bfb19994c894e5"", ""e28058d0bfde6103"", ""f12a59c521f36547"", ""f19fc6cf2aa5f10f"", ""fd08e7069290634e""]",[],28,47,28,47,0,"[""[\""storebrand\"",\""innbo\"",\""ordinary\"",\""sb-innbo-standard\"",\""innbo09\""]"", ""[\""storebrand\"",\""innbo\"",\""ordinary\"",\""sb-innbo-super\"",\""innbo09\""]""]","[""Innbo""]","[""storebrand""]","[""ordinary""]",[],CATALOG_DATA,DATA_BATCH,MEDIUM,IMPLEMENTATION_READY,MUST_BEFORE_NITO,LIKELY_SHARED_WITH_CUSTOMER_MODE,NOT_PROVEN_REQUIRED,Catalog knowledge improvement is shared where enrichment is eligible; no real customer PDF or extraction conclusion is claimed.,"[""lib/storebrand-innbo-catalog.ts""]",[],tests/remediation-b-079.test.mjs (future; consolidate with relevant existing suite if clearer),"[""B-005""]","[""B-005""]",[],"[""Own-source exact subject/value/unit/period/conditions with page/hash"", ""Exact base, inherited, optional and unavailable product-level combinations"", ""Same-product and both comparison directions; provider-specific facts stay asymmetric where appropriate"", ""Document X versus catalog Y: X wins; silent optional remains unknown; explicit not_selected remains not_selected"", ""Cross-provider/type/scope/version negatives; no customer object/pricing changes"", ""Geografi / midlertidig (GAP-0844); Småbåt / sum/omfang (GAP-0845); Glass/sanitær / brudd (GAP-0850); Brann / omfang (GAP-0853); Brann / alarmegenandel (GAP-0854); Natur / omfang/unntak (GAP-0855); Vann / omfang (GAP-0856); Fellesbod / sum/verdiforskrift (GAP-0858); Sykkel / teknisk/lås (GAP-0861); Tyveri / person/unntak (GAP-0863); Tyveri / egenandel (GAP-0864); Psykolog / timer/vilkår (GAP-0866); Lagring / varighet/årsaker (GAP-0867); Lagring / unntak (GAP-0868); Midlertidig bolig / sum/vilkår (GAP-0870); Tilleggsinnredning / sum/vilkår (GAP-0873); Droneansvar / sum/virkeområde (GAP-0881); Rettshjelp / sum (GAP-0884); Rettshjelp / rolle/geografi (GAP-0885); Uflaks / årsak (GAP-0927); Uflaks / unntak (GAP-0928); Rullestol / sum (GAP-0929); Rullestol / frister (GAP-0930); Flytting / unntak (GAP-0932); Skadedyr / bekjempelse (GAP-0933); Skadedyr / unntak (GAP-0934); ID-tyveri / summer (GAP-0935); ID-tyveri / avgrensning (GAP-0936)""]","[""Compare before/after exact scoped products against independent source-fact inventory"", ""Reverse-check changed claims for support and wrong-level leakage"", ""Re-run linked false-unknown controls with own-source oracle; inspect sources and details"", ""Record closed/reopened signature IDs; targeted family bulk comparison; held-out positive controls"", ""Full existing suite, TypeScript, ESLint, webpack production build, synthetic HTTP/PDF runtime, git diff --check after future implementation""]",GPT-6 SOL HIGH,"Utfør bare de kildebundne dimensjonsendringene listet i evidence. Gjenbruk eksisterende nøkler og behold kvalifikasjoner; del eventuell lang tekst etter faktisk semantisk dimensjon, aldri heuristisk UI-tolkning.","[""document > catalog"", ""optional availability != customer selected"", ""unknown != not covered"", ""provider/type/scope/version isolation"", ""product level and add-on boundaries"", ""side-swap symmetry without invented equivalents"", ""age start/reduction/expiry and object age kept distinct"", ""annual/accumulated/coverage mileage kept distinct"", ""per event/year/lifetime/selected sum kept distinct"", ""source page/hash and fact-specific provenance"", ""same object identity and pricing/TFA are not catalog eligibility""]",Source/scope gate satisfied for listed dimensions only; separate user authorization and regression still required.,"Frozen corpus 2026-09-29, not live current-source verification",Known catalog availability never selects a customer add-on,PLANNED_NOT_IMPLEMENTED,"[""B-005"", ""B-164"", ""B-165""]",MAIN_AGENT_REVIEW_REQUIRED,One named file owner; source research may be parallel read-only. Disjoint files only after all dependencies pass. No agents launched in this triage.
B-080,3,storebrand · Katt · ordinary: Materialiser dokumenterte P1-dimensjoner på eksisterende nøkler,"[""storebrand"", ""Katt"", ""ordinary"", ""DATA""]","[""RC-056""]","[""SCRC-007""]","[""RB-06""]","[""0224dba67fc0abcf"", ""13bc99438e1ff6c4"", ""1e5b3fdfc27ee392"", ""43895e5130a05466"", ""54d1c43fff3c5bff"", ""646a7c2c66a9e0b5"", ""9bfa43ab150348d8"", ""a36b11cdbe2e6077"", ""aebc206221028b58"", ""ba63cc436b1c0a80""]",[],10,20,10,20,0,"[""[\""storebrand\"",\""katt\"",\""ordinary\"",\""storebrand-katt-d-dsfall\"",\""2025-02-01\""]"", ""[\""storebrand\"",\""katt\"",\""ordinary\"",\""storebrand-katt-veterin-r\"",\""2025-02-01\""]"", ""[\""storebrand\"",\""katt\"",\""ordinary\"",\""storebrand-katt-veterin-r-og-d-dsfall\"",\""2025-02-01\""]""]","[""Katt""]","[""storebrand""]","[""ordinary""]",[],CATALOG_DATA,DATA_BATCH,MEDIUM,IMPLEMENTATION_READY,MUST_BEFORE_NITO,LIKELY_SHARED_WITH_CUSTOMER_MODE,NOT_PROVEN_REQUIRED,Catalog knowledge improvement is shared where enrichment is eligible; no real customer PDF or extraction conclusion is claimed.,"[""lib/boat-pet-catalog.ts""]",[],tests/remediation-b-080.test.mjs (future; consolidate with relevant existing suite if clearer),[],[],[],"[""Own-source exact subject/value/unit/period/conditions with page/hash"", ""Exact base, inherited, optional and unavailable product-level combinations"", ""Same-product and both comparison directions; provider-specific facts stay asymmetric where appropriate"", ""Document X versus catalog Y: X wins; silent optional remains unknown; explicit not_selected remains not_selected"", ""Cross-provider/type/scope/version negatives; no customer object/pricing changes"", ""Veterinær / medisiner og behandlingsmateriell (GAP-0168); Tenner / ulykke (GAP-0169); Tenner / melketenner/bitt (GAP-0170); Tenner / sykdomsunntak (GAP-0171); Allergi / utredning (GAP-0173); Allergi / behandling og medisiner (GAP-0174); Rehabilitering / sum og vilkår (GAP-0175); Bildediagnostikk / sum og frist (GAP-0176); Veterinær / sykdomskarens (GAP-0179); Forsvinning/tyveri / ventetid og vilkår (GAP-0240)""]","[""Compare before/after exact scoped products against independent source-fact inventory"", ""Reverse-check changed claims for support and wrong-level leakage"", ""Re-run linked false-unknown controls with own-source oracle; inspect sources and details"", ""Record closed/reopened signature IDs; targeted family bulk comparison; held-out positive controls"", ""Full existing suite, TypeScript, ESLint, webpack production build, synthetic HTTP/PDF runtime, git diff --check after future implementation""]",GPT-6 SOL HIGH,"Utfør bare de kildebundne dimensjonsendringene listet i evidence. Gjenbruk eksisterende nøkler og behold kvalifikasjoner; del eventuell lang tekst etter faktisk semantisk dimensjon, aldri heuristisk UI-tolkning.","[""document > catalog"", ""optional availability != customer selected"", ""unknown != not covered"", ""provider/type/scope/version isolation"", ""product level and add-on boundaries"", ""side-swap symmetry without invented equivalents"", ""age start/reduction/expiry and object age kept distinct"", ""annual/accumulated/coverage mileage kept distinct"", ""per event/year/lifetime/selected sum kept distinct"", ""source page/hash and fact-specific provenance"", ""same object identity and pricing/TFA are not catalog eligibility""]",Source/scope gate satisfied for listed dimensions only; separate user authorization and regression still required.,"Frozen corpus 2026-09-29, not live current-source verification",Known catalog availability never selects a customer add-on,PLANNED_NOT_IMPLEMENTED,"[""B-003"", ""B-008"", ""B-009"", ""B-010"", ""B-018"", ""B-022"", ""B-036"", ""B-038"", ""B-041"", ""B-048"", ""B-050"", ""B-053"", ""B-060"", ""B-062"", ""B-065"", ""B-070"", ""B-071"", ""B-072"", ""B-075"", ""B-077"", ""B-087"", ""B-089"", ""B-091"", ""B-109"", ""B-110"", ""B-113"", ""B-116"", ""B-124"", ""B-125"", ""B-128"", ""B-129"", ""B-132"", ""B-133"", ""B-141"", ""B-143"", ""B-144"", ""B-147"", ""B-148"", ""B-152"", ""B-153"", ""B-154"", ""B-155"", ""B-156"", ""B-157"", ""B-160"", ""B-162"", ""B-166"", ""B-175"", ""B-177"", ""B-178"", ""B-181"", ""B-182"", ""B-187"", ""B-195"", ""B-196"", ""B-197"", ""B-199"", ""B-200""]",MAIN_AGENT_REVIEW_REQUIRED,One named file owner; source research may be parallel read-only. Disjoint files only after all dependencies pass. No agents launched in this triage.
B-081,3,storebrand · MC · ordinary: Materialiser dokumenterte P1-dimensjoner på eksisterende nøkler,"[""storebrand"", ""MC"", ""ordinary"", ""DATA""]","[""RC-057""]","[""SCRC-011""]","[""RB-10""]","[""0540632eaf8ded52"", ""2563e27da75a00ca"", ""303ab0d230623c04"", ""32e3d49df52cb599"", ""5cdf1e935ce52506"", ""928df135033b0b3f"", ""9be3129c2e504074"", ""9ffe097ef40ee513"", ""a266aa60e486abbc"", ""a7d8e86ff5870bfe"", ""e0460602f52d42fe""]",[],11,26,11,26,0,"[""[\""storebrand\"",\""mc\"",\""ordinary\"",\""storebrand-mc-ansvar\"",\""motor09\""]"", ""[\""storebrand\"",\""mc\"",\""ordinary\"",\""storebrand-mc-delkasko\"",\""motor09\""]"", ""[\""storebrand\"",\""mc\"",\""ordinary\"",\""storebrand-mc-kasko\"",\""motor09\""]""]","[""MC""]","[""storebrand""]","[""ordinary""]",[],CATALOG_DATA,DATA_BATCH,MEDIUM,IMPLEMENTATION_READY,MUST_BEFORE_NITO,LIKELY_SHARED_WITH_CUSTOMER_MODE,NOT_PROVEN_REQUIRED,Catalog knowledge improvement is shared where enrichment is eligible; no real customer PDF or extraction conclusion is claimed.,"[""lib/mc-bobil-gjensidige-storebrand-catalog.ts""]",[],tests/remediation-b-081.test.mjs (future; consolidate with relevant existing suite if clearer),[],[],[],"[""Own-source exact subject/value/unit/period/conditions with page/hash"", ""Exact base, inherited, optional and unavailable product-level combinations"", ""Same-product and both comparison directions; provider-specific facts stay asymmetric where appropriate"", ""Document X versus catalog Y: X wins; silent optional remains unknown; explicit not_selected remains not_selected"", ""Cross-provider/type/scope/version negatives; no customer object/pricing changes"", ""Ansvar / registrering (GAP-0541); Ansvar / sum (GAP-0542); Ulykke / avtale/rolle/sum (GAP-0546); Rettshjelp / rolle/geografi (GAP-0549); Rettshjelp / sum/egenandel (GAP-0550); Brann / årsak/unntak (GAP-0558); Tyveri / omfang (GAP-0559); Tyveri / egenandel (GAP-0560); Veihjelp / årsaker (GAP-0563); Veihjelp / hjemtransporttak (GAP-0564); Kasko / egenandel/dyr (GAP-0593)""]","[""Compare before/after exact scoped products against independent source-fact inventory"", ""Reverse-check changed claims for support and wrong-level leakage"", ""Re-run linked false-unknown controls with own-source oracle; inspect sources and details"", ""Record closed/reopened signature IDs; targeted family bulk comparison; held-out positive controls"", ""Full existing suite, TypeScript, ESLint, webpack production build, synthetic HTTP/PDF runtime, git diff --check after future implementation""]",GPT-6 SOL HIGH,"Utfør bare de kildebundne dimensjonsendringene listet i evidence. Gjenbruk eksisterende nøkler og behold kvalifikasjoner; del eventuell lang tekst etter faktisk semantisk dimensjon, aldri heuristisk UI-tolkning.","[""document > catalog"", ""optional availability != customer selected"", ""unknown != not covered"", ""provider/type/scope/version isolation"", ""product level and add-on boundaries"", ""side-swap symmetry without invented equivalents"", ""age start/reduction/expiry and object age kept distinct"", ""annual/accumulated/coverage mileage kept distinct"", ""per event/year/lifetime/selected sum kept distinct"", ""source page/hash and fact-specific provenance"", ""same object identity and pricing/TFA are not catalog eligibility""]",Source/scope gate satisfied for listed dimensions only; separate user authorization and regression still required.,"Frozen corpus 2026-09-29, not live current-source verification",Known catalog availability never selects a customer add-on,PLANNED_NOT_IMPLEMENTED,"[""B-001"", ""B-012"", ""B-047"", ""B-054"", ""B-074"", ""B-123"", ""B-134"", ""B-159"", ""B-167""]",MAIN_AGENT_REVIEW_REQUIRED,One named file owner; source research may be parallel read-only. Disjoint files only after all dependencies pass. No agents launched in this triage.
B-082,3,storebrand · Reise · ordinary: Materialiser dokumenterte P1-dimensjoner på eksisterende nøkler,"[""storebrand"", ""Reise"", ""ordinary"", ""DATA""]","[""RC-058""]","[""SCRC-015""]","[""RB-13""]","[""02defa8c93974f81"", ""0556a4f724af6649"", ""062d657a16800404"", ""1771a99107898315"", ""17788638c8c483b7"", ""22f9a6d130ed48a3"", ""2bb25ec58b8ad93e"", ""2fe5b24ed5bf1505"", ""31cfc3bf74d93e78"", ""37d90b7b411a4f21"", ""3fb824ae75f6bd90"", ""4002bd4321e3175c"", ""40fbf146a7790d0a"", ""4bb74129690e8f73"", ""4cfaf55658b559a8"", ""4ea796c14f815e3e"", ""53a701c9afa6f2f6"", ""5e41642d0f9c4f16"", ""78dfeb58f1cdcc9b"", ""87527da903b6c4d4"", ""91ee700b30cb9b32"", ""94aa9dac17c8bb36"", ""9c1bcb9da35fbde6"", ""9cffd8ec76fcbe10"", ""a242196f0d582d16"", ""a376bd0a57da19a6"", ""ac71b1bf2d26d981"", ""b2803e42b94d1584"", ""b9d7941803c6b237"", ""bba502be2d380883"", ""c7684a0d7c15c7a6"", ""c7be1bbec91f4e13"", ""d873594b0143ccc4"", ""d92f701a4ae3563d"", ""e2129db9cdd34bf3"", ""e438f643bcdcdf78"", ""e9254cbd363d7bd2"", ""e9558175d823a8e7"", ""eaad916469fb2318"", ""f1bbb6ad0923a851"", ""f3551c904a3ed34f"", ""f601c0025d39c87d"", ""f677b8f7d5871bd1"", ""f6bbbc6773771aa6"", ""f8d6f0517a7d6a3f"", ""fa2a568f71135561"", ""fdcf5ea4708b05b5""]",[],47,87,47,87,0,"[""[\""storebrand\"",\""reise\"",\""ordinary\"",\""storebrand-reise-standard\"",\""2026-09-20-canonical\""]"", ""[\""storebrand\"",\""reise\"",\""ordinary\"",\""storebrand-reise-super\"",\""2026-09-20-canonical\""]""]","[""Reise""]","[""storebrand""]","[""ordinary""]",[],CATALOG_DATA,DATA_BATCH,MEDIUM,IMPLEMENTATION_READY,MUST_BEFORE_NITO,LIKELY_SHARED_WITH_CUSTOMER_MODE,NOT_PROVEN_REQUIRED,Catalog knowledge improvement is shared where enrichment is eligible; no real customer PDF or extraction conclusion is claimed.,"[""lib/storebrand-reise-catalog.ts""]",[],tests/remediation-b-082.test.mjs (future; consolidate with relevant existing suite if clearer),"[""B-019"", ""B-021""]","[""B-019"", ""B-021""]",[],"[""Own-source exact subject/value/unit/period/conditions with page/hash"", ""Exact base, inherited, optional and unavailable product-level combinations"", ""Same-product and both comparison directions; provider-specific facts stay asymmetric where appropriate"", ""Document X versus catalog Y: X wins; silent optional remains unknown; explicit not_selected remains not_selected"", ""Cross-provider/type/scope/version negatives; no customer object/pricing changes"", ""Varighet / standard/valg (GAP-1044); Personkrets / familie (GAP-1045); Geografi / hverdagsreise (GAP-1046); Geografi / risikoreiser (GAP-1047); Sykkeltyveri / lokalområde (GAP-1048); Avbestilling / ventetid (GAP-1050); Avbestilling / arrangement (GAP-1051); Avbestilling / sykdomspersonkrets (GAP-1052); Avbestilling / andreutløsere (GAP-1053); Avbestilling / utgiftsunntak (GAP-1054); Avbestilling / årsaksunntak (GAP-1055); Forsinkelse / mistettransport (GAP-1056); Forsinkelse / vilkår/unntak (GAP-1058); Bagasjeforsinkelse / sum/utløser (GAP-1059); Reisegods / omfang (GAP-1060); Reisegods / årsaker (GAP-1061); Reisegods / skadeunntak (GAP-1062); Reisegods / gjenstandsunntak (GAP-1063); Reisegods / sikkerhet (GAP-1064); Reisegods / aldersfradrag (GAP-1065); Reisesyke / sum/tid (GAP-1067); Hjemtransport / vilkår (GAP-1069); Hjemkallelse / vilkår (GAP-1070); Tilkallelse / krets/utløser (GAP-1071); Ledsagelse / omfang (GAP-1072); Reiseavbrudd / sum/vilkår (GAP-1074); Reisesyke / utgiftsunntak (GAP-1078); Reisesyke / aktivitetsunntak (GAP-1079); Reisesyke / godkjenning (GAP-1080); Ulykke / gyldighet (GAP-1081); Ulykke / behandling (GAP-1082); Ulykke / unntak (GAP-1083); Evakuering / omfang (GAP-1085); Evakuering / avbrudd/unntak (GAP-1086); Skadeinsekter / sum/egenandel (GAP-1087); Ansvar / sum/geografi (GAP-1089); Ansvar / unntak (GAP-1090); Rettshjelp / sum/geografi (GAP-1091); Rettshjelp / utløser/unntak (GAP-1092); Rettshjelp / egenandel (GAP-1093); Forsinkelse / avgang (GAP-1109); Leiebilegenandel / omfang (GAP-1141); Leiebilegenandel / unntak (GAP-1142); Uhell / sum/utløser (GAP-1144); Kjæledyr / sum/vilkår (GAP-1145); Taptreise / hotellarrangement (GAP-1146); Taptreise / leiebil (GAP-1147)""]","[""Compare before/after exact scoped products against independent source-fact inventory"", ""Reverse-check changed claims for support and wrong-level leakage"", ""Re-run linked false-unknown controls with own-source oracle; inspect sources and details"", ""Record closed/reopened signature IDs; targeted family bulk comparison; held-out positive controls"", ""Full existing suite, TypeScript, ESLint, webpack production build, synthetic HTTP/PDF runtime, git diff --check after future implementation""]",GPT-6 SOL HIGH,"Utfør bare de kildebundne dimensjonsendringene listet i evidence. Gjenbruk eksisterende nøkler og behold kvalifikasjoner; del eventuell lang tekst etter faktisk semantisk dimensjon, aldri heuristisk UI-tolkning.","[""document > catalog"", ""optional availability != customer selected"", ""unknown != not covered"", ""provider/type/scope/version isolation"", ""product level and add-on boundaries"", ""side-swap symmetry without invented equivalents"", ""age start/reduction/expiry and object age kept distinct"", ""annual/accumulated/coverage mileage kept distinct"", ""per event/year/lifetime/selected sum kept distinct"", ""source page/hash and fact-specific provenance"", ""same object identity and pricing/TFA are not catalog eligibility""]",Source/scope gate satisfied for listed dimensions only; separate user authorization and regression still required.,"Frozen corpus 2026-09-29, not live current-source verification",Known catalog availability never selects a customer add-on,PLANNED_NOT_IMPLEMENTED,"[""B-019"", ""B-021"", ""B-168""]",MAIN_AGENT_REVIEW_REQUIRED,One named file owner; source research may be parallel read-only. Disjoint files only after all dependencies pass. No agents launched in this triage.
B-083,3,storebrand · Snøscooter · ordinary: Materialiser dokumenterte P1-dimensjoner på eksisterende nøkler,"[""storebrand"", ""Snøscooter"", ""ordinary"", ""DATA""]","[""RC-059""]","[""SCRC-011""]","[""RB-10""]","[""115b21ed71680477"", ""3286c16721386cd4"", ""39e91117619c83c9"", ""3dd52b563cd67bd2"", ""3de48100ccddd894"", ""554ff65ae322a4ce"", ""642a5d01e3295c64"", ""64db6bf8d327ad86"", ""7900b0a9e2d9bef5"", ""8b4c8623885d8fdc"", ""b05e3295a8587c84"", ""d23da25a97820117"", ""d9aad23a49af64b5"", ""da0d01292ef1fad1"", ""e15180912d4270bd"", ""e83e49d62d53cf49"", ""fbf54f64d46495e3""]",[],17,36,17,36,0,"[""[\""storebrand\"",\""snøscooter\"",\""ordinary\"",\""storebrand-snoscooter-ansvar\"",\""2025-04-01\""]"", ""[\""storebrand\"",\""snøscooter\"",\""ordinary\"",\""storebrand-snoscooter-delkasko\"",\""2025-04-01\""]"", ""[\""storebrand\"",\""snøscooter\"",\""ordinary\"",\""storebrand-snoscooter-kasko\"",\""2025-04-01\""]""]","[""Snøscooter""]","[""storebrand""]","[""ordinary""]",[],CATALOG_DATA,DATA_BATCH,MEDIUM,IMPLEMENTATION_READY,MUST_BEFORE_NITO,LIKELY_SHARED_WITH_CUSTOMER_MODE,NOT_PROVEN_REQUIRED,Catalog knowledge improvement is shared where enrichment is eligible; no real customer PDF or extraction conclusion is claimed.,"[""lib/vehicle-object-catalog.ts""]",[],tests/remediation-b-083.test.mjs (future; consolidate with relevant existing suite if clearer),[],[],[],"[""Own-source exact subject/value/unit/period/conditions with page/hash"", ""Exact base, inherited, optional and unavailable product-level combinations"", ""Same-product and both comparison directions; provider-specific facts stay asymmetric where appropriate"", ""Document X versus catalog Y: X wins; silent optional remains unknown; explicit not_selected remains not_selected"", ""Cross-provider/type/scope/version negatives; no customer object/pricing changes"", ""Ansvar / registrering (GAP-0467); Geografi / hovedregel (GAP-0468); Ansvar / sum (GAP-0469); Ulykke / avtale/rolle/sum (GAP-0473); Rettshjelp / rolle/geografi (GAP-0476); Rettshjelp / sum/egenandel (GAP-0477); Brann / årsak/unntak (GAP-0484); Brann / egenandel (GAP-0485); Tyveri / omfang (GAP-0486); Tyveri / egenandel (GAP-0487); Sikkerhetsutstyr / MC/Snøscooter (GAP-0489); Fastmontert utstyr / sum/relativt tak (GAP-0490); Glass / tak/egenandel (GAP-0493); Naturskade / dekning/egenandel (GAP-0494); Ulykke / avtale/rolle/sum (GAP-0502); Kasko / årsaker (GAP-0524); Kasko / egenandel/dyr (GAP-0525)""]","[""Compare before/after exact scoped products against independent source-fact inventory"", ""Reverse-check changed claims for support and wrong-level leakage"", ""Re-run linked false-unknown controls with own-source oracle; inspect sources and details"", ""Record closed/reopened signature IDs; targeted family bulk comparison; held-out positive controls"", ""Full existing suite, TypeScript, ESLint, webpack production build, synthetic HTTP/PDF runtime, git diff --check after future implementation""]",GPT-6 SOL HIGH,"Utfør bare de kildebundne dimensjonsendringene listet i evidence. Gjenbruk eksisterende nøkler og behold kvalifikasjoner; del eventuell lang tekst etter faktisk semantisk dimensjon, aldri heuristisk UI-tolkning.","[""document > catalog"", ""optional availability != customer selected"", ""unknown != not covered"", ""provider/type/scope/version isolation"", ""product level and add-on boundaries"", ""side-swap symmetry without invented equivalents"", ""age start/reduction/expiry and object age kept distinct"", ""annual/accumulated/coverage mileage kept distinct"", ""per event/year/lifetime/selected sum kept distinct"", ""source page/hash and fact-specific provenance"", ""same object identity and pricing/TFA are not catalog eligibility""]",Source/scope gate satisfied for listed dimensions only; separate user authorization and regression still required.,"Frozen corpus 2026-09-29, not live current-source verification",Known catalog availability never selects a customer add-on,PLANNED_NOT_IMPLEMENTED,"[""B-024"", ""B-025"", ""B-026"", ""B-027"", ""B-037"", ""B-044"", ""B-045"", ""B-049"", ""B-056"", ""B-057"", ""B-061"", ""B-068"", ""B-069"", ""B-076"", ""B-084"", ""B-088"", ""B-094"", ""B-095"", ""B-096"", ""B-097"", ""B-098"", ""B-099"", ""B-100"", ""B-111"", ""B-112"", ""B-118"", ""B-119"", ""B-120"", ""B-126"", ""B-127"", ""B-136"", ""B-137"", ""B-138"", ""B-142"", ""B-150"", ""B-151"", ""B-161"", ""B-169"", ""B-170"", ""B-171"", ""B-172"", ""B-176"", ""B-185"", ""B-186"", ""B-188"", ""B-189"", ""B-194"", ""B-204""]",MAIN_AGENT_REVIEW_REQUIRED,One named file owner; source research may be parallel read-only. Disjoint files only after all dependencies pass. No agents launched in this triage.
B-084,3,storebrand · Tilhenger · ordinary: Materialiser dokumenterte P1-dimensjoner på eksisterende nøkler,"[""storebrand"", ""Tilhenger"", ""ordinary"", ""DATA""]","[""RC-060""]","[""SCRC-011""]","[""RB-10""]","[""083aacaf64d96a6d"", ""0f3c8f521d015563"", ""4a0b6d8d7a8c01e0"", ""aabc6ac929bfcc3a"", ""bd10327c68f65e94"", ""d30d57137cab24e4""]",[],6,11,6,11,0,"[""[\""storebrand\"",\""tilhenger\"",\""ordinary\"",\""storebrand-tilhenger-brann-og-tyveri\"",\""2026-03-01\""]"", ""[\""storebrand\"",\""tilhenger\"",\""ordinary\"",\""storebrand-tilhenger-kasko\"",\""2026-03-01\""]""]","[""Tilhenger""]","[""storebrand""]","[""ordinary""]",[],CATALOG_DATA,DATA_BATCH,MEDIUM,IMPLEMENTATION_READY,MUST_BEFORE_NITO,LIKELY_SHARED_WITH_CUSTOMER_MODE,NOT_PROVEN_REQUIRED,Catalog knowledge improvement is shared where enrichment is eligible; no real customer PDF or extraction conclusion is claimed.,"[""lib/vehicle-object-catalog.ts""]",[],tests/remediation-b-084.test.mjs (future; consolidate with relevant existing suite if clearer),[],[],[],"[""Own-source exact subject/value/unit/period/conditions with page/hash"", ""Exact base, inherited, optional and unavailable product-level combinations"", ""Same-product and both comparison directions; provider-specific facts stay asymmetric where appropriate"", ""Document X versus catalog Y: X wins; silent optional remains unknown; explicit not_selected remains not_selected"", ""Cross-provider/type/scope/version negatives; no customer object/pricing changes"", ""Brann / omfang/egenandel (GAP-0810); Tyveri / omfang/egenandel (GAP-0811); Veihjelp / nivå/geografi (GAP-0812); Rettshjelp / rolle/geografi (GAP-0818); Rettshjelp / sum (GAP-0819); Kasko / årsaker (GAP-0832)""]","[""Compare before/after exact scoped products against independent source-fact inventory"", ""Reverse-check changed claims for support and wrong-level leakage"", ""Re-run linked false-unknown controls with own-source oracle; inspect sources and details"", ""Record closed/reopened signature IDs; targeted family bulk comparison; held-out positive controls"", ""Full existing suite, TypeScript, ESLint, webpack production build, synthetic HTTP/PDF runtime, git diff --check after future implementation""]",GPT-6 SOL HIGH,"Utfør bare de kildebundne dimensjonsendringene listet i evidence. Gjenbruk eksisterende nøkler og behold kvalifikasjoner; del eventuell lang tekst etter faktisk semantisk dimensjon, aldri heuristisk UI-tolkning.","[""document > catalog"", ""optional availability != customer selected"", ""unknown != not covered"", ""provider/type/scope/version isolation"", ""product level and add-on boundaries"", ""side-swap symmetry without invented equivalents"", ""age start/reduction/expiry and object age kept distinct"", ""annual/accumulated/coverage mileage kept distinct"", ""per event/year/lifetime/selected sum kept distinct"", ""source page/hash and fact-specific provenance"", ""same object identity and pricing/TFA are not catalog eligibility""]",Source/scope gate satisfied for listed dimensions only; separate user authorization and regression still required.,"Frozen corpus 2026-09-29, not live current-source verification",Known catalog availability never selects a customer add-on,PLANNED_NOT_IMPLEMENTED,"[""B-024"", ""B-025"", ""B-026"", ""B-027"", ""B-037"", ""B-044"", ""B-045"", ""B-049"", ""B-056"", ""B-057"", ""B-061"", ""B-068"", ""B-069"", ""B-076"", ""B-083"", ""B-088"", ""B-094"", ""B-095"", ""B-096"", ""B-097"", ""B-098"", ""B-099"", ""B-100"", ""B-111"", ""B-112"", ""B-118"", ""B-119"", ""B-120"", ""B-126"", ""B-127"", ""B-136"", ""B-137"", ""B-138"", ""B-142"", ""B-150"", ""B-151"", ""B-161"", ""B-169"", ""B-170"", ""B-171"", ""B-172"", ""B-176"", ""B-185"", ""B-186"", ""B-188"", ""B-189"", ""B-194"", ""B-204""]",MAIN_AGENT_REVIEW_REQUIRED,One named file owner; source research may be parallel read-only. Disjoint files only after all dependencies pass. No agents launched in this triage.
B-085,3,tryg · Bil · ordinary: Materialiser dokumenterte P1-dimensjoner på eksisterende nøkler,"[""tryg"", ""Bil"", ""ordinary"", ""DATA""]","[""RC-061""]","[""SCRC-043""]","[""RB-39""]","[""282ee36f2da4480e"", ""678d0558a0b8f5a7"", ""af5da0d36b31e293"", ""bd9099299aa2c1e3"", ""e4fd385ee7356105""]",[],5,11,5,11,0,"[""[\""tryg\"",\""bil\"",\""ordinary\"",\""bil-ansvar\"",\""PAU25003\""]"", ""[\""tryg\"",\""bil\"",\""ordinary\"",\""bil-delkasko\"",\""PAU25835\""]"", ""[\""tryg\"",\""bil\"",\""ordinary\"",\""bil-kasko\"",\""PAU25205\""]""]","[""Bil""]","[""tryg""]","[""ordinary""]","[""bil-ekstra"", ""elbil-ekstra"", ""maskinskade""]",CATALOG_DATA,DATA_BATCH,MEDIUM,IMPLEMENTATION_READY,MUST_BEFORE_NITO,LIKELY_SHARED_WITH_CUSTOMER_MODE,NOT_PROVEN_REQUIRED,Catalog knowledge improvement is shared where enrichment is eligible; no real customer PDF or extraction conclusion is claimed.,"[""lib/tryg-catalog.ts""]",[],tests/remediation-b-085.test.mjs (future; consolidate with relevant existing suite if clearer),[],[],[],"[""Own-source exact subject/value/unit/period/conditions with page/hash"", ""Exact base, inherited, optional and unavailable product-level combinations"", ""Same-product and both comparison directions; provider-specific facts stay asymmetric where appropriate"", ""Document X versus catalog Y: X wins; silent optional remains unknown; explicit not_selected remains not_selected"", ""Cross-provider/type/scope/version negatives; no customer object/pricing changes"", ""Rettshjelp / egenandel (GAP-3907); Rettshjelp / område/rolle (GAP-3908); Garanti / reparasjon (GAP-3922); Leiebil / kondemnasjon/tyveri (GAP-3942); Maskinskade / unntak (GAP-3949)""]","[""Compare before/after exact scoped products against independent source-fact inventory"", ""Reverse-check changed claims for support and wrong-level leakage"", ""Re-run linked false-unknown controls with own-source oracle; inspect sources and details"", ""Record closed/reopened signature IDs; targeted family bulk comparison; held-out positive controls"", ""Full existing suite, TypeScript, ESLint, webpack production build, synthetic HTTP/PDF runtime, git diff --check after future implementation""]",GPT-6 SOL HIGH,"Utfør bare de kildebundne dimensjonsendringene listet i evidence. Gjenbruk eksisterende nøkler og behold kvalifikasjoner; del eventuell lang tekst etter faktisk semantisk dimensjon, aldri heuristisk UI-tolkning.","[""document > catalog"", ""optional availability != customer selected"", ""unknown != not covered"", ""provider/type/scope/version isolation"", ""product level and add-on boundaries"", ""side-swap symmetry without invented equivalents"", ""age start/reduction/expiry and object age kept distinct"", ""annual/accumulated/coverage mileage kept distinct"", ""per event/year/lifetime/selected sum kept distinct"", ""source page/hash and fact-specific provenance"", ""same object identity and pricing/TFA are not catalog eligibility""]",Source/scope gate satisfied for listed dimensions only; separate user authorization and regression still required.,"Frozen corpus 2026-09-29, not live current-source verification",Known catalog availability never selects a customer add-on,PLANNED_NOT_IMPLEMENTED,"[""B-173""]",MAIN_AGENT_REVIEW_REQUIRED,One named file owner; source research may be parallel read-only. Disjoint files only after all dependencies pass. No agents launched in this triage.
B-086,3,tryg · Bobil · ordinary: Materialiser dokumenterte P1-dimensjoner på eksisterende nøkler,"[""tryg"", ""Bobil"", ""ordinary"", ""DATA""]","[""RC-062""]","[""SCRC-044""]","[""RB-40""]","[""0a91d2606129bb38"", ""33f88bd383e5fc6c"", ""5161184ad1793107"", ""7e03deb37cfadaa6"", ""9ddfe6bea0ef30e5"", ""ad654740bdb68f96"", ""ae0661dd3218a003"", ""d2573ced9cc1c3fc"", ""f9c93dd430516953"", ""fb08cea04ff8d897""]",[],10,26,10,26,0,"[""[\""tryg\"",\""bobil\"",\""ordinary\"",\""tryg-bobil-ansvar\"",\""2026-07-01\""]"", ""[\""tryg\"",\""bobil\"",\""ordinary\"",\""tryg-bobil-bobil-ekstra\"",\""2026-07-01\""]"", ""[\""tryg\"",\""bobil\"",\""ordinary\"",\""tryg-bobil-delkasko\"",\""2026-01-01\""]"", ""[\""tryg\"",\""bobil\"",\""ordinary\"",\""tryg-bobil-kasko\"",\""2026-01-01\""]""]","[""Bobil""]","[""tryg""]","[""ordinary""]","[""tryg-bobil-maskinskade""]",CATALOG_DATA,DATA_BATCH,MEDIUM,IMPLEMENTATION_READY,MUST_BEFORE_NITO,LIKELY_SHARED_WITH_CUSTOMER_MODE,NOT_PROVEN_REQUIRED,Catalog knowledge improvement is shared where enrichment is eligible; no real customer PDF or extraction conclusion is claimed.,"[""lib/mc-bobil-tryg-if-catalog.ts""]",[],tests/remediation-b-086.test.mjs (future; consolidate with relevant existing suite if clearer),[],[],[],"[""Own-source exact subject/value/unit/period/conditions with page/hash"", ""Exact base, inherited, optional and unavailable product-level combinations"", ""Same-product and both comparison directions; provider-specific facts stay asymmetric where appropriate"", ""Document X versus catalog Y: X wins; silent optional remains unknown; explicit not_selected remains not_selected"", ""Cross-provider/type/scope/version negatives; no customer object/pricing changes"", ""Rettshjelp / sum/egenandel (GAP-4029); Rettshjelp / hovedunntak (GAP-4030); Tyveri / fortelt/rental (GAP-4039); Redning / utløsere (GAP-4040); Oppgjør / form (GAP-4042); Verkstedgaranti / varighet (GAP-4043); Dyr/vær / egenandel (GAP-4062); Maskinskade / komponenter/unntak (GAP-4064); Fukt / vilkår/unntak (GAP-4082); Fukt / Avara alternativ (GAP-4084)""]","[""Compare before/after exact scoped products against independent source-fact inventory"", ""Reverse-check changed claims for support and wrong-level leakage"", ""Re-run linked false-unknown controls with own-source oracle; inspect sources and details"", ""Record closed/reopened signature IDs; targeted family bulk comparison; held-out positive controls"", ""Full existing suite, TypeScript, ESLint, webpack production build, synthetic HTTP/PDF runtime, git diff --check after future implementation""]",GPT-6 SOL HIGH,"Utfør bare de kildebundne dimensjonsendringene listet i evidence. Gjenbruk eksisterende nøkler og behold kvalifikasjoner; del eventuell lang tekst etter faktisk semantisk dimensjon, aldri heuristisk UI-tolkning.","[""document > catalog"", ""optional availability != customer selected"", ""unknown != not covered"", ""provider/type/scope/version isolation"", ""product level and add-on boundaries"", ""side-swap symmetry without invented equivalents"", ""age start/reduction/expiry and object age kept distinct"", ""annual/accumulated/coverage mileage kept distinct"", ""per event/year/lifetime/selected sum kept distinct"", ""source page/hash and fact-specific provenance"", ""same object identity and pricing/TFA are not catalog eligibility""]",Source/scope gate satisfied for listed dimensions only; separate user authorization and regression still required.,"Frozen corpus 2026-09-29, not live current-source verification",Known catalog availability never selects a customer add-on,PLANNED_NOT_IMPLEMENTED,"[""B-059"", ""B-066"", ""B-092"", ""B-140"", ""B-174"", ""B-183"", ""B-198"", ""B-202""]",MAIN_AGENT_REVIEW_REQUIRED,One named file owner; source research may be parallel read-only. Disjoint files only after all dependencies pass. No agents launched in this triage.
B-087,3,tryg · Båt · ordinary: Materialiser dokumenterte P1-dimensjoner på eksisterende nøkler,"[""tryg"", ""Båt"", ""ordinary"", ""DATA""]","[""RC-063""]","[""SCRC-046""]","[""RB-42""]","[""0599267c725042e7"", ""1d9158224b5bc140"", ""223f02e0af319ee6"", ""38f4b007bc33f19b"", ""61fa5495c33abe97"", ""784c98bebf756f9e"", ""7d8b739e1e5906ac"", ""9f9ceb72c99ed0a1"", ""a3fc58707448c51f"", ""a7e4a2576f53a69b"", ""a93ad84464effa61"", ""d15daefc7bcc8fac"", ""ebcc2ec1fcc16943"", ""f5abe8368805d036""]",[],14,35,14,35,0,"[""[\""tryg\"",\""båt\"",\""ordinary\"",\""tryg-bat-ansvar\"",\""2024-07-01\""]"", ""[\""tryg\"",\""båt\"",\""ordinary\"",\""tryg-bat-bat-ekstra\"",\""2024-07-01\""]"", ""[\""tryg\"",\""båt\"",\""ordinary\"",\""tryg-bat-brann-ansvar\"",\""2024-07-01\""]"", ""[\""tryg\"",\""båt\"",\""ordinary\"",\""tryg-bat-brann-tyveri-ansvar\"",\""2024-07-01\""]"", ""[\""tryg\"",\""båt\"",\""ordinary\"",\""tryg-bat-kasko-ansvar\"",\""2024-07-01\""]""]","[""Båt""]","[""tryg""]","[""ordinary""]","[""tryg-bat-maskinskade"", ""tryg-bat-ulykke""]",CATALOG_DATA,DATA_BATCH,MEDIUM,IMPLEMENTATION_READY,MUST_BEFORE_NITO,LIKELY_SHARED_WITH_CUSTOMER_MODE,NOT_PROVEN_REQUIRED,Catalog knowledge improvement is shared where enrichment is eligible; no real customer PDF or extraction conclusion is claimed.,"[""lib/boat-pet-catalog.ts""]",[],tests/remediation-b-087.test.mjs (future; consolidate with relevant existing suite if clearer),[],[],[],"[""Own-source exact subject/value/unit/period/conditions with page/hash"", ""Exact base, inherited, optional and unavailable product-level combinations"", ""Same-product and both comparison directions; provider-specific facts stay asymmetric where appropriate"", ""Document X versus catalog Y: X wins; silent optional remains unknown; explicit not_selected remains not_selected"", ""Cross-provider/type/scope/version negatives; no customer object/pricing changes"", ""Geografi / omfang (GAP-4254); Ulykke / valgfri/rolle (GAP-4258); Rettshjelp / sum/egenandel (GAP-4261); Brann / utløser (GAP-4267); Tyveri / utløser (GAP-4279); Redning / assistanse (GAP-4296); Maskinskade / utløser/omfang (GAP-4298); Maskinskade / egenandel (GAP-4299); Maskinskade / unntak (GAP-4300); Ekstra / egenandelreduksjon (GAP-4317); Småbåt/motor / grenser (GAP-4321); Transport/opphold/hjemreise / utløser (GAP-4322); Ferieavbrudd / beløp/tid/utløser (GAP-4323); Transport/ferie / samlettak (GAP-4324)""]","[""Compare before/after exact scoped products against independent source-fact inventory"", ""Reverse-check changed claims for support and wrong-level leakage"", ""Re-run linked false-unknown controls with own-source oracle; inspect sources and details"", ""Record closed/reopened signature IDs; targeted family bulk comparison; held-out positive controls"", ""Full existing suite, TypeScript, ESLint, webpack production build, synthetic HTTP/PDF runtime, git diff --check after future implementation""]",GPT-6 SOL HIGH,"Utfør bare de kildebundne dimensjonsendringene listet i evidence. Gjenbruk eksisterende nøkler og behold kvalifikasjoner; del eventuell lang tekst etter faktisk semantisk dimensjon, aldri heuristisk UI-tolkning.","[""document > catalog"", ""optional availability != customer selected"", ""unknown != not covered"", ""provider/type/scope/version isolation"", ""product level and add-on boundaries"", ""side-swap symmetry without invented equivalents"", ""age start/reduction/expiry and object age kept distinct"", ""annual/accumulated/coverage mileage kept distinct"", ""per event/year/lifetime/selected sum kept distinct"", ""source page/hash and fact-specific provenance"", ""same object identity and pricing/TFA are not catalog eligibility""]",Source/scope gate satisfied for listed dimensions only; separate user authorization and regression still required.,"Frozen corpus 2026-09-29, not live current-source verification",Known catalog availability never selects a customer add-on,PLANNED_NOT_IMPLEMENTED,"[""B-003"", ""B-008"", ""B-009"", ""B-010"", ""B-018"", ""B-022"", ""B-036"", ""B-038"", ""B-041"", ""B-048"", ""B-050"", ""B-053"", ""B-060"", ""B-062"", ""B-065"", ""B-070"", ""B-071"", ""B-072"", ""B-075"", ""B-077"", ""B-080"", ""B-089"", ""B-091"", ""B-109"", ""B-110"", ""B-113"", ""B-116"", ""B-124"", ""B-125"", ""B-128"", ""B-129"", ""B-132"", ""B-133"", ""B-141"", ""B-143"", ""B-144"", ""B-147"", ""B-148"", ""B-152"", ""B-153"", ""B-154"", ""B-155"", ""B-156"", ""B-157"", ""B-160"", ""B-162"", ""B-166"", ""B-175"", ""B-177"", ""B-178"", ""B-181"", ""B-182"", ""B-187"", ""B-195"", ""B-196"", ""B-197"", ""B-199"", ""B-200""]",MAIN_AGENT_REVIEW_REQUIRED,One named file owner; source research may be parallel read-only. Disjoint files only after all dependencies pass. No agents launched in this triage.
B-088,3,tryg · Campingvogn · ordinary: Materialiser dokumenterte P1-dimensjoner på eksisterende nøkler,"[""tryg"", ""Campingvogn"", ""ordinary"", ""DATA""]","[""RC-064""]","[""SCRC-045""]","[""RB-41""]","[""05fb0b7efd75c8f2"", ""192923db80af77d1"", ""2208749fcdf21bfd"", ""36e149c5b1b6a5f1"", ""3faaa47ef10d5767"", ""42e7c69d5f0df6ce"", ""6371a027109a53b1"", ""670d6c7edf7952d5"", ""68af0543e37902e0"", ""8719ac68866c1abb"", ""c66f449a3c6138c6""]",[],11,29,11,26,3,"[""[\""tryg\"",\""campingvogn\"",\""ordinary\"",\""tryg-campingvogn-brann\"",\""2026-01-01\""]"", ""[\""tryg\"",\""campingvogn\"",\""ordinary\"",\""tryg-campingvogn-brann-og-tyveri\"",\""2026-01-01\""]"", ""[\""tryg\"",\""campingvogn\"",\""ordinary\"",\""tryg-campingvogn-campingvogn-ekstra\"",\""2026-01-01\""]"", ""[\""tryg\"",\""campingvogn\"",\""ordinary\"",\""tryg-campingvogn-kasko\"",\""2026-01-01\""]""]","[""Campingvogn""]","[""tryg""]","[""ordinary""]",[],CATALOG_DATA,DATA_BATCH,MEDIUM,IMPLEMENTATION_READY,MUST_BEFORE_NITO,LIKELY_SHARED_WITH_CUSTOMER_MODE,NOT_PROVEN_REQUIRED,Catalog knowledge improvement is shared where enrichment is eligible; no real customer PDF or extraction conclusion is claimed.,"[""lib/vehicle-object-catalog.ts""]",[],tests/remediation-b-088.test.mjs (future; consolidate with relevant existing suite if clearer),[],[],[],"[""Own-source exact subject/value/unit/period/conditions with page/hash"", ""Exact base, inherited, optional and unavailable product-level combinations"", ""Same-product and both comparison directions; provider-specific facts stay asymmetric where appropriate"", ""Document X versus catalog Y: X wins; silent optional remains unknown; explicit not_selected remains not_selected"", ""Cross-provider/type/scope/version negatives; no customer object/pricing changes"", ""Fortelt/terrasse / omfang (GAP-4136); Løsøre / grense/egenandel (GAP-4137); Brann / egenandel (GAP-4138); Naturskade / omfang/egenandel (GAP-4139); Rettshjelp / sum/egenandel (GAP-4146); Tyveri / egenandel/omfang (GAP-4154); Glass / egenandel (GAP-4177); Tyveri / forteltunntak (GAP-4190); Skadedyr / omfang (GAP-4203); Fukt / vilkår/unntak (GAP-4204); Ferieavbrudd / sum/tid/vilkår (GAP-4205)""]","[""Compare before/after exact scoped products against independent source-fact inventory"", ""Reverse-check changed claims for support and wrong-level leakage"", ""Re-run linked false-unknown controls with own-source oracle; inspect sources and details"", ""Record closed/reopened signature IDs; targeted family bulk comparison; held-out positive controls"", ""Full existing suite, TypeScript, ESLint, webpack production build, synthetic HTTP/PDF runtime, git diff --check after future implementation""]",GPT-6 SOL HIGH,"Utfør bare de kildebundne dimensjonsendringene listet i evidence. Gjenbruk eksisterende nøkler og behold kvalifikasjoner; del eventuell lang tekst etter faktisk semantisk dimensjon, aldri heuristisk UI-tolkning.","[""document > catalog"", ""optional availability != customer selected"", ""unknown != not covered"", ""provider/type/scope/version isolation"", ""product level and add-on boundaries"", ""side-swap symmetry without invented equivalents"", ""age start/reduction/expiry and object age kept distinct"", ""annual/accumulated/coverage mileage kept distinct"", ""per event/year/lifetime/selected sum kept distinct"", ""source page/hash and fact-specific provenance"", ""same object identity and pricing/TFA are not catalog eligibility""]",Source/scope gate satisfied for listed dimensions only; separate user authorization and regression still required.,"Frozen corpus 2026-09-29, not live current-source verification",Known catalog availability never selects a customer add-on,PLANNED_NOT_IMPLEMENTED,"[""B-024"", ""B-025"", ""B-026"", ""B-027"", ""B-037"", ""B-044"", ""B-045"", ""B-049"", ""B-056"", ""B-057"", ""B-061"", ""B-068"", ""B-069"", ""B-076"", ""B-083"", ""B-084"", ""B-094"", ""B-095"", ""B-096"", ""B-097"", ""B-098"", ""B-099"", ""B-100"", ""B-111"", ""B-112"", ""B-118"", ""B-119"", ""B-120"", ""B-126"", ""B-127"", ""B-136"", ""B-137"", ""B-138"", ""B-142"", ""B-150"", ""B-151"", ""B-161"", ""B-169"", ""B-170"", ""B-171"", ""B-172"", ""B-176"", ""B-185"", ""B-186"", ""B-188"", ""B-189"", ""B-194"", ""B-204""]",MAIN_AGENT_REVIEW_REQUIRED,One named file owner; source research may be parallel read-only. Disjoint files only after all dependencies pass. No agents launched in this triage.
B-089,3,tryg · Hund · ordinary: Materialiser dokumenterte P1-dimensjoner på eksisterende nøkler,"[""tryg"", ""Hund"", ""ordinary"", ""DATA""]","[""RC-065""]","[""SCRC-001"", ""SCRC-047""]","[""RB-01"", ""RB-43""]","[""0c85ee2d283e39b1"", ""16bed2bb40b8f90c"", ""299ccea7e173719d"", ""2f82551a65922fef"", ""54ae4b12e928dd11"", ""86c9b328d112f3d7"", ""86f0e4763bb31394"", ""8a3ce8f8c8e0ea33"", ""99c87c51318645c1"", ""adb1ec0451b913cb"", ""b11e6b335ac516e3"", ""e2d135320216be8b""]",[],12,12,12,12,0,"[""[\""tryg\"",\""hund\"",\""ordinary\"",\""tryg-hund-behandling\"",\""2026-09-01\""]""]","[""Hund""]","[""tryg""]","[""ordinary""]","[""tryg-hund-dod"", ""tryg-hund-ekstra""]",CATALOG_DATA,DATA_BATCH,MEDIUM,IMPLEMENTATION_READY,MUST_BEFORE_NITO,LIKELY_SHARED_WITH_CUSTOMER_MODE,NOT_PROVEN_REQUIRED,Catalog knowledge improvement is shared where enrichment is eligible; no real customer PDF or extraction conclusion is claimed.,"[""lib/boat-pet-catalog.ts""]",[],tests/remediation-b-089.test.mjs (future; consolidate with relevant existing suite if clearer),[],[],[],"[""Own-source exact subject/value/unit/period/conditions with page/hash"", ""Exact base, inherited, optional and unavailable product-level combinations"", ""Same-product and both comparison directions; provider-specific facts stay asymmetric where appropriate"", ""Document X versus catalog Y: X wins; silent optional remains unknown; explicit not_selected remains not_selected"", ""Cross-provider/type/scope/version negatives; no customer object/pricing changes"", ""Veterinær / egenandel per sykdom/ulykke (GAP-0001); Veterinær / sumperioder (GAP-0002); Diagnostikk / CT og MR (GAP-0003); Veterinær / opphør (GAP-0006); Liv / aldersreduksjon (GAP-0009); Tenner / ulykkesskade (GAP-4341); Fødselshjelp / kvalifikasjon (GAP-4342); Rehabilitering / unavailable (GAP-4345); Tenner / vilkår (GAP-4350); Liv / tilvalg/utløser (GAP-4352); Liv / leddvilkår (GAP-4353); Liv / opphør (GAP-4360)""]","[""Compare before/after exact scoped products against independent source-fact inventory"", ""Reverse-check changed claims for support and wrong-level leakage"", ""Re-run linked false-unknown controls with own-source oracle; inspect sources and details"", ""Record closed/reopened signature IDs; targeted family bulk comparison; held-out positive controls"", ""Full existing suite, TypeScript, ESLint, webpack production build, synthetic HTTP/PDF runtime, git diff --check after future implementation""]",GPT-6 SOL HIGH,"Utfør bare de kildebundne dimensjonsendringene listet i evidence. Gjenbruk eksisterende nøkler og behold kvalifikasjoner; del eventuell lang tekst etter faktisk semantisk dimensjon, aldri heuristisk UI-tolkning.","[""document > catalog"", ""optional availability != customer selected"", ""unknown != not covered"", ""provider/type/scope/version isolation"", ""product level and add-on boundaries"", ""side-swap symmetry without invented equivalents"", ""age start/reduction/expiry and object age kept distinct"", ""annual/accumulated/coverage mileage kept distinct"", ""per event/year/lifetime/selected sum kept distinct"", ""source page/hash and fact-specific provenance"", ""same object identity and pricing/TFA are not catalog eligibility""]",Source/scope gate satisfied for listed dimensions only; separate user authorization and regression still required.,"Frozen corpus 2026-09-29, not live current-source verification",Known catalog availability never selects a customer add-on,PLANNED_NOT_IMPLEMENTED,"[""B-003"", ""B-008"", ""B-009"", ""B-010"", ""B-018"", ""B-022"", ""B-036"", ""B-038"", ""B-041"", ""B-048"", ""B-050"", ""B-053"", ""B-060"", ""B-062"", ""B-065"", ""B-070"", ""B-071"", ""B-072"", ""B-075"", ""B-077"", ""B-080"", ""B-087"", ""B-091"", ""B-109"", ""B-110"", ""B-113"", ""B-116"", ""B-124"", ""B-125"", ""B-128"", ""B-129"", ""B-132"", ""B-133"", ""B-141"", ""B-143"", ""B-144"", ""B-147"", ""B-148"", ""B-152"", ""B-153"", ""B-154"", ""B-155"", ""B-156"", ""B-157"", ""B-160"", ""B-162"", ""B-166"", ""B-175"", ""B-177"", ""B-178"", ""B-181"", ""B-182"", ""B-187"", ""B-195"", ""B-196"", ""B-197"", ""B-199"", ""B-200""]",MAIN_AGENT_REVIEW_REQUIRED,One named file owner; source research may be parallel read-only. Disjoint files only after all dependencies pass. No agents launched in this triage.
B-090,3,tryg · Innbo · ordinary: Materialiser dokumenterte P1-dimensjoner på eksisterende nøkler,"[""tryg"", ""Innbo"", ""ordinary"", ""DATA""]","[""RC-066""]","[""SCRC-048""]","[""RB-44""]","[""09a679d3146d5f0a"", ""336b0063f48f7c20"", ""3476f17c57182cd4"", ""6528af829b3604fa"", ""74d0646bdc05d7a1"", ""96cc99cbc81848cb"", ""99831bbae3805bfb"", ""e70b4b78e7dd5fdc""]",[],8,12,8,12,0,"[""[\""tryg\"",\""innbo\"",\""ordinary\"",\""tryg-innbo\"",\""2026-07-01\""]"", ""[\""tryg\"",\""innbo\"",\""ordinary\"",\""tryg-innbo-ekstra\"",\""2026-07-01\""]""]","[""Innbo""]","[""tryg""]","[""ordinary""]",[],CATALOG_DATA,DATA_BATCH,MEDIUM,IMPLEMENTATION_READY,MUST_BEFORE_NITO,LIKELY_SHARED_WITH_CUSTOMER_MODE,NOT_PROVEN_REQUIRED,Catalog knowledge improvement is shared where enrichment is eligible; no real customer PDF or extraction conclusion is claimed.,"[""lib/tryg-innbo-catalog.ts""]",[],tests/remediation-b-090.test.mjs (future; consolidate with relevant existing suite if clearer),"[""B-011"", ""B-015""]","[""B-011"", ""B-015""]",[],"[""Own-source exact subject/value/unit/period/conditions with page/hash"", ""Exact base, inherited, optional and unavailable product-level combinations"", ""Same-product and both comparison directions; provider-specific facts stay asymmetric where appropriate"", ""Document X versus catalog Y: X wins; silent optional remains unknown; explicit not_selected remains not_selected"", ""Cross-provider/type/scope/version negatives; no customer object/pricing changes"", ""Midlertidig bosted / sum_duration_conditions (GAP-4395); Leietakers påkostning / sum_trigger (GAP-4396); Vann / covered_triggers (GAP-4400); Vann / level_specific (GAP-4401); Andre skader / deductibles (GAP-4407); Plutselig uforutsett skade / conditions_exclusions (GAP-4436); Plutselig uforutsett skade / deductible (GAP-4437); Skadedyr / sum_scope (GAP-4438)""]","[""Compare before/after exact scoped products against independent source-fact inventory"", ""Reverse-check changed claims for support and wrong-level leakage"", ""Re-run linked false-unknown controls with own-source oracle; inspect sources and details"", ""Record closed/reopened signature IDs; targeted family bulk comparison; held-out positive controls"", ""Full existing suite, TypeScript, ESLint, webpack production build, synthetic HTTP/PDF runtime, git diff --check after future implementation""]",GPT-6 SOL HIGH,"Utfør bare de kildebundne dimensjonsendringene listet i evidence. Gjenbruk eksisterende nøkler og behold kvalifikasjoner; del eventuell lang tekst etter faktisk semantisk dimensjon, aldri heuristisk UI-tolkning.","[""document > catalog"", ""optional availability != customer selected"", ""unknown != not covered"", ""provider/type/scope/version isolation"", ""product level and add-on boundaries"", ""side-swap symmetry without invented equivalents"", ""age start/reduction/expiry and object age kept distinct"", ""annual/accumulated/coverage mileage kept distinct"", ""per event/year/lifetime/selected sum kept distinct"", ""source page/hash and fact-specific provenance"", ""same object identity and pricing/TFA are not catalog eligibility""]",Source/scope gate satisfied for listed dimensions only; separate user authorization and regression still required.,"Frozen corpus 2026-09-29, not live current-source verification",Known catalog availability never selects a customer add-on,PLANNED_NOT_IMPLEMENTED,"[""B-011"", ""B-015"", ""B-179"", ""B-180"", ""B-201""]",MAIN_AGENT_REVIEW_REQUIRED,One named file owner; source research may be parallel read-only. Disjoint files only after all dependencies pass. No agents launched in this triage.
B-091,3,tryg · Katt · ordinary: Materialiser dokumenterte P1-dimensjoner på eksisterende nøkler,"[""tryg"", ""Katt"", ""ordinary"", ""DATA""]","[""RC-067""]","[""SCRC-001"", ""SCRC-047""]","[""RB-01"", ""RB-43""]","[""01ac0a38f55c121b"", ""2828771d4baf4ac2"", ""58cc53938359edf5"", ""6694fdccb6c7b37d"", ""7ea53e9c446fab07"", ""866f73f728048a94"", ""ab0b2da355a320f7"", ""aef5e515cfbd157e"", ""b191f12a403c27ee"", ""d4005cb74cd96b23"", ""e14fd27a12c11449"", ""e7ae996fe7dc4716""]",[],12,12,12,12,0,"[""[\""tryg\"",\""katt\"",\""ordinary\"",\""tryg-katt-behandling\"",\""2026-09-01\""]""]","[""Katt""]","[""tryg""]","[""ordinary""]","[""tryg-katt-dod"", ""tryg-katt-ekstra""]",CATALOG_DATA,DATA_BATCH,MEDIUM,IMPLEMENTATION_READY,MUST_BEFORE_NITO,LIKELY_SHARED_WITH_CUSTOMER_MODE,NOT_PROVEN_REQUIRED,Catalog knowledge improvement is shared where enrichment is eligible; no real customer PDF or extraction conclusion is claimed.,"[""lib/boat-pet-catalog.ts""]",[],tests/remediation-b-091.test.mjs (future; consolidate with relevant existing suite if clearer),[],[],[],"[""Own-source exact subject/value/unit/period/conditions with page/hash"", ""Exact base, inherited, optional and unavailable product-level combinations"", ""Same-product and both comparison directions; provider-specific facts stay asymmetric where appropriate"", ""Document X versus catalog Y: X wins; silent optional remains unknown; explicit not_selected remains not_selected"", ""Cross-provider/type/scope/version negatives; no customer object/pricing changes"", ""Veterinær / egenandel per sykdom/ulykke (GAP-0010); Veterinær / sumperioder (GAP-0011); Diagnostikk / CT og MR (GAP-0012); Veterinær / opphør (GAP-0015); Liv / aldersreduksjon (GAP-0018); Tannresorpsjon / årlig undergrense (GAP-0019); Tenner / ulykkesskade (GAP-4369); Fødselshjelp / kvalifikasjon (GAP-4370); Tenner / vilkår (GAP-4377); Liv / tilvalg/utløser (GAP-4379); Liv / leddvilkår (GAP-4380); Liv / opphør (GAP-4385)""]","[""Compare before/after exact scoped products against independent source-fact inventory"", ""Reverse-check changed claims for support and wrong-level leakage"", ""Re-run linked false-unknown controls with own-source oracle; inspect sources and details"", ""Record closed/reopened signature IDs; targeted family bulk comparison; held-out positive controls"", ""Full existing suite, TypeScript, ESLint, webpack production build, synthetic HTTP/PDF runtime, git diff --check after future implementation""]",GPT-6 SOL HIGH,"Utfør bare de kildebundne dimensjonsendringene listet i evidence. Gjenbruk eksisterende nøkler og behold kvalifikasjoner; del eventuell lang tekst etter faktisk semantisk dimensjon, aldri heuristisk UI-tolkning.","[""document > catalog"", ""optional availability != customer selected"", ""unknown != not covered"", ""provider/type/scope/version isolation"", ""product level and add-on boundaries"", ""side-swap symmetry without invented equivalents"", ""age start/reduction/expiry and object age kept distinct"", ""annual/accumulated/coverage mileage kept distinct"", ""per event/year/lifetime/selected sum kept distinct"", ""source page/hash and fact-specific provenance"", ""same object identity and pricing/TFA are not catalog eligibility""]",Source/scope gate satisfied for listed dimensions only; separate user authorization and regression still required.,"Frozen corpus 2026-09-29, not live current-source verification",Known catalog availability never selects a customer add-on,PLANNED_NOT_IMPLEMENTED,"[""B-003"", ""B-008"", ""B-009"", ""B-010"", ""B-018"", ""B-022"", ""B-036"", ""B-038"", ""B-041"", ""B-048"", ""B-050"", ""B-053"", ""B-060"", ""B-062"", ""B-065"", ""B-070"", ""B-071"", ""B-072"", ""B-075"", ""B-077"", ""B-080"", ""B-087"", ""B-089"", ""B-109"", ""B-110"", ""B-113"", ""B-116"", ""B-124"", ""B-125"", ""B-128"", ""B-129"", ""B-132"", ""B-133"", ""B-141"", ""B-143"", ""B-144"", ""B-147"", ""B-148"", ""B-152"", ""B-153"", ""B-154"", ""B-155"", ""B-156"", ""B-157"", ""B-160"", ""B-162"", ""B-166"", ""B-175"", ""B-177"", ""B-178"", ""B-181"", ""B-182"", ""B-187"", ""B-195"", ""B-196"", ""B-197"", ""B-199"", ""B-200""]",MAIN_AGENT_REVIEW_REQUIRED,One named file owner; source research may be parallel read-only. Disjoint files only after all dependencies pass. No agents launched in this triage.
B-092,3,tryg · MC · ordinary: Materialiser dokumenterte P1-dimensjoner på eksisterende nøkler,"[""tryg"", ""MC"", ""ordinary"", ""DATA""]","[""RC-068""]","[""SCRC-044""]","[""RB-40""]","[""3c306dcb857d247c"", ""6aa61050c24047bf"", ""85de100924204226"", ""988ec459389b20ed"", ""c089655b561b9ade"", ""d4d898dbe7dad032""]",[],6,20,6,20,0,"[""[\""tryg\"",\""mc\"",\""ordinary\"",\""tryg-mc-ansvar\"",\""2026-07-01\""]"", ""[\""tryg\"",\""mc\"",\""ordinary\"",\""tryg-mc-delkasko\"",\""2026-01-01\""]"", ""[\""tryg\"",\""mc\"",\""ordinary\"",\""tryg-mc-kasko\"",\""2026-07-01\""]"", ""[\""tryg\"",\""mc\"",\""ordinary\"",\""tryg-mc-mc-ekstra\"",\""2026-07-01\""]""]","[""MC""]","[""tryg""]","[""ordinary""]",[],CATALOG_DATA,DATA_BATCH,MEDIUM,IMPLEMENTATION_READY,MUST_BEFORE_NITO,LIKELY_SHARED_WITH_CUSTOMER_MODE,NOT_PROVEN_REQUIRED,Catalog knowledge improvement is shared where enrichment is eligible; no real customer PDF or extraction conclusion is claimed.,"[""lib/mc-bobil-tryg-if-catalog.ts""]",[],tests/remediation-b-092.test.mjs (future; consolidate with relevant existing suite if clearer),[],[],[],"[""Own-source exact subject/value/unit/period/conditions with page/hash"", ""Exact base, inherited, optional and unavailable product-level combinations"", ""Same-product and both comparison directions; provider-specific facts stay asymmetric where appropriate"", ""Document X versus catalog Y: X wins; silent optional remains unknown; explicit not_selected remains not_selected"", ""Cross-provider/type/scope/version negatives; no customer object/pricing changes"", ""Rettshjelp / sum/egenandel (GAP-3960); Rettshjelp / hovedunntak (GAP-3961); Redning / utløsere (GAP-3972); Oppgjør / form (GAP-3974); Verkstedgaranti / varighet (GAP-3975); Tyverialarm / egenandel (GAP-3977)""]","[""Compare before/after exact scoped products against independent source-fact inventory"", ""Reverse-check changed claims for support and wrong-level leakage"", ""Re-run linked false-unknown controls with own-source oracle; inspect sources and details"", ""Record closed/reopened signature IDs; targeted family bulk comparison; held-out positive controls"", ""Full existing suite, TypeScript, ESLint, webpack production build, synthetic HTTP/PDF runtime, git diff --check after future implementation""]",GPT-6 SOL HIGH,"Utfør bare de kildebundne dimensjonsendringene listet i evidence. Gjenbruk eksisterende nøkler og behold kvalifikasjoner; del eventuell lang tekst etter faktisk semantisk dimensjon, aldri heuristisk UI-tolkning.","[""document > catalog"", ""optional availability != customer selected"", ""unknown != not covered"", ""provider/type/scope/version isolation"", ""product level and add-on boundaries"", ""side-swap symmetry without invented equivalents"", ""age start/reduction/expiry and object age kept distinct"", ""annual/accumulated/coverage mileage kept distinct"", ""per event/year/lifetime/selected sum kept distinct"", ""source page/hash and fact-specific provenance"", ""same object identity and pricing/TFA are not catalog eligibility""]",Source/scope gate satisfied for listed dimensions only; separate user authorization and regression still required.,"Frozen corpus 2026-09-29, not live current-source verification",Known catalog availability never selects a customer add-on,PLANNED_NOT_IMPLEMENTED,"[""B-059"", ""B-066"", ""B-086"", ""B-140"", ""B-174"", ""B-183"", ""B-198"", ""B-202""]",MAIN_AGENT_REVIEW_REQUIRED,One named file owner; source research may be parallel read-only. Disjoint files only after all dependencies pass. No agents launched in this triage.
B-093,3,tryg · Reise · ordinary: Materialiser dokumenterte P1-dimensjoner på eksisterende nøkler,"[""tryg"", ""Reise"", ""ordinary"", ""DATA""]","[""RC-069""]","[""SCRC-050""]","[""RB-46""]","[""13bc424d2cf2cfd9"", ""2dab33ce14bc7af3"", ""5ace95fc65248ffc"", ""62568f57044e3a1e"", ""63235630b651e645"", ""b34d48f74fe9c773"", ""be4b6e703df548b9"", ""caac64cb80c84ff7"", ""e598072d49375395"", ""fca4c5bdc12f4b10""]",[],10,28,10,28,0,"[""[\""tryg\"",\""reise\"",\""ordinary\"",\""tryg-reise\"",\""2026-09-20-canonical\""]"", ""[\""tryg\"",\""reise\"",\""ordinary\"",\""tryg-reise-ekstra\"",\""2026-09-20-canonical\""]"", ""[\""tryg\"",\""reise\"",\""ordinary\"",\""tryg-reise-premium\"",\""2026-09-20-canonical\""]""]","[""Reise""]","[""tryg""]","[""ordinary""]","[""tryg-reise-ulykke"", ""tryg-reise-ulykke-ekstra""]",CATALOG_DATA,DATA_BATCH,MEDIUM,IMPLEMENTATION_READY,MUST_BEFORE_NITO,LIKELY_SHARED_WITH_CUSTOMER_MODE,NOT_PROVEN_REQUIRED,Catalog knowledge improvement is shared where enrichment is eligible; no real customer PDF or extraction conclusion is claimed.,"[""lib/tryg-reise-catalog.ts""]",[],tests/remediation-b-093.test.mjs (future; consolidate with relevant existing suite if clearer),[],[],[],"[""Own-source exact subject/value/unit/period/conditions with page/hash"", ""Exact base, inherited, optional and unavailable product-level combinations"", ""Same-product and both comparison directions; provider-specific facts stay asymmetric where appropriate"", ""Document X versus catalog Y: X wins; silent optional remains unknown; explicit not_selected remains not_selected"", ""Cross-provider/type/scope/version negatives; no customer object/pricing changes"", ""Personkrets / eligibility (GAP-4466); Reiselengde / optional_extension (GAP-4467); Avbestilling / timing (GAP-4468); Avbestilling / exclusions (GAP-4470); Reisegods / scope (GAP-4473); Reisesyke / exclusions (GAP-4479); Ulykke / threshold_death (GAP-4483); Ulykke / exclusions (GAP-4484); Ulykke / occupation (GAP-4485); Tryg Legehjelp / service (GAP-4507)""]","[""Compare before/after exact scoped products against independent source-fact inventory"", ""Reverse-check changed claims for support and wrong-level leakage"", ""Re-run linked false-unknown controls with own-source oracle; inspect sources and details"", ""Record closed/reopened signature IDs; targeted family bulk comparison; held-out positive controls"", ""Full existing suite, TypeScript, ESLint, webpack production build, synthetic HTTP/PDF runtime, git diff --check after future implementation""]",GPT-6 SOL HIGH,"Utfør bare de kildebundne dimensjonsendringene listet i evidence. Gjenbruk eksisterende nøkler og behold kvalifikasjoner; del eventuell lang tekst etter faktisk semantisk dimensjon, aldri heuristisk UI-tolkning.","[""document > catalog"", ""optional availability != customer selected"", ""unknown != not covered"", ""provider/type/scope/version isolation"", ""product level and add-on boundaries"", ""side-swap symmetry without invented equivalents"", ""age start/reduction/expiry and object age kept distinct"", ""annual/accumulated/coverage mileage kept distinct"", ""per event/year/lifetime/selected sum kept distinct"", ""source page/hash and fact-specific provenance"", ""same object identity and pricing/TFA are not catalog eligibility""]",Source/scope gate satisfied for listed dimensions only; separate user authorization and regression still required.,"Frozen corpus 2026-09-29, not live current-source verification",Known catalog availability never selects a customer add-on,PLANNED_NOT_IMPLEMENTED,"[""B-184"", ""B-203""]",MAIN_AGENT_REVIEW_REQUIRED,One named file owner; source research may be parallel read-only. Disjoint files only after all dependencies pass. No agents launched in this triage.
B-094,3,tryg · Snøscooter · ordinary: Materialiser dokumenterte P1-dimensjoner på eksisterende nøkler,"[""tryg"", ""Snøscooter"", ""ordinary"", ""DATA""]","[""RC-070""]","[""SCRC-045""]","[""RB-41""]","[""40a5161cc927eb64"", ""6bf58f2daa0f7261"", ""7c91ed15ae7c888a"", ""8cadf5ecb7eb0344"", ""baa376e07105aa9e"", ""f38b8cd7d948d311""]",[],6,15,6,15,0,"[""[\""tryg\"",\""snøscooter\"",\""ordinary\"",\""tryg-snoscooter-ansvar\"",null]"", ""[\""tryg\"",\""snøscooter\"",\""ordinary\"",\""tryg-snoscooter-brann-og-tyveri\"",null]"", ""[\""tryg\"",\""snøscooter\"",\""ordinary\"",\""tryg-snoscooter-kasko\"",null]""]","[""Snøscooter""]","[""tryg""]","[""ordinary""]","[""tryg-snoscooter-forerulykke"", ""tryg-snoscooter-ulykke""]",CATALOG_DATA,DATA_BATCH,MEDIUM,IMPLEMENTATION_READY,MUST_BEFORE_NITO,LIKELY_SHARED_WITH_CUSTOMER_MODE,NOT_PROVEN_REQUIRED,Catalog knowledge improvement is shared where enrichment is eligible; no real customer PDF or extraction conclusion is claimed.,"[""lib/vehicle-object-catalog.ts""]",[],tests/remediation-b-094.test.mjs (future; consolidate with relevant existing suite if clearer),[],[],[],"[""Own-source exact subject/value/unit/period/conditions with page/hash"", ""Exact base, inherited, optional and unavailable product-level combinations"", ""Same-product and both comparison directions; provider-specific facts stay asymmetric where appropriate"", ""Document X versus catalog Y: X wins; silent optional remains unknown; explicit not_selected remains not_selected"", ""Cross-provider/type/scope/version negatives; no customer object/pricing changes"", ""Førerulykke / valgfri/sum (GAP-4094); Rettshjelp / sum/egenandel (GAP-4098); Utstyr / sum/omfang (GAP-4104); Brann/tyveri / sum/egenandel (GAP-4105); Redning / unavailable (GAP-4106); Kasko / omfang (GAP-4122)""]","[""Compare before/after exact scoped products against independent source-fact inventory"", ""Reverse-check changed claims for support and wrong-level leakage"", ""Re-run linked false-unknown controls with own-source oracle; inspect sources and details"", ""Record closed/reopened signature IDs; targeted family bulk comparison; held-out positive controls"", ""Full existing suite, TypeScript, ESLint, webpack production build, synthetic HTTP/PDF runtime, git diff --check after future implementation""]",GPT-6 SOL HIGH,"Utfør bare de kildebundne dimensjonsendringene listet i evidence. Gjenbruk eksisterende nøkler og behold kvalifikasjoner; del eventuell lang tekst etter faktisk semantisk dimensjon, aldri heuristisk UI-tolkning.","[""document > catalog"", ""optional availability != customer selected"", ""unknown != not covered"", ""provider/type/scope/version isolation"", ""product level and add-on boundaries"", ""side-swap symmetry without invented equivalents"", ""age start/reduction/expiry and object age kept distinct"", ""annual/accumulated/coverage mileage kept distinct"", ""per event/year/lifetime/selected sum kept distinct"", ""source page/hash and fact-specific provenance"", ""same object identity and pricing/TFA are not catalog eligibility""]",Source/scope gate satisfied for listed dimensions only; separate user authorization and regression still required.,"Frozen corpus 2026-09-29, not live current-source verification",Known catalog availability never selects a customer add-on,PLANNED_NOT_IMPLEMENTED,"[""B-024"", ""B-025"", ""B-026"", ""B-027"", ""B-037"", ""B-044"", ""B-045"", ""B-049"", ""B-056"", ""B-057"", ""B-061"", ""B-068"", ""B-069"", ""B-076"", ""B-083"", ""B-084"", ""B-088"", ""B-095"", ""B-096"", ""B-097"", ""B-098"", ""B-099"", ""B-100"", ""B-111"", ""B-112"", ""B-118"", ""B-119"", ""B-120"", ""B-126"", ""B-127"", ""B-136"", ""B-137"", ""B-138"", ""B-142"", ""B-150"", ""B-151"", ""B-161"", ""B-169"", ""B-170"", ""B-171"", ""B-172"", ""B-176"", ""B-185"", ""B-186"", ""B-188"", ""B-189"", ""B-194"", ""B-204""]",MAIN_AGENT_REVIEW_REQUIRED,One named file owner; source research may be parallel read-only. Disjoint files only after all dependencies pass. No agents launched in this triage.
B-095,3,tryg · Tilhenger · ordinary: Materialiser dokumenterte P1-dimensjoner på eksisterende nøkler,"[""tryg"", ""Tilhenger"", ""ordinary"", ""DATA""]","[""RC-071""]","[""SCRC-045""]","[""RB-41""]","[""7871452b1fcf2b1d"", ""8c3c4b9bdcca1d0a"", ""c6201d986f790208""]",[],3,8,3,8,0,"[""[\""tryg\"",\""tilhenger\"",\""ordinary\"",\""tryg-tilhenger-brann\"",\""2026-01-01\""]"", ""[\""tryg\"",\""tilhenger\"",\""ordinary\"",\""tryg-tilhenger-brann-og-tyveri\"",\""2026-01-01\""]"", ""[\""tryg\"",\""tilhenger\"",\""ordinary\"",\""tryg-tilhenger-kasko\"",\""2026-01-01\""]""]","[""Tilhenger""]","[""tryg""]","[""ordinary""]",[],CATALOG_DATA,DATA_BATCH,MEDIUM,IMPLEMENTATION_READY,MUST_BEFORE_NITO,LIKELY_SHARED_WITH_CUSTOMER_MODE,NOT_PROVEN_REQUIRED,Catalog knowledge improvement is shared where enrichment is eligible; no real customer PDF or extraction conclusion is claimed.,"[""lib/vehicle-object-catalog.ts""]",[],tests/remediation-b-095.test.mjs (future; consolidate with relevant existing suite if clearer),[],[],[],"[""Own-source exact subject/value/unit/period/conditions with page/hash"", ""Exact base, inherited, optional and unavailable product-level combinations"", ""Same-product and both comparison directions; provider-specific facts stay asymmetric where appropriate"", ""Document X versus catalog Y: X wins; silent optional remains unknown; explicit not_selected remains not_selected"", ""Cross-provider/type/scope/version negatives; no customer object/pricing changes"", ""Brann / egenandel (GAP-4211); Rettshjelp / sum/egenandel (GAP-4219); Tyveri / egenandel/omfang (GAP-4225)""]","[""Compare before/after exact scoped products against independent source-fact inventory"", ""Reverse-check changed claims for support and wrong-level leakage"", ""Re-run linked false-unknown controls with own-source oracle; inspect sources and details"", ""Record closed/reopened signature IDs; targeted family bulk comparison; held-out positive controls"", ""Full existing suite, TypeScript, ESLint, webpack production build, synthetic HTTP/PDF runtime, git diff --check after future implementation""]",GPT-6 SOL HIGH,"Utfør bare de kildebundne dimensjonsendringene listet i evidence. Gjenbruk eksisterende nøkler og behold kvalifikasjoner; del eventuell lang tekst etter faktisk semantisk dimensjon, aldri heuristisk UI-tolkning.","[""document > catalog"", ""optional availability != customer selected"", ""unknown != not covered"", ""provider/type/scope/version isolation"", ""product level and add-on boundaries"", ""side-swap symmetry without invented equivalents"", ""age start/reduction/expiry and object age kept distinct"", ""annual/accumulated/coverage mileage kept distinct"", ""per event/year/lifetime/selected sum kept distinct"", ""source page/hash and fact-specific provenance"", ""same object identity and pricing/TFA are not catalog eligibility""]",Source/scope gate satisfied for listed dimensions only; separate user authorization and regression still required.,"Frozen corpus 2026-09-29, not live current-source verification",Known catalog availability never selects a customer add-on,PLANNED_NOT_IMPLEMENTED,"[""B-024"", ""B-025"", ""B-026"", ""B-027"", ""B-037"", ""B-044"", ""B-045"", ""B-049"", ""B-056"", ""B-057"", ""B-061"", ""B-068"", ""B-069"", ""B-076"", ""B-083"", ""B-084"", ""B-088"", ""B-094"", ""B-096"", ""B-097"", ""B-098"", ""B-099"", ""B-100"", ""B-111"", ""B-112"", ""B-118"", ""B-119"", ""B-120"", ""B-126"", ""B-127"", ""B-136"", ""B-137"", ""B-138"", ""B-142"", ""B-150"", ""B-151"", ""B-161"", ""B-169"", ""B-170"", ""B-171"", ""B-172"", ""B-176"", ""B-185"", ""B-186"", ""B-188"", ""B-189"", ""B-194"", ""B-204""]",MAIN_AGENT_REVIEW_REQUIRED,One named file owner; source research may be parallel read-only. Disjoint files only after all dependencies pass. No agents launched in this triage.
B-096,4,eika-fremtind · Campingvogn · ordinary: Avklar typegyldige nøkler og detaljkobling,"[""eika-fremtind"", ""Campingvogn"", ""ordinary"", ""MAP-REGISTER""]","[""RC-001""]","[""SCRC-056""]","[""RB-52""]","[""7c2beb43fe4221af"", ""abad1d63f65f2bcf""]",[],2,3,2,3,0,"[""[\""eika-fremtind\"",\""campingvogn\"",\""ordinary\"",\""eika-fremtind-campingvogn-kasko\"",\""2024-03-21\""]"", ""[\""eika-fremtind\"",\""campingvogn\"",\""ordinary\"",\""eika-fremtind-campingvogn-minikasko\"",\""2024-03-21\""]""]","[""Campingvogn""]","[""eika-fremtind""]","[""ordinary""]",[],CANONICAL_MAPPING,SMALL_CODE,HIGH,MAPPING_REVIEW_FIRST,MUST_BEFORE_NITO,LIKELY_SHARED_WITH_CUSTOMER_MODE,NOT_PROVEN_REQUIRED,Catalog knowledge improvement is shared where enrichment is eligible; no real customer PDF or extraction conclusion is claimed.,"[""lib/vehicle-object-catalog.ts""]","[""lib/vehicle-object-registry.ts""]",tests/remediation-b-096.test.mjs (future; consolidate with relevant existing suite if clearer),"[""CR-122"", ""CR-126""]",[],"[""CR-122"", ""CR-126""]","[""Own-source exact subject/value/unit/period/conditions with page/hash"", ""Exact base, inherited, optional and unavailable product-level combinations"", ""Same-product and both comparison directions; provider-specific facts stay asymmetric where appropriate"", ""Document X versus catalog Y: X wins; silent optional remains unknown; explicit not_selected remains not_selected"", ""Cross-provider/type/scope/version negatives; no customer object/pricing changes"", ""Nyverdi / conditions (GAP-5303); Ferieavbrudd / limits (GAP-5320)""]","[""Compare before/after exact scoped products against independent source-fact inventory"", ""Reverse-check changed claims for support and wrong-level leakage"", ""Re-run linked false-unknown controls with own-source oracle; inspect sources and details"", ""Record closed/reopened signature IDs; targeted family bulk comparison; held-out positive controls"", ""Full existing suite, TypeScript, ESLint, webpack production build, synthetic HTTP/PDF runtime, git diff --check after future implementation""]",GPT-6 ASTRA EXTRA HIGH,"Kontroller eksisterende nøkkel, type-register og parent/detail-kobling per oppført dimensjon. Rebruk trygg identitet eller legg til eksplisitt typeavgrenset registrering. Ikke utled fra etikett/tall i UI, og ikke utvid ekstraksjon uten separat bevist behov.","[""document > catalog"", ""optional availability != customer selected"", ""unknown != not covered"", ""provider/type/scope/version isolation"", ""product level and add-on boundaries"", ""side-swap symmetry without invented equivalents"", ""age start/reduction/expiry and object age kept distinct"", ""annual/accumulated/coverage mileage kept distinct"", ""per event/year/lifetime/selected sum kept distinct"", ""source page/hash and fact-specific provenance"", ""same object identity and pricing/TFA are not catalog eligibility""]",Source/scope gate satisfied for listed dimensions only; separate user authorization and regression still required.,"Frozen corpus 2026-09-29, not live current-source verification",Known catalog availability never selects a customer add-on,PLANNED_NOT_IMPLEMENTED,"[""B-024"", ""B-025"", ""B-026"", ""B-027"", ""B-037"", ""B-044"", ""B-045"", ""B-049"", ""B-056"", ""B-057"", ""B-061"", ""B-068"", ""B-069"", ""B-076"", ""B-083"", ""B-084"", ""B-088"", ""B-094"", ""B-095"", ""B-097"", ""B-098"", ""B-099"", ""B-100"", ""B-111"", ""B-112"", ""B-118"", ""B-119"", ""B-120"", ""B-126"", ""B-127"", ""B-136"", ""B-137"", ""B-138"", ""B-142"", ""B-150"", ""B-151"", ""B-161"", ""B-169"", ""B-170"", ""B-171"", ""B-172"", ""B-176"", ""B-185"", ""B-186"", ""B-188"", ""B-189"", ""B-194"", ""B-204""]",NOT_SAFE_FOR_PARALLEL_EXECUTION,One named file owner; source research may be parallel read-only. Disjoint files only after all dependencies pass. No agents launched in this triage.
B-097,4,eika-fremtind · Campingvogn · ordinary: Avklar semantisk plassering før P1-dimensjoner materialiseres,"[""eika-fremtind"", ""Campingvogn"", ""ordinary"", ""MODEL""]","[""RC-001""]","[""SCRC-056""]","[""RB-52""]","[""2376af1c31759f40"", ""b5edb076f7528f15"", ""e8c81a783b77994f""]",[],3,6,3,6,0,"[""[\""eika-fremtind\"",\""campingvogn\"",\""ordinary\"",\""eika-fremtind-campingvogn-kasko\"",\""2024-03-21\""]"", ""[\""eika-fremtind\"",\""campingvogn\"",\""ordinary\"",\""eika-fremtind-campingvogn-minikasko\"",\""2024-03-21\""]""]","[""Campingvogn""]","[""eika-fremtind""]","[""ordinary""]",[],CANONICAL_MODEL_REVIEW,SMALL_CODE,HIGH,CANONICAL_REVIEW_FIRST,MUST_BEFORE_NITO,LIKELY_SHARED_WITH_CUSTOMER_MODE,NOT_PROVEN_REQUIRED,Catalog knowledge improvement is shared where enrichment is eligible; no real customer PDF or extraction conclusion is claimed.,"[""lib/vehicle-object-catalog.ts""]","[""lib/vehicle-object-registry.ts""]",tests/remediation-b-097.test.mjs (future; consolidate with relevant existing suite if clearer),"[""CR-114"", ""CR-116"", ""CR-134""]",[],"[""CR-114"", ""CR-116"", ""CR-134""]","[""Own-source exact subject/value/unit/period/conditions with page/hash"", ""Exact base, inherited, optional and unavailable product-level combinations"", ""Same-product and both comparison directions; provider-specific facts stay asymmetric where appropriate"", ""Document X versus catalog Y: X wins; silent optional remains unknown; explicit not_selected remains not_selected"", ""Cross-provider/type/scope/version negatives; no customer object/pricing changes"", ""Aldersfradrag / objects (GAP-5305); Tilbygg / rigging (GAP-5306); Alarm / deductible (GAP-5307)""]","[""Compare before/after exact scoped products against independent source-fact inventory"", ""Reverse-check changed claims for support and wrong-level leakage"", ""Re-run linked false-unknown controls with own-source oracle; inspect sources and details"", ""Record closed/reopened signature IDs; targeted family bulk comparison; held-out positive controls"", ""Full existing suite, TypeScript, ESLint, webpack production build, synthetic HTTP/PDF runtime, git diff --check after future implementation""]",GPT-6 ASTRA EXTRA HIGH,Ta beslutning per oppført konsept/dimensjon i canonical-review-queue. Prøv eksisterende eksakt nøkkel eller tydelig provider-detalj først. Ny nøkkel bare etter dokumentert tap/falsk ekvivalens ved gjenbruk. Deretter implementeres bare godkjent scoped forfatteroperasjon. Ingen generell schema-ombygging er bevist nødvendig.,"[""document > catalog"", ""optional availability != customer selected"", ""unknown != not covered"", ""provider/type/scope/version isolation"", ""product level and add-on boundaries"", ""side-swap symmetry without invented equivalents"", ""age start/reduction/expiry and object age kept distinct"", ""annual/accumulated/coverage mileage kept distinct"", ""per event/year/lifetime/selected sum kept distinct"", ""source page/hash and fact-specific provenance"", ""same object identity and pricing/TFA are not catalog eligibility""]",Source/scope gate satisfied for listed dimensions only; separate user authorization and regression still required.,"Frozen corpus 2026-09-29, not live current-source verification",Known catalog availability never selects a customer add-on,PLANNED_NOT_IMPLEMENTED,"[""B-024"", ""B-025"", ""B-026"", ""B-027"", ""B-037"", ""B-044"", ""B-045"", ""B-049"", ""B-056"", ""B-057"", ""B-061"", ""B-068"", ""B-069"", ""B-076"", ""B-083"", ""B-084"", ""B-088"", ""B-094"", ""B-095"", ""B-096"", ""B-098"", ""B-099"", ""B-100"", ""B-111"", ""B-112"", ""B-118"", ""B-119"", ""B-120"", ""B-126"", ""B-127"", ""B-136"", ""B-137"", ""B-138"", ""B-142"", ""B-150"", ""B-151"", ""B-161"", ""B-169"", ""B-170"", ""B-171"", ""B-172"", ""B-176"", ""B-185"", ""B-186"", ""B-188"", ""B-189"", ""B-194"", ""B-204""]",NOT_SAFE_FOR_PARALLEL_EXECUTION,One named file owner; source research may be parallel read-only. Disjoint files only after all dependencies pass. No agents launched in this triage.
B-098,4,eika-fremtind · Snøscooter · ordinary: Avklar typegyldige nøkler og detaljkobling,"[""eika-fremtind"", ""Snøscooter"", ""ordinary"", ""MAP-REGISTER""]","[""RC-002""]","[""SCRC-056""]","[""RB-52""]","[""0ed47ccd22d6a78c"", ""d64982f158babd17"", ""ffcd15543d7b4cb6""]",[],3,8,3,8,0,"[""[\""eika-fremtind\"",\""snøscooter\"",\""ordinary\"",\""eika-fremtind-snoscooter-ansvar\"",\""2023-10-29\""]"", ""[\""eika-fremtind\"",\""snøscooter\"",\""ordinary\"",\""eika-fremtind-snoscooter-kasko\"",\""2023-10-29\""]"", ""[\""eika-fremtind\"",\""snøscooter\"",\""ordinary\"",\""eika-fremtind-snoscooter-minikasko\"",\""2023-10-29\""]""]","[""Snøscooter""]","[""eika-fremtind""]","[""ordinary""]",[],CANONICAL_MAPPING,SMALL_CODE,HIGH,MAPPING_REVIEW_FIRST,MUST_BEFORE_NITO,LIKELY_SHARED_WITH_CUSTOMER_MODE,NOT_PROVEN_REQUIRED,Catalog knowledge improvement is shared where enrichment is eligible; no real customer PDF or extraction conclusion is claimed.,"[""lib/vehicle-object-catalog.ts""]","[""lib/vehicle-object-registry.ts""]",tests/remediation-b-098.test.mjs (future; consolidate with relevant existing suite if clearer),"[""CR-414"", ""CR-434"", ""CR-443""]",[],"[""CR-414"", ""CR-434"", ""CR-443""]","[""Own-source exact subject/value/unit/period/conditions with page/hash"", ""Exact base, inherited, optional and unavailable product-level combinations"", ""Same-product and both comparison directions; provider-specific facts stay asymmetric where appropriate"", ""Document X versus catalog Y: X wins; silent optional remains unknown; explicit not_selected remains not_selected"", ""Cross-provider/type/scope/version negatives; no customer object/pricing changes"", ""Ansvar / limits (GAP-5262); Ulykke / sums (GAP-5263); Redning kjøretøy / scope (GAP-5276)""]","[""Compare before/after exact scoped products against independent source-fact inventory"", ""Reverse-check changed claims for support and wrong-level leakage"", ""Re-run linked false-unknown controls with own-source oracle; inspect sources and details"", ""Record closed/reopened signature IDs; targeted family bulk comparison; held-out positive controls"", ""Full existing suite, TypeScript, ESLint, webpack production build, synthetic HTTP/PDF runtime, git diff --check after future implementation""]",GPT-6 ASTRA EXTRA HIGH,"Kontroller eksisterende nøkkel, type-register og parent/detail-kobling per oppført dimensjon. Rebruk trygg identitet eller legg til eksplisitt typeavgrenset registrering. Ikke utled fra etikett/tall i UI, og ikke utvid ekstraksjon uten separat bevist behov.","[""document > catalog"", ""optional availability != customer selected"", ""unknown != not covered"", ""provider/type/scope/version isolation"", ""product level and add-on boundaries"", ""side-swap symmetry without invented equivalents"", ""age start/reduction/expiry and object age kept distinct"", ""annual/accumulated/coverage mileage kept distinct"", ""per event/year/lifetime/selected sum kept distinct"", ""source page/hash and fact-specific provenance"", ""same object identity and pricing/TFA are not catalog eligibility""]",Source/scope gate satisfied for listed dimensions only; separate user authorization and regression still required.,"Frozen corpus 2026-09-29, not live current-source verification",Known catalog availability never selects a customer add-on,PLANNED_NOT_IMPLEMENTED,"[""B-024"", ""B-025"", ""B-026"", ""B-027"", ""B-037"", ""B-044"", ""B-045"", ""B-049"", ""B-056"", ""B-057"", ""B-061"", ""B-068"", ""B-069"", ""B-076"", ""B-083"", ""B-084"", ""B-088"", ""B-094"", ""B-095"", ""B-096"", ""B-097"", ""B-099"", ""B-100"", ""B-111"", ""B-112"", ""B-118"", ""B-119"", ""B-120"", ""B-126"", ""B-127"", ""B-136"", ""B-137"", ""B-138"", ""B-142"", ""B-150"", ""B-151"", ""B-161"", ""B-169"", ""B-170"", ""B-171"", ""B-172"", ""B-176"", ""B-185"", ""B-186"", ""B-188"", ""B-189"", ""B-194"", ""B-204""]",NOT_SAFE_FOR_PARALLEL_EXECUTION,One named file owner; source research may be parallel read-only. Disjoint files only after all dependencies pass. No agents launched in this triage.
B-099,4,eika-fremtind · Snøscooter · ordinary: Avklar semantisk plassering før P1-dimensjoner materialiseres,"[""eika-fremtind"", ""Snøscooter"", ""ordinary"", ""MODEL""]","[""RC-002""]","[""SCRC-056""]","[""RB-52""]","[""a362e6d0dbffa8fe"", ""f120e20e419f7db2""]",[],2,4,2,4,0,"[""[\""eika-fremtind\"",\""snøscooter\"",\""ordinary\"",\""eika-fremtind-snoscooter-kasko\"",\""2023-10-29\""]"", ""[\""eika-fremtind\"",\""snøscooter\"",\""ordinary\"",\""eika-fremtind-snoscooter-minikasko\"",\""2023-10-29\""]""]","[""Snøscooter""]","[""eika-fremtind""]","[""ordinary""]",[],CANONICAL_MODEL_REVIEW,SMALL_CODE,HIGH,CANONICAL_REVIEW_FIRST,MUST_BEFORE_NITO,LIKELY_SHARED_WITH_CUSTOMER_MODE,NOT_PROVEN_REQUIRED,Catalog knowledge improvement is shared where enrichment is eligible; no real customer PDF or extraction conclusion is claimed.,"[""lib/vehicle-object-catalog.ts""]","[""lib/vehicle-object-registry.ts""]",tests/remediation-b-099.test.mjs (future; consolidate with relevant existing suite if clearer),"[""CR-412"", ""CR-421""]",[],"[""CR-412"", ""CR-421""]","[""Own-source exact subject/value/unit/period/conditions with page/hash"", ""Exact base, inherited, optional and unavailable product-level combinations"", ""Same-product and both comparison directions; provider-specific facts stay asymmetric where appropriate"", ""Document X versus catalog Y: X wins; silent optional remains unknown; explicit not_selected remains not_selected"", ""Cross-provider/type/scope/version negatives; no customer object/pricing changes"", ""Feilfylling / limits (GAP-5277); Alarm / deductible (GAP-5280)""]","[""Compare before/after exact scoped products against independent source-fact inventory"", ""Reverse-check changed claims for support and wrong-level leakage"", ""Re-run linked false-unknown controls with own-source oracle; inspect sources and details"", ""Record closed/reopened signature IDs; targeted family bulk comparison; held-out positive controls"", ""Full existing suite, TypeScript, ESLint, webpack production build, synthetic HTTP/PDF runtime, git diff --check after future implementation""]",GPT-6 ASTRA EXTRA HIGH,Ta beslutning per oppført konsept/dimensjon i canonical-review-queue. Prøv eksisterende eksakt nøkkel eller tydelig provider-detalj først. Ny nøkkel bare etter dokumentert tap/falsk ekvivalens ved gjenbruk. Deretter implementeres bare godkjent scoped forfatteroperasjon. Ingen generell schema-ombygging er bevist nødvendig.,"[""document > catalog"", ""optional availability != customer selected"", ""unknown != not covered"", ""provider/type/scope/version isolation"", ""product level and add-on boundaries"", ""side-swap symmetry without invented equivalents"", ""age start/reduction/expiry and object age kept distinct"", ""annual/accumulated/coverage mileage kept distinct"", ""per event/year/lifetime/selected sum kept distinct"", ""source page/hash and fact-specific provenance"", ""same object identity and pricing/TFA are not catalog eligibility""]",Source/scope gate satisfied for listed dimensions only; separate user authorization and regression still required.,"Frozen corpus 2026-09-29, not live current-source verification",Known catalog availability never selects a customer add-on,PLANNED_NOT_IMPLEMENTED,"[""B-024"", ""B-025"", ""B-026"", ""B-027"", ""B-037"", ""B-044"", ""B-045"", ""B-049"", ""B-056"", ""B-057"", ""B-061"", ""B-068"", ""B-069"", ""B-076"", ""B-083"", ""B-084"", ""B-088"", ""B-094"", ""B-095"", ""B-096"", ""B-097"", ""B-098"", ""B-100"", ""B-111"", ""B-112"", ""B-118"", ""B-119"", ""B-120"", ""B-126"", ""B-127"", ""B-136"", ""B-137"", ""B-138"", ""B-142"", ""B-150"", ""B-151"", ""B-161"", ""B-169"", ""B-170"", ""B-171"", ""B-172"", ""B-176"", ""B-185"", ""B-186"", ""B-188"", ""B-189"", ""B-194"", ""B-204""]",NOT_SAFE_FOR_PARALLEL_EXECUTION,One named file owner; source research may be parallel read-only. Disjoint files only after all dependencies pass. No agents launched in this triage.
B-100,4,eika-fremtind · Tilhenger · ordinary: Avklar typegyldige nøkler og detaljkobling,"[""eika-fremtind"", ""Tilhenger"", ""ordinary"", ""MAP-REGISTER""]","[""RC-003""]","[""SCRC-056""]","[""RB-52""]","[""1db5cf8ae1ff0657""]",[],1,1,1,1,0,"[""[\""eika-fremtind\"",\""tilhenger\"",\""ordinary\"",\""eika-fremtind-tilhenger-kasko\"",\""2024-03-21\""]""]","[""Tilhenger""]","[""eika-fremtind""]","[""ordinary""]",[],CANONICAL_MAPPING,SMALL_CODE,HIGH,MAPPING_REVIEW_FIRST,MUST_BEFORE_NITO,LIKELY_SHARED_WITH_CUSTOMER_MODE,NOT_PROVEN_REQUIRED,Catalog knowledge improvement is shared where enrichment is eligible; no real customer PDF or extraction conclusion is claimed.,"[""lib/vehicle-object-catalog.ts""]","[""lib/vehicle-object-registry.ts""]",tests/remediation-b-100.test.mjs (future; consolidate with relevant existing suite if clearer),"[""CR-458""]",[],"[""CR-458""]","[""Own-source exact subject/value/unit/period/conditions with page/hash"", ""Exact base, inherited, optional and unavailable product-level combinations"", ""Same-product and both comparison directions; provider-specific facts stay asymmetric where appropriate"", ""Document X versus catalog Y: X wins; silent optional remains unknown; explicit not_selected remains not_selected"", ""Cross-provider/type/scope/version negatives; no customer object/pricing changes"", ""Nyverdi / conditions (GAP-5326)""]","[""Compare before/after exact scoped products against independent source-fact inventory"", ""Reverse-check changed claims for support and wrong-level leakage"", ""Re-run linked false-unknown controls with own-source oracle; inspect sources and details"", ""Record closed/reopened signature IDs; targeted family bulk comparison; held-out positive controls"", ""Full existing suite, TypeScript, ESLint, webpack production build, synthetic HTTP/PDF runtime, git diff --check after future implementation""]",GPT-6 ASTRA EXTRA HIGH,"Kontroller eksisterende nøkkel, type-register og parent/detail-kobling per oppført dimensjon. Rebruk trygg identitet eller legg til eksplisitt typeavgrenset registrering. Ikke utled fra etikett/tall i UI, og ikke utvid ekstraksjon uten separat bevist behov.","[""document > catalog"", ""optional availability != customer selected"", ""unknown != not covered"", ""provider/type/scope/version isolation"", ""product level and add-on boundaries"", ""side-swap symmetry without invented equivalents"", ""age start/reduction/expiry and object age kept distinct"", ""annual/accumulated/coverage mileage kept distinct"", ""per event/year/lifetime/selected sum kept distinct"", ""source page/hash and fact-specific provenance"", ""same object identity and pricing/TFA are not catalog eligibility""]",Source/scope gate satisfied for listed dimensions only; separate user authorization and regression still required.,"Frozen corpus 2026-09-29, not live current-source verification",Known catalog availability never selects a customer add-on,PLANNED_NOT_IMPLEMENTED,"[""B-024"", ""B-025"", ""B-026"", ""B-027"", ""B-037"", ""B-044"", ""B-045"", ""B-049"", ""B-056"", ""B-057"", ""B-061"", ""B-068"", ""B-069"", ""B-076"", ""B-083"", ""B-084"", ""B-088"", ""B-094"", ""B-095"", ""B-096"", ""B-097"", ""B-098"", ""B-099"", ""B-111"", ""B-112"", ""B-118"", ""B-119"", ""B-120"", ""B-126"", ""B-127"", ""B-136"", ""B-137"", ""B-138"", ""B-142"", ""B-150"", ""B-151"", ""B-161"", ""B-169"", ""B-170"", ""B-171"", ""B-172"", ""B-176"", ""B-185"", ""B-186"", ""B-188"", ""B-189"", ""B-194"", ""B-204""]",NOT_SAFE_FOR_PARALLEL_EXECUTION,One named file owner; source research may be parallel read-only. Disjoint files only after all dependencies pass. No agents launched in this triage.
B-101,4,fremtind · Bobil · ordinary-dnb: Avklar semantisk plassering før P1-dimensjoner materialiseres,"[""fremtind"", ""Bobil"", ""ordinary-dnb"", ""MODEL""]","[""RC-004""]","[""SCRC-057""]","[""RB-53""]","[""62e71b5854c84a46"", ""ae0ff54fc60d891e""]",[],2,5,2,5,0,"[""[\""fremtind\"",\""bobil\"",\""ordinary-dnb\"",\""fremtind-bobil-kasko\"",\""2025-09-18\""]"", ""[\""fremtind\"",\""bobil\"",\""ordinary-dnb\"",\""fremtind-bobil-minikasko\"",\""2025-09-18\""]"", ""[\""fremtind\"",\""bobil\"",\""ordinary-dnb\"",\""fremtind-bobil-topp\"",\""2025-09-18\""]""]","[""Bobil""]","[""fremtind""]","[""ordinary-dnb""]","[""fremtind-bobil-maskinskade""]",CANONICAL_MODEL_REVIEW,SMALL_CODE,HIGH,CANONICAL_REVIEW_FIRST,MUST_BEFORE_NITO,LIKELY_SHARED_WITH_CUSTOMER_MODE,NOT_PROVEN_REQUIRED,Catalog knowledge improvement is shared where enrichment is eligible; no real customer PDF or extraction conclusion is claimed.,"[""lib/mc-bobil-fremtind-frende-catalog.ts""]","[""lib/mc-bobil-registry.ts""]",tests/remediation-b-101.test.mjs (future; consolidate with relevant existing suite if clearer),"[""CR-048"", ""CR-051""]",[],"[""CR-048"", ""CR-051""]","[""Own-source exact subject/value/unit/period/conditions with page/hash"", ""Exact base, inherited, optional and unavailable product-level combinations"", ""Same-product and both comparison directions; provider-specific facts stay asymmetric where appropriate"", ""Document X versus catalog Y: X wins; silent optional remains unknown; explicit not_selected remains not_selected"", ""Cross-provider/type/scope/version negatives; no customer object/pricing changes"", ""Redning leiebil / conditional (GAP-5403); Maskinskade / battery_deduction (GAP-5446)""]","[""Compare before/after exact scoped products against independent source-fact inventory"", ""Reverse-check changed claims for support and wrong-level leakage"", ""Re-run linked false-unknown controls with own-source oracle; inspect sources and details"", ""Record closed/reopened signature IDs; targeted family bulk comparison; held-out positive controls"", ""Full existing suite, TypeScript, ESLint, webpack production build, synthetic HTTP/PDF runtime, git diff --check after future implementation""]",GPT-6 ASTRA EXTRA HIGH,Ta beslutning per oppført konsept/dimensjon i canonical-review-queue. Prøv eksisterende eksakt nøkkel eller tydelig provider-detalj først. Ny nøkkel bare etter dokumentert tap/falsk ekvivalens ved gjenbruk. Deretter implementeres bare godkjent scoped forfatteroperasjon. Ingen generell schema-ombygging er bevist nødvendig.,"[""document > catalog"", ""optional availability != customer selected"", ""unknown != not covered"", ""provider/type/scope/version isolation"", ""product level and add-on boundaries"", ""side-swap symmetry without invented equivalents"", ""age start/reduction/expiry and object age kept distinct"", ""annual/accumulated/coverage mileage kept distinct"", ""per event/year/lifetime/selected sum kept distinct"", ""source page/hash and fact-specific provenance"", ""same object identity and pricing/TFA are not catalog eligibility""]",Source/scope gate satisfied for listed dimensions only; separate user authorization and regression still required.,"Frozen corpus 2026-09-29, not live current-source verification",Known catalog availability never selects a customer add-on,PLANNED_NOT_IMPLEMENTED,"[""B-023"", ""B-028"", ""B-031"", ""B-035"", ""B-042"", ""B-104"", ""B-108"", ""B-117"", ""B-123"", ""B-134"", ""B-140"", ""B-159"", ""B-167"", ""B-174"", ""B-183"", ""B-190""]",NOT_SAFE_FOR_PARALLEL_EXECUTION,One named file owner; source research may be parallel read-only. Disjoint files only after all dependencies pass. No agents launched in this triage.
B-102,4,fremtind · Hus · ordinary: Avklar semantisk plassering før P1-dimensjoner materialiseres,"[""fremtind"", ""Hus"", ""ordinary"", ""MODEL""]","[""RC-005""]","[""SCRC-053""]","[""RB-49""]","[""51dbc00a052ea7a0""]",[],1,2,1,2,0,"[""[\""fremtind\"",\""bolig\"",\""ordinary\"",\""fremtind-hus-standard\"",\""PBK-200.100-015+PBK-200.200-010\""]"", ""[\""fremtind\"",\""bolig\"",\""ordinary\"",\""fremtind-hus-topp\"",\""PBK-200.100-015+PBK-200.200-010\""]""]","[""Hus""]","[""fremtind""]","[""ordinary""]",[],CANONICAL_MODEL_REVIEW,SMALL_CODE,HIGH,CANONICAL_REVIEW_FIRST,MUST_BEFORE_NITO,LIKELY_SHARED_WITH_CUSTOMER_MODE,NOT_PROVEN_REQUIRED,Catalog knowledge improvement is shared where enrichment is eligible; no real customer PDF or extraction conclusion is claimed.,"[""lib/fremtind-hus-catalog.ts""]","[""lib/insurance-normalization.ts""]",tests/remediation-b-102.test.mjs (future; consolidate with relevant existing suite if clearer),"[""B-002"", ""CR-222""]","[""B-002""]","[""CR-222""]","[""Own-source exact subject/value/unit/period/conditions with page/hash"", ""Exact base, inherited, optional and unavailable product-level combinations"", ""Same-product and both comparison directions; provider-specific facts stay asymmetric where appropriate"", ""Document X versus catalog Y: X wins; silent optional remains unknown; explicit not_selected remains not_selected"", ""Cross-provider/type/scope/version negatives; no customer object/pricing changes"", ""Aldersfradrag / trigger (GAP-5091)""]","[""Compare before/after exact scoped products against independent source-fact inventory"", ""Reverse-check changed claims for support and wrong-level leakage"", ""Re-run linked false-unknown controls with own-source oracle; inspect sources and details"", ""Record closed/reopened signature IDs; targeted family bulk comparison; held-out positive controls"", ""Full existing suite, TypeScript, ESLint, webpack production build, synthetic HTTP/PDF runtime, git diff --check after future implementation""]",GPT-6 ASTRA EXTRA HIGH,Ta beslutning per oppført konsept/dimensjon i canonical-review-queue. Prøv eksisterende eksakt nøkkel eller tydelig provider-detalj først. Ny nøkkel bare etter dokumentert tap/falsk ekvivalens ved gjenbruk. Deretter implementeres bare godkjent scoped forfatteroperasjon. Ingen generell schema-ombygging er bevist nødvendig.,"[""document > catalog"", ""optional availability != customer selected"", ""unknown != not covered"", ""provider/type/scope/version isolation"", ""product level and add-on boundaries"", ""side-swap symmetry without invented equivalents"", ""age start/reduction/expiry and object age kept distinct"", ""annual/accumulated/coverage mileage kept distinct"", ""per event/year/lifetime/selected sum kept distinct"", ""source page/hash and fact-specific provenance"", ""same object identity and pricing/TFA are not catalog eligibility""]",Source/scope gate satisfied for listed dimensions only; separate user authorization and regression still required.,"Frozen corpus 2026-09-29, not live current-source verification",Known catalog availability never selects a customer add-on,PLANNED_NOT_IMPLEMENTED,"[""B-002"", ""B-015"", ""B-017"", ""B-019"", ""B-020"", ""B-021"", ""B-029"", ""B-103"", ""B-105"", ""B-106"", ""B-107"", ""B-114"", ""B-115"", ""B-121"", ""B-122"", ""B-130"", ""B-131"", ""B-135"", ""B-139"", ""B-145"", ""B-146"", ""B-149"", ""B-158"", ""B-163"", ""B-164"", ""B-165"", ""B-168"", ""B-173"", ""B-179"", ""B-180"", ""B-184""]",NOT_SAFE_FOR_PARALLEL_EXECUTION,One named file owner; source research may be parallel read-only. Disjoint files only after all dependencies pass. No agents launched in this triage.
B-103,4,fremtind · Innbo · ordinary: Avklar semantisk plassering før P1-dimensjoner materialiseres,"[""fremtind"", ""Innbo"", ""ordinary"", ""MODEL""]","[""RC-006""]","[""SCRC-052""]","[""RB-48""]","[""392bec1d96212756"", ""941cd4c6ca782e17"", ""9c49379ec6af0f88"", ""c80d734c1745fdda""]",[],4,8,4,8,0,"[""[\""fremtind\"",\""innbo\"",\""ordinary\"",\""fremtind-innbo-standard\"",\""2025-01-01\""]"", ""[\""fremtind\"",\""innbo\"",\""ordinary\"",\""fremtind-innbo-topp\"",\""2025-01-01\""]""]","[""Innbo""]","[""fremtind""]","[""ordinary""]",[],CANONICAL_MODEL_REVIEW,SMALL_CODE,HIGH,CANONICAL_REVIEW_FIRST,MUST_BEFORE_NITO,LIKELY_SHARED_WITH_CUSTOMER_MODE,NOT_PROVEN_REQUIRED,Catalog knowledge improvement is shared where enrichment is eligible; no real customer PDF or extraction conclusion is claimed.,"[""lib/fremtind-innbo-catalog.ts""]","[""lib/insurance-normalization.ts""]",tests/remediation-b-103.test.mjs (future; consolidate with relevant existing suite if clearer),"[""CR-245"", ""CR-263"", ""CR-264"", ""CR-281""]",[],"[""CR-245"", ""CR-263"", ""CR-264"", ""CR-281""]","[""Own-source exact subject/value/unit/period/conditions with page/hash"", ""Exact base, inherited, optional and unavailable product-level combinations"", ""Same-product and both comparison directions; provider-specific facts stay asymmetric where appropriate"", ""Document X versus catalog Y: X wins; silent optional remains unknown; explicit not_selected remains not_selected"", ""Cross-provider/type/scope/version negatives; no customer object/pricing changes"", ""Personkrets / eligibility (GAP-5001); Merutgifter / removal (GAP-5009); Aldersfradrag / table (GAP-5022); Yrkesskade / limits (GAP-5026)""]","[""Compare before/after exact scoped products against independent source-fact inventory"", ""Reverse-check changed claims for support and wrong-level leakage"", ""Re-run linked false-unknown controls with own-source oracle; inspect sources and details"", ""Record closed/reopened signature IDs; targeted family bulk comparison; held-out positive controls"", ""Full existing suite, TypeScript, ESLint, webpack production build, synthetic HTTP/PDF runtime, git diff --check after future implementation""]",GPT-6 ASTRA EXTRA HIGH,Ta beslutning per oppført konsept/dimensjon i canonical-review-queue. Prøv eksisterende eksakt nøkkel eller tydelig provider-detalj først. Ny nøkkel bare etter dokumentert tap/falsk ekvivalens ved gjenbruk. Deretter implementeres bare godkjent scoped forfatteroperasjon. Ingen generell schema-ombygging er bevist nødvendig.,"[""document > catalog"", ""optional availability != customer selected"", ""unknown != not covered"", ""provider/type/scope/version isolation"", ""product level and add-on boundaries"", ""side-swap symmetry without invented equivalents"", ""age start/reduction/expiry and object age kept distinct"", ""annual/accumulated/coverage mileage kept distinct"", ""per event/year/lifetime/selected sum kept distinct"", ""source page/hash and fact-specific provenance"", ""same object identity and pricing/TFA are not catalog eligibility""]",Source/scope gate satisfied for listed dimensions only; separate user authorization and regression still required.,"Frozen corpus 2026-09-29, not live current-source verification",Known catalog availability never selects a customer add-on,PLANNED_NOT_IMPLEMENTED,"[""B-015"", ""B-017"", ""B-019"", ""B-020"", ""B-021"", ""B-030"", ""B-102"", ""B-105"", ""B-106"", ""B-107"", ""B-114"", ""B-115"", ""B-121"", ""B-122"", ""B-130"", ""B-131"", ""B-135"", ""B-139"", ""B-145"", ""B-146"", ""B-149"", ""B-158"", ""B-163"", ""B-164"", ""B-165"", ""B-168"", ""B-173"", ""B-179"", ""B-180"", ""B-184"", ""B-191""]",NOT_SAFE_FOR_PARALLEL_EXECUTION,One named file owner; source research may be parallel read-only. Disjoint files only after all dependencies pass. No agents launched in this triage.
B-104,4,fremtind · MC · ordinary-sparebank1: Avklar semantisk plassering før P1-dimensjoner materialiseres,"[""fremtind"", ""MC"", ""ordinary-sparebank1"", ""MODEL""]","[""RC-007""]","[""SCRC-056""]","[""RB-52""]","[""02bba356a373ff34"", ""db224f7dc974cc07""]",[],2,4,2,4,0,"[""[\""fremtind\"",\""mc\"",\""ordinary-sparebank1\"",\""fremtind-mc-delkasko\"",null]"", ""[\""fremtind\"",\""mc\"",\""ordinary-sparebank1\"",\""fremtind-mc-kasko\"",null]""]","[""MC""]","[""fremtind""]","[""ordinary-sparebank1""]",[],CANONICAL_MODEL_REVIEW,SMALL_CODE,HIGH,CANONICAL_REVIEW_FIRST,MUST_BEFORE_NITO,LIKELY_SHARED_WITH_CUSTOMER_MODE,NOT_PROVEN_REQUIRED,Catalog knowledge improvement is shared where enrichment is eligible; no real customer PDF or extraction conclusion is claimed.,"[""lib/mc-bobil-fremtind-frende-catalog.ts""]","[""lib/mc-bobil-registry.ts""]",tests/remediation-b-104.test.mjs (future; consolidate with relevant existing suite if clearer),"[""B-023"", ""CR-343"", ""CR-352""]","[""B-023""]","[""CR-343"", ""CR-352""]","[""Own-source exact subject/value/unit/period/conditions with page/hash"", ""Exact base, inherited, optional and unavailable product-level combinations"", ""Same-product and both comparison directions; provider-specific facts stay asymmetric where appropriate"", ""Document X versus catalog Y: X wins; silent optional remains unknown; explicit not_selected remains not_selected"", ""Cross-provider/type/scope/version negatives; no customer object/pricing changes"", ""Feilfylling / limits (GAP-5345); Alarm / deductible (GAP-5348)""]","[""Compare before/after exact scoped products against independent source-fact inventory"", ""Reverse-check changed claims for support and wrong-level leakage"", ""Re-run linked false-unknown controls with own-source oracle; inspect sources and details"", ""Record closed/reopened signature IDs; targeted family bulk comparison; held-out positive controls"", ""Full existing suite, TypeScript, ESLint, webpack production build, synthetic HTTP/PDF runtime, git diff --check after future implementation""]",GPT-6 ASTRA EXTRA HIGH,Ta beslutning per oppført konsept/dimensjon i canonical-review-queue. Prøv eksisterende eksakt nøkkel eller tydelig provider-detalj først. Ny nøkkel bare etter dokumentert tap/falsk ekvivalens ved gjenbruk. Deretter implementeres bare godkjent scoped forfatteroperasjon. Ingen generell schema-ombygging er bevist nødvendig.,"[""document > catalog"", ""optional availability != customer selected"", ""unknown != not covered"", ""provider/type/scope/version isolation"", ""product level and add-on boundaries"", ""side-swap symmetry without invented equivalents"", ""age start/reduction/expiry and object age kept distinct"", ""annual/accumulated/coverage mileage kept distinct"", ""per event/year/lifetime/selected sum kept distinct"", ""source page/hash and fact-specific provenance"", ""same object identity and pricing/TFA are not catalog eligibility""]",Source/scope gate satisfied for listed dimensions only; separate user authorization and regression still required.,"Frozen corpus 2026-09-29, not live current-source verification",Known catalog availability never selects a customer add-on,PLANNED_NOT_IMPLEMENTED,"[""B-023"", ""B-028"", ""B-031"", ""B-035"", ""B-042"", ""B-101"", ""B-108"", ""B-117"", ""B-123"", ""B-134"", ""B-140"", ""B-159"", ""B-167"", ""B-174"", ""B-183"", ""B-190""]",NOT_SAFE_FOR_PARALLEL_EXECUTION,One named file owner; source research may be parallel read-only. Disjoint files only after all dependencies pass. No agents launched in this triage.
B-105,4,fremtind · Reise · ordinary: Avklar semantisk plassering før P1-dimensjoner materialiseres,"[""fremtind"", ""Reise"", ""ordinary"", ""MODEL""]","[""RC-008""]","[""SCRC-054""]","[""RB-50""]","[""03b852efbdbeba16"", ""3c6ddcaf64798ea2"", ""450b3d6bcc7fd4e5"", ""48a55c8b9fe116da"", ""966bd552a60c101a"", ""b0160d97dce104bf"", ""da362e7b553b79b6"", ""db71383e9113315a""]",[],8,8,8,8,0,"[""[\""fremtind\"",\""reise\"",\""ordinary\"",\""fremtind-reise\"",\""PRE-450.200-015\""]""]","[""Reise""]","[""fremtind""]","[""ordinary""]",[],CANONICAL_MODEL_REVIEW,SMALL_CODE,HIGH,CANONICAL_REVIEW_FIRST,MUST_BEFORE_NITO,LIKELY_SHARED_WITH_CUSTOMER_MODE,NOT_PROVEN_REQUIRED,Catalog knowledge improvement is shared where enrichment is eligible; no real customer PDF or extraction conclusion is claimed.,"[""lib/fremtind-reise-catalog.ts""]","[""lib/insurance-normalization.ts""]",tests/remediation-b-105.test.mjs (future; consolidate with relevant existing suite if clearer),"[""B-017"", ""CR-371"", ""CR-376"", ""CR-384"", ""CR-387"", ""CR-391"", ""CR-396"", ""CR-397"", ""CR-409""]","[""B-017""]","[""CR-371"", ""CR-376"", ""CR-384"", ""CR-387"", ""CR-391"", ""CR-396"", ""CR-397"", ""CR-409""]","[""Own-source exact subject/value/unit/period/conditions with page/hash"", ""Exact base, inherited, optional and unavailable product-level combinations"", ""Same-product and both comparison directions; provider-specific facts stay asymmetric where appropriate"", ""Document X versus catalog Y: X wins; silent optional remains unknown; explicit not_selected remains not_selected"", ""Cross-provider/type/scope/version negatives; no customer object/pricing changes"", ""Generelle unntak / risk (GAP-5147); Reisegods / sublimits (GAP-5149); Reisegods / excluded_objects (GAP-5151); Aldersfradrag / table (GAP-5155); Psykolog / sum (GAP-5160); Innhenting etter sykdom / sum (GAP-5161); Eneste medreisende / sum (GAP-5163); Ulykke / other_exclusions (GAP-5170)""]","[""Compare before/after exact scoped products against independent source-fact inventory"", ""Reverse-check changed claims for support and wrong-level leakage"", ""Re-run linked false-unknown controls with own-source oracle; inspect sources and details"", ""Record closed/reopened signature IDs; targeted family bulk comparison; held-out positive controls"", ""Full existing suite, TypeScript, ESLint, webpack production build, synthetic HTTP/PDF runtime, git diff --check after future implementation""]",GPT-6 ASTRA EXTRA HIGH,Ta beslutning per oppført konsept/dimensjon i canonical-review-queue. Prøv eksisterende eksakt nøkkel eller tydelig provider-detalj først. Ny nøkkel bare etter dokumentert tap/falsk ekvivalens ved gjenbruk. Deretter implementeres bare godkjent scoped forfatteroperasjon. Ingen generell schema-ombygging er bevist nødvendig.,"[""document > catalog"", ""optional availability != customer selected"", ""unknown != not covered"", ""provider/type/scope/version isolation"", ""product level and add-on boundaries"", ""side-swap symmetry without invented equivalents"", ""age start/reduction/expiry and object age kept distinct"", ""annual/accumulated/coverage mileage kept distinct"", ""per event/year/lifetime/selected sum kept distinct"", ""source page/hash and fact-specific provenance"", ""same object identity and pricing/TFA are not catalog eligibility""]",Source/scope gate satisfied for listed dimensions only; separate user authorization and regression still required.,"Frozen corpus 2026-09-29, not live current-source verification",Known catalog availability never selects a customer add-on,PLANNED_NOT_IMPLEMENTED,"[""B-015"", ""B-017"", ""B-019"", ""B-020"", ""B-021"", ""B-032"", ""B-102"", ""B-103"", ""B-106"", ""B-107"", ""B-114"", ""B-115"", ""B-121"", ""B-122"", ""B-130"", ""B-131"", ""B-135"", ""B-139"", ""B-145"", ""B-146"", ""B-149"", ""B-158"", ""B-163"", ""B-164"", ""B-165"", ""B-168"", ""B-173"", ""B-179"", ""B-180"", ""B-184"", ""B-192"", ""B-205""]",NOT_SAFE_FOR_PARALLEL_EXECUTION,One named file owner; source research may be parallel read-only. Disjoint files only after all dependencies pass. No agents launched in this triage.
B-106,4,fremtind-four-bil-ids · Bil · ordinary: Avklar semantisk plassering før P1-dimensjoner materialiseres,"[""fremtind-four-bil-ids"", ""Bil"", ""ordinary"", ""MODEL""]","[""RC-009""]","[""SCRC-051""]","[""RB-47""]","[""112ada8feb5d1b58"", ""439abc6708b1e849"", ""74644568d42ffa15"", ""89da599659a774cf"", ""b3f93c2023c216c2"", ""b609e07de4c7962d"", ""ebddd0edcd86a1aa"", ""ee23d3457ac32e39""]",[],8,28,8,28,0,"[""[\""dnb-fremtind\"",\""bil\"",\""ordinary\"",\""dnb-bil-ansvar\"",\""PMO-357.001-004\""]"", ""[\""dnb-fremtind\"",\""bil\"",\""ordinary\"",\""dnb-bil-delkasko\"",\""PMO-357.001-004\""]"", ""[\""dnb-fremtind\"",\""bil\"",\""ordinary\"",\""dnb-bil-kasko\"",\""PMO-357.001-004\""]"", ""[\""dnb-fremtind\"",\""bil\"",\""ordinary\"",\""dnb-bil-topp\"",\""PMO-357.001-004\""]"", ""[\""eika-fremtind\"",\""bil\"",\""ordinary\"",\""eika-bil-ansvar\"",\""PMO-357.001-004\""]"", ""[\""eika-fremtind\"",\""bil\"",\""ordinary\"",\""eika-bil-delkasko\"",\""PMO-357.001-004\""]"", ""[\""eika-fremtind\"",\""bil\"",\""ordinary\"",\""eika-bil-kasko\"",\""PMO-357.001-004\""]"", ""[\""eika-fremtind\"",\""bil\"",\""ordinary\"",\""eika-bil-topp\"",\""PMO-357.001-004\""]"", ""[\""fremtind\"",\""bil\"",\""ordinary\"",\""fremtind-bil-ansvar\"",\""PMO-357.001-004\""]"", ""[\""fremtind\"",\""bil\"",\""ordinary\"",\""fremtind-bil-delkasko\"",\""PMO-357.001-004\""]"", ""[\""fremtind\"",\""bil\"",\""ordinary\"",\""fremtind-bil-kasko\"",\""PMO-357.001-004\""]"", ""[\""fremtind\"",\""bil\"",\""ordinary\"",\""fremtind-bil-topp\"",\""PMO-357.001-004\""]"", ""[\""sparebank1-fremtind\"",\""bil\"",\""ordinary\"",\""sb1-bil-ansvar\"",\""PMO-357.001-004\""]"", ""[\""sparebank1-fremtind\"",\""bil\"",\""ordinary\"",\""sb1-bil-delkasko\"",\""PMO-357.001-004\""]"", ""[\""sparebank1-fremtind\"",\""bil\"",\""ordinary\"",\""sb1-bil-kasko\"",\""PMO-357.001-004\""]"", ""[\""sparebank1-fremtind\"",\""bil\"",\""ordinary\"",\""sb1-bil-toppkasko\"",\""PMO-357.001-004\""]""]","[""Bil""]","[""dnb-fremtind"", ""eika-fremtind"", ""fremtind"", ""sparebank1-fremtind""]","[""ordinary""]",[],CANONICAL_MODEL_REVIEW,SMALL_CODE,HIGH,CANONICAL_REVIEW_FIRST,MUST_BEFORE_NITO,LIKELY_SHARED_WITH_CUSTOMER_MODE,NOT_PROVEN_REQUIRED,Catalog knowledge improvement is shared where enrichment is eligible; no real customer PDF or extraction conclusion is claimed.,"[""lib/fremtind-catalog.ts""]","[""lib/insurance-normalization.ts""]",tests/remediation-b-106.test.mjs (future; consolidate with relevant existing suite if clearer),"[""CR-003"", ""CR-024""]",[],"[""CR-003"", ""CR-024""]","[""Own-source exact subject/value/unit/period/conditions with page/hash"", ""Exact base, inherited, optional and unavailable product-level combinations"", ""Same-product and both comparison directions; provider-specific facts stay asymmetric where appropriate"", ""Document X versus catalog Y: X wins; silent optional remains unknown; explicit not_selected remains not_selected"", ""Cross-provider/type/scope/version negatives; no customer object/pricing changes"", ""Avregistrering / transition (GAP-4543); Redning leiebil / conditional (GAP-4572); Avregistrering / transition (GAP-4656); Redning leiebil / conditional (GAP-4685); Avregistrering / transition (GAP-4769); Redning leiebil / conditional (GAP-4798); Avregistrering / transition (GAP-4882); Redning leiebil / conditional (GAP-4911)""]","[""Compare before/after exact scoped products against independent source-fact inventory"", ""Reverse-check changed claims for support and wrong-level leakage"", ""Re-run linked false-unknown controls with own-source oracle; inspect sources and details"", ""Record closed/reopened signature IDs; targeted family bulk comparison; held-out positive controls"", ""Full existing suite, TypeScript, ESLint, webpack production build, synthetic HTTP/PDF runtime, git diff --check after future implementation""]",GPT-6 ASTRA EXTRA HIGH,Ta beslutning per oppført konsept/dimensjon i canonical-review-queue. Prøv eksisterende eksakt nøkkel eller tydelig provider-detalj først. Ny nøkkel bare etter dokumentert tap/falsk ekvivalens ved gjenbruk. Deretter implementeres bare godkjent scoped forfatteroperasjon. Ingen generell schema-ombygging er bevist nødvendig.,"[""document > catalog"", ""optional availability != customer selected"", ""unknown != not covered"", ""provider/type/scope/version isolation"", ""product level and add-on boundaries"", ""side-swap symmetry without invented equivalents"", ""age start/reduction/expiry and object age kept distinct"", ""annual/accumulated/coverage mileage kept distinct"", ""per event/year/lifetime/selected sum kept distinct"", ""source page/hash and fact-specific provenance"", ""same object identity and pricing/TFA are not catalog eligibility""]",Source/scope gate satisfied for listed dimensions only; separate user authorization and regression still required.,"Frozen corpus 2026-09-29, not live current-source verification",Known catalog availability never selects a customer add-on,PLANNED_NOT_IMPLEMENTED,"[""B-015"", ""B-017"", ""B-019"", ""B-020"", ""B-021"", ""B-033"", ""B-102"", ""B-103"", ""B-105"", ""B-107"", ""B-114"", ""B-115"", ""B-121"", ""B-122"", ""B-130"", ""B-131"", ""B-135"", ""B-139"", ""B-145"", ""B-146"", ""B-149"", ""B-158"", ""B-163"", ""B-164"", ""B-165"", ""B-168"", ""B-173"", ""B-179"", ""B-180"", ""B-184"", ""B-193""]",NOT_SAFE_FOR_PARALLEL_EXECUTION,One named file owner; source research may be parallel read-only. Disjoint files only after all dependencies pass. No agents launched in this triage.
B-107,4,frende · Bil · ordinary: Avklar semantisk plassering før P1-dimensjoner materialiseres,"[""frende"", ""Bil"", ""ordinary"", ""MODEL""]","[""RC-010""]","[""SCRC-017""]","[""RB-15""]","[""024284585b17322b"", ""182c98addaca8d60"", ""19fb1805510da6dd"", ""24d393ff737fdc4b"", ""2633a401973a596e"", ""3399ada6dcb9bd9b"", ""4c492ed863a18869"", ""7b2e651178a9cc3c"", ""8cbfc2bf7a1041af"", ""b1172fc88664ac1d"", ""d2f842d2c2ef54f3"", ""fc595469d11716a6"", ""fd167b9ca10200fa""]",[],13,40,13,40,0,"[""[\""frende\"",\""bil\"",\""ordinary\"",\""frende-bil-ansvar\"",\""2026-01-01\""]"", ""[\""frende\"",\""bil\"",\""ordinary\"",\""frende-bil-delkasko\"",\""2026-01-01\""]"", ""[\""frende\"",\""bil\"",\""ordinary\"",\""frende-bil-kasko\"",\""2026-01-01\""]"", ""[\""frende\"",\""bil\"",\""ordinary\"",\""frende-bil-utvidet\"",\""2026-01-01\""]""]","[""Bil""]","[""frende""]","[""ordinary""]","[""frende-maskinskade""]",CANONICAL_MODEL_REVIEW,SMALL_CODE,HIGH,CANONICAL_REVIEW_FIRST,MUST_BEFORE_NITO,LIKELY_SHARED_WITH_CUSTOMER_MODE,NOT_PROVEN_REQUIRED,Catalog knowledge improvement is shared where enrichment is eligible; no real customer PDF or extraction conclusion is claimed.,"[""lib/frende-catalog.ts""]","[""lib/insurance-normalization.ts""]",tests/remediation-b-107.test.mjs (future; consolidate with relevant existing suite if clearer),"[""B-006"", ""CR-005"", ""CR-006"", ""CR-009"", ""CR-010"", ""CR-015"", ""CR-016"", ""CR-017"", ""CR-018"", ""CR-021"", ""CR-030"", ""CR-031"", ""CR-032"", ""CR-033""]","[""B-006""]","[""CR-005"", ""CR-006"", ""CR-009"", ""CR-010"", ""CR-015"", ""CR-016"", ""CR-017"", ""CR-018"", ""CR-021"", ""CR-030"", ""CR-031"", ""CR-032"", ""CR-033""]","[""Own-source exact subject/value/unit/period/conditions with page/hash"", ""Exact base, inherited, optional and unavailable product-level combinations"", ""Same-product and both comparison directions; provider-specific facts stay asymmetric where appropriate"", ""Document X versus catalog Y: X wins; silent optional remains unknown; explicit not_selected remains not_selected"", ""Cross-provider/type/scope/version negatives; no customer object/pricing changes"", ""Egenandel / ungfører (GAP-1305); Ulykke / scope (GAP-1310); Ulykke / unntak (GAP-1312); Bruksbegrensninger / aktivitet (GAP-1317); Utstyr / hjul (GAP-1325); Elbil / batteri/ladekabel (GAP-1326); Utstyr / sikkerhet (GAP-1327); Kontanter / unntak (GAP-1329); Hjemtransport / personer (GAP-1333); Hjemtransport / kjøretøy (GAP-1334); Kasko / unntak (GAP-1371); Maskinskade / oppgjør (GAP-1376); Egenandel / dyr (GAP-1382)""]","[""Compare before/after exact scoped products against independent source-fact inventory"", ""Reverse-check changed claims for support and wrong-level leakage"", ""Re-run linked false-unknown controls with own-source oracle; inspect sources and details"", ""Record closed/reopened signature IDs; targeted family bulk comparison; held-out positive controls"", ""Full existing suite, TypeScript, ESLint, webpack production build, synthetic HTTP/PDF runtime, git diff --check after future implementation""]",GPT-6 ASTRA EXTRA HIGH,Ta beslutning per oppført konsept/dimensjon i canonical-review-queue. Prøv eksisterende eksakt nøkkel eller tydelig provider-detalj først. Ny nøkkel bare etter dokumentert tap/falsk ekvivalens ved gjenbruk. Deretter implementeres bare godkjent scoped forfatteroperasjon. Ingen generell schema-ombygging er bevist nødvendig.,"[""document > catalog"", ""optional availability != customer selected"", ""unknown != not covered"", ""provider/type/scope/version isolation"", ""product level and add-on boundaries"", ""side-swap symmetry without invented equivalents"", ""age start/reduction/expiry and object age kept distinct"", ""annual/accumulated/coverage mileage kept distinct"", ""per event/year/lifetime/selected sum kept distinct"", ""source page/hash and fact-specific provenance"", ""same object identity and pricing/TFA are not catalog eligibility""]",Source/scope gate satisfied for listed dimensions only; separate user authorization and regression still required.,"Frozen corpus 2026-09-29, not live current-source verification",Known catalog availability never selects a customer add-on,PLANNED_NOT_IMPLEMENTED,"[""B-006"", ""B-015"", ""B-017"", ""B-019"", ""B-020"", ""B-021"", ""B-034"", ""B-102"", ""B-103"", ""B-105"", ""B-106"", ""B-114"", ""B-115"", ""B-121"", ""B-122"", ""B-130"", ""B-131"", ""B-135"", ""B-139"", ""B-145"", ""B-146"", ""B-149"", ""B-158"", ""B-163"", ""B-164"", ""B-165"", ""B-168"", ""B-173"", ""B-179"", ""B-180"", ""B-184""]",NOT_SAFE_FOR_PARALLEL_EXECUTION,One named file owner; source research may be parallel read-only. Disjoint files only after all dependencies pass. No agents launched in this triage.
B-108,4,frende · Bobil · ordinary: Avklar semantisk plassering før P1-dimensjoner materialiseres,"[""frende"", ""Bobil"", ""ordinary"", ""MODEL""]","[""RC-011""]","[""SCRC-019""]","[""RB-17""]","[""33cf8488a5b0c285"", ""3b2c09b3510549f8"", ""3e46568326d5e730"", ""47227ad12be87e19"", ""6313e4fb3e6b8f2d"", ""a5bb01685e5437f1"", ""dc26a4cbdad31335"", ""e129c8b413d28f82"", ""e8a479ac1faa2852"", ""f24801a3173fbfd0""]",[],10,31,10,31,0,"[""[\""frende\"",\""bobil\"",\""ordinary\"",\""frende-bobil-ansvar\"",\""2026-01-01\""]"", ""[\""frende\"",\""bobil\"",\""ordinary\"",\""frende-bobil-delkasko\"",\""2026-01-01\""]"", ""[\""frende\"",\""bobil\"",\""ordinary\"",\""frende-bobil-kasko\"",\""2026-01-01\""]"", ""[\""frende\"",\""bobil\"",\""ordinary\"",\""frende-bobil-utvidet\"",\""2026-01-01\""]""]","[""Bobil""]","[""frende""]","[""ordinary""]","[""frende-bobil-maskinskade""]",CANONICAL_MODEL_REVIEW,SMALL_CODE,HIGH,CANONICAL_REVIEW_FIRST,MUST_BEFORE_NITO,LIKELY_SHARED_WITH_CUSTOMER_MODE,NOT_PROVEN_REQUIRED,Catalog knowledge improvement is shared where enrichment is eligible; no real customer PDF or extraction conclusion is claimed.,"[""lib/mc-bobil-fremtind-frende-catalog.ts""]","[""lib/mc-bobil-registry.ts""]",tests/remediation-b-108.test.mjs (future; consolidate with relevant existing suite if clearer),"[""CR-038"", ""CR-039"", ""CR-040"", ""CR-041"", ""CR-045"", ""CR-049"", ""CR-056"", ""CR-058"", ""CR-060"", ""CR-061""]",[],"[""CR-038"", ""CR-039"", ""CR-040"", ""CR-041"", ""CR-045"", ""CR-049"", ""CR-056"", ""CR-058"", ""CR-060"", ""CR-061""]","[""Own-source exact subject/value/unit/period/conditions with page/hash"", ""Exact base, inherited, optional and unavailable product-level combinations"", ""Same-product and both comparison directions; provider-specific facts stay asymmetric where appropriate"", ""Document X versus catalog Y: X wins; silent optional remains unknown; explicit not_selected remains not_selected"", ""Cross-provider/type/scope/version negatives; no customer object/pricing changes"", ""Utleie / tilleggsegenandel (GAP-1523); Egenandel / ungfører (GAP-1533); Ulykke / unntak (GAP-1540); Bruksbegrensninger / aktivitet (GAP-1545); Utstyr / hjul (GAP-1549); Elbil / batteri/ladekabel (GAP-1550); Utstyr / sikkerhet (GAP-1551); Kontanter / unntak (GAP-1552); Maskinskade / oppgjør (GAP-1589); Egenandel / dyr (GAP-1594)""]","[""Compare before/after exact scoped products against independent source-fact inventory"", ""Reverse-check changed claims for support and wrong-level leakage"", ""Re-run linked false-unknown controls with own-source oracle; inspect sources and details"", ""Record closed/reopened signature IDs; targeted family bulk comparison; held-out positive controls"", ""Full existing suite, TypeScript, ESLint, webpack production build, synthetic HTTP/PDF runtime, git diff --check after future implementation""]",GPT-6 ASTRA EXTRA HIGH,Ta beslutning per oppført konsept/dimensjon i canonical-review-queue. Prøv eksisterende eksakt nøkkel eller tydelig provider-detalj først. Ny nøkkel bare etter dokumentert tap/falsk ekvivalens ved gjenbruk. Deretter implementeres bare godkjent scoped forfatteroperasjon. Ingen generell schema-ombygging er bevist nødvendig.,"[""document > catalog"", ""optional availability != customer selected"", ""unknown != not covered"", ""provider/type/scope/version isolation"", ""product level and add-on boundaries"", ""side-swap symmetry without invented equivalents"", ""age start/reduction/expiry and object age kept distinct"", ""annual/accumulated/coverage mileage kept distinct"", ""per event/year/lifetime/selected sum kept distinct"", ""source page/hash and fact-specific provenance"", ""same object identity and pricing/TFA are not catalog eligibility""]",Source/scope gate satisfied for listed dimensions only; separate user authorization and regression still required.,"Frozen corpus 2026-09-29, not live current-source verification",Known catalog availability never selects a customer add-on,PLANNED_NOT_IMPLEMENTED,"[""B-023"", ""B-028"", ""B-031"", ""B-035"", ""B-042"", ""B-101"", ""B-104"", ""B-117"", ""B-123"", ""B-134"", ""B-140"", ""B-159"", ""B-167"", ""B-174"", ""B-183"", ""B-190""]",NOT_SAFE_FOR_PARALLEL_EXECUTION,One named file owner; source research may be parallel read-only. Disjoint files only after all dependencies pass. No agents launched in this triage.
B-109,4,frende · Båt · ordinary: Avklar typegyldige nøkler og detaljkobling,"[""frende"", ""Båt"", ""ordinary"", ""MAP-REGISTER""]","[""RC-012""]","[""SCRC-003""]","[""RB-02""]","[""d4f560f76fce8722""]",[],1,1,1,1,0,"[""[\""frende\"",\""båt\"",\""ordinary\"",\""frende-bat-utvidet\"",\""2026-01-01\""]""]","[""Båt""]","[""frende""]","[""ordinary""]",[],CANONICAL_MAPPING,SMALL_CODE,HIGH,MAPPING_REVIEW_FIRST,MUST_BEFORE_NITO,LIKELY_SHARED_WITH_CUSTOMER_MODE,NOT_PROVEN_REQUIRED,Catalog knowledge improvement is shared where enrichment is eligible; no real customer PDF or extraction conclusion is claimed.,"[""lib/boat-pet-catalog.ts""]","[""lib/boat-pet-registry.ts""]",tests/remediation-b-109.test.mjs (future; consolidate with relevant existing suite if clearer),"[""CR-095""]",[],"[""CR-095""]","[""Own-source exact subject/value/unit/period/conditions with page/hash"", ""Exact base, inherited, optional and unavailable product-level combinations"", ""Same-product and both comparison directions; provider-specific facts stay asymmetric where appropriate"", ""Document X versus catalog Y: X wins; silent optional remains unknown; explicit not_selected remains not_selected"", ""Cross-provider/type/scope/version negatives; no customer object/pricing changes"", ""Totalskadegaranti / sikkertomfang/alder (GAP-1255)""]","[""Compare before/after exact scoped products against independent source-fact inventory"", ""Reverse-check changed claims for support and wrong-level leakage"", ""Re-run linked false-unknown controls with own-source oracle; inspect sources and details"", ""Record closed/reopened signature IDs; targeted family bulk comparison; held-out positive controls"", ""Full existing suite, TypeScript, ESLint, webpack production build, synthetic HTTP/PDF runtime, git diff --check after future implementation""]",GPT-6 ASTRA EXTRA HIGH,"Kontroller eksisterende nøkkel, type-register og parent/detail-kobling per oppført dimensjon. Rebruk trygg identitet eller legg til eksplisitt typeavgrenset registrering. Ikke utled fra etikett/tall i UI, og ikke utvid ekstraksjon uten separat bevist behov.","[""document > catalog"", ""optional availability != customer selected"", ""unknown != not covered"", ""provider/type/scope/version isolation"", ""product level and add-on boundaries"", ""side-swap symmetry without invented equivalents"", ""age start/reduction/expiry and object age kept distinct"", ""annual/accumulated/coverage mileage kept distinct"", ""per event/year/lifetime/selected sum kept distinct"", ""source page/hash and fact-specific provenance"", ""same object identity and pricing/TFA are not catalog eligibility""]",Source/scope gate satisfied for listed dimensions only; separate user authorization and regression still required.,"Frozen corpus 2026-09-29, not live current-source verification",Known catalog availability never selects a customer add-on,PLANNED_NOT_IMPLEMENTED,"[""B-003"", ""B-008"", ""B-009"", ""B-010"", ""B-018"", ""B-022"", ""B-036"", ""B-038"", ""B-041"", ""B-048"", ""B-050"", ""B-053"", ""B-060"", ""B-062"", ""B-065"", ""B-070"", ""B-071"", ""B-072"", ""B-075"", ""B-077"", ""B-080"", ""B-087"", ""B-089"", ""B-091"", ""B-110"", ""B-113"", ""B-116"", ""B-124"", ""B-125"", ""B-128"", ""B-129"", ""B-132"", ""B-133"", ""B-141"", ""B-143"", ""B-144"", ""B-147"", ""B-148"", ""B-152"", ""B-153"", ""B-154"", ""B-155"", ""B-156"", ""B-157"", ""B-160"", ""B-162"", ""B-166"", ""B-175"", ""B-177"", ""B-178"", ""B-181"", ""B-182"", ""B-187"", ""B-195"", ""B-196"", ""B-197"", ""B-199"", ""B-200""]",NOT_SAFE_FOR_PARALLEL_EXECUTION,One named file owner; source research may be parallel read-only. Disjoint files only after all dependencies pass. No agents launched in this triage.
B-110,4,frende · Båt · ordinary: Avklar semantisk plassering før P1-dimensjoner materialiseres,"[""frende"", ""Båt"", ""ordinary"", ""MODEL""]","[""RC-012""]","[""SCRC-003""]","[""RB-02""]","[""0013f19e60c25941"", ""11b26f0512eadf0d"", ""19bb50f70527d6e9"", ""1e2f3811dfd4f614"", ""4b0caf4222b7fe2f"", ""5707facbe53edca3"", ""6aa1129b090c4803"", ""6d069f0e89d71254"", ""a14d359d4440ce57"", ""bca94bc8aca252c9""]",[],10,28,10,28,0,"[""[\""frende\"",\""båt\"",\""ordinary\"",\""frende-bat-brann-og-tyveri\"",\""2026-01-01\""]"", ""[\""frende\"",\""båt\"",\""ordinary\"",\""frende-bat-kasko\"",\""2026-01-01\""]"", ""[\""frende\"",\""båt\"",\""ordinary\"",\""frende-bat-utvidet\"",\""2026-01-01\""]""]","[""Båt""]","[""frende""]","[""ordinary""]",[],CANONICAL_MODEL_REVIEW,SMALL_CODE,HIGH,CANONICAL_REVIEW_FIRST,MUST_BEFORE_NITO,LIKELY_SHARED_WITH_CUSTOMER_MODE,NOT_PROVEN_REQUIRED,Catalog knowledge improvement is shared where enrichment is eligible; no real customer PDF or extraction conclusion is claimed.,"[""lib/boat-pet-catalog.ts""]","[""lib/boat-pet-registry.ts""]",tests/remediation-b-110.test.mjs (future; consolidate with relevant existing suite if clearer),"[""CR-062"", ""CR-065"", ""CR-070"", ""CR-071"", ""CR-072"", ""CR-083"", ""CR-084"", ""CR-090"", ""CR-093"", ""CR-111""]",[],"[""CR-062"", ""CR-065"", ""CR-070"", ""CR-071"", ""CR-072"", ""CR-083"", ""CR-084"", ""CR-090"", ""CR-093"", ""CR-111""]","[""Own-source exact subject/value/unit/period/conditions with page/hash"", ""Exact base, inherited, optional and unavailable product-level combinations"", ""Same-product and both comparison directions; provider-specific facts stay asymmetric where appropriate"", ""Document X versus catalog Y: X wins; silent optional remains unknown; explicit not_selected remains not_selected"", ""Cross-provider/type/scope/version negatives; no customer object/pricing changes"", ""Utstyrsavgrensning / unntak (GAP-1158); Oppgjør / kontant (GAP-1162); Oppgjør / totaltap (GAP-1163); Aldersfradrag / tabell (GAP-1164); Egenandel / ung/vinter (GAP-1165); Egenandel / tyverifritak (GAP-1166); Bruk / utleiekonkurranse (GAP-1176); Sikkerhet / vinter/fortøyning (GAP-1177); Tegning / HTML (GAP-1180); Ferieavbrudd / sum/vilkår (GAP-1235)""]","[""Compare before/after exact scoped products against independent source-fact inventory"", ""Reverse-check changed claims for support and wrong-level leakage"", ""Re-run linked false-unknown controls with own-source oracle; inspect sources and details"", ""Record closed/reopened signature IDs; targeted family bulk comparison; held-out positive controls"", ""Full existing suite, TypeScript, ESLint, webpack production build, synthetic HTTP/PDF runtime, git diff --check after future implementation""]",GPT-6 ASTRA EXTRA HIGH,Ta beslutning per oppført konsept/dimensjon i canonical-review-queue. Prøv eksisterende eksakt nøkkel eller tydelig provider-detalj først. Ny nøkkel bare etter dokumentert tap/falsk ekvivalens ved gjenbruk. Deretter implementeres bare godkjent scoped forfatteroperasjon. Ingen generell schema-ombygging er bevist nødvendig.,"[""document > catalog"", ""optional availability != customer selected"", ""unknown != not covered"", ""provider/type/scope/version isolation"", ""product level and add-on boundaries"", ""side-swap symmetry without invented equivalents"", ""age start/reduction/expiry and object age kept distinct"", ""annual/accumulated/coverage mileage kept distinct"", ""per event/year/lifetime/selected sum kept distinct"", ""source page/hash and fact-specific provenance"", ""same object identity and pricing/TFA are not catalog eligibility""]",Source/scope gate satisfied for listed dimensions only; separate user authorization and regression still required.,"Frozen corpus 2026-09-29, not live current-source verification",Known catalog availability never selects a customer add-on,PLANNED_NOT_IMPLEMENTED,"[""B-003"", ""B-008"", ""B-009"", ""B-010"", ""B-018"", ""B-022"", ""B-036"", ""B-038"", ""B-041"", ""B-048"", ""B-050"", ""B-053"", ""B-060"", ""B-062"", ""B-065"", ""B-070"", ""B-071"", ""B-072"", ""B-075"", ""B-077"", ""B-080"", ""B-087"", ""B-089"", ""B-091"", ""B-109"", ""B-113"", ""B-116"", ""B-124"", ""B-125"", ""B-128"", ""B-129"", ""B-132"", ""B-133"", ""B-141"", ""B-143"", ""B-144"", ""B-147"", ""B-148"", ""B-152"", ""B-153"", ""B-154"", ""B-155"", ""B-156"", ""B-157"", ""B-160"", ""B-162"", ""B-166"", ""B-175"", ""B-177"", ""B-178"", ""B-181"", ""B-182"", ""B-187"", ""B-195"", ""B-196"", ""B-197"", ""B-199"", ""B-200""]",NOT_SAFE_FOR_PARALLEL_EXECUTION,One named file owner; source research may be parallel read-only. Disjoint files only after all dependencies pass. No agents launched in this triage.
B-111,4,frende · Campingvogn · ordinary: Avklar typegyldige nøkler og detaljkobling,"[""frende"", ""Campingvogn"", ""ordinary"", ""MAP-REGISTER""]","[""RC-013""]","[""SCRC-021""]","[""RB-19""]","[""0ef8f1b24e78bebc"", ""8dea80792cf51a10""]",[],2,4,2,4,0,"[""[\""frende\"",\""campingvogn\"",\""ordinary\"",\""frende-campingvogn-brann-og-tyveri\"",\""2026-01-01\""]"", ""[\""frende\"",\""campingvogn\"",\""ordinary\"",\""frende-campingvogn-kasko\"",\""2026-01-01\""]""]","[""Campingvogn""]","[""frende""]","[""ordinary""]",[],CANONICAL_MAPPING,SMALL_CODE,HIGH,MAPPING_REVIEW_FIRST,MUST_BEFORE_NITO,LIKELY_SHARED_WITH_CUSTOMER_MODE,NOT_PROVEN_REQUIRED,Catalog knowledge improvement is shared where enrichment is eligible; no real customer PDF or extraction conclusion is claimed.,"[""lib/vehicle-object-catalog.ts""]","[""lib/vehicle-object-registry.ts""]",tests/remediation-b-111.test.mjs (future; consolidate with relevant existing suite if clearer),"[""CR-120"", ""CR-140""]",[],"[""CR-120"", ""CR-140""]","[""Own-source exact subject/value/unit/period/conditions with page/hash"", ""Exact base, inherited, optional and unavailable product-level combinations"", ""Same-product and both comparison directions; provider-specific facts stay asymmetric where appropriate"", ""Document X versus catalog Y: X wins; silent optional remains unknown; explicit not_selected remains not_selected"", ""Cross-provider/type/scope/version negatives; no customer object/pricing changes"", ""Egenandel / valgbare nivåer (GAP-1737); Utleie / ekstra egenandel (GAP-1738)""]","[""Compare before/after exact scoped products against independent source-fact inventory"", ""Reverse-check changed claims for support and wrong-level leakage"", ""Re-run linked false-unknown controls with own-source oracle; inspect sources and details"", ""Record closed/reopened signature IDs; targeted family bulk comparison; held-out positive controls"", ""Full existing suite, TypeScript, ESLint, webpack production build, synthetic HTTP/PDF runtime, git diff --check after future implementation""]",GPT-6 ASTRA EXTRA HIGH,"Kontroller eksisterende nøkkel, type-register og parent/detail-kobling per oppført dimensjon. Rebruk trygg identitet eller legg til eksplisitt typeavgrenset registrering. Ikke utled fra etikett/tall i UI, og ikke utvid ekstraksjon uten separat bevist behov.","[""document > catalog"", ""optional availability != customer selected"", ""unknown != not covered"", ""provider/type/scope/version isolation"", ""product level and add-on boundaries"", ""side-swap symmetry without invented equivalents"", ""age start/reduction/expiry and object age kept distinct"", ""annual/accumulated/coverage mileage kept distinct"", ""per event/year/lifetime/selected sum kept distinct"", ""source page/hash and fact-specific provenance"", ""same object identity and pricing/TFA are not catalog eligibility""]",Source/scope gate satisfied for listed dimensions only; separate user authorization and regression still required.,"Frozen corpus 2026-09-29, not live current-source verification",Known catalog availability never selects a customer add-on,PLANNED_NOT_IMPLEMENTED,"[""B-024"", ""B-025"", ""B-026"", ""B-027"", ""B-037"", ""B-044"", ""B-045"", ""B-049"", ""B-056"", ""B-057"", ""B-061"", ""B-068"", ""B-069"", ""B-076"", ""B-083"", ""B-084"", ""B-088"", ""B-094"", ""B-095"", ""B-096"", ""B-097"", ""B-098"", ""B-099"", ""B-100"", ""B-112"", ""B-118"", ""B-119"", ""B-120"", ""B-126"", ""B-127"", ""B-136"", ""B-137"", ""B-138"", ""B-142"", ""B-150"", ""B-151"", ""B-161"", ""B-169"", ""B-170"", ""B-171"", ""B-172"", ""B-176"", ""B-185"", ""B-186"", ""B-188"", ""B-189"", ""B-194"", ""B-204""]",NOT_SAFE_FOR_PARALLEL_EXECUTION,One named file owner; source research may be parallel read-only. Disjoint files only after all dependencies pass. No agents launched in this triage.
B-112,4,frende · Campingvogn · ordinary: Avklar semantisk plassering før P1-dimensjoner materialiseres,"[""frende"", ""Campingvogn"", ""ordinary"", ""MODEL""]","[""RC-013""]","[""SCRC-004"", ""SCRC-021""]","[""RB-03"", ""RB-19""]","[""16814c7b68c282f2"", ""b94c1286ff6ec6e3"", ""ea77778473b49c45""]",[],3,6,3,6,0,"[""[\""frende\"",\""campingvogn\"",\""ordinary\"",\""frende-campingvogn-brann-og-tyveri\"",\""2026-01-01\""]"", ""[\""frende\"",\""campingvogn\"",\""ordinary\"",\""frende-campingvogn-kasko\"",\""2026-01-01\""]""]","[""Campingvogn""]","[""frende""]","[""ordinary""]",[],CANONICAL_MODEL_REVIEW,SMALL_CODE,HIGH,CANONICAL_REVIEW_FIRST,MUST_BEFORE_NITO,LIKELY_SHARED_WITH_CUSTOMER_MODE,NOT_PROVEN_REQUIRED,Catalog knowledge improvement is shared where enrichment is eligible; no real customer PDF or extraction conclusion is claimed.,"[""lib/vehicle-object-catalog.ts""]","[""lib/vehicle-object-registry.ts""]",tests/remediation-b-112.test.mjs (future; consolidate with relevant existing suite if clearer),"[""CR-119"", ""CR-128"", ""CR-141""]",[],"[""CR-119"", ""CR-128"", ""CR-141""]","[""Own-source exact subject/value/unit/period/conditions with page/hash"", ""Exact base, inherited, optional and unavailable product-level combinations"", ""Same-product and both comparison directions; provider-specific facts stay asymmetric where appropriate"", ""Document X versus catalog Y: X wins; silent optional remains unknown; explicit not_selected remains not_selected"", ""Cross-provider/type/scope/version negatives; no customer object/pricing changes"", ""Utleie / tilleggsegenandel (GAP-0118); Oppgjør / markedsverdi/tap (GAP-1731); Bruksbegrensninger / aktivitet (GAP-1732)""]","[""Compare before/after exact scoped products against independent source-fact inventory"", ""Reverse-check changed claims for support and wrong-level leakage"", ""Re-run linked false-unknown controls with own-source oracle; inspect sources and details"", ""Record closed/reopened signature IDs; targeted family bulk comparison; held-out positive controls"", ""Full existing suite, TypeScript, ESLint, webpack production build, synthetic HTTP/PDF runtime, git diff --check after future implementation""]",GPT-6 ASTRA EXTRA HIGH,Ta beslutning per oppført konsept/dimensjon i canonical-review-queue. Prøv eksisterende eksakt nøkkel eller tydelig provider-detalj først. Ny nøkkel bare etter dokumentert tap/falsk ekvivalens ved gjenbruk. Deretter implementeres bare godkjent scoped forfatteroperasjon. Ingen generell schema-ombygging er bevist nødvendig.,"[""document > catalog"", ""optional availability != customer selected"", ""unknown != not covered"", ""provider/type/scope/version isolation"", ""product level and add-on boundaries"", ""side-swap symmetry without invented equivalents"", ""age start/reduction/expiry and object age kept distinct"", ""annual/accumulated/coverage mileage kept distinct"", ""per event/year/lifetime/selected sum kept distinct"", ""source page/hash and fact-specific provenance"", ""same object identity and pricing/TFA are not catalog eligibility""]",Source/scope gate satisfied for listed dimensions only; separate user authorization and regression still required.,"Frozen corpus 2026-09-29, not live current-source verification",Known catalog availability never selects a customer add-on,PLANNED_NOT_IMPLEMENTED,"[""B-024"", ""B-025"", ""B-026"", ""B-027"", ""B-037"", ""B-044"", ""B-045"", ""B-049"", ""B-056"", ""B-057"", ""B-061"", ""B-068"", ""B-069"", ""B-076"", ""B-083"", ""B-084"", ""B-088"", ""B-094"", ""B-095"", ""B-096"", ""B-097"", ""B-098"", ""B-099"", ""B-100"", ""B-111"", ""B-118"", ""B-119"", ""B-120"", ""B-126"", ""B-127"", ""B-136"", ""B-137"", ""B-138"", ""B-142"", ""B-150"", ""B-151"", ""B-161"", ""B-169"", ""B-170"", ""B-171"", ""B-172"", ""B-176"", ""B-185"", ""B-186"", ""B-188"", ""B-189"", ""B-194"", ""B-204""]",NOT_SAFE_FOR_PARALLEL_EXECUTION,One named file owner; source research may be parallel read-only. Disjoint files only after all dependencies pass. No agents launched in this triage.
B-113,4,frende · Hund · ordinary: Avklar semantisk plassering før P1-dimensjoner materialiseres,"[""frende"", ""Hund"", ""ordinary"", ""MODEL""]","[""RC-014""]","[""SCRC-016""]","[""RB-14""]","[""154245d8f272d40d"", ""21a71fbae125ccff"", ""3f22f36a0a5c2efe"", ""4be1640e7f04fea6"", ""55e6ef28d53fc724"", ""5adc00d837c7423d"", ""5f16ad8909013b8d"", ""60b54a8732695a2b"", ""6f959b95a5e9e99a"", ""7fc33bef666abb61"", ""837a83c1fe56761d"", ""a0d353a196122d16"", ""a6e77280c4ec8cea"", ""bc921f3a0209e760"", ""ecef3f9372e7263c""]",[],15,15,15,15,0,"[""[\""frende\"",\""hund\"",\""ordinary\"",\""frende-hund-veterin-r\"",\""2026-01-01\""]""]","[""Hund""]","[""frende""]","[""ordinary""]","[""frende-hund-tap""]",CANONICAL_MODEL_REVIEW,SMALL_CODE,HIGH,CANONICAL_REVIEW_FIRST,MUST_BEFORE_NITO,LIKELY_SHARED_WITH_CUSTOMER_MODE,NOT_PROVEN_REQUIRED,Catalog knowledge improvement is shared where enrichment is eligible; no real customer PDF or extraction conclusion is claimed.,"[""lib/boat-pet-catalog.ts""]","[""lib/boat-pet-registry.ts""]",tests/remediation-b-113.test.mjs (future; consolidate with relevant existing suite if clearer),"[""B-018"", ""CR-150"", ""CR-154"", ""CR-176"", ""CR-183"", ""CR-186"", ""CR-188"", ""CR-192"", ""CR-199"", ""CR-203"", ""CR-207"", ""CR-208"", ""CR-209"", ""CR-210"", ""CR-211"", ""CR-221""]","[""B-018""]","[""CR-150"", ""CR-154"", ""CR-176"", ""CR-183"", ""CR-186"", ""CR-188"", ""CR-192"", ""CR-199"", ""CR-203"", ""CR-207"", ""CR-208"", ""CR-209"", ""CR-210"", ""CR-211"", ""CR-221""]","[""Own-source exact subject/value/unit/period/conditions with page/hash"", ""Exact base, inherited, optional and unavailable product-level combinations"", ""Same-product and both comparison directions; provider-specific facts stay asymmetric where appropriate"", ""Document X versus catalog Y: X wins; silent optional remains unknown; explicit not_selected remains not_selected"", ""Cross-provider/type/scope/version negatives; no customer object/pricing changes"", ""Geografi / verden (GAP-1256); Kastrering / diagnoser (GAP-1259); Avliving / sum/vilkår (GAP-1260); Tannulykke / omfang (GAP-1261); Medfødt / ledd (GAP-1264); Korsbånd / vilkår (GAP-1265); Keisersnitt / antall/raser (GAP-1266); Rasesykdom / unntak (GAP-1267); Tap / aldersfradrag (GAP-1274); Tap / egenandel (GAP-1275); Tap / oppgjør (GAP-1276); Tegning / alder (GAP-1279); IDmerking / krav (GAP-1280); Veterinær / opphørsalder (GAP-1282); Ansvar / ikkeomfattet (GAP-1283)""]","[""Compare before/after exact scoped products against independent source-fact inventory"", ""Reverse-check changed claims for support and wrong-level leakage"", ""Re-run linked false-unknown controls with own-source oracle; inspect sources and details"", ""Record closed/reopened signature IDs; targeted family bulk comparison; held-out positive controls"", ""Full existing suite, TypeScript, ESLint, webpack production build, synthetic HTTP/PDF runtime, git diff --check after future implementation""]",GPT-6 ASTRA EXTRA HIGH,Ta beslutning per oppført konsept/dimensjon i canonical-review-queue. Prøv eksisterende eksakt nøkkel eller tydelig provider-detalj først. Ny nøkkel bare etter dokumentert tap/falsk ekvivalens ved gjenbruk. Deretter implementeres bare godkjent scoped forfatteroperasjon. Ingen generell schema-ombygging er bevist nødvendig.,"[""document > catalog"", ""optional availability != customer selected"", ""unknown != not covered"", ""provider/type/scope/version isolation"", ""product level and add-on boundaries"", ""side-swap symmetry without invented equivalents"", ""age start/reduction/expiry and object age kept distinct"", ""annual/accumulated/coverage mileage kept distinct"", ""per event/year/lifetime/selected sum kept distinct"", ""source page/hash and fact-specific provenance"", ""same object identity and pricing/TFA are not catalog eligibility""]",Source/scope gate satisfied for listed dimensions only; separate user authorization and regression still required.,"Frozen corpus 2026-09-29, not live current-source verification",Known catalog availability never selects a customer add-on,PLANNED_NOT_IMPLEMENTED,"[""B-003"", ""B-008"", ""B-009"", ""B-010"", ""B-018"", ""B-022"", ""B-036"", ""B-038"", ""B-041"", ""B-048"", ""B-050"", ""B-053"", ""B-060"", ""B-062"", ""B-065"", ""B-070"", ""B-071"", ""B-072"", ""B-075"", ""B-077"", ""B-080"", ""B-087"", ""B-089"", ""B-091"", ""B-109"", ""B-110"", ""B-116"", ""B-124"", ""B-125"", ""B-128"", ""B-129"", ""B-132"", ""B-133"", ""B-141"", ""B-143"", ""B-144"", ""B-147"", ""B-148"", ""B-152"", ""B-153"", ""B-154"", ""B-155"", ""B-156"", ""B-157"", ""B-160"", ""B-162"", ""B-166"", ""B-175"", ""B-177"", ""B-178"", ""B-181"", ""B-182"", ""B-187"", ""B-195"", ""B-196"", ""B-197"", ""B-199"", ""B-200""]",NOT_SAFE_FOR_PARALLEL_EXECUTION,One named file owner; source research may be parallel read-only. Disjoint files only after all dependencies pass. No agents launched in this triage.
B-114,4,frende · Hus · ordinary: Avklar semantisk plassering før P1-dimensjoner materialiseres,"[""frende"", ""Hus"", ""ordinary"", ""MODEL""]","[""RC-015""]","[""SCRC-009""]","[""RB-08""]","[""fb3b785d3cffcce2""]",[],1,2,1,2,0,"[""[\""frende\"",\""bolig\"",\""ordinary\"",\""frende-hus-standard\"",\""2026-09-01\""]"", ""[\""frende\"",\""bolig\"",\""ordinary\"",\""frende-hus-utvidet\"",\""2026-09-01\""]""]","[""Hus""]","[""frende""]","[""ordinary""]",[],CANONICAL_MODEL_REVIEW,SMALL_CODE,HIGH,CANONICAL_REVIEW_FIRST,MUST_BEFORE_NITO,LIKELY_SHARED_WITH_CUSTOMER_MODE,NOT_PROVEN_REQUIRED,Catalog knowledge improvement is shared where enrichment is eligible; no real customer PDF or extraction conclusion is claimed.,"[""lib/frende-hus-catalog.ts""]","[""lib/insurance-normalization.ts""]",tests/remediation-b-114.test.mjs (future; consolidate with relevant existing suite if clearer),"[""CR-223""]",[],"[""CR-223""]","[""Own-source exact subject/value/unit/period/conditions with page/hash"", ""Exact base, inherited, optional and unavailable product-level combinations"", ""Same-product and both comparison directions; provider-specific facts stay asymmetric where appropriate"", ""Document X versus catalog Y: X wins; silent optional remains unknown; explicit not_selected remains not_selected"", ""Cross-provider/type/scope/version negatives; no customer object/pricing changes"", ""Egenbrukstap / beregning (GAP-0299)""]","[""Compare before/after exact scoped products against independent source-fact inventory"", ""Reverse-check changed claims for support and wrong-level leakage"", ""Re-run linked false-unknown controls with own-source oracle; inspect sources and details"", ""Record closed/reopened signature IDs; targeted family bulk comparison; held-out positive controls"", ""Full existing suite, TypeScript, ESLint, webpack production build, synthetic HTTP/PDF runtime, git diff --check after future implementation""]",GPT-6 ASTRA EXTRA HIGH,Ta beslutning per oppført konsept/dimensjon i canonical-review-queue. Prøv eksisterende eksakt nøkkel eller tydelig provider-detalj først. Ny nøkkel bare etter dokumentert tap/falsk ekvivalens ved gjenbruk. Deretter implementeres bare godkjent scoped forfatteroperasjon. Ingen generell schema-ombygging er bevist nødvendig.,"[""document > catalog"", ""optional availability != customer selected"", ""unknown != not covered"", ""provider/type/scope/version isolation"", ""product level and add-on boundaries"", ""side-swap symmetry without invented equivalents"", ""age start/reduction/expiry and object age kept distinct"", ""annual/accumulated/coverage mileage kept distinct"", ""per event/year/lifetime/selected sum kept distinct"", ""source page/hash and fact-specific provenance"", ""same object identity and pricing/TFA are not catalog eligibility""]",Source/scope gate satisfied for listed dimensions only; separate user authorization and regression still required.,"Frozen corpus 2026-09-29, not live current-source verification",Known catalog availability never selects a customer add-on,PLANNED_NOT_IMPLEMENTED,"[""B-015"", ""B-017"", ""B-019"", ""B-020"", ""B-021"", ""B-039"", ""B-102"", ""B-103"", ""B-105"", ""B-106"", ""B-107"", ""B-115"", ""B-121"", ""B-122"", ""B-130"", ""B-131"", ""B-135"", ""B-139"", ""B-145"", ""B-146"", ""B-149"", ""B-158"", ""B-163"", ""B-164"", ""B-165"", ""B-168"", ""B-173"", ""B-179"", ""B-180"", ""B-184""]",NOT_SAFE_FOR_PARALLEL_EXECUTION,One named file owner; source research may be parallel read-only. Disjoint files only after all dependencies pass. No agents launched in this triage.
B-115,4,frende · Innbo · ordinary: Avklar semantisk plassering før P1-dimensjoner materialiseres,"[""frende"", ""Innbo"", ""ordinary"", ""MODEL""]","[""RC-016""]","[""SCRC-008""]","[""RB-07""]","[""38b69a8f6083b028"", ""813cf4adbdf65801""]",[],2,2,2,2,0,"[""[\""frende\"",\""innbo\"",\""ordinary\"",\""frende-innbo-standard\"",\""2026-09-01\""]""]","[""Innbo""]","[""frende""]","[""ordinary""]",[],CANONICAL_MODEL_REVIEW,SMALL_CODE,HIGH,CANONICAL_REVIEW_FIRST,MUST_BEFORE_NITO,LIKELY_SHARED_WITH_CUSTOMER_MODE,NOT_PROVEN_REQUIRED,Catalog knowledge improvement is shared where enrichment is eligible; no real customer PDF or extraction conclusion is claimed.,"[""lib/frende-innbo-catalog.ts""]","[""lib/insurance-normalization.ts""]",tests/remediation-b-115.test.mjs (future; consolidate with relevant existing suite if clearer),"[""CR-242"", ""CR-275""]",[],"[""CR-242"", ""CR-275""]","[""Own-source exact subject/value/unit/period/conditions with page/hash"", ""Exact base, inherited, optional and unavailable product-level combinations"", ""Same-product and both comparison directions; provider-specific facts stay asymmetric where appropriate"", ""Document X versus catalog Y: X wins; silent optional remains unknown; explicit not_selected remains not_selected"", ""Cross-provider/type/scope/version negatives; no customer object/pricing changes"", ""Standard / viktige skadeunntak (GAP-0277); Aldersfradrag / oppgjørsregel (GAP-0280)""]","[""Compare before/after exact scoped products against independent source-fact inventory"", ""Reverse-check changed claims for support and wrong-level leakage"", ""Re-run linked false-unknown controls with own-source oracle; inspect sources and details"", ""Record closed/reopened signature IDs; targeted family bulk comparison; held-out positive controls"", ""Full existing suite, TypeScript, ESLint, webpack production build, synthetic HTTP/PDF runtime, git diff --check after future implementation""]",GPT-6 ASTRA EXTRA HIGH,Ta beslutning per oppført konsept/dimensjon i canonical-review-queue. Prøv eksisterende eksakt nøkkel eller tydelig provider-detalj først. Ny nøkkel bare etter dokumentert tap/falsk ekvivalens ved gjenbruk. Deretter implementeres bare godkjent scoped forfatteroperasjon. Ingen generell schema-ombygging er bevist nødvendig.,"[""document > catalog"", ""optional availability != customer selected"", ""unknown != not covered"", ""provider/type/scope/version isolation"", ""product level and add-on boundaries"", ""side-swap symmetry without invented equivalents"", ""age start/reduction/expiry and object age kept distinct"", ""annual/accumulated/coverage mileage kept distinct"", ""per event/year/lifetime/selected sum kept distinct"", ""source page/hash and fact-specific provenance"", ""same object identity and pricing/TFA are not catalog eligibility""]",Source/scope gate satisfied for listed dimensions only; separate user authorization and regression still required.,"Frozen corpus 2026-09-29, not live current-source verification",Known catalog availability never selects a customer add-on,PLANNED_NOT_IMPLEMENTED,"[""B-015"", ""B-017"", ""B-019"", ""B-020"", ""B-021"", ""B-040"", ""B-102"", ""B-103"", ""B-105"", ""B-106"", ""B-107"", ""B-114"", ""B-121"", ""B-122"", ""B-130"", ""B-131"", ""B-135"", ""B-139"", ""B-145"", ""B-146"", ""B-149"", ""B-158"", ""B-163"", ""B-164"", ""B-165"", ""B-168"", ""B-173"", ""B-179"", ""B-180"", ""B-184""]",NOT_SAFE_FOR_PARALLEL_EXECUTION,One named file owner; source research may be parallel read-only. Disjoint files only after all dependencies pass. No agents launched in this triage.
B-116,4,frende · Katt · ordinary: Avklar semantisk plassering før P1-dimensjoner materialiseres,"[""frende"", ""Katt"", ""ordinary"", ""MODEL""]","[""RC-017""]","[""SCRC-016""]","[""RB-14""]","[""1d26d153bf18343d"", ""1d68253855d245e4"", ""251a870e957fe3d7"", ""26518e4f6972c94e"", ""43aa483efcc87269"", ""6fdbfcc436373de4"", ""ca91859d61a869b2"", ""cad962184827e49f"", ""ffbcfbb79183bbe3""]",[],9,9,9,9,0,"[""[\""frende\"",\""katt\"",\""ordinary\"",\""frende-katt-veterin-r\"",\""2026-01-01\""]""]","[""Katt""]","[""frende""]","[""ordinary""]","[""frende-katt-tap""]",CANONICAL_MODEL_REVIEW,SMALL_CODE,HIGH,CANONICAL_REVIEW_FIRST,MUST_BEFORE_NITO,LIKELY_SHARED_WITH_CUSTOMER_MODE,NOT_PROVEN_REQUIRED,Catalog knowledge improvement is shared where enrichment is eligible; no real customer PDF or extraction conclusion is claimed.,"[""lib/boat-pet-catalog.ts""]","[""lib/boat-pet-registry.ts""]",tests/remediation-b-116.test.mjs (future; consolidate with relevant existing suite if clearer),"[""CR-286"", ""CR-304"", ""CR-308"", ""CR-311"", ""CR-330"", ""CR-331"", ""CR-332"", ""CR-333"", ""CR-334""]",[],"[""CR-286"", ""CR-304"", ""CR-308"", ""CR-311"", ""CR-330"", ""CR-331"", ""CR-332"", ""CR-333"", ""CR-334""]","[""Own-source exact subject/value/unit/period/conditions with page/hash"", ""Exact base, inherited, optional and unavailable product-level combinations"", ""Same-product and both comparison directions; provider-specific facts stay asymmetric where appropriate"", ""Document X versus catalog Y: X wins; silent optional remains unknown; explicit not_selected remains not_selected"", ""Cross-provider/type/scope/version negatives; no customer object/pricing changes"", ""Geografi / verden (GAP-1285); Kastrering / diagnoser (GAP-1288); Avliving / sum/vilkår (GAP-1289); Tannulykke / omfang (GAP-1290); Tap / aldersfradrag (GAP-1296); Tap / egenandel (GAP-1297); Tap / oppgjør (GAP-1298); Tegning / alder (GAP-1300); IDmerking / krav (GAP-1301)""]","[""Compare before/after exact scoped products against independent source-fact inventory"", ""Reverse-check changed claims for support and wrong-level leakage"", ""Re-run linked false-unknown controls with own-source oracle; inspect sources and details"", ""Record closed/reopened signature IDs; targeted family bulk comparison; held-out positive controls"", ""Full existing suite, TypeScript, ESLint, webpack production build, synthetic HTTP/PDF runtime, git diff --check after future implementation""]",GPT-6 ASTRA EXTRA HIGH,Ta beslutning per oppført konsept/dimensjon i canonical-review-queue. Prøv eksisterende eksakt nøkkel eller tydelig provider-detalj først. Ny nøkkel bare etter dokumentert tap/falsk ekvivalens ved gjenbruk. Deretter implementeres bare godkjent scoped forfatteroperasjon. Ingen generell schema-ombygging er bevist nødvendig.,"[""document > catalog"", ""optional availability != customer selected"", ""unknown != not covered"", ""provider/type/scope/version isolation"", ""product level and add-on boundaries"", ""side-swap symmetry without invented equivalents"", ""age start/reduction/expiry and object age kept distinct"", ""annual/accumulated/coverage mileage kept distinct"", ""per event/year/lifetime/selected sum kept distinct"", ""source page/hash and fact-specific provenance"", ""same object identity and pricing/TFA are not catalog eligibility""]",Source/scope gate satisfied for listed dimensions only; separate user authorization and regression still required.,"Frozen corpus 2026-09-29, not live current-source verification",Known catalog availability never selects a customer add-on,PLANNED_NOT_IMPLEMENTED,"[""B-003"", ""B-008"", ""B-009"", ""B-010"", ""B-018"", ""B-022"", ""B-036"", ""B-038"", ""B-041"", ""B-048"", ""B-050"", ""B-053"", ""B-060"", ""B-062"", ""B-065"", ""B-070"", ""B-071"", ""B-072"", ""B-075"", ""B-077"", ""B-080"", ""B-087"", ""B-089"", ""B-091"", ""B-109"", ""B-110"", ""B-113"", ""B-124"", ""B-125"", ""B-128"", ""B-129"", ""B-132"", ""B-133"", ""B-141"", ""B-143"", ""B-144"", ""B-147"", ""B-148"", ""B-152"", ""B-153"", ""B-154"", ""B-155"", ""B-156"", ""B-157"", ""B-160"", ""B-162"", ""B-166"", ""B-175"", ""B-177"", ""B-178"", ""B-181"", ""B-182"", ""B-187"", ""B-195"", ""B-196"", ""B-197"", ""B-199"", ""B-200""]",NOT_SAFE_FOR_PARALLEL_EXECUTION,One named file owner; source research may be parallel read-only. Disjoint files only after all dependencies pass. No agents launched in this triage.
B-117,4,frende · MC · ordinary: Avklar semantisk plassering før P1-dimensjoner materialiseres,"[""frende"", ""MC"", ""ordinary"", ""MODEL""]","[""RC-018""]","[""SCRC-018""]","[""RB-16""]","[""4495c1cdeea2a5c0"", ""71e31f804fad1731"", ""8d22b566c9524bb9"", ""a39fbfb6fc9cc8bb"", ""ad20a0a98661a827"", ""c04d7643b6f984bf"", ""ee789c3e2ccccac7""]",[],7,17,7,17,0,"[""[\""frende\"",\""mc\"",\""ordinary\"",\""frende-mc-ansvar\"",\""2026-01-01\""]"", ""[\""frende\"",\""mc\"",\""ordinary\"",\""frende-mc-delkasko\"",\""2026-01-01\""]"", ""[\""frende\"",\""mc\"",\""ordinary\"",\""frende-mc-kasko\"",\""2026-01-01\""]""]","[""MC""]","[""frende""]","[""ordinary""]","[""frende-mc-ulykke""]",CANONICAL_MODEL_REVIEW,SMALL_CODE,HIGH,CANONICAL_REVIEW_FIRST,MUST_BEFORE_NITO,LIKELY_SHARED_WITH_CUSTOMER_MODE,NOT_PROVEN_REQUIRED,Catalog knowledge improvement is shared where enrichment is eligible; no real customer PDF or extraction conclusion is claimed.,"[""lib/mc-bobil-fremtind-frende-catalog.ts""]","[""lib/mc-bobil-registry.ts""]",tests/remediation-b-117.test.mjs (future; consolidate with relevant existing suite if clearer),"[""CR-348"", ""CR-350"", ""CR-351"", ""CR-357"", ""CR-359"", ""CR-366"", ""CR-370""]",[],"[""CR-348"", ""CR-350"", ""CR-351"", ""CR-357"", ""CR-359"", ""CR-366"", ""CR-370""]","[""Own-source exact subject/value/unit/period/conditions with page/hash"", ""Exact base, inherited, optional and unavailable product-level combinations"", ""Same-product and both comparison directions; provider-specific facts stay asymmetric where appropriate"", ""Document X versus catalog Y: X wins; silent optional remains unknown; explicit not_selected remains not_selected"", ""Cross-provider/type/scope/version negatives; no customer object/pricing changes"", ""Egenandel / ungfører (GAP-1447); Ulykke / unntak (GAP-1454); Bruksbegrensninger / aktivitet (GAP-1459); Leiesykkel / ikkeinkludert (GAP-1462); Utstyr / hjul (GAP-1465); Kontanter / unntak (GAP-1466); Egenandel / dyr (GAP-1505)""]","[""Compare before/after exact scoped products against independent source-fact inventory"", ""Reverse-check changed claims for support and wrong-level leakage"", ""Re-run linked false-unknown controls with own-source oracle; inspect sources and details"", ""Record closed/reopened signature IDs; targeted family bulk comparison; held-out positive controls"", ""Full existing suite, TypeScript, ESLint, webpack production build, synthetic HTTP/PDF runtime, git diff --check after future implementation""]",GPT-6 ASTRA EXTRA HIGH,Ta beslutning per oppført konsept/dimensjon i canonical-review-queue. Prøv eksisterende eksakt nøkkel eller tydelig provider-detalj først. Ny nøkkel bare etter dokumentert tap/falsk ekvivalens ved gjenbruk. Deretter implementeres bare godkjent scoped forfatteroperasjon. Ingen generell schema-ombygging er bevist nødvendig.,"[""document > catalog"", ""optional availability != customer selected"", ""unknown != not covered"", ""provider/type/scope/version isolation"", ""product level and add-on boundaries"", ""side-swap symmetry without invented equivalents"", ""age start/reduction/expiry and object age kept distinct"", ""annual/accumulated/coverage mileage kept distinct"", ""per event/year/lifetime/selected sum kept distinct"", ""source page/hash and fact-specific provenance"", ""same object identity and pricing/TFA are not catalog eligibility""]",Source/scope gate satisfied for listed dimensions only; separate user authorization and regression still required.,"Frozen corpus 2026-09-29, not live current-source verification",Known catalog availability never selects a customer add-on,PLANNED_NOT_IMPLEMENTED,"[""B-023"", ""B-028"", ""B-031"", ""B-035"", ""B-042"", ""B-101"", ""B-104"", ""B-108"", ""B-123"", ""B-134"", ""B-140"", ""B-159"", ""B-167"", ""B-174"", ""B-183"", ""B-190""]",NOT_SAFE_FOR_PARALLEL_EXECUTION,One named file owner; source research may be parallel read-only. Disjoint files only after all dependencies pass. No agents launched in this triage.
B-118,4,frende · Snøscooter · ordinary: Avklar typegyldige nøkler og detaljkobling,"[""frende"", ""Snøscooter"", ""ordinary"", ""MAP-REGISTER""]","[""RC-020""]","[""SCRC-021""]","[""RB-19""]","[""19f58de4e58aa21c"", ""85a789547e5260fa"", ""a2990bad851df30d""]",[],3,6,3,6,0,"[""[\""frende\"",\""snøscooter\"",\""ordinary\"",\""frende-snoscooter-ansvar\"",\""2026-01-01\""]"", ""[\""frende\"",\""snøscooter\"",\""ordinary\"",\""frende-snoscooter-brann-og-tyveri\"",\""2026-01-01\""]"", ""[\""frende\"",\""snøscooter\"",\""ordinary\"",\""frende-snoscooter-kasko\"",\""2026-01-01\""]""]","[""Snøscooter""]","[""frende""]","[""ordinary""]",[],CANONICAL_MAPPING,SMALL_CODE,HIGH,MAPPING_REVIEW_FIRST,MUST_BEFORE_NITO,LIKELY_SHARED_WITH_CUSTOMER_MODE,NOT_PROVEN_REQUIRED,Catalog knowledge improvement is shared where enrichment is eligible; no real customer PDF or extraction conclusion is claimed.,"[""lib/vehicle-object-catalog.ts""]","[""lib/vehicle-object-registry.ts""]",tests/remediation-b-118.test.mjs (future; consolidate with relevant existing suite if clearer),"[""CR-424"", ""CR-427"", ""CR-429""]",[],"[""CR-424"", ""CR-427"", ""CR-429""]","[""Own-source exact subject/value/unit/period/conditions with page/hash"", ""Exact base, inherited, optional and unavailable product-level combinations"", ""Same-product and both comparison directions; provider-specific facts stay asymmetric where appropriate"", ""Document X versus catalog Y: X wins; silent optional remains unknown; explicit not_selected remains not_selected"", ""Cross-provider/type/scope/version negatives; no customer object/pricing changes"", ""Fører/passasjerulykke / sum og vilkår ved valg (GAP-1652); Kjøreutstyr / objekter/sikring (GAP-1681); Løsøre / sum/tyveri (GAP-1714)""]","[""Compare before/after exact scoped products against independent source-fact inventory"", ""Reverse-check changed claims for support and wrong-level leakage"", ""Re-run linked false-unknown controls with own-source oracle; inspect sources and details"", ""Record closed/reopened signature IDs; targeted family bulk comparison; held-out positive controls"", ""Full existing suite, TypeScript, ESLint, webpack production build, synthetic HTTP/PDF runtime, git diff --check after future implementation""]",GPT-6 ASTRA EXTRA HIGH,"Kontroller eksisterende nøkkel, type-register og parent/detail-kobling per oppført dimensjon. Rebruk trygg identitet eller legg til eksplisitt typeavgrenset registrering. Ikke utled fra etikett/tall i UI, og ikke utvid ekstraksjon uten separat bevist behov.","[""document > catalog"", ""optional availability != customer selected"", ""unknown != not covered"", ""provider/type/scope/version isolation"", ""product level and add-on boundaries"", ""side-swap symmetry without invented equivalents"", ""age start/reduction/expiry and object age kept distinct"", ""annual/accumulated/coverage mileage kept distinct"", ""per event/year/lifetime/selected sum kept distinct"", ""source page/hash and fact-specific provenance"", ""same object identity and pricing/TFA are not catalog eligibility""]",Source/scope gate satisfied for listed dimensions only; separate user authorization and regression still required.,"Frozen corpus 2026-09-29, not live current-source verification",Known catalog availability never selects a customer add-on,PLANNED_NOT_IMPLEMENTED,"[""B-024"", ""B-025"", ""B-026"", ""B-027"", ""B-037"", ""B-044"", ""B-045"", ""B-049"", ""B-056"", ""B-057"", ""B-061"", ""B-068"", ""B-069"", ""B-076"", ""B-083"", ""B-084"", ""B-088"", ""B-094"", ""B-095"", ""B-096"", ""B-097"", ""B-098"", ""B-099"", ""B-100"", ""B-111"", ""B-112"", ""B-119"", ""B-120"", ""B-126"", ""B-127"", ""B-136"", ""B-137"", ""B-138"", ""B-142"", ""B-150"", ""B-151"", ""B-161"", ""B-169"", ""B-170"", ""B-171"", ""B-172"", ""B-176"", ""B-185"", ""B-186"", ""B-188"", ""B-189"", ""B-194"", ""B-204""]",NOT_SAFE_FOR_PARALLEL_EXECUTION,One named file owner; source research may be parallel read-only. Disjoint files only after all dependencies pass. No agents launched in this triage.
B-119,4,frende · Snøscooter · ordinary: Avklar semantisk plassering før P1-dimensjoner materialiseres,"[""frende"", ""Snøscooter"", ""ordinary"", ""MODEL""]","[""RC-020""]","[""SCRC-004"", ""SCRC-021""]","[""RB-03"", ""RB-19""]","[""12bb14255eda520e"", ""25f6ad10499b5ef7"", ""7ecc4ac13539b85a"", ""80830b033cddb1a2"", ""92adaa47f30601be"", ""c4a9ec823a2d1f31""]",[],6,13,6,13,0,"[""[\""frende\"",\""snøscooter\"",\""ordinary\"",\""frende-snoscooter-ansvar\"",\""2026-01-01\""]"", ""[\""frende\"",\""snøscooter\"",\""ordinary\"",\""frende-snoscooter-brann-og-tyveri\"",\""2026-01-01\""]"", ""[\""frende\"",\""snøscooter\"",\""ordinary\"",\""frende-snoscooter-kasko\"",\""2026-01-01\""]""]","[""Snøscooter""]","[""frende""]","[""ordinary""]",[],CANONICAL_MODEL_REVIEW,SMALL_CODE,HIGH,CANONICAL_REVIEW_FIRST,MUST_BEFORE_NITO,LIKELY_SHARED_WITH_CUSTOMER_MODE,NOT_PROVEN_REQUIRED,Catalog knowledge improvement is shared where enrichment is eligible; no real customer PDF or extraction conclusion is claimed.,"[""lib/vehicle-object-catalog.ts""]","[""lib/vehicle-object-registry.ts""]",tests/remediation-b-119.test.mjs (future; consolidate with relevant existing suite if clearer),"[""CR-418"", ""CR-419"", ""CR-425"", ""CR-433"", ""CR-441"", ""CR-442""]",[],"[""CR-418"", ""CR-419"", ""CR-425"", ""CR-433"", ""CR-441"", ""CR-442""]","[""Own-source exact subject/value/unit/period/conditions with page/hash"", ""Exact base, inherited, optional and unavailable product-level combinations"", ""Same-product and both comparison directions; provider-specific facts stay asymmetric where appropriate"", ""Document X versus catalog Y: X wins; silent optional remains unknown; explicit not_selected remains not_selected"", ""Cross-provider/type/scope/version negatives; no customer object/pricing changes"", ""Tyverioppgjør / gjenanskaffelsesvilkår (GAP-0104); Bruksbegrensninger / aktivitet (GAP-1648); Fører/passasjerulykke / unntak ved valg (GAP-1653); Oppgjør / markedsverdi/tap (GAP-1671); Tyverioppgjør / gjenanskaffelse (GAP-1682); Egenandel / dyr/ung fører (GAP-1715)""]","[""Compare before/after exact scoped products against independent source-fact inventory"", ""Reverse-check changed claims for support and wrong-level leakage"", ""Re-run linked false-unknown controls with own-source oracle; inspect sources and details"", ""Record closed/reopened signature IDs; targeted family bulk comparison; held-out positive controls"", ""Full existing suite, TypeScript, ESLint, webpack production build, synthetic HTTP/PDF runtime, git diff --check after future implementation""]",GPT-6 ASTRA EXTRA HIGH,Ta beslutning per oppført konsept/dimensjon i canonical-review-queue. Prøv eksisterende eksakt nøkkel eller tydelig provider-detalj først. Ny nøkkel bare etter dokumentert tap/falsk ekvivalens ved gjenbruk. Deretter implementeres bare godkjent scoped forfatteroperasjon. Ingen generell schema-ombygging er bevist nødvendig.,"[""document > catalog"", ""optional availability != customer selected"", ""unknown != not covered"", ""provider/type/scope/version isolation"", ""product level and add-on boundaries"", ""side-swap symmetry without invented equivalents"", ""age start/reduction/expiry and object age kept distinct"", ""annual/accumulated/coverage mileage kept distinct"", ""per event/year/lifetime/selected sum kept distinct"", ""source page/hash and fact-specific provenance"", ""same object identity and pricing/TFA are not catalog eligibility""]",Source/scope gate satisfied for listed dimensions only; separate user authorization and regression still required.,"Frozen corpus 2026-09-29, not live current-source verification",Known catalog availability never selects a customer add-on,PLANNED_NOT_IMPLEMENTED,"[""B-024"", ""B-025"", ""B-026"", ""B-027"", ""B-037"", ""B-044"", ""B-045"", ""B-049"", ""B-056"", ""B-057"", ""B-061"", ""B-068"", ""B-069"", ""B-076"", ""B-083"", ""B-084"", ""B-088"", ""B-094"", ""B-095"", ""B-096"", ""B-097"", ""B-098"", ""B-099"", ""B-100"", ""B-111"", ""B-112"", ""B-118"", ""B-120"", ""B-126"", ""B-127"", ""B-136"", ""B-137"", ""B-138"", ""B-142"", ""B-150"", ""B-151"", ""B-161"", ""B-169"", ""B-170"", ""B-171"", ""B-172"", ""B-176"", ""B-185"", ""B-186"", ""B-188"", ""B-189"", ""B-194"", ""B-204""]",NOT_SAFE_FOR_PARALLEL_EXECUTION,One named file owner; source research may be parallel read-only. Disjoint files only after all dependencies pass. No agents launched in this triage.
B-120,4,frende · Tilhenger · ordinary: Avklar semantisk plassering før P1-dimensjoner materialiseres,"[""frende"", ""Tilhenger"", ""ordinary"", ""MODEL""]","[""RC-021""]","[""SCRC-021""]","[""RB-19""]","[""4329f1e8e58a3fe8"", ""4d08fb4251899e82""]",[],2,4,2,4,0,"[""[\""frende\"",\""tilhenger\"",\""ordinary\"",\""frende-tilhenger-brann-og-tyveri\"",\""2026-01-01\""]"", ""[\""frende\"",\""tilhenger\"",\""ordinary\"",\""frende-tilhenger-kasko\"",\""2026-01-01\""]""]","[""Tilhenger""]","[""frende""]","[""ordinary""]",[],CANONICAL_MODEL_REVIEW,SMALL_CODE,HIGH,CANONICAL_REVIEW_FIRST,MUST_BEFORE_NITO,LIKELY_SHARED_WITH_CUSTOMER_MODE,NOT_PROVEN_REQUIRED,Catalog knowledge improvement is shared where enrichment is eligible; no real customer PDF or extraction conclusion is claimed.,"[""lib/vehicle-object-catalog.ts""]","[""lib/vehicle-object-registry.ts""]",tests/remediation-b-120.test.mjs (future; consolidate with relevant existing suite if clearer),"[""CR-449"", ""CR-460""]",[],"[""CR-449"", ""CR-460""]","[""Own-source exact subject/value/unit/period/conditions with page/hash"", ""Exact base, inherited, optional and unavailable product-level combinations"", ""Same-product and both comparison directions; provider-specific facts stay asymmetric where appropriate"", ""Document X versus catalog Y: X wins; silent optional remains unknown; explicit not_selected remains not_selected"", ""Cross-provider/type/scope/version negatives; no customer object/pricing changes"", ""Oppgjør / markedsverdi/tap (GAP-1787); Bruksbegrensninger / aktivitet (GAP-1788)""]","[""Compare before/after exact scoped products against independent source-fact inventory"", ""Reverse-check changed claims for support and wrong-level leakage"", ""Re-run linked false-unknown controls with own-source oracle; inspect sources and details"", ""Record closed/reopened signature IDs; targeted family bulk comparison; held-out positive controls"", ""Full existing suite, TypeScript, ESLint, webpack production build, synthetic HTTP/PDF runtime, git diff --check after future implementation""]",GPT-6 ASTRA EXTRA HIGH,Ta beslutning per oppført konsept/dimensjon i canonical-review-queue. Prøv eksisterende eksakt nøkkel eller tydelig provider-detalj først. Ny nøkkel bare etter dokumentert tap/falsk ekvivalens ved gjenbruk. Deretter implementeres bare godkjent scoped forfatteroperasjon. Ingen generell schema-ombygging er bevist nødvendig.,"[""document > catalog"", ""optional availability != customer selected"", ""unknown != not covered"", ""provider/type/scope/version isolation"", ""product level and add-on boundaries"", ""side-swap symmetry without invented equivalents"", ""age start/reduction/expiry and object age kept distinct"", ""annual/accumulated/coverage mileage kept distinct"", ""per event/year/lifetime/selected sum kept distinct"", ""source page/hash and fact-specific provenance"", ""same object identity and pricing/TFA are not catalog eligibility""]",Source/scope gate satisfied for listed dimensions only; separate user authorization and regression still required.,"Frozen corpus 2026-09-29, not live current-source verification",Known catalog availability never selects a customer add-on,PLANNED_NOT_IMPLEMENTED,"[""B-024"", ""B-025"", ""B-026"", ""B-027"", ""B-037"", ""B-044"", ""B-045"", ""B-049"", ""B-056"", ""B-057"", ""B-061"", ""B-068"", ""B-069"", ""B-076"", ""B-083"", ""B-084"", ""B-088"", ""B-094"", ""B-095"", ""B-096"", ""B-097"", ""B-098"", ""B-099"", ""B-100"", ""B-111"", ""B-112"", ""B-118"", ""B-119"", ""B-126"", ""B-127"", ""B-136"", ""B-137"", ""B-138"", ""B-142"", ""B-150"", ""B-151"", ""B-161"", ""B-169"", ""B-170"", ""B-171"", ""B-172"", ""B-176"", ""B-185"", ""B-186"", ""B-188"", ""B-189"", ""B-194"", ""B-204""]",NOT_SAFE_FOR_PARALLEL_EXECUTION,One named file owner; source research may be parallel read-only. Disjoint files only after all dependencies pass. No agents launched in this triage.
B-121,4,gjensidige · Bil · ordinary: Avklar typegyldige nøkler og detaljkobling,"[""gjensidige"", ""Bil"", ""ordinary"", ""MAP-REGISTER""]","[""RC-022""]","[""SCRC-022""]","[""RB-20""]","[""3b4532f1ddc3c2ed""]",[],1,2,1,2,0,"[""[\""gjensidige\"",\""bil\"",\""ordinary\"",\""gj-bil-kasko\"",null]"", ""[\""gjensidige\"",\""bil\"",\""ordinary\"",\""gj-bil-pluss\"",null]""]","[""Bil""]","[""gjensidige""]","[""ordinary""]",[],CANONICAL_MAPPING,SMALL_CODE,HIGH,MAPPING_REVIEW_FIRST,MUST_BEFORE_NITO,LIKELY_SHARED_WITH_CUSTOMER_MODE,NOT_PROVEN_REQUIRED,Catalog knowledge improvement is shared where enrichment is eligible; no real customer PDF or extraction conclusion is claimed.,"[""lib/gjensidige-catalog.ts""]","[""lib/insurance-normalization.ts""]",tests/remediation-b-121.test.mjs (future; consolidate with relevant existing suite if clearer),"[""CR-020""]",[],"[""CR-020""]","[""Own-source exact subject/value/unit/period/conditions with page/hash"", ""Exact base, inherited, optional and unavailable product-level combinations"", ""Same-product and both comparison directions; provider-specific facts stay asymmetric where appropriate"", ""Document X versus catalog Y: X wins; silent optional remains unknown; explicit not_selected remains not_selected"", ""Cross-provider/type/scope/version negatives; no customer object/pricing changes"", ""Leiebil / utlandet (GAP-1905)""]","[""Compare before/after exact scoped products against independent source-fact inventory"", ""Reverse-check changed claims for support and wrong-level leakage"", ""Re-run linked false-unknown controls with own-source oracle; inspect sources and details"", ""Record closed/reopened signature IDs; targeted family bulk comparison; held-out positive controls"", ""Full existing suite, TypeScript, ESLint, webpack production build, synthetic HTTP/PDF runtime, git diff --check after future implementation""]",GPT-6 ASTRA EXTRA HIGH,"Kontroller eksisterende nøkkel, type-register og parent/detail-kobling per oppført dimensjon. Rebruk trygg identitet eller legg til eksplisitt typeavgrenset registrering. Ikke utled fra etikett/tall i UI, og ikke utvid ekstraksjon uten separat bevist behov.","[""document > catalog"", ""optional availability != customer selected"", ""unknown != not covered"", ""provider/type/scope/version isolation"", ""product level and add-on boundaries"", ""side-swap symmetry without invented equivalents"", ""age start/reduction/expiry and object age kept distinct"", ""annual/accumulated/coverage mileage kept distinct"", ""per event/year/lifetime/selected sum kept distinct"", ""source page/hash and fact-specific provenance"", ""same object identity and pricing/TFA are not catalog eligibility""]",Source/scope gate satisfied for listed dimensions only; separate user authorization and regression still required.,"Frozen corpus 2026-09-29, not live current-source verification",Known catalog availability never selects a customer add-on,PLANNED_NOT_IMPLEMENTED,"[""B-015"", ""B-017"", ""B-019"", ""B-020"", ""B-021"", ""B-046"", ""B-102"", ""B-103"", ""B-105"", ""B-106"", ""B-107"", ""B-114"", ""B-115"", ""B-122"", ""B-130"", ""B-131"", ""B-135"", ""B-139"", ""B-145"", ""B-146"", ""B-149"", ""B-158"", ""B-163"", ""B-164"", ""B-165"", ""B-168"", ""B-173"", ""B-179"", ""B-180"", ""B-184""]",NOT_SAFE_FOR_PARALLEL_EXECUTION,One named file owner; source research may be parallel read-only. Disjoint files only after all dependencies pass. No agents launched in this triage.
B-122,4,gjensidige · Bil · ordinary: Avklar semantisk plassering før P1-dimensjoner materialiseres,"[""gjensidige"", ""Bil"", ""ordinary"", ""MODEL""]","[""RC-022""]","[""SCRC-022""]","[""RB-20""]","[""52378911e6742e2e"", ""6429dd389a2d85c3"", ""67703e691b2f1e01"", ""a093b23a1863ab42"", ""bf6370704e7706ee"", ""deb5ac09746a5767"", ""f4f4188797a60e1b""]",[],7,21,7,21,0,"[""[\""gjensidige\"",\""bil\"",\""ordinary\"",\""gj-bil-ansvar\"",null]"", ""[\""gjensidige\"",\""bil\"",\""ordinary\"",\""gj-bil-delkasko\"",null]"", ""[\""gjensidige\"",\""bil\"",\""ordinary\"",\""gj-bil-kasko\"",null]"", ""[\""gjensidige\"",\""bil\"",\""ordinary\"",\""gj-bil-pluss\"",null]""]","[""Bil""]","[""gjensidige""]","[""ordinary""]",[],CANONICAL_MODEL_REVIEW,SMALL_CODE,HIGH,CANONICAL_REVIEW_FIRST,MUST_BEFORE_NITO,LIKELY_SHARED_WITH_CUSTOMER_MODE,NOT_PROVEN_REQUIRED,Catalog knowledge improvement is shared where enrichment is eligible; no real customer PDF or extraction conclusion is claimed.,"[""lib/gjensidige-catalog.ts""]","[""lib/insurance-normalization.ts""]",tests/remediation-b-122.test.mjs (future; consolidate with relevant existing suite if clearer),"[""CR-006"", ""CR-007"", ""CR-008"", ""CR-012"", ""CR-013"", ""CR-022"", ""CR-025""]",[],"[""CR-006"", ""CR-007"", ""CR-008"", ""CR-012"", ""CR-013"", ""CR-022"", ""CR-025""]","[""Own-source exact subject/value/unit/period/conditions with page/hash"", ""Exact base, inherited, optional and unavailable product-level combinations"", ""Same-product and both comparison directions; provider-specific facts stay asymmetric where appropriate"", ""Document X versus catalog Y: X wins; silent optional remains unknown; explicit not_selected remains not_selected"", ""Cross-provider/type/scope/version negatives; no customer object/pricing changes"", ""Egenandel / ung fører (GAP-1826); Egenandel / triller uten fører (GAP-1827); Rettshjelp / mekling (GAP-1837); Fysisk skade / begrensninger (GAP-1861); Fysisk skade / batteri/unntak (GAP-1862); Egenandel / dyr (GAP-1866); Maskinskade / vedlikehold (GAP-1962)""]","[""Compare before/after exact scoped products against independent source-fact inventory"", ""Reverse-check changed claims for support and wrong-level leakage"", ""Re-run linked false-unknown controls with own-source oracle; inspect sources and details"", ""Record closed/reopened signature IDs; targeted family bulk comparison; held-out positive controls"", ""Full existing suite, TypeScript, ESLint, webpack production build, synthetic HTTP/PDF runtime, git diff --check after future implementation""]",GPT-6 ASTRA EXTRA HIGH,Ta beslutning per oppført konsept/dimensjon i canonical-review-queue. Prøv eksisterende eksakt nøkkel eller tydelig provider-detalj først. Ny nøkkel bare etter dokumentert tap/falsk ekvivalens ved gjenbruk. Deretter implementeres bare godkjent scoped forfatteroperasjon. Ingen generell schema-ombygging er bevist nødvendig.,"[""document > catalog"", ""optional availability != customer selected"", ""unknown != not covered"", ""provider/type/scope/version isolation"", ""product level and add-on boundaries"", ""side-swap symmetry without invented equivalents"", ""age start/reduction/expiry and object age kept distinct"", ""annual/accumulated/coverage mileage kept distinct"", ""per event/year/lifetime/selected sum kept distinct"", ""source page/hash and fact-specific provenance"", ""same object identity and pricing/TFA are not catalog eligibility""]",Source/scope gate satisfied for listed dimensions only; separate user authorization and regression still required.,"Frozen corpus 2026-09-29, not live current-source verification",Known catalog availability never selects a customer add-on,PLANNED_NOT_IMPLEMENTED,"[""B-015"", ""B-017"", ""B-019"", ""B-020"", ""B-021"", ""B-046"", ""B-102"", ""B-103"", ""B-105"", ""B-106"", ""B-107"", ""B-114"", ""B-115"", ""B-121"", ""B-130"", ""B-131"", ""B-135"", ""B-139"", ""B-145"", ""B-146"", ""B-149"", ""B-158"", ""B-163"", ""B-164"", ""B-165"", ""B-168"", ""B-173"", ""B-179"", ""B-180"", ""B-184""]",NOT_SAFE_FOR_PARALLEL_EXECUTION,One named file owner; source research may be parallel read-only. Disjoint files only after all dependencies pass. No agents launched in this triage.
B-123,4,gjensidige · Bobil · ordinary: Avklar semantisk plassering før P1-dimensjoner materialiseres,"[""gjensidige"", ""Bobil"", ""ordinary"", ""MODEL""]","[""RC-023""]","[""SCRC-030""]","[""RB-26""]","[""1381b19f5bcba357"", ""18c6322af2fffde6"", ""30606eae69b4aa3a"", ""43c28e0bc005a6ae"", ""c65555c354c7b45a"", ""f8e054cb7031cee6"", ""ffea915a771fad53""]",[],7,21,7,21,0,"[""[\""gjensidige\"",\""bobil\"",\""ordinary\"",\""gjensidige-bobil-ansvar\"",null]"", ""[\""gjensidige\"",\""bobil\"",\""ordinary\"",\""gjensidige-bobil-delkasko\"",null]"", ""[\""gjensidige\"",\""bobil\"",\""ordinary\"",\""gjensidige-bobil-kasko\"",null]"", ""[\""gjensidige\"",\""bobil\"",\""ordinary\"",\""gjensidige-bobil-pluss\"",null]""]","[""Bobil""]","[""gjensidige""]","[""ordinary""]",[],CANONICAL_MODEL_REVIEW,SMALL_CODE,HIGH,CANONICAL_REVIEW_FIRST,MUST_BEFORE_NITO,LIKELY_SHARED_WITH_CUSTOMER_MODE,NOT_PROVEN_REQUIRED,Catalog knowledge improvement is shared where enrichment is eligible; no real customer PDF or extraction conclusion is claimed.,"[""lib/mc-bobil-gjensidige-storebrand-catalog.ts""]","[""lib/mc-bobil-registry.ts""]",tests/remediation-b-123.test.mjs (future; consolidate with relevant existing suite if clearer),"[""B-012"", ""CR-043"", ""CR-046"", ""CR-050"", ""CR-052"", ""CR-055"", ""CR-057"", ""CR-059""]","[""B-012""]","[""CR-043"", ""CR-046"", ""CR-050"", ""CR-052"", ""CR-055"", ""CR-057"", ""CR-059""]","[""Own-source exact subject/value/unit/period/conditions with page/hash"", ""Exact base, inherited, optional and unavailable product-level combinations"", ""Same-product and both comparison directions; provider-specific facts stay asymmetric where appropriate"", ""Document X versus catalog Y: X wins; silent optional remains unknown; explicit not_selected remains not_selected"", ""Cross-provider/type/scope/version negatives; no customer object/pricing changes"", ""Personkrets / sikrede (GAP-2409); Registrering / opphør (GAP-2410); Uten fører / egenandel (GAP-2411); Lagring / avregistrering (GAP-2414); Fysisk skade / unntak (GAP-2447); Utstyr / aldersfradrag (GAP-2451); Tegning / alder (GAP-2529)""]","[""Compare before/after exact scoped products against independent source-fact inventory"", ""Reverse-check changed claims for support and wrong-level leakage"", ""Re-run linked false-unknown controls with own-source oracle; inspect sources and details"", ""Record closed/reopened signature IDs; targeted family bulk comparison; held-out positive controls"", ""Full existing suite, TypeScript, ESLint, webpack production build, synthetic HTTP/PDF runtime, git diff --check after future implementation""]",GPT-6 ASTRA EXTRA HIGH,Ta beslutning per oppført konsept/dimensjon i canonical-review-queue. Prøv eksisterende eksakt nøkkel eller tydelig provider-detalj først. Ny nøkkel bare etter dokumentert tap/falsk ekvivalens ved gjenbruk. Deretter implementeres bare godkjent scoped forfatteroperasjon. Ingen generell schema-ombygging er bevist nødvendig.,"[""document > catalog"", ""optional availability != customer selected"", ""unknown != not covered"", ""provider/type/scope/version isolation"", ""product level and add-on boundaries"", ""side-swap symmetry without invented equivalents"", ""age start/reduction/expiry and object age kept distinct"", ""annual/accumulated/coverage mileage kept distinct"", ""per event/year/lifetime/selected sum kept distinct"", ""source page/hash and fact-specific provenance"", ""same object identity and pricing/TFA are not catalog eligibility""]",Source/scope gate satisfied for listed dimensions only; separate user authorization and regression still required.,"Frozen corpus 2026-09-29, not live current-source verification",Known catalog availability never selects a customer add-on,PLANNED_NOT_IMPLEMENTED,"[""B-001"", ""B-012"", ""B-047"", ""B-054"", ""B-074"", ""B-081"", ""B-101"", ""B-104"", ""B-108"", ""B-117"", ""B-134"", ""B-140"", ""B-159"", ""B-167"", ""B-174"", ""B-183""]",NOT_SAFE_FOR_PARALLEL_EXECUTION,One named file owner; source research may be parallel read-only. Disjoint files only after all dependencies pass. No agents launched in this triage.
B-124,4,gjensidige · Båt · ordinary: Avklar typegyldige nøkler og detaljkobling,"[""gjensidige"", ""Båt"", ""ordinary"", ""MAP-REGISTER""]","[""RC-024""]","[""SCRC-003""]","[""RB-02""]","[""09c8ab65ee3845d2"", ""353ea059f16f241b"", ""51b5a0ccd2ac09c6"", ""65c211b99e57a86f"", ""7097c790498a9e1c"", ""b171d98cabbd732c"", ""b87ea81da603c27d"", ""c71d676c5dcc778d"", ""cd5ad7be88bab2f8"", ""f04c2743048ef6f4""]",[],10,19,10,19,0,"[""[\""gjensidige\"",\""båt\"",\""ordinary\"",\""gjensidige-bat-delkasko\"",null]"", ""[\""gjensidige\"",\""båt\"",\""ordinary\"",\""gjensidige-bat-kasko\"",null]"", ""[\""gjensidige\"",\""båt\"",\""ordinary\"",\""gjensidige-bat-pluss\"",null]""]","[""Båt""]","[""gjensidige""]","[""ordinary""]",[],CANONICAL_MAPPING,SMALL_CODE,HIGH,MAPPING_REVIEW_FIRST,MUST_BEFORE_NITO,LIKELY_SHARED_WITH_CUSTOMER_MODE,NOT_PROVEN_REQUIRED,Catalog knowledge improvement is shared where enrichment is eligible; no real customer PDF or extraction conclusion is claimed.,"[""lib/boat-pet-catalog.ts""]","[""lib/boat-pet-registry.ts""]",tests/remediation-b-124.test.mjs (future; consolidate with relevant existing suite if clearer),"[""CR-068"", ""CR-074"", ""CR-075"", ""CR-079"", ""CR-080"", ""CR-089"", ""CR-097"", ""CR-099"", ""CR-101"", ""CR-109""]",[],"[""CR-068"", ""CR-074"", ""CR-075"", ""CR-079"", ""CR-080"", ""CR-089"", ""CR-097"", ""CR-099"", ""CR-101"", ""CR-109""]","[""Own-source exact subject/value/unit/period/conditions with page/hash"", ""Exact base, inherited, optional and unavailable product-level combinations"", ""Same-product and both comparison directions; provider-specific facts stay asymmetric where appropriate"", ""Document X versus catalog Y: X wins; silent optional remains unknown; explicit not_selected remains not_selected"", ""Cross-provider/type/scope/version negatives; no customer object/pricing changes"", ""Utleie / valg/varighet (GAP-2748); Ulykke / sum/egenandel (GAP-2759); Ulykke / behandling (GAP-2761); Seilregatta / dekning/egenandel (GAP-2791); Drivstoff / skadeomfang (GAP-2792); Frost/is / unntak/carveout (GAP-2793); Frost / landstrøm (GAP-2837); Tæring / særutvidelse (GAP-2838); Motorskade / aldersfradrag (GAP-2840); Motorskade / montering (GAP-2841)""]","[""Compare before/after exact scoped products against independent source-fact inventory"", ""Reverse-check changed claims for support and wrong-level leakage"", ""Re-run linked false-unknown controls with own-source oracle; inspect sources and details"", ""Record closed/reopened signature IDs; targeted family bulk comparison; held-out positive controls"", ""Full existing suite, TypeScript, ESLint, webpack production build, synthetic HTTP/PDF runtime, git diff --check after future implementation""]",GPT-6 ASTRA EXTRA HIGH,"Kontroller eksisterende nøkkel, type-register og parent/detail-kobling per oppført dimensjon. Rebruk trygg identitet eller legg til eksplisitt typeavgrenset registrering. Ikke utled fra etikett/tall i UI, og ikke utvid ekstraksjon uten separat bevist behov.","[""document > catalog"", ""optional availability != customer selected"", ""unknown != not covered"", ""provider/type/scope/version isolation"", ""product level and add-on boundaries"", ""side-swap symmetry without invented equivalents"", ""age start/reduction/expiry and object age kept distinct"", ""annual/accumulated/coverage mileage kept distinct"", ""per event/year/lifetime/selected sum kept distinct"", ""source page/hash and fact-specific provenance"", ""same object identity and pricing/TFA are not catalog eligibility""]",Source/scope gate satisfied for listed dimensions only; separate user authorization and regression still required.,"Frozen corpus 2026-09-29, not live current-source verification",Known catalog availability never selects a customer add-on,PLANNED_NOT_IMPLEMENTED,"[""B-003"", ""B-008"", ""B-009"", ""B-010"", ""B-018"", ""B-022"", ""B-036"", ""B-038"", ""B-041"", ""B-048"", ""B-050"", ""B-053"", ""B-060"", ""B-062"", ""B-065"", ""B-070"", ""B-071"", ""B-072"", ""B-075"", ""B-077"", ""B-080"", ""B-087"", ""B-089"", ""B-091"", ""B-109"", ""B-110"", ""B-113"", ""B-116"", ""B-125"", ""B-128"", ""B-129"", ""B-132"", ""B-133"", ""B-141"", ""B-143"", ""B-144"", ""B-147"", ""B-148"", ""B-152"", ""B-153"", ""B-154"", ""B-155"", ""B-156"", ""B-157"", ""B-160"", ""B-162"", ""B-166"", ""B-175"", ""B-177"", ""B-178"", ""B-181"", ""B-182"", ""B-187"", ""B-195"", ""B-196"", ""B-197"", ""B-199"", ""B-200""]",NOT_SAFE_FOR_PARALLEL_EXECUTION,One named file owner; source research may be parallel read-only. Disjoint files only after all dependencies pass. No agents launched in this triage.
B-125,4,gjensidige · Båt · ordinary: Avklar semantisk plassering før P1-dimensjoner materialiseres,"[""gjensidige"", ""Båt"", ""ordinary"", ""MODEL""]","[""RC-024""]","[""SCRC-003""]","[""RB-02""]","[""001697cc06503feb"", ""0c79538df3c9eee3"", ""c674e17bac40dba3"", ""d1c464351b2fd6e9""]",[],4,12,4,12,0,"[""[\""gjensidige\"",\""båt\"",\""ordinary\"",\""gjensidige-bat-delkasko\"",null]"", ""[\""gjensidige\"",\""båt\"",\""ordinary\"",\""gjensidige-bat-kasko\"",null]"", ""[\""gjensidige\"",\""båt\"",\""ordinary\"",\""gjensidige-bat-pluss\"",null]""]","[""Båt""]","[""gjensidige""]","[""ordinary""]",[],CANONICAL_MODEL_REVIEW,SMALL_CODE,HIGH,CANONICAL_REVIEW_FIRST,MUST_BEFORE_NITO,LIKELY_SHARED_WITH_CUSTOMER_MODE,NOT_PROVEN_REQUIRED,Catalog knowledge improvement is shared where enrichment is eligible; no real customer PDF or extraction conclusion is claimed.,"[""lib/boat-pet-catalog.ts""]","[""lib/boat-pet-registry.ts""]",tests/remediation-b-125.test.mjs (future; consolidate with relevant existing suite if clearer),"[""CR-087"", ""CR-088"", ""CR-092"", ""CR-094""]",[],"[""CR-087"", ""CR-088"", ""CR-092"", ""CR-094""]","[""Own-source exact subject/value/unit/period/conditions with page/hash"", ""Exact base, inherited, optional and unavailable product-level combinations"", ""Same-product and both comparison directions; provider-specific facts stay asymmetric where appropriate"", ""Document X versus catalog Y: X wins; silent optional remains unknown; explicit not_selected remains not_selected"", ""Cross-provider/type/scope/version negatives; no customer object/pricing changes"", ""Reisevarighet / periode (GAP-2737); Tillegg / fartsområde/bygging (GAP-2749); Tap/totalskade / markedsverdi (GAP-2755); Registrering / tegning (GAP-2768)""]","[""Compare before/after exact scoped products against independent source-fact inventory"", ""Reverse-check changed claims for support and wrong-level leakage"", ""Re-run linked false-unknown controls with own-source oracle; inspect sources and details"", ""Record closed/reopened signature IDs; targeted family bulk comparison; held-out positive controls"", ""Full existing suite, TypeScript, ESLint, webpack production build, synthetic HTTP/PDF runtime, git diff --check after future implementation""]",GPT-6 ASTRA EXTRA HIGH,Ta beslutning per oppført konsept/dimensjon i canonical-review-queue. Prøv eksisterende eksakt nøkkel eller tydelig provider-detalj først. Ny nøkkel bare etter dokumentert tap/falsk ekvivalens ved gjenbruk. Deretter implementeres bare godkjent scoped forfatteroperasjon. Ingen generell schema-ombygging er bevist nødvendig.,"[""document > catalog"", ""optional availability != customer selected"", ""unknown != not covered"", ""provider/type/scope/version isolation"", ""product level and add-on boundaries"", ""side-swap symmetry without invented equivalents"", ""age start/reduction/expiry and object age kept distinct"", ""annual/accumulated/coverage mileage kept distinct"", ""per event/year/lifetime/selected sum kept distinct"", ""source page/hash and fact-specific provenance"", ""same object identity and pricing/TFA are not catalog eligibility""]",Source/scope gate satisfied for listed dimensions only; separate user authorization and regression still required.,"Frozen corpus 2026-09-29, not live current-source verification",Known catalog availability never selects a customer add-on,PLANNED_NOT_IMPLEMENTED,"[""B-003"", ""B-008"", ""B-009"", ""B-010"", ""B-018"", ""B-022"", ""B-036"", ""B-038"", ""B-041"", ""B-048"", ""B-050"", ""B-053"", ""B-060"", ""B-062"", ""B-065"", ""B-070"", ""B-071"", ""B-072"", ""B-075"", ""B-077"", ""B-080"", ""B-087"", ""B-089"", ""B-091"", ""B-109"", ""B-110"", ""B-113"", ""B-116"", ""B-124"", ""B-128"", ""B-129"", ""B-132"", ""B-133"", ""B-141"", ""B-143"", ""B-144"", ""B-147"", ""B-148"", ""B-152"", ""B-153"", ""B-154"", ""B-155"", ""B-156"", ""B-157"", ""B-160"", ""B-162"", ""B-166"", ""B-175"", ""B-177"", ""B-178"", ""B-181"", ""B-182"", ""B-187"", ""B-195"", ""B-196"", ""B-197"", ""B-199"", ""B-200""]",NOT_SAFE_FOR_PARALLEL_EXECUTION,One named file owner; source research may be parallel read-only. Disjoint files only after all dependencies pass. No agents launched in this triage.
B-126,4,gjensidige · Campingvogn · ordinary: Avklar typegyldige nøkler og detaljkobling,"[""gjensidige"", ""Campingvogn"", ""ordinary"", ""MAP-REGISTER""]","[""RC-025""]","[""SCRC-033""]","[""RB-29""]","[""3cd1117a6400ff68""]",[],1,3,1,3,0,"[""[\""gjensidige\"",\""campingvogn\"",\""ordinary\"",\""gjensidige-campingvogn-delkasko\"",null]"", ""[\""gjensidige\"",\""campingvogn\"",\""ordinary\"",\""gjensidige-campingvogn-kasko\"",null]"", ""[\""gjensidige\"",\""campingvogn\"",\""ordinary\"",\""gjensidige-campingvogn-pluss\"",null]""]","[""Campingvogn""]","[""gjensidige""]","[""ordinary""]",[],CANONICAL_MAPPING,SMALL_CODE,HIGH,MAPPING_REVIEW_FIRST,MUST_BEFORE_NITO,LIKELY_SHARED_WITH_CUSTOMER_MODE,NOT_PROVEN_REQUIRED,Catalog knowledge improvement is shared where enrichment is eligible; no real customer PDF or extraction conclusion is claimed.,"[""lib/vehicle-object-catalog.ts""]","[""lib/vehicle-object-registry.ts""]",tests/remediation-b-126.test.mjs (future; consolidate with relevant existing suite if clearer),"[""CR-142""]",[],"[""CR-142""]","[""Own-source exact subject/value/unit/period/conditions with page/hash"", ""Exact base, inherited, optional and unavailable product-level combinations"", ""Same-product and both comparison directions; provider-specific facts stay asymmetric where appropriate"", ""Document X versus catalog Y: X wins; silent optional remains unknown; explicit not_selected remains not_selected"", ""Cross-provider/type/scope/version negatives; no customer object/pricing changes"", ""Utleie / valg (GAP-2644)""]","[""Compare before/after exact scoped products against independent source-fact inventory"", ""Reverse-check changed claims for support and wrong-level leakage"", ""Re-run linked false-unknown controls with own-source oracle; inspect sources and details"", ""Record closed/reopened signature IDs; targeted family bulk comparison; held-out positive controls"", ""Full existing suite, TypeScript, ESLint, webpack production build, synthetic HTTP/PDF runtime, git diff --check after future implementation""]",GPT-6 ASTRA EXTRA HIGH,"Kontroller eksisterende nøkkel, type-register og parent/detail-kobling per oppført dimensjon. Rebruk trygg identitet eller legg til eksplisitt typeavgrenset registrering. Ikke utled fra etikett/tall i UI, og ikke utvid ekstraksjon uten separat bevist behov.","[""document > catalog"", ""optional availability != customer selected"", ""unknown != not covered"", ""provider/type/scope/version isolation"", ""product level and add-on boundaries"", ""side-swap symmetry without invented equivalents"", ""age start/reduction/expiry and object age kept distinct"", ""annual/accumulated/coverage mileage kept distinct"", ""per event/year/lifetime/selected sum kept distinct"", ""source page/hash and fact-specific provenance"", ""same object identity and pricing/TFA are not catalog eligibility""]",Source/scope gate satisfied for listed dimensions only; separate user authorization and regression still required.,"Frozen corpus 2026-09-29, not live current-source verification",Known catalog availability never selects a customer add-on,PLANNED_NOT_IMPLEMENTED,"[""B-024"", ""B-025"", ""B-026"", ""B-027"", ""B-037"", ""B-044"", ""B-045"", ""B-049"", ""B-056"", ""B-057"", ""B-061"", ""B-068"", ""B-069"", ""B-076"", ""B-083"", ""B-084"", ""B-088"", ""B-094"", ""B-095"", ""B-096"", ""B-097"", ""B-098"", ""B-099"", ""B-100"", ""B-111"", ""B-112"", ""B-118"", ""B-119"", ""B-120"", ""B-127"", ""B-136"", ""B-137"", ""B-138"", ""B-142"", ""B-150"", ""B-151"", ""B-161"", ""B-169"", ""B-170"", ""B-171"", ""B-172"", ""B-176"", ""B-185"", ""B-186"", ""B-188"", ""B-189"", ""B-194"", ""B-204""]",NOT_SAFE_FOR_PARALLEL_EXECUTION,One named file owner; source research may be parallel read-only. Disjoint files only after all dependencies pass. No agents launched in this triage.
B-127,4,gjensidige · Campingvogn · ordinary: Avklar semantisk plassering før P1-dimensjoner materialiseres,"[""gjensidige"", ""Campingvogn"", ""ordinary"", ""MODEL""]","[""RC-025""]","[""SCRC-033""]","[""RB-29""]","[""00cafffaf0b720c4"", ""077d4cd0cf98ccec"", ""71e953cc21881c70""]",[],3,7,3,7,0,"[""[\""gjensidige\"",\""campingvogn\"",\""ordinary\"",\""gjensidige-campingvogn-delkasko\"",null]"", ""[\""gjensidige\"",\""campingvogn\"",\""ordinary\"",\""gjensidige-campingvogn-kasko\"",null]"", ""[\""gjensidige\"",\""campingvogn\"",\""ordinary\"",\""gjensidige-campingvogn-pluss\"",null]""]","[""Campingvogn""]","[""gjensidige""]","[""ordinary""]",[],CANONICAL_MODEL_REVIEW,SMALL_CODE,HIGH,CANONICAL_REVIEW_FIRST,MUST_BEFORE_NITO,LIKELY_SHARED_WITH_CUSTOMER_MODE,NOT_PROVEN_REQUIRED,Catalog knowledge improvement is shared where enrichment is eligible; no real customer PDF or extraction conclusion is claimed.,"[""lib/vehicle-object-catalog.ts""]","[""lib/vehicle-object-registry.ts""]",tests/remediation-b-127.test.mjs (future; consolidate with relevant existing suite if clearer),"[""CR-124"", ""CR-132"", ""CR-135""]",[],"[""CR-124"", ""CR-132"", ""CR-135""]","[""Own-source exact subject/value/unit/period/conditions with page/hash"", ""Exact base, inherited, optional and unavailable product-level combinations"", ""Same-product and both comparison directions; provider-specific facts stay asymmetric where appropriate"", ""Document X versus catalog Y: X wins; silent optional remains unknown; explicit not_selected remains not_selected"", ""Cross-provider/type/scope/version negatives; no customer object/pricing changes"", ""Tilbygg / riving/rydding (GAP-2643); Fysisk skade / unntak (GAP-2647); Tegning / alder (GAP-2694)""]","[""Compare before/after exact scoped products against independent source-fact inventory"", ""Reverse-check changed claims for support and wrong-level leakage"", ""Re-run linked false-unknown controls with own-source oracle; inspect sources and details"", ""Record closed/reopened signature IDs; targeted family bulk comparison; held-out positive controls"", ""Full existing suite, TypeScript, ESLint, webpack production build, synthetic HTTP/PDF runtime, git diff --check after future implementation""]",GPT-6 ASTRA EXTRA HIGH,Ta beslutning per oppført konsept/dimensjon i canonical-review-queue. Prøv eksisterende eksakt nøkkel eller tydelig provider-detalj først. Ny nøkkel bare etter dokumentert tap/falsk ekvivalens ved gjenbruk. Deretter implementeres bare godkjent scoped forfatteroperasjon. Ingen generell schema-ombygging er bevist nødvendig.,"[""document > catalog"", ""optional availability != customer selected"", ""unknown != not covered"", ""provider/type/scope/version isolation"", ""product level and add-on boundaries"", ""side-swap symmetry without invented equivalents"", ""age start/reduction/expiry and object age kept distinct"", ""annual/accumulated/coverage mileage kept distinct"", ""per event/year/lifetime/selected sum kept distinct"", ""source page/hash and fact-specific provenance"", ""same object identity and pricing/TFA are not catalog eligibility""]",Source/scope gate satisfied for listed dimensions only; separate user authorization and regression still required.,"Frozen corpus 2026-09-29, not live current-source verification",Known catalog availability never selects a customer add-on,PLANNED_NOT_IMPLEMENTED,"[""B-024"", ""B-025"", ""B-026"", ""B-027"", ""B-037"", ""B-044"", ""B-045"", ""B-049"", ""B-056"", ""B-057"", ""B-061"", ""B-068"", ""B-069"", ""B-076"", ""B-083"", ""B-084"", ""B-088"", ""B-094"", ""B-095"", ""B-096"", ""B-097"", ""B-098"", ""B-099"", ""B-100"", ""B-111"", ""B-112"", ""B-118"", ""B-119"", ""B-120"", ""B-126"", ""B-136"", ""B-137"", ""B-138"", ""B-142"", ""B-150"", ""B-151"", ""B-161"", ""B-169"", ""B-170"", ""B-171"", ""B-172"", ""B-176"", ""B-185"", ""B-186"", ""B-188"", ""B-189"", ""B-194"", ""B-204""]",NOT_SAFE_FOR_PARALLEL_EXECUTION,One named file owner; source research may be parallel read-only. Disjoint files only after all dependencies pass. No agents launched in this triage.
B-128,4,gjensidige · Hund · ordinary: Avklar typegyldige nøkler og detaljkobling,"[""gjensidige"", ""Hund"", ""ordinary"", ""MAP-REGISTER""]","[""RC-026""]","[""SCRC-001""]","[""RB-01""]","[""0087d955db68ec78"", ""0d61d1a7bc6dc0c5"", ""28c15328bda2a2d9"", ""446407b317c1c523"", ""5701f588e72ca6c3"", ""7f02e09f7956b0eb"", ""9a64ae9fba346641"", ""a1bd779b652a6317"", ""b48008c40080fed3"", ""b5ff71687e44318f"", ""ba08b96d5cbf29ff"", ""d43c10f1ae8d8de8"", ""f474a757ceae82a7"", ""fa2a52a2f8377a5f""]",[],14,14,14,14,0,"[""[\""gjensidige\"",\""hund\"",\""ordinary\"",\""gjensidige-hund-behandling\"",null]""]","[""Hund""]","[""gjensidige""]","[""ordinary""]","[""gjensidige-hund-bruk"", ""gjensidige-hund-liv""]",CANONICAL_MAPPING,SMALL_CODE,HIGH,MAPPING_REVIEW_FIRST,MUST_BEFORE_NITO,LIKELY_SHARED_WITH_CUSTOMER_MODE,NOT_PROVEN_REQUIRED,Catalog knowledge improvement is shared where enrichment is eligible; no real customer PDF or extraction conclusion is claimed.,"[""lib/boat-pet-catalog.ts""]","[""lib/boat-pet-registry.ts""]",tests/remediation-b-128.test.mjs (future; consolidate with relevant existing suite if clearer),"[""B-022"", ""CR-156"", ""CR-161"", ""CR-184"", ""CR-187"", ""CR-190"", ""CR-191"", ""CR-196"", ""CR-197"", ""CR-200"", ""CR-202"", ""CR-205"", ""CR-206"", ""CR-212"", ""CR-215""]","[""B-022""]","[""CR-156"", ""CR-161"", ""CR-184"", ""CR-187"", ""CR-190"", ""CR-191"", ""CR-196"", ""CR-197"", ""CR-200"", ""CR-202"", ""CR-205"", ""CR-206"", ""CR-212"", ""CR-215""]","[""Own-source exact subject/value/unit/period/conditions with page/hash"", ""Exact base, inherited, optional and unavailable product-level combinations"", ""Same-product and both comparison directions; provider-specific facts stay asymmetric where appropriate"", ""Document X versus catalog Y: X wins; silent optional remains unknown; explicit not_selected remains not_selected"", ""Cross-provider/type/scope/version negatives; no customer object/pricing changes"", ""Varighet / opphør (GAP-2871); Karens / 20d/kjente (GAP-2874); Medfødt/ledd / eligibility (GAP-2877); Korsbånd / eligibility (GAP-2878); Tann / melketann/bitt (GAP-2879); Tann / fraktur/unntak (GAP-2881); Avliving/kremering / sum/aldersvilkår (GAP-2882); Keisersnitt / antall/karens (GAP-2883); Komplikasjon / carveout (GAP-2885); Online veterinær / service (GAP-2888); Tegning / aldersvindu (GAP-2891); Liv / sum/egenandel (GAP-2895); Liv / aldersfradrag (GAP-2898); Bruk / opphør (GAP-2903)""]","[""Compare before/after exact scoped products against independent source-fact inventory"", ""Reverse-check changed claims for support and wrong-level leakage"", ""Re-run linked false-unknown controls with own-source oracle; inspect sources and details"", ""Record closed/reopened signature IDs; targeted family bulk comparison; held-out positive controls"", ""Full existing suite, TypeScript, ESLint, webpack production build, synthetic HTTP/PDF runtime, git diff --check after future implementation""]",GPT-6 ASTRA EXTRA HIGH,"Kontroller eksisterende nøkkel, type-register og parent/detail-kobling per oppført dimensjon. Rebruk trygg identitet eller legg til eksplisitt typeavgrenset registrering. Ikke utled fra etikett/tall i UI, og ikke utvid ekstraksjon uten separat bevist behov.","[""document > catalog"", ""optional availability != customer selected"", ""unknown != not covered"", ""provider/type/scope/version isolation"", ""product level and add-on boundaries"", ""side-swap symmetry without invented equivalents"", ""age start/reduction/expiry and object age kept distinct"", ""annual/accumulated/coverage mileage kept distinct"", ""per event/year/lifetime/selected sum kept distinct"", ""source page/hash and fact-specific provenance"", ""same object identity and pricing/TFA are not catalog eligibility""]",Source/scope gate satisfied for listed dimensions only; separate user authorization and regression still required.,"Frozen corpus 2026-09-29, not live current-source verification",Known catalog availability never selects a customer add-on,PLANNED_NOT_IMPLEMENTED,"[""B-003"", ""B-008"", ""B-009"", ""B-010"", ""B-018"", ""B-022"", ""B-036"", ""B-038"", ""B-041"", ""B-048"", ""B-050"", ""B-053"", ""B-060"", ""B-062"", ""B-065"", ""B-070"", ""B-071"", ""B-072"", ""B-075"", ""B-077"", ""B-080"", ""B-087"", ""B-089"", ""B-091"", ""B-109"", ""B-110"", ""B-113"", ""B-116"", ""B-124"", ""B-125"", ""B-129"", ""B-132"", ""B-133"", ""B-141"", ""B-143"", ""B-144"", ""B-147"", ""B-148"", ""B-152"", ""B-153"", ""B-154"", ""B-155"", ""B-156"", ""B-157"", ""B-160"", ""B-162"", ""B-166"", ""B-175"", ""B-177"", ""B-178"", ""B-181"", ""B-182"", ""B-187"", ""B-195"", ""B-196"", ""B-197"", ""B-199"", ""B-200""]",NOT_SAFE_FOR_PARALLEL_EXECUTION,One named file owner; source research may be parallel read-only. Disjoint files only after all dependencies pass. No agents launched in this triage.
B-129,4,gjensidige · Hund · ordinary: Avklar semantisk plassering før P1-dimensjoner materialiseres,"[""gjensidige"", ""Hund"", ""ordinary"", ""MODEL""]","[""RC-026""]","[""SCRC-001""]","[""RB-01""]","[""803704e504a38d6e"", ""bdc4eb058ae17219""]",[],2,2,2,2,0,"[""[\""gjensidige\"",\""hund\"",\""ordinary\"",\""gjensidige-hund-behandling\"",null]""]","[""Hund""]","[""gjensidige""]","[""ordinary""]",[],CANONICAL_MODEL_REVIEW,SMALL_CODE,HIGH,CANONICAL_REVIEW_FIRST,MUST_BEFORE_NITO,LIKELY_SHARED_WITH_CUSTOMER_MODE,NOT_PROVEN_REQUIRED,Catalog knowledge improvement is shared where enrichment is eligible; no real customer PDF or extraction conclusion is claimed.,"[""lib/boat-pet-catalog.ts""]","[""lib/boat-pet-registry.ts""]",tests/remediation-b-129.test.mjs (future; consolidate with relevant existing suite if clearer),"[""B-022"", ""CR-149"", ""CR-159""]","[""B-022""]","[""CR-149"", ""CR-159""]","[""Own-source exact subject/value/unit/period/conditions with page/hash"", ""Exact base, inherited, optional and unavailable product-level combinations"", ""Same-product and both comparison directions; provider-specific facts stay asymmetric where appropriate"", ""Document X versus catalog Y: X wins; silent optional remains unknown; explicit not_selected remains not_selected"", ""Cross-provider/type/scope/version negatives; no customer object/pricing changes"", ""Behandlingsunntak / hormon/organ (GAP-2886); Andre unntak / materielle (GAP-2887)""]","[""Compare before/after exact scoped products against independent source-fact inventory"", ""Reverse-check changed claims for support and wrong-level leakage"", ""Re-run linked false-unknown controls with own-source oracle; inspect sources and details"", ""Record closed/reopened signature IDs; targeted family bulk comparison; held-out positive controls"", ""Full existing suite, TypeScript, ESLint, webpack production build, synthetic HTTP/PDF runtime, git diff --check after future implementation""]",GPT-6 ASTRA EXTRA HIGH,Ta beslutning per oppført konsept/dimensjon i canonical-review-queue. Prøv eksisterende eksakt nøkkel eller tydelig provider-detalj først. Ny nøkkel bare etter dokumentert tap/falsk ekvivalens ved gjenbruk. Deretter implementeres bare godkjent scoped forfatteroperasjon. Ingen generell schema-ombygging er bevist nødvendig.,"[""document > catalog"", ""optional availability != customer selected"", ""unknown != not covered"", ""provider/type/scope/version isolation"", ""product level and add-on boundaries"", ""side-swap symmetry without invented equivalents"", ""age start/reduction/expiry and object age kept distinct"", ""annual/accumulated/coverage mileage kept distinct"", ""per event/year/lifetime/selected sum kept distinct"", ""source page/hash and fact-specific provenance"", ""same object identity and pricing/TFA are not catalog eligibility""]",Source/scope gate satisfied for listed dimensions only; separate user authorization and regression still required.,"Frozen corpus 2026-09-29, not live current-source verification",Known catalog availability never selects a customer add-on,PLANNED_NOT_IMPLEMENTED,"[""B-003"", ""B-008"", ""B-009"", ""B-010"", ""B-018"", ""B-022"", ""B-036"", ""B-038"", ""B-041"", ""B-048"", ""B-050"", ""B-053"", ""B-060"", ""B-062"", ""B-065"", ""B-070"", ""B-071"", ""B-072"", ""B-075"", ""B-077"", ""B-080"", ""B-087"", ""B-089"", ""B-091"", ""B-109"", ""B-110"", ""B-113"", ""B-116"", ""B-124"", ""B-125"", ""B-128"", ""B-132"", ""B-133"", ""B-141"", ""B-143"", ""B-144"", ""B-147"", ""B-148"", ""B-152"", ""B-153"", ""B-154"", ""B-155"", ""B-156"", ""B-157"", ""B-160"", ""B-162"", ""B-166"", ""B-175"", ""B-177"", ""B-178"", ""B-181"", ""B-182"", ""B-187"", ""B-195"", ""B-196"", ""B-197"", ""B-199"", ""B-200""]",NOT_SAFE_FOR_PARALLEL_EXECUTION,One named file owner; source research may be parallel read-only. Disjoint files only after all dependencies pass. No agents launched in this triage.
B-130,4,gjensidige · Hus · ordinary: Avklar semantisk plassering før P1-dimensjoner materialiseres,"[""gjensidige"", ""Hus"", ""ordinary"", ""MODEL""]","[""RC-027""]","[""SCRC-025""]","[""RB-22""]","[""15f5b4a3e9f79fd2"", ""597df4c45c6d3db9"", ""ce90710821e28a97"", ""d58bff0e6b2d46eb""]",[],4,8,4,8,0,"[""[\""gjensidige\"",\""bolig\"",\""ordinary\"",\""gjensidige-hus\"",\""Alminnelige vilkår\""]"", ""[\""gjensidige\"",\""bolig\"",\""ordinary\"",\""gjensidige-hus-pluss\"",\""Alminnelige vilkår\""]""]","[""Hus""]","[""gjensidige""]","[""ordinary""]",[],CANONICAL_MODEL_REVIEW,SMALL_CODE,HIGH,CANONICAL_REVIEW_FIRST,MUST_BEFORE_NITO,LIKELY_SHARED_WITH_CUSTOMER_MODE,NOT_PROVEN_REQUIRED,Catalog knowledge improvement is shared where enrichment is eligible; no real customer PDF or extraction conclusion is claimed.,"[""lib/gjensidige-hus-catalog.ts""]","[""lib/insurance-normalization.ts""]",tests/remediation-b-130.test.mjs (future; consolidate with relevant existing suite if clearer),"[""B-007"", ""B-020"", ""CR-224"", ""CR-226"", ""CR-228"", ""CR-229""]","[""B-007"", ""B-020""]","[""CR-224"", ""CR-226"", ""CR-228"", ""CR-229""]","[""Own-source exact subject/value/unit/period/conditions with page/hash"", ""Exact base, inherited, optional and unavailable product-level combinations"", ""Same-product and both comparison directions; provider-specific facts stay asymmetric where appropriate"", ""Document X versus catalog Y: X wins; silent optional remains unknown; explicit not_selected remains not_selected"", ""Cross-provider/type/scope/version negatives; no customer object/pricing changes"", ""Personkrets / sikrede (GAP-2081); Fullverdi / underforsikring (GAP-2115); Sikkerhet / frost/bygningsvern (GAP-2121); Fraflyttet / dekning (GAP-2122)""]","[""Compare before/after exact scoped products against independent source-fact inventory"", ""Reverse-check changed claims for support and wrong-level leakage"", ""Re-run linked false-unknown controls with own-source oracle; inspect sources and details"", ""Record closed/reopened signature IDs; targeted family bulk comparison; held-out positive controls"", ""Full existing suite, TypeScript, ESLint, webpack production build, synthetic HTTP/PDF runtime, git diff --check after future implementation""]",GPT-6 ASTRA EXTRA HIGH,Ta beslutning per oppført konsept/dimensjon i canonical-review-queue. Prøv eksisterende eksakt nøkkel eller tydelig provider-detalj først. Ny nøkkel bare etter dokumentert tap/falsk ekvivalens ved gjenbruk. Deretter implementeres bare godkjent scoped forfatteroperasjon. Ingen generell schema-ombygging er bevist nødvendig.,"[""document > catalog"", ""optional availability != customer selected"", ""unknown != not covered"", ""provider/type/scope/version isolation"", ""product level and add-on boundaries"", ""side-swap symmetry without invented equivalents"", ""age start/reduction/expiry and object age kept distinct"", ""annual/accumulated/coverage mileage kept distinct"", ""per event/year/lifetime/selected sum kept distinct"", ""source page/hash and fact-specific provenance"", ""same object identity and pricing/TFA are not catalog eligibility""]",Source/scope gate satisfied for listed dimensions only; separate user authorization and regression still required.,"Frozen corpus 2026-09-29, not live current-source verification",Known catalog availability never selects a customer add-on,PLANNED_NOT_IMPLEMENTED,"[""B-007"", ""B-015"", ""B-017"", ""B-019"", ""B-020"", ""B-021"", ""B-051"", ""B-102"", ""B-103"", ""B-105"", ""B-106"", ""B-107"", ""B-114"", ""B-115"", ""B-121"", ""B-122"", ""B-131"", ""B-135"", ""B-139"", ""B-145"", ""B-146"", ""B-149"", ""B-158"", ""B-163"", ""B-164"", ""B-165"", ""B-168"", ""B-173"", ""B-179"", ""B-180"", ""B-184""]",NOT_SAFE_FOR_PARALLEL_EXECUTION,One named file owner; source research may be parallel read-only. Disjoint files only after all dependencies pass. No agents launched in this triage.
B-131,4,gjensidige · Innbo · ordinary: Avklar semantisk plassering før P1-dimensjoner materialiseres,"[""gjensidige"", ""Innbo"", ""ordinary"", ""MODEL""]","[""RC-028""]","[""SCRC-023""]","[""RB-21""]","[""0d4e4afffc744835"", ""0ddb98e195d5d641"", ""15cda5fb684eb36d"", ""1accd2dd1d1f974e"", ""3209fce1d14e5553"", ""590ad3fdd4e400c8"", ""8e04fe940676932c"", ""97207d48d4f90e06"", ""980b20fa16f7202f"", ""bd5d5887eea81d7c""]",[],10,20,10,20,0,"[""[\""gjensidige\"",\""innbo\"",\""ordinary\"",\""gj-innbo\"",null]"", ""[\""gjensidige\"",\""innbo\"",\""ordinary\"",\""gj-innbo-pluss\"",null]""]","[""Innbo""]","[""gjensidige""]","[""ordinary""]",[],CANONICAL_MODEL_REVIEW,SMALL_CODE,HIGH,CANONICAL_REVIEW_FIRST,MUST_BEFORE_NITO,LIKELY_SHARED_WITH_CUSTOMER_MODE,NOT_PROVEN_REQUIRED,Catalog knowledge improvement is shared where enrichment is eligible; no real customer PDF or extraction conclusion is claimed.,"[""lib/gjensidige-innbo-catalog.ts""]","[""lib/insurance-normalization.ts""]",tests/remediation-b-131.test.mjs (future; consolidate with relevant existing suite if clearer),"[""B-014"", ""CR-237"", ""CR-238"", ""CR-239"", ""CR-240"", ""CR-241"", ""CR-243"", ""CR-253"", ""CR-257"", ""CR-265"", ""CR-276""]","[""B-014""]","[""CR-237"", ""CR-238"", ""CR-239"", ""CR-240"", ""CR-241"", ""CR-243"", ""CR-253"", ""CR-257"", ""CR-265"", ""CR-276""]","[""Own-source exact subject/value/unit/period/conditions with page/hash"", ""Exact base, inherited, optional and unavailable product-level combinations"", ""Same-product and both comparison directions; provider-specific facts stay asymmetric where appropriate"", ""Document X versus catalog Y: X wins; silent optional remains unknown; explicit not_selected remains not_selected"", ""Cross-provider/type/scope/version negatives; no customer object/pricing changes"", ""Personkrets / husstand (GAP-1981); Tilhenger / sum/sted (GAP-1987); Generelle skadeunntak / årsaker (GAP-1990); Dyr / skade (GAP-1996); Aldersfradrag / datamobil (GAP-2010); Aldersfradrag / hvitevarelydbilde (GAP-2011); Aldersfradrag / kamera/øvrigelektronikk (GAP-2012); Aldersfradrag / sykkel (GAP-2013); Aldersfradrag / briller/dekk (GAP-2014); Aldersfradrag / annetinnbo (GAP-2015)""]","[""Compare before/after exact scoped products against independent source-fact inventory"", ""Reverse-check changed claims for support and wrong-level leakage"", ""Re-run linked false-unknown controls with own-source oracle; inspect sources and details"", ""Record closed/reopened signature IDs; targeted family bulk comparison; held-out positive controls"", ""Full existing suite, TypeScript, ESLint, webpack production build, synthetic HTTP/PDF runtime, git diff --check after future implementation""]",GPT-6 ASTRA EXTRA HIGH,Ta beslutning per oppført konsept/dimensjon i canonical-review-queue. Prøv eksisterende eksakt nøkkel eller tydelig provider-detalj først. Ny nøkkel bare etter dokumentert tap/falsk ekvivalens ved gjenbruk. Deretter implementeres bare godkjent scoped forfatteroperasjon. Ingen generell schema-ombygging er bevist nødvendig.,"[""document > catalog"", ""optional availability != customer selected"", ""unknown != not covered"", ""provider/type/scope/version isolation"", ""product level and add-on boundaries"", ""side-swap symmetry without invented equivalents"", ""age start/reduction/expiry and object age kept distinct"", ""annual/accumulated/coverage mileage kept distinct"", ""per event/year/lifetime/selected sum kept distinct"", ""source page/hash and fact-specific provenance"", ""same object identity and pricing/TFA are not catalog eligibility""]",Source/scope gate satisfied for listed dimensions only; separate user authorization and regression still required.,"Frozen corpus 2026-09-29, not live current-source verification",Known catalog availability never selects a customer add-on,PLANNED_NOT_IMPLEMENTED,"[""B-014"", ""B-015"", ""B-017"", ""B-019"", ""B-020"", ""B-021"", ""B-052"", ""B-102"", ""B-103"", ""B-105"", ""B-106"", ""B-107"", ""B-114"", ""B-115"", ""B-121"", ""B-122"", ""B-130"", ""B-135"", ""B-139"", ""B-145"", ""B-146"", ""B-149"", ""B-158"", ""B-163"", ""B-164"", ""B-165"", ""B-168"", ""B-173"", ""B-179"", ""B-180"", ""B-184""]",NOT_SAFE_FOR_PARALLEL_EXECUTION,One named file owner; source research may be parallel read-only. Disjoint files only after all dependencies pass. No agents launched in this triage.
B-132,4,gjensidige · Katt · ordinary: Avklar typegyldige nøkler og detaljkobling,"[""gjensidige"", ""Katt"", ""ordinary"", ""MAP-REGISTER""]","[""RC-029""]","[""SCRC-001""]","[""RB-01""]","[""10827e5b0787e139"", ""25b4c1acafb2e2eb"", ""27a3d6b59dc9aeca"", ""369e717466e136f0"", ""42a5982d04bf9b1e"", ""55e1b588f72444f9"", ""6ad3fc70d6926857"", ""7529d5b021d1dfc6"", ""793a58aca239b02d"", ""82de77629020a9d3"", ""ad3f56a9e948c0b5"", ""bd99b54adec1807b"", ""cae2b5dab8841467"", ""e9ad691aac4ac8b9""]",[],14,14,14,14,0,"[""[\""gjensidige\"",\""katt\"",\""ordinary\"",\""gjensidige-katt-behandling\"",null]""]","[""Katt""]","[""gjensidige""]","[""ordinary""]","[""gjensidige-katt-liv""]",CANONICAL_MAPPING,SMALL_CODE,HIGH,MAPPING_REVIEW_FIRST,MUST_BEFORE_NITO,LIKELY_SHARED_WITH_CUSTOMER_MODE,NOT_PROVEN_REQUIRED,Catalog knowledge improvement is shared where enrichment is eligible; no real customer PDF or extraction conclusion is claimed.,"[""lib/boat-pet-catalog.ts""]","[""lib/boat-pet-registry.ts""]",tests/remediation-b-132.test.mjs (future; consolidate with relevant existing suite if clearer),"[""B-022"", ""CR-288"", ""CR-293"", ""CR-294"", ""CR-295"", ""CR-309"", ""CR-315"", ""CR-317"", ""CR-321"", ""CR-322"", ""CR-324"", ""CR-326"", ""CR-329"", ""CR-335"", ""CR-337""]","[""B-022""]","[""CR-288"", ""CR-293"", ""CR-294"", ""CR-295"", ""CR-309"", ""CR-315"", ""CR-317"", ""CR-321"", ""CR-322"", ""CR-324"", ""CR-326"", ""CR-329"", ""CR-335"", ""CR-337""]","[""Own-source exact subject/value/unit/period/conditions with page/hash"", ""Exact base, inherited, optional and unavailable product-level combinations"", ""Same-product and both comparison directions; provider-specific facts stay asymmetric where appropriate"", ""Document X versus catalog Y: X wins; silent optional remains unknown; explicit not_selected remains not_selected"", ""Cross-provider/type/scope/version negatives; no customer object/pricing changes"", ""Varighet / opphør (GAP-2912); Karens / 20d/kjente (GAP-2914); Medfødt / unntak (GAP-2918); Tann / fraktur/unntak (GAP-2919); Avliving/kremering / sum/aldersvilkår (GAP-2921); Keisersnitt / antall/karens (GAP-2922); Komplikasjon / carveout (GAP-2923); Online veterinær / service (GAP-2926); Tegning / aldersvindu (GAP-2929); Liv / sum/egenandel (GAP-2931); Liv / aldersfradrag (GAP-2934); Bruk / tap/avl (GAP-2937); Bruk / opphør (GAP-2938); Bruk / gjenverdi (GAP-2939)""]","[""Compare before/after exact scoped products against independent source-fact inventory"", ""Reverse-check changed claims for support and wrong-level leakage"", ""Re-run linked false-unknown controls with own-source oracle; inspect sources and details"", ""Record closed/reopened signature IDs; targeted family bulk comparison; held-out positive controls"", ""Full existing suite, TypeScript, ESLint, webpack production build, synthetic HTTP/PDF runtime, git diff --check after future implementation""]",GPT-6 ASTRA EXTRA HIGH,"Kontroller eksisterende nøkkel, type-register og parent/detail-kobling per oppført dimensjon. Rebruk trygg identitet eller legg til eksplisitt typeavgrenset registrering. Ikke utled fra etikett/tall i UI, og ikke utvid ekstraksjon uten separat bevist behov.","[""document > catalog"", ""optional availability != customer selected"", ""unknown != not covered"", ""provider/type/scope/version isolation"", ""product level and add-on boundaries"", ""side-swap symmetry without invented equivalents"", ""age start/reduction/expiry and object age kept distinct"", ""annual/accumulated/coverage mileage kept distinct"", ""per event/year/lifetime/selected sum kept distinct"", ""source page/hash and fact-specific provenance"", ""same object identity and pricing/TFA are not catalog eligibility""]",Source/scope gate satisfied for listed dimensions only; separate user authorization and regression still required.,"Frozen corpus 2026-09-29, not live current-source verification",Known catalog availability never selects a customer add-on,PLANNED_NOT_IMPLEMENTED,"[""B-003"", ""B-008"", ""B-009"", ""B-010"", ""B-018"", ""B-022"", ""B-036"", ""B-038"", ""B-041"", ""B-048"", ""B-050"", ""B-053"", ""B-060"", ""B-062"", ""B-065"", ""B-070"", ""B-071"", ""B-072"", ""B-075"", ""B-077"", ""B-080"", ""B-087"", ""B-089"", ""B-091"", ""B-109"", ""B-110"", ""B-113"", ""B-116"", ""B-124"", ""B-125"", ""B-128"", ""B-129"", ""B-133"", ""B-141"", ""B-143"", ""B-144"", ""B-147"", ""B-148"", ""B-152"", ""B-153"", ""B-154"", ""B-155"", ""B-156"", ""B-157"", ""B-160"", ""B-162"", ""B-166"", ""B-175"", ""B-177"", ""B-178"", ""B-181"", ""B-182"", ""B-187"", ""B-195"", ""B-196"", ""B-197"", ""B-199"", ""B-200""]",NOT_SAFE_FOR_PARALLEL_EXECUTION,One named file owner; source research may be parallel read-only. Disjoint files only after all dependencies pass. No agents launched in this triage.
B-133,4,gjensidige · Katt · ordinary: Avklar semantisk plassering før P1-dimensjoner materialiseres,"[""gjensidige"", ""Katt"", ""ordinary"", ""MODEL""]","[""RC-029""]","[""SCRC-001""]","[""RB-01""]","[""382d34c4d4cda824"", ""a0024020f2107281""]",[],2,2,2,2,0,"[""[\""gjensidige\"",\""katt\"",\""ordinary\"",\""gjensidige-katt-behandling\"",null]""]","[""Katt""]","[""gjensidige""]","[""ordinary""]",[],CANONICAL_MODEL_REVIEW,SMALL_CODE,HIGH,CANONICAL_REVIEW_FIRST,MUST_BEFORE_NITO,LIKELY_SHARED_WITH_CUSTOMER_MODE,NOT_PROVEN_REQUIRED,Catalog knowledge improvement is shared where enrichment is eligible; no real customer PDF or extraction conclusion is claimed.,"[""lib/boat-pet-catalog.ts""]","[""lib/boat-pet-registry.ts""]",tests/remediation-b-133.test.mjs (future; consolidate with relevant existing suite if clearer),"[""B-022"", ""CR-283"", ""CR-291""]","[""B-022""]","[""CR-283"", ""CR-291""]","[""Own-source exact subject/value/unit/period/conditions with page/hash"", ""Exact base, inherited, optional and unavailable product-level combinations"", ""Same-product and both comparison directions; provider-specific facts stay asymmetric where appropriate"", ""Document X versus catalog Y: X wins; silent optional remains unknown; explicit not_selected remains not_selected"", ""Cross-provider/type/scope/version negatives; no customer object/pricing changes"", ""Behandlingsunntak / organ (GAP-2924); Andre unntak / materielle (GAP-2925)""]","[""Compare before/after exact scoped products against independent source-fact inventory"", ""Reverse-check changed claims for support and wrong-level leakage"", ""Re-run linked false-unknown controls with own-source oracle; inspect sources and details"", ""Record closed/reopened signature IDs; targeted family bulk comparison; held-out positive controls"", ""Full existing suite, TypeScript, ESLint, webpack production build, synthetic HTTP/PDF runtime, git diff --check after future implementation""]",GPT-6 ASTRA EXTRA HIGH,Ta beslutning per oppført konsept/dimensjon i canonical-review-queue. Prøv eksisterende eksakt nøkkel eller tydelig provider-detalj først. Ny nøkkel bare etter dokumentert tap/falsk ekvivalens ved gjenbruk. Deretter implementeres bare godkjent scoped forfatteroperasjon. Ingen generell schema-ombygging er bevist nødvendig.,"[""document > catalog"", ""optional availability != customer selected"", ""unknown != not covered"", ""provider/type/scope/version isolation"", ""product level and add-on boundaries"", ""side-swap symmetry without invented equivalents"", ""age start/reduction/expiry and object age kept distinct"", ""annual/accumulated/coverage mileage kept distinct"", ""per event/year/lifetime/selected sum kept distinct"", ""source page/hash and fact-specific provenance"", ""same object identity and pricing/TFA are not catalog eligibility""]",Source/scope gate satisfied for listed dimensions only; separate user authorization and regression still required.,"Frozen corpus 2026-09-29, not live current-source verification",Known catalog availability never selects a customer add-on,PLANNED_NOT_IMPLEMENTED,"[""B-003"", ""B-008"", ""B-009"", ""B-010"", ""B-018"", ""B-022"", ""B-036"", ""B-038"", ""B-041"", ""B-048"", ""B-050"", ""B-053"", ""B-060"", ""B-062"", ""B-065"", ""B-070"", ""B-071"", ""B-072"", ""B-075"", ""B-077"", ""B-080"", ""B-087"", ""B-089"", ""B-091"", ""B-109"", ""B-110"", ""B-113"", ""B-116"", ""B-124"", ""B-125"", ""B-128"", ""B-129"", ""B-132"", ""B-141"", ""B-143"", ""B-144"", ""B-147"", ""B-148"", ""B-152"", ""B-153"", ""B-154"", ""B-155"", ""B-156"", ""B-157"", ""B-160"", ""B-162"", ""B-166"", ""B-175"", ""B-177"", ""B-178"", ""B-181"", ""B-182"", ""B-187"", ""B-195"", ""B-196"", ""B-197"", ""B-199"", ""B-200""]",NOT_SAFE_FOR_PARALLEL_EXECUTION,One named file owner; source research may be parallel read-only. Disjoint files only after all dependencies pass. No agents launched in this triage.
B-134,4,gjensidige · MC · ordinary: Avklar semantisk plassering før P1-dimensjoner materialiseres,"[""gjensidige"", ""MC"", ""ordinary"", ""MODEL""]","[""RC-030""]","[""SCRC-030""]","[""RB-26""]","[""2370a184142b4020"", ""353162a036bedf62"", ""58fe711dff9bc438"", ""9f54708b05175b9a"", ""b2e9b7fa801af8e4"", ""b97d788618eae5b1"", ""c6b0aefe53c87348"", ""d624357215716098"", ""f9722673430ceaae""]",[],9,23,9,23,0,"[""[\""gjensidige\"",\""mc\"",\""ordinary\"",\""gjensidige-mc-ansvar\"",null]"", ""[\""gjensidige\"",\""mc\"",\""ordinary\"",\""gjensidige-mc-delkasko\"",null]"", ""[\""gjensidige\"",\""mc\"",\""ordinary\"",\""gjensidige-mc-kasko\"",null]""]","[""MC""]","[""gjensidige""]","[""ordinary""]",[],CANONICAL_MODEL_REVIEW,SMALL_CODE,HIGH,CANONICAL_REVIEW_FIRST,MUST_BEFORE_NITO,LIKELY_SHARED_WITH_CUSTOMER_MODE,NOT_PROVEN_REQUIRED,Catalog knowledge improvement is shared where enrichment is eligible; no real customer PDF or extraction conclusion is claimed.,"[""lib/mc-bobil-gjensidige-storebrand-catalog.ts""]","[""lib/mc-bobil-registry.ts""]",tests/remediation-b-134.test.mjs (future; consolidate with relevant existing suite if clearer),"[""B-001"", ""CR-346"", ""CR-354"", ""CR-358"", ""CR-360"", ""CR-362"", ""CR-363"", ""CR-367"", ""CR-368"", ""CR-369""]","[""B-001""]","[""CR-346"", ""CR-354"", ""CR-358"", ""CR-360"", ""CR-362"", ""CR-363"", ""CR-367"", ""CR-368"", ""CR-369""]","[""Own-source exact subject/value/unit/period/conditions with page/hash"", ""Exact base, inherited, optional and unavailable product-level combinations"", ""Same-product and both comparison directions; provider-specific facts stay asymmetric where appropriate"", ""Document X versus catalog Y: X wins; silent optional remains unknown; explicit not_selected remains not_selected"", ""Cross-provider/type/scope/version negatives; no customer object/pricing changes"", ""Personkrets / sikrede (GAP-2296); Registrering / opphør (GAP-2297); Ung fører / egenandel (GAP-2298); Uten fører / egenandel (GAP-2299); Bane/hastighet / unntak/carveout (GAP-2302); Lagring / avregistrering (GAP-2304); MC sidevogn/tilhenger / omfang (GAP-2331); Fysisk skade / unntak (GAP-2339); Utstyr / aldersfradrag (GAP-2344)""]","[""Compare before/after exact scoped products against independent source-fact inventory"", ""Reverse-check changed claims for support and wrong-level leakage"", ""Re-run linked false-unknown controls with own-source oracle; inspect sources and details"", ""Record closed/reopened signature IDs; targeted family bulk comparison; held-out positive controls"", ""Full existing suite, TypeScript, ESLint, webpack production build, synthetic HTTP/PDF runtime, git diff --check after future implementation""]",GPT-6 ASTRA EXTRA HIGH,Ta beslutning per oppført konsept/dimensjon i canonical-review-queue. Prøv eksisterende eksakt nøkkel eller tydelig provider-detalj først. Ny nøkkel bare etter dokumentert tap/falsk ekvivalens ved gjenbruk. Deretter implementeres bare godkjent scoped forfatteroperasjon. Ingen generell schema-ombygging er bevist nødvendig.,"[""document > catalog"", ""optional availability != customer selected"", ""unknown != not covered"", ""provider/type/scope/version isolation"", ""product level and add-on boundaries"", ""side-swap symmetry without invented equivalents"", ""age start/reduction/expiry and object age kept distinct"", ""annual/accumulated/coverage mileage kept distinct"", ""per event/year/lifetime/selected sum kept distinct"", ""source page/hash and fact-specific provenance"", ""same object identity and pricing/TFA are not catalog eligibility""]",Source/scope gate satisfied for listed dimensions only; separate user authorization and regression still required.,"Frozen corpus 2026-09-29, not live current-source verification",Known catalog availability never selects a customer add-on,PLANNED_NOT_IMPLEMENTED,"[""B-001"", ""B-012"", ""B-047"", ""B-054"", ""B-074"", ""B-081"", ""B-101"", ""B-104"", ""B-108"", ""B-117"", ""B-123"", ""B-140"", ""B-159"", ""B-167"", ""B-174"", ""B-183""]",NOT_SAFE_FOR_PARALLEL_EXECUTION,One named file owner; source research may be parallel read-only. Disjoint files only after all dependencies pass. No agents launched in this triage.
B-135,4,gjensidige · Reise · ordinary: Avklar semantisk plassering før P1-dimensjoner materialiseres,"[""gjensidige"", ""Reise"", ""ordinary"", ""MODEL""]","[""RC-031""]","[""SCRC-028""]","[""RB-24""]","[""5b4a5b3229d43529"", ""a31a4424b9f403b8"", ""d9f441078437f3cc"", ""e049770979b7274d"", ""e8b7fd34c9fb4c80"", ""f646db6eed3e170d""]",[],6,12,6,12,0,"[""[\""gjensidige\"",\""reise\"",\""ordinary\"",\""gjensidige-reise\"",\""2026-09-20-canonical\""]"", ""[\""gjensidige\"",\""reise\"",\""ordinary\"",\""gjensidige-reise-pluss\"",\""2026-09-20-canonical\""]""]","[""Reise""]","[""gjensidige""]","[""ordinary""]",[],CANONICAL_MODEL_REVIEW,SMALL_CODE,HIGH,CANONICAL_REVIEW_FIRST,MUST_BEFORE_NITO,LIKELY_SHARED_WITH_CUSTOMER_MODE,NOT_PROVEN_REQUIRED,Catalog knowledge improvement is shared where enrichment is eligible; no real customer PDF or extraction conclusion is claimed.,"[""lib/gjensidige-reise-catalog.ts""]","[""lib/insurance-normalization.ts""]",tests/remediation-b-135.test.mjs (future; consolidate with relevant existing suite if clearer),"[""B-016"", ""CR-373"", ""CR-383"", ""CR-393"", ""CR-399"", ""CR-401"", ""CR-406""]","[""B-016""]","[""CR-373"", ""CR-383"", ""CR-393"", ""CR-399"", ""CR-401"", ""CR-406""]","[""Own-source exact subject/value/unit/period/conditions with page/hash"", ""Exact base, inherited, optional and unavailable product-level combinations"", ""Same-product and both comparison directions; provider-specific facts stay asymmetric where appropriate"", ""Document X versus catalog Y: X wins; silent optional remains unknown; explicit not_selected remains not_selected"", ""Cross-provider/type/scope/version negatives; no customer object/pricing changes"", ""Reisestart / avtaletid (GAP-2196); Generelle reiseunntak / hendelser/utgift (GAP-2197); Telefon / sykdomssum (GAP-2203); Returreise / sum/tid (GAP-2208); Bagasje / lånt/pass (GAP-2212); Reise / tegning/alder (GAP-2234)""]","[""Compare before/after exact scoped products against independent source-fact inventory"", ""Reverse-check changed claims for support and wrong-level leakage"", ""Re-run linked false-unknown controls with own-source oracle; inspect sources and details"", ""Record closed/reopened signature IDs; targeted family bulk comparison; held-out positive controls"", ""Full existing suite, TypeScript, ESLint, webpack production build, synthetic HTTP/PDF runtime, git diff --check after future implementation""]",GPT-6 ASTRA EXTRA HIGH,Ta beslutning per oppført konsept/dimensjon i canonical-review-queue. Prøv eksisterende eksakt nøkkel eller tydelig provider-detalj først. Ny nøkkel bare etter dokumentert tap/falsk ekvivalens ved gjenbruk. Deretter implementeres bare godkjent scoped forfatteroperasjon. Ingen generell schema-ombygging er bevist nødvendig.,"[""document > catalog"", ""optional availability != customer selected"", ""unknown != not covered"", ""provider/type/scope/version isolation"", ""product level and add-on boundaries"", ""side-swap symmetry without invented equivalents"", ""age start/reduction/expiry and object age kept distinct"", ""annual/accumulated/coverage mileage kept distinct"", ""per event/year/lifetime/selected sum kept distinct"", ""source page/hash and fact-specific provenance"", ""same object identity and pricing/TFA are not catalog eligibility""]",Source/scope gate satisfied for listed dimensions only; separate user authorization and regression still required.,"Frozen corpus 2026-09-29, not live current-source verification",Known catalog availability never selects a customer add-on,PLANNED_NOT_IMPLEMENTED,"[""B-015"", ""B-016"", ""B-017"", ""B-019"", ""B-020"", ""B-021"", ""B-055"", ""B-102"", ""B-103"", ""B-105"", ""B-106"", ""B-107"", ""B-114"", ""B-115"", ""B-121"", ""B-122"", ""B-130"", ""B-131"", ""B-139"", ""B-145"", ""B-146"", ""B-149"", ""B-158"", ""B-163"", ""B-164"", ""B-165"", ""B-168"", ""B-173"", ""B-179"", ""B-180"", ""B-184""]",NOT_SAFE_FOR_PARALLEL_EXECUTION,One named file owner; source research may be parallel read-only. Disjoint files only after all dependencies pass. No agents launched in this triage.
B-136,4,gjensidige · Snøscooter · ordinary: Avklar semantisk plassering før P1-dimensjoner materialiseres,"[""gjensidige"", ""Snøscooter"", ""ordinary"", ""MODEL""]","[""RC-032""]","[""SCRC-033""]","[""RB-29""]","[""4a4009eb439e30af"", ""5f95e1ae9699ccf2"", ""b81550168d90b37d"", ""fc23e7f6d23f7559""]",[],4,11,4,11,0,"[""[\""gjensidige\"",\""snøscooter\"",\""ordinary\"",\""gjensidige-snoscooter-ansvar\"",null]"", ""[\""gjensidige\"",\""snøscooter\"",\""ordinary\"",\""gjensidige-snoscooter-delkasko\"",null]"", ""[\""gjensidige\"",\""snøscooter\"",\""ordinary\"",\""gjensidige-snoscooter-kasko\"",null]""]","[""Snøscooter""]","[""gjensidige""]","[""ordinary""]",[],CANONICAL_MODEL_REVIEW,SMALL_CODE,HIGH,CANONICAL_REVIEW_FIRST,MUST_BEFORE_NITO,LIKELY_SHARED_WITH_CUSTOMER_MODE,NOT_PROVEN_REQUIRED,Catalog knowledge improvement is shared where enrichment is eligible; no real customer PDF or extraction conclusion is claimed.,"[""lib/vehicle-object-catalog.ts""]","[""lib/vehicle-object-registry.ts""]",tests/remediation-b-136.test.mjs (future; consolidate with relevant existing suite if clearer),"[""CR-416"", ""CR-422"", ""CR-435"", ""CR-445""]",[],"[""CR-416"", ""CR-422"", ""CR-435"", ""CR-445""]","[""Own-source exact subject/value/unit/period/conditions with page/hash"", ""Exact base, inherited, optional and unavailable product-level combinations"", ""Same-product and both comparison directions; provider-specific facts stay asymmetric where appropriate"", ""Document X versus catalog Y: X wins; silent optional remains unknown; explicit not_selected remains not_selected"", ""Cross-provider/type/scope/version negatives; no customer object/pricing changes"", ""Ung fører / rabatt/egenandel (GAP-2559); Registrering / opphør/lagring (GAP-2561); Bane/utmark / unntak (GAP-2562); Fysisk skade / unntak (GAP-2590)""]","[""Compare before/after exact scoped products against independent source-fact inventory"", ""Reverse-check changed claims for support and wrong-level leakage"", ""Re-run linked false-unknown controls with own-source oracle; inspect sources and details"", ""Record closed/reopened signature IDs; targeted family bulk comparison; held-out positive controls"", ""Full existing suite, TypeScript, ESLint, webpack production build, synthetic HTTP/PDF runtime, git diff --check after future implementation""]",GPT-6 ASTRA EXTRA HIGH,Ta beslutning per oppført konsept/dimensjon i canonical-review-queue. Prøv eksisterende eksakt nøkkel eller tydelig provider-detalj først. Ny nøkkel bare etter dokumentert tap/falsk ekvivalens ved gjenbruk. Deretter implementeres bare godkjent scoped forfatteroperasjon. Ingen generell schema-ombygging er bevist nødvendig.,"[""document > catalog"", ""optional availability != customer selected"", ""unknown != not covered"", ""provider/type/scope/version isolation"", ""product level and add-on boundaries"", ""side-swap symmetry without invented equivalents"", ""age start/reduction/expiry and object age kept distinct"", ""annual/accumulated/coverage mileage kept distinct"", ""per event/year/lifetime/selected sum kept distinct"", ""source page/hash and fact-specific provenance"", ""same object identity and pricing/TFA are not catalog eligibility""]",Source/scope gate satisfied for listed dimensions only; separate user authorization and regression still required.,"Frozen corpus 2026-09-29, not live current-source verification",Known catalog availability never selects a customer add-on,PLANNED_NOT_IMPLEMENTED,"[""B-024"", ""B-025"", ""B-026"", ""B-027"", ""B-037"", ""B-044"", ""B-045"", ""B-049"", ""B-056"", ""B-057"", ""B-061"", ""B-068"", ""B-069"", ""B-076"", ""B-083"", ""B-084"", ""B-088"", ""B-094"", ""B-095"", ""B-096"", ""B-097"", ""B-098"", ""B-099"", ""B-100"", ""B-111"", ""B-112"", ""B-118"", ""B-119"", ""B-120"", ""B-126"", ""B-127"", ""B-137"", ""B-138"", ""B-142"", ""B-150"", ""B-151"", ""B-161"", ""B-169"", ""B-170"", ""B-171"", ""B-172"", ""B-176"", ""B-185"", ""B-186"", ""B-188"", ""B-189"", ""B-194"", ""B-204""]",NOT_SAFE_FOR_PARALLEL_EXECUTION,One named file owner; source research may be parallel read-only. Disjoint files only after all dependencies pass. No agents launched in this triage.
B-137,4,gjensidige · Tilhenger · ordinary: Avklar typegyldige nøkler og detaljkobling,"[""gjensidige"", ""Tilhenger"", ""ordinary"", ""MAP-REGISTER""]","[""RC-033""]","[""SCRC-033""]","[""RB-29""]","[""d7423b7e3d5bc63c""]",[],1,2,1,2,0,"[""[\""gjensidige\"",\""tilhenger\"",\""ordinary\"",\""gjensidige-tilhenger-delkasko\"",null]"", ""[\""gjensidige\"",\""tilhenger\"",\""ordinary\"",\""gjensidige-tilhenger-kasko\"",null]""]","[""Tilhenger""]","[""gjensidige""]","[""ordinary""]",[],CANONICAL_MAPPING,SMALL_CODE,HIGH,MAPPING_REVIEW_FIRST,MUST_BEFORE_NITO,LIKELY_SHARED_WITH_CUSTOMER_MODE,NOT_PROVEN_REQUIRED,Catalog knowledge improvement is shared where enrichment is eligible; no real customer PDF or extraction conclusion is claimed.,"[""lib/vehicle-object-catalog.ts""]","[""lib/vehicle-object-registry.ts""]",tests/remediation-b-137.test.mjs (future; consolidate with relevant existing suite if clearer),"[""CR-453""]",[],"[""CR-453""]","[""Own-source exact subject/value/unit/period/conditions with page/hash"", ""Exact base, inherited, optional and unavailable product-level combinations"", ""Same-product and both comparison directions; provider-specific facts stay asymmetric where appropriate"", ""Document X versus catalog Y: X wins; silent optional remains unknown; explicit not_selected remains not_selected"", ""Cross-provider/type/scope/version negatives; no customer object/pricing changes"", ""Forsikret objekt / sum/dekk (GAP-2711)""]","[""Compare before/after exact scoped products against independent source-fact inventory"", ""Reverse-check changed claims for support and wrong-level leakage"", ""Re-run linked false-unknown controls with own-source oracle; inspect sources and details"", ""Record closed/reopened signature IDs; targeted family bulk comparison; held-out positive controls"", ""Full existing suite, TypeScript, ESLint, webpack production build, synthetic HTTP/PDF runtime, git diff --check after future implementation""]",GPT-6 ASTRA EXTRA HIGH,"Kontroller eksisterende nøkkel, type-register og parent/detail-kobling per oppført dimensjon. Rebruk trygg identitet eller legg til eksplisitt typeavgrenset registrering. Ikke utled fra etikett/tall i UI, og ikke utvid ekstraksjon uten separat bevist behov.","[""document > catalog"", ""optional availability != customer selected"", ""unknown != not covered"", ""provider/type/scope/version isolation"", ""product level and add-on boundaries"", ""side-swap symmetry without invented equivalents"", ""age start/reduction/expiry and object age kept distinct"", ""annual/accumulated/coverage mileage kept distinct"", ""per event/year/lifetime/selected sum kept distinct"", ""source page/hash and fact-specific provenance"", ""same object identity and pricing/TFA are not catalog eligibility""]",Source/scope gate satisfied for listed dimensions only; separate user authorization and regression still required.,"Frozen corpus 2026-09-29, not live current-source verification",Known catalog availability never selects a customer add-on,PLANNED_NOT_IMPLEMENTED,"[""B-024"", ""B-025"", ""B-026"", ""B-027"", ""B-037"", ""B-044"", ""B-045"", ""B-049"", ""B-056"", ""B-057"", ""B-061"", ""B-068"", ""B-069"", ""B-076"", ""B-083"", ""B-084"", ""B-088"", ""B-094"", ""B-095"", ""B-096"", ""B-097"", ""B-098"", ""B-099"", ""B-100"", ""B-111"", ""B-112"", ""B-118"", ""B-119"", ""B-120"", ""B-126"", ""B-127"", ""B-136"", ""B-138"", ""B-142"", ""B-150"", ""B-151"", ""B-161"", ""B-169"", ""B-170"", ""B-171"", ""B-172"", ""B-176"", ""B-185"", ""B-186"", ""B-188"", ""B-189"", ""B-194"", ""B-204""]",NOT_SAFE_FOR_PARALLEL_EXECUTION,One named file owner; source research may be parallel read-only. Disjoint files only after all dependencies pass. No agents launched in this triage.
B-138,4,gjensidige · Tilhenger · ordinary: Avklar semantisk plassering før P1-dimensjoner materialiseres,"[""gjensidige"", ""Tilhenger"", ""ordinary"", ""MODEL""]","[""RC-033""]","[""SCRC-033""]","[""RB-29""]","[""52cff77b0924b3ec""]",[],1,2,1,2,0,"[""[\""gjensidige\"",\""tilhenger\"",\""ordinary\"",\""gjensidige-tilhenger-delkasko\"",null]"", ""[\""gjensidige\"",\""tilhenger\"",\""ordinary\"",\""gjensidige-tilhenger-kasko\"",null]""]","[""Tilhenger""]","[""gjensidige""]","[""ordinary""]",[],CANONICAL_MODEL_REVIEW,SMALL_CODE,HIGH,CANONICAL_REVIEW_FIRST,MUST_BEFORE_NITO,LIKELY_SHARED_WITH_CUSTOMER_MODE,NOT_PROVEN_REQUIRED,Catalog knowledge improvement is shared where enrichment is eligible; no real customer PDF or extraction conclusion is claimed.,"[""lib/vehicle-object-catalog.ts""]","[""lib/vehicle-object-registry.ts""]",tests/remediation-b-138.test.mjs (future; consolidate with relevant existing suite if clearer),"[""CR-455""]",[],"[""CR-455""]","[""Own-source exact subject/value/unit/period/conditions with page/hash"", ""Exact base, inherited, optional and unavailable product-level combinations"", ""Same-product and both comparison directions; provider-specific facts stay asymmetric where appropriate"", ""Document X versus catalog Y: X wins; silent optional remains unknown; explicit not_selected remains not_selected"", ""Cross-provider/type/scope/version negatives; no customer object/pricing changes"", ""Fysisk skade / unntak (GAP-2712)""]","[""Compare before/after exact scoped products against independent source-fact inventory"", ""Reverse-check changed claims for support and wrong-level leakage"", ""Re-run linked false-unknown controls with own-source oracle; inspect sources and details"", ""Record closed/reopened signature IDs; targeted family bulk comparison; held-out positive controls"", ""Full existing suite, TypeScript, ESLint, webpack production build, synthetic HTTP/PDF runtime, git diff --check after future implementation""]",GPT-6 ASTRA EXTRA HIGH,Ta beslutning per oppført konsept/dimensjon i canonical-review-queue. Prøv eksisterende eksakt nøkkel eller tydelig provider-detalj først. Ny nøkkel bare etter dokumentert tap/falsk ekvivalens ved gjenbruk. Deretter implementeres bare godkjent scoped forfatteroperasjon. Ingen generell schema-ombygging er bevist nødvendig.,"[""document > catalog"", ""optional availability != customer selected"", ""unknown != not covered"", ""provider/type/scope/version isolation"", ""product level and add-on boundaries"", ""side-swap symmetry without invented equivalents"", ""age start/reduction/expiry and object age kept distinct"", ""annual/accumulated/coverage mileage kept distinct"", ""per event/year/lifetime/selected sum kept distinct"", ""source page/hash and fact-specific provenance"", ""same object identity and pricing/TFA are not catalog eligibility""]",Source/scope gate satisfied for listed dimensions only; separate user authorization and regression still required.,"Frozen corpus 2026-09-29, not live current-source verification",Known catalog availability never selects a customer add-on,PLANNED_NOT_IMPLEMENTED,"[""B-024"", ""B-025"", ""B-026"", ""B-027"", ""B-037"", ""B-044"", ""B-045"", ""B-049"", ""B-056"", ""B-057"", ""B-061"", ""B-068"", ""B-069"", ""B-076"", ""B-083"", ""B-084"", ""B-088"", ""B-094"", ""B-095"", ""B-096"", ""B-097"", ""B-098"", ""B-099"", ""B-100"", ""B-111"", ""B-112"", ""B-118"", ""B-119"", ""B-120"", ""B-126"", ""B-127"", ""B-136"", ""B-137"", ""B-142"", ""B-150"", ""B-151"", ""B-161"", ""B-169"", ""B-170"", ""B-171"", ""B-172"", ""B-176"", ""B-185"", ""B-186"", ""B-188"", ""B-189"", ""B-194"", ""B-204""]",NOT_SAFE_FOR_PARALLEL_EXECUTION,One named file owner; source research may be parallel read-only. Disjoint files only after all dependencies pass. No agents launched in this triage.
B-139,4,if · Bil · ordinary: Avklar typegyldige nøkler og detaljkobling,"[""if"", ""Bil"", ""ordinary"", ""MAP-REGISTER""]","[""RC-034""]","[""SCRC-036""]","[""RB-32""]","[""25a813e45b68033e"", ""9982e557410b02ce"", ""b7caae90be776b98""]",[],3,6,3,6,0,"[""[\""if\"",\""bil\"",\""ordinary\"",\""if-bil-delkasko\"",\""MOT2-2\""]"", ""[\""if\"",\""bil\"",\""ordinary\"",\""if-bil-kasko\"",\""MOT2-2\""]"", ""[\""if\"",\""bil\"",\""ordinary\"",\""if-bil-super\"",\""MOT2-2\""]""]","[""Bil""]","[""if""]","[""ordinary""]","[""if-motor-gir""]",CANONICAL_MAPPING,SMALL_CODE,HIGH,MAPPING_REVIEW_FIRST,MUST_BEFORE_NITO,LIKELY_SHARED_WITH_CUSTOMER_MODE,NOT_PROVEN_REQUIRED,Catalog knowledge improvement is shared where enrichment is eligible; no real customer PDF or extraction conclusion is claimed.,"[""lib/if-catalog.ts""]","[""lib/insurance-normalization.ts""]",tests/remediation-b-139.test.mjs (future; consolidate with relevant existing suite if clearer),"[""CR-023"", ""CR-029"", ""CR-034""]",[],"[""CR-023"", ""CR-029"", ""CR-034""]","[""Own-source exact subject/value/unit/period/conditions with page/hash"", ""Exact base, inherited, optional and unavailable product-level combinations"", ""Same-product and both comparison directions; provider-specific facts stay asymmetric where appropriate"", ""Document X versus catalog Y: X wins; silent optional remains unknown; explicit not_selected remains not_selected"", ""Cross-provider/type/scope/version negatives; no customer object/pricing changes"", ""Viktige unntak / vær/slitasje/tuning (GAP-2965); Maskinskade / vedlikehold og oppgjør (GAP-2987); Uhell / sum/egenandel/bonus (GAP-3012)""]","[""Compare before/after exact scoped products against independent source-fact inventory"", ""Reverse-check changed claims for support and wrong-level leakage"", ""Re-run linked false-unknown controls with own-source oracle; inspect sources and details"", ""Record closed/reopened signature IDs; targeted family bulk comparison; held-out positive controls"", ""Full existing suite, TypeScript, ESLint, webpack production build, synthetic HTTP/PDF runtime, git diff --check after future implementation""]",GPT-6 ASTRA EXTRA HIGH,"Kontroller eksisterende nøkkel, type-register og parent/detail-kobling per oppført dimensjon. Rebruk trygg identitet eller legg til eksplisitt typeavgrenset registrering. Ikke utled fra etikett/tall i UI, og ikke utvid ekstraksjon uten separat bevist behov.","[""document > catalog"", ""optional availability != customer selected"", ""unknown != not covered"", ""provider/type/scope/version isolation"", ""product level and add-on boundaries"", ""side-swap symmetry without invented equivalents"", ""age start/reduction/expiry and object age kept distinct"", ""annual/accumulated/coverage mileage kept distinct"", ""per event/year/lifetime/selected sum kept distinct"", ""source page/hash and fact-specific provenance"", ""same object identity and pricing/TFA are not catalog eligibility""]",Source/scope gate satisfied for listed dimensions only; separate user authorization and regression still required.,"Frozen corpus 2026-09-29, not live current-source verification",Known catalog availability never selects a customer add-on,PLANNED_NOT_IMPLEMENTED,"[""B-015"", ""B-017"", ""B-019"", ""B-020"", ""B-021"", ""B-058"", ""B-102"", ""B-103"", ""B-105"", ""B-106"", ""B-107"", ""B-114"", ""B-115"", ""B-121"", ""B-122"", ""B-130"", ""B-131"", ""B-135"", ""B-145"", ""B-146"", ""B-149"", ""B-158"", ""B-163"", ""B-164"", ""B-165"", ""B-168"", ""B-173"", ""B-179"", ""B-180"", ""B-184""]",NOT_SAFE_FOR_PARALLEL_EXECUTION,One named file owner; source research may be parallel read-only. Disjoint files only after all dependencies pass. No agents launched in this triage.
B-140,4,if · Bobil · ordinary: Avklar typegyldige nøkler og detaljkobling,"[""if"", ""Bobil"", ""ordinary"", ""MAP-REGISTER""]","[""RC-035""]","[""SCRC-036""]","[""RB-32""]","[""e8e98d08e99db68b""]",[],1,1,1,1,0,"[""[\""if\"",\""bobil\"",\""ordinary\"",\""if-bobil-super\"",\""2022-06\""]""]","[""Bobil""]","[""if""]","[""ordinary""]",[],CANONICAL_MAPPING,SMALL_CODE,HIGH,MAPPING_REVIEW_FIRST,MUST_BEFORE_NITO,LIKELY_SHARED_WITH_CUSTOMER_MODE,NOT_PROVEN_REQUIRED,Catalog knowledge improvement is shared where enrichment is eligible; no real customer PDF or extraction conclusion is claimed.,"[""lib/mc-bobil-tryg-if-catalog.ts""]","[""lib/mc-bobil-registry.ts""]",tests/remediation-b-140.test.mjs (future; consolidate with relevant existing suite if clearer),"[""CR-054""]",[],"[""CR-054""]","[""Own-source exact subject/value/unit/period/conditions with page/hash"", ""Exact base, inherited, optional and unavailable product-level combinations"", ""Same-product and both comparison directions; provider-specific facts stay asymmetric where appropriate"", ""Document X versus catalog Y: X wins; silent optional remains unknown; explicit not_selected remains not_selected"", ""Cross-provider/type/scope/version negatives; no customer object/pricing changes"", ""Supergaranti / service/varighet (GAP-3159)""]","[""Compare before/after exact scoped products against independent source-fact inventory"", ""Reverse-check changed claims for support and wrong-level leakage"", ""Re-run linked false-unknown controls with own-source oracle; inspect sources and details"", ""Record closed/reopened signature IDs; targeted family bulk comparison; held-out positive controls"", ""Full existing suite, TypeScript, ESLint, webpack production build, synthetic HTTP/PDF runtime, git diff --check after future implementation""]",GPT-6 ASTRA EXTRA HIGH,"Kontroller eksisterende nøkkel, type-register og parent/detail-kobling per oppført dimensjon. Rebruk trygg identitet eller legg til eksplisitt typeavgrenset registrering. Ikke utled fra etikett/tall i UI, og ikke utvid ekstraksjon uten separat bevist behov.","[""document > catalog"", ""optional availability != customer selected"", ""unknown != not covered"", ""provider/type/scope/version isolation"", ""product level and add-on boundaries"", ""side-swap symmetry without invented equivalents"", ""age start/reduction/expiry and object age kept distinct"", ""annual/accumulated/coverage mileage kept distinct"", ""per event/year/lifetime/selected sum kept distinct"", ""source page/hash and fact-specific provenance"", ""same object identity and pricing/TFA are not catalog eligibility""]",Source/scope gate satisfied for listed dimensions only; separate user authorization and regression still required.,"Frozen corpus 2026-09-29, not live current-source verification",Known catalog availability never selects a customer add-on,PLANNED_NOT_IMPLEMENTED,"[""B-059"", ""B-066"", ""B-086"", ""B-092"", ""B-101"", ""B-104"", ""B-108"", ""B-117"", ""B-123"", ""B-134"", ""B-159"", ""B-167"", ""B-174"", ""B-183"", ""B-198"", ""B-202""]",NOT_SAFE_FOR_PARALLEL_EXECUTION,One named file owner; source research may be parallel read-only. Disjoint files only after all dependencies pass. No agents launched in this triage.
B-141,4,if · Båt · ordinary: Avklar semantisk plassering før P1-dimensjoner materialiseres,"[""if"", ""Båt"", ""ordinary"", ""MODEL""]","[""RC-036""]","[""SCRC-041""]","[""RB-37""]","[""5a62b7de25f89de0"", ""6999e801c3ca362d"", ""798db068a45a2088""]",[],3,6,3,6,0,"[""[\""if\"",\""båt\"",\""ordinary\"",\""if-bat-delkasko\"",\""2023-02-01\""]"", ""[\""if\"",\""båt\"",\""ordinary\"",\""if-bat-kasko\"",\""2023-02-01\""]"", ""[\""if\"",\""båt\"",\""ordinary\"",\""if-bat-super\"",\""2023-02-01\""]""]","[""Båt""]","[""if""]","[""ordinary""]",[],CANONICAL_MODEL_REVIEW,SMALL_CODE,HIGH,CANONICAL_REVIEW_FIRST,MUST_BEFORE_NITO,LIKELY_SHARED_WITH_CUSTOMER_MODE,NOT_PROVEN_REQUIRED,Catalog knowledge improvement is shared where enrichment is eligible; no real customer PDF or extraction conclusion is claimed.,"[""lib/boat-pet-catalog.ts""]","[""lib/boat-pet-registry.ts""]",tests/remediation-b-141.test.mjs (future; consolidate with relevant existing suite if clearer),"[""B-003"", ""CR-077"", ""CR-098"", ""CR-110""]","[""B-003""]","[""CR-077"", ""CR-098"", ""CR-110""]","[""Own-source exact subject/value/unit/period/conditions with page/hash"", ""Exact base, inherited, optional and unavailable product-level combinations"", ""Same-product and both comparison directions; provider-specific facts stay asymmetric where appropriate"", ""Document X versus catalog Y: X wins; silent optional remains unknown; explicit not_selected remains not_selected"", ""Cross-provider/type/scope/version negatives; no customer object/pricing changes"", ""Utleie/bruk / vilkår (GAP-3670); Grunnstøting / undersøkelse (GAP-3697); Uhell / sum/egenandel (GAP-3752)""]","[""Compare before/after exact scoped products against independent source-fact inventory"", ""Reverse-check changed claims for support and wrong-level leakage"", ""Re-run linked false-unknown controls with own-source oracle; inspect sources and details"", ""Record closed/reopened signature IDs; targeted family bulk comparison; held-out positive controls"", ""Full existing suite, TypeScript, ESLint, webpack production build, synthetic HTTP/PDF runtime, git diff --check after future implementation""]",GPT-6 ASTRA EXTRA HIGH,Ta beslutning per oppført konsept/dimensjon i canonical-review-queue. Prøv eksisterende eksakt nøkkel eller tydelig provider-detalj først. Ny nøkkel bare etter dokumentert tap/falsk ekvivalens ved gjenbruk. Deretter implementeres bare godkjent scoped forfatteroperasjon. Ingen generell schema-ombygging er bevist nødvendig.,"[""document > catalog"", ""optional availability != customer selected"", ""unknown != not covered"", ""provider/type/scope/version isolation"", ""product level and add-on boundaries"", ""side-swap symmetry without invented equivalents"", ""age start/reduction/expiry and object age kept distinct"", ""annual/accumulated/coverage mileage kept distinct"", ""per event/year/lifetime/selected sum kept distinct"", ""source page/hash and fact-specific provenance"", ""same object identity and pricing/TFA are not catalog eligibility""]",Source/scope gate satisfied for listed dimensions only; separate user authorization and regression still required.,"Frozen corpus 2026-09-29, not live current-source verification",Known catalog availability never selects a customer add-on,PLANNED_NOT_IMPLEMENTED,"[""B-003"", ""B-008"", ""B-009"", ""B-010"", ""B-018"", ""B-022"", ""B-036"", ""B-038"", ""B-041"", ""B-048"", ""B-050"", ""B-053"", ""B-060"", ""B-062"", ""B-065"", ""B-070"", ""B-071"", ""B-072"", ""B-075"", ""B-077"", ""B-080"", ""B-087"", ""B-089"", ""B-091"", ""B-109"", ""B-110"", ""B-113"", ""B-116"", ""B-124"", ""B-125"", ""B-128"", ""B-129"", ""B-132"", ""B-133"", ""B-143"", ""B-144"", ""B-147"", ""B-148"", ""B-152"", ""B-153"", ""B-154"", ""B-155"", ""B-156"", ""B-157"", ""B-160"", ""B-162"", ""B-166"", ""B-175"", ""B-177"", ""B-178"", ""B-181"", ""B-182"", ""B-187"", ""B-195"", ""B-196"", ""B-197"", ""B-199"", ""B-200""]",NOT_SAFE_FOR_PARALLEL_EXECUTION,One named file owner; source research may be parallel read-only. Disjoint files only after all dependencies pass. No agents launched in this triage.
B-142,4,if · Campingvogn · ordinary: Avklar typegyldige nøkler og detaljkobling,"[""if"", ""Campingvogn"", ""ordinary"", ""MAP-REGISTER""]","[""RC-037""]","[""SCRC-036""]","[""RB-32""]","[""8c09c7a6637935a6"", ""a9764bc59d15fe4d"", ""bc570d1662e0477a"", ""f8851d8c0ec2beae"", ""feb78b4e484e37ad""]",[],5,13,5,13,0,"[""[\""if\"",\""campingvogn\"",\""ordinary\"",\""if-campingvogn-delkasko\"",\""2024-03\""]"", ""[\""if\"",\""campingvogn\"",\""ordinary\"",\""if-campingvogn-kasko\"",\""2024-03\""]"", ""[\""if\"",\""campingvogn\"",\""ordinary\"",\""if-campingvogn-super\"",\""2024-03\""]""]","[""Campingvogn""]","[""if""]","[""ordinary""]",[],CANONICAL_MAPPING,SMALL_CODE,HIGH,MAPPING_REVIEW_FIRST,MUST_BEFORE_NITO,LIKELY_SHARED_WITH_CUSTOMER_MODE,NOT_PROVEN_REQUIRED,Catalog knowledge improvement is shared where enrichment is eligible; no real customer PDF or extraction conclusion is claimed.,"[""lib/vehicle-object-catalog.ts""]","[""lib/vehicle-object-registry.ts""]",tests/remediation-b-142.test.mjs (future; consolidate with relevant existing suite if clearer),"[""B-024"", ""CR-136"", ""CR-137"", ""CR-139"", ""CR-145"", ""CR-146""]","[""B-024""]","[""CR-136"", ""CR-137"", ""CR-139"", ""CR-145"", ""CR-146""]","[""Own-source exact subject/value/unit/period/conditions with page/hash"", ""Exact base, inherited, optional and unavailable product-level combinations"", ""Same-product and both comparison directions; provider-specific facts stay asymmetric where appropriate"", ""Document X versus catalog Y: X wins; silent optional remains unknown; explicit not_selected remains not_selected"", ""Cross-provider/type/scope/version negatives; no customer object/pricing changes"", ""Veihjelp / utløsning (GAP-3230); Veihjelp / egenandel (GAP-3232); Utleie / egenandel (GAP-3240); Tilbygg / sum og nivåspørsmål (GAP-3260); Tilbygg / valgbar høyere sum (GAP-3267)""]","[""Compare before/after exact scoped products against independent source-fact inventory"", ""Reverse-check changed claims for support and wrong-level leakage"", ""Re-run linked false-unknown controls with own-source oracle; inspect sources and details"", ""Record closed/reopened signature IDs; targeted family bulk comparison; held-out positive controls"", ""Full existing suite, TypeScript, ESLint, webpack production build, synthetic HTTP/PDF runtime, git diff --check after future implementation""]",GPT-6 ASTRA EXTRA HIGH,"Kontroller eksisterende nøkkel, type-register og parent/detail-kobling per oppført dimensjon. Rebruk trygg identitet eller legg til eksplisitt typeavgrenset registrering. Ikke utled fra etikett/tall i UI, og ikke utvid ekstraksjon uten separat bevist behov.","[""document > catalog"", ""optional availability != customer selected"", ""unknown != not covered"", ""provider/type/scope/version isolation"", ""product level and add-on boundaries"", ""side-swap symmetry without invented equivalents"", ""age start/reduction/expiry and object age kept distinct"", ""annual/accumulated/coverage mileage kept distinct"", ""per event/year/lifetime/selected sum kept distinct"", ""source page/hash and fact-specific provenance"", ""same object identity and pricing/TFA are not catalog eligibility""]",Source/scope gate satisfied for listed dimensions only; separate user authorization and regression still required.,"Frozen corpus 2026-09-29, not live current-source verification",Known catalog availability never selects a customer add-on,PLANNED_NOT_IMPLEMENTED,"[""B-024"", ""B-025"", ""B-026"", ""B-027"", ""B-037"", ""B-044"", ""B-045"", ""B-049"", ""B-056"", ""B-057"", ""B-061"", ""B-068"", ""B-069"", ""B-076"", ""B-083"", ""B-084"", ""B-088"", ""B-094"", ""B-095"", ""B-096"", ""B-097"", ""B-098"", ""B-099"", ""B-100"", ""B-111"", ""B-112"", ""B-118"", ""B-119"", ""B-120"", ""B-126"", ""B-127"", ""B-136"", ""B-137"", ""B-138"", ""B-150"", ""B-151"", ""B-161"", ""B-169"", ""B-170"", ""B-171"", ""B-172"", ""B-176"", ""B-185"", ""B-186"", ""B-188"", ""B-189"", ""B-194"", ""B-204""]",NOT_SAFE_FOR_PARALLEL_EXECUTION,One named file owner; source research may be parallel read-only. Disjoint files only after all dependencies pass. No agents launched in this triage.
B-143,4,if · Hund · ordinary: Avklar typegyldige nøkler og detaljkobling,"[""if"", ""Hund"", ""ordinary"", ""MAP-REGISTER""]","[""RC-038""]","[""SCRC-042""]","[""RB-38""]","[""14dabbf6a3bc15fb"", ""40835371725b8ef0"", ""42d63adf12c3168b"", ""bce7740765a583ff"", ""be69fca5759be0f6"", ""e6f83f79595688ed""]",[],6,18,6,18,0,"[""[\""if\"",\""hund\"",\""ordinary\"",\""if-hund-basis\"",\""2022-12-01\""]"", ""[\""if\"",\""hund\"",\""ordinary\"",\""if-hund-standard\"",\""2022-12-01\""]"", ""[\""if\"",\""hund\"",\""ordinary\"",\""if-hund-super\"",\""2022-12-01\""]""]","[""Hund""]","[""if""]","[""ordinary""]","[""if-hund-liv""]",CANONICAL_MAPPING,SMALL_CODE,HIGH,MAPPING_REVIEW_FIRST,MUST_BEFORE_NITO,LIKELY_SHARED_WITH_CUSTOMER_MODE,NOT_PROVEN_REQUIRED,Catalog knowledge improvement is shared where enrichment is eligible; no real customer PDF or extraction conclusion is claimed.,"[""lib/boat-pet-catalog.ts""]","[""lib/boat-pet-registry.ts""]",tests/remediation-b-143.test.mjs (future; consolidate with relevant existing suite if clearer),"[""CR-157"", ""CR-163"", ""CR-172"", ""CR-175"", ""CR-193"", ""CR-198""]",[],"[""CR-157"", ""CR-163"", ""CR-172"", ""CR-175"", ""CR-193"", ""CR-198""]","[""Own-source exact subject/value/unit/period/conditions with page/hash"", ""Exact base, inherited, optional and unavailable product-level combinations"", ""Same-product and both comparison directions; provider-specific facts stay asymmetric where appropriate"", ""Document X versus catalog Y: X wins; silent optional remains unknown; explicit not_selected remains not_selected"", ""Cross-provider/type/scope/version negatives; no customer object/pricing changes"", ""Fødselshjelp / raser/avl (GAP-3775); Medfødt / kvalifikasjon (GAP-3776); Avlivning / aldersgrense (GAP-3777); Kremering / sum (GAP-3782); Forsvinning / ID/tid (GAP-3783); Bruksverdi / andel/alder/definisjon (GAP-3784)""]","[""Compare before/after exact scoped products against independent source-fact inventory"", ""Reverse-check changed claims for support and wrong-level leakage"", ""Re-run linked false-unknown controls with own-source oracle; inspect sources and details"", ""Record closed/reopened signature IDs; targeted family bulk comparison; held-out positive controls"", ""Full existing suite, TypeScript, ESLint, webpack production build, synthetic HTTP/PDF runtime, git diff --check after future implementation""]",GPT-6 ASTRA EXTRA HIGH,"Kontroller eksisterende nøkkel, type-register og parent/detail-kobling per oppført dimensjon. Rebruk trygg identitet eller legg til eksplisitt typeavgrenset registrering. Ikke utled fra etikett/tall i UI, og ikke utvid ekstraksjon uten separat bevist behov.","[""document > catalog"", ""optional availability != customer selected"", ""unknown != not covered"", ""provider/type/scope/version isolation"", ""product level and add-on boundaries"", ""side-swap symmetry without invented equivalents"", ""age start/reduction/expiry and object age kept distinct"", ""annual/accumulated/coverage mileage kept distinct"", ""per event/year/lifetime/selected sum kept distinct"", ""source page/hash and fact-specific provenance"", ""same object identity and pricing/TFA are not catalog eligibility""]",Source/scope gate satisfied for listed dimensions only; separate user authorization and regression still required.,"Frozen corpus 2026-09-29, not live current-source verification",Known catalog availability never selects a customer add-on,PLANNED_NOT_IMPLEMENTED,"[""B-003"", ""B-008"", ""B-009"", ""B-010"", ""B-018"", ""B-022"", ""B-036"", ""B-038"", ""B-041"", ""B-048"", ""B-050"", ""B-053"", ""B-060"", ""B-062"", ""B-065"", ""B-070"", ""B-071"", ""B-072"", ""B-075"", ""B-077"", ""B-080"", ""B-087"", ""B-089"", ""B-091"", ""B-109"", ""B-110"", ""B-113"", ""B-116"", ""B-124"", ""B-125"", ""B-128"", ""B-129"", ""B-132"", ""B-133"", ""B-141"", ""B-144"", ""B-147"", ""B-148"", ""B-152"", ""B-153"", ""B-154"", ""B-155"", ""B-156"", ""B-157"", ""B-160"", ""B-162"", ""B-166"", ""B-175"", ""B-177"", ""B-178"", ""B-181"", ""B-182"", ""B-187"", ""B-195"", ""B-196"", ""B-197"", ""B-199"", ""B-200""]",NOT_SAFE_FOR_PARALLEL_EXECUTION,One named file owner; source research may be parallel read-only. Disjoint files only after all dependencies pass. No agents launched in this triage.
B-144,4,if · Hund · ordinary: Avklar semantisk plassering før P1-dimensjoner materialiseres,"[""if"", ""Hund"", ""ordinary"", ""MODEL""]","[""RC-038""]","[""SCRC-042""]","[""RB-38""]","[""3f9e6bcccf39940f"", ""866b0dd727bb5f68""]",[],2,6,2,6,0,"[""[\""if\"",\""hund\"",\""ordinary\"",\""if-hund-basis\"",\""2022-12-01\""]"", ""[\""if\"",\""hund\"",\""ordinary\"",\""if-hund-standard\"",\""2022-12-01\""]"", ""[\""if\"",\""hund\"",\""ordinary\"",\""if-hund-super\"",\""2022-12-01\""]""]","[""Hund""]","[""if""]","[""ordinary""]",[],CANONICAL_MODEL_REVIEW,SMALL_CODE,HIGH,CANONICAL_REVIEW_FIRST,MUST_BEFORE_NITO,LIKELY_SHARED_WITH_CUSTOMER_MODE,NOT_PROVEN_REQUIRED,Catalog knowledge improvement is shared where enrichment is eligible; no real customer PDF or extraction conclusion is claimed.,"[""lib/boat-pet-catalog.ts""]","[""lib/boat-pet-registry.ts""]",tests/remediation-b-144.test.mjs (future; consolidate with relevant existing suite if clearer),"[""CR-178"", ""CR-204""]",[],"[""CR-178"", ""CR-204""]","[""Own-source exact subject/value/unit/period/conditions with page/hash"", ""Exact base, inherited, optional and unavailable product-level combinations"", ""Same-product and both comparison directions; provider-specific facts stay asymmetric where appropriate"", ""Document X versus catalog Y: X wins; silent optional remains unknown; explicit not_selected remains not_selected"", ""Cross-provider/type/scope/version negatives; no customer object/pricing changes"", ""HD/AD / artsspesifiktunntak (GAP-3786); Raseunntak / luftvei/øyelokk/hud (GAP-3793)""]","[""Compare before/after exact scoped products against independent source-fact inventory"", ""Reverse-check changed claims for support and wrong-level leakage"", ""Re-run linked false-unknown controls with own-source oracle; inspect sources and details"", ""Record closed/reopened signature IDs; targeted family bulk comparison; held-out positive controls"", ""Full existing suite, TypeScript, ESLint, webpack production build, synthetic HTTP/PDF runtime, git diff --check after future implementation""]",GPT-6 ASTRA EXTRA HIGH,Ta beslutning per oppført konsept/dimensjon i canonical-review-queue. Prøv eksisterende eksakt nøkkel eller tydelig provider-detalj først. Ny nøkkel bare etter dokumentert tap/falsk ekvivalens ved gjenbruk. Deretter implementeres bare godkjent scoped forfatteroperasjon. Ingen generell schema-ombygging er bevist nødvendig.,"[""document > catalog"", ""optional availability != customer selected"", ""unknown != not covered"", ""provider/type/scope/version isolation"", ""product level and add-on boundaries"", ""side-swap symmetry without invented equivalents"", ""age start/reduction/expiry and object age kept distinct"", ""annual/accumulated/coverage mileage kept distinct"", ""per event/year/lifetime/selected sum kept distinct"", ""source page/hash and fact-specific provenance"", ""same object identity and pricing/TFA are not catalog eligibility""]",Source/scope gate satisfied for listed dimensions only; separate user authorization and regression still required.,"Frozen corpus 2026-09-29, not live current-source verification",Known catalog availability never selects a customer add-on,PLANNED_NOT_IMPLEMENTED,"[""B-003"", ""B-008"", ""B-009"", ""B-010"", ""B-018"", ""B-022"", ""B-036"", ""B-038"", ""B-041"", ""B-048"", ""B-050"", ""B-053"", ""B-060"", ""B-062"", ""B-065"", ""B-070"", ""B-071"", ""B-072"", ""B-075"", ""B-077"", ""B-080"", ""B-087"", ""B-089"", ""B-091"", ""B-109"", ""B-110"", ""B-113"", ""B-116"", ""B-124"", ""B-125"", ""B-128"", ""B-129"", ""B-132"", ""B-133"", ""B-141"", ""B-143"", ""B-147"", ""B-148"", ""B-152"", ""B-153"", ""B-154"", ""B-155"", ""B-156"", ""B-157"", ""B-160"", ""B-162"", ""B-166"", ""B-175"", ""B-177"", ""B-178"", ""B-181"", ""B-182"", ""B-187"", ""B-195"", ""B-196"", ""B-197"", ""B-199"", ""B-200""]",NOT_SAFE_FOR_PARALLEL_EXECUTION,One named file owner; source research may be parallel read-only. Disjoint files only after all dependencies pass. No agents launched in this triage.
B-145,4,if · Hus · ordinary: Avklar typegyldige nøkler og detaljkobling,"[""if"", ""Hus"", ""ordinary"", ""MAP-REGISTER""]","[""RC-039""]","[""SCRC-039""]","[""RB-35""]","[""3ada582ab7501f6b"", ""61af1e6205ce72f4"", ""bacc2fb345fb8782"", ""fdab30e341873074""]",[],4,12,4,12,0,"[""[\""if\"",\""bolig\"",\""ordinary\"",\""if-hus-basis\"",\""2023-09\""]"", ""[\""if\"",\""bolig\"",\""ordinary\"",\""if-hus-super\"",\""2023-09\""]"", ""[\""if\"",\""bolig\"",\""ordinary\"",\""if-hus-utvidet\"",\""2023-09\""]""]","[""Hus""]","[""if""]","[""ordinary""]",[],CANONICAL_MAPPING,SMALL_CODE,HIGH,MAPPING_REVIEW_FIRST,MUST_BEFORE_NITO,LIKELY_SHARED_WITH_CUSTOMER_MODE,NOT_PROVEN_REQUIRED,Catalog knowledge improvement is shared where enrichment is eligible; no real customer PDF or extraction conclusion is claimed.,"[""lib/if-hus-catalog.ts""]","[""lib/insurance-normalization.ts""]",tests/remediation-b-145.test.mjs (future; consolidate with relevant existing suite if clearer),"[""CR-225"", ""CR-227"", ""CR-235"", ""CR-236""]",[],"[""CR-225"", ""CR-227"", ""CR-235"", ""CR-236""]","[""Own-source exact subject/value/unit/period/conditions with page/hash"", ""Exact base, inherited, optional and unavailable product-level combinations"", ""Same-product and both comparison directions; provider-specific facts stay asymmetric where appropriate"", ""Document X versus catalog Y: X wins; silent optional remains unknown; explicit not_selected remains not_selected"", ""Cross-provider/type/scope/version negatives; no customer object/pricing changes"", ""Vann / utløser (GAP-3459); Vann / unntak (GAP-3460); Innvendig rør / ekstrafradrag (GAP-3475); Fraflyttet / restriksjon (GAP-3477)""]","[""Compare before/after exact scoped products against independent source-fact inventory"", ""Reverse-check changed claims for support and wrong-level leakage"", ""Re-run linked false-unknown controls with own-source oracle; inspect sources and details"", ""Record closed/reopened signature IDs; targeted family bulk comparison; held-out positive controls"", ""Full existing suite, TypeScript, ESLint, webpack production build, synthetic HTTP/PDF runtime, git diff --check after future implementation""]",GPT-6 ASTRA EXTRA HIGH,"Kontroller eksisterende nøkkel, type-register og parent/detail-kobling per oppført dimensjon. Rebruk trygg identitet eller legg til eksplisitt typeavgrenset registrering. Ikke utled fra etikett/tall i UI, og ikke utvid ekstraksjon uten separat bevist behov.","[""document > catalog"", ""optional availability != customer selected"", ""unknown != not covered"", ""provider/type/scope/version isolation"", ""product level and add-on boundaries"", ""side-swap symmetry without invented equivalents"", ""age start/reduction/expiry and object age kept distinct"", ""annual/accumulated/coverage mileage kept distinct"", ""per event/year/lifetime/selected sum kept distinct"", ""source page/hash and fact-specific provenance"", ""same object identity and pricing/TFA are not catalog eligibility""]",Source/scope gate satisfied for listed dimensions only; separate user authorization and regression still required.,"Frozen corpus 2026-09-29, not live current-source verification",Known catalog availability never selects a customer add-on,PLANNED_NOT_IMPLEMENTED,"[""B-015"", ""B-017"", ""B-019"", ""B-020"", ""B-021"", ""B-063"", ""B-102"", ""B-103"", ""B-105"", ""B-106"", ""B-107"", ""B-114"", ""B-115"", ""B-121"", ""B-122"", ""B-130"", ""B-131"", ""B-135"", ""B-139"", ""B-146"", ""B-149"", ""B-158"", ""B-163"", ""B-164"", ""B-165"", ""B-168"", ""B-173"", ""B-179"", ""B-180"", ""B-184""]",NOT_SAFE_FOR_PARALLEL_EXECUTION,One named file owner; source research may be parallel read-only. Disjoint files only after all dependencies pass. No agents launched in this triage.
B-146,4,if · Innbo · ordinary: Avklar typegyldige nøkler og detaljkobling,"[""if"", ""Innbo"", ""ordinary"", ""MAP-REGISTER""]","[""RC-040""]","[""SCRC-038""]","[""RB-34""]","[""247a23ba69c5e1af"", ""2ec03530f3a64366"", ""60872f20e82579d0"", ""8cad48c5ee931a94"", ""d0c96f292a879ff4"", ""ea4b260dec74c2bb""]",[],6,17,6,17,0,"[""[\""if\"",\""innbo\"",\""ordinary\"",\""if-innbo-basis\"",\""IBO2-1\""]"", ""[\""if\"",\""innbo\"",\""ordinary\"",\""if-innbo-super\"",\""IBO2-1\""]"", ""[\""if\"",\""innbo\"",\""ordinary\"",\""if-innbo-utvidet\"",\""IBO2-1\""]""]","[""Innbo""]","[""if""]","[""ordinary""]",[],CANONICAL_MAPPING,SMALL_CODE,HIGH,MAPPING_REVIEW_FIRST,MUST_BEFORE_NITO,LIKELY_SHARED_WITH_CUSTOMER_MODE,NOT_PROVEN_REQUIRED,Catalog knowledge improvement is shared where enrichment is eligible; no real customer PDF or extraction conclusion is claimed.,"[""lib/if-innbo-catalog.ts""]","[""lib/insurance-normalization.ts""]",tests/remediation-b-146.test.mjs (future; consolidate with relevant existing suite if clearer),"[""CR-259"", ""CR-260"", ""CR-261"", ""CR-269"", ""CR-271"", ""CR-274""]",[],"[""CR-259"", ""CR-260"", ""CR-261"", ""CR-269"", ""CR-271"", ""CR-274""]","[""Own-source exact subject/value/unit/period/conditions with page/hash"", ""Exact base, inherited, optional and unavailable product-level combinations"", ""Same-product and both comparison directions; provider-specific facts stay asymmetric where appropriate"", ""Document X versus catalog Y: X wins; silent optional remains unknown; explicit not_selected remains not_selected"", ""Cross-provider/type/scope/version negatives; no customer object/pricing changes"", ""Kjøretøydeler / sum/omfang (GAP-3340); Småbåt/tilhenger / sum/omfang (GAP-3341); Hobbybygg/basseng / sum (GAP-3343); Rydding/flytting / utover sum (GAP-3345); Innbrudd / bygningssum (GAP-3353); Skadedyr / ingen fysisk skade (GAP-3399)""]","[""Compare before/after exact scoped products against independent source-fact inventory"", ""Reverse-check changed claims for support and wrong-level leakage"", ""Re-run linked false-unknown controls with own-source oracle; inspect sources and details"", ""Record closed/reopened signature IDs; targeted family bulk comparison; held-out positive controls"", ""Full existing suite, TypeScript, ESLint, webpack production build, synthetic HTTP/PDF runtime, git diff --check after future implementation""]",GPT-6 ASTRA EXTRA HIGH,"Kontroller eksisterende nøkkel, type-register og parent/detail-kobling per oppført dimensjon. Rebruk trygg identitet eller legg til eksplisitt typeavgrenset registrering. Ikke utled fra etikett/tall i UI, og ikke utvid ekstraksjon uten separat bevist behov.","[""document > catalog"", ""optional availability != customer selected"", ""unknown != not covered"", ""provider/type/scope/version isolation"", ""product level and add-on boundaries"", ""side-swap symmetry without invented equivalents"", ""age start/reduction/expiry and object age kept distinct"", ""annual/accumulated/coverage mileage kept distinct"", ""per event/year/lifetime/selected sum kept distinct"", ""source page/hash and fact-specific provenance"", ""same object identity and pricing/TFA are not catalog eligibility""]",Source/scope gate satisfied for listed dimensions only; separate user authorization and regression still required.,"Frozen corpus 2026-09-29, not live current-source verification",Known catalog availability never selects a customer add-on,PLANNED_NOT_IMPLEMENTED,"[""B-015"", ""B-017"", ""B-019"", ""B-020"", ""B-021"", ""B-064"", ""B-102"", ""B-103"", ""B-105"", ""B-106"", ""B-107"", ""B-114"", ""B-115"", ""B-121"", ""B-122"", ""B-130"", ""B-131"", ""B-135"", ""B-139"", ""B-145"", ""B-149"", ""B-158"", ""B-163"", ""B-164"", ""B-165"", ""B-168"", ""B-173"", ""B-179"", ""B-180"", ""B-184""]",NOT_SAFE_FOR_PARALLEL_EXECUTION,One named file owner; source research may be parallel read-only. Disjoint files only after all dependencies pass. No agents launched in this triage.
B-147,4,if · Katt · ordinary: Avklar typegyldige nøkler og detaljkobling,"[""if"", ""Katt"", ""ordinary"", ""MAP-REGISTER""]","[""RC-041""]","[""SCRC-042""]","[""RB-38""]","[""192ba68b4727b259"", ""1eeb6470293fdb39"", ""51e538452c9226e6"", ""e0e934cb5468810f""]",[],4,12,4,12,0,"[""[\""if\"",\""katt\"",\""ordinary\"",\""if-katt-basis\"",\""2022-12-01\""]"", ""[\""if\"",\""katt\"",\""ordinary\"",\""if-katt-standard\"",\""2022-12-01\""]"", ""[\""if\"",\""katt\"",\""ordinary\"",\""if-katt-super\"",\""2022-12-01\""]""]","[""Katt""]","[""if""]","[""ordinary""]","[""if-katt-liv""]",CANONICAL_MAPPING,SMALL_CODE,HIGH,MAPPING_REVIEW_FIRST,MUST_BEFORE_NITO,LIKELY_SHARED_WITH_CUSTOMER_MODE,NOT_PROVEN_REQUIRED,Catalog knowledge improvement is shared where enrichment is eligible; no real customer PDF or extraction conclusion is claimed.,"[""lib/boat-pet-catalog.ts""]","[""lib/boat-pet-registry.ts""]",tests/remediation-b-147.test.mjs (future; consolidate with relevant existing suite if clearer),"[""CR-289"", ""CR-302"", ""CR-318"", ""CR-323""]",[],"[""CR-289"", ""CR-302"", ""CR-318"", ""CR-323""]","[""Own-source exact subject/value/unit/period/conditions with page/hash"", ""Exact base, inherited, optional and unavailable product-level combinations"", ""Same-product and both comparison directions; provider-specific facts stay asymmetric where appropriate"", ""Document X versus catalog Y: X wins; silent optional remains unknown; explicit not_selected remains not_selected"", ""Cross-provider/type/scope/version negatives; no customer object/pricing changes"", ""Medfødt / kvalifikasjon (GAP-3847); Avlivning / aldersgrense (GAP-3848); Kremering / sum (GAP-3851); Forsvinning / ID/tid (GAP-3852)""]","[""Compare before/after exact scoped products against independent source-fact inventory"", ""Reverse-check changed claims for support and wrong-level leakage"", ""Re-run linked false-unknown controls with own-source oracle; inspect sources and details"", ""Record closed/reopened signature IDs; targeted family bulk comparison; held-out positive controls"", ""Full existing suite, TypeScript, ESLint, webpack production build, synthetic HTTP/PDF runtime, git diff --check after future implementation""]",GPT-6 ASTRA EXTRA HIGH,"Kontroller eksisterende nøkkel, type-register og parent/detail-kobling per oppført dimensjon. Rebruk trygg identitet eller legg til eksplisitt typeavgrenset registrering. Ikke utled fra etikett/tall i UI, og ikke utvid ekstraksjon uten separat bevist behov.","[""document > catalog"", ""optional availability != customer selected"", ""unknown != not covered"", ""provider/type/scope/version isolation"", ""product level and add-on boundaries"", ""side-swap symmetry without invented equivalents"", ""age start/reduction/expiry and object age kept distinct"", ""annual/accumulated/coverage mileage kept distinct"", ""per event/year/lifetime/selected sum kept distinct"", ""source page/hash and fact-specific provenance"", ""same object identity and pricing/TFA are not catalog eligibility""]",Source/scope gate satisfied for listed dimensions only; separate user authorization and regression still required.,"Frozen corpus 2026-09-29, not live current-source verification",Known catalog availability never selects a customer add-on,PLANNED_NOT_IMPLEMENTED,"[""B-003"", ""B-008"", ""B-009"", ""B-010"", ""B-018"", ""B-022"", ""B-036"", ""B-038"", ""B-041"", ""B-048"", ""B-050"", ""B-053"", ""B-060"", ""B-062"", ""B-065"", ""B-070"", ""B-071"", ""B-072"", ""B-075"", ""B-077"", ""B-080"", ""B-087"", ""B-089"", ""B-091"", ""B-109"", ""B-110"", ""B-113"", ""B-116"", ""B-124"", ""B-125"", ""B-128"", ""B-129"", ""B-132"", ""B-133"", ""B-141"", ""B-143"", ""B-144"", ""B-148"", ""B-152"", ""B-153"", ""B-154"", ""B-155"", ""B-156"", ""B-157"", ""B-160"", ""B-162"", ""B-166"", ""B-175"", ""B-177"", ""B-178"", ""B-181"", ""B-182"", ""B-187"", ""B-195"", ""B-196"", ""B-197"", ""B-199"", ""B-200""]",NOT_SAFE_FOR_PARALLEL_EXECUTION,One named file owner; source research may be parallel read-only. Disjoint files only after all dependencies pass. No agents launched in this triage.
B-148,4,if · Katt · ordinary: Avklar semantisk plassering før P1-dimensjoner materialiseres,"[""if"", ""Katt"", ""ordinary"", ""MODEL""]","[""RC-041""]","[""SCRC-042""]","[""RB-38""]","[""389d23e5ea3cea66"", ""6df3478897f16b2b""]",[],2,6,2,6,0,"[""[\""if\"",\""katt\"",\""ordinary\"",\""if-katt-basis\"",\""2022-12-01\""]"", ""[\""if\"",\""katt\"",\""ordinary\"",\""if-katt-standard\"",\""2022-12-01\""]"", ""[\""if\"",\""katt\"",\""ordinary\"",\""if-katt-super\"",\""2022-12-01\""]""]","[""Katt""]","[""if""]","[""ordinary""]",[],CANONICAL_MODEL_REVIEW,SMALL_CODE,HIGH,CANONICAL_REVIEW_FIRST,MUST_BEFORE_NITO,LIKELY_SHARED_WITH_CUSTOMER_MODE,NOT_PROVEN_REQUIRED,Catalog knowledge improvement is shared where enrichment is eligible; no real customer PDF or extraction conclusion is claimed.,"[""lib/boat-pet-catalog.ts""]","[""lib/boat-pet-registry.ts""]",tests/remediation-b-148.test.mjs (future; consolidate with relevant existing suite if clearer),"[""CR-306"", ""CR-328""]",[],"[""CR-306"", ""CR-328""]","[""Own-source exact subject/value/unit/period/conditions with page/hash"", ""Exact base, inherited, optional and unavailable product-level combinations"", ""Same-product and both comparison directions; provider-specific facts stay asymmetric where appropriate"", ""Document X versus catalog Y: X wins; silent optional remains unknown; explicit not_selected remains not_selected"", ""Cross-provider/type/scope/version negatives; no customer object/pricing changes"", ""HD/AD / artsspesifiktunntak (GAP-3854); Raseunntak / luftvei (GAP-3861)""]","[""Compare before/after exact scoped products against independent source-fact inventory"", ""Reverse-check changed claims for support and wrong-level leakage"", ""Re-run linked false-unknown controls with own-source oracle; inspect sources and details"", ""Record closed/reopened signature IDs; targeted family bulk comparison; held-out positive controls"", ""Full existing suite, TypeScript, ESLint, webpack production build, synthetic HTTP/PDF runtime, git diff --check after future implementation""]",GPT-6 ASTRA EXTRA HIGH,Ta beslutning per oppført konsept/dimensjon i canonical-review-queue. Prøv eksisterende eksakt nøkkel eller tydelig provider-detalj først. Ny nøkkel bare etter dokumentert tap/falsk ekvivalens ved gjenbruk. Deretter implementeres bare godkjent scoped forfatteroperasjon. Ingen generell schema-ombygging er bevist nødvendig.,"[""document > catalog"", ""optional availability != customer selected"", ""unknown != not covered"", ""provider/type/scope/version isolation"", ""product level and add-on boundaries"", ""side-swap symmetry without invented equivalents"", ""age start/reduction/expiry and object age kept distinct"", ""annual/accumulated/coverage mileage kept distinct"", ""per event/year/lifetime/selected sum kept distinct"", ""source page/hash and fact-specific provenance"", ""same object identity and pricing/TFA are not catalog eligibility""]",Source/scope gate satisfied for listed dimensions only; separate user authorization and regression still required.,"Frozen corpus 2026-09-29, not live current-source verification",Known catalog availability never selects a customer add-on,PLANNED_NOT_IMPLEMENTED,"[""B-003"", ""B-008"", ""B-009"", ""B-010"", ""B-018"", ""B-022"", ""B-036"", ""B-038"", ""B-041"", ""B-048"", ""B-050"", ""B-053"", ""B-060"", ""B-062"", ""B-065"", ""B-070"", ""B-071"", ""B-072"", ""B-075"", ""B-077"", ""B-080"", ""B-087"", ""B-089"", ""B-091"", ""B-109"", ""B-110"", ""B-113"", ""B-116"", ""B-124"", ""B-125"", ""B-128"", ""B-129"", ""B-132"", ""B-133"", ""B-141"", ""B-143"", ""B-144"", ""B-147"", ""B-152"", ""B-153"", ""B-154"", ""B-155"", ""B-156"", ""B-157"", ""B-160"", ""B-162"", ""B-166"", ""B-175"", ""B-177"", ""B-178"", ""B-181"", ""B-182"", ""B-187"", ""B-195"", ""B-196"", ""B-197"", ""B-199"", ""B-200""]",NOT_SAFE_FOR_PARALLEL_EXECUTION,One named file owner; source research may be parallel read-only. Disjoint files only after all dependencies pass. No agents launched in this triage.
B-149,4,if · Reise · ordinary: Avklar typegyldige nøkler og detaljkobling,"[""if"", ""Reise"", ""ordinary"", ""MAP-REGISTER""]","[""RC-043""]","[""SCRC-040""]","[""RB-36""]","[""50d70cb3058f25b0"", ""5c077e38898a7c98"", ""79cfacf160951f3a"", ""7ae23cbd02e6592e"", ""8857a57756987b3a"", ""9474653a22a7f3b8"", ""9b7a2ea97f30d150"", ""a1492ff0c90dd7d3"", ""c3bd0fe200262439"", ""c77a203800752ac0"", ""ced5bf3623790786"", ""de03bd98e5b73003"", ""e6093c6a5a852045"", ""ed37cd45556d7a01""]",[],14,36,14,36,0,"[""[\""if\"",\""reise\"",\""ordinary\"",\""if-reise-basis\"",\""2026-09-20-canonical\""]"", ""[\""if\"",\""reise\"",\""ordinary\"",\""if-reise-standard\"",\""2026-09-20-canonical\""]"", ""[\""if\"",\""reise\"",\""ordinary\"",\""if-reise-super\"",\""2026-09-20-canonical\""]""]","[""Reise""]","[""if""]","[""ordinary""]",[],CANONICAL_MAPPING,SMALL_CODE,HIGH,MAPPING_REVIEW_FIRST,MUST_BEFORE_NITO,LIKELY_SHARED_WITH_CUSTOMER_MODE,NOT_PROVEN_REQUIRED,Catalog knowledge improvement is shared where enrichment is eligible; no real customer PDF or extraction conclusion is claimed.,"[""lib/if-reise-catalog.ts""]","[""lib/insurance-normalization.ts""]",tests/remediation-b-149.test.mjs (future; consolidate with relevant existing suite if clearer),"[""B-004"", ""CR-372"", ""CR-375"", ""CR-377"", ""CR-379"", ""CR-386"", ""CR-389"", ""CR-390"", ""CR-392"", ""CR-395"", ""CR-398"", ""CR-403"", ""CR-404"", ""CR-405"", ""CR-407""]","[""B-004""]","[""CR-372"", ""CR-375"", ""CR-377"", ""CR-379"", ""CR-386"", ""CR-389"", ""CR-390"", ""CR-392"", ""CR-395"", ""CR-398"", ""CR-403"", ""CR-404"", ""CR-405"", ""CR-407""]","[""Own-source exact subject/value/unit/period/conditions with page/hash"", ""Exact base, inherited, optional and unavailable product-level combinations"", ""Same-product and both comparison directions; provider-specific facts stay asymmetric where appropriate"", ""Document X versus catalog Y: X wins; silent optional remains unknown; explicit not_selected remains not_selected"", ""Cross-provider/type/scope/version negatives; no customer object/pricing changes"", ""Reisedager / ekstra (GAP-3550); Arbeidskonflikt / unntak (GAP-3552); Tilkallelse / personer (GAP-3556); Tapt turisttjeneste / sykdomstak (GAP-3559); Eneste medreisende / sum (GAP-3560); Psykologisk førstehjelp / timer/vilkår (GAP-3561); Sykdom / unntak (GAP-3562); Sykdom / behandlingsperiode (GAP-3563); ID-tyveri / juridisk førstelinje (GAP-3569); Egenandel / standard (GAP-3570); Reisegods / tingunntak (GAP-3584); Pass / gjenanskaffelse (GAP-3589); Familie / barnebarn (GAP-3610); Leid transportmiddel / vilkår (GAP-3649)""]","[""Compare before/after exact scoped products against independent source-fact inventory"", ""Reverse-check changed claims for support and wrong-level leakage"", ""Re-run linked false-unknown controls with own-source oracle; inspect sources and details"", ""Record closed/reopened signature IDs; targeted family bulk comparison; held-out positive controls"", ""Full existing suite, TypeScript, ESLint, webpack production build, synthetic HTTP/PDF runtime, git diff --check after future implementation""]",GPT-6 ASTRA EXTRA HIGH,"Kontroller eksisterende nøkkel, type-register og parent/detail-kobling per oppført dimensjon. Rebruk trygg identitet eller legg til eksplisitt typeavgrenset registrering. Ikke utled fra etikett/tall i UI, og ikke utvid ekstraksjon uten separat bevist behov.","[""document > catalog"", ""optional availability != customer selected"", ""unknown != not covered"", ""provider/type/scope/version isolation"", ""product level and add-on boundaries"", ""side-swap symmetry without invented equivalents"", ""age start/reduction/expiry and object age kept distinct"", ""annual/accumulated/coverage mileage kept distinct"", ""per event/year/lifetime/selected sum kept distinct"", ""source page/hash and fact-specific provenance"", ""same object identity and pricing/TFA are not catalog eligibility""]",Source/scope gate satisfied for listed dimensions only; separate user authorization and regression still required.,"Frozen corpus 2026-09-29, not live current-source verification",Known catalog availability never selects a customer add-on,PLANNED_NOT_IMPLEMENTED,"[""B-004"", ""B-015"", ""B-017"", ""B-019"", ""B-020"", ""B-021"", ""B-067"", ""B-102"", ""B-103"", ""B-105"", ""B-106"", ""B-107"", ""B-114"", ""B-115"", ""B-121"", ""B-122"", ""B-130"", ""B-131"", ""B-135"", ""B-139"", ""B-145"", ""B-146"", ""B-158"", ""B-163"", ""B-164"", ""B-165"", ""B-168"", ""B-173"", ""B-179"", ""B-180"", ""B-184""]",NOT_SAFE_FOR_PARALLEL_EXECUTION,One named file owner; source research may be parallel read-only. Disjoint files only after all dependencies pass. No agents launched in this triage.
B-150,4,if · Snøscooter · ordinary: Avklar typegyldige nøkler og detaljkobling,"[""if"", ""Snøscooter"", ""ordinary"", ""MAP-REGISTER""]","[""RC-044""]","[""SCRC-036""]","[""RB-32""]","[""1002abf4c1395c4c"", ""129301ee576e4529"", ""656737de163592f0"", ""a7d4fe8a27f49c5e""]",[],4,9,4,9,0,"[""[\""if\"",\""snøscooter\"",\""ordinary\"",\""if-snoscooter-ansvar\"",\""2024-03\""]"", ""[\""if\"",\""snøscooter\"",\""ordinary\"",\""if-snoscooter-delkasko\"",\""2024-03\""]"", ""[\""if\"",\""snøscooter\"",\""ordinary\"",\""if-snoscooter-kasko\"",\""2024-03\""]""]","[""Snøscooter""]","[""if""]","[""ordinary""]",[],CANONICAL_MAPPING,SMALL_CODE,HIGH,MAPPING_REVIEW_FIRST,MUST_BEFORE_NITO,LIKELY_SHARED_WITH_CUSTOMER_MODE,NOT_PROVEN_REQUIRED,Catalog knowledge improvement is shared where enrichment is eligible; no real customer PDF or extraction conclusion is claimed.,"[""lib/vehicle-object-catalog.ts""]","[""lib/vehicle-object-registry.ts""]",tests/remediation-b-150.test.mjs (future; consolidate with relevant existing suite if clearer),"[""CR-423"", ""CR-428"", ""CR-430"", ""CR-431""]",[],"[""CR-423"", ""CR-428"", ""CR-430"", ""CR-431""]","[""Own-source exact subject/value/unit/period/conditions with page/hash"", ""Exact base, inherited, optional and unavailable product-level combinations"", ""Same-product and both comparison directions; provider-specific facts stay asymmetric where appropriate"", ""Document X versus catalog Y: X wins; silent optional remains unknown; explicit not_selected remains not_selected"", ""Cross-provider/type/scope/version negatives; no customer object/pricing changes"", ""Fører/passasjer / personkrets og sum (GAP-3162); Nyverdi standard / alder/km/terskel (GAP-3186); Nyverdi standard / forutsetninger (GAP-3187); Kjøreutstyr / omfang (GAP-3191)""]","[""Compare before/after exact scoped products against independent source-fact inventory"", ""Reverse-check changed claims for support and wrong-level leakage"", ""Re-run linked false-unknown controls with own-source oracle; inspect sources and details"", ""Record closed/reopened signature IDs; targeted family bulk comparison; held-out positive controls"", ""Full existing suite, TypeScript, ESLint, webpack production build, synthetic HTTP/PDF runtime, git diff --check after future implementation""]",GPT-6 ASTRA EXTRA HIGH,"Kontroller eksisterende nøkkel, type-register og parent/detail-kobling per oppført dimensjon. Rebruk trygg identitet eller legg til eksplisitt typeavgrenset registrering. Ikke utled fra etikett/tall i UI, og ikke utvid ekstraksjon uten separat bevist behov.","[""document > catalog"", ""optional availability != customer selected"", ""unknown != not covered"", ""provider/type/scope/version isolation"", ""product level and add-on boundaries"", ""side-swap symmetry without invented equivalents"", ""age start/reduction/expiry and object age kept distinct"", ""annual/accumulated/coverage mileage kept distinct"", ""per event/year/lifetime/selected sum kept distinct"", ""source page/hash and fact-specific provenance"", ""same object identity and pricing/TFA are not catalog eligibility""]",Source/scope gate satisfied for listed dimensions only; separate user authorization and regression still required.,"Frozen corpus 2026-09-29, not live current-source verification",Known catalog availability never selects a customer add-on,PLANNED_NOT_IMPLEMENTED,"[""B-024"", ""B-025"", ""B-026"", ""B-027"", ""B-037"", ""B-044"", ""B-045"", ""B-049"", ""B-056"", ""B-057"", ""B-061"", ""B-068"", ""B-069"", ""B-076"", ""B-083"", ""B-084"", ""B-088"", ""B-094"", ""B-095"", ""B-096"", ""B-097"", ""B-098"", ""B-099"", ""B-100"", ""B-111"", ""B-112"", ""B-118"", ""B-119"", ""B-120"", ""B-126"", ""B-127"", ""B-136"", ""B-137"", ""B-138"", ""B-142"", ""B-151"", ""B-161"", ""B-169"", ""B-170"", ""B-171"", ""B-172"", ""B-176"", ""B-185"", ""B-186"", ""B-188"", ""B-189"", ""B-194"", ""B-204""]",NOT_SAFE_FOR_PARALLEL_EXECUTION,One named file owner; source research may be parallel read-only. Disjoint files only after all dependencies pass. No agents launched in this triage.
B-151,4,if · Tilhenger · ordinary: Avklar typegyldige nøkler og detaljkobling,"[""if"", ""Tilhenger"", ""ordinary"", ""MAP-REGISTER""]","[""RC-045""]","[""SCRC-036""]","[""RB-32""]","[""03ed39d725156860"", ""f097800a84e3fcaf""]",[],2,4,2,4,0,"[""[\""if\"",\""tilhenger\"",\""ordinary\"",\""if-tilhenger-delkasko\"",\""2024-03\""]"", ""[\""if\"",\""tilhenger\"",\""ordinary\"",\""if-tilhenger-kasko\"",\""2024-03\""]""]","[""Tilhenger""]","[""if""]","[""ordinary""]",[],CANONICAL_MAPPING,SMALL_CODE,HIGH,MAPPING_REVIEW_FIRST,MUST_BEFORE_NITO,LIKELY_SHARED_WITH_CUSTOMER_MODE,NOT_PROVEN_REQUIRED,Catalog knowledge improvement is shared where enrichment is eligible; no real customer PDF or extraction conclusion is claimed.,"[""lib/vehicle-object-catalog.ts""]","[""lib/vehicle-object-registry.ts""]",tests/remediation-b-151.test.mjs (future; consolidate with relevant existing suite if clearer),"[""CR-451"", ""CR-468""]",[],"[""CR-451"", ""CR-468""]","[""Own-source exact subject/value/unit/period/conditions with page/hash"", ""Exact base, inherited, optional and unavailable product-level combinations"", ""Same-product and both comparison directions; provider-specific facts stay asymmetric where appropriate"", ""Document X versus catalog Y: X wins; silent optional remains unknown; explicit not_selected remains not_selected"", ""Cross-provider/type/scope/version negatives; no customer object/pricing changes"", ""Fastmontert utstyr/bagasje / sum og samlet mekanisme (GAP-3309); Veihjelp / utløsning (GAP-3311)""]","[""Compare before/after exact scoped products against independent source-fact inventory"", ""Reverse-check changed claims for support and wrong-level leakage"", ""Re-run linked false-unknown controls with own-source oracle; inspect sources and details"", ""Record closed/reopened signature IDs; targeted family bulk comparison; held-out positive controls"", ""Full existing suite, TypeScript, ESLint, webpack production build, synthetic HTTP/PDF runtime, git diff --check after future implementation""]",GPT-6 ASTRA EXTRA HIGH,"Kontroller eksisterende nøkkel, type-register og parent/detail-kobling per oppført dimensjon. Rebruk trygg identitet eller legg til eksplisitt typeavgrenset registrering. Ikke utled fra etikett/tall i UI, og ikke utvid ekstraksjon uten separat bevist behov.","[""document > catalog"", ""optional availability != customer selected"", ""unknown != not covered"", ""provider/type/scope/version isolation"", ""product level and add-on boundaries"", ""side-swap symmetry without invented equivalents"", ""age start/reduction/expiry and object age kept distinct"", ""annual/accumulated/coverage mileage kept distinct"", ""per event/year/lifetime/selected sum kept distinct"", ""source page/hash and fact-specific provenance"", ""same object identity and pricing/TFA are not catalog eligibility""]",Source/scope gate satisfied for listed dimensions only; separate user authorization and regression still required.,"Frozen corpus 2026-09-29, not live current-source verification",Known catalog availability never selects a customer add-on,PLANNED_NOT_IMPLEMENTED,"[""B-024"", ""B-025"", ""B-026"", ""B-027"", ""B-037"", ""B-044"", ""B-045"", ""B-049"", ""B-056"", ""B-057"", ""B-061"", ""B-068"", ""B-069"", ""B-076"", ""B-083"", ""B-084"", ""B-088"", ""B-094"", ""B-095"", ""B-096"", ""B-097"", ""B-098"", ""B-099"", ""B-100"", ""B-111"", ""B-112"", ""B-118"", ""B-119"", ""B-120"", ""B-126"", ""B-127"", ""B-136"", ""B-137"", ""B-138"", ""B-142"", ""B-150"", ""B-161"", ""B-169"", ""B-170"", ""B-171"", ""B-172"", ""B-176"", ""B-185"", ""B-186"", ""B-188"", ""B-189"", ""B-194"", ""B-204""]",NOT_SAFE_FOR_PARALLEL_EXECUTION,One named file owner; source research may be parallel read-only. Disjoint files only after all dependencies pass. No agents launched in this triage.
B-152,4,sparebank1-fremtind · Båt · ordinary: Avklar typegyldige nøkler og detaljkobling,"[""sparebank1-fremtind"", ""Båt"", ""ordinary"", ""MAP-REGISTER""]","[""RC-046""]","[""SCRC-058""]","[""RB-54""]","[""52ccd6d21a15dfff"", ""6f352e86fd32e3f2"", ""916d5cc04b0238b8"", ""ab841391948db1d6"", ""bfd67e524149f024""]",[],5,15,5,15,0,"[""[\""sparebank1-fremtind\"",\""båt\"",\""ordinary\"",\""sparebank1-fremtind-bat-delkasko\"",\""2024-06-10\""]"", ""[\""sparebank1-fremtind\"",\""båt\"",\""ordinary\"",\""sparebank1-fremtind-bat-kasko\"",\""2024-06-10\""]"", ""[\""sparebank1-fremtind\"",\""båt\"",\""ordinary\"",\""sparebank1-fremtind-bat-toppkasko\"",\""2024-06-10\""]""]","[""Båt""]","[""sparebank1-fremtind""]","[""ordinary""]",[],CANONICAL_MAPPING,SMALL_CODE,HIGH,MAPPING_REVIEW_FIRST,MUST_BEFORE_NITO,LIKELY_SHARED_WITH_CUSTOMER_MODE,NOT_PROVEN_REQUIRED,Catalog knowledge improvement is shared where enrichment is eligible; no real customer PDF or extraction conclusion is claimed.,"[""lib/boat-pet-catalog.ts""]","[""lib/boat-pet-registry.ts""]",tests/remediation-b-152.test.mjs (future; consolidate with relevant existing suite if clearer),"[""CR-073"", ""CR-081"", ""CR-107"", ""CR-108"", ""CR-113""]",[],"[""CR-073"", ""CR-081"", ""CR-107"", ""CR-108"", ""CR-113""]","[""Own-source exact subject/value/unit/period/conditions with page/hash"", ""Exact base, inherited, optional and unavailable product-level combinations"", ""Same-product and both comparison directions; provider-specific facts stay asymmetric where appropriate"", ""Document X versus catalog Y: X wins; silent optional remains unknown; explicit not_selected remains not_selected"", ""Cross-provider/type/scope/version negatives; no customer object/pricing changes"", ""Forsikrede ting / limits (GAP-5489); Natur / trigger (GAP-5492); Vrak / trigger (GAP-5495); Utleie / condition (GAP-5500); Utleie / channel (GAP-5509)""]","[""Compare before/after exact scoped products against independent source-fact inventory"", ""Reverse-check changed claims for support and wrong-level leakage"", ""Re-run linked false-unknown controls with own-source oracle; inspect sources and details"", ""Record closed/reopened signature IDs; targeted family bulk comparison; held-out positive controls"", ""Full existing suite, TypeScript, ESLint, webpack production build, synthetic HTTP/PDF runtime, git diff --check after future implementation""]",GPT-6 ASTRA EXTRA HIGH,"Kontroller eksisterende nøkkel, type-register og parent/detail-kobling per oppført dimensjon. Rebruk trygg identitet eller legg til eksplisitt typeavgrenset registrering. Ikke utled fra etikett/tall i UI, og ikke utvid ekstraksjon uten separat bevist behov.","[""document > catalog"", ""optional availability != customer selected"", ""unknown != not covered"", ""provider/type/scope/version isolation"", ""product level and add-on boundaries"", ""side-swap symmetry without invented equivalents"", ""age start/reduction/expiry and object age kept distinct"", ""annual/accumulated/coverage mileage kept distinct"", ""per event/year/lifetime/selected sum kept distinct"", ""source page/hash and fact-specific provenance"", ""same object identity and pricing/TFA are not catalog eligibility""]",Source/scope gate satisfied for listed dimensions only; separate user authorization and regression still required.,"Frozen corpus 2026-09-29, not live current-source verification",Known catalog availability never selects a customer add-on,PLANNED_NOT_IMPLEMENTED,"[""B-003"", ""B-008"", ""B-009"", ""B-010"", ""B-018"", ""B-022"", ""B-036"", ""B-038"", ""B-041"", ""B-048"", ""B-050"", ""B-053"", ""B-060"", ""B-062"", ""B-065"", ""B-070"", ""B-071"", ""B-072"", ""B-075"", ""B-077"", ""B-080"", ""B-087"", ""B-089"", ""B-091"", ""B-109"", ""B-110"", ""B-113"", ""B-116"", ""B-124"", ""B-125"", ""B-128"", ""B-129"", ""B-132"", ""B-133"", ""B-141"", ""B-143"", ""B-144"", ""B-147"", ""B-148"", ""B-153"", ""B-154"", ""B-155"", ""B-156"", ""B-157"", ""B-160"", ""B-162"", ""B-166"", ""B-175"", ""B-177"", ""B-178"", ""B-181"", ""B-182"", ""B-187"", ""B-195"", ""B-196"", ""B-197"", ""B-199"", ""B-200""]",NOT_SAFE_FOR_PARALLEL_EXECUTION,One named file owner; source research may be parallel read-only. Disjoint files only after all dependencies pass. No agents launched in this triage.
B-153,4,sparebank1-fremtind · Båt · ordinary: Avklar semantisk plassering før P1-dimensjoner materialiseres,"[""sparebank1-fremtind"", ""Båt"", ""ordinary"", ""MODEL""]","[""RC-046""]","[""SCRC-058""]","[""RB-54""]","[""0a7819ed33d9ec7d"", ""73dde881e3f00ae5"", ""9974566ce65608f4"", ""b771c2c0a54bf725"", ""f312c46e92514e05""]",[],5,10,5,10,0,"[""[\""sparebank1-fremtind\"",\""båt\"",\""ordinary\"",\""sparebank1-fremtind-bat-delkasko\"",\""2024-06-10\""]"", ""[\""sparebank1-fremtind\"",\""båt\"",\""ordinary\"",\""sparebank1-fremtind-bat-kasko\"",\""2024-06-10\""]"", ""[\""sparebank1-fremtind\"",\""båt\"",\""ordinary\"",\""sparebank1-fremtind-bat-toppkasko\"",\""2024-06-10\""]""]","[""Båt""]","[""sparebank1-fremtind""]","[""ordinary""]",[],CANONICAL_MODEL_REVIEW,SMALL_CODE,HIGH,CANONICAL_REVIEW_FIRST,MUST_BEFORE_NITO,LIKELY_SHARED_WITH_CUSTOMER_MODE,NOT_PROVEN_REQUIRED,Catalog knowledge improvement is shared where enrichment is eligible; no real customer PDF or extraction conclusion is claimed.,"[""lib/boat-pet-catalog.ts""]","[""lib/boat-pet-registry.ts""]",tests/remediation-b-153.test.mjs (future; consolidate with relevant existing suite if clearer),"[""CR-063"", ""CR-064"", ""CR-076"", ""CR-086"", ""CR-104""]",[],"[""CR-063"", ""CR-064"", ""CR-076"", ""CR-086"", ""CR-104""]","[""Own-source exact subject/value/unit/period/conditions with page/hash"", ""Exact base, inherited, optional and unavailable product-level combinations"", ""Same-product and both comparison directions; provider-specific facts stay asymmetric where appropriate"", ""Document X versus catalog Y: X wins; silent optional remains unknown; explicit not_selected remains not_selected"", ""Cross-provider/type/scope/version negatives; no customer object/pricing changes"", ""Aldersfradrag / table (GAP-5499); Gjenfinning / deductible (GAP-5501); Ung fører / deductible (GAP-5534); Avbrutt båttur / trigger (GAP-5566); Opplagsutstyr / coverage (GAP-5569)""]","[""Compare before/after exact scoped products against independent source-fact inventory"", ""Reverse-check changed claims for support and wrong-level leakage"", ""Re-run linked false-unknown controls with own-source oracle; inspect sources and details"", ""Record closed/reopened signature IDs; targeted family bulk comparison; held-out positive controls"", ""Full existing suite, TypeScript, ESLint, webpack production build, synthetic HTTP/PDF runtime, git diff --check after future implementation""]",GPT-6 ASTRA EXTRA HIGH,Ta beslutning per oppført konsept/dimensjon i canonical-review-queue. Prøv eksisterende eksakt nøkkel eller tydelig provider-detalj først. Ny nøkkel bare etter dokumentert tap/falsk ekvivalens ved gjenbruk. Deretter implementeres bare godkjent scoped forfatteroperasjon. Ingen generell schema-ombygging er bevist nødvendig.,"[""document > catalog"", ""optional availability != customer selected"", ""unknown != not covered"", ""provider/type/scope/version isolation"", ""product level and add-on boundaries"", ""side-swap symmetry without invented equivalents"", ""age start/reduction/expiry and object age kept distinct"", ""annual/accumulated/coverage mileage kept distinct"", ""per event/year/lifetime/selected sum kept distinct"", ""source page/hash and fact-specific provenance"", ""same object identity and pricing/TFA are not catalog eligibility""]",Source/scope gate satisfied for listed dimensions only; separate user authorization and regression still required.,"Frozen corpus 2026-09-29, not live current-source verification",Known catalog availability never selects a customer add-on,PLANNED_NOT_IMPLEMENTED,"[""B-003"", ""B-008"", ""B-009"", ""B-010"", ""B-018"", ""B-022"", ""B-036"", ""B-038"", ""B-041"", ""B-048"", ""B-050"", ""B-053"", ""B-060"", ""B-062"", ""B-065"", ""B-070"", ""B-071"", ""B-072"", ""B-075"", ""B-077"", ""B-080"", ""B-087"", ""B-089"", ""B-091"", ""B-109"", ""B-110"", ""B-113"", ""B-116"", ""B-124"", ""B-125"", ""B-128"", ""B-129"", ""B-132"", ""B-133"", ""B-141"", ""B-143"", ""B-144"", ""B-147"", ""B-148"", ""B-152"", ""B-154"", ""B-155"", ""B-156"", ""B-157"", ""B-160"", ""B-162"", ""B-166"", ""B-175"", ""B-177"", ""B-178"", ""B-181"", ""B-182"", ""B-187"", ""B-195"", ""B-196"", ""B-197"", ""B-199"", ""B-200""]",NOT_SAFE_FOR_PARALLEL_EXECUTION,One named file owner; source research may be parallel read-only. Disjoint files only after all dependencies pass. No agents launched in this triage.
B-154,4,sparebank1-fremtind · Hund · ordinary: Avklar typegyldige nøkler og detaljkobling,"[""sparebank1-fremtind"", ""Hund"", ""ordinary"", ""MAP-REGISTER""]","[""RC-047""]","[""SCRC-059""]","[""RB-55""]","[""6d2a58e195d8386a"", ""9c39d12adfb0c46d"", ""d80512c34a8801ac""]",[],3,3,3,3,0,"[""[\""sparebank1-fremtind\"",\""hund\"",\""ordinary\"",\""sparebank1-fremtind-hund-veterin-r\"",\""2025-08-07\""]""]","[""Hund""]","[""sparebank1-fremtind""]","[""ordinary""]",[],CANONICAL_MAPPING,SMALL_CODE,HIGH,MAPPING_REVIEW_FIRST,MUST_BEFORE_NITO,LIKELY_SHARED_WITH_CUSTOMER_MODE,NOT_PROVEN_REQUIRED,Catalog knowledge improvement is shared where enrichment is eligible; no real customer PDF or extraction conclusion is claimed.,"[""lib/boat-pet-catalog.ts""]","[""lib/boat-pet-registry.ts""]",tests/remediation-b-154.test.mjs (future; consolidate with relevant existing suite if clearer),"[""B-009"", ""B-010"", ""CR-170"", ""CR-182"", ""CR-185""]","[""B-009"", ""B-010""]","[""CR-170"", ""CR-182"", ""CR-185""]","[""Own-source exact subject/value/unit/period/conditions with page/hash"", ""Exact base, inherited, optional and unavailable product-level combinations"", ""Same-product and both comparison directions; provider-specific facts stay asymmetric where appropriate"", ""Document X versus catalog Y: X wins; silent optional remains unknown; explicit not_selected remains not_selected"", ""Cross-provider/type/scope/version negatives; no customer object/pricing changes"", ""Karenstid / days (GAP-5580); Hund tann / negative (GAP-5586); FirstVet / service (GAP-5606)""]","[""Compare before/after exact scoped products against independent source-fact inventory"", ""Reverse-check changed claims for support and wrong-level leakage"", ""Re-run linked false-unknown controls with own-source oracle; inspect sources and details"", ""Record closed/reopened signature IDs; targeted family bulk comparison; held-out positive controls"", ""Full existing suite, TypeScript, ESLint, webpack production build, synthetic HTTP/PDF runtime, git diff --check after future implementation""]",GPT-6 ASTRA EXTRA HIGH,"Kontroller eksisterende nøkkel, type-register og parent/detail-kobling per oppført dimensjon. Rebruk trygg identitet eller legg til eksplisitt typeavgrenset registrering. Ikke utled fra etikett/tall i UI, og ikke utvid ekstraksjon uten separat bevist behov.","[""document > catalog"", ""optional availability != customer selected"", ""unknown != not covered"", ""provider/type/scope/version isolation"", ""product level and add-on boundaries"", ""side-swap symmetry without invented equivalents"", ""age start/reduction/expiry and object age kept distinct"", ""annual/accumulated/coverage mileage kept distinct"", ""per event/year/lifetime/selected sum kept distinct"", ""source page/hash and fact-specific provenance"", ""same object identity and pricing/TFA are not catalog eligibility""]",Source/scope gate satisfied for listed dimensions only; separate user authorization and regression still required.,"Frozen corpus 2026-09-29, not live current-source verification",Known catalog availability never selects a customer add-on,PLANNED_NOT_IMPLEMENTED,"[""B-003"", ""B-008"", ""B-009"", ""B-010"", ""B-018"", ""B-022"", ""B-036"", ""B-038"", ""B-041"", ""B-048"", ""B-050"", ""B-053"", ""B-060"", ""B-062"", ""B-065"", ""B-070"", ""B-071"", ""B-072"", ""B-075"", ""B-077"", ""B-080"", ""B-087"", ""B-089"", ""B-091"", ""B-109"", ""B-110"", ""B-113"", ""B-116"", ""B-124"", ""B-125"", ""B-128"", ""B-129"", ""B-132"", ""B-133"", ""B-141"", ""B-143"", ""B-144"", ""B-147"", ""B-148"", ""B-152"", ""B-153"", ""B-155"", ""B-156"", ""B-157"", ""B-160"", ""B-162"", ""B-166"", ""B-175"", ""B-177"", ""B-178"", ""B-181"", ""B-182"", ""B-187"", ""B-195"", ""B-196"", ""B-197"", ""B-199"", ""B-200""]",NOT_SAFE_FOR_PARALLEL_EXECUTION,One named file owner; source research may be parallel read-only. Disjoint files only after all dependencies pass. No agents launched in this triage.
B-155,4,sparebank1-fremtind · Hund · ordinary: Avklar semantisk plassering før P1-dimensjoner materialiseres,"[""sparebank1-fremtind"", ""Hund"", ""ordinary"", ""MODEL""]","[""RC-047""]","[""SCRC-059""]","[""RB-55""]","[""3a1e24524cebab2d"", ""4be6b4beca33f587"", ""546a81031a2285c7"", ""65ee26665f2f51e1"", ""74ec9a396552a29a"", ""c75bfdd6bae25cd4"", ""ed4cabf501d29976""]",[],7,7,7,7,0,"[""[\""sparebank1-fremtind\"",\""hund\"",\""ordinary\"",\""sparebank1-fremtind-hund-veterin-r\"",\""2025-08-07\""]""]","[""Hund""]","[""sparebank1-fremtind""]","[""ordinary""]",[],CANONICAL_MODEL_REVIEW,SMALL_CODE,HIGH,CANONICAL_REVIEW_FIRST,MUST_BEFORE_NITO,LIKELY_SHARED_WITH_CUSTOMER_MODE,NOT_PROVEN_REQUIRED,Catalog knowledge improvement is shared where enrichment is eligible; no real customer PDF or extraction conclusion is claimed.,"[""lib/boat-pet-catalog.ts""]","[""lib/boat-pet-registry.ts""]",tests/remediation-b-155.test.mjs (future; consolidate with relevant existing suite if clearer),"[""B-009"", ""B-010"", ""CR-151"", ""CR-153"", ""CR-180"", ""CR-181"", ""CR-189"", ""CR-201"", ""CR-216""]","[""B-009"", ""B-010""]","[""CR-151"", ""CR-153"", ""CR-180"", ""CR-181"", ""CR-189"", ""CR-201"", ""CR-216""]","[""Own-source exact subject/value/unit/period/conditions with page/hash"", ""Exact base, inherited, optional and unavailable product-level combinations"", ""Same-product and both comparison directions; provider-specific facts stay asymmetric where appropriate"", ""Document X versus catalog Y: X wins; silent optional remains unknown; explicit not_selected remains not_selected"", ""Cross-provider/type/scope/version negatives; no customer object/pricing changes"", ""Artrose / lifetime (GAP-5583); Avliving / sum (GAP-5585); Medfødte ledd / condition (GAP-5587); Hund keisersnitt / condition (GAP-5588); Hund raser / exclusions (GAP-5591); Varighet / termination (GAP-5594); Kjøp / eligibility (GAP-5605)""]","[""Compare before/after exact scoped products against independent source-fact inventory"", ""Reverse-check changed claims for support and wrong-level leakage"", ""Re-run linked false-unknown controls with own-source oracle; inspect sources and details"", ""Record closed/reopened signature IDs; targeted family bulk comparison; held-out positive controls"", ""Full existing suite, TypeScript, ESLint, webpack production build, synthetic HTTP/PDF runtime, git diff --check after future implementation""]",GPT-6 ASTRA EXTRA HIGH,Ta beslutning per oppført konsept/dimensjon i canonical-review-queue. Prøv eksisterende eksakt nøkkel eller tydelig provider-detalj først. Ny nøkkel bare etter dokumentert tap/falsk ekvivalens ved gjenbruk. Deretter implementeres bare godkjent scoped forfatteroperasjon. Ingen generell schema-ombygging er bevist nødvendig.,"[""document > catalog"", ""optional availability != customer selected"", ""unknown != not covered"", ""provider/type/scope/version isolation"", ""product level and add-on boundaries"", ""side-swap symmetry without invented equivalents"", ""age start/reduction/expiry and object age kept distinct"", ""annual/accumulated/coverage mileage kept distinct"", ""per event/year/lifetime/selected sum kept distinct"", ""source page/hash and fact-specific provenance"", ""same object identity and pricing/TFA are not catalog eligibility""]",Source/scope gate satisfied for listed dimensions only; separate user authorization and regression still required.,"Frozen corpus 2026-09-29, not live current-source verification",Known catalog availability never selects a customer add-on,PLANNED_NOT_IMPLEMENTED,"[""B-003"", ""B-008"", ""B-009"", ""B-010"", ""B-018"", ""B-022"", ""B-036"", ""B-038"", ""B-041"", ""B-048"", ""B-050"", ""B-053"", ""B-060"", ""B-062"", ""B-065"", ""B-070"", ""B-071"", ""B-072"", ""B-075"", ""B-077"", ""B-080"", ""B-087"", ""B-089"", ""B-091"", ""B-109"", ""B-110"", ""B-113"", ""B-116"", ""B-124"", ""B-125"", ""B-128"", ""B-129"", ""B-132"", ""B-133"", ""B-141"", ""B-143"", ""B-144"", ""B-147"", ""B-148"", ""B-152"", ""B-153"", ""B-154"", ""B-156"", ""B-157"", ""B-160"", ""B-162"", ""B-166"", ""B-175"", ""B-177"", ""B-178"", ""B-181"", ""B-182"", ""B-187"", ""B-195"", ""B-196"", ""B-197"", ""B-199"", ""B-200""]",NOT_SAFE_FOR_PARALLEL_EXECUTION,One named file owner; source research may be parallel read-only. Disjoint files only after all dependencies pass. No agents launched in this triage.
B-156,4,sparebank1-fremtind · Katt · ordinary: Avklar typegyldige nøkler og detaljkobling,"[""sparebank1-fremtind"", ""Katt"", ""ordinary"", ""MAP-REGISTER""]","[""RC-048""]","[""SCRC-059""]","[""RB-55""]","[""381a1344b4781e69"", ""4bfa9944c273fe2a"", ""c9f94d39e193293a""]",[],3,3,3,3,0,"[""[\""sparebank1-fremtind\"",\""katt\"",\""ordinary\"",\""sparebank1-fremtind-katt-veterin-r\"",\""2025-08-07\""]""]","[""Katt""]","[""sparebank1-fremtind""]","[""ordinary""]",[],CANONICAL_MAPPING,SMALL_CODE,HIGH,MAPPING_REVIEW_FIRST,MUST_BEFORE_NITO,LIKELY_SHARED_WITH_CUSTOMER_MODE,NOT_PROVEN_REQUIRED,Catalog knowledge improvement is shared where enrichment is eligible; no real customer PDF or extraction conclusion is claimed.,"[""lib/boat-pet-catalog.ts""]","[""lib/boat-pet-registry.ts""]",tests/remediation-b-156.test.mjs (future; consolidate with relevant existing suite if clearer),"[""CR-300"", ""CR-310"", ""CR-314""]",[],"[""CR-300"", ""CR-310"", ""CR-314""]","[""Own-source exact subject/value/unit/period/conditions with page/hash"", ""Exact base, inherited, optional and unavailable product-level combinations"", ""Same-product and both comparison directions; provider-specific facts stay asymmetric where appropriate"", ""Document X versus catalog Y: X wins; silent optional remains unknown; explicit not_selected remains not_selected"", ""Cross-provider/type/scope/version negatives; no customer object/pricing changes"", ""Karenstid / days (GAP-5610); Katt tann / coverage (GAP-5613); FirstVet / service (GAP-5627)""]","[""Compare before/after exact scoped products against independent source-fact inventory"", ""Reverse-check changed claims for support and wrong-level leakage"", ""Re-run linked false-unknown controls with own-source oracle; inspect sources and details"", ""Record closed/reopened signature IDs; targeted family bulk comparison; held-out positive controls"", ""Full existing suite, TypeScript, ESLint, webpack production build, synthetic HTTP/PDF runtime, git diff --check after future implementation""]",GPT-6 ASTRA EXTRA HIGH,"Kontroller eksisterende nøkkel, type-register og parent/detail-kobling per oppført dimensjon. Rebruk trygg identitet eller legg til eksplisitt typeavgrenset registrering. Ikke utled fra etikett/tall i UI, og ikke utvid ekstraksjon uten separat bevist behov.","[""document > catalog"", ""optional availability != customer selected"", ""unknown != not covered"", ""provider/type/scope/version isolation"", ""product level and add-on boundaries"", ""side-swap symmetry without invented equivalents"", ""age start/reduction/expiry and object age kept distinct"", ""annual/accumulated/coverage mileage kept distinct"", ""per event/year/lifetime/selected sum kept distinct"", ""source page/hash and fact-specific provenance"", ""same object identity and pricing/TFA are not catalog eligibility""]",Source/scope gate satisfied for listed dimensions only; separate user authorization and regression still required.,"Frozen corpus 2026-09-29, not live current-source verification",Known catalog availability never selects a customer add-on,PLANNED_NOT_IMPLEMENTED,"[""B-003"", ""B-008"", ""B-009"", ""B-010"", ""B-018"", ""B-022"", ""B-036"", ""B-038"", ""B-041"", ""B-048"", ""B-050"", ""B-053"", ""B-060"", ""B-062"", ""B-065"", ""B-070"", ""B-071"", ""B-072"", ""B-075"", ""B-077"", ""B-080"", ""B-087"", ""B-089"", ""B-091"", ""B-109"", ""B-110"", ""B-113"", ""B-116"", ""B-124"", ""B-125"", ""B-128"", ""B-129"", ""B-132"", ""B-133"", ""B-141"", ""B-143"", ""B-144"", ""B-147"", ""B-148"", ""B-152"", ""B-153"", ""B-154"", ""B-155"", ""B-157"", ""B-160"", ""B-162"", ""B-166"", ""B-175"", ""B-177"", ""B-178"", ""B-181"", ""B-182"", ""B-187"", ""B-195"", ""B-196"", ""B-197"", ""B-199"", ""B-200""]",NOT_SAFE_FOR_PARALLEL_EXECUTION,One named file owner; source research may be parallel read-only. Disjoint files only after all dependencies pass. No agents launched in this triage.
B-157,4,sparebank1-fremtind · Katt · ordinary: Avklar semantisk plassering før P1-dimensjoner materialiseres,"[""sparebank1-fremtind"", ""Katt"", ""ordinary"", ""MODEL""]","[""RC-048""]","[""SCRC-059""]","[""RB-55""]","[""0a6e885f4c8cc14c"", ""31004863aeeef56f"", ""4229dcdeff9cae82"", ""8d35b6528b98d713"", ""b031d2cf3de6e3e7"", ""f1928e586abb7059""]",[],6,6,6,6,0,"[""[\""sparebank1-fremtind\"",\""katt\"",\""ordinary\"",\""sparebank1-fremtind-katt-veterin-r\"",\""2025-08-07\""]""]","[""Katt""]","[""sparebank1-fremtind""]","[""ordinary""]",[],CANONICAL_MODEL_REVIEW,SMALL_CODE,HIGH,CANONICAL_REVIEW_FIRST,MUST_BEFORE_NITO,LIKELY_SHARED_WITH_CUSTOMER_MODE,NOT_PROVEN_REQUIRED,Catalog knowledge improvement is shared where enrichment is eligible; no real customer PDF or extraction conclusion is claimed.,"[""lib/boat-pet-catalog.ts""]","[""lib/boat-pet-registry.ts""]",tests/remediation-b-157.test.mjs (future; consolidate with relevant existing suite if clearer),"[""CR-285"", ""CR-312"", ""CR-313"", ""CR-316"", ""CR-325"", ""CR-338""]",[],"[""CR-285"", ""CR-312"", ""CR-313"", ""CR-316"", ""CR-325"", ""CR-338""]","[""Own-source exact subject/value/unit/period/conditions with page/hash"", ""Exact base, inherited, optional and unavailable product-level combinations"", ""Same-product and both comparison directions; provider-specific facts stay asymmetric where appropriate"", ""Document X versus catalog Y: X wins; silent optional remains unknown; explicit not_selected remains not_selected"", ""Cross-provider/type/scope/version negatives; no customer object/pricing changes"", ""Avliving / sum (GAP-5612); Medfødte ledd / condition (GAP-5614); Katt keisersnitt / condition (GAP-5615); Katt raser / exclusions (GAP-5618); Varighet / termination (GAP-5621); Kjøp / eligibility (GAP-5626)""]","[""Compare before/after exact scoped products against independent source-fact inventory"", ""Reverse-check changed claims for support and wrong-level leakage"", ""Re-run linked false-unknown controls with own-source oracle; inspect sources and details"", ""Record closed/reopened signature IDs; targeted family bulk comparison; held-out positive controls"", ""Full existing suite, TypeScript, ESLint, webpack production build, synthetic HTTP/PDF runtime, git diff --check after future implementation""]",GPT-6 ASTRA EXTRA HIGH,Ta beslutning per oppført konsept/dimensjon i canonical-review-queue. Prøv eksisterende eksakt nøkkel eller tydelig provider-detalj først. Ny nøkkel bare etter dokumentert tap/falsk ekvivalens ved gjenbruk. Deretter implementeres bare godkjent scoped forfatteroperasjon. Ingen generell schema-ombygging er bevist nødvendig.,"[""document > catalog"", ""optional availability != customer selected"", ""unknown != not covered"", ""provider/type/scope/version isolation"", ""product level and add-on boundaries"", ""side-swap symmetry without invented equivalents"", ""age start/reduction/expiry and object age kept distinct"", ""annual/accumulated/coverage mileage kept distinct"", ""per event/year/lifetime/selected sum kept distinct"", ""source page/hash and fact-specific provenance"", ""same object identity and pricing/TFA are not catalog eligibility""]",Source/scope gate satisfied for listed dimensions only; separate user authorization and regression still required.,"Frozen corpus 2026-09-29, not live current-source verification",Known catalog availability never selects a customer add-on,PLANNED_NOT_IMPLEMENTED,"[""B-003"", ""B-008"", ""B-009"", ""B-010"", ""B-018"", ""B-022"", ""B-036"", ""B-038"", ""B-041"", ""B-048"", ""B-050"", ""B-053"", ""B-060"", ""B-062"", ""B-065"", ""B-070"", ""B-071"", ""B-072"", ""B-075"", ""B-077"", ""B-080"", ""B-087"", ""B-089"", ""B-091"", ""B-109"", ""B-110"", ""B-113"", ""B-116"", ""B-124"", ""B-125"", ""B-128"", ""B-129"", ""B-132"", ""B-133"", ""B-141"", ""B-143"", ""B-144"", ""B-147"", ""B-148"", ""B-152"", ""B-153"", ""B-154"", ""B-155"", ""B-156"", ""B-160"", ""B-162"", ""B-166"", ""B-175"", ""B-177"", ""B-178"", ""B-181"", ""B-182"", ""B-187"", ""B-195"", ""B-196"", ""B-197"", ""B-199"", ""B-200""]",NOT_SAFE_FOR_PARALLEL_EXECUTION,One named file owner; source research may be parallel read-only. Disjoint files only after all dependencies pass. No agents launched in this triage.
B-158,4,storebrand · Bil · ordinary: Avklar semantisk plassering før P1-dimensjoner materialiseres,"[""storebrand"", ""Bil"", ""ordinary"", ""MODEL""]","[""RC-049""]","[""SCRC-011""]","[""RB-10""]","[""16b5c2d442a8b8f6"", ""22a876822fffd6d9"", ""74a326f1f28d2820"", ""784ca7e5627286c3"", ""b626be71b1b472cc"", ""ebaf703670045f56"", ""f3d93a55321a66d5"", ""f9ce3a71e4db6272"", ""fc9fd29e16d2fe95""]",[],9,29,9,29,0,"[""[\""storebrand\"",\""bil\"",\""ordinary\"",\""sb-bil-ansvar\"",\""motor09\""]"", ""[\""storebrand\"",\""bil\"",\""ordinary\"",\""sb-bil-delkasko\"",\""motor09\""]"", ""[\""storebrand\"",\""bil\"",\""ordinary\"",\""sb-bil-kasko\"",\""motor09\""]"", ""[\""storebrand\"",\""bil\"",\""ordinary\"",\""sb-bil-super\"",\""motor09\""]""]","[""Bil""]","[""storebrand""]","[""ordinary""]","[""sb-leiebil"", ""sb-leiebil-utvidet""]",CANONICAL_MODEL_REVIEW,SMALL_CODE,HIGH,CANONICAL_REVIEW_FIRST,MUST_BEFORE_NITO,LIKELY_SHARED_WITH_CUSTOMER_MODE,NOT_PROVEN_REQUIRED,Catalog knowledge improvement is shared where enrichment is eligible; no real customer PDF or extraction conclusion is claimed.,"[""lib/storebrand-catalog.ts""]","[""lib/insurance-normalization.ts""]",tests/remediation-b-158.test.mjs (future; consolidate with relevant existing suite if clearer),"[""CR-001"", ""CR-002"", ""CR-004"", ""CR-009"", ""CR-014"", ""CR-019"", ""CR-027"", ""CR-028"", ""CR-031""]",[],"[""CR-001"", ""CR-002"", ""CR-004"", ""CR-009"", ""CR-014"", ""CR-019"", ""CR-027"", ""CR-028"", ""CR-031""]","[""Own-source exact subject/value/unit/period/conditions with page/hash"", ""Exact base, inherited, optional and unavailable product-level combinations"", ""Same-product and both comparison directions; provider-specific facts stay asymmetric where appropriate"", ""Document X versus catalog Y: X wins; silent optional remains unknown; explicit not_selected remains not_selected"", ""Cross-provider/type/scope/version negatives; no customer object/pricing changes"", ""Egenandel / ungfører (GAP-0348); Ulykke / unntak (GAP-0352); Rettshjelp / unntak (GAP-0356); Aldersfradrag / utstyr/dekk (GAP-0362); Aldersfradrag / bagasje (GAP-0363); Generelle unntak / bane/is/trim (GAP-0368); Bruk / utleie/næring (GAP-0369); Leiebil / maskin/veibrudd (GAP-0405); Tegningsalder / BilSuper (GAP-0465)""]","[""Compare before/after exact scoped products against independent source-fact inventory"", ""Reverse-check changed claims for support and wrong-level leakage"", ""Re-run linked false-unknown controls with own-source oracle; inspect sources and details"", ""Record closed/reopened signature IDs; targeted family bulk comparison; held-out positive controls"", ""Full existing suite, TypeScript, ESLint, webpack production build, synthetic HTTP/PDF runtime, git diff --check after future implementation""]",GPT-6 ASTRA EXTRA HIGH,Ta beslutning per oppført konsept/dimensjon i canonical-review-queue. Prøv eksisterende eksakt nøkkel eller tydelig provider-detalj først. Ny nøkkel bare etter dokumentert tap/falsk ekvivalens ved gjenbruk. Deretter implementeres bare godkjent scoped forfatteroperasjon. Ingen generell schema-ombygging er bevist nødvendig.,"[""document > catalog"", ""optional availability != customer selected"", ""unknown != not covered"", ""provider/type/scope/version isolation"", ""product level and add-on boundaries"", ""side-swap symmetry without invented equivalents"", ""age start/reduction/expiry and object age kept distinct"", ""annual/accumulated/coverage mileage kept distinct"", ""per event/year/lifetime/selected sum kept distinct"", ""source page/hash and fact-specific provenance"", ""same object identity and pricing/TFA are not catalog eligibility""]",Source/scope gate satisfied for listed dimensions only; separate user authorization and regression still required.,"Frozen corpus 2026-09-29, not live current-source verification",Known catalog availability never selects a customer add-on,PLANNED_NOT_IMPLEMENTED,"[""B-015"", ""B-017"", ""B-019"", ""B-020"", ""B-021"", ""B-073"", ""B-102"", ""B-103"", ""B-105"", ""B-106"", ""B-107"", ""B-114"", ""B-115"", ""B-121"", ""B-122"", ""B-130"", ""B-131"", ""B-135"", ""B-139"", ""B-145"", ""B-146"", ""B-149"", ""B-163"", ""B-164"", ""B-165"", ""B-168"", ""B-173"", ""B-179"", ""B-180"", ""B-184""]",NOT_SAFE_FOR_PARALLEL_EXECUTION,One named file owner; source research may be parallel read-only. Disjoint files only after all dependencies pass. No agents launched in this triage.
B-159,4,storebrand · Bobil · ordinary: Avklar semantisk plassering før P1-dimensjoner materialiseres,"[""storebrand"", ""Bobil"", ""ordinary"", ""MODEL""]","[""RC-050""]","[""SCRC-011""]","[""RB-10""]","[""33f9bb206245939a"", ""451d8dec30bc7fa5"", ""8eaf24b83556daa5"", ""94896027c34a4d0a"", ""9ee141a4400dfb3c"", ""a6e590f9f706071c"", ""b4aaf0559fce6309"", ""bc1a88e9c19ca982""]",[],8,28,8,28,0,"[""[\""storebrand\"",\""bobil\"",\""ordinary\"",\""storebrand-bobil-ansvar\"",\""motor09\""]"", ""[\""storebrand\"",\""bobil\"",\""ordinary\"",\""storebrand-bobil-delkasko\"",\""motor09\""]"", ""[\""storebrand\"",\""bobil\"",\""ordinary\"",\""storebrand-bobil-kasko\"",\""motor09\""]"", ""[\""storebrand\"",\""bobil\"",\""ordinary\"",\""storebrand-bobil-super\"",\""motor09\""]""]","[""Bobil""]","[""storebrand""]","[""ordinary""]","[""storebrand-bobil-leiebil"", ""storebrand-bobil-utvidet-leiebil""]",CANONICAL_MODEL_REVIEW,SMALL_CODE,HIGH,CANONICAL_REVIEW_FIRST,MUST_BEFORE_NITO,LIKELY_SHARED_WITH_CUSTOMER_MODE,NOT_PROVEN_REQUIRED,Catalog knowledge improvement is shared where enrichment is eligible; no real customer PDF or extraction conclusion is claimed.,"[""lib/mc-bobil-gjensidige-storebrand-catalog.ts""]","[""lib/mc-bobil-registry.ts""]",tests/remediation-b-159.test.mjs (future; consolidate with relevant existing suite if clearer),"[""CR-035"", ""CR-036"", ""CR-037"", ""CR-040"", ""CR-044"", ""CR-047"", ""CR-053"", ""CR-056""]",[],"[""CR-035"", ""CR-036"", ""CR-037"", ""CR-040"", ""CR-044"", ""CR-047"", ""CR-053"", ""CR-056""]","[""Own-source exact subject/value/unit/period/conditions with page/hash"", ""Exact base, inherited, optional and unavailable product-level combinations"", ""Same-product and both comparison directions; provider-specific facts stay asymmetric where appropriate"", ""Document X versus catalog Y: X wins; silent optional remains unknown; explicit not_selected remains not_selected"", ""Cross-provider/type/scope/version negatives; no customer object/pricing changes"", ""Egenandel / ungfører (GAP-0613); Ulykke / unntak (GAP-0617); Rettshjelp / unntak (GAP-0621); Aldersfradrag / utstyr/dekk (GAP-0630); Aldersfradrag / bagasje (GAP-0631); Generelle unntak / bane/is/trim (GAP-0635); Bruk / utleie/næring (GAP-0636); Leiebil / maskin/veibrudd (GAP-0671)""]","[""Compare before/after exact scoped products against independent source-fact inventory"", ""Reverse-check changed claims for support and wrong-level leakage"", ""Re-run linked false-unknown controls with own-source oracle; inspect sources and details"", ""Record closed/reopened signature IDs; targeted family bulk comparison; held-out positive controls"", ""Full existing suite, TypeScript, ESLint, webpack production build, synthetic HTTP/PDF runtime, git diff --check after future implementation""]",GPT-6 ASTRA EXTRA HIGH,Ta beslutning per oppført konsept/dimensjon i canonical-review-queue. Prøv eksisterende eksakt nøkkel eller tydelig provider-detalj først. Ny nøkkel bare etter dokumentert tap/falsk ekvivalens ved gjenbruk. Deretter implementeres bare godkjent scoped forfatteroperasjon. Ingen generell schema-ombygging er bevist nødvendig.,"[""document > catalog"", ""optional availability != customer selected"", ""unknown != not covered"", ""provider/type/scope/version isolation"", ""product level and add-on boundaries"", ""side-swap symmetry without invented equivalents"", ""age start/reduction/expiry and object age kept distinct"", ""annual/accumulated/coverage mileage kept distinct"", ""per event/year/lifetime/selected sum kept distinct"", ""source page/hash and fact-specific provenance"", ""same object identity and pricing/TFA are not catalog eligibility""]",Source/scope gate satisfied for listed dimensions only; separate user authorization and regression still required.,"Frozen corpus 2026-09-29, not live current-source verification",Known catalog availability never selects a customer add-on,PLANNED_NOT_IMPLEMENTED,"[""B-001"", ""B-012"", ""B-047"", ""B-054"", ""B-074"", ""B-081"", ""B-101"", ""B-104"", ""B-108"", ""B-117"", ""B-123"", ""B-134"", ""B-140"", ""B-167"", ""B-174"", ""B-183""]",NOT_SAFE_FOR_PARALLEL_EXECUTION,One named file owner; source research may be parallel read-only. Disjoint files only after all dependencies pass. No agents launched in this triage.
B-160,4,storebrand · Båt · ordinary: Avklar semantisk plassering før P1-dimensjoner materialiseres,"[""storebrand"", ""Båt"", ""ordinary"", ""MODEL""]","[""RC-051""]","[""SCRC-060""]","[""RB-56""]","[""01f883abc1f29cb1"", ""0e0415288950c5e4"", ""2b8540d3c8033be7"", ""953bc0965e5ae8d4"", ""97ee53528ceb9f55"", ""9a71ff5aad675d55"", ""c7776925a5ae1dda"", ""e068a614876c108f""]",[],8,20,8,20,0,"[""[\""storebrand\"",\""båt\"",\""ordinary\"",\""storebrand-bat-delkasko\"",\""2024-09-01\""]"", ""[\""storebrand\"",\""båt\"",\""ordinary\"",\""storebrand-bat-kasko\"",\""2024-09-01\""]"", ""[\""storebrand\"",\""båt\"",\""ordinary\"",\""storebrand-bat-super\"",\""2024-09-01\""]""]","[""Båt""]","[""storebrand""]","[""ordinary""]",[],CANONICAL_MODEL_REVIEW,SMALL_CODE,HIGH,CANONICAL_REVIEW_FIRST,MUST_BEFORE_NITO,LIKELY_SHARED_WITH_CUSTOMER_MODE,NOT_PROVEN_REQUIRED,Catalog knowledge improvement is shared where enrichment is eligible; no real customer PDF or extraction conclusion is claimed.,"[""lib/boat-pet-catalog.ts""]","[""lib/boat-pet-registry.ts""]",tests/remediation-b-160.test.mjs (future; consolidate with relevant existing suite if clearer),"[""B-008"", ""CR-062"", ""CR-069"", ""CR-091"", ""CR-096"", ""CR-100"", ""CR-103"", ""CR-105"", ""CR-106""]","[""B-008""]","[""CR-062"", ""CR-069"", ""CR-091"", ""CR-096"", ""CR-100"", ""CR-103"", ""CR-105"", ""CR-106""]","[""Own-source exact subject/value/unit/period/conditions with page/hash"", ""Exact base, inherited, optional and unavailable product-level combinations"", ""Same-product and both comparison directions; provider-specific facts stay asymmetric where appropriate"", ""Document X versus catalog Y: X wins; silent optional remains unknown; explicit not_selected remains not_selected"", ""Cross-provider/type/scope/version negatives; no customer object/pricing changes"", ""Egenandel / mekanisme (GAP-5633); Transport / vilkår (GAP-5635); Unntak / vær og gradvis (GAP-5636); Unntak / bruksområde (GAP-5638); Aldersfradrag / tabell (GAP-5641); Ulykke / vilkår (GAP-5645); Ulykke / samlet tak og behandling (GAP-5651); Super reisekostnader / utløser (GAP-5680)""]","[""Compare before/after exact scoped products against independent source-fact inventory"", ""Reverse-check changed claims for support and wrong-level leakage"", ""Re-run linked false-unknown controls with own-source oracle; inspect sources and details"", ""Record closed/reopened signature IDs; targeted family bulk comparison; held-out positive controls"", ""Full existing suite, TypeScript, ESLint, webpack production build, synthetic HTTP/PDF runtime, git diff --check after future implementation""]",GPT-6 ASTRA EXTRA HIGH,Ta beslutning per oppført konsept/dimensjon i canonical-review-queue. Prøv eksisterende eksakt nøkkel eller tydelig provider-detalj først. Ny nøkkel bare etter dokumentert tap/falsk ekvivalens ved gjenbruk. Deretter implementeres bare godkjent scoped forfatteroperasjon. Ingen generell schema-ombygging er bevist nødvendig.,"[""document > catalog"", ""optional availability != customer selected"", ""unknown != not covered"", ""provider/type/scope/version isolation"", ""product level and add-on boundaries"", ""side-swap symmetry without invented equivalents"", ""age start/reduction/expiry and object age kept distinct"", ""annual/accumulated/coverage mileage kept distinct"", ""per event/year/lifetime/selected sum kept distinct"", ""source page/hash and fact-specific provenance"", ""same object identity and pricing/TFA are not catalog eligibility""]",Source/scope gate satisfied for listed dimensions only; separate user authorization and regression still required.,"Frozen corpus 2026-09-29, not live current-source verification",Known catalog availability never selects a customer add-on,PLANNED_NOT_IMPLEMENTED,"[""B-003"", ""B-008"", ""B-009"", ""B-010"", ""B-018"", ""B-022"", ""B-036"", ""B-038"", ""B-041"", ""B-048"", ""B-050"", ""B-053"", ""B-060"", ""B-062"", ""B-065"", ""B-070"", ""B-071"", ""B-072"", ""B-075"", ""B-077"", ""B-080"", ""B-087"", ""B-089"", ""B-091"", ""B-109"", ""B-110"", ""B-113"", ""B-116"", ""B-124"", ""B-125"", ""B-128"", ""B-129"", ""B-132"", ""B-133"", ""B-141"", ""B-143"", ""B-144"", ""B-147"", ""B-148"", ""B-152"", ""B-153"", ""B-154"", ""B-155"", ""B-156"", ""B-157"", ""B-162"", ""B-166"", ""B-175"", ""B-177"", ""B-178"", ""B-181"", ""B-182"", ""B-187"", ""B-195"", ""B-196"", ""B-197"", ""B-199"", ""B-200""]",NOT_SAFE_FOR_PARALLEL_EXECUTION,One named file owner; source research may be parallel read-only. Disjoint files only after all dependencies pass. No agents launched in this triage.
B-161,4,storebrand · Campingvogn · ordinary: Avklar semantisk plassering før P1-dimensjoner materialiseres,"[""storebrand"", ""Campingvogn"", ""ordinary"", ""MODEL""]","[""RC-052""]","[""SCRC-011""]","[""RB-10""]","[""02b9f34f8a551e3e"", ""067b09a0b831d8b6"", ""08561dffbceec151"", ""17c00a0663eac535"", ""604d044d53f5c952"", ""a60b619341bb4408"", ""bf0b01cbff9d4de1"", ""ddbbd0ae4e63cf06"", ""f4baa0c1d78adb8a"", ""fe47b5910d63b29c""]",[],10,30,10,30,0,"[""[\""storebrand\"",\""campingvogn\"",\""ordinary\"",\""storebrand-campingvogn-brann-og-tyveri\"",\""2026-03-01\""]"", ""[\""storebrand\"",\""campingvogn\"",\""ordinary\"",\""storebrand-campingvogn-kasko\"",\""2026-03-01\""]"", ""[\""storebrand\"",\""campingvogn\"",\""ordinary\"",\""storebrand-campingvogn-super\"",\""2026-03-01\""]""]","[""Campingvogn""]","[""storebrand""]","[""ordinary""]",[],CANONICAL_MODEL_REVIEW,SMALL_CODE,HIGH,CANONICAL_REVIEW_FIRST,MUST_BEFORE_NITO,LIKELY_SHARED_WITH_CUSTOMER_MODE,NOT_PROVEN_REQUIRED,Catalog knowledge improvement is shared where enrichment is eligible; no real customer PDF or extraction conclusion is claimed.,"[""lib/vehicle-object-catalog.ts""]","[""lib/vehicle-object-registry.ts""]",tests/remediation-b-161.test.mjs (future; consolidate with relevant existing suite if clearer),"[""CR-115"", ""CR-117"", ""CR-118"", ""CR-125"", ""CR-127"", ""CR-130"", ""CR-131"", ""CR-133"", ""CR-143"", ""CR-144""]",[],"[""CR-115"", ""CR-117"", ""CR-118"", ""CR-125"", ""CR-127"", ""CR-130"", ""CR-131"", ""CR-133"", ""CR-143"", ""CR-144""]","[""Own-source exact subject/value/unit/period/conditions with page/hash"", ""Exact base, inherited, optional and unavailable product-level combinations"", ""Same-product and both comparison directions; provider-specific facts stay asymmetric where appropriate"", ""Document X versus catalog Y: X wins; silent optional remains unknown; explicit not_selected remains not_selected"", ""Cross-provider/type/scope/version negatives; no customer object/pricing changes"", ""Tegning / forutsetning (GAP-0729); Ansvar / trekkvogn (GAP-0731); Utstyr / fastmontert (GAP-0732); Løsøre / sumutvidelse (GAP-0735); Aldersfradrag / utstyr (GAP-0736); Aldersfradrag / bagasje (GAP-0737); Utleie/næring / særavtale (GAP-0743); Oppgjør / kosmetikk/reparasjon (GAP-0748); Rettshjelp / egenandel (GAP-0751); Rettshjelp / unntak (GAP-0752)""]","[""Compare before/after exact scoped products against independent source-fact inventory"", ""Reverse-check changed claims for support and wrong-level leakage"", ""Re-run linked false-unknown controls with own-source oracle; inspect sources and details"", ""Record closed/reopened signature IDs; targeted family bulk comparison; held-out positive controls"", ""Full existing suite, TypeScript, ESLint, webpack production build, synthetic HTTP/PDF runtime, git diff --check after future implementation""]",GPT-6 ASTRA EXTRA HIGH,Ta beslutning per oppført konsept/dimensjon i canonical-review-queue. Prøv eksisterende eksakt nøkkel eller tydelig provider-detalj først. Ny nøkkel bare etter dokumentert tap/falsk ekvivalens ved gjenbruk. Deretter implementeres bare godkjent scoped forfatteroperasjon. Ingen generell schema-ombygging er bevist nødvendig.,"[""document > catalog"", ""optional availability != customer selected"", ""unknown != not covered"", ""provider/type/scope/version isolation"", ""product level and add-on boundaries"", ""side-swap symmetry without invented equivalents"", ""age start/reduction/expiry and object age kept distinct"", ""annual/accumulated/coverage mileage kept distinct"", ""per event/year/lifetime/selected sum kept distinct"", ""source page/hash and fact-specific provenance"", ""same object identity and pricing/TFA are not catalog eligibility""]",Source/scope gate satisfied for listed dimensions only; separate user authorization and regression still required.,"Frozen corpus 2026-09-29, not live current-source verification",Known catalog availability never selects a customer add-on,PLANNED_NOT_IMPLEMENTED,"[""B-024"", ""B-025"", ""B-026"", ""B-027"", ""B-037"", ""B-044"", ""B-045"", ""B-049"", ""B-056"", ""B-057"", ""B-061"", ""B-068"", ""B-069"", ""B-076"", ""B-083"", ""B-084"", ""B-088"", ""B-094"", ""B-095"", ""B-096"", ""B-097"", ""B-098"", ""B-099"", ""B-100"", ""B-111"", ""B-112"", ""B-118"", ""B-119"", ""B-120"", ""B-126"", ""B-127"", ""B-136"", ""B-137"", ""B-138"", ""B-142"", ""B-150"", ""B-151"", ""B-169"", ""B-170"", ""B-171"", ""B-172"", ""B-176"", ""B-185"", ""B-186"", ""B-188"", ""B-189"", ""B-194"", ""B-204""]",NOT_SAFE_FOR_PARALLEL_EXECUTION,One named file owner; source research may be parallel read-only. Disjoint files only after all dependencies pass. No agents launched in this triage.
B-162,4,storebrand · Hund · ordinary: Avklar semantisk plassering før P1-dimensjoner materialiseres,"[""storebrand"", ""Hund"", ""ordinary"", ""MODEL""]","[""RC-053""]","[""SCRC-007""]","[""RB-06""]","[""01b25a044dc94915"", ""37a9f587dcfa827a"", ""91380a44ec7a5c94"", ""91a0a76ec9f7f4f7"", ""920ead562c2642b1"", ""987d506a33833301"", ""9ba9a11a948f1bd9"", ""9cc8a2795a22dda6"", ""c38dcfe9b1db9488"", ""cd6433f5c9e62228"", ""d4487959fff6bbe6"", ""d5962ab876349a92"", ""ecbc3c8e809bdbd7"", ""f19e467d04a444e9"", ""f763485bd44845ce""]",[],15,31,15,31,0,"[""[\""storebrand\"",\""hund\"",\""ordinary\"",\""storebrand-hund-d-dsfall\"",\""2025-02-01\""]"", ""[\""storebrand\"",\""hund\"",\""ordinary\"",\""storebrand-hund-veterin-r\"",\""2025-02-01\""]"", ""[\""storebrand\"",\""hund\"",\""ordinary\"",\""storebrand-hund-veterin-r-og-d-dsfall\"",\""2025-02-01\""]""]","[""Hund""]","[""storebrand""]","[""ordinary""]",[],CANONICAL_MODEL_REVIEW,SMALL_CODE,HIGH,CANONICAL_REVIEW_FIRST,MUST_BEFORE_NITO,LIKELY_SHARED_WITH_CUSTOMER_MODE,NOT_PROVEN_REQUIRED,Catalog knowledge improvement is shared where enrichment is eligible; no real customer PDF or extraction conclusion is claimed.,"[""lib/boat-pet-catalog.ts""]","[""lib/boat-pet-registry.ts""]",tests/remediation-b-162.test.mjs (future; consolidate with relevant existing suite if clearer),"[""CR-148"", ""CR-152"", ""CR-155"", ""CR-166"", ""CR-167"", ""CR-168"", ""CR-173"", ""CR-174"", ""CR-177"", ""CR-179"", ""CR-214"", ""CR-217"", ""CR-218"", ""CR-219"", ""CR-220""]",[],"[""CR-148"", ""CR-152"", ""CR-155"", ""CR-166"", ""CR-167"", ""CR-168"", ""CR-173"", ""CR-174"", ""CR-177"", ""CR-179"", ""CR-214"", ""CR-217"", ""CR-218"", ""CR-219"", ""CR-220""]","[""Own-source exact subject/value/unit/period/conditions with page/hash"", ""Exact base, inherited, optional and unavailable product-level combinations"", ""Same-product and both comparison directions; provider-specific facts stay asymmetric where appropriate"", ""Document X versus catalog Y: X wins; silent optional remains unknown; explicit not_selected remains not_selected"", ""Cross-provider/type/scope/version negatives; no customer object/pricing changes"", ""Gyldighet / ID-merking (GAP-0136); Veterinær / geografisk omfang (GAP-0137); Veterinær / behandlingssted (GAP-0138); Fødsel / keisersnitt (GAP-0143); Fødsel / raseunntak keisersnitt (GAP-0144); Valpekull / sum og omfang (GAP-0149); Avliving / vilkår og alder (GAP-0150); Veterinær / komplikasjoner (GAP-0153); Veterinær / kastrering/sterilisering (GAP-0154); Arvelige/medfødte lidelser / unntak og kvalifikasjon (GAP-0156); HD/AD / egen kvalifikasjon (GAP-0157); Andre leddlidelser / egen kvalifikasjon (GAP-0158); Dødsfall / geografisk omfang (GAP-0193); Dødsfall / egenandel (GAP-0194); Dødsfall / sykdomsunntak og kvalifikasjoner (GAP-0199)""]","[""Compare before/after exact scoped products against independent source-fact inventory"", ""Reverse-check changed claims for support and wrong-level leakage"", ""Re-run linked false-unknown controls with own-source oracle; inspect sources and details"", ""Record closed/reopened signature IDs; targeted family bulk comparison; held-out positive controls"", ""Full existing suite, TypeScript, ESLint, webpack production build, synthetic HTTP/PDF runtime, git diff --check after future implementation""]",GPT-6 ASTRA EXTRA HIGH,Ta beslutning per oppført konsept/dimensjon i canonical-review-queue. Prøv eksisterende eksakt nøkkel eller tydelig provider-detalj først. Ny nøkkel bare etter dokumentert tap/falsk ekvivalens ved gjenbruk. Deretter implementeres bare godkjent scoped forfatteroperasjon. Ingen generell schema-ombygging er bevist nødvendig.,"[""document > catalog"", ""optional availability != customer selected"", ""unknown != not covered"", ""provider/type/scope/version isolation"", ""product level and add-on boundaries"", ""side-swap symmetry without invented equivalents"", ""age start/reduction/expiry and object age kept distinct"", ""annual/accumulated/coverage mileage kept distinct"", ""per event/year/lifetime/selected sum kept distinct"", ""source page/hash and fact-specific provenance"", ""same object identity and pricing/TFA are not catalog eligibility""]",Source/scope gate satisfied for listed dimensions only; separate user authorization and regression still required.,"Frozen corpus 2026-09-29, not live current-source verification",Known catalog availability never selects a customer add-on,PLANNED_NOT_IMPLEMENTED,"[""B-003"", ""B-008"", ""B-009"", ""B-010"", ""B-018"", ""B-022"", ""B-036"", ""B-038"", ""B-041"", ""B-048"", ""B-050"", ""B-053"", ""B-060"", ""B-062"", ""B-065"", ""B-070"", ""B-071"", ""B-072"", ""B-075"", ""B-077"", ""B-080"", ""B-087"", ""B-089"", ""B-091"", ""B-109"", ""B-110"", ""B-113"", ""B-116"", ""B-124"", ""B-125"", ""B-128"", ""B-129"", ""B-132"", ""B-133"", ""B-141"", ""B-143"", ""B-144"", ""B-147"", ""B-148"", ""B-152"", ""B-153"", ""B-154"", ""B-155"", ""B-156"", ""B-157"", ""B-160"", ""B-166"", ""B-175"", ""B-177"", ""B-178"", ""B-181"", ""B-182"", ""B-187"", ""B-195"", ""B-196"", ""B-197"", ""B-199"", ""B-200""]",NOT_SAFE_FOR_PARALLEL_EXECUTION,One named file owner; source research may be parallel read-only. Disjoint files only after all dependencies pass. No agents launched in this triage.
B-163,4,storebrand · Hus · ordinary: Avklar semantisk plassering før P1-dimensjoner materialiseres,"[""storebrand"", ""Hus"", ""ordinary"", ""MODEL""]","[""RC-054""]","[""SCRC-014""]","[""RB-12""]","[""6e8155400003fd24"", ""7f0517cf0c6dc557"", ""cf375991085cd82d""]",[],3,5,3,5,0,"[""[\""storebrand\"",\""bolig\"",\""ordinary\"",\""storebrand-hus-standard\"",\""2025-08-15\""]"", ""[\""storebrand\"",\""bolig\"",\""ordinary\"",\""storebrand-hus-super\"",\""2025-08-15\""]""]","[""Hus""]","[""storebrand""]","[""ordinary""]","[""storebrand-hus-utleie""]",CANONICAL_MODEL_REVIEW,SMALL_CODE,HIGH,CANONICAL_REVIEW_FIRST,MUST_BEFORE_NITO,LIKELY_SHARED_WITH_CUSTOMER_MODE,NOT_PROVEN_REQUIRED,Catalog knowledge improvement is shared where enrichment is eligible; no real customer PDF or extraction conclusion is claimed.,"[""lib/storebrand-hus-catalog.ts""]","[""lib/insurance-normalization.ts""]",tests/remediation-b-163.test.mjs (future; consolidate with relevant existing suite if clearer),"[""B-013"", ""CR-232"", ""CR-233"", ""CR-234""]","[""B-013""]","[""CR-232"", ""CR-233"", ""CR-234""]","[""Own-source exact subject/value/unit/period/conditions with page/hash"", ""Exact base, inherited, optional and unavailable product-level combinations"", ""Same-product and both comparison directions; provider-specific facts stay asymmetric where appropriate"", ""Document X versus catalog Y: X wins; silent optional remains unknown; explicit not_selected remains not_selected"", ""Cross-provider/type/scope/version negatives; no customer object/pricing changes"", ""Ubebodd / reduksjon (GAP-0981); Utleie / oppgjør (GAP-0989); Tegning / Superkrav (GAP-1039)""]","[""Compare before/after exact scoped products against independent source-fact inventory"", ""Reverse-check changed claims for support and wrong-level leakage"", ""Re-run linked false-unknown controls with own-source oracle; inspect sources and details"", ""Record closed/reopened signature IDs; targeted family bulk comparison; held-out positive controls"", ""Full existing suite, TypeScript, ESLint, webpack production build, synthetic HTTP/PDF runtime, git diff --check after future implementation""]",GPT-6 ASTRA EXTRA HIGH,Ta beslutning per oppført konsept/dimensjon i canonical-review-queue. Prøv eksisterende eksakt nøkkel eller tydelig provider-detalj først. Ny nøkkel bare etter dokumentert tap/falsk ekvivalens ved gjenbruk. Deretter implementeres bare godkjent scoped forfatteroperasjon. Ingen generell schema-ombygging er bevist nødvendig.,"[""document > catalog"", ""optional availability != customer selected"", ""unknown != not covered"", ""provider/type/scope/version isolation"", ""product level and add-on boundaries"", ""side-swap symmetry without invented equivalents"", ""age start/reduction/expiry and object age kept distinct"", ""annual/accumulated/coverage mileage kept distinct"", ""per event/year/lifetime/selected sum kept distinct"", ""source page/hash and fact-specific provenance"", ""same object identity and pricing/TFA are not catalog eligibility""]",Source/scope gate satisfied for listed dimensions only; separate user authorization and regression still required.,"Frozen corpus 2026-09-29, not live current-source verification",Known catalog availability never selects a customer add-on,PLANNED_NOT_IMPLEMENTED,"[""B-013"", ""B-015"", ""B-017"", ""B-019"", ""B-020"", ""B-021"", ""B-078"", ""B-102"", ""B-103"", ""B-105"", ""B-106"", ""B-107"", ""B-114"", ""B-115"", ""B-121"", ""B-122"", ""B-130"", ""B-131"", ""B-135"", ""B-139"", ""B-145"", ""B-146"", ""B-149"", ""B-158"", ""B-164"", ""B-165"", ""B-168"", ""B-173"", ""B-179"", ""B-180"", ""B-184""]",NOT_SAFE_FOR_PARALLEL_EXECUTION,One named file owner; source research may be parallel read-only. Disjoint files only after all dependencies pass. No agents launched in this triage.
B-164,4,storebrand · Innbo · ordinary: Avklar typegyldige nøkler og detaljkobling,"[""storebrand"", ""Innbo"", ""ordinary"", ""MAP-REGISTER""]","[""RC-055""]","[""SCRC-012""]","[""RB-11""]","[""4b4a2e10658d8f23"", ""82a07619cd2cac3f"", ""a477fc3d8a374e6c"", ""b660ade93c171552""]",[],4,8,4,8,0,"[""[\""storebrand\"",\""innbo\"",\""ordinary\"",\""sb-innbo-standard\"",\""innbo09\""]"", ""[\""storebrand\"",\""innbo\"",\""ordinary\"",\""sb-innbo-super\"",\""innbo09\""]""]","[""Innbo""]","[""storebrand""]","[""ordinary""]",[],CANONICAL_MAPPING,SMALL_CODE,HIGH,MAPPING_REVIEW_FIRST,MUST_BEFORE_NITO,LIKELY_SHARED_WITH_CUSTOMER_MODE,NOT_PROVEN_REQUIRED,Catalog knowledge improvement is shared where enrichment is eligible; no real customer PDF or extraction conclusion is claimed.,"[""lib/storebrand-innbo-catalog.ts""]","[""lib/insurance-normalization.ts""]",tests/remediation-b-164.test.mjs (future; consolidate with relevant existing suite if clearer),"[""B-005"", ""CR-244"", ""CR-250"", ""CR-266"", ""CR-279""]","[""B-005""]","[""CR-244"", ""CR-250"", ""CR-266"", ""CR-279""]","[""Own-source exact subject/value/unit/period/conditions with page/hash"", ""Exact base, inherited, optional and unavailable product-level combinations"", ""Same-product and both comparison directions; provider-specific facts stay asymmetric where appropriate"", ""Document X versus catalog Y: X wins; silent optional remains unknown; explicit not_selected remains not_selected"", ""Cross-provider/type/scope/version negatives; no customer object/pricing changes"", ""Vann / egenandelfritak (GAP-0857); Arbeidsplass / tyveri (GAP-0859); Ran/napping / sum/geografi (GAP-0862); Aldersfradrag / tabell (GAP-0877)""]","[""Compare before/after exact scoped products against independent source-fact inventory"", ""Reverse-check changed claims for support and wrong-level leakage"", ""Re-run linked false-unknown controls with own-source oracle; inspect sources and details"", ""Record closed/reopened signature IDs; targeted family bulk comparison; held-out positive controls"", ""Full existing suite, TypeScript, ESLint, webpack production build, synthetic HTTP/PDF runtime, git diff --check after future implementation""]",GPT-6 ASTRA EXTRA HIGH,"Kontroller eksisterende nøkkel, type-register og parent/detail-kobling per oppført dimensjon. Rebruk trygg identitet eller legg til eksplisitt typeavgrenset registrering. Ikke utled fra etikett/tall i UI, og ikke utvid ekstraksjon uten separat bevist behov.","[""document > catalog"", ""optional availability != customer selected"", ""unknown != not covered"", ""provider/type/scope/version isolation"", ""product level and add-on boundaries"", ""side-swap symmetry without invented equivalents"", ""age start/reduction/expiry and object age kept distinct"", ""annual/accumulated/coverage mileage kept distinct"", ""per event/year/lifetime/selected sum kept distinct"", ""source page/hash and fact-specific provenance"", ""same object identity and pricing/TFA are not catalog eligibility""]",Source/scope gate satisfied for listed dimensions only; separate user authorization and regression still required.,"Frozen corpus 2026-09-29, not live current-source verification",Known catalog availability never selects a customer add-on,PLANNED_NOT_IMPLEMENTED,"[""B-005"", ""B-015"", ""B-017"", ""B-019"", ""B-020"", ""B-021"", ""B-079"", ""B-102"", ""B-103"", ""B-105"", ""B-106"", ""B-107"", ""B-114"", ""B-115"", ""B-121"", ""B-122"", ""B-130"", ""B-131"", ""B-135"", ""B-139"", ""B-145"", ""B-146"", ""B-149"", ""B-158"", ""B-163"", ""B-165"", ""B-168"", ""B-173"", ""B-179"", ""B-180"", ""B-184""]",NOT_SAFE_FOR_PARALLEL_EXECUTION,One named file owner; source research may be parallel read-only. Disjoint files only after all dependencies pass. No agents launched in this triage.
B-165,4,storebrand · Innbo · ordinary: Avklar semantisk plassering før P1-dimensjoner materialiseres,"[""storebrand"", ""Innbo"", ""ordinary"", ""MODEL""]","[""RC-055""]","[""SCRC-012""]","[""RB-11""]","[""027e2af27e30f3fb"", ""2f44d4ff42911e14"", ""4603ba45dab9249c"", ""7e1f3646f605d598"", ""804e6cba183e96bd"", ""8fdf8a0e31b4695d"", ""ab694b3ad6e322bb"", ""ad6249e1c6e14929"", ""c1f56c740034203c"", ""d158a73e5d35f312"", ""d5715811de0f14f0"", ""f162e214b0365d73"", ""f868ff09701744a5""]",[],13,26,13,26,0,"[""[\""storebrand\"",\""innbo\"",\""ordinary\"",\""sb-innbo-standard\"",\""innbo09\""]"", ""[\""storebrand\"",\""innbo\"",\""ordinary\"",\""sb-innbo-super\"",\""innbo09\""]""]","[""Innbo""]","[""storebrand""]","[""ordinary""]",[],CANONICAL_MODEL_REVIEW,SMALL_CODE,HIGH,CANONICAL_REVIEW_FIRST,MUST_BEFORE_NITO,LIKELY_SHARED_WITH_CUSTOMER_MODE,NOT_PROVEN_REQUIRED,Catalog knowledge improvement is shared where enrichment is eligible; no real customer PDF or extraction conclusion is claimed.,"[""lib/storebrand-innbo-catalog.ts""]","[""lib/insurance-normalization.ts""]",tests/remediation-b-165.test.mjs (future; consolidate with relevant existing suite if clearer),"[""B-005"", ""CR-246"", ""CR-248"", ""CR-249"", ""CR-251"", ""CR-252"", ""CR-255"", ""CR-256"", ""CR-267"", ""CR-268"", ""CR-270"", ""CR-273"", ""CR-277"", ""CR-278""]","[""B-005""]","[""CR-246"", ""CR-248"", ""CR-249"", ""CR-251"", ""CR-252"", ""CR-255"", ""CR-256"", ""CR-267"", ""CR-268"", ""CR-270"", ""CR-273"", ""CR-277"", ""CR-278""]","[""Own-source exact subject/value/unit/period/conditions with page/hash"", ""Exact base, inherited, optional and unavailable product-level combinations"", ""Same-product and both comparison directions; provider-specific facts stay asymmetric where appropriate"", ""Document X versus catalog Y: X wins; silent optional remains unknown; explicit not_selected remains not_selected"", ""Cross-provider/type/scope/version negatives; no customer object/pricing changes"", ""Sikrede / husstand (GAP-0842); Andres ting / sum/rolle (GAP-0843); Små elektriske kjøretøy / løsøre/ansvar (GAP-0851); Generelle gjenstandsunntak / omfang (GAP-0852); Bygningsfølgeskade / omfang (GAP-0865); Trygghetsgaranti / nyanskaffelser (GAP-0875); Aldersfradrag / verdi/brukt (GAP-0878); Utleie / forhåndsavtale (GAP-0879); Fraflyttet / reduksjon (GAP-0880); Droneansvar / unntak (GAP-0882); Ansvar / unntak (GAP-0883); Rettshjelp / boligskifte (GAP-0886); Rettshjelp / unntak (GAP-0887)""]","[""Compare before/after exact scoped products against independent source-fact inventory"", ""Reverse-check changed claims for support and wrong-level leakage"", ""Re-run linked false-unknown controls with own-source oracle; inspect sources and details"", ""Record closed/reopened signature IDs; targeted family bulk comparison; held-out positive controls"", ""Full existing suite, TypeScript, ESLint, webpack production build, synthetic HTTP/PDF runtime, git diff --check after future implementation""]",GPT-6 ASTRA EXTRA HIGH,Ta beslutning per oppført konsept/dimensjon i canonical-review-queue. Prøv eksisterende eksakt nøkkel eller tydelig provider-detalj først. Ny nøkkel bare etter dokumentert tap/falsk ekvivalens ved gjenbruk. Deretter implementeres bare godkjent scoped forfatteroperasjon. Ingen generell schema-ombygging er bevist nødvendig.,"[""document > catalog"", ""optional availability != customer selected"", ""unknown != not covered"", ""provider/type/scope/version isolation"", ""product level and add-on boundaries"", ""side-swap symmetry without invented equivalents"", ""age start/reduction/expiry and object age kept distinct"", ""annual/accumulated/coverage mileage kept distinct"", ""per event/year/lifetime/selected sum kept distinct"", ""source page/hash and fact-specific provenance"", ""same object identity and pricing/TFA are not catalog eligibility""]",Source/scope gate satisfied for listed dimensions only; separate user authorization and regression still required.,"Frozen corpus 2026-09-29, not live current-source verification",Known catalog availability never selects a customer add-on,PLANNED_NOT_IMPLEMENTED,"[""B-005"", ""B-015"", ""B-017"", ""B-019"", ""B-020"", ""B-021"", ""B-079"", ""B-102"", ""B-103"", ""B-105"", ""B-106"", ""B-107"", ""B-114"", ""B-115"", ""B-121"", ""B-122"", ""B-130"", ""B-131"", ""B-135"", ""B-139"", ""B-145"", ""B-146"", ""B-149"", ""B-158"", ""B-163"", ""B-164"", ""B-168"", ""B-173"", ""B-179"", ""B-180"", ""B-184""]",NOT_SAFE_FOR_PARALLEL_EXECUTION,One named file owner; source research may be parallel read-only. Disjoint files only after all dependencies pass. No agents launched in this triage.
B-166,4,storebrand · Katt · ordinary: Avklar semantisk plassering før P1-dimensjoner materialiseres,"[""storebrand"", ""Katt"", ""ordinary"", ""MODEL""]","[""RC-056""]","[""SCRC-007""]","[""RB-06""]","[""009cf2b0eae1c17e"", ""11db2a1bdd2d222d"", ""172933c7d1cbaae3"", ""1a34da12d6989116"", ""31f1cee72794bd71"", ""470eafe6f26c873f"", ""481014c7be79f78a"", ""5f3a68f08c047e39"", ""74a6c0ebc772f6b4"", ""76ee8a9f6bb55f61"", ""b913e998e7d774af"", ""c833019be9381abb"", ""e85c6f0611ed4b6e"", ""ead3e50d4b197a02""]",[],14,29,14,29,0,"[""[\""storebrand\"",\""katt\"",\""ordinary\"",\""storebrand-katt-d-dsfall\"",\""2025-02-01\""]"", ""[\""storebrand\"",\""katt\"",\""ordinary\"",\""storebrand-katt-veterin-r\"",\""2025-02-01\""]"", ""[\""storebrand\"",\""katt\"",\""ordinary\"",\""storebrand-katt-veterin-r-og-d-dsfall\"",\""2025-02-01\""]""]","[""Katt""]","[""storebrand""]","[""ordinary""]",[],CANONICAL_MODEL_REVIEW,SMALL_CODE,HIGH,CANONICAL_REVIEW_FIRST,MUST_BEFORE_NITO,LIKELY_SHARED_WITH_CUSTOMER_MODE,NOT_PROVEN_REQUIRED,Catalog knowledge improvement is shared where enrichment is eligible; no real customer PDF or extraction conclusion is claimed.,"[""lib/boat-pet-catalog.ts""]","[""lib/boat-pet-registry.ts""]",tests/remediation-b-166.test.mjs (future; consolidate with relevant existing suite if clearer),"[""CR-282"", ""CR-284"", ""CR-287"", ""CR-296"", ""CR-297"", ""CR-298"", ""CR-303"", ""CR-305"", ""CR-307"", ""CR-327"", ""CR-339"", ""CR-340"", ""CR-341"", ""CR-342""]",[],"[""CR-282"", ""CR-284"", ""CR-287"", ""CR-296"", ""CR-297"", ""CR-298"", ""CR-303"", ""CR-305"", ""CR-307"", ""CR-327"", ""CR-339"", ""CR-340"", ""CR-341"", ""CR-342""]","[""Own-source exact subject/value/unit/period/conditions with page/hash"", ""Exact base, inherited, optional and unavailable product-level combinations"", ""Same-product and both comparison directions; provider-specific facts stay asymmetric where appropriate"", ""Document X versus catalog Y: X wins; silent optional remains unknown; explicit not_selected remains not_selected"", ""Cross-provider/type/scope/version negatives; no customer object/pricing changes"", ""Gyldighet / ID-merking (GAP-0165); Veterinær / geografisk omfang (GAP-0166); Veterinær / behandlingssted (GAP-0167); Fødsel / keisersnitt (GAP-0172); Avliving / vilkår og alder (GAP-0177); Veterinær / komplikasjoner (GAP-0180); Veterinær / kastrering/sterilisering (GAP-0181); Arvelige/medfødte lidelser / unntak og kvalifikasjon (GAP-0183); HD/AD / egen kvalifikasjon (GAP-0184); Andre leddlidelser / egen kvalifikasjon (GAP-0185); Rasebegrensninger / katt gane/luftveier (GAP-0189); Dødsfall / geografisk omfang (GAP-0238); Dødsfall / egenandel (GAP-0239); Dødsfall / sykdomsunntak og kvalifikasjoner (GAP-0241)""]","[""Compare before/after exact scoped products against independent source-fact inventory"", ""Reverse-check changed claims for support and wrong-level leakage"", ""Re-run linked false-unknown controls with own-source oracle; inspect sources and details"", ""Record closed/reopened signature IDs; targeted family bulk comparison; held-out positive controls"", ""Full existing suite, TypeScript, ESLint, webpack production build, synthetic HTTP/PDF runtime, git diff --check after future implementation""]",GPT-6 ASTRA EXTRA HIGH,Ta beslutning per oppført konsept/dimensjon i canonical-review-queue. Prøv eksisterende eksakt nøkkel eller tydelig provider-detalj først. Ny nøkkel bare etter dokumentert tap/falsk ekvivalens ved gjenbruk. Deretter implementeres bare godkjent scoped forfatteroperasjon. Ingen generell schema-ombygging er bevist nødvendig.,"[""document > catalog"", ""optional availability != customer selected"", ""unknown != not covered"", ""provider/type/scope/version isolation"", ""product level and add-on boundaries"", ""side-swap symmetry without invented equivalents"", ""age start/reduction/expiry and object age kept distinct"", ""annual/accumulated/coverage mileage kept distinct"", ""per event/year/lifetime/selected sum kept distinct"", ""source page/hash and fact-specific provenance"", ""same object identity and pricing/TFA are not catalog eligibility""]",Source/scope gate satisfied for listed dimensions only; separate user authorization and regression still required.,"Frozen corpus 2026-09-29, not live current-source verification",Known catalog availability never selects a customer add-on,PLANNED_NOT_IMPLEMENTED,"[""B-003"", ""B-008"", ""B-009"", ""B-010"", ""B-018"", ""B-022"", ""B-036"", ""B-038"", ""B-041"", ""B-048"", ""B-050"", ""B-053"", ""B-060"", ""B-062"", ""B-065"", ""B-070"", ""B-071"", ""B-072"", ""B-075"", ""B-077"", ""B-080"", ""B-087"", ""B-089"", ""B-091"", ""B-109"", ""B-110"", ""B-113"", ""B-116"", ""B-124"", ""B-125"", ""B-128"", ""B-129"", ""B-132"", ""B-133"", ""B-141"", ""B-143"", ""B-144"", ""B-147"", ""B-148"", ""B-152"", ""B-153"", ""B-154"", ""B-155"", ""B-156"", ""B-157"", ""B-160"", ""B-162"", ""B-175"", ""B-177"", ""B-178"", ""B-181"", ""B-182"", ""B-187"", ""B-195"", ""B-196"", ""B-197"", ""B-199"", ""B-200""]",NOT_SAFE_FOR_PARALLEL_EXECUTION,One named file owner; source research may be parallel read-only. Disjoint files only after all dependencies pass. No agents launched in this triage.
B-167,4,storebrand · MC · ordinary: Avklar semantisk plassering før P1-dimensjoner materialiseres,"[""storebrand"", ""MC"", ""ordinary"", ""MODEL""]","[""RC-057""]","[""SCRC-011""]","[""RB-10""]","[""00706d75fbb0e813"", ""1f68c3c957ca4976"", ""25759fca52ef38e9"", ""9296e4fcc6c88b40"", ""a20669ca00f029ec"", ""a2809a77456b71cd"", ""a4f424993297e96b"", ""b0aae4bc4efd426f"", ""bbd609cc66eedec4""]",[],9,23,9,23,0,"[""[\""storebrand\"",\""mc\"",\""ordinary\"",\""storebrand-mc-ansvar\"",\""motor09\""]"", ""[\""storebrand\"",\""mc\"",\""ordinary\"",\""storebrand-mc-delkasko\"",\""motor09\""]"", ""[\""storebrand\"",\""mc\"",\""ordinary\"",\""storebrand-mc-kasko\"",\""motor09\""]""]","[""MC""]","[""storebrand""]","[""ordinary""]",[],CANONICAL_MODEL_REVIEW,SMALL_CODE,HIGH,CANONICAL_REVIEW_FIRST,MUST_BEFORE_NITO,LIKELY_SHARED_WITH_CUSTOMER_MODE,NOT_PROVEN_REQUIRED,Catalog knowledge improvement is shared where enrichment is eligible; no real customer PDF or extraction conclusion is claimed.,"[""lib/mc-bobil-gjensidige-storebrand-catalog.ts""]","[""lib/mc-bobil-registry.ts""]",tests/remediation-b-167.test.mjs (future; consolidate with relevant existing suite if clearer),"[""CR-344"", ""CR-347"", ""CR-349"", ""CR-351"", ""CR-356"", ""CR-361"", ""CR-364"", ""CR-365"", ""CR-366""]",[],"[""CR-344"", ""CR-347"", ""CR-349"", ""CR-351"", ""CR-356"", ""CR-361"", ""CR-364"", ""CR-365"", ""CR-366""]","[""Own-source exact subject/value/unit/period/conditions with page/hash"", ""Exact base, inherited, optional and unavailable product-level combinations"", ""Same-product and both comparison directions; provider-specific facts stay asymmetric where appropriate"", ""Document X versus catalog Y: X wins; silent optional remains unknown; explicit not_selected remains not_selected"", ""Cross-provider/type/scope/version negatives; no customer object/pricing changes"", ""Egenandel / ungfører (GAP-0543); Ulykke / unntak (GAP-0547); Rettshjelp / unntak (GAP-0551); Tegning / MC/scooter (GAP-0552); Egenandel / MCene-fører (GAP-0554); Aldersfradrag / utstyr/dekk (GAP-0562); Generelle unntak / bane/is/trim (GAP-0566); Bruk / utleie/næring (GAP-0567); Oppgjør / kosmetikkMC/Scooter (GAP-0570)""]","[""Compare before/after exact scoped products against independent source-fact inventory"", ""Reverse-check changed claims for support and wrong-level leakage"", ""Re-run linked false-unknown controls with own-source oracle; inspect sources and details"", ""Record closed/reopened signature IDs; targeted family bulk comparison; held-out positive controls"", ""Full existing suite, TypeScript, ESLint, webpack production build, synthetic HTTP/PDF runtime, git diff --check after future implementation""]",GPT-6 ASTRA EXTRA HIGH,Ta beslutning per oppført konsept/dimensjon i canonical-review-queue. Prøv eksisterende eksakt nøkkel eller tydelig provider-detalj først. Ny nøkkel bare etter dokumentert tap/falsk ekvivalens ved gjenbruk. Deretter implementeres bare godkjent scoped forfatteroperasjon. Ingen generell schema-ombygging er bevist nødvendig.,"[""document > catalog"", ""optional availability != customer selected"", ""unknown != not covered"", ""provider/type/scope/version isolation"", ""product level and add-on boundaries"", ""side-swap symmetry without invented equivalents"", ""age start/reduction/expiry and object age kept distinct"", ""annual/accumulated/coverage mileage kept distinct"", ""per event/year/lifetime/selected sum kept distinct"", ""source page/hash and fact-specific provenance"", ""same object identity and pricing/TFA are not catalog eligibility""]",Source/scope gate satisfied for listed dimensions only; separate user authorization and regression still required.,"Frozen corpus 2026-09-29, not live current-source verification",Known catalog availability never selects a customer add-on,PLANNED_NOT_IMPLEMENTED,"[""B-001"", ""B-012"", ""B-047"", ""B-054"", ""B-074"", ""B-081"", ""B-101"", ""B-104"", ""B-108"", ""B-117"", ""B-123"", ""B-134"", ""B-140"", ""B-159"", ""B-174"", ""B-183""]",NOT_SAFE_FOR_PARALLEL_EXECUTION,One named file owner; source research may be parallel read-only. Disjoint files only after all dependencies pass. No agents launched in this triage.
B-168,4,storebrand · Reise · ordinary: Avklar semantisk plassering før P1-dimensjoner materialiseres,"[""storebrand"", ""Reise"", ""ordinary"", ""MODEL""]","[""RC-058""]","[""SCRC-015""]","[""RB-13""]","[""052b5d9b1329f57e"", ""3732c8c4b7626112"", ""413747e5b28e8dc2"", ""42dc8f5c11cea1e7"", ""8fe65e91ce42dd25"", ""9aeca9feb44a1c6a"", ""9e826db1921fb507"", ""fc406b763fe467ad""]",[],8,15,8,15,0,"[""[\""storebrand\"",\""reise\"",\""ordinary\"",\""storebrand-reise-standard\"",\""2026-09-20-canonical\""]"", ""[\""storebrand\"",\""reise\"",\""ordinary\"",\""storebrand-reise-super\"",\""2026-09-20-canonical\""]""]","[""Reise""]","[""storebrand""]","[""ordinary""]",[],CANONICAL_MODEL_REVIEW,SMALL_CODE,HIGH,CANONICAL_REVIEW_FIRST,MUST_BEFORE_NITO,LIKELY_SHARED_WITH_CUSTOMER_MODE,NOT_PROVEN_REQUIRED,Catalog knowledge improvement is shared where enrichment is eligible; no real customer PDF or extraction conclusion is claimed.,"[""lib/storebrand-reise-catalog.ts""]","[""lib/insurance-normalization.ts""]",tests/remediation-b-168.test.mjs (future; consolidate with relevant existing suite if clearer),"[""B-019"", ""B-021"", ""CR-378"", ""CR-385"", ""CR-388"", ""CR-400"", ""CR-402"", ""CR-408"", ""CR-410"", ""CR-411""]","[""B-019"", ""B-021""]","[""CR-378"", ""CR-385"", ""CR-388"", ""CR-400"", ""CR-402"", ""CR-408"", ""CR-410"", ""CR-411""]","[""Own-source exact subject/value/unit/period/conditions with page/hash"", ""Exact base, inherited, optional and unavailable product-level combinations"", ""Same-product and both comparison directions; provider-specific facts stay asymmetric where appropriate"", ""Document X versus catalog Y: X wins; silent optional remains unknown; explicit not_selected remains not_selected"", ""Cross-provider/type/scope/version negatives; no customer object/pricing changes"", ""Generelleunntak / tap (GAP-1049); Reisesyke / reiseutsettelse (GAP-1068); Enestereiseledsager / sum (GAP-1073); Utflukt / sykdom (GAP-1075); Krisehjelp / timer/tid (GAP-1077); Ulykke / oppgjør (GAP-1084); Skadeinsekter / vilkår/unntak (GAP-1088); Utstyrsleie / sum/vilkår (GAP-1143)""]","[""Compare before/after exact scoped products against independent source-fact inventory"", ""Reverse-check changed claims for support and wrong-level leakage"", ""Re-run linked false-unknown controls with own-source oracle; inspect sources and details"", ""Record closed/reopened signature IDs; targeted family bulk comparison; held-out positive controls"", ""Full existing suite, TypeScript, ESLint, webpack production build, synthetic HTTP/PDF runtime, git diff --check after future implementation""]",GPT-6 ASTRA EXTRA HIGH,Ta beslutning per oppført konsept/dimensjon i canonical-review-queue. Prøv eksisterende eksakt nøkkel eller tydelig provider-detalj først. Ny nøkkel bare etter dokumentert tap/falsk ekvivalens ved gjenbruk. Deretter implementeres bare godkjent scoped forfatteroperasjon. Ingen generell schema-ombygging er bevist nødvendig.,"[""document > catalog"", ""optional availability != customer selected"", ""unknown != not covered"", ""provider/type/scope/version isolation"", ""product level and add-on boundaries"", ""side-swap symmetry without invented equivalents"", ""age start/reduction/expiry and object age kept distinct"", ""annual/accumulated/coverage mileage kept distinct"", ""per event/year/lifetime/selected sum kept distinct"", ""source page/hash and fact-specific provenance"", ""same object identity and pricing/TFA are not catalog eligibility""]",Source/scope gate satisfied for listed dimensions only; separate user authorization and regression still required.,"Frozen corpus 2026-09-29, not live current-source verification",Known catalog availability never selects a customer add-on,PLANNED_NOT_IMPLEMENTED,"[""B-015"", ""B-017"", ""B-019"", ""B-020"", ""B-021"", ""B-082"", ""B-102"", ""B-103"", ""B-105"", ""B-106"", ""B-107"", ""B-114"", ""B-115"", ""B-121"", ""B-122"", ""B-130"", ""B-131"", ""B-135"", ""B-139"", ""B-145"", ""B-146"", ""B-149"", ""B-158"", ""B-163"", ""B-164"", ""B-165"", ""B-173"", ""B-179"", ""B-180"", ""B-184""]",NOT_SAFE_FOR_PARALLEL_EXECUTION,One named file owner; source research may be parallel read-only. Disjoint files only after all dependencies pass. No agents launched in this triage.
B-169,4,storebrand · Snøscooter · ordinary: Avklar typegyldige nøkler og detaljkobling,"[""storebrand"", ""Snøscooter"", ""ordinary"", ""MAP-REGISTER""]","[""RC-059""]","[""SCRC-011""]","[""RB-10""]","[""2234493bc87c290e""]",[],1,2,1,2,0,"[""[\""storebrand\"",\""snøscooter\"",\""ordinary\"",\""storebrand-snoscooter-delkasko\"",\""2025-04-01\""]"", ""[\""storebrand\"",\""snøscooter\"",\""ordinary\"",\""storebrand-snoscooter-kasko\"",\""2025-04-01\""]""]","[""Snøscooter""]","[""storebrand""]","[""ordinary""]",[],CANONICAL_MAPPING,SMALL_CODE,HIGH,MAPPING_REVIEW_FIRST,MUST_BEFORE_NITO,LIKELY_SHARED_WITH_CUSTOMER_MODE,NOT_PROVEN_REQUIRED,Catalog knowledge improvement is shared where enrichment is eligible; no real customer PDF or extraction conclusion is claimed.,"[""lib/vehicle-object-catalog.ts""]","[""lib/vehicle-object-registry.ts""]",tests/remediation-b-169.test.mjs (future; consolidate with relevant existing suite if clearer),"[""CR-415""]",[],"[""CR-415""]","[""Own-source exact subject/value/unit/period/conditions with page/hash"", ""Exact base, inherited, optional and unavailable product-level combinations"", ""Same-product and both comparison directions; provider-specific facts stay asymmetric where appropriate"", ""Document X versus catalog Y: X wins; silent optional remains unknown; explicit not_selected remains not_selected"", ""Cross-provider/type/scope/version negatives; no customer object/pricing changes"", ""Bagasje / ordinær grense og hendelser (GAP-5697)""]","[""Compare before/after exact scoped products against independent source-fact inventory"", ""Reverse-check changed claims for support and wrong-level leakage"", ""Re-run linked false-unknown controls with own-source oracle; inspect sources and details"", ""Record closed/reopened signature IDs; targeted family bulk comparison; held-out positive controls"", ""Full existing suite, TypeScript, ESLint, webpack production build, synthetic HTTP/PDF runtime, git diff --check after future implementation""]",GPT-6 ASTRA EXTRA HIGH,"Kontroller eksisterende nøkkel, type-register og parent/detail-kobling per oppført dimensjon. Rebruk trygg identitet eller legg til eksplisitt typeavgrenset registrering. Ikke utled fra etikett/tall i UI, og ikke utvid ekstraksjon uten separat bevist behov.","[""document > catalog"", ""optional availability != customer selected"", ""unknown != not covered"", ""provider/type/scope/version isolation"", ""product level and add-on boundaries"", ""side-swap symmetry without invented equivalents"", ""age start/reduction/expiry and object age kept distinct"", ""annual/accumulated/coverage mileage kept distinct"", ""per event/year/lifetime/selected sum kept distinct"", ""source page/hash and fact-specific provenance"", ""same object identity and pricing/TFA are not catalog eligibility""]",Source/scope gate satisfied for listed dimensions only; separate user authorization and regression still required.,"Frozen corpus 2026-09-29, not live current-source verification",Known catalog availability never selects a customer add-on,PLANNED_NOT_IMPLEMENTED,"[""B-024"", ""B-025"", ""B-026"", ""B-027"", ""B-037"", ""B-044"", ""B-045"", ""B-049"", ""B-056"", ""B-057"", ""B-061"", ""B-068"", ""B-069"", ""B-076"", ""B-083"", ""B-084"", ""B-088"", ""B-094"", ""B-095"", ""B-096"", ""B-097"", ""B-098"", ""B-099"", ""B-100"", ""B-111"", ""B-112"", ""B-118"", ""B-119"", ""B-120"", ""B-126"", ""B-127"", ""B-136"", ""B-137"", ""B-138"", ""B-142"", ""B-150"", ""B-151"", ""B-161"", ""B-170"", ""B-171"", ""B-172"", ""B-176"", ""B-185"", ""B-186"", ""B-188"", ""B-189"", ""B-194"", ""B-204""]",NOT_SAFE_FOR_PARALLEL_EXECUTION,One named file owner; source research may be parallel read-only. Disjoint files only after all dependencies pass. No agents launched in this triage.
B-170,4,storebrand · Snøscooter · ordinary: Avklar semantisk plassering før P1-dimensjoner materialiseres,"[""storebrand"", ""Snøscooter"", ""ordinary"", ""MODEL""]","[""RC-059""]","[""SCRC-011""]","[""RB-10""]","[""350bd8164239f04c"", ""7788013778b54399"", ""78d7dd8cbfdb1817"", ""84b5ec6ecc6b51fa"", ""8c943007acc4275b"", ""b6d511df7239df2a"", ""cc94771b2f9c2e61"", ""ebaa6a742df9046f"", ""ec3ddd4cffef506f""]",[],9,22,9,22,0,"[""[\""storebrand\"",\""snøscooter\"",\""ordinary\"",\""storebrand-snoscooter-ansvar\"",\""2025-04-01\""]"", ""[\""storebrand\"",\""snøscooter\"",\""ordinary\"",\""storebrand-snoscooter-delkasko\"",\""2025-04-01\""]"", ""[\""storebrand\"",\""snøscooter\"",\""ordinary\"",\""storebrand-snoscooter-kasko\"",\""2025-04-01\""]""]","[""Snøscooter""]","[""storebrand""]","[""ordinary""]",[],CANONICAL_MODEL_REVIEW,SMALL_CODE,HIGH,CANONICAL_REVIEW_FIRST,MUST_BEFORE_NITO,LIKELY_SHARED_WITH_CUSTOMER_MODE,NOT_PROVEN_REQUIRED,Catalog knowledge improvement is shared where enrichment is eligible; no real customer PDF or extraction conclusion is claimed.,"[""lib/vehicle-object-catalog.ts""]","[""lib/vehicle-object-registry.ts""]",tests/remediation-b-170.test.mjs (future; consolidate with relevant existing suite if clearer),"[""CR-413"", ""CR-417"", ""CR-420"", ""CR-426"", ""CR-432"", ""CR-437"", ""CR-438"", ""CR-440"", ""CR-444""]",[],"[""CR-413"", ""CR-417"", ""CR-420"", ""CR-426"", ""CR-432"", ""CR-437"", ""CR-438"", ""CR-440"", ""CR-444""]","[""Own-source exact subject/value/unit/period/conditions with page/hash"", ""Exact base, inherited, optional and unavailable product-level combinations"", ""Same-product and both comparison directions; provider-specific facts stay asymmetric where appropriate"", ""Document X versus catalog Y: X wins; silent optional remains unknown; explicit not_selected remains not_selected"", ""Cross-provider/type/scope/version negatives; no customer object/pricing changes"", ""Egenandel / ungfører (GAP-0470); Ulykke / unntak (GAP-0474); Rettshjelp / unntak (GAP-0478); Tegning / MC/scooter (GAP-0479); Aldersfradrag / utstyr/dekk (GAP-0491); Transport / Snøscootersærregel (GAP-0492); Generelle unntak / bane/is/trim (GAP-0495); Bruk / utleie/næring (GAP-0496); Oppgjør / kosmetikkMC/Scooter (GAP-0499)""]","[""Compare before/after exact scoped products against independent source-fact inventory"", ""Reverse-check changed claims for support and wrong-level leakage"", ""Re-run linked false-unknown controls with own-source oracle; inspect sources and details"", ""Record closed/reopened signature IDs; targeted family bulk comparison; held-out positive controls"", ""Full existing suite, TypeScript, ESLint, webpack production build, synthetic HTTP/PDF runtime, git diff --check after future implementation""]",GPT-6 ASTRA EXTRA HIGH,Ta beslutning per oppført konsept/dimensjon i canonical-review-queue. Prøv eksisterende eksakt nøkkel eller tydelig provider-detalj først. Ny nøkkel bare etter dokumentert tap/falsk ekvivalens ved gjenbruk. Deretter implementeres bare godkjent scoped forfatteroperasjon. Ingen generell schema-ombygging er bevist nødvendig.,"[""document > catalog"", ""optional availability != customer selected"", ""unknown != not covered"", ""provider/type/scope/version isolation"", ""product level and add-on boundaries"", ""side-swap symmetry without invented equivalents"", ""age start/reduction/expiry and object age kept distinct"", ""annual/accumulated/coverage mileage kept distinct"", ""per event/year/lifetime/selected sum kept distinct"", ""source page/hash and fact-specific provenance"", ""same object identity and pricing/TFA are not catalog eligibility""]",Source/scope gate satisfied for listed dimensions only; separate user authorization and regression still required.,"Frozen corpus 2026-09-29, not live current-source verification",Known catalog availability never selects a customer add-on,PLANNED_NOT_IMPLEMENTED,"[""B-024"", ""B-025"", ""B-026"", ""B-027"", ""B-037"", ""B-044"", ""B-045"", ""B-049"", ""B-056"", ""B-057"", ""B-061"", ""B-068"", ""B-069"", ""B-076"", ""B-083"", ""B-084"", ""B-088"", ""B-094"", ""B-095"", ""B-096"", ""B-097"", ""B-098"", ""B-099"", ""B-100"", ""B-111"", ""B-112"", ""B-118"", ""B-119"", ""B-120"", ""B-126"", ""B-127"", ""B-136"", ""B-137"", ""B-138"", ""B-142"", ""B-150"", ""B-151"", ""B-161"", ""B-169"", ""B-171"", ""B-172"", ""B-176"", ""B-185"", ""B-186"", ""B-188"", ""B-189"", ""B-194"", ""B-204""]",NOT_SAFE_FOR_PARALLEL_EXECUTION,One named file owner; source research may be parallel read-only. Disjoint files only after all dependencies pass. No agents launched in this triage.
B-171,4,storebrand · Tilhenger · ordinary: Avklar typegyldige nøkler og detaljkobling,"[""storebrand"", ""Tilhenger"", ""ordinary"", ""MAP-REGISTER""]","[""RC-060""]","[""SCRC-011""]","[""RB-10""]","[""55d129921c2cc791""]",[],1,2,1,2,0,"[""[\""storebrand\"",\""tilhenger\"",\""ordinary\"",\""storebrand-tilhenger-brann-og-tyveri\"",\""2026-03-01\""]"", ""[\""storebrand\"",\""tilhenger\"",\""ordinary\"",\""storebrand-tilhenger-kasko\"",\""2026-03-01\""]""]","[""Tilhenger""]","[""storebrand""]","[""ordinary""]",[],CANONICAL_MAPPING,SMALL_CODE,HIGH,MAPPING_REVIEW_FIRST,MUST_BEFORE_NITO,LIKELY_SHARED_WITH_CUSTOMER_MODE,NOT_PROVEN_REQUIRED,Catalog knowledge improvement is shared where enrichment is eligible; no real customer PDF or extraction conclusion is claimed.,"[""lib/vehicle-object-catalog.ts""]","[""lib/vehicle-object-registry.ts""]",tests/remediation-b-171.test.mjs (future; consolidate with relevant existing suite if clearer),"[""CR-454""]",[],"[""CR-454""]","[""Own-source exact subject/value/unit/period/conditions with page/hash"", ""Exact base, inherited, optional and unavailable product-level combinations"", ""Same-product and both comparison directions; provider-specific facts stay asymmetric where appropriate"", ""Document X versus catalog Y: X wins; silent optional remains unknown; explicit not_selected remains not_selected"", ""Cross-provider/type/scope/version negatives; no customer object/pricing changes"", ""Frost/snø/utetthet / unntak (GAP-0814)""]","[""Compare before/after exact scoped products against independent source-fact inventory"", ""Reverse-check changed claims for support and wrong-level leakage"", ""Re-run linked false-unknown controls with own-source oracle; inspect sources and details"", ""Record closed/reopened signature IDs; targeted family bulk comparison; held-out positive controls"", ""Full existing suite, TypeScript, ESLint, webpack production build, synthetic HTTP/PDF runtime, git diff --check after future implementation""]",GPT-6 ASTRA EXTRA HIGH,"Kontroller eksisterende nøkkel, type-register og parent/detail-kobling per oppført dimensjon. Rebruk trygg identitet eller legg til eksplisitt typeavgrenset registrering. Ikke utled fra etikett/tall i UI, og ikke utvid ekstraksjon uten separat bevist behov.","[""document > catalog"", ""optional availability != customer selected"", ""unknown != not covered"", ""provider/type/scope/version isolation"", ""product level and add-on boundaries"", ""side-swap symmetry without invented equivalents"", ""age start/reduction/expiry and object age kept distinct"", ""annual/accumulated/coverage mileage kept distinct"", ""per event/year/lifetime/selected sum kept distinct"", ""source page/hash and fact-specific provenance"", ""same object identity and pricing/TFA are not catalog eligibility""]",Source/scope gate satisfied for listed dimensions only; separate user authorization and regression still required.,"Frozen corpus 2026-09-29, not live current-source verification",Known catalog availability never selects a customer add-on,PLANNED_NOT_IMPLEMENTED,"[""B-024"", ""B-025"", ""B-026"", ""B-027"", ""B-037"", ""B-044"", ""B-045"", ""B-049"", ""B-056"", ""B-057"", ""B-061"", ""B-068"", ""B-069"", ""B-076"", ""B-083"", ""B-084"", ""B-088"", ""B-094"", ""B-095"", ""B-096"", ""B-097"", ""B-098"", ""B-099"", ""B-100"", ""B-111"", ""B-112"", ""B-118"", ""B-119"", ""B-120"", ""B-126"", ""B-127"", ""B-136"", ""B-137"", ""B-138"", ""B-142"", ""B-150"", ""B-151"", ""B-161"", ""B-169"", ""B-170"", ""B-172"", ""B-176"", ""B-185"", ""B-186"", ""B-188"", ""B-189"", ""B-194"", ""B-204""]",NOT_SAFE_FOR_PARALLEL_EXECUTION,One named file owner; source research may be parallel read-only. Disjoint files only after all dependencies pass. No agents launched in this triage.
B-172,4,storebrand · Tilhenger · ordinary: Avklar semantisk plassering før P1-dimensjoner materialiseres,"[""storebrand"", ""Tilhenger"", ""ordinary"", ""MODEL""]","[""RC-060""]","[""SCRC-011""]","[""RB-10""]","[""15c26863ca493544"", ""22ee88a4e7ed7689"", ""233afe9255bcfd0d"", ""54200afe2f77c564"", ""54d8a0ae6817ac0b"", ""5fc629fe785cc4f9"", ""732525bd0b472f0f"", ""8a3789e3f1bf21f7"", ""ee2f485e605e1283""]",[],9,18,9,18,0,"[""[\""storebrand\"",\""tilhenger\"",\""ordinary\"",\""storebrand-tilhenger-brann-og-tyveri\"",\""2026-03-01\""]"", ""[\""storebrand\"",\""tilhenger\"",\""ordinary\"",\""storebrand-tilhenger-kasko\"",\""2026-03-01\""]""]","[""Tilhenger""]","[""storebrand""]","[""ordinary""]",[],CANONICAL_MODEL_REVIEW,SMALL_CODE,HIGH,CANONICAL_REVIEW_FIRST,MUST_BEFORE_NITO,LIKELY_SHARED_WITH_CUSTOMER_MODE,NOT_PROVEN_REQUIRED,Catalog knowledge improvement is shared where enrichment is eligible; no real customer PDF or extraction conclusion is claimed.,"[""lib/vehicle-object-catalog.ts""]","[""lib/vehicle-object-registry.ts""]",tests/remediation-b-172.test.mjs (future; consolidate with relevant existing suite if clearer),"[""CR-447"", ""CR-448"", ""CR-457"", ""CR-459"", ""CR-462"", ""CR-463"", ""CR-464"", ""CR-466"", ""CR-467""]",[],"[""CR-447"", ""CR-448"", ""CR-457"", ""CR-459"", ""CR-462"", ""CR-463"", ""CR-464"", ""CR-466"", ""CR-467""]","[""Own-source exact subject/value/unit/period/conditions with page/hash"", ""Exact base, inherited, optional and unavailable product-level combinations"", ""Same-product and both comparison directions; provider-specific facts stay asymmetric where appropriate"", ""Document X versus catalog Y: X wins; silent optional remains unknown; explicit not_selected remains not_selected"", ""Cross-provider/type/scope/version negatives; no customer object/pricing changes"", ""Tegning / forutsetning (GAP-0803); Ansvar / trekkvogn (GAP-0805); Utstyr / fastmontert (GAP-0806); Last / tilhenger (GAP-0807); Aldersfradrag / utstyr (GAP-0808); Utleie/næring / særavtale (GAP-0813); Oppgjør / kosmetikk/reparasjon (GAP-0817); Rettshjelp / egenandel (GAP-0820); Rettshjelp / unntak (GAP-0821)""]","[""Compare before/after exact scoped products against independent source-fact inventory"", ""Reverse-check changed claims for support and wrong-level leakage"", ""Re-run linked false-unknown controls with own-source oracle; inspect sources and details"", ""Record closed/reopened signature IDs; targeted family bulk comparison; held-out positive controls"", ""Full existing suite, TypeScript, ESLint, webpack production build, synthetic HTTP/PDF runtime, git diff --check after future implementation""]",GPT-6 ASTRA EXTRA HIGH,Ta beslutning per oppført konsept/dimensjon i canonical-review-queue. Prøv eksisterende eksakt nøkkel eller tydelig provider-detalj først. Ny nøkkel bare etter dokumentert tap/falsk ekvivalens ved gjenbruk. Deretter implementeres bare godkjent scoped forfatteroperasjon. Ingen generell schema-ombygging er bevist nødvendig.,"[""document > catalog"", ""optional availability != customer selected"", ""unknown != not covered"", ""provider/type/scope/version isolation"", ""product level and add-on boundaries"", ""side-swap symmetry without invented equivalents"", ""age start/reduction/expiry and object age kept distinct"", ""annual/accumulated/coverage mileage kept distinct"", ""per event/year/lifetime/selected sum kept distinct"", ""source page/hash and fact-specific provenance"", ""same object identity and pricing/TFA are not catalog eligibility""]",Source/scope gate satisfied for listed dimensions only; separate user authorization and regression still required.,"Frozen corpus 2026-09-29, not live current-source verification",Known catalog availability never selects a customer add-on,PLANNED_NOT_IMPLEMENTED,"[""B-024"", ""B-025"", ""B-026"", ""B-027"", ""B-037"", ""B-044"", ""B-045"", ""B-049"", ""B-056"", ""B-057"", ""B-061"", ""B-068"", ""B-069"", ""B-076"", ""B-083"", ""B-084"", ""B-088"", ""B-094"", ""B-095"", ""B-096"", ""B-097"", ""B-098"", ""B-099"", ""B-100"", ""B-111"", ""B-112"", ""B-118"", ""B-119"", ""B-120"", ""B-126"", ""B-127"", ""B-136"", ""B-137"", ""B-138"", ""B-142"", ""B-150"", ""B-151"", ""B-161"", ""B-169"", ""B-170"", ""B-171"", ""B-176"", ""B-185"", ""B-186"", ""B-188"", ""B-189"", ""B-194"", ""B-204""]",NOT_SAFE_FOR_PARALLEL_EXECUTION,One named file owner; source research may be parallel read-only. Disjoint files only after all dependencies pass. No agents launched in this triage.
B-173,4,tryg · Bil · ordinary: Avklar typegyldige nøkler og detaljkobling,"[""tryg"", ""Bil"", ""ordinary"", ""MAP-REGISTER""]","[""RC-061""]","[""SCRC-043""]","[""RB-39""]","[""46535d2d8718fe06"", ""b1bf7e338671afb3""]",[],2,4,2,4,0,"[""[\""tryg\"",\""bil\"",\""ordinary\"",\""bil-ansvar\"",\""PAU25003\""]"", ""[\""tryg\"",\""bil\"",\""ordinary\"",\""bil-delkasko\"",\""PAU25835\""]"", ""[\""tryg\"",\""bil\"",\""ordinary\"",\""bil-kasko\"",\""PAU25205\""]""]","[""Bil""]","[""tryg""]","[""ordinary""]",[],CANONICAL_MAPPING,SMALL_CODE,HIGH,MAPPING_REVIEW_FIRST,MUST_BEFORE_NITO,LIKELY_SHARED_WITH_CUSTOMER_MODE,NOT_PROVEN_REQUIRED,Catalog knowledge improvement is shared where enrichment is eligible; no real customer PDF or extraction conclusion is claimed.,"[""lib/tryg-catalog.ts""]","[""lib/insurance-normalization.ts""]",tests/remediation-b-173.test.mjs (future; consolidate with relevant existing suite if clearer),"[""CR-011"", ""CR-026""]",[],"[""CR-011"", ""CR-026""]","[""Own-source exact subject/value/unit/period/conditions with page/hash"", ""Exact base, inherited, optional and unavailable product-level combinations"", ""Same-product and both comparison directions; provider-specific facts stay asymmetric where appropriate"", ""Document X versus catalog Y: X wins; silent optional remains unknown; explicit not_selected remains not_selected"", ""Cross-provider/type/scope/version negatives; no customer object/pricing changes"", ""Rettshjelp / sum (GAP-3906); Elektronikk / aldersfradrag (GAP-3923)""]","[""Compare before/after exact scoped products against independent source-fact inventory"", ""Reverse-check changed claims for support and wrong-level leakage"", ""Re-run linked false-unknown controls with own-source oracle; inspect sources and details"", ""Record closed/reopened signature IDs; targeted family bulk comparison; held-out positive controls"", ""Full existing suite, TypeScript, ESLint, webpack production build, synthetic HTTP/PDF runtime, git diff --check after future implementation""]",GPT-6 ASTRA EXTRA HIGH,"Kontroller eksisterende nøkkel, type-register og parent/detail-kobling per oppført dimensjon. Rebruk trygg identitet eller legg til eksplisitt typeavgrenset registrering. Ikke utled fra etikett/tall i UI, og ikke utvid ekstraksjon uten separat bevist behov.","[""document > catalog"", ""optional availability != customer selected"", ""unknown != not covered"", ""provider/type/scope/version isolation"", ""product level and add-on boundaries"", ""side-swap symmetry without invented equivalents"", ""age start/reduction/expiry and object age kept distinct"", ""annual/accumulated/coverage mileage kept distinct"", ""per event/year/lifetime/selected sum kept distinct"", ""source page/hash and fact-specific provenance"", ""same object identity and pricing/TFA are not catalog eligibility""]",Source/scope gate satisfied for listed dimensions only; separate user authorization and regression still required.,"Frozen corpus 2026-09-29, not live current-source verification",Known catalog availability never selects a customer add-on,PLANNED_NOT_IMPLEMENTED,"[""B-015"", ""B-017"", ""B-019"", ""B-020"", ""B-021"", ""B-085"", ""B-102"", ""B-103"", ""B-105"", ""B-106"", ""B-107"", ""B-114"", ""B-115"", ""B-121"", ""B-122"", ""B-130"", ""B-131"", ""B-135"", ""B-139"", ""B-145"", ""B-146"", ""B-149"", ""B-158"", ""B-163"", ""B-164"", ""B-165"", ""B-168"", ""B-179"", ""B-180"", ""B-184""]",NOT_SAFE_FOR_PARALLEL_EXECUTION,One named file owner; source research may be parallel read-only. Disjoint files only after all dependencies pass. No agents launched in this triage.
B-174,4,tryg · Bobil · ordinary: Avklar typegyldige nøkler og detaljkobling,"[""tryg"", ""Bobil"", ""ordinary"", ""MAP-REGISTER""]","[""RC-062""]","[""SCRC-044""]","[""RB-40""]","[""961ecb8641a9e479""]",[],1,1,1,1,0,"[""[\""tryg\"",\""bobil\"",\""ordinary\"",\""tryg-bobil-delkasko\"",\""2026-01-01\""]""]","[""Bobil""]","[""tryg""]","[""ordinary""]",[],CANONICAL_MAPPING,SMALL_CODE,HIGH,MAPPING_REVIEW_FIRST,MUST_BEFORE_NITO,LIKELY_SHARED_WITH_CUSTOMER_MODE,NOT_PROVEN_REQUIRED,Catalog knowledge improvement is shared where enrichment is eligible; no real customer PDF or extraction conclusion is claimed.,"[""lib/mc-bobil-tryg-if-catalog.ts""]","[""lib/mc-bobil-registry.ts""]",tests/remediation-b-174.test.mjs (future; consolidate with relevant existing suite if clearer),"[""CR-042""]",[],"[""CR-042""]","[""Own-source exact subject/value/unit/period/conditions with page/hash"", ""Exact base, inherited, optional and unavailable product-level combinations"", ""Same-product and both comparison directions; provider-specific facts stay asymmetric where appropriate"", ""Document X versus catalog Y: X wins; silent optional remains unknown; explicit not_selected remains not_selected"", ""Cross-provider/type/scope/version negatives; no customer object/pricing changes"", ""Elektronikk / aldersfradrag (GAP-4044)""]","[""Compare before/after exact scoped products against independent source-fact inventory"", ""Reverse-check changed claims for support and wrong-level leakage"", ""Re-run linked false-unknown controls with own-source oracle; inspect sources and details"", ""Record closed/reopened signature IDs; targeted family bulk comparison; held-out positive controls"", ""Full existing suite, TypeScript, ESLint, webpack production build, synthetic HTTP/PDF runtime, git diff --check after future implementation""]",GPT-6 ASTRA EXTRA HIGH,"Kontroller eksisterende nøkkel, type-register og parent/detail-kobling per oppført dimensjon. Rebruk trygg identitet eller legg til eksplisitt typeavgrenset registrering. Ikke utled fra etikett/tall i UI, og ikke utvid ekstraksjon uten separat bevist behov.","[""document > catalog"", ""optional availability != customer selected"", ""unknown != not covered"", ""provider/type/scope/version isolation"", ""product level and add-on boundaries"", ""side-swap symmetry without invented equivalents"", ""age start/reduction/expiry and object age kept distinct"", ""annual/accumulated/coverage mileage kept distinct"", ""per event/year/lifetime/selected sum kept distinct"", ""source page/hash and fact-specific provenance"", ""same object identity and pricing/TFA are not catalog eligibility""]",Source/scope gate satisfied for listed dimensions only; separate user authorization and regression still required.,"Frozen corpus 2026-09-29, not live current-source verification",Known catalog availability never selects a customer add-on,PLANNED_NOT_IMPLEMENTED,"[""B-059"", ""B-066"", ""B-086"", ""B-092"", ""B-101"", ""B-104"", ""B-108"", ""B-117"", ""B-123"", ""B-134"", ""B-140"", ""B-159"", ""B-167"", ""B-183"", ""B-198"", ""B-202""]",NOT_SAFE_FOR_PARALLEL_EXECUTION,One named file owner; source research may be parallel read-only. Disjoint files only after all dependencies pass. No agents launched in this triage.
B-175,4,tryg · Båt · ordinary: Avklar typegyldige nøkler og detaljkobling,"[""tryg"", ""Båt"", ""ordinary"", ""MAP-REGISTER""]","[""RC-063""]","[""SCRC-046""]","[""RB-42""]","[""0999e293f8cf58c5"", ""26c5eefa851e592c"", ""28402683a69ab576"", ""51b82cdac59f759e"", ""5a7ba36a70425997"", ""6e638e875a8d5cde"", ""a72d76ae5f2d9131""]",[],7,12,7,12,0,"[""[\""tryg\"",\""båt\"",\""ordinary\"",\""tryg-bat-ansvar\"",\""2024-07-01\""]"", ""[\""tryg\"",\""båt\"",\""ordinary\"",\""tryg-bat-bat-ekstra\"",\""2024-07-01\""]"", ""[\""tryg\"",\""båt\"",\""ordinary\"",\""tryg-bat-brann-ansvar\"",\""2024-07-01\""]"", ""[\""tryg\"",\""båt\"",\""ordinary\"",\""tryg-bat-brann-tyveri-ansvar\"",\""2024-07-01\""]"", ""[\""tryg\"",\""båt\"",\""ordinary\"",\""tryg-bat-kasko-ansvar\"",\""2024-07-01\""]""]","[""Båt""]","[""tryg""]","[""ordinary""]","[""tryg-bat-ulykke""]",CANONICAL_MAPPING,SMALL_CODE,HIGH,MAPPING_REVIEW_FIRST,MUST_BEFORE_NITO,LIKELY_SHARED_WITH_CUSTOMER_MODE,NOT_PROVEN_REQUIRED,Catalog knowledge improvement is shared where enrichment is eligible; no real customer PDF or extraction conclusion is claimed.,"[""lib/boat-pet-catalog.ts""]","[""lib/boat-pet-registry.ts""]",tests/remediation-b-175.test.mjs (future; consolidate with relevant existing suite if clearer),"[""CR-066"", ""CR-067"", ""CR-078"", ""CR-082"", ""CR-085"", ""CR-102"", ""CR-112""]",[],"[""CR-066"", ""CR-067"", ""CR-078"", ""CR-082"", ""CR-085"", ""CR-102"", ""CR-112""]","[""Own-source exact subject/value/unit/period/conditions with page/hash"", ""Exact base, inherited, optional and unavailable product-level combinations"", ""Same-product and both comparison directions; provider-specific facts stay asymmetric where appropriate"", ""Document X versus catalog Y: X wins; silent optional remains unknown; explicit not_selected remains not_selected"", ""Cross-provider/type/scope/version negatives; no customer object/pricing changes"", ""Ulykke / sum/grad (GAP-4259); Drev / nydelsoppgjør (GAP-4295); Løsøre / sum/vilkår (GAP-4318); Dieseldyr / sum/egenandel (GAP-4319); Opplagsmateriell / sum/egenandel (GAP-4320); Vannscooterplattform / sum/egenandel (GAP-4325); Nyverdi / alder/terskel/form (GAP-4326)""]","[""Compare before/after exact scoped products against independent source-fact inventory"", ""Reverse-check changed claims for support and wrong-level leakage"", ""Re-run linked false-unknown controls with own-source oracle; inspect sources and details"", ""Record closed/reopened signature IDs; targeted family bulk comparison; held-out positive controls"", ""Full existing suite, TypeScript, ESLint, webpack production build, synthetic HTTP/PDF runtime, git diff --check after future implementation""]",GPT-6 ASTRA EXTRA HIGH,"Kontroller eksisterende nøkkel, type-register og parent/detail-kobling per oppført dimensjon. Rebruk trygg identitet eller legg til eksplisitt typeavgrenset registrering. Ikke utled fra etikett/tall i UI, og ikke utvid ekstraksjon uten separat bevist behov.","[""document > catalog"", ""optional availability != customer selected"", ""unknown != not covered"", ""provider/type/scope/version isolation"", ""product level and add-on boundaries"", ""side-swap symmetry without invented equivalents"", ""age start/reduction/expiry and object age kept distinct"", ""annual/accumulated/coverage mileage kept distinct"", ""per event/year/lifetime/selected sum kept distinct"", ""source page/hash and fact-specific provenance"", ""same object identity and pricing/TFA are not catalog eligibility""]",Source/scope gate satisfied for listed dimensions only; separate user authorization and regression still required.,"Frozen corpus 2026-09-29, not live current-source verification",Known catalog availability never selects a customer add-on,PLANNED_NOT_IMPLEMENTED,"[""B-003"", ""B-008"", ""B-009"", ""B-010"", ""B-018"", ""B-022"", ""B-036"", ""B-038"", ""B-041"", ""B-048"", ""B-050"", ""B-053"", ""B-060"", ""B-062"", ""B-065"", ""B-070"", ""B-071"", ""B-072"", ""B-075"", ""B-077"", ""B-080"", ""B-087"", ""B-089"", ""B-091"", ""B-109"", ""B-110"", ""B-113"", ""B-116"", ""B-124"", ""B-125"", ""B-128"", ""B-129"", ""B-132"", ""B-133"", ""B-141"", ""B-143"", ""B-144"", ""B-147"", ""B-148"", ""B-152"", ""B-153"", ""B-154"", ""B-155"", ""B-156"", ""B-157"", ""B-160"", ""B-162"", ""B-166"", ""B-177"", ""B-178"", ""B-181"", ""B-182"", ""B-187"", ""B-195"", ""B-196"", ""B-197"", ""B-199"", ""B-200""]",NOT_SAFE_FOR_PARALLEL_EXECUTION,One named file owner; source research may be parallel read-only. Disjoint files only after all dependencies pass. No agents launched in this triage.
B-176,4,tryg · Campingvogn · ordinary: Avklar typegyldige nøkler og detaljkobling,"[""tryg"", ""Campingvogn"", ""ordinary"", ""MAP-REGISTER""]","[""RC-064""]","[""SCRC-045""]","[""RB-41""]","[""07243506421cec5e"", ""1276be5aab4fc540"", ""1a568053722532e7"", ""b0f313b3f14a15e6"", ""bba365603809837d""]",[],5,17,5,17,0,"[""[\""tryg\"",\""campingvogn\"",\""ordinary\"",\""tryg-campingvogn-brann\"",\""2026-01-01\""]"", ""[\""tryg\"",\""campingvogn\"",\""ordinary\"",\""tryg-campingvogn-brann-og-tyveri\"",\""2026-01-01\""]"", ""[\""tryg\"",\""campingvogn\"",\""ordinary\"",\""tryg-campingvogn-campingvogn-ekstra\"",\""2026-01-01\""]"", ""[\""tryg\"",\""campingvogn\"",\""ordinary\"",\""tryg-campingvogn-kasko\"",\""2026-01-01\""]""]","[""Campingvogn""]","[""tryg""]","[""ordinary""]",[],CANONICAL_MAPPING,SMALL_CODE,HIGH,MAPPING_REVIEW_FIRST,MUST_BEFORE_NITO,LIKELY_SHARED_WITH_CUSTOMER_MODE,NOT_PROVEN_REQUIRED,Catalog knowledge improvement is shared where enrichment is eligible; no real customer PDF or extraction conclusion is claimed.,"[""lib/vehicle-object-catalog.ts""]","[""lib/vehicle-object-registry.ts""]",tests/remediation-b-176.test.mjs (future; consolidate with relevant existing suite if clearer),"[""CR-121"", ""CR-123"", ""CR-129"", ""CR-138"", ""CR-147""]",[],"[""CR-121"", ""CR-123"", ""CR-129"", ""CR-138"", ""CR-147""]","[""Own-source exact subject/value/unit/period/conditions with page/hash"", ""Exact base, inherited, optional and unavailable product-level combinations"", ""Same-product and both comparison directions; provider-specific facts stay asymmetric where appropriate"", ""Document X versus catalog Y: X wins; silent optional remains unknown; explicit not_selected remains not_selected"", ""Cross-provider/type/scope/version negatives; no customer object/pricing changes"", ""Reparasjon / oppgjør (GAP-4141); Elektronikk / fradrag (GAP-4143); Fjerning / utoversum (GAP-4144); Underslag / avtaltutleie (GAP-4155); Vær / egenandel (GAP-4176)""]","[""Compare before/after exact scoped products against independent source-fact inventory"", ""Reverse-check changed claims for support and wrong-level leakage"", ""Re-run linked false-unknown controls with own-source oracle; inspect sources and details"", ""Record closed/reopened signature IDs; targeted family bulk comparison; held-out positive controls"", ""Full existing suite, TypeScript, ESLint, webpack production build, synthetic HTTP/PDF runtime, git diff --check after future implementation""]",GPT-6 ASTRA EXTRA HIGH,"Kontroller eksisterende nøkkel, type-register og parent/detail-kobling per oppført dimensjon. Rebruk trygg identitet eller legg til eksplisitt typeavgrenset registrering. Ikke utled fra etikett/tall i UI, og ikke utvid ekstraksjon uten separat bevist behov.","[""document > catalog"", ""optional availability != customer selected"", ""unknown != not covered"", ""provider/type/scope/version isolation"", ""product level and add-on boundaries"", ""side-swap symmetry without invented equivalents"", ""age start/reduction/expiry and object age kept distinct"", ""annual/accumulated/coverage mileage kept distinct"", ""per event/year/lifetime/selected sum kept distinct"", ""source page/hash and fact-specific provenance"", ""same object identity and pricing/TFA are not catalog eligibility""]",Source/scope gate satisfied for listed dimensions only; separate user authorization and regression still required.,"Frozen corpus 2026-09-29, not live current-source verification",Known catalog availability never selects a customer add-on,PLANNED_NOT_IMPLEMENTED,"[""B-024"", ""B-025"", ""B-026"", ""B-027"", ""B-037"", ""B-044"", ""B-045"", ""B-049"", ""B-056"", ""B-057"", ""B-061"", ""B-068"", ""B-069"", ""B-076"", ""B-083"", ""B-084"", ""B-088"", ""B-094"", ""B-095"", ""B-096"", ""B-097"", ""B-098"", ""B-099"", ""B-100"", ""B-111"", ""B-112"", ""B-118"", ""B-119"", ""B-120"", ""B-126"", ""B-127"", ""B-136"", ""B-137"", ""B-138"", ""B-142"", ""B-150"", ""B-151"", ""B-161"", ""B-169"", ""B-170"", ""B-171"", ""B-172"", ""B-185"", ""B-186"", ""B-188"", ""B-189"", ""B-194"", ""B-204""]",NOT_SAFE_FOR_PARALLEL_EXECUTION,One named file owner; source research may be parallel read-only. Disjoint files only after all dependencies pass. No agents launched in this triage.
B-177,4,tryg · Hund · ordinary: Avklar typegyldige nøkler og detaljkobling,"[""tryg"", ""Hund"", ""ordinary"", ""MAP-REGISTER""]","[""RC-065""]","[""SCRC-047""]","[""RB-43""]","[""020ccc5cb66f94f9"", ""226d1f921cc77a2b"", ""41f1e2535852f2cb"", ""61ffd4afdf5e94fd"", ""9e575faf278d6839"", ""b9620e9af567eb43"", ""c0310a861546f951""]",[],7,7,7,7,0,"[""[\""tryg\"",\""hund\"",\""ordinary\"",\""tryg-hund-behandling\"",\""2026-09-01\""]""]","[""Hund""]","[""tryg""]","[""ordinary""]","[""tryg-hund-dod"", ""tryg-hund-ekstra""]",CANONICAL_MAPPING,SMALL_CODE,HIGH,MAPPING_REVIEW_FIRST,MUST_BEFORE_NITO,LIKELY_SHARED_WITH_CUSTOMER_MODE,NOT_PROVEN_REQUIRED,Catalog knowledge improvement is shared where enrichment is eligible; no real customer PDF or extraction conclusion is claimed.,"[""lib/boat-pet-catalog.ts""]","[""lib/boat-pet-registry.ts""]",tests/remediation-b-177.test.mjs (future; consolidate with relevant existing suite if clearer),"[""CR-158"", ""CR-164"", ""CR-165"", ""CR-171"", ""CR-194"", ""CR-195"", ""CR-213""]",[],"[""CR-158"", ""CR-164"", ""CR-165"", ""CR-171"", ""CR-194"", ""CR-195"", ""CR-213""]","[""Own-source exact subject/value/unit/period/conditions with page/hash"", ""Exact base, inherited, optional and unavailable product-level combinations"", ""Same-product and both comparison directions; provider-specific facts stay asymmetric where appropriate"", ""Document X versus catalog Y: X wins; silent optional remains unknown; explicit not_selected remains not_selected"", ""Cross-provider/type/scope/version negatives; no customer object/pricing changes"", ""Avlivning / behandling (GAP-4340); Ledd/skjelett / kvalifikasjon (GAP-4343); Valp/kattunge / sum/periode (GAP-4351); Kremering / sum (GAP-4354); Bruksverdi / vilkår (GAP-4357); Bruksverdi / sum (GAP-4358); FirstVet / tilgang (GAP-4361)""]","[""Compare before/after exact scoped products against independent source-fact inventory"", ""Reverse-check changed claims for support and wrong-level leakage"", ""Re-run linked false-unknown controls with own-source oracle; inspect sources and details"", ""Record closed/reopened signature IDs; targeted family bulk comparison; held-out positive controls"", ""Full existing suite, TypeScript, ESLint, webpack production build, synthetic HTTP/PDF runtime, git diff --check after future implementation""]",GPT-6 ASTRA EXTRA HIGH,"Kontroller eksisterende nøkkel, type-register og parent/detail-kobling per oppført dimensjon. Rebruk trygg identitet eller legg til eksplisitt typeavgrenset registrering. Ikke utled fra etikett/tall i UI, og ikke utvid ekstraksjon uten separat bevist behov.","[""document > catalog"", ""optional availability != customer selected"", ""unknown != not covered"", ""provider/type/scope/version isolation"", ""product level and add-on boundaries"", ""side-swap symmetry without invented equivalents"", ""age start/reduction/expiry and object age kept distinct"", ""annual/accumulated/coverage mileage kept distinct"", ""per event/year/lifetime/selected sum kept distinct"", ""source page/hash and fact-specific provenance"", ""same object identity and pricing/TFA are not catalog eligibility""]",Source/scope gate satisfied for listed dimensions only; separate user authorization and regression still required.,"Frozen corpus 2026-09-29, not live current-source verification",Known catalog availability never selects a customer add-on,PLANNED_NOT_IMPLEMENTED,"[""B-003"", ""B-008"", ""B-009"", ""B-010"", ""B-018"", ""B-022"", ""B-036"", ""B-038"", ""B-041"", ""B-048"", ""B-050"", ""B-053"", ""B-060"", ""B-062"", ""B-065"", ""B-070"", ""B-071"", ""B-072"", ""B-075"", ""B-077"", ""B-080"", ""B-087"", ""B-089"", ""B-091"", ""B-109"", ""B-110"", ""B-113"", ""B-116"", ""B-124"", ""B-125"", ""B-128"", ""B-129"", ""B-132"", ""B-133"", ""B-141"", ""B-143"", ""B-144"", ""B-147"", ""B-148"", ""B-152"", ""B-153"", ""B-154"", ""B-155"", ""B-156"", ""B-157"", ""B-160"", ""B-162"", ""B-166"", ""B-175"", ""B-178"", ""B-181"", ""B-182"", ""B-187"", ""B-195"", ""B-196"", ""B-197"", ""B-199"", ""B-200""]",NOT_SAFE_FOR_PARALLEL_EXECUTION,One named file owner; source research may be parallel read-only. Disjoint files only after all dependencies pass. No agents launched in this triage.
B-178,4,tryg · Hund · ordinary: Avklar semantisk plassering før P1-dimensjoner materialiseres,"[""tryg"", ""Hund"", ""ordinary"", ""MODEL""]","[""RC-065""]","[""SCRC-001""]","[""RB-01""]","[""aca7572371daf740""]",[],1,1,1,1,0,"[""[\""tryg\"",\""hund\"",\""ordinary\"",\""tryg-hund-behandling\"",\""2026-09-01\""]""]","[""Hund""]","[""tryg""]","[""ordinary""]","[""tryg-hund-ekstra""]",CANONICAL_MODEL_REVIEW,SMALL_CODE,HIGH,CANONICAL_REVIEW_FIRST,MUST_BEFORE_NITO,LIKELY_SHARED_WITH_CUSTOMER_MODE,NOT_PROVEN_REQUIRED,Catalog knowledge improvement is shared where enrichment is eligible; no real customer PDF or extraction conclusion is claimed.,"[""lib/boat-pet-catalog.ts""]","[""lib/boat-pet-registry.ts""]",tests/remediation-b-178.test.mjs (future; consolidate with relevant existing suite if clearer),"[""CR-169""]",[],"[""CR-169""]","[""Own-source exact subject/value/unit/period/conditions with page/hash"", ""Exact base, inherited, optional and unavailable product-level combinations"", ""Same-product and both comparison directions; provider-specific facts stay asymmetric where appropriate"", ""Document X versus catalog Y: X wins; silent optional remains unknown; explicit not_selected remains not_selected"", ""Cross-provider/type/scope/version negatives; no customer object/pricing changes"", ""Ekstra / egenandel (GAP-0008)""]","[""Compare before/after exact scoped products against independent source-fact inventory"", ""Reverse-check changed claims for support and wrong-level leakage"", ""Re-run linked false-unknown controls with own-source oracle; inspect sources and details"", ""Record closed/reopened signature IDs; targeted family bulk comparison; held-out positive controls"", ""Full existing suite, TypeScript, ESLint, webpack production build, synthetic HTTP/PDF runtime, git diff --check after future implementation""]",GPT-6 ASTRA EXTRA HIGH,Ta beslutning per oppført konsept/dimensjon i canonical-review-queue. Prøv eksisterende eksakt nøkkel eller tydelig provider-detalj først. Ny nøkkel bare etter dokumentert tap/falsk ekvivalens ved gjenbruk. Deretter implementeres bare godkjent scoped forfatteroperasjon. Ingen generell schema-ombygging er bevist nødvendig.,"[""document > catalog"", ""optional availability != customer selected"", ""unknown != not covered"", ""provider/type/scope/version isolation"", ""product level and add-on boundaries"", ""side-swap symmetry without invented equivalents"", ""age start/reduction/expiry and object age kept distinct"", ""annual/accumulated/coverage mileage kept distinct"", ""per event/year/lifetime/selected sum kept distinct"", ""source page/hash and fact-specific provenance"", ""same object identity and pricing/TFA are not catalog eligibility""]",Source/scope gate satisfied for listed dimensions only; separate user authorization and regression still required.,"Frozen corpus 2026-09-29, not live current-source verification",Known catalog availability never selects a customer add-on,PLANNED_NOT_IMPLEMENTED,"[""B-003"", ""B-008"", ""B-009"", ""B-010"", ""B-018"", ""B-022"", ""B-036"", ""B-038"", ""B-041"", ""B-048"", ""B-050"", ""B-053"", ""B-060"", ""B-062"", ""B-065"", ""B-070"", ""B-071"", ""B-072"", ""B-075"", ""B-077"", ""B-080"", ""B-087"", ""B-089"", ""B-091"", ""B-109"", ""B-110"", ""B-113"", ""B-116"", ""B-124"", ""B-125"", ""B-128"", ""B-129"", ""B-132"", ""B-133"", ""B-141"", ""B-143"", ""B-144"", ""B-147"", ""B-148"", ""B-152"", ""B-153"", ""B-154"", ""B-155"", ""B-156"", ""B-157"", ""B-160"", ""B-162"", ""B-166"", ""B-175"", ""B-177"", ""B-181"", ""B-182"", ""B-187"", ""B-195"", ""B-196"", ""B-197"", ""B-199"", ""B-200""]",NOT_SAFE_FOR_PARALLEL_EXECUTION,One named file owner; source research may be parallel read-only. Disjoint files only after all dependencies pass. No agents launched in this triage.
B-179,4,tryg · Innbo · ordinary: Avklar typegyldige nøkler og detaljkobling,"[""tryg"", ""Innbo"", ""ordinary"", ""MAP-REGISTER""]","[""RC-066""]","[""SCRC-048""]","[""RB-44""]","[""5c5fa382c802bd26"", ""90715a1bb7aadf68"", ""9888574e7aee9552"", ""eab8ec6c4e8e79fe""]",[],4,6,4,6,0,"[""[\""tryg\"",\""innbo\"",\""ordinary\"",\""tryg-innbo\"",\""2026-07-01\""]"", ""[\""tryg\"",\""innbo\"",\""ordinary\"",\""tryg-innbo-ekstra\"",\""2026-07-01\""]""]","[""Innbo""]","[""tryg""]","[""ordinary""]",[],CANONICAL_MAPPING,SMALL_CODE,HIGH,MAPPING_REVIEW_FIRST,MUST_BEFORE_NITO,LIKELY_SHARED_WITH_CUSTOMER_MODE,NOT_PROVEN_REQUIRED,Catalog knowledge improvement is shared where enrichment is eligible; no real customer PDF or extraction conclusion is claimed.,"[""lib/tryg-innbo-catalog.ts""]","[""lib/insurance-normalization.ts""]",tests/remediation-b-179.test.mjs (future; consolidate with relevant existing suite if clearer),"[""B-011"", ""B-015"", ""CR-247"", ""CR-258"", ""CR-262"", ""CR-272""]","[""B-011"", ""B-015""]","[""CR-247"", ""CR-258"", ""CR-262"", ""CR-272""]","[""Own-source exact subject/value/unit/period/conditions with page/hash"", ""Exact base, inherited, optional and unavailable product-level combinations"", ""Same-product and both comparison directions; provider-specific facts stay asymmetric where appropriate"", ""Document X versus catalog Y: X wins; silent optional remains unknown; explicit not_selected remains not_selected"", ""Cross-provider/type/scope/version negatives; no customer object/pricing changes"", ""Små bygninger / area_sum (GAP-4391); Merutgifter / moving_storage (GAP-4394); Andre skader / specified_perils (GAP-4405); Glass/sanitær/integrerte hvitevarer / scope_trigger (GAP-4439)""]","[""Compare before/after exact scoped products against independent source-fact inventory"", ""Reverse-check changed claims for support and wrong-level leakage"", ""Re-run linked false-unknown controls with own-source oracle; inspect sources and details"", ""Record closed/reopened signature IDs; targeted family bulk comparison; held-out positive controls"", ""Full existing suite, TypeScript, ESLint, webpack production build, synthetic HTTP/PDF runtime, git diff --check after future implementation""]",GPT-6 ASTRA EXTRA HIGH,"Kontroller eksisterende nøkkel, type-register og parent/detail-kobling per oppført dimensjon. Rebruk trygg identitet eller legg til eksplisitt typeavgrenset registrering. Ikke utled fra etikett/tall i UI, og ikke utvid ekstraksjon uten separat bevist behov.","[""document > catalog"", ""optional availability != customer selected"", ""unknown != not covered"", ""provider/type/scope/version isolation"", ""product level and add-on boundaries"", ""side-swap symmetry without invented equivalents"", ""age start/reduction/expiry and object age kept distinct"", ""annual/accumulated/coverage mileage kept distinct"", ""per event/year/lifetime/selected sum kept distinct"", ""source page/hash and fact-specific provenance"", ""same object identity and pricing/TFA are not catalog eligibility""]",Source/scope gate satisfied for listed dimensions only; separate user authorization and regression still required.,"Frozen corpus 2026-09-29, not live current-source verification",Known catalog availability never selects a customer add-on,PLANNED_NOT_IMPLEMENTED,"[""B-011"", ""B-015"", ""B-017"", ""B-019"", ""B-020"", ""B-021"", ""B-090"", ""B-102"", ""B-103"", ""B-105"", ""B-106"", ""B-107"", ""B-114"", ""B-115"", ""B-121"", ""B-122"", ""B-130"", ""B-131"", ""B-135"", ""B-139"", ""B-145"", ""B-146"", ""B-149"", ""B-158"", ""B-163"", ""B-164"", ""B-165"", ""B-168"", ""B-173"", ""B-180"", ""B-184"", ""B-201""]",NOT_SAFE_FOR_PARALLEL_EXECUTION,One named file owner; source research may be parallel read-only. Disjoint files only after all dependencies pass. No agents launched in this triage.
B-180,4,tryg · Innbo · ordinary: Avklar semantisk plassering før P1-dimensjoner materialiseres,"[""tryg"", ""Innbo"", ""ordinary"", ""MODEL""]","[""RC-066""]","[""SCRC-005""]","[""RB-04""]","[""cbf800139dac07c5""]",[],1,2,1,2,0,"[""[\""tryg\"",\""innbo\"",\""ordinary\"",\""tryg-innbo\"",\""2026-07-01\""]"", ""[\""tryg\"",\""innbo\"",\""ordinary\"",\""tryg-innbo-ekstra\"",\""2026-07-01\""]""]","[""Innbo""]","[""tryg""]","[""ordinary""]",[],CANONICAL_MODEL_REVIEW,SMALL_CODE,HIGH,CANONICAL_REVIEW_FIRST,MUST_BEFORE_NITO,LIKELY_SHARED_WITH_CUSTOMER_MODE,NOT_PROVEN_REQUIRED,Catalog knowledge improvement is shared where enrichment is eligible; no real customer PDF or extraction conclusion is claimed.,"[""lib/tryg-innbo-catalog.ts""]","[""lib/insurance-normalization.ts""]",tests/remediation-b-180.test.mjs (future; consolidate with relevant existing suite if clearer),"[""B-011"", ""B-015"", ""CR-280""]","[""B-011"", ""B-015""]","[""CR-280""]","[""Own-source exact subject/value/unit/period/conditions with page/hash"", ""Exact base, inherited, optional and unavailable product-level combinations"", ""Same-product and both comparison directions; provider-specific facts stay asymmetric where appropriate"", ""Document X versus catalog Y: X wins; silent optional remains unknown; explicit not_selected remains not_selected"", ""Cross-provider/type/scope/version negatives; no customer object/pricing changes"", ""Vann / terreng-egenandel (GAP-0127)""]","[""Compare before/after exact scoped products against independent source-fact inventory"", ""Reverse-check changed claims for support and wrong-level leakage"", ""Re-run linked false-unknown controls with own-source oracle; inspect sources and details"", ""Record closed/reopened signature IDs; targeted family bulk comparison; held-out positive controls"", ""Full existing suite, TypeScript, ESLint, webpack production build, synthetic HTTP/PDF runtime, git diff --check after future implementation""]",GPT-6 ASTRA EXTRA HIGH,Ta beslutning per oppført konsept/dimensjon i canonical-review-queue. Prøv eksisterende eksakt nøkkel eller tydelig provider-detalj først. Ny nøkkel bare etter dokumentert tap/falsk ekvivalens ved gjenbruk. Deretter implementeres bare godkjent scoped forfatteroperasjon. Ingen generell schema-ombygging er bevist nødvendig.,"[""document > catalog"", ""optional availability != customer selected"", ""unknown != not covered"", ""provider/type/scope/version isolation"", ""product level and add-on boundaries"", ""side-swap symmetry without invented equivalents"", ""age start/reduction/expiry and object age kept distinct"", ""annual/accumulated/coverage mileage kept distinct"", ""per event/year/lifetime/selected sum kept distinct"", ""source page/hash and fact-specific provenance"", ""same object identity and pricing/TFA are not catalog eligibility""]",Source/scope gate satisfied for listed dimensions only; separate user authorization and regression still required.,"Frozen corpus 2026-09-29, not live current-source verification",Known catalog availability never selects a customer add-on,PLANNED_NOT_IMPLEMENTED,"[""B-011"", ""B-015"", ""B-017"", ""B-019"", ""B-020"", ""B-021"", ""B-090"", ""B-102"", ""B-103"", ""B-105"", ""B-106"", ""B-107"", ""B-114"", ""B-115"", ""B-121"", ""B-122"", ""B-130"", ""B-131"", ""B-135"", ""B-139"", ""B-145"", ""B-146"", ""B-149"", ""B-158"", ""B-163"", ""B-164"", ""B-165"", ""B-168"", ""B-173"", ""B-179"", ""B-184"", ""B-201""]",NOT_SAFE_FOR_PARALLEL_EXECUTION,One named file owner; source research may be parallel read-only. Disjoint files only after all dependencies pass. No agents launched in this triage.
B-181,4,tryg · Katt · ordinary: Avklar typegyldige nøkler og detaljkobling,"[""tryg"", ""Katt"", ""ordinary"", ""MAP-REGISTER""]","[""RC-067""]","[""SCRC-047""]","[""RB-43""]","[""27196ec4cb169686"", ""28c83b2ea2fcf679"", ""5098587cc1a2b81a"", ""57e492cd5d6961ba"", ""8613ad631660fd0d""]",[],5,5,5,5,0,"[""[\""tryg\"",\""katt\"",\""ordinary\"",\""tryg-katt-behandling\"",\""2026-09-01\""]""]","[""Katt""]","[""tryg""]","[""ordinary""]","[""tryg-katt-dod"", ""tryg-katt-ekstra""]",CANONICAL_MAPPING,SMALL_CODE,HIGH,MAPPING_REVIEW_FIRST,MUST_BEFORE_NITO,LIKELY_SHARED_WITH_CUSTOMER_MODE,NOT_PROVEN_REQUIRED,Catalog knowledge improvement is shared where enrichment is eligible; no real customer PDF or extraction conclusion is claimed.,"[""lib/boat-pet-catalog.ts""]","[""lib/boat-pet-registry.ts""]",tests/remediation-b-181.test.mjs (future; consolidate with relevant existing suite if clearer),"[""CR-290"", ""CR-301"", ""CR-319"", ""CR-320"", ""CR-336""]",[],"[""CR-290"", ""CR-301"", ""CR-319"", ""CR-320"", ""CR-336""]","[""Own-source exact subject/value/unit/period/conditions with page/hash"", ""Exact base, inherited, optional and unavailable product-level combinations"", ""Same-product and both comparison directions; provider-specific facts stay asymmetric where appropriate"", ""Document X versus catalog Y: X wins; silent optional remains unknown; explicit not_selected remains not_selected"", ""Cross-provider/type/scope/version negatives; no customer object/pricing changes"", ""Avlivning / behandling (GAP-4368); Ledd/skjelett / kvalifikasjon (GAP-4371); Valp/kattunge / sum/periode (GAP-4378); Kremering / sum (GAP-4381); FirstVet / tilgang (GAP-4386)""]","[""Compare before/after exact scoped products against independent source-fact inventory"", ""Reverse-check changed claims for support and wrong-level leakage"", ""Re-run linked false-unknown controls with own-source oracle; inspect sources and details"", ""Record closed/reopened signature IDs; targeted family bulk comparison; held-out positive controls"", ""Full existing suite, TypeScript, ESLint, webpack production build, synthetic HTTP/PDF runtime, git diff --check after future implementation""]",GPT-6 ASTRA EXTRA HIGH,"Kontroller eksisterende nøkkel, type-register og parent/detail-kobling per oppført dimensjon. Rebruk trygg identitet eller legg til eksplisitt typeavgrenset registrering. Ikke utled fra etikett/tall i UI, og ikke utvid ekstraksjon uten separat bevist behov.","[""document > catalog"", ""optional availability != customer selected"", ""unknown != not covered"", ""provider/type/scope/version isolation"", ""product level and add-on boundaries"", ""side-swap symmetry without invented equivalents"", ""age start/reduction/expiry and object age kept distinct"", ""annual/accumulated/coverage mileage kept distinct"", ""per event/year/lifetime/selected sum kept distinct"", ""source page/hash and fact-specific provenance"", ""same object identity and pricing/TFA are not catalog eligibility""]",Source/scope gate satisfied for listed dimensions only; separate user authorization and regression still required.,"Frozen corpus 2026-09-29, not live current-source verification",Known catalog availability never selects a customer add-on,PLANNED_NOT_IMPLEMENTED,"[""B-003"", ""B-008"", ""B-009"", ""B-010"", ""B-018"", ""B-022"", ""B-036"", ""B-038"", ""B-041"", ""B-048"", ""B-050"", ""B-053"", ""B-060"", ""B-062"", ""B-065"", ""B-070"", ""B-071"", ""B-072"", ""B-075"", ""B-077"", ""B-080"", ""B-087"", ""B-089"", ""B-091"", ""B-109"", ""B-110"", ""B-113"", ""B-116"", ""B-124"", ""B-125"", ""B-128"", ""B-129"", ""B-132"", ""B-133"", ""B-141"", ""B-143"", ""B-144"", ""B-147"", ""B-148"", ""B-152"", ""B-153"", ""B-154"", ""B-155"", ""B-156"", ""B-157"", ""B-160"", ""B-162"", ""B-166"", ""B-175"", ""B-177"", ""B-178"", ""B-182"", ""B-187"", ""B-195"", ""B-196"", ""B-197"", ""B-199"", ""B-200""]",NOT_SAFE_FOR_PARALLEL_EXECUTION,One named file owner; source research may be parallel read-only. Disjoint files only after all dependencies pass. No agents launched in this triage.
B-182,4,tryg · Katt · ordinary: Avklar semantisk plassering før P1-dimensjoner materialiseres,"[""tryg"", ""Katt"", ""ordinary"", ""MODEL""]","[""RC-067""]","[""SCRC-001""]","[""RB-01""]","[""fde1d80bd8ad0b15""]",[],1,1,1,1,0,"[""[\""tryg\"",\""katt\"",\""ordinary\"",\""tryg-katt-behandling\"",\""2026-09-01\""]""]","[""Katt""]","[""tryg""]","[""ordinary""]","[""tryg-katt-ekstra""]",CANONICAL_MODEL_REVIEW,SMALL_CODE,HIGH,CANONICAL_REVIEW_FIRST,MUST_BEFORE_NITO,LIKELY_SHARED_WITH_CUSTOMER_MODE,NOT_PROVEN_REQUIRED,Catalog knowledge improvement is shared where enrichment is eligible; no real customer PDF or extraction conclusion is claimed.,"[""lib/boat-pet-catalog.ts""]","[""lib/boat-pet-registry.ts""]",tests/remediation-b-182.test.mjs (future; consolidate with relevant existing suite if clearer),"[""CR-299""]",[],"[""CR-299""]","[""Own-source exact subject/value/unit/period/conditions with page/hash"", ""Exact base, inherited, optional and unavailable product-level combinations"", ""Same-product and both comparison directions; provider-specific facts stay asymmetric where appropriate"", ""Document X versus catalog Y: X wins; silent optional remains unknown; explicit not_selected remains not_selected"", ""Cross-provider/type/scope/version negatives; no customer object/pricing changes"", ""Ekstra / egenandel (GAP-0017)""]","[""Compare before/after exact scoped products against independent source-fact inventory"", ""Reverse-check changed claims for support and wrong-level leakage"", ""Re-run linked false-unknown controls with own-source oracle; inspect sources and details"", ""Record closed/reopened signature IDs; targeted family bulk comparison; held-out positive controls"", ""Full existing suite, TypeScript, ESLint, webpack production build, synthetic HTTP/PDF runtime, git diff --check after future implementation""]",GPT-6 ASTRA EXTRA HIGH,Ta beslutning per oppført konsept/dimensjon i canonical-review-queue. Prøv eksisterende eksakt nøkkel eller tydelig provider-detalj først. Ny nøkkel bare etter dokumentert tap/falsk ekvivalens ved gjenbruk. Deretter implementeres bare godkjent scoped forfatteroperasjon. Ingen generell schema-ombygging er bevist nødvendig.,"[""document > catalog"", ""optional availability != customer selected"", ""unknown != not covered"", ""provider/type/scope/version isolation"", ""product level and add-on boundaries"", ""side-swap symmetry without invented equivalents"", ""age start/reduction/expiry and object age kept distinct"", ""annual/accumulated/coverage mileage kept distinct"", ""per event/year/lifetime/selected sum kept distinct"", ""source page/hash and fact-specific provenance"", ""same object identity and pricing/TFA are not catalog eligibility""]",Source/scope gate satisfied for listed dimensions only; separate user authorization and regression still required.,"Frozen corpus 2026-09-29, not live current-source verification",Known catalog availability never selects a customer add-on,PLANNED_NOT_IMPLEMENTED,"[""B-003"", ""B-008"", ""B-009"", ""B-010"", ""B-018"", ""B-022"", ""B-036"", ""B-038"", ""B-041"", ""B-048"", ""B-050"", ""B-053"", ""B-060"", ""B-062"", ""B-065"", ""B-070"", ""B-071"", ""B-072"", ""B-075"", ""B-077"", ""B-080"", ""B-087"", ""B-089"", ""B-091"", ""B-109"", ""B-110"", ""B-113"", ""B-116"", ""B-124"", ""B-125"", ""B-128"", ""B-129"", ""B-132"", ""B-133"", ""B-141"", ""B-143"", ""B-144"", ""B-147"", ""B-148"", ""B-152"", ""B-153"", ""B-154"", ""B-155"", ""B-156"", ""B-157"", ""B-160"", ""B-162"", ""B-166"", ""B-175"", ""B-177"", ""B-178"", ""B-181"", ""B-187"", ""B-195"", ""B-196"", ""B-197"", ""B-199"", ""B-200""]",NOT_SAFE_FOR_PARALLEL_EXECUTION,One named file owner; source research may be parallel read-only. Disjoint files only after all dependencies pass. No agents launched in this triage.
B-183,4,tryg · MC · ordinary: Avklar semantisk plassering før P1-dimensjoner materialiseres,"[""tryg"", ""MC"", ""ordinary"", ""MODEL""]","[""RC-068""]","[""SCRC-044""]","[""RB-40""]","[""1739e860c9244e39"", ""be9f2768e429aa42"", ""dca9b0acd2e8be87""]",[],3,9,3,9,0,"[""[\""tryg\"",\""mc\"",\""ordinary\"",\""tryg-mc-ansvar\"",\""2026-07-01\""]"", ""[\""tryg\"",\""mc\"",\""ordinary\"",\""tryg-mc-delkasko\"",\""2026-01-01\""]"", ""[\""tryg\"",\""mc\"",\""ordinary\"",\""tryg-mc-kasko\"",\""2026-07-01\""]"", ""[\""tryg\"",\""mc\"",\""ordinary\"",\""tryg-mc-mc-ekstra\"",\""2026-07-01\""]""]","[""MC""]","[""tryg""]","[""ordinary""]",[],CANONICAL_MODEL_REVIEW,SMALL_CODE,HIGH,CANONICAL_REVIEW_FIRST,MUST_BEFORE_NITO,LIKELY_SHARED_WITH_CUSTOMER_MODE,NOT_PROVEN_REQUIRED,Catalog knowledge improvement is shared where enrichment is eligible; no real customer PDF or extraction conclusion is claimed.,"[""lib/mc-bobil-tryg-if-catalog.ts""]","[""lib/mc-bobil-registry.ts""]",tests/remediation-b-183.test.mjs (future; consolidate with relevant existing suite if clearer),"[""CR-345"", ""CR-353"", ""CR-355""]",[],"[""CR-345"", ""CR-353"", ""CR-355""]","[""Own-source exact subject/value/unit/period/conditions with page/hash"", ""Exact base, inherited, optional and unavailable product-level combinations"", ""Same-product and both comparison directions; provider-specific facts stay asymmetric where appropriate"", ""Document X versus catalog Y: X wins; silent optional remains unknown; explicit not_selected remains not_selected"", ""Cross-provider/type/scope/version negatives; no customer object/pricing changes"", ""Avregistrering / videreføring (GAP-3955); Fører/bruk / avgrensning (GAP-3958); Ferge/tog / bonustap (GAP-4016)""]","[""Compare before/after exact scoped products against independent source-fact inventory"", ""Reverse-check changed claims for support and wrong-level leakage"", ""Re-run linked false-unknown controls with own-source oracle; inspect sources and details"", ""Record closed/reopened signature IDs; targeted family bulk comparison; held-out positive controls"", ""Full existing suite, TypeScript, ESLint, webpack production build, synthetic HTTP/PDF runtime, git diff --check after future implementation""]",GPT-6 ASTRA EXTRA HIGH,Ta beslutning per oppført konsept/dimensjon i canonical-review-queue. Prøv eksisterende eksakt nøkkel eller tydelig provider-detalj først. Ny nøkkel bare etter dokumentert tap/falsk ekvivalens ved gjenbruk. Deretter implementeres bare godkjent scoped forfatteroperasjon. Ingen generell schema-ombygging er bevist nødvendig.,"[""document > catalog"", ""optional availability != customer selected"", ""unknown != not covered"", ""provider/type/scope/version isolation"", ""product level and add-on boundaries"", ""side-swap symmetry without invented equivalents"", ""age start/reduction/expiry and object age kept distinct"", ""annual/accumulated/coverage mileage kept distinct"", ""per event/year/lifetime/selected sum kept distinct"", ""source page/hash and fact-specific provenance"", ""same object identity and pricing/TFA are not catalog eligibility""]",Source/scope gate satisfied for listed dimensions only; separate user authorization and regression still required.,"Frozen corpus 2026-09-29, not live current-source verification",Known catalog availability never selects a customer add-on,PLANNED_NOT_IMPLEMENTED,"[""B-059"", ""B-066"", ""B-086"", ""B-092"", ""B-101"", ""B-104"", ""B-108"", ""B-117"", ""B-123"", ""B-134"", ""B-140"", ""B-159"", ""B-167"", ""B-174"", ""B-198"", ""B-202""]",NOT_SAFE_FOR_PARALLEL_EXECUTION,One named file owner; source research may be parallel read-only. Disjoint files only after all dependencies pass. No agents launched in this triage.
B-184,4,tryg · Reise · ordinary: Avklar semantisk plassering før P1-dimensjoner materialiseres,"[""tryg"", ""Reise"", ""ordinary"", ""MODEL""]","[""RC-069""]","[""SCRC-050""]","[""RB-46""]","[""1d09608543e2a517"", ""ff4f39823117baaf""]",[],2,6,2,6,0,"[""[\""tryg\"",\""reise\"",\""ordinary\"",\""tryg-reise\"",\""2026-09-20-canonical\""]"", ""[\""tryg\"",\""reise\"",\""ordinary\"",\""tryg-reise-ekstra\"",\""2026-09-20-canonical\""]"", ""[\""tryg\"",\""reise\"",\""ordinary\"",\""tryg-reise-premium\"",\""2026-09-20-canonical\""]""]","[""Reise""]","[""tryg""]","[""ordinary""]",[],CANONICAL_MODEL_REVIEW,SMALL_CODE,HIGH,CANONICAL_REVIEW_FIRST,MUST_BEFORE_NITO,LIKELY_SHARED_WITH_CUSTOMER_MODE,NOT_PROVEN_REQUIRED,Catalog knowledge improvement is shared where enrichment is eligible; no real customer PDF or extraction conclusion is claimed.,"[""lib/tryg-reise-catalog.ts""]","[""lib/insurance-normalization.ts""]",tests/remediation-b-184.test.mjs (future; consolidate with relevant existing suite if clearer),"[""CR-374"", ""CR-380""]",[],"[""CR-374"", ""CR-380""]","[""Own-source exact subject/value/unit/period/conditions with page/hash"", ""Exact base, inherited, optional and unavailable product-level combinations"", ""Same-product and both comparison directions; provider-specific facts stay asymmetric where appropriate"", ""Document X versus catalog Y: X wins; silent optional remains unknown; explicit not_selected remains not_selected"", ""Cross-provider/type/scope/version negatives; no customer object/pricing changes"", ""Familie syk på reisemål / duration (GAP-4476); Egenandel / selected_options (GAP-4481)""]","[""Compare before/after exact scoped products against independent source-fact inventory"", ""Reverse-check changed claims for support and wrong-level leakage"", ""Re-run linked false-unknown controls with own-source oracle; inspect sources and details"", ""Record closed/reopened signature IDs; targeted family bulk comparison; held-out positive controls"", ""Full existing suite, TypeScript, ESLint, webpack production build, synthetic HTTP/PDF runtime, git diff --check after future implementation""]",GPT-6 ASTRA EXTRA HIGH,Ta beslutning per oppført konsept/dimensjon i canonical-review-queue. Prøv eksisterende eksakt nøkkel eller tydelig provider-detalj først. Ny nøkkel bare etter dokumentert tap/falsk ekvivalens ved gjenbruk. Deretter implementeres bare godkjent scoped forfatteroperasjon. Ingen generell schema-ombygging er bevist nødvendig.,"[""document > catalog"", ""optional availability != customer selected"", ""unknown != not covered"", ""provider/type/scope/version isolation"", ""product level and add-on boundaries"", ""side-swap symmetry without invented equivalents"", ""age start/reduction/expiry and object age kept distinct"", ""annual/accumulated/coverage mileage kept distinct"", ""per event/year/lifetime/selected sum kept distinct"", ""source page/hash and fact-specific provenance"", ""same object identity and pricing/TFA are not catalog eligibility""]",Source/scope gate satisfied for listed dimensions only; separate user authorization and regression still required.,"Frozen corpus 2026-09-29, not live current-source verification",Known catalog availability never selects a customer add-on,PLANNED_NOT_IMPLEMENTED,"[""B-015"", ""B-017"", ""B-019"", ""B-020"", ""B-021"", ""B-093"", ""B-102"", ""B-103"", ""B-105"", ""B-106"", ""B-107"", ""B-114"", ""B-115"", ""B-121"", ""B-122"", ""B-130"", ""B-131"", ""B-135"", ""B-139"", ""B-145"", ""B-146"", ""B-149"", ""B-158"", ""B-163"", ""B-164"", ""B-165"", ""B-168"", ""B-173"", ""B-179"", ""B-180"", ""B-203""]",NOT_SAFE_FOR_PARALLEL_EXECUTION,One named file owner; source research may be parallel read-only. Disjoint files only after all dependencies pass. No agents launched in this triage.
B-185,4,tryg · Snøscooter · ordinary: Avklar typegyldige nøkler og detaljkobling,"[""tryg"", ""Snøscooter"", ""ordinary"", ""MAP-REGISTER""]","[""RC-070""]","[""SCRC-045""]","[""RB-41""]","[""66607755d503d092"", ""89f3cbe97364cf77"", ""eac51a55263b8230""]",[],3,5,3,5,0,"[""[\""tryg\"",\""snøscooter\"",\""ordinary\"",\""tryg-snoscooter-brann-og-tyveri\"",null]"", ""[\""tryg\"",\""snøscooter\"",\""ordinary\"",\""tryg-snoscooter-kasko\"",null]""]","[""Snøscooter""]","[""tryg""]","[""ordinary""]",[],CANONICAL_MAPPING,SMALL_CODE,HIGH,MAPPING_REVIEW_FIRST,MUST_BEFORE_NITO,LIKELY_SHARED_WITH_CUSTOMER_MODE,NOT_PROVEN_REQUIRED,Catalog knowledge improvement is shared where enrichment is eligible; no real customer PDF or extraction conclusion is claimed.,"[""lib/vehicle-object-catalog.ts""]","[""lib/vehicle-object-registry.ts""]",tests/remediation-b-185.test.mjs (future; consolidate with relevant existing suite if clearer),"[""CR-436"", ""CR-439"", ""CR-446""]",[],"[""CR-436"", ""CR-439"", ""CR-446""]","[""Own-source exact subject/value/unit/period/conditions with page/hash"", ""Exact base, inherited, optional and unavailable product-level combinations"", ""Same-product and both comparison directions; provider-specific facts stay asymmetric where appropriate"", ""Document X versus catalog Y: X wins; silent optional remains unknown; explicit not_selected remains not_selected"", ""Cross-provider/type/scope/version negatives; no customer object/pricing changes"", ""Reparasjon / oppgjør (GAP-4111); Totalskade / marked (GAP-4113); Vær / egenandel (GAP-4123)""]","[""Compare before/after exact scoped products against independent source-fact inventory"", ""Reverse-check changed claims for support and wrong-level leakage"", ""Re-run linked false-unknown controls with own-source oracle; inspect sources and details"", ""Record closed/reopened signature IDs; targeted family bulk comparison; held-out positive controls"", ""Full existing suite, TypeScript, ESLint, webpack production build, synthetic HTTP/PDF runtime, git diff --check after future implementation""]",GPT-6 ASTRA EXTRA HIGH,"Kontroller eksisterende nøkkel, type-register og parent/detail-kobling per oppført dimensjon. Rebruk trygg identitet eller legg til eksplisitt typeavgrenset registrering. Ikke utled fra etikett/tall i UI, og ikke utvid ekstraksjon uten separat bevist behov.","[""document > catalog"", ""optional availability != customer selected"", ""unknown != not covered"", ""provider/type/scope/version isolation"", ""product level and add-on boundaries"", ""side-swap symmetry without invented equivalents"", ""age start/reduction/expiry and object age kept distinct"", ""annual/accumulated/coverage mileage kept distinct"", ""per event/year/lifetime/selected sum kept distinct"", ""source page/hash and fact-specific provenance"", ""same object identity and pricing/TFA are not catalog eligibility""]",Source/scope gate satisfied for listed dimensions only; separate user authorization and regression still required.,"Frozen corpus 2026-09-29, not live current-source verification",Known catalog availability never selects a customer add-on,PLANNED_NOT_IMPLEMENTED,"[""B-024"", ""B-025"", ""B-026"", ""B-027"", ""B-037"", ""B-044"", ""B-045"", ""B-049"", ""B-056"", ""B-057"", ""B-061"", ""B-068"", ""B-069"", ""B-076"", ""B-083"", ""B-084"", ""B-088"", ""B-094"", ""B-095"", ""B-096"", ""B-097"", ""B-098"", ""B-099"", ""B-100"", ""B-111"", ""B-112"", ""B-118"", ""B-119"", ""B-120"", ""B-126"", ""B-127"", ""B-136"", ""B-137"", ""B-138"", ""B-142"", ""B-150"", ""B-151"", ""B-161"", ""B-169"", ""B-170"", ""B-171"", ""B-172"", ""B-176"", ""B-186"", ""B-188"", ""B-189"", ""B-194"", ""B-204""]",NOT_SAFE_FOR_PARALLEL_EXECUTION,One named file owner; source research may be parallel read-only. Disjoint files only after all dependencies pass. No agents launched in this triage.
B-186,4,tryg · Tilhenger · ordinary: Avklar typegyldige nøkler og detaljkobling,"[""tryg"", ""Tilhenger"", ""ordinary"", ""MAP-REGISTER""]","[""RC-071""]","[""SCRC-045""]","[""RB-41""]","[""07162bde561ec18d"", ""40aaafd6746b4059"", ""811df060ceac6b4a"", ""9185682df9546c75"", ""a71dffe81db470cb"", ""be56e69eae0017ff""]",[],6,13,6,13,0,"[""[\""tryg\"",\""tilhenger\"",\""ordinary\"",\""tryg-tilhenger-brann\"",\""2026-01-01\""]"", ""[\""tryg\"",\""tilhenger\"",\""ordinary\"",\""tryg-tilhenger-brann-og-tyveri\"",\""2026-01-01\""]"", ""[\""tryg\"",\""tilhenger\"",\""ordinary\"",\""tryg-tilhenger-kasko\"",\""2026-01-01\""]""]","[""Tilhenger""]","[""tryg""]","[""ordinary""]",[],CANONICAL_MAPPING,SMALL_CODE,HIGH,MAPPING_REVIEW_FIRST,MUST_BEFORE_NITO,LIKELY_SHARED_WITH_CUSTOMER_MODE,NOT_PROVEN_REQUIRED,Catalog knowledge improvement is shared where enrichment is eligible; no real customer PDF or extraction conclusion is claimed.,"[""lib/vehicle-object-catalog.ts""]","[""lib/vehicle-object-registry.ts""]",tests/remediation-b-186.test.mjs (future; consolidate with relevant existing suite if clearer),"[""CR-450"", ""CR-452"", ""CR-456"", ""CR-461"", ""CR-465"", ""CR-469""]",[],"[""CR-450"", ""CR-452"", ""CR-456"", ""CR-461"", ""CR-465"", ""CR-469""]","[""Own-source exact subject/value/unit/period/conditions with page/hash"", ""Exact base, inherited, optional and unavailable product-level combinations"", ""Same-product and both comparison directions; provider-specific facts stay asymmetric where appropriate"", ""Document X versus catalog Y: X wins; silent optional remains unknown; explicit not_selected remains not_selected"", ""Cross-provider/type/scope/version negatives; no customer object/pricing changes"", ""Reparasjon / oppgjør (GAP-4214); Elektronikk / fradrag (GAP-4216); Fjerning / utoversum (GAP-4217); Underslag / avtaltutleie (GAP-4226); Vær / egenandel (GAP-4245); Glass / egenandel (GAP-4246)""]","[""Compare before/after exact scoped products against independent source-fact inventory"", ""Reverse-check changed claims for support and wrong-level leakage"", ""Re-run linked false-unknown controls with own-source oracle; inspect sources and details"", ""Record closed/reopened signature IDs; targeted family bulk comparison; held-out positive controls"", ""Full existing suite, TypeScript, ESLint, webpack production build, synthetic HTTP/PDF runtime, git diff --check after future implementation""]",GPT-6 ASTRA EXTRA HIGH,"Kontroller eksisterende nøkkel, type-register og parent/detail-kobling per oppført dimensjon. Rebruk trygg identitet eller legg til eksplisitt typeavgrenset registrering. Ikke utled fra etikett/tall i UI, og ikke utvid ekstraksjon uten separat bevist behov.","[""document > catalog"", ""optional availability != customer selected"", ""unknown != not covered"", ""provider/type/scope/version isolation"", ""product level and add-on boundaries"", ""side-swap symmetry without invented equivalents"", ""age start/reduction/expiry and object age kept distinct"", ""annual/accumulated/coverage mileage kept distinct"", ""per event/year/lifetime/selected sum kept distinct"", ""source page/hash and fact-specific provenance"", ""same object identity and pricing/TFA are not catalog eligibility""]",Source/scope gate satisfied for listed dimensions only; separate user authorization and regression still required.,"Frozen corpus 2026-09-29, not live current-source verification",Known catalog availability never selects a customer add-on,PLANNED_NOT_IMPLEMENTED,"[""B-024"", ""B-025"", ""B-026"", ""B-027"", ""B-037"", ""B-044"", ""B-045"", ""B-049"", ""B-056"", ""B-057"", ""B-061"", ""B-068"", ""B-069"", ""B-076"", ""B-083"", ""B-084"", ""B-088"", ""B-094"", ""B-095"", ""B-096"", ""B-097"", ""B-098"", ""B-099"", ""B-100"", ""B-111"", ""B-112"", ""B-118"", ""B-119"", ""B-120"", ""B-126"", ""B-127"", ""B-136"", ""B-137"", ""B-138"", ""B-142"", ""B-150"", ""B-151"", ""B-161"", ""B-169"", ""B-170"", ""B-171"", ""B-172"", ""B-176"", ""B-185"", ""B-188"", ""B-189"", ""B-194"", ""B-204""]",NOT_SAFE_FOR_PARALLEL_EXECUTION,One named file owner; source research may be parallel read-only. Disjoint files only after all dependencies pass. No agents launched in this triage.
B-187,5,Avklar behandlingsscope før Gjensidige rehabilitering flyttes,"[""REVIEW-GJ-REHAB""]","[""RC-113""]","[""SCRC-035""]","[""RB-31""]","[""4020e0b635ed18fd""]",[],1,1,1,1,0,"[""[\""gjensidige\"",\""hund\"",\""ordinary\"",\""gjensidige-hund-behandling\"",null]""]","[""Hund""]","[""gjensidige""]","[""ordinary""]",[],ADDON,SOURCE_RESEARCH,MEDIUM,SOURCE_RESEARCH_FIRST,MUST_BEFORE_NITO,LIKELY_SHARED_WITH_CUSTOMER_MODE,NOT_PROVEN_REQUIRED,Catalog knowledge improvement is shared where enrichment is eligible; no real customer PDF or extraction conclusion is claimed.,"[""lib/boat-pet-catalog.ts""]",[],tests/remediation-b-187.test.mjs (future; consolidate with relevant existing suite if clearer),"[""HR-003"", ""SR-031""]","[""SR-031""]",[],"[""Own-source exact subject/value/unit/period/conditions with page/hash"", ""Exact base, inherited, optional and unavailable product-level combinations"", ""Same-product and both comparison directions; provider-specific facts stay asymmetric where appropriate"", ""Document X versus catalog Y: X wins; silent optional remains unknown; explicit not_selected remains not_selected"", ""Cross-provider/type/scope/version negatives; no customer object/pricing changes"", ""5 000-grensen må ikke antyde ubetinget valgt dekning, og dokumentert basisakupunktur må ikke forsvinne.""]","[""Compare before/after exact scoped products against independent source-fact inventory"", ""Reverse-check changed claims for support and wrong-level leakage"", ""Re-run linked false-unknown controls with own-source oracle; inspect sources and details"", ""Record closed/reopened signature IDs; targeted family bulk comparison; held-out positive controls"", ""Full existing suite, TypeScript, ESLint, webpack production build, synthetic HTTP/PDF runtime, git diff --check after future implementation""]",GPT-6 ASTRA EXTRA HIGH,Flytt ikke hele fysikalsk-behandlingstemaet blindt. Avklar SC-035s grense mellom basisbehandling og valgfri rehabilitering; deretter korrekt optional-komponent.,"[""document > catalog"", ""optional availability != customer selected"", ""unknown != not covered"", ""provider/type/scope/version isolation"", ""product level and add-on boundaries"", ""side-swap symmetry without invented equivalents"", ""age start/reduction/expiry and object age kept distinct"", ""annual/accumulated/coverage mileage kept distinct"", ""per event/year/lifetime/selected sum kept distinct"", ""source page/hash and fact-specific provenance"", ""same object identity and pricing/TFA are not catalog eligibility""]",Source/scope gate satisfied for listed dimensions only; separate user authorization and regression still required.,"Frozen corpus 2026-09-29, not live current-source verification",Known catalog availability never selects a customer add-on,PLANNED_NOT_IMPLEMENTED,"[""B-003"", ""B-008"", ""B-009"", ""B-010"", ""B-018"", ""B-022"", ""B-036"", ""B-038"", ""B-041"", ""B-048"", ""B-050"", ""B-053"", ""B-060"", ""B-062"", ""B-065"", ""B-070"", ""B-071"", ""B-072"", ""B-075"", ""B-077"", ""B-080"", ""B-087"", ""B-089"", ""B-091"", ""B-109"", ""B-110"", ""B-113"", ""B-116"", ""B-124"", ""B-125"", ""B-128"", ""B-129"", ""B-132"", ""B-133"", ""B-141"", ""B-143"", ""B-144"", ""B-147"", ""B-148"", ""B-152"", ""B-153"", ""B-154"", ""B-155"", ""B-156"", ""B-157"", ""B-160"", ""B-162"", ""B-166"", ""B-175"", ""B-177"", ""B-178"", ""B-181"", ""B-182"", ""B-195"", ""B-196"", ""B-197"", ""B-199"", ""B-200""]",NOT_SAFE_FOR_PARALLEL_EXECUTION,One named file owner; source research may be parallel read-only. Disjoint files only after all dependencies pass. No agents launched in this triage.
B-188,5,eika-fremtind · Campingvogn · ordinary: Avklar konflikt eller kildepakke før berørte påstander endres,"[""eika-fremtind"", ""Campingvogn"", ""ordinary"", ""SOURCE""]","[""RC-079""]","[""SCRC-056""]","[""RB-52""]","[""01e5932028c49665""]",[],1,2,1,2,0,"[""[\""eika-fremtind\"",\""campingvogn\"",\""ordinary\"",\""eika-fremtind-campingvogn-kasko\"",\""2024-03-21\""]"", ""[\""eika-fremtind\"",\""campingvogn\"",\""ordinary\"",\""eika-fremtind-campingvogn-minikasko\"",\""2024-03-21\""]""]","[""Campingvogn""]","[""eika-fremtind""]","[""ordinary""]",[],SOURCE_AUTHORITY,SOURCE_RESEARCH,HIGH,SOURCE_RESEARCH_FIRST,MUST_BEFORE_NITO,LIKELY_SHARED_WITH_CUSTOMER_MODE,NOT_PROVEN_REQUIRED,Catalog knowledge improvement is shared where enrichment is eligible; no real customer PDF or extraction conclusion is claimed.,"[""lib/vehicle-object-catalog.ts""]",[],tests/remediation-b-188.test.mjs (future; consolidate with relevant existing suite if clearer),"[""SR-012""]","[""SR-012""]",[],"[""Own-source exact subject/value/unit/period/conditions with page/hash"", ""Exact base, inherited, optional and unavailable product-level combinations"", ""Same-product and both comparison directions; provider-specific facts stay asymmetric where appropriate"", ""Document X versus catalog Y: X wins; silent optional remains unknown; explicit not_selected remains not_selected"", ""Cross-provider/type/scope/version negatives; no customer object/pricing changes"", ""Ansvar/ulykke/rettshjelp / conflict (GAP-5308)""]","[""Compare before/after exact scoped products against independent source-fact inventory"", ""Reverse-check changed claims for support and wrong-level leakage"", ""Re-run linked false-unknown controls with own-source oracle; inspect sources and details"", ""Record closed/reopened signature IDs; targeted family bulk comparison; held-out positive controls"", ""Full existing suite, TypeScript, ESLint, webpack production build, synthetic HTTP/PDF runtime, git diff --check after future implementation""]",GPT-6 ASTRA EXTRA HIGH,Besvar de navngitte kildeoppgavene. Dokumenter hvilken produkt-/versjonsregel som gjelder før redigering; ingen flertallsavgjørelse mellom kilder eller kopiering fra en peer.,"[""document > catalog"", ""optional availability != customer selected"", ""unknown != not covered"", ""provider/type/scope/version isolation"", ""product level and add-on boundaries"", ""side-swap symmetry without invented equivalents"", ""age start/reduction/expiry and object age kept distinct"", ""annual/accumulated/coverage mileage kept distinct"", ""per event/year/lifetime/selected sum kept distinct"", ""source page/hash and fact-specific provenance"", ""same object identity and pricing/TFA are not catalog eligibility""]",Source/scope gate satisfied for listed dimensions only; separate user authorization and regression still required.,"Frozen corpus 2026-09-29, not live current-source verification",Known catalog availability never selects a customer add-on,PLANNED_NOT_IMPLEMENTED,"[""B-024"", ""B-025"", ""B-026"", ""B-027"", ""B-037"", ""B-044"", ""B-045"", ""B-049"", ""B-056"", ""B-057"", ""B-061"", ""B-068"", ""B-069"", ""B-076"", ""B-083"", ""B-084"", ""B-088"", ""B-094"", ""B-095"", ""B-096"", ""B-097"", ""B-098"", ""B-099"", ""B-100"", ""B-111"", ""B-112"", ""B-118"", ""B-119"", ""B-120"", ""B-126"", ""B-127"", ""B-136"", ""B-137"", ""B-138"", ""B-142"", ""B-150"", ""B-151"", ""B-161"", ""B-169"", ""B-170"", ""B-171"", ""B-172"", ""B-176"", ""B-185"", ""B-186"", ""B-189"", ""B-194"", ""B-204""]",MAIN_AGENT_REVIEW_REQUIRED,One named file owner; source research may be parallel read-only. Disjoint files only after all dependencies pass. No agents launched in this triage.
B-189,5,eika-fremtind · Tilhenger · ordinary: Avklar konflikt eller kildepakke før berørte påstander endres,"[""eika-fremtind"", ""Tilhenger"", ""ordinary"", ""SOURCE""]","[""RC-079""]","[""SCRC-056""]","[""RB-52""]","[""4ffd962e146dceb4""]",[],1,1,1,1,0,"[""[\""eika-fremtind\"",\""tilhenger\"",\""ordinary\"",\""eika-fremtind-tilhenger-kasko\"",\""2024-03-21\""]""]","[""Tilhenger""]","[""eika-fremtind""]","[""ordinary""]",[],SOURCE_AUTHORITY,SOURCE_RESEARCH,HIGH,SOURCE_RESEARCH_FIRST,MUST_BEFORE_NITO,LIKELY_SHARED_WITH_CUSTOMER_MODE,NOT_PROVEN_REQUIRED,Catalog knowledge improvement is shared where enrichment is eligible; no real customer PDF or extraction conclusion is claimed.,"[""lib/vehicle-object-catalog.ts""]",[],tests/remediation-b-189.test.mjs (future; consolidate with relevant existing suite if clearer),"[""SR-012""]","[""SR-012""]",[],"[""Own-source exact subject/value/unit/period/conditions with page/hash"", ""Exact base, inherited, optional and unavailable product-level combinations"", ""Same-product and both comparison directions; provider-specific facts stay asymmetric where appropriate"", ""Document X versus catalog Y: X wins; silent optional remains unknown; explicit not_selected remains not_selected"", ""Cross-provider/type/scope/version negatives; no customer object/pricing changes"", ""Ansvar/ulykke/rettshjelp / conflict (GAP-5329)""]","[""Compare before/after exact scoped products against independent source-fact inventory"", ""Reverse-check changed claims for support and wrong-level leakage"", ""Re-run linked false-unknown controls with own-source oracle; inspect sources and details"", ""Record closed/reopened signature IDs; targeted family bulk comparison; held-out positive controls"", ""Full existing suite, TypeScript, ESLint, webpack production build, synthetic HTTP/PDF runtime, git diff --check after future implementation""]",GPT-6 ASTRA EXTRA HIGH,Besvar de navngitte kildeoppgavene. Dokumenter hvilken produkt-/versjonsregel som gjelder før redigering; ingen flertallsavgjørelse mellom kilder eller kopiering fra en peer.,"[""document > catalog"", ""optional availability != customer selected"", ""unknown != not covered"", ""provider/type/scope/version isolation"", ""product level and add-on boundaries"", ""side-swap symmetry without invented equivalents"", ""age start/reduction/expiry and object age kept distinct"", ""annual/accumulated/coverage mileage kept distinct"", ""per event/year/lifetime/selected sum kept distinct"", ""source page/hash and fact-specific provenance"", ""same object identity and pricing/TFA are not catalog eligibility""]",Source/scope gate satisfied for listed dimensions only; separate user authorization and regression still required.,"Frozen corpus 2026-09-29, not live current-source verification",Known catalog availability never selects a customer add-on,PLANNED_NOT_IMPLEMENTED,"[""B-024"", ""B-025"", ""B-026"", ""B-027"", ""B-037"", ""B-044"", ""B-045"", ""B-049"", ""B-056"", ""B-057"", ""B-061"", ""B-068"", ""B-069"", ""B-076"", ""B-083"", ""B-084"", ""B-088"", ""B-094"", ""B-095"", ""B-096"", ""B-097"", ""B-098"", ""B-099"", ""B-100"", ""B-111"", ""B-112"", ""B-118"", ""B-119"", ""B-120"", ""B-126"", ""B-127"", ""B-136"", ""B-137"", ""B-138"", ""B-142"", ""B-150"", ""B-151"", ""B-161"", ""B-169"", ""B-170"", ""B-171"", ""B-172"", ""B-176"", ""B-185"", ""B-186"", ""B-188"", ""B-194"", ""B-204""]",MAIN_AGENT_REVIEW_REQUIRED,One named file owner; source research may be parallel read-only. Disjoint files only after all dependencies pass. No agents launched in this triage.
B-190,5,fremtind · Bobil · ordinary-dnb: Avklar konflikt eller kildepakke før berørte påstander endres,"[""fremtind"", ""Bobil"", ""ordinary-dnb"", ""SOURCE""]","[""RC-076""]","[""SCRC-057""]","[""RB-53""]","[""00aadaf13034e9bc"", ""885b4542ce2da42c"", ""bb40c558feea4518"", ""d445bfe3ac82c80b""]",[],4,10,4,10,0,"[""[\""fremtind\"",\""bobil\"",\""ordinary-dnb\"",\""fremtind-bobil-ansvar\"",\""2025-09-18\""]"", ""[\""fremtind\"",\""bobil\"",\""ordinary-dnb\"",\""fremtind-bobil-kasko\"",\""2025-09-18\""]"", ""[\""fremtind\"",\""bobil\"",\""ordinary-dnb\"",\""fremtind-bobil-minikasko\"",\""2025-09-18\""]"", ""[\""fremtind\"",\""bobil\"",\""ordinary-dnb\"",\""fremtind-bobil-topp\"",\""2025-09-18\""]""]","[""Bobil""]","[""fremtind""]","[""ordinary-dnb""]",[],SOURCE_AUTHORITY,SOURCE_RESEARCH,HIGH,SOURCE_RESEARCH_FIRST,MUST_BEFORE_NITO,LIKELY_SHARED_WITH_CUSTOMER_MODE,NOT_PROVEN_REQUIRED,Catalog knowledge improvement is shared where enrichment is eligible; no real customer PDF or extraction conclusion is claimed.,"[""lib/mc-bobil-fremtind-frende-catalog.ts""]",[],tests/remediation-b-190.test.mjs (future; consolidate with relevant existing suite if clearer),"[""SR-006""]","[""SR-006""]",[],"[""Own-source exact subject/value/unit/period/conditions with page/hash"", ""Exact base, inherited, optional and unavailable product-level combinations"", ""Same-product and both comparison directions; provider-specific facts stay asymmetric where appropriate"", ""Document X versus catalog Y: X wins; silent optional remains unknown; explicit not_selected remains not_selected"", ""Cross-provider/type/scope/version negatives; no customer object/pricing changes"", ""Kanal-versjon / conflict (GAP-5386); Totalskade / market_settlement (GAP-5406); Minikasko nyverdi / level_conflict (GAP-5414); Utleie / channel_rule (GAP-5448)""]","[""Compare before/after exact scoped products against independent source-fact inventory"", ""Reverse-check changed claims for support and wrong-level leakage"", ""Re-run linked false-unknown controls with own-source oracle; inspect sources and details"", ""Record closed/reopened signature IDs; targeted family bulk comparison; held-out positive controls"", ""Full existing suite, TypeScript, ESLint, webpack production build, synthetic HTTP/PDF runtime, git diff --check after future implementation""]",GPT-6 ASTRA EXTRA HIGH,Besvar de navngitte kildeoppgavene. Dokumenter hvilken produkt-/versjonsregel som gjelder før redigering; ingen flertallsavgjørelse mellom kilder eller kopiering fra en peer.,"[""document > catalog"", ""optional availability != customer selected"", ""unknown != not covered"", ""provider/type/scope/version isolation"", ""product level and add-on boundaries"", ""side-swap symmetry without invented equivalents"", ""age start/reduction/expiry and object age kept distinct"", ""annual/accumulated/coverage mileage kept distinct"", ""per event/year/lifetime/selected sum kept distinct"", ""source page/hash and fact-specific provenance"", ""same object identity and pricing/TFA are not catalog eligibility""]",Source/scope gate satisfied for listed dimensions only; separate user authorization and regression still required.,"Frozen corpus 2026-09-29, not live current-source verification",Known catalog availability never selects a customer add-on,PLANNED_NOT_IMPLEMENTED,"[""B-023"", ""B-028"", ""B-031"", ""B-035"", ""B-042"", ""B-101"", ""B-104"", ""B-108"", ""B-117""]",MAIN_AGENT_REVIEW_REQUIRED,One named file owner; source research may be parallel read-only. Disjoint files only after all dependencies pass. No agents launched in this triage.
B-191,5,fremtind · Innbo · ordinary: Avklar konflikt eller kildepakke før berørte påstander endres,"[""fremtind"", ""Innbo"", ""ordinary"", ""SOURCE""]","[""RC-075""]","[""SCRC-052""]","[""RB-48""]","[""3a4dbb67a00d86f4""]",[],1,2,1,2,0,"[""[\""fremtind\"",\""innbo\"",\""ordinary\"",\""fremtind-innbo-standard\"",\""2025-01-01\""]"", ""[\""fremtind\"",\""innbo\"",\""ordinary\"",\""fremtind-innbo-topp\"",\""2025-01-01\""]""]","[""Innbo""]","[""fremtind""]","[""ordinary""]",[],SOURCE_AUTHORITY,SOURCE_RESEARCH,HIGH,SOURCE_RESEARCH_FIRST,MUST_BEFORE_NITO,LIKELY_SHARED_WITH_CUSTOMER_MODE,NOT_PROVEN_REQUIRED,Catalog knowledge improvement is shared where enrichment is eligible; no real customer PDF or extraction conclusion is claimed.,"[""lib/fremtind-innbo-catalog.ts""]",[],tests/remediation-b-191.test.mjs (future; consolidate with relevant existing suite if clearer),"[""SR-005""]","[""SR-005""]",[],"[""Own-source exact subject/value/unit/period/conditions with page/hash"", ""Exact base, inherited, optional and unavailable product-level combinations"", ""Same-product and both comparison directions; provider-specific facts stay asymmetric where appropriate"", ""Document X versus catalog Y: X wins; silent optional remains unknown; explicit not_selected remains not_selected"", ""Cross-provider/type/scope/version negatives; no customer object/pricing changes"", ""Kunst / source_conflict (GAP-5032)""]","[""Compare before/after exact scoped products against independent source-fact inventory"", ""Reverse-check changed claims for support and wrong-level leakage"", ""Re-run linked false-unknown controls with own-source oracle; inspect sources and details"", ""Record closed/reopened signature IDs; targeted family bulk comparison; held-out positive controls"", ""Full existing suite, TypeScript, ESLint, webpack production build, synthetic HTTP/PDF runtime, git diff --check after future implementation""]",GPT-6 ASTRA EXTRA HIGH,Besvar de navngitte kildeoppgavene. Dokumenter hvilken produkt-/versjonsregel som gjelder før redigering; ingen flertallsavgjørelse mellom kilder eller kopiering fra en peer.,"[""document > catalog"", ""optional availability != customer selected"", ""unknown != not covered"", ""provider/type/scope/version isolation"", ""product level and add-on boundaries"", ""side-swap symmetry without invented equivalents"", ""age start/reduction/expiry and object age kept distinct"", ""annual/accumulated/coverage mileage kept distinct"", ""per event/year/lifetime/selected sum kept distinct"", ""source page/hash and fact-specific provenance"", ""same object identity and pricing/TFA are not catalog eligibility""]",Source/scope gate satisfied for listed dimensions only; separate user authorization and regression still required.,"Frozen corpus 2026-09-29, not live current-source verification",Known catalog availability never selects a customer add-on,PLANNED_NOT_IMPLEMENTED,"[""B-030"", ""B-103""]",MAIN_AGENT_REVIEW_REQUIRED,One named file owner; source research may be parallel read-only. Disjoint files only after all dependencies pass. No agents launched in this triage.
B-192,5,fremtind · Reise · ordinary: Avklar konflikt eller kildepakke før berørte påstander endres,"[""fremtind"", ""Reise"", ""ordinary"", ""SOURCE""]","[""RC-080""]","[""SCRC-054""]","[""RB-50""]","[""effb870e81df71e7""]",[],1,1,1,1,0,"[""[\""fremtind\"",\""reise\"",\""ordinary\"",\""fremtind-reise\"",\""PRE-450.200-015\""]""]","[""Reise""]","[""fremtind""]","[""ordinary""]",[],SOURCE_AUTHORITY,SOURCE_RESEARCH,HIGH,SOURCE_RESEARCH_FIRST,MUST_BEFORE_NITO,LIKELY_SHARED_WITH_CUSTOMER_MODE,NOT_PROVEN_REQUIRED,Catalog knowledge improvement is shared where enrichment is eligible; no real customer PDF or extraction conclusion is claimed.,"[""lib/fremtind-reise-catalog.ts""]",[],tests/remediation-b-192.test.mjs (future; consolidate with relevant existing suite if clearer),"[""SR-013""]","[""SR-013""]",[],"[""Own-source exact subject/value/unit/period/conditions with page/hash"", ""Exact base, inherited, optional and unavailable product-level combinations"", ""Same-product and both comparison directions; provider-specific facts stay asymmetric where appropriate"", ""Document X versus catalog Y: X wins; silent optional remains unknown; explicit not_selected remains not_selected"", ""Cross-provider/type/scope/version negatives; no customer object/pricing changes"", ""Sikkerhetsforskrifter / source_support (GAP-5178)""]","[""Compare before/after exact scoped products against independent source-fact inventory"", ""Reverse-check changed claims for support and wrong-level leakage"", ""Re-run linked false-unknown controls with own-source oracle; inspect sources and details"", ""Record closed/reopened signature IDs; targeted family bulk comparison; held-out positive controls"", ""Full existing suite, TypeScript, ESLint, webpack production build, synthetic HTTP/PDF runtime, git diff --check after future implementation""]",GPT-6 ASTRA EXTRA HIGH,Besvar de navngitte kildeoppgavene. Dokumenter hvilken produkt-/versjonsregel som gjelder før redigering; ingen flertallsavgjørelse mellom kilder eller kopiering fra en peer.,"[""document > catalog"", ""optional availability != customer selected"", ""unknown != not covered"", ""provider/type/scope/version isolation"", ""product level and add-on boundaries"", ""side-swap symmetry without invented equivalents"", ""age start/reduction/expiry and object age kept distinct"", ""annual/accumulated/coverage mileage kept distinct"", ""per event/year/lifetime/selected sum kept distinct"", ""source page/hash and fact-specific provenance"", ""same object identity and pricing/TFA are not catalog eligibility""]",Source/scope gate satisfied for listed dimensions only; separate user authorization and regression still required.,"Frozen corpus 2026-09-29, not live current-source verification",Known catalog availability never selects a customer add-on,PLANNED_NOT_IMPLEMENTED,"[""B-017"", ""B-032"", ""B-105"", ""B-205""]",MAIN_AGENT_REVIEW_REQUIRED,One named file owner; source research may be parallel read-only. Disjoint files only after all dependencies pass. No agents launched in this triage.
B-193,5,fremtind-four-bil-ids · Bil · ordinary: Avklar konflikt eller kildepakke før berørte påstander endres,"[""fremtind-four-bil-ids"", ""Bil"", ""ordinary"", ""SOURCE""]","[""RC-073""]","[""SCRC-051""]","[""RB-47""]","[""2bb56dba9fb1da41"", ""a256997abafbef85"", ""cfdb9f156aa3c294"", ""f027eba58202c7a5""]",[],4,4,4,4,0,"[""[\""dnb-fremtind\"",\""bil\"",\""ordinary\"",\""dnb-bil-delkasko\"",\""PMO-357.001-004\""]"", ""[\""eika-fremtind\"",\""bil\"",\""ordinary\"",\""eika-bil-delkasko\"",\""PMO-357.001-004\""]"", ""[\""fremtind\"",\""bil\"",\""ordinary\"",\""fremtind-bil-delkasko\"",\""PMO-357.001-004\""]"", ""[\""sparebank1-fremtind\"",\""bil\"",\""ordinary\"",\""sb1-bil-delkasko\"",\""PMO-357.001-004\""]""]","[""Bil""]","[""dnb-fremtind"", ""eika-fremtind"", ""fremtind"", ""sparebank1-fremtind""]","[""ordinary""]",[],SOURCE_AUTHORITY,SOURCE_RESEARCH,HIGH,SOURCE_RESEARCH_FIRST,MUST_BEFORE_NITO,LIKELY_SHARED_WITH_CUSTOMER_MODE,NOT_PROVEN_REQUIRED,Catalog knowledge improvement is shared where enrichment is eligible; no real customer PDF or extraction conclusion is claimed.,"[""lib/fremtind-catalog.ts""]",[],tests/remediation-b-193.test.mjs (future; consolidate with relevant existing suite if clearer),"[""SR-003""]","[""SR-003""]",[],"[""Own-source exact subject/value/unit/period/conditions with page/hash"", ""Exact base, inherited, optional and unavailable product-level combinations"", ""Same-product and both comparison directions; provider-specific facts stay asymmetric where appropriate"", ""Document X versus catalog Y: X wins; silent optional remains unknown; explicit not_selected remains not_selected"", ""Cross-provider/type/scope/version negatives; no customer object/pricing changes"", ""Totalskade / market_settlement (GAP-4575); Totalskade / market_settlement (GAP-4688); Totalskade / market_settlement (GAP-4801); Totalskade / market_settlement (GAP-4914)""]","[""Compare before/after exact scoped products against independent source-fact inventory"", ""Reverse-check changed claims for support and wrong-level leakage"", ""Re-run linked false-unknown controls with own-source oracle; inspect sources and details"", ""Record closed/reopened signature IDs; targeted family bulk comparison; held-out positive controls"", ""Full existing suite, TypeScript, ESLint, webpack production build, synthetic HTTP/PDF runtime, git diff --check after future implementation""]",GPT-6 ASTRA EXTRA HIGH,Besvar de navngitte kildeoppgavene. Dokumenter hvilken produkt-/versjonsregel som gjelder før redigering; ingen flertallsavgjørelse mellom kilder eller kopiering fra en peer.,"[""document > catalog"", ""optional availability != customer selected"", ""unknown != not covered"", ""provider/type/scope/version isolation"", ""product level and add-on boundaries"", ""side-swap symmetry without invented equivalents"", ""age start/reduction/expiry and object age kept distinct"", ""annual/accumulated/coverage mileage kept distinct"", ""per event/year/lifetime/selected sum kept distinct"", ""source page/hash and fact-specific provenance"", ""same object identity and pricing/TFA are not catalog eligibility""]",Source/scope gate satisfied for listed dimensions only; separate user authorization and regression still required.,"Frozen corpus 2026-09-29, not live current-source verification",Known catalog availability never selects a customer add-on,PLANNED_NOT_IMPLEMENTED,"[""B-033"", ""B-106""]",MAIN_AGENT_REVIEW_REQUIRED,One named file owner; source research may be parallel read-only. Disjoint files only after all dependencies pass. No agents launched in this triage.
B-194,5,gjensidige · Campingvogn · ordinary: Avklar konflikt eller kildepakke før berørte påstander endres,"[""gjensidige"", ""Campingvogn"", ""ordinary"", ""SOURCE""]","[""RC-081""]","[""SCRC-034""]","[""RB-30""]","[""175b5e4d31ff1e02""]",[],1,1,1,1,0,"[""[\""gjensidige\"",\""campingvogn\"",\""ordinary\"",\""gjensidige-campingvogn-delkasko\"",null]""]","[""Campingvogn""]","[""gjensidige""]","[""ordinary""]",[],SOURCE_AUTHORITY,SOURCE_RESEARCH,HIGH,SOURCE_RESEARCH_FIRST,MUST_BEFORE_NITO,LIKELY_SHARED_WITH_CUSTOMER_MODE,NOT_PROVEN_REQUIRED,Catalog knowledge improvement is shared where enrichment is eligible; no real customer PDF or extraction conclusion is claimed.,"[""lib/vehicle-object-catalog.ts""]",[],tests/remediation-b-194.test.mjs (future; consolidate with relevant existing suite if clearer),"[""SR-028""]","[""SR-028""]",[],"[""Own-source exact subject/value/unit/period/conditions with page/hash"", ""Exact base, inherited, optional and unavailable product-level combinations"", ""Same-product and both comparison directions; provider-specific facts stay asymmetric where appropriate"", ""Document X versus catalog Y: X wins; silent optional remains unknown; explicit not_selected remains not_selected"", ""Cross-provider/type/scope/version negatives; no customer object/pricing changes"", ""Glass / source conflict (GAP-2645)""]","[""Compare before/after exact scoped products against independent source-fact inventory"", ""Reverse-check changed claims for support and wrong-level leakage"", ""Re-run linked false-unknown controls with own-source oracle; inspect sources and details"", ""Record closed/reopened signature IDs; targeted family bulk comparison; held-out positive controls"", ""Full existing suite, TypeScript, ESLint, webpack production build, synthetic HTTP/PDF runtime, git diff --check after future implementation""]",GPT-6 ASTRA EXTRA HIGH,Besvar de navngitte kildeoppgavene. Dokumenter hvilken produkt-/versjonsregel som gjelder før redigering; ingen flertallsavgjørelse mellom kilder eller kopiering fra en peer.,"[""document > catalog"", ""optional availability != customer selected"", ""unknown != not covered"", ""provider/type/scope/version isolation"", ""product level and add-on boundaries"", ""side-swap symmetry without invented equivalents"", ""age start/reduction/expiry and object age kept distinct"", ""annual/accumulated/coverage mileage kept distinct"", ""per event/year/lifetime/selected sum kept distinct"", ""source page/hash and fact-specific provenance"", ""same object identity and pricing/TFA are not catalog eligibility""]",Source/scope gate satisfied for listed dimensions only; separate user authorization and regression still required.,"Frozen corpus 2026-09-29, not live current-source verification",Known catalog availability never selects a customer add-on,PLANNED_NOT_IMPLEMENTED,"[""B-024"", ""B-025"", ""B-026"", ""B-027"", ""B-037"", ""B-044"", ""B-045"", ""B-049"", ""B-056"", ""B-057"", ""B-061"", ""B-068"", ""B-069"", ""B-076"", ""B-083"", ""B-084"", ""B-088"", ""B-094"", ""B-095"", ""B-096"", ""B-097"", ""B-098"", ""B-099"", ""B-100"", ""B-111"", ""B-112"", ""B-118"", ""B-119"", ""B-120"", ""B-126"", ""B-127"", ""B-136"", ""B-137"", ""B-138"", ""B-142"", ""B-150"", ""B-151"", ""B-161"", ""B-169"", ""B-170"", ""B-171"", ""B-172"", ""B-176"", ""B-185"", ""B-186"", ""B-188"", ""B-189"", ""B-204""]",MAIN_AGENT_REVIEW_REQUIRED,One named file owner; source research may be parallel read-only. Disjoint files only after all dependencies pass. No agents launched in this triage.
B-195,5,sparebank1-fremtind · Båt · ordinary: Avklar konflikt eller kildepakke før berørte påstander endres,"[""sparebank1-fremtind"", ""Båt"", ""ordinary"", ""SOURCE""]","[""RC-078""]","[""SCRC-058""]","[""RB-54""]","[""22a88f620f9dd11d"", ""64cdd3155c8302ff""]",[],2,6,2,6,0,"[""[\""sparebank1-fremtind\"",\""båt\"",\""ordinary\"",\""sparebank1-fremtind-bat-delkasko\"",\""2024-06-10\""]"", ""[\""sparebank1-fremtind\"",\""båt\"",\""ordinary\"",\""sparebank1-fremtind-bat-kasko\"",\""2024-06-10\""]"", ""[\""sparebank1-fremtind\"",\""båt\"",\""ordinary\"",\""sparebank1-fremtind-bat-toppkasko\"",\""2024-06-10\""]""]","[""Båt""]","[""sparebank1-fremtind""]","[""ordinary""]",[],SOURCE_AUTHORITY,SOURCE_RESEARCH,HIGH,SOURCE_RESEARCH_FIRST,MUST_BEFORE_NITO,LIKELY_SHARED_WITH_CUSTOMER_MODE,NOT_PROVEN_REQUIRED,Catalog knowledge improvement is shared where enrichment is eligible; no real customer PDF or extraction conclusion is claimed.,"[""lib/boat-pet-catalog.ts""]",[],tests/remediation-b-195.test.mjs (future; consolidate with relevant existing suite if clearer),"[""SR-011""]","[""SR-011""]",[],"[""Own-source exact subject/value/unit/period/conditions with page/hash"", ""Exact base, inherited, optional and unavailable product-level combinations"", ""Same-product and both comparison directions; provider-specific facts stay asymmetric where appropriate"", ""Document X versus catalog Y: X wins; silent optional remains unknown; explicit not_selected remains not_selected"", ""Cross-provider/type/scope/version negatives; no customer object/pricing changes"", ""Ansvar / sum_ambiguity (GAP-5502); Kanal / conflicts (GAP-5511)""]","[""Compare before/after exact scoped products against independent source-fact inventory"", ""Reverse-check changed claims for support and wrong-level leakage"", ""Re-run linked false-unknown controls with own-source oracle; inspect sources and details"", ""Record closed/reopened signature IDs; targeted family bulk comparison; held-out positive controls"", ""Full existing suite, TypeScript, ESLint, webpack production build, synthetic HTTP/PDF runtime, git diff --check after future implementation""]",GPT-6 ASTRA EXTRA HIGH,Besvar de navngitte kildeoppgavene. Dokumenter hvilken produkt-/versjonsregel som gjelder før redigering; ingen flertallsavgjørelse mellom kilder eller kopiering fra en peer.,"[""document > catalog"", ""optional availability != customer selected"", ""unknown != not covered"", ""provider/type/scope/version isolation"", ""product level and add-on boundaries"", ""side-swap symmetry without invented equivalents"", ""age start/reduction/expiry and object age kept distinct"", ""annual/accumulated/coverage mileage kept distinct"", ""per event/year/lifetime/selected sum kept distinct"", ""source page/hash and fact-specific provenance"", ""same object identity and pricing/TFA are not catalog eligibility""]",Source/scope gate satisfied for listed dimensions only; separate user authorization and regression still required.,"Frozen corpus 2026-09-29, not live current-source verification",Known catalog availability never selects a customer add-on,PLANNED_NOT_IMPLEMENTED,"[""B-003"", ""B-008"", ""B-009"", ""B-010"", ""B-018"", ""B-022"", ""B-036"", ""B-038"", ""B-041"", ""B-048"", ""B-050"", ""B-053"", ""B-060"", ""B-062"", ""B-065"", ""B-070"", ""B-071"", ""B-072"", ""B-075"", ""B-077"", ""B-080"", ""B-087"", ""B-089"", ""B-091"", ""B-109"", ""B-110"", ""B-113"", ""B-116"", ""B-124"", ""B-125"", ""B-128"", ""B-129"", ""B-132"", ""B-133"", ""B-141"", ""B-143"", ""B-144"", ""B-147"", ""B-148"", ""B-152"", ""B-153"", ""B-154"", ""B-155"", ""B-156"", ""B-157"", ""B-160"", ""B-162"", ""B-166"", ""B-175"", ""B-177"", ""B-178"", ""B-181"", ""B-182"", ""B-187"", ""B-196"", ""B-197"", ""B-199"", ""B-200""]",MAIN_AGENT_REVIEW_REQUIRED,One named file owner; source research may be parallel read-only. Disjoint files only after all dependencies pass. No agents launched in this triage.
B-196,5,sparebank1-fremtind · Hund · ordinary: Avklar konflikt eller kildepakke før berørte påstander endres,"[""sparebank1-fremtind"", ""Hund"", ""ordinary"", ""SOURCE""]","[""RC-077""]","[""SCRC-059""]","[""RB-55""]","[""2f9a53b7f0c4bde1"", ""7054da8be086eee0""]",[],2,2,2,2,0,"[""[\""sparebank1-fremtind\"",\""hund\"",\""ordinary\"",\""sparebank1-fremtind-hund-veterin-r\"",\""2025-08-07\""]""]","[""Hund""]","[""sparebank1-fremtind""]","[""ordinary""]","[""sparebank1-fremtind-hund-liv"", ""sparebank1-fremtind-hund-valpekull""]",SOURCE_AUTHORITY,SOURCE_RESEARCH,HIGH,SOURCE_RESEARCH_FIRST,MUST_BEFORE_NITO,LIKELY_SHARED_WITH_CUSTOMER_MODE,NOT_PROVEN_REQUIRED,Catalog knowledge improvement is shared where enrichment is eligible; no real customer PDF or extraction conclusion is claimed.,"[""lib/boat-pet-catalog.ts""]",[],tests/remediation-b-196.test.mjs (future; consolidate with relevant existing suite if clearer),"[""SR-009"", ""SR-010""]","[""SR-009"", ""SR-010""]",[],"[""Own-source exact subject/value/unit/period/conditions with page/hash"", ""Exact base, inherited, optional and unavailable product-level combinations"", ""Same-product and both comparison directions; provider-specific facts stay asymmetric where appropriate"", ""Document X versus catalog Y: X wins; silent optional remains unknown; explicit not_selected remains not_selected"", ""Cross-provider/type/scope/version negatives; no customer object/pricing changes"", ""Valpekull / optional (GAP-5607); Liv kildekonflikt / boundary (GAP-5608)""]","[""Compare before/after exact scoped products against independent source-fact inventory"", ""Reverse-check changed claims for support and wrong-level leakage"", ""Re-run linked false-unknown controls with own-source oracle; inspect sources and details"", ""Record closed/reopened signature IDs; targeted family bulk comparison; held-out positive controls"", ""Full existing suite, TypeScript, ESLint, webpack production build, synthetic HTTP/PDF runtime, git diff --check after future implementation""]",GPT-6 ASTRA EXTRA HIGH,Besvar de navngitte kildeoppgavene. Dokumenter hvilken produkt-/versjonsregel som gjelder før redigering; ingen flertallsavgjørelse mellom kilder eller kopiering fra en peer.,"[""document > catalog"", ""optional availability != customer selected"", ""unknown != not covered"", ""provider/type/scope/version isolation"", ""product level and add-on boundaries"", ""side-swap symmetry without invented equivalents"", ""age start/reduction/expiry and object age kept distinct"", ""annual/accumulated/coverage mileage kept distinct"", ""per event/year/lifetime/selected sum kept distinct"", ""source page/hash and fact-specific provenance"", ""same object identity and pricing/TFA are not catalog eligibility""]",Source/scope gate satisfied for listed dimensions only; separate user authorization and regression still required.,"Frozen corpus 2026-09-29, not live current-source verification",Known catalog availability never selects a customer add-on,PLANNED_NOT_IMPLEMENTED,"[""B-003"", ""B-008"", ""B-009"", ""B-010"", ""B-018"", ""B-022"", ""B-036"", ""B-038"", ""B-041"", ""B-048"", ""B-050"", ""B-053"", ""B-060"", ""B-062"", ""B-065"", ""B-070"", ""B-071"", ""B-072"", ""B-075"", ""B-077"", ""B-080"", ""B-087"", ""B-089"", ""B-091"", ""B-109"", ""B-110"", ""B-113"", ""B-116"", ""B-124"", ""B-125"", ""B-128"", ""B-129"", ""B-132"", ""B-133"", ""B-141"", ""B-143"", ""B-144"", ""B-147"", ""B-148"", ""B-152"", ""B-153"", ""B-154"", ""B-155"", ""B-156"", ""B-157"", ""B-160"", ""B-162"", ""B-166"", ""B-175"", ""B-177"", ""B-178"", ""B-181"", ""B-182"", ""B-187"", ""B-195"", ""B-197"", ""B-199"", ""B-200""]",MAIN_AGENT_REVIEW_REQUIRED,One named file owner; source research may be parallel read-only. Disjoint files only after all dependencies pass. No agents launched in this triage.
B-197,5,sparebank1-fremtind · Katt · ordinary: Avklar konflikt eller kildepakke før berørte påstander endres,"[""sparebank1-fremtind"", ""Katt"", ""ordinary"", ""SOURCE""]","[""RC-074""]","[""SCRC-059""]","[""RB-55""]","[""a087a9004297b0c6"", ""edbc9e1bba671325""]",[],2,2,2,2,0,"[""[\""sparebank1-fremtind\"",\""katt\"",\""ordinary\"",\""sparebank1-fremtind-katt-veterin-r\"",\""2025-08-07\""]""]","[""Katt""]","[""sparebank1-fremtind""]","[""ordinary""]","[""sparebank1-fremtind-katt-liv""]",SOURCE_AUTHORITY,SOURCE_RESEARCH,HIGH,SOURCE_RESEARCH_FIRST,MUST_BEFORE_NITO,LIKELY_SHARED_WITH_CUSTOMER_MODE,NOT_PROVEN_REQUIRED,Catalog knowledge improvement is shared where enrichment is eligible; no real customer PDF or extraction conclusion is claimed.,"[""lib/boat-pet-catalog.ts""]",[],tests/remediation-b-197.test.mjs (future; consolidate with relevant existing suite if clearer),"[""SR-004"", ""SR-009""]","[""SR-004"", ""SR-009""]",[],"[""Own-source exact subject/value/unit/period/conditions with page/hash"", ""Exact base, inherited, optional and unavailable product-level combinations"", ""Same-product and both comparison directions; provider-specific facts stay asymmetric where appropriate"", ""Document X versus catalog Y: X wins; silent optional remains unknown; explicit not_selected remains not_selected"", ""Cross-provider/type/scope/version negatives; no customer object/pricing changes"", ""Katt kildekonflikt / deductible (GAP-5629); Liv kildekonflikt / boundary (GAP-5630)""]","[""Compare before/after exact scoped products against independent source-fact inventory"", ""Reverse-check changed claims for support and wrong-level leakage"", ""Re-run linked false-unknown controls with own-source oracle; inspect sources and details"", ""Record closed/reopened signature IDs; targeted family bulk comparison; held-out positive controls"", ""Full existing suite, TypeScript, ESLint, webpack production build, synthetic HTTP/PDF runtime, git diff --check after future implementation""]",GPT-6 ASTRA EXTRA HIGH,Besvar de navngitte kildeoppgavene. Dokumenter hvilken produkt-/versjonsregel som gjelder før redigering; ingen flertallsavgjørelse mellom kilder eller kopiering fra en peer.,"[""document > catalog"", ""optional availability != customer selected"", ""unknown != not covered"", ""provider/type/scope/version isolation"", ""product level and add-on boundaries"", ""side-swap symmetry without invented equivalents"", ""age start/reduction/expiry and object age kept distinct"", ""annual/accumulated/coverage mileage kept distinct"", ""per event/year/lifetime/selected sum kept distinct"", ""source page/hash and fact-specific provenance"", ""same object identity and pricing/TFA are not catalog eligibility""]",Source/scope gate satisfied for listed dimensions only; separate user authorization and regression still required.,"Frozen corpus 2026-09-29, not live current-source verification",Known catalog availability never selects a customer add-on,PLANNED_NOT_IMPLEMENTED,"[""B-003"", ""B-008"", ""B-009"", ""B-010"", ""B-018"", ""B-022"", ""B-036"", ""B-038"", ""B-041"", ""B-048"", ""B-050"", ""B-053"", ""B-060"", ""B-062"", ""B-065"", ""B-070"", ""B-071"", ""B-072"", ""B-075"", ""B-077"", ""B-080"", ""B-087"", ""B-089"", ""B-091"", ""B-109"", ""B-110"", ""B-113"", ""B-116"", ""B-124"", ""B-125"", ""B-128"", ""B-129"", ""B-132"", ""B-133"", ""B-141"", ""B-143"", ""B-144"", ""B-147"", ""B-148"", ""B-152"", ""B-153"", ""B-154"", ""B-155"", ""B-156"", ""B-157"", ""B-160"", ""B-162"", ""B-166"", ""B-175"", ""B-177"", ""B-178"", ""B-181"", ""B-182"", ""B-187"", ""B-195"", ""B-196"", ""B-199"", ""B-200""]",MAIN_AGENT_REVIEW_REQUIRED,One named file owner; source research may be parallel read-only. Disjoint files only after all dependencies pass. No agents launched in this triage.
B-198,5,tryg · Bobil · ordinary: Avklar konflikt eller kildepakke før berørte påstander endres,"[""tryg"", ""Bobil"", ""ordinary"", ""SOURCE""]","[""RC-086""]","[""SCRC-044""]","[""RB-40""]","[""bd26516e25e7570b"", ""f4077e4124b65cde""]",[],2,8,2,8,0,"[""[\""tryg\"",\""bobil\"",\""ordinary\"",\""tryg-bobil-ansvar\"",\""2026-07-01\""]"", ""[\""tryg\"",\""bobil\"",\""ordinary\"",\""tryg-bobil-bobil-ekstra\"",\""2026-07-01\""]"", ""[\""tryg\"",\""bobil\"",\""ordinary\"",\""tryg-bobil-delkasko\"",\""2026-01-01\""]"", ""[\""tryg\"",\""bobil\"",\""ordinary\"",\""tryg-bobil-kasko\"",\""2026-01-01\""]""]","[""Bobil""]","[""tryg""]","[""ordinary""]",[],SOURCE_AUTHORITY,SOURCE_RESEARCH,HIGH,SOURCE_RESEARCH_FIRST,MUST_BEFORE_NITO,LIKELY_SHARED_WITH_CUSTOMER_MODE,NOT_PROVEN_REQUIRED,Catalog knowledge improvement is shared where enrichment is eligible; no real customer PDF or extraction conclusion is claimed.,"[""lib/mc-bobil-tryg-if-catalog.ts""]",[],tests/remediation-b-198.test.mjs (future; consolidate with relevant existing suite if clearer),"[""SR-068""]","[""SR-068""]",[],"[""Own-source exact subject/value/unit/period/conditions with page/hash"", ""Exact base, inherited, optional and unavailable product-level combinations"", ""Same-product and both comparison directions; provider-specific facts stay asymmetric where appropriate"", ""Document X versus catalog Y: X wins; silent optional remains unknown; explicit not_selected remains not_selected"", ""Cross-provider/type/scope/version negatives; no customer object/pricing changes"", ""Avregistrering / videreføring (GAP-4025); Avregistrering / nettside konflikt (GAP-4028)""]","[""Compare before/after exact scoped products against independent source-fact inventory"", ""Reverse-check changed claims for support and wrong-level leakage"", ""Re-run linked false-unknown controls with own-source oracle; inspect sources and details"", ""Record closed/reopened signature IDs; targeted family bulk comparison; held-out positive controls"", ""Full existing suite, TypeScript, ESLint, webpack production build, synthetic HTTP/PDF runtime, git diff --check after future implementation""]",GPT-6 ASTRA EXTRA HIGH,Besvar de navngitte kildeoppgavene. Dokumenter hvilken produkt-/versjonsregel som gjelder før redigering; ingen flertallsavgjørelse mellom kilder eller kopiering fra en peer.,"[""document > catalog"", ""optional availability != customer selected"", ""unknown != not covered"", ""provider/type/scope/version isolation"", ""product level and add-on boundaries"", ""side-swap symmetry without invented equivalents"", ""age start/reduction/expiry and object age kept distinct"", ""annual/accumulated/coverage mileage kept distinct"", ""per event/year/lifetime/selected sum kept distinct"", ""source page/hash and fact-specific provenance"", ""same object identity and pricing/TFA are not catalog eligibility""]",Source/scope gate satisfied for listed dimensions only; separate user authorization and regression still required.,"Frozen corpus 2026-09-29, not live current-source verification",Known catalog availability never selects a customer add-on,PLANNED_NOT_IMPLEMENTED,"[""B-059"", ""B-066"", ""B-086"", ""B-092"", ""B-140"", ""B-174"", ""B-183"", ""B-202""]",MAIN_AGENT_REVIEW_REQUIRED,One named file owner; source research may be parallel read-only. Disjoint files only after all dependencies pass. No agents launched in this triage.
B-199,5,tryg · Båt · ordinary: Avklar konflikt eller kildepakke før berørte påstander endres,"[""tryg"", ""Båt"", ""ordinary"", ""SOURCE""]","[""RC-082""]","[""SCRC-046""]","[""RB-42""]","[""28c0c8fe4294413f"", ""5b2547a6071ecad9""]",[],2,7,2,7,0,"[""[\""tryg\"",\""båt\"",\""ordinary\"",\""tryg-bat-ansvar\"",\""2024-07-01\""]"", ""[\""tryg\"",\""båt\"",\""ordinary\"",\""tryg-bat-bat-ekstra\"",\""2024-07-01\""]"", ""[\""tryg\"",\""båt\"",\""ordinary\"",\""tryg-bat-brann-ansvar\"",\""2024-07-01\""]"", ""[\""tryg\"",\""båt\"",\""ordinary\"",\""tryg-bat-brann-tyveri-ansvar\"",\""2024-07-01\""]"", ""[\""tryg\"",\""båt\"",\""ordinary\"",\""tryg-bat-kasko-ansvar\"",\""2024-07-01\""]""]","[""Båt""]","[""tryg""]","[""ordinary""]","[""tryg-bat-maskinskade""]",SOURCE_AUTHORITY,SOURCE_RESEARCH,HIGH,SOURCE_RESEARCH_FIRST,MUST_BEFORE_NITO,LIKELY_SHARED_WITH_CUSTOMER_MODE,NOT_PROVEN_REQUIRED,Catalog knowledge improvement is shared where enrichment is eligible; no real customer PDF or extraction conclusion is claimed.,"[""lib/boat-pet-catalog.ts""]",[],tests/remediation-b-199.test.mjs (future; consolidate with relevant existing suite if clearer),"[""SR-059"", ""SR-060""]","[""SR-059"", ""SR-060""]",[],"[""Own-source exact subject/value/unit/period/conditions with page/hash"", ""Exact base, inherited, optional and unavailable product-level combinations"", ""Same-product and both comparison directions; provider-specific facts stay asymmetric where appropriate"", ""Document X versus catalog Y: X wins; silent optional remains unknown; explicit not_selected remains not_selected"", ""Cross-provider/type/scope/version negatives; no customer object/pricing changes"", ""Generelt / kildetilgang (GAP-4262); Maskinskade / valgfri/alder (GAP-4297)""]","[""Compare before/after exact scoped products against independent source-fact inventory"", ""Reverse-check changed claims for support and wrong-level leakage"", ""Re-run linked false-unknown controls with own-source oracle; inspect sources and details"", ""Record closed/reopened signature IDs; targeted family bulk comparison; held-out positive controls"", ""Full existing suite, TypeScript, ESLint, webpack production build, synthetic HTTP/PDF runtime, git diff --check after future implementation""]",GPT-6 ASTRA EXTRA HIGH,Besvar de navngitte kildeoppgavene. Dokumenter hvilken produkt-/versjonsregel som gjelder før redigering; ingen flertallsavgjørelse mellom kilder eller kopiering fra en peer.,"[""document > catalog"", ""optional availability != customer selected"", ""unknown != not covered"", ""provider/type/scope/version isolation"", ""product level and add-on boundaries"", ""side-swap symmetry without invented equivalents"", ""age start/reduction/expiry and object age kept distinct"", ""annual/accumulated/coverage mileage kept distinct"", ""per event/year/lifetime/selected sum kept distinct"", ""source page/hash and fact-specific provenance"", ""same object identity and pricing/TFA are not catalog eligibility""]",Source/scope gate satisfied for listed dimensions only; separate user authorization and regression still required.,"Frozen corpus 2026-09-29, not live current-source verification",Known catalog availability never selects a customer add-on,PLANNED_NOT_IMPLEMENTED,"[""B-003"", ""B-008"", ""B-009"", ""B-010"", ""B-018"", ""B-022"", ""B-036"", ""B-038"", ""B-041"", ""B-048"", ""B-050"", ""B-053"", ""B-060"", ""B-062"", ""B-065"", ""B-070"", ""B-071"", ""B-072"", ""B-075"", ""B-077"", ""B-080"", ""B-087"", ""B-089"", ""B-091"", ""B-109"", ""B-110"", ""B-113"", ""B-116"", ""B-124"", ""B-125"", ""B-128"", ""B-129"", ""B-132"", ""B-133"", ""B-141"", ""B-143"", ""B-144"", ""B-147"", ""B-148"", ""B-152"", ""B-153"", ""B-154"", ""B-155"", ""B-156"", ""B-157"", ""B-160"", ""B-162"", ""B-166"", ""B-175"", ""B-177"", ""B-178"", ""B-181"", ""B-182"", ""B-187"", ""B-195"", ""B-196"", ""B-197"", ""B-200""]",MAIN_AGENT_REVIEW_REQUIRED,One named file owner; source research may be parallel read-only. Disjoint files only after all dependencies pass. No agents launched in this triage.
B-200,5,tryg · Hund · ordinary: Avklar konflikt eller kildepakke før berørte påstander endres,"[""tryg"", ""Hund"", ""ordinary"", ""SOURCE""]","[""RC-084""]","[""SCRC-047""]","[""RB-43""]","[""28c4c7f35725e234""]",[],1,1,1,1,0,"[""[\""tryg\"",\""hund\"",\""ordinary\"",\""tryg-hund-behandling\"",\""2026-09-01\""]""]","[""Hund""]","[""tryg""]","[""ordinary""]",[],SOURCE_AUTHORITY,SOURCE_RESEARCH,HIGH,SOURCE_RESEARCH_FIRST,MUST_BEFORE_NITO,LIKELY_SHARED_WITH_CUSTOMER_MODE,NOT_PROVEN_REQUIRED,Catalog knowledge improvement is shared where enrichment is eligible; no real customer PDF or extraction conclusion is claimed.,"[""lib/boat-pet-catalog.ts""]",[],tests/remediation-b-200.test.mjs (future; consolidate with relevant existing suite if clearer),"[""SR-065""]","[""SR-065""]",[],"[""Own-source exact subject/value/unit/period/conditions with page/hash"", ""Exact base, inherited, optional and unavailable product-level combinations"", ""Same-product and both comparison directions; provider-specific facts stay asymmetric where appropriate"", ""Document X versus catalog Y: X wins; silent optional remains unknown; explicit not_selected remains not_selected"", ""Cross-provider/type/scope/version negatives; no customer object/pricing changes"", ""Avlivning / kildekonflikt (GAP-4363)""]","[""Compare before/after exact scoped products against independent source-fact inventory"", ""Reverse-check changed claims for support and wrong-level leakage"", ""Re-run linked false-unknown controls with own-source oracle; inspect sources and details"", ""Record closed/reopened signature IDs; targeted family bulk comparison; held-out positive controls"", ""Full existing suite, TypeScript, ESLint, webpack production build, synthetic HTTP/PDF runtime, git diff --check after future implementation""]",GPT-6 ASTRA EXTRA HIGH,Besvar de navngitte kildeoppgavene. Dokumenter hvilken produkt-/versjonsregel som gjelder før redigering; ingen flertallsavgjørelse mellom kilder eller kopiering fra en peer.,"[""document > catalog"", ""optional availability != customer selected"", ""unknown != not covered"", ""provider/type/scope/version isolation"", ""product level and add-on boundaries"", ""side-swap symmetry without invented equivalents"", ""age start/reduction/expiry and object age kept distinct"", ""annual/accumulated/coverage mileage kept distinct"", ""per event/year/lifetime/selected sum kept distinct"", ""source page/hash and fact-specific provenance"", ""same object identity and pricing/TFA are not catalog eligibility""]",Source/scope gate satisfied for listed dimensions only; separate user authorization and regression still required.,"Frozen corpus 2026-09-29, not live current-source verification",Known catalog availability never selects a customer add-on,PLANNED_NOT_IMPLEMENTED,"[""B-003"", ""B-008"", ""B-009"", ""B-010"", ""B-018"", ""B-022"", ""B-036"", ""B-038"", ""B-041"", ""B-048"", ""B-050"", ""B-053"", ""B-060"", ""B-062"", ""B-065"", ""B-070"", ""B-071"", ""B-072"", ""B-075"", ""B-077"", ""B-080"", ""B-087"", ""B-089"", ""B-091"", ""B-109"", ""B-110"", ""B-113"", ""B-116"", ""B-124"", ""B-125"", ""B-128"", ""B-129"", ""B-132"", ""B-133"", ""B-141"", ""B-143"", ""B-144"", ""B-147"", ""B-148"", ""B-152"", ""B-153"", ""B-154"", ""B-155"", ""B-156"", ""B-157"", ""B-160"", ""B-162"", ""B-166"", ""B-175"", ""B-177"", ""B-178"", ""B-181"", ""B-182"", ""B-187"", ""B-195"", ""B-196"", ""B-197"", ""B-199""]",MAIN_AGENT_REVIEW_REQUIRED,One named file owner; source research may be parallel read-only. Disjoint files only after all dependencies pass. No agents launched in this triage.
B-201,5,tryg · Innbo · ordinary: Avklar konflikt eller kildepakke før berørte påstander endres,"[""tryg"", ""Innbo"", ""ordinary"", ""SOURCE""]","[""RC-083""]","[""SCRC-048""]","[""RB-44""]","[""ceb75223f15b7270""]",[],1,1,1,1,0,"[""[\""tryg\"",\""innbo\"",\""ordinary\"",\""tryg-innbo-ekstra\"",\""2026-07-01\""]""]","[""Innbo""]","[""tryg""]","[""ordinary""]",[],SOURCE_AUTHORITY,SOURCE_RESEARCH,HIGH,SOURCE_RESEARCH_FIRST,MUST_BEFORE_NITO,LIKELY_SHARED_WITH_CUSTOMER_MODE,NOT_PROVEN_REQUIRED,Catalog knowledge improvement is shared where enrichment is eligible; no real customer PDF or extraction conclusion is claimed.,"[""lib/tryg-innbo-catalog.ts""]",[],tests/remediation-b-201.test.mjs (future; consolidate with relevant existing suite if clearer),"[""SR-064""]","[""SR-064""]",[],"[""Own-source exact subject/value/unit/period/conditions with page/hash"", ""Exact base, inherited, optional and unavailable product-level combinations"", ""Same-product and both comparison directions; provider-specific facts stay asymmetric where appropriate"", ""Document X versus catalog Y: X wins; silent optional remains unknown; explicit not_selected remains not_selected"", ""Cross-provider/type/scope/version negatives; no customer object/pricing changes"", ""IPID/fullvilkår / conflict_candidate (GAP-4449)""]","[""Compare before/after exact scoped products against independent source-fact inventory"", ""Reverse-check changed claims for support and wrong-level leakage"", ""Re-run linked false-unknown controls with own-source oracle; inspect sources and details"", ""Record closed/reopened signature IDs; targeted family bulk comparison; held-out positive controls"", ""Full existing suite, TypeScript, ESLint, webpack production build, synthetic HTTP/PDF runtime, git diff --check after future implementation""]",GPT-6 ASTRA EXTRA HIGH,Besvar de navngitte kildeoppgavene. Dokumenter hvilken produkt-/versjonsregel som gjelder før redigering; ingen flertallsavgjørelse mellom kilder eller kopiering fra en peer.,"[""document > catalog"", ""optional availability != customer selected"", ""unknown != not covered"", ""provider/type/scope/version isolation"", ""product level and add-on boundaries"", ""side-swap symmetry without invented equivalents"", ""age start/reduction/expiry and object age kept distinct"", ""annual/accumulated/coverage mileage kept distinct"", ""per event/year/lifetime/selected sum kept distinct"", ""source page/hash and fact-specific provenance"", ""same object identity and pricing/TFA are not catalog eligibility""]",Source/scope gate satisfied for listed dimensions only; separate user authorization and regression still required.,"Frozen corpus 2026-09-29, not live current-source verification",Known catalog availability never selects a customer add-on,PLANNED_NOT_IMPLEMENTED,"[""B-011"", ""B-015"", ""B-090"", ""B-179"", ""B-180""]",MAIN_AGENT_REVIEW_REQUIRED,One named file owner; source research may be parallel read-only. Disjoint files only after all dependencies pass. No agents launched in this triage.
B-202,5,tryg · MC · ordinary: Avklar konflikt eller kildepakke før berørte påstander endres,"[""tryg"", ""MC"", ""ordinary"", ""SOURCE""]","[""RC-085""]","[""SCRC-044""]","[""RB-40""]","[""f410130831e36a57""]",[],1,4,1,4,0,"[""[\""tryg\"",\""mc\"",\""ordinary\"",\""tryg-mc-ansvar\"",\""2026-07-01\""]"", ""[\""tryg\"",\""mc\"",\""ordinary\"",\""tryg-mc-delkasko\"",\""2026-01-01\""]"", ""[\""tryg\"",\""mc\"",\""ordinary\"",\""tryg-mc-kasko\"",\""2026-07-01\""]"", ""[\""tryg\"",\""mc\"",\""ordinary\"",\""tryg-mc-mc-ekstra\"",\""2026-07-01\""]""]","[""MC""]","[""tryg""]","[""ordinary""]",[],SOURCE_AUTHORITY,SOURCE_RESEARCH,HIGH,SOURCE_RESEARCH_FIRST,MUST_BEFORE_NITO,LIKELY_SHARED_WITH_CUSTOMER_MODE,NOT_PROVEN_REQUIRED,Catalog knowledge improvement is shared where enrichment is eligible; no real customer PDF or extraction conclusion is claimed.,"[""lib/mc-bobil-tryg-if-catalog.ts""]",[],tests/remediation-b-202.test.mjs (future; consolidate with relevant existing suite if clearer),"[""SR-067""]","[""SR-067""]",[],"[""Own-source exact subject/value/unit/period/conditions with page/hash"", ""Exact base, inherited, optional and unavailable product-level combinations"", ""Same-product and both comparison directions; provider-specific facts stay asymmetric where appropriate"", ""Document X versus catalog Y: X wins; silent optional remains unknown; explicit not_selected remains not_selected"", ""Cross-provider/type/scope/version negatives; no customer object/pricing changes"", ""Geografi / nettside konflikt (GAP-3959)""]","[""Compare before/after exact scoped products against independent source-fact inventory"", ""Reverse-check changed claims for support and wrong-level leakage"", ""Re-run linked false-unknown controls with own-source oracle; inspect sources and details"", ""Record closed/reopened signature IDs; targeted family bulk comparison; held-out positive controls"", ""Full existing suite, TypeScript, ESLint, webpack production build, synthetic HTTP/PDF runtime, git diff --check after future implementation""]",GPT-6 ASTRA EXTRA HIGH,Besvar de navngitte kildeoppgavene. Dokumenter hvilken produkt-/versjonsregel som gjelder før redigering; ingen flertallsavgjørelse mellom kilder eller kopiering fra en peer.,"[""document > catalog"", ""optional availability != customer selected"", ""unknown != not covered"", ""provider/type/scope/version isolation"", ""product level and add-on boundaries"", ""side-swap symmetry without invented equivalents"", ""age start/reduction/expiry and object age kept distinct"", ""annual/accumulated/coverage mileage kept distinct"", ""per event/year/lifetime/selected sum kept distinct"", ""source page/hash and fact-specific provenance"", ""same object identity and pricing/TFA are not catalog eligibility""]",Source/scope gate satisfied for listed dimensions only; separate user authorization and regression still required.,"Frozen corpus 2026-09-29, not live current-source verification",Known catalog availability never selects a customer add-on,PLANNED_NOT_IMPLEMENTED,"[""B-059"", ""B-066"", ""B-086"", ""B-092"", ""B-140"", ""B-174"", ""B-183"", ""B-198""]",MAIN_AGENT_REVIEW_REQUIRED,One named file owner; source research may be parallel read-only. Disjoint files only after all dependencies pass. No agents launched in this triage.
B-203,5,tryg · Reise · ordinary: Avklar konflikt eller kildepakke før berørte påstander endres,"[""tryg"", ""Reise"", ""ordinary"", ""SOURCE""]","[""RC-088""]","[""SCRC-050""]","[""RB-46""]","[""998fe4450716f4e4""]",[],1,1,1,1,0,"[""[\""tryg\"",\""reise\"",\""ordinary\"",\""tryg-reise-ekstra\"",\""2026-09-20-canonical\""]""]","[""Reise""]","[""tryg""]","[""ordinary""]",[],SOURCE_AUTHORITY,SOURCE_RESEARCH,HIGH,SOURCE_RESEARCH_FIRST,MUST_BEFORE_NITO,LIKELY_SHARED_WITH_CUSTOMER_MODE,NOT_PROVEN_REQUIRED,Catalog knowledge improvement is shared where enrichment is eligible; no real customer PDF or extraction conclusion is claimed.,"[""lib/tryg-reise-catalog.ts""]",[],tests/remediation-b-203.test.mjs (future; consolidate with relevant existing suite if clearer),"[""SR-070""]","[""SR-070""]",[],"[""Own-source exact subject/value/unit/period/conditions with page/hash"", ""Exact base, inherited, optional and unavailable product-level combinations"", ""Same-product and both comparison directions; provider-specific facts stay asymmetric where appropriate"", ""Document X versus catalog Y: X wins; silent optional remains unknown; explicit not_selected remains not_selected"", ""Cross-provider/type/scope/version negatives; no customer object/pricing changes"", ""Reiselengde / standard_conflict (GAP-4490)""]","[""Compare before/after exact scoped products against independent source-fact inventory"", ""Reverse-check changed claims for support and wrong-level leakage"", ""Re-run linked false-unknown controls with own-source oracle; inspect sources and details"", ""Record closed/reopened signature IDs; targeted family bulk comparison; held-out positive controls"", ""Full existing suite, TypeScript, ESLint, webpack production build, synthetic HTTP/PDF runtime, git diff --check after future implementation""]",GPT-6 ASTRA EXTRA HIGH,Besvar de navngitte kildeoppgavene. Dokumenter hvilken produkt-/versjonsregel som gjelder før redigering; ingen flertallsavgjørelse mellom kilder eller kopiering fra en peer.,"[""document > catalog"", ""optional availability != customer selected"", ""unknown != not covered"", ""provider/type/scope/version isolation"", ""product level and add-on boundaries"", ""side-swap symmetry without invented equivalents"", ""age start/reduction/expiry and object age kept distinct"", ""annual/accumulated/coverage mileage kept distinct"", ""per event/year/lifetime/selected sum kept distinct"", ""source page/hash and fact-specific provenance"", ""same object identity and pricing/TFA are not catalog eligibility""]",Source/scope gate satisfied for listed dimensions only; separate user authorization and regression still required.,"Frozen corpus 2026-09-29, not live current-source verification",Known catalog availability never selects a customer add-on,PLANNED_NOT_IMPLEMENTED,"[""B-093"", ""B-184""]",MAIN_AGENT_REVIEW_REQUIRED,One named file owner; source research may be parallel read-only. Disjoint files only after all dependencies pass. No agents launched in this triage.
B-204,5,tryg · Snøscooter · ordinary: Avklar konflikt eller kildepakke før berørte påstander endres,"[""tryg"", ""Snøscooter"", ""ordinary"", ""SOURCE""]","[""RC-087""]","[""SCRC-045""]","[""RB-41""]","[""0c38cf6a62832220""]",[],1,3,1,3,0,"[""[\""tryg\"",\""snøscooter\"",\""ordinary\"",\""tryg-snoscooter-ansvar\"",null]"", ""[\""tryg\"",\""snøscooter\"",\""ordinary\"",\""tryg-snoscooter-brann-og-tyveri\"",null]"", ""[\""tryg\"",\""snøscooter\"",\""ordinary\"",\""tryg-snoscooter-kasko\"",null]""]","[""Snøscooter""]","[""tryg""]","[""ordinary""]",[],SOURCE_AUTHORITY,SOURCE_RESEARCH,HIGH,SOURCE_RESEARCH_FIRST,MUST_BEFORE_NITO,LIKELY_SHARED_WITH_CUSTOMER_MODE,NOT_PROVEN_REQUIRED,Catalog knowledge improvement is shared where enrichment is eligible; no real customer PDF or extraction conclusion is claimed.,"[""lib/vehicle-object-catalog.ts""]",[],tests/remediation-b-204.test.mjs (future; consolidate with relevant existing suite if clearer),"[""SR-069""]","[""SR-069""]",[],"[""Own-source exact subject/value/unit/period/conditions with page/hash"", ""Exact base, inherited, optional and unavailable product-level combinations"", ""Same-product and both comparison directions; provider-specific facts stay asymmetric where appropriate"", ""Document X versus catalog Y: X wins; silent optional remains unknown; explicit not_selected remains not_selected"", ""Cross-provider/type/scope/version negatives; no customer object/pricing changes"", ""Avregistrering / regelkonflikt (GAP-4091)""]","[""Compare before/after exact scoped products against independent source-fact inventory"", ""Reverse-check changed claims for support and wrong-level leakage"", ""Re-run linked false-unknown controls with own-source oracle; inspect sources and details"", ""Record closed/reopened signature IDs; targeted family bulk comparison; held-out positive controls"", ""Full existing suite, TypeScript, ESLint, webpack production build, synthetic HTTP/PDF runtime, git diff --check after future implementation""]",GPT-6 ASTRA EXTRA HIGH,Besvar de navngitte kildeoppgavene. Dokumenter hvilken produkt-/versjonsregel som gjelder før redigering; ingen flertallsavgjørelse mellom kilder eller kopiering fra en peer.,"[""document > catalog"", ""optional availability != customer selected"", ""unknown != not covered"", ""provider/type/scope/version isolation"", ""product level and add-on boundaries"", ""side-swap symmetry without invented equivalents"", ""age start/reduction/expiry and object age kept distinct"", ""annual/accumulated/coverage mileage kept distinct"", ""per event/year/lifetime/selected sum kept distinct"", ""source page/hash and fact-specific provenance"", ""same object identity and pricing/TFA are not catalog eligibility""]",Source/scope gate satisfied for listed dimensions only; separate user authorization and regression still required.,"Frozen corpus 2026-09-29, not live current-source verification",Known catalog availability never selects a customer add-on,PLANNED_NOT_IMPLEMENTED,"[""B-024"", ""B-025"", ""B-026"", ""B-027"", ""B-037"", ""B-044"", ""B-045"", ""B-049"", ""B-056"", ""B-057"", ""B-061"", ""B-068"", ""B-069"", ""B-076"", ""B-083"", ""B-084"", ""B-088"", ""B-094"", ""B-095"", ""B-096"", ""B-097"", ""B-098"", ""B-099"", ""B-100"", ""B-111"", ""B-112"", ""B-118"", ""B-119"", ""B-120"", ""B-126"", ""B-127"", ""B-136"", ""B-137"", ""B-138"", ""B-142"", ""B-150"", ""B-151"", ""B-161"", ""B-169"", ""B-170"", ""B-171"", ""B-172"", ""B-176"", ""B-185"", ""B-186"", ""B-188"", ""B-189"", ""B-194""]",MAIN_AGENT_REVIEW_REQUIRED,One named file owner; source research may be parallel read-only. Disjoint files only after all dependencies pass. No agents launched in this triage.
B-205,6,fremtind-eika-legacy · Reise · ordinary: Historisk Eika: behold separat utbedringsplan,"[""fremtind-eika-legacy"", ""Reise"", ""ordinary"", ""HISTORICAL""]","[""RC-072""]","[""SCRC-055""]","[""RB-51""]","[""0177d006e35081bf"", ""01c571aed2922601"", ""081897ea9890dd48"", ""19e07ca100e66430"", ""30fc68fdaa903cfb"", ""4298f951ca3c66c3"", ""42c2a36bff254c04"", ""48f198515fc0f302"", ""4b74844f6e3299d6"", ""5451f3cd4d1439f3"", ""57772b5d65c12f6e"", ""614e6706ae2502ce"", ""6a8fa7667b6b4f31"", ""6aef26441eb0791f"", ""765fd5db190904d0"", ""891c9fac3031a8ee"", ""b2dfb452aaacba84"", ""b62a64284e4abbe1"", ""c05c0db230591fe9"", ""cb3e9dc1ef2d6684"", ""cc9b15fa0f3121c0""]",[],21,37,21,37,0,"[""[\""fremtind-eika-legacy\"",\""reise\"",\""ordinary\"",\""eika-reise-p10\"",\""P10-P10P-2025-01-01\""]"", ""[\""fremtind-eika-legacy\"",\""reise\"",\""ordinary\"",\""eika-reise-pluss-p10\"",\""P10-P10P-2025-01-01\""]""]","[""Reise""]","[""fremtind-eika-legacy""]","[""ordinary""]",[],HISTORICAL_SCOPE,DEFERRED,LOW,DEFERRED,DEFER_UNTIL_HISTORICAL_SUPPORTED,LIKELY_SHARED_WITH_CUSTOMER_MODE,NOT_PROVEN_REQUIRED,Catalog knowledge improvement is shared where enrichment is eligible; no real customer PDF or extraction conclusion is claimed.,"[""lib/fremtind-reise-catalog.ts""]",[],tests/remediation-b-205.test.mjs (future; consolidate with relevant existing suite if clearer),[],[],[],"[""Own-source exact subject/value/unit/period/conditions with page/hash"", ""Exact base, inherited, optional and unavailable product-level combinations"", ""Same-product and both comparison directions; provider-specific facts stay asymmetric where appropriate"", ""Document X versus catalog Y: X wins; silent optional remains unknown; explicit not_selected remains not_selected"", ""Cross-provider/type/scope/version negatives; no customer object/pricing changes"", ""Personer / eligibility (GAP-5179); Evakuering / limits (GAP-5181); Reisegods / sublimits (GAP-5183); Eneste ledsager / sum (GAP-5194); Forsinket fremmøte / limits (GAP-5200); Forsinket fremmøte sykdom / limits (GAP-5201); Forsinket avgang / limits (GAP-5202); Forsinket bagasje / limits (GAP-5203); Avbestilling / limits (GAP-5204); Avbestilling / triggers (GAP-5205); Ulykke / sums (GAP-5208); Ulykke behandling / limits (GAP-5211); Historisk produktisolasjon / reise.personer.omfang (GAP-5212); Historisk produktisolasjon / reise.bagasje.mobil (GAP-5213); Historisk produktisolasjon / reise.bagasje.mobil_egenandel (GAP-5214); Historisk produktisolasjon / reise.omrade.ud (GAP-5215); Avbestilling / group (GAP-5250); Historisk produktisolasjon / reise.rettshjelp.egenandel (GAP-5256); Historisk produktisolasjon / reise.ulykke.behandling (GAP-5257); Historisk produktisolasjon / reise.ulykke.behandling_egenandel (GAP-5258); Historisk produktisolasjon / reise.ulykke.tann_egenandel (GAP-5259)""]","[""Compare before/after exact scoped products against independent source-fact inventory"", ""Reverse-check changed claims for support and wrong-level leakage"", ""Re-run linked false-unknown controls with own-source oracle; inspect sources and details"", ""Record closed/reopened signature IDs; targeted family bulk comparison; held-out positive controls"", ""Full existing suite, TypeScript, ESLint, webpack production build, synthetic HTTP/PDF runtime, git diff --check after future implementation""]",GPT-6 SOL MEDIUM,Ingen endring i aktiv pilotbatch. P10/P15 må avklares/rettes før disse historiske kundeproduktene sammenlignes; avgrensningen er ikke en friskmelding av historisk PDF-flyt.,"[""document > catalog"", ""optional availability != customer selected"", ""unknown != not covered"", ""provider/type/scope/version isolation"", ""product level and add-on boundaries"", ""side-swap symmetry without invented equivalents"", ""age start/reduction/expiry and object age kept distinct"", ""annual/accumulated/coverage mileage kept distinct"", ""per event/year/lifetime/selected sum kept distinct"", ""source page/hash and fact-specific provenance"", ""same object identity and pricing/TFA are not catalog eligibility""]",Source/scope gate satisfied for listed dimensions only; separate user authorization and regression still required.,"Frozen corpus 2026-09-29, not live current-source verification",Known catalog availability never selects a customer add-on,PLANNED_NOT_IMPLEMENTED,"[""B-017"", ""B-032"", ""B-105"", ""B-192""]",MAIN_AGENT_REVIEW_REQUIRED,One named file owner; source research may be parallel read-only. Disjoint files only after all dependencies pass. No agents launched in this triage.
