existing_root_cause_id,final_root_cause_id,status,merge_target,split_targets,evidence_strength,affected_signatures,affected_products,final_batch_ids,rationale,original_evidence
SCRC-001,"[""RC-026"", ""RC-029"", ""RC-065"", ""RC-067""]",SPLIT,"[""RC-065"", ""RC-067""]","[""RC-026"", ""RC-029"", ""RC-065"", ""RC-067""]",HIGH for observed omission location; MEDIUM for systemic explanation,"[""0087d955db68ec78"", ""01ac0a38f55c121b"", ""0a6b5f6f535df685"", ""0d61d1a7bc6dc0c5"", ""0db832c54fb3dde2"", ""0ed3c3d9386ee3b3"", ""10827e5b0787e139"", ""151f5e5882a60f8a"", ""1a892b0a38fe9429"", ""1f56c194d413f97d"", ""20953936e7e7abad"", ""25b4c1acafb2e2eb"", ""27a3d6b59dc9aeca"", ""2828771d4baf4ac2"", ""28c15328bda2a2d9"", ""2c0c65ca2119fca2"", ""32b3f60dde638f65"", ""369e717466e136f0"", ""373413bc13517ff4"", ""378989acc2337511"", ""382d34c4d4cda824"", ""3f4b9eff50404590"", ""4165f79344a7d572"", ""42a5982d04bf9b1e"", ""446407b317c1c523"", ""48393aac0a200fe5"", ""54ae4b12e928dd11"", ""55e1b588f72444f9"", ""5701f588e72ca6c3"", ""57c422d8c58797b4"", ""5839d2c13e186676"", ""63020f194a2a25a6"", ""64362968dd99464a"", ""6694fdccb6c7b37d"", ""6ad3fc70d6926857"", ""6e752de2603890a3"", ""72170f7dfe5c91b6"", ""7529d5b021d1dfc6"", ""793a58aca239b02d"", ""7b2587a3bbc0c772"", ""7f02e09f7956b0eb"", ""803704e504a38d6e"", ""81c7b73803d230ea"", ""82de77629020a9d3"", ""866f73f728048a94"", ""86f0e4763bb31394"", ""8a3ce8f8c8e0ea33"", ""8b8abda204dd0564"", ""8c14a1328e5080cf"", ""8cbf061ecadfbf46"", ""8e8fa63b8ca56030"", ""8e9d297cb0d1bd0e"", ""91417a5614700e42"", ""92d8d76ad43d72dd"", ""9435abd0fc5d7139"", ""99c87c51318645c1"", ""9a64ae9fba346641"", ""9c95eb2b5925f713"", ""9ca996dbd86ce426"", ""a0024020f2107281"", ""a1bd779b652a6317"", ""aa529ea279f10b24"", ""aaafded8c49343e9"", ""ab64b936cb5cb6f0"", ""aca7572371daf740"", ""ad3f56a9e948c0b5"", ""adb1ec0451b913cb"", ""b48008c40080fed3"", ""b5792662cc2fa9f8"", ""b5ff71687e44318f"", ""b8efe7743ad4a03c"", ""ba08b96d5cbf29ff"", ""bd99b54adec1807b"", ""bdc4eb058ae17219"", ""c1440948744bfa17"", ""c5ccc4f26fd475ae"", ""c77ea306e5a82c73"", ""cae2b5dab8841467"", ""d43c10f1ae8d8de8"", ""d4ff446dd43dc6eb"", ""d8967dc3c7d6dd86"", ""de302c258698dbde"", ""e14fd27a12c11449"", ""e7ae996fe7dc4716"", ""e9ad691aac4ac8b9"", ""f2b584e0c2acae57"", ""f474a757ceae82a7"", ""f8bd15c89bc0dbd6"", ""f988d32d0d4e8c3f"", ""fa2a52a2f8377a5f"", ""fb730ac756e99ad3"", ""fbe23495ae09afb3"", ""fde1d80bd8ad0b15""]","[""[\""gjensidige\"",\""hund\"",\""ordinary\"",\""gjensidige-hund-behandling\"",null]"", ""[\""gjensidige\"",\""katt\"",\""ordinary\"",\""gjensidige-katt-behandling\"",null]"", ""[\""tryg\"",\""hund\"",\""ordinary\"",\""tryg-hund-behandling\"",\""2026-09-01\""]"", ""[\""tryg\"",\""katt\"",\""ordinary\"",\""tryg-katt-behandling\"",\""2026-09-01\""]""]","[""B-050"", ""B-053"", ""B-089"", ""B-091"", ""B-128"", ""B-129"", ""B-132"", ""B-133"", ""B-177"", ""B-178"", ""B-181"", ""B-182""]","Split by actual product authoring boundary, incorrect claim, inheritance and readiness. Repeated early/late reviews coalesce only for the same scoped operation; similar symptoms alone do not merge providers.","lib/boat-pet-catalog.ts:12–19,117–124,149–152; docs/boat-pet-source-audit.md:11; runtime full snapshot. Builder mapper bare gitte rows (lib/boat-pet-catalog-builder.ts:38–69). gjensidige-pet-independent-inventory53rules; complete8artifacts. Existingcustomerchoiceunknownsprotected."
SCRC-002,"[""RC-038"", ""RC-041""]",SPLIT,"[""RC-038"", ""RC-041""]","[""RC-038"", ""RC-041""]",HIGH for observed omission location; MEDIUM for systemic explanation,"[""06e0d3656c844b4e"", ""13dd5fb68cb6608a"", ""14f1659d7deca726"", ""227cf8a214bfb66a"", ""23bdbc9b786c02da"", ""2879b34d37585633"", ""3ff115fa72b6972f"", ""47c04f60b45c9fd9"", ""527883b8fd718af7"", ""60604b48df670cfe"", ""648fbba4be12af9d"", ""6eff25c2c8207516"", ""6fbf66f1b3ffc64d"", ""77c42af3c823a2d7"", ""7b3858af27a7a47d"", ""801e0e367553e02f"", ""88aeaa94ca507b76"", ""a4af300967811a01"", ""b6f365d4df91e6f6"", ""ea621195dd3b2470"", ""fbe62d1dfbbd54bb""]","[""[\""if\"",\""hund\"",\""ordinary\"",\""if-hund-basis\"",\""2022-12-01\""]"", ""[\""if\"",\""hund\"",\""ordinary\"",\""if-hund-standard\"",\""2022-12-01\""]"", ""[\""if\"",\""hund\"",\""ordinary\"",\""if-hund-super\"",\""2022-12-01\""]"", ""[\""if\"",\""katt\"",\""ordinary\"",\""if-katt-basis\"",\""2022-12-01\""]"", ""[\""if\"",\""katt\"",\""ordinary\"",\""if-katt-standard\"",\""2022-12-01\""]"", ""[\""if\"",\""katt\"",\""ordinary\"",\""if-katt-super\"",\""2022-12-01\""]""]","[""B-062"", ""B-065"", ""B-143"", ""B-144"", ""B-147"", ""B-148""]","Split by actual product authoring boundary, incorrect claim, inheritance and readiness. Repeated early/late reviews coalesce only for the same scoped operation; similar symptoms alone do not merge providers.","lib/boat-pet-catalog.ts:125–128; If fullvilkår5.1,6.2.1. Runtime har ingen skjult mer presis materialisering."
SCRC-003,"[""RC-012"", ""RC-024"", ""RC-051"", ""RC-089""]",SPLIT,"[""RC-051""]","[""RC-012"", ""RC-024"", ""RC-051"", ""RC-089""]",HIGH for observed omission location; MEDIUM for systemic explanation,"[""0013f19e60c25941"", ""001697cc06503feb"", ""0117821ac167a185"", ""0269141925857de7"", ""02bc099c4a0c0048"", ""03869197440768b4"", ""074c4174bd4b553f"", ""09c8ab65ee3845d2"", ""0b2cb35f34b74837"", ""0c79538df3c9eee3"", ""11b26f0512eadf0d"", ""151308b054600999"", ""19a6f0a72f67037b"", ""19bb50f70527d6e9"", ""1c95e7f30c790a1e"", ""1e2f3811dfd4f614"", ""21bfcd877d2ea39a"", ""2592c13d72614038"", ""26d05391ac658832"", ""2bb49ef5c201594b"", ""2f4bf5b9b96fa34e"", ""315c6b0a830a6953"", ""353ea059f16f241b"", ""3ca83d138a305415"", ""3e4f63d32c6df170"", ""3f740cb354242b93"", ""41d3f3d5b1f7e81c"", ""426bb0e9e31fd5a0"", ""44df142aadbcd423"", ""48ea935fb497494e"", ""4b0caf4222b7fe2f"", ""51b5a0ccd2ac09c6"", ""53e62b82474c6cab"", ""555711b783af29e7"", ""56ca0ab0de6c9c38"", ""5707facbe53edca3"", ""5b7b081f95cdabfa"", ""5d72691cfbad7599"", ""61aa441e3be9659a"", ""64243385e68bf310"", ""65c211b99e57a86f"", ""66f3c8cd4d2a9c09"", ""691a71ad5533be1a"", ""6aa1129b090c4803"", ""6c648df764604e39"", ""6d069f0e89d71254"", ""6d2e38a894cdbea8"", ""6e0088f510319d31"", ""7097c790498a9e1c"", ""741711cbf120a2dc"", ""786da1bedd2eb70b"", ""7b73f956ed3a62e1"", ""7bb970ed839764b7"", ""7c8f078d1652d950"", ""7c9d5fe0bbb7c656"", ""7d6f34b5b6251fb1"", ""7e1dc8e44ae925c1"", ""7f59f5f0968cdb8a"", ""8250d101fb2c2864"", ""869c7193d89ce4b0"", ""8a6f09b042f9a928"", ""8b665b250a619f6b"", ""8d49d52347a17484"", ""93076134f93081e8"", ""9371f540421d419e"", ""9499657835ae56a0"", ""992d9a036f76127f"", ""9edf8628d608cdfe"", ""a14d359d4440ce57"", ""a794e5a6b755d3c9"", ""a80b22da40af355e"", ""ab79aae2b8c8adbf"", ""ad60b12b862e241c"", ""adbd510eedc7b937"", ""ae045e2d9c1738f1"", ""b171d98cabbd732c"", ""b2380fbc0115e7ff"", ""b2e488846175c8eb"", ""b87ea81da603c27d"", ""b88be3ff3437abdb"", ""bca94bc8aca252c9"", ""be5630dead0c3b23"", ""c10b0b0a20faf622"", ""c45628de6b322965"", ""c47fdd34fc9b7417"", ""c674e17bac40dba3"", ""c71d676c5dcc778d"", ""cab170a5ed539b0c"", ""cb60396ca849bcbc"", ""cd19783610caad45"", ""cd5ad7be88bab2f8"", ""d1c464351b2fd6e9"", ""d27862ffbdc36ee4"", ""d4f560f76fce8722"", ""d7673a3178f9305e"", ""d86806869fa1edb4"", ""db51b6263eeddaf9"", ""db5fd8ac206b3acd"", ""dc579b2fd3b9a0a7"", ""e0c05f9427248139"", ""e2554bcc857dbae2"", ""e33a91941fcd3378"", ""e392e38bad9d27e9"", ""e5832e3f47b9b52f"", ""e70b25cd3532f31d"", ""e8dcfbfdccfdee28"", ""f04c2743048ef6f4"", ""f5f83d01db7cec78"", ""f69b16230944f791"", ""f6e97fd9e37d6be2"", ""f90da646f62c42ca"", ""fc1f21b9c19218b0"", ""fc4143ab29a2a9da"", ""fdef1ceae17b7abd""]","[""[\""frende\"",\""båt\"",\""ordinary\"",\""frende-bat-brann-og-tyveri\"",\""2026-01-01\""]"", ""[\""frende\"",\""båt\"",\""ordinary\"",\""frende-bat-kasko\"",\""2026-01-01\""]"", ""[\""frende\"",\""båt\"",\""ordinary\"",\""frende-bat-utvidet\"",\""2026-01-01\""]"", ""[\""gjensidige\"",\""båt\"",\""ordinary\"",\""gjensidige-bat-delkasko\"",null]"", ""[\""gjensidige\"",\""båt\"",\""ordinary\"",\""gjensidige-bat-kasko\"",null]"", ""[\""gjensidige\"",\""båt\"",\""ordinary\"",\""gjensidige-bat-pluss\"",null]"", ""[\""storebrand\"",\""båt\"",\""ordinary\"",\""storebrand-bat-delkasko\"",\""2024-09-01\""]"", ""[\""storebrand\"",\""båt\"",\""ordinary\"",\""storebrand-bat-kasko\"",\""2024-09-01\""]"", ""[\""storebrand\"",\""båt\"",\""ordinary\"",\""storebrand-bat-super\"",\""2024-09-01\""]""]","[""B-008"", ""B-036"", ""B-048"", ""B-075"", ""B-109"", ""B-110"", ""B-124"", ""B-125"", ""B-160""]","Split by actual product authoring boundary, incorrect claim, inheritance and readiness. Repeated early/late reviews coalesce only for the same scoped operation; similar symptoms alone do not merge providers.","lib/boat-pet-catalog.ts:60–75,94–96; builder:68–80; Båt03 punkt3,5,6,9–11; faktisk Super/Kasko-visning undersøkt.; lib/boat-pet-catalog.ts:100–110;Frende13pfullterms+2pIPID+HTML;45sourcefirstrules. Structural mechanism shared; provider rules independently sourced. Gjensidige3exactpackages sourcefirst60rules; boat-pet-catalog.ts91–93 andbidirectionalDelkaskorescueprobe."
SCRC-004,"[""RC-013"", ""RC-020"", ""RC-021""]",SPLIT,"[""RC-013"", ""RC-020"", ""RC-021""]","[""RC-013"", ""RC-020"", ""RC-021""]",HIGH for observed omission location; MEDIUM for systemic explanation,"[""12bb14255eda520e"", ""16814c7b68c282f2"", ""3f9c134a90c83677"", ""614ece0208b44403"", ""6547e19e2ea743ca"", ""7ad5ef4794a0fdf9"", ""7ca00e9a43cdc517"", ""baecebe36d3a4914"", ""c62bda0280bc1af5"", ""d116770a741d300e"", ""f0d110910d5859b9"", ""fa3581f9defadf0b""]","[""[\""frende\"",\""campingvogn\"",\""ordinary\"",\""frende-campingvogn-brann-og-tyveri\"",\""2026-01-01\""]"", ""[\""frende\"",\""campingvogn\"",\""ordinary\"",\""frende-campingvogn-kasko\"",\""2026-01-01\""]"", ""[\""frende\"",\""snøscooter\"",\""ordinary\"",\""frende-snoscooter-ansvar\"",\""2026-01-01\""]"", ""[\""frende\"",\""snøscooter\"",\""ordinary\"",\""frende-snoscooter-brann-og-tyveri\"",\""2026-01-01\""]"", ""[\""frende\"",\""snøscooter\"",\""ordinary\"",\""frende-snoscooter-kasko\"",\""2026-01-01\""]"", ""[\""frende\"",\""tilhenger\"",\""ordinary\"",\""frende-tilhenger-brann-og-tyveri\"",\""2026-01-01\""]"", ""[\""frende\"",\""tilhenger\"",\""ordinary\"",\""frende-tilhenger-kasko\"",\""2026-01-01\""]""]","[""B-037"", ""B-044"", ""B-045"", ""B-111"", ""B-112"", ""B-118"", ""B-119"", ""B-120""]","Split by actual product authoring boundary, incorrect claim, inheritance and readiness. Repeated early/late reviews coalesce only for the same scoped operation; similar symptoms alone do not merge providers.","lib/vehicle-object-catalog.ts:152–174; Frende fullvilkår11.6,11.11,12,14 og typeegne HTML-matriser. Ingen availableAddOns for disse produktene i runtime."
SCRC-005,"[""RC-066""]",MERGED,"[""RC-066""]",[],HIGH for observed omission location; MEDIUM for systemic explanation,"[""0cd85158e52d34e0"", ""4f957a1bd578b082"", ""7ff3d6c681297d33"", ""8a0801b8c5bbe587"", ""a3555388641f0277"", ""cbf800139dac07c5"", ""dcc74f96cea5f7f0"", ""de096d155ef74807""]","[""[\""tryg\"",\""bil\"",\""ordinary\"",\""bil-kasko\"",\""PAU25205\""]"", ""[\""tryg\"",\""bobil\"",\""ordinary\"",\""tryg-bobil-bobil-ekstra\"",\""2026-07-01\""]"", ""[\""tryg\"",\""bobil\"",\""ordinary\"",\""tryg-bobil-kasko\"",\""2026-01-01\""]"", ""[\""tryg\"",\""innbo\"",\""ordinary\"",\""tryg-innbo\"",\""2026-07-01\""]"", ""[\""tryg\"",\""innbo\"",\""ordinary\"",\""tryg-innbo-ekstra\"",\""2026-07-01\""]"", ""[\""tryg\"",\""mc\"",\""ordinary\"",\""tryg-mc-kasko\"",\""2026-07-01\""]"", ""[\""tryg\"",\""mc\"",\""ordinary\"",\""tryg-mc-mc-ekstra\"",\""2026-07-01\""]""]","[""B-090"", ""B-179"", ""B-180""]","Split by actual product authoring boundary, incorrect claim, inheritance and readiness. Repeated early/late reviews coalesce only for the same scoped operation; similar symptoms alone do not merge providers.",Runtime catalog.json eksakte produkter; Tryg Kasko/Ekstra/Innbo kildepunkt i hver finding. Ikke dokumentert engine-tap.
SCRC-006,"[""RC-004"", ""RC-093""]",SPLIT,"[""RC-004"", ""RC-093""]","[""RC-004"", ""RC-093""]",HIGH for observed omission location; MEDIUM for systemic explanation,"[""23c2463656c83065"", ""5734f0ea44c49583"", ""67a91970ecfae843"", ""c4083286b86c6a98"", ""e079c96d18b7e5a5""]","[""[\""fremtind\"",\""bobil\"",\""ordinary-dnb\"",\""fremtind-bobil-topp\"",\""2025-09-18\""]"", ""[\""fremtind\"",\""mc\"",\""ordinary-sparebank1\"",\""fremtind-mc-kasko\"",null]""]","[""B-023"", ""B-028"", ""B-101""]","Split by actual product authoring boundary, incorrect claim, inheritance and readiness. Repeated early/late reviews coalesce only for the same scoped operation; similar symptoms alone do not merge providers.","lib/mc-bobil-fremtind-frende-catalog.ts:367–390,404–424; fremtind-mc-terms.pdf6/3.3.1,8/2; fremtind-bobil-topp.pdf9–10."
SCRC-007,"[""RC-053"", ""RC-056""]",SPLIT,[],"[""RC-053"", ""RC-056""]",HIGH for observed omission location; causal authoring process not inferred,"[""009cf2b0eae1c17e"", ""01b25a044dc94915"", ""0224dba67fc0abcf"", ""0a2966d1af45f7b1"", ""11db2a1bdd2d222d"", ""13bc99438e1ff6c4"", ""172933c7d1cbaae3"", ""1a34da12d6989116"", ""1e5b3fdfc27ee392"", ""314f7d8a021e810c"", ""31f1cee72794bd71"", ""37a9f587dcfa827a"", ""3a0c46bebcfafd0f"", ""4045b075a4b7d19a"", ""43895e5130a05466"", ""46b37e8dc38802c9"", ""470eafe6f26c873f"", ""481014c7be79f78a"", ""4fe44f2c0ddc0cc7"", ""52ab6f7833f13fc2"", ""54d1c43fff3c5bff"", ""5c4b8efe9ab3bf78"", ""5f3a68f08c047e39"", ""62575d7163e2bbcf"", ""646a7c2c66a9e0b5"", ""728acd34ddfe8797"", ""74a6c0ebc772f6b4"", ""76ee8a9f6bb55f61"", ""91380a44ec7a5c94"", ""91a0a76ec9f7f4f7"", ""920ead562c2642b1"", ""987d506a33833301"", ""9ba9a11a948f1bd9"", ""9bfa43ab150348d8"", ""9cc8a2795a22dda6"", ""9d44a8c67a2189a3"", ""a28731c3318b3064"", ""a36b11cdbe2e6077"", ""aa47d5f9f6539d1f"", ""ae8141350075b468"", ""aebc206221028b58"", ""b5a7c8ce07aa3587"", ""b84e9bf47029d109"", ""b913e998e7d774af"", ""ba63cc436b1c0a80"", ""bce1f4721e3a3723"", ""c38dcfe9b1db9488"", ""c3fb9f678ca4260e"", ""c6894f7945d14949"", ""c833019be9381abb"", ""c87b6c7ab64243e8"", ""cd6433f5c9e62228"", ""d0557d39deefcd16"", ""d34dc38ae8e350b7"", ""d4487959fff6bbe6"", ""d5962ab876349a92"", ""da0a99ae8bfd502e"", ""e66a243b490e2747"", ""e85c6f0611ed4b6e"", ""ead3e50d4b197a02"", ""ec421c0b3f8c793b"", ""ecbc3c8e809bdbd7"", ""ee9a67b30ece9599"", ""f19e467d04a444e9"", ""f4c3725a61e7024f"", ""f4c99befad7c3efe"", ""f763485bd44845ce""]","[""[\""storebrand\"",\""hund\"",\""ordinary\"",\""storebrand-hund-d-dsfall\"",\""2025-02-01\""]"", ""[\""storebrand\"",\""hund\"",\""ordinary\"",\""storebrand-hund-veterin-r\"",\""2025-02-01\""]"", ""[\""storebrand\"",\""hund\"",\""ordinary\"",\""storebrand-hund-veterin-r-og-d-dsfall\"",\""2025-02-01\""]"", ""[\""storebrand\"",\""katt\"",\""ordinary\"",\""storebrand-katt-d-dsfall\"",\""2025-02-01\""]"", ""[\""storebrand\"",\""katt\"",\""ordinary\"",\""storebrand-katt-veterin-r\"",\""2025-02-01\""]"", ""[\""storebrand\"",\""katt\"",\""ordinary\"",\""storebrand-katt-veterin-r-og-d-dsfall\"",\""2025-02-01\""]""]","[""B-077"", ""B-080"", ""B-162"", ""B-166""]","Split by actual product authoring boundary, incorrect claim, inheritance and readiness. Repeated early/late reviews coalesce only for the same scoped operation; similar symptoms alone do not merge providers.","lib/boat-pet-catalog.ts:117–121,132–139; lib/boat-pet-catalog-builder.ts:38–69; exact runtime snapshot; Dyr04 B.3–B.5 og E."
SCRC-008,"[""RC-016""]",RETAINED,[],[],HIGH for observed omission location; causal authoring process not inferred,"[""1385d054ca982975"", ""15a4b2b875be2ab8"", ""30f4027e244565fe"", ""38b69a8f6083b028"", ""3cfee7169fafeb47"", ""3e9745fa1c937e19"", ""43f0b7733fa907d3"", ""4acb6e808ed4baf7"", ""67807640ae1f35b9"", ""813cf4adbdf65801"", ""8bc89a8b9e90f108"", ""95865651a6d11cf5"", ""9b190cfb395408fe"", ""b5e02c84e91713e9"", ""b5eb98e914354960"", ""b7f3ca5fc51cf2eb"", ""c5a53b888ebd1b21"", ""df91d55454eefd03"", ""f1c1cc848624746c"", ""f91ef677200d6398""]","[""[\""frende\"",\""innbo\"",\""ordinary\"",\""frende-innbo-standard\"",\""2026-09-01\""]""]","[""B-040"", ""B-115""]","Split by actual product authoring boundary, incorrect claim, inheritance and readiness. Repeated early/late reviews coalesce only for the same scoped operation; similar symptoms alone do not merge providers.","lib/frende-innbo-catalog.ts:57–124; kilde 5.1–5.3,6.3–6.7,7.3,8–11; alle56base+7addonfacts semantisk kontrollert."
SCRC-009,"[""RC-015""]",RETAINED,[],[],HIGH for observed omission location; causal authoring process not inferred,"[""1a7c56e87ed85cb4"", ""1e3b1ca1513cf4bd"", ""2cdb5babb9baeb36"", ""385d0c2172a2a0aa"", ""4091848d2d30b0ce"", ""4a68aa57721576ba"", ""646617e9d454cb8e"", ""6f97eddc286e117e"", ""91375b3834c1df04"", ""a751960c9f7d6417"", ""c0b644be0f01f227"", ""d8a8691c53e7dbee"", ""dc93e0369213538a"", ""f136d9596e147f73"", ""f7cc1cf3cd811712"", ""fb3b785d3cffcce2""]","[""[\""frende\"",\""bolig\"",\""ordinary\"",\""frende-hus-standard\"",\""2026-09-01\""]"", ""[\""frende\"",\""bolig\"",\""ordinary\"",\""frende-hus-utvidet\"",\""2026-09-01\""]""]","[""B-039"", ""B-114""]","Split by actual product authoring boundary, incorrect claim, inheritance and readiness. Repeated early/late reviews coalesce only for the same scoped operation; similar symptoms alone do not merge providers.","lib/frende-hus-catalog.ts:24–35,37–96,98–135; alle base-/inherited-/addonfactfelter inkl structuredValue/label kontrollert."
SCRC-010,"[""RC-019""]",RETAINED,[],[],HIGH for observed omission location; causal authoring process not inferred,"[""0b8bc178065a498f"", ""27f36a2a3e760583"", ""2b4c6b827f399126"", ""2d6235f633ad6d97"", ""2f4fef82635bf6ec"", ""3967116a856f5cf4"", ""3c371e1935404abd"", ""627fa475ee5cedba"", ""7100d4eae7a85085"", ""8909f7b07db6ef56"", ""8eb75eca5c1b28d0"", ""951c941d72ee54fa"", ""98d7bb0ed666cb19"", ""9fab7f8a62f7478a"", ""a6b8058d167a7175"", ""abc418c2598af462"", ""b75dbb83281eafce"", ""b8ff2d37ea4b0069"", ""cd6d6ffabd8b62ef"", ""cfa9c20b75d659f3"", ""d7d3f74bec00427a"", ""dd98a9c1ebb5593e""]","[""[\""frende\"",\""reise\"",\""ordinary\"",\""frende-reiseforsikring\"",\""2026-03-01\""]""]","[""B-043""]","Split by actual product authoring boundary, incorrect claim, inheritance and readiness. Repeated early/late reviews coalesce only for the same scoped operation; similar symptoms alone do not merge providers.","lib/frende-reise-catalog.ts:11–73: samtlige55 resolvedfacts,ingenaddons, allefullfelt og services inspisert mot56uavhengige kilderegler."
SCRC-011,"[""RC-049"", ""RC-050"", ""RC-052"", ""RC-057"", ""RC-059"", ""RC-060""]",SPLIT,[],"[""RC-049"", ""RC-050"", ""RC-052"", ""RC-057"", ""RC-059"", ""RC-060""]",HIGH for observed omission location; causal authoring process not inferred,"[""00706d75fbb0e813"", ""02b9f34f8a551e3e"", ""0540632eaf8ded52"", ""067b09a0b831d8b6"", ""0837410ad1cb76a4"", ""083aacaf64d96a6d"", ""08456b001dc08525"", ""08561dffbceec151"", ""08fa86d3ece5f855"", ""0e9dd68bbdb35949"", ""0eb3d626780c7e76"", ""0f3c8f521d015563"", ""0fd1daf98e265e61"", ""10a21cf9da684b73"", ""10a706ec6ec4f225"", ""115b21ed71680477"", ""128df57b17be7ad6"", ""139776d64d396b51"", ""1464590b5fca4abe"", ""1545969e2d403302"", ""15c26863ca493544"", ""16b5c2d442a8b8f6"", ""17c00a0663eac535"", ""18a3763cef0b4881"", ""1a11d8caa4313963"", ""1c2b6bdaec2fd576"", ""1e703560478e1040"", ""1f68c3c957ca4976"", ""1f7fc4ec7322844b"", ""2234493bc87c290e"", ""22a876822fffd6d9"", ""22ee88a4e7ed7689"", ""233afe9255bcfd0d"", ""2344ab689a0e4544"", ""2563e27da75a00ca"", ""25759fca52ef38e9"", ""2a72b5f3f365ce19"", ""2c95a6d3c72171d9"", ""2f8bab95ed107407"", ""303ab0d230623c04"", ""30a42ffd3f960275"", ""319cbe3c6ad5115d"", ""3286c16721386cd4"", ""32e3d49df52cb599"", ""33f9bb206245939a"", ""350bd8164239f04c"", ""375a0e64310ed3e4"", ""388a39b54819408b"", ""39e91117619c83c9"", ""3a94af5f340280b1"", ""3bab5adbcd71c152"", ""3dd52b563cd67bd2"", ""3de48100ccddd894"", ""3ed3efa6bd8d3086"", ""429f7ef42f7b3816"", ""4374b85e447049e8"", ""44930018eb640c8a"", ""451d8dec30bc7fa5"", ""46c5664683581eb0"", ""4a0b6d8d7a8c01e0"", ""4a22edb75bec4e62"", ""4b8914f2bf9f0572"", ""4c2f92af2d639ff9"", ""4e0c2830b6b2ab78"", ""4ff998e83d1b8311"", ""53631389900c9a7b"", ""54200afe2f77c564"", ""54d8a0ae6817ac0b"", ""554ff65ae322a4ce"", ""55d129921c2cc791"", ""57797a19fbdaa59b"", ""579709e47e3630e2"", ""5b2e4ce428a9cc46"", ""5cdf1e935ce52506"", ""5fc629fe785cc4f9"", ""5fc85982c00281a7"", ""604d044d53f5c952"", ""62b78669b06b15a9"", ""636861f612968265"", ""642a5d01e3295c64"", ""6436f5994845ff92"", ""64db6bf8d327ad86"", ""658da887d3bf9743"", ""65e46527608b32fd"", ""68a6e4c53158bac4"", ""696fb8811f8d2c95"", ""6ac9ba82ab2aec84"", ""70a54765a4aa1526"", ""725da296a972ab3c"", ""732525bd0b472f0f"", ""73511623552735e1"", ""74a326f1f28d2820"", ""75c5e46d265d71ec"", ""7788013778b54399"", ""784ca7e5627286c3"", ""78b6564a33378fd4"", ""78d7dd8cbfdb1817"", ""7900b0a9e2d9bef5"", ""7d84581a82593a0d"", ""801fac2bb80e1582"", ""84b5ec6ecc6b51fa"", ""8a3789e3f1bf21f7"", ""8abe9415cbce4f33"", ""8b4c8623885d8fdc"", ""8c943007acc4275b"", ""8eaf24b83556daa5"", ""900ac46ae682d261"", ""90b991c629ca32cc"", ""928df135033b0b3f"", ""9296e4fcc6c88b40"", ""94896027c34a4d0a"", ""95fbe6e11b081f3a"", ""9720e0daadad2115"", ""9afc9b8fb2557a43"", ""9bc1828a46262dce"", ""9be3129c2e504074"", ""9cd74654919de0dc"", ""9ee141a4400dfb3c"", ""9ffe097ef40ee513"", ""a173a39402a9357d"", ""a20669ca00f029ec"", ""a266aa60e486abbc"", ""a2809a77456b71cd"", ""a2cbfa44fc013937"", ""a4d296df7286c1bd"", ""a4f424993297e96b"", ""a57f38d5a5182705"", ""a60b619341bb4408"", ""a6e590f9f706071c"", ""a7d8e86ff5870bfe"", ""aabc6ac929bfcc3a"", ""ab2fc5d1c100c388"", ""ab34c12c8c4a7b50"", ""af690f3bf52a813d"", ""b05e3295a8587c84"", ""b0aae4bc4efd426f"", ""b1fc4949deb81859"", ""b3034137bee89ff1"", ""b4aaf0559fce6309"", ""b4f7c2694530f17b"", ""b626be71b1b472cc"", ""b6d511df7239df2a"", ""b707c15e706c1bcf"", ""b890d56cd356fb30"", ""b96bbae472f98c95"", ""bbd609cc66eedec4"", ""bc1a88e9c19ca982"", ""bd10327c68f65e94"", ""be42cabc0758c4bb"", ""bf0b01cbff9d4de1"", ""c254ee2d475af526"", ""c26e12643ffb3e04"", ""c3792af48f19e963"", ""c8b6b7dec6c0b20b"", ""cb873ed0cb6b001e"", ""cc94771b2f9c2e61"", ""ceaf079bbd710fb2"", ""cfe73fca80fbb31d"", ""d23da25a97820117"", ""d30d57137cab24e4"", ""d4f511771f4529d3"", ""d723c984cf10ad55"", ""d9aad23a49af64b5"", ""da0d01292ef1fad1"", ""dba21c1f451a147a"", ""dbdb01586a818095"", ""dc8073c96518cc91"", ""dd10037a4ab7bdd6"", ""ddbbd0ae4e63cf06"", ""e0460602f52d42fe"", ""e15180912d4270bd"", ""e4932f62cb1de644"", ""e83e49d62d53cf49"", ""e8a69c4b5ff157e1"", ""eb291b5e9bb6c18c"", ""ebaa6a742df9046f"", ""ebaf703670045f56"", ""ec3ddd4cffef506f"", ""ee2f485e605e1283"", ""f3d93a55321a66d5"", ""f4baa0c1d78adb8a"", ""f63e75ec5cd43bed"", ""f8373ea85ad82d44"", ""f9ce3a71e4db6272"", ""fa733829d75bd261"", ""fb1c351f5c43b5f3"", ""fbf54f64d46495e3"", ""fc9fd29e16d2fe95"", ""fe47b5910d63b29c""]","[""[\""storebrand\"",\""bil\"",\""ordinary\"",\""sb-bil-ansvar\"",\""motor09\""]"", ""[\""storebrand\"",\""bil\"",\""ordinary\"",\""sb-bil-delkasko\"",\""motor09\""]"", ""[\""storebrand\"",\""bil\"",\""ordinary\"",\""sb-bil-kasko\"",\""motor09\""]"", ""[\""storebrand\"",\""bil\"",\""ordinary\"",\""sb-bil-super\"",\""motor09\""]"", ""[\""storebrand\"",\""bobil\"",\""ordinary\"",\""storebrand-bobil-ansvar\"",\""motor09\""]"", ""[\""storebrand\"",\""bobil\"",\""ordinary\"",\""storebrand-bobil-delkasko\"",\""motor09\""]"", ""[\""storebrand\"",\""bobil\"",\""ordinary\"",\""storebrand-bobil-kasko\"",\""motor09\""]"", ""[\""storebrand\"",\""bobil\"",\""ordinary\"",\""storebrand-bobil-super\"",\""motor09\""]"", ""[\""storebrand\"",\""campingvogn\"",\""ordinary\"",\""storebrand-campingvogn-brann-og-tyveri\"",\""2026-03-01\""]"", ""[\""storebrand\"",\""campingvogn\"",\""ordinary\"",\""storebrand-campingvogn-kasko\"",\""2026-03-01\""]"", ""[\""storebrand\"",\""campingvogn\"",\""ordinary\"",\""storebrand-campingvogn-super\"",\""2026-03-01\""]"", ""[\""storebrand\"",\""mc\"",\""ordinary\"",\""storebrand-mc-ansvar\"",\""motor09\""]"", ""[\""storebrand\"",\""mc\"",\""ordinary\"",\""storebrand-mc-delkasko\"",\""motor09\""]"", ""[\""storebrand\"",\""mc\"",\""ordinary\"",\""storebrand-mc-kasko\"",\""motor09\""]"", ""[\""storebrand\"",\""snøscooter\"",\""ordinary\"",\""storebrand-snoscooter-ansvar\"",\""2025-04-01\""]"", ""[\""storebrand\"",\""snøscooter\"",\""ordinary\"",\""storebrand-snoscooter-delkasko\"",\""2025-04-01\""]"", ""[\""storebrand\"",\""snøscooter\"",\""ordinary\"",\""storebrand-snoscooter-kasko\"",\""2025-04-01\""]"", ""[\""storebrand\"",\""tilhenger\"",\""ordinary\"",\""storebrand-tilhenger-brann-og-tyveri\"",\""2026-03-01\""]"", ""[\""storebrand\"",\""tilhenger\"",\""ordinary\"",\""storebrand-tilhenger-kasko\"",\""2026-03-01\""]""]","[""B-073"", ""B-074"", ""B-076"", ""B-081"", ""B-083"", ""B-084"", ""B-158"", ""B-159"", ""B-161"", ""B-167"", ""B-169"", ""B-170"", ""B-171"", ""B-172""]","Split by actual product authoring boundary, incorrect claim, inheritance and readiness. Repeated early/late reviews coalesce only for the same scoped operation; similar symptoms alone do not merge providers.",lib/storebrand-catalog.ts:31–124;lib/mc-bobil-gjensidige-storebrand-catalog.ts:367–452;lib/vehicle-object-catalog.ts:176–194. 152unique fullfactcontents reviewed with exact product applicability. camp02: 38 source-first regler sammenholdt med alle 53 basefacts i fem eksakte produkter; ingen tilleggskomponenter tilgjengelige.
SCRC-012,"[""RC-055""]",RETAINED,[],[],HIGH for observed omission location; causal authoring process not inferred,"[""027e2af27e30f3fb"", ""0819f13dcc0afe4c"", ""145a8c56982a8385"", ""16b890f78fdd2241"", ""1a81ad66c96a6975"", ""240b026dc1edc071"", ""2f44d4ff42911e14"", ""3ab0678977bcf087"", ""42aa8c2daf39a1a9"", ""43a9e588433e76fe"", ""4603ba45dab9249c"", ""4b4a2e10658d8f23"", ""4dc77e85cf309ea9"", ""4e14be49cad8d8b9"", ""7e1f3646f605d598"", ""80198ad83a7dea7e"", ""804e6cba183e96bd"", ""80e101f9481d0512"", ""82a07619cd2cac3f"", ""89530bb622e41a0d"", ""8fdf8a0e31b4695d"", ""9377e3e834ad4cdb"", ""95095a35290a0713"", ""976a9706cfeadfe7"", ""9e9c585894b2fd1b"", ""a2e6934bd80b9d4b"", ""a477fc3d8a374e6c"", ""a5a4e058a99aba1e"", ""ab694b3ad6e322bb"", ""ad6249e1c6e14929"", ""b1e7789f74312a07"", ""b398d8e9aa95e8fc"", ""b48a4c009e59759e"", ""b5d55ddc8241bab9"", ""b660ade93c171552"", ""bb52f78cf10b6714"", ""bfd4e14153037e2a"", ""c1f56c740034203c"", ""c266ed9fb819dc3b"", ""c7f150a73b20e51e"", ""cf0f7fa4b9d7621b"", ""d05ede1880b2e3a3"", ""d158a73e5d35f312"", ""d5715811de0f14f0"", ""d685a3a8754ce793"", ""d6bfb19994c894e5"", ""d9d5d5f9e0410e21"", ""d9dc22214a94f506"", ""e28058d0bfde6103"", ""f12a59c521f36547"", ""f162e214b0365d73"", ""f19fc6cf2aa5f10f"", ""f868ff09701744a5"", ""fd08e7069290634e"", ""fee53e5cc08dd236""]","[""[\""storebrand\"",\""innbo\"",\""ordinary\"",\""sb-innbo-standard\"",\""innbo09\""]"", ""[\""storebrand\"",\""innbo\"",\""ordinary\"",\""sb-innbo-super\"",\""innbo09\""]""]","[""B-079"", ""B-164"", ""B-165""]","Split by actual product authoring boundary, incorrect claim, inheritance and readiness. Repeated early/late reviews coalesce only for the same scoped operation; similar symptoms alone do not merge providers.",lib/storebrand-innbo-catalog.ts:47–124;81 independent source rules versus72unique full catalog claims;30pfullterms+2pIPID+general11.
SCRC-013,"[""RC-102""]",RETAINED,[],[],HIGH for observed omission location; causal authoring process not inferred,"[""0eb8ba09123305ee""]","[""[\""storebrand\"",\""innbo\"",\""ordinary\"",\""sb-innbo-super\"",\""innbo09\""]""]","[""B-005""]","Split by actual product authoring boundary, incorrect claim, inheritance and readiness. Repeated early/late reviews coalesce only for the same scoped operation; similar symptoms alone do not merge providers.",lib/storebrand-innbo-catalog.ts:115;innbo09C.1.5p20+C.1.2p18;IPIDandgeneralchecked;visualpage20checked.
SCRC-014,"[""RC-054"", ""RC-096""]",SPLIT,[],"[""RC-054"", ""RC-096""]",HIGH for observed omission location; causal authoring process not inferred,"[""032080ba0477d508"", ""061ea8d96e71f449"", ""063f2fff5bf4ea6e"", ""06e53dbea448e83f"", ""094d64bf281a6ae4"", ""0cdfbaa00ae42c18"", ""0f0738fcfeb0b637"", ""15fd26b2688897a4"", ""1b198ffdc96e9dc8"", ""1f2c2c74e581a48b"", ""2f6b576abdeab231"", ""390d78815113e70c"", ""397faf38498ae0a2"", ""3edfd5a4c81c30e1"", ""3f6b98e8ad3d409a"", ""4325f79c2be2a704"", ""530ff257c0f0fe00"", ""53db0911df260bee"", ""56b2247a66276d1f"", ""590956d4bf298136"", ""5f977fc7bb67a5fa"", ""61089663141fe1c7"", ""6b14835ee6a236a4"", ""6cb94c5314220d1c"", ""6e169ea1785b258c"", ""6e8155400003fd24"", ""6fd01a61583fe3db"", ""7393aad013a70aa8"", ""7b12837f5bddb052"", ""7f0517cf0c6dc557"", ""8ba3dbb204e08421"", ""954397cc66be4cd0"", ""962b2f342d12664a"", ""9aa7aaa5f6cbce90"", ""9daee7b905c9663a"", ""a09641bd012189fb"", ""a4c5edcdba39ff9a"", ""ab3a23b134a1cdbf"", ""bb544e5137c79f28"", ""bbb076882086ad15"", ""bc185788a1c38907"", ""c576bebc0f624648"", ""c5ee408bac0e7b7d"", ""c9280d90485d7db6"", ""cacb486ac4b5bbcf"", ""cf375991085cd82d"", ""d06ad1c9017d3a3d"", ""e06c3f1cfb145d63"", ""e784c0689d14314a"", ""e86a88e1504546fa"", ""ed05c86bc5a411fb"", ""ef0612f9adfc15aa"", ""f90fc0f2af9eab2e"", ""fd9b0916440c518a"", ""ff637ced526722e0""]","[""[\""storebrand\"",\""bolig\"",\""ordinary\"",\""storebrand-hus-standard\"",\""2025-08-15\""]"", ""[\""storebrand\"",\""bolig\"",\""ordinary\"",\""storebrand-hus-super\"",\""2025-08-15\""]""]","[""B-013"", ""B-078"", ""B-163""]","Split by actual product authoring boundary, incorrect claim, inheritance and readiness. Repeated early/late reviews coalesce only for the same scoped operation; similar symptoms alone do not merge providers.",lib/storebrand-hus-catalog.ts;83 source-first rules from49pHUS10+9pUTLEI03+2pIPID+HTML+shared11pgeneral;56/57resolvedbasefacts and6optionalclaims inspected.
SCRC-015,"[""RC-058"", ""RC-111""]",SPLIT,[],"[""RC-058"", ""RC-111""]",HIGH for observed omission location; causal authoring process not inferred,"[""02defa8c93974f81"", ""052b5d9b1329f57e"", ""0556a4f724af6649"", ""062d657a16800404"", ""15bcc49b8d2e6cdb"", ""1771a99107898315"", ""17788638c8c483b7"", ""22f9a6d130ed48a3"", ""2bb25ec58b8ad93e"", ""2fe5b24ed5bf1505"", ""31cfc3bf74d93e78"", ""3732c8c4b7626112"", ""37d90b7b411a4f21"", ""3fb824ae75f6bd90"", ""4002bd4321e3175c"", ""40fbf146a7790d0a"", ""413747e5b28e8dc2"", ""42dc8f5c11cea1e7"", ""4bb74129690e8f73"", ""4cfaf55658b559a8"", ""4ea796c14f815e3e"", ""4eac8c1e6a2b91c8"", ""53a701c9afa6f2f6"", ""5e41642d0f9c4f16"", ""78dfeb58f1cdcc9b"", ""8665d9659651eeb0"", ""87527da903b6c4d4"", ""8fe65e91ce42dd25"", ""91ee700b30cb9b32"", ""94aa9dac17c8bb36"", ""9aeca9feb44a1c6a"", ""9c1bcb9da35fbde6"", ""9cffd8ec76fcbe10"", ""9e826db1921fb507"", ""a20572d9ec59ed5e"", ""a242196f0d582d16"", ""a376bd0a57da19a6"", ""ac71b1bf2d26d981"", ""b2803e42b94d1584"", ""b9d7941803c6b237"", ""bba502be2d380883"", ""c7684a0d7c15c7a6"", ""c7be1bbec91f4e13"", ""d873594b0143ccc4"", ""d92f701a4ae3563d"", ""e2129db9cdd34bf3"", ""e438f643bcdcdf78"", ""e79a533d7d0712a4"", ""e9254cbd363d7bd2"", ""e9558175d823a8e7"", ""eaad916469fb2318"", ""f1bbb6ad0923a851"", ""f3551c904a3ed34f"", ""f601c0025d39c87d"", ""f677b8f7d5871bd1"", ""f6bbbc6773771aa6"", ""f8d6f0517a7d6a3f"", ""fa2a568f71135561"", ""fc406b763fe467ad"", ""fdcf5ea4708b05b5""]","[""[\""storebrand\"",\""reise\"",\""ordinary\"",\""storebrand-reise-standard\"",\""2026-09-20-canonical\""]"", ""[\""storebrand\"",\""reise\"",\""ordinary\"",\""storebrand-reise-super\"",\""2026-09-20-canonical\""]""]","[""B-021"", ""B-082"", ""B-168""]","Split by actual product authoring boundary, incorrect claim, inheritance and readiness. Repeated early/late reviews coalesce only for the same scoped operation; similar symptoms alone do not merge providers.",lib/storebrand-reise-catalog.ts;35pterms+2pIPID+fullHTML;73sourcefirst rules; allresolvedbasefacts manually reviewed;noaddons.
SCRC-016,"[""RC-014"", ""RC-017"", ""RC-108""]",SPLIT,[],"[""RC-014"", ""RC-017"", ""RC-108""]",HIGH for observed omission location; causal authoring process not inferred,"[""1388ddc5f229c532"", ""154245d8f272d40d"", ""1d26d153bf18343d"", ""1d68253855d245e4"", ""21a71fbae125ccff"", ""251a870e957fe3d7"", ""26518e4f6972c94e"", ""2c52ff8347425c2c"", ""3597f856a3fb5815"", ""3f22f36a0a5c2efe"", ""43aa483efcc87269"", ""461c6c588118df04"", ""465f854472b3e82d"", ""4be1640e7f04fea6"", ""55e6ef28d53fc724"", ""5adc00d837c7423d"", ""5f16ad8909013b8d"", ""60b54a8732695a2b"", ""6568a2fbba2f80f4"", ""6769d0c49d81c59e"", ""690fdae9bf20e1b6"", ""6dee3fb49b27e4ab"", ""6f959b95a5e9e99a"", ""6fdbfcc436373de4"", ""762b45ea101b5d72"", ""7a088e05e1aa0910"", ""7fc33bef666abb61"", ""82af4c244eb8d5e8"", ""837a83c1fe56761d"", ""84e7bbb2344c5c60"", ""8810f07d993309b5"", ""8e878578ee08aa62"", ""9132251c30eb3313"", ""a0d353a196122d16"", ""a2fdddcf1b4110f1"", ""a6e77280c4ec8cea"", ""b7c3a54f2c64bec8"", ""bc921f3a0209e760"", ""c391a4fab217f172"", ""c6bb0db2c504cd74"", ""ca91859d61a869b2"", ""cab46e5f569b7815"", ""cad962184827e49f"", ""db74949bd00f107b"", ""ecef3f9372e7263c"", ""f0246801936a9092"", ""ffbcfbb79183bbe3""]","[""[\""frende\"",\""hund\"",\""ordinary\"",\""frende-hund-veterin-r\"",\""2026-01-01\""]"", ""[\""frende\"",\""katt\"",\""ordinary\"",\""frende-katt-veterin-r\"",\""2026-01-01\""]""]","[""B-018"", ""B-038"", ""B-041"", ""B-113"", ""B-116""]","Split by actual product authoring boundary, incorrect claim, inheritance and readiness. Repeated early/late reviews coalesce only for the same scoped operation; similar symptoms alone do not merge providers.",lib/boat-pet-catalog.ts Frende pet definitions;32 source-first rules; full5/4page terms +2/2pageIPID+HTML;frende-pet-addon-probe.json proves Tap alone lacks bruksverdi facts and bruksverdi alone resolves withoutTap.
SCRC-017,"[""RC-010"", ""RC-104""]",SPLIT,[],"[""RC-010"", ""RC-104""]",HIGH for observed omission location; causal authoring process not inferred,"[""006717c0ed25b662"", ""024284585b17322b"", ""036e906da0afc91c"", ""03c9ee15c3dff9bb"", ""182c98addaca8d60"", ""19fb1805510da6dd"", ""24d393ff737fdc4b"", ""2633a401973a596e"", ""3399ada6dcb9bd9b"", ""39e5c2db12e3dcdb"", ""4c492ed863a18869"", ""4f8c1e2b13be55a6"", ""50444333088423d1"", ""54240c2a2bf7b38f"", ""576708de498532c8"", ""5e42a84dff434d43"", ""6140d96f34500894"", ""6698bcc96b98361c"", ""7056092d65c8f003"", ""74c5f796797e5999"", ""7ab3d0e07d25471a"", ""7b2e651178a9cc3c"", ""7e396767422107bb"", ""8cbfc2bf7a1041af"", ""902343c38b4b4fbd"", ""92c5bf61847652c5"", ""9819da1aafd6da58"", ""9e7c0282f08e8e8f"", ""9f4d459ae467c8b8"", ""a28bc3ab4cd174cd"", ""a5629d39c2a44112"", ""a96d2b23783a154f"", ""aaea8544ad212078"", ""b0ae5d4b18a05e34"", ""b1172fc88664ac1d"", ""b75b8e63d1795cb8"", ""bfdfed514c4cb32d"", ""d2f842d2c2ef54f3"", ""dd1cddd5147a74c8"", ""de9a7f789ea93d2a"", ""debfaf41715ada8c"", ""e11463463378fa98"", ""e141dc5273bf1bcc"", ""f175ab029930cd31"", ""f2b5c7bfbab14ab4"", ""f9704325d3a6292f"", ""fbfd3ea3ed060d31"", ""fc595469d11716a6"", ""fd167b9ca10200fa""]","[""[\""frende\"",\""bil\"",\""ordinary\"",\""frende-bil-ansvar\"",\""2026-01-01\""]"", ""[\""frende\"",\""bil\"",\""ordinary\"",\""frende-bil-delkasko\"",\""2026-01-01\""]"", ""[\""frende\"",\""bil\"",\""ordinary\"",\""frende-bil-kasko\"",\""2026-01-01\""]"", ""[\""frende\"",\""bil\"",\""ordinary\"",\""frende-bil-utvidet\"",\""2026-01-01\""]""]","[""B-006"", ""B-034"", ""B-107""]","Split by actual product authoring boundary, incorrect claim, inheritance and readiness. Repeated early/late reviews coalesce only for the same scoped operation; similar symptoms alone do not merge providers.",lib/frende-catalog.ts exact rows and inherited resolution; full15pterms+2pIPID+4pgeneral;61 source-first rules. No inference about authoring cause.
SCRC-018,"[""RC-018""]",RETAINED,[],[],HIGH for observed omission location; causal authoring process not inferred,"[""0717cbe5979fe940"", ""0a5689ec3daba204"", ""15d798ea12be27be"", ""17e792a91fdcd8a2"", ""3c1d132b7a9d3487"", ""424a919c18e6f1ca"", ""43380cb904d590b6"", ""4495c1cdeea2a5c0"", ""4a70a99c99638a58"", ""57de394e9e77f70d"", ""673b0dd64b9ae86b"", ""6a20b5d641186e9a"", ""71e31f804fad1731"", ""83e7cfd2d73b559f"", ""8d22b566c9524bb9"", ""902297071ab9516b"", ""a39fbfb6fc9cc8bb"", ""a84cddf6a4a5ab0f"", ""ad20a0a98661a827"", ""b6504beef8072acb"", ""bcd4632e3ae2532e"", ""c04d7643b6f984bf"", ""c226f7bcccce351f"", ""c25762012f5b486d"", ""c5cc72f9c06a27ce"", ""cf17458e25f6d116"", ""db078380fd071f65"", ""ee789c3e2ccccac7"", ""f864e62baa274cb8"", ""fb65e93662e8c95c"", ""fc887c2905220189""]","[""[\""frende\"",\""mc\"",\""ordinary\"",\""frende-mc-ansvar\"",\""2026-01-01\""]"", ""[\""frende\"",\""mc\"",\""ordinary\"",\""frende-mc-delkasko\"",\""2026-01-01\""]"", ""[\""frende\"",\""mc\"",\""ordinary\"",\""frende-mc-kasko\"",\""2026-01-01\""]""]","[""B-042"", ""B-117""]","Split by actual product authoring boundary, incorrect claim, inheritance and readiness. Repeated early/late reviews coalesce only for the same scoped operation; similar symptoms alone do not merge providers.",lib/mc-bobil-catalog.ts Frende MC family;61 sharedsource-first rules filtered exactMC applicability +MCIPID+MCpage+mileagepage. All resolvedbase/optional rows read.
SCRC-019,"[""RC-011""]",RETAINED,[],[],HIGH for observed omission location; causal authoring process not inferred,"[""00608c036c8415fc"", ""0c780066d1ee8173"", ""0c9a7507fc275fee"", ""13698e076f55c9b3"", ""165aa74437ca297c"", ""17cfa71d38df04eb"", ""1c1ad4042317e5cf"", ""33cf8488a5b0c285"", ""37a27d047a75bd53"", ""3b1cb1eb33398bda"", ""3b2c09b3510549f8"", ""3e46568326d5e730"", ""3f0c1230de31d0d9"", ""46cf4bea5cf6b802"", ""47227ad12be87e19"", ""5d07663d99d63ade"", ""62ddce9074bedb91"", ""6313e4fb3e6b8f2d"", ""69c6f3a33a54b7da"", ""6af8e791b653bcd5"", ""6dad09773b40ca19"", ""703637999878fc20"", ""74ac25914617090f"", ""75690a7c219f65c4"", ""825ff90c10fed850"", ""826501d2227ab26b"", ""8c79955f18688721"", ""91cb9562ee0727c6"", ""9456fea1592198c6"", ""982429b947159c82"", ""9b512737ec3d084a"", ""9e8d1a441f36b8bf"", ""a00f0a23bc466e76"", ""a3c64a16b71228e2"", ""a5bb01685e5437f1"", ""ccfc931019038efb"", ""dc26a4cbdad31335"", ""e129c8b413d28f82"", ""e7378d05f1fec7cd"", ""e8a479ac1faa2852"", ""f0434796e15e1ee3"", ""f24801a3173fbfd0""]","[""[\""frende\"",\""bobil\"",\""ordinary\"",\""frende-bobil-ansvar\"",\""2026-01-01\""]"", ""[\""frende\"",\""bobil\"",\""ordinary\"",\""frende-bobil-delkasko\"",\""2026-01-01\""]"", ""[\""frende\"",\""bobil\"",\""ordinary\"",\""frende-bobil-kasko\"",\""2026-01-01\""]"", ""[\""frende\"",\""bobil\"",\""ordinary\"",\""frende-bobil-utvidet\"",\""2026-01-01\""]""]","[""B-035"", ""B-108""]","Split by actual product authoring boundary, incorrect claim, inheritance and readiness. Repeated early/late reviews coalesce only for the same scoped operation; similar symptoms alone do not merge providers.","Exact Bobil base+availableoptional facts read against15pvehicleterms,2pBobilIPID andlocalHTML. Utvidet lacks ladekabel/startleie despite8.3/8.6 andIPIDexplicitBobilapplicability."
SCRC-020,"[""RC-109""]",RETAINED,[],[],HIGH for observed omission location; causal authoring process not inferred,"[""0def48b35239d8dc""]","[""[\""storebrand\"",\""reise\"",\""ordinary\"",\""storebrand-reise-standard\"",\""2026-09-20-canonical\""]""]","[""B-019""]","Split by actual product authoring boundary, incorrect claim, inheritance and readiness. Repeated early/late reviews coalesce only for the same scoped operation; similar symptoms alone do not merge providers.","lib/catalog-product-comparison.ts:222,257–260;runtime-reise-overnatting-probe.json;StorebrandownHTMLFAQdaytrips+B1.2;exactStandardbasefactreise.omrade.verden."
SCRC-021,"[""RC-013"", ""RC-020"", ""RC-021""]",SPLIT,"[""RC-013"", ""RC-020"", ""RC-021""]","[""RC-013"", ""RC-020"", ""RC-021""]",HIGH for observed omission location; causal authoring process not inferred,"[""03045d2456be525b"", ""04391501ba97c10b"", ""04a34e86f44dba0d"", ""077291266754e7d1"", ""08a83541781afe2f"", ""09ff8e290e7ad59a"", ""0ef8f1b24e78bebc"", ""1101f7e889205dc9"", ""13a1222e910411e8"", ""1854cec0050b708e"", ""19f58de4e58aa21c"", ""1c002aa49a734f84"", ""20858a4a4e18762e"", ""259f6a5c1bee77d8"", ""25f6ad10499b5ef7"", ""2804d0874923b642"", ""2b7c142443754675"", ""2b8d431fd65ef46d"", ""35864105fcb83f3e"", ""39d11ed971e5d720"", ""413eaf449d1ff4e3"", ""4329f1e8e58a3fe8"", ""459beaec02408da0"", ""4d08fb4251899e82"", ""514f10567e4faf88"", ""565b29a45f07c725"", ""56b80af118b2eea8"", ""5dfe8434f98723b2"", ""5fac60fd11644ee8"", ""6066462b7137e324"", ""618544b8b3c1e306"", ""62412b8b1fb74b3d"", ""64eac561455f4dc4"", ""6857c9ff2ccf7ef2"", ""68aab7dc5a7fc946"", ""702c65dc54dd4eb2"", ""77796bfe9c505ecc"", ""7a8eb54ff6d90565"", ""7ecc4ac13539b85a"", ""80830b033cddb1a2"", ""83247619adf32fe5"", ""843fe9c469e279cd"", ""85a789547e5260fa"", ""8a8d3a63b1437e41"", ""8c3d0b61762fc4fb"", ""8dea80792cf51a10"", ""8f2c4da81ebaca1f"", ""8f6487d71037dfc1"", ""90ccb3e4fc191cf2"", ""92adaa47f30601be"", ""9cf6e437160f9180"", ""9dd188b38ad8ad06"", ""9f39e4d8dadf6e44"", ""a2990bad851df30d"", ""a3d036913d1080e7"", ""a4b40cdbb03a527f"", ""a6cc26bab41f9edc"", ""ac48d828094ddf9a"", ""ae621c5f5c696b67"", ""b87d6cb9533f0229"", ""b94c1286ff6ec6e3"", ""be17a87c958b3218"", ""c178ba7b1d831a35"", ""c360dbb83b2238cc"", ""c4a9ec823a2d1f31"", ""cf11b95206f9c70f"", ""d0466a1fdaabe26f"", ""d7288275a68a7c8e"", ""dadde57c2f542bc6"", ""dc3dd7e6392e2a00"", ""e0c4e8b70c0c8f53"", ""e17c19fc71dec189"", ""e2f8c5bee70295ab"", ""e62c95ba88401361"", ""e633eb477c89e02d"", ""e81cda224d21e748"", ""e9c5a56d1ec07795"", ""ea17a8794d68a885"", ""ea77778473b49c45"", ""eac8a06e022194f2"", ""ec09ac7820af51c9"", ""ee338e4266bd5646"", ""ef7193d2d75ff0db"", ""ef8447d08841c46d"", ""f42116db4ead13b5"", ""f814f315732a132f""]","[""[\""frende\"",\""campingvogn\"",\""ordinary\"",\""frende-campingvogn-brann-og-tyveri\"",\""2026-01-01\""]"", ""[\""frende\"",\""campingvogn\"",\""ordinary\"",\""frende-campingvogn-kasko\"",\""2026-01-01\""]"", ""[\""frende\"",\""snøscooter\"",\""ordinary\"",\""frende-snoscooter-ansvar\"",\""2026-01-01\""]"", ""[\""frende\"",\""snøscooter\"",\""ordinary\"",\""frende-snoscooter-brann-og-tyveri\"",\""2026-01-01\""]"", ""[\""frende\"",\""snøscooter\"",\""ordinary\"",\""frende-snoscooter-kasko\"",\""2026-01-01\""]"", ""[\""frende\"",\""tilhenger\"",\""ordinary\"",\""frende-tilhenger-brann-og-tyveri\"",\""2026-01-01\""]"", ""[\""frende\"",\""tilhenger\"",\""ordinary\"",\""frende-tilhenger-kasko\"",\""2026-01-01\""]""]","[""B-037"", ""B-044"", ""B-045"", ""B-111"", ""B-112"", ""B-118"", ""B-119"", ""B-120""]","Split by actual product authoring boundary, incorrect claim, inheritance and readiness. Repeated early/late reviews coalesce only for the same scoped operation; similar symptoms alone do not merge providers.",Independent shared 61-rule inventory plus 21 extension rules; seven exact resolved products and all available optional components examined.
SCRC-022,"[""RC-022""]",RETAINED,[],[],HIGH for observed omission location; causal authoring process not inferred,"[""069d2d18197eace9"", ""0bd1ed861f04e76a"", ""0d0f118201716d69"", ""136ee788863538bd"", ""2146262e513171a7"", ""2376c1520ee35c11"", ""2a67c8709cac3a1c"", ""31c3f0281ff08505"", ""334c90d9d09cc923"", ""3b4532f1ddc3c2ed"", ""3fb3925bbd9ab4b4"", ""43e88b6126c37b2d"", ""50f3e2ffb05c836f"", ""52378911e6742e2e"", ""532819dd02d52899"", ""535ce7f89f29d25f"", ""581a63418538adb9"", ""58ab8459f1ffd814"", ""61275254a2920299"", ""63a12036191c2c3c"", ""6429dd389a2d85c3"", ""67703e691b2f1e01"", ""6c8bb0dbed754d27"", ""6cceb2e4a6d2a5ea"", ""7047cb016ffadf19"", ""790f56d563bb1069"", ""79a3577230458647"", ""7b17786f322fa454"", ""80d5025653382a7e"", ""843713f68b03aff4"", ""86d9a8670677ec81"", ""944ceeea4eed7c21"", ""94ff732001cdb53c"", ""a093b23a1863ab42"", ""a0d3176e00fe8488"", ""a7087d780caa7fce"", ""a91d9a4d2479c1bb"", ""b495fb59d6638814"", ""b755d583fbd03659"", ""b7b8d8f22ecd5f49"", ""b860611fa8cf78e4"", ""bf6370704e7706ee"", ""cae7ef5ff1b0c9da"", ""d51f5ebeabcb2df7"", ""d5b230bececc6c03"", ""dc0bfe59fe726742"", ""dca4a209b589ba22"", ""deb5ac09746a5767"", ""e7af13d6006d3821"", ""e8615e16af43d521"", ""f4f4188797a60e1b"", ""f8f4aca796100831"", ""fc150df0ae45a95c"", ""fcbd6d9644782a3a""]","[""[\""gjensidige\"",\""bil\"",\""ordinary\"",\""gj-bil-ansvar\"",null]"", ""[\""gjensidige\"",\""bil\"",\""ordinary\"",\""gj-bil-delkasko\"",null]"", ""[\""gjensidige\"",\""bil\"",\""ordinary\"",\""gj-bil-kasko\"",null]"", ""[\""gjensidige\"",\""bil\"",\""ordinary\"",\""gj-bil-pluss\"",null]""]","[""B-046"", ""B-121"", ""B-122""]","Split by actual product authoring boundary, incorrect claim, inheritance and readiness. Repeated early/late reviews coalesce only for the same scoped operation; similar symptoms alone do not merge providers.","73-rule independent inventory, all five local files fully read using exact normalized page identity reuse; resolved base/inheritance and four available addon definitions compared."
SCRC-023,"[""RC-028""]",RETAINED,[],[],HIGH for observed omission location; causal authoring process not inferred,"[""0d4e4afffc744835"", ""0ddb98e195d5d641"", ""0de96147f3b22bbc"", ""0ec95f52af830cbe"", ""0f0c1126f91c25cf"", ""1541acd31d210d2b"", ""15cda5fb684eb36d"", ""1739db916b9a7c07"", ""1accd2dd1d1f974e"", ""318d746692f0de0f"", ""3209fce1d14e5553"", ""358fa3913351c980"", ""36b4053b4566c373"", ""4485711c9680c476"", ""590ad3fdd4e400c8"", ""5dbc6e7ef1b0cbce"", ""5f4aae4b514d4933"", ""64e3edd3c8eb1100"", ""68b16ac8bd92755a"", ""6f1c44e4f414e640"", ""73feb660a2fed685"", ""79c0841618673b00"", ""7aeb2a06ad182884"", ""7be96f4de5a1dbae"", ""81cc6678becc7d89"", ""82eb56f851e8837d"", ""84a7852f5cb14f1e"", ""8e04fe940676932c"", ""8e69ee090bea5a1a"", ""8f18b77b8e8ae897"", ""9035af5d863a6ed3"", ""97207d48d4f90e06"", ""980b20fa16f7202f"", ""9ed28ddd0e088ddc"", ""9f29380954028521"", ""a1cd50288d619a66"", ""a893ccbdd6efc4fe"", ""a9b843dd94687121"", ""ad735eb38011e226"", ""ae2884e9d67c90a0"", ""b175d11acb8681fe"", ""b1df322a9c0274dc"", ""bc0641348b21c612"", ""bd2f9f8370831322"", ""bd5d5887eea81d7c"", ""c32e97b57adeb359"", ""d6e6841df8f4e04e"", ""e70a7993b9168c16"", ""e750ef065daffe6e"", ""e941f1850d9c4209"", ""f941e88d7b6e3c5f"", ""fc0db16532d3efb5"", ""fe6a54950fb9d8ee""]","[""[\""gjensidige\"",\""innbo\"",\""ordinary\"",\""gj-innbo\"",null]"", ""[\""gjensidige\"",\""innbo\"",\""ordinary\"",\""gj-innbo-pluss\"",null]""]","[""B-052"", ""B-131""]","Split by actual product authoring boundary, incorrect claim, inheritance and readiness. Repeated early/late reviews coalesce only for the same scoped operation; similar symptoms alone do not merge providers.","Independent71rule inventory built before exact comparison, all3local originals reviewed, all resolved and optional claims reverse checked."
SCRC-024,"[""RC-100""]",RETAINED,[],[],HIGH for observed omission location; causal authoring process not inferred,"[""07dbd5f80afdf0cd"", ""084efe78ee699c73"", ""1a60a06962435907"", ""23495713f8dfa933"", ""26c05b62a27b04aa"", ""c74c647eb0c3573a""]","[""[\""gjensidige\"",\""innbo\"",\""ordinary\"",\""gj-innbo\"",null]"", ""[\""gjensidige\"",\""innbo\"",\""ordinary\"",\""gj-innbo-pluss\"",null]""]","[""B-014""]","Split by actual product authoring boundary, incorrect claim, inheritance and readiness. Repeated early/late reviews coalesce only for the same scoped operation; similar symptoms alone do not merge providers.",Europa liability versus Norden; worldwide bike accident versus Norden; fellesbod bike limit relocated; vehicle parts location added; rental vandalism assigned missed-rent deductible without support.
SCRC-025,"[""RC-027""]",RETAINED,[],[],HIGH for observed omission location; causal authoring process not inferred,"[""08203cfa28493e63"", ""0eda923b4090cf6c"", ""0f7980d6139daa2e"", ""157c7afed18eb0fe"", ""15f5b4a3e9f79fd2"", ""1f4d444864169afe"", ""2113807ceb290224"", ""239b00779349f2fd"", ""25004bc4d7dd2c03"", ""275365b3ec2971df"", ""292dacd4533926fd"", ""35c58fbc06cf6e7d"", ""403c9b3f0e9aa19f"", ""41206e12c93c0058"", ""416dfaab0492ce1b"", ""46e94bcf464af845"", ""4971fe7dbeac3649"", ""49adf65854171146"", ""4a844bae3be9dea8"", ""4fcbc1d87e7baaa8"", ""57c775ac935fb504"", ""597df4c45c6d3db9"", ""5d062f28d52c1e1d"", ""6080e5e5a6bb3c63"", ""6af32d21acb9584c"", ""6ceaaaf84f1dc597"", ""73aab8a0ad4f6c11"", ""7ba0298883905c58"", ""86992ec620da2894"", ""8a1beb3695ddb2fd"", ""8a89196fecd29ddb"", ""8d28f56b17a9bae2"", ""8db65d4d3da9e98b"", ""8e8d82878deb95b5"", ""8f9b15f8127e89be"", ""90d49006ef7999d3"", ""a4e5c76df5cbf2af"", ""a6beec054bdae0df"", ""a7561c0d03ede572"", ""af150eab853a1648"", ""af3a3ee673fedc83"", ""afd0d50c324c169c"", ""b3b964a9c6105360"", ""b5ae7c1f4cec9d04"", ""b5b211cad16d32c6"", ""b752f54a45377b1e"", ""bb47646cd8b17f20"", ""bbc3739f5ede520f"", ""cdd055ea730897ab"", ""ce381a27b7435bec"", ""ce90710821e28a97"", ""d1230f13e6b445d7"", ""d58bff0e6b2d46eb"", ""d68e94be42f1549b"", ""e103e7cb532fb8d4"", ""ed34078f38391643"", ""ed99577218e2302b"", ""f80cdfac07dab114""]","[""[\""gjensidige\"",\""bolig\"",\""ordinary\"",\""gjensidige-hus\"",\""Alminnelige vilkår\""]"", ""[\""gjensidige\"",\""bolig\"",\""ordinary\"",\""gjensidige-hus-pluss\"",\""Alminnelige vilkår\""]""]","[""B-051"", ""B-130""]","Split by actual product authoring boundary, incorrect claim, inheritance and readiness. Repeated early/late reviews coalesce only for the same scoped operation; similar symptoms alone do not merge providers.","86rule independent inventory and full six-artifact source-first package, exact normalized page reuse and reverse base/optional inspection."
SCRC-026,"[""RC-105""]",RETAINED,[],[],HIGH for observed omission location; causal authoring process not inferred,"[""e0a4907dd08e7a74""]","[""[\""gjensidige\"",\""bolig\"",\""ordinary\"",\""gjensidige-hus\"",\""Alminnelige vilkår\""]"", ""[\""gjensidige\"",\""bolig\"",\""ordinary\"",\""gjensidige-hus-pluss\"",\""Alminnelige vilkår\""]""]","[""B-007""]","Split by actual product authoring boundary, incorrect claim, inheritance and readiness. Repeated early/late reviews coalesce only for the same scoped operation; similar symptoms alone do not merge providers.","Fullterms and IPID omit flushing; product page only expressly gives thawing. No exclusion inferred, only unsupported catalog assertion."
SCRC-027,"[""RC-110""]",RETAINED,[],[],HIGH for observed omission location; causal authoring process not inferred,"[""eb5ab1901f70dfbd"", ""fd13be8474440377""]","[""[\""gjensidige\"",\""bolig\"",\""ordinary\"",\""gjensidige-hus\"",\""Alminnelige vilkår\""]"", ""[\""gjensidige\"",\""bolig\"",\""ordinary\"",\""gjensidige-hus-pluss\"",\""Alminnelige vilkår\""]""]","[""B-020""]","Split by actual product authoring boundary, incorrect claim, inheritance and readiness. Repeated early/late reviews coalesce only for the same scoped operation; similar symptoms alone do not merge providers.",gjensidige-hus-catalog.ts93–108; exact resolved snapshot insect-only two keys; own PlussPDF3 still covers mice/rats and physicaldamage/insulation/odour.
SCRC-028,"[""RC-031""]",RETAINED,[],[],HIGH for observed omission location; causal authoring process not inferred,"[""0328db044871f29d"", ""05281d35dcb0e734"", ""0981e745b61f36e8"", ""1ecfcadfd85e7f1c"", ""208b2e40ad50a8a0"", ""23caa47d39081774"", ""23e04eedbd77d29f"", ""251db8e96ed1a30a"", ""26a5c1b0a29318a9"", ""2aa15200f47a2607"", ""35117982c7cfaa11"", ""39704729f0bdbd8b"", ""3d63d26e73331fc6"", ""3ec42575689995f6"", ""4059ea7290fe57f1"", ""4b4ee0447e1c80b3"", ""518613feef95ff9f"", ""518a3ca9c5c31f2e"", ""583f8bec8c59618e"", ""58d514ee7d6651b5"", ""5b4a5b3229d43529"", ""5c0ddf90f95bf34a"", ""5d0c80cc39ff0c2d"", ""612b188e09699aa6"", ""62f83f900b1c1b4d"", ""69b5dea227fb36d9"", ""6c6a547a0c0b868d"", ""70b882955298e591"", ""746d5967c00197ad"", ""7b1015bb26ea16e1"", ""7c78dc100ea0d5a4"", ""7c7be455b2a9d271"", ""7c829ae4dbce767e"", ""8c4bfd3143058aff"", ""92aa9604dde9fa91"", ""94a5dc2984f2fec9"", ""9a6b30e9b4042368"", ""a249253b3a487b98"", ""a31a4424b9f403b8"", ""a9ab411b294e1fc4"", ""b2cc60815ebc6f35"", ""b2d658ad77d3cfda"", ""bb13579100428876"", ""bb617c7a3a9a1d41"", ""bc1a5e0086169d49"", ""c7b2921464953724"", ""cb89c33c5bd011ed"", ""d9f441078437f3cc"", ""e049770979b7274d"", ""e8b7fd34c9fb4c80"", ""f5db4b0fe07cb3d8"", ""f646db6eed3e170d""]","[""[\""gjensidige\"",\""reise\"",\""ordinary\"",\""gjensidige-reise\"",\""2026-09-20-canonical\""]"", ""[\""gjensidige\"",\""reise\"",\""ordinary\"",\""gjensidige-reise-pluss\"",\""2026-09-20-canonical\""]""]","[""B-055"", ""B-135""]","Split by actual product authoring boundary, incorrect claim, inheritance and readiness. Repeated early/late reviews coalesce only for the same scoped operation; similar symptoms alone do not merge providers.","84 independent source-first rules from8artifacts, all exact resolved facts and optional absence reviewed; correct numeric and age controls explicitly retained."
SCRC-029,"[""RC-106""]",RETAINED,[],[],HIGH for observed omission location; causal authoring process not inferred,"[""764ee65f51c3d731""]","[""[\""gjensidige\"",\""reise\"",\""ordinary\"",\""gjensidige-reise-pluss\"",\""2026-09-20-canonical\""]""]","[""B-016""]","Split by actual product authoring boundary, incorrect claim, inheritance and readiness. Repeated early/late reviews coalesce only for the same scoped operation; similar symptoms alone do not merge providers.",common bagasje.per_gjenstand20k inherited intoPluss; ownPlussPDF6 says40k; allothercomponents checked.
SCRC-030,"[""RC-023"", ""RC-030""]",SPLIT,[],"[""RC-023"", ""RC-030""]",HIGH for observed omission location; causal authoring process not inferred,"[""00c56ce4c29aa003"", ""02a7ae67cdf3ac16"", ""05585d77916fa344"", ""0581af43d89e61d2"", ""06e27bd68e416db8"", ""086529a71b08e977"", ""088f79c7b039c405"", ""08b9ed5649e56363"", ""0b7a5a3b1f7577c3"", ""104bdf905ee4407f"", ""10920d815e2c825e"", ""1381b19f5bcba357"", ""14f1dfb8b84fc797"", ""18c6322af2fffde6"", ""1f78a3d196f8e5ec"", ""1f88432873ce7290"", ""21ba8ec015b32c8b"", ""2370a184142b4020"", ""23f4f09cda153bdd"", ""25fc9d9e1b4e51e8"", ""2cc50059fa41758d"", ""2d7853380f0772ce"", ""2e39df2d0236859d"", ""30606eae69b4aa3a"", ""353162a036bedf62"", ""3699bb66eb6a79a3"", ""39004461b9b244ff"", ""3a8dbfec7fe824d2"", ""43c28e0bc005a6ae"", ""46c83af6477f83c7"", ""4855d4bf1627e437"", ""524c4e4242b9b379"", ""532c9c49e318cd84"", ""54cf46bbd64220b3"", ""57e3a4d27d99cf44"", ""585554eec42fdf70"", ""58fe711dff9bc438"", ""5cbb9160db9011cb"", ""64fad052627e6c53"", ""6943a49994f947a2"", ""6ba902fd2487687f"", ""749182c54eef0f7f"", ""7dcbcd5598b68914"", ""881f9c81bc8ae439"", ""897374b6a779c618"", ""8fadef234e57fd77"", ""917a075071922d39"", ""98b523bd5d003ef7"", ""9ee2d3dc8c63229a"", ""9f54708b05175b9a"", ""a05c4bdb0440ec45"", ""a419cfefa6e2d6dd"", ""a7138f61d5d50af4"", ""aa2ea285a5d9026b"", ""acf95c1351c6afee"", ""b18c366414bfd013"", ""b2e9b7fa801af8e4"", ""b496dafb69888d2b"", ""b924c2096dfa664e"", ""b97d788618eae5b1"", ""ba9f5bc8ed53ca5a"", ""bebd5507b1ae1320"", ""beff91f80c160808"", ""bfb35033a0584e7a"", ""c14edf95a64d35e7"", ""c65555c354c7b45a"", ""c6b0aefe53c87348"", ""c8e42b505cb9ce0b"", ""c97e5e43d6a48158"", ""cb5fdd334ffdb8ee"", ""cf314c420628a105"", ""d05dfe6cffd78e2b"", ""d0da612244bea41c"", ""d1aaf0a44f878147"", ""d23c91fd0c7e00c6"", ""d624357215716098"", ""d6bf9869fc197365"", ""d713fe53e9f339e4"", ""dd474d99c4acf4f1"", ""e0cacc0772a2dff6"", ""e82d1dc90c80f0f7"", ""f113f23669ea6349"", ""f35f84e71e61fe01"", ""f389fb4bd61730f4"", ""f5fc47a4aed42169"", ""f8e054cb7031cee6"", ""f9722673430ceaae"", ""fe723d43339a7c50"", ""ffea915a771fad53""]","[""[\""gjensidige\"",\""bobil\"",\""ordinary\"",\""gjensidige-bobil-ansvar\"",null]"", ""[\""gjensidige\"",\""bobil\"",\""ordinary\"",\""gjensidige-bobil-delkasko\"",null]"", ""[\""gjensidige\"",\""bobil\"",\""ordinary\"",\""gjensidige-bobil-kasko\"",null]"", ""[\""gjensidige\"",\""bobil\"",\""ordinary\"",\""gjensidige-bobil-pluss\"",null]"", ""[\""gjensidige\"",\""mc\"",\""ordinary\"",\""gjensidige-mc-ansvar\"",null]"", ""[\""gjensidige\"",\""mc\"",\""ordinary\"",\""gjensidige-mc-delkasko\"",null]"", ""[\""gjensidige\"",\""mc\"",\""ordinary\"",\""gjensidige-mc-kasko\"",null]""]","[""B-047"", ""B-054"", ""B-123"", ""B-134""]","Split by actual product authoring boundary, incorrect claim, inheritance and readiness. Repeated early/late reviews coalesce only for the same scoped operation; similar symptoms alone do not merge providers.",76 independent source-first rules; 83/106 PDF pages exactly reused with type scope checked; all product-specific pages and HTML read.
SCRC-031,"[""RC-101""]",RETAINED,[],[],HIGH for observed omission location; causal authoring process not inferred,"[""ab868c6b64912871""]","[""[\""gjensidige\"",\""mc\"",\""ordinary\"",\""gjensidige-mc-delkasko\"",null]""]","[""B-001""]","Split by actual product authoring boundary, incorrect claim, inheritance and readiness. Repeated early/late reviews coalesce only for the same scoped operation; similar symptoms alone do not merge providers.",mc-bobil-gjensidige-storebrand-catalog.ts condition type=mc && tier!=ansvar; own Delkasko3–4 lacks rental; own Kasko4 explicitly15days. Runtime equality confirmed.
SCRC-032,"[""RC-094""]",RETAINED,[],[],HIGH for observed omission location; causal authoring process not inferred,"[""d67df16cac74ac1a""]","[""[\""gjensidige\"",\""bobil\"",\""ordinary\"",\""gjensidige-bobil-kasko\"",null]""]","[""B-012""]","Split by actual product authoring boundary, incorrect claim, inheritance and readiness. Repeated early/late reviews coalesce only for the same scoped operation; similar symptoms alone do not merge providers.",Own Kasko PDF3 and product HTML160 include rodents/insects/pests; all37base+2optional facts lack safe equivalent; bidirectional runtime probe shows unknown.
SCRC-033,"[""RC-025"", ""RC-032"", ""RC-033""]",SPLIT,[],"[""RC-025"", ""RC-032"", ""RC-033""]",HIGH for observed omission location; causal authoring process not inferred,"[""00cafffaf0b720c4"", ""04343ea6f16b4f9f"", ""077d4cd0cf98ccec"", ""0cb67dee0d9e323e"", ""101b925147dfac6f"", ""14e4f515801410d0"", ""1e39fc284f7ec30a"", ""2190e47e195e5fab"", ""23af92a34e6477e2"", ""241d8821f23dca8e"", ""26668a6c81e5b5d9"", ""28cef751232b1fff"", ""2ebfe0a8f3dfd17a"", ""2f258ae6616c209a"", ""30897f426f9132f0"", ""30f8e097f606ae3a"", ""3cd1117a6400ff68"", ""3d4ee18bb6b094da"", ""4259b78847645953"", ""45971367d5d25145"", ""4a4009eb439e30af"", ""4ac4099aa97cebfe"", ""4d20750d70c6a407"", ""51a4e5da1f01e5d5"", ""52cff77b0924b3ec"", ""54bd562f0eafc4ff"", ""555c0ff7d7901126"", ""591194a934cced6a"", ""5f95e1ae9699ccf2"", ""601282f1d7c0e9ee"", ""6538d14ef47db82e"", ""673b26b43f1be200"", ""67b32f613e47d713"", ""6cb1c5c38fef6b21"", ""6d45d189e804febb"", ""70e9f182bad07f6b"", ""71e953cc21881c70"", ""75533eab2902d881"", ""7eef06c82537865e"", ""87dd218c24207212"", ""94592656ea0ffb4b"", ""9d9472a53ad5c18d"", ""9e40aabb7ed11744"", ""ac4a7af1869fc04d"", ""ad2546bd6f7ddff3"", ""ad7b6b60b144a4df"", ""b0ef669558686bbe"", ""b81550168d90b37d"", ""badb4f85281a8012"", ""be21b93cabcccc3f"", ""c16d324caf0a9206"", ""c475a2402d80d7a1"", ""c68fe70c9ddc4a77"", ""cc134f7ded664c57"", ""cec57012fd3b83ea"", ""d06ca1e67b975050"", ""d2b2cade925b8bae"", ""d4f56f4c6d4b312a"", ""d7423b7e3d5bc63c"", ""d79e7a10eee284fa"", ""d99b0aa4bb221490"", ""db9f5403671a16a7"", ""df9c178b4820d0d4"", ""e1c8e1869470aeca"", ""e2f70dda0093e9e4"", ""e9864b4feaacd9f5"", ""efaa28c0ed5f57c4"", ""f0d9cefce845a61b"", ""f18d8fb60c2c7fcd"", ""fa07b4ca6c235052"", ""fc23e7f6d23f7559"", ""fcdffe493c75df64"", ""ff05ca4bb2f3dbe6""]","[""[\""gjensidige\"",\""campingvogn\"",\""ordinary\"",\""gjensidige-campingvogn-delkasko\"",null]"", ""[\""gjensidige\"",\""campingvogn\"",\""ordinary\"",\""gjensidige-campingvogn-kasko\"",null]"", ""[\""gjensidige\"",\""campingvogn\"",\""ordinary\"",\""gjensidige-campingvogn-pluss\"",null]"", ""[\""gjensidige\"",\""snøscooter\"",\""ordinary\"",\""gjensidige-snoscooter-ansvar\"",null]"", ""[\""gjensidige\"",\""snøscooter\"",\""ordinary\"",\""gjensidige-snoscooter-delkasko\"",null]"", ""[\""gjensidige\"",\""snøscooter\"",\""ordinary\"",\""gjensidige-snoscooter-kasko\"",null]"", ""[\""gjensidige\"",\""tilhenger\"",\""ordinary\"",\""gjensidige-tilhenger-delkasko\"",null]"", ""[\""gjensidige\"",\""tilhenger\"",\""ordinary\"",\""gjensidige-tilhenger-kasko\"",null]""]","[""B-049"", ""B-056"", ""B-057"", ""B-126"", ""B-127"", ""B-136"", ""B-137"", ""B-138""]","Split by actual product authoring boundary, incorrect claim, inheritance and readiness. Repeated early/late reviews coalesce only for the same scoped operation; similar symptoms alone do not merge providers.","8 exact products have5–13basefacts and noaddons; independent60-rule sourcefirst inventory from85PDFpages and3HTML,56pages reused exactly withtypescope checked."
SCRC-034,"[""RC-081""]",RETAINED,[],[],HIGH for observed omission location; causal authoring process not inferred,"[""175b5e4d31ff1e02""]","[""[\""gjensidige\"",\""campingvogn\"",\""ordinary\"",\""gjensidige-campingvogn-delkasko\"",null]""]","[""B-194""]","Split by actual product authoring boundary, incorrect claim, inheritance and readiness. Repeated early/late reviews coalesce only for the same scoped operation; similar symptoms alone do not merge providers.","MOT07IPID1includesglass;DelkaskoPDF1/3doesnot;HTMLdatafeaturearrayDelkaskohas5featureswithoutglass. Fullpackage conflict, not resolved by preference."
SCRC-035,"[""RC-112"", ""RC-113""]",SPLIT,[],"[""RC-112"", ""RC-113""]",HIGH for observed omission location; causal authoring process not inferred,"[""22894946841d0ce5"", ""3327dc0e4134e2c5"", ""4020e0b635ed18fd""]","[""[\""gjensidige\"",\""hund\"",\""ordinary\"",\""gjensidige-hund-behandling\"",null]"", ""[\""gjensidige\"",\""katt\"",\""ordinary\"",\""gjensidige-katt-behandling\"",null]""]","[""B-022"", ""B-187""]","Split by actual product authoring boundary, incorrect claim, inheritance and readiness. Repeated early/late reviews coalesce only for the same scoped operation; similar symptoms alone do not merge providers.","boat-pet-catalog.ts130/154–156; IPIDandwebrehaboptional; viewshowsgrenseincludedandcoverageunknown; webBrukaddedtoLiv,fullconditionsreviewed."
SCRC-036,"[""RC-034"", ""RC-035"", ""RC-037"", ""RC-042"", ""RC-044"", ""RC-045""]",SPLIT,[],"[""RC-034"", ""RC-035"", ""RC-037"", ""RC-042"", ""RC-044"", ""RC-045""]",HIGH for observed omission location; causal authoring process not inferred,"[""0024130fd8465d53"", ""03ed39d725156860"", ""04b59ef3c8364bb7"", ""0baf77b8d5b2f72c"", ""0d6a54dd7da1e309"", ""0ed88244fe0c2339"", ""0f691bc408e93d23"", ""1002abf4c1395c4c"", ""11463c99eab82527"", ""129301ee576e4529"", ""1741fc42fb59ca0a"", ""1a2d64b930e29e41"", ""1da6f1cee4c40739"", ""1dadde9d629d415b"", ""1eed7d1603278ecc"", ""1f487b5f52e91209"", ""2169188974110a90"", ""216fdbfce5ecb57b"", ""229312500c00db7e"", ""23658fc03205d5b1"", ""237b2403dd078759"", ""240705c093b62e30"", ""259c1acc28d690c4"", ""25a813e45b68033e"", ""277641011ecc9902"", ""278eedfccfe4b198"", ""292ede23dc092b40"", ""2b4bf8f6a9715ec2"", ""2c225afabef0e45c"", ""2d6d1abf7262e49c"", ""2da7cbbd9929dd49"", ""3173aba47560ea55"", ""33da004a3560a4a7"", ""346942e7ad44f960"", ""397020944e97f189"", ""3ad25f503ce921f7"", ""3bb64c149adace77"", ""3fa2c47e0aec998e"", ""4320638b9b381c1c"", ""4634f50e4ce2e4c2"", ""473da4a32b5c93f7"", ""47481c580b28c78b"", ""4752dea2824a173a"", ""4b04cf9c22c14ed4"", ""4b5b20067622d61d"", ""4b9f4a8ff7e90117"", ""4c3630eb98299cc0"", ""4ca17c0bd1d79c58"", ""4d1aebd41c71aa54"", ""4d1dfd96a5c4a601"", ""4d8d38df03697ead"", ""534a39caa056a027"", ""556d69633567d87b"", ""576b80ede60efc95"", ""58029b18627e5bc5"", ""5ab9eaf2bfaaaa08"", ""5abd018ff1bb0d0e"", ""5acb53737f757226"", ""5ad36feb3dba2c8d"", ""5bc3b914fc83fd9b"", ""5cbcbdf8843ced89"", ""5e1bc96f35b4425c"", ""605889f76f6fc153"", ""62f7c73a039c31d1"", ""651fb11407496d27"", ""656737de163592f0"", ""65f34b7fb16c7696"", ""67ad890f10319f83"", ""68a41a930a9e7482"", ""68cf5ea9e40641a4"", ""6cec0176462a4db2"", ""6ef036d24354c545"", ""6f70919b4638e65c"", ""715798b1eb9a2472"", ""719deb857df6152c"", ""724d7abefb64ab55"", ""737517b87b53798c"", ""75d5fbf29ffd55f0"", ""77a01b48828765a8"", ""785e4ba5d97d2e8b"", ""794e9c51a14bad06"", ""7b062ce3569b1bc5"", ""7bba3fe84bb022ce"", ""7cc802cea11e6b11"", ""7e10694b4e2f5808"", ""825971689adb8ff3"", ""8291d2b7c33706ac"", ""853b03e6569f2402"", ""886aae9b15ef9e22"", ""8c09c7a6637935a6"", ""948fbeec7d0c9386"", ""94a6571e0963ef9e"", ""9982e557410b02ce"", ""9a784232cc1bc9af"", ""9e8f094983371e95"", ""9f3dbc5d93c1a53d"", ""9fa239469025ced1"", ""9ffd8ecd67def895"", ""a1836ef6a9c5b66a"", ""a4257e1574fc1b2a"", ""a4aa9205e1021134"", ""a5cae74edfd27cfc"", ""a7d4fe8a27f49c5e"", ""a850c4d8383c6c9b"", ""a9764bc59d15fe4d"", ""ab806b76b6a411c5"", ""accc3defff88e250"", ""ad96b70a1dc666df"", ""b2038f6611b0c673"", ""b34ec3d5eace03d0"", ""b5825f51c85e31db"", ""b5831e9f1b61a8e1"", ""b7caae90be776b98"", ""b7ce93170cc572b7"", ""bb211ff6b112c377"", ""bc570d1662e0477a"", ""be240e4c323a1c9f"", ""c49847dfd7a04a85"", ""c60ce66c1511fe93"", ""c8f50c4a76f0284d"", ""c9a505608711f4bf"", ""cb68d5f0f2b7da7a"", ""cfebdf56b6e2829c"", ""d2a26fedc1f56472"", ""d4d60a02be4e6135"", ""d711826d21148b8b"", ""d7da3f1f3792290b"", ""d8e20868ee03c268"", ""d958455d591a391d"", ""e17b8e077dbcfb3a"", ""e3859537178370b0"", ""e480feae576a071a"", ""e580d42eceb9a270"", ""e6494b5ccb3322d4"", ""e6624558d0f47599"", ""e6d1f997a1f4fc5c"", ""e7c15a65f250c51a"", ""e881600b2f3ed99c"", ""e8e98d08e99db68b"", ""ea4507c9afba1227"", ""eb6702c16e086adf"", ""ef865f27669c1f19"", ""f097800a84e3fcaf"", ""f0d40fc523ff70ef"", ""f1b649bd51476b22"", ""f1d2145f1cea120f"", ""f4eee5cb90aac106"", ""f5b60c39cf33a928"", ""f6acb7b2cbb567c7"", ""f8851d8c0ec2beae"", ""fcfbd82309b9aa38"", ""fd7b619e5dc2ba8c"", ""feb78b4e484e37ad"", ""fed9942b2bec85fc""]","[""[\""if\"",\""bil\"",\""ordinary\"",\""if-bil-ansvar\"",\""MOT2-2\""]"", ""[\""if\"",\""bil\"",\""ordinary\"",\""if-bil-delkasko\"",\""MOT2-2\""]"", ""[\""if\"",\""bil\"",\""ordinary\"",\""if-bil-kasko\"",\""MOT2-2\""]"", ""[\""if\"",\""bil\"",\""ordinary\"",\""if-bil-super\"",\""MOT2-2\""]"", ""[\""if\"",\""bobil\"",\""ordinary\"",\""if-bobil-ansvar\"",\""2024-03\""]"", ""[\""if\"",\""bobil\"",\""ordinary\"",\""if-bobil-delkasko\"",\""2024-03\""]"", ""[\""if\"",\""bobil\"",\""ordinary\"",\""if-bobil-kasko\"",\""2024-03\""]"", ""[\""if\"",\""bobil\"",\""ordinary\"",\""if-bobil-super\"",\""2022-06\""]"", ""[\""if\"",\""campingvogn\"",\""ordinary\"",\""if-campingvogn-delkasko\"",\""2024-03\""]"", ""[\""if\"",\""campingvogn\"",\""ordinary\"",\""if-campingvogn-kasko\"",\""2024-03\""]"", ""[\""if\"",\""campingvogn\"",\""ordinary\"",\""if-campingvogn-super\"",\""2024-03\""]"", ""[\""if\"",\""mc\"",\""ordinary\"",\""if-mc-ansvar\"",\""2024-03\""]"", ""[\""if\"",\""mc\"",\""ordinary\"",\""if-mc-delkasko\"",\""2024-03\""]"", ""[\""if\"",\""mc\"",\""ordinary\"",\""if-mc-kasko\"",\""2024-03\""]"", ""[\""if\"",\""snøscooter\"",\""ordinary\"",\""if-snoscooter-ansvar\"",\""2024-03\""]"", ""[\""if\"",\""snøscooter\"",\""ordinary\"",\""if-snoscooter-delkasko\"",\""2024-03\""]"", ""[\""if\"",\""snøscooter\"",\""ordinary\"",\""if-snoscooter-kasko\"",\""2024-03\""]"", ""[\""if\"",\""tilhenger\"",\""ordinary\"",\""if-tilhenger-delkasko\"",\""2024-03\""]"", ""[\""if\"",\""tilhenger\"",\""ordinary\"",\""if-tilhenger-kasko\"",\""2024-03\""]""]","[""B-058"", ""B-059"", ""B-061"", ""B-066"", ""B-068"", ""B-069"", ""B-139"", ""B-140"", ""B-142"", ""B-150"", ""B-151""]","Split by actual product authoring boundary, incorrect claim, inheritance and readiness. Repeated early/late reviews coalesce only for the same scoped operation; similar symptoms alone do not merge providers.",if-motor-independent-inventory.json; if-catalog.ts kontra MOT2-2 §8.4.2; source-first gjennomgang av full lokal motorpakke.
SCRC-037,"[""RC-098""]",RETAINED,[],[],HIGH for observed omission location; causal authoring process not inferred,"[""1bcf37ecc25fb06f"", ""5de1c3220240a49c"", ""7767772472433807"", ""afa3ddda767c07bd"", ""afdcc44c2d6f17bf"", ""ba0e61ddef340f9f"", ""d5522caef913e512"", ""e2dc52bbb424c46f"", ""fed78a7a76ab864d""]","[""[\""if\"",\""campingvogn\"",\""ordinary\"",\""if-campingvogn-super\"",\""2024-03\""]""]","[""B-024""]","Split by actual product authoring boundary, incorrect claim, inheritance and readiness. Repeated early/late reviews coalesce only for the same scoped operation; similar symptoms alone do not merge providers.","vehicle-object-catalog.ts211–230: Kasko og Super får samme boolske Kaskopåstand; snapshot10fakta begge. SV7073.3 dokumenterer fukt, feriegaranti,100kbagasje og skadedyr; webnyverdi3år. Runtimeviserukjent."
SCRC-038,"[""RC-040""]",RETAINED,[],[],HIGH for observed omission location; causal authoring process not inferred,"[""06b7b0a7c426afd6"", ""0957f476ea719c43"", ""1748098e396bf69c"", ""2075394228ccce41"", ""247a23ba69c5e1af"", ""2ec03530f3a64366"", ""2ee7f4378234423a"", ""2f0c12c5b83136cd"", ""2fbeac328b2f16e2"", ""311bbf0f1fb6a9a3"", ""37cb2c91a67b48ad"", ""3ba65b64b9873776"", ""3e0bda61eeb88404"", ""4907c3382067a5de"", ""54dec440e1fbb724"", ""557dac71a9e20cd4"", ""5c863decc86e57ac"", ""60872f20e82579d0"", ""67d0a2bea66ad634"", ""6d67ca84a1ba83cc"", ""719db796d13a1b75"", ""79fa33f24b8e11ff"", ""7b9f9abdac57173e"", ""7c85998c85529a39"", ""8234097961c49e9b"", ""85461a9f34b5bafc"", ""8c9491dbb4d9c94f"", ""8cad48c5ee931a94"", ""8e2ce2ddc4033c81"", ""8f80f104d8e1a892"", ""98fe08ee6497caa2"", ""a197c46eb1cdf9d1"", ""a80f97d9928df81d"", ""a9dc7a58b6f59002"", ""b395eb517c90ca0f"", ""b647fd11e45934ab"", ""b6f8fc7544bdeb00"", ""c5bc20da35e2c550"", ""cd54794bf4794acd"", ""d0c96f292a879ff4"", ""dd5a3b5aede7de6a"", ""df0671ce7252c0c5"", ""e40756438b06b0a3"", ""ea4b260dec74c2bb"", ""ec865f15775a4800"", ""f9445d23c4da509f""]","[""[\""if\"",\""innbo\"",\""ordinary\"",\""if-innbo-basis\"",\""IBO2-1\""]"", ""[\""if\"",\""innbo\"",\""ordinary\"",\""if-innbo-super\"",\""IBO2-1\""]"", ""[\""if\"",\""innbo\"",\""ordinary\"",\""if-innbo-utvidet\"",\""IBO2-1\""]""]","[""B-064"", ""B-146""]","Split by actual product authoring boundary, incorrect claim, inheritance and readiness. Repeated early/late reviews coalesce only for the same scoped operation; similar symptoms alone do not merge providers.",if-innbo-independent-inventory.json; IBO2-1/SV006/IPID kontrollert mot lib/if-innbo-catalog.ts; ingen kundevalg inferert.
SCRC-039,"[""RC-039""]",RETAINED,[],[],HIGH for observed omission location; causal authoring process not inferred,"[""05a9abaf382c946b"", ""14b85939a667f1b2"", ""238ebd49a5cc68a5"", ""2706254575a1f655"", ""2712ca576a24490a"", ""2ae0659b0e9ad728"", ""2bbcfe033c3b2bfe"", ""3ada582ab7501f6b"", ""3d4cf2fefa64bbf3"", ""44b5ca7840482eea"", ""48674e7386d58d16"", ""4bee216e6791602f"", ""554486c625c0279b"", ""61af1e6205ce72f4"", ""6322cbd61ebd60fe"", ""827e498d9dfb82ce"", ""8597f0147cd0d771"", ""89b290ded9b8790a"", ""8b9f63010b330dfc"", ""8c14b387334a31e9"", ""9206ff69e7dc8a83"", ""9a50a6c798af6df5"", ""9eac6da7ca272fd4"", ""a5842f14f9b8e537"", ""a60bab653d7ac505"", ""aa81311bdbb49f7b"", ""ab06ddd6be649b03"", ""b08b8a61f45fc764"", ""bacc2fb345fb8782"", ""c6b1ebd558b58db7"", ""e4fc73f58078261d"", ""f34d6747542f2dd6"", ""f72ef6bf1fd4c090"", ""fb2baea1de001b3d"", ""fdab30e341873074"", ""fe22112a532a28eb""]","[""[\""if\"",\""bolig\"",\""ordinary\"",\""if-hus-basis\"",\""2023-09\""]"", ""[\""if\"",\""bolig\"",\""ordinary\"",\""if-hus-super\"",\""2023-09\""]"", ""[\""if\"",\""bolig\"",\""ordinary\"",\""if-hus-utvidet\"",\""2023-09\""]""]","[""B-063"", ""B-145""]","Split by actual product authoring boundary, incorrect claim, inheritance and readiness. Repeated early/late reviews coalesce only for the same scoped operation; similar symptoms alone do not merge providers.",if-hus-independent-inventory.json; full BGN1-0/SV006/localHTML compared bidirectionally; IPID and general source applicability separated.
SCRC-040,"[""RC-043"", ""RC-099""]",SPLIT,[],"[""RC-043"", ""RC-099""]",HIGH for observed omission location; causal authoring process not inferred,"[""0458b7ce287ae8f1"", ""0e6afcc6ac81bf0c"", ""18d2ed4e78a2d878"", ""1ab7ec7cc9bcb58c"", ""1df82b0fef1267db"", ""21276b30e7e4ced4"", ""27fcf5f5ce65d7c5"", ""28d69adf50591c7c"", ""2a8463c06bb117c6"", ""40e6947d85cbdd9c"", ""42b6849ff2117d7e"", ""50d70cb3058f25b0"", ""513d2859f9163dc2"", ""5c077e38898a7c98"", ""655ae8f454ce2f3c"", ""6ad850d300c043e3"", ""7751e9296666ec0c"", ""79cfacf160951f3a"", ""7ae23cbd02e6592e"", ""7b74c64afe41bc68"", ""7de7acbf8108b129"", ""85902a58b50cbd16"", ""871e51290b2e5bde"", ""8857a57756987b3a"", ""88942a8c4eb21936"", ""92f2c6addb84e0af"", ""9474653a22a7f3b8"", ""9668dd708a8bae1f"", ""9b7a2ea97f30d150"", ""a1492ff0c90dd7d3"", ""af616908e3ccb66a"", ""b59955d35735c7a4"", ""b8bb2a93f2ad004d"", ""b9a4784069bf37d9"", ""c32aeea4a2a3a2f8"", ""c3bd0fe200262439"", ""c77a203800752ac0"", ""ced5bf3623790786"", ""d1ccedaa61dbfa84"", ""d5e5546541f92ec4"", ""d745b2094fd65fa3"", ""d83b25f12b40eebe"", ""de03bd98e5b73003"", ""e2e6e51308b2bfd8"", ""e6093c6a5a852045"", ""eaa12d84a2052263"", ""ed37cd45556d7a01"", ""f376b7c689e7a1b3""]","[""[\""if\"",\""reise\"",\""ordinary\"",\""if-reise-basis\"",\""2026-09-20-canonical\""]"", ""[\""if\"",\""reise\"",\""ordinary\"",\""if-reise-standard\"",\""2026-09-20-canonical\""]"", ""[\""if\"",\""reise\"",\""ordinary\"",\""if-reise-super\"",\""2026-09-20-canonical\""]""]","[""B-004"", ""B-067"", ""B-149""]","Split by actual product authoring boundary, incorrect claim, inheritance and readiness. Repeated early/late reviews coalesce only for the same scoped operation; similar symptoms alone do not merge providers.","if-reise-independent-inventory.json; ERA3-4 §5.1–5.4 motlib/if-reise-catalog.ts;6aktiveoriginaler lestførkatalog,ingenhistorisk180regel."
SCRC-041,"[""RC-036"", ""RC-097""]",SPLIT,[],"[""RC-036"", ""RC-097""]",HIGH for observed omission location; causal authoring process not inferred,"[""0931ff466a573a7f"", ""0d645571a077d21e"", ""0edf4a25f777500a"", ""0efa043d25c3b8f1"", ""103ac49febeb7c64"", ""1b36e785200f0168"", ""1cddb3ae4409364d"", ""1d56e1b66713f373"", ""3ac19b60cea8e5aa"", ""3d60d3bb81f0c7ac"", ""478bd575e79e3344"", ""4bb101ca3e14fdf6"", ""4f1d7c3eb6887f35"", ""51e8255589e932fc"", ""524f9610da561ea0"", ""5a62b7de25f89de0"", ""5bb0556f0f525074"", ""65772a6a987cf948"", ""6969771120eb1b67"", ""6999e801c3ca362d"", ""7651af3b77463b66"", ""798db068a45a2088"", ""7fda244724f6a9bb"", ""89917387b9166502"", ""8e22df0cd2cbed14"", ""9534792b688d7e5a"", ""9cd84175f8d668e6"", ""9eab7e27904f1ac9"", ""9ee2b3cb8ab33aa9"", ""ada576a031d2e54f"", ""b0c35234484489d2"", ""b2f52945afafb6db"", ""b59518d027d275dd"", ""ba3d0080cd233f31"", ""bb566cb05247da70"", ""c218178f7c6add06"", ""caadf78a8f4be676"", ""cd2eff34e684cc02"", ""cd4e6e062ddecdde"", ""d07e9ae8a55beeaf"", ""d41b1765a6dff846"", ""d5c5a6f79a731a18"", ""dc8227e28127783f"", ""dc92818b3f5e33b7"", ""dcfaade9bd1d74e6"", ""e288a22c2f335a35"", ""e50b60c83f8a5ff8"", ""e69332f5e32af355"", ""eeef0baf7f8ef853"", ""ef51345a43568bee"", ""f32a7b260212da1d"", ""f3608cc54c6ccdb0"", ""f86bf9e8ab50fed7"", ""fa4b1a329f323fdd"", ""fd744b15c2fda337""]","[""[\""if\"",\""båt\"",\""ordinary\"",\""if-bat-delkasko\"",\""2023-02-01\""]"", ""[\""if\"",\""båt\"",\""ordinary\"",\""if-bat-kasko\"",\""2023-02-01\""]"", ""[\""if\"",\""båt\"",\""ordinary\"",\""if-bat-super\"",\""2023-02-01\""]""]","[""B-003"", ""B-060"", ""B-141""]","Split by actual product authoring boundary, incorrect claim, inheritance and readiness. Repeated early/late reviews coalesce only for the same scoped operation; similar symptoms alone do not merge providers.","55source-firstregler fraBÅT2-1/IPID mot alle exactbase/addon/componentfacts; fullvilkår§4.9.5 har4ktil5år,8ktil10år og gradert11–15."
SCRC-042,"[""RC-038"", ""RC-041""]",SPLIT,"[""RC-038"", ""RC-041""]","[""RC-038"", ""RC-041""]",HIGH for observed omission location; causal authoring process not inferred,"[""020b42a626bcaa59"", ""03c00d94af50da37"", ""0cfb0973c4ef5a7c"", ""12a4f217cc36a106"", ""14dabbf6a3bc15fb"", ""192ba68b4727b259"", ""1eeb6470293fdb39"", ""241b0c60b38931ef"", ""29a49f41e679b2eb"", ""2b8601a607afe4f4"", ""32e75c117b2d9e12"", ""3355ed3655871ed3"", ""365ac075c1e01d44"", ""389d23e5ea3cea66"", ""3f9e6bcccf39940f"", ""40835371725b8ef0"", ""42d63adf12c3168b"", ""4463e9dc92398049"", ""4532c1667f6bd610"", ""5051c9b3b109cbda"", ""51e538452c9226e6"", ""546cf96875caf6fd"", ""6506f1f578370460"", ""69926df76155b3b1"", ""6a080d5d62cde9cd"", ""6df3478897f16b2b"", ""6f83ace76158404b"", ""7b1e69a255a5e1e1"", ""7cf9a310d06476ff"", ""866b0dd727bb5f68"", ""990a9f14663dfd60"", ""a4665466db253140"", ""a4d56abe97213326"", ""ab3a5306ba639db0"", ""b48b137933a32932"", ""b5b4410c8633761a"", ""ba637dd194fa2d8f"", ""bc606eb7d962507f"", ""bce7740765a583ff"", ""be69fca5759be0f6"", ""c575208802f79933"", ""cbb540bff7ca19d8"", ""e0e934cb5468810f"", ""e5b7050a14f53c8d"", ""e6f83f79595688ed"", ""ecc7fd16bca20aa5"", ""ece40cc9c6e418cf"", ""f223270094ff0b04"", ""fa86aead865df73d""]","[""[\""if\"",\""hund\"",\""ordinary\"",\""if-hund-basis\"",\""2022-12-01\""]"", ""[\""if\"",\""hund\"",\""ordinary\"",\""if-hund-standard\"",\""2022-12-01\""]"", ""[\""if\"",\""hund\"",\""ordinary\"",\""if-hund-super\"",\""2022-12-01\""]"", ""[\""if\"",\""katt\"",\""ordinary\"",\""if-katt-basis\"",\""2022-12-01\""]"", ""[\""if\"",\""katt\"",\""ordinary\"",\""if-katt-standard\"",\""2022-12-01\""]"", ""[\""if\"",\""katt\"",\""ordinary\"",\""if-katt-super\"",\""2022-12-01\""]""]","[""B-062"", ""B-065"", ""B-143"", ""B-144"", ""B-147"", ""B-148""]","Split by actual product authoring boundary, incorrect claim, inheritance and readiness. Repeated early/late reviews coalesce only for the same scoped operation; similar symptoms alone do not merge providers.","HUN2-1/KAT2-1 desember2022 source-first,tidligerepartialSF-raderbevart;eksaktenivåeroglivkontrollertmed39utvidedeinventarregler."
SCRC-043,"[""RC-061""]",RETAINED,[],[],HIGH for observed omission location; causal authoring process not inferred,"[""0a942906583da9c4"", ""282ee36f2da4480e"", ""377b5b7819b0dc1a"", ""3ce6d1e8ccd1f368"", ""46535d2d8718fe06"", ""48303346540993b9"", ""4890ed7a27265f2e"", ""678d0558a0b8f5a7"", ""6a609b63bbd8bd20"", ""6d1824362bd5969b"", ""6fcc8e4f48d9d0c9"", ""7114a74047a20d7a"", ""7227246352adac20"", ""a6552734a76e189b"", ""af5da0d36b31e293"", ""b1bf7e338671afb3"", ""bd9099299aa2c1e3"", ""d120a2dd55b707b7"", ""da2e295a7a9da6b1"", ""e2fe6f201d6401ea"", ""e4fd385ee7356105"", ""e7e76b45d1cefb24"", ""f79b0f591a3dcb65""]","[""[\""tryg\"",\""bil\"",\""ordinary\"",\""bil-ansvar\"",\""PAU25003\""]"", ""[\""tryg\"",\""bil\"",\""ordinary\"",\""bil-delkasko\"",\""PAU25835\""]"", ""[\""tryg\"",\""bil\"",\""ordinary\"",\""bil-kasko\"",\""PAU25205\""]""]","[""B-085"", ""B-173""]","Split by actual product authoring boundary, incorrect claim, inheritance and readiness. Repeated early/late reviews coalesce only for the same scoped operation; similar symptoms alone do not merge providers.",54source-firstregler/11lokaleoriginaler;fullfactlabelsverifisertså100kkmMaskinkomponent/under18barn/under23førerikkefeilflagges;PGE91500finneslokaltviaeksakthenvisning.
SCRC-044,"[""RC-062"", ""RC-068"", ""RC-085"", ""RC-086""]",SPLIT,[],"[""RC-062"", ""RC-068"", ""RC-085"", ""RC-086""]",HIGH for observed omission location; causal authoring process not inferred,"[""05f40882087f73ba"", ""0a91d2606129bb38"", ""0f6fe9dae981a939"", ""112e278304e586a7"", ""1739e860c9244e39"", ""2951cdd8fd98d11f"", ""2b66a5180443dd52"", ""31e474ad983b7542"", ""33f88bd383e5fc6c"", ""3c306dcb857d247c"", ""3d23ff07448af5d6"", ""5161184ad1793107"", ""52e5f199af0e7c9e"", ""5949f6c1ea3f358d"", ""6aa61050c24047bf"", ""79a62188058a17c8"", ""7e03deb37cfadaa6"", ""7e6cc23b4663416c"", ""85029e29549fc242"", ""85de100924204226"", ""9047d22f72062205"", ""92680751a4f7996d"", ""961ecb8641a9e479"", ""988ec459389b20ed"", ""99e3f8cdd048acfc"", ""9ddfe6bea0ef30e5"", ""a9939ee91befcfb1"", ""ad654740bdb68f96"", ""ae0661dd3218a003"", ""b2085a76f58add78"", ""bbaafc87f966e897"", ""bd26516e25e7570b"", ""be9f2768e429aa42"", ""c089655b561b9ade"", ""c432c18acdd45a4d"", ""cace6d5ca9149f83"", ""d2573ced9cc1c3fc"", ""d3b6cfbe538835e1"", ""d4d898dbe7dad032"", ""da1ec49a9c7f145c"", ""dca9b0acd2e8be87"", ""f4077e4124b65cde"", ""f410130831e36a57"", ""f9c93dd430516953"", ""fb08cea04ff8d897"", ""fb4f829cc227e5b4""]","[""[\""tryg\"",\""bobil\"",\""ordinary\"",\""tryg-bobil-ansvar\"",\""2026-07-01\""]"", ""[\""tryg\"",\""bobil\"",\""ordinary\"",\""tryg-bobil-bobil-ekstra\"",\""2026-07-01\""]"", ""[\""tryg\"",\""bobil\"",\""ordinary\"",\""tryg-bobil-delkasko\"",\""2026-01-01\""]"", ""[\""tryg\"",\""bobil\"",\""ordinary\"",\""tryg-bobil-kasko\"",\""2026-01-01\""]"", ""[\""tryg\"",\""mc\"",\""ordinary\"",\""tryg-mc-ansvar\"",\""2026-07-01\""]"", ""[\""tryg\"",\""mc\"",\""ordinary\"",\""tryg-mc-delkasko\"",\""2026-01-01\""]"", ""[\""tryg\"",\""mc\"",\""ordinary\"",\""tryg-mc-kasko\"",\""2026-07-01\""]"", ""[\""tryg\"",\""mc\"",\""ordinary\"",\""tryg-mc-mc-ekstra\"",\""2026-07-01\""]""]","[""B-086"", ""B-092"", ""B-174"", ""B-183"", ""B-198"", ""B-202""]","Split by actual product authoring boundary, incorrect claim, inheritance and readiness. Repeated early/late reviews coalesce only for the same scoped operation; similar symptoms alone do not merge providers.",61uavhengigeregler;alle16dedikertelokaloriginaler+eksaktreferertefellesvilkår;fullreversecheckogtidligerepositivergjenbrukt.
SCRC-045,"[""RC-064"", ""RC-070"", ""RC-071"", ""RC-087""]",SPLIT,[],"[""RC-064"", ""RC-070"", ""RC-071"", ""RC-087""]",HIGH for observed omission location; causal authoring process not inferred,"[""05fb0b7efd75c8f2"", ""07162bde561ec18d"", ""07243506421cec5e"", ""0c38cf6a62832220"", ""1276be5aab4fc540"", ""192923db80af77d1"", ""1a568053722532e7"", ""2208749fcdf21bfd"", ""253fe3febefa649e"", ""2f75bfd1464c1a8a"", ""36e149c5b1b6a5f1"", ""3faaa47ef10d5767"", ""40a5161cc927eb64"", ""40aaafd6746b4059"", ""42e7c69d5f0df6ce"", ""46faef15c92415c1"", ""55772c20fde4cf65"", ""5a6f2083640c3265"", ""5e7448485649cb34"", ""6371a027109a53b1"", ""66607755d503d092"", ""670d6c7edf7952d5"", ""68af0543e37902e0"", ""6bf58f2daa0f7261"", ""7871452b1fcf2b1d"", ""7c4f6893f40b74eb"", ""7c91ed15ae7c888a"", ""7efc386efcc57cfb"", ""811df060ceac6b4a"", ""8719ac68866c1abb"", ""8932bd288512b7b8"", ""89f3cbe97364cf77"", ""8bc703d80548fc85"", ""8c3c4b9bdcca1d0a"", ""8cadf5ecb7eb0344"", ""9185682df9546c75"", ""959e1d5a39fc76d0"", ""9c192c8e37db8260"", ""a5f8080d8de97a55"", ""a71dffe81db470cb"", ""b0f313b3f14a15e6"", ""b67297daec350d17"", ""baa376e07105aa9e"", ""bba365603809837d"", ""bce118ac1cc9e49c"", ""be56e69eae0017ff"", ""c2ef1204ce200a54"", ""c6201d986f790208"", ""c66f449a3c6138c6"", ""c6e3994332c4f209"", ""d2d17f8c3ef836fe"", ""da5a76b7c279d8a6"", ""eac51a55263b8230"", ""eb67ee1bac4a7caf"", ""ebeff756a5a4bc57"", ""f242edc0c5f32c15"", ""f38b8cd7d948d311"", ""fdd950a87859dd86""]","[""[\""tryg\"",\""campingvogn\"",\""ordinary\"",\""tryg-campingvogn-brann\"",\""2026-01-01\""]"", ""[\""tryg\"",\""campingvogn\"",\""ordinary\"",\""tryg-campingvogn-brann-og-tyveri\"",\""2026-01-01\""]"", ""[\""tryg\"",\""campingvogn\"",\""ordinary\"",\""tryg-campingvogn-campingvogn-ekstra\"",\""2026-01-01\""]"", ""[\""tryg\"",\""campingvogn\"",\""ordinary\"",\""tryg-campingvogn-kasko\"",\""2026-01-01\""]"", ""[\""tryg\"",\""snøscooter\"",\""ordinary\"",\""tryg-snoscooter-ansvar\"",null]"", ""[\""tryg\"",\""snøscooter\"",\""ordinary\"",\""tryg-snoscooter-brann-og-tyveri\"",null]"", ""[\""tryg\"",\""snøscooter\"",\""ordinary\"",\""tryg-snoscooter-kasko\"",null]"", ""[\""tryg\"",\""tilhenger\"",\""ordinary\"",\""tryg-tilhenger-brann\"",\""2026-01-01\""]"", ""[\""tryg\"",\""tilhenger\"",\""ordinary\"",\""tryg-tilhenger-brann-og-tyveri\"",\""2026-01-01\""]"", ""[\""tryg\"",\""tilhenger\"",\""ordinary\"",\""tryg-tilhenger-kasko\"",\""2026-01-01\""]""]","[""B-088"", ""B-094"", ""B-095"", ""B-176"", ""B-185"", ""B-186"", ""B-204""]","Split by actual product authoring boundary, incorrect claim, inheritance and readiness. Repeated early/late reviews coalesce only for the same scoped operation; similar symptoms alone do not merge providers.","45source-firstregler,13unikePDF+6HTMLsamtgjenbruktlegal/general;CampingvognKaskoNaturskadeunknownbekreftetsideswapruntime."
SCRC-046,"[""RC-063"", ""RC-082""]",SPLIT,[],"[""RC-063"", ""RC-082""]",HIGH for observed omission location; causal authoring process not inferred,"[""0599267c725042e7"", ""08a1eac014d4098b"", ""0999e293f8cf58c5"", ""1d9158224b5bc140"", ""223f02e0af319ee6"", ""26c5eefa851e592c"", ""28402683a69ab576"", ""28c0c8fe4294413f"", ""2dfbaca8def316bb"", ""38f4b007bc33f19b"", ""51b82cdac59f759e"", ""5a7ba36a70425997"", ""5b2547a6071ecad9"", ""61fa5495c33abe97"", ""6e638e875a8d5cde"", ""6f8af79d3503c4ed"", ""784c98bebf756f9e"", ""7d8b739e1e5906ac"", ""947e62404a151b0f"", ""9f9ceb72c99ed0a1"", ""a3fc58707448c51f"", ""a72d76ae5f2d9131"", ""a7e4a2576f53a69b"", ""a93ad84464effa61"", ""addfa5c41a91e0b8"", ""d15daefc7bcc8fac"", ""d6b83b87b6b2b4aa"", ""debd858a1ee09659"", ""ebcc2ec1fcc16943"", ""f5abe8368805d036""]","[""[\""tryg\"",\""båt\"",\""ordinary\"",\""tryg-bat-ansvar\"",\""2024-07-01\""]"", ""[\""tryg\"",\""båt\"",\""ordinary\"",\""tryg-bat-bat-ekstra\"",\""2024-07-01\""]"", ""[\""tryg\"",\""båt\"",\""ordinary\"",\""tryg-bat-brann-ansvar\"",\""2024-07-01\""]"", ""[\""tryg\"",\""båt\"",\""ordinary\"",\""tryg-bat-brann-tyveri-ansvar\"",\""2024-07-01\""]"", ""[\""tryg\"",\""båt\"",\""ordinary\"",\""tryg-bat-kasko-ansvar\"",\""2024-07-01\""]""]","[""B-087"", ""B-175"", ""B-199""]","Split by actual product authoring boundary, incorrect claim, inheritance and readiness. Repeated early/late reviews coalesce only for the same scoped operation; similar symptoms alone do not merge providers.",33uavhengigesource-firstreglerfra9originaler;faktiskPFB36900/36910/38900motkomponenter;egenprodukttermsikkegrunnKaskovilkår.
SCRC-047,"[""RC-065"", ""RC-067"", ""RC-084""]",SPLIT,"[""RC-065"", ""RC-067""]","[""RC-065"", ""RC-067"", ""RC-084""]",HIGH for observed omission location; causal authoring process not inferred,"[""020ccc5cb66f94f9"", ""07d44848605b7995"", ""0c85ee2d283e39b1"", ""0d63355267f1858e"", ""16bed2bb40b8f90c"", ""17a57c26afffb6c3"", ""1a6f15af1122bfa8"", ""226d1f921cc77a2b"", ""26d385a9c6063996"", ""26f88f7e580893cd"", ""27196ec4cb169686"", ""28c4c7f35725e234"", ""28c83b2ea2fcf679"", ""299ccea7e173719d"", ""2f82551a65922fef"", ""33850134dba58021"", ""41f1e2535852f2cb"", ""5098587cc1a2b81a"", ""576e586804c96c02"", ""57e492cd5d6961ba"", ""58cc53938359edf5"", ""5b3fb450a1cf5622"", ""5fd1688956e39f0b"", ""61ffd4afdf5e94fd"", ""68e6cd4db8075b3f"", ""7a8397c9a8e527fb"", ""7ea53e9c446fab07"", ""859198160102e56c"", ""8613ad631660fd0d"", ""86c9b328d112f3d7"", ""8b5319b186f52a19"", ""96d9ddc3868aa164"", ""98536767299e3c47"", ""9e575faf278d6839"", ""9f064f9a0fa29ece"", ""a87240c851842c93"", ""ab0b2da355a320f7"", ""aef5e515cfbd157e"", ""b11e6b335ac516e3"", ""b12712b0b1c77c1b"", ""b191f12a403c27ee"", ""b9620e9af567eb43"", ""c0310a861546f951"", ""c9a457f9acc05ded"", ""d281f9e2ebbbb888"", ""d4005cb74cd96b23"", ""d7dac680ae64cc53"", ""df762c48bd2d966b"", ""e2d135320216be8b"", ""f05c1ecab16a9b0f"", ""fbaa20c4a8c94884"", ""ffb42dafac682199""]","[""[\""tryg\"",\""hund\"",\""ordinary\"",\""tryg-hund-behandling\"",\""2026-09-01\""]"", ""[\""tryg\"",\""katt\"",\""ordinary\"",\""tryg-katt-behandling\"",\""2026-09-01\""]""]","[""B-089"", ""B-091"", ""B-177"", ""B-178"", ""B-181"", ""B-182"", ""B-200""]","Split by actual product authoring boundary, incorrect claim, inheritance and readiness. Repeated early/late reviews coalesce only for the same scoped operation; similar symptoms alone do not merge providers.",40source-firstreglerfra10lokaleoriginaler;alleheadclaimsog4tilleggkontrollertmedtypegrenser;SF0001–0032gjenbrukt.
SCRC-048,"[""RC-066"", ""RC-083"", ""RC-092"", ""RC-103""]",SPLIT,"[""RC-066""]","[""RC-066"", ""RC-083"", ""RC-092"", ""RC-103""]",HIGH for observed omission location; causal authoring process not inferred,"[""01199d622e7dff76"", ""077dc8595c8bd724"", ""09a679d3146d5f0a"", ""0ed21ac7f8bf30d9"", ""212b54b73c4c84db"", ""21e60f83e3f0214e"", ""224f92abf9609741"", ""336b0063f48f7c20"", ""3476f17c57182cd4"", ""37b84b21d13b2b3a"", ""38f733b1b8870cb7"", ""5c5fa382c802bd26"", ""63719ce66ae5e47b"", ""640f8c3ec3c5f91a"", ""6528af829b3604fa"", ""6639b0725a3a4e5d"", ""6a58baed3ef8bfc7"", ""74d0646bdc05d7a1"", ""7b9fc062e4b45447"", ""891bffa82bebd3a0"", ""8ebf6bb60ebb83c9"", ""90715a1bb7aadf68"", ""918fd185e14345b5"", ""96cc99cbc81848cb"", ""9888574e7aee9552"", ""99831bbae3805bfb"", ""b31c0362df18cbd4"", ""b3f94ff7a3ae2f98"", ""b45608cad7c89e92"", ""ceb75223f15b7270"", ""d76daf2dbd52d443"", ""dac1f5faaafce68a"", ""dc3a6ade6aa3556a"", ""e70b4b78e7dd5fdc"", ""eab8ec6c4e8e79fe"", ""ec5a40a80125df7c"", ""eea375a19db02b60""]","[""[\""tryg\"",\""innbo\"",\""ordinary\"",\""tryg-innbo\"",\""2026-07-01\""]"", ""[\""tryg\"",\""innbo\"",\""ordinary\"",\""tryg-innbo-ekstra\"",\""2026-07-01\""]""]","[""B-011"", ""B-015"", ""B-090"", ""B-179"", ""B-180"", ""B-201""]","Split by actual product authoring boundary, incorrect claim, inheritance and readiness. Repeated early/late reviews coalesce only for the same scoped operation; similar symptoms alone do not merge providers.",48 uavhengige regler fra 10 lokale originaler; full reverse-check av begge nivåer og utleietillegg.
SCRC-049,"[""RC-114""]",DEFERRED_P2_ONLY,[],[],HIGH for observed omission location; causal authoring process not inferred,"[""10b2cccae300dc6b"", ""3d32fd01bd4d9178"", ""5e2614f7a4ea3c56"", ""6eba7031dd64ae37"", ""9951eb15b4e44a4b"", ""9e235458aaf662b5"", ""9ea7930b53bd178e"", ""c039f396a2fd0cb5"", ""dcbc7e2d2db2359d""]","[""[\""tryg\"",\""bolig\"",\""ordinary\"",\""tryg-hus\"",\""2026-01-01\""]"", ""[\""tryg\"",\""bolig\"",\""ordinary\"",\""tryg-hus-ekstra\"",\""2026-01-01\""]""]",[],"Split by actual product authoring boundary, incorrect claim, inheritance and readiness. Repeated early/late reviews coalesce only for the same scoped operation; similar symptoms alone do not merge providers.","65 uavhengige regler fra alle16originaler; hele aktivebase/Ekstra+2tillegg kontrollert, bygg-under-oppføring registrert uten å kreve ny produktutvidelse."
SCRC-050,"[""RC-069"", ""RC-088""]",SPLIT,[],"[""RC-069"", ""RC-088""]",HIGH for observed omission location; causal authoring process not inferred,"[""0357750515c9b629"", ""0c678f09ae5693b1"", ""11007cac7c357f3d"", ""13bc424d2cf2cfd9"", ""1d09608543e2a517"", ""2dab33ce14bc7af3"", ""3a23f38139918eb4"", ""440fe91a9820c1df"", ""505bbcc21067dff9"", ""5ace95fc65248ffc"", ""62568f57044e3a1e"", ""63235630b651e645"", ""856c3d2d6b30cfc2"", ""8f5ab013f056ee57"", ""998fe4450716f4e4"", ""a1a24bcafddda1a8"", ""b1e0ac5f6445d9f4"", ""b34d48f74fe9c773"", ""be4b6e703df548b9"", ""caac64cb80c84ff7"", ""d1603e2a898d9ec5"", ""d22cf0b034e0ed6d"", ""d8edb8aeea7d2d87"", ""de97cf3f5fb32fbb"", ""e598072d49375395"", ""ed51c0d30a20bdbf"", ""fca4c5bdc12f4b10"", ""ff4f39823117baaf""]","[""[\""tryg\"",\""reise\"",\""ordinary\"",\""tryg-reise\"",\""2026-09-20-canonical\""]"", ""[\""tryg\"",\""reise\"",\""ordinary\"",\""tryg-reise-ekstra\"",\""2026-09-20-canonical\""]"", ""[\""tryg\"",\""reise\"",\""ordinary\"",\""tryg-reise-premium\"",\""2026-09-20-canonical\""]""]","[""B-093"", ""B-184"", ""B-203""]","Split by actual product authoring boundary, incorrect claim, inheritance and readiness. Repeated early/late reviews coalesce only for the same scoped operation; similar symptoms alone do not merge providers.",52 source-first regler; alle13originaler/3nivåer/2ulykketillegg; sidebyttet runtime bekrefter Ekstra Legehjelp som falsk katalog-unknown.
SCRC-051,"[""RC-009"", ""RC-073""]",SPLIT,[],"[""RC-009"", ""RC-073""]",HIGH for observed omission location; causal authoring process not inferred,"[""001d6755af546d4a"", ""00cb857c12c6c1bf"", ""0368f9c50ebf2c6c"", ""04a82ecfec74a5c5"", ""07b73b0dae9654ac"", ""0b087a54a90ff5e0"", ""0b8dfaa3f0946ae0"", ""0c22995ef310db8d"", ""104682b90a22896a"", ""112ada8feb5d1b58"", ""1152b85c31282f02"", ""12f713bb06417b24"", ""155e2dadfafb59e1"", ""1699529cc1fdfa27"", ""191861cfd0148adf"", ""1b8a0cddaa68940c"", ""1c162370a2391add"", ""1f6655a963c7d1e4"", ""21b31eff5adfff12"", ""21ef4bbbcb474086"", ""235d4c7e29cfa67d"", ""2469dd1e5729e93e"", ""24812536bc10da31"", ""26c5416d874a7f42"", ""271533b9c3f6addf"", ""282210dd524d6e6a"", ""28ab678e1cf08a3e"", ""28b067df52a47a86"", ""28ff1c52902ebb4c"", ""2a1377003c25818d"", ""2b131ed6dd0fc14d"", ""2b9dd59f05fb4852"", ""2bb56dba9fb1da41"", ""2ce14caf6c1ad6cc"", ""2ffe7c56a73dae2a"", ""30dd7737d8d2036a"", ""32971d6407ea5025"", ""364bea65d5fc501f"", ""3f24a81aedd90db4"", ""405253d7c353c4da"", ""439abc6708b1e849"", ""4423668dd56b7081"", ""4501f6a5e0d9f45c"", ""459a3698c2a623a4"", ""46b4d3b53b1d6541"", ""4d2d9e9110c0eab5"", ""4d528d74491a85d8"", ""4e0e0c9082bbee37"", ""4f174396eed9c9a4"", ""4f82f0d52fc18579"", ""50b87a7ac5d35532"", ""51b4d8cb45f40a3f"", ""524184a31495675d"", ""52f0a67115598076"", ""5358f8be6b404d71"", ""548c89796c1d66a2"", ""54aee00059f75024"", ""5591ba10302978a6"", ""55bfcc820e3b3f20"", ""5652a1f20292143c"", ""5653a75fb029b1d2"", ""570e644474f086ad"", ""59bc05d2b2576c5e"", ""5bdf1487e95ea92d"", ""5d97d05ccf9a8262"", ""60203652861e9274"", ""60dcb88acdd3f7a0"", ""62023c810b37aad0"", ""67737ce80b5eced9"", ""67fb5d41d30af6a0"", ""6911cbd73693970d"", ""6941108b47182fff"", ""6b32c5efd1c380ca"", ""6b5a8598b1bfbfae"", ""6b5f9264dc0dbc22"", ""6dcb9a2efab6b477"", ""6fc92ef1150feb36"", ""6fd1975890ea41c9"", ""7064a08267d50b98"", ""713aeafb78eee5d0"", ""739506132b9d1793"", ""74644568d42ffa15"", ""74cd27ddb27578ae"", ""798211cf5efd84fb"", ""79900e6270e54b83"", ""7ae1b42fbc88befc"", ""7ba32152ac4607f9"", ""7d13cf354f1326f1"", ""802224a0c1582382"", ""80cb2595b845da37"", ""81a0542cd250ab6c"", ""8371452e70bf3d1e"", ""842ec164d0fc1192"", ""854471530da2d90e"", ""8990475612549618"", ""89da599659a774cf"", ""8b6da50b89882be0"", ""8dab6ea35db860e5"", ""9225ddac33cccb25"", ""922a85b61fb7fc0f"", ""9350fda528c53d7f"", ""93bc245302ac39ea"", ""950bd15f79d68f62"", ""97882c66558a39d1"", ""991b5775cbde5c99"", ""993359832d9ce808"", ""9b546a90293ffdac"", ""9eca9f2203e9911f"", ""a256997abafbef85"", ""a3362409aa513fe9"", ""a649204120d6ecc2"", ""a70fb4b29d8b114e"", ""a79c0fd0739614f2"", ""aa853096c4d25ae6"", ""ab4be9dc08fe7c6d"", ""ab7aa192e7205996"", ""ad40baf847787dec"", ""b2648237d86d6fee"", ""b3f93c2023c216c2"", ""b45b01e47179d190"", ""b609e07de4c7962d"", ""b6f9e9291af900ef"", ""b90a566efe7220ed"", ""b998c6854502fd7d"", ""bade3f84f5b6d7dd"", ""bca0977b0351ecc5"", ""be1573a13af619a4"", ""c0a1072912580b3e"", ""c2ae115fc7dc2291"", ""c74a20157e33196d"", ""c9531b69da9b014c"", ""caed74a61a64b30f"", ""cba1c5b0139eb12a"", ""cba3799a1c1b2ca5"", ""cc9fd453b9d8ea9f"", ""cf6503cf8c7888b3"", ""cfdb9f156aa3c294"", ""d025a21918da75df"", ""d1e8c9c36fc1828b"", ""d2d178bf9a89e4b5"", ""d63aa96dc1569075"", ""d7af45ae9695d584"", ""db61ccfd8a097c24"", ""e34cd334c23b3b57"", ""ea6c0f648dde5755"", ""ebddd0edcd86a1aa"", ""ecc8828f3f9ba3eb"", ""ed5e5b33040adb26"", ""edb464b155a80707"", ""ee23d3457ac32e39"", ""ee2fddff20c68509"", ""ef3cdf6b8b978b06"", ""efb383bf631ac71e"", ""efde67e14975c7dc"", ""f027eba58202c7a5"", ""f1a798ff0b4e7d25"", ""f1e91c0aca38f771"", ""f674dfb3c573c407"", ""f89ee36a253fa5b8"", ""f91e3dafcc1c8ef2"", ""f99d6ded3114c248"", ""f9b7711fefc55998"", ""fcde07f8d8619ee7"", ""fcdea09567cf5970""]","[""[\""dnb-fremtind\"",\""bil\"",\""ordinary\"",\""dnb-bil-ansvar\"",\""PMO-357.001-004\""]"", ""[\""dnb-fremtind\"",\""bil\"",\""ordinary\"",\""dnb-bil-delkasko\"",\""PMO-357.001-004\""]"", ""[\""dnb-fremtind\"",\""bil\"",\""ordinary\"",\""dnb-bil-kasko\"",\""PMO-357.001-004\""]"", ""[\""dnb-fremtind\"",\""bil\"",\""ordinary\"",\""dnb-bil-topp\"",\""PMO-357.001-004\""]"", ""[\""eika-fremtind\"",\""bil\"",\""ordinary\"",\""eika-bil-ansvar\"",\""PMO-357.001-004\""]"", ""[\""eika-fremtind\"",\""bil\"",\""ordinary\"",\""eika-bil-delkasko\"",\""PMO-357.001-004\""]"", ""[\""eika-fremtind\"",\""bil\"",\""ordinary\"",\""eika-bil-kasko\"",\""PMO-357.001-004\""]"", ""[\""eika-fremtind\"",\""bil\"",\""ordinary\"",\""eika-bil-topp\"",\""PMO-357.001-004\""]"", ""[\""fremtind\"",\""bil\"",\""ordinary\"",\""fremtind-bil-ansvar\"",\""PMO-357.001-004\""]"", ""[\""fremtind\"",\""bil\"",\""ordinary\"",\""fremtind-bil-delkasko\"",\""PMO-357.001-004\""]"", ""[\""fremtind\"",\""bil\"",\""ordinary\"",\""fremtind-bil-kasko\"",\""PMO-357.001-004\""]"", ""[\""fremtind\"",\""bil\"",\""ordinary\"",\""fremtind-bil-topp\"",\""PMO-357.001-004\""]"", ""[\""sparebank1-fremtind\"",\""bil\"",\""ordinary\"",\""sb1-bil-ansvar\"",\""PMO-357.001-004\""]"", ""[\""sparebank1-fremtind\"",\""bil\"",\""ordinary\"",\""sb1-bil-delkasko\"",\""PMO-357.001-004\""]"", ""[\""sparebank1-fremtind\"",\""bil\"",\""ordinary\"",\""sb1-bil-kasko\"",\""PMO-357.001-004\""]"", ""[\""sparebank1-fremtind\"",\""bil\"",\""ordinary\"",\""sb1-bil-toppkasko\"",\""PMO-357.001-004\""]""]","[""B-033"", ""B-106"", ""B-193""]","Split by actual product authoring boundary, incorrect claim, inheritance and readiness. Repeated early/late reviews coalesce only for the same scoped operation; similar symptoms alone do not merge providers.","52uavhengigeregler;4nivåfullvilkår,2tillegg,V106,legacyM05P,Eikas egne lenkesider. 16exactresolvedprodukter kontrollert;8vanlige og2SB1kanaltillegg."
SCRC-052,"[""RC-006"", ""RC-075""]",SPLIT,[],"[""RC-006"", ""RC-075""]",HIGH for observed omission location; causal authoring process not inferred,"[""09c759878beae343"", ""13fc1c2e866b07aa"", ""1ea53d5bc22ac534"", ""33164552943d6f84"", ""33b25f7fa5927ded"", ""37b36a5c71ec7d6e"", ""392bec1d96212756"", ""393e58be08c3e4e0"", ""3a4dbb67a00d86f4"", ""4c2f2f6c944420e7"", ""4cd0b5d3b2ec6ff6"", ""519d89bc97f27a56"", ""52b028e4b45073a4"", ""5aa0890b7b69cff3"", ""6a19f67db46dada6"", ""6cb74cb1ecd910f1"", ""70e5aeac7750e611"", ""755dcd55e30eec9e"", ""76a492443927f001"", ""855cafcc3852545b"", ""941cd4c6ca782e17"", ""9c49379ec6af0f88"", ""9fef2cd509977c7f"", ""a79970b1d87c194f"", ""a7fbaebc5ca32112"", ""ae502dc2acd1581f"", ""af61458af66f545e"", ""b1fa60a4915ab5ba"", ""b2c12d1d1a90acc2"", ""b713793cb2c2c273"", ""c428d3ee2088c9c6"", ""c72601d84855c70d"", ""c80d734c1745fdda"", ""d7ad3d00e278ee44"", ""dbe3c34cbebc13ee"", ""ef92380ec58c575d"", ""f14ead68f11967e0"", ""f310dbb861204c2d"", ""f3647166d674a7dc"", ""f8a83b84a665b45f"", ""fa936f3cfbe05f96"", ""ff784cb754a07785""]","[""[\""fremtind\"",\""innbo\"",\""ordinary\"",\""fremtind-innbo-standard\"",\""2025-01-01\""]"", ""[\""fremtind\"",\""innbo\"",\""ordinary\"",\""fremtind-innbo-topp\"",\""2025-01-01\""]""]","[""B-030"", ""B-103"", ""B-191""]","Split by actual product authoring boundary, incorrect claim, inheritance and readiness. Repeated early/late reviews coalesce only for the same scoped operation; similar symptoms alone do not merge providers.","50uavhengigeregler fra Standard11p/Topp14p/IPID2p; allresolvedfactsreversekontrollert, fellesvedlegg tekstidentisk med layoutvariasjon."
SCRC-053,"[""RC-005"", ""RC-095""]",SPLIT,[],"[""RC-005"", ""RC-095""]",HIGH for observed omission location; causal authoring process not inferred,"[""088b36f0d83063c5"", ""0947277f4bad1db7"", ""116ad2216f569100"", ""136d2e83ec88e1d9"", ""1456ae66ba618c58"", ""1d87a997cfff0acb"", ""1fe0874464095936"", ""26f0e1d25d5aacfe"", ""479e62ff5f755e55"", ""4b2c7be614b9324c"", ""51dbc00a052ea7a0"", ""54d746919ba090a0"", ""564f627ae7810442"", ""5e9ebdb4bada01c3"", ""6a41130d8a2f5a9d"", ""738f967e54621831"", ""73aa0fc1441e886f"", ""7d8a35306ca2ab5e"", ""7e784b2ce2f1a3d9"", ""8211bdcaa0140d41"", ""8249889091145082"", ""8fbaf5bace109ed6"", ""8fbf8da38522dd1c"", ""a7cb2869171bc6b6"", ""ae706ec99474cf51"", ""b0688e6c58147a9a"", ""ba378b27743a6684"", ""bbfb6cfa9b971665"", ""c3ef4f27819adda8"", ""cbca31af790765a8"", ""cbe80faefe706c8e"", ""d2f63fea8f78c51f"", ""d4f61479c34ade83"", ""d9a9b7c2c13899d0"", ""dd1d12ac138e90e6"", ""eaadbb4b88000523"", ""ee45a080ae0caf82"", ""f83f8b0a7fbe8c2f""]","[""[\""fremtind\"",\""bolig\"",\""ordinary\"",\""fremtind-hus-standard\"",\""PBK-200.100-015+PBK-200.200-010\""]"", ""[\""fremtind\"",\""bolig\"",\""ordinary\"",\""fremtind-hus-topp\"",\""PBK-200.100-015+PBK-200.200-010\""]""]","[""B-002"", ""B-029"", ""B-102""]","Split by actual product authoring boundary, incorrect claim, inheritance and readiness. Repeated early/late reviews coalesce only for the same scoped operation; similar symptoms alone do not merge providers.",52 uavhengige kilderegler mot begge nivå og begge tillegg; Standard s3 høyre kolonne versus Topp s1; full reversekontroll.
SCRC-054,"[""RC-008"", ""RC-080"", ""RC-107""]",SPLIT,[],"[""RC-008"", ""RC-080"", ""RC-107""]",HIGH for observed omission location; causal authoring process not inferred,"[""03b852efbdbeba16"", ""04503010dc9e3d1c"", ""05dc537f269824f7"", ""0a4c00f264f8598a"", ""16975c6010b38998"", ""1f2ded30ef5420bd"", ""32090aac126fec32"", ""3418cbc8a2909047"", ""35353fc1d7303989"", ""3c6ddcaf64798ea2"", ""400db046afb9176a"", ""43b45e7da1be9d2a"", ""450b3d6bcc7fd4e5"", ""48a55c8b9fe116da"", ""49ce5c66acc737d7"", ""4c3fa98e79f60fab"", ""51f7552c6e3d9961"", ""5338a907f1617836"", ""5b1cec12c1805c35"", ""6c70dce265405e8f"", ""855b0a09500b0914"", ""8a3468a4ce95b857"", ""8caf6fc009da76e7"", ""966bd552a60c101a"", ""a54d7dc53a2ca981"", ""ad0d953030eac60b"", ""b0160d97dce104bf"", ""c1d52418bbde5891"", ""c8378e161b57fd7f"", ""ce13c233ff0847a4"", ""da362e7b553b79b6"", ""db71383e9113315a"", ""effb870e81df71e7"", ""f6897ce2a1eabf76"", ""f95feda0ee796ecc""]","[""[\""fremtind\"",\""reise\"",\""ordinary\"",\""fremtind-reise\"",\""PRE-450.200-015\""]""]","[""B-017"", ""B-032"", ""B-105"", ""B-192""]","Split by actual product authoring boundary, incorrect claim, inheritance and readiness. Repeated early/late reviews coalesce only for the same scoped operation; similar symptoms alone do not merge providers.","47 source-first regler, alle17sider+IPIDV104, gjenbrukte rettsvedlegg kontrollert med tekstsammenligning."
SCRC-055,"[""RC-072""]",RETAINED,[],[],HIGH for observed omission location; causal authoring process not inferred,"[""0177d006e35081bf"", ""01c571aed2922601"", ""081897ea9890dd48"", ""19e07ca100e66430"", ""1bb36bccf05976ba"", ""2c6f6f776135fb46"", ""30531bd09674b952"", ""30fc68fdaa903cfb"", ""374c1112e7e28469"", ""38403b8483e9bbf1"", ""3b5608e6c688ad51"", ""3df9b6f584570586"", ""4298f951ca3c66c3"", ""42c2a36bff254c04"", ""48f198515fc0f302"", ""4b74844f6e3299d6"", ""5451f3cd4d1439f3"", ""57772b5d65c12f6e"", ""597d64784dc19a05"", ""614e6706ae2502ce"", ""6a8fa7667b6b4f31"", ""6aef26441eb0791f"", ""765fd5db190904d0"", ""887138b221286f7a"", ""891c9fac3031a8ee"", ""8ab720ec8a19a0ff"", ""8d52f309e79f078e"", ""90ca1f557d7c3979"", ""9472d16278077a31"", ""b2dfb452aaacba84"", ""b34d20e8795adf8e"", ""b3c32444be6a323b"", ""b62a64284e4abbe1"", ""c05c0db230591fe9"", ""c2652937a304773d"", ""c7751db733f3cc74"", ""cb3e9dc1ef2d6684"", ""cc9b15fa0f3121c0"", ""cdab12c063ee8d8d"", ""d2fe3f0baeaf73fe"", ""d9ff882a31a60552"", ""e306095fb6be6cb6"", ""e404a4fb947971fe"", ""ef8c4e5b5cfeea9b"", ""f66ed754d584b8c9""]","[""[\""fremtind-eika-legacy\"",\""reise\"",\""ordinary\"",\""eika-reise-p10\"",\""P10-P10P-2025-01-01\""]"", ""[\""fremtind-eika-legacy\"",\""reise\"",\""ordinary\"",\""eika-reise-pluss-p10\"",\""P10-P10P-2025-01-01\""]""]","[""B-205""]","Split by actual product authoring boundary, incorrect claim, inheritance and readiness. Repeated early/late reviews coalesce only for the same scoped operation; similar symptoms alone do not merge providers.",44 kilderegler etter30sider+IPID;historiske identiteter sammenholdt separat fra current70dprodukt.
SCRC-056,"[""RC-001"", ""RC-002"", ""RC-003"", ""RC-007"", ""RC-079"", ""RC-093""]",SPLIT,"[""RC-093""]","[""RC-001"", ""RC-002"", ""RC-003"", ""RC-007"", ""RC-079"", ""RC-093""]",HIGH for observed omission location; causal authoring process not inferred,"[""01e5932028c49665"", ""0206784e85c54041"", ""02bba356a373ff34"", ""03dbbb18b033b09a"", ""05a38cb3a5fe5829"", ""0b2442608a24161c"", ""0ed47ccd22d6a78c"", ""1b204f4ae6a4db4c"", ""1db5cf8ae1ff0657"", ""2376af1c31759f40"", ""2aba061e5d8242d5"", ""304535cfb19bc345"", ""33740f77a595f07b"", ""358529fe81f2b4dd"", ""38577762bcb26889"", ""3b2827e82907124b"", ""4908131098132a5d"", ""49efcf4187056008"", ""4ffd962e146dceb4"", ""532cb1d34c972165"", ""566b797ec3dd2fdc"", ""6338c1e8ef590bef"", ""78eb789a811a077a"", ""7b2fdadc492fb3fc"", ""7c2beb43fe4221af"", ""8e51d2bd3733005e"", ""901f9ec8722edaca"", ""92fdb723f6f99868"", ""a362e6d0dbffa8fe"", ""a9341791cc88594b"", ""abad1d63f65f2bcf"", ""af711fa643a26ad9"", ""b5edb076f7528f15"", ""b74fed60e3293733"", ""b89d1f3f65dda70b"", ""b908b41171e49b98"", ""b9a67fc707d5ea99"", ""bb193c8f0447adad"", ""c79f988fe1e4f4d2"", ""d3af11d682ad226c"", ""d3d2844f7b5a3ff7"", ""d64982f158babd17"", ""d665630e4444746c"", ""db224f7dc974cc07"", ""dbcbb782a3f45de2"", ""e5bfda72960fc1e1"", ""e8c81a783b77994f"", ""ecef606b0c0202c1"", ""f120e20e419f7db2"", ""f20dccb45dad6fb5"", ""f565572daa0ba05b"", ""f565a95b76be8f37"", ""f8d8c272b66c04a8"", ""fa5c6d8e90dc0961"", ""fcd9eb1308dae228"", ""fe3797ae1c9a3aaa"", ""ffcd15543d7b4cb6""]","[""[\""eika-fremtind\"",\""campingvogn\"",\""ordinary\"",\""eika-fremtind-campingvogn-kasko\"",\""2024-03-21\""]"", ""[\""eika-fremtind\"",\""campingvogn\"",\""ordinary\"",\""eika-fremtind-campingvogn-minikasko\"",\""2024-03-21\""]"", ""[\""eika-fremtind\"",\""snøscooter\"",\""ordinary\"",\""eika-fremtind-snoscooter-ansvar\"",\""2023-10-29\""]"", ""[\""eika-fremtind\"",\""snøscooter\"",\""ordinary\"",\""eika-fremtind-snoscooter-kasko\"",\""2023-10-29\""]"", ""[\""eika-fremtind\"",\""snøscooter\"",\""ordinary\"",\""eika-fremtind-snoscooter-minikasko\"",\""2023-10-29\""]"", ""[\""eika-fremtind\"",\""tilhenger\"",\""ordinary\"",\""eika-fremtind-tilhenger-kasko\"",\""2024-03-21\""]"", ""[\""fremtind\"",\""mc\"",\""ordinary-sparebank1\"",\""fremtind-mc-ansvar\"",null]"", ""[\""fremtind\"",\""mc\"",\""ordinary-sparebank1\"",\""fremtind-mc-delkasko\"",null]"", ""[\""fremtind\"",\""mc\"",\""ordinary-sparebank1\"",\""fremtind-mc-kasko\"",null]""]","[""B-023"", ""B-025"", ""B-026"", ""B-027"", ""B-031"", ""B-096"", ""B-097"", ""B-098"", ""B-099"", ""B-100"", ""B-104"", ""B-188"", ""B-189""]","Split by actual product authoring boundary, incorrect claim, inheritance and readiness. Repeated early/late reviews coalesce only for the same scoped operation; similar symptoms alone do not merge providers.","44 uavhengige regler fra 10/11/5 sider fullvilkår, IPID og MC-produktside; eksakt type/nivå kontrollert mot alle ni produkter."
SCRC-057,"[""RC-004"", ""RC-076""]",SPLIT,"[""RC-004""]","[""RC-004"", ""RC-076""]",HIGH for observed omission location; causal authoring process not inferred,"[""00aadaf13034e9bc"", ""05a5e8b4168aee5e"", ""0e2124c189a0a587"", ""197ffd21807c6972"", ""288a59fe3ac05ebd"", ""2ad5cb5e03d9568d"", ""3167edd8f31c5e84"", ""32579618af109ff1"", ""3401c377ce44e245"", ""3ad9916537de5447"", ""3cd4570ad2205b08"", ""55010bb62daf0c27"", ""55fd50e90e082d0c"", ""5bbb4b8f92236ec5"", ""606a1584e745dd4d"", ""62e71b5854c84a46"", ""676b5474944fc2d0"", ""6970b2fe953b6568"", ""69feb2c2b13ccc85"", ""6d53368182a04e61"", ""765d7f3e37d1643e"", ""885b4542ce2da42c"", ""8be10534e4b8c68f"", ""9031919f90d559bb"", ""ae0ff54fc60d891e"", ""bb40c558feea4518"", ""bf27e0bd3abdac82"", ""c3b178104f6a0af9"", ""ca129d58d8f7738f"", ""d3d230564a483b6f"", ""d445bfe3ac82c80b"", ""d4fd62bbbbd1a965"", ""dbf12087b9b6b2d2"", ""e242948561f9f39e"", ""ebc009e1c8330000"", ""f03dea0cc939edcc"", ""f1ffbdd59570be9c"", ""f279cb66c3dd8cf0"", ""f77a399fb546fd35"", ""f818f13070c69d7d"", ""fc7b8e7875d8d6ce"", ""fe354aed53e0c11a""]","[""[\""fremtind\"",\""bobil\"",\""ordinary-dnb\"",\""fremtind-bobil-ansvar\"",\""2025-09-18\""]"", ""[\""fremtind\"",\""bobil\"",\""ordinary-dnb\"",\""fremtind-bobil-kasko\"",\""2025-09-18\""]"", ""[\""fremtind\"",\""bobil\"",\""ordinary-dnb\"",\""fremtind-bobil-minikasko\"",\""2025-09-18\""]"", ""[\""fremtind\"",\""bobil\"",\""ordinary-dnb\"",\""fremtind-bobil-topp\"",\""2025-09-18\""]""]","[""B-028"", ""B-101"", ""B-190""]","Split by actual product authoring boundary, incorrect claim, inheritance and readiness. Repeated early/late reviews coalesce only for the same scoped operation; similar symptoms alone do not merge providers.","57 source-first regler, currentfull13p/shared2025components,2optional fullterms,IPIDV106og DNBoriginal sammenholdt med4produkter."
SCRC-058,"[""RC-046"", ""RC-078""]",SPLIT,[],"[""RC-046"", ""RC-078""]",HIGH for observed omission location; causal authoring process not inferred,"[""07b204dfe4e3d733"", ""0a7819ed33d9ec7d"", ""0b3af170f96850d5"", ""0e5bb48f532ab2e0"", ""1324511bceb9a1b9"", ""1545c137a430c1a2"", ""22a88f620f9dd11d"", ""2dc6f5fe6985eaea"", ""3a90cf0104306e79"", ""52ccd6d21a15dfff"", ""57516c6b1c3dfa0e"", ""633cc05e01eb9b87"", ""648e2b318b293ecd"", ""64cdd3155c8302ff"", ""6be1a0b2a50becb5"", ""6f352e86fd32e3f2"", ""73dde881e3f00ae5"", ""789516a58053ce34"", ""7be015fbd51837f2"", ""7d95ee7e7a02e253"", ""915d8280d15ca9e1"", ""916d5cc04b0238b8"", ""94ae53e194e02b64"", ""9974566ce65608f4"", ""9d297a3f2e24360f"", ""9eddcd280572f31e"", ""aa81c8092f14899a"", ""ab841391948db1d6"", ""b771c2c0a54bf725"", ""beeec91182d5f37f"", ""bfd67e524149f024"", ""c81ea517ebdd1d25"", ""ca52d496cb3ebb8a"", ""cb31893498068efe"", ""dab1a58e80501817"", ""deedbf3c33188b7e"", ""ed7dbc7aec8f9206"", ""ee7cc2bd7bc1c1eb"", ""f312c46e92514e05"", ""fd6c751cfcc4cb4f""]","[""[\""sparebank1-fremtind\"",\""båt\"",\""ordinary\"",\""sparebank1-fremtind-bat-delkasko\"",\""2024-06-10\""]"", ""[\""sparebank1-fremtind\"",\""båt\"",\""ordinary\"",\""sparebank1-fremtind-bat-kasko\"",\""2024-06-10\""]"", ""[\""sparebank1-fremtind\"",\""båt\"",\""ordinary\"",\""sparebank1-fremtind-bat-toppkasko\"",\""2024-06-10\""]""]","[""B-070"", ""B-152"", ""B-153"", ""B-195""]","Split by actual product authoring boundary, incorrect claim, inheritance and readiness. Repeated early/late reviews coalesce only for the same scoped operation; similar symptoms alone do not merge providers.","46 source-first rules;full12p,IPID2p,SB1HTML; three exactproducts fullycompared;presentation probes verifyactualunknowns."
SCRC-059,"[""RC-047"", ""RC-048"", ""RC-074"", ""RC-077"", ""RC-090"", ""RC-091""]",SPLIT,[],"[""RC-047"", ""RC-048"", ""RC-074"", ""RC-077"", ""RC-090"", ""RC-091""]",HIGH for observed omission location; causal authoring process not inferred,"[""03cff9fe5cfbf518"", ""0994585a1c475938"", ""0a6e885f4c8cc14c"", ""0da02a8dae8fd373"", ""0f51d1c0374f1f1f"", ""1982ee310e18279c"", ""1ee41770b0470c78"", ""223fe15df8488c8a"", ""294bc7b96464cfea"", ""2b078b058bc63967"", ""2c5ae7ef5a62b71f"", ""2f9a53b7f0c4bde1"", ""31004863aeeef56f"", ""310cbba1a0ad5b0b"", ""381a1344b4781e69"", ""3a1e24524cebab2d"", ""3c5d03c25d19fbb5"", ""4229dcdeff9cae82"", ""4be6b4beca33f587"", ""4bfa9944c273fe2a"", ""53d4c1498ba023ff"", ""546a81031a2285c7"", ""5d320cc795b5c26d"", ""5f31ff4946a666b5"", ""5f3a7745ea16d0ab"", ""64deacae233837b5"", ""65ee26665f2f51e1"", ""688cc5923342804d"", ""6d2a58e195d8386a"", ""6e5f3830ca4701d4"", ""6f0ac8fe783a963d"", ""7054da8be086eee0"", ""74ec9a396552a29a"", ""8d35b6528b98d713"", ""9c39d12adfb0c46d"", ""a087a9004297b0c6"", ""aa0a2321b859ba06"", ""b031d2cf3de6e3e7"", ""bc895acebf091f9d"", ""c14f16d5f2c54bc4"", ""c5a5b1479b343ceb"", ""c75bfdd6bae25cd4"", ""c9f94d39e193293a"", ""ce65e25821ce5846"", ""d11b00a10ce34cb6"", ""d80512c34a8801ac"", ""dc3e04a5fcce2317"", ""e1aaf36beb7865b2"", ""ed4cabf501d29976"", ""edbc9e1bba671325"", ""f01b778d102c1d15"", ""f1928e586abb7059""]","[""[\""sparebank1-fremtind\"",\""hund\"",\""ordinary\"",\""sparebank1-fremtind-hund-veterin-r\"",\""2025-08-07\""]"", ""[\""sparebank1-fremtind\"",\""katt\"",\""ordinary\"",\""sparebank1-fremtind-katt-veterin-r\"",\""2025-08-07\""]""]","[""B-009"", ""B-010"", ""B-071"", ""B-072"", ""B-154"", ""B-155"", ""B-156"", ""B-157"", ""B-196"", ""B-197""]","Split by actual product authoring boundary, incorrect claim, inheritance and readiness. Repeated early/late reviews coalesce only for the same scoped operation; similar symptoms alone do not merge providers.","40 source-first rules acrossvet3/2p,life/use1p,IPIDs,SB1pages;exact2productsand4addons;runtimeoptional/base finding verified."
SCRC-060,"[""RC-051""]",MERGED,"[""RC-051""]",[],HIGH for observed omission location; causal authoring process not inferred,"[""01f883abc1f29cb1"", ""0e0415288950c5e4"", ""1575418db86ed441"", ""2178ecf173718d9c"", ""2b8540d3c8033be7"", ""3b4c6b0867ea15d7"", ""590f85c277dacc34"", ""5be86667878cb03d"", ""6290062d3b8e71a4"", ""94bee39dd4610de1"", ""953bc0965e5ae8d4"", ""97ee53528ceb9f55"", ""9a71ff5aad675d55"", ""9b7fec0a112e3e03"", ""a585e234dfc05e43"", ""adb48465c7f5ae7b"", ""b77edbb9ba7c5cf6"", ""b81c45465b8a4397"", ""be5d1560f3945ced"", ""c7776925a5ae1dda"", ""de50d2512cb93cd8"", ""e068a614876c108f"", ""e20757b8a39c2936"", ""f7efe41813eb5177""]","[""[\""storebrand\"",\""båt\"",\""ordinary\"",\""storebrand-bat-delkasko\"",\""2024-09-01\""]"", ""[\""storebrand\"",\""båt\"",\""ordinary\"",\""storebrand-bat-kasko\"",\""2024-09-01\""]"", ""[\""storebrand\"",\""båt\"",\""ordinary\"",\""storebrand-bat-super\"",\""2024-09-01\""]""]","[""B-075"", ""B-160""]","Split by actual product authoring boundary, incorrect claim, inheritance and readiness. Repeated early/late reviews coalesce only for the same scoped operation; similar symptoms alone do not merge providers.","[""Source-first SBT-01–39; all22p+IPID+HTML; existing GAP0058–0090 revalidated rather than duplicated.""]"
