batch_id,title,parallelization_status,dependencies,expected_production_files,conditional_shared_files,shared_state_conflicts
B-001,Avgrens Gjensidige MC ferie-leie til dokumenterte nivåer,MAIN_AGENT_REVIEW_REQUIRED,[],"[""lib/mc-bobil-gjensidige-storebrand-catalog.ts""]",[],"[""B-012"", ""B-047"", ""B-054"", ""B-074"", ""B-081"", ""B-123"", ""B-134"", ""B-159"", ""B-167""]"
B-002,Fjern kunstnerisk utsmykning fra Fremtind Hus Standard,MAIN_AGENT_REVIEW_REQUIRED,[],"[""lib/fremtind-hus-catalog.ts""]",[],"[""B-029"", ""B-102""]"
B-003,Korriger If Båt aldersgrener for motor/gir-egenandel,MAIN_AGENT_REVIEW_REQUIRED,[],"[""lib/boat-pet-catalog.ts""]",[],"[""B-008"", ""B-009"", ""B-010"", ""B-018"", ""B-022"", ""B-036"", ""B-038"", ""B-041"", ""B-048"", ""B-050"", ""B-053"", ""B-060"", ""B-062"", ""B-065"", ""B-070"", ""B-071"", ""B-072"", ""B-075"", ""B-077"", ""B-080"", ""B-087"", ""B-089"", ""B-091"", ""B-109"", ""B-110"", ""B-113"", ""B-116"", ""B-124"", ""B-125"", ""B-128"", ""B-129"", ""B-132"", ""B-133"", ""B-141"", ""B-143"", ""B-144"", ""B-147"", ""B-148"", ""B-152"", ""B-153"", ""B-154"", ""B-155"", ""B-156"", ""B-157"", ""B-160"", ""B-162"", ""B-166"", ""B-175"", ""B-177"", ""B-178"", ""B-181"", ""B-182"", ""B-187"", ""B-195"", ""B-196"", ""B-197"", ""B-199"", ""B-200""]"
B-004,Korriger If Reise sykdoms- og ulykkesutløser,MAIN_AGENT_REVIEW_REQUIRED,[],"[""lib/if-reise-catalog.ts""]",[],"[""B-067"", ""B-149""]"
B-005,Fjern udokumentert gjenstandsgrense i Storebrand Innbo Super,MAIN_AGENT_REVIEW_REQUIRED,[],"[""lib/storebrand-innbo-catalog.ts""]",[],"[""B-079"", ""B-164"", ""B-165""]"
B-006,Korriger Frende Bil parkeringsbonusvilkår,MAIN_AGENT_REVIEW_REQUIRED,[],"[""lib/frende-catalog.ts""]",[],"[""B-034"", ""B-107""]"
B-007,Avgrens Gjensidige Hus rørservice til dokumentert tining,MAIN_AGENT_REVIEW_REQUIRED,[],"[""lib/gjensidige-hus-catalog.ts""]",[],"[""B-020"", ""B-051"", ""B-130""]"
B-008,Gjenopprett Storebrand Båt Super opplagsutstyr,NOT_SAFE_FOR_PARALLEL_EXECUTION,[],"[""lib/boat-pet-catalog.ts""]",[],"[""B-003"", ""B-009"", ""B-010"", ""B-018"", ""B-022"", ""B-036"", ""B-038"", ""B-041"", ""B-048"", ""B-050"", ""B-053"", ""B-060"", ""B-062"", ""B-065"", ""B-070"", ""B-071"", ""B-072"", ""B-075"", ""B-077"", ""B-080"", ""B-087"", ""B-089"", ""B-091"", ""B-109"", ""B-110"", ""B-113"", ""B-116"", ""B-124"", ""B-125"", ""B-128"", ""B-129"", ""B-132"", ""B-133"", ""B-141"", ""B-143"", ""B-144"", ""B-147"", ""B-148"", ""B-152"", ""B-153"", ""B-154"", ""B-155"", ""B-156"", ""B-157"", ""B-160"", ""B-162"", ""B-166"", ""B-175"", ""B-177"", ""B-178"", ""B-181"", ""B-182"", ""B-187"", ""B-195"", ""B-196"", ""B-197"", ""B-199"", ""B-200""]"
B-009,Korriger Fremtind Hund base/Topp for allergi og diagnostikk,NOT_SAFE_FOR_PARALLEL_EXECUTION,[],"[""lib/boat-pet-catalog.ts""]",[],"[""B-003"", ""B-008"", ""B-010"", ""B-018"", ""B-022"", ""B-036"", ""B-038"", ""B-041"", ""B-048"", ""B-050"", ""B-053"", ""B-060"", ""B-062"", ""B-065"", ""B-070"", ""B-071"", ""B-072"", ""B-075"", ""B-077"", ""B-080"", ""B-087"", ""B-089"", ""B-091"", ""B-109"", ""B-110"", ""B-113"", ""B-116"", ""B-124"", ""B-125"", ""B-128"", ""B-129"", ""B-132"", ""B-133"", ""B-141"", ""B-143"", ""B-144"", ""B-147"", ""B-148"", ""B-152"", ""B-153"", ""B-154"", ""B-155"", ""B-156"", ""B-157"", ""B-160"", ""B-162"", ""B-166"", ""B-175"", ""B-177"", ""B-178"", ""B-181"", ""B-182"", ""B-187"", ""B-195"", ""B-196"", ""B-197"", ""B-199"", ""B-200""]"
B-010,Bevar Fremtind Hund rasegrupper ved livsfradrag,MAIN_AGENT_REVIEW_REQUIRED,[],"[""lib/boat-pet-catalog.ts""]",[],"[""B-003"", ""B-008"", ""B-009"", ""B-018"", ""B-022"", ""B-036"", ""B-038"", ""B-041"", ""B-048"", ""B-050"", ""B-053"", ""B-060"", ""B-062"", ""B-065"", ""B-070"", ""B-071"", ""B-072"", ""B-075"", ""B-077"", ""B-080"", ""B-087"", ""B-089"", ""B-091"", ""B-109"", ""B-110"", ""B-113"", ""B-116"", ""B-124"", ""B-125"", ""B-128"", ""B-129"", ""B-132"", ""B-133"", ""B-141"", ""B-143"", ""B-144"", ""B-147"", ""B-148"", ""B-152"", ""B-153"", ""B-154"", ""B-155"", ""B-156"", ""B-157"", ""B-160"", ""B-162"", ""B-166"", ""B-175"", ""B-177"", ""B-178"", ""B-181"", ""B-182"", ""B-187"", ""B-195"", ""B-196"", ""B-197"", ""B-199"", ""B-200""]"
B-011,Korriger Tryg Innbo Ekstras arv av fellesbodgrense,NOT_SAFE_FOR_PARALLEL_EXECUTION,[],"[""lib/tryg-innbo-catalog.ts""]",[],"[""B-015"", ""B-090"", ""B-179"", ""B-180"", ""B-201""]"
B-012,Knytt Gjensidige Bobil skadedyr til Kasko,NOT_SAFE_FOR_PARALLEL_EXECUTION,[],"[""lib/mc-bobil-gjensidige-storebrand-catalog.ts""]",[],"[""B-001"", ""B-047"", ""B-054"", ""B-074"", ""B-081"", ""B-123"", ""B-134"", ""B-159"", ""B-167""]"
B-013,Korriger Storebrand Hus aldersfradragets materialomfang,MAIN_AGENT_REVIEW_REQUIRED,[],"[""lib/storebrand-hus-catalog.ts""]",[],"[""B-078"", ""B-163""]"
B-014,"Korriger Gjensidige Innbo geografi, sted og egenandel",MAIN_AGENT_REVIEW_REQUIRED,[],"[""lib/gjensidige-innbo-catalog.ts""]",[],"[""B-052"", ""B-131""]"
B-015,Skill Tryg Innbo flyttetyveri fra generell transportskade,NOT_SAFE_FOR_PARALLEL_EXECUTION,"[""CR-254""]","[""lib/tryg-innbo-catalog.ts""]","[""lib/insurance-normalization.ts""]","[""B-011"", ""B-017"", ""B-019"", ""B-020"", ""B-021"", ""B-090"", ""B-102"", ""B-103"", ""B-105"", ""B-106"", ""B-107"", ""B-114"", ""B-115"", ""B-121"", ""B-122"", ""B-130"", ""B-131"", ""B-135"", ""B-139"", ""B-145"", ""B-146"", ""B-149"", ""B-158"", ""B-163"", ""B-164"", ""B-165"", ""B-168"", ""B-173"", ""B-179"", ""B-180"", ""B-184"", ""B-201""]"
B-016,Korriger Gjensidige Reise Pluss enkeltgjenstands-overstyring,NOT_SAFE_FOR_PARALLEL_EXECUTION,[],"[""lib/gjensidige-reise-catalog.ts""]",[],"[""B-055"", ""B-135""]"
B-017,"Skill Fremtind Reise avgang, innhenting og transittutgift",NOT_SAFE_FOR_PARALLEL_EXECUTION,"[""CR-382""]","[""lib/fremtind-reise-catalog.ts""]","[""lib/insurance-normalization.ts""]","[""B-015"", ""B-019"", ""B-020"", ""B-021"", ""B-032"", ""B-102"", ""B-103"", ""B-105"", ""B-106"", ""B-107"", ""B-114"", ""B-115"", ""B-121"", ""B-122"", ""B-130"", ""B-131"", ""B-135"", ""B-139"", ""B-145"", ""B-146"", ""B-149"", ""B-158"", ""B-163"", ""B-164"", ""B-165"", ""B-168"", ""B-173"", ""B-179"", ""B-180"", ""B-184"", ""B-192"", ""B-205""]"
B-018,Samle dokumentert brukstap under Frende Hund Tap,NOT_SAFE_FOR_PARALLEL_EXECUTION,"[""CR-162""]","[""lib/boat-pet-catalog.ts""]","[""lib/boat-pet-registry.ts""]","[""B-003"", ""B-008"", ""B-009"", ""B-010"", ""B-022"", ""B-036"", ""B-038"", ""B-041"", ""B-048"", ""B-050"", ""B-053"", ""B-060"", ""B-062"", ""B-065"", ""B-070"", ""B-071"", ""B-072"", ""B-075"", ""B-077"", ""B-080"", ""B-087"", ""B-089"", ""B-091"", ""B-109"", ""B-110"", ""B-113"", ""B-116"", ""B-124"", ""B-125"", ""B-128"", ""B-129"", ""B-132"", ""B-133"", ""B-141"", ""B-143"", ""B-144"", ""B-147"", ""B-148"", ""B-152"", ""B-153"", ""B-154"", ""B-155"", ""B-156"", ""B-157"", ""B-160"", ""B-162"", ""B-166"", ""B-175"", ""B-177"", ""B-178"", ""B-181"", ""B-182"", ""B-187"", ""B-195"", ""B-196"", ""B-197"", ""B-199"", ""B-200""]"
B-019,Representer Storebrand Reise dagstur på korrekt overnattingsdimensjon,NOT_SAFE_FOR_PARALLEL_EXECUTION,"[""CR-394""]","[""lib/storebrand-reise-catalog.ts""]","[""lib/insurance-normalization.ts""]","[""B-015"", ""B-017"", ""B-020"", ""B-021"", ""B-082"", ""B-102"", ""B-103"", ""B-105"", ""B-106"", ""B-107"", ""B-114"", ""B-115"", ""B-121"", ""B-122"", ""B-130"", ""B-131"", ""B-135"", ""B-139"", ""B-145"", ""B-146"", ""B-149"", ""B-158"", ""B-163"", ""B-164"", ""B-165"", ""B-168"", ""B-173"", ""B-179"", ""B-180"", ""B-184""]"
B-020,Bevar Gjensidige Hus gnagerfakta ved råte-/insektutvidelse,NOT_SAFE_FOR_PARALLEL_EXECUTION,"[""CR-230"", ""CR-231""]","[""lib/gjensidige-hus-catalog.ts""]","[""lib/insurance-normalization.ts""]","[""B-007"", ""B-015"", ""B-017"", ""B-019"", ""B-021"", ""B-051"", ""B-102"", ""B-103"", ""B-105"", ""B-106"", ""B-107"", ""B-114"", ""B-115"", ""B-121"", ""B-122"", ""B-130"", ""B-131"", ""B-135"", ""B-139"", ""B-145"", ""B-146"", ""B-149"", ""B-158"", ""B-163"", ""B-164"", ""B-165"", ""B-168"", ""B-173"", ""B-179"", ""B-180"", ""B-184""]"
B-021,Skill Storebrand forsinket avgang fra fremmøte,NOT_SAFE_FOR_PARALLEL_EXECUTION,"[""CR-381""]","[""lib/storebrand-reise-catalog.ts""]","[""lib/insurance-normalization.ts""]","[""B-015"", ""B-017"", ""B-019"", ""B-020"", ""B-082"", ""B-102"", ""B-103"", ""B-105"", ""B-106"", ""B-107"", ""B-114"", ""B-115"", ""B-121"", ""B-122"", ""B-130"", ""B-131"", ""B-135"", ""B-139"", ""B-145"", ""B-146"", ""B-149"", ""B-158"", ""B-163"", ""B-164"", ""B-165"", ""B-168"", ""B-173"", ""B-179"", ""B-180"", ""B-184""]"
B-022,Avklar Gjensidige Bruk som avhengig tillegg til Liv,NOT_SAFE_FOR_PARALLEL_EXECUTION,"[""CR-160"", ""CR-292""]","[""lib/boat-pet-catalog.ts""]","[""lib/boat-pet-registry.ts"", ""lib/product-catalog.ts"", ""lib/manual-product-selection.ts"", ""lib/catalog-enrichment.ts"", ""lib/catalog-product-comparison.ts""]","[""B-003"", ""B-008"", ""B-009"", ""B-010"", ""B-018"", ""B-036"", ""B-038"", ""B-041"", ""B-048"", ""B-050"", ""B-053"", ""B-060"", ""B-062"", ""B-065"", ""B-070"", ""B-071"", ""B-072"", ""B-075"", ""B-077"", ""B-080"", ""B-087"", ""B-089"", ""B-091"", ""B-109"", ""B-110"", ""B-113"", ""B-116"", ""B-124"", ""B-125"", ""B-128"", ""B-129"", ""B-132"", ""B-133"", ""B-141"", ""B-143"", ""B-144"", ""B-147"", ""B-148"", ""B-152"", ""B-153"", ""B-154"", ""B-155"", ""B-156"", ""B-157"", ""B-160"", ""B-162"", ""B-166"", ""B-175"", ""B-177"", ""B-178"", ""B-181"", ""B-182"", ""B-187"", ""B-195"", ""B-196"", ""B-197"", ""B-199"", ""B-200""]"
B-023,Materialiser Fremtind MC ordinær nyverdi,MAIN_AGENT_REVIEW_REQUIRED,[],"[""lib/mc-bobil-fremtind-frende-catalog.ts""]",[],"[""B-028"", ""B-031"", ""B-035"", ""B-042"", ""B-101"", ""B-104"", ""B-108"", ""B-117"", ""B-190""]"
B-024,Materialiser If Campingvogn Supers dokumenterte ytelser,MAIN_AGENT_REVIEW_REQUIRED,[],"[""lib/vehicle-object-catalog.ts""]",[],"[""B-025"", ""B-026"", ""B-027"", ""B-037"", ""B-044"", ""B-045"", ""B-049"", ""B-056"", ""B-057"", ""B-061"", ""B-068"", ""B-069"", ""B-076"", ""B-083"", ""B-084"", ""B-088"", ""B-094"", ""B-095"", ""B-096"", ""B-097"", ""B-098"", ""B-099"", ""B-100"", ""B-111"", ""B-112"", ""B-118"", ""B-119"", ""B-120"", ""B-126"", ""B-127"", ""B-136"", ""B-137"", ""B-138"", ""B-142"", ""B-150"", ""B-151"", ""B-161"", ""B-169"", ""B-170"", ""B-171"", ""B-172"", ""B-176"", ""B-185"", ""B-186"", ""B-188"", ""B-189"", ""B-194"", ""B-204""]"
B-025,eika-fremtind · Campingvogn · ordinary: Materialiser dokumenterte P1-dimensjoner på eksisterende nøkler,MAIN_AGENT_REVIEW_REQUIRED,[],"[""lib/vehicle-object-catalog.ts""]",[],"[""B-024"", ""B-026"", ""B-027"", ""B-037"", ""B-044"", ""B-045"", ""B-049"", ""B-056"", ""B-057"", ""B-061"", ""B-068"", ""B-069"", ""B-076"", ""B-083"", ""B-084"", ""B-088"", ""B-094"", ""B-095"", ""B-096"", ""B-097"", ""B-098"", ""B-099"", ""B-100"", ""B-111"", ""B-112"", ""B-118"", ""B-119"", ""B-120"", ""B-126"", ""B-127"", ""B-136"", ""B-137"", ""B-138"", ""B-142"", ""B-150"", ""B-151"", ""B-161"", ""B-169"", ""B-170"", ""B-171"", ""B-172"", ""B-176"", ""B-185"", ""B-186"", ""B-188"", ""B-189"", ""B-194"", ""B-204""]"
B-026,eika-fremtind · Snøscooter · ordinary: Materialiser dokumenterte P1-dimensjoner på eksisterende nøkler,MAIN_AGENT_REVIEW_REQUIRED,[],"[""lib/vehicle-object-catalog.ts""]",[],"[""B-024"", ""B-025"", ""B-027"", ""B-037"", ""B-044"", ""B-045"", ""B-049"", ""B-056"", ""B-057"", ""B-061"", ""B-068"", ""B-069"", ""B-076"", ""B-083"", ""B-084"", ""B-088"", ""B-094"", ""B-095"", ""B-096"", ""B-097"", ""B-098"", ""B-099"", ""B-100"", ""B-111"", ""B-112"", ""B-118"", ""B-119"", ""B-120"", ""B-126"", ""B-127"", ""B-136"", ""B-137"", ""B-138"", ""B-142"", ""B-150"", ""B-151"", ""B-161"", ""B-169"", ""B-170"", ""B-171"", ""B-172"", ""B-176"", ""B-185"", ""B-186"", ""B-188"", ""B-189"", ""B-194"", ""B-204""]"
B-027,eika-fremtind · Tilhenger · ordinary: Materialiser dokumenterte P1-dimensjoner på eksisterende nøkler,MAIN_AGENT_REVIEW_REQUIRED,[],"[""lib/vehicle-object-catalog.ts""]",[],"[""B-024"", ""B-025"", ""B-026"", ""B-037"", ""B-044"", ""B-045"", ""B-049"", ""B-056"", ""B-057"", ""B-061"", ""B-068"", ""B-069"", ""B-076"", ""B-083"", ""B-084"", ""B-088"", ""B-094"", ""B-095"", ""B-096"", ""B-097"", ""B-098"", ""B-099"", ""B-100"", ""B-111"", ""B-112"", ""B-118"", ""B-119"", ""B-120"", ""B-126"", ""B-127"", ""B-136"", ""B-137"", ""B-138"", ""B-142"", ""B-150"", ""B-151"", ""B-161"", ""B-169"", ""B-170"", ""B-171"", ""B-172"", ""B-176"", ""B-185"", ""B-186"", ""B-188"", ""B-189"", ""B-194"", ""B-204""]"
B-028,fremtind · Bobil · ordinary-dnb: Materialiser dokumenterte P1-dimensjoner på eksisterende nøkler,MAIN_AGENT_REVIEW_REQUIRED,[],"[""lib/mc-bobil-fremtind-frende-catalog.ts""]",[],"[""B-023"", ""B-031"", ""B-035"", ""B-042"", ""B-101"", ""B-104"", ""B-108"", ""B-117"", ""B-190""]"
B-029,fremtind · Hus · ordinary: Materialiser dokumenterte P1-dimensjoner på eksisterende nøkler,MAIN_AGENT_REVIEW_REQUIRED,"[""B-002""]","[""lib/fremtind-hus-catalog.ts""]",[],"[""B-002"", ""B-102""]"
B-030,fremtind · Innbo · ordinary: Materialiser dokumenterte P1-dimensjoner på eksisterende nøkler,MAIN_AGENT_REVIEW_REQUIRED,[],"[""lib/fremtind-innbo-catalog.ts""]",[],"[""B-103"", ""B-191""]"
B-031,fremtind · MC · ordinary-sparebank1: Materialiser dokumenterte P1-dimensjoner på eksisterende nøkler,MAIN_AGENT_REVIEW_REQUIRED,"[""B-023""]","[""lib/mc-bobil-fremtind-frende-catalog.ts""]",[],"[""B-023"", ""B-028"", ""B-035"", ""B-042"", ""B-101"", ""B-104"", ""B-108"", ""B-117"", ""B-190""]"
B-032,fremtind · Reise · ordinary: Materialiser dokumenterte P1-dimensjoner på eksisterende nøkler,MAIN_AGENT_REVIEW_REQUIRED,"[""B-017""]","[""lib/fremtind-reise-catalog.ts""]",[],"[""B-017"", ""B-105"", ""B-192"", ""B-205""]"
B-033,fremtind-four-bil-ids · Bil · ordinary: Materialiser dokumenterte P1-dimensjoner på eksisterende nøkler,MAIN_AGENT_REVIEW_REQUIRED,[],"[""lib/fremtind-catalog.ts""]",[],"[""B-106"", ""B-193""]"
B-034,frende · Bil · ordinary: Materialiser dokumenterte P1-dimensjoner på eksisterende nøkler,MAIN_AGENT_REVIEW_REQUIRED,"[""B-006""]","[""lib/frende-catalog.ts""]",[],"[""B-006"", ""B-107""]"
B-035,frende · Bobil · ordinary: Materialiser dokumenterte P1-dimensjoner på eksisterende nøkler,MAIN_AGENT_REVIEW_REQUIRED,[],"[""lib/mc-bobil-fremtind-frende-catalog.ts""]",[],"[""B-023"", ""B-028"", ""B-031"", ""B-042"", ""B-101"", ""B-104"", ""B-108"", ""B-117"", ""B-190""]"
B-036,frende · Båt · ordinary: Materialiser dokumenterte P1-dimensjoner på eksisterende nøkler,MAIN_AGENT_REVIEW_REQUIRED,[],"[""lib/boat-pet-catalog.ts""]",[],"[""B-003"", ""B-008"", ""B-009"", ""B-010"", ""B-018"", ""B-022"", ""B-038"", ""B-041"", ""B-048"", ""B-050"", ""B-053"", ""B-060"", ""B-062"", ""B-065"", ""B-070"", ""B-071"", ""B-072"", ""B-075"", ""B-077"", ""B-080"", ""B-087"", ""B-089"", ""B-091"", ""B-109"", ""B-110"", ""B-113"", ""B-116"", ""B-124"", ""B-125"", ""B-128"", ""B-129"", ""B-132"", ""B-133"", ""B-141"", ""B-143"", ""B-144"", ""B-147"", ""B-148"", ""B-152"", ""B-153"", ""B-154"", ""B-155"", ""B-156"", ""B-157"", ""B-160"", ""B-162"", ""B-166"", ""B-175"", ""B-177"", ""B-178"", ""B-181"", ""B-182"", ""B-187"", ""B-195"", ""B-196"", ""B-197"", ""B-199"", ""B-200""]"
B-037,frende · Campingvogn · ordinary: Materialiser dokumenterte P1-dimensjoner på eksisterende nøkler,MAIN_AGENT_REVIEW_REQUIRED,[],"[""lib/vehicle-object-catalog.ts""]",[],"[""B-024"", ""B-025"", ""B-026"", ""B-027"", ""B-044"", ""B-045"", ""B-049"", ""B-056"", ""B-057"", ""B-061"", ""B-068"", ""B-069"", ""B-076"", ""B-083"", ""B-084"", ""B-088"", ""B-094"", ""B-095"", ""B-096"", ""B-097"", ""B-098"", ""B-099"", ""B-100"", ""B-111"", ""B-112"", ""B-118"", ""B-119"", ""B-120"", ""B-126"", ""B-127"", ""B-136"", ""B-137"", ""B-138"", ""B-142"", ""B-150"", ""B-151"", ""B-161"", ""B-169"", ""B-170"", ""B-171"", ""B-172"", ""B-176"", ""B-185"", ""B-186"", ""B-188"", ""B-189"", ""B-194"", ""B-204""]"
B-038,frende · Hund · ordinary: Materialiser dokumenterte P1-dimensjoner på eksisterende nøkler,MAIN_AGENT_REVIEW_REQUIRED,"[""B-018""]","[""lib/boat-pet-catalog.ts""]",[],"[""B-003"", ""B-008"", ""B-009"", ""B-010"", ""B-018"", ""B-022"", ""B-036"", ""B-041"", ""B-048"", ""B-050"", ""B-053"", ""B-060"", ""B-062"", ""B-065"", ""B-070"", ""B-071"", ""B-072"", ""B-075"", ""B-077"", ""B-080"", ""B-087"", ""B-089"", ""B-091"", ""B-109"", ""B-110"", ""B-113"", ""B-116"", ""B-124"", ""B-125"", ""B-128"", ""B-129"", ""B-132"", ""B-133"", ""B-141"", ""B-143"", ""B-144"", ""B-147"", ""B-148"", ""B-152"", ""B-153"", ""B-154"", ""B-155"", ""B-156"", ""B-157"", ""B-160"", ""B-162"", ""B-166"", ""B-175"", ""B-177"", ""B-178"", ""B-181"", ""B-182"", ""B-187"", ""B-195"", ""B-196"", ""B-197"", ""B-199"", ""B-200""]"
B-039,frende · Hus · ordinary: Materialiser dokumenterte P1-dimensjoner på eksisterende nøkler,MAIN_AGENT_REVIEW_REQUIRED,[],"[""lib/frende-hus-catalog.ts""]",[],"[""B-114""]"
B-040,frende · Innbo · ordinary: Materialiser dokumenterte P1-dimensjoner på eksisterende nøkler,MAIN_AGENT_REVIEW_REQUIRED,[],"[""lib/frende-innbo-catalog.ts""]",[],"[""B-115""]"
B-041,frende · Katt · ordinary: Materialiser dokumenterte P1-dimensjoner på eksisterende nøkler,MAIN_AGENT_REVIEW_REQUIRED,[],"[""lib/boat-pet-catalog.ts""]",[],"[""B-003"", ""B-008"", ""B-009"", ""B-010"", ""B-018"", ""B-022"", ""B-036"", ""B-038"", ""B-048"", ""B-050"", ""B-053"", ""B-060"", ""B-062"", ""B-065"", ""B-070"", ""B-071"", ""B-072"", ""B-075"", ""B-077"", ""B-080"", ""B-087"", ""B-089"", ""B-091"", ""B-109"", ""B-110"", ""B-113"", ""B-116"", ""B-124"", ""B-125"", ""B-128"", ""B-129"", ""B-132"", ""B-133"", ""B-141"", ""B-143"", ""B-144"", ""B-147"", ""B-148"", ""B-152"", ""B-153"", ""B-154"", ""B-155"", ""B-156"", ""B-157"", ""B-160"", ""B-162"", ""B-166"", ""B-175"", ""B-177"", ""B-178"", ""B-181"", ""B-182"", ""B-187"", ""B-195"", ""B-196"", ""B-197"", ""B-199"", ""B-200""]"
B-042,frende · MC · ordinary: Materialiser dokumenterte P1-dimensjoner på eksisterende nøkler,MAIN_AGENT_REVIEW_REQUIRED,[],"[""lib/mc-bobil-fremtind-frende-catalog.ts""]",[],"[""B-023"", ""B-028"", ""B-031"", ""B-035"", ""B-101"", ""B-104"", ""B-108"", ""B-117"", ""B-190""]"
B-044,frende · Snøscooter · ordinary: Materialiser dokumenterte P1-dimensjoner på eksisterende nøkler,MAIN_AGENT_REVIEW_REQUIRED,[],"[""lib/vehicle-object-catalog.ts""]",[],"[""B-024"", ""B-025"", ""B-026"", ""B-027"", ""B-037"", ""B-045"", ""B-049"", ""B-056"", ""B-057"", ""B-061"", ""B-068"", ""B-069"", ""B-076"", ""B-083"", ""B-084"", ""B-088"", ""B-094"", ""B-095"", ""B-096"", ""B-097"", ""B-098"", ""B-099"", ""B-100"", ""B-111"", ""B-112"", ""B-118"", ""B-119"", ""B-120"", ""B-126"", ""B-127"", ""B-136"", ""B-137"", ""B-138"", ""B-142"", ""B-150"", ""B-151"", ""B-161"", ""B-169"", ""B-170"", ""B-171"", ""B-172"", ""B-176"", ""B-185"", ""B-186"", ""B-188"", ""B-189"", ""B-194"", ""B-204""]"
B-045,frende · Tilhenger · ordinary: Materialiser dokumenterte P1-dimensjoner på eksisterende nøkler,MAIN_AGENT_REVIEW_REQUIRED,[],"[""lib/vehicle-object-catalog.ts""]",[],"[""B-024"", ""B-025"", ""B-026"", ""B-027"", ""B-037"", ""B-044"", ""B-049"", ""B-056"", ""B-057"", ""B-061"", ""B-068"", ""B-069"", ""B-076"", ""B-083"", ""B-084"", ""B-088"", ""B-094"", ""B-095"", ""B-096"", ""B-097"", ""B-098"", ""B-099"", ""B-100"", ""B-111"", ""B-112"", ""B-118"", ""B-119"", ""B-120"", ""B-126"", ""B-127"", ""B-136"", ""B-137"", ""B-138"", ""B-142"", ""B-150"", ""B-151"", ""B-161"", ""B-169"", ""B-170"", ""B-171"", ""B-172"", ""B-176"", ""B-185"", ""B-186"", ""B-188"", ""B-189"", ""B-194"", ""B-204""]"
B-046,gjensidige · Bil · ordinary: Materialiser dokumenterte P1-dimensjoner på eksisterende nøkler,MAIN_AGENT_REVIEW_REQUIRED,[],"[""lib/gjensidige-catalog.ts""]",[],"[""B-121"", ""B-122""]"
B-047,gjensidige · Bobil · ordinary: Materialiser dokumenterte P1-dimensjoner på eksisterende nøkler,MAIN_AGENT_REVIEW_REQUIRED,"[""B-012""]","[""lib/mc-bobil-gjensidige-storebrand-catalog.ts""]",[],"[""B-001"", ""B-012"", ""B-054"", ""B-074"", ""B-081"", ""B-123"", ""B-134"", ""B-159"", ""B-167""]"
B-048,gjensidige · Båt · ordinary: Materialiser dokumenterte P1-dimensjoner på eksisterende nøkler,MAIN_AGENT_REVIEW_REQUIRED,[],"[""lib/boat-pet-catalog.ts""]",[],"[""B-003"", ""B-008"", ""B-009"", ""B-010"", ""B-018"", ""B-022"", ""B-036"", ""B-038"", ""B-041"", ""B-050"", ""B-053"", ""B-060"", ""B-062"", ""B-065"", ""B-070"", ""B-071"", ""B-072"", ""B-075"", ""B-077"", ""B-080"", ""B-087"", ""B-089"", ""B-091"", ""B-109"", ""B-110"", ""B-113"", ""B-116"", ""B-124"", ""B-125"", ""B-128"", ""B-129"", ""B-132"", ""B-133"", ""B-141"", ""B-143"", ""B-144"", ""B-147"", ""B-148"", ""B-152"", ""B-153"", ""B-154"", ""B-155"", ""B-156"", ""B-157"", ""B-160"", ""B-162"", ""B-166"", ""B-175"", ""B-177"", ""B-178"", ""B-181"", ""B-182"", ""B-187"", ""B-195"", ""B-196"", ""B-197"", ""B-199"", ""B-200""]"
B-049,gjensidige · Campingvogn · ordinary: Materialiser dokumenterte P1-dimensjoner på eksisterende nøkler,MAIN_AGENT_REVIEW_REQUIRED,[],"[""lib/vehicle-object-catalog.ts""]",[],"[""B-024"", ""B-025"", ""B-026"", ""B-027"", ""B-037"", ""B-044"", ""B-045"", ""B-056"", ""B-057"", ""B-061"", ""B-068"", ""B-069"", ""B-076"", ""B-083"", ""B-084"", ""B-088"", ""B-094"", ""B-095"", ""B-096"", ""B-097"", ""B-098"", ""B-099"", ""B-100"", ""B-111"", ""B-112"", ""B-118"", ""B-119"", ""B-120"", ""B-126"", ""B-127"", ""B-136"", ""B-137"", ""B-138"", ""B-142"", ""B-150"", ""B-151"", ""B-161"", ""B-169"", ""B-170"", ""B-171"", ""B-172"", ""B-176"", ""B-185"", ""B-186"", ""B-188"", ""B-189"", ""B-194"", ""B-204""]"
B-050,gjensidige · Hund · ordinary: Materialiser dokumenterte P1-dimensjoner på eksisterende nøkler,MAIN_AGENT_REVIEW_REQUIRED,"[""B-022""]","[""lib/boat-pet-catalog.ts""]",[],"[""B-003"", ""B-008"", ""B-009"", ""B-010"", ""B-018"", ""B-022"", ""B-036"", ""B-038"", ""B-041"", ""B-048"", ""B-053"", ""B-060"", ""B-062"", ""B-065"", ""B-070"", ""B-071"", ""B-072"", ""B-075"", ""B-077"", ""B-080"", ""B-087"", ""B-089"", ""B-091"", ""B-109"", ""B-110"", ""B-113"", ""B-116"", ""B-124"", ""B-125"", ""B-128"", ""B-129"", ""B-132"", ""B-133"", ""B-141"", ""B-143"", ""B-144"", ""B-147"", ""B-148"", ""B-152"", ""B-153"", ""B-154"", ""B-155"", ""B-156"", ""B-157"", ""B-160"", ""B-162"", ""B-166"", ""B-175"", ""B-177"", ""B-178"", ""B-181"", ""B-182"", ""B-187"", ""B-195"", ""B-196"", ""B-197"", ""B-199"", ""B-200""]"
B-051,gjensidige · Hus · ordinary: Materialiser dokumenterte P1-dimensjoner på eksisterende nøkler,MAIN_AGENT_REVIEW_REQUIRED,"[""B-007"", ""B-020""]","[""lib/gjensidige-hus-catalog.ts""]",[],"[""B-007"", ""B-020"", ""B-130""]"
B-052,gjensidige · Innbo · ordinary: Materialiser dokumenterte P1-dimensjoner på eksisterende nøkler,MAIN_AGENT_REVIEW_REQUIRED,"[""B-014""]","[""lib/gjensidige-innbo-catalog.ts""]",[],"[""B-014"", ""B-131""]"
B-053,gjensidige · Katt · ordinary: Materialiser dokumenterte P1-dimensjoner på eksisterende nøkler,MAIN_AGENT_REVIEW_REQUIRED,"[""B-022""]","[""lib/boat-pet-catalog.ts""]",[],"[""B-003"", ""B-008"", ""B-009"", ""B-010"", ""B-018"", ""B-022"", ""B-036"", ""B-038"", ""B-041"", ""B-048"", ""B-050"", ""B-060"", ""B-062"", ""B-065"", ""B-070"", ""B-071"", ""B-072"", ""B-075"", ""B-077"", ""B-080"", ""B-087"", ""B-089"", ""B-091"", ""B-109"", ""B-110"", ""B-113"", ""B-116"", ""B-124"", ""B-125"", ""B-128"", ""B-129"", ""B-132"", ""B-133"", ""B-141"", ""B-143"", ""B-144"", ""B-147"", ""B-148"", ""B-152"", ""B-153"", ""B-154"", ""B-155"", ""B-156"", ""B-157"", ""B-160"", ""B-162"", ""B-166"", ""B-175"", ""B-177"", ""B-178"", ""B-181"", ""B-182"", ""B-187"", ""B-195"", ""B-196"", ""B-197"", ""B-199"", ""B-200""]"
B-054,gjensidige · MC · ordinary: Materialiser dokumenterte P1-dimensjoner på eksisterende nøkler,MAIN_AGENT_REVIEW_REQUIRED,"[""B-001""]","[""lib/mc-bobil-gjensidige-storebrand-catalog.ts""]",[],"[""B-001"", ""B-012"", ""B-047"", ""B-074"", ""B-081"", ""B-123"", ""B-134"", ""B-159"", ""B-167""]"
B-055,gjensidige · Reise · ordinary: Materialiser dokumenterte P1-dimensjoner på eksisterende nøkler,MAIN_AGENT_REVIEW_REQUIRED,"[""B-016""]","[""lib/gjensidige-reise-catalog.ts""]",[],"[""B-016"", ""B-135""]"
B-056,gjensidige · Snøscooter · ordinary: Materialiser dokumenterte P1-dimensjoner på eksisterende nøkler,MAIN_AGENT_REVIEW_REQUIRED,[],"[""lib/vehicle-object-catalog.ts""]",[],"[""B-024"", ""B-025"", ""B-026"", ""B-027"", ""B-037"", ""B-044"", ""B-045"", ""B-049"", ""B-057"", ""B-061"", ""B-068"", ""B-069"", ""B-076"", ""B-083"", ""B-084"", ""B-088"", ""B-094"", ""B-095"", ""B-096"", ""B-097"", ""B-098"", ""B-099"", ""B-100"", ""B-111"", ""B-112"", ""B-118"", ""B-119"", ""B-120"", ""B-126"", ""B-127"", ""B-136"", ""B-137"", ""B-138"", ""B-142"", ""B-150"", ""B-151"", ""B-161"", ""B-169"", ""B-170"", ""B-171"", ""B-172"", ""B-176"", ""B-185"", ""B-186"", ""B-188"", ""B-189"", ""B-194"", ""B-204""]"
B-057,gjensidige · Tilhenger · ordinary: Materialiser dokumenterte P1-dimensjoner på eksisterende nøkler,MAIN_AGENT_REVIEW_REQUIRED,[],"[""lib/vehicle-object-catalog.ts""]",[],"[""B-024"", ""B-025"", ""B-026"", ""B-027"", ""B-037"", ""B-044"", ""B-045"", ""B-049"", ""B-056"", ""B-061"", ""B-068"", ""B-069"", ""B-076"", ""B-083"", ""B-084"", ""B-088"", ""B-094"", ""B-095"", ""B-096"", ""B-097"", ""B-098"", ""B-099"", ""B-100"", ""B-111"", ""B-112"", ""B-118"", ""B-119"", ""B-120"", ""B-126"", ""B-127"", ""B-136"", ""B-137"", ""B-138"", ""B-142"", ""B-150"", ""B-151"", ""B-161"", ""B-169"", ""B-170"", ""B-171"", ""B-172"", ""B-176"", ""B-185"", ""B-186"", ""B-188"", ""B-189"", ""B-194"", ""B-204""]"
B-058,if · Bil · ordinary: Materialiser dokumenterte P1-dimensjoner på eksisterende nøkler,MAIN_AGENT_REVIEW_REQUIRED,[],"[""lib/if-catalog.ts""]",[],"[""B-139""]"
B-059,if · Bobil · ordinary: Materialiser dokumenterte P1-dimensjoner på eksisterende nøkler,MAIN_AGENT_REVIEW_REQUIRED,[],"[""lib/mc-bobil-tryg-if-catalog.ts""]",[],"[""B-066"", ""B-086"", ""B-092"", ""B-140"", ""B-174"", ""B-183"", ""B-198"", ""B-202""]"
B-060,if · Båt · ordinary: Materialiser dokumenterte P1-dimensjoner på eksisterende nøkler,MAIN_AGENT_REVIEW_REQUIRED,"[""B-003""]","[""lib/boat-pet-catalog.ts""]",[],"[""B-003"", ""B-008"", ""B-009"", ""B-010"", ""B-018"", ""B-022"", ""B-036"", ""B-038"", ""B-041"", ""B-048"", ""B-050"", ""B-053"", ""B-062"", ""B-065"", ""B-070"", ""B-071"", ""B-072"", ""B-075"", ""B-077"", ""B-080"", ""B-087"", ""B-089"", ""B-091"", ""B-109"", ""B-110"", ""B-113"", ""B-116"", ""B-124"", ""B-125"", ""B-128"", ""B-129"", ""B-132"", ""B-133"", ""B-141"", ""B-143"", ""B-144"", ""B-147"", ""B-148"", ""B-152"", ""B-153"", ""B-154"", ""B-155"", ""B-156"", ""B-157"", ""B-160"", ""B-162"", ""B-166"", ""B-175"", ""B-177"", ""B-178"", ""B-181"", ""B-182"", ""B-187"", ""B-195"", ""B-196"", ""B-197"", ""B-199"", ""B-200""]"
B-061,if · Campingvogn · ordinary: Materialiser dokumenterte P1-dimensjoner på eksisterende nøkler,MAIN_AGENT_REVIEW_REQUIRED,"[""B-024""]","[""lib/vehicle-object-catalog.ts""]",[],"[""B-024"", ""B-025"", ""B-026"", ""B-027"", ""B-037"", ""B-044"", ""B-045"", ""B-049"", ""B-056"", ""B-057"", ""B-068"", ""B-069"", ""B-076"", ""B-083"", ""B-084"", ""B-088"", ""B-094"", ""B-095"", ""B-096"", ""B-097"", ""B-098"", ""B-099"", ""B-100"", ""B-111"", ""B-112"", ""B-118"", ""B-119"", ""B-120"", ""B-126"", ""B-127"", ""B-136"", ""B-137"", ""B-138"", ""B-142"", ""B-150"", ""B-151"", ""B-161"", ""B-169"", ""B-170"", ""B-171"", ""B-172"", ""B-176"", ""B-185"", ""B-186"", ""B-188"", ""B-189"", ""B-194"", ""B-204""]"
B-062,if · Hund · ordinary: Materialiser dokumenterte P1-dimensjoner på eksisterende nøkler,MAIN_AGENT_REVIEW_REQUIRED,[],"[""lib/boat-pet-catalog.ts""]",[],"[""B-003"", ""B-008"", ""B-009"", ""B-010"", ""B-018"", ""B-022"", ""B-036"", ""B-038"", ""B-041"", ""B-048"", ""B-050"", ""B-053"", ""B-060"", ""B-065"", ""B-070"", ""B-071"", ""B-072"", ""B-075"", ""B-077"", ""B-080"", ""B-087"", ""B-089"", ""B-091"", ""B-109"", ""B-110"", ""B-113"", ""B-116"", ""B-124"", ""B-125"", ""B-128"", ""B-129"", ""B-132"", ""B-133"", ""B-141"", ""B-143"", ""B-144"", ""B-147"", ""B-148"", ""B-152"", ""B-153"", ""B-154"", ""B-155"", ""B-156"", ""B-157"", ""B-160"", ""B-162"", ""B-166"", ""B-175"", ""B-177"", ""B-178"", ""B-181"", ""B-182"", ""B-187"", ""B-195"", ""B-196"", ""B-197"", ""B-199"", ""B-200""]"
B-063,if · Hus · ordinary: Materialiser dokumenterte P1-dimensjoner på eksisterende nøkler,MAIN_AGENT_REVIEW_REQUIRED,[],"[""lib/if-hus-catalog.ts""]",[],"[""B-145""]"
B-064,if · Innbo · ordinary: Materialiser dokumenterte P1-dimensjoner på eksisterende nøkler,MAIN_AGENT_REVIEW_REQUIRED,[],"[""lib/if-innbo-catalog.ts""]",[],"[""B-146""]"
B-065,if · Katt · ordinary: Materialiser dokumenterte P1-dimensjoner på eksisterende nøkler,MAIN_AGENT_REVIEW_REQUIRED,[],"[""lib/boat-pet-catalog.ts""]",[],"[""B-003"", ""B-008"", ""B-009"", ""B-010"", ""B-018"", ""B-022"", ""B-036"", ""B-038"", ""B-041"", ""B-048"", ""B-050"", ""B-053"", ""B-060"", ""B-062"", ""B-070"", ""B-071"", ""B-072"", ""B-075"", ""B-077"", ""B-080"", ""B-087"", ""B-089"", ""B-091"", ""B-109"", ""B-110"", ""B-113"", ""B-116"", ""B-124"", ""B-125"", ""B-128"", ""B-129"", ""B-132"", ""B-133"", ""B-141"", ""B-143"", ""B-144"", ""B-147"", ""B-148"", ""B-152"", ""B-153"", ""B-154"", ""B-155"", ""B-156"", ""B-157"", ""B-160"", ""B-162"", ""B-166"", ""B-175"", ""B-177"", ""B-178"", ""B-181"", ""B-182"", ""B-187"", ""B-195"", ""B-196"", ""B-197"", ""B-199"", ""B-200""]"
B-066,if · MC · ordinary: Materialiser dokumenterte P1-dimensjoner på eksisterende nøkler,MAIN_AGENT_REVIEW_REQUIRED,[],"[""lib/mc-bobil-tryg-if-catalog.ts""]",[],"[""B-059"", ""B-086"", ""B-092"", ""B-140"", ""B-174"", ""B-183"", ""B-198"", ""B-202""]"
B-067,if · Reise · ordinary: Materialiser dokumenterte P1-dimensjoner på eksisterende nøkler,MAIN_AGENT_REVIEW_REQUIRED,"[""B-004""]","[""lib/if-reise-catalog.ts""]",[],"[""B-004"", ""B-149""]"
B-068,if · Snøscooter · ordinary: Materialiser dokumenterte P1-dimensjoner på eksisterende nøkler,MAIN_AGENT_REVIEW_REQUIRED,[],"[""lib/vehicle-object-catalog.ts""]",[],"[""B-024"", ""B-025"", ""B-026"", ""B-027"", ""B-037"", ""B-044"", ""B-045"", ""B-049"", ""B-056"", ""B-057"", ""B-061"", ""B-069"", ""B-076"", ""B-083"", ""B-084"", ""B-088"", ""B-094"", ""B-095"", ""B-096"", ""B-097"", ""B-098"", ""B-099"", ""B-100"", ""B-111"", ""B-112"", ""B-118"", ""B-119"", ""B-120"", ""B-126"", ""B-127"", ""B-136"", ""B-137"", ""B-138"", ""B-142"", ""B-150"", ""B-151"", ""B-161"", ""B-169"", ""B-170"", ""B-171"", ""B-172"", ""B-176"", ""B-185"", ""B-186"", ""B-188"", ""B-189"", ""B-194"", ""B-204""]"
B-069,if · Tilhenger · ordinary: Materialiser dokumenterte P1-dimensjoner på eksisterende nøkler,MAIN_AGENT_REVIEW_REQUIRED,[],"[""lib/vehicle-object-catalog.ts""]",[],"[""B-024"", ""B-025"", ""B-026"", ""B-027"", ""B-037"", ""B-044"", ""B-045"", ""B-049"", ""B-056"", ""B-057"", ""B-061"", ""B-068"", ""B-076"", ""B-083"", ""B-084"", ""B-088"", ""B-094"", ""B-095"", ""B-096"", ""B-097"", ""B-098"", ""B-099"", ""B-100"", ""B-111"", ""B-112"", ""B-118"", ""B-119"", ""B-120"", ""B-126"", ""B-127"", ""B-136"", ""B-137"", ""B-138"", ""B-142"", ""B-150"", ""B-151"", ""B-161"", ""B-169"", ""B-170"", ""B-171"", ""B-172"", ""B-176"", ""B-185"", ""B-186"", ""B-188"", ""B-189"", ""B-194"", ""B-204""]"
B-070,sparebank1-fremtind · Båt · ordinary: Materialiser dokumenterte P1-dimensjoner på eksisterende nøkler,MAIN_AGENT_REVIEW_REQUIRED,[],"[""lib/boat-pet-catalog.ts""]",[],"[""B-003"", ""B-008"", ""B-009"", ""B-010"", ""B-018"", ""B-022"", ""B-036"", ""B-038"", ""B-041"", ""B-048"", ""B-050"", ""B-053"", ""B-060"", ""B-062"", ""B-065"", ""B-071"", ""B-072"", ""B-075"", ""B-077"", ""B-080"", ""B-087"", ""B-089"", ""B-091"", ""B-109"", ""B-110"", ""B-113"", ""B-116"", ""B-124"", ""B-125"", ""B-128"", ""B-129"", ""B-132"", ""B-133"", ""B-141"", ""B-143"", ""B-144"", ""B-147"", ""B-148"", ""B-152"", ""B-153"", ""B-154"", ""B-155"", ""B-156"", ""B-157"", ""B-160"", ""B-162"", ""B-166"", ""B-175"", ""B-177"", ""B-178"", ""B-181"", ""B-182"", ""B-187"", ""B-195"", ""B-196"", ""B-197"", ""B-199"", ""B-200""]"
B-071,sparebank1-fremtind · Hund · ordinary: Materialiser dokumenterte P1-dimensjoner på eksisterende nøkler,MAIN_AGENT_REVIEW_REQUIRED,"[""B-009"", ""B-010""]","[""lib/boat-pet-catalog.ts""]",[],"[""B-003"", ""B-008"", ""B-009"", ""B-010"", ""B-018"", ""B-022"", ""B-036"", ""B-038"", ""B-041"", ""B-048"", ""B-050"", ""B-053"", ""B-060"", ""B-062"", ""B-065"", ""B-070"", ""B-072"", ""B-075"", ""B-077"", ""B-080"", ""B-087"", ""B-089"", ""B-091"", ""B-109"", ""B-110"", ""B-113"", ""B-116"", ""B-124"", ""B-125"", ""B-128"", ""B-129"", ""B-132"", ""B-133"", ""B-141"", ""B-143"", ""B-144"", ""B-147"", ""B-148"", ""B-152"", ""B-153"", ""B-154"", ""B-155"", ""B-156"", ""B-157"", ""B-160"", ""B-162"", ""B-166"", ""B-175"", ""B-177"", ""B-178"", ""B-181"", ""B-182"", ""B-187"", ""B-195"", ""B-196"", ""B-197"", ""B-199"", ""B-200""]"
B-072,sparebank1-fremtind · Katt · ordinary: Materialiser dokumenterte P1-dimensjoner på eksisterende nøkler,MAIN_AGENT_REVIEW_REQUIRED,[],"[""lib/boat-pet-catalog.ts""]",[],"[""B-003"", ""B-008"", ""B-009"", ""B-010"", ""B-018"", ""B-022"", ""B-036"", ""B-038"", ""B-041"", ""B-048"", ""B-050"", ""B-053"", ""B-060"", ""B-062"", ""B-065"", ""B-070"", ""B-071"", ""B-075"", ""B-077"", ""B-080"", ""B-087"", ""B-089"", ""B-091"", ""B-109"", ""B-110"", ""B-113"", ""B-116"", ""B-124"", ""B-125"", ""B-128"", ""B-129"", ""B-132"", ""B-133"", ""B-141"", ""B-143"", ""B-144"", ""B-147"", ""B-148"", ""B-152"", ""B-153"", ""B-154"", ""B-155"", ""B-156"", ""B-157"", ""B-160"", ""B-162"", ""B-166"", ""B-175"", ""B-177"", ""B-178"", ""B-181"", ""B-182"", ""B-187"", ""B-195"", ""B-196"", ""B-197"", ""B-199"", ""B-200""]"
B-073,storebrand · Bil · ordinary: Materialiser dokumenterte P1-dimensjoner på eksisterende nøkler,MAIN_AGENT_REVIEW_REQUIRED,[],"[""lib/storebrand-catalog.ts""]",[],"[""B-158""]"
B-074,storebrand · Bobil · ordinary: Materialiser dokumenterte P1-dimensjoner på eksisterende nøkler,MAIN_AGENT_REVIEW_REQUIRED,[],"[""lib/mc-bobil-gjensidige-storebrand-catalog.ts""]",[],"[""B-001"", ""B-012"", ""B-047"", ""B-054"", ""B-081"", ""B-123"", ""B-134"", ""B-159"", ""B-167""]"
B-075,storebrand · Båt · ordinary: Materialiser dokumenterte P1-dimensjoner på eksisterende nøkler,MAIN_AGENT_REVIEW_REQUIRED,"[""B-008""]","[""lib/boat-pet-catalog.ts""]",[],"[""B-003"", ""B-008"", ""B-009"", ""B-010"", ""B-018"", ""B-022"", ""B-036"", ""B-038"", ""B-041"", ""B-048"", ""B-050"", ""B-053"", ""B-060"", ""B-062"", ""B-065"", ""B-070"", ""B-071"", ""B-072"", ""B-077"", ""B-080"", ""B-087"", ""B-089"", ""B-091"", ""B-109"", ""B-110"", ""B-113"", ""B-116"", ""B-124"", ""B-125"", ""B-128"", ""B-129"", ""B-132"", ""B-133"", ""B-141"", ""B-143"", ""B-144"", ""B-147"", ""B-148"", ""B-152"", ""B-153"", ""B-154"", ""B-155"", ""B-156"", ""B-157"", ""B-160"", ""B-162"", ""B-166"", ""B-175"", ""B-177"", ""B-178"", ""B-181"", ""B-182"", ""B-187"", ""B-195"", ""B-196"", ""B-197"", ""B-199"", ""B-200""]"
B-076,storebrand · Campingvogn · ordinary: Materialiser dokumenterte P1-dimensjoner på eksisterende nøkler,MAIN_AGENT_REVIEW_REQUIRED,[],"[""lib/vehicle-object-catalog.ts""]",[],"[""B-024"", ""B-025"", ""B-026"", ""B-027"", ""B-037"", ""B-044"", ""B-045"", ""B-049"", ""B-056"", ""B-057"", ""B-061"", ""B-068"", ""B-069"", ""B-083"", ""B-084"", ""B-088"", ""B-094"", ""B-095"", ""B-096"", ""B-097"", ""B-098"", ""B-099"", ""B-100"", ""B-111"", ""B-112"", ""B-118"", ""B-119"", ""B-120"", ""B-126"", ""B-127"", ""B-136"", ""B-137"", ""B-138"", ""B-142"", ""B-150"", ""B-151"", ""B-161"", ""B-169"", ""B-170"", ""B-171"", ""B-172"", ""B-176"", ""B-185"", ""B-186"", ""B-188"", ""B-189"", ""B-194"", ""B-204""]"
B-077,storebrand · Hund · ordinary: Materialiser dokumenterte P1-dimensjoner på eksisterende nøkler,MAIN_AGENT_REVIEW_REQUIRED,[],"[""lib/boat-pet-catalog.ts""]",[],"[""B-003"", ""B-008"", ""B-009"", ""B-010"", ""B-018"", ""B-022"", ""B-036"", ""B-038"", ""B-041"", ""B-048"", ""B-050"", ""B-053"", ""B-060"", ""B-062"", ""B-065"", ""B-070"", ""B-071"", ""B-072"", ""B-075"", ""B-080"", ""B-087"", ""B-089"", ""B-091"", ""B-109"", ""B-110"", ""B-113"", ""B-116"", ""B-124"", ""B-125"", ""B-128"", ""B-129"", ""B-132"", ""B-133"", ""B-141"", ""B-143"", ""B-144"", ""B-147"", ""B-148"", ""B-152"", ""B-153"", ""B-154"", ""B-155"", ""B-156"", ""B-157"", ""B-160"", ""B-162"", ""B-166"", ""B-175"", ""B-177"", ""B-178"", ""B-181"", ""B-182"", ""B-187"", ""B-195"", ""B-196"", ""B-197"", ""B-199"", ""B-200""]"
B-078,storebrand · Hus · ordinary: Materialiser dokumenterte P1-dimensjoner på eksisterende nøkler,MAIN_AGENT_REVIEW_REQUIRED,"[""B-013""]","[""lib/storebrand-hus-catalog.ts""]",[],"[""B-013"", ""B-163""]"
B-079,storebrand · Innbo · ordinary: Materialiser dokumenterte P1-dimensjoner på eksisterende nøkler,MAIN_AGENT_REVIEW_REQUIRED,"[""B-005""]","[""lib/storebrand-innbo-catalog.ts""]",[],"[""B-005"", ""B-164"", ""B-165""]"
B-080,storebrand · Katt · ordinary: Materialiser dokumenterte P1-dimensjoner på eksisterende nøkler,MAIN_AGENT_REVIEW_REQUIRED,[],"[""lib/boat-pet-catalog.ts""]",[],"[""B-003"", ""B-008"", ""B-009"", ""B-010"", ""B-018"", ""B-022"", ""B-036"", ""B-038"", ""B-041"", ""B-048"", ""B-050"", ""B-053"", ""B-060"", ""B-062"", ""B-065"", ""B-070"", ""B-071"", ""B-072"", ""B-075"", ""B-077"", ""B-087"", ""B-089"", ""B-091"", ""B-109"", ""B-110"", ""B-113"", ""B-116"", ""B-124"", ""B-125"", ""B-128"", ""B-129"", ""B-132"", ""B-133"", ""B-141"", ""B-143"", ""B-144"", ""B-147"", ""B-148"", ""B-152"", ""B-153"", ""B-154"", ""B-155"", ""B-156"", ""B-157"", ""B-160"", ""B-162"", ""B-166"", ""B-175"", ""B-177"", ""B-178"", ""B-181"", ""B-182"", ""B-187"", ""B-195"", ""B-196"", ""B-197"", ""B-199"", ""B-200""]"
B-081,storebrand · MC · ordinary: Materialiser dokumenterte P1-dimensjoner på eksisterende nøkler,MAIN_AGENT_REVIEW_REQUIRED,[],"[""lib/mc-bobil-gjensidige-storebrand-catalog.ts""]",[],"[""B-001"", ""B-012"", ""B-047"", ""B-054"", ""B-074"", ""B-123"", ""B-134"", ""B-159"", ""B-167""]"
B-082,storebrand · Reise · ordinary: Materialiser dokumenterte P1-dimensjoner på eksisterende nøkler,MAIN_AGENT_REVIEW_REQUIRED,"[""B-019"", ""B-021""]","[""lib/storebrand-reise-catalog.ts""]",[],"[""B-019"", ""B-021"", ""B-168""]"
B-083,storebrand · Snøscooter · ordinary: Materialiser dokumenterte P1-dimensjoner på eksisterende nøkler,MAIN_AGENT_REVIEW_REQUIRED,[],"[""lib/vehicle-object-catalog.ts""]",[],"[""B-024"", ""B-025"", ""B-026"", ""B-027"", ""B-037"", ""B-044"", ""B-045"", ""B-049"", ""B-056"", ""B-057"", ""B-061"", ""B-068"", ""B-069"", ""B-076"", ""B-084"", ""B-088"", ""B-094"", ""B-095"", ""B-096"", ""B-097"", ""B-098"", ""B-099"", ""B-100"", ""B-111"", ""B-112"", ""B-118"", ""B-119"", ""B-120"", ""B-126"", ""B-127"", ""B-136"", ""B-137"", ""B-138"", ""B-142"", ""B-150"", ""B-151"", ""B-161"", ""B-169"", ""B-170"", ""B-171"", ""B-172"", ""B-176"", ""B-185"", ""B-186"", ""B-188"", ""B-189"", ""B-194"", ""B-204""]"
B-084,storebrand · Tilhenger · ordinary: Materialiser dokumenterte P1-dimensjoner på eksisterende nøkler,MAIN_AGENT_REVIEW_REQUIRED,[],"[""lib/vehicle-object-catalog.ts""]",[],"[""B-024"", ""B-025"", ""B-026"", ""B-027"", ""B-037"", ""B-044"", ""B-045"", ""B-049"", ""B-056"", ""B-057"", ""B-061"", ""B-068"", ""B-069"", ""B-076"", ""B-083"", ""B-088"", ""B-094"", ""B-095"", ""B-096"", ""B-097"", ""B-098"", ""B-099"", ""B-100"", ""B-111"", ""B-112"", ""B-118"", ""B-119"", ""B-120"", ""B-126"", ""B-127"", ""B-136"", ""B-137"", ""B-138"", ""B-142"", ""B-150"", ""B-151"", ""B-161"", ""B-169"", ""B-170"", ""B-171"", ""B-172"", ""B-176"", ""B-185"", ""B-186"", ""B-188"", ""B-189"", ""B-194"", ""B-204""]"
B-085,tryg · Bil · ordinary: Materialiser dokumenterte P1-dimensjoner på eksisterende nøkler,MAIN_AGENT_REVIEW_REQUIRED,[],"[""lib/tryg-catalog.ts""]",[],"[""B-173""]"
B-086,tryg · Bobil · ordinary: Materialiser dokumenterte P1-dimensjoner på eksisterende nøkler,MAIN_AGENT_REVIEW_REQUIRED,[],"[""lib/mc-bobil-tryg-if-catalog.ts""]",[],"[""B-059"", ""B-066"", ""B-092"", ""B-140"", ""B-174"", ""B-183"", ""B-198"", ""B-202""]"
B-087,tryg · Båt · ordinary: Materialiser dokumenterte P1-dimensjoner på eksisterende nøkler,MAIN_AGENT_REVIEW_REQUIRED,[],"[""lib/boat-pet-catalog.ts""]",[],"[""B-003"", ""B-008"", ""B-009"", ""B-010"", ""B-018"", ""B-022"", ""B-036"", ""B-038"", ""B-041"", ""B-048"", ""B-050"", ""B-053"", ""B-060"", ""B-062"", ""B-065"", ""B-070"", ""B-071"", ""B-072"", ""B-075"", ""B-077"", ""B-080"", ""B-089"", ""B-091"", ""B-109"", ""B-110"", ""B-113"", ""B-116"", ""B-124"", ""B-125"", ""B-128"", ""B-129"", ""B-132"", ""B-133"", ""B-141"", ""B-143"", ""B-144"", ""B-147"", ""B-148"", ""B-152"", ""B-153"", ""B-154"", ""B-155"", ""B-156"", ""B-157"", ""B-160"", ""B-162"", ""B-166"", ""B-175"", ""B-177"", ""B-178"", ""B-181"", ""B-182"", ""B-187"", ""B-195"", ""B-196"", ""B-197"", ""B-199"", ""B-200""]"
B-088,tryg · Campingvogn · ordinary: Materialiser dokumenterte P1-dimensjoner på eksisterende nøkler,MAIN_AGENT_REVIEW_REQUIRED,[],"[""lib/vehicle-object-catalog.ts""]",[],"[""B-024"", ""B-025"", ""B-026"", ""B-027"", ""B-037"", ""B-044"", ""B-045"", ""B-049"", ""B-056"", ""B-057"", ""B-061"", ""B-068"", ""B-069"", ""B-076"", ""B-083"", ""B-084"", ""B-094"", ""B-095"", ""B-096"", ""B-097"", ""B-098"", ""B-099"", ""B-100"", ""B-111"", ""B-112"", ""B-118"", ""B-119"", ""B-120"", ""B-126"", ""B-127"", ""B-136"", ""B-137"", ""B-138"", ""B-142"", ""B-150"", ""B-151"", ""B-161"", ""B-169"", ""B-170"", ""B-171"", ""B-172"", ""B-176"", ""B-185"", ""B-186"", ""B-188"", ""B-189"", ""B-194"", ""B-204""]"
B-089,tryg · Hund · ordinary: Materialiser dokumenterte P1-dimensjoner på eksisterende nøkler,MAIN_AGENT_REVIEW_REQUIRED,[],"[""lib/boat-pet-catalog.ts""]",[],"[""B-003"", ""B-008"", ""B-009"", ""B-010"", ""B-018"", ""B-022"", ""B-036"", ""B-038"", ""B-041"", ""B-048"", ""B-050"", ""B-053"", ""B-060"", ""B-062"", ""B-065"", ""B-070"", ""B-071"", ""B-072"", ""B-075"", ""B-077"", ""B-080"", ""B-087"", ""B-091"", ""B-109"", ""B-110"", ""B-113"", ""B-116"", ""B-124"", ""B-125"", ""B-128"", ""B-129"", ""B-132"", ""B-133"", ""B-141"", ""B-143"", ""B-144"", ""B-147"", ""B-148"", ""B-152"", ""B-153"", ""B-154"", ""B-155"", ""B-156"", ""B-157"", ""B-160"", ""B-162"", ""B-166"", ""B-175"", ""B-177"", ""B-178"", ""B-181"", ""B-182"", ""B-187"", ""B-195"", ""B-196"", ""B-197"", ""B-199"", ""B-200""]"
B-090,tryg · Innbo · ordinary: Materialiser dokumenterte P1-dimensjoner på eksisterende nøkler,MAIN_AGENT_REVIEW_REQUIRED,"[""B-011"", ""B-015""]","[""lib/tryg-innbo-catalog.ts""]",[],"[""B-011"", ""B-015"", ""B-179"", ""B-180"", ""B-201""]"
B-091,tryg · Katt · ordinary: Materialiser dokumenterte P1-dimensjoner på eksisterende nøkler,MAIN_AGENT_REVIEW_REQUIRED,[],"[""lib/boat-pet-catalog.ts""]",[],"[""B-003"", ""B-008"", ""B-009"", ""B-010"", ""B-018"", ""B-022"", ""B-036"", ""B-038"", ""B-041"", ""B-048"", ""B-050"", ""B-053"", ""B-060"", ""B-062"", ""B-065"", ""B-070"", ""B-071"", ""B-072"", ""B-075"", ""B-077"", ""B-080"", ""B-087"", ""B-089"", ""B-109"", ""B-110"", ""B-113"", ""B-116"", ""B-124"", ""B-125"", ""B-128"", ""B-129"", ""B-132"", ""B-133"", ""B-141"", ""B-143"", ""B-144"", ""B-147"", ""B-148"", ""B-152"", ""B-153"", ""B-154"", ""B-155"", ""B-156"", ""B-157"", ""B-160"", ""B-162"", ""B-166"", ""B-175"", ""B-177"", ""B-178"", ""B-181"", ""B-182"", ""B-187"", ""B-195"", ""B-196"", ""B-197"", ""B-199"", ""B-200""]"
B-092,tryg · MC · ordinary: Materialiser dokumenterte P1-dimensjoner på eksisterende nøkler,MAIN_AGENT_REVIEW_REQUIRED,[],"[""lib/mc-bobil-tryg-if-catalog.ts""]",[],"[""B-059"", ""B-066"", ""B-086"", ""B-140"", ""B-174"", ""B-183"", ""B-198"", ""B-202""]"
B-093,tryg · Reise · ordinary: Materialiser dokumenterte P1-dimensjoner på eksisterende nøkler,MAIN_AGENT_REVIEW_REQUIRED,[],"[""lib/tryg-reise-catalog.ts""]",[],"[""B-184"", ""B-203""]"
B-094,tryg · Snøscooter · ordinary: Materialiser dokumenterte P1-dimensjoner på eksisterende nøkler,MAIN_AGENT_REVIEW_REQUIRED,[],"[""lib/vehicle-object-catalog.ts""]",[],"[""B-024"", ""B-025"", ""B-026"", ""B-027"", ""B-037"", ""B-044"", ""B-045"", ""B-049"", ""B-056"", ""B-057"", ""B-061"", ""B-068"", ""B-069"", ""B-076"", ""B-083"", ""B-084"", ""B-088"", ""B-095"", ""B-096"", ""B-097"", ""B-098"", ""B-099"", ""B-100"", ""B-111"", ""B-112"", ""B-118"", ""B-119"", ""B-120"", ""B-126"", ""B-127"", ""B-136"", ""B-137"", ""B-138"", ""B-142"", ""B-150"", ""B-151"", ""B-161"", ""B-169"", ""B-170"", ""B-171"", ""B-172"", ""B-176"", ""B-185"", ""B-186"", ""B-188"", ""B-189"", ""B-194"", ""B-204""]"
B-095,tryg · Tilhenger · ordinary: Materialiser dokumenterte P1-dimensjoner på eksisterende nøkler,MAIN_AGENT_REVIEW_REQUIRED,[],"[""lib/vehicle-object-catalog.ts""]",[],"[""B-024"", ""B-025"", ""B-026"", ""B-027"", ""B-037"", ""B-044"", ""B-045"", ""B-049"", ""B-056"", ""B-057"", ""B-061"", ""B-068"", ""B-069"", ""B-076"", ""B-083"", ""B-084"", ""B-088"", ""B-094"", ""B-096"", ""B-097"", ""B-098"", ""B-099"", ""B-100"", ""B-111"", ""B-112"", ""B-118"", ""B-119"", ""B-120"", ""B-126"", ""B-127"", ""B-136"", ""B-137"", ""B-138"", ""B-142"", ""B-150"", ""B-151"", ""B-161"", ""B-169"", ""B-170"", ""B-171"", ""B-172"", ""B-176"", ""B-185"", ""B-186"", ""B-188"", ""B-189"", ""B-194"", ""B-204""]"
B-096,eika-fremtind · Campingvogn · ordinary: Avklar typegyldige nøkler og detaljkobling,NOT_SAFE_FOR_PARALLEL_EXECUTION,"[""CR-122"", ""CR-126""]","[""lib/vehicle-object-catalog.ts""]","[""lib/vehicle-object-registry.ts""]","[""B-024"", ""B-025"", ""B-026"", ""B-027"", ""B-037"", ""B-044"", ""B-045"", ""B-049"", ""B-056"", ""B-057"", ""B-061"", ""B-068"", ""B-069"", ""B-076"", ""B-083"", ""B-084"", ""B-088"", ""B-094"", ""B-095"", ""B-097"", ""B-098"", ""B-099"", ""B-100"", ""B-111"", ""B-112"", ""B-118"", ""B-119"", ""B-120"", ""B-126"", ""B-127"", ""B-136"", ""B-137"", ""B-138"", ""B-142"", ""B-150"", ""B-151"", ""B-161"", ""B-169"", ""B-170"", ""B-171"", ""B-172"", ""B-176"", ""B-185"", ""B-186"", ""B-188"", ""B-189"", ""B-194"", ""B-204""]"
B-097,eika-fremtind · Campingvogn · ordinary: Avklar semantisk plassering før P1-dimensjoner materialiseres,NOT_SAFE_FOR_PARALLEL_EXECUTION,"[""CR-114"", ""CR-116"", ""CR-134""]","[""lib/vehicle-object-catalog.ts""]","[""lib/vehicle-object-registry.ts""]","[""B-024"", ""B-025"", ""B-026"", ""B-027"", ""B-037"", ""B-044"", ""B-045"", ""B-049"", ""B-056"", ""B-057"", ""B-061"", ""B-068"", ""B-069"", ""B-076"", ""B-083"", ""B-084"", ""B-088"", ""B-094"", ""B-095"", ""B-096"", ""B-098"", ""B-099"", ""B-100"", ""B-111"", ""B-112"", ""B-118"", ""B-119"", ""B-120"", ""B-126"", ""B-127"", ""B-136"", ""B-137"", ""B-138"", ""B-142"", ""B-150"", ""B-151"", ""B-161"", ""B-169"", ""B-170"", ""B-171"", ""B-172"", ""B-176"", ""B-185"", ""B-186"", ""B-188"", ""B-189"", ""B-194"", ""B-204""]"
B-098,eika-fremtind · Snøscooter · ordinary: Avklar typegyldige nøkler og detaljkobling,NOT_SAFE_FOR_PARALLEL_EXECUTION,"[""CR-414"", ""CR-434"", ""CR-443""]","[""lib/vehicle-object-catalog.ts""]","[""lib/vehicle-object-registry.ts""]","[""B-024"", ""B-025"", ""B-026"", ""B-027"", ""B-037"", ""B-044"", ""B-045"", ""B-049"", ""B-056"", ""B-057"", ""B-061"", ""B-068"", ""B-069"", ""B-076"", ""B-083"", ""B-084"", ""B-088"", ""B-094"", ""B-095"", ""B-096"", ""B-097"", ""B-099"", ""B-100"", ""B-111"", ""B-112"", ""B-118"", ""B-119"", ""B-120"", ""B-126"", ""B-127"", ""B-136"", ""B-137"", ""B-138"", ""B-142"", ""B-150"", ""B-151"", ""B-161"", ""B-169"", ""B-170"", ""B-171"", ""B-172"", ""B-176"", ""B-185"", ""B-186"", ""B-188"", ""B-189"", ""B-194"", ""B-204""]"
B-099,eika-fremtind · Snøscooter · ordinary: Avklar semantisk plassering før P1-dimensjoner materialiseres,NOT_SAFE_FOR_PARALLEL_EXECUTION,"[""CR-412"", ""CR-421""]","[""lib/vehicle-object-catalog.ts""]","[""lib/vehicle-object-registry.ts""]","[""B-024"", ""B-025"", ""B-026"", ""B-027"", ""B-037"", ""B-044"", ""B-045"", ""B-049"", ""B-056"", ""B-057"", ""B-061"", ""B-068"", ""B-069"", ""B-076"", ""B-083"", ""B-084"", ""B-088"", ""B-094"", ""B-095"", ""B-096"", ""B-097"", ""B-098"", ""B-100"", ""B-111"", ""B-112"", ""B-118"", ""B-119"", ""B-120"", ""B-126"", ""B-127"", ""B-136"", ""B-137"", ""B-138"", ""B-142"", ""B-150"", ""B-151"", ""B-161"", ""B-169"", ""B-170"", ""B-171"", ""B-172"", ""B-176"", ""B-185"", ""B-186"", ""B-188"", ""B-189"", ""B-194"", ""B-204""]"
B-100,eika-fremtind · Tilhenger · ordinary: Avklar typegyldige nøkler og detaljkobling,NOT_SAFE_FOR_PARALLEL_EXECUTION,"[""CR-458""]","[""lib/vehicle-object-catalog.ts""]","[""lib/vehicle-object-registry.ts""]","[""B-024"", ""B-025"", ""B-026"", ""B-027"", ""B-037"", ""B-044"", ""B-045"", ""B-049"", ""B-056"", ""B-057"", ""B-061"", ""B-068"", ""B-069"", ""B-076"", ""B-083"", ""B-084"", ""B-088"", ""B-094"", ""B-095"", ""B-096"", ""B-097"", ""B-098"", ""B-099"", ""B-111"", ""B-112"", ""B-118"", ""B-119"", ""B-120"", ""B-126"", ""B-127"", ""B-136"", ""B-137"", ""B-138"", ""B-142"", ""B-150"", ""B-151"", ""B-161"", ""B-169"", ""B-170"", ""B-171"", ""B-172"", ""B-176"", ""B-185"", ""B-186"", ""B-188"", ""B-189"", ""B-194"", ""B-204""]"
B-101,fremtind · Bobil · ordinary-dnb: Avklar semantisk plassering før P1-dimensjoner materialiseres,NOT_SAFE_FOR_PARALLEL_EXECUTION,"[""CR-048"", ""CR-051""]","[""lib/mc-bobil-fremtind-frende-catalog.ts""]","[""lib/mc-bobil-registry.ts""]","[""B-023"", ""B-028"", ""B-031"", ""B-035"", ""B-042"", ""B-104"", ""B-108"", ""B-117"", ""B-123"", ""B-134"", ""B-140"", ""B-159"", ""B-167"", ""B-174"", ""B-183"", ""B-190""]"
B-102,fremtind · Hus · ordinary: Avklar semantisk plassering før P1-dimensjoner materialiseres,NOT_SAFE_FOR_PARALLEL_EXECUTION,"[""B-002"", ""CR-222""]","[""lib/fremtind-hus-catalog.ts""]","[""lib/insurance-normalization.ts""]","[""B-002"", ""B-015"", ""B-017"", ""B-019"", ""B-020"", ""B-021"", ""B-029"", ""B-103"", ""B-105"", ""B-106"", ""B-107"", ""B-114"", ""B-115"", ""B-121"", ""B-122"", ""B-130"", ""B-131"", ""B-135"", ""B-139"", ""B-145"", ""B-146"", ""B-149"", ""B-158"", ""B-163"", ""B-164"", ""B-165"", ""B-168"", ""B-173"", ""B-179"", ""B-180"", ""B-184""]"
B-103,fremtind · Innbo · ordinary: Avklar semantisk plassering før P1-dimensjoner materialiseres,NOT_SAFE_FOR_PARALLEL_EXECUTION,"[""CR-245"", ""CR-263"", ""CR-264"", ""CR-281""]","[""lib/fremtind-innbo-catalog.ts""]","[""lib/insurance-normalization.ts""]","[""B-015"", ""B-017"", ""B-019"", ""B-020"", ""B-021"", ""B-030"", ""B-102"", ""B-105"", ""B-106"", ""B-107"", ""B-114"", ""B-115"", ""B-121"", ""B-122"", ""B-130"", ""B-131"", ""B-135"", ""B-139"", ""B-145"", ""B-146"", ""B-149"", ""B-158"", ""B-163"", ""B-164"", ""B-165"", ""B-168"", ""B-173"", ""B-179"", ""B-180"", ""B-184"", ""B-191""]"
B-104,fremtind · MC · ordinary-sparebank1: Avklar semantisk plassering før P1-dimensjoner materialiseres,NOT_SAFE_FOR_PARALLEL_EXECUTION,"[""B-023"", ""CR-343"", ""CR-352""]","[""lib/mc-bobil-fremtind-frende-catalog.ts""]","[""lib/mc-bobil-registry.ts""]","[""B-023"", ""B-028"", ""B-031"", ""B-035"", ""B-042"", ""B-101"", ""B-108"", ""B-117"", ""B-123"", ""B-134"", ""B-140"", ""B-159"", ""B-167"", ""B-174"", ""B-183"", ""B-190""]"
B-105,fremtind · Reise · ordinary: Avklar semantisk plassering før P1-dimensjoner materialiseres,NOT_SAFE_FOR_PARALLEL_EXECUTION,"[""B-017"", ""CR-371"", ""CR-376"", ""CR-384"", ""CR-387"", ""CR-391"", ""CR-396"", ""CR-397"", ""CR-409""]","[""lib/fremtind-reise-catalog.ts""]","[""lib/insurance-normalization.ts""]","[""B-015"", ""B-017"", ""B-019"", ""B-020"", ""B-021"", ""B-032"", ""B-102"", ""B-103"", ""B-106"", ""B-107"", ""B-114"", ""B-115"", ""B-121"", ""B-122"", ""B-130"", ""B-131"", ""B-135"", ""B-139"", ""B-145"", ""B-146"", ""B-149"", ""B-158"", ""B-163"", ""B-164"", ""B-165"", ""B-168"", ""B-173"", ""B-179"", ""B-180"", ""B-184"", ""B-192"", ""B-205""]"
B-106,fremtind-four-bil-ids · Bil · ordinary: Avklar semantisk plassering før P1-dimensjoner materialiseres,NOT_SAFE_FOR_PARALLEL_EXECUTION,"[""CR-003"", ""CR-024""]","[""lib/fremtind-catalog.ts""]","[""lib/insurance-normalization.ts""]","[""B-015"", ""B-017"", ""B-019"", ""B-020"", ""B-021"", ""B-033"", ""B-102"", ""B-103"", ""B-105"", ""B-107"", ""B-114"", ""B-115"", ""B-121"", ""B-122"", ""B-130"", ""B-131"", ""B-135"", ""B-139"", ""B-145"", ""B-146"", ""B-149"", ""B-158"", ""B-163"", ""B-164"", ""B-165"", ""B-168"", ""B-173"", ""B-179"", ""B-180"", ""B-184"", ""B-193""]"
B-107,frende · Bil · ordinary: Avklar semantisk plassering før P1-dimensjoner materialiseres,NOT_SAFE_FOR_PARALLEL_EXECUTION,"[""B-006"", ""CR-005"", ""CR-006"", ""CR-009"", ""CR-010"", ""CR-015"", ""CR-016"", ""CR-017"", ""CR-018"", ""CR-021"", ""CR-030"", ""CR-031"", ""CR-032"", ""CR-033""]","[""lib/frende-catalog.ts""]","[""lib/insurance-normalization.ts""]","[""B-006"", ""B-015"", ""B-017"", ""B-019"", ""B-020"", ""B-021"", ""B-034"", ""B-102"", ""B-103"", ""B-105"", ""B-106"", ""B-114"", ""B-115"", ""B-121"", ""B-122"", ""B-130"", ""B-131"", ""B-135"", ""B-139"", ""B-145"", ""B-146"", ""B-149"", ""B-158"", ""B-163"", ""B-164"", ""B-165"", ""B-168"", ""B-173"", ""B-179"", ""B-180"", ""B-184""]"
B-108,frende · Bobil · ordinary: Avklar semantisk plassering før P1-dimensjoner materialiseres,NOT_SAFE_FOR_PARALLEL_EXECUTION,"[""CR-038"", ""CR-039"", ""CR-040"", ""CR-041"", ""CR-045"", ""CR-049"", ""CR-056"", ""CR-058"", ""CR-060"", ""CR-061""]","[""lib/mc-bobil-fremtind-frende-catalog.ts""]","[""lib/mc-bobil-registry.ts""]","[""B-023"", ""B-028"", ""B-031"", ""B-035"", ""B-042"", ""B-101"", ""B-104"", ""B-117"", ""B-123"", ""B-134"", ""B-140"", ""B-159"", ""B-167"", ""B-174"", ""B-183"", ""B-190""]"
B-109,frende · Båt · ordinary: Avklar typegyldige nøkler og detaljkobling,NOT_SAFE_FOR_PARALLEL_EXECUTION,"[""CR-095""]","[""lib/boat-pet-catalog.ts""]","[""lib/boat-pet-registry.ts""]","[""B-003"", ""B-008"", ""B-009"", ""B-010"", ""B-018"", ""B-022"", ""B-036"", ""B-038"", ""B-041"", ""B-048"", ""B-050"", ""B-053"", ""B-060"", ""B-062"", ""B-065"", ""B-070"", ""B-071"", ""B-072"", ""B-075"", ""B-077"", ""B-080"", ""B-087"", ""B-089"", ""B-091"", ""B-110"", ""B-113"", ""B-116"", ""B-124"", ""B-125"", ""B-128"", ""B-129"", ""B-132"", ""B-133"", ""B-141"", ""B-143"", ""B-144"", ""B-147"", ""B-148"", ""B-152"", ""B-153"", ""B-154"", ""B-155"", ""B-156"", ""B-157"", ""B-160"", ""B-162"", ""B-166"", ""B-175"", ""B-177"", ""B-178"", ""B-181"", ""B-182"", ""B-187"", ""B-195"", ""B-196"", ""B-197"", ""B-199"", ""B-200""]"
B-110,frende · Båt · ordinary: Avklar semantisk plassering før P1-dimensjoner materialiseres,NOT_SAFE_FOR_PARALLEL_EXECUTION,"[""CR-062"", ""CR-065"", ""CR-070"", ""CR-071"", ""CR-072"", ""CR-083"", ""CR-084"", ""CR-090"", ""CR-093"", ""CR-111""]","[""lib/boat-pet-catalog.ts""]","[""lib/boat-pet-registry.ts""]","[""B-003"", ""B-008"", ""B-009"", ""B-010"", ""B-018"", ""B-022"", ""B-036"", ""B-038"", ""B-041"", ""B-048"", ""B-050"", ""B-053"", ""B-060"", ""B-062"", ""B-065"", ""B-070"", ""B-071"", ""B-072"", ""B-075"", ""B-077"", ""B-080"", ""B-087"", ""B-089"", ""B-091"", ""B-109"", ""B-113"", ""B-116"", ""B-124"", ""B-125"", ""B-128"", ""B-129"", ""B-132"", ""B-133"", ""B-141"", ""B-143"", ""B-144"", ""B-147"", ""B-148"", ""B-152"", ""B-153"", ""B-154"", ""B-155"", ""B-156"", ""B-157"", ""B-160"", ""B-162"", ""B-166"", ""B-175"", ""B-177"", ""B-178"", ""B-181"", ""B-182"", ""B-187"", ""B-195"", ""B-196"", ""B-197"", ""B-199"", ""B-200""]"
B-111,frende · Campingvogn · ordinary: Avklar typegyldige nøkler og detaljkobling,NOT_SAFE_FOR_PARALLEL_EXECUTION,"[""CR-120"", ""CR-140""]","[""lib/vehicle-object-catalog.ts""]","[""lib/vehicle-object-registry.ts""]","[""B-024"", ""B-025"", ""B-026"", ""B-027"", ""B-037"", ""B-044"", ""B-045"", ""B-049"", ""B-056"", ""B-057"", ""B-061"", ""B-068"", ""B-069"", ""B-076"", ""B-083"", ""B-084"", ""B-088"", ""B-094"", ""B-095"", ""B-096"", ""B-097"", ""B-098"", ""B-099"", ""B-100"", ""B-112"", ""B-118"", ""B-119"", ""B-120"", ""B-126"", ""B-127"", ""B-136"", ""B-137"", ""B-138"", ""B-142"", ""B-150"", ""B-151"", ""B-161"", ""B-169"", ""B-170"", ""B-171"", ""B-172"", ""B-176"", ""B-185"", ""B-186"", ""B-188"", ""B-189"", ""B-194"", ""B-204""]"
B-112,frende · Campingvogn · ordinary: Avklar semantisk plassering før P1-dimensjoner materialiseres,NOT_SAFE_FOR_PARALLEL_EXECUTION,"[""CR-119"", ""CR-128"", ""CR-141""]","[""lib/vehicle-object-catalog.ts""]","[""lib/vehicle-object-registry.ts""]","[""B-024"", ""B-025"", ""B-026"", ""B-027"", ""B-037"", ""B-044"", ""B-045"", ""B-049"", ""B-056"", ""B-057"", ""B-061"", ""B-068"", ""B-069"", ""B-076"", ""B-083"", ""B-084"", ""B-088"", ""B-094"", ""B-095"", ""B-096"", ""B-097"", ""B-098"", ""B-099"", ""B-100"", ""B-111"", ""B-118"", ""B-119"", ""B-120"", ""B-126"", ""B-127"", ""B-136"", ""B-137"", ""B-138"", ""B-142"", ""B-150"", ""B-151"", ""B-161"", ""B-169"", ""B-170"", ""B-171"", ""B-172"", ""B-176"", ""B-185"", ""B-186"", ""B-188"", ""B-189"", ""B-194"", ""B-204""]"
B-113,frende · Hund · ordinary: Avklar semantisk plassering før P1-dimensjoner materialiseres,NOT_SAFE_FOR_PARALLEL_EXECUTION,"[""B-018"", ""CR-150"", ""CR-154"", ""CR-176"", ""CR-183"", ""CR-186"", ""CR-188"", ""CR-192"", ""CR-199"", ""CR-203"", ""CR-207"", ""CR-208"", ""CR-209"", ""CR-210"", ""CR-211"", ""CR-221""]","[""lib/boat-pet-catalog.ts""]","[""lib/boat-pet-registry.ts""]","[""B-003"", ""B-008"", ""B-009"", ""B-010"", ""B-018"", ""B-022"", ""B-036"", ""B-038"", ""B-041"", ""B-048"", ""B-050"", ""B-053"", ""B-060"", ""B-062"", ""B-065"", ""B-070"", ""B-071"", ""B-072"", ""B-075"", ""B-077"", ""B-080"", ""B-087"", ""B-089"", ""B-091"", ""B-109"", ""B-110"", ""B-116"", ""B-124"", ""B-125"", ""B-128"", ""B-129"", ""B-132"", ""B-133"", ""B-141"", ""B-143"", ""B-144"", ""B-147"", ""B-148"", ""B-152"", ""B-153"", ""B-154"", ""B-155"", ""B-156"", ""B-157"", ""B-160"", ""B-162"", ""B-166"", ""B-175"", ""B-177"", ""B-178"", ""B-181"", ""B-182"", ""B-187"", ""B-195"", ""B-196"", ""B-197"", ""B-199"", ""B-200""]"
B-114,frende · Hus · ordinary: Avklar semantisk plassering før P1-dimensjoner materialiseres,NOT_SAFE_FOR_PARALLEL_EXECUTION,"[""CR-223""]","[""lib/frende-hus-catalog.ts""]","[""lib/insurance-normalization.ts""]","[""B-015"", ""B-017"", ""B-019"", ""B-020"", ""B-021"", ""B-039"", ""B-102"", ""B-103"", ""B-105"", ""B-106"", ""B-107"", ""B-115"", ""B-121"", ""B-122"", ""B-130"", ""B-131"", ""B-135"", ""B-139"", ""B-145"", ""B-146"", ""B-149"", ""B-158"", ""B-163"", ""B-164"", ""B-165"", ""B-168"", ""B-173"", ""B-179"", ""B-180"", ""B-184""]"
B-115,frende · Innbo · ordinary: Avklar semantisk plassering før P1-dimensjoner materialiseres,NOT_SAFE_FOR_PARALLEL_EXECUTION,"[""CR-242"", ""CR-275""]","[""lib/frende-innbo-catalog.ts""]","[""lib/insurance-normalization.ts""]","[""B-015"", ""B-017"", ""B-019"", ""B-020"", ""B-021"", ""B-040"", ""B-102"", ""B-103"", ""B-105"", ""B-106"", ""B-107"", ""B-114"", ""B-121"", ""B-122"", ""B-130"", ""B-131"", ""B-135"", ""B-139"", ""B-145"", ""B-146"", ""B-149"", ""B-158"", ""B-163"", ""B-164"", ""B-165"", ""B-168"", ""B-173"", ""B-179"", ""B-180"", ""B-184""]"
B-116,frende · Katt · ordinary: Avklar semantisk plassering før P1-dimensjoner materialiseres,NOT_SAFE_FOR_PARALLEL_EXECUTION,"[""CR-286"", ""CR-304"", ""CR-308"", ""CR-311"", ""CR-330"", ""CR-331"", ""CR-332"", ""CR-333"", ""CR-334""]","[""lib/boat-pet-catalog.ts""]","[""lib/boat-pet-registry.ts""]","[""B-003"", ""B-008"", ""B-009"", ""B-010"", ""B-018"", ""B-022"", ""B-036"", ""B-038"", ""B-041"", ""B-048"", ""B-050"", ""B-053"", ""B-060"", ""B-062"", ""B-065"", ""B-070"", ""B-071"", ""B-072"", ""B-075"", ""B-077"", ""B-080"", ""B-087"", ""B-089"", ""B-091"", ""B-109"", ""B-110"", ""B-113"", ""B-124"", ""B-125"", ""B-128"", ""B-129"", ""B-132"", ""B-133"", ""B-141"", ""B-143"", ""B-144"", ""B-147"", ""B-148"", ""B-152"", ""B-153"", ""B-154"", ""B-155"", ""B-156"", ""B-157"", ""B-160"", ""B-162"", ""B-166"", ""B-175"", ""B-177"", ""B-178"", ""B-181"", ""B-182"", ""B-187"", ""B-195"", ""B-196"", ""B-197"", ""B-199"", ""B-200""]"
B-117,frende · MC · ordinary: Avklar semantisk plassering før P1-dimensjoner materialiseres,NOT_SAFE_FOR_PARALLEL_EXECUTION,"[""CR-348"", ""CR-350"", ""CR-351"", ""CR-357"", ""CR-359"", ""CR-366"", ""CR-370""]","[""lib/mc-bobil-fremtind-frende-catalog.ts""]","[""lib/mc-bobil-registry.ts""]","[""B-023"", ""B-028"", ""B-031"", ""B-035"", ""B-042"", ""B-101"", ""B-104"", ""B-108"", ""B-123"", ""B-134"", ""B-140"", ""B-159"", ""B-167"", ""B-174"", ""B-183"", ""B-190""]"
B-118,frende · Snøscooter · ordinary: Avklar typegyldige nøkler og detaljkobling,NOT_SAFE_FOR_PARALLEL_EXECUTION,"[""CR-424"", ""CR-427"", ""CR-429""]","[""lib/vehicle-object-catalog.ts""]","[""lib/vehicle-object-registry.ts""]","[""B-024"", ""B-025"", ""B-026"", ""B-027"", ""B-037"", ""B-044"", ""B-045"", ""B-049"", ""B-056"", ""B-057"", ""B-061"", ""B-068"", ""B-069"", ""B-076"", ""B-083"", ""B-084"", ""B-088"", ""B-094"", ""B-095"", ""B-096"", ""B-097"", ""B-098"", ""B-099"", ""B-100"", ""B-111"", ""B-112"", ""B-119"", ""B-120"", ""B-126"", ""B-127"", ""B-136"", ""B-137"", ""B-138"", ""B-142"", ""B-150"", ""B-151"", ""B-161"", ""B-169"", ""B-170"", ""B-171"", ""B-172"", ""B-176"", ""B-185"", ""B-186"", ""B-188"", ""B-189"", ""B-194"", ""B-204""]"
B-119,frende · Snøscooter · ordinary: Avklar semantisk plassering før P1-dimensjoner materialiseres,NOT_SAFE_FOR_PARALLEL_EXECUTION,"[""CR-418"", ""CR-419"", ""CR-425"", ""CR-433"", ""CR-441"", ""CR-442""]","[""lib/vehicle-object-catalog.ts""]","[""lib/vehicle-object-registry.ts""]","[""B-024"", ""B-025"", ""B-026"", ""B-027"", ""B-037"", ""B-044"", ""B-045"", ""B-049"", ""B-056"", ""B-057"", ""B-061"", ""B-068"", ""B-069"", ""B-076"", ""B-083"", ""B-084"", ""B-088"", ""B-094"", ""B-095"", ""B-096"", ""B-097"", ""B-098"", ""B-099"", ""B-100"", ""B-111"", ""B-112"", ""B-118"", ""B-120"", ""B-126"", ""B-127"", ""B-136"", ""B-137"", ""B-138"", ""B-142"", ""B-150"", ""B-151"", ""B-161"", ""B-169"", ""B-170"", ""B-171"", ""B-172"", ""B-176"", ""B-185"", ""B-186"", ""B-188"", ""B-189"", ""B-194"", ""B-204""]"
B-120,frende · Tilhenger · ordinary: Avklar semantisk plassering før P1-dimensjoner materialiseres,NOT_SAFE_FOR_PARALLEL_EXECUTION,"[""CR-449"", ""CR-460""]","[""lib/vehicle-object-catalog.ts""]","[""lib/vehicle-object-registry.ts""]","[""B-024"", ""B-025"", ""B-026"", ""B-027"", ""B-037"", ""B-044"", ""B-045"", ""B-049"", ""B-056"", ""B-057"", ""B-061"", ""B-068"", ""B-069"", ""B-076"", ""B-083"", ""B-084"", ""B-088"", ""B-094"", ""B-095"", ""B-096"", ""B-097"", ""B-098"", ""B-099"", ""B-100"", ""B-111"", ""B-112"", ""B-118"", ""B-119"", ""B-126"", ""B-127"", ""B-136"", ""B-137"", ""B-138"", ""B-142"", ""B-150"", ""B-151"", ""B-161"", ""B-169"", ""B-170"", ""B-171"", ""B-172"", ""B-176"", ""B-185"", ""B-186"", ""B-188"", ""B-189"", ""B-194"", ""B-204""]"
B-121,gjensidige · Bil · ordinary: Avklar typegyldige nøkler og detaljkobling,NOT_SAFE_FOR_PARALLEL_EXECUTION,"[""CR-020""]","[""lib/gjensidige-catalog.ts""]","[""lib/insurance-normalization.ts""]","[""B-015"", ""B-017"", ""B-019"", ""B-020"", ""B-021"", ""B-046"", ""B-102"", ""B-103"", ""B-105"", ""B-106"", ""B-107"", ""B-114"", ""B-115"", ""B-122"", ""B-130"", ""B-131"", ""B-135"", ""B-139"", ""B-145"", ""B-146"", ""B-149"", ""B-158"", ""B-163"", ""B-164"", ""B-165"", ""B-168"", ""B-173"", ""B-179"", ""B-180"", ""B-184""]"
B-122,gjensidige · Bil · ordinary: Avklar semantisk plassering før P1-dimensjoner materialiseres,NOT_SAFE_FOR_PARALLEL_EXECUTION,"[""CR-006"", ""CR-007"", ""CR-008"", ""CR-012"", ""CR-013"", ""CR-022"", ""CR-025""]","[""lib/gjensidige-catalog.ts""]","[""lib/insurance-normalization.ts""]","[""B-015"", ""B-017"", ""B-019"", ""B-020"", ""B-021"", ""B-046"", ""B-102"", ""B-103"", ""B-105"", ""B-106"", ""B-107"", ""B-114"", ""B-115"", ""B-121"", ""B-130"", ""B-131"", ""B-135"", ""B-139"", ""B-145"", ""B-146"", ""B-149"", ""B-158"", ""B-163"", ""B-164"", ""B-165"", ""B-168"", ""B-173"", ""B-179"", ""B-180"", ""B-184""]"
B-123,gjensidige · Bobil · ordinary: Avklar semantisk plassering før P1-dimensjoner materialiseres,NOT_SAFE_FOR_PARALLEL_EXECUTION,"[""B-012"", ""CR-043"", ""CR-046"", ""CR-050"", ""CR-052"", ""CR-055"", ""CR-057"", ""CR-059""]","[""lib/mc-bobil-gjensidige-storebrand-catalog.ts""]","[""lib/mc-bobil-registry.ts""]","[""B-001"", ""B-012"", ""B-047"", ""B-054"", ""B-074"", ""B-081"", ""B-101"", ""B-104"", ""B-108"", ""B-117"", ""B-134"", ""B-140"", ""B-159"", ""B-167"", ""B-174"", ""B-183""]"
B-124,gjensidige · Båt · ordinary: Avklar typegyldige nøkler og detaljkobling,NOT_SAFE_FOR_PARALLEL_EXECUTION,"[""CR-068"", ""CR-074"", ""CR-075"", ""CR-079"", ""CR-080"", ""CR-089"", ""CR-097"", ""CR-099"", ""CR-101"", ""CR-109""]","[""lib/boat-pet-catalog.ts""]","[""lib/boat-pet-registry.ts""]","[""B-003"", ""B-008"", ""B-009"", ""B-010"", ""B-018"", ""B-022"", ""B-036"", ""B-038"", ""B-041"", ""B-048"", ""B-050"", ""B-053"", ""B-060"", ""B-062"", ""B-065"", ""B-070"", ""B-071"", ""B-072"", ""B-075"", ""B-077"", ""B-080"", ""B-087"", ""B-089"", ""B-091"", ""B-109"", ""B-110"", ""B-113"", ""B-116"", ""B-125"", ""B-128"", ""B-129"", ""B-132"", ""B-133"", ""B-141"", ""B-143"", ""B-144"", ""B-147"", ""B-148"", ""B-152"", ""B-153"", ""B-154"", ""B-155"", ""B-156"", ""B-157"", ""B-160"", ""B-162"", ""B-166"", ""B-175"", ""B-177"", ""B-178"", ""B-181"", ""B-182"", ""B-187"", ""B-195"", ""B-196"", ""B-197"", ""B-199"", ""B-200""]"
B-125,gjensidige · Båt · ordinary: Avklar semantisk plassering før P1-dimensjoner materialiseres,NOT_SAFE_FOR_PARALLEL_EXECUTION,"[""CR-087"", ""CR-088"", ""CR-092"", ""CR-094""]","[""lib/boat-pet-catalog.ts""]","[""lib/boat-pet-registry.ts""]","[""B-003"", ""B-008"", ""B-009"", ""B-010"", ""B-018"", ""B-022"", ""B-036"", ""B-038"", ""B-041"", ""B-048"", ""B-050"", ""B-053"", ""B-060"", ""B-062"", ""B-065"", ""B-070"", ""B-071"", ""B-072"", ""B-075"", ""B-077"", ""B-080"", ""B-087"", ""B-089"", ""B-091"", ""B-109"", ""B-110"", ""B-113"", ""B-116"", ""B-124"", ""B-128"", ""B-129"", ""B-132"", ""B-133"", ""B-141"", ""B-143"", ""B-144"", ""B-147"", ""B-148"", ""B-152"", ""B-153"", ""B-154"", ""B-155"", ""B-156"", ""B-157"", ""B-160"", ""B-162"", ""B-166"", ""B-175"", ""B-177"", ""B-178"", ""B-181"", ""B-182"", ""B-187"", ""B-195"", ""B-196"", ""B-197"", ""B-199"", ""B-200""]"
B-126,gjensidige · Campingvogn · ordinary: Avklar typegyldige nøkler og detaljkobling,NOT_SAFE_FOR_PARALLEL_EXECUTION,"[""CR-142""]","[""lib/vehicle-object-catalog.ts""]","[""lib/vehicle-object-registry.ts""]","[""B-024"", ""B-025"", ""B-026"", ""B-027"", ""B-037"", ""B-044"", ""B-045"", ""B-049"", ""B-056"", ""B-057"", ""B-061"", ""B-068"", ""B-069"", ""B-076"", ""B-083"", ""B-084"", ""B-088"", ""B-094"", ""B-095"", ""B-096"", ""B-097"", ""B-098"", ""B-099"", ""B-100"", ""B-111"", ""B-112"", ""B-118"", ""B-119"", ""B-120"", ""B-127"", ""B-136"", ""B-137"", ""B-138"", ""B-142"", ""B-150"", ""B-151"", ""B-161"", ""B-169"", ""B-170"", ""B-171"", ""B-172"", ""B-176"", ""B-185"", ""B-186"", ""B-188"", ""B-189"", ""B-194"", ""B-204""]"
B-127,gjensidige · Campingvogn · ordinary: Avklar semantisk plassering før P1-dimensjoner materialiseres,NOT_SAFE_FOR_PARALLEL_EXECUTION,"[""CR-124"", ""CR-132"", ""CR-135""]","[""lib/vehicle-object-catalog.ts""]","[""lib/vehicle-object-registry.ts""]","[""B-024"", ""B-025"", ""B-026"", ""B-027"", ""B-037"", ""B-044"", ""B-045"", ""B-049"", ""B-056"", ""B-057"", ""B-061"", ""B-068"", ""B-069"", ""B-076"", ""B-083"", ""B-084"", ""B-088"", ""B-094"", ""B-095"", ""B-096"", ""B-097"", ""B-098"", ""B-099"", ""B-100"", ""B-111"", ""B-112"", ""B-118"", ""B-119"", ""B-120"", ""B-126"", ""B-136"", ""B-137"", ""B-138"", ""B-142"", ""B-150"", ""B-151"", ""B-161"", ""B-169"", ""B-170"", ""B-171"", ""B-172"", ""B-176"", ""B-185"", ""B-186"", ""B-188"", ""B-189"", ""B-194"", ""B-204""]"
B-128,gjensidige · Hund · ordinary: Avklar typegyldige nøkler og detaljkobling,NOT_SAFE_FOR_PARALLEL_EXECUTION,"[""B-022"", ""CR-156"", ""CR-161"", ""CR-184"", ""CR-187"", ""CR-190"", ""CR-191"", ""CR-196"", ""CR-197"", ""CR-200"", ""CR-202"", ""CR-205"", ""CR-206"", ""CR-212"", ""CR-215""]","[""lib/boat-pet-catalog.ts""]","[""lib/boat-pet-registry.ts""]","[""B-003"", ""B-008"", ""B-009"", ""B-010"", ""B-018"", ""B-022"", ""B-036"", ""B-038"", ""B-041"", ""B-048"", ""B-050"", ""B-053"", ""B-060"", ""B-062"", ""B-065"", ""B-070"", ""B-071"", ""B-072"", ""B-075"", ""B-077"", ""B-080"", ""B-087"", ""B-089"", ""B-091"", ""B-109"", ""B-110"", ""B-113"", ""B-116"", ""B-124"", ""B-125"", ""B-129"", ""B-132"", ""B-133"", ""B-141"", ""B-143"", ""B-144"", ""B-147"", ""B-148"", ""B-152"", ""B-153"", ""B-154"", ""B-155"", ""B-156"", ""B-157"", ""B-160"", ""B-162"", ""B-166"", ""B-175"", ""B-177"", ""B-178"", ""B-181"", ""B-182"", ""B-187"", ""B-195"", ""B-196"", ""B-197"", ""B-199"", ""B-200""]"
B-129,gjensidige · Hund · ordinary: Avklar semantisk plassering før P1-dimensjoner materialiseres,NOT_SAFE_FOR_PARALLEL_EXECUTION,"[""B-022"", ""CR-149"", ""CR-159""]","[""lib/boat-pet-catalog.ts""]","[""lib/boat-pet-registry.ts""]","[""B-003"", ""B-008"", ""B-009"", ""B-010"", ""B-018"", ""B-022"", ""B-036"", ""B-038"", ""B-041"", ""B-048"", ""B-050"", ""B-053"", ""B-060"", ""B-062"", ""B-065"", ""B-070"", ""B-071"", ""B-072"", ""B-075"", ""B-077"", ""B-080"", ""B-087"", ""B-089"", ""B-091"", ""B-109"", ""B-110"", ""B-113"", ""B-116"", ""B-124"", ""B-125"", ""B-128"", ""B-132"", ""B-133"", ""B-141"", ""B-143"", ""B-144"", ""B-147"", ""B-148"", ""B-152"", ""B-153"", ""B-154"", ""B-155"", ""B-156"", ""B-157"", ""B-160"", ""B-162"", ""B-166"", ""B-175"", ""B-177"", ""B-178"", ""B-181"", ""B-182"", ""B-187"", ""B-195"", ""B-196"", ""B-197"", ""B-199"", ""B-200""]"
B-130,gjensidige · Hus · ordinary: Avklar semantisk plassering før P1-dimensjoner materialiseres,NOT_SAFE_FOR_PARALLEL_EXECUTION,"[""B-007"", ""B-020"", ""CR-224"", ""CR-226"", ""CR-228"", ""CR-229""]","[""lib/gjensidige-hus-catalog.ts""]","[""lib/insurance-normalization.ts""]","[""B-007"", ""B-015"", ""B-017"", ""B-019"", ""B-020"", ""B-021"", ""B-051"", ""B-102"", ""B-103"", ""B-105"", ""B-106"", ""B-107"", ""B-114"", ""B-115"", ""B-121"", ""B-122"", ""B-131"", ""B-135"", ""B-139"", ""B-145"", ""B-146"", ""B-149"", ""B-158"", ""B-163"", ""B-164"", ""B-165"", ""B-168"", ""B-173"", ""B-179"", ""B-180"", ""B-184""]"
B-131,gjensidige · Innbo · ordinary: Avklar semantisk plassering før P1-dimensjoner materialiseres,NOT_SAFE_FOR_PARALLEL_EXECUTION,"[""B-014"", ""CR-237"", ""CR-238"", ""CR-239"", ""CR-240"", ""CR-241"", ""CR-243"", ""CR-253"", ""CR-257"", ""CR-265"", ""CR-276""]","[""lib/gjensidige-innbo-catalog.ts""]","[""lib/insurance-normalization.ts""]","[""B-014"", ""B-015"", ""B-017"", ""B-019"", ""B-020"", ""B-021"", ""B-052"", ""B-102"", ""B-103"", ""B-105"", ""B-106"", ""B-107"", ""B-114"", ""B-115"", ""B-121"", ""B-122"", ""B-130"", ""B-135"", ""B-139"", ""B-145"", ""B-146"", ""B-149"", ""B-158"", ""B-163"", ""B-164"", ""B-165"", ""B-168"", ""B-173"", ""B-179"", ""B-180"", ""B-184""]"
B-132,gjensidige · Katt · ordinary: Avklar typegyldige nøkler og detaljkobling,NOT_SAFE_FOR_PARALLEL_EXECUTION,"[""B-022"", ""CR-288"", ""CR-293"", ""CR-294"", ""CR-295"", ""CR-309"", ""CR-315"", ""CR-317"", ""CR-321"", ""CR-322"", ""CR-324"", ""CR-326"", ""CR-329"", ""CR-335"", ""CR-337""]","[""lib/boat-pet-catalog.ts""]","[""lib/boat-pet-registry.ts""]","[""B-003"", ""B-008"", ""B-009"", ""B-010"", ""B-018"", ""B-022"", ""B-036"", ""B-038"", ""B-041"", ""B-048"", ""B-050"", ""B-053"", ""B-060"", ""B-062"", ""B-065"", ""B-070"", ""B-071"", ""B-072"", ""B-075"", ""B-077"", ""B-080"", ""B-087"", ""B-089"", ""B-091"", ""B-109"", ""B-110"", ""B-113"", ""B-116"", ""B-124"", ""B-125"", ""B-128"", ""B-129"", ""B-133"", ""B-141"", ""B-143"", ""B-144"", ""B-147"", ""B-148"", ""B-152"", ""B-153"", ""B-154"", ""B-155"", ""B-156"", ""B-157"", ""B-160"", ""B-162"", ""B-166"", ""B-175"", ""B-177"", ""B-178"", ""B-181"", ""B-182"", ""B-187"", ""B-195"", ""B-196"", ""B-197"", ""B-199"", ""B-200""]"
B-133,gjensidige · Katt · ordinary: Avklar semantisk plassering før P1-dimensjoner materialiseres,NOT_SAFE_FOR_PARALLEL_EXECUTION,"[""B-022"", ""CR-283"", ""CR-291""]","[""lib/boat-pet-catalog.ts""]","[""lib/boat-pet-registry.ts""]","[""B-003"", ""B-008"", ""B-009"", ""B-010"", ""B-018"", ""B-022"", ""B-036"", ""B-038"", ""B-041"", ""B-048"", ""B-050"", ""B-053"", ""B-060"", ""B-062"", ""B-065"", ""B-070"", ""B-071"", ""B-072"", ""B-075"", ""B-077"", ""B-080"", ""B-087"", ""B-089"", ""B-091"", ""B-109"", ""B-110"", ""B-113"", ""B-116"", ""B-124"", ""B-125"", ""B-128"", ""B-129"", ""B-132"", ""B-141"", ""B-143"", ""B-144"", ""B-147"", ""B-148"", ""B-152"", ""B-153"", ""B-154"", ""B-155"", ""B-156"", ""B-157"", ""B-160"", ""B-162"", ""B-166"", ""B-175"", ""B-177"", ""B-178"", ""B-181"", ""B-182"", ""B-187"", ""B-195"", ""B-196"", ""B-197"", ""B-199"", ""B-200""]"
B-134,gjensidige · MC · ordinary: Avklar semantisk plassering før P1-dimensjoner materialiseres,NOT_SAFE_FOR_PARALLEL_EXECUTION,"[""B-001"", ""CR-346"", ""CR-354"", ""CR-358"", ""CR-360"", ""CR-362"", ""CR-363"", ""CR-367"", ""CR-368"", ""CR-369""]","[""lib/mc-bobil-gjensidige-storebrand-catalog.ts""]","[""lib/mc-bobil-registry.ts""]","[""B-001"", ""B-012"", ""B-047"", ""B-054"", ""B-074"", ""B-081"", ""B-101"", ""B-104"", ""B-108"", ""B-117"", ""B-123"", ""B-140"", ""B-159"", ""B-167"", ""B-174"", ""B-183""]"
B-135,gjensidige · Reise · ordinary: Avklar semantisk plassering før P1-dimensjoner materialiseres,NOT_SAFE_FOR_PARALLEL_EXECUTION,"[""B-016"", ""CR-373"", ""CR-383"", ""CR-393"", ""CR-399"", ""CR-401"", ""CR-406""]","[""lib/gjensidige-reise-catalog.ts""]","[""lib/insurance-normalization.ts""]","[""B-015"", ""B-016"", ""B-017"", ""B-019"", ""B-020"", ""B-021"", ""B-055"", ""B-102"", ""B-103"", ""B-105"", ""B-106"", ""B-107"", ""B-114"", ""B-115"", ""B-121"", ""B-122"", ""B-130"", ""B-131"", ""B-139"", ""B-145"", ""B-146"", ""B-149"", ""B-158"", ""B-163"", ""B-164"", ""B-165"", ""B-168"", ""B-173"", ""B-179"", ""B-180"", ""B-184""]"
B-136,gjensidige · Snøscooter · ordinary: Avklar semantisk plassering før P1-dimensjoner materialiseres,NOT_SAFE_FOR_PARALLEL_EXECUTION,"[""CR-416"", ""CR-422"", ""CR-435"", ""CR-445""]","[""lib/vehicle-object-catalog.ts""]","[""lib/vehicle-object-registry.ts""]","[""B-024"", ""B-025"", ""B-026"", ""B-027"", ""B-037"", ""B-044"", ""B-045"", ""B-049"", ""B-056"", ""B-057"", ""B-061"", ""B-068"", ""B-069"", ""B-076"", ""B-083"", ""B-084"", ""B-088"", ""B-094"", ""B-095"", ""B-096"", ""B-097"", ""B-098"", ""B-099"", ""B-100"", ""B-111"", ""B-112"", ""B-118"", ""B-119"", ""B-120"", ""B-126"", ""B-127"", ""B-137"", ""B-138"", ""B-142"", ""B-150"", ""B-151"", ""B-161"", ""B-169"", ""B-170"", ""B-171"", ""B-172"", ""B-176"", ""B-185"", ""B-186"", ""B-188"", ""B-189"", ""B-194"", ""B-204""]"
B-137,gjensidige · Tilhenger · ordinary: Avklar typegyldige nøkler og detaljkobling,NOT_SAFE_FOR_PARALLEL_EXECUTION,"[""CR-453""]","[""lib/vehicle-object-catalog.ts""]","[""lib/vehicle-object-registry.ts""]","[""B-024"", ""B-025"", ""B-026"", ""B-027"", ""B-037"", ""B-044"", ""B-045"", ""B-049"", ""B-056"", ""B-057"", ""B-061"", ""B-068"", ""B-069"", ""B-076"", ""B-083"", ""B-084"", ""B-088"", ""B-094"", ""B-095"", ""B-096"", ""B-097"", ""B-098"", ""B-099"", ""B-100"", ""B-111"", ""B-112"", ""B-118"", ""B-119"", ""B-120"", ""B-126"", ""B-127"", ""B-136"", ""B-138"", ""B-142"", ""B-150"", ""B-151"", ""B-161"", ""B-169"", ""B-170"", ""B-171"", ""B-172"", ""B-176"", ""B-185"", ""B-186"", ""B-188"", ""B-189"", ""B-194"", ""B-204""]"
B-138,gjensidige · Tilhenger · ordinary: Avklar semantisk plassering før P1-dimensjoner materialiseres,NOT_SAFE_FOR_PARALLEL_EXECUTION,"[""CR-455""]","[""lib/vehicle-object-catalog.ts""]","[""lib/vehicle-object-registry.ts""]","[""B-024"", ""B-025"", ""B-026"", ""B-027"", ""B-037"", ""B-044"", ""B-045"", ""B-049"", ""B-056"", ""B-057"", ""B-061"", ""B-068"", ""B-069"", ""B-076"", ""B-083"", ""B-084"", ""B-088"", ""B-094"", ""B-095"", ""B-096"", ""B-097"", ""B-098"", ""B-099"", ""B-100"", ""B-111"", ""B-112"", ""B-118"", ""B-119"", ""B-120"", ""B-126"", ""B-127"", ""B-136"", ""B-137"", ""B-142"", ""B-150"", ""B-151"", ""B-161"", ""B-169"", ""B-170"", ""B-171"", ""B-172"", ""B-176"", ""B-185"", ""B-186"", ""B-188"", ""B-189"", ""B-194"", ""B-204""]"
B-139,if · Bil · ordinary: Avklar typegyldige nøkler og detaljkobling,NOT_SAFE_FOR_PARALLEL_EXECUTION,"[""CR-023"", ""CR-029"", ""CR-034""]","[""lib/if-catalog.ts""]","[""lib/insurance-normalization.ts""]","[""B-015"", ""B-017"", ""B-019"", ""B-020"", ""B-021"", ""B-058"", ""B-102"", ""B-103"", ""B-105"", ""B-106"", ""B-107"", ""B-114"", ""B-115"", ""B-121"", ""B-122"", ""B-130"", ""B-131"", ""B-135"", ""B-145"", ""B-146"", ""B-149"", ""B-158"", ""B-163"", ""B-164"", ""B-165"", ""B-168"", ""B-173"", ""B-179"", ""B-180"", ""B-184""]"
B-140,if · Bobil · ordinary: Avklar typegyldige nøkler og detaljkobling,NOT_SAFE_FOR_PARALLEL_EXECUTION,"[""CR-054""]","[""lib/mc-bobil-tryg-if-catalog.ts""]","[""lib/mc-bobil-registry.ts""]","[""B-059"", ""B-066"", ""B-086"", ""B-092"", ""B-101"", ""B-104"", ""B-108"", ""B-117"", ""B-123"", ""B-134"", ""B-159"", ""B-167"", ""B-174"", ""B-183"", ""B-198"", ""B-202""]"
B-141,if · Båt · ordinary: Avklar semantisk plassering før P1-dimensjoner materialiseres,NOT_SAFE_FOR_PARALLEL_EXECUTION,"[""B-003"", ""CR-077"", ""CR-098"", ""CR-110""]","[""lib/boat-pet-catalog.ts""]","[""lib/boat-pet-registry.ts""]","[""B-003"", ""B-008"", ""B-009"", ""B-010"", ""B-018"", ""B-022"", ""B-036"", ""B-038"", ""B-041"", ""B-048"", ""B-050"", ""B-053"", ""B-060"", ""B-062"", ""B-065"", ""B-070"", ""B-071"", ""B-072"", ""B-075"", ""B-077"", ""B-080"", ""B-087"", ""B-089"", ""B-091"", ""B-109"", ""B-110"", ""B-113"", ""B-116"", ""B-124"", ""B-125"", ""B-128"", ""B-129"", ""B-132"", ""B-133"", ""B-143"", ""B-144"", ""B-147"", ""B-148"", ""B-152"", ""B-153"", ""B-154"", ""B-155"", ""B-156"", ""B-157"", ""B-160"", ""B-162"", ""B-166"", ""B-175"", ""B-177"", ""B-178"", ""B-181"", ""B-182"", ""B-187"", ""B-195"", ""B-196"", ""B-197"", ""B-199"", ""B-200""]"
B-142,if · Campingvogn · ordinary: Avklar typegyldige nøkler og detaljkobling,NOT_SAFE_FOR_PARALLEL_EXECUTION,"[""B-024"", ""CR-136"", ""CR-137"", ""CR-139"", ""CR-145"", ""CR-146""]","[""lib/vehicle-object-catalog.ts""]","[""lib/vehicle-object-registry.ts""]","[""B-024"", ""B-025"", ""B-026"", ""B-027"", ""B-037"", ""B-044"", ""B-045"", ""B-049"", ""B-056"", ""B-057"", ""B-061"", ""B-068"", ""B-069"", ""B-076"", ""B-083"", ""B-084"", ""B-088"", ""B-094"", ""B-095"", ""B-096"", ""B-097"", ""B-098"", ""B-099"", ""B-100"", ""B-111"", ""B-112"", ""B-118"", ""B-119"", ""B-120"", ""B-126"", ""B-127"", ""B-136"", ""B-137"", ""B-138"", ""B-150"", ""B-151"", ""B-161"", ""B-169"", ""B-170"", ""B-171"", ""B-172"", ""B-176"", ""B-185"", ""B-186"", ""B-188"", ""B-189"", ""B-194"", ""B-204""]"
B-143,if · Hund · ordinary: Avklar typegyldige nøkler og detaljkobling,NOT_SAFE_FOR_PARALLEL_EXECUTION,"[""CR-157"", ""CR-163"", ""CR-172"", ""CR-175"", ""CR-193"", ""CR-198""]","[""lib/boat-pet-catalog.ts""]","[""lib/boat-pet-registry.ts""]","[""B-003"", ""B-008"", ""B-009"", ""B-010"", ""B-018"", ""B-022"", ""B-036"", ""B-038"", ""B-041"", ""B-048"", ""B-050"", ""B-053"", ""B-060"", ""B-062"", ""B-065"", ""B-070"", ""B-071"", ""B-072"", ""B-075"", ""B-077"", ""B-080"", ""B-087"", ""B-089"", ""B-091"", ""B-109"", ""B-110"", ""B-113"", ""B-116"", ""B-124"", ""B-125"", ""B-128"", ""B-129"", ""B-132"", ""B-133"", ""B-141"", ""B-144"", ""B-147"", ""B-148"", ""B-152"", ""B-153"", ""B-154"", ""B-155"", ""B-156"", ""B-157"", ""B-160"", ""B-162"", ""B-166"", ""B-175"", ""B-177"", ""B-178"", ""B-181"", ""B-182"", ""B-187"", ""B-195"", ""B-196"", ""B-197"", ""B-199"", ""B-200""]"
B-144,if · Hund · ordinary: Avklar semantisk plassering før P1-dimensjoner materialiseres,NOT_SAFE_FOR_PARALLEL_EXECUTION,"[""CR-178"", ""CR-204""]","[""lib/boat-pet-catalog.ts""]","[""lib/boat-pet-registry.ts""]","[""B-003"", ""B-008"", ""B-009"", ""B-010"", ""B-018"", ""B-022"", ""B-036"", ""B-038"", ""B-041"", ""B-048"", ""B-050"", ""B-053"", ""B-060"", ""B-062"", ""B-065"", ""B-070"", ""B-071"", ""B-072"", ""B-075"", ""B-077"", ""B-080"", ""B-087"", ""B-089"", ""B-091"", ""B-109"", ""B-110"", ""B-113"", ""B-116"", ""B-124"", ""B-125"", ""B-128"", ""B-129"", ""B-132"", ""B-133"", ""B-141"", ""B-143"", ""B-147"", ""B-148"", ""B-152"", ""B-153"", ""B-154"", ""B-155"", ""B-156"", ""B-157"", ""B-160"", ""B-162"", ""B-166"", ""B-175"", ""B-177"", ""B-178"", ""B-181"", ""B-182"", ""B-187"", ""B-195"", ""B-196"", ""B-197"", ""B-199"", ""B-200""]"
B-145,if · Hus · ordinary: Avklar typegyldige nøkler og detaljkobling,NOT_SAFE_FOR_PARALLEL_EXECUTION,"[""CR-225"", ""CR-227"", ""CR-235"", ""CR-236""]","[""lib/if-hus-catalog.ts""]","[""lib/insurance-normalization.ts""]","[""B-015"", ""B-017"", ""B-019"", ""B-020"", ""B-021"", ""B-063"", ""B-102"", ""B-103"", ""B-105"", ""B-106"", ""B-107"", ""B-114"", ""B-115"", ""B-121"", ""B-122"", ""B-130"", ""B-131"", ""B-135"", ""B-139"", ""B-146"", ""B-149"", ""B-158"", ""B-163"", ""B-164"", ""B-165"", ""B-168"", ""B-173"", ""B-179"", ""B-180"", ""B-184""]"
B-146,if · Innbo · ordinary: Avklar typegyldige nøkler og detaljkobling,NOT_SAFE_FOR_PARALLEL_EXECUTION,"[""CR-259"", ""CR-260"", ""CR-261"", ""CR-269"", ""CR-271"", ""CR-274""]","[""lib/if-innbo-catalog.ts""]","[""lib/insurance-normalization.ts""]","[""B-015"", ""B-017"", ""B-019"", ""B-020"", ""B-021"", ""B-064"", ""B-102"", ""B-103"", ""B-105"", ""B-106"", ""B-107"", ""B-114"", ""B-115"", ""B-121"", ""B-122"", ""B-130"", ""B-131"", ""B-135"", ""B-139"", ""B-145"", ""B-149"", ""B-158"", ""B-163"", ""B-164"", ""B-165"", ""B-168"", ""B-173"", ""B-179"", ""B-180"", ""B-184""]"
B-147,if · Katt · ordinary: Avklar typegyldige nøkler og detaljkobling,NOT_SAFE_FOR_PARALLEL_EXECUTION,"[""CR-289"", ""CR-302"", ""CR-318"", ""CR-323""]","[""lib/boat-pet-catalog.ts""]","[""lib/boat-pet-registry.ts""]","[""B-003"", ""B-008"", ""B-009"", ""B-010"", ""B-018"", ""B-022"", ""B-036"", ""B-038"", ""B-041"", ""B-048"", ""B-050"", ""B-053"", ""B-060"", ""B-062"", ""B-065"", ""B-070"", ""B-071"", ""B-072"", ""B-075"", ""B-077"", ""B-080"", ""B-087"", ""B-089"", ""B-091"", ""B-109"", ""B-110"", ""B-113"", ""B-116"", ""B-124"", ""B-125"", ""B-128"", ""B-129"", ""B-132"", ""B-133"", ""B-141"", ""B-143"", ""B-144"", ""B-148"", ""B-152"", ""B-153"", ""B-154"", ""B-155"", ""B-156"", ""B-157"", ""B-160"", ""B-162"", ""B-166"", ""B-175"", ""B-177"", ""B-178"", ""B-181"", ""B-182"", ""B-187"", ""B-195"", ""B-196"", ""B-197"", ""B-199"", ""B-200""]"
B-148,if · Katt · ordinary: Avklar semantisk plassering før P1-dimensjoner materialiseres,NOT_SAFE_FOR_PARALLEL_EXECUTION,"[""CR-306"", ""CR-328""]","[""lib/boat-pet-catalog.ts""]","[""lib/boat-pet-registry.ts""]","[""B-003"", ""B-008"", ""B-009"", ""B-010"", ""B-018"", ""B-022"", ""B-036"", ""B-038"", ""B-041"", ""B-048"", ""B-050"", ""B-053"", ""B-060"", ""B-062"", ""B-065"", ""B-070"", ""B-071"", ""B-072"", ""B-075"", ""B-077"", ""B-080"", ""B-087"", ""B-089"", ""B-091"", ""B-109"", ""B-110"", ""B-113"", ""B-116"", ""B-124"", ""B-125"", ""B-128"", ""B-129"", ""B-132"", ""B-133"", ""B-141"", ""B-143"", ""B-144"", ""B-147"", ""B-152"", ""B-153"", ""B-154"", ""B-155"", ""B-156"", ""B-157"", ""B-160"", ""B-162"", ""B-166"", ""B-175"", ""B-177"", ""B-178"", ""B-181"", ""B-182"", ""B-187"", ""B-195"", ""B-196"", ""B-197"", ""B-199"", ""B-200""]"
B-149,if · Reise · ordinary: Avklar typegyldige nøkler og detaljkobling,NOT_SAFE_FOR_PARALLEL_EXECUTION,"[""B-004"", ""CR-372"", ""CR-375"", ""CR-377"", ""CR-379"", ""CR-386"", ""CR-389"", ""CR-390"", ""CR-392"", ""CR-395"", ""CR-398"", ""CR-403"", ""CR-404"", ""CR-405"", ""CR-407""]","[""lib/if-reise-catalog.ts""]","[""lib/insurance-normalization.ts""]","[""B-004"", ""B-015"", ""B-017"", ""B-019"", ""B-020"", ""B-021"", ""B-067"", ""B-102"", ""B-103"", ""B-105"", ""B-106"", ""B-107"", ""B-114"", ""B-115"", ""B-121"", ""B-122"", ""B-130"", ""B-131"", ""B-135"", ""B-139"", ""B-145"", ""B-146"", ""B-158"", ""B-163"", ""B-164"", ""B-165"", ""B-168"", ""B-173"", ""B-179"", ""B-180"", ""B-184""]"
B-150,if · Snøscooter · ordinary: Avklar typegyldige nøkler og detaljkobling,NOT_SAFE_FOR_PARALLEL_EXECUTION,"[""CR-423"", ""CR-428"", ""CR-430"", ""CR-431""]","[""lib/vehicle-object-catalog.ts""]","[""lib/vehicle-object-registry.ts""]","[""B-024"", ""B-025"", ""B-026"", ""B-027"", ""B-037"", ""B-044"", ""B-045"", ""B-049"", ""B-056"", ""B-057"", ""B-061"", ""B-068"", ""B-069"", ""B-076"", ""B-083"", ""B-084"", ""B-088"", ""B-094"", ""B-095"", ""B-096"", ""B-097"", ""B-098"", ""B-099"", ""B-100"", ""B-111"", ""B-112"", ""B-118"", ""B-119"", ""B-120"", ""B-126"", ""B-127"", ""B-136"", ""B-137"", ""B-138"", ""B-142"", ""B-151"", ""B-161"", ""B-169"", ""B-170"", ""B-171"", ""B-172"", ""B-176"", ""B-185"", ""B-186"", ""B-188"", ""B-189"", ""B-194"", ""B-204""]"
B-151,if · Tilhenger · ordinary: Avklar typegyldige nøkler og detaljkobling,NOT_SAFE_FOR_PARALLEL_EXECUTION,"[""CR-451"", ""CR-468""]","[""lib/vehicle-object-catalog.ts""]","[""lib/vehicle-object-registry.ts""]","[""B-024"", ""B-025"", ""B-026"", ""B-027"", ""B-037"", ""B-044"", ""B-045"", ""B-049"", ""B-056"", ""B-057"", ""B-061"", ""B-068"", ""B-069"", ""B-076"", ""B-083"", ""B-084"", ""B-088"", ""B-094"", ""B-095"", ""B-096"", ""B-097"", ""B-098"", ""B-099"", ""B-100"", ""B-111"", ""B-112"", ""B-118"", ""B-119"", ""B-120"", ""B-126"", ""B-127"", ""B-136"", ""B-137"", ""B-138"", ""B-142"", ""B-150"", ""B-161"", ""B-169"", ""B-170"", ""B-171"", ""B-172"", ""B-176"", ""B-185"", ""B-186"", ""B-188"", ""B-189"", ""B-194"", ""B-204""]"
B-152,sparebank1-fremtind · Båt · ordinary: Avklar typegyldige nøkler og detaljkobling,NOT_SAFE_FOR_PARALLEL_EXECUTION,"[""CR-073"", ""CR-081"", ""CR-107"", ""CR-108"", ""CR-113""]","[""lib/boat-pet-catalog.ts""]","[""lib/boat-pet-registry.ts""]","[""B-003"", ""B-008"", ""B-009"", ""B-010"", ""B-018"", ""B-022"", ""B-036"", ""B-038"", ""B-041"", ""B-048"", ""B-050"", ""B-053"", ""B-060"", ""B-062"", ""B-065"", ""B-070"", ""B-071"", ""B-072"", ""B-075"", ""B-077"", ""B-080"", ""B-087"", ""B-089"", ""B-091"", ""B-109"", ""B-110"", ""B-113"", ""B-116"", ""B-124"", ""B-125"", ""B-128"", ""B-129"", ""B-132"", ""B-133"", ""B-141"", ""B-143"", ""B-144"", ""B-147"", ""B-148"", ""B-153"", ""B-154"", ""B-155"", ""B-156"", ""B-157"", ""B-160"", ""B-162"", ""B-166"", ""B-175"", ""B-177"", ""B-178"", ""B-181"", ""B-182"", ""B-187"", ""B-195"", ""B-196"", ""B-197"", ""B-199"", ""B-200""]"
B-153,sparebank1-fremtind · Båt · ordinary: Avklar semantisk plassering før P1-dimensjoner materialiseres,NOT_SAFE_FOR_PARALLEL_EXECUTION,"[""CR-063"", ""CR-064"", ""CR-076"", ""CR-086"", ""CR-104""]","[""lib/boat-pet-catalog.ts""]","[""lib/boat-pet-registry.ts""]","[""B-003"", ""B-008"", ""B-009"", ""B-010"", ""B-018"", ""B-022"", ""B-036"", ""B-038"", ""B-041"", ""B-048"", ""B-050"", ""B-053"", ""B-060"", ""B-062"", ""B-065"", ""B-070"", ""B-071"", ""B-072"", ""B-075"", ""B-077"", ""B-080"", ""B-087"", ""B-089"", ""B-091"", ""B-109"", ""B-110"", ""B-113"", ""B-116"", ""B-124"", ""B-125"", ""B-128"", ""B-129"", ""B-132"", ""B-133"", ""B-141"", ""B-143"", ""B-144"", ""B-147"", ""B-148"", ""B-152"", ""B-154"", ""B-155"", ""B-156"", ""B-157"", ""B-160"", ""B-162"", ""B-166"", ""B-175"", ""B-177"", ""B-178"", ""B-181"", ""B-182"", ""B-187"", ""B-195"", ""B-196"", ""B-197"", ""B-199"", ""B-200""]"
B-154,sparebank1-fremtind · Hund · ordinary: Avklar typegyldige nøkler og detaljkobling,NOT_SAFE_FOR_PARALLEL_EXECUTION,"[""B-009"", ""B-010"", ""CR-170"", ""CR-182"", ""CR-185""]","[""lib/boat-pet-catalog.ts""]","[""lib/boat-pet-registry.ts""]","[""B-003"", ""B-008"", ""B-009"", ""B-010"", ""B-018"", ""B-022"", ""B-036"", ""B-038"", ""B-041"", ""B-048"", ""B-050"", ""B-053"", ""B-060"", ""B-062"", ""B-065"", ""B-070"", ""B-071"", ""B-072"", ""B-075"", ""B-077"", ""B-080"", ""B-087"", ""B-089"", ""B-091"", ""B-109"", ""B-110"", ""B-113"", ""B-116"", ""B-124"", ""B-125"", ""B-128"", ""B-129"", ""B-132"", ""B-133"", ""B-141"", ""B-143"", ""B-144"", ""B-147"", ""B-148"", ""B-152"", ""B-153"", ""B-155"", ""B-156"", ""B-157"", ""B-160"", ""B-162"", ""B-166"", ""B-175"", ""B-177"", ""B-178"", ""B-181"", ""B-182"", ""B-187"", ""B-195"", ""B-196"", ""B-197"", ""B-199"", ""B-200""]"
B-155,sparebank1-fremtind · Hund · ordinary: Avklar semantisk plassering før P1-dimensjoner materialiseres,NOT_SAFE_FOR_PARALLEL_EXECUTION,"[""B-009"", ""B-010"", ""CR-151"", ""CR-153"", ""CR-180"", ""CR-181"", ""CR-189"", ""CR-201"", ""CR-216""]","[""lib/boat-pet-catalog.ts""]","[""lib/boat-pet-registry.ts""]","[""B-003"", ""B-008"", ""B-009"", ""B-010"", ""B-018"", ""B-022"", ""B-036"", ""B-038"", ""B-041"", ""B-048"", ""B-050"", ""B-053"", ""B-060"", ""B-062"", ""B-065"", ""B-070"", ""B-071"", ""B-072"", ""B-075"", ""B-077"", ""B-080"", ""B-087"", ""B-089"", ""B-091"", ""B-109"", ""B-110"", ""B-113"", ""B-116"", ""B-124"", ""B-125"", ""B-128"", ""B-129"", ""B-132"", ""B-133"", ""B-141"", ""B-143"", ""B-144"", ""B-147"", ""B-148"", ""B-152"", ""B-153"", ""B-154"", ""B-156"", ""B-157"", ""B-160"", ""B-162"", ""B-166"", ""B-175"", ""B-177"", ""B-178"", ""B-181"", ""B-182"", ""B-187"", ""B-195"", ""B-196"", ""B-197"", ""B-199"", ""B-200""]"
B-156,sparebank1-fremtind · Katt · ordinary: Avklar typegyldige nøkler og detaljkobling,NOT_SAFE_FOR_PARALLEL_EXECUTION,"[""CR-300"", ""CR-310"", ""CR-314""]","[""lib/boat-pet-catalog.ts""]","[""lib/boat-pet-registry.ts""]","[""B-003"", ""B-008"", ""B-009"", ""B-010"", ""B-018"", ""B-022"", ""B-036"", ""B-038"", ""B-041"", ""B-048"", ""B-050"", ""B-053"", ""B-060"", ""B-062"", ""B-065"", ""B-070"", ""B-071"", ""B-072"", ""B-075"", ""B-077"", ""B-080"", ""B-087"", ""B-089"", ""B-091"", ""B-109"", ""B-110"", ""B-113"", ""B-116"", ""B-124"", ""B-125"", ""B-128"", ""B-129"", ""B-132"", ""B-133"", ""B-141"", ""B-143"", ""B-144"", ""B-147"", ""B-148"", ""B-152"", ""B-153"", ""B-154"", ""B-155"", ""B-157"", ""B-160"", ""B-162"", ""B-166"", ""B-175"", ""B-177"", ""B-178"", ""B-181"", ""B-182"", ""B-187"", ""B-195"", ""B-196"", ""B-197"", ""B-199"", ""B-200""]"
B-157,sparebank1-fremtind · Katt · ordinary: Avklar semantisk plassering før P1-dimensjoner materialiseres,NOT_SAFE_FOR_PARALLEL_EXECUTION,"[""CR-285"", ""CR-312"", ""CR-313"", ""CR-316"", ""CR-325"", ""CR-338""]","[""lib/boat-pet-catalog.ts""]","[""lib/boat-pet-registry.ts""]","[""B-003"", ""B-008"", ""B-009"", ""B-010"", ""B-018"", ""B-022"", ""B-036"", ""B-038"", ""B-041"", ""B-048"", ""B-050"", ""B-053"", ""B-060"", ""B-062"", ""B-065"", ""B-070"", ""B-071"", ""B-072"", ""B-075"", ""B-077"", ""B-080"", ""B-087"", ""B-089"", ""B-091"", ""B-109"", ""B-110"", ""B-113"", ""B-116"", ""B-124"", ""B-125"", ""B-128"", ""B-129"", ""B-132"", ""B-133"", ""B-141"", ""B-143"", ""B-144"", ""B-147"", ""B-148"", ""B-152"", ""B-153"", ""B-154"", ""B-155"", ""B-156"", ""B-160"", ""B-162"", ""B-166"", ""B-175"", ""B-177"", ""B-178"", ""B-181"", ""B-182"", ""B-187"", ""B-195"", ""B-196"", ""B-197"", ""B-199"", ""B-200""]"
B-158,storebrand · Bil · ordinary: Avklar semantisk plassering før P1-dimensjoner materialiseres,NOT_SAFE_FOR_PARALLEL_EXECUTION,"[""CR-001"", ""CR-002"", ""CR-004"", ""CR-009"", ""CR-014"", ""CR-019"", ""CR-027"", ""CR-028"", ""CR-031""]","[""lib/storebrand-catalog.ts""]","[""lib/insurance-normalization.ts""]","[""B-015"", ""B-017"", ""B-019"", ""B-020"", ""B-021"", ""B-073"", ""B-102"", ""B-103"", ""B-105"", ""B-106"", ""B-107"", ""B-114"", ""B-115"", ""B-121"", ""B-122"", ""B-130"", ""B-131"", ""B-135"", ""B-139"", ""B-145"", ""B-146"", ""B-149"", ""B-163"", ""B-164"", ""B-165"", ""B-168"", ""B-173"", ""B-179"", ""B-180"", ""B-184""]"
B-159,storebrand · Bobil · ordinary: Avklar semantisk plassering før P1-dimensjoner materialiseres,NOT_SAFE_FOR_PARALLEL_EXECUTION,"[""CR-035"", ""CR-036"", ""CR-037"", ""CR-040"", ""CR-044"", ""CR-047"", ""CR-053"", ""CR-056""]","[""lib/mc-bobil-gjensidige-storebrand-catalog.ts""]","[""lib/mc-bobil-registry.ts""]","[""B-001"", ""B-012"", ""B-047"", ""B-054"", ""B-074"", ""B-081"", ""B-101"", ""B-104"", ""B-108"", ""B-117"", ""B-123"", ""B-134"", ""B-140"", ""B-167"", ""B-174"", ""B-183""]"
B-160,storebrand · Båt · ordinary: Avklar semantisk plassering før P1-dimensjoner materialiseres,NOT_SAFE_FOR_PARALLEL_EXECUTION,"[""B-008"", ""CR-062"", ""CR-069"", ""CR-091"", ""CR-096"", ""CR-100"", ""CR-103"", ""CR-105"", ""CR-106""]","[""lib/boat-pet-catalog.ts""]","[""lib/boat-pet-registry.ts""]","[""B-003"", ""B-008"", ""B-009"", ""B-010"", ""B-018"", ""B-022"", ""B-036"", ""B-038"", ""B-041"", ""B-048"", ""B-050"", ""B-053"", ""B-060"", ""B-062"", ""B-065"", ""B-070"", ""B-071"", ""B-072"", ""B-075"", ""B-077"", ""B-080"", ""B-087"", ""B-089"", ""B-091"", ""B-109"", ""B-110"", ""B-113"", ""B-116"", ""B-124"", ""B-125"", ""B-128"", ""B-129"", ""B-132"", ""B-133"", ""B-141"", ""B-143"", ""B-144"", ""B-147"", ""B-148"", ""B-152"", ""B-153"", ""B-154"", ""B-155"", ""B-156"", ""B-157"", ""B-162"", ""B-166"", ""B-175"", ""B-177"", ""B-178"", ""B-181"", ""B-182"", ""B-187"", ""B-195"", ""B-196"", ""B-197"", ""B-199"", ""B-200""]"
B-161,storebrand · Campingvogn · ordinary: Avklar semantisk plassering før P1-dimensjoner materialiseres,NOT_SAFE_FOR_PARALLEL_EXECUTION,"[""CR-115"", ""CR-117"", ""CR-118"", ""CR-125"", ""CR-127"", ""CR-130"", ""CR-131"", ""CR-133"", ""CR-143"", ""CR-144""]","[""lib/vehicle-object-catalog.ts""]","[""lib/vehicle-object-registry.ts""]","[""B-024"", ""B-025"", ""B-026"", ""B-027"", ""B-037"", ""B-044"", ""B-045"", ""B-049"", ""B-056"", ""B-057"", ""B-061"", ""B-068"", ""B-069"", ""B-076"", ""B-083"", ""B-084"", ""B-088"", ""B-094"", ""B-095"", ""B-096"", ""B-097"", ""B-098"", ""B-099"", ""B-100"", ""B-111"", ""B-112"", ""B-118"", ""B-119"", ""B-120"", ""B-126"", ""B-127"", ""B-136"", ""B-137"", ""B-138"", ""B-142"", ""B-150"", ""B-151"", ""B-169"", ""B-170"", ""B-171"", ""B-172"", ""B-176"", ""B-185"", ""B-186"", ""B-188"", ""B-189"", ""B-194"", ""B-204""]"
B-162,storebrand · Hund · ordinary: Avklar semantisk plassering før P1-dimensjoner materialiseres,NOT_SAFE_FOR_PARALLEL_EXECUTION,"[""CR-148"", ""CR-152"", ""CR-155"", ""CR-166"", ""CR-167"", ""CR-168"", ""CR-173"", ""CR-174"", ""CR-177"", ""CR-179"", ""CR-214"", ""CR-217"", ""CR-218"", ""CR-219"", ""CR-220""]","[""lib/boat-pet-catalog.ts""]","[""lib/boat-pet-registry.ts""]","[""B-003"", ""B-008"", ""B-009"", ""B-010"", ""B-018"", ""B-022"", ""B-036"", ""B-038"", ""B-041"", ""B-048"", ""B-050"", ""B-053"", ""B-060"", ""B-062"", ""B-065"", ""B-070"", ""B-071"", ""B-072"", ""B-075"", ""B-077"", ""B-080"", ""B-087"", ""B-089"", ""B-091"", ""B-109"", ""B-110"", ""B-113"", ""B-116"", ""B-124"", ""B-125"", ""B-128"", ""B-129"", ""B-132"", ""B-133"", ""B-141"", ""B-143"", ""B-144"", ""B-147"", ""B-148"", ""B-152"", ""B-153"", ""B-154"", ""B-155"", ""B-156"", ""B-157"", ""B-160"", ""B-166"", ""B-175"", ""B-177"", ""B-178"", ""B-181"", ""B-182"", ""B-187"", ""B-195"", ""B-196"", ""B-197"", ""B-199"", ""B-200""]"
B-163,storebrand · Hus · ordinary: Avklar semantisk plassering før P1-dimensjoner materialiseres,NOT_SAFE_FOR_PARALLEL_EXECUTION,"[""B-013"", ""CR-232"", ""CR-233"", ""CR-234""]","[""lib/storebrand-hus-catalog.ts""]","[""lib/insurance-normalization.ts""]","[""B-013"", ""B-015"", ""B-017"", ""B-019"", ""B-020"", ""B-021"", ""B-078"", ""B-102"", ""B-103"", ""B-105"", ""B-106"", ""B-107"", ""B-114"", ""B-115"", ""B-121"", ""B-122"", ""B-130"", ""B-131"", ""B-135"", ""B-139"", ""B-145"", ""B-146"", ""B-149"", ""B-158"", ""B-164"", ""B-165"", ""B-168"", ""B-173"", ""B-179"", ""B-180"", ""B-184""]"
B-164,storebrand · Innbo · ordinary: Avklar typegyldige nøkler og detaljkobling,NOT_SAFE_FOR_PARALLEL_EXECUTION,"[""B-005"", ""CR-244"", ""CR-250"", ""CR-266"", ""CR-279""]","[""lib/storebrand-innbo-catalog.ts""]","[""lib/insurance-normalization.ts""]","[""B-005"", ""B-015"", ""B-017"", ""B-019"", ""B-020"", ""B-021"", ""B-079"", ""B-102"", ""B-103"", ""B-105"", ""B-106"", ""B-107"", ""B-114"", ""B-115"", ""B-121"", ""B-122"", ""B-130"", ""B-131"", ""B-135"", ""B-139"", ""B-145"", ""B-146"", ""B-149"", ""B-158"", ""B-163"", ""B-165"", ""B-168"", ""B-173"", ""B-179"", ""B-180"", ""B-184""]"
B-165,storebrand · Innbo · ordinary: Avklar semantisk plassering før P1-dimensjoner materialiseres,NOT_SAFE_FOR_PARALLEL_EXECUTION,"[""B-005"", ""CR-246"", ""CR-248"", ""CR-249"", ""CR-251"", ""CR-252"", ""CR-255"", ""CR-256"", ""CR-267"", ""CR-268"", ""CR-270"", ""CR-273"", ""CR-277"", ""CR-278""]","[""lib/storebrand-innbo-catalog.ts""]","[""lib/insurance-normalization.ts""]","[""B-005"", ""B-015"", ""B-017"", ""B-019"", ""B-020"", ""B-021"", ""B-079"", ""B-102"", ""B-103"", ""B-105"", ""B-106"", ""B-107"", ""B-114"", ""B-115"", ""B-121"", ""B-122"", ""B-130"", ""B-131"", ""B-135"", ""B-139"", ""B-145"", ""B-146"", ""B-149"", ""B-158"", ""B-163"", ""B-164"", ""B-168"", ""B-173"", ""B-179"", ""B-180"", ""B-184""]"
B-166,storebrand · Katt · ordinary: Avklar semantisk plassering før P1-dimensjoner materialiseres,NOT_SAFE_FOR_PARALLEL_EXECUTION,"[""CR-282"", ""CR-284"", ""CR-287"", ""CR-296"", ""CR-297"", ""CR-298"", ""CR-303"", ""CR-305"", ""CR-307"", ""CR-327"", ""CR-339"", ""CR-340"", ""CR-341"", ""CR-342""]","[""lib/boat-pet-catalog.ts""]","[""lib/boat-pet-registry.ts""]","[""B-003"", ""B-008"", ""B-009"", ""B-010"", ""B-018"", ""B-022"", ""B-036"", ""B-038"", ""B-041"", ""B-048"", ""B-050"", ""B-053"", ""B-060"", ""B-062"", ""B-065"", ""B-070"", ""B-071"", ""B-072"", ""B-075"", ""B-077"", ""B-080"", ""B-087"", ""B-089"", ""B-091"", ""B-109"", ""B-110"", ""B-113"", ""B-116"", ""B-124"", ""B-125"", ""B-128"", ""B-129"", ""B-132"", ""B-133"", ""B-141"", ""B-143"", ""B-144"", ""B-147"", ""B-148"", ""B-152"", ""B-153"", ""B-154"", ""B-155"", ""B-156"", ""B-157"", ""B-160"", ""B-162"", ""B-175"", ""B-177"", ""B-178"", ""B-181"", ""B-182"", ""B-187"", ""B-195"", ""B-196"", ""B-197"", ""B-199"", ""B-200""]"
B-167,storebrand · MC · ordinary: Avklar semantisk plassering før P1-dimensjoner materialiseres,NOT_SAFE_FOR_PARALLEL_EXECUTION,"[""CR-344"", ""CR-347"", ""CR-349"", ""CR-351"", ""CR-356"", ""CR-361"", ""CR-364"", ""CR-365"", ""CR-366""]","[""lib/mc-bobil-gjensidige-storebrand-catalog.ts""]","[""lib/mc-bobil-registry.ts""]","[""B-001"", ""B-012"", ""B-047"", ""B-054"", ""B-074"", ""B-081"", ""B-101"", ""B-104"", ""B-108"", ""B-117"", ""B-123"", ""B-134"", ""B-140"", ""B-159"", ""B-174"", ""B-183""]"
B-168,storebrand · Reise · ordinary: Avklar semantisk plassering før P1-dimensjoner materialiseres,NOT_SAFE_FOR_PARALLEL_EXECUTION,"[""B-019"", ""B-021"", ""CR-378"", ""CR-385"", ""CR-388"", ""CR-400"", ""CR-402"", ""CR-408"", ""CR-410"", ""CR-411""]","[""lib/storebrand-reise-catalog.ts""]","[""lib/insurance-normalization.ts""]","[""B-015"", ""B-017"", ""B-019"", ""B-020"", ""B-021"", ""B-082"", ""B-102"", ""B-103"", ""B-105"", ""B-106"", ""B-107"", ""B-114"", ""B-115"", ""B-121"", ""B-122"", ""B-130"", ""B-131"", ""B-135"", ""B-139"", ""B-145"", ""B-146"", ""B-149"", ""B-158"", ""B-163"", ""B-164"", ""B-165"", ""B-173"", ""B-179"", ""B-180"", ""B-184""]"
B-169,storebrand · Snøscooter · ordinary: Avklar typegyldige nøkler og detaljkobling,NOT_SAFE_FOR_PARALLEL_EXECUTION,"[""CR-415""]","[""lib/vehicle-object-catalog.ts""]","[""lib/vehicle-object-registry.ts""]","[""B-024"", ""B-025"", ""B-026"", ""B-027"", ""B-037"", ""B-044"", ""B-045"", ""B-049"", ""B-056"", ""B-057"", ""B-061"", ""B-068"", ""B-069"", ""B-076"", ""B-083"", ""B-084"", ""B-088"", ""B-094"", ""B-095"", ""B-096"", ""B-097"", ""B-098"", ""B-099"", ""B-100"", ""B-111"", ""B-112"", ""B-118"", ""B-119"", ""B-120"", ""B-126"", ""B-127"", ""B-136"", ""B-137"", ""B-138"", ""B-142"", ""B-150"", ""B-151"", ""B-161"", ""B-170"", ""B-171"", ""B-172"", ""B-176"", ""B-185"", ""B-186"", ""B-188"", ""B-189"", ""B-194"", ""B-204""]"
B-170,storebrand · Snøscooter · ordinary: Avklar semantisk plassering før P1-dimensjoner materialiseres,NOT_SAFE_FOR_PARALLEL_EXECUTION,"[""CR-413"", ""CR-417"", ""CR-420"", ""CR-426"", ""CR-432"", ""CR-437"", ""CR-438"", ""CR-440"", ""CR-444""]","[""lib/vehicle-object-catalog.ts""]","[""lib/vehicle-object-registry.ts""]","[""B-024"", ""B-025"", ""B-026"", ""B-027"", ""B-037"", ""B-044"", ""B-045"", ""B-049"", ""B-056"", ""B-057"", ""B-061"", ""B-068"", ""B-069"", ""B-076"", ""B-083"", ""B-084"", ""B-088"", ""B-094"", ""B-095"", ""B-096"", ""B-097"", ""B-098"", ""B-099"", ""B-100"", ""B-111"", ""B-112"", ""B-118"", ""B-119"", ""B-120"", ""B-126"", ""B-127"", ""B-136"", ""B-137"", ""B-138"", ""B-142"", ""B-150"", ""B-151"", ""B-161"", ""B-169"", ""B-171"", ""B-172"", ""B-176"", ""B-185"", ""B-186"", ""B-188"", ""B-189"", ""B-194"", ""B-204""]"
B-171,storebrand · Tilhenger · ordinary: Avklar typegyldige nøkler og detaljkobling,NOT_SAFE_FOR_PARALLEL_EXECUTION,"[""CR-454""]","[""lib/vehicle-object-catalog.ts""]","[""lib/vehicle-object-registry.ts""]","[""B-024"", ""B-025"", ""B-026"", ""B-027"", ""B-037"", ""B-044"", ""B-045"", ""B-049"", ""B-056"", ""B-057"", ""B-061"", ""B-068"", ""B-069"", ""B-076"", ""B-083"", ""B-084"", ""B-088"", ""B-094"", ""B-095"", ""B-096"", ""B-097"", ""B-098"", ""B-099"", ""B-100"", ""B-111"", ""B-112"", ""B-118"", ""B-119"", ""B-120"", ""B-126"", ""B-127"", ""B-136"", ""B-137"", ""B-138"", ""B-142"", ""B-150"", ""B-151"", ""B-161"", ""B-169"", ""B-170"", ""B-172"", ""B-176"", ""B-185"", ""B-186"", ""B-188"", ""B-189"", ""B-194"", ""B-204""]"
B-172,storebrand · Tilhenger · ordinary: Avklar semantisk plassering før P1-dimensjoner materialiseres,NOT_SAFE_FOR_PARALLEL_EXECUTION,"[""CR-447"", ""CR-448"", ""CR-457"", ""CR-459"", ""CR-462"", ""CR-463"", ""CR-464"", ""CR-466"", ""CR-467""]","[""lib/vehicle-object-catalog.ts""]","[""lib/vehicle-object-registry.ts""]","[""B-024"", ""B-025"", ""B-026"", ""B-027"", ""B-037"", ""B-044"", ""B-045"", ""B-049"", ""B-056"", ""B-057"", ""B-061"", ""B-068"", ""B-069"", ""B-076"", ""B-083"", ""B-084"", ""B-088"", ""B-094"", ""B-095"", ""B-096"", ""B-097"", ""B-098"", ""B-099"", ""B-100"", ""B-111"", ""B-112"", ""B-118"", ""B-119"", ""B-120"", ""B-126"", ""B-127"", ""B-136"", ""B-137"", ""B-138"", ""B-142"", ""B-150"", ""B-151"", ""B-161"", ""B-169"", ""B-170"", ""B-171"", ""B-176"", ""B-185"", ""B-186"", ""B-188"", ""B-189"", ""B-194"", ""B-204""]"
B-173,tryg · Bil · ordinary: Avklar typegyldige nøkler og detaljkobling,NOT_SAFE_FOR_PARALLEL_EXECUTION,"[""CR-011"", ""CR-026""]","[""lib/tryg-catalog.ts""]","[""lib/insurance-normalization.ts""]","[""B-015"", ""B-017"", ""B-019"", ""B-020"", ""B-021"", ""B-085"", ""B-102"", ""B-103"", ""B-105"", ""B-106"", ""B-107"", ""B-114"", ""B-115"", ""B-121"", ""B-122"", ""B-130"", ""B-131"", ""B-135"", ""B-139"", ""B-145"", ""B-146"", ""B-149"", ""B-158"", ""B-163"", ""B-164"", ""B-165"", ""B-168"", ""B-179"", ""B-180"", ""B-184""]"
B-174,tryg · Bobil · ordinary: Avklar typegyldige nøkler og detaljkobling,NOT_SAFE_FOR_PARALLEL_EXECUTION,"[""CR-042""]","[""lib/mc-bobil-tryg-if-catalog.ts""]","[""lib/mc-bobil-registry.ts""]","[""B-059"", ""B-066"", ""B-086"", ""B-092"", ""B-101"", ""B-104"", ""B-108"", ""B-117"", ""B-123"", ""B-134"", ""B-140"", ""B-159"", ""B-167"", ""B-183"", ""B-198"", ""B-202""]"
B-175,tryg · Båt · ordinary: Avklar typegyldige nøkler og detaljkobling,NOT_SAFE_FOR_PARALLEL_EXECUTION,"[""CR-066"", ""CR-067"", ""CR-078"", ""CR-082"", ""CR-085"", ""CR-102"", ""CR-112""]","[""lib/boat-pet-catalog.ts""]","[""lib/boat-pet-registry.ts""]","[""B-003"", ""B-008"", ""B-009"", ""B-010"", ""B-018"", ""B-022"", ""B-036"", ""B-038"", ""B-041"", ""B-048"", ""B-050"", ""B-053"", ""B-060"", ""B-062"", ""B-065"", ""B-070"", ""B-071"", ""B-072"", ""B-075"", ""B-077"", ""B-080"", ""B-087"", ""B-089"", ""B-091"", ""B-109"", ""B-110"", ""B-113"", ""B-116"", ""B-124"", ""B-125"", ""B-128"", ""B-129"", ""B-132"", ""B-133"", ""B-141"", ""B-143"", ""B-144"", ""B-147"", ""B-148"", ""B-152"", ""B-153"", ""B-154"", ""B-155"", ""B-156"", ""B-157"", ""B-160"", ""B-162"", ""B-166"", ""B-177"", ""B-178"", ""B-181"", ""B-182"", ""B-187"", ""B-195"", ""B-196"", ""B-197"", ""B-199"", ""B-200""]"
B-176,tryg · Campingvogn · ordinary: Avklar typegyldige nøkler og detaljkobling,NOT_SAFE_FOR_PARALLEL_EXECUTION,"[""CR-121"", ""CR-123"", ""CR-129"", ""CR-138"", ""CR-147""]","[""lib/vehicle-object-catalog.ts""]","[""lib/vehicle-object-registry.ts""]","[""B-024"", ""B-025"", ""B-026"", ""B-027"", ""B-037"", ""B-044"", ""B-045"", ""B-049"", ""B-056"", ""B-057"", ""B-061"", ""B-068"", ""B-069"", ""B-076"", ""B-083"", ""B-084"", ""B-088"", ""B-094"", ""B-095"", ""B-096"", ""B-097"", ""B-098"", ""B-099"", ""B-100"", ""B-111"", ""B-112"", ""B-118"", ""B-119"", ""B-120"", ""B-126"", ""B-127"", ""B-136"", ""B-137"", ""B-138"", ""B-142"", ""B-150"", ""B-151"", ""B-161"", ""B-169"", ""B-170"", ""B-171"", ""B-172"", ""B-185"", ""B-186"", ""B-188"", ""B-189"", ""B-194"", ""B-204""]"
B-177,tryg · Hund · ordinary: Avklar typegyldige nøkler og detaljkobling,NOT_SAFE_FOR_PARALLEL_EXECUTION,"[""CR-158"", ""CR-164"", ""CR-165"", ""CR-171"", ""CR-194"", ""CR-195"", ""CR-213""]","[""lib/boat-pet-catalog.ts""]","[""lib/boat-pet-registry.ts""]","[""B-003"", ""B-008"", ""B-009"", ""B-010"", ""B-018"", ""B-022"", ""B-036"", ""B-038"", ""B-041"", ""B-048"", ""B-050"", ""B-053"", ""B-060"", ""B-062"", ""B-065"", ""B-070"", ""B-071"", ""B-072"", ""B-075"", ""B-077"", ""B-080"", ""B-087"", ""B-089"", ""B-091"", ""B-109"", ""B-110"", ""B-113"", ""B-116"", ""B-124"", ""B-125"", ""B-128"", ""B-129"", ""B-132"", ""B-133"", ""B-141"", ""B-143"", ""B-144"", ""B-147"", ""B-148"", ""B-152"", ""B-153"", ""B-154"", ""B-155"", ""B-156"", ""B-157"", ""B-160"", ""B-162"", ""B-166"", ""B-175"", ""B-178"", ""B-181"", ""B-182"", ""B-187"", ""B-195"", ""B-196"", ""B-197"", ""B-199"", ""B-200""]"
B-178,tryg · Hund · ordinary: Avklar semantisk plassering før P1-dimensjoner materialiseres,NOT_SAFE_FOR_PARALLEL_EXECUTION,"[""CR-169""]","[""lib/boat-pet-catalog.ts""]","[""lib/boat-pet-registry.ts""]","[""B-003"", ""B-008"", ""B-009"", ""B-010"", ""B-018"", ""B-022"", ""B-036"", ""B-038"", ""B-041"", ""B-048"", ""B-050"", ""B-053"", ""B-060"", ""B-062"", ""B-065"", ""B-070"", ""B-071"", ""B-072"", ""B-075"", ""B-077"", ""B-080"", ""B-087"", ""B-089"", ""B-091"", ""B-109"", ""B-110"", ""B-113"", ""B-116"", ""B-124"", ""B-125"", ""B-128"", ""B-129"", ""B-132"", ""B-133"", ""B-141"", ""B-143"", ""B-144"", ""B-147"", ""B-148"", ""B-152"", ""B-153"", ""B-154"", ""B-155"", ""B-156"", ""B-157"", ""B-160"", ""B-162"", ""B-166"", ""B-175"", ""B-177"", ""B-181"", ""B-182"", ""B-187"", ""B-195"", ""B-196"", ""B-197"", ""B-199"", ""B-200""]"
B-179,tryg · Innbo · ordinary: Avklar typegyldige nøkler og detaljkobling,NOT_SAFE_FOR_PARALLEL_EXECUTION,"[""B-011"", ""B-015"", ""CR-247"", ""CR-258"", ""CR-262"", ""CR-272""]","[""lib/tryg-innbo-catalog.ts""]","[""lib/insurance-normalization.ts""]","[""B-011"", ""B-015"", ""B-017"", ""B-019"", ""B-020"", ""B-021"", ""B-090"", ""B-102"", ""B-103"", ""B-105"", ""B-106"", ""B-107"", ""B-114"", ""B-115"", ""B-121"", ""B-122"", ""B-130"", ""B-131"", ""B-135"", ""B-139"", ""B-145"", ""B-146"", ""B-149"", ""B-158"", ""B-163"", ""B-164"", ""B-165"", ""B-168"", ""B-173"", ""B-180"", ""B-184"", ""B-201""]"
B-180,tryg · Innbo · ordinary: Avklar semantisk plassering før P1-dimensjoner materialiseres,NOT_SAFE_FOR_PARALLEL_EXECUTION,"[""B-011"", ""B-015"", ""CR-280""]","[""lib/tryg-innbo-catalog.ts""]","[""lib/insurance-normalization.ts""]","[""B-011"", ""B-015"", ""B-017"", ""B-019"", ""B-020"", ""B-021"", ""B-090"", ""B-102"", ""B-103"", ""B-105"", ""B-106"", ""B-107"", ""B-114"", ""B-115"", ""B-121"", ""B-122"", ""B-130"", ""B-131"", ""B-135"", ""B-139"", ""B-145"", ""B-146"", ""B-149"", ""B-158"", ""B-163"", ""B-164"", ""B-165"", ""B-168"", ""B-173"", ""B-179"", ""B-184"", ""B-201""]"
B-181,tryg · Katt · ordinary: Avklar typegyldige nøkler og detaljkobling,NOT_SAFE_FOR_PARALLEL_EXECUTION,"[""CR-290"", ""CR-301"", ""CR-319"", ""CR-320"", ""CR-336""]","[""lib/boat-pet-catalog.ts""]","[""lib/boat-pet-registry.ts""]","[""B-003"", ""B-008"", ""B-009"", ""B-010"", ""B-018"", ""B-022"", ""B-036"", ""B-038"", ""B-041"", ""B-048"", ""B-050"", ""B-053"", ""B-060"", ""B-062"", ""B-065"", ""B-070"", ""B-071"", ""B-072"", ""B-075"", ""B-077"", ""B-080"", ""B-087"", ""B-089"", ""B-091"", ""B-109"", ""B-110"", ""B-113"", ""B-116"", ""B-124"", ""B-125"", ""B-128"", ""B-129"", ""B-132"", ""B-133"", ""B-141"", ""B-143"", ""B-144"", ""B-147"", ""B-148"", ""B-152"", ""B-153"", ""B-154"", ""B-155"", ""B-156"", ""B-157"", ""B-160"", ""B-162"", ""B-166"", ""B-175"", ""B-177"", ""B-178"", ""B-182"", ""B-187"", ""B-195"", ""B-196"", ""B-197"", ""B-199"", ""B-200""]"
B-182,tryg · Katt · ordinary: Avklar semantisk plassering før P1-dimensjoner materialiseres,NOT_SAFE_FOR_PARALLEL_EXECUTION,"[""CR-299""]","[""lib/boat-pet-catalog.ts""]","[""lib/boat-pet-registry.ts""]","[""B-003"", ""B-008"", ""B-009"", ""B-010"", ""B-018"", ""B-022"", ""B-036"", ""B-038"", ""B-041"", ""B-048"", ""B-050"", ""B-053"", ""B-060"", ""B-062"", ""B-065"", ""B-070"", ""B-071"", ""B-072"", ""B-075"", ""B-077"", ""B-080"", ""B-087"", ""B-089"", ""B-091"", ""B-109"", ""B-110"", ""B-113"", ""B-116"", ""B-124"", ""B-125"", ""B-128"", ""B-129"", ""B-132"", ""B-133"", ""B-141"", ""B-143"", ""B-144"", ""B-147"", ""B-148"", ""B-152"", ""B-153"", ""B-154"", ""B-155"", ""B-156"", ""B-157"", ""B-160"", ""B-162"", ""B-166"", ""B-175"", ""B-177"", ""B-178"", ""B-181"", ""B-187"", ""B-195"", ""B-196"", ""B-197"", ""B-199"", ""B-200""]"
B-183,tryg · MC · ordinary: Avklar semantisk plassering før P1-dimensjoner materialiseres,NOT_SAFE_FOR_PARALLEL_EXECUTION,"[""CR-345"", ""CR-353"", ""CR-355""]","[""lib/mc-bobil-tryg-if-catalog.ts""]","[""lib/mc-bobil-registry.ts""]","[""B-059"", ""B-066"", ""B-086"", ""B-092"", ""B-101"", ""B-104"", ""B-108"", ""B-117"", ""B-123"", ""B-134"", ""B-140"", ""B-159"", ""B-167"", ""B-174"", ""B-198"", ""B-202""]"
B-184,tryg · Reise · ordinary: Avklar semantisk plassering før P1-dimensjoner materialiseres,NOT_SAFE_FOR_PARALLEL_EXECUTION,"[""CR-374"", ""CR-380""]","[""lib/tryg-reise-catalog.ts""]","[""lib/insurance-normalization.ts""]","[""B-015"", ""B-017"", ""B-019"", ""B-020"", ""B-021"", ""B-093"", ""B-102"", ""B-103"", ""B-105"", ""B-106"", ""B-107"", ""B-114"", ""B-115"", ""B-121"", ""B-122"", ""B-130"", ""B-131"", ""B-135"", ""B-139"", ""B-145"", ""B-146"", ""B-149"", ""B-158"", ""B-163"", ""B-164"", ""B-165"", ""B-168"", ""B-173"", ""B-179"", ""B-180"", ""B-203""]"
B-185,tryg · Snøscooter · ordinary: Avklar typegyldige nøkler og detaljkobling,NOT_SAFE_FOR_PARALLEL_EXECUTION,"[""CR-436"", ""CR-439"", ""CR-446""]","[""lib/vehicle-object-catalog.ts""]","[""lib/vehicle-object-registry.ts""]","[""B-024"", ""B-025"", ""B-026"", ""B-027"", ""B-037"", ""B-044"", ""B-045"", ""B-049"", ""B-056"", ""B-057"", ""B-061"", ""B-068"", ""B-069"", ""B-076"", ""B-083"", ""B-084"", ""B-088"", ""B-094"", ""B-095"", ""B-096"", ""B-097"", ""B-098"", ""B-099"", ""B-100"", ""B-111"", ""B-112"", ""B-118"", ""B-119"", ""B-120"", ""B-126"", ""B-127"", ""B-136"", ""B-137"", ""B-138"", ""B-142"", ""B-150"", ""B-151"", ""B-161"", ""B-169"", ""B-170"", ""B-171"", ""B-172"", ""B-176"", ""B-186"", ""B-188"", ""B-189"", ""B-194"", ""B-204""]"
B-186,tryg · Tilhenger · ordinary: Avklar typegyldige nøkler og detaljkobling,NOT_SAFE_FOR_PARALLEL_EXECUTION,"[""CR-450"", ""CR-452"", ""CR-456"", ""CR-461"", ""CR-465"", ""CR-469""]","[""lib/vehicle-object-catalog.ts""]","[""lib/vehicle-object-registry.ts""]","[""B-024"", ""B-025"", ""B-026"", ""B-027"", ""B-037"", ""B-044"", ""B-045"", ""B-049"", ""B-056"", ""B-057"", ""B-061"", ""B-068"", ""B-069"", ""B-076"", ""B-083"", ""B-084"", ""B-088"", ""B-094"", ""B-095"", ""B-096"", ""B-097"", ""B-098"", ""B-099"", ""B-100"", ""B-111"", ""B-112"", ""B-118"", ""B-119"", ""B-120"", ""B-126"", ""B-127"", ""B-136"", ""B-137"", ""B-138"", ""B-142"", ""B-150"", ""B-151"", ""B-161"", ""B-169"", ""B-170"", ""B-171"", ""B-172"", ""B-176"", ""B-185"", ""B-188"", ""B-189"", ""B-194"", ""B-204""]"
B-187,Avklar behandlingsscope før Gjensidige rehabilitering flyttes,NOT_SAFE_FOR_PARALLEL_EXECUTION,"[""HR-003"", ""SR-031""]","[""lib/boat-pet-catalog.ts""]",[],"[""B-003"", ""B-008"", ""B-009"", ""B-010"", ""B-018"", ""B-022"", ""B-036"", ""B-038"", ""B-041"", ""B-048"", ""B-050"", ""B-053"", ""B-060"", ""B-062"", ""B-065"", ""B-070"", ""B-071"", ""B-072"", ""B-075"", ""B-077"", ""B-080"", ""B-087"", ""B-089"", ""B-091"", ""B-109"", ""B-110"", ""B-113"", ""B-116"", ""B-124"", ""B-125"", ""B-128"", ""B-129"", ""B-132"", ""B-133"", ""B-141"", ""B-143"", ""B-144"", ""B-147"", ""B-148"", ""B-152"", ""B-153"", ""B-154"", ""B-155"", ""B-156"", ""B-157"", ""B-160"", ""B-162"", ""B-166"", ""B-175"", ""B-177"", ""B-178"", ""B-181"", ""B-182"", ""B-195"", ""B-196"", ""B-197"", ""B-199"", ""B-200""]"
B-188,eika-fremtind · Campingvogn · ordinary: Avklar konflikt eller kildepakke før berørte påstander endres,MAIN_AGENT_REVIEW_REQUIRED,"[""SR-012""]","[""lib/vehicle-object-catalog.ts""]",[],"[""B-024"", ""B-025"", ""B-026"", ""B-027"", ""B-037"", ""B-044"", ""B-045"", ""B-049"", ""B-056"", ""B-057"", ""B-061"", ""B-068"", ""B-069"", ""B-076"", ""B-083"", ""B-084"", ""B-088"", ""B-094"", ""B-095"", ""B-096"", ""B-097"", ""B-098"", ""B-099"", ""B-100"", ""B-111"", ""B-112"", ""B-118"", ""B-119"", ""B-120"", ""B-126"", ""B-127"", ""B-136"", ""B-137"", ""B-138"", ""B-142"", ""B-150"", ""B-151"", ""B-161"", ""B-169"", ""B-170"", ""B-171"", ""B-172"", ""B-176"", ""B-185"", ""B-186"", ""B-189"", ""B-194"", ""B-204""]"
B-189,eika-fremtind · Tilhenger · ordinary: Avklar konflikt eller kildepakke før berørte påstander endres,MAIN_AGENT_REVIEW_REQUIRED,"[""SR-012""]","[""lib/vehicle-object-catalog.ts""]",[],"[""B-024"", ""B-025"", ""B-026"", ""B-027"", ""B-037"", ""B-044"", ""B-045"", ""B-049"", ""B-056"", ""B-057"", ""B-061"", ""B-068"", ""B-069"", ""B-076"", ""B-083"", ""B-084"", ""B-088"", ""B-094"", ""B-095"", ""B-096"", ""B-097"", ""B-098"", ""B-099"", ""B-100"", ""B-111"", ""B-112"", ""B-118"", ""B-119"", ""B-120"", ""B-126"", ""B-127"", ""B-136"", ""B-137"", ""B-138"", ""B-142"", ""B-150"", ""B-151"", ""B-161"", ""B-169"", ""B-170"", ""B-171"", ""B-172"", ""B-176"", ""B-185"", ""B-186"", ""B-188"", ""B-194"", ""B-204""]"
B-190,fremtind · Bobil · ordinary-dnb: Avklar konflikt eller kildepakke før berørte påstander endres,MAIN_AGENT_REVIEW_REQUIRED,"[""SR-006""]","[""lib/mc-bobil-fremtind-frende-catalog.ts""]",[],"[""B-023"", ""B-028"", ""B-031"", ""B-035"", ""B-042"", ""B-101"", ""B-104"", ""B-108"", ""B-117""]"
B-191,fremtind · Innbo · ordinary: Avklar konflikt eller kildepakke før berørte påstander endres,MAIN_AGENT_REVIEW_REQUIRED,"[""SR-005""]","[""lib/fremtind-innbo-catalog.ts""]",[],"[""B-030"", ""B-103""]"
B-192,fremtind · Reise · ordinary: Avklar konflikt eller kildepakke før berørte påstander endres,MAIN_AGENT_REVIEW_REQUIRED,"[""SR-013""]","[""lib/fremtind-reise-catalog.ts""]",[],"[""B-017"", ""B-032"", ""B-105"", ""B-205""]"
B-193,fremtind-four-bil-ids · Bil · ordinary: Avklar konflikt eller kildepakke før berørte påstander endres,MAIN_AGENT_REVIEW_REQUIRED,"[""SR-003""]","[""lib/fremtind-catalog.ts""]",[],"[""B-033"", ""B-106""]"
B-194,gjensidige · Campingvogn · ordinary: Avklar konflikt eller kildepakke før berørte påstander endres,MAIN_AGENT_REVIEW_REQUIRED,"[""SR-028""]","[""lib/vehicle-object-catalog.ts""]",[],"[""B-024"", ""B-025"", ""B-026"", ""B-027"", ""B-037"", ""B-044"", ""B-045"", ""B-049"", ""B-056"", ""B-057"", ""B-061"", ""B-068"", ""B-069"", ""B-076"", ""B-083"", ""B-084"", ""B-088"", ""B-094"", ""B-095"", ""B-096"", ""B-097"", ""B-098"", ""B-099"", ""B-100"", ""B-111"", ""B-112"", ""B-118"", ""B-119"", ""B-120"", ""B-126"", ""B-127"", ""B-136"", ""B-137"", ""B-138"", ""B-142"", ""B-150"", ""B-151"", ""B-161"", ""B-169"", ""B-170"", ""B-171"", ""B-172"", ""B-176"", ""B-185"", ""B-186"", ""B-188"", ""B-189"", ""B-204""]"
B-195,sparebank1-fremtind · Båt · ordinary: Avklar konflikt eller kildepakke før berørte påstander endres,MAIN_AGENT_REVIEW_REQUIRED,"[""SR-011""]","[""lib/boat-pet-catalog.ts""]",[],"[""B-003"", ""B-008"", ""B-009"", ""B-010"", ""B-018"", ""B-022"", ""B-036"", ""B-038"", ""B-041"", ""B-048"", ""B-050"", ""B-053"", ""B-060"", ""B-062"", ""B-065"", ""B-070"", ""B-071"", ""B-072"", ""B-075"", ""B-077"", ""B-080"", ""B-087"", ""B-089"", ""B-091"", ""B-109"", ""B-110"", ""B-113"", ""B-116"", ""B-124"", ""B-125"", ""B-128"", ""B-129"", ""B-132"", ""B-133"", ""B-141"", ""B-143"", ""B-144"", ""B-147"", ""B-148"", ""B-152"", ""B-153"", ""B-154"", ""B-155"", ""B-156"", ""B-157"", ""B-160"", ""B-162"", ""B-166"", ""B-175"", ""B-177"", ""B-178"", ""B-181"", ""B-182"", ""B-187"", ""B-196"", ""B-197"", ""B-199"", ""B-200""]"
B-196,sparebank1-fremtind · Hund · ordinary: Avklar konflikt eller kildepakke før berørte påstander endres,MAIN_AGENT_REVIEW_REQUIRED,"[""SR-009"", ""SR-010""]","[""lib/boat-pet-catalog.ts""]",[],"[""B-003"", ""B-008"", ""B-009"", ""B-010"", ""B-018"", ""B-022"", ""B-036"", ""B-038"", ""B-041"", ""B-048"", ""B-050"", ""B-053"", ""B-060"", ""B-062"", ""B-065"", ""B-070"", ""B-071"", ""B-072"", ""B-075"", ""B-077"", ""B-080"", ""B-087"", ""B-089"", ""B-091"", ""B-109"", ""B-110"", ""B-113"", ""B-116"", ""B-124"", ""B-125"", ""B-128"", ""B-129"", ""B-132"", ""B-133"", ""B-141"", ""B-143"", ""B-144"", ""B-147"", ""B-148"", ""B-152"", ""B-153"", ""B-154"", ""B-155"", ""B-156"", ""B-157"", ""B-160"", ""B-162"", ""B-166"", ""B-175"", ""B-177"", ""B-178"", ""B-181"", ""B-182"", ""B-187"", ""B-195"", ""B-197"", ""B-199"", ""B-200""]"
B-197,sparebank1-fremtind · Katt · ordinary: Avklar konflikt eller kildepakke før berørte påstander endres,MAIN_AGENT_REVIEW_REQUIRED,"[""SR-004"", ""SR-009""]","[""lib/boat-pet-catalog.ts""]",[],"[""B-003"", ""B-008"", ""B-009"", ""B-010"", ""B-018"", ""B-022"", ""B-036"", ""B-038"", ""B-041"", ""B-048"", ""B-050"", ""B-053"", ""B-060"", ""B-062"", ""B-065"", ""B-070"", ""B-071"", ""B-072"", ""B-075"", ""B-077"", ""B-080"", ""B-087"", ""B-089"", ""B-091"", ""B-109"", ""B-110"", ""B-113"", ""B-116"", ""B-124"", ""B-125"", ""B-128"", ""B-129"", ""B-132"", ""B-133"", ""B-141"", ""B-143"", ""B-144"", ""B-147"", ""B-148"", ""B-152"", ""B-153"", ""B-154"", ""B-155"", ""B-156"", ""B-157"", ""B-160"", ""B-162"", ""B-166"", ""B-175"", ""B-177"", ""B-178"", ""B-181"", ""B-182"", ""B-187"", ""B-195"", ""B-196"", ""B-199"", ""B-200""]"
B-198,tryg · Bobil · ordinary: Avklar konflikt eller kildepakke før berørte påstander endres,MAIN_AGENT_REVIEW_REQUIRED,"[""SR-068""]","[""lib/mc-bobil-tryg-if-catalog.ts""]",[],"[""B-059"", ""B-066"", ""B-086"", ""B-092"", ""B-140"", ""B-174"", ""B-183"", ""B-202""]"
B-199,tryg · Båt · ordinary: Avklar konflikt eller kildepakke før berørte påstander endres,MAIN_AGENT_REVIEW_REQUIRED,"[""SR-059"", ""SR-060""]","[""lib/boat-pet-catalog.ts""]",[],"[""B-003"", ""B-008"", ""B-009"", ""B-010"", ""B-018"", ""B-022"", ""B-036"", ""B-038"", ""B-041"", ""B-048"", ""B-050"", ""B-053"", ""B-060"", ""B-062"", ""B-065"", ""B-070"", ""B-071"", ""B-072"", ""B-075"", ""B-077"", ""B-080"", ""B-087"", ""B-089"", ""B-091"", ""B-109"", ""B-110"", ""B-113"", ""B-116"", ""B-124"", ""B-125"", ""B-128"", ""B-129"", ""B-132"", ""B-133"", ""B-141"", ""B-143"", ""B-144"", ""B-147"", ""B-148"", ""B-152"", ""B-153"", ""B-154"", ""B-155"", ""B-156"", ""B-157"", ""B-160"", ""B-162"", ""B-166"", ""B-175"", ""B-177"", ""B-178"", ""B-181"", ""B-182"", ""B-187"", ""B-195"", ""B-196"", ""B-197"", ""B-200""]"
B-200,tryg · Hund · ordinary: Avklar konflikt eller kildepakke før berørte påstander endres,MAIN_AGENT_REVIEW_REQUIRED,"[""SR-065""]","[""lib/boat-pet-catalog.ts""]",[],"[""B-003"", ""B-008"", ""B-009"", ""B-010"", ""B-018"", ""B-022"", ""B-036"", ""B-038"", ""B-041"", ""B-048"", ""B-050"", ""B-053"", ""B-060"", ""B-062"", ""B-065"", ""B-070"", ""B-071"", ""B-072"", ""B-075"", ""B-077"", ""B-080"", ""B-087"", ""B-089"", ""B-091"", ""B-109"", ""B-110"", ""B-113"", ""B-116"", ""B-124"", ""B-125"", ""B-128"", ""B-129"", ""B-132"", ""B-133"", ""B-141"", ""B-143"", ""B-144"", ""B-147"", ""B-148"", ""B-152"", ""B-153"", ""B-154"", ""B-155"", ""B-156"", ""B-157"", ""B-160"", ""B-162"", ""B-166"", ""B-175"", ""B-177"", ""B-178"", ""B-181"", ""B-182"", ""B-187"", ""B-195"", ""B-196"", ""B-197"", ""B-199""]"
B-201,tryg · Innbo · ordinary: Avklar konflikt eller kildepakke før berørte påstander endres,MAIN_AGENT_REVIEW_REQUIRED,"[""SR-064""]","[""lib/tryg-innbo-catalog.ts""]",[],"[""B-011"", ""B-015"", ""B-090"", ""B-179"", ""B-180""]"
B-202,tryg · MC · ordinary: Avklar konflikt eller kildepakke før berørte påstander endres,MAIN_AGENT_REVIEW_REQUIRED,"[""SR-067""]","[""lib/mc-bobil-tryg-if-catalog.ts""]",[],"[""B-059"", ""B-066"", ""B-086"", ""B-092"", ""B-140"", ""B-174"", ""B-183"", ""B-198""]"
B-203,tryg · Reise · ordinary: Avklar konflikt eller kildepakke før berørte påstander endres,MAIN_AGENT_REVIEW_REQUIRED,"[""SR-070""]","[""lib/tryg-reise-catalog.ts""]",[],"[""B-093"", ""B-184""]"
B-204,tryg · Snøscooter · ordinary: Avklar konflikt eller kildepakke før berørte påstander endres,MAIN_AGENT_REVIEW_REQUIRED,"[""SR-069""]","[""lib/vehicle-object-catalog.ts""]",[],"[""B-024"", ""B-025"", ""B-026"", ""B-027"", ""B-037"", ""B-044"", ""B-045"", ""B-049"", ""B-056"", ""B-057"", ""B-061"", ""B-068"", ""B-069"", ""B-076"", ""B-083"", ""B-084"", ""B-088"", ""B-094"", ""B-095"", ""B-096"", ""B-097"", ""B-098"", ""B-099"", ""B-100"", ""B-111"", ""B-112"", ""B-118"", ""B-119"", ""B-120"", ""B-126"", ""B-127"", ""B-136"", ""B-137"", ""B-138"", ""B-142"", ""B-150"", ""B-151"", ""B-161"", ""B-169"", ""B-170"", ""B-171"", ""B-172"", ""B-176"", ""B-185"", ""B-186"", ""B-188"", ""B-189"", ""B-194""]"
B-205,fremtind-eika-legacy · Reise · ordinary: Historisk Eika: behold separat utbedringsplan,MAIN_AGENT_REVIEW_REQUIRED,[],"[""lib/fremtind-reise-catalog.ts""]",[],"[""B-017"", ""B-032"", ""B-105"", ""B-192""]"
