research_task_id,task_key,provider,family,scope,products,question,current_sources,missing_evidence,raw_queue_ids,raw_open_queue_ids,conflict_ids,additional_questions,priority,blocks_batch_ids,pilot_blocking,recommended_source_type,acquisition_boundary,research_performed,pilot_blocking_reason
SR-001,eika-historical-travel,"[""fremtind-eika-legacy""]","[""Reise""]","[""ordinary""]","[""[\""fremtind-eika-legacy\"",\""reise\"",\""ordinary\"",\""eika-reise-p10\"",\""P10-P10P-2025-01-01\""]"", ""[\""fremtind-eika-legacy\"",\""reise\"",\""ordinary\"",\""eika-reise-pluss-p10\"",\""P10-P10P-2025-01-01\""]""]",SC-059: Historisk Pluss jobbreise forsinket bagasje. s3matrise6000 versusP15.8s27 10000. Specificriderpositive10k but internalmatrixcontradiction preserved.,"[""catalog/sources/fremtind/reise/canonical/reise-vilkar-p10.pdf""]","Datert autoritativ produkt-/nivå-/kanalavklaring av de navngitte spørsmålene; fullvilkår/rider der pakken mangler, ikke forsikringsgiverlikhet eller kundedokument.","[""SRQ-088""]","[""SRQ-088""]","[""SC-059""]",[],MEDIUM_VALUE,[],False,Aktivt datert fullvilkår/kanaltillegg + matchende IPID/produktside; skriftlig offisiell avklaring ved motstrid.,Én koordinert bestilling med separate svar per spørsmål/type/kanal. Ingen antakelse om felles produkt eller felles faktaregel.,False,"No active P1 dimension is blocked by this task; historical, stale, lower-applicability or extra guarantee question retained for full quality."
SR-002,fremtind-car-channel-originals,"[""fremtind"", ""sparebank1-fremtind"", ""dnb-fremtind"", ""eika-fremtind""]","[""Bil""]","[""ordinary""]","[""[\""sparebank1-fremtind\"",\""bil\"",\""ordinary\"",\""sb1-bil-ansvar\"",\""PMO-357.001-004\""]"", ""[\""sparebank1-fremtind\"",\""bil\"",\""ordinary\"",\""sb1-bil-delkasko\"",\""PMO-357.001-004\""]"", ""[\""sparebank1-fremtind\"",\""bil\"",\""ordinary\"",\""sb1-bil-kasko\"",\""PMO-357.001-004\""]"", ""[\""sparebank1-fremtind\"",\""bil\"",\""ordinary\"",\""sb1-bil-toppkasko\"",\""PMO-357.001-004\""]"", ""[\""dnb-fremtind\"",\""bil\"",\""ordinary\"",\""dnb-bil-ansvar\"",\""PMO-357.001-004\""]"", ""[\""dnb-fremtind\"",\""bil\"",\""ordinary\"",\""dnb-bil-delkasko\"",\""PMO-357.001-004\""]"", ""[\""dnb-fremtind\"",\""bil\"",\""ordinary\"",\""dnb-bil-kasko\"",\""PMO-357.001-004\""]"", ""[\""dnb-fremtind\"",\""bil\"",\""ordinary\"",\""dnb-bil-topp\"",\""PMO-357.001-004\""]"", ""[\""eika-fremtind\"",\""bil\"",\""ordinary\"",\""eika-bil-ansvar\"",\""PMO-357.001-004\""]"", ""[\""eika-fremtind\"",\""bil\"",\""ordinary\"",\""eika-bil-delkasko\"",\""PMO-357.001-004\""]"", ""[\""eika-fremtind\"",\""bil\"",\""ordinary\"",\""eika-bil-kasko\"",\""PMO-357.001-004\""]"", ""[\""eika-fremtind\"",\""bil\"",\""ordinary\"",\""eika-bil-topp\"",\""PMO-357.001-004\""]"", ""[\""fremtind\"",\""bil\"",\""ordinary\"",\""fremtind-bil-ansvar\"",\""PMO-357.001-004\""]"", ""[\""fremtind\"",\""bil\"",\""ordinary\"",\""fremtind-bil-delkasko\"",\""PMO-357.001-004\""]"", ""[\""fremtind\"",\""bil\"",\""ordinary\"",\""fremtind-bil-kasko\"",\""PMO-357.001-004\""]"", ""[\""fremtind\"",\""bil\"",\""ordinary\"",\""fremtind-bil-topp\"",\""PMO-357.001-004\""]""]","Arkiverte offisielle SB1/DNB-kanalsider og eksakte avtale-/tilleggsregler, kontrollert mot Eika og felles fullvilkår. Fullfør separat kanalmatrise før identiske sluttprodukter påstås.","[""catalog/sources/sparebank1-fremtind/Vilkar_Kasko_Bil.pdf"", ""catalog/sources/sparebank1-fremtind/Vilkar_Minikasko_Bil.pdf"", ""catalog/sources/sparebank1-fremtind/Vilkar_Toppkasko_Bil.pdf"", ""catalog/sources/sparebank1-fremtind/Vilkar_ansvar_bil.pdf"", ""catalog/sources/sparebank1-fremtind/Vilkar_maskinskade.pdf"", ""catalog/sources/vehicle-extensions/fremtind-Generelle_vilkar_skadeforsikring.pdf""]","Datert autoritativ produkt-/nivå-/kanalavklaring av de navngitte spørsmålene; fullvilkår/rider der pakken mangler, ikke forsikringsgiverlikhet eller kundedokument.","[""SR-fremtind-bil-channel-minikasko""]","[""SR-fremtind-bil-channel-minikasko""]",[],"[{""raw_id"": ""SR-fremtind-bil-channel-minikasko"", ""question"": ""Arkiverte egneSB1/DNBBilproduktsider mangler i322corpus; kommentarer/reporapporter er ikke selvstendige originaler. MinikaskoNybilnivåkonflikt motV106. Ikke konkluder identiske sluttprodukter kun fra forsikringsgiver."", ""required_evidence"": ""Offisielle kanalarkiver/aktuell avtalevariant og presisert Minikasko nyverdiregel; ikke web i denne audit.""}]",BLOCKS_NITO,[],True,Aktivt datert fullvilkår/kanaltillegg + matchende IPID/produktside; skriftlig offisiell avklaring ved motstrid.,Én koordinert bestilling med separate svar per spørsmål/type/kanal. Ingen antakelse om felles produkt eller felles faktaregel.,False,A source/eligibility adjudication is required before a non-misleading active-pilot gate can be signed; this does not assert every topic requires a code change.
SR-003,fremtind-car-minikasko,"[""fremtind""]","[""Bil""]","[""ordinary""]","[""[\""fremtind\"",\""bil\"",\""ordinary\"",\""fremtind-bil-ansvar\"",\""PMO-357.001-004\""]"", ""[\""fremtind\"",\""bil\"",\""ordinary\"",\""fremtind-bil-delkasko\"",\""PMO-357.001-004\""]"", ""[\""fremtind\"",\""bil\"",\""ordinary\"",\""fremtind-bil-kasko\"",\""PMO-357.001-004\""]"", ""[\""fremtind\"",\""bil\"",\""ordinary\"",\""fremtind-bil-topp\"",\""PMO-357.001-004\""]""]",SC-056: Minikasko nybil. Minikasko§3.2.1/3.2.2 gir1år15kkm80% og leasing;V106plasserer beggeunderKasko i tillegg.,"[""catalog/sources/sparebank1-fremtind/IPID_Bil.pdf"", ""catalog/sources/sparebank1-fremtind/Vilkar_Minikasko_Bil.pdf""]","Datert autoritativ produkt-/nivå-/kanalavklaring av de navngitte spørsmålene; fullvilkår/rider der pakken mangler, ikke forsikringsgiverlikhet eller kundedokument.","[""SR-fremtind-bil-channel-minikasko"", ""SRQ-082""]","[""SR-fremtind-bil-channel-minikasko"", ""SRQ-082""]","[""SC-056""]","[{""raw_id"": ""SR-fremtind-bil-channel-minikasko"", ""question"": ""Arkiverte egneSB1/DNBBilproduktsider mangler i322corpus; kommentarer/reporapporter er ikke selvstendige originaler. MinikaskoNybilnivåkonflikt motV106. Ikke konkluder identiske sluttprodukter kun fra forsikringsgiver."", ""required_evidence"": ""Offisielle kanalarkiver/aktuell avtalevariant og presisert Minikasko nyverdiregel; ikke web i denne audit.""}]",BLOCKS_NITO,"[""B-193""]",True,Aktivt datert fullvilkår/kanaltillegg + matchende IPID/produktside; skriftlig offisiell avklaring ved motstrid.,Én koordinert bestilling med separate svar per spørsmål/type/kanal. Ingen antakelse om felles produkt eller felles faktaregel.,False,A source/eligibility adjudication is required before a non-misleading active-pilot gate can be signed; this does not assert every topic requires a code change.
SR-004,fremtind-cat-deductible,"[""sparebank1-fremtind""]","[""Hund"", ""Katt""]","[""ordinary""]","[""[\""sparebank1-fremtind\"",\""hund\"",\""ordinary\"",\""sparebank1-fremtind-hund-veterin-r\"",\""2025-08-07\""]"", ""[\""sparebank1-fremtind\"",\""katt\"",\""ordinary\"",\""sparebank1-fremtind-katt-veterin-r\"",\""2025-08-07\""]""]",SC-067: Katt fixed deductible options. Cat§8 1300/2000/4000 versusSB1page1300/2000/3500;same135d+20mechanism.,"[""catalog/sources/boat-pet/fremtind-cat-vet-terms.pdf"", ""catalog/sources/boat-pet/fremtind-dog-life-terms.pdf"", ""catalog/sources/boat-pet/fremtind-sb1-cat-product.html"", ""catalog/sources/boat-pet/fremtind-sb1-dog-product.html""]","Datert autoritativ produkt-/nivå-/kanalavklaring av de navngitte spørsmålene; fullvilkår/rider der pakken mangler, ikke forsikringsgiverlikhet eller kundedokument.","[""SRQ-100"", ""fremtind-pet-puppy-and-conflicts""]","[""SRQ-100"", ""fremtind-pet-puppy-and-conflicts""]","[""SC-067""]","[{""raw_id"": ""fremtind-pet-puppy-and-conflicts"", ""question"": ""Missingpuppyfullterms;fixedcatdeductibleandlifeboundaryconflicts"", ""required_evidence"": ""Valpeforsikring rider;precisedatedchannel terms fordeductible/expiry""}]",BLOCKS_NITO,"[""B-197""]",True,Aktivt datert fullvilkår/kanaltillegg + matchende IPID/produktside; skriftlig offisiell avklaring ved motstrid.,Én koordinert bestilling med separate svar per spørsmål/type/kanal. Ingen antakelse om felles produkt eller felles faktaregel.,False,A source/eligibility adjudication is required before a non-misleading active-pilot gate can be signed; this does not assert every topic requires a code change.
SR-005,fremtind-contents-channel,"[""fremtind""]","[""Innbo""]","[""ordinary""]","[""[\""fremtind\"",\""innbo\"",\""ordinary\"",\""fremtind-innbo-standard\"",\""2025-01-01\""]"", ""[\""fremtind\"",\""innbo\"",\""ordinary\"",\""fremtind-innbo-topp\"",\""2025-01-01\""]""]",SC-057: Kunstgrense. IPIDV104350k;beggefullvilkår01.01.2025500k.,"[""catalog/sources/fremtind/innbo/canonical/IPID_Innbo.pdf"", ""catalog/sources/fremtind/innbo/canonical/Vilkar_Standard_Innbo.pdf"", ""catalog/sources/fremtind/innbo/canonical/Vilkar_Topp_Innbo.pdf""]","Datert autoritativ produkt-/nivå-/kanalavklaring av de navngitte spørsmålene; fullvilkår/rider der pakken mangler, ikke forsikringsgiverlikhet eller kundedokument.","[""SR-fremtind-innbo-art-channel"", ""SRQ-084""]","[""SR-fremtind-innbo-art-channel"", ""SRQ-084""]","[""SC-057""]","[{""raw_id"": ""SR-fremtind-innbo-art-channel"", ""question"": ""IPIDkunst350k/full500k;eventuellekanalregler kanikkebekreftesfra3generiskePDFalene;art originals notchannelwebsitecopies."", ""required_evidence"": ""KonsistentIPIDdatoversjon ogkanalsiderforSB1/DNB/Eikaomforskjeller;ingenhentingnå.""}]",BLOCKS_NITO,"[""B-191""]",True,Aktivt datert fullvilkår/kanaltillegg + matchende IPID/produktside; skriftlig offisiell avklaring ved motstrid.,Én koordinert bestilling med separate svar per spørsmål/type/kanal. Ingen antakelse om felles produkt eller felles faktaregel.,False,A source/eligibility adjudication is required before a non-misleading active-pilot gate can be signed; this does not assert every topic requires a code change.
SR-006,fremtind-dnb-motorhome,"[""fremtind""]","[""Bobil""]","[""ordinary-dnb""]","[""[\""fremtind\"",\""bobil\"",\""ordinary-dnb\"",\""fremtind-bobil-ansvar\"",\""2025-09-18\""]"", ""[\""fremtind\"",\""bobil\"",\""ordinary-dnb\"",\""fremtind-bobil-minikasko\"",\""2025-09-18\""]"", ""[\""fremtind\"",\""bobil\"",\""ordinary-dnb\"",\""fremtind-bobil-kasko\"",\""2025-09-18\""]"", ""[\""fremtind\"",\""bobil\"",\""ordinary-dnb\"",\""fremtind-bobil-topp\"",\""2025-09-18\""]""]","SC-062: DNB equipment/contents/geography. WebFAQ10kfixedgear versusfull50k;webTopp80kcontents versusfull100k;webNorden versusfullEuropeexcludingfourcountries. | SC-063: DNB Top inclusions/privaterental. WebToppincludesmachine/rental, fullToppcontainsneither andIPIDcurrentoptional;webprivatehire2months included versuswebnegative andfullbevisrequired. | SC-064: DNB holiday/newvalue level. Webtwo weeks versusfull15days;Mini ownnewvalue1yr15kkm versusweb/IPIDKaskoonly.","[""catalog/sources/mc-bobil/fremtind-bobil-topp.pdf"", ""catalog/sources/mc-bobil/fremtind-dnb-bobil-page.html"", ""catalog/sources/sparebank1-fremtind/IPID_Bil.pdf""]","Datert autoritativ produkt-/nivå-/kanalavklaring av de navngitte spørsmålene; fullvilkår/rider der pakken mangler, ikke forsikringsgiverlikhet eller kundedokument.","[""SRQ-093"", ""SRQ-094"", ""SRQ-095"", ""fremtind-bobil-dnb-conflicts""]","[""SRQ-093"", ""SRQ-094"", ""SRQ-095"", ""fremtind-bobil-dnb-conflicts""]","[""SC-062"", ""SC-063"", ""SC-064""]","[{""raw_id"": ""fremtind-bobil-dnb-conflicts"", ""question"": ""DNB page/fullterms/IPID conflicts across sums/geography/optionalstatus/privaterental/newvaluelevel"", ""required_evidence"": ""Dated channel-specific product clarification and applicable fullcomponents""}]",BLOCKS_NITO,"[""B-190""]",True,Aktivt datert fullvilkår/kanaltillegg + matchende IPID/produktside; skriftlig offisiell avklaring ved motstrid.,Én koordinert bestilling med separate svar per spørsmål/type/kanal. Ingen antakelse om felles produkt eller felles faktaregel.,False,A source/eligibility adjudication is required before a non-misleading active-pilot gate can be signed; this does not assert every topic requires a code change.
SR-007,fremtind-house-roof,"[""fremtind""]","[""Hus""]","[""ordinary""]","[""[\""fremtind\"",\""bolig\"",\""ordinary\"",\""fremtind-hus-standard\"",\""PBK-200.100-015+PBK-200.200-010\""]"", ""[\""fremtind\"",\""bolig\"",\""ordinary\"",\""fremtind-hus-topp\"",\""PBK-200.100-015+PBK-200.200-010\""]""]","SC-058: Tak alder ved50år. IPID V103 under50år versus fullToppikkeeldreenn50år (inkl50). SB1webinntil50. Literal boundary conflict, no arbitrary normalization.","[""catalog/sources/fremtind/hus/canonical/IPID_Hus.pdf"", ""catalog/sources/fremtind/hus/canonical/Vilkar_Topp_Hus.pdf""]","Datert autoritativ produkt-/nivå-/kanalavklaring av de navngitte spørsmålene; fullvilkår/rider der pakken mangler, ikke forsikringsgiverlikhet eller kundedokument.","[""SR-fremtind-hus-roof-boundary"", ""SRQ-086""]","[""SR-fremtind-hus-roof-boundary"", ""SRQ-086""]","[""SC-058""]","[{""raw_id"": ""SR-fremtind-hus-roof-boundary"", ""question"": ""IPID under50 versus main≤50"", ""required_evidence"": ""Avklart versjon/datertIPID; ingen henting.""}]",BLOCKS_NITO,[],True,Aktivt datert fullvilkår/kanaltillegg + matchende IPID/produktside; skriftlig offisiell avklaring ved motstrid.,Én koordinert bestilling med separate svar per spørsmål/type/kanal. Ingen antakelse om felles produkt eller felles faktaregel.,False,A source/eligibility adjudication is required before a non-misleading active-pilot gate can be signed; this does not assert every topic requires a code change.
SR-008,fremtind-mc-driving-gear,"[""fremtind""]","[""MC""]","[""ordinary-sparebank1""]","[""[\""fremtind\"",\""mc\"",\""ordinary-sparebank1\"",\""fremtind-mc-ansvar\"",null]"", ""[\""fremtind\"",\""mc\"",\""ordinary-sparebank1\"",\""fremtind-mc-delkasko\"",null]"", ""[\""fremtind\"",\""mc\"",\""ordinary-sparebank1\"",\""fremtind-mc-kasko\"",null]""]",SC-061: Driving equipment sum. SB1 groups driving gear with10000 supplementaryequipment; PDF separate bullet no distinct drivinggear cap. No separate unlimited claim warranted.,"[""catalog/sources/mc-bobil/fremtind-mc-terms.pdf"", ""catalog/sources/mc-bobil/fremtind-sb1-mc-page.html""]","Datert autoritativ produkt-/nivå-/kanalavklaring av de navngitte spørsmålene; fullvilkår/rider der pakken mangler, ikke forsikringsgiverlikhet eller kundedokument.","[""SRQ-091""]","[""SRQ-091""]","[""SC-061""]",[],BLOCKS_NITO,[],True,Aktivt datert fullvilkår/kanaltillegg + matchende IPID/produktside; skriftlig offisiell avklaring ved motstrid.,Én koordinert bestilling med separate svar per spørsmål/type/kanal. Ingen antakelse om felles produkt eller felles faktaregel.,False,A source/eligibility adjudication is required before a non-misleading active-pilot gate can be signed; this does not assert every topic requires a code change.
SR-009,fremtind-pet-expiry,"[""sparebank1-fremtind""]","[""Hund"", ""Katt""]","[""ordinary""]","[""[\""sparebank1-fremtind\"",\""hund\"",\""ordinary\"",\""sparebank1-fremtind-hund-veterin-r\"",\""2025-08-07\""]"", ""[\""sparebank1-fremtind\"",\""katt\"",\""ordinary\"",\""sparebank1-fremtind-katt-veterin-r\"",\""2025-08-07\""]""]",SC-068: Pet life expiry boundary. Full firstrenewalAFTERattainedage;webalsofirstrenewalINyearofage. Not necessarilysamedate;flag precisely.,"[""catalog/sources/boat-pet/fremtind-cat-vet-terms.pdf"", ""catalog/sources/boat-pet/fremtind-dog-life-terms.pdf"", ""catalog/sources/boat-pet/fremtind-sb1-cat-product.html"", ""catalog/sources/boat-pet/fremtind-sb1-dog-product.html""]","Datert autoritativ produkt-/nivå-/kanalavklaring av de navngitte spørsmålene; fullvilkår/rider der pakken mangler, ikke forsikringsgiverlikhet eller kundedokument.","[""SRQ-101"", ""fremtind-pet-puppy-and-conflicts""]","[""SRQ-101"", ""fremtind-pet-puppy-and-conflicts""]","[""SC-068""]","[{""raw_id"": ""fremtind-pet-puppy-and-conflicts"", ""question"": ""Missingpuppyfullterms;fixedcatdeductibleandlifeboundaryconflicts"", ""required_evidence"": ""Valpeforsikring rider;precisedatedchannel terms fordeductible/expiry""}]",BLOCKS_NITO,"[""B-196"", ""B-197""]",True,Aktivt datert fullvilkår/kanaltillegg + matchende IPID/produktside; skriftlig offisiell avklaring ved motstrid.,Én koordinert bestilling med separate svar per spørsmål/type/kanal. Ingen antakelse om felles produkt eller felles faktaregel.,False,A source/eligibility adjudication is required before a non-misleading active-pilot gate can be signed; this does not assert every topic requires a code change.
SR-010,fremtind-puppy-rider,"[""sparebank1-fremtind""]","[""Hund""]","[""ordinary""]","[""[\""sparebank1-fremtind\"",\""hund\"",\""ordinary\"",\""sparebank1-fremtind-hund-veterin-r\"",\""2025-08-07\""]""]","Fullstendig offentlig Valpeforsikring-rider med eligibility, varighet, antall kull og tillegg til tispe; nettsidens tilgjengelighet er utilstrekkelig.","[""catalog/sources/boat-pet/fremtind-dog-life-terms.pdf"", ""catalog/sources/boat-pet/fremtind-dog-use-terms.pdf"", ""catalog/sources/boat-pet/fremtind-dog-vet-terms.pdf"", ""catalog/sources/boat-pet/fremtind-sb1-dog-product.html""]","Datert autoritativ produkt-/nivå-/kanalavklaring av de navngitte spørsmålene; fullvilkår/rider der pakken mangler, ikke forsikringsgiverlikhet eller kundedokument.","[""fremtind-pet-puppy-and-conflicts""]","[""fremtind-pet-puppy-and-conflicts""]",[],"[{""raw_id"": ""fremtind-pet-puppy-and-conflicts"", ""question"": ""Missingpuppyfullterms;fixedcatdeductibleandlifeboundaryconflicts"", ""required_evidence"": ""Valpeforsikring rider;precisedatedchannel terms fordeductible/expiry""}]",BLOCKS_NITO,"[""B-196""]",True,Aktivt datert fullvilkår/kanaltillegg + matchende IPID/produktside; skriftlig offisiell avklaring ved motstrid.,Én koordinert bestilling med separate svar per spørsmål/type/kanal. Ingen antakelse om felles produkt eller felles faktaregel.,False,A source/eligibility adjudication is required before a non-misleading active-pilot gate can be signed; this does not assert every topic requires a code change.
SR-011,fremtind-sb1-boat,"[""sparebank1-fremtind""]","[""Båt""]","[""ordinary""]","[""[\""sparebank1-fremtind\"",\""båt\"",\""ordinary\"",\""sparebank1-fremtind-bat-delkasko\"",\""2024-06-10\""]"", ""[\""sparebank1-fremtind\"",\""båt\"",\""ordinary\"",\""sparebank1-fremtind-bat-kasko\"",\""2024-06-10\""]"", ""[\""sparebank1-fremtind\"",\""båt\"",\""ordinary\"",\""sparebank1-fremtind-bat-toppkasko\"",\""2024-06-10\""]""]",SC-065: Ansvar SDR unit. Fullp4contains3020000millioner/1510000millionSDR;not safe to silently repairunit. Officialclarification needed. | SC-066: Motor age and product-level FAQ. FullTopp≤10yearmotor/seil;webFAQ<10yearboat. FAQimpliesjolle/holidayToppbutmainmatrix/fullKasko. Conflicts preserved.,"[""catalog/sources/boat-pet/fremtind-boat-terms.pdf"", ""catalog/sources/boat-pet/fremtind-sb1-boat-product.html""]","Datert autoritativ produkt-/nivå-/kanalavklaring av de navngitte spørsmålene; fullvilkår/rider der pakken mangler, ikke forsikringsgiverlikhet eller kundedokument.","[""SRQ-097"", ""SRQ-098"", ""fremtind-boat-unit-age""]","[""SRQ-097"", ""SRQ-098"", ""fremtind-boat-unit-age""]","[""SC-065"", ""SC-066""]","[{""raw_id"": ""fremtind-boat-unit-age"", ""question"": ""SDRunit typo and motor/vessel-age conflict"", ""required_evidence"": ""Corrected officialfullterms and exactchannel FAQ clarification""}]",BLOCKS_NITO,"[""B-195""]",True,Aktivt datert fullvilkår/kanaltillegg + matchende IPID/produktside; skriftlig offisiell avklaring ved motstrid.,Én koordinert bestilling med separate svar per spørsmål/type/kanal. Ingen antakelse om felles produkt eller felles faktaregel.,False,A source/eligibility adjudication is required before a non-misleading active-pilot gate can be signed; this does not assert every topic requires a code change.
SR-012,fremtind-trailer-components,"[""eika-fremtind""]","[""Campingvogn"", ""Tilhenger""]","[""ordinary""]","[""[\""eika-fremtind\"",\""campingvogn\"",\""ordinary\"",\""eika-fremtind-campingvogn-minikasko\"",\""2024-03-21\""]"", ""[\""eika-fremtind\"",\""campingvogn\"",\""ordinary\"",\""eika-fremtind-campingvogn-kasko\"",\""2024-03-21\""]"", ""[\""eika-fremtind\"",\""tilhenger\"",\""ordinary\"",\""eika-fremtind-tilhenger-kasko\"",\""2024-03-21\""]""]",SC-060: Ansvar/ulykke/rettshjelp scope in trailer/caravan IPID. IPIDV103p1 lists these; full5pPMO354 contains no such component. No safe sums or included inference.,"[""catalog/sources/vehicle-extensions/fremtind-IPID_Tilhenger_Campingvogn.pdf"", ""catalog/sources/vehicle-extensions/fremtind-Vilkar_Kasko_Campingvogn_og_Tilhenger.pdf""]","Datert autoritativ produkt-/nivå-/kanalavklaring av de navngitte spørsmålene; fullvilkår/rider der pakken mangler, ikke forsikringsgiverlikhet eller kundedokument.","[""SRQ-090"", ""fremtind-light-ipid-components""]","[""SRQ-090"", ""fremtind-light-ipid-components""]","[""SC-060""]","[{""raw_id"": ""fremtind-light-ipid-components"", ""question"": ""IPID liability/accident/legal not present in full package"", ""required_evidence"": ""Exact channel component terms or correction to IPID""}]",BLOCKS_NITO,"[""B-188"", ""B-189""]",True,Aktivt datert fullvilkår/kanaltillegg + matchende IPID/produktside; skriftlig offisiell avklaring ved motstrid.,Én koordinert bestilling med separate svar per spørsmål/type/kanal. Ingen antakelse om felles produkt eller felles faktaregel.,False,A source/eligibility adjudication is required before a non-misleading active-pilot gate can be signed; this does not assert every topic requires a code change.
SR-013,fremtind-travel-channel-safety,"[""fremtind""]","[""Reise""]","[""ordinary""]","[""[\""fremtind\"",\""reise\"",\""ordinary\"",\""fremtind-reise\"",\""PRE-450.200-015\""]""]",Gjeldende offentlig sikkerhetsforskrift som faktisk gjelder PRE samt SB1/DNB kanalvalg/varighet. §7.6 finnes ikke i lagret fullvilkår; ikke konstruer 90/120/180-valg.,"[""catalog/sources/fremtind/reise/canonical/fremtind-reise-vilkar.pdf""]","Datert autoritativ produkt-/nivå-/kanalavklaring av de navngitte spørsmålene; fullvilkår/rider der pakken mangler, ikke forsikringsgiverlikhet eller kundedokument.","[""SR-fremtind-reise-security-channel""]","[""SR-fremtind-reise-security-channel""]",[],"[{""raw_id"": ""SR-fremtind-reise-security-channel"", ""question"": ""CurrentfullPDFhasno§7.6; lacks standalone securityrequirements. LocalSB1/DNBReisesitecopies absent; no90/120/180 inference."", ""required_evidence"": ""Gjeldende sikkerhetsforskrift og kanalproduktsider/valgstruktur med versjon. Ingen henting nå.""}]",BLOCKS_NITO,"[""B-192""]",True,Aktivt datert fullvilkår/kanaltillegg + matchende IPID/produktside; skriftlig offisiell avklaring ved motstrid.,Én koordinert bestilling med separate svar per spørsmål/type/kanal. Ingen antakelse om felles produkt eller felles faktaregel.,False,A source/eligibility adjudication is required before a non-misleading active-pilot gate can be signed; this does not assert every topic requires a code change.
SR-014,frende-boat-applicability,"[""frende""]","[""Båt""]","[""ordinary""]","[""[\""frende\"",\""båt\"",\""ordinary\"",\""frende-bat-brann-og-tyveri\"",\""2026-01-01\""]"", ""[\""frende\"",\""båt\"",\""ordinary\"",\""frende-bat-kasko\"",\""2026-01-01\""]"", ""[\""frende\"",\""båt\"",\""ordinary\"",\""frende-bat-utvidet\"",\""2026-01-01\""]""]",SC-010: Utvidet newvalue threshold/storage equipment sum; base contents; combined transport label. Fullterms80%newvalue/30000storage vsHTML60%/10000. Mainterms3loosecontentsall versusHTML/IPIDBrannTyverirestrictions. Sjøsetting/opptak label broader than explicit transport clause needs eventscope review.,"[""catalog/sources/boat-pet/frende-boat-ipid.pdf"", ""catalog/sources/boat-pet/frende-boat-product.html"", ""catalog/sources/boat-pet/frende-boat-terms.pdf""]","Datert autoritativ produkt-/nivå-/kanalavklaring av de navngitte spørsmålene; fullvilkår/rider der pakken mangler, ikke forsikringsgiverlikhet eller kundedokument.","[""SRQ-015"", ""frende-båt-final-local-closure""]","[""SRQ-015"", ""frende-båt-final-local-closure""]","[""SC-010""]","[{""raw_id"": ""frende-båt-final-local-closure"", ""question"": ""SC010 exact level contents,80/60%newvalue,30000/10000storage; transport/launch/recovery source wording."", ""required_evidence"": ""Official dated exact-product clarification of named clauses. No source research authorized in this audit.""}]",BLOCKS_NITO,[],True,Aktivt datert fullvilkår/kanaltillegg + matchende IPID/produktside; skriftlig offisiell avklaring ved motstrid.,Én koordinert bestilling med separate svar per spørsmål/type/kanal. Ingen antakelse om felles produkt eller felles faktaregel.,False,A source/eligibility adjudication is required before a non-misleading active-pilot gate can be signed; this does not assert every topic requires a code change.
SR-015,frende-car-boundaries,"[""frende""]","[""Bil""]","[""ordinary""]","[""[\""frende\"",\""bil\"",\""ordinary\"",\""frende-bil-ansvar\"",\""2026-01-01\""]"", ""[\""frende\"",\""bil\"",\""ordinary\"",\""frende-bil-delkasko\"",\""2026-01-01\""]"", ""[\""frende\"",\""bil\"",\""ordinary\"",\""frende-bil-kasko\"",\""2026-01-01\""]"", ""[\""frende\"",\""bil\"",\""ordinary\"",\""frende-bil-utvidet\"",\""2026-01-01\""]""]",SC-012: Maskinskade age cutoff; accident selection; totalskade boundary precision. Terms9.1/9.3endpolicyyear12 vs11.11/IPIDolderthan12. IPIDaccidentseparateheading whiletermsrequiresbevis. Newvaluefulltermsnotolderthan1/3 vsIPIDunder1/3. Lease-machineexclusiononlyIPID.,"[""catalog/sources/frende/IPID_Personbil.pdf"", ""catalog/sources/frende/Vilkar_kjoretoyforsikring.pdf""]","Datert autoritativ produkt-/nivå-/kanalavklaring av de navngitte spørsmålene; fullvilkår/rider der pakken mangler, ikke forsikringsgiverlikhet eller kundedokument.","[""SRQ-017"", ""frende-bil-final-local-closure""]","[""SRQ-017"", ""frende-bil-final-local-closure""]","[""SC-012""]","[{""raw_id"": ""frende-bil-final-local-closure"", ""question"": ""SC012 machine-policyyear versus birthday cutoff, accident default/package choice and exact newvalue under/notolder boundary. Need exact dated Frende contract-product clarification."", ""required_evidence"": ""Official dated exact-product clarification of named clauses. No source research authorized in this audit.""}]",BLOCKS_NITO,[],True,Aktivt datert fullvilkår/kanaltillegg + matchende IPID/produktside; skriftlig offisiell avklaring ved motstrid.,Én koordinert bestilling med separate svar per spørsmål/type/kanal. Ingen antakelse om felles produkt eller felles faktaregel.,False,A source/eligibility adjudication is required before a non-misleading active-pilot gate can be signed; this does not assert every topic requires a code change.
SR-016,frende-cat-disappearance,"[""frende""]","[""Katt""]","[""ordinary""]","[""[\""frende\"",\""katt\"",\""ordinary\"",\""frende-katt-veterin-r\"",\""2026-01-01\""]""]",SC-011: Tap: forsvinning versus theftduringbuildingburglary. 2026fullterms6.1doesnotlistdisappearance;2025IPIDlistsstolenorcomesaway;catalogincludesdisappearanceciting2026fullterms.,"[""catalog/sources/boat-pet/frende-cat-ipid.pdf"", ""catalog/sources/boat-pet/frende-cat-terms.pdf""]","Datert autoritativ produkt-/nivå-/kanalavklaring av de navngitte spørsmålene; fullvilkår/rider der pakken mangler, ikke forsikringsgiverlikhet eller kundedokument.","[""SRQ-016"", ""frende-katt-final-local-closure""]","[""SRQ-016"", ""frende-katt-final-local-closure""]","[""SC-011""]","[{""raw_id"": ""frende-katt-final-local-closure"", ""question"": ""SC011 disappearance in2025IPID versus2026fullterms; current exact optional Tap applicability."", ""required_evidence"": ""Official dated exact-product clarification of named clauses. No source research authorized in this audit.""}]",BLOCKS_NITO,[],True,Aktivt datert fullvilkår/kanaltillegg + matchende IPID/produktside; skriftlig offisiell avklaring ved motstrid.,Én koordinert bestilling med separate svar per spørsmål/type/kanal. Ingen antakelse om felles produkt eller felles faktaregel.,False,A source/eligibility adjudication is required before a non-misleading active-pilot gate can be signed; this does not assert every topic requires a code change.
SR-017,frende-house-scope,"[""frende""]","[""Hus""]","[""ordinary""]","[""[\""frende\"",\""bolig\"",\""ordinary\"",\""frende-hus-standard\"",\""2026-09-01\""]"", ""[\""frende\"",\""bolig\"",\""ordinary\"",\""frende-hus-utvidet\"",\""2026-09-01\""]""]",SC-004: Tining og feilnummererte fullvilkårshenvisninger. HTMLmatrix includes tiningbothlevels butprose saysUtvidet;fullterms5.3 explicitlyStandard andcatalogcorrect. Other fullterm3.1 points4.1/1–10 although4.1has3items;cataloguses5.1.,"[""catalog/sources/frende/hus/canonical/Husforsikring-produktside.html"", ""catalog/sources/frende/hus/canonical/Vilkar-husforsikring.pdf""]","Datert autoritativ produkt-/nivå-/kanalavklaring av de navngitte spørsmålene; fullvilkår/rider der pakken mangler, ikke forsikringsgiverlikhet eller kundedokument.","[""SRQ-009"", ""frende-hus-final-local-closure""]","[""SRQ-009"", ""frende-hus-final-local-closure""]","[""SC-004""]","[{""raw_id"": ""frende-hus-final-local-closure"", ""question"": ""SC004 internal source references: smallbuilding Standard scope and applicability of fire§4.2 exclusions."", ""required_evidence"": ""Official dated exact-product clarification of named clauses. No source research authorized in this audit.""}]",BLOCKS_NITO,[],True,Aktivt datert fullvilkår/kanaltillegg + matchende IPID/produktside; skriftlig offisiell avklaring ved motstrid.,Én koordinert bestilling med separate svar per spørsmål/type/kanal. Ingen antakelse om felles produkt eller felles faktaregel.,False,A source/eligibility adjudication is required before a non-misleading active-pilot gate can be signed; this does not assert every topic requires a code change.
SR-018,frende-innbo-current-ipid,"[""frende""]","[""Innbo""]","[""ordinary""]","[""[\""frende\"",\""innbo\"",\""ordinary\"",\""frende-innbo-standard\"",\""2026-09-01\""]""]","SC-003: Skade gjort av skadedyr under valgfri Uhell. IPID01.01.2025 inkluderer skade gjort av skadedyr; fullvilkår01.09.2026/11.4 unntar insekter og kjæledyr. Insekter er del av skadedyrbegrepet i7.2. Ulik datert kilde, ikke automatisk samtidigvilkårskonflikt.","[""catalog/sources/frende/innbo/IPID_Innbo.pdf"", ""catalog/sources/frende/innbo/Vilkar_innboforsikring_01092026.pdf""]","Datert autoritativ produkt-/nivå-/kanalavklaring av de navngitte spørsmålene; fullvilkår/rider der pakken mangler, ikke forsikringsgiverlikhet eller kundedokument.","[""SRQ-008""]","[""SRQ-008""]","[""SC-003""]",[],MEDIUM_VALUE,[],False,Aktivt datert fullvilkår/kanaltillegg + matchende IPID/produktside; skriftlig offisiell avklaring ved motstrid.,Én koordinert bestilling med separate svar per spørsmål/type/kanal. Ingen antakelse om felles produkt eller felles faktaregel.,False,"No active P1 dimension is blocked by this task; historical, stale, lower-applicability or extra guarantee question retained for full quality."
SR-019,frende-innbo-legal,"[""frende""]","[""Innbo""]","[""ordinary""]","[""[\""frende\"",\""innbo\"",\""ordinary\"",\""frende-innbo-standard\"",\""2026-09-01\""]""]","Presis privat rettshjelpsrolle i §9.1 og anvendelig naturskade-/geografihenvisning. Skaff relevant offentlig avklaring, ikke kundebevis.","[""catalog/sources/frende/innbo/Vilkar_innboforsikring_01092026.pdf""]","Datert autoritativ produkt-/nivå-/kanalavklaring av de navngitte spørsmålene; fullvilkår/rider der pakken mangler, ikke forsikringsgiverlikhet eller kundedokument.","[""SRQ-005""]","[""SRQ-005""]",[],"[{""raw_id"": ""SRQ-005"", ""question"": ""Two exact claims not locally closed: private legal role scope; naturskade Norway law reference."", ""required_evidence"": ""Official clarification of Innbo9.1 scope; authoritative local law-geography evidence; updated IPID summary for pestdamage.""}]",BLOCKS_NITO,[],True,Aktivt datert fullvilkår/kanaltillegg + matchende IPID/produktside; skriftlig offisiell avklaring ved motstrid.,Én koordinert bestilling med separate svar per spørsmål/type/kanal. Ingen antakelse om felles produkt eller felles faktaregel.,False,A source/eligibility adjudication is required before a non-misleading active-pilot gate can be signed; this does not assert every topic requires a code change.
SR-020,frende-mc-glass,"[""frende""]","[""MC""]","[""ordinary""]","[""[\""frende\"",\""mc\"",\""ordinary\"",\""frende-mc-ansvar\"",\""2026-01-01\""]"", ""[\""frende\"",\""mc\"",\""ordinary\"",\""frende-mc-delkasko\"",\""2026-01-01\""]"", ""[\""frende\"",\""mc\"",\""ordinary\"",\""frende-mc-kasko\"",\""2026-01-01\""]""]",SC-013: Glass applicability. Sharedvehicleterms5.1includesglass;MCIPIDandtableomitglass. No positiveindependentMCglasssupport.,"[""catalog/sources/frende/Vilkar_kjoretoyforsikring.pdf"", ""catalog/sources/mc-bobil/frende-mc-ipid.pdf"", ""catalog/sources/mc-bobil/frende-mc-page.html""]","Datert autoritativ produkt-/nivå-/kanalavklaring av de navngitte spørsmålene; fullvilkår/rider der pakken mangler, ikke forsikringsgiverlikhet eller kundedokument.","[""SRQ-018"", ""frende-mc-final-local-closure""]","[""SRQ-018"", ""frende-mc-final-local-closure""]","[""SC-013""]","[{""raw_id"": ""frende-mc-final-local-closure"", ""question"": ""SC013 glass applicability and physical event scope for riding gear. Need exact MC clauses/endorsement, not inference from missing IPID bullet."", ""required_evidence"": ""Official dated exact-product clarification of named clauses. No source research authorized in this audit.""}]",BLOCKS_NITO,[],True,Aktivt datert fullvilkår/kanaltillegg + matchende IPID/produktside; skriftlig offisiell avklaring ved motstrid.,Én koordinert bestilling med separate svar per spørsmål/type/kanal. Ingen antakelse om felles produkt eller felles faktaregel.,False,A source/eligibility adjudication is required before a non-misleading active-pilot gate can be signed; this does not assert every topic requires a code change.
SR-021,frende-motorhome-channel,"[""frende""]","[""Bobil""]","[""ordinary""]","[""[\""frende\"",\""bobil\"",\""ordinary\"",\""frende-bobil-ansvar\"",\""2026-01-01\""]"", ""[\""frende\"",\""bobil\"",\""ordinary\"",\""frende-bobil-delkasko\"",\""2026-01-01\""]"", ""[\""frende\"",\""bobil\"",\""ordinary\"",\""frende-bobil-kasko\"",\""2026-01-01\""]"", ""[\""frende\"",\""bobil\"",\""ordinary\"",\""frende-bobil-utvidet\"",\""2026-01-01\""]""]",SC-014: Bobil content/accessory sums; peritemlimit; leasecap; machinelevel; rentalcashduration. Fullterms/IPIDUtvidetcontents100000/accessory50000vsweb20000/20000. Web10000peritem/150000startleie notfoundmainterms. IPIDmachineoptionalKaskovswebonlyUtvidet. Webcashnormalreptimevsfull31d.,"[""catalog/sources/frende/Vilkar_kjoretoyforsikring.pdf"", ""catalog/sources/mc-bobil/frende-bobil-ipid.pdf"", ""catalog/sources/mc-bobil/frende-bobil-page.html""]","Datert autoritativ produkt-/nivå-/kanalavklaring av de navngitte spørsmålene; fullvilkår/rider der pakken mangler, ikke forsikringsgiverlikhet eller kundedokument.","[""SRQ-019"", ""frende-bobil-final-local-closure""]","[""SRQ-019"", ""frende-bobil-final-local-closure""]","[""SC-014""]","[{""raw_id"": ""frende-bobil-final-local-closure"", ""question"": ""SC014 machinelevel/age, accessory/contents caps, peritem cap, leasing cap, rental cash duration. Need dated channel/full-term reconciliation."", ""required_evidence"": ""Official dated exact-product clarification of named clauses. No source research authorized in this audit.""}]",BLOCKS_NITO,[],True,Aktivt datert fullvilkår/kanaltillegg + matchende IPID/produktside; skriftlig offisiell avklaring ved motstrid.,Én koordinert bestilling med separate svar per spørsmål/type/kanal. Ingen antakelse om felles produkt eller felles faktaregel.,False,A source/eligibility adjudication is required before a non-misleading active-pilot gate can be signed; this does not assert every topic requires a code change.
SR-022,frende-trailer-deductible,"[""frende""]","[""Tilhenger""]","[""ordinary""]","[""[\""frende\"",\""tilhenger\"",\""ordinary\"",\""frende-tilhenger-brann-og-tyveri\"",\""2026-01-01\""]"", ""[\""frende\"",\""tilhenger\"",\""ordinary\"",\""frende-tilhenger-kasko\"",\""2026-01-01\""]""]",SC-002: Trailer-specific deductible versus general fire/theft deductible. 2000 trailer row and general6000 row in11.11; precedence not safely closed in current partial pass. | SC-015: Type-specific deductible and generic fire/theft rows have unresolved ordering. §11.11: tilhenger damage 2000; general fire/theft 6000 unless lower certificate. Local exact type page does not disambiguate. Generic Kasko key applicability to extensions also retained for review.,"[""catalog/sources/vehicle-extensions/frende-TrailerInsurance.pdf""]","Datert autoritativ produkt-/nivå-/kanalavklaring av de navngitte spørsmålene; fullvilkår/rider der pakken mangler, ikke forsikringsgiverlikhet eller kundedokument.","[""SRQ-003"", ""SRQ-007"", ""SRQ-020""]","[""SRQ-007"", ""SRQ-020""]","[""SC-002"", ""SC-015""]",[],BLOCKS_NITO,[],True,Aktivt datert fullvilkår/kanaltillegg + matchende IPID/produktside; skriftlig offisiell avklaring ved motstrid.,Én koordinert bestilling med separate svar per spørsmål/type/kanal. Ingen antakelse om felles produkt eller felles faktaregel.,False,A source/eligibility adjudication is required before a non-misleading active-pilot gate can be signed; this does not assert every topic requires a code change.
SR-023,gj-boat-machine-legal,"[""gjensidige""]","[""Båt""]","[""ordinary""]","[""[\""gjensidige\"",\""båt\"",\""ordinary\"",\""gjensidige-bat-delkasko\"",null]"", ""[\""gjensidige\"",\""båt\"",\""ordinary\"",\""gjensidige-bat-kasko\"",null]"", ""[\""gjensidige\"",\""båt\"",\""ordinary\"",\""gjensidige-bat-pluss\"",null]""]",SC-031: Båt motoraldersgrense. PlussPDF1førstehovedforfallafter10;PDF4over10excluded;IPID/webto10. Exactageboundaryconflict. | SC-032: Båt rettshjelpegenandel. Fulllegal4k20%/0Mekle;webAnsvarogrettshjelp0intheEgenandelsectionbut4k20%incoverageoverview. Do notunconditionallyzero.,"[""catalog/sources/boat-pet/gjensidige-boat-delkasko-terms.pdf"", ""catalog/sources/boat-pet/gjensidige-boat-kasko-terms.pdf"", ""catalog/sources/boat-pet/gjensidige-boat-plus-terms.pdf"", ""catalog/sources/boat-pet/gjensidige-boat-product.html""]","Datert autoritativ produkt-/nivå-/kanalavklaring av de navngitte spørsmålene; fullvilkår/rider der pakken mangler, ikke forsikringsgiverlikhet eller kundedokument.","[""SRQ-042"", ""SRQ-043""]","[""SRQ-042"", ""SRQ-043""]","[""SC-031"", ""SC-032""]",[],BLOCKS_NITO,[],True,Aktivt datert fullvilkår/kanaltillegg + matchende IPID/produktside; skriftlig offisiell avklaring ved motstrid.,Én koordinert bestilling med separate svar per spørsmål/type/kanal. Ingen antakelse om felles produkt eller felles faktaregel.,False,A source/eligibility adjudication is required before a non-misleading active-pilot gate can be signed; this does not assert every topic requires a code change.
SR-024,gj-boat-riders,"[""gjensidige""]","[""Båt""]","[""ordinary""]","[""[\""gjensidige\"",\""båt\"",\""ordinary\"",\""gjensidige-bat-delkasko\"",null]"", ""[\""gjensidige\"",\""båt\"",\""ordinary\"",\""gjensidige-bat-kasko\"",null]"", ""[\""gjensidige\"",\""båt\"",\""ordinary\"",\""gjensidige-bat-pluss\"",null]""]","Fullvilkår og nivåtilgjengelighet for privat utleie, utvidet farvann, bygging og Smartbåt; separat svar per tillegg.","[""catalog/sources/boat-pet/gjensidige-boat-delkasko-terms.pdf"", ""catalog/sources/boat-pet/gjensidige-boat-ipid.pdf"", ""catalog/sources/boat-pet/gjensidige-boat-kasko-terms.pdf"", ""catalog/sources/boat-pet/gjensidige-boat-plus-terms.pdf"", ""catalog/sources/boat-pet/gjensidige-boat-product.html""]","Datert autoritativ produkt-/nivå-/kanalavklaring av de navngitte spørsmålene; fullvilkår/rider der pakken mangler, ikke forsikringsgiverlikhet eller kundedokument.","[""SR-gjensidige-bat-options""]","[""SR-gjensidige-bat-options""]",[],"[{""raw_id"": ""SR-gjensidige-bat-options"", ""question"": ""3monthprivaterental/extendedwaters/building/Smartboatareoptions;fulltermpackagesnotlocal."", ""required_evidence"": ""Exactofficialextensionconditionswithtier/scope/version.""}]",BLOCKS_NITO,[],True,Aktivt datert fullvilkår/kanaltillegg + matchende IPID/produktside; skriftlig offisiell avklaring ved motstrid.,Én koordinert bestilling med separate svar per spørsmål/type/kanal. Ingen antakelse om felles produkt eller felles faktaregel.,False,A source/eligibility adjudication is required before a non-misleading active-pilot gate can be signed; this does not assert every topic requires a code change.
SR-025,gj-car-addon-eligibility,"[""gjensidige""]","[""Bil""]","[""ordinary""]","[""[\""gjensidige\"",\""bil\"",\""ordinary\"",\""gj-bil-ansvar\"",null]"", ""[\""gjensidige\"",\""bil\"",\""ordinary\"",\""gj-bil-delkasko\"",null]"", ""[\""gjensidige\"",\""bil\"",\""ordinary\"",\""gj-bil-kasko\"",null]"", ""[\""gjensidige\"",\""bil\"",\""ordinary\"",\""gj-bil-pluss\"",null]""]","Eksakt nivåmatrise for utvidet utstyr, spesiallakk og funksjonsutstyr. Generic IPID eller standardmal er ikke bevis for alle nivåer.","[""catalog/sources/gjensidige/Bil-Delkasko-alminnelige-vilkar.pdf"", ""catalog/sources/gjensidige/Bil-Kasko-alminnelige-vilkar.pdf"", ""catalog/sources/gjensidige/Bil-Pluss-alminnelige-vilkar.pdf"", ""catalog/sources/gjensidige/bil-ansvar-alminnelige-vilkar.pdf""]","Datert autoritativ produkt-/nivå-/kanalavklaring av de navngitte spørsmålene; fullvilkår/rider der pakken mangler, ikke forsikringsgiverlikhet eller kundedokument.","[""gjensidige-final-addon-applicability""]","[""gjensidige-final-addon-applicability""]",[],"[{""raw_id"": ""gjensidige-final-addon-applicability"", ""question"": ""Generic option statements are verified; exact level matrix and full extension conditions remain insufficient in local package. Do not infer all-level availability from IPID headings."", ""required_evidence"": ""Official exact-level addon eligibility matrices/riders for three Bil options, higher Innbo bicycle sum, Bobil Fortelt/rental terms. Customer certificate only for actual choices, not assumed generic default.""}]",BLOCKS_NITO,[],True,Aktivt datert fullvilkår/kanaltillegg + matchende IPID/produktside; skriftlig offisiell avklaring ved motstrid.,Én koordinert bestilling med separate svar per spørsmål/type/kanal. Ingen antakelse om felles produkt eller felles faktaregel.,False,A source/eligibility adjudication is required before a non-misleading active-pilot gate can be signed; this does not assert every topic requires a code change.
SR-026,gj-car-rental,"[""gjensidige""]","[""Bil""]","[""ordinary""]","[""[\""gjensidige\"",\""bil\"",\""ordinary\"",\""gj-bil-ansvar\"",null]"", ""[\""gjensidige\"",\""bil\"",\""ordinary\"",\""gj-bil-delkasko\"",null]"", ""[\""gjensidige\"",\""bil\"",\""ordinary\"",\""gj-bil-kasko\"",null]"", ""[\""gjensidige\"",\""bil\"",\""ordinary\"",\""gj-bil-pluss\"",null]""]","SC-016: Pluss rental repair period:60days versus entire repair period. FulltermsPDF3 inntil60dager; IPID1 hele reparasjonstiden. Version/effective dates unknown, no chronological precedence.","[""catalog/sources/gjensidige/Bil-Pluss-alminnelige-vilkar.pdf"", ""catalog/sources/gjensidige/Bilforsikring-Produktark-MOT01.pdf""]","Datert autoritativ produkt-/nivå-/kanalavklaring av de navngitte spørsmålene; fullvilkår/rider der pakken mangler, ikke forsikringsgiverlikhet eller kundedokument.","[""SRQ-021""]","[""SRQ-021""]","[""SC-016""]",[],BLOCKS_NITO,[],True,Aktivt datert fullvilkår/kanaltillegg + matchende IPID/produktside; skriftlig offisiell avklaring ved motstrid.,Én koordinert bestilling med separate svar per spørsmål/type/kanal. Ingen antakelse om felles produkt eller felles faktaregel.,False,A source/eligibility adjudication is required before a non-misleading active-pilot gate can be signed; this does not assert every topic requires a code change.
SR-027,gj-caravan-riders,"[""gjensidige""]","[""Campingvogn""]","[""ordinary""]","[""[\""gjensidige\"",\""campingvogn\"",\""ordinary\"",\""gjensidige-campingvogn-delkasko\"",null]"", ""[\""gjensidige\"",\""campingvogn\"",\""ordinary\"",\""gjensidige-campingvogn-kasko\"",null]"", ""[\""gjensidige\"",\""campingvogn\"",\""ordinary\"",\""gjensidige-campingvogn-pluss\"",null]""]","Offentlige Utleie-vilkår og rider for høyere avtalte summer, nivåspesifikt.","[""catalog/sources/vehicle-extensions/gjensidige-Campingvogn-Delkasko-alminnelige-vilkar.pdf"", ""catalog/sources/vehicle-extensions/gjensidige-Campingvogn-Kasko-alminnelige-vilkar.pdf"", ""catalog/sources/vehicle-extensions/gjensidige-Campingvogn-Pluss-alminnelige-vilkar.pdf"", ""catalog/sources/vehicle-extensions/gjensidige-MOT07.pdf"", ""catalog/sources/vehicle-extensions/gjensidige-campingvognforsikring.html""]","Datert autoritativ produkt-/nivå-/kanalavklaring av de navngitte spørsmålene; fullvilkår/rider der pakken mangler, ikke forsikringsgiverlikhet eller kundedokument.","[""SR-gjensidige-campingvogn-extension""]","[""SR-gjensidige-campingvogn-extension""]",[],"[{""raw_id"": ""SR-gjensidige-campingvogn-extension"", ""question"": ""Utleie / økte avtalte summer optionalstructure is documented butcompleteextensiontermsnotlocal."", ""required_evidence"": ""Exactofficialoptionalcomponentfulltermsand applicability.""}]",BLOCKS_NITO,[],True,Aktivt datert fullvilkår/kanaltillegg + matchende IPID/produktside; skriftlig offisiell avklaring ved motstrid.,Én koordinert bestilling med separate svar per spørsmål/type/kanal. Ingen antakelse om felles produkt eller felles faktaregel.,False,A source/eligibility adjudication is required before a non-misleading active-pilot gate can be signed; this does not assert every topic requires a code change.
SR-028,gj-caravan-scope,"[""gjensidige""]","[""Campingvogn""]","[""ordinary""]","[""[\""gjensidige\"",\""campingvogn\"",\""ordinary\"",\""gjensidige-campingvogn-delkasko\"",null]"", ""[\""gjensidige\"",\""campingvogn\"",\""ordinary\"",\""gjensidige-campingvogn-kasko\"",null]"", ""[\""gjensidige\"",\""campingvogn\"",\""ordinary\"",\""gjensidige-campingvogn-pluss\"",null]""]","SC-027: Campingvogn Delkasko glass. IPIDMOT07listsglassunderDelkasko;ownfull1/3noglass,andHTMLexactDelkaskofeaturearraynoglass.Catalogincludedclaimcitesfullfile. | SC-028: Campingvogn IPID ansvar/ulykke/rettshjelp. MOT07intro claims allproductsobligatoryliability/accident/legal+Ansvarlevel;noneinownfullpackages,websaysvia towingcar,only3physicallevels. Do notmaterializefromboilerplate. | SC-029: Campingvogn veihjelp hjemme. Full3 requirescaravanonroadanddriveablebeforeskade;webexplicitlyhome. Noevidencetocollapsequalifier. | SC-030: Campingvogn geografiske produktvalg. FullmobileEurope/fixedNorgeSverigeDanmarkFinland;IPIDEuropeexclKosovoRussiaBelarusnotfixedsubscope. CannotinferIPIDbroadensfixedterritory.","[""catalog/sources/vehicle-extensions/gjensidige-Campingvogn-Delkasko-alminnelige-vilkar.pdf"", ""catalog/sources/vehicle-extensions/gjensidige-Campingvogn-Kasko-alminnelige-vilkar.pdf"", ""catalog/sources/vehicle-extensions/gjensidige-Campingvogn-Pluss-alminnelige-vilkar.pdf"", ""catalog/sources/vehicle-extensions/gjensidige-MOT07.pdf"", ""catalog/sources/vehicle-extensions/gjensidige-campingvognforsikring.html""]","Datert autoritativ produkt-/nivå-/kanalavklaring av de navngitte spørsmålene; fullvilkår/rider der pakken mangler, ikke forsikringsgiverlikhet eller kundedokument.","[""SRQ-037"", ""SRQ-038"", ""SRQ-039"", ""SRQ-040""]","[""SRQ-037"", ""SRQ-038"", ""SRQ-039"", ""SRQ-040""]","[""SC-027"", ""SC-028"", ""SC-029"", ""SC-030""]",[],BLOCKS_NITO,"[""B-194""]",True,Aktivt datert fullvilkår/kanaltillegg + matchende IPID/produktside; skriftlig offisiell avklaring ved motstrid.,Én koordinert bestilling med separate svar per spørsmål/type/kanal. Ingen antakelse om felles produkt eller felles faktaregel.,False,A source/eligibility adjudication is required before a non-misleading active-pilot gate can be signed; this does not assert every topic requires a code change.
SR-029,gj-contents-crypto,"[""gjensidige""]","[""Innbo""]","[""ordinary""]","[""[\""gjensidige\"",\""innbo\"",\""ordinary\"",\""gj-innbo\"",null]"", ""[\""gjensidige\"",\""innbo\"",\""ordinary\"",\""gj-innbo-pluss\"",null]""]",SC-017: Innbo cryptocurrency. IPID1 includes; both exact fullterms3 explicitly exclude. Unknown effective dates/versions prevent chronological resolution.,"[""catalog/sources/gjensidige/innbo/Gjensidige_IPID_Innbo_EAP02.pdf"", ""catalog/sources/gjensidige/innbo/Gjensidige_Innbo_Pluss_alminnelige_vilkar.pdf"", ""catalog/sources/gjensidige/innbo/Gjensidige_Innbo_Standard_alminnelige_vilkar.pdf""]","Datert autoritativ produkt-/nivå-/kanalavklaring av de navngitte spørsmålene; fullvilkår/rider der pakken mangler, ikke forsikringsgiverlikhet eller kundedokument.","[""SRQ-022""]","[""SRQ-022""]","[""SC-017""]",[],BLOCKS_NITO,[],True,Aktivt datert fullvilkår/kanaltillegg + matchende IPID/produktside; skriftlig offisiell avklaring ved motstrid.,Én koordinert bestilling med separate svar per spørsmål/type/kanal. Ingen antakelse om felles produkt eller felles faktaregel.,False,A source/eligibility adjudication is required before a non-misleading active-pilot gate can be signed; this does not assert every topic requires a code change.
SR-030,gj-contents-cycle-rider,"[""gjensidige""]","[""Innbo""]","[""ordinary""]","[""[\""gjensidige\"",\""innbo\"",\""ordinary\"",\""gj-innbo\"",null]"", ""[\""gjensidige\"",\""innbo\"",\""ordinary\"",\""gj-innbo-pluss\"",null]""]",Offentlig høyere sykkelsum-rider med nivå og betingelser; kundebevis bare for faktisk valgt beløp.,"[""catalog/sources/gjensidige/innbo/Gjensidige_Innbo_Pluss_alminnelige_vilkar.pdf"", ""catalog/sources/gjensidige/innbo/Gjensidige_Innbo_Standard_alminnelige_vilkar.pdf""]","Datert autoritativ produkt-/nivå-/kanalavklaring av de navngitte spørsmålene; fullvilkår/rider der pakken mangler, ikke forsikringsgiverlikhet eller kundedokument.","[""gjensidige-final-addon-applicability""]","[""gjensidige-final-addon-applicability""]",[],"[{""raw_id"": ""gjensidige-final-addon-applicability"", ""question"": ""Generic option statements are verified; exact level matrix and full extension conditions remain insufficient in local package. Do not infer all-level availability from IPID headings."", ""required_evidence"": ""Official exact-level addon eligibility matrices/riders for three Bil options, higher Innbo bicycle sum, Bobil Fortelt/rental terms. Customer certificate only for actual choices, not assumed generic default.""}]",BLOCKS_NITO,[],True,Aktivt datert fullvilkår/kanaltillegg + matchende IPID/produktside; skriftlig offisiell avklaring ved motstrid.,Én koordinert bestilling med separate svar per spørsmål/type/kanal. Ingen antakelse om felles produkt eller felles faktaregel.,False,A source/eligibility adjudication is required before a non-misleading active-pilot gate can be signed; this does not assert every topic requires a code change.
SR-031,gj-dog-treatment,"[""gjensidige""]","[""Hund""]","[""ordinary""]","[""[\""gjensidige\"",\""hund\"",\""ordinary\"",\""gjensidige-hund-behandling\"",null]""]","SC-034: Hund allergikarens. Web60daysallergy;fulldogterms/IPIDgeneric20daysandno60. Explicitwebqualificationexistsbutversionrelationunresolved. | SC-035: Hund fysikalsk versusrehabilitering. Weblistsfysio/kiro/akupunkturinbaseandwaterrehaboptional;full2akupunktur,3rehab+fysikalskwithin5koptionaltemplate. Mustclarifyprecisetreatmentmodalitiesbeforecomponentrevision.","[""catalog/sources/boat-pet/gjensidige-dog-ipid.pdf"", ""catalog/sources/boat-pet/gjensidige-dog-product.html"", ""catalog/sources/boat-pet/gjensidige-dog-treatment-terms.pdf""]","Datert autoritativ produkt-/nivå-/kanalavklaring av de navngitte spørsmålene; fullvilkår/rider der pakken mangler, ikke forsikringsgiverlikhet eller kundedokument.","[""SRQ-046"", ""SRQ-047""]","[""SRQ-046"", ""SRQ-047""]","[""SC-034"", ""SC-035""]",[],BLOCKS_NITO,"[""B-187""]",True,Aktivt datert fullvilkår/kanaltillegg + matchende IPID/produktside; skriftlig offisiell avklaring ved motstrid.,Én koordinert bestilling med separate svar per spørsmål/type/kanal. Ingen antakelse om felles produkt eller felles faktaregel.,False,A source/eligibility adjudication is required before a non-misleading active-pilot gate can be signed; this does not assert every topic requires a code change.
SR-032,gj-house-insect-deductible,"[""gjensidige""]","[""Hus""]","[""ordinary""]","[""[\""gjensidige\"",\""bolig\"",\""ordinary\"",\""gjensidige-hus\"",\""Alminnelige vilkår\""]"", ""[\""gjensidige\"",\""bolig\"",\""ordinary\"",\""gjensidige-hus-pluss\"",\""Alminnelige vilkår\""]""]","SC-020: Hus physical insect damage deductible. Pluss1 gives6k Råteogskadeinsekter,2k bekjempelse; productpage says2kSkadeinsekter without distinction. Catalogue labels2kbekjempelse conservatively; physicaldamage webpage conflict remains.","[""catalog/sources/gjensidige/hus/Hus-Pluss-alminnelige-vilkar.pdf"", ""catalog/sources/gjensidige/hus/Hus-Smart-alarmvilkar.html"", ""catalog/sources/gjensidige/hus/Hus-Smart-produktside.html"", ""catalog/sources/gjensidige/hus/Hus-Standard-alminnelige-vilkar.pdf"", ""catalog/sources/gjensidige/hus/Husforsikring-produktside.html"", ""catalog/sources/gjensidige/hus/IPID-Husforsikring-EAP01.pdf""]","Datert autoritativ produkt-/nivå-/kanalavklaring av de navngitte spørsmålene; fullvilkår/rider der pakken mangler, ikke forsikringsgiverlikhet eller kundedokument.","[""SRQ-025""]","[""SRQ-025""]","[""SC-020""]",[],BLOCKS_NITO,[],True,Aktivt datert fullvilkår/kanaltillegg + matchende IPID/produktside; skriftlig offisiell avklaring ved motstrid.,Én koordinert bestilling med separate svar per spørsmål/type/kanal. Ingen antakelse om felles produkt eller felles faktaregel.,False,A source/eligibility adjudication is required before a non-misleading active-pilot gate can be signed; this does not assert every topic requires a code change.
SR-033,gj-legal-htu,"[""gjensidige""]","[""Båt"", ""Hus"", ""Innbo"", ""Reise""]","[""ordinary""]","[""[\""gjensidige\"",\""innbo\"",\""ordinary\"",\""gj-innbo\"",null]"", ""[\""gjensidige\"",\""innbo\"",\""ordinary\"",\""gj-innbo-pluss\"",null]"", ""[\""gjensidige\"",\""bolig\"",\""ordinary\"",\""gjensidige-hus\"",\""Alminnelige vilkår\""]"", ""[\""gjensidige\"",\""bolig\"",\""ordinary\"",\""gjensidige-hus-pluss\"",\""Alminnelige vilkår\""]"", ""[\""gjensidige\"",\""reise\"",\""ordinary\"",\""gjensidige-reise\"",\""2026-09-20-canonical\""]"", ""[\""gjensidige\"",\""reise\"",\""ordinary\"",\""gjensidige-reise-pluss\"",\""2026-09-20-canonical\""]"", ""[\""gjensidige\"",\""båt\"",\""ordinary\"",\""gjensidige-bat-delkasko\"",null]"", ""[\""gjensidige\"",\""båt\"",\""ordinary\"",\""gjensidige-bat-kasko\"",null]"", ""[\""gjensidige\"",\""båt\"",\""ordinary\"",\""gjensidige-bat-pluss\"",null]""]","SC-018: Innbo Husleietvistutvalget. Both fullterms covered15k table and exclusion mention same tribunal; underlying scope unclear. | SC-019: Hus Husleietvistutvalget. FullStandard8–9,Pluss9–10 affirm15k and laterexclude same tribunal. | SC-024: Rettshjelp HTU. Samefullterms affirmative15kHTU andlaterexclusion; territor youtsideNordenlimitspracticaltravel relevance, noautomaticclaimorP1. | SC-033: Båt rettshjelpHTU. Fulllegalpositive15kHTUandlaterexclusion; boat-specificapplicabilitylow/unclear. Noautomaticnewcoverage.","[""catalog/sources/boat-pet/gjensidige-boat-delkasko-terms.pdf"", ""catalog/sources/boat-pet/gjensidige-boat-kasko-terms.pdf"", ""catalog/sources/boat-pet/gjensidige-boat-plus-terms.pdf"", ""catalog/sources/boat-pet/gjensidige-boat-product.html"", ""catalog/sources/gjensidige/hus/Hus-Pluss-alminnelige-vilkar.pdf"", ""catalog/sources/gjensidige/hus/Hus-Smart-alarmvilkar.html"", ""catalog/sources/gjensidige/hus/Hus-Smart-produktside.html"", ""catalog/sources/gjensidige/hus/Hus-Standard-alminnelige-vilkar.pdf"", ""catalog/sources/gjensidige/hus/Husforsikring-produktside.html"", ""catalog/sources/gjensidige/hus/IPID-Husforsikring-EAP01.pdf"", ""catalog/sources/gjensidige/innbo/Gjensidige_IPID_Innbo_EAP02.pdf"", ""catalog/sources/gjensidige/innbo/Gjensidige_Innbo_Pluss_alminnelige_vilkar.pdf"", ""catalog/sources/gjensidige/innbo/Gjensidige_Innbo_Standard_alminnelige_vilkar.pdf"", ""catalog/sources/gjensidige/reise/alarmsentral.html"", ""catalog/sources/gjensidige/reise/online-lege.html"", ""catalog/sources/gjensidige/reise/produktside.html"", ""catalog/sources/gjensidige/reise/reise-alminnelige-vilkar.pdf"", ""catalog/sources/gjensidige/reise/reise-pluss-alminnelige-vilkar.pdf"", ""catalog/sources/gjensidige/reise/reisedager.html"", ""catalog/sources/gjensidige/reise/reiseforsikring-ipid.pdf"", ""catalog/sources/gjensidige/reise/utvidelse-av-varighet-ipid.pdf""]","Datert autoritativ produkt-/nivå-/kanalavklaring av de navngitte spørsmålene; fullvilkår/rider der pakken mangler, ikke forsikringsgiverlikhet eller kundedokument.","[""SRQ-023"", ""SRQ-024"", ""SRQ-029"", ""SRQ-044""]","[""SRQ-023"", ""SRQ-024"", ""SRQ-029"", ""SRQ-044""]","[""SC-018"", ""SC-019"", ""SC-024"", ""SC-033""]",[],MEDIUM_VALUE,[],False,Aktivt datert fullvilkår/kanaltillegg + matchende IPID/produktside; skriftlig offisiell avklaring ved motstrid.,Én koordinert bestilling med separate svar per spørsmål/type/kanal. Ingen antakelse om felles produkt eller felles faktaregel.,False,"No active P1 dimension is blocked by this task; historical, stale, lower-applicability or extra guarantee question retained for full quality."
SR-034,gj-motorhome-level,"[""gjensidige""]","[""Bobil""]","[""ordinary""]","[""[\""gjensidige\"",\""bobil\"",\""ordinary\"",\""gjensidige-bobil-ansvar\"",null]"", ""[\""gjensidige\"",\""bobil\"",\""ordinary\"",\""gjensidige-bobil-delkasko\"",null]"", ""[\""gjensidige\"",\""bobil\"",\""ordinary\"",\""gjensidige-bobil-kasko\"",null]"", ""[\""gjensidige\"",\""bobil\"",\""ordinary\"",\""gjensidige-bobil-pluss\"",null]""]",SC-025: Bobil Pluss utvidet totalskade. MOT08 IPID1 says extended total-loss; ownKasko/Pluss15 both1yr20k andwebsame. Do not invent Plusshigher limits. | SC-026: Bobil inklusive aldersgrenser. Ownfullterms inntil1yr vswebunder1; machinefirstexpiryafter15 vswebunder15; moisture<=15productionvswebframtil15. Preserve fulltermrule and record boundaries.,"[""catalog/sources/mc-bobil/gjensidige-bobil-MOT08-ipid.pdf"", ""catalog/sources/mc-bobil/gjensidige-bobil-kasko-vilkar.pdf"", ""catalog/sources/mc-bobil/gjensidige-bobil-pluss-vilkar.pdf"", ""catalog/sources/mc-bobil/gjensidige-bobil-produkt.html""]","Datert autoritativ produkt-/nivå-/kanalavklaring av de navngitte spørsmålene; fullvilkår/rider der pakken mangler, ikke forsikringsgiverlikhet eller kundedokument.","[""SRQ-032"", ""SRQ-033""]","[""SRQ-032"", ""SRQ-033""]","[""SC-025"", ""SC-026""]",[],BLOCKS_NITO,[],True,Aktivt datert fullvilkår/kanaltillegg + matchende IPID/produktside; skriftlig offisiell avklaring ved motstrid.,Én koordinert bestilling med separate svar per spørsmål/type/kanal. Ingen antakelse om felles produkt eller felles faktaregel.,False,A source/eligibility adjudication is required before a non-misleading active-pilot gate can be signed; this does not assert every topic requires a code change.
SR-035,gj-motorhome-riders,"[""gjensidige""]","[""Bobil""]","[""ordinary""]","[""[\""gjensidige\"",\""bobil\"",\""ordinary\"",\""gjensidige-bobil-ansvar\"",null]"", ""[\""gjensidige\"",\""bobil\"",\""ordinary\"",\""gjensidige-bobil-delkasko\"",null]"", ""[\""gjensidige\"",\""bobil\"",\""ordinary\"",\""gjensidige-bobil-kasko\"",null]"", ""[\""gjensidige\"",\""bobil\"",\""ordinary\"",\""gjensidige-bobil-pluss\"",null]""]","Daterte fullvilkår og nivåmatrise for Utleie og Fortelt, hver med egen leveranse; offentlig tilgjengelighet alene gir ikke grenser.","[""catalog/sources/mc-bobil/gjensidige-bobil-MOT08-ipid.pdf"", ""catalog/sources/mc-bobil/gjensidige-bobil-ansvar-vilkar.pdf"", ""catalog/sources/mc-bobil/gjensidige-bobil-delkasko-vilkar.pdf"", ""catalog/sources/mc-bobil/gjensidige-bobil-kasko-vilkar.pdf"", ""catalog/sources/mc-bobil/gjensidige-bobil-pluss-vilkar.pdf"", ""catalog/sources/mc-bobil/gjensidige-bobil-produkt.html""]","Datert autoritativ produkt-/nivå-/kanalavklaring av de navngitte spørsmålene; fullvilkår/rider der pakken mangler, ikke forsikringsgiverlikhet eller kundedokument.","[""SR-gjensidige-bobil-fortelt"", ""SR-gjensidige-bobil-utleie"", ""gjensidige-final-addon-applicability""]","[""SR-gjensidige-bobil-fortelt"", ""SR-gjensidige-bobil-utleie"", ""gjensidige-final-addon-applicability""]",[],"[{""raw_id"": ""SR-gjensidige-bobil-utleie"", ""question"": ""Optional full conditions not contained in local public package; availability only verified."", ""required_evidence"": ""Exact official extension terms and scope/version, not private customer documents.""}, {""raw_id"": ""SR-gjensidige-bobil-fortelt"", ""question"": ""Optional full conditions not contained in local public package; availability only verified."", ""required_evidence"": ""Exact official extension terms and scope/version, not private customer documents.""}, {""raw_id"": ""gjensidige-final-addon-applicability"", ""question"": ""Generic option statements are verified; exact level matrix and full extension conditions remain insufficient in local package. Do not infer all-level availability from IPID headings."", ""required_evidence"": ""Official exact-level addon eligibility matrices/riders for three Bil options, higher Innbo bicycle sum, Bobil Fortelt/rental terms. Customer certificate only for actual choices, not assumed generic default.""}]",BLOCKS_NITO,[],True,Aktivt datert fullvilkår/kanaltillegg + matchende IPID/produktside; skriftlig offisiell avklaring ved motstrid.,Én koordinert bestilling med separate svar per spørsmål/type/kanal. Ingen antakelse om felles produkt eller felles faktaregel.,False,A source/eligibility adjudication is required before a non-misleading active-pilot gate can be signed; this does not assert every topic requires a code change.
SR-036,gj-pet-breed-riders,"[""gjensidige""]","[""Hund"", ""Katt""]","[""ordinary""]","[""[\""gjensidige\"",\""hund\"",\""ordinary\"",\""gjensidige-hund-behandling\"",null]"", ""[\""gjensidige\"",\""katt\"",\""ordinary\"",\""gjensidige-katt-behandling\"",null]""]",Offentlig rase-/artsbestemt avgrensningsoversikt og refererte riders; ingen individuelle poliser eller helseopplysninger.,"[""catalog/sources/boat-pet/gjensidige-cat-ipid.pdf"", ""catalog/sources/boat-pet/gjensidige-cat-life-use-terms.pdf"", ""catalog/sources/boat-pet/gjensidige-cat-product.html"", ""catalog/sources/boat-pet/gjensidige-cat-treatment-terms.pdf"", ""catalog/sources/boat-pet/gjensidige-dog-ipid.pdf"", ""catalog/sources/boat-pet/gjensidige-dog-life-use-terms.pdf"", ""catalog/sources/boat-pet/gjensidige-dog-product.html"", ""catalog/sources/boat-pet/gjensidige-dog-treatment-terms.pdf""]","Datert autoritativ produkt-/nivå-/kanalavklaring av de navngitte spørsmålene; fullvilkår/rider der pakken mangler, ikke forsikringsgiverlikhet eller kundedokument.","[""SR-gjensidige-pet-race""]","[""SR-gjensidige-pet-race""]",[],"[{""raw_id"": ""SR-gjensidige-pet-race"", ""question"": ""IPID/webmentionbreed-specificexclusionsonlyincompleteindividualoffer; localgeneraltermsnotallriderlist."", ""required_evidence"": ""Officialpublicbreed-eligibility/riderdocumentation; neverprivatecustomerpolicy.""}]",BLOCKS_NITO,[],True,Aktivt datert fullvilkår/kanaltillegg + matchende IPID/produktside; skriftlig offisiell avklaring ved motstrid.,Én koordinert bestilling med separate svar per spørsmål/type/kanal. Ingen antakelse om felles produkt eller felles faktaregel.,False,A source/eligibility adjudication is required before a non-misleading active-pilot gate can be signed; this does not assert every topic requires a code change.
SR-037,gj-scooter-equipment-rider,"[""gjensidige""]","[""Snøscooter""]","[""ordinary""]","[""[\""gjensidige\"",\""snøscooter\"",\""ordinary\"",\""gjensidige-snoscooter-ansvar\"",null]"", ""[\""gjensidige\"",\""snøscooter\"",\""ordinary\"",\""gjensidige-snoscooter-delkasko\"",null]"", ""[\""gjensidige\"",\""snøscooter\"",\""ordinary\"",\""gjensidige-snoscooter-kasko\"",null]""]",Offentlige vilkår og nivågrenser for Henger/utvidet utstyr.,"[""catalog/sources/vehicle-extensions/gjensidige-Snoscooter-Delkasko-alminnelige-vilkar.pdf"", ""catalog/sources/vehicle-extensions/gjensidige-Snoscooter-Kasko-alminnelige-vilkar.pdf"", ""catalog/sources/vehicle-extensions/gjensidige-snoscooter-ansvar-alminnelige-vilkar.pdf"", ""catalog/sources/vehicle-extensions/gjensidige-snoscooterforsikring.html""]","Datert autoritativ produkt-/nivå-/kanalavklaring av de navngitte spørsmålene; fullvilkår/rider der pakken mangler, ikke forsikringsgiverlikhet eller kundedokument.","[""SR-gjensidige-snoscooter-extension""]","[""SR-gjensidige-snoscooter-extension""]",[],"[{""raw_id"": ""SR-gjensidige-snoscooter-extension"", ""question"": ""Henger / utvidet utstyr optionalstructure is documented butcompleteextensiontermsnotlocal."", ""required_evidence"": ""Exactofficialoptionalcomponentfulltermsand applicability.""}]",BLOCKS_NITO,[],True,Aktivt datert fullvilkår/kanaltillegg + matchende IPID/produktside; skriftlig offisiell avklaring ved motstrid.,Én koordinert bestilling med separate svar per spørsmål/type/kanal. Ingen antakelse om felles produkt eller felles faktaregel.,False,A source/eligibility adjudication is required before a non-misleading active-pilot gate can be signed; this does not assert every topic requires a code change.
SR-038,gj-trailer-rental-rider,"[""gjensidige""]","[""Tilhenger""]","[""ordinary""]","[""[\""gjensidige\"",\""tilhenger\"",\""ordinary\"",\""gjensidige-tilhenger-delkasko\"",null]"", ""[\""gjensidige\"",\""tilhenger\"",\""ordinary\"",\""gjensidige-tilhenger-kasko\"",null]""]",Offentlig fullstendig Utleie-rider og nivåtilgjengelighet; ikke antatt kundens valg fra mal.,"[""catalog/sources/vehicle-extensions/gjensidige-tilhenger-delkasko-alminnelige-vilkar.pdf"", ""catalog/sources/vehicle-extensions/gjensidige-tilhenger-kasko-alminnelige-vilkar.pdf""]","Datert autoritativ produkt-/nivå-/kanalavklaring av de navngitte spørsmålene; fullvilkår/rider der pakken mangler, ikke forsikringsgiverlikhet eller kundedokument.","[""SR-gjensidige-tilhenger-extension""]","[""SR-gjensidige-tilhenger-extension""]",[],"[{""raw_id"": ""SR-gjensidige-tilhenger-extension"", ""question"": ""Utleie optionalstructure is documented butcompleteextensiontermsnotlocal."", ""required_evidence"": ""Exactofficialoptionalcomponentfulltermsand applicability.""}]",BLOCKS_NITO,[],True,Aktivt datert fullvilkår/kanaltillegg + matchende IPID/produktside; skriftlig offisiell avklaring ved motstrid.,Én koordinert bestilling med separate svar per spørsmål/type/kanal. Ingen antakelse om felles produkt eller felles faktaregel.,False,A source/eligibility adjudication is required before a non-misleading active-pilot gate can be signed; this does not assert every topic requires a code change.
SR-039,gj-travel-version,"[""gjensidige""]","[""Reise""]","[""ordinary""]","[""[\""gjensidige\"",\""reise\"",\""ordinary\"",\""gjensidige-reise\"",\""2026-09-20-canonical\""]"", ""[\""gjensidige\"",\""reise\"",\""ordinary\"",\""gjensidige-reise-pluss\"",\""2026-09-20-canonical\""]""]","SC-021: Mobil bakside og samtidig skade. Fullterms6onlyknustskjerm/tyveri/ran/brann;web229addsbackandconcurrentdamage.Catalogincludeswebclaimbutcitesonlyfullterms. | SC-022: Inklusive tidsgrenser. Full5ukerinntilvswebmindreenn5;Plusstransport>=8tvsweb/catalog>8t. Catalogfull5wbutweb8twithoutconflict. | SC-023: Forlengelse enhetsforhold. Web42extraweeks/295daysnotarithmeticallyequal;IPID12mnd. Catalogfaithfullycopiesbutdoesnotsignalunituncertainty. Sixmonthsresidency general vswebone12monthjourneyexceptionneedsbevis,notnormaldefault.","[""catalog/sources/gjensidige/reise/alarmsentral.html"", ""catalog/sources/gjensidige/reise/online-lege.html"", ""catalog/sources/gjensidige/reise/produktside.html"", ""catalog/sources/gjensidige/reise/reise-alminnelige-vilkar.pdf"", ""catalog/sources/gjensidige/reise/reise-pluss-alminnelige-vilkar.pdf"", ""catalog/sources/gjensidige/reise/reisedager.html"", ""catalog/sources/gjensidige/reise/reiseforsikring-ipid.pdf"", ""catalog/sources/gjensidige/reise/utvidelse-av-varighet-ipid.pdf""]","Datert autoritativ produkt-/nivå-/kanalavklaring av de navngitte spørsmålene; fullvilkår/rider der pakken mangler, ikke forsikringsgiverlikhet eller kundedokument.","[""SRQ-026"", ""SRQ-027"", ""SRQ-028""]","[""SRQ-026"", ""SRQ-027"", ""SRQ-028""]","[""SC-021"", ""SC-022"", ""SC-023""]",[],BLOCKS_NITO,[],True,Aktivt datert fullvilkår/kanaltillegg + matchende IPID/produktside; skriftlig offisiell avklaring ved motstrid.,Én koordinert bestilling med separate svar per spørsmål/type/kanal. Ingen antakelse om felles produkt eller felles faktaregel.,False,A source/eligibility adjudication is required before a non-misleading active-pilot gate can be signed; this does not assert every topic requires a code change.
SR-040,if-boat-package,"[""if""]","[""Båt""]","[""ordinary""]","[""[\""if\"",\""båt\"",\""ordinary\"",\""if-bat-delkasko\"",\""2023-02-01\""]"", ""[\""if\"",\""båt\"",\""ordinary\"",\""if-bat-kasko\"",\""2023-02-01\""]"", ""[\""if\"",\""båt\"",\""ordinary\"",\""if-bat-super\"",\""2023-02-01\""]""]",SC-044: Jolle/opplagsutstyr applicability Delkasko vs Kasko. Full§3.1unqualifiedobjects;IPID1addsunderKasko. ExactDelkaskoapplicabilitycannotbesafelyflattened.,"[""catalog/sources/boat-pet/if-boat-ipid.pdf"", ""catalog/sources/boat-pet/if-boat-terms.pdf""]","Datert autoritativ produkt-/nivå-/kanalavklaring av de navngitte spørsmålene; fullvilkår/rider der pakken mangler, ikke forsikringsgiverlikhet eller kundedokument.","[""SR-if-boat-general"", ""SRQ-062""]","[""SR-if-boat-general"", ""SRQ-062""]","[""SC-044""]","[{""raw_id"": ""SR-if-boat-general"", ""question"": ""BÅT2-1incorporatesgenerals§22;localGEN2-9June2025haslegal§23,notidentifiedastheapplicable2023edition."", ""required_evidence"": ""Exactapplicablegeneraltermsidentityandlegalcostsum,plusIPIDjolle/storagelevelclarification""}]",BLOCKS_NITO,[],True,Aktivt datert fullvilkår/kanaltillegg + matchende IPID/produktside; skriftlig offisiell avklaring ved motstrid.,Én koordinert bestilling med separate svar per spørsmål/type/kanal. Ingen antakelse om felles produkt eller felles faktaregel.,False,A source/eligibility adjudication is required before a non-misleading active-pilot gate can be signed; this does not assert every topic requires a code change.
SR-041,if-caravan-extensions,"[""if""]","[""Campingvogn""]","[""ordinary""]","[""[\""if\"",\""campingvogn\"",\""ordinary\"",\""if-campingvogn-delkasko\"",\""2024-03\""]"", ""[\""if\"",\""campingvogn\"",\""ordinary\"",\""if-campingvogn-kasko\"",\""2024-03\""]"", ""[\""if\"",\""campingvogn\"",\""ordinary\"",\""if-campingvogn-super\"",\""2024-03\""]""]",SC-041: Tilbygg Delkasko. SV707§1inkluderer40kuteneksplisittminstenivå; web begrenser Kasko/Super. Ikke anta Delkaskotilbygg.,"[""catalog/sources/mc-bobil/if-SV707.pdf"", ""catalog/sources/vehicle-extensions/if-campingvognforsikring.html""]","Datert autoritativ produkt-/nivå-/kanalavklaring av de navngitte spørsmålene; fullvilkår/rider der pakken mangler, ikke forsikringsgiverlikhet eller kundedokument.","[""SRQ-055""]","[""SRQ-055""]","[""SC-041""]",[],BLOCKS_NITO,[],True,Aktivt datert fullvilkår/kanaltillegg + matchende IPID/produktside; skriftlig offisiell avklaring ved motstrid.,Én koordinert bestilling med separate svar per spørsmål/type/kanal. Ingen antakelse om felles produkt eller felles faktaregel.,False,A source/eligibility adjudication is required before a non-misleading active-pilot gate can be signed; this does not assert every topic requires a code change.
SR-042,if-contents-riders,"[""if""]","[""Innbo""]","[""ordinary""]","[""[\""if\"",\""innbo\"",\""ordinary\"",\""if-innbo-basis\"",\""IBO2-1\""]"", ""[\""if\"",\""innbo\"",\""ordinary\"",\""if-innbo-utvidet\"",\""IBO2-1\""]"", ""[\""if\"",\""innbo\"",\""ordinary\"",\""if-innbo-super\"",\""IBO2-1\""]""]",Fullvilkår for høy sykkelverdi og verdigjenstand/samling; sikker nivå-/sum-/egenandelsmatrise.,"[""catalog/sources/if/innbo/If_Ansvar_Rettshjelp_SV006.pdf"", ""catalog/sources/if/innbo/If_Innboforsikring_IBO2-1.pdf""]","Datert autoritativ produkt-/nivå-/kanalavklaring av de navngitte spørsmålene; fullvilkår/rider der pakken mangler, ikke forsikringsgiverlikhet eller kundedokument.","[""SR-if-innbo-optional""]","[""SR-if-innbo-optional""]",[],"[{""raw_id"": ""SR-if-innbo-optional"", ""question"": ""IPID availability only, no canonical addon IDs; do not invent sums, eligibility or guarantee exceptions."", ""required_evidence"": ""[\""Separate bicycle-value extension fullterms\"", \""High-value object/samling agreement rider\"", \""Full Super guarantee terms\""]""}]",BLOCKS_NITO,[],True,Aktivt datert fullvilkår/kanaltillegg + matchende IPID/produktside; skriftlig offisiell avklaring ved motstrid.,Én koordinert bestilling med separate svar per spørsmål/type/kanal. Ingen antakelse om felles produkt eller felles faktaregel.,False,A source/eligibility adjudication is required before a non-misleading active-pilot gate can be signed; this does not assert every topic requires a code change.
SR-043,if-house-package,"[""if""]","[""Hus""]","[""ordinary""]","[""[\""if\"",\""bolig\"",\""ordinary\"",\""if-hus-basis\"",\""2023-09\""]"", ""[\""if\"",\""bolig\"",\""ordinary\"",\""if-hus-utvidet\"",\""2023-09\""]"", ""[\""if\"",\""bolig\"",\""ordinary\"",\""if-hus-super\"",\""2023-09\""]""]",SC-042: Product level names and intermediate-tier scope. BGN1-0 September2023 andHTML explicitlyBasis/Utvidet/Super;IPIDundatedStandard/Super omitsUtvidet. Full/websupportexactimplemented3levels;IPIDcannotproveStandard=Basis.,"[""catalog/sources/if/hus/Bygningsforsikring.pdf"", ""catalog/sources/if/hus/Husforsikring-produktside.html"", ""catalog/sources/if/hus/IPID-Husforsikring.pdf""]","Datert autoritativ produkt-/nivå-/kanalavklaring av de navngitte spørsmålene; fullvilkår/rider der pakken mangler, ikke forsikringsgiverlikhet eller kundedokument.","[""SR-if-hus-package"", ""SRQ-058""]","[""SR-if-hus-package"", ""SRQ-058""]","[""SC-042""]","[{""raw_id"": ""SR-if-hus-package"", ""question"": ""LocalgeneralPDFcontains2020healthpackage;do not assume newestGENautomaticallyapplies;IPID2leveldiff;marketing-onlyqualificationneedsfullsupport."", ""required_evidence"": ""[\""Exact applicable generalterms forBGN1-0\"", \""DatedIPIDwithexactBasis/Utvidet/Super\"", \""FullSuperguarantee andOhma/egenandel terms\""]""}]",BLOCKS_NITO,[],True,Aktivt datert fullvilkår/kanaltillegg + matchende IPID/produktside; skriftlig offisiell avklaring ved motstrid.,Én koordinert bestilling med separate svar per spørsmål/type/kanal. Ingen antakelse om felles produkt eller felles faktaregel.,False,A source/eligibility adjudication is required before a non-misleading active-pilot gate can be signed; this does not assert every topic requires a code change.
SR-044,if-mc-eligibility,"[""if""]","[""MC""]","[""ordinary""]","[""[\""if\"",\""mc\"",\""ordinary\"",\""if-mc-ansvar\"",\""2024-03\""]"", ""[\""if\"",\""mc\"",\""ordinary\"",\""if-mc-delkasko\"",\""2024-03\""]"", ""[\""if\"",\""mc\"",\""ordinary\"",\""if-mc-kasko\"",\""2024-03\""]""]",SC-038: Maskinskade kjøretøyeligibility. Webløpetekst sier alle motorsyklerunder7; full/IPID kun mellomtung/tung. Catalogkonservativtypeavgrensning korrekt.,"[""catalog/sources/mc-bobil/if-SV692.pdf"", ""catalog/sources/mc-bobil/if-mc-ipid.pdf"", ""catalog/sources/mc-bobil/if-mc-product.html""]","Datert autoritativ produkt-/nivå-/kanalavklaring av de navngitte spørsmålene; fullvilkår/rider der pakken mangler, ikke forsikringsgiverlikhet eller kundedokument.","[""SRQ-051""]","[""SRQ-051""]","[""SC-038""]",[],BLOCKS_NITO,[],True,Aktivt datert fullvilkår/kanaltillegg + matchende IPID/produktside; skriftlig offisiell avklaring ved motstrid.,Én koordinert bestilling med separate svar per spørsmål/type/kanal. Ingen antakelse om felles produkt eller felles faktaregel.,False,A source/eligibility adjudication is required before a non-misleading active-pilot gate can be signed; this does not assert every topic requires a code change.
SR-045,if-motor-type-extensions,"[""if""]","[""Snøscooter"", ""Campingvogn"", ""Tilhenger""]","[""ordinary""]","[""[\""if\"",\""snøscooter\"",\""ordinary\"",\""if-snoscooter-ansvar\"",\""2024-03\""]"", ""[\""if\"",\""snøscooter\"",\""ordinary\"",\""if-snoscooter-delkasko\"",\""2024-03\""]"", ""[\""if\"",\""snøscooter\"",\""ordinary\"",\""if-snoscooter-kasko\"",\""2024-03\""]"", ""[\""if\"",\""campingvogn\"",\""ordinary\"",\""if-campingvogn-delkasko\"",\""2024-03\""]"", ""[\""if\"",\""campingvogn\"",\""ordinary\"",\""if-campingvogn-kasko\"",\""2024-03\""]"", ""[\""if\"",\""campingvogn\"",\""ordinary\"",\""if-campingvogn-super\"",\""2024-03\""]"", ""[\""if\"",\""tilhenger\"",\""ordinary\"",\""if-tilhenger-delkasko\"",\""2024-03\""]"", ""[\""if\"",\""tilhenger\"",\""ordinary\"",\""if-tilhenger-kasko\"",\""2024-03\""]""]","Eksakt snøscooter glass/redning, ordinær nyverdi på ikke-motorisert type og høyere utstyr/tilbygg-riders. Selvstendig svar per type.","[""catalog/sources/mc-bobil/if-SV692.pdf"", ""catalog/sources/mc-bobil/if-SV707.pdf"", ""catalog/sources/vehicle-extensions/if-Vilkaar-4103ea25.pdf"", ""catalog/sources/vehicle-extensions/if-Vilkaar-b7d19ed7.pdf"", ""catalog/sources/vehicle-extensions/if-Vilkaar-df7c20ba.pdf"", ""catalog/sources/vehicle-extensions/if-campingvognforsikring.html"", ""catalog/sources/vehicle-extensions/if-snoscooterforsikring.html"", ""catalog/sources/vehicle-extensions/if-tilhengerforsikring.html""]","Datert autoritativ produkt-/nivå-/kanalavklaring av de navngitte spørsmålene; fullvilkår/rider der pakken mangler, ikke forsikringsgiverlikhet eller kundedokument.","[""SR-if-motor-precise-scope""]","[""SR-if-motor-precise-scope""]",[],"[{""raw_id"": ""SR-if-motor-precise-scope"", ""question"": ""Snøscooter glass/veihjelp og ordinær nyverdi på ikke-motoriserte kjøretøy har usikker eksplisitt anvendelse. Valgbar høyere utstyr-/tilbyggsum mangler full offentlig rider."", ""required_evidence"": ""Eksakte offisielle typeavklaringer og offentlige utvidelsesvilkår; ingen kundepoliser.""}]",BLOCKS_NITO,[],True,Aktivt datert fullvilkår/kanaltillegg + matchende IPID/produktside; skriftlig offisiell avklaring ved motstrid.,Én koordinert bestilling med separate svar per spørsmål/type/kanal. Ingen antakelse om felles produkt eller felles faktaregel.,False,A source/eligibility adjudication is required before a non-misleading active-pilot gate can be signed; this does not assert every topic requires a code change.
SR-046,if-motorhome-super,"[""if""]","[""Bobil""]","[""ordinary""]","[""[\""if\"",\""bobil\"",\""ordinary\"",\""if-bobil-ansvar\"",\""2024-03\""]"", ""[\""if\"",\""bobil\"",\""ordinary\"",\""if-bobil-delkasko\"",\""2024-03\""]"", ""[\""if\"",\""bobil\"",\""ordinary\"",\""if-bobil-kasko\"",\""2024-03\""]"", ""[\""if\"",\""bobil\"",\""ordinary\"",\""if-bobil-super\"",\""2022-06\""]""]","SC-036: Super nyverdi kilometer. Sammewebintro100k, tabell60k; fullMOT4.11.1før60k. Katalog60k støttes av fullvilkår; nettsidekonflikt må likevel forklares. | SC-037: IPID Super motor/kløtsj. IPID omtaler Superbegrensning kløtsj100k/maskin200k samtidig som maskin er tillegg. FullMOTclutchlamellunntak og separatvalgfri; ikke grunnlag for å inkludere maskin iSuper.","[""catalog/sources/mc-bobil/if-SV707.pdf"", ""catalog/sources/mc-bobil/if-bobil-ipid.pdf"", ""catalog/sources/mc-bobil/if-bobil-product.html"", ""catalog/sources/vehicle-extensions/if-Vilkaar-4103ea25.pdf""]","Datert autoritativ produkt-/nivå-/kanalavklaring av de navngitte spørsmålene; fullvilkår/rider der pakken mangler, ikke forsikringsgiverlikhet eller kundedokument.","[""SRQ-049"", ""SRQ-050""]","[""SRQ-049"", ""SRQ-050""]","[""SC-036"", ""SC-037""]",[],BLOCKS_NITO,[],True,Aktivt datert fullvilkår/kanaltillegg + matchende IPID/produktside; skriftlig offisiell avklaring ved motstrid.,Én koordinert bestilling med separate svar per spørsmål/type/kanal. Ingen antakelse om felles produkt eller felles faktaregel.,False,A source/eligibility adjudication is required before a non-misleading active-pilot gate can be signed; this does not assert every topic requires a code change.
SR-047,if-pet-birth-boundaries,"[""if""]","[""Hund"", ""Katt""]","[""ordinary""]","[""[\""if\"",\""hund\"",\""ordinary\"",\""if-hund-basis\"",\""2022-12-01\""]"", ""[\""if\"",\""hund\"",\""ordinary\"",\""if-hund-standard\"",\""2022-12-01\""]"", ""[\""if\"",\""hund\"",\""ordinary\"",\""if-hund-super\"",\""2022-12-01\""]"", ""[\""if\"",\""katt\"",\""ordinary\"",\""if-katt-basis\"",\""2022-12-01\""]"", ""[\""if\"",\""katt\"",\""ordinary\"",\""if-katt-standard\"",\""2022-12-01\""]"", ""[\""if\"",\""katt\"",\""ordinary\"",\""if-katt-super\"",\""2022-12-01\""]""]",SC-045: Keisersnitt: minst vs mer enn ett år; færre enn to vs ikke flere enn to tidligere. Full5.1.6:minstettår/ikketoellerflere;IPID:merennettår/ikkeflereennto. Exactboundariesconflict.,"[""catalog/sources/boat-pet/if-cat-ipid.pdf"", ""catalog/sources/boat-pet/if-cat-terms.pdf"", ""catalog/sources/boat-pet/if-dog-ipid.pdf"", ""catalog/sources/boat-pet/if-dog-terms.pdf""]","Datert autoritativ produkt-/nivå-/kanalavklaring av de navngitte spørsmålene; fullvilkår/rider der pakken mangler, ikke forsikringsgiverlikhet eller kundedokument.","[""SRQ-063""]","[""SRQ-063""]","[""SC-045""]",[],BLOCKS_NITO,[],True,Aktivt datert fullvilkår/kanaltillegg + matchende IPID/produktside; skriftlig offisiell avklaring ved motstrid.,Én koordinert bestilling med separate svar per spørsmål/type/kanal. Ingen antakelse om felles produkt eller felles faktaregel.,False,A source/eligibility adjudication is required before a non-misleading active-pilot gate can be signed; this does not assert every topic requires a code change.
SR-048,if-scooter-deductible,"[""if""]","[""Snøscooter""]","[""ordinary""]","[""[\""if\"",\""snøscooter\"",\""ordinary\"",\""if-snoscooter-ansvar\"",\""2024-03\""]"", ""[\""if\"",\""snøscooter\"",\""ordinary\"",\""if-snoscooter-delkasko\"",\""2024-03\""]"", ""[\""if\"",\""snøscooter\"",\""ordinary\"",\""if-snoscooter-kasko\"",\""2024-03\""]""]","SC-039: Tyveri FG-egenandel. SV692 og webintro reduserer2k; FAQ sier8000->4000 medFG og0medalarm. Egen kildekonflikt, ikke automatisk feil på standard8000medbevisforrang.","[""catalog/sources/mc-bobil/if-SV692.pdf"", ""catalog/sources/vehicle-extensions/if-snoscooterforsikring.html""]","Datert autoritativ produkt-/nivå-/kanalavklaring av de navngitte spørsmålene; fullvilkår/rider der pakken mangler, ikke forsikringsgiverlikhet eller kundedokument.","[""SRQ-053""]","[""SRQ-053""]","[""SC-039""]",[],BLOCKS_NITO,[],True,Aktivt datert fullvilkår/kanaltillegg + matchende IPID/produktside; skriftlig offisiell avklaring ved motstrid.,Én koordinert bestilling med separate svar per spørsmål/type/kanal. Ingen antakelse om felles produkt eller felles faktaregel.,False,A source/eligibility adjudication is required before a non-misleading active-pilot gate can be signed; this does not assert every topic requires a code change.
SR-049,if-super-guarantee,"[""if""]","[""Bobil"", ""Campingvogn"", ""Innbo"", ""Hus"", ""Reise""]","[""ordinary""]","[""[\""if\"",\""innbo\"",\""ordinary\"",\""if-innbo-basis\"",\""IBO2-1\""]"", ""[\""if\"",\""innbo\"",\""ordinary\"",\""if-innbo-utvidet\"",\""IBO2-1\""]"", ""[\""if\"",\""innbo\"",\""ordinary\"",\""if-innbo-super\"",\""IBO2-1\""]"", ""[\""if\"",\""bolig\"",\""ordinary\"",\""if-hus-basis\"",\""2023-09\""]"", ""[\""if\"",\""bolig\"",\""ordinary\"",\""if-hus-utvidet\"",\""2023-09\""]"", ""[\""if\"",\""bolig\"",\""ordinary\"",\""if-hus-super\"",\""2023-09\""]"", ""[\""if\"",\""reise\"",\""ordinary\"",\""if-reise-basis\"",\""2026-09-20-canonical\""]"", ""[\""if\"",\""reise\"",\""ordinary\"",\""if-reise-standard\"",\""2026-09-20-canonical\""]"", ""[\""if\"",\""reise\"",\""ordinary\"",\""if-reise-super\"",\""2026-09-20-canonical\""]"", ""[\""if\"",\""campingvogn\"",\""ordinary\"",\""if-campingvogn-delkasko\"",\""2024-03\""]"", ""[\""if\"",\""campingvogn\"",\""ordinary\"",\""if-campingvogn-kasko\"",\""2024-03\""]"", ""[\""if\"",\""campingvogn\"",\""ordinary\"",\""if-campingvogn-super\"",\""2024-03\""]"", ""[\""if\"",\""bobil\"",\""ordinary\"",\""if-bobil-ansvar\"",\""2024-03\""]"", ""[\""if\"",\""bobil\"",\""ordinary\"",\""if-bobil-delkasko\"",\""2024-03\""]"", ""[\""if\"",\""bobil\"",\""ordinary\"",\""if-bobil-kasko\"",\""2024-03\""]"", ""[\""if\"",\""bobil\"",\""ordinary\"",\""if-bobil-super\"",\""2022-06\""]""]","Fullstendige toårs Supergaranti-regler, med eksakt anvendelig produkt-/versjonsmatrise. Felles forskning gir ikke rett til å dele fakta mellom familiene.","[""catalog/sources/if/hus/Bygningsforsikring.pdf"", ""catalog/sources/if/hus/Husforsikring-produktside.html"", ""catalog/sources/if/hus/Rettshjelp-og-ansvarsforsikring.pdf"", ""catalog/sources/if/innbo/If_Ansvar_Rettshjelp_SV006.pdf"", ""catalog/sources/if/innbo/If_Innboforsikring_IBO2-1.pdf"", ""catalog/sources/if/reise/canonical/Helars-reiseforsikring-vilkar.pdf"", ""catalog/sources/if/reise/canonical/Reiseforsikring-produktside.html"", ""catalog/sources/if/reise/canonical/SmartDelay.html"", ""catalog/sources/mc-bobil/if-SV707.pdf"", ""catalog/sources/mc-bobil/if-bobil-product.html"", ""catalog/sources/vehicle-extensions/if-Vilkaar-4103ea25.pdf"", ""catalog/sources/vehicle-extensions/if-Vilkaar-df7c20ba.pdf"", ""catalog/sources/vehicle-extensions/if-campingvognforsikring.html""]","Datert autoritativ produkt-/nivå-/kanalavklaring av de navngitte spørsmålene; fullvilkår/rider der pakken mangler, ikke forsikringsgiverlikhet eller kundedokument.","[""SR-if-hus-package"", ""SR-if-innbo-optional"", ""SR-if-reise-guarantee"", ""SR-if-supergaranti""]","[""SR-if-hus-package"", ""SR-if-innbo-optional"", ""SR-if-reise-guarantee"", ""SR-if-supergaranti""]",[],"[{""raw_id"": ""SR-if-supergaranti"", ""question"": ""Lokalewebsider angir2år Supergaranti, men lenket selvstendig garantiregel ikke lokalt lagret."", ""required_evidence"": ""Offisielle komplette Supergaranti-regler for riktig lokal versjon.""}, {""raw_id"": ""SR-if-innbo-optional"", ""question"": ""IPID availability only, no canonical addon IDs; do not invent sums, eligibility or guarantee exceptions."", ""required_evidence"": ""[\""Separate bicycle-value extension fullterms\"", \""High-value object/samling agreement rider\"", \""Full Super guarantee terms\""]""}, {""raw_id"": ""SR-if-hus-package"", ""question"": ""LocalgeneralPDFcontains2020healthpackage;do not assume newestGENautomaticallyapplies;IPID2leveldiff;marketing-onlyqualificationneedsfullsupport."", ""required_evidence"": ""[\""Exact applicable generalterms forBGN1-0\"", \""DatedIPIDwithexactBasis/Utvidet/Super\"", \""FullSuperguarantee andOhma/egenandel terms\""]""}, {""raw_id"": ""SR-if-reise-guarantee"", ""question"": ""FullSuperguaranteeconditionsnotinlocal6artifactpackage"", ""required_evidence"": ""Applicable guarantee terms for2year marketingbenefit""}]",HIGH_VALUE,[],False,Aktivt datert fullvilkår/kanaltillegg + matchende IPID/produktside; skriftlig offisiell avklaring ved motstrid.,Én koordinert bestilling med separate svar per spørsmål/type/kanal. Ingen antakelse om felles produkt eller felles faktaregel.,False,"No active P1 dimension is blocked by this task; historical, stale, lower-applicability or extra guarantee question retained for full quality."
SR-050,if-trailer-assistance,"[""if""]","[""Tilhenger""]","[""ordinary""]","[""[\""if\"",\""tilhenger\"",\""ordinary\"",\""if-tilhenger-delkasko\"",\""2024-03\""]"", ""[\""if\"",\""tilhenger\"",\""ordinary\"",\""if-tilhenger-kasko\"",\""2024-03\""]""]","SC-040: Veihjelp egenandel. MOT750, web500 ogS709ingenoverstyring. Katalog mangler veihjelp helt; kunne ikke velge sikkert standardbeløp.","[""catalog/sources/vehicle-extensions/if-Vilkaar-4103ea25.pdf"", ""catalog/sources/vehicle-extensions/if-Vilkaar-b7d19ed7.pdf"", ""catalog/sources/vehicle-extensions/if-tilhengerforsikring.html""]","Datert autoritativ produkt-/nivå-/kanalavklaring av de navngitte spørsmålene; fullvilkår/rider der pakken mangler, ikke forsikringsgiverlikhet eller kundedokument.","[""SRQ-054""]","[""SRQ-054""]","[""SC-040""]",[],BLOCKS_NITO,[],True,Aktivt datert fullvilkår/kanaltillegg + matchende IPID/produktside; skriftlig offisiell avklaring ved motstrid.,Én koordinert bestilling med separate svar per spørsmål/type/kanal. Ingen antakelse om felles produkt eller felles faktaregel.,False,A source/eligibility adjudication is required before a non-misleading active-pilot gate can be signed; this does not assert every topic requires a code change.
SR-051,if-travel-treatment,"[""if""]","[""Reise""]","[""ordinary""]","[""[\""if\"",\""reise\"",\""ordinary\"",\""if-reise-basis\"",\""2026-09-20-canonical\""]"", ""[\""if\"",\""reise\"",\""ordinary\"",\""if-reise-standard\"",\""2026-09-20-canonical\""]"", ""[\""if\"",\""reise\"",\""ordinary\"",\""if-reise-super\"",\""2026-09-20-canonical\""]""]",SC-043: Psykologisk førstehjelp: timer vs behandlinger. ERA3-4§5.2.10:inntil10timer;lokalproduktside:inntil10behandlinger. Not a proven safe equivalence.,"[""catalog/sources/if/reise/canonical/Helars-reiseforsikring-vilkar.pdf"", ""catalog/sources/if/reise/canonical/Reiseforsikring-produktside.html""]","Datert autoritativ produkt-/nivå-/kanalavklaring av de navngitte spørsmålene; fullvilkår/rider der pakken mangler, ikke forsikringsgiverlikhet eller kundedokument.","[""SRQ-060""]","[""SRQ-060""]","[""SC-043""]",[],BLOCKS_NITO,[],True,Aktivt datert fullvilkår/kanaltillegg + matchende IPID/produktside; skriftlig offisiell avklaring ved motstrid.,Én koordinert bestilling med separate svar per spørsmål/type/kanal. Ingen antakelse om felles produkt eller felles faktaregel.,False,A source/eligibility adjudication is required before a non-misleading active-pilot gate can be signed; this does not assert every topic requires a code change.
SR-052,storebrand-boat-proof-device,"[""storebrand""]","[""Båt""]","[""ordinary""]","[""[\""storebrand\"",\""båt\"",\""ordinary\"",\""storebrand-bat-delkasko\"",\""2024-09-01\""]"", ""[\""storebrand\"",\""båt\"",\""ordinary\"",\""storebrand-bat-kasko\"",\""2024-09-01\""]"", ""[\""storebrand\"",\""båt\"",\""ordinary\"",\""storebrand-bat-super\"",\""2024-09-01\""]""]",SC-069: Registration eligibility and documentary proof for total disappearance. Full§4 ≥10hk/≥4.5m and Småbåt/Securmark; web >10hk/>4.5m and Småbåt only. Full§6.21 permits registry evidence or purchase contract; IPID excludes disappeared boat not Småbåt registered. No unqualified common negative imported. | SC-070: Theft deductible reduction safety device. Full§5.1 requires operating FG search/recovery system or whole-boat Securmark; web FAQ calls it FG alarm. Alarm alone not proven equivalent to recovery system.,"[""catalog/sources/boat-pet/storebrand-boat-ipid.pdf"", ""catalog/sources/boat-pet/storebrand-boat-product.html"", ""catalog/sources/boat-pet/storebrand-boat-terms.pdf""]","Datert autoritativ produkt-/nivå-/kanalavklaring av de navngitte spørsmålene; fullvilkår/rider der pakken mangler, ikke forsikringsgiverlikhet eller kundedokument.","[""SRQ-103"", ""SRQ-104"", ""storebrand-boat-registration-and-alarm""]","[""SRQ-103"", ""SRQ-104"", ""storebrand-boat-registration-and-alarm""]","[""SC-069"", ""SC-070""]","[{""raw_id"": ""storebrand-boat-registration-and-alarm"", ""question"": ""SC069–070 material boundary/proof/device differences remain in reviewed local sources."", ""required_evidence"": ""Dated Storebrand clarification/current exact-product full package; no retrieval in this audit.""}]",BLOCKS_NITO,[],True,Aktivt datert fullvilkår/kanaltillegg + matchende IPID/produktside; skriftlig offisiell avklaring ved motstrid.,Én koordinert bestilling med separate svar per spørsmål/type/kanal. Ingen antakelse om felles produkt eller felles faktaregel.,False,A source/eligibility adjudication is required before a non-misleading active-pilot gate can be signed; this does not assert every topic requires a code change.
SR-053,storebrand-camp-trailer,"[""storebrand""]","[""Campingvogn"", ""Tilhenger""]","[""ordinary""]","[""[\""storebrand\"",\""campingvogn\"",\""ordinary\"",\""storebrand-campingvogn-brann-og-tyveri\"",\""2026-03-01\""]"", ""[\""storebrand\"",\""campingvogn\"",\""ordinary\"",\""storebrand-campingvogn-kasko\"",\""2026-03-01\""]"", ""[\""storebrand\"",\""campingvogn\"",\""ordinary\"",\""storebrand-campingvogn-super\"",\""2026-03-01\""]"", ""[\""storebrand\"",\""tilhenger\"",\""ordinary\"",\""storebrand-tilhenger-brann-og-tyveri\"",\""2026-03-01\""]"", ""[\""storebrand\"",\""tilhenger\"",\""ordinary\"",\""storebrand-tilhenger-kasko\"",\""2026-03-01\""]""]",SC-007: Super contents sum; Tilhenger roadside and deductibles. Super table5=100000 vs text5/summary/damage tables=30000. Tilhenger website says roadside follows towing car/500; full terms included/750. Website fixed deductible1000 vs full terms8000 unless certificate.,"[""catalog/sources/vehicle-extensions/storebrand-campingvognforsikring.html"", ""catalog/sources/vehicle-extensions/storebrand-tilhengerforsikring.html"", ""catalog/sources/vehicle-extensions/storebrand-vilkar-campingvogn-og-tilhenger.pdf""]","Datert autoritativ produkt-/nivå-/kanalavklaring av de navngitte spørsmålene; fullvilkår/rider der pakken mangler, ikke forsikringsgiverlikhet eller kundedokument.","[""SRQ-012"", ""storebrand-motor-camp-final-questions""]","[""SRQ-012"", ""storebrand-motor-camp-final-questions""]","[""SC-007""]","[{""raw_id"": ""storebrand-motor-camp-final-questions"", ""question"": ""SC006/007: exact applicability and conflicting sums/deductibles cannot be reconciled from frozen local package."", ""required_evidence"": ""Dated official MC ordinary luggage clarification; motor09 Delkasko new-value/registered Bobil applicability; camp02 Super contents and trailer roadside/deductible application.""}]",BLOCKS_NITO,[],True,Aktivt datert fullvilkår/kanaltillegg + matchende IPID/produktside; skriftlig offisiell avklaring ved motstrid.,Én koordinert bestilling med separate svar per spørsmål/type/kanal. Ingen antakelse om felles produkt eller felles faktaregel.,False,A source/eligibility adjudication is required before a non-misleading active-pilot gate can be signed; this does not assert every topic requires a code change.
SR-054,storebrand-contents-home-context,"[""storebrand""]","[""Innbo""]","[""ordinary""]","[""[\""storebrand\"",\""innbo\"",\""ordinary\"",\""sb-innbo-standard\"",\""innbo09\""]"", ""[\""storebrand\"",\""innbo\"",\""ordinary\"",\""sb-innbo-super\"",\""innbo09\""]""]",Eksakt produktidentitet for innbo i bolig/fritidsbolig og de betingede reglenes anvendelse. Ingen nye grenser skal antas.,"[""catalog/sources/storebrand/innbo/Storebrand_Innbo_innbo09.pdf""]","Datert autoritativ produkt-/nivå-/kanalavklaring av de navngitte spørsmålene; fullvilkår/rider der pakken mangler, ikke forsikringsgiverlikhet eller kundedokument.","[""storebrand-innbo-holiday-context""]","[""storebrand-innbo-holiday-context""]",[],"[{""raw_id"": ""storebrand-innbo-holiday-context"", ""question"": ""Source differentiates home/holiday-home, exact catalog applicability context unspecified."", ""required_evidence"": ""Official exact home/holiday product identity clarification; not new terms values.""}]",MEDIUM_VALUE,[],False,Aktivt datert fullvilkår/kanaltillegg + matchende IPID/produktside; skriftlig offisiell avklaring ved motstrid.,Én koordinert bestilling med separate svar per spørsmål/type/kanal. Ingen antakelse om felles produkt eller felles faktaregel.,False,"No active P1 dimension is blocked by this task; historical, stale, lower-applicability or extra guarantee question retained for full quality."
SR-055,storebrand-house-version,"[""storebrand""]","[""Hus""]","[""ordinary""]","[""[\""storebrand\"",\""bolig\"",\""ordinary\"",\""storebrand-hus-standard\"",\""2025-08-15\""]"", ""[\""storebrand\"",\""bolig\"",\""ordinary\"",\""storebrand-hus-super\"",\""2025-08-15\""]""]",SC-008: Drone/smallbuild/brygge/rebuildpersonscope; deductible; IPIDwheelchair; utleie applicability. HUS10B2 droneEuropa absent D; Super column excludes added smallbuild cover while prose Standard; brygge included/excluded wording; B6.2spouse versusB6.3livsarving; HTMLalarmminus4000 vsHUS10zero;2019IPIDwheelchairSuper vs2025HUS10both;HUS10Fmax3notUTLEI03.,"[""catalog/sources/storebrand/hus/Husforsikring-produktside.html"", ""catalog/sources/storebrand/hus/IPID-Husforsikring.pdf"", ""catalog/sources/storebrand/hus/Vilkar-hus-og-hytte-HUS10.pdf"", ""catalog/sources/storebrand/hus/Vilkar-utleieforsikring-UTLEI03.pdf""]","Datert autoritativ produkt-/nivå-/kanalavklaring av de navngitte spørsmålene; fullvilkår/rider der pakken mangler, ikke forsikringsgiverlikhet eller kundedokument.","[""SRQ-013"", ""storebrand-hus-final-questions""]","[""SRQ-013"", ""storebrand-hus-final-questions""]","[""SC-008""]","[{""raw_id"": ""storebrand-hus-final-questions"", ""question"": ""SC008 exact source clauses/versions contradict; all local pages read."", ""required_evidence"": ""Dated HUS10 B2/B3/B6.2/B6.3 and UTLEI03/HUS10F applicability clarification, alarm deductible and IPID level confirmation.""}]",BLOCKS_NITO,[],True,Aktivt datert fullvilkår/kanaltillegg + matchende IPID/produktside; skriftlig offisiell avklaring ved motstrid.,Én koordinert bestilling med separate svar per spørsmål/type/kanal. Ingen antakelse om felles produkt eller felles faktaregel.,False,A source/eligibility adjudication is required before a non-misleading active-pilot gate can be signed; this does not assert every topic requires a code change.
SR-056,storebrand-motor-applicability,"[""storebrand""]","[""Bil"", ""Bobil"", ""MC""]","[""ordinary""]","[""[\""storebrand\"",\""bil\"",\""ordinary\"",\""sb-bil-ansvar\"",\""motor09\""]"", ""[\""storebrand\"",\""bil\"",\""ordinary\"",\""sb-bil-delkasko\"",\""motor09\""]"", ""[\""storebrand\"",\""bil\"",\""ordinary\"",\""sb-bil-kasko\"",\""motor09\""]"", ""[\""storebrand\"",\""bil\"",\""ordinary\"",\""sb-bil-super\"",\""motor09\""]"", ""[\""storebrand\"",\""mc\"",\""ordinary\"",\""storebrand-mc-ansvar\"",\""motor09\""]"", ""[\""storebrand\"",\""mc\"",\""ordinary\"",\""storebrand-mc-delkasko\"",\""motor09\""]"", ""[\""storebrand\"",\""mc\"",\""ordinary\"",\""storebrand-mc-kasko\"",\""motor09\""]"", ""[\""storebrand\"",\""bobil\"",\""ordinary\"",\""storebrand-bobil-ansvar\"",\""motor09\""]"", ""[\""storebrand\"",\""bobil\"",\""ordinary\"",\""storebrand-bobil-delkasko\"",\""motor09\""]"", ""[\""storebrand\"",\""bobil\"",\""ordinary\"",\""storebrand-bobil-kasko\"",\""motor09\""]"", ""[\""storebrand\"",\""bobil\"",\""ordinary\"",\""storebrand-bobil-super\"",\""motor09\""]""]",SC-006: Bagage / ordinarynewvalue applicability. MC only: shared motor09s1/s7 ordinary luggage10000 versus MCweb explicit no luggage/goods. Bobil Kasko: generic §1.2 new-value cell versus §10.3 registered person/varebil qualification; vehicle registration class not established by product name. Bil Delkasko: §10.3 general settlement right versus §1.2 empty Delkasko cell. Scooter is excluded from this conflict because no applicable Scooter source contradicts generic coverage; §6.4.6 only excludes Super extension.,"[""catalog/sources/storebrand/vilkar-motorvognforsikring-motor09.pdf"", ""catalog/sources/vehicle-extensions/storebrand-mc-forsikring.html""]","Datert autoritativ produkt-/nivå-/kanalavklaring av de navngitte spørsmålene; fullvilkår/rider der pakken mangler, ikke forsikringsgiverlikhet eller kundedokument.","[""SRQ-011"", ""storebrand-motor-camp-final-questions""]","[""SRQ-011"", ""storebrand-motor-camp-final-questions""]","[""SC-006""]","[{""raw_id"": ""storebrand-motor-camp-final-questions"", ""question"": ""SC006/007: exact applicability and conflicting sums/deductibles cannot be reconciled from frozen local package."", ""required_evidence"": ""Dated official MC ordinary luggage clarification; motor09 Delkasko new-value/registered Bobil applicability; camp02 Super contents and trailer roadside/deductible application.""}]",BLOCKS_NITO,[],True,Aktivt datert fullvilkår/kanaltillegg + matchende IPID/produktside; skriftlig offisiell avklaring ved motstrid.,Én koordinert bestilling med separate svar per spørsmål/type/kanal. Ingen antakelse om felles produkt eller felles faktaregel.,False,A source/eligibility adjudication is required before a non-misleading active-pilot gate can be signed; this does not assert every topic requires a code change.
SR-057,storebrand-travel-transfer,"[""storebrand""]","[""Reise""]","[""ordinary""]","[""[\""storebrand\"",\""reise\"",\""ordinary\"",\""storebrand-reise-standard\"",\""2026-09-20-canonical\""]"", ""[\""storebrand\"",\""reise\"",\""ordinary\"",\""storebrand-reise-super\"",\""2026-09-20-canonical\""]""]",SC-009: New insurance purchased while already on trip. B1 categorically excludes current trip; IPIDexceptsdirecttransferfromNorwegianinsurer. No policy supplied.,"[""catalog/sources/storebrand/reise/canonical/IPID-reiseforsikring.pdf"", ""catalog/sources/storebrand/reise/canonical/reise10-vilkar-reiseforsikring.pdf""]","Datert autoritativ produkt-/nivå-/kanalavklaring av de navngitte spørsmålene; fullvilkår/rider der pakken mangler, ikke forsikringsgiverlikhet eller kundedokument.","[""SRQ-014"", ""storebrand-reise-purchase-transfer""]","[""SRQ-014"", ""storebrand-reise-purchase-transfer""]","[""SC-009""]","[{""raw_id"": ""storebrand-reise-purchase-transfer"", ""question"": ""SC009 transfer exception in IPID versus categorical full-term restriction."", ""required_evidence"": ""Dated applicability of direct-transfer exception for journey already started.""}]",BLOCKS_NITO,[],True,Aktivt datert fullvilkår/kanaltillegg + matchende IPID/produktside; skriftlig offisiell avklaring ved motstrid.,Én koordinert bestilling med separate svar per spørsmål/type/kanal. Ingen antakelse om felles produkt eller felles faktaregel.,False,A source/eligibility adjudication is required before a non-misleading active-pilot gate can be signed; this does not assert every topic requires a code change.
SR-058,tryg-boat-accident-clarification,"[""tryg""]","[""Båt""]","[""ordinary""]","[""[\""tryg\"",\""båt\"",\""ordinary\"",\""tryg-bat-ansvar\"",\""2024-07-01\""]"", ""[\""tryg\"",\""båt\"",\""ordinary\"",\""tryg-bat-brann-ansvar\"",\""2024-07-01\""]"", ""[\""tryg\"",\""båt\"",\""ordinary\"",\""tryg-bat-brann-tyveri-ansvar\"",\""2024-07-01\""]"", ""[\""tryg\"",\""båt\"",\""ordinary\"",\""tryg-bat-kasko-ansvar\"",\""2024-07-01\""]"", ""[\""tryg\"",\""båt\"",\""ordinary\"",\""tryg-bat-bat-ekstra\"",\""2024-07-01\""]""]",Eksakt ulykkesprodukt-versjon som avklarer IPID 80-år/sykehus mot PFB38900; ikke anta historisk sammendrag utvider fullvilkåret.,"[""catalog/sources/boat-pet/tryg-boat-accident-terms.pdf"", ""catalog/sources/boat-pet/tryg-boat-extra-terms.pdf"", ""catalog/sources/boat-pet/tryg-boat-inboard-terms.pdf"", ""catalog/sources/boat-pet/tryg-boat-ipid.pdf"", ""catalog/sources/boat-pet/tryg-boat-machinery-terms.pdf"", ""catalog/sources/boat-pet/tryg-boat-product.html"", ""catalog/sources/tryg/hus/05PGE91500.pdf""]","Datert autoritativ produkt-/nivå-/kanalavklaring av de navngitte spørsmålene; fullvilkår/rider der pakken mangler, ikke forsikringsgiverlikhet eller kundedokument.","[""SR-tryg-boat-mainterms""]","[""SR-tryg-boat-mainterms""]",[],"[{""raw_id"": ""SR-tryg-boat-mainterms"", ""question"": ""LocalPFB33/34/35/37000producttermsdoNOTcontainordinaryAnsvar/BrannTyveri/Kaskoallclauses. FullcorepositiveclaimscoveredonlywhereIPID/webexplicit. NeedexactBrannstandaloneniveau/ansvarsum/basepropertylimits/allmajorqualifiers;IPID80år/websykehusvsaccidentfullnohospitalrule."", ""required_evidence"": ""Exactordinaryboatliability/fire/theft/Kaskocoveragefullterms+safetyanddatedaccidentwebclarification;noassumeddata.""}]",BLOCKS_NITO,[],True,Aktivt datert fullvilkår/kanaltillegg + matchende IPID/produktside; skriftlig offisiell avklaring ved motstrid.,Én koordinert bestilling med separate svar per spørsmål/type/kanal. Ingen antakelse om felles produkt eller felles faktaregel.,False,A source/eligibility adjudication is required before a non-misleading active-pilot gate can be signed; this does not assert every topic requires a code change.
SR-059,tryg-boat-core-package,"[""tryg""]","[""Båt""]","[""ordinary""]","[""[\""tryg\"",\""båt\"",\""ordinary\"",\""tryg-bat-ansvar\"",\""2024-07-01\""]"", ""[\""tryg\"",\""båt\"",\""ordinary\"",\""tryg-bat-brann-ansvar\"",\""2024-07-01\""]"", ""[\""tryg\"",\""båt\"",\""ordinary\"",\""tryg-bat-brann-tyveri-ansvar\"",\""2024-07-01\""]"", ""[\""tryg\"",\""båt\"",\""ordinary\"",\""tryg-bat-kasko-ansvar\"",\""2024-07-01\""]"", ""[\""tryg\"",\""båt\"",\""ordinary\"",\""tryg-bat-bat-ekstra\"",\""2024-07-01\""]""]","Ordinære ansvar/brann/tyveri/kasko-dekningsvilkår og sikkerhetsforskrifter som ikke inngår i PFB-produktbetingelsene. Daterte beløp, nivåer, vilkår og standardegendeler.","[""catalog/sources/boat-pet/tryg-boat-accident-terms.pdf"", ""catalog/sources/boat-pet/tryg-boat-extra-terms.pdf"", ""catalog/sources/boat-pet/tryg-boat-inboard-terms.pdf"", ""catalog/sources/boat-pet/tryg-boat-ipid.pdf"", ""catalog/sources/boat-pet/tryg-boat-machinery-terms.pdf"", ""catalog/sources/boat-pet/tryg-boat-product.html"", ""catalog/sources/tryg/hus/05PGE91500.pdf""]","Datert autoritativ produkt-/nivå-/kanalavklaring av de navngitte spørsmålene; fullvilkår/rider der pakken mangler, ikke forsikringsgiverlikhet eller kundedokument.","[""SR-tryg-boat-mainterms""]","[""SR-tryg-boat-mainterms""]",[],"[{""raw_id"": ""SR-tryg-boat-mainterms"", ""question"": ""LocalPFB33/34/35/37000producttermsdoNOTcontainordinaryAnsvar/BrannTyveri/Kaskoallclauses. FullcorepositiveclaimscoveredonlywhereIPID/webexplicit. NeedexactBrannstandaloneniveau/ansvarsum/basepropertylimits/allmajorqualifiers;IPID80år/websykehusvsaccidentfullnohospitalrule."", ""required_evidence"": ""Exactordinaryboatliability/fire/theft/Kaskocoveragefullterms+safetyanddatedaccidentwebclarification;noassumeddata.""}]",BLOCKS_NITO,"[""B-199""]",True,Aktivt datert fullvilkår/kanaltillegg + matchende IPID/produktside; skriftlig offisiell avklaring ved motstrid.,Én koordinert bestilling med separate svar per spørsmål/type/kanal. Ingen antakelse om felles produkt eller felles faktaregel.,False,A source/eligibility adjudication is required before a non-misleading active-pilot gate can be signed; this does not assert every topic requires a code change.
SR-060,tryg-boat-engine-age,"[""tryg""]","[""Båt""]","[""ordinary""]","[""[\""tryg\"",\""båt\"",\""ordinary\"",\""tryg-bat-ansvar\"",\""2024-07-01\""]"", ""[\""tryg\"",\""båt\"",\""ordinary\"",\""tryg-bat-brann-ansvar\"",\""2024-07-01\""]"", ""[\""tryg\"",\""båt\"",\""ordinary\"",\""tryg-bat-brann-tyveri-ansvar\"",\""2024-07-01\""]"", ""[\""tryg\"",\""båt\"",\""ordinary\"",\""tryg-bat-kasko-ansvar\"",\""2024-07-01\""]"", ""[\""tryg\"",\""båt\"",\""ordinary\"",\""tryg-bat-bat-ekstra\"",\""2024-07-01\""]""]",SC-050: Seilbåt/motoralder. IPIDJul2024utenbord/seilbåt12år;PFB36910Jan2026kunmotortype12påheng15innenbordutperioden;ikkevidereseilbåtgrenutentypedkilde.,"[""catalog/sources/boat-pet/tryg-boat-ipid.pdf"", ""catalog/sources/boat-pet/tryg-boat-machinery-terms.pdf""]","Datert autoritativ produkt-/nivå-/kanalavklaring av de navngitte spørsmålene; fullvilkår/rider der pakken mangler, ikke forsikringsgiverlikhet eller kundedokument.","[""SRQ-072""]","[""SRQ-072""]","[""SC-050""]",[],BLOCKS_NITO,"[""B-199""]",True,Aktivt datert fullvilkår/kanaltillegg + matchende IPID/produktside; skriftlig offisiell avklaring ved motstrid.,Én koordinert bestilling med separate svar per spørsmål/type/kanal. Ingen antakelse om felles produkt eller felles faktaregel.,False,A source/eligibility adjudication is required before a non-misleading active-pilot gate can be signed; this does not assert every topic requires a code change.
SR-061,tryg-car-base-package,"[""tryg""]","[""Bil""]","[""ordinary""]","[""[\""tryg\"",\""bil\"",\""ordinary\"",\""bil-ansvar\"",\""PAU25003\""]"", ""[\""tryg\"",\""bil\"",\""ordinary\"",\""bil-delkasko\"",\""PAU25835\""]"", ""[\""tryg\"",\""bil\"",\""ordinary\"",\""bil-kasko\"",\""PAU25205\""]""]","Bil-spesifikke produktvilkår og IPID for global geografi, eligibility og Leiebil-nivå; ikke importer MC/Bobil eller endre frosset datogate.","[""catalog/sources/tryg/Bilforsikring-Ansvar.pdf"", ""catalog/sources/tryg/Bilforsikring-BilEkstra.pdf"", ""catalog/sources/tryg/Bilforsikring-Delkasko.pdf"", ""catalog/sources/tryg/Bilforsikring-ElbilEkstra.pdf"", ""catalog/sources/tryg/Bilforsikring-Kasko.pdf"", ""catalog/sources/tryg/Bilforsikring-Maskinskade.pdf"", ""catalog/sources/tryg/Fører- og Passasjerulykke.pdf"", ""catalog/sources/tryg/Fører- og passasjerulykke Ekstra.pdf"", ""catalog/sources/tryg/hus/05PGE91500.pdf""]","Datert autoritativ produkt-/nivå-/kanalavklaring av de navngitte spørsmålene; fullvilkår/rider der pakken mangler, ikke forsikringsgiverlikhet eller kundedokument.","[""SR-tryg-bil-product-base""]","[""SR-tryg-bil-product-base""]",[],"[{""raw_id"": ""SR-tryg-bil-product-base"", ""question"": ""Local9Biloriginalsprovidecoveragesandexplicitsharedlegal/generalbutnoBil-specificproductconditionsIPIDforglobalgeography/eligibility/optionalLeiebillevelscope."", ""required_evidence"": ""ApplicableBilproducttermsandIPID;do notimportMC/Bobilspecificrulebyprovideralone""}]",BLOCKS_NITO,[],True,Aktivt datert fullvilkår/kanaltillegg + matchende IPID/produktside; skriftlig offisiell avklaring ved motstrid.,Én koordinert bestilling med separate svar per spørsmål/type/kanal. Ingen antakelse om felles produkt eller felles faktaregel.,False,A source/eligibility adjudication is required before a non-misleading active-pilot gate can be signed; this does not assert every topic requires a code change.
SR-062,tryg-caravan-interruption,"[""tryg""]","[""Campingvogn""]","[""ordinary""]","[""[\""tryg\"",\""campingvogn\"",\""ordinary\"",\""tryg-campingvogn-brann\"",\""2026-01-01\""]"", ""[\""tryg\"",\""campingvogn\"",\""ordinary\"",\""tryg-campingvogn-brann-og-tyveri\"",\""2026-01-01\""]"", ""[\""tryg\"",\""campingvogn\"",\""ordinary\"",\""tryg-campingvogn-kasko\"",\""2026-01-01\""]"", ""[\""tryg\"",\""campingvogn\"",\""ordinary\"",\""tryg-campingvogn-campingvogn-ekstra\"",\""2026-01-01\""]""]",Avklar om nettsidens avlyst reise gjelder samme produkt som fullvilkårets påbegynt/avbrutt ferie; eksakt datert scope.,"[""catalog/sources/vehicle-extensions/tryg-campingvognforsikring.html"", ""catalog/sources/vehicle-extensions/tryg-odpdf-03ff0533.pdf"", ""catalog/sources/vehicle-extensions/tryg-odpdf-05b2538c.pdf"", ""catalog/sources/vehicle-extensions/tryg-odpdf-543856fa.pdf"", ""catalog/sources/vehicle-extensions/tryg-odpdf-65439673.pdf"", ""catalog/sources/vehicle-extensions/tryg-odpdf-778e88dd.pdf"", ""catalog/sources/vehicle-extensions/tryg-odpdf-d09fac80.pdf"", ""catalog/sources/vehicle-extensions/tryg-odpdf-d8d47def.pdf""]","Datert autoritativ produkt-/nivå-/kanalavklaring av de navngitte spørsmålene; fullvilkår/rider der pakken mangler, ikke forsikringsgiverlikhet eller kundedokument.","[""SR-tryg-extension-scope""]","[""SR-tryg-extension-scope""]",[],"[{""raw_id"": ""SR-tryg-extension-scope"", ""question"": ""SnowOct1PDFBT6kvsHTML4kutennivå;avregistreringskonflikt;campwebintroavlystvsfullpåbegyntavbrutt;aldriutviddekningpåmarkedsintroalene."", ""required_evidence"": ""Nivå/versjonsavklaringforwebtillegg;ingenexternhentingnå.""}]",BLOCKS_NITO,[],True,Aktivt datert fullvilkår/kanaltillegg + matchende IPID/produktside; skriftlig offisiell avklaring ved motstrid.,Én koordinert bestilling med separate svar per spørsmål/type/kanal. Ingen antakelse om felles produkt eller felles faktaregel.,False,A source/eligibility adjudication is required before a non-misleading active-pilot gate can be signed; this does not assert every topic requires a code change.
SR-063,tryg-cat-life-conditions,"[""tryg""]","[""Katt""]","[""ordinary""]","[""[\""tryg\"",\""katt\"",\""ordinary\"",\""tryg-katt-behandling\"",\""2026-09-01\""]""]",Avklar annonsering kontra politikrav ved forsvinning i Katt Død; hold Hund Bruksverdi adskilt. Fullvilkår/produktdato er påkrevd.,"[""catalog/sources/boat-pet/tryg-cat-extra-terms.pdf"", ""catalog/sources/boat-pet/tryg-cat-life-terms.pdf"", ""catalog/sources/boat-pet/tryg-cat-product.html"", ""catalog/sources/boat-pet/tryg-cat-treatment-terms.pdf"", ""catalog/sources/boat-pet/tryg-dog-product-terms.pdf""]","Datert autoritativ produkt-/nivå-/kanalavklaring av de navngitte spørsmålene; fullvilkår/rider der pakken mangler, ikke forsikringsgiverlikhet eller kundedokument.","[""SR-tryg-pet-source-conflicts""]","[""SR-tryg-pet-source-conflicts""]",[],"[{""raw_id"": ""SR-tryg-pet-source-conflicts"", ""question"": ""SC0019vs10rasefradrag;SC051webavlivninguklar;kattsavnetpolitivilkårwebmenfullbareannonsering;IPIDbruksverdiunderHundExtraoverskriftvsfullHundDød."", ""required_evidence"": ""Autoritativproduktversjon/kanalavklaring;ingenresearchnå.""}]",BLOCKS_NITO,[],True,Aktivt datert fullvilkår/kanaltillegg + matchende IPID/produktside; skriftlig offisiell avklaring ved motstrid.,Én koordinert bestilling med separate svar per spørsmål/type/kanal. Ingen antakelse om felles produkt eller felles faktaregel.,False,A source/eligibility adjudication is required before a non-misleading active-pilot gate can be signed; this does not assert every topic requires a code change.
SR-064,tryg-contents-version,"[""tryg""]","[""Innbo""]","[""ordinary""]","[""[\""tryg\"",\""innbo\"",\""ordinary\"",\""tryg-innbo\"",\""2026-07-01\""]"", ""[\""tryg\"",\""innbo\"",\""ordinary\"",\""tryg-innbo-ekstra\"",\""2026-07-01\""]""]","SC-052: Dyreskade og tapt husleie-produktplassering. IPID 01.07.2022 nevner skade fra dyr under Ekstra og husleietap samlet. Jul2026 fullvilkår har kjæledyrunntak; bekjempelse separat, ubetalt leie er valgfritt utleietillegg.","[""catalog/sources/tryg/innbo/IPID_Innbo.pdf"", ""catalog/sources/tryg/innbo/Innbo_og_losore_Ekstra_PPK13302.pdf"", ""catalog/sources/tryg/innbo/Utleie_PPK13306.pdf""]","Datert autoritativ produkt-/nivå-/kanalavklaring av de navngitte spørsmålene; fullvilkår/rider der pakken mangler, ikke forsikringsgiverlikhet eller kundedokument.","[""SR-tryg-innbo-dates-ipid"", ""SRQ-076""]","[""SR-tryg-innbo-dates-ipid"", ""SRQ-076""]","[""SC-052""]","[{""raw_id"": ""SR-tryg-innbo-dates-ipid"", ""question"": ""SC052 eldre IPID/fullvilkår; ansvar 01.10 er fremtidig ved frosset snapshot 29.09."", ""required_evidence"": ""Versjonskorrekt IPID og PGE90020 som faktisk gjaldt 29.09.2026; ingen henting nå.""}]",BLOCKS_NITO,"[""B-201""]",True,Aktivt datert fullvilkår/kanaltillegg + matchende IPID/produktside; skriftlig offisiell avklaring ved motstrid.,Én koordinert bestilling med separate svar per spørsmål/type/kanal. Ingen antakelse om felles produkt eller felles faktaregel.,False,A source/eligibility adjudication is required before a non-misleading active-pilot gate can be signed; this does not assert every topic requires a code change.
SR-065,tryg-dog-clarification,"[""tryg""]","[""Hund""]","[""ordinary""]","[""[\""tryg\"",\""hund\"",\""ordinary\"",\""tryg-hund-behandling\"",\""2026-09-01\""]""]","SC-001: Start of oldest non-listed-breed life-sum reduction. Full terms age9 versus stored productpage age10.20%/floor finding excludes disputed startage. | SC-051: Avlivningsbehandling. PLB52002Jan2026dekkeranbefaltavlivning;webFAQikkeavlivningblantikke-dekket,presiseringomoffentligkravuklar.","[""catalog/sources/boat-pet/tryg-dog-life-terms.pdf"", ""catalog/sources/boat-pet/tryg-dog-product.html"", ""catalog/sources/boat-pet/tryg-dog-treatment-terms.pdf""]","Datert autoritativ produkt-/nivå-/kanalavklaring av de navngitte spørsmålene; fullvilkår/rider der pakken mangler, ikke forsikringsgiverlikhet eller kundedokument.","[""SR-tryg-pet-source-conflicts"", ""SRQ-001"", ""SRQ-006"", ""SRQ-074""]","[""SR-tryg-pet-source-conflicts"", ""SRQ-006"", ""SRQ-074""]","[""SC-001"", ""SC-051""]","[{""raw_id"": ""SR-tryg-pet-source-conflicts"", ""question"": ""SC0019vs10rasefradrag;SC051webavlivninguklar;kattsavnetpolitivilkårwebmenfullbareannonsering;IPIDbruksverdiunderHundExtraoverskriftvsfullHundDød."", ""required_evidence"": ""Autoritativproduktversjon/kanalavklaring;ingenresearchnå.""}]",BLOCKS_NITO,"[""B-200""]",True,Aktivt datert fullvilkår/kanaltillegg + matchende IPID/produktside; skriftlig offisiell avklaring ved motstrid.,Én koordinert bestilling med separate svar per spørsmål/type/kanal. Ingen antakelse om felles produkt eller felles faktaregel.,False,A source/eligibility adjudication is required before a non-misleading active-pilot gate can be signed; this does not assert every topic requires a code change.
SR-066,tryg-liability-effective-version,"[""tryg""]","[""Innbo"", ""Reise"", ""Hus""]","[""ordinary""]","[""[\""tryg\"",\""innbo\"",\""ordinary\"",\""tryg-innbo\"",\""2026-07-01\""]"", ""[\""tryg\"",\""innbo\"",\""ordinary\"",\""tryg-innbo-ekstra\"",\""2026-07-01\""]"", ""[\""tryg\"",\""bolig\"",\""ordinary\"",\""tryg-hus\"",\""2026-01-01\""]"", ""[\""tryg\"",\""bolig\"",\""ordinary\"",\""tryg-hus-ekstra\"",\""2026-01-01\""]"", ""[\""tryg\"",\""reise\"",\""ordinary\"",\""tryg-reise\"",\""2026-09-20-canonical\""]"", ""[\""tryg\"",\""reise\"",\""ordinary\"",\""tryg-reise-ekstra\"",\""2026-09-20-canonical\""]"", ""[\""tryg\"",\""reise\"",\""ordinary\"",\""tryg-reise-premium\"",\""2026-09-20-canonical\""]""]",PGE90020 som faktisk gjaldt 29.09.2026 og eksakte produktreferanser. Lokal 01.10-utgave beviser ikke tilbakedatert gyldighet.,"[""catalog/sources/tryg/hus/05PPK11501.pdf"", ""catalog/sources/tryg/hus/05PPK11502.pdf"", ""catalog/sources/tryg/hus/05PPK11506.pdf"", ""catalog/sources/tryg/hus/05PPK40502.pdf"", ""catalog/sources/tryg/innbo/IPID_Innbo.pdf"", ""catalog/sources/tryg/innbo/Innbo_og_losore_Ekstra_PPK13302.pdf"", ""catalog/sources/tryg/innbo/Innbo_og_losore_PPK13301.pdf"", ""catalog/sources/tryg/innbo/Produktvilkar_PPK13300.pdf"", ""catalog/sources/tryg/innbo/Rettshjelp_PGE91500.pdf"", ""catalog/sources/tryg/innbo/Sikkerhetsforskrifter_PF133.pdf"", ""catalog/sources/tryg/innbo/Utleie_PPK13306.pdf"", ""catalog/sources/tryg/reise/canonical/05000PF455-Sikkerhetsforskrift.pdf"", ""catalog/sources/tryg/reise/canonical/Forsikringssummer-08.2026.pdf"", ""catalog/sources/tryg/reise/canonical/IPID-Reiseforsikring.pdf"", ""catalog/sources/tryg/reise/canonical/PGE91500-Rettshjelp.pdf"", ""catalog/sources/tryg/reise/canonical/PRF46000-Produktvilkar.pdf"", ""catalog/sources/tryg/reise/canonical/PRF46001-Reise-Reise-Ekstra.pdf"", ""catalog/sources/tryg/reise/canonical/PRF46003-Reise-Premium.pdf"", ""catalog/sources/tryg/reise/canonical/PRF46010-Ulykke-Ulykke-Ekstra.pdf"", ""catalog/sources/tryg/reise/canonical/PRF46012-Ulykke-Premium.pdf"", ""catalog/sources/tryg/reise/canonical/Reiseforsikring-produktside.html""]","Datert autoritativ produkt-/nivå-/kanalavklaring av de navngitte spørsmålene; fullvilkår/rider der pakken mangler, ikke forsikringsgiverlikhet eller kundedokument.","[""SR-tryg-innbo-dates-ipid"", ""SR-tryg-reise-web-conflicts""]","[""SR-tryg-innbo-dates-ipid"", ""SR-tryg-reise-web-conflicts""]",[],"[{""raw_id"": ""SR-tryg-innbo-dates-ipid"", ""question"": ""SC052 eldre IPID/fullvilkår; ansvar 01.10 er fremtidig ved frosset snapshot 29.09."", ""required_evidence"": ""Versjonskorrekt IPID og PGE90020 som faktisk gjaldt 29.09.2026; ingen henting nå.""}, {""raw_id"": ""SR-tryg-reise-web-conflicts"", ""question"": ""Ekstra45/70d, familiealder/scope og lounge4/5 krever eksplisitt dokumentavklaring. Gjeldende ansvarfull før01.10 mangler lokalt; sumtabell støtter summer."", ""required_evidence"": ""Konsistent produkt/IPID/fullterms for disse reglene; ingen web hentet nå.""}]",BLOCKS_NITO,[],True,Aktivt datert fullvilkår/kanaltillegg + matchende IPID/produktside; skriftlig offisiell avklaring ved motstrid.,Én koordinert bestilling med separate svar per spørsmål/type/kanal. Ingen antakelse om felles produkt eller felles faktaregel.,False,A source/eligibility adjudication is required before a non-misleading active-pilot gate can be signed; this does not assert every topic requires a code change.
SR-067,tryg-mc-terms,"[""tryg""]","[""MC""]","[""ordinary""]","[""[\""tryg\"",\""mc\"",\""ordinary\"",\""tryg-mc-ansvar\"",\""2026-07-01\""]"", ""[\""tryg\"",\""mc\"",\""ordinary\"",\""tryg-mc-delkasko\"",\""2026-01-01\""]"", ""[\""tryg\"",\""mc\"",\""ordinary\"",\""tryg-mc-kasko\"",\""2026-07-01\""]"", ""[\""tryg\"",\""mc\"",\""ordinary\"",\""tryg-mc-mc-ekstra\"",\""2026-07-01\""]""]","SC-046: Geografiskområde. PAU20900Jul2026EuropaeksklTyrkia;HTMLinklTyrkiaIsrael,SCOPEREVIEW","[""catalog/sources/mc-bobil/tryg-05PAU20900.pdf"", ""catalog/sources/mc-bobil/tryg-mc-product.html""]","Datert autoritativ produkt-/nivå-/kanalavklaring av de navngitte spørsmålene; fullvilkår/rider der pakken mangler, ikke forsikringsgiverlikhet eller kundedokument.","[""SR-tryg-mcb-ambiguity"", ""SRQ-066""]","[""SR-tryg-mcb-ambiguity"", ""SRQ-066""]","[""SC-046""]","[{""raw_id"": ""SR-tryg-mcb-ambiguity"", ""question"": ""EksaktMC3årsgrense/egenandel7–8år;Bobil10årsgrense;geografi/deregistrering/MaskinentryHTMLANDORkonflikter."", ""required_evidence"": ""Autoritativavklaringavversjon/nivå/anvendeligegrenser;ikkenettundersøktnå.""}]",BLOCKS_NITO,"[""B-202""]",True,Aktivt datert fullvilkår/kanaltillegg + matchende IPID/produktside; skriftlig offisiell avklaring ved motstrid.,Én koordinert bestilling med separate svar per spørsmål/type/kanal. Ingen antakelse om felles produkt eller felles faktaregel.,False,A source/eligibility adjudication is required before a non-misleading active-pilot gate can be signed; this does not assert every topic requires a code change.
SR-068,tryg-motorhome-terms,"[""tryg""]","[""Bobil""]","[""ordinary""]","[""[\""tryg\"",\""bobil\"",\""ordinary\"",\""tryg-bobil-ansvar\"",\""2026-07-01\""]"", ""[\""tryg\"",\""bobil\"",\""ordinary\"",\""tryg-bobil-delkasko\"",\""2026-01-01\""]"", ""[\""tryg\"",\""bobil\"",\""ordinary\"",\""tryg-bobil-kasko\"",\""2026-01-01\""]"", ""[\""tryg\"",\""bobil\"",\""ordinary\"",\""tryg-bobil-bobil-ekstra\"",\""2026-07-01\""]""]",SC-047: Avregistrering. PAU18800Jul2026/IPIDApr2025sieralledekningeropphører;HTMLkunansvar/ulykke | SC-048: Maskinskadeinngang. Ingressunder10ANDunder180kkm;dekningstabellunder10ORunder180kkm;ikkeopphør200kregelkonflikt,"[""catalog/sources/mc-bobil/tryg-05PAU18800.pdf"", ""catalog/sources/mc-bobil/tryg-bobil-ipid.pdf"", ""catalog/sources/mc-bobil/tryg-bobil-product.html""]","Datert autoritativ produkt-/nivå-/kanalavklaring av de navngitte spørsmålene; fullvilkår/rider der pakken mangler, ikke forsikringsgiverlikhet eller kundedokument.","[""SR-tryg-mcb-ambiguity"", ""SRQ-067"", ""SRQ-068""]","[""SR-tryg-mcb-ambiguity"", ""SRQ-067"", ""SRQ-068""]","[""SC-047"", ""SC-048""]","[{""raw_id"": ""SR-tryg-mcb-ambiguity"", ""question"": ""EksaktMC3årsgrense/egenandel7–8år;Bobil10årsgrense;geografi/deregistrering/MaskinentryHTMLANDORkonflikter."", ""required_evidence"": ""Autoritativavklaringavversjon/nivå/anvendeligegrenser;ikkenettundersøktnå.""}]",BLOCKS_NITO,"[""B-198""]",True,Aktivt datert fullvilkår/kanaltillegg + matchende IPID/produktside; skriftlig offisiell avklaring ved motstrid.,Én koordinert bestilling med separate svar per spørsmål/type/kanal. Ingen antakelse om felles produkt eller felles faktaregel.,False,A source/eligibility adjudication is required before a non-misleading active-pilot gate can be signed; this does not assert every topic requires a code change.
SR-069,tryg-scooter-version,"[""tryg""]","[""Snøscooter""]","[""ordinary""]","[""[\""tryg\"",\""snøscooter\"",\""ordinary\"",\""tryg-snoscooter-ansvar\"",null]"", ""[\""tryg\"",\""snøscooter\"",\""ordinary\"",\""tryg-snoscooter-brann-og-tyveri\"",null]"", ""[\""tryg\"",\""snøscooter\"",\""ordinary\"",\""tryg-snoscooter-kasko\"",null]""]",SC-049: Avregistrering. ProductJan2024ansvaropphør;HTMLansvarulykkeopphørandrebeholdes;IPIDJul2025avskiltingavslutterforsikringen.,"[""catalog/sources/vehicle-extensions/tryg-IPID-Snoscooter.pdf"", ""catalog/sources/vehicle-extensions/tryg-odpdf-dbf5be98.pdf"", ""catalog/sources/vehicle-extensions/tryg-snoscooterforsikring.html""]","Datert autoritativ produkt-/nivå-/kanalavklaring av de navngitte spørsmålene; fullvilkår/rider der pakken mangler, ikke forsikringsgiverlikhet eller kundedokument.","[""SR-tryg-extension-scope"", ""SRQ-070""]","[""SR-tryg-extension-scope"", ""SRQ-070""]","[""SC-049""]","[{""raw_id"": ""SR-tryg-extension-scope"", ""question"": ""SnowOct1PDFBT6kvsHTML4kutennivå;avregistreringskonflikt;campwebintroavlystvsfullpåbegyntavbrutt;aldriutviddekningpåmarkedsintroalene."", ""required_evidence"": ""Nivå/versjonsavklaringforwebtillegg;ingenexternhentingnå.""}]",BLOCKS_NITO,"[""B-204""]",True,Aktivt datert fullvilkår/kanaltillegg + matchende IPID/produktside; skriftlig offisiell avklaring ved motstrid.,Én koordinert bestilling med separate svar per spørsmål/type/kanal. Ingen antakelse om felles produkt eller felles faktaregel.,False,A source/eligibility adjudication is required before a non-misleading active-pilot gate can be signed; this does not assert every topic requires a code change.
SR-070,tryg-travel-version,"[""tryg""]","[""Reise""]","[""ordinary""]","[""[\""tryg\"",\""reise\"",\""ordinary\"",\""tryg-reise\"",\""2026-09-20-canonical\""]"", ""[\""tryg\"",\""reise\"",\""ordinary\"",\""tryg-reise-ekstra\"",\""2026-09-20-canonical\""]"", ""[\""tryg\"",\""reise\"",\""ordinary\"",\""tryg-reise-premium\"",\""2026-09-20-canonical\""]""]","SC-053: Reisevarighet. Samme HTML45hovedtabell/FAQ,70backpacking/borteboendebarnFAQ. | SC-054: Familiens barn/barnebarn. IPIDtilfyller21;webutpolicyår21/under21; barnebarnbosattellerreiserammen. Bevisstyrt måbevares. | SC-055: Loungefølge. SammeHTMLinntil5medreisendeioversiktog4inyttiginformasjon.","[""catalog/sources/tryg/reise/canonical/IPID-Reiseforsikring.pdf"", ""catalog/sources/tryg/reise/canonical/Reiseforsikring-produktside.html""]","Datert autoritativ produkt-/nivå-/kanalavklaring av de navngitte spørsmålene; fullvilkår/rider der pakken mangler, ikke forsikringsgiverlikhet eller kundedokument.","[""SR-tryg-reise-web-conflicts"", ""SRQ-078"", ""SRQ-079"", ""SRQ-080""]","[""SR-tryg-reise-web-conflicts"", ""SRQ-078"", ""SRQ-079"", ""SRQ-080""]","[""SC-053"", ""SC-054"", ""SC-055""]","[{""raw_id"": ""SR-tryg-reise-web-conflicts"", ""question"": ""Ekstra45/70d, familiealder/scope og lounge4/5 krever eksplisitt dokumentavklaring. Gjeldende ansvarfull før01.10 mangler lokalt; sumtabell støtter summer."", ""required_evidence"": ""Konsistent produkt/IPID/fullterms for disse reglene; ingen web hentet nå.""}]",BLOCKS_NITO,"[""B-203""]",True,Aktivt datert fullvilkår/kanaltillegg + matchende IPID/produktside; skriftlig offisiell avklaring ved motstrid.,Én koordinert bestilling med separate svar per spørsmål/type/kanal. Ingen antakelse om felles produkt eller felles faktaregel.,False,A source/eligibility adjudication is required before a non-misleading active-pilot gate can be signed; this does not assert every topic requires a code change.
