conflict_id,input_status,triage_status,research_task_id,provider,family,claim,evidence,sources,resolution
SC-001,UNRESOLVED_LOCAL_SOURCE_CONFLICT,OPEN_RETAINED,SR-065,tryg,Hund,Start of oldest non-listed-breed life-sum reduction,Full terms age9 versus stored productpage age10.20%/floor finding excludes disputed startage.,"[{""path"": ""catalog/sources/boat-pet/tryg-dog-life-terms.pdf"", ""sha256"": ""5d5e22fa589538a2708b87616b339eec0c3f0a27c5b322fa48d1b4582e013fcc"", ""manifest"": [{""manifest"": ""catalog/sources/boat-pet/manifest.json"", ""providerId"": ""tryg"", ""filename"": ""tryg-dog-life-terms.pdf"", ""insuranceTypes"": [""hund""], ""agreementScope"": ""ordinary"", ""documentType"": ""full_terms"", ""sha256"": ""5d5e22fa589538a2708b87616b339eec0c3f0a27c5b322fa48d1b4582e013fcc"", ""url"": ""https://www.tryg.no/forsikringer/dyreforsikring/hundeforsikring"", ""retrievedAt"": ""2026-09-29"", ""localPath"": ""catalog/sources/boat-pet/tryg-dog-life-terms.pdf"", ""publicOfficialArtifact"": true}], ""runtime_source_ids"": [""boat-pet:tryg:hund:life""]}, {""path"": ""catalog/sources/boat-pet/tryg-dog-product.html"", ""sha256"": ""48230ffc39761f374c7daa9423b6243d85642cefb60b732e4cc8af637cb2a6c6"", ""manifest"": [{""manifest"": ""catalog/sources/boat-pet/manifest.json"", ""providerId"": ""tryg"", ""filename"": ""tryg-dog-product.html"", ""insuranceTypes"": [""hund""], ""agreementScope"": ""ordinary"", ""documentType"": ""product_page"", ""sha256"": ""48230ffc39761f374c7daa9423b6243d85642cefb60b732e4cc8af637cb2a6c6"", ""url"": ""https://www.tryg.no/forsikringer/dyreforsikring/hundeforsikring"", ""retrievedAt"": ""2026-09-29"", ""localPath"": ""catalog/sources/boat-pet/tryg-dog-product.html"", ""publicOfficialArtifact"": true}], ""runtime_source_ids"": []}]",Do not pick a value or inclusive boundary; preserve exact uncertainty until dated applicability is established.
SC-002,INTERPRETATION_REVIEW_REQUIRED_NOT_PROVEN_CONFLICT,OPEN_RETAINED,SR-022,frende,Tilhenger,Trailer-specific deductible versus general fire/theft deductible,2000 trailer row and general6000 row in11.11; precedence not safely closed in current partial pass.,"[{""path"": ""catalog/sources/vehicle-extensions/frende-TrailerInsurance.pdf"", ""sha256"": ""088201db9b2f6071e81d24d716a74233176cd3694ac2be1a92e44be6952e8f88"", ""manifest"": [{""manifest"": ""catalog/sources/vehicle-extensions/manifest.json"", ""urls"": [""https://api.frende.no/documents/terms/public/pnc/TrailerInsurance""], ""resolvedUrl"": ""https://api.frende.no/documents/terms/public/pnc/TrailerInsurance"", ""providerId"": ""frende"", ""filename"": ""frende-TrailerInsurance.pdf"", ""documentType"": ""terms"", ""documentNumber"": null, ""version"": null, ""validFrom"": ""2026-01-01"", ""replacesVersion"": null, ""retrievedAt"": ""2026-09-23"", ""sha256"": ""088201db9b2f6071e81d24d716a74233176cd3694ac2be1a92e44be6952e8f88"", ""validity"": ""current_official_link"", ""documentName"": ""Vilkår for kjùretùyforsikring Dette må du vite om forsikringen din Disse vilkårene gjelder for bil, veteranbil, bobil, c"", ""pages"": 15, ""components"": [], ""catalogUsage"": [{""providerId"": ""frende"", ""insuranceType"": ""Tilhenger"", ""productId"": ""frende-tilhenger-brann-og-tyveri"", ""factKey"": ""tilhenger.rettshjelp.dekning"", ""page"": 11, ""section"": ""14 (privatkunder)""}, {""providerId"": ""frende"", ""insuranceType"": ""Tilhenger"", ""productId"": ""frende-tilhenger-brann-og-tyveri"", ""factKey"": ""tilhenger.brann.dekning"", ""page"": 3, ""section"": ""4""}, {""providerId"": ""frende"", ""insuranceType"": ""Tilhenger"", ""productId"": ""frende-tilhenger-brann-og-tyveri"", ""factKey"": ""tilhenger.tyveri.dekning"", ""page"": 3, ""section"": ""4""}, {""providerId"": ""frende"", ""insuranceType"": ""Tilhenger"", ""productId"": ""frende-tilhenger-brann-og-tyveri"", ""factKey"": ""tilhenger.avtale.geografi"", ""page"": 2, ""section"": ""2""}, {""providerId"": ""frende"", ""insuranceType"": ""Tilhenger"", ""productId"": ""frende-tilhenger-brann-og-tyveri"", ""factKey"": ""tilhenger.utstyr.grense"", ""page"": 2, ""section"": ""3.7""}, {""providerId"": ""frende"", ""insuranceType"": ""Tilhenger"", ""productId"": ""frende-tilhenger-brann-og-tyveri"", ""factKey"": ""tilhenger.kasko.begrensning"", ""page"": 2, ""section"": ""3.9""}, {""providerId"": ""frende"", ""insuranceType"": ""Tilhenger"", ""productId"": ""frende-tilhenger-brann-og-tyveri"", ""factKey"": ""tilhenger.utstyr.dekning"", ""page"": 2, ""section"": ""3.7""}, {""providerId"": ""frende"", ""insuranceType"": ""Tilhenger"", ""productId"": ""frende-tilhenger-kasko"", ""factKey"": ""tilhenger.rettshjelp.dekning"", ""page"": 11, ""section"": ""14 (privatkunder)""}, {""providerId"": ""frende"", ""insuranceType"": ""Tilhenger"", ""productId"": ""frende-tilhenger-kasko"", ""factKey"": ""tilhenger.brann.dekning"", ""page"": 3, ""section"": ""4""}, {""providerId"": ""frende"", ""insuranceType"": ""Tilhenger"", ""productId"": ""frende-tilhenger-kasko"", ""factKey"": ""tilhenger.tyveri.dekning"", ""page"": 3, ""section"": ""4""}, {""providerId"": ""frende"", ""insuranceType"": ""Tilhenger"", ""productId"": ""frende-tilhenger-kasko"", ""factKey"": ""tilhenger.kasko.dekning"", ""page"": 3, ""section"": ""6.1""}, {""providerId"": ""frende"", ""insuranceType"": ""Tilhenger"", ""productId"": ""frende-tilhenger-kasko"", ""factKey"": ""tilhenger.avtale.geografi"", ""page"": 2, ""section"": ""2""}, {""providerId"": ""frende"", ""insuranceType"": ""Tilhenger"", ""productId"": ""frende-tilhenger-kasko"", ""factKey"": ""tilhenger.utstyr.grense"", ""page"": 2, ""section"": ""3.7""}, {""providerId"": ""frende"", ""insuranceType"": ""Tilhenger"", ""productId"": ""frende-tilhenger-kasko"", ""factKey"": ""tilhenger.kasko.begrensning"", ""page"": 2, ""section"": ""3.9""}, {""providerId"": ""frende"", ""insuranceType"": ""Tilhenger"", ""productId"": ""frende-tilhenger-kasko"", ""factKey"": ""tilhenger.utstyr.dekning"", ""page"": 2, ""section"": ""3.7""}]}], ""runtime_source_ids"": [""vehicle:frende-TrailerInsurance.pdf""]}]",Do not pick a value or inclusive boundary; preserve exact uncertainty until dated applicability is established.
SC-003,STALE_SOURCE_CANDIDATE,STALE_VERSION_NEW_IPID_REQUIRED,SR-018,frende,Innbo,Skade gjort av skadedyr under valgfri Uhell,"IPID01.01.2025 inkluderer skade gjort av skadedyr; fullvilkår01.09.2026/11.4 unntar insekter og kjæledyr. Insekter er del av skadedyrbegrepet i7.2. Ulik datert kilde, ikke automatisk samtidigvilkårskonflikt.","[{""path"": ""catalog/sources/frende/innbo/Vilkar_innboforsikring_01092026.pdf"", ""sha256"": ""608a09ff2513ac8756bd3cb12736a4d04e3dce51b87ca4a986c47b5ab2bc12db"", ""manifest"": [], ""runtime_source_ids"": [""frendeInnboStandard"", ""frendeInnboUhell""]}, {""path"": ""catalog/sources/frende/innbo/IPID_Innbo.pdf"", ""sha256"": ""9aef7acd6b6f80c8ebea822ec9a8a9613e37a0d67e2bb37a5fbb665c53ae5057"", ""manifest"": [], ""runtime_source_ids"": [""frendeInnboIpid""]}]",Do not pick a value or inclusive boundary; preserve exact uncertainty until dated applicability is established.
SC-004,PARTIALLY_RESOLVED_SOURCE_WORDING,OPEN_RETAINED,SR-017,frende,Hus,Tining og feilnummererte fullvilkårshenvisninger,HTMLmatrix includes tiningbothlevels butprose saysUtvidet;fullterms5.3 explicitlyStandard andcatalogcorrect. Other fullterm3.1 points4.1/1–10 although4.1has3items;cataloguses5.1.,"[{""path"": ""catalog/sources/frende/hus/canonical/Vilkar-husforsikring.pdf"", ""sha256"": ""6938aa5da4dc6d21996a635cfeb9bd0f156be0a8a991d6fcceb5e02e2b4aeca7"", ""manifest"": [], ""runtime_source_ids"": [""frendeHusStandard"", ""frendeHusExtended"", ""frendeHusRot"", ""frendeHusRental"", ""frendeHusConstruction""]}, {""path"": ""catalog/sources/frende/hus/canonical/Husforsikring-produktside.html"", ""sha256"": ""5aec68ed77a059586988b8d715a7cc0e3d962ea926dff9ae3069956953ed685b"", ""manifest"": [], ""runtime_source_ids"": [""frendeHusProductPage""]}]",Do not pick a value or inclusive boundary; preserve exact uncertainty until dated applicability is established.
SC-005,RESOLVED_BY_APPLICABLE_FULL_TERMS,RESOLVED_PRESERVE_POSITIVE,,frende,Reise,Forsinketarrangement ogfortsettelsesdekning,StoredHTML5000 versus fullterms2026 6000; HTMLsameconditionsforextension versus explicit fullterms7.1 noferiedaysforcontinuation.,"[{""path"": ""catalog/sources/frende/reise/Vilkar-reiseforsikring-01032026.pdf"", ""sha256"": ""a15cb9cf2a1cba6c17eb62f3793cc5f664724f66780ebb692b93775f3f922509"", ""manifest"": [], ""runtime_source_ids"": [""frendeReiseTerms""]}, {""path"": ""catalog/sources/frende/reise/Reiseforsikring-produktside.html"", ""sha256"": ""b718593b3c52ac1d6561c736e48984c278a88484456c8b9d07604329c0d1926b"", ""manifest"": [], ""runtime_source_ids"": [""frendeReiseProductPage""]}]",No new conflict resolution performed; SC-005 already resolved in original audit.
SC-006,SOURCE_APPLICABILITY_REVIEW_REQUIRED,OPEN_RETAINED,SR-056,storebrand,MC/Bobil/Bil,Bagage / ordinarynewvalue applicability,MC only: shared motor09s1/s7 ordinary luggage10000 versus MCweb explicit no luggage/goods. Bobil Kasko: generic §1.2 new-value cell versus §10.3 registered person/varebil qualification; vehicle registration class not established by product name. Bil Delkasko: §10.3 general settlement right versus §1.2 empty Delkasko cell. Scooter is excluded from this conflict because no applicable Scooter source contradicts generic coverage; §6.4.6 only excludes Super extension.,"[{""path"": ""catalog/sources/storebrand/vilkar-motorvognforsikring-motor09.pdf"", ""sha256"": ""7673b8ee8fd5329d9e87c0a128a0a5cd4eeefb0721c8c5d8a1dedeb246c041fb"", ""manifest"": [], ""runtime_source_ids"": [""sbAnsvar"", ""sbDelkasko"", ""sbKasko"", ""sbSuper"", ""sbLeiebil"", ""sbLeiebilUtvidet""]}, {""path"": ""catalog/sources/vehicle-extensions/storebrand-mc-forsikring.html"", ""sha256"": ""57eee721cf1591ca4728d32446d83df52872e84b21ae40fd9796fa3fddbd163d"", ""manifest"": [{""manifest"": ""catalog/sources/mc-bobil/gjensidige-storebrand-manifest.json"", ""filename"": ""storebrand-mc-forsikring.html"", ""localPath"": ""catalog/sources/vehicle-extensions/storebrand-mc-forsikring.html"", ""url"": ""https://www.storebrand.no/privat/forsikring/mc-forsikring"", ""resolvedUrl"": ""https://www.storebrand.no/privat/forsikring/mc-forsikring"", ""sha256"": ""57eee721cf1591ca4728d32446d83df52872e84b21ae40fd9796fa3fddbd163d"", ""retrievedAt"": ""2026-09-28"", ""reusedArtifact"": true, ""providerId"": ""storebrand"", ""agreementScope"": ""ordinary"", ""insuranceTypes"": [""MC""], ""documentType"": ""product_page"", ""documentNumber"": null, ""version"": null, ""validFrom"": null, ""validity"": ""current_link_date_unknown"", ""notes"": ""Official public original; retrieval date is not policy effective date."", ""id"": ""mc-bobil:storebrand-mc-forsikring.html"", ""sourceRecordIds"": [""mc-bobil:storebrand-mc-forsikring.html:mc""], ""catalogUsage"": []}, {""manifest"": ""catalog/sources/vehicle-extensions/manifest.json"", ""urls"": [""https://www.storebrand.no/privat/forsikring/mc-forsikring""], ""resolvedUrl"": ""https://www.storebrand.no/privat/forsikring/mc-forsikring"", ""providerId"": ""storebrand"", ""filename"": ""storebrand-mc-forsikring.html"", ""documentType"": ""product_page"", ""documentNumber"": null, ""version"": null, ""validFrom"": null, ""replacesVersion"": null, ""retrievedAt"": ""2026-09-23"", ""sha256"": ""57eee721cf1591ca4728d32446d83df52872e84b21ae40fd9796fa3fddbd163d"", ""validity"": ""current_link_date_unknown"", ""documentName"": ""storebrand-mc-forsikring.html"", ""catalogUsage"": []}], ""runtime_source_ids"": [""mc-bobil:storebrand-mc-forsikring.html:mc"", ""vehicle:storebrand-mc-forsikring.html""]}]",Do not pick a value or inclusive boundary; preserve exact uncertainty until dated applicability is established.
SC-007,SOURCE_APPLICABILITY_REVIEW_REQUIRED,OPEN_RETAINED,SR-053,storebrand,Campingvogn/Tilhenger,Super contents sum; Tilhenger roadside and deductibles,Super table5=100000 vs text5/summary/damage tables=30000. Tilhenger website says roadside follows towing car/500; full terms included/750. Website fixed deductible1000 vs full terms8000 unless certificate.,"[{""path"": ""catalog/sources/vehicle-extensions/storebrand-vilkar-campingvogn-og-tilhenger.pdf"", ""sha256"": ""fae736d8fb37b41b2c9e09f9c0de99760691023a3bd8c4d5d6ee520957e883c8"", ""manifest"": [{""manifest"": ""catalog/sources/vehicle-extensions/manifest.json"", ""urls"": [""https://www.storebrand.no/privat/forsikring/campingvognforsikring/_/attachment/inline/047a8396-0549-4f55-8afe-a20fe3cc42d6:af61e7bae3bcc2f6f5300195d35d576c461f0b33/vilkar-campingvogn-og-tilhenger.pdf"", ""https://www.storebrand.no/privat/forsikring/tilhengerforsikring/_/attachment/inline/047a8396-0549-4f55-8afe-a20fe3cc42d6:af61e7bae3bcc2f6f5300195d35d576c461f0b33/vilkar-campingvogn-og-tilhenger.pdf""], ""resolvedUrl"": ""https://www.storebrand.no/privat/forsikring/tilhengerforsikring/_/attachment/inline/047a8396-0549-4f55-8afe-a20fe3cc42d6:af61e7bae3bcc2f6f5300195d35d576c461f0b33/vilkar-campingvogn-og-tilhenger.pdf"", ""providerId"": ""storebrand"", ""filename"": ""storebrand-vilkar-campingvogn-og-tilhenger.pdf"", ""documentType"": ""terms"", ""documentNumber"": ""camp02"", ""version"": null, ""validFrom"": ""2026-03-01"", ""replacesVersion"": null, ""retrievedAt"": ""2026-09-23"", ""sha256"": ""fae736d8fb37b41b2c9e09f9c0de99760691023a3bd8c4d5d6ee520957e883c8"", ""validity"": ""current_official_link"", ""documentName"": ""17152b Vilkår Dette må du vite om forsikringen din Disse vilkårene gjelder for campingvogn- og tilhengerforsi"", ""pages"": 15, ""components"": [], ""catalogUsage"": [{""providerId"": ""storebrand"", ""insuranceType"": ""Campingvogn"", ""productId"": ""storebrand-campingvogn-brann-og-tyveri"", ""factKey"": ""campingvogn.rettshjelp.dekning"", ""page"": 12, ""section"": ""Rettshjelp""}, {""providerId"": ""storebrand"", ""insuranceType"": ""Campingvogn"", ""productId"": ""storebrand-campingvogn-brann-og-tyveri"", ""factKey"": ""campingvogn.brann.dekning"", ""page"": 2, ""section"": ""Sammendrag av dekninger""}, {""providerId"": ""storebrand"", ""insuranceType"": ""Campingvogn"", ""productId"": ""storebrand-campingvogn-brann-og-tyveri"", ""factKey"": ""campingvogn.tyveri.dekning"", ""page"": 2, ""section"": ""Sammendrag av dekninger""}, {""providerId"": ""storebrand"", ""insuranceType"": ""Campingvogn"", ""productId"": ""storebrand-campingvogn-brann-og-tyveri"", ""factKey"": ""campingvogn.rettshjelp.grense"", ""page"": 14, ""section"": ""Rettshjelp – forsikringssum""}, {""providerId"": ""storebrand"", ""insuranceType"": ""Campingvogn"", ""productId"": ""storebrand-campingvogn-brann-og-tyveri"", ""factKey"": ""campingvogn.brann.egenandel"", ""page"": 5, ""section"": ""6.1.1""}, {""providerId"": ""storebrand"", ""insuranceType"": ""Campingvogn"", ""productId"": ""storebrand-campingvogn-brann-og-tyveri"", ""factKey"": ""campingvogn.avtale.geografi"", ""page"": 3, ""section"": ""4""}, {""providerId"": ""storebrand"", ""insuranceType"": ""Campingvogn"", ""productId"": ""storebrand-campingvogn-brann-og-tyveri"", ""factKey"": ""campingvogn.redning.dekning"", ""page"": 2, ""section"": ""Sammendrag""}, {""providerId"": ""storebrand"", ""insuranceType"": ""Campingvogn"", ""productId"": ""storebrand-campingvogn-brann-og-tyveri"", ""factKey"": ""campingvogn.fortelt.begrensning"", ""page"": 4, ""section"": ""5""}, {""providerId"": ""storebrand"", ""insuranceType"": ""Campingvogn"", ""productId"": ""storebrand-campingvogn-brann-og-tyveri"", ""factKey"": ""campingvogn.losore.grense"", ""page"": 4, ""section"": ""5""}, {""providerId"": ""storebrand"", ""insuranceType"": ""Campingvogn"", ""productId"": ""storebrand-campingvogn-brann-og-tyveri"", ""factKey"": ""campingvogn.losore.dekning"", ""page"": 4, ""section"": ""5""}, {""providerId"": ""storebrand"", ""insuranceType"": ""Campingvogn"", ""productId"": ""storebrand-campingvogn-kasko"", ""factKey"": ""campingvogn.rettshjelp.dekning"", ""page"": 12, ""section"": ""Rettshjelp""}, {""providerId"": ""storebrand"", ""insuranceType"": ""Campingvogn"", ""productId"": ""storebrand-campingvogn-kasko"", ""factKey"": ""campingvogn.brann.dekning"", ""page"": 2, ""section"": ""Sammendrag av dekninger""}, {""providerId"": ""storebrand"", ""insuranceType"": ""Campingvogn"", ""productId"": ""storebrand-campingvogn-kasko"", ""factKey"": ""campingvogn.tyveri.dekning"", ""page"": 2, ""section"": ""Sammendrag av dekninger""}, {""providerId"": ""storebrand"", ""insuranceType"": ""Campingvogn"", ""productId"": ""storebrand-campingvogn-kasko"", ""factKey"": ""campingvogn.kasko.dekning"", ""page"": 2, ""section"": ""Sammendrag av dekninger""}, {""providerId"": ""storebrand"", ""insuranceType"": ""Campingvogn"", ""productId"": ""storebrand-campingvogn-kasko"", ""factKey"": ""campingvogn.rettshjelp.grense"", ""page"": 14, ""section"": ""Rettshjelp – forsikringssum""}, {""providerId"": ""storebrand"", ""insuranceType"": ""Campingvogn"", ""productId"": ""storebrand-campingvogn-kasko"", ""factKey"": ""campingvogn.brann.egenandel"", ""page"": 5, ""section"": ""6.1.1""}, {""providerId"": ""storebrand"", ""insuranceType"": ""Campingvogn"", ""productId"": ""storebrand-campingvogn-kasko"", ""factKey"": ""campingvogn.avtale.geografi"", ""page"": 3, ""section"": ""4""}, {""providerId"": ""storebrand"", ""insuranceType"": ""Campingvogn"", ""productId"": ""storebrand-campingvogn-kasko"", ""factKey"": ""campingvogn.redning.dekning"", ""page"": 2, ""section"": ""Sammendrag""}, {""providerId"": ""storebrand"", ""insuranceType"": ""Campingvogn"", ""productId"": ""storebrand-campingvogn-kasko"", ""factKey"": ""campingvogn.fortelt.begrensning"", ""page"": 4, ""section"": ""5""}, {""providerId"": ""storebrand"", ""insuranceType"": ""Campingvogn"", ""productId"": ""storebrand-campingvogn-kasko"", ""factKey"": ""campingvogn.losore.grense"", ""page"": 4, ""section"": ""5""}, {""providerId"": ""storebrand"", ""insuranceType"": ""Campingvogn"", ""productId"": ""storebrand-campingvogn-kasko"", ""factKey"": ""campingvogn.losore.dekning"", ""page"": 4, ""section"": ""5""}, {""providerId"": ""storebrand"", ""insuranceType"": ""Campingvogn"", ""productId"": ""storebrand-campingvogn-super"", ""factKey"": ""campingvogn.rettshjelp.dekning"", ""page"": 12, ""section"": ""Rettshjelp""}, {""providerId"": ""storebrand"", ""insuranceType"": ""Campingvogn"", ""productId"": ""storebrand-campingvogn-super"", ""factKey"": ""campingvogn.brann.dekning"", ""page"": 2, ""section"": ""Sammendrag av dekninger""}, {""providerId"": ""storebrand"", ""insuranceType"": ""Campingvogn"", ""productId"": ""storebrand-campingvogn-super"", ""factKey"": ""campingvogn.tyveri.dekning"", ""page"": 2, ""section"": ""Sammendrag av dekninger""}, {""providerId"": ""storebrand"", ""insuranceType"": ""Campingvogn"", ""productId"": ""storebrand-campingvogn-super"", ""factKey"": ""campingvogn.kasko.dekning"", ""page"": 2, ""section"": ""Sammendrag av dekninger""}, {""providerId"": ""storebrand"", ""insuranceType"": ""Campingvogn"", ""productId"": ""storebrand-campingvogn-super"", ""factKey"": ""campingvogn.rettshjelp.grense"", ""page"": 14, ""section"": ""Rettshjelp – forsikringssum""}, {""providerId"": ""storebrand"", ""insuranceType"": ""Campingvogn"", ""productId"": ""storebrand-campingvogn-super"", ""factKey"": ""campingvogn.brann.egenandel"", ""page"": 5, ""section"": ""6.1.1""}, {""providerId"": ""storebrand"", ""insuranceType"": ""Campingvogn"", ""productId"": ""storebrand-campingvogn-super"", ""factKey"": ""campingvogn.avtale.geografi"", ""page"": 3, ""section"": ""4""}, {""providerId"": ""storebrand"", ""insuranceType"": ""Campingvogn"", ""productId"": ""storebrand-campingvogn-super"", ""factKey"": ""campingvogn.redning.dekning"", ""page"": 2, ""section"": ""Sammendrag""}, {""providerId"": ""storebrand"", ""insuranceType"": ""Campingvogn"", ""productId"": ""storebrand-campingvogn-super"", ""factKey"": ""campingvogn.fortelt.begrensning"", ""page"": 4, ""section"": ""5""}, {""providerId"": ""storebrand"", ""insuranceType"": ""Campingvogn"", ""productId"": ""storebrand-campingvogn-super"", ""factKey"": ""campingvogn.fukt.dekning"", ""page"": 7, ""section"": ""6.3""}, {""providerId"": ""storebrand"", ""insuranceType"": ""Campingvogn"", ""productId"": ""storebrand-campingvogn-super"", ""factKey"": ""campingvogn.ferie.dekning"", ""page"": 7, ""section"": ""6.3""}, {""providerId"": ""storebrand"", ""insuranceType"": ""Campingvogn"", ""productId"": ""storebrand-campingvogn-super"", ""factKey"": ""campingvogn.nyverdi.dekning"", ""page"": 7, ""section"": ""6.3""}, {""providerId"": ""storebrand"", ""insuranceType"": ""Campingvogn"", ""productId"": ""storebrand-campingvogn-super"", ""factKey"": ""campingvogn.nyverdi.alder"", ""page"": 7, ""section"": ""6.3.1""}, {""providerId"": ""storebrand"", ""insuranceType"": ""Campingvogn"", ""productId"": ""storebrand-campingvogn-super"", ""factKey"": ""campingvogn.nyverdi.begrensning"", ""page"": 7, ""section"": ""6.3.1""}, {""providerId"": ""storebrand"", ""insuranceType"": ""Campingvogn"", ""productId"": ""storebrand-campingvogn-super"", ""factKey"": ""campingvogn.fukt.alder"", ""page"": 7, ""section"": ""6.3.2""}, {""providerId"": ""storebrand"", ""insuranceType"": ""Campingvogn"", ""productId"": ""storebrand-campingvogn-super"", ""factKey"": ""campingvogn.fukt.begrensning"", ""page"": 7, ""section"": ""6.3.2, fortsetter side 8""}, {""providerId"": ""storebrand"", ""insuranceType"": ""Campingvogn"", ""productId"": ""storebrand-campingvogn-super"", ""factKey"": ""campingvogn.ferie.grense"", ""page"": 8, ""section"": ""6.3.3""}, {""providerId"": ""storebrand"", ""insuranceType"": ""Tilhenger"", ""productId"": ""storebrand-tilhenger-brann-og-tyveri"", ""factKey"": ""tilhenger.rettshjelp.dekning"", ""page"": 12, ""section"": ""Rettshjelp""}, {""providerId"": ""storebrand"", ""insuranceType"": ""Tilhenger"", ""productId"": ""storebrand-tilhenger-brann-og-tyveri"", ""factKey"": ""tilhenger.brann.dekning"", ""page"": 2, ""section"": ""Sammendrag av dekninger""}, {""providerId"": ""storebrand"", ""insuranceType"": ""Tilhenger"", ""productId"": ""storebrand-tilhenger-brann-og-tyveri"", ""factKey"": ""tilhenger.tyveri.dekning"", ""page"": 2, ""section"": ""Sammendrag av dekninger""}, {""providerId"": ""storebrand"", ""insuranceType"": ""Tilhenger"", ""productId"": ""storebrand-tilhenger-brann-og-tyveri"", ""factKey"": ""tilhenger.rettshjelp.grense"", ""page"": 14, ""section"": ""Rettshjelp – forsikringssum""}, {""providerId"": ""storebrand"", ""insuranceType"": ""Tilhenger"", ""productId"": ""storebrand-tilhenger-brann-og-tyveri"", ""factKey"": ""tilhenger.brann.egenandel"", ""page"": 5, ""section"": ""6.1.1""}, {""providerId"": ""storebrand"", ""insuranceType"": ""Tilhenger"", ""productId"": ""storebrand-tilhenger-brann-og-tyveri"", ""factKey"": ""tilhenger.avtale.geografi"", ""page"": 3, ""section"": ""4""}, {""providerId"": ""storebrand"", ""insuranceType"": ""Tilhenger"", ""productId"": ""storebrand-tilhenger-brann-og-tyveri"", ""factKey"": ""tilhenger.redning.dekning"", ""page"": 2, ""section"": ""Sammendrag""}, {""providerId"": ""storebrand"", ""insuranceType"": ""Tilhenger"", ""productId"": ""storebrand-tilhenger-kasko"", ""factKey"": ""tilhenger.rettshjelp.dekning"", ""page"": 12, ""section"": ""Rettshjelp""}, {""providerId"": ""storebrand"", ""insuranceType"": ""Tilhenger"", ""productId"": ""storebrand-tilhenger-kasko"", ""factKey"": ""tilhenger.brann.dekning"", ""page"": 2, ""section"": ""Sammendrag av dekninger""}, {""providerId"": ""storebrand"", ""insuranceType"": ""Tilhenger"", ""productId"": ""storebrand-tilhenger-kasko"", ""factKey"": ""tilhenger.tyveri.dekning"", ""page"": 2, ""section"": ""Sammendrag av dekninger""}, {""providerId"": ""storebrand"", ""insuranceType"": ""Tilhenger"", ""productId"": ""storebrand-tilhenger-kasko"", ""factKey"": ""tilhenger.kasko.dekning"", ""page"": 2, ""section"": ""Sammendrag av dekninger""}, {""providerId"": ""storebrand"", ""insuranceType"": ""Tilhenger"", ""productId"": ""storebrand-tilhenger-kasko"", ""factKey"": ""tilhenger.rettshjelp.grense"", ""page"": 14, ""section"": ""Rettshjelp – forsikringssum""}, {""providerId"": ""storebrand"", ""insuranceType"": ""Tilhenger"", ""productId"": ""storebrand-tilhenger-kasko"", ""factKey"": ""tilhenger.brann.egenandel"", ""page"": 5, ""section"": ""6.1.1""}, {""providerId"": ""storebrand"", ""insuranceType"": ""Tilhenger"", ""productId"": ""storebrand-tilhenger-kasko"", ""factKey"": ""tilhenger.avtale.geografi"", ""page"": 3, ""section"": ""4""}, {""providerId"": ""storebrand"", ""insuranceType"": ""Tilhenger"", ""productId"": ""storebrand-tilhenger-kasko"", ""factKey"": ""tilhenger.redning.dekning"", ""page"": 2, ""section"": ""Sammendrag""}]}], ""runtime_source_ids"": [""vehicle:storebrand-vilkar-campingvogn-og-tilhenger.pdf""]}, {""path"": ""catalog/sources/vehicle-extensions/storebrand-campingvognforsikring.html"", ""sha256"": ""82ef7c5c1de0d2b8e4837c260210b5b5d66766d57942aabc5da1d18be58363a0"", ""manifest"": [{""manifest"": ""catalog/sources/vehicle-extensions/manifest.json"", ""urls"": [""https://www.storebrand.no/privat/forsikring/campingvognforsikring""], ""resolvedUrl"": ""https://www.storebrand.no/privat/forsikring/campingvognforsikring"", ""providerId"": ""storebrand"", ""filename"": ""storebrand-campingvognforsikring.html"", ""documentType"": ""product_page"", ""documentNumber"": null, ""version"": null, ""validFrom"": null, ""replacesVersion"": null, ""retrievedAt"": ""2026-09-23"", ""sha256"": ""82ef7c5c1de0d2b8e4837c260210b5b5d66766d57942aabc5da1d18be58363a0"", ""validity"": ""current_link_date_unknown"", ""documentName"": ""storebrand-campingvognforsikring.html"", ""catalogUsage"": []}], ""runtime_source_ids"": [""vehicle:storebrand-campingvognforsikring.html""]}, {""path"": ""catalog/sources/vehicle-extensions/storebrand-tilhengerforsikring.html"", ""sha256"": ""378021a3e4d8dcd820dbfe9ca083d47d2719d49159e72e8152cfc71c0efc0be3"", ""manifest"": [{""manifest"": ""catalog/sources/vehicle-extensions/manifest.json"", ""urls"": [""https://www.storebrand.no/privat/forsikring/tilhengerforsikring""], ""resolvedUrl"": ""https://www.storebrand.no/privat/forsikring/tilhengerforsikring"", ""providerId"": ""storebrand"", ""filename"": ""storebrand-tilhengerforsikring.html"", ""documentType"": ""product_page"", ""documentNumber"": null, ""version"": null, ""validFrom"": null, ""replacesVersion"": null, ""retrievedAt"": ""2026-09-23"", ""sha256"": ""378021a3e4d8dcd820dbfe9ca083d47d2719d49159e72e8152cfc71c0efc0be3"", ""validity"": ""current_link_date_unknown"", ""documentName"": ""storebrand-tilhengerforsikring.html"", ""catalogUsage"": []}], ""runtime_source_ids"": [""vehicle:storebrand-tilhengerforsikring.html""]}]",Do not pick a value or inclusive boundary; preserve exact uncertainty until dated applicability is established.
SC-008,SOURCE_APPLICABILITY_REVIEW_REQUIRED,OPEN_RETAINED,SR-055,storebrand,Hus,Drone/smallbuild/brygge/rebuildpersonscope; deductible; IPIDwheelchair; utleie applicability,HUS10B2 droneEuropa absent D; Super column excludes added smallbuild cover while prose Standard; brygge included/excluded wording; B6.2spouse versusB6.3livsarving; HTMLalarmminus4000 vsHUS10zero;2019IPIDwheelchairSuper vs2025HUS10both;HUS10Fmax3notUTLEI03.,"[{""path"": ""catalog/sources/storebrand/hus/Vilkar-hus-og-hytte-HUS10.pdf"", ""sha256"": ""d69c9ec3fc2edfd71c625dfcf9d19dc801dadfb3f627bc0105a78891a3eacd61"", ""manifest"": [], ""runtime_source_ids"": [""storebrandHusTerms""]}, {""path"": ""catalog/sources/storebrand/hus/Vilkar-utleieforsikring-UTLEI03.pdf"", ""sha256"": ""a328ed4ed879dc20e65cbd4912fb2eee8f46722ee16ff02219acf7fdc1a2ef18"", ""manifest"": [], ""runtime_source_ids"": [""storebrandHusRental""]}, {""path"": ""catalog/sources/storebrand/hus/Husforsikring-produktside.html"", ""sha256"": ""7121604b2aba25d4dba3ae4dcfa4b744f7e4ac30ced4e3ef4483c1b27cb28689"", ""manifest"": [], ""runtime_source_ids"": [""storebrandHusProduct""]}, {""path"": ""catalog/sources/storebrand/hus/IPID-Husforsikring.pdf"", ""sha256"": ""c4794af12026c190fc72e8213cea620080a9ea50370a26e068e1df8fc8481261"", ""manifest"": [], ""runtime_source_ids"": [""storebrandHusIpid""]}]",Do not pick a value or inclusive boundary; preserve exact uncertainty until dated applicability is established.
SC-009,SOURCE_APPLICABILITY_REVIEW_REQUIRED,OPEN_RETAINED,SR-057,storebrand,Reise,New insurance purchased while already on trip,B1 categorically excludes current trip; IPIDexceptsdirecttransferfromNorwegianinsurer. No policy supplied.,"[{""path"": ""catalog/sources/storebrand/reise/canonical/reise10-vilkar-reiseforsikring.pdf"", ""sha256"": ""d44b4ef668a51db2e2d0c72714737dee59cb74d10fad13b65e3cde5695e5e414"", ""manifest"": [], ""runtime_source_ids"": [""storebrandReiseTerms""]}, {""path"": ""catalog/sources/storebrand/reise/canonical/IPID-reiseforsikring.pdf"", ""sha256"": ""1a8fb745305aaa2edf9fa9230c7e157c6e3f3e65130de063615f07232e319d37"", ""manifest"": [], ""runtime_source_ids"": [""storebrandReiseIpid""]}]",Do not pick a value or inclusive boundary; preserve exact uncertainty until dated applicability is established.
SC-010,SOURCE_APPLICABILITY_REVIEW_REQUIRED,OPEN_RETAINED,SR-014,frende,Båt,Utvidet newvalue threshold/storage equipment sum; base contents; combined transport label,Fullterms80%newvalue/30000storage vsHTML60%/10000. Mainterms3loosecontentsall versusHTML/IPIDBrannTyverirestrictions. Sjøsetting/opptak label broader than explicit transport clause needs eventscope review.,"[{""path"": ""catalog/sources/boat-pet/frende-boat-terms.pdf"", ""sha256"": ""272b9c86efaf39c30930b284fdadc49019d4e2f98ca13c2de426d0ec2f4f66d0"", ""manifest"": [{""manifest"": ""catalog/sources/boat-pet/manifest.json"", ""providerId"": ""frende"", ""filename"": ""frende-boat-terms.pdf"", ""insuranceTypes"": [""båt""], ""agreementScope"": ""ordinary"", ""documentType"": ""full_terms"", ""sha256"": ""272b9c86efaf39c30930b284fdadc49019d4e2f98ca13c2de426d0ec2f4f66d0"", ""url"": ""https://www.frende.no/forsikringer/batforsikring/"", ""retrievedAt"": ""2026-09-29"", ""localPath"": ""catalog/sources/boat-pet/frende-boat-terms.pdf"", ""publicOfficialArtifact"": true}], ""runtime_source_ids"": [""boat-pet:frende:båt""]}, {""path"": ""catalog/sources/boat-pet/frende-boat-ipid.pdf"", ""sha256"": ""7a2abacd3fdc0df835835d53a7a9f189ec5088636f3c42a2de13d5c4613ee13d"", ""manifest"": [{""manifest"": ""catalog/sources/boat-pet/manifest.json"", ""providerId"": ""frende"", ""filename"": ""frende-boat-ipid.pdf"", ""insuranceTypes"": [""båt""], ""agreementScope"": ""ordinary"", ""documentType"": ""ipid"", ""sha256"": ""7a2abacd3fdc0df835835d53a7a9f189ec5088636f3c42a2de13d5c4613ee13d"", ""url"": ""https://www.frende.no/forsikringer/batforsikring/"", ""retrievedAt"": ""2026-09-29"", ""localPath"": ""catalog/sources/boat-pet/frende-boat-ipid.pdf"", ""publicOfficialArtifact"": true}], ""runtime_source_ids"": []}, {""path"": ""catalog/sources/boat-pet/frende-boat-product.html"", ""sha256"": ""33e6f8065c8fad4e845be34b2c1432016276c62435841cffee926f9dd3945e21"", ""manifest"": [{""manifest"": ""catalog/sources/boat-pet/manifest.json"", ""providerId"": ""frende"", ""filename"": ""frende-boat-product.html"", ""insuranceTypes"": [""båt""], ""agreementScope"": ""ordinary"", ""documentType"": ""product_page"", ""sha256"": ""33e6f8065c8fad4e845be34b2c1432016276c62435841cffee926f9dd3945e21"", ""url"": ""https://www.frende.no/forsikringer/batforsikring/"", ""retrievedAt"": ""2026-09-29"", ""localPath"": ""catalog/sources/boat-pet/frende-boat-product.html"", ""publicOfficialArtifact"": true}], ""runtime_source_ids"": []}]",Do not pick a value or inclusive boundary; preserve exact uncertainty until dated applicability is established.
SC-011,SOURCE_VERSION_APPLICABILITY_REVIEW_REQUIRED,OPEN_RETAINED,SR-016,frende,Katt,Tap: forsvinning versus theftduringbuildingburglary,2026fullterms6.1doesnotlistdisappearance;2025IPIDlistsstolenorcomesaway;catalogincludesdisappearanceciting2026fullterms.,"[{""path"": ""catalog/sources/boat-pet/frende-cat-terms.pdf"", ""sha256"": ""5c7791b59cf84da6ef475020f997bac1cc13a865777bdc791b2c3f7ba4b4fe6b"", ""manifest"": [{""manifest"": ""catalog/sources/boat-pet/manifest.json"", ""providerId"": ""frende"", ""filename"": ""frende-cat-terms.pdf"", ""insuranceTypes"": [""katt""], ""agreementScope"": ""ordinary"", ""documentType"": ""full_terms"", ""sha256"": ""5c7791b59cf84da6ef475020f997bac1cc13a865777bdc791b2c3f7ba4b4fe6b"", ""url"": ""https://www.frende.no/forsikringer/katteforsikring/"", ""retrievedAt"": ""2026-09-29"", ""localPath"": ""catalog/sources/boat-pet/frende-cat-terms.pdf"", ""publicOfficialArtifact"": true}], ""runtime_source_ids"": [""boat-pet:frende:katt""]}, {""path"": ""catalog/sources/boat-pet/frende-cat-ipid.pdf"", ""sha256"": ""360871086cafaf7676718821e624afda96dfca6fbac1757662e3b581a9699904"", ""manifest"": [{""manifest"": ""catalog/sources/boat-pet/manifest.json"", ""providerId"": ""frende"", ""filename"": ""frende-cat-ipid.pdf"", ""insuranceTypes"": [""katt""], ""agreementScope"": ""ordinary"", ""documentType"": ""ipid"", ""sha256"": ""360871086cafaf7676718821e624afda96dfca6fbac1757662e3b581a9699904"", ""url"": ""https://www.frende.no/forsikringer/katteforsikring/"", ""retrievedAt"": ""2026-09-29"", ""localPath"": ""catalog/sources/boat-pet/frende-cat-ipid.pdf"", ""publicOfficialArtifact"": true}], ""runtime_source_ids"": []}]",Do not pick a value or inclusive boundary; preserve exact uncertainty until dated applicability is established.
SC-012,SOURCE_APPLICABILITY_REVIEW_REQUIRED,OPEN_RETAINED,SR-015,frende,Bil,Maskinskade age cutoff; accident selection; totalskade boundary precision,Terms9.1/9.3endpolicyyear12 vs11.11/IPIDolderthan12. IPIDaccidentseparateheading whiletermsrequiresbevis. Newvaluefulltermsnotolderthan1/3 vsIPIDunder1/3. Lease-machineexclusiononlyIPID.,"[{""path"": ""catalog/sources/frende/Vilkar_kjoretoyforsikring.pdf"", ""sha256"": ""088201db9b2f6071e81d24d716a74233176cd3694ac2be1a92e44be6952e8f88"", ""manifest"": [{""manifest"": ""catalog/sources/mc-bobil/fremtind-frende-manifest.json"", ""name"": ""frende-mc-terms.pdf"", ""provider"": ""frende"", ""insuranceType"": ""MC"", ""distributionChannel"": ""Frende"", ""agreementScope"": ""ordinary"", ""sourceKind"": ""terms"", ""originUrl"": ""https://api.frende.no/documents/terms/public/pnc/MotorcycleInsurance"", ""resolvedUrl"": ""https://api.frende.no/documents/terms/public/pnc/MotorcycleInsurance"", ""localPath"": ""catalog/sources/frende/Vilkar_kjoretoyforsikring.pdf"", ""sha256"": ""088201db9b2f6071e81d24d716a74233176cd3694ac2be1a92e44be6952e8f88"", ""bytes"": 146214, ""retrievedAt"": ""2026-09-28"", ""documentDate"": ""2026-01-01"", ""version"": null, ""reusedExisting"": true, ""underwritingProvider"": ""Frende Skadeforsikring AS"", ""applicableLevels"": [""Ansvar"", ""Delkasko"", ""Kasko""]}, {""manifest"": ""catalog/sources/mc-bobil/fremtind-frende-manifest.json"", ""name"": ""frende-bobil-terms.pdf"", ""provider"": ""frende"", ""insuranceType"": ""Bobil"", ""distributionChannel"": ""Frende"", ""agreementScope"": ""ordinary"", ""sourceKind"": ""terms"", ""originUrl"": ""https://api.frende.no/documents/terms/public/pnc/MotorHomeInsurance"", ""resolvedUrl"": ""https://api.frende.no/documents/terms/public/pnc/MotorHomeInsurance"", ""localPath"": ""catalog/sources/frende/Vilkar_kjoretoyforsikring.pdf"", ""sha256"": ""088201db9b2f6071e81d24d716a74233176cd3694ac2be1a92e44be6952e8f88"", ""bytes"": 146214, ""retrievedAt"": ""2026-09-28"", ""documentDate"": ""2026-01-01"", ""version"": null, ""reusedExisting"": true, ""underwritingProvider"": ""Frende Skadeforsikring AS"", ""applicableLevels"": [""Ansvar"", ""Delkasko"", ""Kasko"", ""Utvidet""]}], ""runtime_source_ids"": [""mcb-ff-frende-mc-terms"", ""mcb-ff-frende-bobil-terms"", ""frendeTerms"", ""frendeAnsvar"", ""frendeDelkasko"", ""frendeKasko"", ""frendeUtvidet"", ""frendeLeiebil"", ""frendeMaskinskade""]}, {""path"": ""catalog/sources/frende/IPID_Personbil.pdf"", ""sha256"": ""4c2dca2923583ba1d46dea924730335b064d8e94cd4cb1df544a520ed2683b8d"", ""manifest"": [], ""runtime_source_ids"": [""frendeIpid""]}]",Do not pick a value or inclusive boundary; preserve exact uncertainty until dated applicability is established.
SC-013,SOURCE_APPLICABILITY_REVIEW_REQUIRED,OPEN_RETAINED,SR-020,frende,MC,Glass applicability,Sharedvehicleterms5.1includesglass;MCIPIDandtableomitglass. No positiveindependentMCglasssupport.,"[{""path"": ""catalog/sources/frende/Vilkar_kjoretoyforsikring.pdf"", ""sha256"": ""088201db9b2f6071e81d24d716a74233176cd3694ac2be1a92e44be6952e8f88"", ""manifest"": [{""manifest"": ""catalog/sources/mc-bobil/fremtind-frende-manifest.json"", ""name"": ""frende-mc-terms.pdf"", ""provider"": ""frende"", ""insuranceType"": ""MC"", ""distributionChannel"": ""Frende"", ""agreementScope"": ""ordinary"", ""sourceKind"": ""terms"", ""originUrl"": ""https://api.frende.no/documents/terms/public/pnc/MotorcycleInsurance"", ""resolvedUrl"": ""https://api.frende.no/documents/terms/public/pnc/MotorcycleInsurance"", ""localPath"": ""catalog/sources/frende/Vilkar_kjoretoyforsikring.pdf"", ""sha256"": ""088201db9b2f6071e81d24d716a74233176cd3694ac2be1a92e44be6952e8f88"", ""bytes"": 146214, ""retrievedAt"": ""2026-09-28"", ""documentDate"": ""2026-01-01"", ""version"": null, ""reusedExisting"": true, ""underwritingProvider"": ""Frende Skadeforsikring AS"", ""applicableLevels"": [""Ansvar"", ""Delkasko"", ""Kasko""]}, {""manifest"": ""catalog/sources/mc-bobil/fremtind-frende-manifest.json"", ""name"": ""frende-bobil-terms.pdf"", ""provider"": ""frende"", ""insuranceType"": ""Bobil"", ""distributionChannel"": ""Frende"", ""agreementScope"": ""ordinary"", ""sourceKind"": ""terms"", ""originUrl"": ""https://api.frende.no/documents/terms/public/pnc/MotorHomeInsurance"", ""resolvedUrl"": ""https://api.frende.no/documents/terms/public/pnc/MotorHomeInsurance"", ""localPath"": ""catalog/sources/frende/Vilkar_kjoretoyforsikring.pdf"", ""sha256"": ""088201db9b2f6071e81d24d716a74233176cd3694ac2be1a92e44be6952e8f88"", ""bytes"": 146214, ""retrievedAt"": ""2026-09-28"", ""documentDate"": ""2026-01-01"", ""version"": null, ""reusedExisting"": true, ""underwritingProvider"": ""Frende Skadeforsikring AS"", ""applicableLevels"": [""Ansvar"", ""Delkasko"", ""Kasko"", ""Utvidet""]}], ""runtime_source_ids"": [""mcb-ff-frende-mc-terms"", ""mcb-ff-frende-bobil-terms"", ""frendeTerms"", ""frendeAnsvar"", ""frendeDelkasko"", ""frendeKasko"", ""frendeUtvidet"", ""frendeLeiebil"", ""frendeMaskinskade""]}, {""path"": ""catalog/sources/mc-bobil/frende-mc-ipid.pdf"", ""sha256"": ""11b4f8c1c73d2177ce49d7349ed1fd23151c63dbaaa77f15179b4b83496044eb"", ""manifest"": [{""manifest"": ""catalog/sources/mc-bobil/fremtind-frende-manifest.json"", ""name"": ""frende-mc-ipid.pdf"", ""provider"": ""frende"", ""insuranceType"": ""MC"", ""distributionChannel"": ""Frende"", ""agreementScope"": ""ordinary"", ""sourceKind"": ""ipid"", ""originUrl"": ""https://www.frende.no/documents/204/IPID_Motorsykkel.pdf"", ""resolvedUrl"": ""https://frende-cms-prod.s3.eu-central-1.amazonaws.com/documents/IPID_Motorsykkel.pdf"", ""localPath"": ""catalog/sources/mc-bobil/frende-mc-ipid.pdf"", ""sha256"": ""11b4f8c1c73d2177ce49d7349ed1fd23151c63dbaaa77f15179b4b83496044eb"", ""bytes"": 123642, ""retrievedAt"": ""2026-09-28"", ""documentDate"": ""2026-01-01"", ""version"": null, ""reusedExisting"": false, ""underwritingProvider"": ""Frende Skadeforsikring AS"", ""applicableLevels"": [""Ansvar"", ""Delkasko"", ""Kasko""]}], ""runtime_source_ids"": [""mcb-ff-frende-mc-ipid""]}, {""path"": ""catalog/sources/mc-bobil/frende-mc-page.html"", ""sha256"": ""eb47ef1e8c57e579891464eb8a264047ddcefcbc4b2113c0c4585700fb43c221"", ""manifest"": [{""manifest"": ""catalog/sources/mc-bobil/fremtind-frende-manifest.json"", ""name"": ""frende-mc-page.html"", ""provider"": ""frende"", ""insuranceType"": ""MC"", ""distributionChannel"": ""Frende"", ""agreementScope"": ""ordinary"", ""sourceKind"": ""product_page"", ""originUrl"": ""https://www.frende.no/forsikringer/mc-forsikring/"", ""resolvedUrl"": ""https://www.frende.no/forsikringer/mc-forsikring/"", ""localPath"": ""catalog/sources/mc-bobil/frende-mc-page.html"", ""sha256"": ""eb47ef1e8c57e579891464eb8a264047ddcefcbc4b2113c0c4585700fb43c221"", ""bytes"": 242333, ""retrievedAt"": ""2026-09-28"", ""documentDate"": null, ""version"": null, ""reusedExisting"": false, ""underwritingProvider"": ""Frende Skadeforsikring AS"", ""applicableLevels"": [""Ansvar"", ""Delkasko"", ""Kasko""]}], ""runtime_source_ids"": [""mcb-ff-frende-mc-page""]}]",Do not pick a value or inclusive boundary; preserve exact uncertainty until dated applicability is established.
SC-014,SOURCE_VERSION_APPLICABILITY_REVIEW_REQUIRED,OPEN_RETAINED,SR-021,frende,Bobil,Bobil content/accessory sums; peritemlimit; leasecap; machinelevel; rentalcashduration,Fullterms/IPIDUtvidetcontents100000/accessory50000vsweb20000/20000. Web10000peritem/150000startleie notfoundmainterms. IPIDmachineoptionalKaskovswebonlyUtvidet. Webcashnormalreptimevsfull31d.,"[{""path"": ""catalog/sources/frende/Vilkar_kjoretoyforsikring.pdf"", ""sha256"": ""088201db9b2f6071e81d24d716a74233176cd3694ac2be1a92e44be6952e8f88"", ""manifest"": [{""manifest"": ""catalog/sources/mc-bobil/fremtind-frende-manifest.json"", ""name"": ""frende-mc-terms.pdf"", ""provider"": ""frende"", ""insuranceType"": ""MC"", ""distributionChannel"": ""Frende"", ""agreementScope"": ""ordinary"", ""sourceKind"": ""terms"", ""originUrl"": ""https://api.frende.no/documents/terms/public/pnc/MotorcycleInsurance"", ""resolvedUrl"": ""https://api.frende.no/documents/terms/public/pnc/MotorcycleInsurance"", ""localPath"": ""catalog/sources/frende/Vilkar_kjoretoyforsikring.pdf"", ""sha256"": ""088201db9b2f6071e81d24d716a74233176cd3694ac2be1a92e44be6952e8f88"", ""bytes"": 146214, ""retrievedAt"": ""2026-09-28"", ""documentDate"": ""2026-01-01"", ""version"": null, ""reusedExisting"": true, ""underwritingProvider"": ""Frende Skadeforsikring AS"", ""applicableLevels"": [""Ansvar"", ""Delkasko"", ""Kasko""]}, {""manifest"": ""catalog/sources/mc-bobil/fremtind-frende-manifest.json"", ""name"": ""frende-bobil-terms.pdf"", ""provider"": ""frende"", ""insuranceType"": ""Bobil"", ""distributionChannel"": ""Frende"", ""agreementScope"": ""ordinary"", ""sourceKind"": ""terms"", ""originUrl"": ""https://api.frende.no/documents/terms/public/pnc/MotorHomeInsurance"", ""resolvedUrl"": ""https://api.frende.no/documents/terms/public/pnc/MotorHomeInsurance"", ""localPath"": ""catalog/sources/frende/Vilkar_kjoretoyforsikring.pdf"", ""sha256"": ""088201db9b2f6071e81d24d716a74233176cd3694ac2be1a92e44be6952e8f88"", ""bytes"": 146214, ""retrievedAt"": ""2026-09-28"", ""documentDate"": ""2026-01-01"", ""version"": null, ""reusedExisting"": true, ""underwritingProvider"": ""Frende Skadeforsikring AS"", ""applicableLevels"": [""Ansvar"", ""Delkasko"", ""Kasko"", ""Utvidet""]}], ""runtime_source_ids"": [""mcb-ff-frende-mc-terms"", ""mcb-ff-frende-bobil-terms"", ""frendeTerms"", ""frendeAnsvar"", ""frendeDelkasko"", ""frendeKasko"", ""frendeUtvidet"", ""frendeLeiebil"", ""frendeMaskinskade""]}, {""path"": ""catalog/sources/mc-bobil/frende-bobil-ipid.pdf"", ""sha256"": ""4b160a93fe10ccf41413702a2432f49da20ca892ce78491dde4bbb76036c0ace"", ""manifest"": [{""manifest"": ""catalog/sources/mc-bobil/fremtind-frende-manifest.json"", ""name"": ""frende-bobil-ipid.pdf"", ""provider"": ""frende"", ""insuranceType"": ""Bobil"", ""distributionChannel"": ""Frende"", ""agreementScope"": ""ordinary"", ""sourceKind"": ""ipid"", ""originUrl"": ""https://www.frende.no/documents/200/IPID_Bobil.pdf"", ""resolvedUrl"": ""https://frende-cms-prod.s3.eu-central-1.amazonaws.com/documents/IPID_Bobil.pdf"", ""localPath"": ""catalog/sources/mc-bobil/frende-bobil-ipid.pdf"", ""sha256"": ""4b160a93fe10ccf41413702a2432f49da20ca892ce78491dde4bbb76036c0ace"", ""bytes"": 129778, ""retrievedAt"": ""2026-09-28"", ""documentDate"": ""2026-01-01"", ""version"": null, ""reusedExisting"": false, ""underwritingProvider"": ""Frende Skadeforsikring AS"", ""applicableLevels"": [""Ansvar"", ""Delkasko"", ""Kasko"", ""Utvidet""]}], ""runtime_source_ids"": [""mcb-ff-frende-bobil-ipid""]}, {""path"": ""catalog/sources/mc-bobil/frende-bobil-page.html"", ""sha256"": ""c68e0697e9408b220fc115200fa15f674aac238dcf8f4b8c627c3a8c48bcbc52"", ""manifest"": [{""manifest"": ""catalog/sources/mc-bobil/fremtind-frende-manifest.json"", ""name"": ""frende-bobil-page.html"", ""provider"": ""frende"", ""insuranceType"": ""Bobil"", ""distributionChannel"": ""Frende"", ""agreementScope"": ""ordinary"", ""sourceKind"": ""product_page"", ""originUrl"": ""https://www.frende.no/forsikringer/bobilforsikring/"", ""resolvedUrl"": ""https://www.frende.no/forsikringer/bobilforsikring/"", ""localPath"": ""catalog/sources/mc-bobil/frende-bobil-page.html"", ""sha256"": ""c68e0697e9408b220fc115200fa15f674aac238dcf8f4b8c627c3a8c48bcbc52"", ""bytes"": 383959, ""retrievedAt"": ""2026-09-28"", ""documentDate"": null, ""version"": null, ""reusedExisting"": false, ""underwritingProvider"": ""Frende Skadeforsikring AS"", ""applicableLevels"": [""Ansvar"", ""Delkasko"", ""Kasko"", ""Utvidet""]}], ""runtime_source_ids"": [""mcb-ff-frende-bobil-page""]}]",Do not pick a value or inclusive boundary; preserve exact uncertainty until dated applicability is established.
SC-015,SOURCE_APPLICABILITY_REVIEW_REQUIRED,OPEN_RETAINED,SR-022,frende,Tilhenger,Type-specific deductible and generic fire/theft rows have unresolved ordering,§11.11: tilhenger damage 2000; general fire/theft 6000 unless lower certificate. Local exact type page does not disambiguate. Generic Kasko key applicability to extensions also retained for review.,"[{""path"": ""catalog/sources/vehicle-extensions/frende-TrailerInsurance.pdf"", ""sha256"": ""088201db9b2f6071e81d24d716a74233176cd3694ac2be1a92e44be6952e8f88"", ""manifest"": [{""manifest"": ""catalog/sources/vehicle-extensions/manifest.json"", ""urls"": [""https://api.frende.no/documents/terms/public/pnc/TrailerInsurance""], ""resolvedUrl"": ""https://api.frende.no/documents/terms/public/pnc/TrailerInsurance"", ""providerId"": ""frende"", ""filename"": ""frende-TrailerInsurance.pdf"", ""documentType"": ""terms"", ""documentNumber"": null, ""version"": null, ""validFrom"": ""2026-01-01"", ""replacesVersion"": null, ""retrievedAt"": ""2026-09-23"", ""sha256"": ""088201db9b2f6071e81d24d716a74233176cd3694ac2be1a92e44be6952e8f88"", ""validity"": ""current_official_link"", ""documentName"": ""Vilkår for kjùretùyforsikring Dette må du vite om forsikringen din Disse vilkårene gjelder for bil, veteranbil, bobil, c"", ""pages"": 15, ""components"": [], ""catalogUsage"": [{""providerId"": ""frende"", ""insuranceType"": ""Tilhenger"", ""productId"": ""frende-tilhenger-brann-og-tyveri"", ""factKey"": ""tilhenger.rettshjelp.dekning"", ""page"": 11, ""section"": ""14 (privatkunder)""}, {""providerId"": ""frende"", ""insuranceType"": ""Tilhenger"", ""productId"": ""frende-tilhenger-brann-og-tyveri"", ""factKey"": ""tilhenger.brann.dekning"", ""page"": 3, ""section"": ""4""}, {""providerId"": ""frende"", ""insuranceType"": ""Tilhenger"", ""productId"": ""frende-tilhenger-brann-og-tyveri"", ""factKey"": ""tilhenger.tyveri.dekning"", ""page"": 3, ""section"": ""4""}, {""providerId"": ""frende"", ""insuranceType"": ""Tilhenger"", ""productId"": ""frende-tilhenger-brann-og-tyveri"", ""factKey"": ""tilhenger.avtale.geografi"", ""page"": 2, ""section"": ""2""}, {""providerId"": ""frende"", ""insuranceType"": ""Tilhenger"", ""productId"": ""frende-tilhenger-brann-og-tyveri"", ""factKey"": ""tilhenger.utstyr.grense"", ""page"": 2, ""section"": ""3.7""}, {""providerId"": ""frende"", ""insuranceType"": ""Tilhenger"", ""productId"": ""frende-tilhenger-brann-og-tyveri"", ""factKey"": ""tilhenger.kasko.begrensning"", ""page"": 2, ""section"": ""3.9""}, {""providerId"": ""frende"", ""insuranceType"": ""Tilhenger"", ""productId"": ""frende-tilhenger-brann-og-tyveri"", ""factKey"": ""tilhenger.utstyr.dekning"", ""page"": 2, ""section"": ""3.7""}, {""providerId"": ""frende"", ""insuranceType"": ""Tilhenger"", ""productId"": ""frende-tilhenger-kasko"", ""factKey"": ""tilhenger.rettshjelp.dekning"", ""page"": 11, ""section"": ""14 (privatkunder)""}, {""providerId"": ""frende"", ""insuranceType"": ""Tilhenger"", ""productId"": ""frende-tilhenger-kasko"", ""factKey"": ""tilhenger.brann.dekning"", ""page"": 3, ""section"": ""4""}, {""providerId"": ""frende"", ""insuranceType"": ""Tilhenger"", ""productId"": ""frende-tilhenger-kasko"", ""factKey"": ""tilhenger.tyveri.dekning"", ""page"": 3, ""section"": ""4""}, {""providerId"": ""frende"", ""insuranceType"": ""Tilhenger"", ""productId"": ""frende-tilhenger-kasko"", ""factKey"": ""tilhenger.kasko.dekning"", ""page"": 3, ""section"": ""6.1""}, {""providerId"": ""frende"", ""insuranceType"": ""Tilhenger"", ""productId"": ""frende-tilhenger-kasko"", ""factKey"": ""tilhenger.avtale.geografi"", ""page"": 2, ""section"": ""2""}, {""providerId"": ""frende"", ""insuranceType"": ""Tilhenger"", ""productId"": ""frende-tilhenger-kasko"", ""factKey"": ""tilhenger.utstyr.grense"", ""page"": 2, ""section"": ""3.7""}, {""providerId"": ""frende"", ""insuranceType"": ""Tilhenger"", ""productId"": ""frende-tilhenger-kasko"", ""factKey"": ""tilhenger.kasko.begrensning"", ""page"": 2, ""section"": ""3.9""}, {""providerId"": ""frende"", ""insuranceType"": ""Tilhenger"", ""productId"": ""frende-tilhenger-kasko"", ""factKey"": ""tilhenger.utstyr.dekning"", ""page"": 2, ""section"": ""3.7""}]}], ""runtime_source_ids"": [""vehicle:frende-TrailerInsurance.pdf""]}]",Do not pick a value or inclusive boundary; preserve exact uncertainty until dated applicability is established.
SC-016,SOURCE_CONFLICT_REVIEW_REQUIRED,OPEN_RETAINED,SR-026,gjensidige,Bil,Pluss rental repair period:60days versus entire repair period,"FulltermsPDF3 inntil60dager; IPID1 hele reparasjonstiden. Version/effective dates unknown, no chronological precedence.","[{""path"": ""catalog/sources/gjensidige/Bil-Pluss-alminnelige-vilkar.pdf"", ""sha256"": ""c512ffc7dbcfc60737f018aae0d47e2883a300ede36f65ab51d8e50133a7189d"", ""manifest"": [], ""runtime_source_ids"": [""gjPluss""]}, {""path"": ""catalog/sources/gjensidige/Bilforsikring-Produktark-MOT01.pdf"", ""sha256"": ""32f3428e0f758e7380d54b9aaaa9da994b5f854e1707142f744576d792af9642"", ""manifest"": [], ""runtime_source_ids"": [""gjIpid"", ""gjUtvidetUtstyr"", ""gjSpesiallakk"", ""gjFunksjonsutstyr""]}]",Do not pick a value or inclusive boundary; preserve exact uncertainty until dated applicability is established.
SC-017,SOURCE_CONFLICT_REVIEW_REQUIRED,OPEN_RETAINED,SR-029,gjensidige,Innbo,Innbo cryptocurrency,IPID1 includes; both exact fullterms3 explicitly exclude. Unknown effective dates/versions prevent chronological resolution.,"[{""path"": ""catalog/sources/gjensidige/innbo/Gjensidige_Innbo_Standard_alminnelige_vilkar.pdf"", ""sha256"": ""df7af2a169d293e22df138e6561c4c34da854d4923596a828e14bcea7f28cf20"", ""manifest"": [], ""runtime_source_ids"": [""gjInnboShared"", ""gjInnboStandard""]}, {""path"": ""catalog/sources/gjensidige/innbo/Gjensidige_Innbo_Pluss_alminnelige_vilkar.pdf"", ""sha256"": ""4e10857cb9b7832b5661d48089a6024c3622a499d66156b6122f2010574787a1"", ""manifest"": [], ""runtime_source_ids"": [""gjInnboPlus"", ""gjInnboUtleie"", ""gjInnboSykkelUtvidelse""]}, {""path"": ""catalog/sources/gjensidige/innbo/Gjensidige_IPID_Innbo_EAP02.pdf"", ""sha256"": ""7610a939488c74d4cf0162b0945cc1825779b0d7765847bf522f0c651d6dcf6f"", ""manifest"": [], ""runtime_source_ids"": [""gjInnboIpid""]}]",Do not pick a value or inclusive boundary; preserve exact uncertainty until dated applicability is established.
SC-018,SOURCE_CONFLICT_REVIEW_REQUIRED,OPEN_RETAINED,SR-033,gjensidige,Innbo,Innbo Husleietvistutvalget,Both fullterms covered15k table and exclusion mention same tribunal; underlying scope unclear.,"[{""path"": ""catalog/sources/gjensidige/innbo/Gjensidige_Innbo_Standard_alminnelige_vilkar.pdf"", ""sha256"": ""df7af2a169d293e22df138e6561c4c34da854d4923596a828e14bcea7f28cf20"", ""manifest"": [], ""runtime_source_ids"": [""gjInnboShared"", ""gjInnboStandard""]}, {""path"": ""catalog/sources/gjensidige/innbo/Gjensidige_Innbo_Pluss_alminnelige_vilkar.pdf"", ""sha256"": ""4e10857cb9b7832b5661d48089a6024c3622a499d66156b6122f2010574787a1"", ""manifest"": [], ""runtime_source_ids"": [""gjInnboPlus"", ""gjInnboUtleie"", ""gjInnboSykkelUtvidelse""]}, {""path"": ""catalog/sources/gjensidige/innbo/Gjensidige_IPID_Innbo_EAP02.pdf"", ""sha256"": ""7610a939488c74d4cf0162b0945cc1825779b0d7765847bf522f0c651d6dcf6f"", ""manifest"": [], ""runtime_source_ids"": [""gjInnboIpid""]}]",Do not pick a value or inclusive boundary; preserve exact uncertainty until dated applicability is established.
SC-019,SOURCE_CONFLICT_REVIEW_REQUIRED,OPEN_RETAINED,SR-033,gjensidige,Hus,Hus Husleietvistutvalget,"FullStandard8–9,Pluss9–10 affirm15k and laterexclude same tribunal.","[{""path"": ""catalog/sources/gjensidige/hus/Hus-Standard-alminnelige-vilkar.pdf"", ""sha256"": ""d237795bdfd0223a9e078bf308d86fdc2f46de953784aea06264ff8024e44edc"", ""manifest"": [], ""runtime_source_ids"": [""gjensidigeHusStandard""]}, {""path"": ""catalog/sources/gjensidige/hus/Hus-Pluss-alminnelige-vilkar.pdf"", ""sha256"": ""79f127ae557e13af8c7a55f95a56c69cf890188dc2e5fcbd4b50ee051e10c792"", ""manifest"": [], ""runtime_source_ids"": [""gjensidigeHusPluss""]}, {""path"": ""catalog/sources/gjensidige/hus/IPID-Husforsikring-EAP01.pdf"", ""sha256"": ""5550cd9753fe374a8d4e54e147ecca30e5be09b8c85fb34a52f04c18f3de14b9"", ""manifest"": [], ""runtime_source_ids"": [""gjensidigeHusIpid""]}, {""path"": ""catalog/sources/gjensidige/hus/Husforsikring-produktside.html"", ""sha256"": ""32d491a3f2648199545134ff68994615f45b25f48d169bd3ff43ea61b9bad534"", ""manifest"": [], ""runtime_source_ids"": [""gjensidigeHusProduct""]}, {""path"": ""catalog/sources/gjensidige/hus/Hus-Smart-produktside.html"", ""sha256"": ""a9fcfb36a45ff72352913882955d26fe119b57427532562be1634f274855c530"", ""manifest"": [], ""runtime_source_ids"": [""gjensidigeHusSmart""]}, {""path"": ""catalog/sources/gjensidige/hus/Hus-Smart-alarmvilkar.html"", ""sha256"": ""ac113a34392ed290b3a2cac50ebb18fae44bbecf301db0ca1ce253794b969414"", ""manifest"": [], ""runtime_source_ids"": [""gjensidigeHusSmartTerms""]}]",Do not pick a value or inclusive boundary; preserve exact uncertainty until dated applicability is established.
SC-020,SOURCE_CONFLICT_REVIEW_REQUIRED,OPEN_RETAINED,SR-032,gjensidige,Hus,Hus physical insect damage deductible,"Pluss1 gives6k Råteogskadeinsekter,2k bekjempelse; productpage says2kSkadeinsekter without distinction. Catalogue labels2kbekjempelse conservatively; physicaldamage webpage conflict remains.","[{""path"": ""catalog/sources/gjensidige/hus/Hus-Standard-alminnelige-vilkar.pdf"", ""sha256"": ""d237795bdfd0223a9e078bf308d86fdc2f46de953784aea06264ff8024e44edc"", ""manifest"": [], ""runtime_source_ids"": [""gjensidigeHusStandard""]}, {""path"": ""catalog/sources/gjensidige/hus/Hus-Pluss-alminnelige-vilkar.pdf"", ""sha256"": ""79f127ae557e13af8c7a55f95a56c69cf890188dc2e5fcbd4b50ee051e10c792"", ""manifest"": [], ""runtime_source_ids"": [""gjensidigeHusPluss""]}, {""path"": ""catalog/sources/gjensidige/hus/IPID-Husforsikring-EAP01.pdf"", ""sha256"": ""5550cd9753fe374a8d4e54e147ecca30e5be09b8c85fb34a52f04c18f3de14b9"", ""manifest"": [], ""runtime_source_ids"": [""gjensidigeHusIpid""]}, {""path"": ""catalog/sources/gjensidige/hus/Husforsikring-produktside.html"", ""sha256"": ""32d491a3f2648199545134ff68994615f45b25f48d169bd3ff43ea61b9bad534"", ""manifest"": [], ""runtime_source_ids"": [""gjensidigeHusProduct""]}, {""path"": ""catalog/sources/gjensidige/hus/Hus-Smart-produktside.html"", ""sha256"": ""a9fcfb36a45ff72352913882955d26fe119b57427532562be1634f274855c530"", ""manifest"": [], ""runtime_source_ids"": [""gjensidigeHusSmart""]}, {""path"": ""catalog/sources/gjensidige/hus/Hus-Smart-alarmvilkar.html"", ""sha256"": ""ac113a34392ed290b3a2cac50ebb18fae44bbecf301db0ca1ce253794b969414"", ""manifest"": [], ""runtime_source_ids"": [""gjensidigeHusSmartTerms""]}]",Do not pick a value or inclusive boundary; preserve exact uncertainty until dated applicability is established.
SC-021,SOURCE_CONFLICT_REVIEW_REQUIRED,OPEN_RETAINED,SR-039,gjensidige,Reise,Mobil bakside og samtidig skade,Fullterms6onlyknustskjerm/tyveri/ran/brann;web229addsbackandconcurrentdamage.Catalogincludeswebclaimbutcitesonlyfullterms.,"[{""path"": ""catalog/sources/gjensidige/reise/reise-alminnelige-vilkar.pdf"", ""sha256"": ""dcf6dfd6c62112d634019ce0cd12793dc8009fba7fda527359da2a7828a37a82"", ""manifest"": [], ""runtime_source_ids"": [""gjensidigeReiseTerms""]}, {""path"": ""catalog/sources/gjensidige/reise/reise-pluss-alminnelige-vilkar.pdf"", ""sha256"": ""97823ecfea0e62a98965bc51ebaac61ee05f3b42766333f959cf2c29ceacea04"", ""manifest"": [], ""runtime_source_ids"": [""gjensidigeReisePlussTerms""]}, {""path"": ""catalog/sources/gjensidige/reise/reiseforsikring-ipid.pdf"", ""sha256"": ""4f61ae4add1baac5788289989179ade7320fd63ddaa18724ea9070dc9f18178a"", ""manifest"": [], ""runtime_source_ids"": [""gjensidigeReiseIpid""]}, {""path"": ""catalog/sources/gjensidige/reise/utvidelse-av-varighet-ipid.pdf"", ""sha256"": ""90ee33772fb2ab2e1723a7be5a99c222aeb52851d63f18fe7e93b3dda0173279"", ""manifest"": [], ""runtime_source_ids"": [""gjensidigeReiseExtensionIpid""]}, {""path"": ""catalog/sources/gjensidige/reise/produktside.html"", ""sha256"": ""c270ef097d9c8c1fd02ca29fc04c057a6d482abc41e32ef3a60405500d97bcda"", ""manifest"": [], ""runtime_source_ids"": [""gjensidigeReiseProductPage""]}, {""path"": ""catalog/sources/gjensidige/reise/reisedager.html"", ""sha256"": ""cf8c3f94fa4828710b7fe584bcf19aba6b963c07449052193c03dcb9d47a5aa8"", ""manifest"": [], ""runtime_source_ids"": [""gjensidigeReiseDays""]}, {""path"": ""catalog/sources/gjensidige/reise/alarmsentral.html"", ""sha256"": ""783af556ab12b49afb3613aff49c7fb06f17d199971ffcfbfbc6b254cc71926f"", ""manifest"": [], ""runtime_source_ids"": [""gjensidigeReiseAlarm""]}, {""path"": ""catalog/sources/gjensidige/reise/online-lege.html"", ""sha256"": ""9e092e683776c6582159a9f5a9a540536fa170d3a1af0646de2767399d77b9fd"", ""manifest"": [], ""runtime_source_ids"": [""gjensidigeReiseDoctor""]}]",Do not pick a value or inclusive boundary; preserve exact uncertainty until dated applicability is established.
SC-022,SOURCE_CONFLICT_REVIEW_REQUIRED,OPEN_RETAINED,SR-039,gjensidige,Reise,Inklusive tidsgrenser,Full5ukerinntilvswebmindreenn5;Plusstransport>=8tvsweb/catalog>8t. Catalogfull5wbutweb8twithoutconflict.,"[{""path"": ""catalog/sources/gjensidige/reise/reise-alminnelige-vilkar.pdf"", ""sha256"": ""dcf6dfd6c62112d634019ce0cd12793dc8009fba7fda527359da2a7828a37a82"", ""manifest"": [], ""runtime_source_ids"": [""gjensidigeReiseTerms""]}, {""path"": ""catalog/sources/gjensidige/reise/reise-pluss-alminnelige-vilkar.pdf"", ""sha256"": ""97823ecfea0e62a98965bc51ebaac61ee05f3b42766333f959cf2c29ceacea04"", ""manifest"": [], ""runtime_source_ids"": [""gjensidigeReisePlussTerms""]}, {""path"": ""catalog/sources/gjensidige/reise/reiseforsikring-ipid.pdf"", ""sha256"": ""4f61ae4add1baac5788289989179ade7320fd63ddaa18724ea9070dc9f18178a"", ""manifest"": [], ""runtime_source_ids"": [""gjensidigeReiseIpid""]}, {""path"": ""catalog/sources/gjensidige/reise/utvidelse-av-varighet-ipid.pdf"", ""sha256"": ""90ee33772fb2ab2e1723a7be5a99c222aeb52851d63f18fe7e93b3dda0173279"", ""manifest"": [], ""runtime_source_ids"": [""gjensidigeReiseExtensionIpid""]}, {""path"": ""catalog/sources/gjensidige/reise/produktside.html"", ""sha256"": ""c270ef097d9c8c1fd02ca29fc04c057a6d482abc41e32ef3a60405500d97bcda"", ""manifest"": [], ""runtime_source_ids"": [""gjensidigeReiseProductPage""]}, {""path"": ""catalog/sources/gjensidige/reise/reisedager.html"", ""sha256"": ""cf8c3f94fa4828710b7fe584bcf19aba6b963c07449052193c03dcb9d47a5aa8"", ""manifest"": [], ""runtime_source_ids"": [""gjensidigeReiseDays""]}, {""path"": ""catalog/sources/gjensidige/reise/alarmsentral.html"", ""sha256"": ""783af556ab12b49afb3613aff49c7fb06f17d199971ffcfbfbc6b254cc71926f"", ""manifest"": [], ""runtime_source_ids"": [""gjensidigeReiseAlarm""]}, {""path"": ""catalog/sources/gjensidige/reise/online-lege.html"", ""sha256"": ""9e092e683776c6582159a9f5a9a540536fa170d3a1af0646de2767399d77b9fd"", ""manifest"": [], ""runtime_source_ids"": [""gjensidigeReiseDoctor""]}]",Do not pick a value or inclusive boundary; preserve exact uncertainty until dated applicability is established.
SC-023,SOURCE_CONFLICT_REVIEW_REQUIRED,OPEN_RETAINED,SR-039,gjensidige,Reise,Forlengelse enhetsforhold,"Web42extraweeks/295daysnotarithmeticallyequal;IPID12mnd. Catalogfaithfullycopiesbutdoesnotsignalunituncertainty. Sixmonthsresidency general vswebone12monthjourneyexceptionneedsbevis,notnormaldefault.","[{""path"": ""catalog/sources/gjensidige/reise/reise-alminnelige-vilkar.pdf"", ""sha256"": ""dcf6dfd6c62112d634019ce0cd12793dc8009fba7fda527359da2a7828a37a82"", ""manifest"": [], ""runtime_source_ids"": [""gjensidigeReiseTerms""]}, {""path"": ""catalog/sources/gjensidige/reise/reise-pluss-alminnelige-vilkar.pdf"", ""sha256"": ""97823ecfea0e62a98965bc51ebaac61ee05f3b42766333f959cf2c29ceacea04"", ""manifest"": [], ""runtime_source_ids"": [""gjensidigeReisePlussTerms""]}, {""path"": ""catalog/sources/gjensidige/reise/reiseforsikring-ipid.pdf"", ""sha256"": ""4f61ae4add1baac5788289989179ade7320fd63ddaa18724ea9070dc9f18178a"", ""manifest"": [], ""runtime_source_ids"": [""gjensidigeReiseIpid""]}, {""path"": ""catalog/sources/gjensidige/reise/utvidelse-av-varighet-ipid.pdf"", ""sha256"": ""90ee33772fb2ab2e1723a7be5a99c222aeb52851d63f18fe7e93b3dda0173279"", ""manifest"": [], ""runtime_source_ids"": [""gjensidigeReiseExtensionIpid""]}, {""path"": ""catalog/sources/gjensidige/reise/produktside.html"", ""sha256"": ""c270ef097d9c8c1fd02ca29fc04c057a6d482abc41e32ef3a60405500d97bcda"", ""manifest"": [], ""runtime_source_ids"": [""gjensidigeReiseProductPage""]}, {""path"": ""catalog/sources/gjensidige/reise/reisedager.html"", ""sha256"": ""cf8c3f94fa4828710b7fe584bcf19aba6b963c07449052193c03dcb9d47a5aa8"", ""manifest"": [], ""runtime_source_ids"": [""gjensidigeReiseDays""]}, {""path"": ""catalog/sources/gjensidige/reise/alarmsentral.html"", ""sha256"": ""783af556ab12b49afb3613aff49c7fb06f17d199971ffcfbfbc6b254cc71926f"", ""manifest"": [], ""runtime_source_ids"": [""gjensidigeReiseAlarm""]}, {""path"": ""catalog/sources/gjensidige/reise/online-lege.html"", ""sha256"": ""9e092e683776c6582159a9f5a9a540536fa170d3a1af0646de2767399d77b9fd"", ""manifest"": [], ""runtime_source_ids"": [""gjensidigeReiseDoctor""]}]",Do not pick a value or inclusive boundary; preserve exact uncertainty until dated applicability is established.
SC-024,SOURCE_CONFLICT_REVIEW_REQUIRED,OPEN_RETAINED,SR-033,gjensidige,Reise,Rettshjelp HTU,"Samefullterms affirmative15kHTU andlaterexclusion; territor youtsideNordenlimitspracticaltravel relevance, noautomaticclaimorP1.","[{""path"": ""catalog/sources/gjensidige/reise/reise-alminnelige-vilkar.pdf"", ""sha256"": ""dcf6dfd6c62112d634019ce0cd12793dc8009fba7fda527359da2a7828a37a82"", ""manifest"": [], ""runtime_source_ids"": [""gjensidigeReiseTerms""]}, {""path"": ""catalog/sources/gjensidige/reise/reise-pluss-alminnelige-vilkar.pdf"", ""sha256"": ""97823ecfea0e62a98965bc51ebaac61ee05f3b42766333f959cf2c29ceacea04"", ""manifest"": [], ""runtime_source_ids"": [""gjensidigeReisePlussTerms""]}, {""path"": ""catalog/sources/gjensidige/reise/reiseforsikring-ipid.pdf"", ""sha256"": ""4f61ae4add1baac5788289989179ade7320fd63ddaa18724ea9070dc9f18178a"", ""manifest"": [], ""runtime_source_ids"": [""gjensidigeReiseIpid""]}, {""path"": ""catalog/sources/gjensidige/reise/utvidelse-av-varighet-ipid.pdf"", ""sha256"": ""90ee33772fb2ab2e1723a7be5a99c222aeb52851d63f18fe7e93b3dda0173279"", ""manifest"": [], ""runtime_source_ids"": [""gjensidigeReiseExtensionIpid""]}, {""path"": ""catalog/sources/gjensidige/reise/produktside.html"", ""sha256"": ""c270ef097d9c8c1fd02ca29fc04c057a6d482abc41e32ef3a60405500d97bcda"", ""manifest"": [], ""runtime_source_ids"": [""gjensidigeReiseProductPage""]}, {""path"": ""catalog/sources/gjensidige/reise/reisedager.html"", ""sha256"": ""cf8c3f94fa4828710b7fe584bcf19aba6b963c07449052193c03dcb9d47a5aa8"", ""manifest"": [], ""runtime_source_ids"": [""gjensidigeReiseDays""]}, {""path"": ""catalog/sources/gjensidige/reise/alarmsentral.html"", ""sha256"": ""783af556ab12b49afb3613aff49c7fb06f17d199971ffcfbfbc6b254cc71926f"", ""manifest"": [], ""runtime_source_ids"": [""gjensidigeReiseAlarm""]}, {""path"": ""catalog/sources/gjensidige/reise/online-lege.html"", ""sha256"": ""9e092e683776c6582159a9f5a9a540536fa170d3a1af0646de2767399d77b9fd"", ""manifest"": [], ""runtime_source_ids"": [""gjensidigeReiseDoctor""]}]",Do not pick a value or inclusive boundary; preserve exact uncertainty until dated applicability is established.
SC-025,SOURCE_CONFLICT_REVIEW_REQUIRED,OPEN_RETAINED,SR-034,gjensidige,Bobil,Bobil Pluss utvidet totalskade,MOT08 IPID1 says extended total-loss; ownKasko/Pluss15 both1yr20k andwebsame. Do not invent Plusshigher limits.,"[{""path"": ""catalog/sources/mc-bobil/gjensidige-bobil-kasko-vilkar.pdf"", ""sha256"": ""7971a0170cf272cacec8e9da23633fa630245631d04e99f455b174dd3a2fc734"", ""manifest"": [{""manifest"": ""catalog/sources/mc-bobil/gjensidige-storebrand-manifest.json"", ""filename"": ""gjensidige-bobil-kasko-vilkar.pdf"", ""localPath"": ""catalog/sources/mc-bobil/gjensidige-bobil-kasko-vilkar.pdf"", ""url"": ""https://www.gjensidige.no/files/privat/vilkar/kjoretoy/Bobil-Kasko-alminnelige-vilkar.pdf"", ""resolvedUrl"": ""https://www.gjensidige.no/files/privat/vilkar/kjoretoy/Bobil-Kasko-alminnelige-vilkar.pdf"", ""sha256"": ""7971a0170cf272cacec8e9da23633fa630245631d04e99f455b174dd3a2fc734"", ""retrievedAt"": ""2026-09-28"", ""reusedArtifact"": false, ""pages"": 15, ""providerId"": ""gjensidige"", ""agreementScope"": ""ordinary"", ""insuranceTypes"": [""Bobil""], ""documentType"": ""terms"", ""documentNumber"": null, ""version"": null, ""validFrom"": null, ""validity"": ""current_link_date_unknown"", ""notes"": ""Official public original; retrieval date is not policy effective date."", ""id"": ""mc-bobil:gjensidige-bobil-kasko-vilkar.pdf"", ""sourceRecordIds"": [""mc-bobil:gjensidige-bobil-kasko-vilkar.pdf:bobil""], ""catalogUsage"": [{""componentId"": ""gjensidige-bobil-kasko"", ""canonicalKey"": ""ansvar.dekning"", ""sourceId"": ""mc-bobil:gjensidige-bobil-kasko-vilkar.pdf:bobil"", ""page"": 1, ""section"": ""Forsikringen dekker – ansvar, rettshjelp og ulykke""}, {""componentId"": ""gjensidige-bobil-kasko"", ""canonicalKey"": ""ansvar.person.grense"", ""sourceId"": ""mc-bobil:gjensidige-bobil-kasko-vilkar.pdf:bobil"", ""page"": 1, ""section"": ""Forsikringen dekker – ansvar, rettshjelp og ulykke""}, {""componentId"": ""gjensidige-bobil-kasko"", ""canonicalKey"": ""ansvar.ting.grense"", ""sourceId"": ""mc-bobil:gjensidige-bobil-kasko-vilkar.pdf:bobil"", ""page"": 1, ""section"": ""Forsikringen dekker – ansvar, rettshjelp og ulykke""}, {""componentId"": ""gjensidige-bobil-kasko"", ""canonicalKey"": ""rettshjelp.dekning"", ""sourceId"": ""mc-bobil:gjensidige-bobil-kasko-vilkar.pdf:bobil"", ""page"": 1, ""section"": ""Forsikringen dekker – ansvar, rettshjelp og ulykke""}, {""componentId"": ""gjensidige-bobil-kasko"", ""canonicalKey"": ""rettshjelp.grense"", ""sourceId"": ""mc-bobil:gjensidige-bobil-kasko-vilkar.pdf:bobil"", ""page"": 1, ""section"": ""Forsikringen dekker – ansvar, rettshjelp og ulykke""}, {""componentId"": ""gjensidige-bobil-kasko"", ""canonicalKey"": ""ulykke.dekning"", ""sourceId"": ""mc-bobil:gjensidige-bobil-kasko-vilkar.pdf:bobil"", ""page"": 1, ""section"": ""Forsikringen dekker – ansvar, rettshjelp og ulykke""}, {""componentId"": ""gjensidige-bobil-kasko"", ""canonicalKey"": ""ulykke.dod"", ""sourceId"": ""mc-bobil:gjensidige-bobil-kasko-vilkar.pdf:bobil"", ""page"": 1, ""section"": ""Forsikringen dekker – ansvar, rettshjelp og ulykke""}, {""componentId"": ""gjensidige-bobil-kasko"", ""canonicalKey"": ""ulykke.invaliditet"", ""sourceId"": ""mc-bobil:gjensidige-bobil-kasko-vilkar.pdf:bobil"", ""page"": 1, ""section"": ""Forsikringen dekker – ansvar, rettshjelp og ulykke""}, {""componentId"": ""gjensidige-bobil-kasko"", ""canonicalKey"": ""avtale.geografi"", ""sourceId"": ""mc-bobil:gjensidige-bobil-kasko-vilkar.pdf:bobil"", ""page"": 3, ""section"": ""Hvor gjelder forsikringen""}, {""componentId"": ""gjensidige-bobil-kasko"", ""canonicalKey"": ""rettshjelp.geografi"", ""sourceId"": ""mc-bobil:gjensidige-bobil-kasko-vilkar.pdf:bobil"", ""page"": 3, ""section"": ""Hvor gjelder forsikringen""}, {""componentId"": ""gjensidige-bobil-kasko"", ""canonicalKey"": ""rettshjelp.egenandel"", ""sourceId"": ""mc-bobil:gjensidige-bobil-kasko-vilkar.pdf:bobil"", ""page"": 9, ""section"": ""Rettshjelp – egenandel""}, {""componentId"": ""gjensidige-bobil-kasko"", ""canonicalKey"": ""brann.dekning"", ""sourceId"": ""mc-bobil:gjensidige-bobil-kasko-vilkar.pdf:bobil"", ""page"": 3, ""section"": ""Hvilke skader""}, {""componentId"": ""gjensidige-bobil-kasko"", ""canonicalKey"": ""tyveri.dekning"", ""sourceId"": ""mc-bobil:gjensidige-bobil-kasko-vilkar.pdf:bobil"", ""page"": 3, ""section"": ""Hvilke skader""}, {""componentId"": ""gjensidige-bobil-kasko"", ""canonicalKey"": ""glass.dekning"", ""sourceId"": ""mc-bobil:gjensidige-bobil-kasko-vilkar.pdf:bobil"", ""page"": 3, ""section"": ""Hvilke skader""}, {""componentId"": ""gjensidige-bobil-kasko"", ""canonicalKey"": ""brann.egenandel"", ""sourceId"": ""mc-bobil:gjensidige-bobil-kasko-vilkar.pdf:bobil"", ""page"": 1, ""section"": ""Forsikringen dekker""}, {""componentId"": ""gjensidige-bobil-kasko"", ""canonicalKey"": ""tyveri.egenandel"", ""sourceId"": ""mc-bobil:gjensidige-bobil-kasko-vilkar.pdf:bobil"", ""page"": 1, ""section"": ""Forsikringen dekker""}, {""componentId"": ""gjensidige-bobil-kasko"", ""canonicalKey"": ""glass.egenandel"", ""sourceId"": ""mc-bobil:gjensidige-bobil-kasko-vilkar.pdf:bobil"", ""page"": 1, ""section"": ""Glass""}, {""componentId"": ""gjensidige-bobil-kasko"", ""canonicalKey"": ""glass.reparasjon.egenandel"", ""sourceId"": ""mc-bobil:gjensidige-bobil-kasko-vilkar.pdf:bobil"", ""page"": 1, ""section"": ""Glass""}, {""componentId"": ""gjensidige-bobil-kasko"", ""canonicalKey"": ""veihjelp.dekning"", ""sourceId"": ""mc-bobil:gjensidige-bobil-kasko-vilkar.pdf:bobil"", ""page"": 3, ""section"": ""Veihjelp""}, {""componentId"": ""gjensidige-bobil-kasko"", ""canonicalKey"": ""veihjelp.egenandel"", ""sourceId"": ""mc-bobil:gjensidige-bobil-kasko-vilkar.pdf:bobil"", ""page"": 1, ""section"": ""Veihjelp""}, {""componentId"": ""gjensidige-bobil-kasko"", ""canonicalKey"": ""utstyr.dekning"", ""sourceId"": ""mc-bobil:gjensidige-bobil-kasko-vilkar.pdf:bobil"", ""page"": 1, ""section"": ""Ekstrautstyr og løsøre""}, {""componentId"": ""gjensidige-bobil-kasko"", ""canonicalKey"": ""utstyr.grense"", ""sourceId"": ""mc-bobil:gjensidige-bobil-kasko-vilkar.pdf:bobil"", ""page"": 1, ""section"": ""Ekstrautstyr og løsøre""}, {""componentId"": ""gjensidige-bobil-kasko"", ""canonicalKey"": ""bobil.losore.dekning"", ""sourceId"": ""mc-bobil:gjensidige-bobil-kasko-vilkar.pdf:bobil"", ""page"": 1, ""section"": ""Ekstrautstyr og løsøre""}, {""componentId"": ""gjensidige-bobil-kasko"", ""canonicalKey"": ""bobil.losore.grense"", ""sourceId"": ""mc-bobil:gjensidige-bobil-kasko-vilkar.pdf:bobil"", ""page"": 1, ""section"": ""Ekstrautstyr og løsøre""}, {""componentId"": ""gjensidige-bobil-kasko"", ""canonicalKey"": ""utstyr.begrensning"", ""sourceId"": ""mc-bobil:gjensidige-bobil-kasko-vilkar.pdf:bobil"", ""page"": 3, ""section"": ""Hva er forsikret – fortelt""}, {""componentId"": ""gjensidige-bobil-kasko"", ""canonicalKey"": ""kasko.dekning"", ""sourceId"": ""mc-bobil:gjensidige-bobil-kasko-vilkar.pdf:bobil"", ""page"": 3, ""section"": ""Hvilke skader""}, {""componentId"": ""gjensidige-bobil-kasko"", ""canonicalKey"": ""nyverdi.dekning"", ""sourceId"": ""mc-bobil:gjensidige-bobil-kasko-vilkar.pdf:bobil"", ""page"": 15, ""section"": ""Erstatningsregler – Totalskadegaranti i Kasko og Pluss""}, {""componentId"": ""gjensidige-bobil-kasko"", ""canonicalKey"": ""nyverdi.alder"", ""sourceId"": ""mc-bobil:gjensidige-bobil-kasko-vilkar.pdf:bobil"", ""page"": 15, ""section"": ""Erstatningsregler – Totalskadegaranti i Kasko og Pluss""}, {""componentId"": ""gjensidige-bobil-kasko"", ""canonicalKey"": ""nyverdi.km"", ""sourceId"": ""mc-bobil:gjensidige-bobil-kasko-vilkar.pdf:bobil"", ""page"": 15, ""section"": ""Erstatningsregler – Totalskadegaranti i Kasko og Pluss""}, {""componentId"": ""gjensidige-bobil-kasko"", ""canonicalKey"": ""nyverdi.skadegrad"", ""sourceId"": ""mc-bobil:gjensidige-bobil-kasko-vilkar.pdf:bobil"", ""page"": 15, ""section"": ""Erstatningsregler – Totalskadegaranti i Kasko og Pluss""}, {""componentId"": ""gjensidige-bobil-kasko"", ""canonicalKey"": ""nyverdi.oppgjor"", ""sourceId"": ""mc-bobil:gjensidige-bobil-kasko-vilkar.pdf:bobil"", ""page"": 15, ""section"": ""Erstatningsregler – Totalskadegaranti i Kasko og Pluss""}, {""componentId"": ""gjensidige-bobil-kasko"", ""canonicalKey"": ""nyverdi.begrensning"", ""sourceId"": ""mc-bobil:gjensidige-bobil-kasko-vilkar.pdf:bobil"", ""page"": 15, ""section"": ""Erstatningsregler – Totalskadegaranti i Kasko og Pluss""}, {""componentId"": ""gjensidige-bobil-kasko"", ""canonicalKey"": ""leiebil.dekning"", ""sourceId"": ""mc-bobil:gjensidige-bobil-kasko-vilkar.pdf:bobil"", ""page"": 4, ""section"": ""Veihjelp ved feriereiser utenfor Norden""}, {""componentId"": ""gjensidige-bobil-kasko"", ""canonicalKey"": ""leiebil.dager"", ""sourceId"": ""mc-bobil:gjensidige-bobil-kasko-vilkar.pdf:bobil"", ""page"": 4, ""section"": ""Veihjelp ved feriereiser utenfor Norden""}, {""componentId"": ""gjensidige-bobil-kasko"", ""canonicalKey"": ""leiebil.begrensning"", ""sourceId"": ""mc-bobil:gjensidige-bobil-kasko-vilkar.pdf:bobil"", ""page"": 4, ""section"": ""Veihjelp ved feriereiser utenfor Norden""}]}], ""runtime_source_ids"": [""mc-bobil:gjensidige-bobil-kasko-vilkar.pdf:bobil""]}, {""path"": ""catalog/sources/mc-bobil/gjensidige-bobil-pluss-vilkar.pdf"", ""sha256"": ""64eff6544529afba60722892de07b2db9ee8c3d0b0123001cbb7dfedfcd7e7d7"", ""manifest"": [{""manifest"": ""catalog/sources/mc-bobil/gjensidige-storebrand-manifest.json"", ""filename"": ""gjensidige-bobil-pluss-vilkar.pdf"", ""localPath"": ""catalog/sources/mc-bobil/gjensidige-bobil-pluss-vilkar.pdf"", ""url"": ""https://www.gjensidige.no/files/privat/vilkar/kjoretoy/Bobil-Pluss-alminnelige-vilkar.pdf"", ""resolvedUrl"": ""https://www.gjensidige.no/files/privat/vilkar/kjoretoy/Bobil-Pluss-alminnelige-vilkar.pdf"", ""sha256"": ""64eff6544529afba60722892de07b2db9ee8c3d0b0123001cbb7dfedfcd7e7d7"", ""retrievedAt"": ""2026-09-28"", ""reusedArtifact"": false, ""pages"": 15, ""providerId"": ""gjensidige"", ""agreementScope"": ""ordinary"", ""insuranceTypes"": [""Bobil""], ""documentType"": ""terms"", ""documentNumber"": null, ""version"": null, ""validFrom"": null, ""validity"": ""current_link_date_unknown"", ""notes"": ""Official public original; retrieval date is not policy effective date."", ""id"": ""mc-bobil:gjensidige-bobil-pluss-vilkar.pdf"", ""sourceRecordIds"": [""mc-bobil:gjensidige-bobil-pluss-vilkar.pdf:bobil""], ""catalogUsage"": [{""componentId"": ""gjensidige-bobil-pluss"", ""canonicalKey"": ""ansvar.dekning"", ""sourceId"": ""mc-bobil:gjensidige-bobil-pluss-vilkar.pdf:bobil"", ""page"": 1, ""section"": ""Forsikringen dekker – ansvar, rettshjelp og ulykke""}, {""componentId"": ""gjensidige-bobil-pluss"", ""canonicalKey"": ""ansvar.person.grense"", ""sourceId"": ""mc-bobil:gjensidige-bobil-pluss-vilkar.pdf:bobil"", ""page"": 1, ""section"": ""Forsikringen dekker – ansvar, rettshjelp og ulykke""}, {""componentId"": ""gjensidige-bobil-pluss"", ""canonicalKey"": ""ansvar.ting.grense"", ""sourceId"": ""mc-bobil:gjensidige-bobil-pluss-vilkar.pdf:bobil"", ""page"": 1, ""section"": ""Forsikringen dekker – ansvar, rettshjelp og ulykke""}, {""componentId"": ""gjensidige-bobil-pluss"", ""canonicalKey"": ""rettshjelp.dekning"", ""sourceId"": ""mc-bobil:gjensidige-bobil-pluss-vilkar.pdf:bobil"", ""page"": 1, ""section"": ""Forsikringen dekker – ansvar, rettshjelp og ulykke""}, {""componentId"": ""gjensidige-bobil-pluss"", ""canonicalKey"": ""rettshjelp.grense"", ""sourceId"": ""mc-bobil:gjensidige-bobil-pluss-vilkar.pdf:bobil"", ""page"": 1, ""section"": ""Forsikringen dekker – ansvar, rettshjelp og ulykke""}, {""componentId"": ""gjensidige-bobil-pluss"", ""canonicalKey"": ""ulykke.dekning"", ""sourceId"": ""mc-bobil:gjensidige-bobil-pluss-vilkar.pdf:bobil"", ""page"": 1, ""section"": ""Forsikringen dekker – ansvar, rettshjelp og ulykke""}, {""componentId"": ""gjensidige-bobil-pluss"", ""canonicalKey"": ""ulykke.dod"", ""sourceId"": ""mc-bobil:gjensidige-bobil-pluss-vilkar.pdf:bobil"", ""page"": 1, ""section"": ""Forsikringen dekker – ansvar, rettshjelp og ulykke""}, {""componentId"": ""gjensidige-bobil-pluss"", ""canonicalKey"": ""ulykke.invaliditet"", ""sourceId"": ""mc-bobil:gjensidige-bobil-pluss-vilkar.pdf:bobil"", ""page"": 1, ""section"": ""Forsikringen dekker – ansvar, rettshjelp og ulykke""}, {""componentId"": ""gjensidige-bobil-pluss"", ""canonicalKey"": ""avtale.geografi"", ""sourceId"": ""mc-bobil:gjensidige-bobil-pluss-vilkar.pdf:bobil"", ""page"": 3, ""section"": ""Hvor gjelder forsikringen""}, {""componentId"": ""gjensidige-bobil-pluss"", ""canonicalKey"": ""rettshjelp.geografi"", ""sourceId"": ""mc-bobil:gjensidige-bobil-pluss-vilkar.pdf:bobil"", ""page"": 3, ""section"": ""Hvor gjelder forsikringen""}, {""componentId"": ""gjensidige-bobil-pluss"", ""canonicalKey"": ""rettshjelp.egenandel"", ""sourceId"": ""mc-bobil:gjensidige-bobil-pluss-vilkar.pdf:bobil"", ""page"": 9, ""section"": ""Rettshjelp – egenandel""}, {""componentId"": ""gjensidige-bobil-pluss"", ""canonicalKey"": ""brann.dekning"", ""sourceId"": ""mc-bobil:gjensidige-bobil-pluss-vilkar.pdf:bobil"", ""page"": 3, ""section"": ""Hvilke skader""}, {""componentId"": ""gjensidige-bobil-pluss"", ""canonicalKey"": ""tyveri.dekning"", ""sourceId"": ""mc-bobil:gjensidige-bobil-pluss-vilkar.pdf:bobil"", ""page"": 3, ""section"": ""Hvilke skader""}, {""componentId"": ""gjensidige-bobil-pluss"", ""canonicalKey"": ""glass.dekning"", ""sourceId"": ""mc-bobil:gjensidige-bobil-pluss-vilkar.pdf:bobil"", ""page"": 3, ""section"": ""Hvilke skader""}, {""componentId"": ""gjensidige-bobil-pluss"", ""canonicalKey"": ""brann.egenandel"", ""sourceId"": ""mc-bobil:gjensidige-bobil-pluss-vilkar.pdf:bobil"", ""page"": 1, ""section"": ""Forsikringen dekker""}, {""componentId"": ""gjensidige-bobil-pluss"", ""canonicalKey"": ""tyveri.egenandel"", ""sourceId"": ""mc-bobil:gjensidige-bobil-pluss-vilkar.pdf:bobil"", ""page"": 1, ""section"": ""Forsikringen dekker""}, {""componentId"": ""gjensidige-bobil-pluss"", ""canonicalKey"": ""glass.egenandel"", ""sourceId"": ""mc-bobil:gjensidige-bobil-pluss-vilkar.pdf:bobil"", ""page"": 1, ""section"": ""Glass""}, {""componentId"": ""gjensidige-bobil-pluss"", ""canonicalKey"": ""glass.reparasjon.egenandel"", ""sourceId"": ""mc-bobil:gjensidige-bobil-pluss-vilkar.pdf:bobil"", ""page"": 1, ""section"": ""Glass""}, {""componentId"": ""gjensidige-bobil-pluss"", ""canonicalKey"": ""veihjelp.dekning"", ""sourceId"": ""mc-bobil:gjensidige-bobil-pluss-vilkar.pdf:bobil"", ""page"": 3, ""section"": ""Veihjelp""}, {""componentId"": ""gjensidige-bobil-pluss"", ""canonicalKey"": ""veihjelp.egenandel"", ""sourceId"": ""mc-bobil:gjensidige-bobil-pluss-vilkar.pdf:bobil"", ""page"": 1, ""section"": ""Veihjelp""}, {""componentId"": ""gjensidige-bobil-pluss"", ""canonicalKey"": ""utstyr.dekning"", ""sourceId"": ""mc-bobil:gjensidige-bobil-pluss-vilkar.pdf:bobil"", ""page"": 1, ""section"": ""Ekstrautstyr og løsøre""}, {""componentId"": ""gjensidige-bobil-pluss"", ""canonicalKey"": ""utstyr.grense"", ""sourceId"": ""mc-bobil:gjensidige-bobil-pluss-vilkar.pdf:bobil"", ""page"": 1, ""section"": ""Ekstrautstyr og løsøre""}, {""componentId"": ""gjensidige-bobil-pluss"", ""canonicalKey"": ""bobil.losore.dekning"", ""sourceId"": ""mc-bobil:gjensidige-bobil-pluss-vilkar.pdf:bobil"", ""page"": 1, ""section"": ""Ekstrautstyr og løsøre""}, {""componentId"": ""gjensidige-bobil-pluss"", ""canonicalKey"": ""bobil.losore.grense"", ""sourceId"": ""mc-bobil:gjensidige-bobil-pluss-vilkar.pdf:bobil"", ""page"": 1, ""section"": ""Ekstrautstyr og løsøre""}, {""componentId"": ""gjensidige-bobil-pluss"", ""canonicalKey"": ""utstyr.begrensning"", ""sourceId"": ""mc-bobil:gjensidige-bobil-pluss-vilkar.pdf:bobil"", ""page"": 3, ""section"": ""Hva er forsikret – fortelt""}, {""componentId"": ""gjensidige-bobil-pluss"", ""canonicalKey"": ""kasko.dekning"", ""sourceId"": ""mc-bobil:gjensidige-bobil-pluss-vilkar.pdf:bobil"", ""page"": 3, ""section"": ""Hvilke skader""}, {""componentId"": ""gjensidige-bobil-pluss"", ""canonicalKey"": ""nyverdi.dekning"", ""sourceId"": ""mc-bobil:gjensidige-bobil-pluss-vilkar.pdf:bobil"", ""page"": 15, ""section"": ""Erstatningsregler – Totalskadegaranti i Kasko og Pluss""}, {""componentId"": ""gjensidige-bobil-pluss"", ""canonicalKey"": ""nyverdi.alder"", ""sourceId"": ""mc-bobil:gjensidige-bobil-pluss-vilkar.pdf:bobil"", ""page"": 15, ""section"": ""Erstatningsregler – Totalskadegaranti i Kasko og Pluss""}, {""componentId"": ""gjensidige-bobil-pluss"", ""canonicalKey"": ""nyverdi.km"", ""sourceId"": ""mc-bobil:gjensidige-bobil-pluss-vilkar.pdf:bobil"", ""page"": 15, ""section"": ""Erstatningsregler – Totalskadegaranti i Kasko og Pluss""}, {""componentId"": ""gjensidige-bobil-pluss"", ""canonicalKey"": ""nyverdi.skadegrad"", ""sourceId"": ""mc-bobil:gjensidige-bobil-pluss-vilkar.pdf:bobil"", ""page"": 15, ""section"": ""Erstatningsregler – Totalskadegaranti i Kasko og Pluss""}, {""componentId"": ""gjensidige-bobil-pluss"", ""canonicalKey"": ""nyverdi.oppgjor"", ""sourceId"": ""mc-bobil:gjensidige-bobil-pluss-vilkar.pdf:bobil"", ""page"": 15, ""section"": ""Erstatningsregler – Totalskadegaranti i Kasko og Pluss""}, {""componentId"": ""gjensidige-bobil-pluss"", ""canonicalKey"": ""nyverdi.begrensning"", ""sourceId"": ""mc-bobil:gjensidige-bobil-pluss-vilkar.pdf:bobil"", ""page"": 15, ""section"": ""Erstatningsregler – Totalskadegaranti i Kasko og Pluss""}, {""componentId"": ""gjensidige-bobil-pluss"", ""canonicalKey"": ""leiebil.dekning"", ""sourceId"": ""mc-bobil:gjensidige-bobil-pluss-vilkar.pdf:bobil"", ""page"": 4, ""section"": ""Veihjelp ved feriereiser utenfor Norden""}, {""componentId"": ""gjensidige-bobil-pluss"", ""canonicalKey"": ""leiebil.dager"", ""sourceId"": ""mc-bobil:gjensidige-bobil-pluss-vilkar.pdf:bobil"", ""page"": 4, ""section"": ""Veihjelp ved feriereiser utenfor Norden""}, {""componentId"": ""gjensidige-bobil-pluss"", ""canonicalKey"": ""leiebil.begrensning"", ""sourceId"": ""mc-bobil:gjensidige-bobil-pluss-vilkar.pdf:bobil"", ""page"": 4, ""section"": ""Veihjelp ved feriereiser utenfor Norden""}, {""componentId"": ""gjensidige-bobil-pluss"", ""canonicalKey"": ""maskinskade.dekning"", ""sourceId"": ""mc-bobil:gjensidige-bobil-pluss-vilkar.pdf:bobil"", ""page"": 3, ""section"": ""Hvilke skader – maskinskade""}, {""componentId"": ""gjensidige-bobil-pluss"", ""canonicalKey"": ""maskinskade.alder"", ""sourceId"": ""mc-bobil:gjensidige-bobil-pluss-vilkar.pdf:bobil"", ""page"": 3, ""section"": ""Hvilke skader – maskinskade""}, {""componentId"": ""gjensidige-bobil-pluss"", ""canonicalKey"": ""maskinskade.km"", ""sourceId"": ""mc-bobil:gjensidige-bobil-pluss-vilkar.pdf:bobil"", ""page"": 3, ""section"": ""Hvilke skader – maskinskade""}, {""componentId"": ""gjensidige-bobil-pluss"", ""canonicalKey"": ""maskinskade.komponenter"", ""sourceId"": ""mc-bobil:gjensidige-bobil-pluss-vilkar.pdf:bobil"", ""page"": 3, ""section"": ""Hvilke skader – maskinskade""}, {""componentId"": ""gjensidige-bobil-pluss"", ""canonicalKey"": ""maskinskade.begrensning"", ""sourceId"": ""mc-bobil:gjensidige-bobil-pluss-vilkar.pdf:bobil"", ""page"": 3, ""section"": ""Hvilke skader – maskinskade""}, {""componentId"": ""gjensidige-bobil-pluss"", ""canonicalKey"": ""maskinskade.egenandel.kilometer"", ""sourceId"": ""mc-bobil:gjensidige-bobil-pluss-vilkar.pdf:bobil"", ""page"": 15, ""section"": ""Erstatningsregler – Egenandel maskinskade""}, {""componentId"": ""gjensidige-bobil-pluss"", ""canonicalKey"": ""bobil.fukt.dekning"", ""sourceId"": ""mc-bobil:gjensidige-bobil-pluss-vilkar.pdf:bobil"", ""page"": 3, ""section"": ""Hvilke skader – fukt og skadedyr""}, {""componentId"": ""gjensidige-bobil-pluss"", ""canonicalKey"": ""bobil.fukt.alder"", ""sourceId"": ""mc-bobil:gjensidige-bobil-pluss-vilkar.pdf:bobil"", ""page"": 3, ""section"": ""Hvilke skader – fukt og skadedyr""}, {""componentId"": ""gjensidige-bobil-pluss"", ""canonicalKey"": ""bobil.fukt.kontroll"", ""sourceId"": ""mc-bobil:gjensidige-bobil-pluss-vilkar.pdf:bobil"", ""page"": 3, ""section"": ""Hvilke skader – fukt og skadedyr""}, {""componentId"": ""gjensidige-bobil-pluss"", ""canonicalKey"": ""bobil.skadedyr.dekning"", ""sourceId"": ""mc-bobil:gjensidige-bobil-pluss-vilkar.pdf:bobil"", ""page"": 3, ""section"": ""Hvilke skader – fukt og skadedyr""}, {""componentId"": ""gjensidige-bobil-pluss"", ""canonicalKey"": ""bobil.feriegaranti.dekning"", ""sourceId"": ""mc-bobil:gjensidige-bobil-pluss-vilkar.pdf:bobil"", ""page"": 4, ""section"": ""Feriegaranti""}, {""componentId"": ""gjensidige-bobil-pluss"", ""canonicalKey"": ""bobil.feriegaranti.dagsbelop"", ""sourceId"": ""mc-bobil:gjensidige-bobil-pluss-vilkar.pdf:bobil"", ""page"": 4, ""section"": ""Feriegaranti""}, {""componentId"": ""gjensidige-bobil-pluss"", ""canonicalKey"": ""bobil.feriegaranti.dager"", ""sourceId"": ""mc-bobil:gjensidige-bobil-pluss-vilkar.pdf:bobil"", ""page"": 4, ""section"": ""Feriegaranti""}, {""componentId"": ""gjensidige-bobil-pluss"", ""canonicalKey"": ""bobil.feriegaranti.begrensning"", ""sourceId"": ""mc-bobil:gjensidige-bobil-pluss-vilkar.pdf:bobil"", ""page"": 4, ""section"": ""Feriegaranti""}, {""componentId"": ""gjensidige-bobil-pluss"", ""canonicalKey"": ""nokkel.dekning"", ""sourceId"": ""mc-bobil:gjensidige-bobil-pluss-vilkar.pdf:bobil"", ""page"": 1, ""section"": ""Bilnøkkel""}, {""componentId"": ""gjensidige-bobil-pluss"", ""canonicalKey"": ""nokkel.grense"", ""sourceId"": ""mc-bobil:gjensidige-bobil-pluss-vilkar.pdf:bobil"", ""page"": 1, ""section"": ""Bilnøkkel""}, {""componentId"": ""gjensidige-bobil-pluss"", ""canonicalKey"": ""nokkel.begrensning"", ""sourceId"": ""mc-bobil:gjensidige-bobil-pluss-vilkar.pdf:bobil"", ""page"": 3, ""section"": ""Hvilke skader – bilnøkkel""}, {""componentId"": ""gjensidige-bobil-pluss"", ""canonicalKey"": ""nokkel.egenandel"", ""sourceId"": ""mc-bobil:gjensidige-bobil-pluss-vilkar.pdf:bobil"", ""page"": 1, ""section"": ""Bilnøkkel""}]}], ""runtime_source_ids"": [""mc-bobil:gjensidige-bobil-pluss-vilkar.pdf:bobil""]}, {""path"": ""catalog/sources/mc-bobil/gjensidige-bobil-MOT08-ipid.pdf"", ""sha256"": ""ca50c2bcf74bed138add832ec6f1605f13e29d3416721dbe57f0696145e50cd6"", ""manifest"": [{""manifest"": ""catalog/sources/mc-bobil/gjensidige-storebrand-manifest.json"", ""filename"": ""gjensidige-bobil-MOT08-ipid.pdf"", ""localPath"": ""catalog/sources/mc-bobil/gjensidige-bobil-MOT08-ipid.pdf"", ""url"": ""https://www.gjensidige.no/ipid/gfno/MOT08"", ""resolvedUrl"": ""https://www.gjensidige.no/ipid/gfno/MOT08"", ""sha256"": ""ca50c2bcf74bed138add832ec6f1605f13e29d3416721dbe57f0696145e50cd6"", ""retrievedAt"": ""2026-09-28"", ""reusedArtifact"": false, ""pages"": 2, ""providerId"": ""gjensidige"", ""agreementScope"": ""ordinary"", ""insuranceTypes"": [""Bobil""], ""documentType"": ""ipid"", ""documentNumber"": ""MOT08"", ""version"": null, ""validFrom"": null, ""validity"": ""current_link_date_unknown"", ""notes"": ""Official public original; retrieval date is not policy effective date."", ""id"": ""mc-bobil:gjensidige-bobil-MOT08-ipid.pdf"", ""sourceRecordIds"": [""mc-bobil:gjensidige-bobil-MOT08-ipid.pdf:bobil""], ""catalogUsage"": [{""componentId"": ""gjensidige-bobil-fortelt"", ""canonicalKey"": ""bobil.fortelt.dekning"", ""sourceId"": ""mc-bobil:gjensidige-bobil-MOT08-ipid.pdf:bobil"", ""page"": 1, ""section"": ""Mulige utvidelser""}]}], ""runtime_source_ids"": [""mc-bobil:gjensidige-bobil-MOT08-ipid.pdf:bobil""]}, {""path"": ""catalog/sources/mc-bobil/gjensidige-bobil-produkt.html"", ""sha256"": ""fe5e9775c7fab9c8e05a3c7448b3f6b8106839964f169fa76bf910d21a60ed26"", ""manifest"": [{""manifest"": ""catalog/sources/mc-bobil/gjensidige-storebrand-manifest.json"", ""filename"": ""gjensidige-bobil-produkt.html"", ""localPath"": ""catalog/sources/mc-bobil/gjensidige-bobil-produkt.html"", ""url"": ""https://www.gjensidige.no/forsikring/kjoretoy/bobilforsikring"", ""resolvedUrl"": ""https://www.gjensidige.no/forsikring/kjoretoy/bobilforsikring"", ""sha256"": ""fe5e9775c7fab9c8e05a3c7448b3f6b8106839964f169fa76bf910d21a60ed26"", ""retrievedAt"": ""2026-09-28"", ""reusedArtifact"": false, ""providerId"": ""gjensidige"", ""agreementScope"": ""ordinary"", ""insuranceTypes"": [""Bobil""], ""documentType"": ""product_page"", ""documentNumber"": null, ""version"": null, ""validFrom"": null, ""validity"": ""current_link_date_unknown"", ""notes"": ""Official public original; retrieval date is not policy effective date."", ""id"": ""mc-bobil:gjensidige-bobil-produkt.html"", ""sourceRecordIds"": [""mc-bobil:gjensidige-bobil-produkt.html:bobil""], ""catalogUsage"": [{""componentId"": ""gjensidige-bobil-kasko"", ""canonicalKey"": ""kasko.egenandel"", ""sourceId"": ""mc-bobil:gjensidige-bobil-produkt.html:bobil"", ""page"": 1, ""section"": ""Egenandel""}, {""componentId"": ""gjensidige-bobil-kasko"", ""canonicalKey"": ""feilfylling.dekning"", ""sourceId"": ""mc-bobil:gjensidige-bobil-produkt.html:bobil"", ""page"": 1, ""section"": ""Feilfylling av drivstoff""}, {""componentId"": ""gjensidige-bobil-pluss"", ""canonicalKey"": ""kasko.egenandel"", ""sourceId"": ""mc-bobil:gjensidige-bobil-produkt.html:bobil"", ""page"": 1, ""section"": ""Egenandel""}, {""componentId"": ""gjensidige-bobil-pluss"", ""canonicalKey"": ""feilfylling.dekning"", ""sourceId"": ""mc-bobil:gjensidige-bobil-produkt.html:bobil"", ""page"": 1, ""section"": ""Feilfylling av drivstoff""}, {""componentId"": ""gjensidige-bobil-utleie"", ""canonicalKey"": ""bobil.utleie.dekning"", ""sourceId"": ""mc-bobil:gjensidige-bobil-produkt.html:bobil"", ""page"": 1, ""section"": ""Utleie""}]}], ""runtime_source_ids"": [""mc-bobil:gjensidige-bobil-produkt.html:bobil""]}]",Do not pick a value or inclusive boundary; preserve exact uncertainty until dated applicability is established.
SC-026,SOURCE_CONFLICT_REVIEW_REQUIRED,OPEN_RETAINED,SR-034,gjensidige,Bobil,Bobil inklusive aldersgrenser,Ownfullterms inntil1yr vswebunder1; machinefirstexpiryafter15 vswebunder15; moisture<=15productionvswebframtil15. Preserve fulltermrule and record boundaries.,"[{""path"": ""catalog/sources/mc-bobil/gjensidige-bobil-kasko-vilkar.pdf"", ""sha256"": ""7971a0170cf272cacec8e9da23633fa630245631d04e99f455b174dd3a2fc734"", ""manifest"": [{""manifest"": ""catalog/sources/mc-bobil/gjensidige-storebrand-manifest.json"", ""filename"": ""gjensidige-bobil-kasko-vilkar.pdf"", ""localPath"": ""catalog/sources/mc-bobil/gjensidige-bobil-kasko-vilkar.pdf"", ""url"": ""https://www.gjensidige.no/files/privat/vilkar/kjoretoy/Bobil-Kasko-alminnelige-vilkar.pdf"", ""resolvedUrl"": ""https://www.gjensidige.no/files/privat/vilkar/kjoretoy/Bobil-Kasko-alminnelige-vilkar.pdf"", ""sha256"": ""7971a0170cf272cacec8e9da23633fa630245631d04e99f455b174dd3a2fc734"", ""retrievedAt"": ""2026-09-28"", ""reusedArtifact"": false, ""pages"": 15, ""providerId"": ""gjensidige"", ""agreementScope"": ""ordinary"", ""insuranceTypes"": [""Bobil""], ""documentType"": ""terms"", ""documentNumber"": null, ""version"": null, ""validFrom"": null, ""validity"": ""current_link_date_unknown"", ""notes"": ""Official public original; retrieval date is not policy effective date."", ""id"": ""mc-bobil:gjensidige-bobil-kasko-vilkar.pdf"", ""sourceRecordIds"": [""mc-bobil:gjensidige-bobil-kasko-vilkar.pdf:bobil""], ""catalogUsage"": [{""componentId"": ""gjensidige-bobil-kasko"", ""canonicalKey"": ""ansvar.dekning"", ""sourceId"": ""mc-bobil:gjensidige-bobil-kasko-vilkar.pdf:bobil"", ""page"": 1, ""section"": ""Forsikringen dekker – ansvar, rettshjelp og ulykke""}, {""componentId"": ""gjensidige-bobil-kasko"", ""canonicalKey"": ""ansvar.person.grense"", ""sourceId"": ""mc-bobil:gjensidige-bobil-kasko-vilkar.pdf:bobil"", ""page"": 1, ""section"": ""Forsikringen dekker – ansvar, rettshjelp og ulykke""}, {""componentId"": ""gjensidige-bobil-kasko"", ""canonicalKey"": ""ansvar.ting.grense"", ""sourceId"": ""mc-bobil:gjensidige-bobil-kasko-vilkar.pdf:bobil"", ""page"": 1, ""section"": ""Forsikringen dekker – ansvar, rettshjelp og ulykke""}, {""componentId"": ""gjensidige-bobil-kasko"", ""canonicalKey"": ""rettshjelp.dekning"", ""sourceId"": ""mc-bobil:gjensidige-bobil-kasko-vilkar.pdf:bobil"", ""page"": 1, ""section"": ""Forsikringen dekker – ansvar, rettshjelp og ulykke""}, {""componentId"": ""gjensidige-bobil-kasko"", ""canonicalKey"": ""rettshjelp.grense"", ""sourceId"": ""mc-bobil:gjensidige-bobil-kasko-vilkar.pdf:bobil"", ""page"": 1, ""section"": ""Forsikringen dekker – ansvar, rettshjelp og ulykke""}, {""componentId"": ""gjensidige-bobil-kasko"", ""canonicalKey"": ""ulykke.dekning"", ""sourceId"": ""mc-bobil:gjensidige-bobil-kasko-vilkar.pdf:bobil"", ""page"": 1, ""section"": ""Forsikringen dekker – ansvar, rettshjelp og ulykke""}, {""componentId"": ""gjensidige-bobil-kasko"", ""canonicalKey"": ""ulykke.dod"", ""sourceId"": ""mc-bobil:gjensidige-bobil-kasko-vilkar.pdf:bobil"", ""page"": 1, ""section"": ""Forsikringen dekker – ansvar, rettshjelp og ulykke""}, {""componentId"": ""gjensidige-bobil-kasko"", ""canonicalKey"": ""ulykke.invaliditet"", ""sourceId"": ""mc-bobil:gjensidige-bobil-kasko-vilkar.pdf:bobil"", ""page"": 1, ""section"": ""Forsikringen dekker – ansvar, rettshjelp og ulykke""}, {""componentId"": ""gjensidige-bobil-kasko"", ""canonicalKey"": ""avtale.geografi"", ""sourceId"": ""mc-bobil:gjensidige-bobil-kasko-vilkar.pdf:bobil"", ""page"": 3, ""section"": ""Hvor gjelder forsikringen""}, {""componentId"": ""gjensidige-bobil-kasko"", ""canonicalKey"": ""rettshjelp.geografi"", ""sourceId"": ""mc-bobil:gjensidige-bobil-kasko-vilkar.pdf:bobil"", ""page"": 3, ""section"": ""Hvor gjelder forsikringen""}, {""componentId"": ""gjensidige-bobil-kasko"", ""canonicalKey"": ""rettshjelp.egenandel"", ""sourceId"": ""mc-bobil:gjensidige-bobil-kasko-vilkar.pdf:bobil"", ""page"": 9, ""section"": ""Rettshjelp – egenandel""}, {""componentId"": ""gjensidige-bobil-kasko"", ""canonicalKey"": ""brann.dekning"", ""sourceId"": ""mc-bobil:gjensidige-bobil-kasko-vilkar.pdf:bobil"", ""page"": 3, ""section"": ""Hvilke skader""}, {""componentId"": ""gjensidige-bobil-kasko"", ""canonicalKey"": ""tyveri.dekning"", ""sourceId"": ""mc-bobil:gjensidige-bobil-kasko-vilkar.pdf:bobil"", ""page"": 3, ""section"": ""Hvilke skader""}, {""componentId"": ""gjensidige-bobil-kasko"", ""canonicalKey"": ""glass.dekning"", ""sourceId"": ""mc-bobil:gjensidige-bobil-kasko-vilkar.pdf:bobil"", ""page"": 3, ""section"": ""Hvilke skader""}, {""componentId"": ""gjensidige-bobil-kasko"", ""canonicalKey"": ""brann.egenandel"", ""sourceId"": ""mc-bobil:gjensidige-bobil-kasko-vilkar.pdf:bobil"", ""page"": 1, ""section"": ""Forsikringen dekker""}, {""componentId"": ""gjensidige-bobil-kasko"", ""canonicalKey"": ""tyveri.egenandel"", ""sourceId"": ""mc-bobil:gjensidige-bobil-kasko-vilkar.pdf:bobil"", ""page"": 1, ""section"": ""Forsikringen dekker""}, {""componentId"": ""gjensidige-bobil-kasko"", ""canonicalKey"": ""glass.egenandel"", ""sourceId"": ""mc-bobil:gjensidige-bobil-kasko-vilkar.pdf:bobil"", ""page"": 1, ""section"": ""Glass""}, {""componentId"": ""gjensidige-bobil-kasko"", ""canonicalKey"": ""glass.reparasjon.egenandel"", ""sourceId"": ""mc-bobil:gjensidige-bobil-kasko-vilkar.pdf:bobil"", ""page"": 1, ""section"": ""Glass""}, {""componentId"": ""gjensidige-bobil-kasko"", ""canonicalKey"": ""veihjelp.dekning"", ""sourceId"": ""mc-bobil:gjensidige-bobil-kasko-vilkar.pdf:bobil"", ""page"": 3, ""section"": ""Veihjelp""}, {""componentId"": ""gjensidige-bobil-kasko"", ""canonicalKey"": ""veihjelp.egenandel"", ""sourceId"": ""mc-bobil:gjensidige-bobil-kasko-vilkar.pdf:bobil"", ""page"": 1, ""section"": ""Veihjelp""}, {""componentId"": ""gjensidige-bobil-kasko"", ""canonicalKey"": ""utstyr.dekning"", ""sourceId"": ""mc-bobil:gjensidige-bobil-kasko-vilkar.pdf:bobil"", ""page"": 1, ""section"": ""Ekstrautstyr og løsøre""}, {""componentId"": ""gjensidige-bobil-kasko"", ""canonicalKey"": ""utstyr.grense"", ""sourceId"": ""mc-bobil:gjensidige-bobil-kasko-vilkar.pdf:bobil"", ""page"": 1, ""section"": ""Ekstrautstyr og løsøre""}, {""componentId"": ""gjensidige-bobil-kasko"", ""canonicalKey"": ""bobil.losore.dekning"", ""sourceId"": ""mc-bobil:gjensidige-bobil-kasko-vilkar.pdf:bobil"", ""page"": 1, ""section"": ""Ekstrautstyr og løsøre""}, {""componentId"": ""gjensidige-bobil-kasko"", ""canonicalKey"": ""bobil.losore.grense"", ""sourceId"": ""mc-bobil:gjensidige-bobil-kasko-vilkar.pdf:bobil"", ""page"": 1, ""section"": ""Ekstrautstyr og løsøre""}, {""componentId"": ""gjensidige-bobil-kasko"", ""canonicalKey"": ""utstyr.begrensning"", ""sourceId"": ""mc-bobil:gjensidige-bobil-kasko-vilkar.pdf:bobil"", ""page"": 3, ""section"": ""Hva er forsikret – fortelt""}, {""componentId"": ""gjensidige-bobil-kasko"", ""canonicalKey"": ""kasko.dekning"", ""sourceId"": ""mc-bobil:gjensidige-bobil-kasko-vilkar.pdf:bobil"", ""page"": 3, ""section"": ""Hvilke skader""}, {""componentId"": ""gjensidige-bobil-kasko"", ""canonicalKey"": ""nyverdi.dekning"", ""sourceId"": ""mc-bobil:gjensidige-bobil-kasko-vilkar.pdf:bobil"", ""page"": 15, ""section"": ""Erstatningsregler – Totalskadegaranti i Kasko og Pluss""}, {""componentId"": ""gjensidige-bobil-kasko"", ""canonicalKey"": ""nyverdi.alder"", ""sourceId"": ""mc-bobil:gjensidige-bobil-kasko-vilkar.pdf:bobil"", ""page"": 15, ""section"": ""Erstatningsregler – Totalskadegaranti i Kasko og Pluss""}, {""componentId"": ""gjensidige-bobil-kasko"", ""canonicalKey"": ""nyverdi.km"", ""sourceId"": ""mc-bobil:gjensidige-bobil-kasko-vilkar.pdf:bobil"", ""page"": 15, ""section"": ""Erstatningsregler – Totalskadegaranti i Kasko og Pluss""}, {""componentId"": ""gjensidige-bobil-kasko"", ""canonicalKey"": ""nyverdi.skadegrad"", ""sourceId"": ""mc-bobil:gjensidige-bobil-kasko-vilkar.pdf:bobil"", ""page"": 15, ""section"": ""Erstatningsregler – Totalskadegaranti i Kasko og Pluss""}, {""componentId"": ""gjensidige-bobil-kasko"", ""canonicalKey"": ""nyverdi.oppgjor"", ""sourceId"": ""mc-bobil:gjensidige-bobil-kasko-vilkar.pdf:bobil"", ""page"": 15, ""section"": ""Erstatningsregler – Totalskadegaranti i Kasko og Pluss""}, {""componentId"": ""gjensidige-bobil-kasko"", ""canonicalKey"": ""nyverdi.begrensning"", ""sourceId"": ""mc-bobil:gjensidige-bobil-kasko-vilkar.pdf:bobil"", ""page"": 15, ""section"": ""Erstatningsregler – Totalskadegaranti i Kasko og Pluss""}, {""componentId"": ""gjensidige-bobil-kasko"", ""canonicalKey"": ""leiebil.dekning"", ""sourceId"": ""mc-bobil:gjensidige-bobil-kasko-vilkar.pdf:bobil"", ""page"": 4, ""section"": ""Veihjelp ved feriereiser utenfor Norden""}, {""componentId"": ""gjensidige-bobil-kasko"", ""canonicalKey"": ""leiebil.dager"", ""sourceId"": ""mc-bobil:gjensidige-bobil-kasko-vilkar.pdf:bobil"", ""page"": 4, ""section"": ""Veihjelp ved feriereiser utenfor Norden""}, {""componentId"": ""gjensidige-bobil-kasko"", ""canonicalKey"": ""leiebil.begrensning"", ""sourceId"": ""mc-bobil:gjensidige-bobil-kasko-vilkar.pdf:bobil"", ""page"": 4, ""section"": ""Veihjelp ved feriereiser utenfor Norden""}]}], ""runtime_source_ids"": [""mc-bobil:gjensidige-bobil-kasko-vilkar.pdf:bobil""]}, {""path"": ""catalog/sources/mc-bobil/gjensidige-bobil-pluss-vilkar.pdf"", ""sha256"": ""64eff6544529afba60722892de07b2db9ee8c3d0b0123001cbb7dfedfcd7e7d7"", ""manifest"": [{""manifest"": ""catalog/sources/mc-bobil/gjensidige-storebrand-manifest.json"", ""filename"": ""gjensidige-bobil-pluss-vilkar.pdf"", ""localPath"": ""catalog/sources/mc-bobil/gjensidige-bobil-pluss-vilkar.pdf"", ""url"": ""https://www.gjensidige.no/files/privat/vilkar/kjoretoy/Bobil-Pluss-alminnelige-vilkar.pdf"", ""resolvedUrl"": ""https://www.gjensidige.no/files/privat/vilkar/kjoretoy/Bobil-Pluss-alminnelige-vilkar.pdf"", ""sha256"": ""64eff6544529afba60722892de07b2db9ee8c3d0b0123001cbb7dfedfcd7e7d7"", ""retrievedAt"": ""2026-09-28"", ""reusedArtifact"": false, ""pages"": 15, ""providerId"": ""gjensidige"", ""agreementScope"": ""ordinary"", ""insuranceTypes"": [""Bobil""], ""documentType"": ""terms"", ""documentNumber"": null, ""version"": null, ""validFrom"": null, ""validity"": ""current_link_date_unknown"", ""notes"": ""Official public original; retrieval date is not policy effective date."", ""id"": ""mc-bobil:gjensidige-bobil-pluss-vilkar.pdf"", ""sourceRecordIds"": [""mc-bobil:gjensidige-bobil-pluss-vilkar.pdf:bobil""], ""catalogUsage"": [{""componentId"": ""gjensidige-bobil-pluss"", ""canonicalKey"": ""ansvar.dekning"", ""sourceId"": ""mc-bobil:gjensidige-bobil-pluss-vilkar.pdf:bobil"", ""page"": 1, ""section"": ""Forsikringen dekker – ansvar, rettshjelp og ulykke""}, {""componentId"": ""gjensidige-bobil-pluss"", ""canonicalKey"": ""ansvar.person.grense"", ""sourceId"": ""mc-bobil:gjensidige-bobil-pluss-vilkar.pdf:bobil"", ""page"": 1, ""section"": ""Forsikringen dekker – ansvar, rettshjelp og ulykke""}, {""componentId"": ""gjensidige-bobil-pluss"", ""canonicalKey"": ""ansvar.ting.grense"", ""sourceId"": ""mc-bobil:gjensidige-bobil-pluss-vilkar.pdf:bobil"", ""page"": 1, ""section"": ""Forsikringen dekker – ansvar, rettshjelp og ulykke""}, {""componentId"": ""gjensidige-bobil-pluss"", ""canonicalKey"": ""rettshjelp.dekning"", ""sourceId"": ""mc-bobil:gjensidige-bobil-pluss-vilkar.pdf:bobil"", ""page"": 1, ""section"": ""Forsikringen dekker – ansvar, rettshjelp og ulykke""}, {""componentId"": ""gjensidige-bobil-pluss"", ""canonicalKey"": ""rettshjelp.grense"", ""sourceId"": ""mc-bobil:gjensidige-bobil-pluss-vilkar.pdf:bobil"", ""page"": 1, ""section"": ""Forsikringen dekker – ansvar, rettshjelp og ulykke""}, {""componentId"": ""gjensidige-bobil-pluss"", ""canonicalKey"": ""ulykke.dekning"", ""sourceId"": ""mc-bobil:gjensidige-bobil-pluss-vilkar.pdf:bobil"", ""page"": 1, ""section"": ""Forsikringen dekker – ansvar, rettshjelp og ulykke""}, {""componentId"": ""gjensidige-bobil-pluss"", ""canonicalKey"": ""ulykke.dod"", ""sourceId"": ""mc-bobil:gjensidige-bobil-pluss-vilkar.pdf:bobil"", ""page"": 1, ""section"": ""Forsikringen dekker – ansvar, rettshjelp og ulykke""}, {""componentId"": ""gjensidige-bobil-pluss"", ""canonicalKey"": ""ulykke.invaliditet"", ""sourceId"": ""mc-bobil:gjensidige-bobil-pluss-vilkar.pdf:bobil"", ""page"": 1, ""section"": ""Forsikringen dekker – ansvar, rettshjelp og ulykke""}, {""componentId"": ""gjensidige-bobil-pluss"", ""canonicalKey"": ""avtale.geografi"", ""sourceId"": ""mc-bobil:gjensidige-bobil-pluss-vilkar.pdf:bobil"", ""page"": 3, ""section"": ""Hvor gjelder forsikringen""}, {""componentId"": ""gjensidige-bobil-pluss"", ""canonicalKey"": ""rettshjelp.geografi"", ""sourceId"": ""mc-bobil:gjensidige-bobil-pluss-vilkar.pdf:bobil"", ""page"": 3, ""section"": ""Hvor gjelder forsikringen""}, {""componentId"": ""gjensidige-bobil-pluss"", ""canonicalKey"": ""rettshjelp.egenandel"", ""sourceId"": ""mc-bobil:gjensidige-bobil-pluss-vilkar.pdf:bobil"", ""page"": 9, ""section"": ""Rettshjelp – egenandel""}, {""componentId"": ""gjensidige-bobil-pluss"", ""canonicalKey"": ""brann.dekning"", ""sourceId"": ""mc-bobil:gjensidige-bobil-pluss-vilkar.pdf:bobil"", ""page"": 3, ""section"": ""Hvilke skader""}, {""componentId"": ""gjensidige-bobil-pluss"", ""canonicalKey"": ""tyveri.dekning"", ""sourceId"": ""mc-bobil:gjensidige-bobil-pluss-vilkar.pdf:bobil"", ""page"": 3, ""section"": ""Hvilke skader""}, {""componentId"": ""gjensidige-bobil-pluss"", ""canonicalKey"": ""glass.dekning"", ""sourceId"": ""mc-bobil:gjensidige-bobil-pluss-vilkar.pdf:bobil"", ""page"": 3, ""section"": ""Hvilke skader""}, {""componentId"": ""gjensidige-bobil-pluss"", ""canonicalKey"": ""brann.egenandel"", ""sourceId"": ""mc-bobil:gjensidige-bobil-pluss-vilkar.pdf:bobil"", ""page"": 1, ""section"": ""Forsikringen dekker""}, {""componentId"": ""gjensidige-bobil-pluss"", ""canonicalKey"": ""tyveri.egenandel"", ""sourceId"": ""mc-bobil:gjensidige-bobil-pluss-vilkar.pdf:bobil"", ""page"": 1, ""section"": ""Forsikringen dekker""}, {""componentId"": ""gjensidige-bobil-pluss"", ""canonicalKey"": ""glass.egenandel"", ""sourceId"": ""mc-bobil:gjensidige-bobil-pluss-vilkar.pdf:bobil"", ""page"": 1, ""section"": ""Glass""}, {""componentId"": ""gjensidige-bobil-pluss"", ""canonicalKey"": ""glass.reparasjon.egenandel"", ""sourceId"": ""mc-bobil:gjensidige-bobil-pluss-vilkar.pdf:bobil"", ""page"": 1, ""section"": ""Glass""}, {""componentId"": ""gjensidige-bobil-pluss"", ""canonicalKey"": ""veihjelp.dekning"", ""sourceId"": ""mc-bobil:gjensidige-bobil-pluss-vilkar.pdf:bobil"", ""page"": 3, ""section"": ""Veihjelp""}, {""componentId"": ""gjensidige-bobil-pluss"", ""canonicalKey"": ""veihjelp.egenandel"", ""sourceId"": ""mc-bobil:gjensidige-bobil-pluss-vilkar.pdf:bobil"", ""page"": 1, ""section"": ""Veihjelp""}, {""componentId"": ""gjensidige-bobil-pluss"", ""canonicalKey"": ""utstyr.dekning"", ""sourceId"": ""mc-bobil:gjensidige-bobil-pluss-vilkar.pdf:bobil"", ""page"": 1, ""section"": ""Ekstrautstyr og løsøre""}, {""componentId"": ""gjensidige-bobil-pluss"", ""canonicalKey"": ""utstyr.grense"", ""sourceId"": ""mc-bobil:gjensidige-bobil-pluss-vilkar.pdf:bobil"", ""page"": 1, ""section"": ""Ekstrautstyr og løsøre""}, {""componentId"": ""gjensidige-bobil-pluss"", ""canonicalKey"": ""bobil.losore.dekning"", ""sourceId"": ""mc-bobil:gjensidige-bobil-pluss-vilkar.pdf:bobil"", ""page"": 1, ""section"": ""Ekstrautstyr og løsøre""}, {""componentId"": ""gjensidige-bobil-pluss"", ""canonicalKey"": ""bobil.losore.grense"", ""sourceId"": ""mc-bobil:gjensidige-bobil-pluss-vilkar.pdf:bobil"", ""page"": 1, ""section"": ""Ekstrautstyr og løsøre""}, {""componentId"": ""gjensidige-bobil-pluss"", ""canonicalKey"": ""utstyr.begrensning"", ""sourceId"": ""mc-bobil:gjensidige-bobil-pluss-vilkar.pdf:bobil"", ""page"": 3, ""section"": ""Hva er forsikret – fortelt""}, {""componentId"": ""gjensidige-bobil-pluss"", ""canonicalKey"": ""kasko.dekning"", ""sourceId"": ""mc-bobil:gjensidige-bobil-pluss-vilkar.pdf:bobil"", ""page"": 3, ""section"": ""Hvilke skader""}, {""componentId"": ""gjensidige-bobil-pluss"", ""canonicalKey"": ""nyverdi.dekning"", ""sourceId"": ""mc-bobil:gjensidige-bobil-pluss-vilkar.pdf:bobil"", ""page"": 15, ""section"": ""Erstatningsregler – Totalskadegaranti i Kasko og Pluss""}, {""componentId"": ""gjensidige-bobil-pluss"", ""canonicalKey"": ""nyverdi.alder"", ""sourceId"": ""mc-bobil:gjensidige-bobil-pluss-vilkar.pdf:bobil"", ""page"": 15, ""section"": ""Erstatningsregler – Totalskadegaranti i Kasko og Pluss""}, {""componentId"": ""gjensidige-bobil-pluss"", ""canonicalKey"": ""nyverdi.km"", ""sourceId"": ""mc-bobil:gjensidige-bobil-pluss-vilkar.pdf:bobil"", ""page"": 15, ""section"": ""Erstatningsregler – Totalskadegaranti i Kasko og Pluss""}, {""componentId"": ""gjensidige-bobil-pluss"", ""canonicalKey"": ""nyverdi.skadegrad"", ""sourceId"": ""mc-bobil:gjensidige-bobil-pluss-vilkar.pdf:bobil"", ""page"": 15, ""section"": ""Erstatningsregler – Totalskadegaranti i Kasko og Pluss""}, {""componentId"": ""gjensidige-bobil-pluss"", ""canonicalKey"": ""nyverdi.oppgjor"", ""sourceId"": ""mc-bobil:gjensidige-bobil-pluss-vilkar.pdf:bobil"", ""page"": 15, ""section"": ""Erstatningsregler – Totalskadegaranti i Kasko og Pluss""}, {""componentId"": ""gjensidige-bobil-pluss"", ""canonicalKey"": ""nyverdi.begrensning"", ""sourceId"": ""mc-bobil:gjensidige-bobil-pluss-vilkar.pdf:bobil"", ""page"": 15, ""section"": ""Erstatningsregler – Totalskadegaranti i Kasko og Pluss""}, {""componentId"": ""gjensidige-bobil-pluss"", ""canonicalKey"": ""leiebil.dekning"", ""sourceId"": ""mc-bobil:gjensidige-bobil-pluss-vilkar.pdf:bobil"", ""page"": 4, ""section"": ""Veihjelp ved feriereiser utenfor Norden""}, {""componentId"": ""gjensidige-bobil-pluss"", ""canonicalKey"": ""leiebil.dager"", ""sourceId"": ""mc-bobil:gjensidige-bobil-pluss-vilkar.pdf:bobil"", ""page"": 4, ""section"": ""Veihjelp ved feriereiser utenfor Norden""}, {""componentId"": ""gjensidige-bobil-pluss"", ""canonicalKey"": ""leiebil.begrensning"", ""sourceId"": ""mc-bobil:gjensidige-bobil-pluss-vilkar.pdf:bobil"", ""page"": 4, ""section"": ""Veihjelp ved feriereiser utenfor Norden""}, {""componentId"": ""gjensidige-bobil-pluss"", ""canonicalKey"": ""maskinskade.dekning"", ""sourceId"": ""mc-bobil:gjensidige-bobil-pluss-vilkar.pdf:bobil"", ""page"": 3, ""section"": ""Hvilke skader – maskinskade""}, {""componentId"": ""gjensidige-bobil-pluss"", ""canonicalKey"": ""maskinskade.alder"", ""sourceId"": ""mc-bobil:gjensidige-bobil-pluss-vilkar.pdf:bobil"", ""page"": 3, ""section"": ""Hvilke skader – maskinskade""}, {""componentId"": ""gjensidige-bobil-pluss"", ""canonicalKey"": ""maskinskade.km"", ""sourceId"": ""mc-bobil:gjensidige-bobil-pluss-vilkar.pdf:bobil"", ""page"": 3, ""section"": ""Hvilke skader – maskinskade""}, {""componentId"": ""gjensidige-bobil-pluss"", ""canonicalKey"": ""maskinskade.komponenter"", ""sourceId"": ""mc-bobil:gjensidige-bobil-pluss-vilkar.pdf:bobil"", ""page"": 3, ""section"": ""Hvilke skader – maskinskade""}, {""componentId"": ""gjensidige-bobil-pluss"", ""canonicalKey"": ""maskinskade.begrensning"", ""sourceId"": ""mc-bobil:gjensidige-bobil-pluss-vilkar.pdf:bobil"", ""page"": 3, ""section"": ""Hvilke skader – maskinskade""}, {""componentId"": ""gjensidige-bobil-pluss"", ""canonicalKey"": ""maskinskade.egenandel.kilometer"", ""sourceId"": ""mc-bobil:gjensidige-bobil-pluss-vilkar.pdf:bobil"", ""page"": 15, ""section"": ""Erstatningsregler – Egenandel maskinskade""}, {""componentId"": ""gjensidige-bobil-pluss"", ""canonicalKey"": ""bobil.fukt.dekning"", ""sourceId"": ""mc-bobil:gjensidige-bobil-pluss-vilkar.pdf:bobil"", ""page"": 3, ""section"": ""Hvilke skader – fukt og skadedyr""}, {""componentId"": ""gjensidige-bobil-pluss"", ""canonicalKey"": ""bobil.fukt.alder"", ""sourceId"": ""mc-bobil:gjensidige-bobil-pluss-vilkar.pdf:bobil"", ""page"": 3, ""section"": ""Hvilke skader – fukt og skadedyr""}, {""componentId"": ""gjensidige-bobil-pluss"", ""canonicalKey"": ""bobil.fukt.kontroll"", ""sourceId"": ""mc-bobil:gjensidige-bobil-pluss-vilkar.pdf:bobil"", ""page"": 3, ""section"": ""Hvilke skader – fukt og skadedyr""}, {""componentId"": ""gjensidige-bobil-pluss"", ""canonicalKey"": ""bobil.skadedyr.dekning"", ""sourceId"": ""mc-bobil:gjensidige-bobil-pluss-vilkar.pdf:bobil"", ""page"": 3, ""section"": ""Hvilke skader – fukt og skadedyr""}, {""componentId"": ""gjensidige-bobil-pluss"", ""canonicalKey"": ""bobil.feriegaranti.dekning"", ""sourceId"": ""mc-bobil:gjensidige-bobil-pluss-vilkar.pdf:bobil"", ""page"": 4, ""section"": ""Feriegaranti""}, {""componentId"": ""gjensidige-bobil-pluss"", ""canonicalKey"": ""bobil.feriegaranti.dagsbelop"", ""sourceId"": ""mc-bobil:gjensidige-bobil-pluss-vilkar.pdf:bobil"", ""page"": 4, ""section"": ""Feriegaranti""}, {""componentId"": ""gjensidige-bobil-pluss"", ""canonicalKey"": ""bobil.feriegaranti.dager"", ""sourceId"": ""mc-bobil:gjensidige-bobil-pluss-vilkar.pdf:bobil"", ""page"": 4, ""section"": ""Feriegaranti""}, {""componentId"": ""gjensidige-bobil-pluss"", ""canonicalKey"": ""bobil.feriegaranti.begrensning"", ""sourceId"": ""mc-bobil:gjensidige-bobil-pluss-vilkar.pdf:bobil"", ""page"": 4, ""section"": ""Feriegaranti""}, {""componentId"": ""gjensidige-bobil-pluss"", ""canonicalKey"": ""nokkel.dekning"", ""sourceId"": ""mc-bobil:gjensidige-bobil-pluss-vilkar.pdf:bobil"", ""page"": 1, ""section"": ""Bilnøkkel""}, {""componentId"": ""gjensidige-bobil-pluss"", ""canonicalKey"": ""nokkel.grense"", ""sourceId"": ""mc-bobil:gjensidige-bobil-pluss-vilkar.pdf:bobil"", ""page"": 1, ""section"": ""Bilnøkkel""}, {""componentId"": ""gjensidige-bobil-pluss"", ""canonicalKey"": ""nokkel.begrensning"", ""sourceId"": ""mc-bobil:gjensidige-bobil-pluss-vilkar.pdf:bobil"", ""page"": 3, ""section"": ""Hvilke skader – bilnøkkel""}, {""componentId"": ""gjensidige-bobil-pluss"", ""canonicalKey"": ""nokkel.egenandel"", ""sourceId"": ""mc-bobil:gjensidige-bobil-pluss-vilkar.pdf:bobil"", ""page"": 1, ""section"": ""Bilnøkkel""}]}], ""runtime_source_ids"": [""mc-bobil:gjensidige-bobil-pluss-vilkar.pdf:bobil""]}, {""path"": ""catalog/sources/mc-bobil/gjensidige-bobil-MOT08-ipid.pdf"", ""sha256"": ""ca50c2bcf74bed138add832ec6f1605f13e29d3416721dbe57f0696145e50cd6"", ""manifest"": [{""manifest"": ""catalog/sources/mc-bobil/gjensidige-storebrand-manifest.json"", ""filename"": ""gjensidige-bobil-MOT08-ipid.pdf"", ""localPath"": ""catalog/sources/mc-bobil/gjensidige-bobil-MOT08-ipid.pdf"", ""url"": ""https://www.gjensidige.no/ipid/gfno/MOT08"", ""resolvedUrl"": ""https://www.gjensidige.no/ipid/gfno/MOT08"", ""sha256"": ""ca50c2bcf74bed138add832ec6f1605f13e29d3416721dbe57f0696145e50cd6"", ""retrievedAt"": ""2026-09-28"", ""reusedArtifact"": false, ""pages"": 2, ""providerId"": ""gjensidige"", ""agreementScope"": ""ordinary"", ""insuranceTypes"": [""Bobil""], ""documentType"": ""ipid"", ""documentNumber"": ""MOT08"", ""version"": null, ""validFrom"": null, ""validity"": ""current_link_date_unknown"", ""notes"": ""Official public original; retrieval date is not policy effective date."", ""id"": ""mc-bobil:gjensidige-bobil-MOT08-ipid.pdf"", ""sourceRecordIds"": [""mc-bobil:gjensidige-bobil-MOT08-ipid.pdf:bobil""], ""catalogUsage"": [{""componentId"": ""gjensidige-bobil-fortelt"", ""canonicalKey"": ""bobil.fortelt.dekning"", ""sourceId"": ""mc-bobil:gjensidige-bobil-MOT08-ipid.pdf:bobil"", ""page"": 1, ""section"": ""Mulige utvidelser""}]}], ""runtime_source_ids"": [""mc-bobil:gjensidige-bobil-MOT08-ipid.pdf:bobil""]}, {""path"": ""catalog/sources/mc-bobil/gjensidige-bobil-produkt.html"", ""sha256"": ""fe5e9775c7fab9c8e05a3c7448b3f6b8106839964f169fa76bf910d21a60ed26"", ""manifest"": [{""manifest"": ""catalog/sources/mc-bobil/gjensidige-storebrand-manifest.json"", ""filename"": ""gjensidige-bobil-produkt.html"", ""localPath"": ""catalog/sources/mc-bobil/gjensidige-bobil-produkt.html"", ""url"": ""https://www.gjensidige.no/forsikring/kjoretoy/bobilforsikring"", ""resolvedUrl"": ""https://www.gjensidige.no/forsikring/kjoretoy/bobilforsikring"", ""sha256"": ""fe5e9775c7fab9c8e05a3c7448b3f6b8106839964f169fa76bf910d21a60ed26"", ""retrievedAt"": ""2026-09-28"", ""reusedArtifact"": false, ""providerId"": ""gjensidige"", ""agreementScope"": ""ordinary"", ""insuranceTypes"": [""Bobil""], ""documentType"": ""product_page"", ""documentNumber"": null, ""version"": null, ""validFrom"": null, ""validity"": ""current_link_date_unknown"", ""notes"": ""Official public original; retrieval date is not policy effective date."", ""id"": ""mc-bobil:gjensidige-bobil-produkt.html"", ""sourceRecordIds"": [""mc-bobil:gjensidige-bobil-produkt.html:bobil""], ""catalogUsage"": [{""componentId"": ""gjensidige-bobil-kasko"", ""canonicalKey"": ""kasko.egenandel"", ""sourceId"": ""mc-bobil:gjensidige-bobil-produkt.html:bobil"", ""page"": 1, ""section"": ""Egenandel""}, {""componentId"": ""gjensidige-bobil-kasko"", ""canonicalKey"": ""feilfylling.dekning"", ""sourceId"": ""mc-bobil:gjensidige-bobil-produkt.html:bobil"", ""page"": 1, ""section"": ""Feilfylling av drivstoff""}, {""componentId"": ""gjensidige-bobil-pluss"", ""canonicalKey"": ""kasko.egenandel"", ""sourceId"": ""mc-bobil:gjensidige-bobil-produkt.html:bobil"", ""page"": 1, ""section"": ""Egenandel""}, {""componentId"": ""gjensidige-bobil-pluss"", ""canonicalKey"": ""feilfylling.dekning"", ""sourceId"": ""mc-bobil:gjensidige-bobil-produkt.html:bobil"", ""page"": 1, ""section"": ""Feilfylling av drivstoff""}, {""componentId"": ""gjensidige-bobil-utleie"", ""canonicalKey"": ""bobil.utleie.dekning"", ""sourceId"": ""mc-bobil:gjensidige-bobil-produkt.html:bobil"", ""page"": 1, ""section"": ""Utleie""}]}], ""runtime_source_ids"": [""mc-bobil:gjensidige-bobil-produkt.html:bobil""]}]",Do not pick a value or inclusive boundary; preserve exact uncertainty until dated applicability is established.
SC-027,SOURCE_CONFLICT_REVIEW_REQUIRED,OPEN_RETAINED,SR-028,gjensidige,Campingvogn,Campingvogn Delkasko glass,"IPIDMOT07listsglassunderDelkasko;ownfull1/3noglass,andHTMLexactDelkaskofeaturearraynoglass.Catalogincludedclaimcitesfullfile.","[{""path"": ""catalog/sources/vehicle-extensions/gjensidige-MOT07.pdf"", ""sha256"": ""eedf3286cee2c73f0cb6a5f0eaadd9233b527625c1e2d2a763aa2d11b35d20e7"", ""manifest"": [{""manifest"": ""catalog/sources/vehicle-extensions/manifest.json"", ""urls"": [""https://www.gjensidige.no/ipid/gfno/MOT07""], ""resolvedUrl"": ""https://www.gjensidige.no/ipid/gfno/MOT07"", ""providerId"": ""gjensidige"", ""filename"": ""gjensidige-MOT07.pdf"", ""documentType"": ""ipid"", ""documentNumber"": null, ""version"": null, ""validFrom"": null, ""replacesVersion"": null, ""retrievedAt"": ""2026-09-23"", ""sha256"": ""eedf3286cee2c73f0cb6a5f0eaadd9233b527625c1e2d2a763aa2d11b35d20e7"", ""validity"": ""current_link_date_unknown"", ""documentName"": ""Dokument med informasjon om forsikringsproduktetSelskap: Gjensidige Forsikring ASAProdukt: Se forsikringsbevis og vilkår"", ""pages"": 2, ""components"": [], ""catalogUsage"": []}], ""runtime_source_ids"": [""vehicle:gjensidige-MOT07.pdf""]}, {""path"": ""catalog/sources/vehicle-extensions/gjensidige-campingvognforsikring.html"", ""sha256"": ""4f30c8c2a2dabd6425c61bba12513a824c6a2ac4d24a206a261d4f45b3c278a8"", ""manifest"": [{""manifest"": ""catalog/sources/vehicle-extensions/manifest.json"", ""urls"": [""https://www.gjensidige.no/forsikring/kjoretoy/campingvognforsikring""], ""resolvedUrl"": ""https://www.gjensidige.no/forsikring/kjoretoy/campingvognforsikring"", ""providerId"": ""gjensidige"", ""filename"": ""gjensidige-campingvognforsikring.html"", ""documentType"": ""product_page"", ""documentNumber"": null, ""version"": null, ""validFrom"": null, ""replacesVersion"": null, ""retrievedAt"": ""2026-09-23"", ""sha256"": ""4f30c8c2a2dabd6425c61bba12513a824c6a2ac4d24a206a261d4f45b3c278a8"", ""validity"": ""current_link_date_unknown"", ""documentName"": ""gjensidige-campingvognforsikring.html"", ""catalogUsage"": []}], ""runtime_source_ids"": [""vehicle:gjensidige-campingvognforsikring.html""]}, {""path"": ""catalog/sources/vehicle-extensions/gjensidige-Campingvogn-Delkasko-alminnelige-vilkar.pdf"", ""sha256"": ""aac62443966b522b04903f765eb31376b8a48cddd39d14781d447bcaa82677de"", ""manifest"": [{""manifest"": ""catalog/sources/vehicle-extensions/manifest.json"", ""urls"": [""https://www.gjensidige.no/files/privat/vilkar/kjoretoy/Campingvogn-Delkasko-alminnelige-vilkar.pdf""], ""resolvedUrl"": ""https://www.gjensidige.no/files/privat/vilkar/kjoretoy/Campingvogn-Delkasko-alminnelige-vilkar.pdf"", ""providerId"": ""gjensidige"", ""filename"": ""gjensidige-Campingvogn-Delkasko-alminnelige-vilkar.pdf"", ""documentType"": ""terms"", ""documentNumber"": null, ""version"": null, ""validFrom"": null, ""replacesVersion"": null, ""retrievedAt"": ""2026-09-23"", ""sha256"": ""aac62443966b522b04903f765eb31376b8a48cddd39d14781d447bcaa82677de"", ""validity"": ""current_link_date_unknown"", ""documentName"": ""Nyheter og endringerForsikringsoversikt Forsikringsbevis Fellesdekninger / Generelle vilkårErstatningsregler Fristforåme"", ""pages"": 8, ""components"": [], ""catalogUsage"": [{""providerId"": ""gjensidige"", ""insuranceType"": ""Campingvogn"", ""productId"": ""gjensidige-campingvogn-delkasko"", ""factKey"": ""campingvogn.brann.dekning"", ""page"": 3, ""section"": ""Hvilke skader""}, {""providerId"": ""gjensidige"", ""insuranceType"": ""Campingvogn"", ""productId"": ""gjensidige-campingvogn-delkasko"", ""factKey"": ""campingvogn.tyveri.dekning"", ""page"": 3, ""section"": ""Hvilke skader""}, {""providerId"": ""gjensidige"", ""insuranceType"": ""Campingvogn"", ""productId"": ""gjensidige-campingvogn-delkasko"", ""factKey"": ""campingvogn.glass.dekning"", ""page"": 3, ""section"": ""Hvilke skader/utgifter""}, {""providerId"": ""gjensidige"", ""insuranceType"": ""Campingvogn"", ""productId"": ""gjensidige-campingvogn-delkasko"", ""factKey"": ""campingvogn.redning.dekning"", ""page"": 3, ""section"": ""Hvilke skader/utgifter""}, {""providerId"": ""gjensidige"", ""insuranceType"": ""Campingvogn"", ""productId"": ""gjensidige-campingvogn-delkasko"", ""factKey"": ""campingvogn.avtale.geografi"", ""page"": 3, ""section"": ""Hvor gjelder forsikringen""}, {""providerId"": ""gjensidige"", ""insuranceType"": ""Campingvogn"", ""productId"": ""gjensidige-campingvogn-delkasko"", ""factKey"": ""campingvogn.fortelt.begrensning"", ""page"": 3, ""section"": ""Hva er forsikret""}]}], ""runtime_source_ids"": [""vehicle:gjensidige-Campingvogn-Delkasko-alminnelige-vilkar.pdf""]}, {""path"": ""catalog/sources/vehicle-extensions/gjensidige-Campingvogn-Kasko-alminnelige-vilkar.pdf"", ""sha256"": ""fb61c6696cbf3a12067cef1b71f73b6562c37495151268fe769d4520b7ac4194"", ""manifest"": [{""manifest"": ""catalog/sources/vehicle-extensions/manifest.json"", ""urls"": [""https://www.gjensidige.no/files/privat/vilkar/kjoretoy/Campingvogn-Kasko-alminnelige-vilkar.pdf""], ""resolvedUrl"": ""https://www.gjensidige.no/files/privat/vilkar/kjoretoy/Campingvogn-Kasko-alminnelige-vilkar.pdf"", ""providerId"": ""gjensidige"", ""filename"": ""gjensidige-Campingvogn-Kasko-alminnelige-vilkar.pdf"", ""documentType"": ""terms"", ""documentNumber"": null, ""version"": null, ""validFrom"": null, ""replacesVersion"": null, ""retrievedAt"": ""2026-09-23"", ""sha256"": ""fb61c6696cbf3a12067cef1b71f73b6562c37495151268fe769d4520b7ac4194"", ""validity"": ""current_link_date_unknown"", ""documentName"": ""Nyheter og endringerForsikringsoversikt Forsikringsbevis Fellesdekninger / Generelle vilkårErstatningsregler Fristforåme"", ""pages"": 9, ""components"": [], ""catalogUsage"": [{""providerId"": ""gjensidige"", ""insuranceType"": ""Campingvogn"", ""productId"": ""gjensidige-campingvogn-kasko"", ""factKey"": ""campingvogn.brann.dekning"", ""page"": 3, ""section"": ""Hvilke skader""}, {""providerId"": ""gjensidige"", ""insuranceType"": ""Campingvogn"", ""productId"": ""gjensidige-campingvogn-kasko"", ""factKey"": ""campingvogn.tyveri.dekning"", ""page"": 3, ""section"": ""Hvilke skader""}, {""providerId"": ""gjensidige"", ""insuranceType"": ""Campingvogn"", ""productId"": ""gjensidige-campingvogn-kasko"", ""factKey"": ""campingvogn.kasko.dekning"", ""page"": 3, ""section"": ""Hvilke skader""}, {""providerId"": ""gjensidige"", ""insuranceType"": ""Campingvogn"", ""productId"": ""gjensidige-campingvogn-kasko"", ""factKey"": ""campingvogn.glass.dekning"", ""page"": 3, ""section"": ""Hvilke skader/utgifter""}, {""providerId"": ""gjensidige"", ""insuranceType"": ""Campingvogn"", ""productId"": ""gjensidige-campingvogn-kasko"", ""factKey"": ""campingvogn.redning.dekning"", ""page"": 3, ""section"": ""Hvilke skader/utgifter""}, {""providerId"": ""gjensidige"", ""insuranceType"": ""Campingvogn"", ""productId"": ""gjensidige-campingvogn-kasko"", ""factKey"": ""campingvogn.avtale.geografi"", ""page"": 3, ""section"": ""Hvor gjelder forsikringen""}, {""providerId"": ""gjensidige"", ""insuranceType"": ""Campingvogn"", ""productId"": ""gjensidige-campingvogn-kasko"", ""factKey"": ""campingvogn.fortelt.begrensning"", ""page"": 3, ""section"": ""Hva er forsikret""}, {""providerId"": ""gjensidige"", ""insuranceType"": ""Campingvogn"", ""productId"": ""gjensidige-campingvogn-kasko"", ""factKey"": ""campingvogn.skadedyr.dekning"", ""page"": 3, ""section"": ""Hvilke skader""}]}], ""runtime_source_ids"": [""vehicle:gjensidige-Campingvogn-Kasko-alminnelige-vilkar.pdf""]}, {""path"": ""catalog/sources/vehicle-extensions/gjensidige-Campingvogn-Pluss-alminnelige-vilkar.pdf"", ""sha256"": ""129827ede6156025a74dae49392e2744eebff0d0e42a30a08e9b1449859365ca"", ""manifest"": [{""manifest"": ""catalog/sources/vehicle-extensions/manifest.json"", ""urls"": [""https://www.gjensidige.no/files/privat/vilkar/kjoretoy/Campingvogn-Pluss-alminnelige-vilkar.pdf""], ""resolvedUrl"": ""https://www.gjensidige.no/files/privat/vilkar/kjoretoy/Campingvogn-Pluss-alminnelige-vilkar.pdf"", ""providerId"": ""gjensidige"", ""filename"": ""gjensidige-Campingvogn-Pluss-alminnelige-vilkar.pdf"", ""documentType"": ""terms"", ""documentNumber"": null, ""version"": null, ""validFrom"": null, ""replacesVersion"": null, ""retrievedAt"": ""2026-09-23"", ""sha256"": ""129827ede6156025a74dae49392e2744eebff0d0e42a30a08e9b1449859365ca"", ""validity"": ""current_link_date_unknown"", ""documentName"": ""Nyheter og endringerForsikringsoversikt Forsikringsbevis Fellesdekninger / Generelle vilkårErstatningsregler Fristforåme"", ""pages"": 9, ""components"": [], ""catalogUsage"": [{""providerId"": ""gjensidige"", ""insuranceType"": ""Campingvogn"", ""productId"": ""gjensidige-campingvogn-pluss"", ""factKey"": ""campingvogn.brann.dekning"", ""page"": 3, ""section"": ""Hvilke skader""}, {""providerId"": ""gjensidige"", ""insuranceType"": ""Campingvogn"", ""productId"": ""gjensidige-campingvogn-pluss"", ""factKey"": ""campingvogn.tyveri.dekning"", ""page"": 3, ""section"": ""Hvilke skader""}, {""providerId"": ""gjensidige"", ""insuranceType"": ""Campingvogn"", ""productId"": ""gjensidige-campingvogn-pluss"", ""factKey"": ""campingvogn.kasko.dekning"", ""page"": 3, ""section"": ""Hvilke skader""}, {""providerId"": ""gjensidige"", ""insuranceType"": ""Campingvogn"", ""productId"": ""gjensidige-campingvogn-pluss"", ""factKey"": ""campingvogn.glass.dekning"", ""page"": 3, ""section"": ""Hvilke skader/utgifter""}, {""providerId"": ""gjensidige"", ""insuranceType"": ""Campingvogn"", ""productId"": ""gjensidige-campingvogn-pluss"", ""factKey"": ""campingvogn.redning.dekning"", ""page"": 3, ""section"": ""Hvilke skader/utgifter""}, {""providerId"": ""gjensidige"", ""insuranceType"": ""Campingvogn"", ""productId"": ""gjensidige-campingvogn-pluss"", ""factKey"": ""campingvogn.avtale.geografi"", ""page"": 3, ""section"": ""Hvor gjelder forsikringen""}, {""providerId"": ""gjensidige"", ""insuranceType"": ""Campingvogn"", ""productId"": ""gjensidige-campingvogn-pluss"", ""factKey"": ""campingvogn.fortelt.begrensning"", ""page"": 3, ""section"": ""Hva er forsikret""}, {""providerId"": ""gjensidige"", ""insuranceType"": ""Campingvogn"", ""productId"": ""gjensidige-campingvogn-pluss"", ""factKey"": ""campingvogn.skadedyr.dekning"", ""page"": 3, ""section"": ""Hvilke skader""}, {""providerId"": ""gjensidige"", ""insuranceType"": ""Campingvogn"", ""productId"": ""gjensidige-campingvogn-pluss"", ""factKey"": ""campingvogn.fukt.dekning"", ""page"": 3, ""section"": ""Pluss""}, {""providerId"": ""gjensidige"", ""insuranceType"": ""Campingvogn"", ""productId"": ""gjensidige-campingvogn-pluss"", ""factKey"": ""campingvogn.ferie.dekning"", ""page"": 3, ""section"": ""Pluss""}, {""providerId"": ""gjensidige"", ""insuranceType"": ""Campingvogn"", ""productId"": ""gjensidige-campingvogn-pluss"", ""factKey"": ""campingvogn.fukt.alder"", ""page"": 3, ""section"": ""Fuktskader""}, {""providerId"": ""gjensidige"", ""insuranceType"": ""Campingvogn"", ""productId"": ""gjensidige-campingvogn-pluss"", ""factKey"": ""campingvogn.fukt.begrensning"", ""page"": 3, ""section"": ""Fuktskader""}, {""providerId"": ""gjensidige"", ""insuranceType"": ""Campingvogn"", ""productId"": ""gjensidige-campingvogn-pluss"", ""factKey"": ""campingvogn.ferie.grense"", ""page"": 4, ""section"": ""Feriegaranti""}]}], ""runtime_source_ids"": [""vehicle:gjensidige-Campingvogn-Pluss-alminnelige-vilkar.pdf""]}]",Do not pick a value or inclusive boundary; preserve exact uncertainty until dated applicability is established.
SC-028,SOURCE_CONFLICT_REVIEW_REQUIRED,OPEN_RETAINED,SR-028,gjensidige,Campingvogn,Campingvogn IPID ansvar/ulykke/rettshjelp,"MOT07intro claims allproductsobligatoryliability/accident/legal+Ansvarlevel;noneinownfullpackages,websaysvia towingcar,only3physicallevels. Do notmaterializefromboilerplate.","[{""path"": ""catalog/sources/vehicle-extensions/gjensidige-MOT07.pdf"", ""sha256"": ""eedf3286cee2c73f0cb6a5f0eaadd9233b527625c1e2d2a763aa2d11b35d20e7"", ""manifest"": [{""manifest"": ""catalog/sources/vehicle-extensions/manifest.json"", ""urls"": [""https://www.gjensidige.no/ipid/gfno/MOT07""], ""resolvedUrl"": ""https://www.gjensidige.no/ipid/gfno/MOT07"", ""providerId"": ""gjensidige"", ""filename"": ""gjensidige-MOT07.pdf"", ""documentType"": ""ipid"", ""documentNumber"": null, ""version"": null, ""validFrom"": null, ""replacesVersion"": null, ""retrievedAt"": ""2026-09-23"", ""sha256"": ""eedf3286cee2c73f0cb6a5f0eaadd9233b527625c1e2d2a763aa2d11b35d20e7"", ""validity"": ""current_link_date_unknown"", ""documentName"": ""Dokument med informasjon om forsikringsproduktetSelskap: Gjensidige Forsikring ASAProdukt: Se forsikringsbevis og vilkår"", ""pages"": 2, ""components"": [], ""catalogUsage"": []}], ""runtime_source_ids"": [""vehicle:gjensidige-MOT07.pdf""]}, {""path"": ""catalog/sources/vehicle-extensions/gjensidige-campingvognforsikring.html"", ""sha256"": ""4f30c8c2a2dabd6425c61bba12513a824c6a2ac4d24a206a261d4f45b3c278a8"", ""manifest"": [{""manifest"": ""catalog/sources/vehicle-extensions/manifest.json"", ""urls"": [""https://www.gjensidige.no/forsikring/kjoretoy/campingvognforsikring""], ""resolvedUrl"": ""https://www.gjensidige.no/forsikring/kjoretoy/campingvognforsikring"", ""providerId"": ""gjensidige"", ""filename"": ""gjensidige-campingvognforsikring.html"", ""documentType"": ""product_page"", ""documentNumber"": null, ""version"": null, ""validFrom"": null, ""replacesVersion"": null, ""retrievedAt"": ""2026-09-23"", ""sha256"": ""4f30c8c2a2dabd6425c61bba12513a824c6a2ac4d24a206a261d4f45b3c278a8"", ""validity"": ""current_link_date_unknown"", ""documentName"": ""gjensidige-campingvognforsikring.html"", ""catalogUsage"": []}], ""runtime_source_ids"": [""vehicle:gjensidige-campingvognforsikring.html""]}, {""path"": ""catalog/sources/vehicle-extensions/gjensidige-Campingvogn-Delkasko-alminnelige-vilkar.pdf"", ""sha256"": ""aac62443966b522b04903f765eb31376b8a48cddd39d14781d447bcaa82677de"", ""manifest"": [{""manifest"": ""catalog/sources/vehicle-extensions/manifest.json"", ""urls"": [""https://www.gjensidige.no/files/privat/vilkar/kjoretoy/Campingvogn-Delkasko-alminnelige-vilkar.pdf""], ""resolvedUrl"": ""https://www.gjensidige.no/files/privat/vilkar/kjoretoy/Campingvogn-Delkasko-alminnelige-vilkar.pdf"", ""providerId"": ""gjensidige"", ""filename"": ""gjensidige-Campingvogn-Delkasko-alminnelige-vilkar.pdf"", ""documentType"": ""terms"", ""documentNumber"": null, ""version"": null, ""validFrom"": null, ""replacesVersion"": null, ""retrievedAt"": ""2026-09-23"", ""sha256"": ""aac62443966b522b04903f765eb31376b8a48cddd39d14781d447bcaa82677de"", ""validity"": ""current_link_date_unknown"", ""documentName"": ""Nyheter og endringerForsikringsoversikt Forsikringsbevis Fellesdekninger / Generelle vilkårErstatningsregler Fristforåme"", ""pages"": 8, ""components"": [], ""catalogUsage"": [{""providerId"": ""gjensidige"", ""insuranceType"": ""Campingvogn"", ""productId"": ""gjensidige-campingvogn-delkasko"", ""factKey"": ""campingvogn.brann.dekning"", ""page"": 3, ""section"": ""Hvilke skader""}, {""providerId"": ""gjensidige"", ""insuranceType"": ""Campingvogn"", ""productId"": ""gjensidige-campingvogn-delkasko"", ""factKey"": ""campingvogn.tyveri.dekning"", ""page"": 3, ""section"": ""Hvilke skader""}, {""providerId"": ""gjensidige"", ""insuranceType"": ""Campingvogn"", ""productId"": ""gjensidige-campingvogn-delkasko"", ""factKey"": ""campingvogn.glass.dekning"", ""page"": 3, ""section"": ""Hvilke skader/utgifter""}, {""providerId"": ""gjensidige"", ""insuranceType"": ""Campingvogn"", ""productId"": ""gjensidige-campingvogn-delkasko"", ""factKey"": ""campingvogn.redning.dekning"", ""page"": 3, ""section"": ""Hvilke skader/utgifter""}, {""providerId"": ""gjensidige"", ""insuranceType"": ""Campingvogn"", ""productId"": ""gjensidige-campingvogn-delkasko"", ""factKey"": ""campingvogn.avtale.geografi"", ""page"": 3, ""section"": ""Hvor gjelder forsikringen""}, {""providerId"": ""gjensidige"", ""insuranceType"": ""Campingvogn"", ""productId"": ""gjensidige-campingvogn-delkasko"", ""factKey"": ""campingvogn.fortelt.begrensning"", ""page"": 3, ""section"": ""Hva er forsikret""}]}], ""runtime_source_ids"": [""vehicle:gjensidige-Campingvogn-Delkasko-alminnelige-vilkar.pdf""]}, {""path"": ""catalog/sources/vehicle-extensions/gjensidige-Campingvogn-Kasko-alminnelige-vilkar.pdf"", ""sha256"": ""fb61c6696cbf3a12067cef1b71f73b6562c37495151268fe769d4520b7ac4194"", ""manifest"": [{""manifest"": ""catalog/sources/vehicle-extensions/manifest.json"", ""urls"": [""https://www.gjensidige.no/files/privat/vilkar/kjoretoy/Campingvogn-Kasko-alminnelige-vilkar.pdf""], ""resolvedUrl"": ""https://www.gjensidige.no/files/privat/vilkar/kjoretoy/Campingvogn-Kasko-alminnelige-vilkar.pdf"", ""providerId"": ""gjensidige"", ""filename"": ""gjensidige-Campingvogn-Kasko-alminnelige-vilkar.pdf"", ""documentType"": ""terms"", ""documentNumber"": null, ""version"": null, ""validFrom"": null, ""replacesVersion"": null, ""retrievedAt"": ""2026-09-23"", ""sha256"": ""fb61c6696cbf3a12067cef1b71f73b6562c37495151268fe769d4520b7ac4194"", ""validity"": ""current_link_date_unknown"", ""documentName"": ""Nyheter og endringerForsikringsoversikt Forsikringsbevis Fellesdekninger / Generelle vilkårErstatningsregler Fristforåme"", ""pages"": 9, ""components"": [], ""catalogUsage"": [{""providerId"": ""gjensidige"", ""insuranceType"": ""Campingvogn"", ""productId"": ""gjensidige-campingvogn-kasko"", ""factKey"": ""campingvogn.brann.dekning"", ""page"": 3, ""section"": ""Hvilke skader""}, {""providerId"": ""gjensidige"", ""insuranceType"": ""Campingvogn"", ""productId"": ""gjensidige-campingvogn-kasko"", ""factKey"": ""campingvogn.tyveri.dekning"", ""page"": 3, ""section"": ""Hvilke skader""}, {""providerId"": ""gjensidige"", ""insuranceType"": ""Campingvogn"", ""productId"": ""gjensidige-campingvogn-kasko"", ""factKey"": ""campingvogn.kasko.dekning"", ""page"": 3, ""section"": ""Hvilke skader""}, {""providerId"": ""gjensidige"", ""insuranceType"": ""Campingvogn"", ""productId"": ""gjensidige-campingvogn-kasko"", ""factKey"": ""campingvogn.glass.dekning"", ""page"": 3, ""section"": ""Hvilke skader/utgifter""}, {""providerId"": ""gjensidige"", ""insuranceType"": ""Campingvogn"", ""productId"": ""gjensidige-campingvogn-kasko"", ""factKey"": ""campingvogn.redning.dekning"", ""page"": 3, ""section"": ""Hvilke skader/utgifter""}, {""providerId"": ""gjensidige"", ""insuranceType"": ""Campingvogn"", ""productId"": ""gjensidige-campingvogn-kasko"", ""factKey"": ""campingvogn.avtale.geografi"", ""page"": 3, ""section"": ""Hvor gjelder forsikringen""}, {""providerId"": ""gjensidige"", ""insuranceType"": ""Campingvogn"", ""productId"": ""gjensidige-campingvogn-kasko"", ""factKey"": ""campingvogn.fortelt.begrensning"", ""page"": 3, ""section"": ""Hva er forsikret""}, {""providerId"": ""gjensidige"", ""insuranceType"": ""Campingvogn"", ""productId"": ""gjensidige-campingvogn-kasko"", ""factKey"": ""campingvogn.skadedyr.dekning"", ""page"": 3, ""section"": ""Hvilke skader""}]}], ""runtime_source_ids"": [""vehicle:gjensidige-Campingvogn-Kasko-alminnelige-vilkar.pdf""]}, {""path"": ""catalog/sources/vehicle-extensions/gjensidige-Campingvogn-Pluss-alminnelige-vilkar.pdf"", ""sha256"": ""129827ede6156025a74dae49392e2744eebff0d0e42a30a08e9b1449859365ca"", ""manifest"": [{""manifest"": ""catalog/sources/vehicle-extensions/manifest.json"", ""urls"": [""https://www.gjensidige.no/files/privat/vilkar/kjoretoy/Campingvogn-Pluss-alminnelige-vilkar.pdf""], ""resolvedUrl"": ""https://www.gjensidige.no/files/privat/vilkar/kjoretoy/Campingvogn-Pluss-alminnelige-vilkar.pdf"", ""providerId"": ""gjensidige"", ""filename"": ""gjensidige-Campingvogn-Pluss-alminnelige-vilkar.pdf"", ""documentType"": ""terms"", ""documentNumber"": null, ""version"": null, ""validFrom"": null, ""replacesVersion"": null, ""retrievedAt"": ""2026-09-23"", ""sha256"": ""129827ede6156025a74dae49392e2744eebff0d0e42a30a08e9b1449859365ca"", ""validity"": ""current_link_date_unknown"", ""documentName"": ""Nyheter og endringerForsikringsoversikt Forsikringsbevis Fellesdekninger / Generelle vilkårErstatningsregler Fristforåme"", ""pages"": 9, ""components"": [], ""catalogUsage"": [{""providerId"": ""gjensidige"", ""insuranceType"": ""Campingvogn"", ""productId"": ""gjensidige-campingvogn-pluss"", ""factKey"": ""campingvogn.brann.dekning"", ""page"": 3, ""section"": ""Hvilke skader""}, {""providerId"": ""gjensidige"", ""insuranceType"": ""Campingvogn"", ""productId"": ""gjensidige-campingvogn-pluss"", ""factKey"": ""campingvogn.tyveri.dekning"", ""page"": 3, ""section"": ""Hvilke skader""}, {""providerId"": ""gjensidige"", ""insuranceType"": ""Campingvogn"", ""productId"": ""gjensidige-campingvogn-pluss"", ""factKey"": ""campingvogn.kasko.dekning"", ""page"": 3, ""section"": ""Hvilke skader""}, {""providerId"": ""gjensidige"", ""insuranceType"": ""Campingvogn"", ""productId"": ""gjensidige-campingvogn-pluss"", ""factKey"": ""campingvogn.glass.dekning"", ""page"": 3, ""section"": ""Hvilke skader/utgifter""}, {""providerId"": ""gjensidige"", ""insuranceType"": ""Campingvogn"", ""productId"": ""gjensidige-campingvogn-pluss"", ""factKey"": ""campingvogn.redning.dekning"", ""page"": 3, ""section"": ""Hvilke skader/utgifter""}, {""providerId"": ""gjensidige"", ""insuranceType"": ""Campingvogn"", ""productId"": ""gjensidige-campingvogn-pluss"", ""factKey"": ""campingvogn.avtale.geografi"", ""page"": 3, ""section"": ""Hvor gjelder forsikringen""}, {""providerId"": ""gjensidige"", ""insuranceType"": ""Campingvogn"", ""productId"": ""gjensidige-campingvogn-pluss"", ""factKey"": ""campingvogn.fortelt.begrensning"", ""page"": 3, ""section"": ""Hva er forsikret""}, {""providerId"": ""gjensidige"", ""insuranceType"": ""Campingvogn"", ""productId"": ""gjensidige-campingvogn-pluss"", ""factKey"": ""campingvogn.skadedyr.dekning"", ""page"": 3, ""section"": ""Hvilke skader""}, {""providerId"": ""gjensidige"", ""insuranceType"": ""Campingvogn"", ""productId"": ""gjensidige-campingvogn-pluss"", ""factKey"": ""campingvogn.fukt.dekning"", ""page"": 3, ""section"": ""Pluss""}, {""providerId"": ""gjensidige"", ""insuranceType"": ""Campingvogn"", ""productId"": ""gjensidige-campingvogn-pluss"", ""factKey"": ""campingvogn.ferie.dekning"", ""page"": 3, ""section"": ""Pluss""}, {""providerId"": ""gjensidige"", ""insuranceType"": ""Campingvogn"", ""productId"": ""gjensidige-campingvogn-pluss"", ""factKey"": ""campingvogn.fukt.alder"", ""page"": 3, ""section"": ""Fuktskader""}, {""providerId"": ""gjensidige"", ""insuranceType"": ""Campingvogn"", ""productId"": ""gjensidige-campingvogn-pluss"", ""factKey"": ""campingvogn.fukt.begrensning"", ""page"": 3, ""section"": ""Fuktskader""}, {""providerId"": ""gjensidige"", ""insuranceType"": ""Campingvogn"", ""productId"": ""gjensidige-campingvogn-pluss"", ""factKey"": ""campingvogn.ferie.grense"", ""page"": 4, ""section"": ""Feriegaranti""}]}], ""runtime_source_ids"": [""vehicle:gjensidige-Campingvogn-Pluss-alminnelige-vilkar.pdf""]}]",Do not pick a value or inclusive boundary; preserve exact uncertainty until dated applicability is established.
SC-029,SOURCE_CONFLICT_REVIEW_REQUIRED,OPEN_RETAINED,SR-028,gjensidige,Campingvogn,Campingvogn veihjelp hjemme,Full3 requirescaravanonroadanddriveablebeforeskade;webexplicitlyhome. Noevidencetocollapsequalifier.,"[{""path"": ""catalog/sources/vehicle-extensions/gjensidige-MOT07.pdf"", ""sha256"": ""eedf3286cee2c73f0cb6a5f0eaadd9233b527625c1e2d2a763aa2d11b35d20e7"", ""manifest"": [{""manifest"": ""catalog/sources/vehicle-extensions/manifest.json"", ""urls"": [""https://www.gjensidige.no/ipid/gfno/MOT07""], ""resolvedUrl"": ""https://www.gjensidige.no/ipid/gfno/MOT07"", ""providerId"": ""gjensidige"", ""filename"": ""gjensidige-MOT07.pdf"", ""documentType"": ""ipid"", ""documentNumber"": null, ""version"": null, ""validFrom"": null, ""replacesVersion"": null, ""retrievedAt"": ""2026-09-23"", ""sha256"": ""eedf3286cee2c73f0cb6a5f0eaadd9233b527625c1e2d2a763aa2d11b35d20e7"", ""validity"": ""current_link_date_unknown"", ""documentName"": ""Dokument med informasjon om forsikringsproduktetSelskap: Gjensidige Forsikring ASAProdukt: Se forsikringsbevis og vilkår"", ""pages"": 2, ""components"": [], ""catalogUsage"": []}], ""runtime_source_ids"": [""vehicle:gjensidige-MOT07.pdf""]}, {""path"": ""catalog/sources/vehicle-extensions/gjensidige-campingvognforsikring.html"", ""sha256"": ""4f30c8c2a2dabd6425c61bba12513a824c6a2ac4d24a206a261d4f45b3c278a8"", ""manifest"": [{""manifest"": ""catalog/sources/vehicle-extensions/manifest.json"", ""urls"": [""https://www.gjensidige.no/forsikring/kjoretoy/campingvognforsikring""], ""resolvedUrl"": ""https://www.gjensidige.no/forsikring/kjoretoy/campingvognforsikring"", ""providerId"": ""gjensidige"", ""filename"": ""gjensidige-campingvognforsikring.html"", ""documentType"": ""product_page"", ""documentNumber"": null, ""version"": null, ""validFrom"": null, ""replacesVersion"": null, ""retrievedAt"": ""2026-09-23"", ""sha256"": ""4f30c8c2a2dabd6425c61bba12513a824c6a2ac4d24a206a261d4f45b3c278a8"", ""validity"": ""current_link_date_unknown"", ""documentName"": ""gjensidige-campingvognforsikring.html"", ""catalogUsage"": []}], ""runtime_source_ids"": [""vehicle:gjensidige-campingvognforsikring.html""]}, {""path"": ""catalog/sources/vehicle-extensions/gjensidige-Campingvogn-Delkasko-alminnelige-vilkar.pdf"", ""sha256"": ""aac62443966b522b04903f765eb31376b8a48cddd39d14781d447bcaa82677de"", ""manifest"": [{""manifest"": ""catalog/sources/vehicle-extensions/manifest.json"", ""urls"": [""https://www.gjensidige.no/files/privat/vilkar/kjoretoy/Campingvogn-Delkasko-alminnelige-vilkar.pdf""], ""resolvedUrl"": ""https://www.gjensidige.no/files/privat/vilkar/kjoretoy/Campingvogn-Delkasko-alminnelige-vilkar.pdf"", ""providerId"": ""gjensidige"", ""filename"": ""gjensidige-Campingvogn-Delkasko-alminnelige-vilkar.pdf"", ""documentType"": ""terms"", ""documentNumber"": null, ""version"": null, ""validFrom"": null, ""replacesVersion"": null, ""retrievedAt"": ""2026-09-23"", ""sha256"": ""aac62443966b522b04903f765eb31376b8a48cddd39d14781d447bcaa82677de"", ""validity"": ""current_link_date_unknown"", ""documentName"": ""Nyheter og endringerForsikringsoversikt Forsikringsbevis Fellesdekninger / Generelle vilkårErstatningsregler Fristforåme"", ""pages"": 8, ""components"": [], ""catalogUsage"": [{""providerId"": ""gjensidige"", ""insuranceType"": ""Campingvogn"", ""productId"": ""gjensidige-campingvogn-delkasko"", ""factKey"": ""campingvogn.brann.dekning"", ""page"": 3, ""section"": ""Hvilke skader""}, {""providerId"": ""gjensidige"", ""insuranceType"": ""Campingvogn"", ""productId"": ""gjensidige-campingvogn-delkasko"", ""factKey"": ""campingvogn.tyveri.dekning"", ""page"": 3, ""section"": ""Hvilke skader""}, {""providerId"": ""gjensidige"", ""insuranceType"": ""Campingvogn"", ""productId"": ""gjensidige-campingvogn-delkasko"", ""factKey"": ""campingvogn.glass.dekning"", ""page"": 3, ""section"": ""Hvilke skader/utgifter""}, {""providerId"": ""gjensidige"", ""insuranceType"": ""Campingvogn"", ""productId"": ""gjensidige-campingvogn-delkasko"", ""factKey"": ""campingvogn.redning.dekning"", ""page"": 3, ""section"": ""Hvilke skader/utgifter""}, {""providerId"": ""gjensidige"", ""insuranceType"": ""Campingvogn"", ""productId"": ""gjensidige-campingvogn-delkasko"", ""factKey"": ""campingvogn.avtale.geografi"", ""page"": 3, ""section"": ""Hvor gjelder forsikringen""}, {""providerId"": ""gjensidige"", ""insuranceType"": ""Campingvogn"", ""productId"": ""gjensidige-campingvogn-delkasko"", ""factKey"": ""campingvogn.fortelt.begrensning"", ""page"": 3, ""section"": ""Hva er forsikret""}]}], ""runtime_source_ids"": [""vehicle:gjensidige-Campingvogn-Delkasko-alminnelige-vilkar.pdf""]}, {""path"": ""catalog/sources/vehicle-extensions/gjensidige-Campingvogn-Kasko-alminnelige-vilkar.pdf"", ""sha256"": ""fb61c6696cbf3a12067cef1b71f73b6562c37495151268fe769d4520b7ac4194"", ""manifest"": [{""manifest"": ""catalog/sources/vehicle-extensions/manifest.json"", ""urls"": [""https://www.gjensidige.no/files/privat/vilkar/kjoretoy/Campingvogn-Kasko-alminnelige-vilkar.pdf""], ""resolvedUrl"": ""https://www.gjensidige.no/files/privat/vilkar/kjoretoy/Campingvogn-Kasko-alminnelige-vilkar.pdf"", ""providerId"": ""gjensidige"", ""filename"": ""gjensidige-Campingvogn-Kasko-alminnelige-vilkar.pdf"", ""documentType"": ""terms"", ""documentNumber"": null, ""version"": null, ""validFrom"": null, ""replacesVersion"": null, ""retrievedAt"": ""2026-09-23"", ""sha256"": ""fb61c6696cbf3a12067cef1b71f73b6562c37495151268fe769d4520b7ac4194"", ""validity"": ""current_link_date_unknown"", ""documentName"": ""Nyheter og endringerForsikringsoversikt Forsikringsbevis Fellesdekninger / Generelle vilkårErstatningsregler Fristforåme"", ""pages"": 9, ""components"": [], ""catalogUsage"": [{""providerId"": ""gjensidige"", ""insuranceType"": ""Campingvogn"", ""productId"": ""gjensidige-campingvogn-kasko"", ""factKey"": ""campingvogn.brann.dekning"", ""page"": 3, ""section"": ""Hvilke skader""}, {""providerId"": ""gjensidige"", ""insuranceType"": ""Campingvogn"", ""productId"": ""gjensidige-campingvogn-kasko"", ""factKey"": ""campingvogn.tyveri.dekning"", ""page"": 3, ""section"": ""Hvilke skader""}, {""providerId"": ""gjensidige"", ""insuranceType"": ""Campingvogn"", ""productId"": ""gjensidige-campingvogn-kasko"", ""factKey"": ""campingvogn.kasko.dekning"", ""page"": 3, ""section"": ""Hvilke skader""}, {""providerId"": ""gjensidige"", ""insuranceType"": ""Campingvogn"", ""productId"": ""gjensidige-campingvogn-kasko"", ""factKey"": ""campingvogn.glass.dekning"", ""page"": 3, ""section"": ""Hvilke skader/utgifter""}, {""providerId"": ""gjensidige"", ""insuranceType"": ""Campingvogn"", ""productId"": ""gjensidige-campingvogn-kasko"", ""factKey"": ""campingvogn.redning.dekning"", ""page"": 3, ""section"": ""Hvilke skader/utgifter""}, {""providerId"": ""gjensidige"", ""insuranceType"": ""Campingvogn"", ""productId"": ""gjensidige-campingvogn-kasko"", ""factKey"": ""campingvogn.avtale.geografi"", ""page"": 3, ""section"": ""Hvor gjelder forsikringen""}, {""providerId"": ""gjensidige"", ""insuranceType"": ""Campingvogn"", ""productId"": ""gjensidige-campingvogn-kasko"", ""factKey"": ""campingvogn.fortelt.begrensning"", ""page"": 3, ""section"": ""Hva er forsikret""}, {""providerId"": ""gjensidige"", ""insuranceType"": ""Campingvogn"", ""productId"": ""gjensidige-campingvogn-kasko"", ""factKey"": ""campingvogn.skadedyr.dekning"", ""page"": 3, ""section"": ""Hvilke skader""}]}], ""runtime_source_ids"": [""vehicle:gjensidige-Campingvogn-Kasko-alminnelige-vilkar.pdf""]}, {""path"": ""catalog/sources/vehicle-extensions/gjensidige-Campingvogn-Pluss-alminnelige-vilkar.pdf"", ""sha256"": ""129827ede6156025a74dae49392e2744eebff0d0e42a30a08e9b1449859365ca"", ""manifest"": [{""manifest"": ""catalog/sources/vehicle-extensions/manifest.json"", ""urls"": [""https://www.gjensidige.no/files/privat/vilkar/kjoretoy/Campingvogn-Pluss-alminnelige-vilkar.pdf""], ""resolvedUrl"": ""https://www.gjensidige.no/files/privat/vilkar/kjoretoy/Campingvogn-Pluss-alminnelige-vilkar.pdf"", ""providerId"": ""gjensidige"", ""filename"": ""gjensidige-Campingvogn-Pluss-alminnelige-vilkar.pdf"", ""documentType"": ""terms"", ""documentNumber"": null, ""version"": null, ""validFrom"": null, ""replacesVersion"": null, ""retrievedAt"": ""2026-09-23"", ""sha256"": ""129827ede6156025a74dae49392e2744eebff0d0e42a30a08e9b1449859365ca"", ""validity"": ""current_link_date_unknown"", ""documentName"": ""Nyheter og endringerForsikringsoversikt Forsikringsbevis Fellesdekninger / Generelle vilkårErstatningsregler Fristforåme"", ""pages"": 9, ""components"": [], ""catalogUsage"": [{""providerId"": ""gjensidige"", ""insuranceType"": ""Campingvogn"", ""productId"": ""gjensidige-campingvogn-pluss"", ""factKey"": ""campingvogn.brann.dekning"", ""page"": 3, ""section"": ""Hvilke skader""}, {""providerId"": ""gjensidige"", ""insuranceType"": ""Campingvogn"", ""productId"": ""gjensidige-campingvogn-pluss"", ""factKey"": ""campingvogn.tyveri.dekning"", ""page"": 3, ""section"": ""Hvilke skader""}, {""providerId"": ""gjensidige"", ""insuranceType"": ""Campingvogn"", ""productId"": ""gjensidige-campingvogn-pluss"", ""factKey"": ""campingvogn.kasko.dekning"", ""page"": 3, ""section"": ""Hvilke skader""}, {""providerId"": ""gjensidige"", ""insuranceType"": ""Campingvogn"", ""productId"": ""gjensidige-campingvogn-pluss"", ""factKey"": ""campingvogn.glass.dekning"", ""page"": 3, ""section"": ""Hvilke skader/utgifter""}, {""providerId"": ""gjensidige"", ""insuranceType"": ""Campingvogn"", ""productId"": ""gjensidige-campingvogn-pluss"", ""factKey"": ""campingvogn.redning.dekning"", ""page"": 3, ""section"": ""Hvilke skader/utgifter""}, {""providerId"": ""gjensidige"", ""insuranceType"": ""Campingvogn"", ""productId"": ""gjensidige-campingvogn-pluss"", ""factKey"": ""campingvogn.avtale.geografi"", ""page"": 3, ""section"": ""Hvor gjelder forsikringen""}, {""providerId"": ""gjensidige"", ""insuranceType"": ""Campingvogn"", ""productId"": ""gjensidige-campingvogn-pluss"", ""factKey"": ""campingvogn.fortelt.begrensning"", ""page"": 3, ""section"": ""Hva er forsikret""}, {""providerId"": ""gjensidige"", ""insuranceType"": ""Campingvogn"", ""productId"": ""gjensidige-campingvogn-pluss"", ""factKey"": ""campingvogn.skadedyr.dekning"", ""page"": 3, ""section"": ""Hvilke skader""}, {""providerId"": ""gjensidige"", ""insuranceType"": ""Campingvogn"", ""productId"": ""gjensidige-campingvogn-pluss"", ""factKey"": ""campingvogn.fukt.dekning"", ""page"": 3, ""section"": ""Pluss""}, {""providerId"": ""gjensidige"", ""insuranceType"": ""Campingvogn"", ""productId"": ""gjensidige-campingvogn-pluss"", ""factKey"": ""campingvogn.ferie.dekning"", ""page"": 3, ""section"": ""Pluss""}, {""providerId"": ""gjensidige"", ""insuranceType"": ""Campingvogn"", ""productId"": ""gjensidige-campingvogn-pluss"", ""factKey"": ""campingvogn.fukt.alder"", ""page"": 3, ""section"": ""Fuktskader""}, {""providerId"": ""gjensidige"", ""insuranceType"": ""Campingvogn"", ""productId"": ""gjensidige-campingvogn-pluss"", ""factKey"": ""campingvogn.fukt.begrensning"", ""page"": 3, ""section"": ""Fuktskader""}, {""providerId"": ""gjensidige"", ""insuranceType"": ""Campingvogn"", ""productId"": ""gjensidige-campingvogn-pluss"", ""factKey"": ""campingvogn.ferie.grense"", ""page"": 4, ""section"": ""Feriegaranti""}]}], ""runtime_source_ids"": [""vehicle:gjensidige-Campingvogn-Pluss-alminnelige-vilkar.pdf""]}]",Do not pick a value or inclusive boundary; preserve exact uncertainty until dated applicability is established.
SC-030,SOURCE_CONFLICT_REVIEW_REQUIRED,OPEN_RETAINED,SR-028,gjensidige,Campingvogn,Campingvogn geografiske produktvalg,FullmobileEurope/fixedNorgeSverigeDanmarkFinland;IPIDEuropeexclKosovoRussiaBelarusnotfixedsubscope. CannotinferIPIDbroadensfixedterritory.,"[{""path"": ""catalog/sources/vehicle-extensions/gjensidige-MOT07.pdf"", ""sha256"": ""eedf3286cee2c73f0cb6a5f0eaadd9233b527625c1e2d2a763aa2d11b35d20e7"", ""manifest"": [{""manifest"": ""catalog/sources/vehicle-extensions/manifest.json"", ""urls"": [""https://www.gjensidige.no/ipid/gfno/MOT07""], ""resolvedUrl"": ""https://www.gjensidige.no/ipid/gfno/MOT07"", ""providerId"": ""gjensidige"", ""filename"": ""gjensidige-MOT07.pdf"", ""documentType"": ""ipid"", ""documentNumber"": null, ""version"": null, ""validFrom"": null, ""replacesVersion"": null, ""retrievedAt"": ""2026-09-23"", ""sha256"": ""eedf3286cee2c73f0cb6a5f0eaadd9233b527625c1e2d2a763aa2d11b35d20e7"", ""validity"": ""current_link_date_unknown"", ""documentName"": ""Dokument med informasjon om forsikringsproduktetSelskap: Gjensidige Forsikring ASAProdukt: Se forsikringsbevis og vilkår"", ""pages"": 2, ""components"": [], ""catalogUsage"": []}], ""runtime_source_ids"": [""vehicle:gjensidige-MOT07.pdf""]}, {""path"": ""catalog/sources/vehicle-extensions/gjensidige-campingvognforsikring.html"", ""sha256"": ""4f30c8c2a2dabd6425c61bba12513a824c6a2ac4d24a206a261d4f45b3c278a8"", ""manifest"": [{""manifest"": ""catalog/sources/vehicle-extensions/manifest.json"", ""urls"": [""https://www.gjensidige.no/forsikring/kjoretoy/campingvognforsikring""], ""resolvedUrl"": ""https://www.gjensidige.no/forsikring/kjoretoy/campingvognforsikring"", ""providerId"": ""gjensidige"", ""filename"": ""gjensidige-campingvognforsikring.html"", ""documentType"": ""product_page"", ""documentNumber"": null, ""version"": null, ""validFrom"": null, ""replacesVersion"": null, ""retrievedAt"": ""2026-09-23"", ""sha256"": ""4f30c8c2a2dabd6425c61bba12513a824c6a2ac4d24a206a261d4f45b3c278a8"", ""validity"": ""current_link_date_unknown"", ""documentName"": ""gjensidige-campingvognforsikring.html"", ""catalogUsage"": []}], ""runtime_source_ids"": [""vehicle:gjensidige-campingvognforsikring.html""]}, {""path"": ""catalog/sources/vehicle-extensions/gjensidige-Campingvogn-Delkasko-alminnelige-vilkar.pdf"", ""sha256"": ""aac62443966b522b04903f765eb31376b8a48cddd39d14781d447bcaa82677de"", ""manifest"": [{""manifest"": ""catalog/sources/vehicle-extensions/manifest.json"", ""urls"": [""https://www.gjensidige.no/files/privat/vilkar/kjoretoy/Campingvogn-Delkasko-alminnelige-vilkar.pdf""], ""resolvedUrl"": ""https://www.gjensidige.no/files/privat/vilkar/kjoretoy/Campingvogn-Delkasko-alminnelige-vilkar.pdf"", ""providerId"": ""gjensidige"", ""filename"": ""gjensidige-Campingvogn-Delkasko-alminnelige-vilkar.pdf"", ""documentType"": ""terms"", ""documentNumber"": null, ""version"": null, ""validFrom"": null, ""replacesVersion"": null, ""retrievedAt"": ""2026-09-23"", ""sha256"": ""aac62443966b522b04903f765eb31376b8a48cddd39d14781d447bcaa82677de"", ""validity"": ""current_link_date_unknown"", ""documentName"": ""Nyheter og endringerForsikringsoversikt Forsikringsbevis Fellesdekninger / Generelle vilkårErstatningsregler Fristforåme"", ""pages"": 8, ""components"": [], ""catalogUsage"": [{""providerId"": ""gjensidige"", ""insuranceType"": ""Campingvogn"", ""productId"": ""gjensidige-campingvogn-delkasko"", ""factKey"": ""campingvogn.brann.dekning"", ""page"": 3, ""section"": ""Hvilke skader""}, {""providerId"": ""gjensidige"", ""insuranceType"": ""Campingvogn"", ""productId"": ""gjensidige-campingvogn-delkasko"", ""factKey"": ""campingvogn.tyveri.dekning"", ""page"": 3, ""section"": ""Hvilke skader""}, {""providerId"": ""gjensidige"", ""insuranceType"": ""Campingvogn"", ""productId"": ""gjensidige-campingvogn-delkasko"", ""factKey"": ""campingvogn.glass.dekning"", ""page"": 3, ""section"": ""Hvilke skader/utgifter""}, {""providerId"": ""gjensidige"", ""insuranceType"": ""Campingvogn"", ""productId"": ""gjensidige-campingvogn-delkasko"", ""factKey"": ""campingvogn.redning.dekning"", ""page"": 3, ""section"": ""Hvilke skader/utgifter""}, {""providerId"": ""gjensidige"", ""insuranceType"": ""Campingvogn"", ""productId"": ""gjensidige-campingvogn-delkasko"", ""factKey"": ""campingvogn.avtale.geografi"", ""page"": 3, ""section"": ""Hvor gjelder forsikringen""}, {""providerId"": ""gjensidige"", ""insuranceType"": ""Campingvogn"", ""productId"": ""gjensidige-campingvogn-delkasko"", ""factKey"": ""campingvogn.fortelt.begrensning"", ""page"": 3, ""section"": ""Hva er forsikret""}]}], ""runtime_source_ids"": [""vehicle:gjensidige-Campingvogn-Delkasko-alminnelige-vilkar.pdf""]}, {""path"": ""catalog/sources/vehicle-extensions/gjensidige-Campingvogn-Kasko-alminnelige-vilkar.pdf"", ""sha256"": ""fb61c6696cbf3a12067cef1b71f73b6562c37495151268fe769d4520b7ac4194"", ""manifest"": [{""manifest"": ""catalog/sources/vehicle-extensions/manifest.json"", ""urls"": [""https://www.gjensidige.no/files/privat/vilkar/kjoretoy/Campingvogn-Kasko-alminnelige-vilkar.pdf""], ""resolvedUrl"": ""https://www.gjensidige.no/files/privat/vilkar/kjoretoy/Campingvogn-Kasko-alminnelige-vilkar.pdf"", ""providerId"": ""gjensidige"", ""filename"": ""gjensidige-Campingvogn-Kasko-alminnelige-vilkar.pdf"", ""documentType"": ""terms"", ""documentNumber"": null, ""version"": null, ""validFrom"": null, ""replacesVersion"": null, ""retrievedAt"": ""2026-09-23"", ""sha256"": ""fb61c6696cbf3a12067cef1b71f73b6562c37495151268fe769d4520b7ac4194"", ""validity"": ""current_link_date_unknown"", ""documentName"": ""Nyheter og endringerForsikringsoversikt Forsikringsbevis Fellesdekninger / Generelle vilkårErstatningsregler Fristforåme"", ""pages"": 9, ""components"": [], ""catalogUsage"": [{""providerId"": ""gjensidige"", ""insuranceType"": ""Campingvogn"", ""productId"": ""gjensidige-campingvogn-kasko"", ""factKey"": ""campingvogn.brann.dekning"", ""page"": 3, ""section"": ""Hvilke skader""}, {""providerId"": ""gjensidige"", ""insuranceType"": ""Campingvogn"", ""productId"": ""gjensidige-campingvogn-kasko"", ""factKey"": ""campingvogn.tyveri.dekning"", ""page"": 3, ""section"": ""Hvilke skader""}, {""providerId"": ""gjensidige"", ""insuranceType"": ""Campingvogn"", ""productId"": ""gjensidige-campingvogn-kasko"", ""factKey"": ""campingvogn.kasko.dekning"", ""page"": 3, ""section"": ""Hvilke skader""}, {""providerId"": ""gjensidige"", ""insuranceType"": ""Campingvogn"", ""productId"": ""gjensidige-campingvogn-kasko"", ""factKey"": ""campingvogn.glass.dekning"", ""page"": 3, ""section"": ""Hvilke skader/utgifter""}, {""providerId"": ""gjensidige"", ""insuranceType"": ""Campingvogn"", ""productId"": ""gjensidige-campingvogn-kasko"", ""factKey"": ""campingvogn.redning.dekning"", ""page"": 3, ""section"": ""Hvilke skader/utgifter""}, {""providerId"": ""gjensidige"", ""insuranceType"": ""Campingvogn"", ""productId"": ""gjensidige-campingvogn-kasko"", ""factKey"": ""campingvogn.avtale.geografi"", ""page"": 3, ""section"": ""Hvor gjelder forsikringen""}, {""providerId"": ""gjensidige"", ""insuranceType"": ""Campingvogn"", ""productId"": ""gjensidige-campingvogn-kasko"", ""factKey"": ""campingvogn.fortelt.begrensning"", ""page"": 3, ""section"": ""Hva er forsikret""}, {""providerId"": ""gjensidige"", ""insuranceType"": ""Campingvogn"", ""productId"": ""gjensidige-campingvogn-kasko"", ""factKey"": ""campingvogn.skadedyr.dekning"", ""page"": 3, ""section"": ""Hvilke skader""}]}], ""runtime_source_ids"": [""vehicle:gjensidige-Campingvogn-Kasko-alminnelige-vilkar.pdf""]}, {""path"": ""catalog/sources/vehicle-extensions/gjensidige-Campingvogn-Pluss-alminnelige-vilkar.pdf"", ""sha256"": ""129827ede6156025a74dae49392e2744eebff0d0e42a30a08e9b1449859365ca"", ""manifest"": [{""manifest"": ""catalog/sources/vehicle-extensions/manifest.json"", ""urls"": [""https://www.gjensidige.no/files/privat/vilkar/kjoretoy/Campingvogn-Pluss-alminnelige-vilkar.pdf""], ""resolvedUrl"": ""https://www.gjensidige.no/files/privat/vilkar/kjoretoy/Campingvogn-Pluss-alminnelige-vilkar.pdf"", ""providerId"": ""gjensidige"", ""filename"": ""gjensidige-Campingvogn-Pluss-alminnelige-vilkar.pdf"", ""documentType"": ""terms"", ""documentNumber"": null, ""version"": null, ""validFrom"": null, ""replacesVersion"": null, ""retrievedAt"": ""2026-09-23"", ""sha256"": ""129827ede6156025a74dae49392e2744eebff0d0e42a30a08e9b1449859365ca"", ""validity"": ""current_link_date_unknown"", ""documentName"": ""Nyheter og endringerForsikringsoversikt Forsikringsbevis Fellesdekninger / Generelle vilkårErstatningsregler Fristforåme"", ""pages"": 9, ""components"": [], ""catalogUsage"": [{""providerId"": ""gjensidige"", ""insuranceType"": ""Campingvogn"", ""productId"": ""gjensidige-campingvogn-pluss"", ""factKey"": ""campingvogn.brann.dekning"", ""page"": 3, ""section"": ""Hvilke skader""}, {""providerId"": ""gjensidige"", ""insuranceType"": ""Campingvogn"", ""productId"": ""gjensidige-campingvogn-pluss"", ""factKey"": ""campingvogn.tyveri.dekning"", ""page"": 3, ""section"": ""Hvilke skader""}, {""providerId"": ""gjensidige"", ""insuranceType"": ""Campingvogn"", ""productId"": ""gjensidige-campingvogn-pluss"", ""factKey"": ""campingvogn.kasko.dekning"", ""page"": 3, ""section"": ""Hvilke skader""}, {""providerId"": ""gjensidige"", ""insuranceType"": ""Campingvogn"", ""productId"": ""gjensidige-campingvogn-pluss"", ""factKey"": ""campingvogn.glass.dekning"", ""page"": 3, ""section"": ""Hvilke skader/utgifter""}, {""providerId"": ""gjensidige"", ""insuranceType"": ""Campingvogn"", ""productId"": ""gjensidige-campingvogn-pluss"", ""factKey"": ""campingvogn.redning.dekning"", ""page"": 3, ""section"": ""Hvilke skader/utgifter""}, {""providerId"": ""gjensidige"", ""insuranceType"": ""Campingvogn"", ""productId"": ""gjensidige-campingvogn-pluss"", ""factKey"": ""campingvogn.avtale.geografi"", ""page"": 3, ""section"": ""Hvor gjelder forsikringen""}, {""providerId"": ""gjensidige"", ""insuranceType"": ""Campingvogn"", ""productId"": ""gjensidige-campingvogn-pluss"", ""factKey"": ""campingvogn.fortelt.begrensning"", ""page"": 3, ""section"": ""Hva er forsikret""}, {""providerId"": ""gjensidige"", ""insuranceType"": ""Campingvogn"", ""productId"": ""gjensidige-campingvogn-pluss"", ""factKey"": ""campingvogn.skadedyr.dekning"", ""page"": 3, ""section"": ""Hvilke skader""}, {""providerId"": ""gjensidige"", ""insuranceType"": ""Campingvogn"", ""productId"": ""gjensidige-campingvogn-pluss"", ""factKey"": ""campingvogn.fukt.dekning"", ""page"": 3, ""section"": ""Pluss""}, {""providerId"": ""gjensidige"", ""insuranceType"": ""Campingvogn"", ""productId"": ""gjensidige-campingvogn-pluss"", ""factKey"": ""campingvogn.ferie.dekning"", ""page"": 3, ""section"": ""Pluss""}, {""providerId"": ""gjensidige"", ""insuranceType"": ""Campingvogn"", ""productId"": ""gjensidige-campingvogn-pluss"", ""factKey"": ""campingvogn.fukt.alder"", ""page"": 3, ""section"": ""Fuktskader""}, {""providerId"": ""gjensidige"", ""insuranceType"": ""Campingvogn"", ""productId"": ""gjensidige-campingvogn-pluss"", ""factKey"": ""campingvogn.fukt.begrensning"", ""page"": 3, ""section"": ""Fuktskader""}, {""providerId"": ""gjensidige"", ""insuranceType"": ""Campingvogn"", ""productId"": ""gjensidige-campingvogn-pluss"", ""factKey"": ""campingvogn.ferie.grense"", ""page"": 4, ""section"": ""Feriegaranti""}]}], ""runtime_source_ids"": [""vehicle:gjensidige-Campingvogn-Pluss-alminnelige-vilkar.pdf""]}]",Do not pick a value or inclusive boundary; preserve exact uncertainty until dated applicability is established.
SC-031,SOURCE_CONFLICT_REVIEW_REQUIRED,OPEN_RETAINED,SR-023,gjensidige,Båt,Båt motoraldersgrense,PlussPDF1førstehovedforfallafter10;PDF4over10excluded;IPID/webto10. Exactageboundaryconflict.,"[{""path"": ""catalog/sources/boat-pet/gjensidige-boat-delkasko-terms.pdf"", ""sha256"": ""c957957adc960efefaf50717d1e85bd186297fad9e5cf21d014f08f330752233"", ""manifest"": [{""manifest"": ""catalog/sources/boat-pet/manifest.json"", ""providerId"": ""gjensidige"", ""filename"": ""gjensidige-boat-delkasko-terms.pdf"", ""insuranceTypes"": [""båt""], ""agreementScope"": ""ordinary"", ""documentType"": ""full_terms"", ""sha256"": ""c957957adc960efefaf50717d1e85bd186297fad9e5cf21d014f08f330752233"", ""url"": ""https://www.gjensidige.no/forsikring/batforsikring"", ""retrievedAt"": ""2026-09-29"", ""localPath"": ""catalog/sources/boat-pet/gjensidige-boat-delkasko-terms.pdf"", ""publicOfficialArtifact"": true}], ""runtime_source_ids"": []}, {""path"": ""catalog/sources/boat-pet/gjensidige-boat-kasko-terms.pdf"", ""sha256"": ""efff0f6c28d758d9e8d707ce698394d8173c5892541aaa0f26ff2a9f4a03742e"", ""manifest"": [{""manifest"": ""catalog/sources/boat-pet/manifest.json"", ""providerId"": ""gjensidige"", ""filename"": ""gjensidige-boat-kasko-terms.pdf"", ""insuranceTypes"": [""båt""], ""agreementScope"": ""ordinary"", ""documentType"": ""full_terms"", ""sha256"": ""efff0f6c28d758d9e8d707ce698394d8173c5892541aaa0f26ff2a9f4a03742e"", ""url"": ""https://www.gjensidige.no/forsikring/batforsikring"", ""retrievedAt"": ""2026-09-29"", ""localPath"": ""catalog/sources/boat-pet/gjensidige-boat-kasko-terms.pdf"", ""publicOfficialArtifact"": true}], ""runtime_source_ids"": []}, {""path"": ""catalog/sources/boat-pet/gjensidige-boat-plus-terms.pdf"", ""sha256"": ""1f0a4130b2b6ce03404b71bf301f8efdb70c01005b3f96d017116018bf7eb6ae"", ""manifest"": [{""manifest"": ""catalog/sources/boat-pet/manifest.json"", ""providerId"": ""gjensidige"", ""filename"": ""gjensidige-boat-plus-terms.pdf"", ""insuranceTypes"": [""båt""], ""agreementScope"": ""ordinary"", ""documentType"": ""full_terms"", ""sha256"": ""1f0a4130b2b6ce03404b71bf301f8efdb70c01005b3f96d017116018bf7eb6ae"", ""url"": ""https://www.gjensidige.no/forsikring/batforsikring"", ""retrievedAt"": ""2026-09-29"", ""localPath"": ""catalog/sources/boat-pet/gjensidige-boat-plus-terms.pdf"", ""publicOfficialArtifact"": true}], ""runtime_source_ids"": []}, {""path"": ""catalog/sources/boat-pet/gjensidige-boat-product.html"", ""sha256"": ""b4f3e8ed47940f63368f6f084e3dd213569c11dfba016a0bf72eeb48b0cc2c77"", ""manifest"": [{""manifest"": ""catalog/sources/boat-pet/manifest.json"", ""providerId"": ""gjensidige"", ""filename"": ""gjensidige-boat-product.html"", ""insuranceTypes"": [""båt""], ""agreementScope"": ""ordinary"", ""documentType"": ""product_page"", ""sha256"": ""b4f3e8ed47940f63368f6f084e3dd213569c11dfba016a0bf72eeb48b0cc2c77"", ""url"": ""https://www.gjensidige.no/forsikring/batforsikring"", ""retrievedAt"": ""2026-09-29"", ""localPath"": ""catalog/sources/boat-pet/gjensidige-boat-product.html"", ""publicOfficialArtifact"": true}], ""runtime_source_ids"": []}]",Do not pick a value or inclusive boundary; preserve exact uncertainty until dated applicability is established.
SC-032,SOURCE_CONFLICT_REVIEW_REQUIRED,OPEN_RETAINED,SR-023,gjensidige,Båt,Båt rettshjelpegenandel,Fulllegal4k20%/0Mekle;webAnsvarogrettshjelp0intheEgenandelsectionbut4k20%incoverageoverview. Do notunconditionallyzero.,"[{""path"": ""catalog/sources/boat-pet/gjensidige-boat-delkasko-terms.pdf"", ""sha256"": ""c957957adc960efefaf50717d1e85bd186297fad9e5cf21d014f08f330752233"", ""manifest"": [{""manifest"": ""catalog/sources/boat-pet/manifest.json"", ""providerId"": ""gjensidige"", ""filename"": ""gjensidige-boat-delkasko-terms.pdf"", ""insuranceTypes"": [""båt""], ""agreementScope"": ""ordinary"", ""documentType"": ""full_terms"", ""sha256"": ""c957957adc960efefaf50717d1e85bd186297fad9e5cf21d014f08f330752233"", ""url"": ""https://www.gjensidige.no/forsikring/batforsikring"", ""retrievedAt"": ""2026-09-29"", ""localPath"": ""catalog/sources/boat-pet/gjensidige-boat-delkasko-terms.pdf"", ""publicOfficialArtifact"": true}], ""runtime_source_ids"": []}, {""path"": ""catalog/sources/boat-pet/gjensidige-boat-kasko-terms.pdf"", ""sha256"": ""efff0f6c28d758d9e8d707ce698394d8173c5892541aaa0f26ff2a9f4a03742e"", ""manifest"": [{""manifest"": ""catalog/sources/boat-pet/manifest.json"", ""providerId"": ""gjensidige"", ""filename"": ""gjensidige-boat-kasko-terms.pdf"", ""insuranceTypes"": [""båt""], ""agreementScope"": ""ordinary"", ""documentType"": ""full_terms"", ""sha256"": ""efff0f6c28d758d9e8d707ce698394d8173c5892541aaa0f26ff2a9f4a03742e"", ""url"": ""https://www.gjensidige.no/forsikring/batforsikring"", ""retrievedAt"": ""2026-09-29"", ""localPath"": ""catalog/sources/boat-pet/gjensidige-boat-kasko-terms.pdf"", ""publicOfficialArtifact"": true}], ""runtime_source_ids"": []}, {""path"": ""catalog/sources/boat-pet/gjensidige-boat-plus-terms.pdf"", ""sha256"": ""1f0a4130b2b6ce03404b71bf301f8efdb70c01005b3f96d017116018bf7eb6ae"", ""manifest"": [{""manifest"": ""catalog/sources/boat-pet/manifest.json"", ""providerId"": ""gjensidige"", ""filename"": ""gjensidige-boat-plus-terms.pdf"", ""insuranceTypes"": [""båt""], ""agreementScope"": ""ordinary"", ""documentType"": ""full_terms"", ""sha256"": ""1f0a4130b2b6ce03404b71bf301f8efdb70c01005b3f96d017116018bf7eb6ae"", ""url"": ""https://www.gjensidige.no/forsikring/batforsikring"", ""retrievedAt"": ""2026-09-29"", ""localPath"": ""catalog/sources/boat-pet/gjensidige-boat-plus-terms.pdf"", ""publicOfficialArtifact"": true}], ""runtime_source_ids"": []}, {""path"": ""catalog/sources/boat-pet/gjensidige-boat-product.html"", ""sha256"": ""b4f3e8ed47940f63368f6f084e3dd213569c11dfba016a0bf72eeb48b0cc2c77"", ""manifest"": [{""manifest"": ""catalog/sources/boat-pet/manifest.json"", ""providerId"": ""gjensidige"", ""filename"": ""gjensidige-boat-product.html"", ""insuranceTypes"": [""båt""], ""agreementScope"": ""ordinary"", ""documentType"": ""product_page"", ""sha256"": ""b4f3e8ed47940f63368f6f084e3dd213569c11dfba016a0bf72eeb48b0cc2c77"", ""url"": ""https://www.gjensidige.no/forsikring/batforsikring"", ""retrievedAt"": ""2026-09-29"", ""localPath"": ""catalog/sources/boat-pet/gjensidige-boat-product.html"", ""publicOfficialArtifact"": true}], ""runtime_source_ids"": []}]",Do not pick a value or inclusive boundary; preserve exact uncertainty until dated applicability is established.
SC-033,SOURCE_CONFLICT_REVIEW_REQUIRED,OPEN_RETAINED,SR-033,gjensidige,Båt,Båt rettshjelpHTU,Fulllegalpositive15kHTUandlaterexclusion; boat-specificapplicabilitylow/unclear. Noautomaticnewcoverage.,"[{""path"": ""catalog/sources/boat-pet/gjensidige-boat-delkasko-terms.pdf"", ""sha256"": ""c957957adc960efefaf50717d1e85bd186297fad9e5cf21d014f08f330752233"", ""manifest"": [{""manifest"": ""catalog/sources/boat-pet/manifest.json"", ""providerId"": ""gjensidige"", ""filename"": ""gjensidige-boat-delkasko-terms.pdf"", ""insuranceTypes"": [""båt""], ""agreementScope"": ""ordinary"", ""documentType"": ""full_terms"", ""sha256"": ""c957957adc960efefaf50717d1e85bd186297fad9e5cf21d014f08f330752233"", ""url"": ""https://www.gjensidige.no/forsikring/batforsikring"", ""retrievedAt"": ""2026-09-29"", ""localPath"": ""catalog/sources/boat-pet/gjensidige-boat-delkasko-terms.pdf"", ""publicOfficialArtifact"": true}], ""runtime_source_ids"": []}, {""path"": ""catalog/sources/boat-pet/gjensidige-boat-kasko-terms.pdf"", ""sha256"": ""efff0f6c28d758d9e8d707ce698394d8173c5892541aaa0f26ff2a9f4a03742e"", ""manifest"": [{""manifest"": ""catalog/sources/boat-pet/manifest.json"", ""providerId"": ""gjensidige"", ""filename"": ""gjensidige-boat-kasko-terms.pdf"", ""insuranceTypes"": [""båt""], ""agreementScope"": ""ordinary"", ""documentType"": ""full_terms"", ""sha256"": ""efff0f6c28d758d9e8d707ce698394d8173c5892541aaa0f26ff2a9f4a03742e"", ""url"": ""https://www.gjensidige.no/forsikring/batforsikring"", ""retrievedAt"": ""2026-09-29"", ""localPath"": ""catalog/sources/boat-pet/gjensidige-boat-kasko-terms.pdf"", ""publicOfficialArtifact"": true}], ""runtime_source_ids"": []}, {""path"": ""catalog/sources/boat-pet/gjensidige-boat-plus-terms.pdf"", ""sha256"": ""1f0a4130b2b6ce03404b71bf301f8efdb70c01005b3f96d017116018bf7eb6ae"", ""manifest"": [{""manifest"": ""catalog/sources/boat-pet/manifest.json"", ""providerId"": ""gjensidige"", ""filename"": ""gjensidige-boat-plus-terms.pdf"", ""insuranceTypes"": [""båt""], ""agreementScope"": ""ordinary"", ""documentType"": ""full_terms"", ""sha256"": ""1f0a4130b2b6ce03404b71bf301f8efdb70c01005b3f96d017116018bf7eb6ae"", ""url"": ""https://www.gjensidige.no/forsikring/batforsikring"", ""retrievedAt"": ""2026-09-29"", ""localPath"": ""catalog/sources/boat-pet/gjensidige-boat-plus-terms.pdf"", ""publicOfficialArtifact"": true}], ""runtime_source_ids"": []}, {""path"": ""catalog/sources/boat-pet/gjensidige-boat-product.html"", ""sha256"": ""b4f3e8ed47940f63368f6f084e3dd213569c11dfba016a0bf72eeb48b0cc2c77"", ""manifest"": [{""manifest"": ""catalog/sources/boat-pet/manifest.json"", ""providerId"": ""gjensidige"", ""filename"": ""gjensidige-boat-product.html"", ""insuranceTypes"": [""båt""], ""agreementScope"": ""ordinary"", ""documentType"": ""product_page"", ""sha256"": ""b4f3e8ed47940f63368f6f084e3dd213569c11dfba016a0bf72eeb48b0cc2c77"", ""url"": ""https://www.gjensidige.no/forsikring/batforsikring"", ""retrievedAt"": ""2026-09-29"", ""localPath"": ""catalog/sources/boat-pet/gjensidige-boat-product.html"", ""publicOfficialArtifact"": true}], ""runtime_source_ids"": []}]",Do not pick a value or inclusive boundary; preserve exact uncertainty until dated applicability is established.
SC-034,SOURCE_CONFLICT_REVIEW_REQUIRED,OPEN_RETAINED,SR-031,gjensidige,Hund,Hund allergikarens,Web60daysallergy;fulldogterms/IPIDgeneric20daysandno60. Explicitwebqualificationexistsbutversionrelationunresolved.,"[{""path"": ""catalog/sources/boat-pet/gjensidige-dog-treatment-terms.pdf"", ""sha256"": ""8e62b121bdd630f1873803e2312150daa67186b52f744d3ab00f6d3c6de46cb6"", ""manifest"": [{""manifest"": ""catalog/sources/boat-pet/manifest.json"", ""providerId"": ""gjensidige"", ""filename"": ""gjensidige-dog-treatment-terms.pdf"", ""insuranceTypes"": [""hund""], ""agreementScope"": ""ordinary"", ""documentType"": ""full_terms"", ""sha256"": ""8e62b121bdd630f1873803e2312150daa67186b52f744d3ab00f6d3c6de46cb6"", ""url"": ""https://www.gjensidige.no/forsikring/dyreforsikring/hundeforsikring"", ""retrievedAt"": ""2026-09-29"", ""localPath"": ""catalog/sources/boat-pet/gjensidige-dog-treatment-terms.pdf"", ""publicOfficialArtifact"": true}], ""runtime_source_ids"": []}, {""path"": ""catalog/sources/boat-pet/gjensidige-dog-ipid.pdf"", ""sha256"": ""aa39107d5777e4f0a342918ef9e4ceba8828793665a3dc2eb41172107d1404ba"", ""manifest"": [{""manifest"": ""catalog/sources/boat-pet/manifest.json"", ""providerId"": ""gjensidige"", ""filename"": ""gjensidige-dog-ipid.pdf"", ""insuranceTypes"": [""hund""], ""agreementScope"": ""ordinary"", ""documentType"": ""ipid"", ""sha256"": ""aa39107d5777e4f0a342918ef9e4ceba8828793665a3dc2eb41172107d1404ba"", ""url"": ""https://www.gjensidige.no/forsikring/dyreforsikring/hundeforsikring"", ""retrievedAt"": ""2026-09-29"", ""localPath"": ""catalog/sources/boat-pet/gjensidige-dog-ipid.pdf"", ""publicOfficialArtifact"": true}], ""runtime_source_ids"": [""boat-pet:gjensidige:hund""]}, {""path"": ""catalog/sources/boat-pet/gjensidige-dog-product.html"", ""sha256"": ""fd3fcb6e6b69803bcf7fdaeec80802fab764f74a0f465e5fd5c063c2eed8db58"", ""manifest"": [{""manifest"": ""catalog/sources/boat-pet/manifest.json"", ""providerId"": ""gjensidige"", ""filename"": ""gjensidige-dog-product.html"", ""insuranceTypes"": [""hund""], ""agreementScope"": ""ordinary"", ""documentType"": ""product_page"", ""sha256"": ""fd3fcb6e6b69803bcf7fdaeec80802fab764f74a0f465e5fd5c063c2eed8db58"", ""url"": ""https://www.gjensidige.no/forsikring/dyreforsikring/hundeforsikring"", ""retrievedAt"": ""2026-09-29"", ""localPath"": ""catalog/sources/boat-pet/gjensidige-dog-product.html"", ""publicOfficialArtifact"": true}], ""runtime_source_ids"": []}]",Do not pick a value or inclusive boundary; preserve exact uncertainty until dated applicability is established.
SC-035,SOURCE_CONFLICT_REVIEW_REQUIRED,OPEN_RETAINED,SR-031,gjensidige,Hund,Hund fysikalsk versusrehabilitering,"Weblistsfysio/kiro/akupunkturinbaseandwaterrehaboptional;full2akupunktur,3rehab+fysikalskwithin5koptionaltemplate. Mustclarifyprecisetreatmentmodalitiesbeforecomponentrevision.","[{""path"": ""catalog/sources/boat-pet/gjensidige-dog-treatment-terms.pdf"", ""sha256"": ""8e62b121bdd630f1873803e2312150daa67186b52f744d3ab00f6d3c6de46cb6"", ""manifest"": [{""manifest"": ""catalog/sources/boat-pet/manifest.json"", ""providerId"": ""gjensidige"", ""filename"": ""gjensidige-dog-treatment-terms.pdf"", ""insuranceTypes"": [""hund""], ""agreementScope"": ""ordinary"", ""documentType"": ""full_terms"", ""sha256"": ""8e62b121bdd630f1873803e2312150daa67186b52f744d3ab00f6d3c6de46cb6"", ""url"": ""https://www.gjensidige.no/forsikring/dyreforsikring/hundeforsikring"", ""retrievedAt"": ""2026-09-29"", ""localPath"": ""catalog/sources/boat-pet/gjensidige-dog-treatment-terms.pdf"", ""publicOfficialArtifact"": true}], ""runtime_source_ids"": []}, {""path"": ""catalog/sources/boat-pet/gjensidige-dog-ipid.pdf"", ""sha256"": ""aa39107d5777e4f0a342918ef9e4ceba8828793665a3dc2eb41172107d1404ba"", ""manifest"": [{""manifest"": ""catalog/sources/boat-pet/manifest.json"", ""providerId"": ""gjensidige"", ""filename"": ""gjensidige-dog-ipid.pdf"", ""insuranceTypes"": [""hund""], ""agreementScope"": ""ordinary"", ""documentType"": ""ipid"", ""sha256"": ""aa39107d5777e4f0a342918ef9e4ceba8828793665a3dc2eb41172107d1404ba"", ""url"": ""https://www.gjensidige.no/forsikring/dyreforsikring/hundeforsikring"", ""retrievedAt"": ""2026-09-29"", ""localPath"": ""catalog/sources/boat-pet/gjensidige-dog-ipid.pdf"", ""publicOfficialArtifact"": true}], ""runtime_source_ids"": [""boat-pet:gjensidige:hund""]}, {""path"": ""catalog/sources/boat-pet/gjensidige-dog-product.html"", ""sha256"": ""fd3fcb6e6b69803bcf7fdaeec80802fab764f74a0f465e5fd5c063c2eed8db58"", ""manifest"": [{""manifest"": ""catalog/sources/boat-pet/manifest.json"", ""providerId"": ""gjensidige"", ""filename"": ""gjensidige-dog-product.html"", ""insuranceTypes"": [""hund""], ""agreementScope"": ""ordinary"", ""documentType"": ""product_page"", ""sha256"": ""fd3fcb6e6b69803bcf7fdaeec80802fab764f74a0f465e5fd5c063c2eed8db58"", ""url"": ""https://www.gjensidige.no/forsikring/dyreforsikring/hundeforsikring"", ""retrievedAt"": ""2026-09-29"", ""localPath"": ""catalog/sources/boat-pet/gjensidige-dog-product.html"", ""publicOfficialArtifact"": true}], ""runtime_source_ids"": []}]",Do not pick a value or inclusive boundary; preserve exact uncertainty until dated applicability is established.
SC-036,SOURCE_CONFLICT_REVIEW_REQUIRED,OPEN_RETAINED,SR-046,if,Bobil,Super nyverdi kilometer,"Sammewebintro100k, tabell60k; fullMOT4.11.1før60k. Katalog60k støttes av fullvilkår; nettsidekonflikt må likevel forklares.","[{""path"": ""catalog/sources/mc-bobil/if-bobil-product.html"", ""sha256"": ""6ab8554b61adb169ad925a551e4ca404f3edc3c0f3cd57d59ffabc8994a63623"", ""manifest"": [{""manifest"": ""catalog/sources/mc-bobil/tryg-if-manifest.json"", ""providerId"": ""if"", ""filename"": ""if-bobil-product.html"", ""url"": ""https://www.if.no/privat/forsikring/kjoretoy/bobilforsikring"", ""insuranceTypes"": [""bobil""], ""documentType"": ""product_page"", ""sha256"": ""6ab8554b61adb169ad925a551e4ca404f3edc3c0f3cd57d59ffabc8994a63623"", ""resolvedUrl"": ""https://www.if.no/privat/forsikring/kjoretoy/bobilforsikring"", ""retrievedAt"": ""2026-09-28"", ""agreementScope"": ""ordinary"", ""documentNumber"": null, ""version"": null, ""validFrom"": null, ""validity"": ""current_link_date_unknown"", ""localPath"": ""catalog/sources/mc-bobil/if-bobil-product.html"", ""reusedExistingArtifact"": false, ""catalogUsage"": [{""componentId"": ""if-bobil-motor-gir"", ""canonicalKeys"": [""maskinskade.kjopsalder"", ""maskinskade.kjopskm""]}], ""sourceIds"": [""mcb:if:bobil:if-bobil-product.html""]}], ""runtime_source_ids"": [""mcb:if:bobil:if-bobil-product.html""]}, {""path"": ""catalog/sources/vehicle-extensions/if-Vilkaar-4103ea25.pdf"", ""sha256"": ""57a0966a974bddc588454e8c829ad02543649c5e577c3fec5f804b8bf2d81987"", ""manifest"": [{""manifest"": ""catalog/sources/mc-bobil/tryg-if-manifest.json"", ""providerId"": ""if"", ""filename"": ""if-MOT2-2.pdf"", ""url"": ""https://if.no/apps/vilkarsbasendokument/Vilkaar?produkt=Kj%C3%B8ret%C3%B8yforsikring"", ""insuranceTypes"": [""mc"", ""bobil""], ""documentType"": ""terms"", ""sha256"": ""57a0966a974bddc588454e8c829ad02543649c5e577c3fec5f804b8bf2d81987"", ""resolvedUrl"": ""https://if.no/apps/vilkarsbasendokument/Vilkaar?produkt=Kj%C3%B8ret%C3%B8yforsikring"", ""retrievedAt"": ""2026-09-28"", ""agreementScope"": ""ordinary"", ""documentNumber"": ""MOT2-2"", ""version"": ""2024-03"", ""validFrom"": ""2024-03"", ""validity"": ""current_link_effective"", ""localPath"": ""catalog/sources/vehicle-extensions/if-Vilkaar-4103ea25.pdf"", ""reusedExistingArtifact"": true, ""pageCount"": 26, ""documentName"": ""Kjøretøyforsikring"", ""catalogUsage"": [{""componentId"": ""if-mc-ansvar"", ""canonicalKeys"": [""ansvar.dekning"", ""rettshjelp.dekning"", ""ulykke.dekning"", ""avtale.geografi"", ""rettshjelp.geografi"", ""rettshjelp.egenandel"", ""ulykke.omfang"", ""ulykke.invaliditet"", ""ulykke.dod""]}, {""componentId"": ""if-mc-delkasko"", ""canonicalKeys"": [""ansvar.dekning"", ""rettshjelp.dekning"", ""ulykke.dekning"", ""avtale.geografi"", ""rettshjelp.geografi"", ""rettshjelp.egenandel"", ""ulykke.omfang"", ""ulykke.invaliditet"", ""ulykke.dod"", ""utstyr.dekning"", ""utstyr.grense"", ""mc.bagasje.dekning"", ""mc.bagasje.grense"", ""brann.dekning"", ""brann.begrensning"", ""tyveri.dekning"", ""naturskade.dekning"", ""glass.dekning"", ""glass.begrensning"", ""veihjelp.dekning"", ""veihjelp.begrensning"", ""brann.egenandel"", ""tyveri.egenandel"", ""glass.egenandel"", ""glass.reparasjon.egenandel"", ""veihjelp.egenandel"", ""nyverdi.dekning"", ""nyverdi.alder"", ""nyverdi.km"", ""nyverdi.skadegrad"", ""nyverdi.begrensning""]}, {""componentId"": ""if-mc-kasko"", ""canonicalKeys"": [""ansvar.dekning"", ""rettshjelp.dekning"", ""ulykke.dekning"", ""avtale.geografi"", ""rettshjelp.geografi"", ""rettshjelp.egenandel"", ""ulykke.omfang"", ""ulykke.invaliditet"", ""ulykke.dod"", ""utstyr.dekning"", ""utstyr.grense"", ""mc.bagasje.dekning"", ""mc.bagasje.grense"", ""brann.dekning"", ""brann.begrensning"", ""tyveri.dekning"", ""naturskade.dekning"", ""glass.dekning"", ""glass.begrensning"", ""veihjelp.dekning"", ""veihjelp.begrensning"", ""brann.egenandel"", ""tyveri.egenandel"", ""glass.egenandel"", ""glass.reparasjon.egenandel"", ""veihjelp.egenandel"", ""nyverdi.dekning"", ""nyverdi.alder"", ""nyverdi.km"", ""nyverdi.skadegrad"", ""nyverdi.begrensning"", ""kasko.dekning"", ""kasko.egenandel""]}, {""componentId"": ""if-bobil-ansvar"", ""canonicalKeys"": [""ansvar.dekning"", ""rettshjelp.dekning"", ""ulykke.dekning"", ""avtale.geografi"", ""rettshjelp.geografi"", ""rettshjelp.egenandel"", ""ulykke.omfang"", ""ulykke.invaliditet"", ""ulykke.dod""]}, {""componentId"": ""if-bobil-delkasko"", ""canonicalKeys"": [""ansvar.dekning"", ""rettshjelp.dekning"", ""ulykke.dekning"", ""avtale.geografi"", ""rettshjelp.geografi"", ""rettshjelp.egenandel"", ""ulykke.omfang"", ""ulykke.invaliditet"", ""ulykke.dod"", ""utstyr.dekning"", ""utstyr.grense"", ""bobil.losore.dekning"", ""bobil.losore.grense"", ""brann.dekning"", ""brann.begrensning"", ""tyveri.dekning"", ""naturskade.dekning"", ""glass.dekning"", ""glass.begrensning"", ""veihjelp.dekning"", ""veihjelp.begrensning"", ""brann.egenandel"", ""tyveri.egenandel"", ""glass.egenandel"", ""glass.reparasjon.egenandel"", ""veihjelp.egenandel"", ""nyverdi.dekning"", ""nyverdi.alder"", ""nyverdi.km"", ""nyverdi.skadegrad"", ""nyverdi.begrensning""]}, {""componentId"": ""if-bobil-kasko"", ""canonicalKeys"": [""ansvar.dekning"", ""rettshjelp.dekning"", ""ulykke.dekning"", ""avtale.geografi"", ""rettshjelp.geografi"", ""rettshjelp.egenandel"", ""ulykke.omfang"", ""ulykke.invaliditet"", ""ulykke.dod"", ""utstyr.dekning"", ""utstyr.grense"", ""bobil.losore.dekning"", ""bobil.losore.grense"", ""brann.dekning"", ""brann.begrensning"", ""tyveri.dekning"", ""naturskade.dekning"", ""glass.dekning"", ""glass.begrensning"", ""veihjelp.dekning"", ""veihjelp.begrensning"", ""brann.egenandel"", ""tyveri.egenandel"", ""glass.egenandel"", ""glass.reparasjon.egenandel"", ""veihjelp.egenandel"", ""nyverdi.dekning"", ""nyverdi.alder"", ""nyverdi.km"", ""nyverdi.skadegrad"", ""nyverdi.begrensning"", ""kasko.dekning"", ""kasko.egenandel""]}, {""componentId"": ""if-bobil-super"", ""canonicalKeys"": [""ansvar.dekning"", ""rettshjelp.dekning"", ""ulykke.dekning"", ""avtale.geografi"", ""rettshjelp.geografi"", ""rettshjelp.egenandel"", ""ulykke.omfang"", ""ulykke.invaliditet"", ""ulykke.dod"", ""utstyr.dekning"", ""bobil.losore.dekning"", ""brann.dekning"", ""brann.begrensning"", ""tyveri.dekning"", ""naturskade.dekning"", ""glass.dekning"", ""glass.begrensning"", ""veihjelp.dekning"", ""veihjelp.begrensning"", ""brann.egenandel"", ""tyveri.egenandel"", ""glass.egenandel"", ""glass.reparasjon.egenandel"", ""veihjelp.egenandel"", ""nyverdi.dekning"", ""nyverdi.alder"", ""nyverdi.km"", ""nyverdi.skadegrad"", ""nyverdi.begrensning"", ""kasko.dekning"", ""kasko.egenandel"", ""nokkel.dekning"", ""nokkel.egenandel"", ""nokkel.grense"", ""feilfylling.dekning"", ""feilfylling.egenandel"", ""feilfylling.grense"", ""parkering.dekning"", ""parkering.grense"", ""parkering.egenandel"", ""parkering.bonus""]}, {""componentId"": ""if-bobil-leiebil"", ""canonicalKeys"": [""leiebil.dagsgrense"", ""leiebil.begrensning""]}, {""componentId"": ""if-bobil-motor-gir"", ""canonicalKeys"": [""maskinskade.km"", ""maskinskade.egenandel"", ""maskinskade.kilometerfradrag"", ""maskinskade.begrensning""]}], ""sourceIds"": [""mcb:if:mc:if-MOT2-2.pdf"", ""mcb:if:bobil:if-MOT2-2.pdf""]}, {""manifest"": ""catalog/sources/vehicle-extensions/manifest.json"", ""urls"": [""https://if.no/apps/vilkarsbasendokument/Vilkaar?produkt=Kj%C3%B8ret%C3%B8yforsikring""], ""resolvedUrl"": ""https://if.no/apps/vilkarsbasendokument/Vilkaar?produkt=Kj%C3%B8ret%C3%B8yforsikring"", ""providerId"": ""if"", ""filename"": ""if-Vilkaar-4103ea25.pdf"", ""documentType"": ""terms"", ""documentNumber"": ""MOT2-2"", ""version"": null, ""validFrom"": ""2024-03"", ""replacesVersion"": null, ""retrievedAt"": ""2026-09-23"", ""sha256"": ""57a0966a974bddc588454e8c829ad02543649c5e577c3fec5f804b8bf2d81987"", ""validity"": ""current_official_link"", ""documentName"": ""- - Kjøretøyforsikring 1/26 Innhold Oversikt over forsikringen .............................................."", ""pages"": 26, ""components"": [], ""catalogUsage"": [{""providerId"": ""if"", ""insuranceType"": ""Snøscooter"", ""productId"": ""if-snoscooter-ansvar"", ""factKey"": ""snoscooter.rettshjelp.dekning"", ""page"": 24, ""section"": ""12""}, {""providerId"": ""if"", ""insuranceType"": ""Snøscooter"", ""productId"": ""if-snoscooter-ansvar"", ""factKey"": ""snoscooter.ansvar.dekning"", ""page"": 4, ""section"": ""4.1 og 11""}, {""providerId"": ""if"", ""insuranceType"": ""Snøscooter"", ""productId"": ""if-snoscooter-ansvar"", ""factKey"": ""snoscooter.ulykke.dekning"", ""page"": 4, ""section"": ""4.1 og 11""}, {""providerId"": ""if"", ""insuranceType"": ""Snøscooter"", ""productId"": ""if-snoscooter-ansvar"", ""factKey"": ""snoscooter.rettshjelp.egenandel"", ""page"": 19, ""section"": ""8.5.2""}, {""providerId"": ""if"", ""insuranceType"": ""Snøscooter"", ""productId"": ""if-snoscooter-delkasko"", ""factKey"": ""snoscooter.rettshjelp.dekning"", ""page"": 24, ""section"": ""12""}, {""providerId"": ""if"", ""insuranceType"": ""Snøscooter"", ""productId"": ""if-snoscooter-delkasko"", ""factKey"": ""snoscooter.ansvar.dekning"", ""page"": 4, ""section"": ""4.1 og 11""}, {""providerId"": ""if"", ""insuranceType"": ""Snøscooter"", ""productId"": ""if-snoscooter-delkasko"", ""factKey"": ""snoscooter.ulykke.dekning"", ""page"": 4, ""section"": ""4.1 og 11""}, {""providerId"": ""if"", ""insuranceType"": ""Snøscooter"", ""productId"": ""if-snoscooter-delkasko"", ""factKey"": ""snoscooter.rettshjelp.egenandel"", ""page"": 19, ""section"": ""8.5.2""}, {""providerId"": ""if"", ""insuranceType"": ""Snøscooter"", ""productId"": ""if-snoscooter-delkasko"", ""factKey"": ""snoscooter.rettshjelp.dekning"", ""page"": 24, ""section"": ""12""}, {""providerId"": ""if"", ""insuranceType"": ""Snøscooter"", ""productId"": ""if-snoscooter-delkasko"", ""factKey"": ""snoscooter.ansvar.dekning"", ""page"": 4, ""section"": ""4.1 og 11""}, {""providerId"": ""if"", ""insuranceType"": ""Snøscooter"", ""productId"": ""if-snoscooter-delkasko"", ""factKey"": ""snoscooter.ulykke.dekning"", ""page"": 4, ""section"": ""4.1 og 11""}, {""providerId"": ""if"", ""insuranceType"": ""Snøscooter"", ""productId"": ""if-snoscooter-delkasko"", ""factKey"": ""snoscooter.brann.dekning"", ""page"": 4, ""section"": ""4.2–4.3""}, {""providerId"": ""if"", ""insuranceType"": ""Snøscooter"", ""productId"": ""if-snoscooter-delkasko"", ""factKey"": ""snoscooter.tyveri.dekning"", ""page"": 4, ""section"": ""4.2–4.3""}, {""providerId"": ""if"", ""insuranceType"": ""Snøscooter"", ""productId"": ""if-snoscooter-delkasko"", ""factKey"": ""snoscooter.brann.egenandel"", ""page"": 19, ""section"": ""8.5.3""}, {""providerId"": ""if"", ""insuranceType"": ""Snøscooter"", ""productId"": ""if-snoscooter-delkasko"", ""factKey"": ""snoscooter.tyveri.egenandel"", ""page"": 19, ""section"": ""8.5.3""}, {""providerId"": ""if"", ""insuranceType"": ""Snøscooter"", ""productId"": ""if-snoscooter-delkasko"", ""factKey"": ""snoscooter.rettshjelp.egenandel"", ""page"": 19, ""section"": ""8.5.2""}, {""providerId"": ""if"", ""insuranceType"": ""Snøscooter"", ""productId"": ""if-snoscooter-kasko"", ""factKey"": ""snoscooter.rettshjelp.dekning"", ""page"": 24, ""section"": ""12""}, {""providerId"": ""if"", ""insuranceType"": ""Snøscooter"", ""productId"": ""if-snoscooter-kasko"", ""factKey"": ""snoscooter.ansvar.dekning"", ""page"": 4, ""section"": ""4.1 og 11""}, {""providerId"": ""if"", ""insuranceType"": ""Snøscooter"", ""productId"": ""if-snoscooter-kasko"", ""factKey"": ""snoscooter.ulykke.dekning"", ""page"": 4, ""section"": ""4.1 og 11""}, {""providerId"": ""if"", ""insuranceType"": ""Snøscooter"", ""productId"": ""if-snoscooter-kasko"", ""factKey"": ""snoscooter.rettshjelp.egenandel"", ""page"": 19, ""section"": ""8.5.2""}, {""providerId"": ""if"", ""insuranceType"": ""Snøscooter"", ""productId"": ""if-snoscooter-kasko"", ""factKey"": ""snoscooter.rettshjelp.dekning"", ""page"": 24, ""section"": ""12""}, {""providerId"": ""if"", ""insuranceType"": ""Snøscooter"", ""productId"": ""if-snoscooter-kasko"", ""factKey"": ""snoscooter.ansvar.dekning"", ""page"": 4, ""section"": ""4.1 og 11""}, {""providerId"": ""if"", ""insuranceType"": ""Snøscooter"", ""productId"": ""if-snoscooter-kasko"", ""factKey"": ""snoscooter.ulykke.dekning"", ""page"": 4, ""section"": ""4.1 og 11""}, {""providerId"": ""if"", ""insuranceType"": ""Snøscooter"", ""productId"": ""if-snoscooter-kasko"", ""factKey"": ""snoscooter.brann.dekning"", ""page"": 4, ""section"": ""4.2–4.3""}, {""providerId"": ""if"", ""insuranceType"": ""Snøscooter"", ""productId"": ""if-snoscooter-kasko"", ""factKey"": ""snoscooter.tyveri.dekning"", ""page"": 4, ""section"": ""4.2–4.3""}, {""providerId"": ""if"", ""insuranceType"": ""Snøscooter"", ""productId"": ""if-snoscooter-kasko"", ""factKey"": ""snoscooter.brann.egenandel"", ""page"": 19, ""section"": ""8.5.3""}, {""providerId"": ""if"", ""insuranceType"": ""Snøscooter"", ""productId"": ""if-snoscooter-kasko"", ""factKey"": ""snoscooter.tyveri.egenandel"", ""page"": 19, ""section"": ""8.5.3""}, {""providerId"": ""if"", ""insuranceType"": ""Snøscooter"", ""productId"": ""if-snoscooter-kasko"", ""factKey"": ""snoscooter.rettshjelp.egenandel"", ""page"": 19, ""section"": ""8.5.2""}, {""providerId"": ""if"", ""insuranceType"": ""Snøscooter"", ""productId"": ""if-snoscooter-kasko"", ""factKey"": ""snoscooter.rettshjelp.dekning"", ""page"": 24, ""section"": ""12""}, {""providerId"": ""if"", ""insuranceType"": ""Snøscooter"", ""productId"": ""if-snoscooter-kasko"", ""factKey"": ""snoscooter.ansvar.dekning"", ""page"": 4, ""section"": ""4.1 og 11""}, {""providerId"": ""if"", ""insuranceType"": ""Snøscooter"", ""productId"": ""if-snoscooter-kasko"", ""factKey"": ""snoscooter.ulykke.dekning"", ""page"": 4, ""section"": ""4.1 og 11""}, {""providerId"": ""if"", ""insuranceType"": ""Snøscooter"", ""productId"": ""if-snoscooter-kasko"", ""factKey"": ""snoscooter.brann.dekning"", ""page"": 4, ""section"": ""4.2–4.3""}, {""providerId"": ""if"", ""insuranceType"": ""Snøscooter"", ""productId"": ""if-snoscooter-kasko"", ""factKey"": ""snoscooter.tyveri.dekning"", ""page"": 4, ""section"": ""4.2–4.3""}, {""providerId"": ""if"", ""insuranceType"": ""Snøscooter"", ""productId"": ""if-snoscooter-kasko"", ""factKey"": ""snoscooter.kasko.dekning"", ""page"": 6, ""section"": ""4.8""}, {""providerId"": ""if"", ""insuranceType"": ""Snøscooter"", ""productId"": ""if-snoscooter-kasko"", ""factKey"": ""snoscooter.brann.egenandel"", ""page"": 19, ""section"": ""8.5.3""}, {""providerId"": ""if"", ""insuranceType"": ""Snøscooter"", ""productId"": ""if-snoscooter-kasko"", ""factKey"": ""snoscooter.tyveri.egenandel"", ""page"": 19, ""section"": ""8.5.3""}, {""providerId"": ""if"", ""insuranceType"": ""Snøscooter"", ""productId"": ""if-snoscooter-kasko"", ""factKey"": ""snoscooter.rettshjelp.egenandel"", ""page"": 19, ""section"": ""8.5.2""}, {""providerId"": ""if"", ""insuranceType"": ""Campingvogn"", ""productId"": ""if-campingvogn-delkasko"", ""factKey"": ""campingvogn.rettshjelp.dekning"", ""page"": 24, ""section"": ""12""}, {""providerId"": ""if"", ""insuranceType"": ""Campingvogn"", ""productId"": ""if-campingvogn-delkasko"", ""factKey"": ""campingvogn.brann.dekning"", ""page"": 4, ""section"": ""4.2–4.3""}, {""providerId"": ""if"", ""insuranceType"": ""Campingvogn"", ""productId"": ""if-campingvogn-delkasko"", ""factKey"": ""campingvogn.tyveri.dekning"", ""page"": 4, ""section"": ""4.2–4.3""}, {""providerId"": ""if"", ""insuranceType"": ""Campingvogn"", ""productId"": ""if-campingvogn-delkasko"", ""factKey"": ""campingvogn.brann.egenandel"", ""page"": 19, ""section"": ""8.5.3""}, {""providerId"": ""if"", ""insuranceType"": ""Campingvogn"", ""productId"": ""if-campingvogn-delkasko"", ""factKey"": ""campingvogn.tyveri.egenandel"", ""page"": 19, ""section"": ""8.5.3""}, {""providerId"": ""if"", ""insuranceType"": ""Campingvogn"", ""productId"": ""if-campingvogn-delkasko"", ""factKey"": ""campingvogn.rettshjelp.egenandel"", ""page"": 19, ""section"": ""8.5.2""}, {""providerId"": ""if"", ""insuranceType"": ""Campingvogn"", ""productId"": ""if-campingvogn-delkasko"", ""factKey"": ""campingvogn.glass.dekning"", ""page"": 5, ""section"": ""4.5–4.6""}, {""providerId"": ""if"", ""insuranceType"": ""Campingvogn"", ""productId"": ""if-campingvogn-delkasko"", ""factKey"": ""campingvogn.naturskade.dekning"", ""page"": 5, ""section"": ""4.5–4.6""}, {""providerId"": ""if"", ""insuranceType"": ""Campingvogn"", ""productId"": ""if-campingvogn-delkasko"", ""factKey"": ""campingvogn.glass.egenandel"", ""page"": 19, ""section"": ""8.5.4""}, {""providerId"": ""if"", ""insuranceType"": ""Campingvogn"", ""productId"": ""if-campingvogn-kasko"", ""factKey"": ""campingvogn.rettshjelp.dekning"", ""page"": 24, ""section"": ""12""}, {""providerId"": ""if"", ""insuranceType"": ""Campingvogn"", ""productId"": ""if-campingvogn-kasko"", ""factKey"": ""campingvogn.brann.dekning"", ""page"": 4, ""section"": ""4.2–4.3""}, {""providerId"": ""if"", ""insuranceType"": ""Campingvogn"", ""productId"": ""if-campingvogn-kasko"", ""factKey"": ""campingvogn.tyveri.dekning"", ""page"": 4, ""section"": ""4.2–4.3""}, {""providerId"": ""if"", ""insuranceType"": ""Campingvogn"", ""productId"": ""if-campingvogn-kasko"", ""factKey"": ""campingvogn.brann.egenandel"", ""page"": 19, ""section"": ""8.5.3""}, {""providerId"": ""if"", ""insuranceType"": ""Campingvogn"", ""productId"": ""if-campingvogn-kasko"", ""factKey"": ""campingvogn.tyveri.egenandel"", ""page"": 19, ""section"": ""8.5.3""}, {""providerId"": ""if"", ""insuranceType"": ""Campingvogn"", ""productId"": ""if-campingvogn-kasko"", ""factKey"": ""campingvogn.rettshjelp.egenandel"", ""page"": 19, ""section"": ""8.5.2""}, {""providerId"": ""if"", ""insuranceType"": ""Campingvogn"", ""productId"": ""if-campingvogn-kasko"", ""factKey"": ""campingvogn.glass.dekning"", ""page"": 5, ""section"": ""4.5–4.6""}, {""providerId"": ""if"", ""insuranceType"": ""Campingvogn"", ""productId"": ""if-campingvogn-kasko"", ""factKey"": ""campingvogn.naturskade.dekning"", ""page"": 5, ""section"": ""4.5–4.6""}, {""providerId"": ""if"", ""insuranceType"": ""Campingvogn"", ""productId"": ""if-campingvogn-kasko"", ""factKey"": ""campingvogn.glass.egenandel"", ""page"": 19, ""section"": ""8.5.4""}, {""providerId"": ""if"", ""insuranceType"": ""Campingvogn"", ""productId"": ""if-campingvogn-kasko"", ""factKey"": ""campingvogn.rettshjelp.dekning"", ""page"": 24, ""section"": ""12""}, {""providerId"": ""if"", ""insuranceType"": ""Campingvogn"", ""productId"": ""if-campingvogn-kasko"", ""factKey"": ""campingvogn.brann.dekning"", ""page"": 4, ""section"": ""4.2–4.3""}, {""providerId"": ""if"", ""insuranceType"": ""Campingvogn"", ""productId"": ""if-campingvogn-kasko"", ""factKey"": ""campingvogn.tyveri.dekning"", ""page"": 4, ""section"": ""4.2–4.3""}, {""providerId"": ""if"", ""insuranceType"": ""Campingvogn"", ""productId"": ""if-campingvogn-kasko"", ""factKey"": ""campingvogn.kasko.dekning"", ""page"": 6, ""section"": ""4.8""}, {""providerId"": ""if"", ""insuranceType"": ""Campingvogn"", ""productId"": ""if-campingvogn-kasko"", ""factKey"": ""campingvogn.brann.egenandel"", ""page"": 19, ""section"": ""8.5.3""}, {""providerId"": ""if"", ""insuranceType"": ""Campingvogn"", ""productId"": ""if-campingvogn-kasko"", ""factKey"": ""campingvogn.tyveri.egenandel"", ""page"": 19, ""section"": ""8.5.3""}, {""providerId"": ""if"", ""insuranceType"": ""Campingvogn"", ""productId"": ""if-campingvogn-kasko"", ""factKey"": ""campingvogn.rettshjelp.egenandel"", ""page"": 19, ""section"": ""8.5.2""}, {""providerId"": ""if"", ""insuranceType"": ""Campingvogn"", ""productId"": ""if-campingvogn-kasko"", ""factKey"": ""campingvogn.glass.dekning"", ""page"": 5, ""section"": ""4.5–4.6""}, {""providerId"": ""if"", ""insuranceType"": ""Campingvogn"", ""productId"": ""if-campingvogn-kasko"", ""factKey"": ""campingvogn.naturskade.dekning"", ""page"": 5, ""section"": ""4.5–4.6""}, {""providerId"": ""if"", ""insuranceType"": ""Campingvogn"", ""productId"": ""if-campingvogn-kasko"", ""factKey"": ""campingvogn.glass.egenandel"", ""page"": 19, ""section"": ""8.5.4""}, {""providerId"": ""if"", ""insuranceType"": ""Campingvogn"", ""productId"": ""if-campingvogn-super"", ""factKey"": ""campingvogn.rettshjelp.dekning"", ""page"": 24, ""section"": ""12""}, {""providerId"": ""if"", ""insuranceType"": ""Campingvogn"", ""productId"": ""if-campingvogn-super"", ""factKey"": ""campingvogn.brann.dekning"", ""page"": 4, ""section"": ""4.2–4.3""}, {""providerId"": ""if"", ""insuranceType"": ""Campingvogn"", ""productId"": ""if-campingvogn-super"", ""factKey"": ""campingvogn.tyveri.dekning"", ""page"": 4, ""section"": ""4.2–4.3""}, {""providerId"": ""if"", ""insuranceType"": ""Campingvogn"", ""productId"": ""if-campingvogn-super"", ""factKey"": ""campingvogn.brann.egenandel"", ""page"": 19, ""section"": ""8.5.3""}, {""providerId"": ""if"", ""insuranceType"": ""Campingvogn"", ""productId"": ""if-campingvogn-super"", ""factKey"": ""campingvogn.tyveri.egenandel"", ""page"": 19, ""section"": ""8.5.3""}, {""providerId"": ""if"", ""insuranceType"": ""Campingvogn"", ""productId"": ""if-campingvogn-super"", ""factKey"": ""campingvogn.rettshjelp.egenandel"", ""page"": 19, ""section"": ""8.5.2""}, {""providerId"": ""if"", ""insuranceType"": ""Campingvogn"", ""productId"": ""if-campingvogn-super"", ""factKey"": ""campingvogn.glass.dekning"", ""page"": 5, ""section"": ""4.5–4.6""}, {""providerId"": ""if"", ""insuranceType"": ""Campingvogn"", ""productId"": ""if-campingvogn-super"", ""factKey"": ""campingvogn.naturskade.dekning"", ""page"": 5, ""section"": ""4.5–4.6""}, {""providerId"": ""if"", ""insuranceType"": ""Campingvogn"", ""productId"": ""if-campingvogn-super"", ""factKey"": ""campingvogn.glass.egenandel"", ""page"": 19, ""section"": ""8.5.4""}, {""providerId"": ""if"", ""insuranceType"": ""Campingvogn"", ""productId"": ""if-campingvogn-super"", ""factKey"": ""campingvogn.rettshjelp.dekning"", ""page"": 24, ""section"": ""12""}, {""providerId"": ""if"", ""insuranceType"": ""Campingvogn"", ""productId"": ""if-campingvogn-super"", ""factKey"": ""campingvogn.brann.dekning"", ""page"": 4, ""section"": ""4.2–4.3""}, {""providerId"": ""if"", ""insuranceType"": ""Campingvogn"", ""productId"": ""if-campingvogn-super"", ""factKey"": ""campingvogn.tyveri.dekning"", ""page"": 4, ""section"": ""4.2–4.3""}, {""providerId"": ""if"", ""insuranceType"": ""Campingvogn"", ""productId"": ""if-campingvogn-super"", ""factKey"": ""campingvogn.kasko.dekning"", ""page"": 6, ""section"": ""4.8""}, {""providerId"": ""if"", ""insuranceType"": ""Campingvogn"", ""productId"": ""if-campingvogn-super"", ""factKey"": ""campingvogn.brann.egenandel"", ""page"": 19, ""section"": ""8.5.3""}, {""providerId"": ""if"", ""insuranceType"": ""Campingvogn"", ""productId"": ""if-campingvogn-super"", ""factKey"": ""campingvogn.tyveri.egenandel"", ""page"": 19, ""section"": ""8.5.3""}, {""providerId"": ""if"", ""insuranceType"": ""Campingvogn"", ""productId"": ""if-campingvogn-super"", ""factKey"": ""campingvogn.rettshjelp.egenandel"", ""page"": 19, ""section"": ""8.5.2""}, {""providerId"": ""if"", ""insuranceType"": ""Campingvogn"", ""productId"": ""if-campingvogn-super"", ""factKey"": ""campingvogn.glass.dekning"", ""page"": 5, ""section"": ""4.5–4.6""}, {""providerId"": ""if"", ""insuranceType"": ""Campingvogn"", ""productId"": ""if-campingvogn-super"", ""factKey"": ""campingvogn.naturskade.dekning"", ""page"": 5, ""section"": ""4.5–4.6""}, {""providerId"": ""if"", ""insuranceType"": ""Campingvogn"", ""productId"": ""if-campingvogn-super"", ""factKey"": ""campingvogn.glass.egenandel"", ""page"": 19, ""section"": ""8.5.4""}, {""providerId"": ""if"", ""insuranceType"": ""Campingvogn"", ""productId"": ""if-campingvogn-super"", ""factKey"": ""campingvogn.rettshjelp.dekning"", ""page"": 24, ""section"": ""12""}, {""providerId"": ""if"", ""insuranceType"": ""Campingvogn"", ""productId"": ""if-campingvogn-super"", ""factKey"": ""campingvogn.brann.dekning"", ""page"": 4, ""section"": ""4.2–4.3""}, {""providerId"": ""if"", ""insuranceType"": ""Campingvogn"", ""productId"": ""if-campingvogn-super"", ""factKey"": ""campingvogn.tyveri.dekning"", ""page"": 4, ""section"": ""4.2–4.3""}, {""providerId"": ""if"", ""insuranceType"": ""Campingvogn"", ""productId"": ""if-campingvogn-super"", ""factKey"": ""campingvogn.kasko.dekning"", ""page"": 6, ""section"": ""4.8""}, {""providerId"": ""if"", ""insuranceType"": ""Campingvogn"", ""productId"": ""if-campingvogn-super"", ""factKey"": ""campingvogn.brann.egenandel"", ""page"": 19, ""section"": ""8.5.3""}, {""providerId"": ""if"", ""insuranceType"": ""Campingvogn"", ""productId"": ""if-campingvogn-super"", ""factKey"": ""campingvogn.tyveri.egenandel"", ""page"": 19, ""section"": ""8.5.3""}, {""providerId"": ""if"", ""insuranceType"": ""Campingvogn"", ""productId"": ""if-campingvogn-super"", ""factKey"": ""campingvogn.rettshjelp.egenandel"", ""page"": 19, ""section"": ""8.5.2""}, {""providerId"": ""if"", ""insuranceType"": ""Campingvogn"", ""productId"": ""if-campingvogn-super"", ""factKey"": ""campingvogn.glass.dekning"", ""page"": 5, ""section"": ""4.5–4.6""}, {""providerId"": ""if"", ""insuranceType"": ""Campingvogn"", ""productId"": ""if-campingvogn-super"", ""factKey"": ""campingvogn.naturskade.dekning"", ""page"": 5, ""section"": ""4.5–4.6""}, {""providerId"": ""if"", ""insuranceType"": ""Campingvogn"", ""productId"": ""if-campingvogn-super"", ""factKey"": ""campingvogn.glass.egenandel"", ""page"": 19, ""section"": ""8.5.4""}, {""providerId"": ""if"", ""insuranceType"": ""Tilhenger"", ""productId"": ""if-tilhenger-delkasko"", ""factKey"": ""tilhenger.rettshjelp.dekning"", ""page"": 24, ""section"": ""12""}, {""providerId"": ""if"", ""insuranceType"": ""Tilhenger"", ""productId"": ""if-tilhenger-delkasko"", ""factKey"": ""tilhenger.brann.dekning"", ""page"": 4, ""section"": ""4.2–4.3""}, {""providerId"": ""if"", ""insuranceType"": ""Tilhenger"", ""productId"": ""if-tilhenger-delkasko"", ""factKey"": ""tilhenger.tyveri.dekning"", ""page"": 4, ""section"": ""4.2–4.3""}, {""providerId"": ""if"", ""insuranceType"": ""Tilhenger"", ""productId"": ""if-tilhenger-delkasko"", ""factKey"": ""tilhenger.brann.egenandel"", ""page"": 19, ""section"": ""8.5.3""}, {""providerId"": ""if"", ""insuranceType"": ""Tilhenger"", ""productId"": ""if-tilhenger-delkasko"", ""factKey"": ""tilhenger.tyveri.egenandel"", ""page"": 19, ""section"": ""8.5.3""}, {""providerId"": ""if"", ""insuranceType"": ""Tilhenger"", ""productId"": ""if-tilhenger-delkasko"", ""factKey"": ""tilhenger.rettshjelp.egenandel"", ""page"": 19, ""section"": ""8.5.2""}, {""providerId"": ""if"", ""insuranceType"": ""Tilhenger"", ""productId"": ""if-tilhenger-kasko"", ""factKey"": ""tilhenger.rettshjelp.dekning"", ""page"": 24, ""section"": ""12""}, {""providerId"": ""if"", ""insuranceType"": ""Tilhenger"", ""productId"": ""if-tilhenger-kasko"", ""factKey"": ""tilhenger.brann.dekning"", ""page"": 4, ""section"": ""4.2–4.3""}, {""providerId"": ""if"", ""insuranceType"": ""Tilhenger"", ""productId"": ""if-tilhenger-kasko"", ""factKey"": ""tilhenger.tyveri.dekning"", ""page"": 4, ""section"": ""4.2–4.3""}, {""providerId"": ""if"", ""insuranceType"": ""Tilhenger"", ""productId"": ""if-tilhenger-kasko"", ""factKey"": ""tilhenger.brann.egenandel"", ""page"": 19, ""section"": ""8.5.3""}, {""providerId"": ""if"", ""insuranceType"": ""Tilhenger"", ""productId"": ""if-tilhenger-kasko"", ""factKey"": ""tilhenger.tyveri.egenandel"", ""page"": 19, ""section"": ""8.5.3""}, {""providerId"": ""if"", ""insuranceType"": ""Tilhenger"", ""productId"": ""if-tilhenger-kasko"", ""factKey"": ""tilhenger.rettshjelp.egenandel"", ""page"": 19, ""section"": ""8.5.2""}, {""providerId"": ""if"", ""insuranceType"": ""Tilhenger"", ""productId"": ""if-tilhenger-kasko"", ""factKey"": ""tilhenger.rettshjelp.dekning"", ""page"": 24, ""section"": ""12""}, {""providerId"": ""if"", ""insuranceType"": ""Tilhenger"", ""productId"": ""if-tilhenger-kasko"", ""factKey"": ""tilhenger.brann.dekning"", ""page"": 4, ""section"": ""4.2–4.3""}, {""providerId"": ""if"", ""insuranceType"": ""Tilhenger"", ""productId"": ""if-tilhenger-kasko"", ""factKey"": ""tilhenger.tyveri.dekning"", ""page"": 4, ""section"": ""4.2–4.3""}, {""providerId"": ""if"", ""insuranceType"": ""Tilhenger"", ""productId"": ""if-tilhenger-kasko"", ""factKey"": ""tilhenger.kasko.dekning"", ""page"": 6, ""section"": ""4.8""}, {""providerId"": ""if"", ""insuranceType"": ""Tilhenger"", ""productId"": ""if-tilhenger-kasko"", ""factKey"": ""tilhenger.brann.egenandel"", ""page"": 19, ""section"": ""8.5.3""}, {""providerId"": ""if"", ""insuranceType"": ""Tilhenger"", ""productId"": ""if-tilhenger-kasko"", ""factKey"": ""tilhenger.tyveri.egenandel"", ""page"": 19, ""section"": ""8.5.3""}, {""providerId"": ""if"", ""insuranceType"": ""Tilhenger"", ""productId"": ""if-tilhenger-kasko"", ""factKey"": ""tilhenger.rettshjelp.egenandel"", ""page"": 19, ""section"": ""8.5.2""}]}], ""runtime_source_ids"": [""mcb:if:mc:if-MOT2-2.pdf"", ""mcb:if:bobil:if-MOT2-2.pdf"", ""vehicle:if-Vilkaar-4103ea25.pdf""]}]",Do not pick a value or inclusive boundary; preserve exact uncertainty until dated applicability is established.
SC-037,SOURCE_CONFLICT_REVIEW_REQUIRED,OPEN_RETAINED,SR-046,if,Bobil,IPID Super motor/kløtsj,IPID omtaler Superbegrensning kløtsj100k/maskin200k samtidig som maskin er tillegg. FullMOTclutchlamellunntak og separatvalgfri; ikke grunnlag for å inkludere maskin iSuper.,"[{""path"": ""catalog/sources/mc-bobil/if-bobil-ipid.pdf"", ""sha256"": ""c408c2633b793713aeedd4c592fd6ccd97c5e6457b257592789a2aae4f0028a7"", ""manifest"": [{""manifest"": ""catalog/sources/mc-bobil/tryg-if-manifest.json"", ""providerId"": ""if"", ""filename"": ""if-bobil-ipid.pdf"", ""url"": ""https://if.no/apps/vilkarsbasendokument/IPID?ipid=Bobilforsikring"", ""insuranceTypes"": [""bobil""], ""documentType"": ""ipid"", ""sha256"": ""c408c2633b793713aeedd4c592fd6ccd97c5e6457b257592789a2aae4f0028a7"", ""resolvedUrl"": ""https://if.no/apps/vilkarsbasendokument/IPID?ipid=Bobilforsikring"", ""retrievedAt"": ""2026-09-28"", ""agreementScope"": ""ordinary"", ""documentNumber"": null, ""version"": null, ""validFrom"": null, ""validity"": ""current_link_date_unknown"", ""localPath"": ""catalog/sources/mc-bobil/if-bobil-ipid.pdf"", ""reusedExistingArtifact"": false, ""pageCount"": 2, ""documentName"": ""Bobil IPID"", ""catalogUsage"": [], ""sourceIds"": [""mcb:if:bobil:if-bobil-ipid.pdf""]}], ""runtime_source_ids"": [""mcb:if:bobil:if-bobil-ipid.pdf""]}, {""path"": ""catalog/sources/vehicle-extensions/if-Vilkaar-4103ea25.pdf"", ""sha256"": ""57a0966a974bddc588454e8c829ad02543649c5e577c3fec5f804b8bf2d81987"", ""manifest"": [{""manifest"": ""catalog/sources/mc-bobil/tryg-if-manifest.json"", ""providerId"": ""if"", ""filename"": ""if-MOT2-2.pdf"", ""url"": ""https://if.no/apps/vilkarsbasendokument/Vilkaar?produkt=Kj%C3%B8ret%C3%B8yforsikring"", ""insuranceTypes"": [""mc"", ""bobil""], ""documentType"": ""terms"", ""sha256"": ""57a0966a974bddc588454e8c829ad02543649c5e577c3fec5f804b8bf2d81987"", ""resolvedUrl"": ""https://if.no/apps/vilkarsbasendokument/Vilkaar?produkt=Kj%C3%B8ret%C3%B8yforsikring"", ""retrievedAt"": ""2026-09-28"", ""agreementScope"": ""ordinary"", ""documentNumber"": ""MOT2-2"", ""version"": ""2024-03"", ""validFrom"": ""2024-03"", ""validity"": ""current_link_effective"", ""localPath"": ""catalog/sources/vehicle-extensions/if-Vilkaar-4103ea25.pdf"", ""reusedExistingArtifact"": true, ""pageCount"": 26, ""documentName"": ""Kjøretøyforsikring"", ""catalogUsage"": [{""componentId"": ""if-mc-ansvar"", ""canonicalKeys"": [""ansvar.dekning"", ""rettshjelp.dekning"", ""ulykke.dekning"", ""avtale.geografi"", ""rettshjelp.geografi"", ""rettshjelp.egenandel"", ""ulykke.omfang"", ""ulykke.invaliditet"", ""ulykke.dod""]}, {""componentId"": ""if-mc-delkasko"", ""canonicalKeys"": [""ansvar.dekning"", ""rettshjelp.dekning"", ""ulykke.dekning"", ""avtale.geografi"", ""rettshjelp.geografi"", ""rettshjelp.egenandel"", ""ulykke.omfang"", ""ulykke.invaliditet"", ""ulykke.dod"", ""utstyr.dekning"", ""utstyr.grense"", ""mc.bagasje.dekning"", ""mc.bagasje.grense"", ""brann.dekning"", ""brann.begrensning"", ""tyveri.dekning"", ""naturskade.dekning"", ""glass.dekning"", ""glass.begrensning"", ""veihjelp.dekning"", ""veihjelp.begrensning"", ""brann.egenandel"", ""tyveri.egenandel"", ""glass.egenandel"", ""glass.reparasjon.egenandel"", ""veihjelp.egenandel"", ""nyverdi.dekning"", ""nyverdi.alder"", ""nyverdi.km"", ""nyverdi.skadegrad"", ""nyverdi.begrensning""]}, {""componentId"": ""if-mc-kasko"", ""canonicalKeys"": [""ansvar.dekning"", ""rettshjelp.dekning"", ""ulykke.dekning"", ""avtale.geografi"", ""rettshjelp.geografi"", ""rettshjelp.egenandel"", ""ulykke.omfang"", ""ulykke.invaliditet"", ""ulykke.dod"", ""utstyr.dekning"", ""utstyr.grense"", ""mc.bagasje.dekning"", ""mc.bagasje.grense"", ""brann.dekning"", ""brann.begrensning"", ""tyveri.dekning"", ""naturskade.dekning"", ""glass.dekning"", ""glass.begrensning"", ""veihjelp.dekning"", ""veihjelp.begrensning"", ""brann.egenandel"", ""tyveri.egenandel"", ""glass.egenandel"", ""glass.reparasjon.egenandel"", ""veihjelp.egenandel"", ""nyverdi.dekning"", ""nyverdi.alder"", ""nyverdi.km"", ""nyverdi.skadegrad"", ""nyverdi.begrensning"", ""kasko.dekning"", ""kasko.egenandel""]}, {""componentId"": ""if-bobil-ansvar"", ""canonicalKeys"": [""ansvar.dekning"", ""rettshjelp.dekning"", ""ulykke.dekning"", ""avtale.geografi"", ""rettshjelp.geografi"", ""rettshjelp.egenandel"", ""ulykke.omfang"", ""ulykke.invaliditet"", ""ulykke.dod""]}, {""componentId"": ""if-bobil-delkasko"", ""canonicalKeys"": [""ansvar.dekning"", ""rettshjelp.dekning"", ""ulykke.dekning"", ""avtale.geografi"", ""rettshjelp.geografi"", ""rettshjelp.egenandel"", ""ulykke.omfang"", ""ulykke.invaliditet"", ""ulykke.dod"", ""utstyr.dekning"", ""utstyr.grense"", ""bobil.losore.dekning"", ""bobil.losore.grense"", ""brann.dekning"", ""brann.begrensning"", ""tyveri.dekning"", ""naturskade.dekning"", ""glass.dekning"", ""glass.begrensning"", ""veihjelp.dekning"", ""veihjelp.begrensning"", ""brann.egenandel"", ""tyveri.egenandel"", ""glass.egenandel"", ""glass.reparasjon.egenandel"", ""veihjelp.egenandel"", ""nyverdi.dekning"", ""nyverdi.alder"", ""nyverdi.km"", ""nyverdi.skadegrad"", ""nyverdi.begrensning""]}, {""componentId"": ""if-bobil-kasko"", ""canonicalKeys"": [""ansvar.dekning"", ""rettshjelp.dekning"", ""ulykke.dekning"", ""avtale.geografi"", ""rettshjelp.geografi"", ""rettshjelp.egenandel"", ""ulykke.omfang"", ""ulykke.invaliditet"", ""ulykke.dod"", ""utstyr.dekning"", ""utstyr.grense"", ""bobil.losore.dekning"", ""bobil.losore.grense"", ""brann.dekning"", ""brann.begrensning"", ""tyveri.dekning"", ""naturskade.dekning"", ""glass.dekning"", ""glass.begrensning"", ""veihjelp.dekning"", ""veihjelp.begrensning"", ""brann.egenandel"", ""tyveri.egenandel"", ""glass.egenandel"", ""glass.reparasjon.egenandel"", ""veihjelp.egenandel"", ""nyverdi.dekning"", ""nyverdi.alder"", ""nyverdi.km"", ""nyverdi.skadegrad"", ""nyverdi.begrensning"", ""kasko.dekning"", ""kasko.egenandel""]}, {""componentId"": ""if-bobil-super"", ""canonicalKeys"": [""ansvar.dekning"", ""rettshjelp.dekning"", ""ulykke.dekning"", ""avtale.geografi"", ""rettshjelp.geografi"", ""rettshjelp.egenandel"", ""ulykke.omfang"", ""ulykke.invaliditet"", ""ulykke.dod"", ""utstyr.dekning"", ""bobil.losore.dekning"", ""brann.dekning"", ""brann.begrensning"", ""tyveri.dekning"", ""naturskade.dekning"", ""glass.dekning"", ""glass.begrensning"", ""veihjelp.dekning"", ""veihjelp.begrensning"", ""brann.egenandel"", ""tyveri.egenandel"", ""glass.egenandel"", ""glass.reparasjon.egenandel"", ""veihjelp.egenandel"", ""nyverdi.dekning"", ""nyverdi.alder"", ""nyverdi.km"", ""nyverdi.skadegrad"", ""nyverdi.begrensning"", ""kasko.dekning"", ""kasko.egenandel"", ""nokkel.dekning"", ""nokkel.egenandel"", ""nokkel.grense"", ""feilfylling.dekning"", ""feilfylling.egenandel"", ""feilfylling.grense"", ""parkering.dekning"", ""parkering.grense"", ""parkering.egenandel"", ""parkering.bonus""]}, {""componentId"": ""if-bobil-leiebil"", ""canonicalKeys"": [""leiebil.dagsgrense"", ""leiebil.begrensning""]}, {""componentId"": ""if-bobil-motor-gir"", ""canonicalKeys"": [""maskinskade.km"", ""maskinskade.egenandel"", ""maskinskade.kilometerfradrag"", ""maskinskade.begrensning""]}], ""sourceIds"": [""mcb:if:mc:if-MOT2-2.pdf"", ""mcb:if:bobil:if-MOT2-2.pdf""]}, {""manifest"": ""catalog/sources/vehicle-extensions/manifest.json"", ""urls"": [""https://if.no/apps/vilkarsbasendokument/Vilkaar?produkt=Kj%C3%B8ret%C3%B8yforsikring""], ""resolvedUrl"": ""https://if.no/apps/vilkarsbasendokument/Vilkaar?produkt=Kj%C3%B8ret%C3%B8yforsikring"", ""providerId"": ""if"", ""filename"": ""if-Vilkaar-4103ea25.pdf"", ""documentType"": ""terms"", ""documentNumber"": ""MOT2-2"", ""version"": null, ""validFrom"": ""2024-03"", ""replacesVersion"": null, ""retrievedAt"": ""2026-09-23"", ""sha256"": ""57a0966a974bddc588454e8c829ad02543649c5e577c3fec5f804b8bf2d81987"", ""validity"": ""current_official_link"", ""documentName"": ""- - Kjøretøyforsikring 1/26 Innhold Oversikt over forsikringen .............................................."", ""pages"": 26, ""components"": [], ""catalogUsage"": [{""providerId"": ""if"", ""insuranceType"": ""Snøscooter"", ""productId"": ""if-snoscooter-ansvar"", ""factKey"": ""snoscooter.rettshjelp.dekning"", ""page"": 24, ""section"": ""12""}, {""providerId"": ""if"", ""insuranceType"": ""Snøscooter"", ""productId"": ""if-snoscooter-ansvar"", ""factKey"": ""snoscooter.ansvar.dekning"", ""page"": 4, ""section"": ""4.1 og 11""}, {""providerId"": ""if"", ""insuranceType"": ""Snøscooter"", ""productId"": ""if-snoscooter-ansvar"", ""factKey"": ""snoscooter.ulykke.dekning"", ""page"": 4, ""section"": ""4.1 og 11""}, {""providerId"": ""if"", ""insuranceType"": ""Snøscooter"", ""productId"": ""if-snoscooter-ansvar"", ""factKey"": ""snoscooter.rettshjelp.egenandel"", ""page"": 19, ""section"": ""8.5.2""}, {""providerId"": ""if"", ""insuranceType"": ""Snøscooter"", ""productId"": ""if-snoscooter-delkasko"", ""factKey"": ""snoscooter.rettshjelp.dekning"", ""page"": 24, ""section"": ""12""}, {""providerId"": ""if"", ""insuranceType"": ""Snøscooter"", ""productId"": ""if-snoscooter-delkasko"", ""factKey"": ""snoscooter.ansvar.dekning"", ""page"": 4, ""section"": ""4.1 og 11""}, {""providerId"": ""if"", ""insuranceType"": ""Snøscooter"", ""productId"": ""if-snoscooter-delkasko"", ""factKey"": ""snoscooter.ulykke.dekning"", ""page"": 4, ""section"": ""4.1 og 11""}, {""providerId"": ""if"", ""insuranceType"": ""Snøscooter"", ""productId"": ""if-snoscooter-delkasko"", ""factKey"": ""snoscooter.rettshjelp.egenandel"", ""page"": 19, ""section"": ""8.5.2""}, {""providerId"": ""if"", ""insuranceType"": ""Snøscooter"", ""productId"": ""if-snoscooter-delkasko"", ""factKey"": ""snoscooter.rettshjelp.dekning"", ""page"": 24, ""section"": ""12""}, {""providerId"": ""if"", ""insuranceType"": ""Snøscooter"", ""productId"": ""if-snoscooter-delkasko"", ""factKey"": ""snoscooter.ansvar.dekning"", ""page"": 4, ""section"": ""4.1 og 11""}, {""providerId"": ""if"", ""insuranceType"": ""Snøscooter"", ""productId"": ""if-snoscooter-delkasko"", ""factKey"": ""snoscooter.ulykke.dekning"", ""page"": 4, ""section"": ""4.1 og 11""}, {""providerId"": ""if"", ""insuranceType"": ""Snøscooter"", ""productId"": ""if-snoscooter-delkasko"", ""factKey"": ""snoscooter.brann.dekning"", ""page"": 4, ""section"": ""4.2–4.3""}, {""providerId"": ""if"", ""insuranceType"": ""Snøscooter"", ""productId"": ""if-snoscooter-delkasko"", ""factKey"": ""snoscooter.tyveri.dekning"", ""page"": 4, ""section"": ""4.2–4.3""}, {""providerId"": ""if"", ""insuranceType"": ""Snøscooter"", ""productId"": ""if-snoscooter-delkasko"", ""factKey"": ""snoscooter.brann.egenandel"", ""page"": 19, ""section"": ""8.5.3""}, {""providerId"": ""if"", ""insuranceType"": ""Snøscooter"", ""productId"": ""if-snoscooter-delkasko"", ""factKey"": ""snoscooter.tyveri.egenandel"", ""page"": 19, ""section"": ""8.5.3""}, {""providerId"": ""if"", ""insuranceType"": ""Snøscooter"", ""productId"": ""if-snoscooter-delkasko"", ""factKey"": ""snoscooter.rettshjelp.egenandel"", ""page"": 19, ""section"": ""8.5.2""}, {""providerId"": ""if"", ""insuranceType"": ""Snøscooter"", ""productId"": ""if-snoscooter-kasko"", ""factKey"": ""snoscooter.rettshjelp.dekning"", ""page"": 24, ""section"": ""12""}, {""providerId"": ""if"", ""insuranceType"": ""Snøscooter"", ""productId"": ""if-snoscooter-kasko"", ""factKey"": ""snoscooter.ansvar.dekning"", ""page"": 4, ""section"": ""4.1 og 11""}, {""providerId"": ""if"", ""insuranceType"": ""Snøscooter"", ""productId"": ""if-snoscooter-kasko"", ""factKey"": ""snoscooter.ulykke.dekning"", ""page"": 4, ""section"": ""4.1 og 11""}, {""providerId"": ""if"", ""insuranceType"": ""Snøscooter"", ""productId"": ""if-snoscooter-kasko"", ""factKey"": ""snoscooter.rettshjelp.egenandel"", ""page"": 19, ""section"": ""8.5.2""}, {""providerId"": ""if"", ""insuranceType"": ""Snøscooter"", ""productId"": ""if-snoscooter-kasko"", ""factKey"": ""snoscooter.rettshjelp.dekning"", ""page"": 24, ""section"": ""12""}, {""providerId"": ""if"", ""insuranceType"": ""Snøscooter"", ""productId"": ""if-snoscooter-kasko"", ""factKey"": ""snoscooter.ansvar.dekning"", ""page"": 4, ""section"": ""4.1 og 11""}, {""providerId"": ""if"", ""insuranceType"": ""Snøscooter"", ""productId"": ""if-snoscooter-kasko"", ""factKey"": ""snoscooter.ulykke.dekning"", ""page"": 4, ""section"": ""4.1 og 11""}, {""providerId"": ""if"", ""insuranceType"": ""Snøscooter"", ""productId"": ""if-snoscooter-kasko"", ""factKey"": ""snoscooter.brann.dekning"", ""page"": 4, ""section"": ""4.2–4.3""}, {""providerId"": ""if"", ""insuranceType"": ""Snøscooter"", ""productId"": ""if-snoscooter-kasko"", ""factKey"": ""snoscooter.tyveri.dekning"", ""page"": 4, ""section"": ""4.2–4.3""}, {""providerId"": ""if"", ""insuranceType"": ""Snøscooter"", ""productId"": ""if-snoscooter-kasko"", ""factKey"": ""snoscooter.brann.egenandel"", ""page"": 19, ""section"": ""8.5.3""}, {""providerId"": ""if"", ""insuranceType"": ""Snøscooter"", ""productId"": ""if-snoscooter-kasko"", ""factKey"": ""snoscooter.tyveri.egenandel"", ""page"": 19, ""section"": ""8.5.3""}, {""providerId"": ""if"", ""insuranceType"": ""Snøscooter"", ""productId"": ""if-snoscooter-kasko"", ""factKey"": ""snoscooter.rettshjelp.egenandel"", ""page"": 19, ""section"": ""8.5.2""}, {""providerId"": ""if"", ""insuranceType"": ""Snøscooter"", ""productId"": ""if-snoscooter-kasko"", ""factKey"": ""snoscooter.rettshjelp.dekning"", ""page"": 24, ""section"": ""12""}, {""providerId"": ""if"", ""insuranceType"": ""Snøscooter"", ""productId"": ""if-snoscooter-kasko"", ""factKey"": ""snoscooter.ansvar.dekning"", ""page"": 4, ""section"": ""4.1 og 11""}, {""providerId"": ""if"", ""insuranceType"": ""Snøscooter"", ""productId"": ""if-snoscooter-kasko"", ""factKey"": ""snoscooter.ulykke.dekning"", ""page"": 4, ""section"": ""4.1 og 11""}, {""providerId"": ""if"", ""insuranceType"": ""Snøscooter"", ""productId"": ""if-snoscooter-kasko"", ""factKey"": ""snoscooter.brann.dekning"", ""page"": 4, ""section"": ""4.2–4.3""}, {""providerId"": ""if"", ""insuranceType"": ""Snøscooter"", ""productId"": ""if-snoscooter-kasko"", ""factKey"": ""snoscooter.tyveri.dekning"", ""page"": 4, ""section"": ""4.2–4.3""}, {""providerId"": ""if"", ""insuranceType"": ""Snøscooter"", ""productId"": ""if-snoscooter-kasko"", ""factKey"": ""snoscooter.kasko.dekning"", ""page"": 6, ""section"": ""4.8""}, {""providerId"": ""if"", ""insuranceType"": ""Snøscooter"", ""productId"": ""if-snoscooter-kasko"", ""factKey"": ""snoscooter.brann.egenandel"", ""page"": 19, ""section"": ""8.5.3""}, {""providerId"": ""if"", ""insuranceType"": ""Snøscooter"", ""productId"": ""if-snoscooter-kasko"", ""factKey"": ""snoscooter.tyveri.egenandel"", ""page"": 19, ""section"": ""8.5.3""}, {""providerId"": ""if"", ""insuranceType"": ""Snøscooter"", ""productId"": ""if-snoscooter-kasko"", ""factKey"": ""snoscooter.rettshjelp.egenandel"", ""page"": 19, ""section"": ""8.5.2""}, {""providerId"": ""if"", ""insuranceType"": ""Campingvogn"", ""productId"": ""if-campingvogn-delkasko"", ""factKey"": ""campingvogn.rettshjelp.dekning"", ""page"": 24, ""section"": ""12""}, {""providerId"": ""if"", ""insuranceType"": ""Campingvogn"", ""productId"": ""if-campingvogn-delkasko"", ""factKey"": ""campingvogn.brann.dekning"", ""page"": 4, ""section"": ""4.2–4.3""}, {""providerId"": ""if"", ""insuranceType"": ""Campingvogn"", ""productId"": ""if-campingvogn-delkasko"", ""factKey"": ""campingvogn.tyveri.dekning"", ""page"": 4, ""section"": ""4.2–4.3""}, {""providerId"": ""if"", ""insuranceType"": ""Campingvogn"", ""productId"": ""if-campingvogn-delkasko"", ""factKey"": ""campingvogn.brann.egenandel"", ""page"": 19, ""section"": ""8.5.3""}, {""providerId"": ""if"", ""insuranceType"": ""Campingvogn"", ""productId"": ""if-campingvogn-delkasko"", ""factKey"": ""campingvogn.tyveri.egenandel"", ""page"": 19, ""section"": ""8.5.3""}, {""providerId"": ""if"", ""insuranceType"": ""Campingvogn"", ""productId"": ""if-campingvogn-delkasko"", ""factKey"": ""campingvogn.rettshjelp.egenandel"", ""page"": 19, ""section"": ""8.5.2""}, {""providerId"": ""if"", ""insuranceType"": ""Campingvogn"", ""productId"": ""if-campingvogn-delkasko"", ""factKey"": ""campingvogn.glass.dekning"", ""page"": 5, ""section"": ""4.5–4.6""}, {""providerId"": ""if"", ""insuranceType"": ""Campingvogn"", ""productId"": ""if-campingvogn-delkasko"", ""factKey"": ""campingvogn.naturskade.dekning"", ""page"": 5, ""section"": ""4.5–4.6""}, {""providerId"": ""if"", ""insuranceType"": ""Campingvogn"", ""productId"": ""if-campingvogn-delkasko"", ""factKey"": ""campingvogn.glass.egenandel"", ""page"": 19, ""section"": ""8.5.4""}, {""providerId"": ""if"", ""insuranceType"": ""Campingvogn"", ""productId"": ""if-campingvogn-kasko"", ""factKey"": ""campingvogn.rettshjelp.dekning"", ""page"": 24, ""section"": ""12""}, {""providerId"": ""if"", ""insuranceType"": ""Campingvogn"", ""productId"": ""if-campingvogn-kasko"", ""factKey"": ""campingvogn.brann.dekning"", ""page"": 4, ""section"": ""4.2–4.3""}, {""providerId"": ""if"", ""insuranceType"": ""Campingvogn"", ""productId"": ""if-campingvogn-kasko"", ""factKey"": ""campingvogn.tyveri.dekning"", ""page"": 4, ""section"": ""4.2–4.3""}, {""providerId"": ""if"", ""insuranceType"": ""Campingvogn"", ""productId"": ""if-campingvogn-kasko"", ""factKey"": ""campingvogn.brann.egenandel"", ""page"": 19, ""section"": ""8.5.3""}, {""providerId"": ""if"", ""insuranceType"": ""Campingvogn"", ""productId"": ""if-campingvogn-kasko"", ""factKey"": ""campingvogn.tyveri.egenandel"", ""page"": 19, ""section"": ""8.5.3""}, {""providerId"": ""if"", ""insuranceType"": ""Campingvogn"", ""productId"": ""if-campingvogn-kasko"", ""factKey"": ""campingvogn.rettshjelp.egenandel"", ""page"": 19, ""section"": ""8.5.2""}, {""providerId"": ""if"", ""insuranceType"": ""Campingvogn"", ""productId"": ""if-campingvogn-kasko"", ""factKey"": ""campingvogn.glass.dekning"", ""page"": 5, ""section"": ""4.5–4.6""}, {""providerId"": ""if"", ""insuranceType"": ""Campingvogn"", ""productId"": ""if-campingvogn-kasko"", ""factKey"": ""campingvogn.naturskade.dekning"", ""page"": 5, ""section"": ""4.5–4.6""}, {""providerId"": ""if"", ""insuranceType"": ""Campingvogn"", ""productId"": ""if-campingvogn-kasko"", ""factKey"": ""campingvogn.glass.egenandel"", ""page"": 19, ""section"": ""8.5.4""}, {""providerId"": ""if"", ""insuranceType"": ""Campingvogn"", ""productId"": ""if-campingvogn-kasko"", ""factKey"": ""campingvogn.rettshjelp.dekning"", ""page"": 24, ""section"": ""12""}, {""providerId"": ""if"", ""insuranceType"": ""Campingvogn"", ""productId"": ""if-campingvogn-kasko"", ""factKey"": ""campingvogn.brann.dekning"", ""page"": 4, ""section"": ""4.2–4.3""}, {""providerId"": ""if"", ""insuranceType"": ""Campingvogn"", ""productId"": ""if-campingvogn-kasko"", ""factKey"": ""campingvogn.tyveri.dekning"", ""page"": 4, ""section"": ""4.2–4.3""}, {""providerId"": ""if"", ""insuranceType"": ""Campingvogn"", ""productId"": ""if-campingvogn-kasko"", ""factKey"": ""campingvogn.kasko.dekning"", ""page"": 6, ""section"": ""4.8""}, {""providerId"": ""if"", ""insuranceType"": ""Campingvogn"", ""productId"": ""if-campingvogn-kasko"", ""factKey"": ""campingvogn.brann.egenandel"", ""page"": 19, ""section"": ""8.5.3""}, {""providerId"": ""if"", ""insuranceType"": ""Campingvogn"", ""productId"": ""if-campingvogn-kasko"", ""factKey"": ""campingvogn.tyveri.egenandel"", ""page"": 19, ""section"": ""8.5.3""}, {""providerId"": ""if"", ""insuranceType"": ""Campingvogn"", ""productId"": ""if-campingvogn-kasko"", ""factKey"": ""campingvogn.rettshjelp.egenandel"", ""page"": 19, ""section"": ""8.5.2""}, {""providerId"": ""if"", ""insuranceType"": ""Campingvogn"", ""productId"": ""if-campingvogn-kasko"", ""factKey"": ""campingvogn.glass.dekning"", ""page"": 5, ""section"": ""4.5–4.6""}, {""providerId"": ""if"", ""insuranceType"": ""Campingvogn"", ""productId"": ""if-campingvogn-kasko"", ""factKey"": ""campingvogn.naturskade.dekning"", ""page"": 5, ""section"": ""4.5–4.6""}, {""providerId"": ""if"", ""insuranceType"": ""Campingvogn"", ""productId"": ""if-campingvogn-kasko"", ""factKey"": ""campingvogn.glass.egenandel"", ""page"": 19, ""section"": ""8.5.4""}, {""providerId"": ""if"", ""insuranceType"": ""Campingvogn"", ""productId"": ""if-campingvogn-super"", ""factKey"": ""campingvogn.rettshjelp.dekning"", ""page"": 24, ""section"": ""12""}, {""providerId"": ""if"", ""insuranceType"": ""Campingvogn"", ""productId"": ""if-campingvogn-super"", ""factKey"": ""campingvogn.brann.dekning"", ""page"": 4, ""section"": ""4.2–4.3""}, {""providerId"": ""if"", ""insuranceType"": ""Campingvogn"", ""productId"": ""if-campingvogn-super"", ""factKey"": ""campingvogn.tyveri.dekning"", ""page"": 4, ""section"": ""4.2–4.3""}, {""providerId"": ""if"", ""insuranceType"": ""Campingvogn"", ""productId"": ""if-campingvogn-super"", ""factKey"": ""campingvogn.brann.egenandel"", ""page"": 19, ""section"": ""8.5.3""}, {""providerId"": ""if"", ""insuranceType"": ""Campingvogn"", ""productId"": ""if-campingvogn-super"", ""factKey"": ""campingvogn.tyveri.egenandel"", ""page"": 19, ""section"": ""8.5.3""}, {""providerId"": ""if"", ""insuranceType"": ""Campingvogn"", ""productId"": ""if-campingvogn-super"", ""factKey"": ""campingvogn.rettshjelp.egenandel"", ""page"": 19, ""section"": ""8.5.2""}, {""providerId"": ""if"", ""insuranceType"": ""Campingvogn"", ""productId"": ""if-campingvogn-super"", ""factKey"": ""campingvogn.glass.dekning"", ""page"": 5, ""section"": ""4.5–4.6""}, {""providerId"": ""if"", ""insuranceType"": ""Campingvogn"", ""productId"": ""if-campingvogn-super"", ""factKey"": ""campingvogn.naturskade.dekning"", ""page"": 5, ""section"": ""4.5–4.6""}, {""providerId"": ""if"", ""insuranceType"": ""Campingvogn"", ""productId"": ""if-campingvogn-super"", ""factKey"": ""campingvogn.glass.egenandel"", ""page"": 19, ""section"": ""8.5.4""}, {""providerId"": ""if"", ""insuranceType"": ""Campingvogn"", ""productId"": ""if-campingvogn-super"", ""factKey"": ""campingvogn.rettshjelp.dekning"", ""page"": 24, ""section"": ""12""}, {""providerId"": ""if"", ""insuranceType"": ""Campingvogn"", ""productId"": ""if-campingvogn-super"", ""factKey"": ""campingvogn.brann.dekning"", ""page"": 4, ""section"": ""4.2–4.3""}, {""providerId"": ""if"", ""insuranceType"": ""Campingvogn"", ""productId"": ""if-campingvogn-super"", ""factKey"": ""campingvogn.tyveri.dekning"", ""page"": 4, ""section"": ""4.2–4.3""}, {""providerId"": ""if"", ""insuranceType"": ""Campingvogn"", ""productId"": ""if-campingvogn-super"", ""factKey"": ""campingvogn.kasko.dekning"", ""page"": 6, ""section"": ""4.8""}, {""providerId"": ""if"", ""insuranceType"": ""Campingvogn"", ""productId"": ""if-campingvogn-super"", ""factKey"": ""campingvogn.brann.egenandel"", ""page"": 19, ""section"": ""8.5.3""}, {""providerId"": ""if"", ""insuranceType"": ""Campingvogn"", ""productId"": ""if-campingvogn-super"", ""factKey"": ""campingvogn.tyveri.egenandel"", ""page"": 19, ""section"": ""8.5.3""}, {""providerId"": ""if"", ""insuranceType"": ""Campingvogn"", ""productId"": ""if-campingvogn-super"", ""factKey"": ""campingvogn.rettshjelp.egenandel"", ""page"": 19, ""section"": ""8.5.2""}, {""providerId"": ""if"", ""insuranceType"": ""Campingvogn"", ""productId"": ""if-campingvogn-super"", ""factKey"": ""campingvogn.glass.dekning"", ""page"": 5, ""section"": ""4.5–4.6""}, {""providerId"": ""if"", ""insuranceType"": ""Campingvogn"", ""productId"": ""if-campingvogn-super"", ""factKey"": ""campingvogn.naturskade.dekning"", ""page"": 5, ""section"": ""4.5–4.6""}, {""providerId"": ""if"", ""insuranceType"": ""Campingvogn"", ""productId"": ""if-campingvogn-super"", ""factKey"": ""campingvogn.glass.egenandel"", ""page"": 19, ""section"": ""8.5.4""}, {""providerId"": ""if"", ""insuranceType"": ""Campingvogn"", ""productId"": ""if-campingvogn-super"", ""factKey"": ""campingvogn.rettshjelp.dekning"", ""page"": 24, ""section"": ""12""}, {""providerId"": ""if"", ""insuranceType"": ""Campingvogn"", ""productId"": ""if-campingvogn-super"", ""factKey"": ""campingvogn.brann.dekning"", ""page"": 4, ""section"": ""4.2–4.3""}, {""providerId"": ""if"", ""insuranceType"": ""Campingvogn"", ""productId"": ""if-campingvogn-super"", ""factKey"": ""campingvogn.tyveri.dekning"", ""page"": 4, ""section"": ""4.2–4.3""}, {""providerId"": ""if"", ""insuranceType"": ""Campingvogn"", ""productId"": ""if-campingvogn-super"", ""factKey"": ""campingvogn.kasko.dekning"", ""page"": 6, ""section"": ""4.8""}, {""providerId"": ""if"", ""insuranceType"": ""Campingvogn"", ""productId"": ""if-campingvogn-super"", ""factKey"": ""campingvogn.brann.egenandel"", ""page"": 19, ""section"": ""8.5.3""}, {""providerId"": ""if"", ""insuranceType"": ""Campingvogn"", ""productId"": ""if-campingvogn-super"", ""factKey"": ""campingvogn.tyveri.egenandel"", ""page"": 19, ""section"": ""8.5.3""}, {""providerId"": ""if"", ""insuranceType"": ""Campingvogn"", ""productId"": ""if-campingvogn-super"", ""factKey"": ""campingvogn.rettshjelp.egenandel"", ""page"": 19, ""section"": ""8.5.2""}, {""providerId"": ""if"", ""insuranceType"": ""Campingvogn"", ""productId"": ""if-campingvogn-super"", ""factKey"": ""campingvogn.glass.dekning"", ""page"": 5, ""section"": ""4.5–4.6""}, {""providerId"": ""if"", ""insuranceType"": ""Campingvogn"", ""productId"": ""if-campingvogn-super"", ""factKey"": ""campingvogn.naturskade.dekning"", ""page"": 5, ""section"": ""4.5–4.6""}, {""providerId"": ""if"", ""insuranceType"": ""Campingvogn"", ""productId"": ""if-campingvogn-super"", ""factKey"": ""campingvogn.glass.egenandel"", ""page"": 19, ""section"": ""8.5.4""}, {""providerId"": ""if"", ""insuranceType"": ""Tilhenger"", ""productId"": ""if-tilhenger-delkasko"", ""factKey"": ""tilhenger.rettshjelp.dekning"", ""page"": 24, ""section"": ""12""}, {""providerId"": ""if"", ""insuranceType"": ""Tilhenger"", ""productId"": ""if-tilhenger-delkasko"", ""factKey"": ""tilhenger.brann.dekning"", ""page"": 4, ""section"": ""4.2–4.3""}, {""providerId"": ""if"", ""insuranceType"": ""Tilhenger"", ""productId"": ""if-tilhenger-delkasko"", ""factKey"": ""tilhenger.tyveri.dekning"", ""page"": 4, ""section"": ""4.2–4.3""}, {""providerId"": ""if"", ""insuranceType"": ""Tilhenger"", ""productId"": ""if-tilhenger-delkasko"", ""factKey"": ""tilhenger.brann.egenandel"", ""page"": 19, ""section"": ""8.5.3""}, {""providerId"": ""if"", ""insuranceType"": ""Tilhenger"", ""productId"": ""if-tilhenger-delkasko"", ""factKey"": ""tilhenger.tyveri.egenandel"", ""page"": 19, ""section"": ""8.5.3""}, {""providerId"": ""if"", ""insuranceType"": ""Tilhenger"", ""productId"": ""if-tilhenger-delkasko"", ""factKey"": ""tilhenger.rettshjelp.egenandel"", ""page"": 19, ""section"": ""8.5.2""}, {""providerId"": ""if"", ""insuranceType"": ""Tilhenger"", ""productId"": ""if-tilhenger-kasko"", ""factKey"": ""tilhenger.rettshjelp.dekning"", ""page"": 24, ""section"": ""12""}, {""providerId"": ""if"", ""insuranceType"": ""Tilhenger"", ""productId"": ""if-tilhenger-kasko"", ""factKey"": ""tilhenger.brann.dekning"", ""page"": 4, ""section"": ""4.2–4.3""}, {""providerId"": ""if"", ""insuranceType"": ""Tilhenger"", ""productId"": ""if-tilhenger-kasko"", ""factKey"": ""tilhenger.tyveri.dekning"", ""page"": 4, ""section"": ""4.2–4.3""}, {""providerId"": ""if"", ""insuranceType"": ""Tilhenger"", ""productId"": ""if-tilhenger-kasko"", ""factKey"": ""tilhenger.brann.egenandel"", ""page"": 19, ""section"": ""8.5.3""}, {""providerId"": ""if"", ""insuranceType"": ""Tilhenger"", ""productId"": ""if-tilhenger-kasko"", ""factKey"": ""tilhenger.tyveri.egenandel"", ""page"": 19, ""section"": ""8.5.3""}, {""providerId"": ""if"", ""insuranceType"": ""Tilhenger"", ""productId"": ""if-tilhenger-kasko"", ""factKey"": ""tilhenger.rettshjelp.egenandel"", ""page"": 19, ""section"": ""8.5.2""}, {""providerId"": ""if"", ""insuranceType"": ""Tilhenger"", ""productId"": ""if-tilhenger-kasko"", ""factKey"": ""tilhenger.rettshjelp.dekning"", ""page"": 24, ""section"": ""12""}, {""providerId"": ""if"", ""insuranceType"": ""Tilhenger"", ""productId"": ""if-tilhenger-kasko"", ""factKey"": ""tilhenger.brann.dekning"", ""page"": 4, ""section"": ""4.2–4.3""}, {""providerId"": ""if"", ""insuranceType"": ""Tilhenger"", ""productId"": ""if-tilhenger-kasko"", ""factKey"": ""tilhenger.tyveri.dekning"", ""page"": 4, ""section"": ""4.2–4.3""}, {""providerId"": ""if"", ""insuranceType"": ""Tilhenger"", ""productId"": ""if-tilhenger-kasko"", ""factKey"": ""tilhenger.kasko.dekning"", ""page"": 6, ""section"": ""4.8""}, {""providerId"": ""if"", ""insuranceType"": ""Tilhenger"", ""productId"": ""if-tilhenger-kasko"", ""factKey"": ""tilhenger.brann.egenandel"", ""page"": 19, ""section"": ""8.5.3""}, {""providerId"": ""if"", ""insuranceType"": ""Tilhenger"", ""productId"": ""if-tilhenger-kasko"", ""factKey"": ""tilhenger.tyveri.egenandel"", ""page"": 19, ""section"": ""8.5.3""}, {""providerId"": ""if"", ""insuranceType"": ""Tilhenger"", ""productId"": ""if-tilhenger-kasko"", ""factKey"": ""tilhenger.rettshjelp.egenandel"", ""page"": 19, ""section"": ""8.5.2""}]}], ""runtime_source_ids"": [""mcb:if:mc:if-MOT2-2.pdf"", ""mcb:if:bobil:if-MOT2-2.pdf"", ""vehicle:if-Vilkaar-4103ea25.pdf""]}, {""path"": ""catalog/sources/mc-bobil/if-SV707.pdf"", ""sha256"": ""a4e2c6ecafc88fafbb5a0e194a373c4e2953b920d2947582352bdf845a03154e"", ""manifest"": [{""manifest"": ""catalog/sources/mc-bobil/tryg-if-manifest.json"", ""providerId"": ""if"", ""filename"": ""if-SV707.pdf"", ""url"": ""https://if.no/apps/vilkarsbasendokument/Vilkaar?vilkaar=SV707"", ""insuranceTypes"": [""bobil""], ""documentType"": ""terms"", ""sha256"": ""a4e2c6ecafc88fafbb5a0e194a373c4e2953b920d2947582352bdf845a03154e"", ""resolvedUrl"": ""https://if.no/apps/vilkarsbasendokument/Vilkaar?vilkaar=SV707"", ""retrievedAt"": ""2026-09-28"", ""agreementScope"": ""ordinary"", ""documentNumber"": ""SV707"", ""version"": ""2022-06"", ""validFrom"": ""2022-06"", ""validity"": ""current_link_effective"", ""localPath"": ""catalog/sources/mc-bobil/if-SV707.pdf"", ""reusedExistingArtifact"": false, ""pageCount"": 5, ""documentName"": ""Særvilkår for Campingvogn og bobil"", ""catalogUsage"": [{""componentId"": ""if-bobil-delkasko"", ""canonicalKeys"": [""bobil.fortelt.dekning"", ""bobil.fortelt.grense"", ""bobil.fortelt.begrensning"", ""bobil.losore.begrensning""]}, {""componentId"": ""if-bobil-kasko"", ""canonicalKeys"": [""bobil.fortelt.dekning"", ""bobil.fortelt.grense"", ""bobil.fortelt.begrensning"", ""bobil.losore.begrensning"", ""kasko.begrensning""]}, {""componentId"": ""if-bobil-super"", ""canonicalKeys"": [""utstyr.grense"", ""bobil.losore.grense"", ""bobil.fortelt.dekning"", ""bobil.fortelt.grense"", ""bobil.fortelt.begrensning"", ""bobil.losore.begrensning"", ""kasko.begrensning"", ""bobil.vann.dekning"", ""bobil.vann.begrensning"", ""bobil.fukt.alder"", ""bobil.fukt.dekning"", ""bobil.fukt.kontroll"", ""bobil.fukt.begrensning"", ""bobil.feriegaranti.dekning"", ""bobil.feriegaranti.dagsbelop"", ""bobil.feriegaranti.dager"", ""bobil.feriegaranti.begrensning"", ""bobil.skadedyr.dekning"", ""bobil.skadedyr.begrensning""]}, {""componentId"": ""if-bobil-leiebil"", ""canonicalKeys"": [""leiebil.dekning"", ""leiebil.dager""]}, {""componentId"": ""if-bobil-motor-gir"", ""canonicalKeys"": [""maskinskade.dekning""]}], ""sourceIds"": [""mcb:if:bobil:if-SV707.pdf""]}], ""runtime_source_ids"": [""mcb:if:bobil:if-SV707.pdf""]}]",Do not pick a value or inclusive boundary; preserve exact uncertainty until dated applicability is established.
SC-038,SOURCE_CONFLICT_REVIEW_REQUIRED,OPEN_RETAINED,SR-044,if,MC,Maskinskade kjøretøyeligibility,Webløpetekst sier alle motorsyklerunder7; full/IPID kun mellomtung/tung. Catalogkonservativtypeavgrensning korrekt.,"[{""path"": ""catalog/sources/mc-bobil/if-mc-product.html"", ""sha256"": ""0c78b98294568d71be4765fcec9ddeffd4c26614d79c4eaecdf914bd11355cb3"", ""manifest"": [{""manifest"": ""catalog/sources/mc-bobil/tryg-if-manifest.json"", ""providerId"": ""if"", ""filename"": ""if-mc-product.html"", ""url"": ""https://www.if.no/privat/forsikring/kjoretoy/mc-forsikring"", ""insuranceTypes"": [""mc""], ""documentType"": ""product_page"", ""sha256"": ""0c78b98294568d71be4765fcec9ddeffd4c26614d79c4eaecdf914bd11355cb3"", ""resolvedUrl"": ""https://www.if.no/privat/forsikring/kjoretoy/mc-forsikring"", ""retrievedAt"": ""2026-09-28"", ""agreementScope"": ""ordinary"", ""documentNumber"": null, ""version"": null, ""validFrom"": null, ""validity"": ""current_link_date_unknown"", ""localPath"": ""catalog/sources/mc-bobil/if-mc-product.html"", ""reusedExistingArtifact"": false, ""catalogUsage"": [{""componentId"": ""if-mc-delkasko"", ""canonicalKeys"": [""mc.kjoreutstyr.grense""]}, {""componentId"": ""if-mc-kasko"", ""canonicalKeys"": [""mc.kjoreutstyr.grense""]}], ""sourceIds"": [""mcb:if:mc:if-mc-product.html""]}], ""runtime_source_ids"": [""mcb:if:mc:if-mc-product.html""]}, {""path"": ""catalog/sources/mc-bobil/if-mc-ipid.pdf"", ""sha256"": ""b7d77964328489ec76b1512fbe5ac59302ac75514e0fb71ce36040299850c4f2"", ""manifest"": [{""manifest"": ""catalog/sources/mc-bobil/tryg-if-manifest.json"", ""providerId"": ""if"", ""filename"": ""if-mc-ipid.pdf"", ""url"": ""https://if.no/apps/vilkarsbasendokument/IPID?ipid=Motorsykkelforsikring"", ""insuranceTypes"": [""mc""], ""documentType"": ""ipid"", ""sha256"": ""b7d77964328489ec76b1512fbe5ac59302ac75514e0fb71ce36040299850c4f2"", ""resolvedUrl"": ""https://if.no/apps/vilkarsbasendokument/IPID?ipid=Motorsykkelforsikring"", ""retrievedAt"": ""2026-09-28"", ""agreementScope"": ""ordinary"", ""documentNumber"": null, ""version"": null, ""validFrom"": null, ""validity"": ""current_link_date_unknown"", ""localPath"": ""catalog/sources/mc-bobil/if-mc-ipid.pdf"", ""reusedExistingArtifact"": false, ""pageCount"": 2, ""documentName"": ""Motorsykkel IPID"", ""catalogUsage"": [{""componentId"": ""if-mc-motor-gir"", ""canonicalKeys"": [""maskinskade.kjopsalder""]}], ""sourceIds"": [""mcb:if:mc:if-mc-ipid.pdf""]}], ""runtime_source_ids"": [""mcb:if:mc:if-mc-ipid.pdf""]}, {""path"": ""catalog/sources/mc-bobil/if-SV692.pdf"", ""sha256"": ""ac91470a3859045cd1ab64300bca5ba34531f73faed7965f00797bb89de6f419"", ""manifest"": [{""manifest"": ""catalog/sources/mc-bobil/tryg-if-manifest.json"", ""providerId"": ""if"", ""filename"": ""if-SV692.pdf"", ""url"": ""https://if.no/apps/vilkarsbasendokument/Vilkaar?dt=2020-11-07&vilkaar=SV692"", ""insuranceTypes"": [""mc""], ""documentType"": ""terms"", ""sha256"": ""ac91470a3859045cd1ab64300bca5ba34531f73faed7965f00797bb89de6f419"", ""resolvedUrl"": ""https://if.no/apps/vilkarsbasendokument/Vilkaar?dt=2020-11-07&vilkaar=SV692"", ""retrievedAt"": ""2026-09-28"", ""agreementScope"": ""ordinary"", ""documentNumber"": ""SV692"", ""version"": ""2020-11"", ""validFrom"": ""2020-11"", ""validity"": ""current_link_effective"", ""localPath"": ""catalog/sources/mc-bobil/if-SV692.pdf"", ""reusedExistingArtifact"": false, ""pageCount"": 4, ""documentName"": ""Tilleggsvilkår for motorsykkel, moped, ATV og snøscooter"", ""catalogUsage"": [{""componentId"": ""if-mc-delkasko"", ""canonicalKeys"": [""mc.kjoreutstyr.dekning"", ""mc.kjoreutstyr.begrensning"", ""tyveri.begrensning""]}, {""componentId"": ""if-mc-kasko"", ""canonicalKeys"": [""mc.kjoreutstyr.dekning"", ""mc.kjoreutstyr.begrensning"", ""tyveri.begrensning""]}, {""componentId"": ""if-mc-motor-gir"", ""canonicalKeys"": [""maskinskade.dekning"", ""maskinskade.alder"", ""maskinskade.egenandel"", ""maskinskade.aldersfradrag"", ""maskinskade.begrensning""]}], ""sourceIds"": [""mcb:if:mc:if-SV692.pdf""]}], ""runtime_source_ids"": [""mcb:if:mc:if-SV692.pdf""]}]",Do not pick a value or inclusive boundary; preserve exact uncertainty until dated applicability is established.
SC-039,SOURCE_CONFLICT_REVIEW_REQUIRED,OPEN_RETAINED,SR-048,if,Snøscooter,Tyveri FG-egenandel,"SV692 og webintro reduserer2k; FAQ sier8000->4000 medFG og0medalarm. Egen kildekonflikt, ikke automatisk feil på standard8000medbevisforrang.","[{""path"": ""catalog/sources/mc-bobil/if-SV692.pdf"", ""sha256"": ""ac91470a3859045cd1ab64300bca5ba34531f73faed7965f00797bb89de6f419"", ""manifest"": [{""manifest"": ""catalog/sources/mc-bobil/tryg-if-manifest.json"", ""providerId"": ""if"", ""filename"": ""if-SV692.pdf"", ""url"": ""https://if.no/apps/vilkarsbasendokument/Vilkaar?dt=2020-11-07&vilkaar=SV692"", ""insuranceTypes"": [""mc""], ""documentType"": ""terms"", ""sha256"": ""ac91470a3859045cd1ab64300bca5ba34531f73faed7965f00797bb89de6f419"", ""resolvedUrl"": ""https://if.no/apps/vilkarsbasendokument/Vilkaar?dt=2020-11-07&vilkaar=SV692"", ""retrievedAt"": ""2026-09-28"", ""agreementScope"": ""ordinary"", ""documentNumber"": ""SV692"", ""version"": ""2020-11"", ""validFrom"": ""2020-11"", ""validity"": ""current_link_effective"", ""localPath"": ""catalog/sources/mc-bobil/if-SV692.pdf"", ""reusedExistingArtifact"": false, ""pageCount"": 4, ""documentName"": ""Tilleggsvilkår for motorsykkel, moped, ATV og snøscooter"", ""catalogUsage"": [{""componentId"": ""if-mc-delkasko"", ""canonicalKeys"": [""mc.kjoreutstyr.dekning"", ""mc.kjoreutstyr.begrensning"", ""tyveri.begrensning""]}, {""componentId"": ""if-mc-kasko"", ""canonicalKeys"": [""mc.kjoreutstyr.dekning"", ""mc.kjoreutstyr.begrensning"", ""tyveri.begrensning""]}, {""componentId"": ""if-mc-motor-gir"", ""canonicalKeys"": [""maskinskade.dekning"", ""maskinskade.alder"", ""maskinskade.egenandel"", ""maskinskade.aldersfradrag"", ""maskinskade.begrensning""]}], ""sourceIds"": [""mcb:if:mc:if-SV692.pdf""]}], ""runtime_source_ids"": [""mcb:if:mc:if-SV692.pdf""]}, {""path"": ""catalog/sources/vehicle-extensions/if-snoscooterforsikring.html"", ""sha256"": ""9546c45652e033a4b0e15700abacb52dd2d820b26c313858df5f92d1ba3e02f3"", ""manifest"": [{""manifest"": ""catalog/sources/vehicle-extensions/manifest.json"", ""urls"": [""https://www.if.no/privat/forsikring/kjoretoy/snoscooterforsikring""], ""resolvedUrl"": ""https://www.if.no/privat/forsikring/kjoretoy/snoscooterforsikring"", ""providerId"": ""if"", ""filename"": ""if-snoscooterforsikring.html"", ""documentType"": ""product_page"", ""documentNumber"": null, ""version"": null, ""validFrom"": null, ""replacesVersion"": null, ""retrievedAt"": ""2026-09-23"", ""sha256"": ""9546c45652e033a4b0e15700abacb52dd2d820b26c313858df5f92d1ba3e02f3"", ""validity"": ""current_link_date_unknown"", ""documentName"": ""if-snoscooterforsikring.html"", ""catalogUsage"": []}], ""runtime_source_ids"": [""vehicle:if-snoscooterforsikring.html""]}]",Do not pick a value or inclusive boundary; preserve exact uncertainty until dated applicability is established.
SC-040,SOURCE_CONFLICT_REVIEW_REQUIRED,OPEN_RETAINED,SR-050,if,Tilhenger,Veihjelp egenandel,"MOT750, web500 ogS709ingenoverstyring. Katalog mangler veihjelp helt; kunne ikke velge sikkert standardbeløp.","[{""path"": ""catalog/sources/vehicle-extensions/if-Vilkaar-4103ea25.pdf"", ""sha256"": ""57a0966a974bddc588454e8c829ad02543649c5e577c3fec5f804b8bf2d81987"", ""manifest"": [{""manifest"": ""catalog/sources/mc-bobil/tryg-if-manifest.json"", ""providerId"": ""if"", ""filename"": ""if-MOT2-2.pdf"", ""url"": ""https://if.no/apps/vilkarsbasendokument/Vilkaar?produkt=Kj%C3%B8ret%C3%B8yforsikring"", ""insuranceTypes"": [""mc"", ""bobil""], ""documentType"": ""terms"", ""sha256"": ""57a0966a974bddc588454e8c829ad02543649c5e577c3fec5f804b8bf2d81987"", ""resolvedUrl"": ""https://if.no/apps/vilkarsbasendokument/Vilkaar?produkt=Kj%C3%B8ret%C3%B8yforsikring"", ""retrievedAt"": ""2026-09-28"", ""agreementScope"": ""ordinary"", ""documentNumber"": ""MOT2-2"", ""version"": ""2024-03"", ""validFrom"": ""2024-03"", ""validity"": ""current_link_effective"", ""localPath"": ""catalog/sources/vehicle-extensions/if-Vilkaar-4103ea25.pdf"", ""reusedExistingArtifact"": true, ""pageCount"": 26, ""documentName"": ""Kjøretøyforsikring"", ""catalogUsage"": [{""componentId"": ""if-mc-ansvar"", ""canonicalKeys"": [""ansvar.dekning"", ""rettshjelp.dekning"", ""ulykke.dekning"", ""avtale.geografi"", ""rettshjelp.geografi"", ""rettshjelp.egenandel"", ""ulykke.omfang"", ""ulykke.invaliditet"", ""ulykke.dod""]}, {""componentId"": ""if-mc-delkasko"", ""canonicalKeys"": [""ansvar.dekning"", ""rettshjelp.dekning"", ""ulykke.dekning"", ""avtale.geografi"", ""rettshjelp.geografi"", ""rettshjelp.egenandel"", ""ulykke.omfang"", ""ulykke.invaliditet"", ""ulykke.dod"", ""utstyr.dekning"", ""utstyr.grense"", ""mc.bagasje.dekning"", ""mc.bagasje.grense"", ""brann.dekning"", ""brann.begrensning"", ""tyveri.dekning"", ""naturskade.dekning"", ""glass.dekning"", ""glass.begrensning"", ""veihjelp.dekning"", ""veihjelp.begrensning"", ""brann.egenandel"", ""tyveri.egenandel"", ""glass.egenandel"", ""glass.reparasjon.egenandel"", ""veihjelp.egenandel"", ""nyverdi.dekning"", ""nyverdi.alder"", ""nyverdi.km"", ""nyverdi.skadegrad"", ""nyverdi.begrensning""]}, {""componentId"": ""if-mc-kasko"", ""canonicalKeys"": [""ansvar.dekning"", ""rettshjelp.dekning"", ""ulykke.dekning"", ""avtale.geografi"", ""rettshjelp.geografi"", ""rettshjelp.egenandel"", ""ulykke.omfang"", ""ulykke.invaliditet"", ""ulykke.dod"", ""utstyr.dekning"", ""utstyr.grense"", ""mc.bagasje.dekning"", ""mc.bagasje.grense"", ""brann.dekning"", ""brann.begrensning"", ""tyveri.dekning"", ""naturskade.dekning"", ""glass.dekning"", ""glass.begrensning"", ""veihjelp.dekning"", ""veihjelp.begrensning"", ""brann.egenandel"", ""tyveri.egenandel"", ""glass.egenandel"", ""glass.reparasjon.egenandel"", ""veihjelp.egenandel"", ""nyverdi.dekning"", ""nyverdi.alder"", ""nyverdi.km"", ""nyverdi.skadegrad"", ""nyverdi.begrensning"", ""kasko.dekning"", ""kasko.egenandel""]}, {""componentId"": ""if-bobil-ansvar"", ""canonicalKeys"": [""ansvar.dekning"", ""rettshjelp.dekning"", ""ulykke.dekning"", ""avtale.geografi"", ""rettshjelp.geografi"", ""rettshjelp.egenandel"", ""ulykke.omfang"", ""ulykke.invaliditet"", ""ulykke.dod""]}, {""componentId"": ""if-bobil-delkasko"", ""canonicalKeys"": [""ansvar.dekning"", ""rettshjelp.dekning"", ""ulykke.dekning"", ""avtale.geografi"", ""rettshjelp.geografi"", ""rettshjelp.egenandel"", ""ulykke.omfang"", ""ulykke.invaliditet"", ""ulykke.dod"", ""utstyr.dekning"", ""utstyr.grense"", ""bobil.losore.dekning"", ""bobil.losore.grense"", ""brann.dekning"", ""brann.begrensning"", ""tyveri.dekning"", ""naturskade.dekning"", ""glass.dekning"", ""glass.begrensning"", ""veihjelp.dekning"", ""veihjelp.begrensning"", ""brann.egenandel"", ""tyveri.egenandel"", ""glass.egenandel"", ""glass.reparasjon.egenandel"", ""veihjelp.egenandel"", ""nyverdi.dekning"", ""nyverdi.alder"", ""nyverdi.km"", ""nyverdi.skadegrad"", ""nyverdi.begrensning""]}, {""componentId"": ""if-bobil-kasko"", ""canonicalKeys"": [""ansvar.dekning"", ""rettshjelp.dekning"", ""ulykke.dekning"", ""avtale.geografi"", ""rettshjelp.geografi"", ""rettshjelp.egenandel"", ""ulykke.omfang"", ""ulykke.invaliditet"", ""ulykke.dod"", ""utstyr.dekning"", ""utstyr.grense"", ""bobil.losore.dekning"", ""bobil.losore.grense"", ""brann.dekning"", ""brann.begrensning"", ""tyveri.dekning"", ""naturskade.dekning"", ""glass.dekning"", ""glass.begrensning"", ""veihjelp.dekning"", ""veihjelp.begrensning"", ""brann.egenandel"", ""tyveri.egenandel"", ""glass.egenandel"", ""glass.reparasjon.egenandel"", ""veihjelp.egenandel"", ""nyverdi.dekning"", ""nyverdi.alder"", ""nyverdi.km"", ""nyverdi.skadegrad"", ""nyverdi.begrensning"", ""kasko.dekning"", ""kasko.egenandel""]}, {""componentId"": ""if-bobil-super"", ""canonicalKeys"": [""ansvar.dekning"", ""rettshjelp.dekning"", ""ulykke.dekning"", ""avtale.geografi"", ""rettshjelp.geografi"", ""rettshjelp.egenandel"", ""ulykke.omfang"", ""ulykke.invaliditet"", ""ulykke.dod"", ""utstyr.dekning"", ""bobil.losore.dekning"", ""brann.dekning"", ""brann.begrensning"", ""tyveri.dekning"", ""naturskade.dekning"", ""glass.dekning"", ""glass.begrensning"", ""veihjelp.dekning"", ""veihjelp.begrensning"", ""brann.egenandel"", ""tyveri.egenandel"", ""glass.egenandel"", ""glass.reparasjon.egenandel"", ""veihjelp.egenandel"", ""nyverdi.dekning"", ""nyverdi.alder"", ""nyverdi.km"", ""nyverdi.skadegrad"", ""nyverdi.begrensning"", ""kasko.dekning"", ""kasko.egenandel"", ""nokkel.dekning"", ""nokkel.egenandel"", ""nokkel.grense"", ""feilfylling.dekning"", ""feilfylling.egenandel"", ""feilfylling.grense"", ""parkering.dekning"", ""parkering.grense"", ""parkering.egenandel"", ""parkering.bonus""]}, {""componentId"": ""if-bobil-leiebil"", ""canonicalKeys"": [""leiebil.dagsgrense"", ""leiebil.begrensning""]}, {""componentId"": ""if-bobil-motor-gir"", ""canonicalKeys"": [""maskinskade.km"", ""maskinskade.egenandel"", ""maskinskade.kilometerfradrag"", ""maskinskade.begrensning""]}], ""sourceIds"": [""mcb:if:mc:if-MOT2-2.pdf"", ""mcb:if:bobil:if-MOT2-2.pdf""]}, {""manifest"": ""catalog/sources/vehicle-extensions/manifest.json"", ""urls"": [""https://if.no/apps/vilkarsbasendokument/Vilkaar?produkt=Kj%C3%B8ret%C3%B8yforsikring""], ""resolvedUrl"": ""https://if.no/apps/vilkarsbasendokument/Vilkaar?produkt=Kj%C3%B8ret%C3%B8yforsikring"", ""providerId"": ""if"", ""filename"": ""if-Vilkaar-4103ea25.pdf"", ""documentType"": ""terms"", ""documentNumber"": ""MOT2-2"", ""version"": null, ""validFrom"": ""2024-03"", ""replacesVersion"": null, ""retrievedAt"": ""2026-09-23"", ""sha256"": ""57a0966a974bddc588454e8c829ad02543649c5e577c3fec5f804b8bf2d81987"", ""validity"": ""current_official_link"", ""documentName"": ""- - Kjøretøyforsikring 1/26 Innhold Oversikt over forsikringen .............................................."", ""pages"": 26, ""components"": [], ""catalogUsage"": [{""providerId"": ""if"", ""insuranceType"": ""Snøscooter"", ""productId"": ""if-snoscooter-ansvar"", ""factKey"": ""snoscooter.rettshjelp.dekning"", ""page"": 24, ""section"": ""12""}, {""providerId"": ""if"", ""insuranceType"": ""Snøscooter"", ""productId"": ""if-snoscooter-ansvar"", ""factKey"": ""snoscooter.ansvar.dekning"", ""page"": 4, ""section"": ""4.1 og 11""}, {""providerId"": ""if"", ""insuranceType"": ""Snøscooter"", ""productId"": ""if-snoscooter-ansvar"", ""factKey"": ""snoscooter.ulykke.dekning"", ""page"": 4, ""section"": ""4.1 og 11""}, {""providerId"": ""if"", ""insuranceType"": ""Snøscooter"", ""productId"": ""if-snoscooter-ansvar"", ""factKey"": ""snoscooter.rettshjelp.egenandel"", ""page"": 19, ""section"": ""8.5.2""}, {""providerId"": ""if"", ""insuranceType"": ""Snøscooter"", ""productId"": ""if-snoscooter-delkasko"", ""factKey"": ""snoscooter.rettshjelp.dekning"", ""page"": 24, ""section"": ""12""}, {""providerId"": ""if"", ""insuranceType"": ""Snøscooter"", ""productId"": ""if-snoscooter-delkasko"", ""factKey"": ""snoscooter.ansvar.dekning"", ""page"": 4, ""section"": ""4.1 og 11""}, {""providerId"": ""if"", ""insuranceType"": ""Snøscooter"", ""productId"": ""if-snoscooter-delkasko"", ""factKey"": ""snoscooter.ulykke.dekning"", ""page"": 4, ""section"": ""4.1 og 11""}, {""providerId"": ""if"", ""insuranceType"": ""Snøscooter"", ""productId"": ""if-snoscooter-delkasko"", ""factKey"": ""snoscooter.rettshjelp.egenandel"", ""page"": 19, ""section"": ""8.5.2""}, {""providerId"": ""if"", ""insuranceType"": ""Snøscooter"", ""productId"": ""if-snoscooter-delkasko"", ""factKey"": ""snoscooter.rettshjelp.dekning"", ""page"": 24, ""section"": ""12""}, {""providerId"": ""if"", ""insuranceType"": ""Snøscooter"", ""productId"": ""if-snoscooter-delkasko"", ""factKey"": ""snoscooter.ansvar.dekning"", ""page"": 4, ""section"": ""4.1 og 11""}, {""providerId"": ""if"", ""insuranceType"": ""Snøscooter"", ""productId"": ""if-snoscooter-delkasko"", ""factKey"": ""snoscooter.ulykke.dekning"", ""page"": 4, ""section"": ""4.1 og 11""}, {""providerId"": ""if"", ""insuranceType"": ""Snøscooter"", ""productId"": ""if-snoscooter-delkasko"", ""factKey"": ""snoscooter.brann.dekning"", ""page"": 4, ""section"": ""4.2–4.3""}, {""providerId"": ""if"", ""insuranceType"": ""Snøscooter"", ""productId"": ""if-snoscooter-delkasko"", ""factKey"": ""snoscooter.tyveri.dekning"", ""page"": 4, ""section"": ""4.2–4.3""}, {""providerId"": ""if"", ""insuranceType"": ""Snøscooter"", ""productId"": ""if-snoscooter-delkasko"", ""factKey"": ""snoscooter.brann.egenandel"", ""page"": 19, ""section"": ""8.5.3""}, {""providerId"": ""if"", ""insuranceType"": ""Snøscooter"", ""productId"": ""if-snoscooter-delkasko"", ""factKey"": ""snoscooter.tyveri.egenandel"", ""page"": 19, ""section"": ""8.5.3""}, {""providerId"": ""if"", ""insuranceType"": ""Snøscooter"", ""productId"": ""if-snoscooter-delkasko"", ""factKey"": ""snoscooter.rettshjelp.egenandel"", ""page"": 19, ""section"": ""8.5.2""}, {""providerId"": ""if"", ""insuranceType"": ""Snøscooter"", ""productId"": ""if-snoscooter-kasko"", ""factKey"": ""snoscooter.rettshjelp.dekning"", ""page"": 24, ""section"": ""12""}, {""providerId"": ""if"", ""insuranceType"": ""Snøscooter"", ""productId"": ""if-snoscooter-kasko"", ""factKey"": ""snoscooter.ansvar.dekning"", ""page"": 4, ""section"": ""4.1 og 11""}, {""providerId"": ""if"", ""insuranceType"": ""Snøscooter"", ""productId"": ""if-snoscooter-kasko"", ""factKey"": ""snoscooter.ulykke.dekning"", ""page"": 4, ""section"": ""4.1 og 11""}, {""providerId"": ""if"", ""insuranceType"": ""Snøscooter"", ""productId"": ""if-snoscooter-kasko"", ""factKey"": ""snoscooter.rettshjelp.egenandel"", ""page"": 19, ""section"": ""8.5.2""}, {""providerId"": ""if"", ""insuranceType"": ""Snøscooter"", ""productId"": ""if-snoscooter-kasko"", ""factKey"": ""snoscooter.rettshjelp.dekning"", ""page"": 24, ""section"": ""12""}, {""providerId"": ""if"", ""insuranceType"": ""Snøscooter"", ""productId"": ""if-snoscooter-kasko"", ""factKey"": ""snoscooter.ansvar.dekning"", ""page"": 4, ""section"": ""4.1 og 11""}, {""providerId"": ""if"", ""insuranceType"": ""Snøscooter"", ""productId"": ""if-snoscooter-kasko"", ""factKey"": ""snoscooter.ulykke.dekning"", ""page"": 4, ""section"": ""4.1 og 11""}, {""providerId"": ""if"", ""insuranceType"": ""Snøscooter"", ""productId"": ""if-snoscooter-kasko"", ""factKey"": ""snoscooter.brann.dekning"", ""page"": 4, ""section"": ""4.2–4.3""}, {""providerId"": ""if"", ""insuranceType"": ""Snøscooter"", ""productId"": ""if-snoscooter-kasko"", ""factKey"": ""snoscooter.tyveri.dekning"", ""page"": 4, ""section"": ""4.2–4.3""}, {""providerId"": ""if"", ""insuranceType"": ""Snøscooter"", ""productId"": ""if-snoscooter-kasko"", ""factKey"": ""snoscooter.brann.egenandel"", ""page"": 19, ""section"": ""8.5.3""}, {""providerId"": ""if"", ""insuranceType"": ""Snøscooter"", ""productId"": ""if-snoscooter-kasko"", ""factKey"": ""snoscooter.tyveri.egenandel"", ""page"": 19, ""section"": ""8.5.3""}, {""providerId"": ""if"", ""insuranceType"": ""Snøscooter"", ""productId"": ""if-snoscooter-kasko"", ""factKey"": ""snoscooter.rettshjelp.egenandel"", ""page"": 19, ""section"": ""8.5.2""}, {""providerId"": ""if"", ""insuranceType"": ""Snøscooter"", ""productId"": ""if-snoscooter-kasko"", ""factKey"": ""snoscooter.rettshjelp.dekning"", ""page"": 24, ""section"": ""12""}, {""providerId"": ""if"", ""insuranceType"": ""Snøscooter"", ""productId"": ""if-snoscooter-kasko"", ""factKey"": ""snoscooter.ansvar.dekning"", ""page"": 4, ""section"": ""4.1 og 11""}, {""providerId"": ""if"", ""insuranceType"": ""Snøscooter"", ""productId"": ""if-snoscooter-kasko"", ""factKey"": ""snoscooter.ulykke.dekning"", ""page"": 4, ""section"": ""4.1 og 11""}, {""providerId"": ""if"", ""insuranceType"": ""Snøscooter"", ""productId"": ""if-snoscooter-kasko"", ""factKey"": ""snoscooter.brann.dekning"", ""page"": 4, ""section"": ""4.2–4.3""}, {""providerId"": ""if"", ""insuranceType"": ""Snøscooter"", ""productId"": ""if-snoscooter-kasko"", ""factKey"": ""snoscooter.tyveri.dekning"", ""page"": 4, ""section"": ""4.2–4.3""}, {""providerId"": ""if"", ""insuranceType"": ""Snøscooter"", ""productId"": ""if-snoscooter-kasko"", ""factKey"": ""snoscooter.kasko.dekning"", ""page"": 6, ""section"": ""4.8""}, {""providerId"": ""if"", ""insuranceType"": ""Snøscooter"", ""productId"": ""if-snoscooter-kasko"", ""factKey"": ""snoscooter.brann.egenandel"", ""page"": 19, ""section"": ""8.5.3""}, {""providerId"": ""if"", ""insuranceType"": ""Snøscooter"", ""productId"": ""if-snoscooter-kasko"", ""factKey"": ""snoscooter.tyveri.egenandel"", ""page"": 19, ""section"": ""8.5.3""}, {""providerId"": ""if"", ""insuranceType"": ""Snøscooter"", ""productId"": ""if-snoscooter-kasko"", ""factKey"": ""snoscooter.rettshjelp.egenandel"", ""page"": 19, ""section"": ""8.5.2""}, {""providerId"": ""if"", ""insuranceType"": ""Campingvogn"", ""productId"": ""if-campingvogn-delkasko"", ""factKey"": ""campingvogn.rettshjelp.dekning"", ""page"": 24, ""section"": ""12""}, {""providerId"": ""if"", ""insuranceType"": ""Campingvogn"", ""productId"": ""if-campingvogn-delkasko"", ""factKey"": ""campingvogn.brann.dekning"", ""page"": 4, ""section"": ""4.2–4.3""}, {""providerId"": ""if"", ""insuranceType"": ""Campingvogn"", ""productId"": ""if-campingvogn-delkasko"", ""factKey"": ""campingvogn.tyveri.dekning"", ""page"": 4, ""section"": ""4.2–4.3""}, {""providerId"": ""if"", ""insuranceType"": ""Campingvogn"", ""productId"": ""if-campingvogn-delkasko"", ""factKey"": ""campingvogn.brann.egenandel"", ""page"": 19, ""section"": ""8.5.3""}, {""providerId"": ""if"", ""insuranceType"": ""Campingvogn"", ""productId"": ""if-campingvogn-delkasko"", ""factKey"": ""campingvogn.tyveri.egenandel"", ""page"": 19, ""section"": ""8.5.3""}, {""providerId"": ""if"", ""insuranceType"": ""Campingvogn"", ""productId"": ""if-campingvogn-delkasko"", ""factKey"": ""campingvogn.rettshjelp.egenandel"", ""page"": 19, ""section"": ""8.5.2""}, {""providerId"": ""if"", ""insuranceType"": ""Campingvogn"", ""productId"": ""if-campingvogn-delkasko"", ""factKey"": ""campingvogn.glass.dekning"", ""page"": 5, ""section"": ""4.5–4.6""}, {""providerId"": ""if"", ""insuranceType"": ""Campingvogn"", ""productId"": ""if-campingvogn-delkasko"", ""factKey"": ""campingvogn.naturskade.dekning"", ""page"": 5, ""section"": ""4.5–4.6""}, {""providerId"": ""if"", ""insuranceType"": ""Campingvogn"", ""productId"": ""if-campingvogn-delkasko"", ""factKey"": ""campingvogn.glass.egenandel"", ""page"": 19, ""section"": ""8.5.4""}, {""providerId"": ""if"", ""insuranceType"": ""Campingvogn"", ""productId"": ""if-campingvogn-kasko"", ""factKey"": ""campingvogn.rettshjelp.dekning"", ""page"": 24, ""section"": ""12""}, {""providerId"": ""if"", ""insuranceType"": ""Campingvogn"", ""productId"": ""if-campingvogn-kasko"", ""factKey"": ""campingvogn.brann.dekning"", ""page"": 4, ""section"": ""4.2–4.3""}, {""providerId"": ""if"", ""insuranceType"": ""Campingvogn"", ""productId"": ""if-campingvogn-kasko"", ""factKey"": ""campingvogn.tyveri.dekning"", ""page"": 4, ""section"": ""4.2–4.3""}, {""providerId"": ""if"", ""insuranceType"": ""Campingvogn"", ""productId"": ""if-campingvogn-kasko"", ""factKey"": ""campingvogn.brann.egenandel"", ""page"": 19, ""section"": ""8.5.3""}, {""providerId"": ""if"", ""insuranceType"": ""Campingvogn"", ""productId"": ""if-campingvogn-kasko"", ""factKey"": ""campingvogn.tyveri.egenandel"", ""page"": 19, ""section"": ""8.5.3""}, {""providerId"": ""if"", ""insuranceType"": ""Campingvogn"", ""productId"": ""if-campingvogn-kasko"", ""factKey"": ""campingvogn.rettshjelp.egenandel"", ""page"": 19, ""section"": ""8.5.2""}, {""providerId"": ""if"", ""insuranceType"": ""Campingvogn"", ""productId"": ""if-campingvogn-kasko"", ""factKey"": ""campingvogn.glass.dekning"", ""page"": 5, ""section"": ""4.5–4.6""}, {""providerId"": ""if"", ""insuranceType"": ""Campingvogn"", ""productId"": ""if-campingvogn-kasko"", ""factKey"": ""campingvogn.naturskade.dekning"", ""page"": 5, ""section"": ""4.5–4.6""}, {""providerId"": ""if"", ""insuranceType"": ""Campingvogn"", ""productId"": ""if-campingvogn-kasko"", ""factKey"": ""campingvogn.glass.egenandel"", ""page"": 19, ""section"": ""8.5.4""}, {""providerId"": ""if"", ""insuranceType"": ""Campingvogn"", ""productId"": ""if-campingvogn-kasko"", ""factKey"": ""campingvogn.rettshjelp.dekning"", ""page"": 24, ""section"": ""12""}, {""providerId"": ""if"", ""insuranceType"": ""Campingvogn"", ""productId"": ""if-campingvogn-kasko"", ""factKey"": ""campingvogn.brann.dekning"", ""page"": 4, ""section"": ""4.2–4.3""}, {""providerId"": ""if"", ""insuranceType"": ""Campingvogn"", ""productId"": ""if-campingvogn-kasko"", ""factKey"": ""campingvogn.tyveri.dekning"", ""page"": 4, ""section"": ""4.2–4.3""}, {""providerId"": ""if"", ""insuranceType"": ""Campingvogn"", ""productId"": ""if-campingvogn-kasko"", ""factKey"": ""campingvogn.kasko.dekning"", ""page"": 6, ""section"": ""4.8""}, {""providerId"": ""if"", ""insuranceType"": ""Campingvogn"", ""productId"": ""if-campingvogn-kasko"", ""factKey"": ""campingvogn.brann.egenandel"", ""page"": 19, ""section"": ""8.5.3""}, {""providerId"": ""if"", ""insuranceType"": ""Campingvogn"", ""productId"": ""if-campingvogn-kasko"", ""factKey"": ""campingvogn.tyveri.egenandel"", ""page"": 19, ""section"": ""8.5.3""}, {""providerId"": ""if"", ""insuranceType"": ""Campingvogn"", ""productId"": ""if-campingvogn-kasko"", ""factKey"": ""campingvogn.rettshjelp.egenandel"", ""page"": 19, ""section"": ""8.5.2""}, {""providerId"": ""if"", ""insuranceType"": ""Campingvogn"", ""productId"": ""if-campingvogn-kasko"", ""factKey"": ""campingvogn.glass.dekning"", ""page"": 5, ""section"": ""4.5–4.6""}, {""providerId"": ""if"", ""insuranceType"": ""Campingvogn"", ""productId"": ""if-campingvogn-kasko"", ""factKey"": ""campingvogn.naturskade.dekning"", ""page"": 5, ""section"": ""4.5–4.6""}, {""providerId"": ""if"", ""insuranceType"": ""Campingvogn"", ""productId"": ""if-campingvogn-kasko"", ""factKey"": ""campingvogn.glass.egenandel"", ""page"": 19, ""section"": ""8.5.4""}, {""providerId"": ""if"", ""insuranceType"": ""Campingvogn"", ""productId"": ""if-campingvogn-super"", ""factKey"": ""campingvogn.rettshjelp.dekning"", ""page"": 24, ""section"": ""12""}, {""providerId"": ""if"", ""insuranceType"": ""Campingvogn"", ""productId"": ""if-campingvogn-super"", ""factKey"": ""campingvogn.brann.dekning"", ""page"": 4, ""section"": ""4.2–4.3""}, {""providerId"": ""if"", ""insuranceType"": ""Campingvogn"", ""productId"": ""if-campingvogn-super"", ""factKey"": ""campingvogn.tyveri.dekning"", ""page"": 4, ""section"": ""4.2–4.3""}, {""providerId"": ""if"", ""insuranceType"": ""Campingvogn"", ""productId"": ""if-campingvogn-super"", ""factKey"": ""campingvogn.brann.egenandel"", ""page"": 19, ""section"": ""8.5.3""}, {""providerId"": ""if"", ""insuranceType"": ""Campingvogn"", ""productId"": ""if-campingvogn-super"", ""factKey"": ""campingvogn.tyveri.egenandel"", ""page"": 19, ""section"": ""8.5.3""}, {""providerId"": ""if"", ""insuranceType"": ""Campingvogn"", ""productId"": ""if-campingvogn-super"", ""factKey"": ""campingvogn.rettshjelp.egenandel"", ""page"": 19, ""section"": ""8.5.2""}, {""providerId"": ""if"", ""insuranceType"": ""Campingvogn"", ""productId"": ""if-campingvogn-super"", ""factKey"": ""campingvogn.glass.dekning"", ""page"": 5, ""section"": ""4.5–4.6""}, {""providerId"": ""if"", ""insuranceType"": ""Campingvogn"", ""productId"": ""if-campingvogn-super"", ""factKey"": ""campingvogn.naturskade.dekning"", ""page"": 5, ""section"": ""4.5–4.6""}, {""providerId"": ""if"", ""insuranceType"": ""Campingvogn"", ""productId"": ""if-campingvogn-super"", ""factKey"": ""campingvogn.glass.egenandel"", ""page"": 19, ""section"": ""8.5.4""}, {""providerId"": ""if"", ""insuranceType"": ""Campingvogn"", ""productId"": ""if-campingvogn-super"", ""factKey"": ""campingvogn.rettshjelp.dekning"", ""page"": 24, ""section"": ""12""}, {""providerId"": ""if"", ""insuranceType"": ""Campingvogn"", ""productId"": ""if-campingvogn-super"", ""factKey"": ""campingvogn.brann.dekning"", ""page"": 4, ""section"": ""4.2–4.3""}, {""providerId"": ""if"", ""insuranceType"": ""Campingvogn"", ""productId"": ""if-campingvogn-super"", ""factKey"": ""campingvogn.tyveri.dekning"", ""page"": 4, ""section"": ""4.2–4.3""}, {""providerId"": ""if"", ""insuranceType"": ""Campingvogn"", ""productId"": ""if-campingvogn-super"", ""factKey"": ""campingvogn.kasko.dekning"", ""page"": 6, ""section"": ""4.8""}, {""providerId"": ""if"", ""insuranceType"": ""Campingvogn"", ""productId"": ""if-campingvogn-super"", ""factKey"": ""campingvogn.brann.egenandel"", ""page"": 19, ""section"": ""8.5.3""}, {""providerId"": ""if"", ""insuranceType"": ""Campingvogn"", ""productId"": ""if-campingvogn-super"", ""factKey"": ""campingvogn.tyveri.egenandel"", ""page"": 19, ""section"": ""8.5.3""}, {""providerId"": ""if"", ""insuranceType"": ""Campingvogn"", ""productId"": ""if-campingvogn-super"", ""factKey"": ""campingvogn.rettshjelp.egenandel"", ""page"": 19, ""section"": ""8.5.2""}, {""providerId"": ""if"", ""insuranceType"": ""Campingvogn"", ""productId"": ""if-campingvogn-super"", ""factKey"": ""campingvogn.glass.dekning"", ""page"": 5, ""section"": ""4.5–4.6""}, {""providerId"": ""if"", ""insuranceType"": ""Campingvogn"", ""productId"": ""if-campingvogn-super"", ""factKey"": ""campingvogn.naturskade.dekning"", ""page"": 5, ""section"": ""4.5–4.6""}, {""providerId"": ""if"", ""insuranceType"": ""Campingvogn"", ""productId"": ""if-campingvogn-super"", ""factKey"": ""campingvogn.glass.egenandel"", ""page"": 19, ""section"": ""8.5.4""}, {""providerId"": ""if"", ""insuranceType"": ""Campingvogn"", ""productId"": ""if-campingvogn-super"", ""factKey"": ""campingvogn.rettshjelp.dekning"", ""page"": 24, ""section"": ""12""}, {""providerId"": ""if"", ""insuranceType"": ""Campingvogn"", ""productId"": ""if-campingvogn-super"", ""factKey"": ""campingvogn.brann.dekning"", ""page"": 4, ""section"": ""4.2–4.3""}, {""providerId"": ""if"", ""insuranceType"": ""Campingvogn"", ""productId"": ""if-campingvogn-super"", ""factKey"": ""campingvogn.tyveri.dekning"", ""page"": 4, ""section"": ""4.2–4.3""}, {""providerId"": ""if"", ""insuranceType"": ""Campingvogn"", ""productId"": ""if-campingvogn-super"", ""factKey"": ""campingvogn.kasko.dekning"", ""page"": 6, ""section"": ""4.8""}, {""providerId"": ""if"", ""insuranceType"": ""Campingvogn"", ""productId"": ""if-campingvogn-super"", ""factKey"": ""campingvogn.brann.egenandel"", ""page"": 19, ""section"": ""8.5.3""}, {""providerId"": ""if"", ""insuranceType"": ""Campingvogn"", ""productId"": ""if-campingvogn-super"", ""factKey"": ""campingvogn.tyveri.egenandel"", ""page"": 19, ""section"": ""8.5.3""}, {""providerId"": ""if"", ""insuranceType"": ""Campingvogn"", ""productId"": ""if-campingvogn-super"", ""factKey"": ""campingvogn.rettshjelp.egenandel"", ""page"": 19, ""section"": ""8.5.2""}, {""providerId"": ""if"", ""insuranceType"": ""Campingvogn"", ""productId"": ""if-campingvogn-super"", ""factKey"": ""campingvogn.glass.dekning"", ""page"": 5, ""section"": ""4.5–4.6""}, {""providerId"": ""if"", ""insuranceType"": ""Campingvogn"", ""productId"": ""if-campingvogn-super"", ""factKey"": ""campingvogn.naturskade.dekning"", ""page"": 5, ""section"": ""4.5–4.6""}, {""providerId"": ""if"", ""insuranceType"": ""Campingvogn"", ""productId"": ""if-campingvogn-super"", ""factKey"": ""campingvogn.glass.egenandel"", ""page"": 19, ""section"": ""8.5.4""}, {""providerId"": ""if"", ""insuranceType"": ""Tilhenger"", ""productId"": ""if-tilhenger-delkasko"", ""factKey"": ""tilhenger.rettshjelp.dekning"", ""page"": 24, ""section"": ""12""}, {""providerId"": ""if"", ""insuranceType"": ""Tilhenger"", ""productId"": ""if-tilhenger-delkasko"", ""factKey"": ""tilhenger.brann.dekning"", ""page"": 4, ""section"": ""4.2–4.3""}, {""providerId"": ""if"", ""insuranceType"": ""Tilhenger"", ""productId"": ""if-tilhenger-delkasko"", ""factKey"": ""tilhenger.tyveri.dekning"", ""page"": 4, ""section"": ""4.2–4.3""}, {""providerId"": ""if"", ""insuranceType"": ""Tilhenger"", ""productId"": ""if-tilhenger-delkasko"", ""factKey"": ""tilhenger.brann.egenandel"", ""page"": 19, ""section"": ""8.5.3""}, {""providerId"": ""if"", ""insuranceType"": ""Tilhenger"", ""productId"": ""if-tilhenger-delkasko"", ""factKey"": ""tilhenger.tyveri.egenandel"", ""page"": 19, ""section"": ""8.5.3""}, {""providerId"": ""if"", ""insuranceType"": ""Tilhenger"", ""productId"": ""if-tilhenger-delkasko"", ""factKey"": ""tilhenger.rettshjelp.egenandel"", ""page"": 19, ""section"": ""8.5.2""}, {""providerId"": ""if"", ""insuranceType"": ""Tilhenger"", ""productId"": ""if-tilhenger-kasko"", ""factKey"": ""tilhenger.rettshjelp.dekning"", ""page"": 24, ""section"": ""12""}, {""providerId"": ""if"", ""insuranceType"": ""Tilhenger"", ""productId"": ""if-tilhenger-kasko"", ""factKey"": ""tilhenger.brann.dekning"", ""page"": 4, ""section"": ""4.2–4.3""}, {""providerId"": ""if"", ""insuranceType"": ""Tilhenger"", ""productId"": ""if-tilhenger-kasko"", ""factKey"": ""tilhenger.tyveri.dekning"", ""page"": 4, ""section"": ""4.2–4.3""}, {""providerId"": ""if"", ""insuranceType"": ""Tilhenger"", ""productId"": ""if-tilhenger-kasko"", ""factKey"": ""tilhenger.brann.egenandel"", ""page"": 19, ""section"": ""8.5.3""}, {""providerId"": ""if"", ""insuranceType"": ""Tilhenger"", ""productId"": ""if-tilhenger-kasko"", ""factKey"": ""tilhenger.tyveri.egenandel"", ""page"": 19, ""section"": ""8.5.3""}, {""providerId"": ""if"", ""insuranceType"": ""Tilhenger"", ""productId"": ""if-tilhenger-kasko"", ""factKey"": ""tilhenger.rettshjelp.egenandel"", ""page"": 19, ""section"": ""8.5.2""}, {""providerId"": ""if"", ""insuranceType"": ""Tilhenger"", ""productId"": ""if-tilhenger-kasko"", ""factKey"": ""tilhenger.rettshjelp.dekning"", ""page"": 24, ""section"": ""12""}, {""providerId"": ""if"", ""insuranceType"": ""Tilhenger"", ""productId"": ""if-tilhenger-kasko"", ""factKey"": ""tilhenger.brann.dekning"", ""page"": 4, ""section"": ""4.2–4.3""}, {""providerId"": ""if"", ""insuranceType"": ""Tilhenger"", ""productId"": ""if-tilhenger-kasko"", ""factKey"": ""tilhenger.tyveri.dekning"", ""page"": 4, ""section"": ""4.2–4.3""}, {""providerId"": ""if"", ""insuranceType"": ""Tilhenger"", ""productId"": ""if-tilhenger-kasko"", ""factKey"": ""tilhenger.kasko.dekning"", ""page"": 6, ""section"": ""4.8""}, {""providerId"": ""if"", ""insuranceType"": ""Tilhenger"", ""productId"": ""if-tilhenger-kasko"", ""factKey"": ""tilhenger.brann.egenandel"", ""page"": 19, ""section"": ""8.5.3""}, {""providerId"": ""if"", ""insuranceType"": ""Tilhenger"", ""productId"": ""if-tilhenger-kasko"", ""factKey"": ""tilhenger.tyveri.egenandel"", ""page"": 19, ""section"": ""8.5.3""}, {""providerId"": ""if"", ""insuranceType"": ""Tilhenger"", ""productId"": ""if-tilhenger-kasko"", ""factKey"": ""tilhenger.rettshjelp.egenandel"", ""page"": 19, ""section"": ""8.5.2""}]}], ""runtime_source_ids"": [""mcb:if:mc:if-MOT2-2.pdf"", ""mcb:if:bobil:if-MOT2-2.pdf"", ""vehicle:if-Vilkaar-4103ea25.pdf""]}, {""path"": ""catalog/sources/vehicle-extensions/if-Vilkaar-b7d19ed7.pdf"", ""sha256"": ""ec5d7fd0a585c1b1a0ee23cad31fc135ebcf35d1f67c5f559e15e378aa171743"", ""manifest"": [{""manifest"": ""catalog/sources/vehicle-extensions/manifest.json"", ""urls"": [""https://if.no/apps/vilkarsbasendokument/Vilkaar?vilkaar=SV709""], ""resolvedUrl"": ""https://if.no/apps/vilkarsbasendokument/Vilkaar?vilkaar=SV709"", ""providerId"": ""if"", ""filename"": ""if-Vilkaar-b7d19ed7.pdf"", ""documentType"": ""terms"", ""documentNumber"": ""S-709"", ""version"": null, ""validFrom"": ""1991-01"", ""replacesVersion"": null, ""retrievedAt"": ""2026-09-23"", ""sha256"": ""ec5d7fd0a585c1b1a0ee23cad31fc135ebcf35d1f67c5f559e15e378aa171743"", ""validity"": ""current_official_link"", ""documentName"": ""VOGNSKADEFORSIKRING FOR TILHENGER. (S-709) Vognskadeforsikring for tilhenger (1991/01). 1 Forsikringen omfatter gjenans"", ""pages"": 2, ""components"": [], ""catalogUsage"": [{""providerId"": ""if"", ""insuranceType"": ""Tilhenger"", ""productId"": ""if-tilhenger-delkasko"", ""factKey"": ""tilhenger.avtale.forsikringssum"", ""page"": 1, ""section"": ""1""}, {""providerId"": ""if"", ""insuranceType"": ""Tilhenger"", ""productId"": ""if-tilhenger-kasko"", ""factKey"": ""tilhenger.avtale.forsikringssum"", ""page"": 1, ""section"": ""1""}, {""providerId"": ""if"", ""insuranceType"": ""Tilhenger"", ""productId"": ""if-tilhenger-kasko"", ""factKey"": ""tilhenger.avtale.forsikringssum"", ""page"": 1, ""section"": ""1""}]}], ""runtime_source_ids"": [""vehicle:if-Vilkaar-b7d19ed7.pdf""]}, {""path"": ""catalog/sources/vehicle-extensions/if-tilhengerforsikring.html"", ""sha256"": ""108b76bd8b930752effa94f7d564f0199829537592a10b5fae9336bb613bceff"", ""manifest"": [{""manifest"": ""catalog/sources/vehicle-extensions/manifest.json"", ""urls"": [""https://www.if.no/privat/forsikring/kjoretoy/tilhengerforsikring""], ""resolvedUrl"": ""https://www.if.no/privat/forsikring/kjoretoy/tilhengerforsikring"", ""providerId"": ""if"", ""filename"": ""if-tilhengerforsikring.html"", ""documentType"": ""product_page"", ""documentNumber"": null, ""version"": null, ""validFrom"": null, ""replacesVersion"": null, ""retrievedAt"": ""2026-09-23"", ""sha256"": ""108b76bd8b930752effa94f7d564f0199829537592a10b5fae9336bb613bceff"", ""validity"": ""current_link_date_unknown"", ""documentName"": ""if-tilhengerforsikring.html"", ""catalogUsage"": []}], ""runtime_source_ids"": [""vehicle:if-tilhengerforsikring.html""]}]",Do not pick a value or inclusive boundary; preserve exact uncertainty until dated applicability is established.
SC-041,SOURCE_CONFLICT_REVIEW_REQUIRED,OPEN_RETAINED,SR-041,if,Campingvogn,Tilbygg Delkasko,SV707§1inkluderer40kuteneksplisittminstenivå; web begrenser Kasko/Super. Ikke anta Delkaskotilbygg.,"[{""path"": ""catalog/sources/mc-bobil/if-SV707.pdf"", ""sha256"": ""a4e2c6ecafc88fafbb5a0e194a373c4e2953b920d2947582352bdf845a03154e"", ""manifest"": [{""manifest"": ""catalog/sources/mc-bobil/tryg-if-manifest.json"", ""providerId"": ""if"", ""filename"": ""if-SV707.pdf"", ""url"": ""https://if.no/apps/vilkarsbasendokument/Vilkaar?vilkaar=SV707"", ""insuranceTypes"": [""bobil""], ""documentType"": ""terms"", ""sha256"": ""a4e2c6ecafc88fafbb5a0e194a373c4e2953b920d2947582352bdf845a03154e"", ""resolvedUrl"": ""https://if.no/apps/vilkarsbasendokument/Vilkaar?vilkaar=SV707"", ""retrievedAt"": ""2026-09-28"", ""agreementScope"": ""ordinary"", ""documentNumber"": ""SV707"", ""version"": ""2022-06"", ""validFrom"": ""2022-06"", ""validity"": ""current_link_effective"", ""localPath"": ""catalog/sources/mc-bobil/if-SV707.pdf"", ""reusedExistingArtifact"": false, ""pageCount"": 5, ""documentName"": ""Særvilkår for Campingvogn og bobil"", ""catalogUsage"": [{""componentId"": ""if-bobil-delkasko"", ""canonicalKeys"": [""bobil.fortelt.dekning"", ""bobil.fortelt.grense"", ""bobil.fortelt.begrensning"", ""bobil.losore.begrensning""]}, {""componentId"": ""if-bobil-kasko"", ""canonicalKeys"": [""bobil.fortelt.dekning"", ""bobil.fortelt.grense"", ""bobil.fortelt.begrensning"", ""bobil.losore.begrensning"", ""kasko.begrensning""]}, {""componentId"": ""if-bobil-super"", ""canonicalKeys"": [""utstyr.grense"", ""bobil.losore.grense"", ""bobil.fortelt.dekning"", ""bobil.fortelt.grense"", ""bobil.fortelt.begrensning"", ""bobil.losore.begrensning"", ""kasko.begrensning"", ""bobil.vann.dekning"", ""bobil.vann.begrensning"", ""bobil.fukt.alder"", ""bobil.fukt.dekning"", ""bobil.fukt.kontroll"", ""bobil.fukt.begrensning"", ""bobil.feriegaranti.dekning"", ""bobil.feriegaranti.dagsbelop"", ""bobil.feriegaranti.dager"", ""bobil.feriegaranti.begrensning"", ""bobil.skadedyr.dekning"", ""bobil.skadedyr.begrensning""]}, {""componentId"": ""if-bobil-leiebil"", ""canonicalKeys"": [""leiebil.dekning"", ""leiebil.dager""]}, {""componentId"": ""if-bobil-motor-gir"", ""canonicalKeys"": [""maskinskade.dekning""]}], ""sourceIds"": [""mcb:if:bobil:if-SV707.pdf""]}], ""runtime_source_ids"": [""mcb:if:bobil:if-SV707.pdf""]}, {""path"": ""catalog/sources/vehicle-extensions/if-campingvognforsikring.html"", ""sha256"": ""aad3994299dd6f12a8603e98a17d9a4d7a528f1443bd47f9250aaf6cc8be8943"", ""manifest"": [{""manifest"": ""catalog/sources/vehicle-extensions/manifest.json"", ""urls"": [""https://www.if.no/privat/forsikring/kjoretoy/campingvognforsikring""], ""resolvedUrl"": ""https://www.if.no/privat/forsikring/kjoretoy/campingvognforsikring"", ""providerId"": ""if"", ""filename"": ""if-campingvognforsikring.html"", ""documentType"": ""product_page"", ""documentNumber"": null, ""version"": null, ""validFrom"": null, ""replacesVersion"": null, ""retrievedAt"": ""2026-09-23"", ""sha256"": ""aad3994299dd6f12a8603e98a17d9a4d7a528f1443bd47f9250aaf6cc8be8943"", ""validity"": ""current_link_date_unknown"", ""documentName"": ""if-campingvognforsikring.html"", ""catalogUsage"": []}], ""runtime_source_ids"": [""vehicle:if-campingvognforsikring.html""]}]",Do not pick a value or inclusive boundary; preserve exact uncertainty until dated applicability is established.
SC-042,SOURCE_CONFLICT_REVIEW_REQUIRED,OPEN_RETAINED,SR-043,if,Hus,Product level names and intermediate-tier scope,BGN1-0 September2023 andHTML explicitlyBasis/Utvidet/Super;IPIDundatedStandard/Super omitsUtvidet. Full/websupportexactimplemented3levels;IPIDcannotproveStandard=Basis.,"[{""path"": ""catalog/sources/if/hus/Bygningsforsikring.pdf"", ""sha256"": ""9d2d36695c5677aea3e92ff8d395a9c5403f3d7d2afedb8e3447d9af21f526fe"", ""manifest"": [], ""runtime_source_ids"": [""ifHusTerms""]}, {""path"": ""catalog/sources/if/hus/IPID-Husforsikring.pdf"", ""sha256"": ""3fe4b557872a18229909a733213f3e1216d5bea3731dba692bc66c8b1c6b0028"", ""manifest"": [], ""runtime_source_ids"": [""ifHusIpid""]}, {""path"": ""catalog/sources/if/hus/Husforsikring-produktside.html"", ""sha256"": ""884b2b641c4defa1ed1db627de5ba4c12dba2fe6927deb919b8e5eef9cfb4e0b"", ""manifest"": [], ""runtime_source_ids"": [""ifHusProductPage""]}]",Do not pick a value or inclusive boundary; preserve exact uncertainty until dated applicability is established.
SC-043,SOURCE_CONFLICT_REVIEW_REQUIRED,OPEN_RETAINED,SR-051,if,Reise,Psykologisk førstehjelp: timer vs behandlinger,ERA3-4§5.2.10:inntil10timer;lokalproduktside:inntil10behandlinger. Not a proven safe equivalence.,"[{""path"": ""catalog/sources/if/reise/canonical/Helars-reiseforsikring-vilkar.pdf"", ""sha256"": ""1311ec0273592571c46ec37f2874791f420c900583e601c3ae95c0a1fda4b566"", ""manifest"": [], ""runtime_source_ids"": [""ifReiseTerms""]}, {""path"": ""catalog/sources/if/reise/canonical/Reiseforsikring-produktside.html"", ""sha256"": ""f389d97d9b9ddd9b05ba6273128eef5b36be9fa741af822fc4d2293d636b3be6"", ""manifest"": [], ""runtime_source_ids"": [""ifReiseProductPage""]}]",Do not pick a value or inclusive boundary; preserve exact uncertainty until dated applicability is established.
SC-044,SOURCE_CONFLICT_REVIEW_REQUIRED,OPEN_RETAINED,SR-040,if,Båt,Jolle/opplagsutstyr applicability Delkasko vs Kasko,Full§3.1unqualifiedobjects;IPID1addsunderKasko. ExactDelkaskoapplicabilitycannotbesafelyflattened.,"[{""path"": ""catalog/sources/boat-pet/if-boat-terms.pdf"", ""sha256"": ""57e7aac8542dd10bfc92611f380b68754905b6808a66590307af86517c2072ae"", ""manifest"": [{""manifest"": ""catalog/sources/boat-pet/manifest.json"", ""providerId"": ""if"", ""filename"": ""if-boat-terms.pdf"", ""insuranceTypes"": [""båt""], ""agreementScope"": ""ordinary"", ""documentType"": ""full_terms"", ""sha256"": ""57e7aac8542dd10bfc92611f380b68754905b6808a66590307af86517c2072ae"", ""url"": ""https://www.if.no/privat/forsikring/kjoretoy/batforsikring"", ""retrievedAt"": ""2026-09-29"", ""localPath"": ""catalog/sources/boat-pet/if-boat-terms.pdf"", ""publicOfficialArtifact"": true}], ""runtime_source_ids"": [""boat-pet:if:båt""]}, {""path"": ""catalog/sources/boat-pet/if-boat-ipid.pdf"", ""sha256"": ""17dc38fceed95d293aeb6f978d52697405aeb1f29ac0e5cf3d817174f800ec0e"", ""manifest"": [{""manifest"": ""catalog/sources/boat-pet/manifest.json"", ""providerId"": ""if"", ""filename"": ""if-boat-ipid.pdf"", ""insuranceTypes"": [""båt""], ""agreementScope"": ""ordinary"", ""documentType"": ""ipid"", ""sha256"": ""17dc38fceed95d293aeb6f978d52697405aeb1f29ac0e5cf3d817174f800ec0e"", ""url"": ""https://www.if.no/privat/forsikring/kjoretoy/batforsikring"", ""retrievedAt"": ""2026-09-29"", ""localPath"": ""catalog/sources/boat-pet/if-boat-ipid.pdf"", ""publicOfficialArtifact"": true}], ""runtime_source_ids"": []}]",Do not pick a value or inclusive boundary; preserve exact uncertainty until dated applicability is established.
SC-045,SOURCE_CONFLICT_REVIEW_REQUIRED,OPEN_RETAINED,SR-047,if,Hund/Katt,Keisersnitt: minst vs mer enn ett år; færre enn to vs ikke flere enn to tidligere,Full5.1.6:minstettår/ikketoellerflere;IPID:merennettår/ikkeflereennto. Exactboundariesconflict.,"[{""path"": ""catalog/sources/boat-pet/if-dog-terms.pdf"", ""sha256"": ""d2372736a4d99d4c434ac87ea068c5051908742ae03e454220b6b1cc1d436c75"", ""manifest"": [{""manifest"": ""catalog/sources/boat-pet/manifest.json"", ""providerId"": ""if"", ""filename"": ""if-dog-terms.pdf"", ""insuranceTypes"": [""hund""], ""agreementScope"": ""ordinary"", ""documentType"": ""full_terms"", ""sha256"": ""d2372736a4d99d4c434ac87ea068c5051908742ae03e454220b6b1cc1d436c75"", ""url"": ""https://www.if.no/privat/forsikring/dyreforsikring/hundeforsikring"", ""retrievedAt"": ""2026-09-29"", ""localPath"": ""catalog/sources/boat-pet/if-dog-terms.pdf"", ""publicOfficialArtifact"": true}], ""runtime_source_ids"": [""boat-pet:if:hund""]}, {""path"": ""catalog/sources/boat-pet/if-dog-ipid.pdf"", ""sha256"": ""d5fae0029c457c6a094f9a8aa820323e7c88b3b0340ae960bbbb5dc5eda2cf10"", ""manifest"": [{""manifest"": ""catalog/sources/boat-pet/manifest.json"", ""providerId"": ""if"", ""filename"": ""if-dog-ipid.pdf"", ""insuranceTypes"": [""hund""], ""agreementScope"": ""ordinary"", ""documentType"": ""ipid"", ""sha256"": ""d5fae0029c457c6a094f9a8aa820323e7c88b3b0340ae960bbbb5dc5eda2cf10"", ""url"": ""https://www.if.no/privat/forsikring/dyreforsikring/hundeforsikring"", ""retrievedAt"": ""2026-09-29"", ""localPath"": ""catalog/sources/boat-pet/if-dog-ipid.pdf"", ""publicOfficialArtifact"": true}], ""runtime_source_ids"": []}, {""path"": ""catalog/sources/boat-pet/if-cat-terms.pdf"", ""sha256"": ""bcd631394fbfe7d0a6f0de3d7e79dc82aee2f5d5bb16d4a0b7192e177716abe7"", ""manifest"": [{""manifest"": ""catalog/sources/boat-pet/manifest.json"", ""providerId"": ""if"", ""filename"": ""if-cat-terms.pdf"", ""insuranceTypes"": [""katt""], ""agreementScope"": ""ordinary"", ""documentType"": ""full_terms"", ""sha256"": ""bcd631394fbfe7d0a6f0de3d7e79dc82aee2f5d5bb16d4a0b7192e177716abe7"", ""url"": ""https://www.if.no/privat/forsikring/dyreforsikring/katteforsikring"", ""retrievedAt"": ""2026-09-29"", ""localPath"": ""catalog/sources/boat-pet/if-cat-terms.pdf"", ""publicOfficialArtifact"": true}], ""runtime_source_ids"": [""boat-pet:if:katt""]}, {""path"": ""catalog/sources/boat-pet/if-cat-ipid.pdf"", ""sha256"": ""3704f9c1c2b00a97eadcf5afe8271aa5a7fc9dfdd0f85d8f5d78b2aebd5db978"", ""manifest"": [{""manifest"": ""catalog/sources/boat-pet/manifest.json"", ""providerId"": ""if"", ""filename"": ""if-cat-ipid.pdf"", ""insuranceTypes"": [""katt""], ""agreementScope"": ""ordinary"", ""documentType"": ""ipid"", ""sha256"": ""3704f9c1c2b00a97eadcf5afe8271aa5a7fc9dfdd0f85d8f5d78b2aebd5db978"", ""url"": ""https://www.if.no/privat/forsikring/dyreforsikring/katteforsikring"", ""retrievedAt"": ""2026-09-29"", ""localPath"": ""catalog/sources/boat-pet/if-cat-ipid.pdf"", ""publicOfficialArtifact"": true}], ""runtime_source_ids"": []}]",Do not pick a value or inclusive boundary; preserve exact uncertainty until dated applicability is established.
SC-046,SOURCE_CONFLICT_REVIEW_REQUIRED,OPEN_RETAINED,SR-067,tryg,MC,Geografiskområde,"PAU20900Jul2026EuropaeksklTyrkia;HTMLinklTyrkiaIsrael,SCOPEREVIEW","[{""path"": ""catalog/sources/mc-bobil/tryg-05PAU20900.pdf"", ""sha256"": ""4c65a011cc69f0fae49ff18d0a5f877b2d3aedfcdc1624c543d87f9ca03a2b35"", ""manifest"": [{""manifest"": ""catalog/sources/mc-bobil/tryg-if-manifest.json"", ""providerId"": ""tryg"", ""filename"": ""tryg-05PAU20900.pdf"", ""url"": ""https://www.tryg.no/odpdf?vilkNr=05PAU20900&vilk=Produktvilkaar-MC"", ""insuranceTypes"": [""mc""], ""documentType"": ""terms"", ""sha256"": ""4c65a011cc69f0fae49ff18d0a5f877b2d3aedfcdc1624c543d87f9ca03a2b35"", ""resolvedUrl"": ""https://www.tryg.no/odpdf?vilkNr=05PAU20900&vilk=Produktvilkaar-MC"", ""retrievedAt"": ""2026-09-28"", ""agreementScope"": ""ordinary"", ""documentNumber"": ""PAU20900"", ""version"": ""2026-07-01"", ""validFrom"": ""2026-07-01"", ""validity"": ""current_link_effective"", ""localPath"": ""catalog/sources/mc-bobil/tryg-05PAU20900.pdf"", ""reusedExistingArtifact"": false, ""pageCount"": 2, ""documentName"": ""PAU20900"", ""catalogUsage"": [{""componentId"": ""tryg-mc-ansvar"", ""canonicalKeys"": [""avtale.geografi"", ""rettshjelp.geografi""]}, {""componentId"": ""tryg-mc-delkasko"", ""canonicalKeys"": [""avtale.geografi"", ""rettshjelp.geografi""]}, {""componentId"": ""tryg-mc-kasko"", ""canonicalKeys"": [""avtale.geografi"", ""rettshjelp.geografi""]}, {""componentId"": ""tryg-mc-mc-ekstra"", ""canonicalKeys"": [""avtale.geografi"", ""rettshjelp.geografi""]}], ""sourceIds"": [""mcb:tryg:mc:tryg-05PAU20900.pdf""]}], ""runtime_source_ids"": [""mcb:tryg:mc:tryg-05PAU20900.pdf""]}, {""path"": ""catalog/sources/mc-bobil/tryg-mc-product.html"", ""sha256"": ""488ed14be555a30a6706e08bc81dc55d85d06cdcae7f0da7d5cd2f8b6b081b75"", ""manifest"": [{""manifest"": ""catalog/sources/mc-bobil/tryg-if-manifest.json"", ""providerId"": ""tryg"", ""filename"": ""tryg-mc-product.html"", ""url"": ""https://www.tryg.no/forsikringer/kjoretoy/mc-forsikring"", ""insuranceTypes"": [""mc""], ""documentType"": ""product_page"", ""sha256"": ""488ed14be555a30a6706e08bc81dc55d85d06cdcae7f0da7d5cd2f8b6b081b75"", ""resolvedUrl"": ""https://www.tryg.no/forsikringer/kjoretoy/mc-forsikring"", ""retrievedAt"": ""2026-09-28"", ""agreementScope"": ""ordinary"", ""documentNumber"": null, ""version"": null, ""validFrom"": null, ""validity"": ""current_link_date_unknown"", ""localPath"": ""catalog/sources/mc-bobil/tryg-mc-product.html"", ""reusedExistingArtifact"": false, ""catalogUsage"": [], ""sourceIds"": [""mcb:tryg:mc:tryg-mc-product.html""]}], ""runtime_source_ids"": [""mcb:tryg:mc:tryg-mc-product.html""]}]",Do not pick a value or inclusive boundary; preserve exact uncertainty until dated applicability is established.
SC-047,SOURCE_CONFLICT_REVIEW_REQUIRED,OPEN_RETAINED,SR-068,tryg,Bobil,Avregistrering,PAU18800Jul2026/IPIDApr2025sieralledekningeropphører;HTMLkunansvar/ulykke,"[{""path"": ""catalog/sources/mc-bobil/tryg-05PAU18800.pdf"", ""sha256"": ""2549ebec8fae718e4f8d3e8a1b46aacb359a3292f35dea71999ac1595cc53fec"", ""manifest"": [{""manifest"": ""catalog/sources/mc-bobil/tryg-if-manifest.json"", ""providerId"": ""tryg"", ""filename"": ""tryg-05PAU18800.pdf"", ""url"": ""https://www.tryg.no/odpdf?vilkNr=05PAU18800&vilk=Produktvilkaar-Bobil"", ""insuranceTypes"": [""bobil""], ""documentType"": ""terms"", ""sha256"": ""2549ebec8fae718e4f8d3e8a1b46aacb359a3292f35dea71999ac1595cc53fec"", ""resolvedUrl"": ""https://www.tryg.no/odpdf?vilkNr=05PAU18800&vilk=Produktvilkaar-Bobil"", ""retrievedAt"": ""2026-09-28"", ""agreementScope"": ""ordinary"", ""documentNumber"": ""PAU18800"", ""version"": ""2026-07-01"", ""validFrom"": ""2026-07-01"", ""validity"": ""current_link_effective"", ""localPath"": ""catalog/sources/mc-bobil/tryg-05PAU18800.pdf"", ""reusedExistingArtifact"": false, ""pageCount"": 2, ""documentName"": ""PAU18800"", ""catalogUsage"": [{""componentId"": ""tryg-bobil-ansvar"", ""canonicalKeys"": [""avtale.geografi"", ""rettshjelp.geografi""]}, {""componentId"": ""tryg-bobil-delkasko"", ""canonicalKeys"": [""avtale.geografi"", ""rettshjelp.geografi""]}, {""componentId"": ""tryg-bobil-kasko"", ""canonicalKeys"": [""avtale.geografi"", ""rettshjelp.geografi""]}, {""componentId"": ""tryg-bobil-bobil-ekstra"", ""canonicalKeys"": [""avtale.geografi"", ""rettshjelp.geografi""]}], ""sourceIds"": [""mcb:tryg:bobil:tryg-05PAU18800.pdf""]}], ""runtime_source_ids"": [""mcb:tryg:bobil:tryg-05PAU18800.pdf""]}, {""path"": ""catalog/sources/mc-bobil/tryg-bobil-ipid.pdf"", ""sha256"": ""ec3a019f57f6a8c424aa60611ddecbe4027f4768071668fc816cca1f64a07790"", ""manifest"": [{""manifest"": ""catalog/sources/mc-bobil/tryg-if-manifest.json"", ""providerId"": ""tryg"", ""filename"": ""tryg-bobil-ipid.pdf"", ""url"": ""https://www.tryg.no/system/files/download/pdf/ipid/IPID-Bobilforsikring.pdf"", ""insuranceTypes"": [""bobil""], ""documentType"": ""ipid"", ""sha256"": ""ec3a019f57f6a8c424aa60611ddecbe4027f4768071668fc816cca1f64a07790"", ""resolvedUrl"": ""https://www.tryg.no/system/files/download/pdf/ipid/IPID-Bobilforsikring.pdf"", ""retrievedAt"": ""2026-09-28"", ""agreementScope"": ""ordinary"", ""documentNumber"": null, ""version"": ""2025-04-01"", ""validFrom"": null, ""validity"": ""current_link_date_unknown"", ""localPath"": ""catalog/sources/mc-bobil/tryg-bobil-ipid.pdf"", ""reusedExistingArtifact"": false, ""pageCount"": 2, ""documentDate"": ""2025-04-01"", ""documentName"": ""tryg-bobil-ipid.pdf"", ""catalogUsage"": [], ""sourceIds"": [""mcb:tryg:bobil:tryg-bobil-ipid.pdf""]}], ""runtime_source_ids"": [""mcb:tryg:bobil:tryg-bobil-ipid.pdf""]}, {""path"": ""catalog/sources/mc-bobil/tryg-bobil-product.html"", ""sha256"": ""9bcce0eea60c4dd61628fb29d82d27c21ef8b1ee89f5bf3a9dfd86c8de10f385"", ""manifest"": [{""manifest"": ""catalog/sources/mc-bobil/tryg-if-manifest.json"", ""providerId"": ""tryg"", ""filename"": ""tryg-bobil-product.html"", ""url"": ""https://www.tryg.no/forsikringer/kjoretoy/bobilforsikring"", ""insuranceTypes"": [""bobil""], ""documentType"": ""product_page"", ""sha256"": ""9bcce0eea60c4dd61628fb29d82d27c21ef8b1ee89f5bf3a9dfd86c8de10f385"", ""resolvedUrl"": ""https://www.tryg.no/forsikringer/kjoretoy/bobilforsikring"", ""retrievedAt"": ""2026-09-28"", ""agreementScope"": ""ordinary"", ""documentNumber"": null, ""version"": null, ""validFrom"": null, ""validity"": ""current_link_date_unknown"", ""localPath"": ""catalog/sources/mc-bobil/tryg-bobil-product.html"", ""reusedExistingArtifact"": false, ""catalogUsage"": [], ""sourceIds"": [""mcb:tryg:bobil:tryg-bobil-product.html""]}], ""runtime_source_ids"": [""mcb:tryg:bobil:tryg-bobil-product.html""]}]",Do not pick a value or inclusive boundary; preserve exact uncertainty until dated applicability is established.
SC-048,SOURCE_CONFLICT_REVIEW_REQUIRED,OPEN_RETAINED,SR-068,tryg,Bobil,Maskinskadeinngang,Ingressunder10ANDunder180kkm;dekningstabellunder10ORunder180kkm;ikkeopphør200kregelkonflikt,"[{""path"": ""catalog/sources/mc-bobil/tryg-bobil-product.html"", ""sha256"": ""9bcce0eea60c4dd61628fb29d82d27c21ef8b1ee89f5bf3a9dfd86c8de10f385"", ""manifest"": [{""manifest"": ""catalog/sources/mc-bobil/tryg-if-manifest.json"", ""providerId"": ""tryg"", ""filename"": ""tryg-bobil-product.html"", ""url"": ""https://www.tryg.no/forsikringer/kjoretoy/bobilforsikring"", ""insuranceTypes"": [""bobil""], ""documentType"": ""product_page"", ""sha256"": ""9bcce0eea60c4dd61628fb29d82d27c21ef8b1ee89f5bf3a9dfd86c8de10f385"", ""resolvedUrl"": ""https://www.tryg.no/forsikringer/kjoretoy/bobilforsikring"", ""retrievedAt"": ""2026-09-28"", ""agreementScope"": ""ordinary"", ""documentNumber"": null, ""version"": null, ""validFrom"": null, ""validity"": ""current_link_date_unknown"", ""localPath"": ""catalog/sources/mc-bobil/tryg-bobil-product.html"", ""reusedExistingArtifact"": false, ""catalogUsage"": [], ""sourceIds"": [""mcb:tryg:bobil:tryg-bobil-product.html""]}], ""runtime_source_ids"": [""mcb:tryg:bobil:tryg-bobil-product.html""]}]",Do not pick a value or inclusive boundary; preserve exact uncertainty until dated applicability is established.
SC-049,SOURCE_CONFLICT_REVIEW_REQUIRED,OPEN_RETAINED,SR-069,tryg,Snøscooter,Avregistrering,ProductJan2024ansvaropphør;HTMLansvarulykkeopphørandrebeholdes;IPIDJul2025avskiltingavslutterforsikringen.,"[{""path"": ""catalog/sources/vehicle-extensions/tryg-odpdf-dbf5be98.pdf"", ""sha256"": ""6359e33c1a10c9e75a495f8945c3ef5335f0ce0f3000dfd378357cacf65eee06"", ""manifest"": [{""manifest"": ""catalog/sources/vehicle-extensions/manifest.json"", ""urls"": [""https://www.tryg.no/odpdf?vilkNr=05PAU21200&vilk=Produktvilkaar-Snoscooter""], ""resolvedUrl"": ""https://www.tryg.no/odpdf?vilkNr=05PAU21200&vilk=Produktvilkaar-Snoscooter"", ""providerId"": ""tryg"", ""filename"": ""tryg-odpdf-dbf5be98.pdf"", ""documentType"": ""terms"", ""documentNumber"": ""PAU21200"", ""version"": null, ""validFrom"": ""2024-01-01"", ""replacesVersion"": ""2023-08-01"", ""retrievedAt"": ""2026-09-23"", ""sha256"": ""6359e33c1a10c9e75a495f8945c3ef5335f0ce0f3000dfd378357cacf65eee06"", ""validity"": ""current_official_link"", ""documentName"": ""Forsikringsavtalen består av forsikringsbevis og forsikringsvilkår. Beviset gjelder foran vilkårene. I beviset ser du hv"", ""pages"": 2, ""components"": [], ""catalogUsage"": [{""providerId"": ""tryg"", ""insuranceType"": ""Snøscooter"", ""productId"": ""tryg-snoscooter-ansvar"", ""factKey"": ""snoscooter.avtale.geografi"", ""page"": 1, ""section"": ""3""}, {""providerId"": ""tryg"", ""insuranceType"": ""Snøscooter"", ""productId"": ""tryg-snoscooter-ansvar"", ""factKey"": ""snoscooter.avtale.sesong"", ""page"": 1, ""section"": ""5""}, {""providerId"": ""tryg"", ""insuranceType"": ""Snøscooter"", ""productId"": ""tryg-snoscooter-brann-og-tyveri"", ""factKey"": ""snoscooter.avtale.geografi"", ""page"": 1, ""section"": ""3""}, {""providerId"": ""tryg"", ""insuranceType"": ""Snøscooter"", ""productId"": ""tryg-snoscooter-brann-og-tyveri"", ""factKey"": ""snoscooter.avtale.sesong"", ""page"": 1, ""section"": ""5""}, {""providerId"": ""tryg"", ""insuranceType"": ""Snøscooter"", ""productId"": ""tryg-snoscooter-brann-og-tyveri"", ""factKey"": ""snoscooter.avtale.geografi"", ""page"": 1, ""section"": ""3""}, {""providerId"": ""tryg"", ""insuranceType"": ""Snøscooter"", ""productId"": ""tryg-snoscooter-brann-og-tyveri"", ""factKey"": ""snoscooter.avtale.sesong"", ""page"": 1, ""section"": ""5""}, {""providerId"": ""tryg"", ""insuranceType"": ""Snøscooter"", ""productId"": ""tryg-snoscooter-kasko"", ""factKey"": ""snoscooter.avtale.geografi"", ""page"": 1, ""section"": ""3""}, {""providerId"": ""tryg"", ""insuranceType"": ""Snøscooter"", ""productId"": ""tryg-snoscooter-kasko"", ""factKey"": ""snoscooter.avtale.sesong"", ""page"": 1, ""section"": ""5""}, {""providerId"": ""tryg"", ""insuranceType"": ""Snøscooter"", ""productId"": ""tryg-snoscooter-kasko"", ""factKey"": ""snoscooter.avtale.geografi"", ""page"": 1, ""section"": ""3""}, {""providerId"": ""tryg"", ""insuranceType"": ""Snøscooter"", ""productId"": ""tryg-snoscooter-kasko"", ""factKey"": ""snoscooter.avtale.sesong"", ""page"": 1, ""section"": ""5""}, {""providerId"": ""tryg"", ""insuranceType"": ""Snøscooter"", ""productId"": ""tryg-snoscooter-kasko"", ""factKey"": ""snoscooter.avtale.geografi"", ""page"": 1, ""section"": ""3""}, {""providerId"": ""tryg"", ""insuranceType"": ""Snøscooter"", ""productId"": ""tryg-snoscooter-kasko"", ""factKey"": ""snoscooter.avtale.sesong"", ""page"": 1, ""section"": ""5""}]}], ""runtime_source_ids"": [""vehicle:tryg-odpdf-dbf5be98.pdf""]}, {""path"": ""catalog/sources/vehicle-extensions/tryg-IPID-Snoscooter.pdf"", ""sha256"": ""4140b20c0d53e4430e008f1aed17c61c486f2be8cd14b00b3380ea72babac421"", ""manifest"": [{""manifest"": ""catalog/sources/vehicle-extensions/manifest.json"", ""urls"": [""https://www.tryg.no/system/files/download/pdf/ipid/IPID-Snoscooter.pdf""], ""resolvedUrl"": ""https://www.tryg.no/system/files/download/pdf/ipid/IPID-Snoscooter.pdf"", ""providerId"": ""tryg"", ""filename"": ""tryg-IPID-Snoscooter.pdf"", ""documentType"": ""ipid"", ""documentNumber"": null, ""version"": ""2025-07-01"", ""validFrom"": null, ""replacesVersion"": null, ""retrievedAt"": ""2026-09-23"", ""sha256"": ""4140b20c0d53e4430e008f1aed17c61c486f2be8cd14b00b3380ea72babac421"", ""validity"": ""current_link_date_unknown"", ""documentName"": ""Snøscooterforsikring Dokument med opplysninger om forsikringsproduktet Selskap: Tryg Forsikring A/S, 5020 Bergen, For"", ""pages"": 2, ""components"": [], ""catalogUsage"": [{""providerId"": ""tryg"", ""insuranceType"": ""Snøscooter"", ""productId"": ""tryg-snoscooter-ansvar"", ""factKey"": ""snoscooter.ansvar.dekning"", ""page"": 1, ""section"": ""Ansvar""}, {""providerId"": ""tryg"", ""insuranceType"": ""Snøscooter"", ""productId"": ""tryg-snoscooter-ansvar"", ""factKey"": ""snoscooter.rettshjelp.dekning"", ""page"": 1, ""section"": ""Ansvar""}, {""providerId"": ""tryg"", ""insuranceType"": ""Snøscooter"", ""productId"": ""tryg-snoscooter-brann-og-tyveri"", ""factKey"": ""snoscooter.ansvar.dekning"", ""page"": 1, ""section"": ""Ansvar""}, {""providerId"": ""tryg"", ""insuranceType"": ""Snøscooter"", ""productId"": ""tryg-snoscooter-brann-og-tyveri"", ""factKey"": ""snoscooter.rettshjelp.dekning"", ""page"": 1, ""section"": ""Ansvar""}, {""providerId"": ""tryg"", ""insuranceType"": ""Snøscooter"", ""productId"": ""tryg-snoscooter-brann-og-tyveri"", ""factKey"": ""snoscooter.ansvar.dekning"", ""page"": 1, ""section"": ""Ansvar""}, {""providerId"": ""tryg"", ""insuranceType"": ""Snøscooter"", ""productId"": ""tryg-snoscooter-brann-og-tyveri"", ""factKey"": ""snoscooter.rettshjelp.dekning"", ""page"": 1, ""section"": ""Ansvar""}, {""providerId"": ""tryg"", ""insuranceType"": ""Snøscooter"", ""productId"": ""tryg-snoscooter-brann-og-tyveri"", ""factKey"": ""snoscooter.brann.dekning"", ""page"": 1, ""section"": ""Brann og tyveri""}, {""providerId"": ""tryg"", ""insuranceType"": ""Snøscooter"", ""productId"": ""tryg-snoscooter-brann-og-tyveri"", ""factKey"": ""snoscooter.tyveri.dekning"", ""page"": 1, ""section"": ""Brann og tyveri""}, {""providerId"": ""tryg"", ""insuranceType"": ""Snøscooter"", ""productId"": ""tryg-snoscooter-kasko"", ""factKey"": ""snoscooter.ansvar.dekning"", ""page"": 1, ""section"": ""Ansvar""}, {""providerId"": ""tryg"", ""insuranceType"": ""Snøscooter"", ""productId"": ""tryg-snoscooter-kasko"", ""factKey"": ""snoscooter.rettshjelp.dekning"", ""page"": 1, ""section"": ""Ansvar""}, {""providerId"": ""tryg"", ""insuranceType"": ""Snøscooter"", ""productId"": ""tryg-snoscooter-kasko"", ""factKey"": ""snoscooter.redning.begrensning"", ""page"": 1, ""section"": ""Begrensninger – Kasko""}, {""providerId"": ""tryg"", ""insuranceType"": ""Snøscooter"", ""productId"": ""tryg-snoscooter-kasko"", ""factKey"": ""snoscooter.ansvar.dekning"", ""page"": 1, ""section"": ""Ansvar""}, {""providerId"": ""tryg"", ""insuranceType"": ""Snøscooter"", ""productId"": ""tryg-snoscooter-kasko"", ""factKey"": ""snoscooter.rettshjelp.dekning"", ""page"": 1, ""section"": ""Ansvar""}, {""providerId"": ""tryg"", ""insuranceType"": ""Snøscooter"", ""productId"": ""tryg-snoscooter-kasko"", ""factKey"": ""snoscooter.brann.dekning"", ""page"": 1, ""section"": ""Brann og tyveri""}, {""providerId"": ""tryg"", ""insuranceType"": ""Snøscooter"", ""productId"": ""tryg-snoscooter-kasko"", ""factKey"": ""snoscooter.tyveri.dekning"", ""page"": 1, ""section"": ""Brann og tyveri""}, {""providerId"": ""tryg"", ""insuranceType"": ""Snøscooter"", ""productId"": ""tryg-snoscooter-kasko"", ""factKey"": ""snoscooter.ansvar.dekning"", ""page"": 1, ""section"": ""Ansvar""}, {""providerId"": ""tryg"", ""insuranceType"": ""Snøscooter"", ""productId"": ""tryg-snoscooter-kasko"", ""factKey"": ""snoscooter.rettshjelp.dekning"", ""page"": 1, ""section"": ""Ansvar""}, {""providerId"": ""tryg"", ""insuranceType"": ""Snøscooter"", ""productId"": ""tryg-snoscooter-kasko"", ""factKey"": ""snoscooter.brann.dekning"", ""page"": 1, ""section"": ""Brann og tyveri""}, {""providerId"": ""tryg"", ""insuranceType"": ""Snøscooter"", ""productId"": ""tryg-snoscooter-kasko"", ""factKey"": ""snoscooter.tyveri.dekning"", ""page"": 1, ""section"": ""Brann og tyveri""}, {""providerId"": ""tryg"", ""insuranceType"": ""Snøscooter"", ""productId"": ""tryg-snoscooter-kasko"", ""factKey"": ""snoscooter.kasko.dekning"", ""page"": 1, ""section"": ""Kasko""}]}], ""runtime_source_ids"": [""vehicle:tryg-IPID-Snoscooter.pdf""]}, {""path"": ""catalog/sources/vehicle-extensions/tryg-snoscooterforsikring.html"", ""sha256"": ""d7b63067996798fc5a839b56ac4af10fbd47bb027d74a21bcf0f6282efeb3243"", ""manifest"": [{""manifest"": ""catalog/sources/vehicle-extensions/manifest.json"", ""urls"": [""https://www.tryg.no/forsikringer/kjoretoy/snoscooterforsikring""], ""resolvedUrl"": ""https://www.tryg.no/forsikringer/kjoretoy/snoscooterforsikring"", ""providerId"": ""tryg"", ""filename"": ""tryg-snoscooterforsikring.html"", ""documentType"": ""product_page"", ""documentNumber"": null, ""version"": null, ""validFrom"": null, ""replacesVersion"": null, ""retrievedAt"": ""2026-09-23"", ""sha256"": ""d7b63067996798fc5a839b56ac4af10fbd47bb027d74a21bcf0f6282efeb3243"", ""validity"": ""current_link_date_unknown"", ""documentName"": ""tryg-snoscooterforsikring.html"", ""catalogUsage"": []}], ""runtime_source_ids"": [""vehicle:tryg-snoscooterforsikring.html""]}]",Do not pick a value or inclusive boundary; preserve exact uncertainty until dated applicability is established.
SC-050,SOURCE_CONFLICT_REVIEW_REQUIRED,OPEN_RETAINED,SR-060,tryg,Båt,Seilbåt/motoralder,IPIDJul2024utenbord/seilbåt12år;PFB36910Jan2026kunmotortype12påheng15innenbordutperioden;ikkevidereseilbåtgrenutentypedkilde.,"[{""path"": ""catalog/sources/boat-pet/tryg-boat-ipid.pdf"", ""sha256"": ""75d8af24d727a2994d3fc2ae566ad075f1cb7f7edad4993d78c3b59bc1700ff5"", ""manifest"": [{""manifest"": ""catalog/sources/boat-pet/manifest.json"", ""providerId"": ""tryg"", ""filename"": ""tryg-boat-ipid.pdf"", ""insuranceTypes"": [""båt""], ""agreementScope"": ""ordinary"", ""documentType"": ""ipid"", ""sha256"": ""75d8af24d727a2994d3fc2ae566ad075f1cb7f7edad4993d78c3b59bc1700ff5"", ""url"": ""https://www.tryg.no/forsikringer/kjoretoy/batforsikring"", ""retrievedAt"": ""2026-09-29"", ""localPath"": ""catalog/sources/boat-pet/tryg-boat-ipid.pdf"", ""publicOfficialArtifact"": true}], ""runtime_source_ids"": [""boat-pet:tryg:båt""]}, {""path"": ""catalog/sources/boat-pet/tryg-boat-machinery-terms.pdf"", ""sha256"": ""c4a722384e402e7581f9a2b718b0fbe90b622912261b41279e1904a9d960f50d"", ""manifest"": [{""manifest"": ""catalog/sources/boat-pet/manifest.json"", ""providerId"": ""tryg"", ""filename"": ""tryg-boat-machinery-terms.pdf"", ""insuranceTypes"": [""båt""], ""agreementScope"": ""ordinary"", ""documentType"": ""full_terms"", ""sha256"": ""c4a722384e402e7581f9a2b718b0fbe90b622912261b41279e1904a9d960f50d"", ""url"": ""https://www.tryg.no/forsikringer/kjoretoy/batforsikring"", ""retrievedAt"": ""2026-09-29"", ""localPath"": ""catalog/sources/boat-pet/tryg-boat-machinery-terms.pdf"", ""publicOfficialArtifact"": true}], ""runtime_source_ids"": [""boat-pet:tryg:båt:machinery""]}]",Do not pick a value or inclusive boundary; preserve exact uncertainty until dated applicability is established.
SC-051,SOURCE_CONFLICT_REVIEW_REQUIRED,OPEN_RETAINED,SR-065,tryg,Hund,Avlivningsbehandling,"PLB52002Jan2026dekkeranbefaltavlivning;webFAQikkeavlivningblantikke-dekket,presiseringomoffentligkravuklar.","[{""path"": ""catalog/sources/boat-pet/tryg-dog-treatment-terms.pdf"", ""sha256"": ""63af7ce2b7ce309879d3e97cdfca3014ba249f1dc7347eef44bd7c768fd162d3"", ""manifest"": [{""manifest"": ""catalog/sources/boat-pet/manifest.json"", ""providerId"": ""tryg"", ""filename"": ""tryg-dog-treatment-terms.pdf"", ""insuranceTypes"": [""hund""], ""agreementScope"": ""ordinary"", ""documentType"": ""full_terms"", ""sha256"": ""63af7ce2b7ce309879d3e97cdfca3014ba249f1dc7347eef44bd7c768fd162d3"", ""url"": ""https://www.tryg.no/forsikringer/dyreforsikring/hundeforsikring"", ""retrievedAt"": ""2026-09-29"", ""localPath"": ""catalog/sources/boat-pet/tryg-dog-treatment-terms.pdf"", ""publicOfficialArtifact"": true}], ""runtime_source_ids"": []}, {""path"": ""catalog/sources/boat-pet/tryg-dog-product.html"", ""sha256"": ""48230ffc39761f374c7daa9423b6243d85642cefb60b732e4cc8af637cb2a6c6"", ""manifest"": [{""manifest"": ""catalog/sources/boat-pet/manifest.json"", ""providerId"": ""tryg"", ""filename"": ""tryg-dog-product.html"", ""insuranceTypes"": [""hund""], ""agreementScope"": ""ordinary"", ""documentType"": ""product_page"", ""sha256"": ""48230ffc39761f374c7daa9423b6243d85642cefb60b732e4cc8af637cb2a6c6"", ""url"": ""https://www.tryg.no/forsikringer/dyreforsikring/hundeforsikring"", ""retrievedAt"": ""2026-09-29"", ""localPath"": ""catalog/sources/boat-pet/tryg-dog-product.html"", ""publicOfficialArtifact"": true}], ""runtime_source_ids"": []}]",Do not pick a value or inclusive boundary; preserve exact uncertainty until dated applicability is established.
SC-052,SOURCE_CONFLICT_REVIEW_REQUIRED,OPEN_RETAINED,SR-064,tryg,Innbo,Dyreskade og tapt husleie-produktplassering,"IPID 01.07.2022 nevner skade fra dyr under Ekstra og husleietap samlet. Jul2026 fullvilkår har kjæledyrunntak; bekjempelse separat, ubetalt leie er valgfritt utleietillegg.","[{""path"": ""catalog/sources/tryg/innbo/IPID_Innbo.pdf"", ""sha256"": ""b354221fc37cf96e5b9725e19d29dd77073b15543099135642603463df403a54"", ""manifest"": [], ""runtime_source_ids"": [""trygInnboIpid""]}, {""path"": ""catalog/sources/tryg/innbo/Innbo_og_losore_Ekstra_PPK13302.pdf"", ""sha256"": ""4cffa3b051f329da0fe178b20243a0920d2b5928e9995d485c35b58a48f1f810"", ""manifest"": [], ""runtime_source_ids"": [""trygInnboExtra""]}, {""path"": ""catalog/sources/tryg/innbo/Utleie_PPK13306.pdf"", ""sha256"": ""fd832414658149b9816267cd50b01d04a02723022f2d16d05cad763296f11c79"", ""manifest"": [], ""runtime_source_ids"": [""trygInnboUtleie""]}]",Do not pick a value or inclusive boundary; preserve exact uncertainty until dated applicability is established.
SC-053,SOURCE_CONFLICT_REVIEW_REQUIRED,OPEN_RETAINED,SR-070,tryg,Reise,Reisevarighet,"Samme HTML45hovedtabell/FAQ,70backpacking/borteboendebarnFAQ.","[{""path"": ""catalog/sources/tryg/reise/canonical/Reiseforsikring-produktside.html"", ""sha256"": ""5025281e76080e5854c80cd098825d50d7f28f5d137e55237dfa1d0ac9648567"", ""manifest"": [], ""runtime_source_ids"": [""trygReiseProductPage""]}]",Do not pick a value or inclusive boundary; preserve exact uncertainty until dated applicability is established.
SC-054,SOURCE_CONFLICT_REVIEW_REQUIRED,OPEN_RETAINED,SR-070,tryg,Reise,Familiens barn/barnebarn,IPIDtilfyller21;webutpolicyår21/under21; barnebarnbosattellerreiserammen. Bevisstyrt måbevares.,"[{""path"": ""catalog/sources/tryg/reise/canonical/IPID-Reiseforsikring.pdf"", ""sha256"": ""cee5c11ca4b7063a07afb384fe62b3bd05a177505c003b27ca5aa0e2bc19ff27"", ""manifest"": [], ""runtime_source_ids"": [""trygReiseIpid""]}, {""path"": ""catalog/sources/tryg/reise/canonical/Reiseforsikring-produktside.html"", ""sha256"": ""5025281e76080e5854c80cd098825d50d7f28f5d137e55237dfa1d0ac9648567"", ""manifest"": [], ""runtime_source_ids"": [""trygReiseProductPage""]}]",Do not pick a value or inclusive boundary; preserve exact uncertainty until dated applicability is established.
SC-055,SOURCE_CONFLICT_REVIEW_REQUIRED,OPEN_RETAINED,SR-070,tryg,Reise,Loungefølge,SammeHTMLinntil5medreisendeioversiktog4inyttiginformasjon.,"[{""path"": ""catalog/sources/tryg/reise/canonical/Reiseforsikring-produktside.html"", ""sha256"": ""5025281e76080e5854c80cd098825d50d7f28f5d137e55237dfa1d0ac9648567"", ""manifest"": [], ""runtime_source_ids"": [""trygReiseProductPage""]}]",Do not pick a value or inclusive boundary; preserve exact uncertainty until dated applicability is established.
SC-056,SOURCE_CONFLICT_REVIEW_REQUIRED,OPEN_RETAINED,SR-003,fremtind,Bil,Minikasko nybil,Minikasko§3.2.1/3.2.2 gir1år15kkm80% og leasing;V106plasserer beggeunderKasko i tillegg.,"[{""path"": ""catalog/sources/sparebank1-fremtind/Vilkar_Minikasko_Bil.pdf"", ""sha256"": ""8a85385f3899b450a9dcafd873fb8d6517d974908c7196590f429ec3b2a3d818"", ""manifest"": [{""manifest"": ""catalog/sources/mc-bobil/fremtind-frende-manifest.json"", ""name"": ""fremtind-bobil-minikasko.pdf"", ""provider"": ""fremtind"", ""insuranceType"": ""Bobil"", ""distributionChannel"": ""DNB"", ""agreementScope"": ""ordinary-dnb"", ""sourceKind"": ""terms"", ""originUrl"": ""https://dokument.fremtind.no/vilkar/fremtind/pm/mobilitet/Vilkar_Minikasko_Bil.pdf"", ""resolvedUrl"": ""https://dokument.fremtind.no/vilkar/fremtind/pm/mobilitet/Vilkar_Minikasko_Bil.pdf"", ""localPath"": ""catalog/sources/sparebank1-fremtind/Vilkar_Minikasko_Bil.pdf"", ""sha256"": ""8a85385f3899b450a9dcafd873fb8d6517d974908c7196590f429ec3b2a3d818"", ""bytes"": 77561, ""retrievedAt"": ""2026-09-28"", ""documentDate"": ""2025-09-18"", ""version"": ""PMO-357.210-012"", ""reusedExisting"": true, ""underwritingProvider"": ""Fremtind Forsikring AS"", ""applicableLevels"": [""Ansvar"", ""Minikasko"", ""Kasko"", ""Topp""]}], ""runtime_source_ids"": [""mcb-ff-fremtind-bobil-minikasko"", ""sp1Delkasko""]}, {""path"": ""catalog/sources/sparebank1-fremtind/IPID_Bil.pdf"", ""sha256"": ""429a3e267cfbbcfa6da651997497386ffc7391c5f3aab461d469e4d5e65a5d94"", ""manifest"": [{""manifest"": ""catalog/sources/mc-bobil/fremtind-frende-manifest.json"", ""name"": ""fremtind-bobil-ipid.pdf"", ""provider"": ""fremtind"", ""insuranceType"": ""Bobil"", ""distributionChannel"": ""DNB"", ""agreementScope"": ""ordinary-dnb"", ""sourceKind"": ""ipid"", ""originUrl"": ""https://dokument.fremtind.no/ipid/IPID_Bil.pdf"", ""resolvedUrl"": ""https://dokument.fremtind.no/ipid/IPID_Bil.pdf"", ""localPath"": ""catalog/sources/sparebank1-fremtind/IPID_Bil.pdf"", ""sha256"": ""429a3e267cfbbcfa6da651997497386ffc7391c5f3aab461d469e4d5e65a5d94"", ""bytes"": 105038, ""retrievedAt"": ""2026-09-28"", ""documentDate"": null, ""version"": ""V.106"", ""reusedExisting"": true, ""underwritingProvider"": ""Fremtind Forsikring AS"", ""applicableLevels"": [""Ansvar"", ""Minikasko"", ""Kasko"", ""Topp""]}], ""runtime_source_ids"": [""mcb-ff-fremtind-bobil-ipid"", ""sp1Ipid"", ""dnbOptionalCoverages"", ""eikaOptionalCoverages"", ""fremtindOptionalCoverages""]}]",Do not pick a value or inclusive boundary; preserve exact uncertainty until dated applicability is established.
SC-057,SOURCE_CONFLICT_REVIEW_REQUIRED,OPEN_RETAINED,SR-005,fremtind,Innbo,Kunstgrense,IPIDV104350k;beggefullvilkår01.01.2025500k.,"[{""path"": ""catalog/sources/fremtind/innbo/canonical/IPID_Innbo.pdf"", ""sha256"": ""5df50f82167bd89c97e7b9d4e8a3de6280878fd288e1ea01c993d42057cf55dd"", ""manifest"": [], ""runtime_source_ids"": [""fremtindInnboIpid""]}, {""path"": ""catalog/sources/fremtind/innbo/canonical/Vilkar_Standard_Innbo.pdf"", ""sha256"": ""eddc6ba67d46495fce5925679fc75a92bfdb3af7aa4f7ed5ebb0d0592032fced"", ""manifest"": [], ""runtime_source_ids"": [""fremtindInnboStandard""]}, {""path"": ""catalog/sources/fremtind/innbo/canonical/Vilkar_Topp_Innbo.pdf"", ""sha256"": ""d051745eb18921707f85bf42c130b780af4c65a0427207390bff6eea17257547"", ""manifest"": [], ""runtime_source_ids"": [""fremtindInnboTopp""]}]",Do not pick a value or inclusive boundary; preserve exact uncertainty until dated applicability is established.
SC-058,SOURCE_CONFLICT_REVIEW_REQUIRED,OPEN_RETAINED,SR-007,fremtind,Hus,Tak alder ved50år,"IPID V103 under50år versus fullToppikkeeldreenn50år (inkl50). SB1webinntil50. Literal boundary conflict, no arbitrary normalization.","[{""path"": ""catalog/sources/fremtind/hus/canonical/IPID_Hus.pdf"", ""sha256"": ""62be21f187b55d5d7f5697c74cbf7669167465d96a50ee6c25d326dd6b5facc4"", ""manifest"": [], ""runtime_source_ids"": [""fremtindHusIpid""]}, {""path"": ""catalog/sources/fremtind/hus/canonical/Vilkar_Topp_Hus.pdf"", ""sha256"": ""6c77bd57259d8d01390bccaf415f14f6b245e45345b597b6f651574ebaeebec3"", ""manifest"": [], ""runtime_source_ids"": [""fremtindHusStandard"", ""fremtindHusTopp""]}]",Do not pick a value or inclusive boundary; preserve exact uncertainty until dated applicability is established.
SC-059,SOURCE_CONFLICT_REVIEW_REQUIRED,OPEN_RETAINED,SR-001,fremtind,Reise,Historisk Pluss jobbreise forsinket bagasje,s3matrise6000 versusP15.8s27 10000. Specificriderpositive10k but internalmatrixcontradiction preserved.,"[{""path"": ""catalog/sources/fremtind/reise/canonical/reise-vilkar-p10.pdf"", ""sha256"": ""da9510875b61f4807f6621acf99c7db53468297ef0a46c4e265d9a9db0d9cca3"", ""manifest"": [], ""runtime_source_ids"": [""fremtindReiseTerms""]}]",Do not pick a value or inclusive boundary; preserve exact uncertainty until dated applicability is established.
SC-060,SOURCE_CONFLICT_REVIEW_REQUIRED,OPEN_RETAINED,SR-012,eika-fremtind,Campingvogn/Tilhenger,Ansvar/ulykke/rettshjelp scope in trailer/caravan IPID,IPIDV103p1 lists these; full5pPMO354 contains no such component. No safe sums or included inference.,"[{""path"": ""catalog/sources/vehicle-extensions/fremtind-Vilkar_Kasko_Campingvogn_og_Tilhenger.pdf"", ""sha256"": ""b858b6444a8dce7b9a6cf184b5e69ebe85eea2a1a1471f39712807a06986dc9a"", ""manifest"": [{""manifest"": ""catalog/sources/vehicle-extensions/manifest.json"", ""urls"": [""https://dokument.fremtind.no/vilkar/fremtind/pm/mobilitet/Vilkar_Kasko_Campingvogn_og_Tilhenger.pdf""], ""resolvedUrl"": ""https://dokument.fremtind.no/vilkar/fremtind/pm/mobilitet/Vilkar_Kasko_Campingvogn_og_Tilhenger.pdf"", ""providerId"": ""eika-fremtind"", ""filename"": ""fremtind-Vilkar_Kasko_Campingvogn_og_Tilhenger.pdf"", ""documentType"": ""terms"", ""documentNumber"": ""PMO-354.000-002"", ""version"": null, ""validFrom"": ""2024-03-21"", ""replacesVersion"": null, ""retrievedAt"": ""2026-09-23"", ""sha256"": ""b858b6444a8dce7b9a6cf184b5e69ebe85eea2a1a1471f39712807a06986dc9a"", ""validity"": ""current_official_link"", ""documentName"": ""Vilkår Tilhenger- og Campingvognforsikring Vilkårs id: PMO-354.000-002 av 21.03.2024 Det framgår av forsikringsbeviset h"", ""pages"": 5, ""components"": [{""documentNumber"": ""PMO-354.000-002"", ""validFrom"": ""2024-03-21"", ""page"": 1}, {""documentNumber"": ""PMO-354.110-009"", ""validFrom"": ""2023-07-10"", ""page"": 1}, {""documentNumber"": ""PMO-354.120-006"", ""validFrom"": ""2024-08-05"", ""page"": 4}], ""catalogUsage"": [{""providerId"": ""eika-fremtind"", ""insuranceType"": ""Campingvogn"", ""productId"": ""eika-fremtind-campingvogn-minikasko"", ""factKey"": ""campingvogn.brann.dekning"", ""page"": 1, ""section"": ""Minikaskoforsikring""}, {""providerId"": ""eika-fremtind"", ""insuranceType"": ""Campingvogn"", ""productId"": ""eika-fremtind-campingvogn-minikasko"", ""factKey"": ""campingvogn.tyveri.dekning"", ""page"": 1, ""section"": ""Minikaskoforsikring""}, {""providerId"": ""eika-fremtind"", ""insuranceType"": ""Campingvogn"", ""productId"": ""eika-fremtind-campingvogn-minikasko"", ""factKey"": ""campingvogn.avtale.geografi"", ""page"": 1, ""section"": ""2""}, {""providerId"": ""eika-fremtind"", ""insuranceType"": ""Campingvogn"", ""productId"": ""eika-fremtind-campingvogn-minikasko"", ""factKey"": ""campingvogn.avtale.egenandel"", ""page"": 1, ""section"": ""4""}, {""providerId"": ""eika-fremtind"", ""insuranceType"": ""Campingvogn"", ""productId"": ""eika-fremtind-campingvogn-minikasko"", ""factKey"": ""campingvogn.redning.dekning"", ""page"": 2, ""section"": ""2.4""}, {""providerId"": ""eika-fremtind"", ""insuranceType"": ""Campingvogn"", ""productId"": ""eika-fremtind-campingvogn-minikasko"", ""factKey"": ""campingvogn.glass.dekning"", ""page"": 2, ""section"": ""2.3""}, {""providerId"": ""eika-fremtind"", ""insuranceType"": ""Campingvogn"", ""productId"": ""eika-fremtind-campingvogn-minikasko"", ""factKey"": ""campingvogn.losore.grense"", ""page"": 1, ""section"": ""1.2""}, {""providerId"": ""eika-fremtind"", ""insuranceType"": ""Campingvogn"", ""productId"": ""eika-fremtind-campingvogn-minikasko"", ""factKey"": ""campingvogn.tyveri.begrensning"", ""page"": 2, ""section"": ""2.2""}, {""providerId"": ""eika-fremtind"", ""insuranceType"": ""Campingvogn"", ""productId"": ""eika-fremtind-campingvogn-minikasko"", ""factKey"": ""campingvogn.fortelt.begrensning"", ""page"": 2, ""section"": ""3.1""}, {""providerId"": ""eika-fremtind"", ""insuranceType"": ""Campingvogn"", ""productId"": ""eika-fremtind-campingvogn-minikasko"", ""factKey"": ""campingvogn.losore.dekning"", ""page"": 1, ""section"": ""1.2""}, {""providerId"": ""eika-fremtind"", ""insuranceType"": ""Campingvogn"", ""productId"": ""eika-fremtind-campingvogn-kasko"", ""factKey"": ""campingvogn.brann.dekning"", ""page"": 1, ""section"": ""Minikaskoforsikring""}, {""providerId"": ""eika-fremtind"", ""insuranceType"": ""Campingvogn"", ""productId"": ""eika-fremtind-campingvogn-kasko"", ""factKey"": ""campingvogn.tyveri.dekning"", ""page"": 1, ""section"": ""Minikaskoforsikring""}, {""providerId"": ""eika-fremtind"", ""insuranceType"": ""Campingvogn"", ""productId"": ""eika-fremtind-campingvogn-kasko"", ""factKey"": ""campingvogn.avtale.geografi"", ""page"": 1, ""section"": ""2""}, {""providerId"": ""eika-fremtind"", ""insuranceType"": ""Campingvogn"", ""productId"": ""eika-fremtind-campingvogn-kasko"", ""factKey"": ""campingvogn.avtale.egenandel"", ""page"": 1, ""section"": ""4""}, {""providerId"": ""eika-fremtind"", ""insuranceType"": ""Campingvogn"", ""productId"": ""eika-fremtind-campingvogn-kasko"", ""factKey"": ""campingvogn.redning.dekning"", ""page"": 2, ""section"": ""2.4""}, {""providerId"": ""eika-fremtind"", ""insuranceType"": ""Campingvogn"", ""productId"": ""eika-fremtind-campingvogn-kasko"", ""factKey"": ""campingvogn.glass.dekning"", ""page"": 2, ""section"": ""2.3""}, {""providerId"": ""eika-fremtind"", ""insuranceType"": ""Campingvogn"", ""productId"": ""eika-fremtind-campingvogn-kasko"", ""factKey"": ""campingvogn.losore.grense"", ""page"": 1, ""section"": ""1.2""}, {""providerId"": ""eika-fremtind"", ""insuranceType"": ""Campingvogn"", ""productId"": ""eika-fremtind-campingvogn-kasko"", ""factKey"": ""campingvogn.tyveri.begrensning"", ""page"": 2, ""section"": ""2.2""}, {""providerId"": ""eika-fremtind"", ""insuranceType"": ""Campingvogn"", ""productId"": ""eika-fremtind-campingvogn-kasko"", ""factKey"": ""campingvogn.fortelt.begrensning"", ""page"": 2, ""section"": ""3.1""}, {""providerId"": ""eika-fremtind"", ""insuranceType"": ""Campingvogn"", ""productId"": ""eika-fremtind-campingvogn-kasko"", ""factKey"": ""campingvogn.losore.dekning"", ""page"": 1, ""section"": ""1.2""}, {""providerId"": ""eika-fremtind"", ""insuranceType"": ""Campingvogn"", ""productId"": ""eika-fremtind-campingvogn-kasko"", ""factKey"": ""campingvogn.brann.dekning"", ""page"": 1, ""section"": ""Minikaskoforsikring""}, {""providerId"": ""eika-fremtind"", ""insuranceType"": ""Campingvogn"", ""productId"": ""eika-fremtind-campingvogn-kasko"", ""factKey"": ""campingvogn.tyveri.dekning"", ""page"": 1, ""section"": ""Minikaskoforsikring""}, {""providerId"": ""eika-fremtind"", ""insuranceType"": ""Campingvogn"", ""productId"": ""eika-fremtind-campingvogn-kasko"", ""factKey"": ""campingvogn.kasko.dekning"", ""page"": 4, ""section"": ""Kaskoforsikring""}, {""providerId"": ""eika-fremtind"", ""insuranceType"": ""Campingvogn"", ""productId"": ""eika-fremtind-campingvogn-kasko"", ""factKey"": ""campingvogn.avtale.geografi"", ""page"": 1, ""section"": ""2""}, {""providerId"": ""eika-fremtind"", ""insuranceType"": ""Campingvogn"", ""productId"": ""eika-fremtind-campingvogn-kasko"", ""factKey"": ""campingvogn.avtale.egenandel"", ""page"": 1, ""section"": ""4""}, {""providerId"": ""eika-fremtind"", ""insuranceType"": ""Campingvogn"", ""productId"": ""eika-fremtind-campingvogn-kasko"", ""factKey"": ""campingvogn.redning.dekning"", ""page"": 2, ""section"": ""2.4""}, {""providerId"": ""eika-fremtind"", ""insuranceType"": ""Campingvogn"", ""productId"": ""eika-fremtind-campingvogn-kasko"", ""factKey"": ""campingvogn.glass.dekning"", ""page"": 2, ""section"": ""2.3""}, {""providerId"": ""eika-fremtind"", ""insuranceType"": ""Campingvogn"", ""productId"": ""eika-fremtind-campingvogn-kasko"", ""factKey"": ""campingvogn.losore.grense"", ""page"": 1, ""section"": ""1.2""}, {""providerId"": ""eika-fremtind"", ""insuranceType"": ""Campingvogn"", ""productId"": ""eika-fremtind-campingvogn-kasko"", ""factKey"": ""campingvogn.tyveri.begrensning"", ""page"": 2, ""section"": ""2.2""}, {""providerId"": ""eika-fremtind"", ""insuranceType"": ""Campingvogn"", ""productId"": ""eika-fremtind-campingvogn-kasko"", ""factKey"": ""campingvogn.fortelt.begrensning"", ""page"": 2, ""section"": ""3.1""}, {""providerId"": ""eika-fremtind"", ""insuranceType"": ""Campingvogn"", ""productId"": ""eika-fremtind-campingvogn-kasko"", ""factKey"": ""campingvogn.losore.dekning"", ""page"": 1, ""section"": ""1.2""}, {""providerId"": ""eika-fremtind"", ""insuranceType"": ""Tilhenger"", ""productId"": ""eika-fremtind-tilhenger-kasko"", ""factKey"": ""tilhenger.brann.dekning"", ""page"": 1, ""section"": ""Minikaskoforsikring""}, {""providerId"": ""eika-fremtind"", ""insuranceType"": ""Tilhenger"", ""productId"": ""eika-fremtind-tilhenger-kasko"", ""factKey"": ""tilhenger.tyveri.dekning"", ""page"": 1, ""section"": ""Minikaskoforsikring""}, {""providerId"": ""eika-fremtind"", ""insuranceType"": ""Tilhenger"", ""productId"": ""eika-fremtind-tilhenger-kasko"", ""factKey"": ""tilhenger.kasko.dekning"", ""page"": 4, ""section"": ""Kaskoforsikring""}, {""providerId"": ""eika-fremtind"", ""insuranceType"": ""Tilhenger"", ""productId"": ""eika-fremtind-tilhenger-kasko"", ""factKey"": ""tilhenger.avtale.geografi"", ""page"": 1, ""section"": ""2""}, {""providerId"": ""eika-fremtind"", ""insuranceType"": ""Tilhenger"", ""productId"": ""eika-fremtind-tilhenger-kasko"", ""factKey"": ""tilhenger.avtale.egenandel"", ""page"": 1, ""section"": ""4""}, {""providerId"": ""eika-fremtind"", ""insuranceType"": ""Tilhenger"", ""productId"": ""eika-fremtind-tilhenger-kasko"", ""factKey"": ""tilhenger.redning.dekning"", ""page"": 2, ""section"": ""2.4""}]}], ""runtime_source_ids"": [""vehicle:fremtind-Vilkar_Kasko_Campingvogn_og_Tilhenger.pdf""]}, {""path"": ""catalog/sources/vehicle-extensions/fremtind-IPID_Tilhenger_Campingvogn.pdf"", ""sha256"": ""86ea864fd38b24952a2406d75fc23ff07b9c5ab0899c8017c34af7ac6d2b9deb"", ""manifest"": [{""manifest"": ""catalog/sources/vehicle-extensions/manifest.json"", ""urls"": [""https://dokument.fremtind.no/ipid/IPID_Tilhenger_Campingvogn.pdf""], ""resolvedUrl"": ""https://dokument.fremtind.no/ipid/IPID_Tilhenger_Campingvogn.pdf"", ""providerId"": ""eika-fremtind"", ""filename"": ""fremtind-IPID_Tilhenger_Campingvogn.pdf"", ""documentType"": ""ipid"", ""documentNumber"": null, ""version"": ""V.103"", ""validFrom"": null, ""replacesVersion"": null, ""retrievedAt"": ""2026-09-23"", ""sha256"": ""86ea864fd38b24952a2406d75fc23ff07b9c5ab0899c8017c34af7ac6d2b9deb"", ""validity"": ""current_link_date_unknown"", ""documentName"": ""Fremtind Forsikring AS Org.nr. 915 651 232 Vi er eid av SpareBank 1 Gruppen, DNB og Eika Gruppen Hammersborggata 8 Bo"", ""pages"": 2, ""components"": [], ""catalogUsage"": []}], ""runtime_source_ids"": [""vehicle:fremtind-IPID_Tilhenger_Campingvogn.pdf""]}]",Do not pick a value or inclusive boundary; preserve exact uncertainty until dated applicability is established.
SC-061,SOURCE_CONFLICT_REVIEW_REQUIRED,OPEN_RETAINED,SR-008,fremtind,MC,Driving equipment sum,SB1 groups driving gear with10000 supplementaryequipment; PDF separate bullet no distinct drivinggear cap. No separate unlimited claim warranted.,"[{""path"": ""catalog/sources/mc-bobil/fremtind-mc-terms.pdf"", ""sha256"": ""2698b98c7ed2b19e82ba8df52a7b14b97d94cbf98c48d55629a72d2e0a89da7e"", ""manifest"": [{""manifest"": ""catalog/sources/mc-bobil/fremtind-frende-manifest.json"", ""name"": ""fremtind-mc-terms.pdf"", ""provider"": ""fremtind"", ""insuranceType"": ""MC"", ""distributionChannel"": ""SpareBank 1"", ""agreementScope"": ""ordinary-sparebank1"", ""sourceKind"": ""terms"", ""originUrl"": ""https://dokument.fremtind.no/vilkar/fremtind/pm/mobilitet/Vilkar_Kasko_MC.pdf"", ""resolvedUrl"": ""https://dokument.fremtind.no/vilkar/fremtind/pm/mobilitet/Vilkar_Kasko_MC.pdf"", ""localPath"": ""catalog/sources/mc-bobil/fremtind-mc-terms.pdf"", ""sha256"": ""2698b98c7ed2b19e82ba8df52a7b14b97d94cbf98c48d55629a72d2e0a89da7e"", ""bytes"": 84057, ""retrievedAt"": ""2026-09-28"", ""documentDate"": ""2023-10-29"", ""version"": ""PMO-357.000-006"", ""reusedExisting"": false, ""underwritingProvider"": ""Fremtind Forsikring AS"", ""applicableLevels"": [""Ansvar"", ""Delkasko"", ""Kasko""]}], ""runtime_source_ids"": [""mcb-ff-fremtind-mc-terms"", ""mcb-ff-fremtind-mc-terms-mini"", ""mcb-ff-fremtind-mc-terms-kasko"", ""mcb-ff-fremtind-mc-terms-ansvar"", ""mcb-ff-fremtind-mc-terms-ulykke"", ""mcb-ff-fremtind-mc-terms-rettshjelp""]}, {""path"": ""catalog/sources/mc-bobil/fremtind-sb1-mc-page.html"", ""sha256"": ""4c3eb533846f629dbccfeec1aa0ad08bd0465ee8bfe44598f392f00f39bc0d2e"", ""manifest"": [{""manifest"": ""catalog/sources/mc-bobil/fremtind-frende-manifest.json"", ""name"": ""fremtind-sb1-mc-page.html"", ""provider"": ""fremtind"", ""insuranceType"": ""MC"", ""distributionChannel"": ""SpareBank 1"", ""agreementScope"": ""ordinary-sparebank1"", ""sourceKind"": ""product_page"", ""originUrl"": ""https://www.sparebank1.no/nb/bank/privat/forsikring/mc-motorsykkelforsikring.html"", ""resolvedUrl"": ""https://www.sparebank1.no/nb/bank/privat/forsikring/mc-motorsykkelforsikring.html"", ""localPath"": ""catalog/sources/mc-bobil/fremtind-sb1-mc-page.html"", ""sha256"": ""4c3eb533846f629dbccfeec1aa0ad08bd0465ee8bfe44598f392f00f39bc0d2e"", ""bytes"": 349149, ""retrievedAt"": ""2026-09-28"", ""documentDate"": null, ""version"": null, ""reusedExisting"": false, ""underwritingProvider"": ""Fremtind Forsikring AS"", ""applicableLevels"": [""Ansvar"", ""Delkasko"", ""Kasko""]}], ""runtime_source_ids"": [""mcb-ff-fremtind-sb1-mc-page""]}]",Do not pick a value or inclusive boundary; preserve exact uncertainty until dated applicability is established.
SC-062,SOURCE_CONFLICT_REVIEW_REQUIRED,OPEN_RETAINED,SR-006,fremtind,Bobil,DNB equipment/contents/geography,WebFAQ10kfixedgear versusfull50k;webTopp80kcontents versusfull100k;webNorden versusfullEuropeexcludingfourcountries.,"[{""path"": ""catalog/sources/mc-bobil/fremtind-dnb-bobil-page.html"", ""sha256"": ""c87918d37d27b8ac4eb191d8cd445bbd992e212a804eadb1e719720030080908"", ""manifest"": [{""manifest"": ""catalog/sources/mc-bobil/fremtind-frende-manifest.json"", ""name"": ""fremtind-dnb-bobil-page.html"", ""provider"": ""fremtind"", ""insuranceType"": ""Bobil"", ""distributionChannel"": ""DNB"", ""agreementScope"": ""ordinary-dnb"", ""sourceKind"": ""product_page"", ""originUrl"": ""https://www.dnb.no/forsikring/kjoretoy/bobilforsikring"", ""resolvedUrl"": ""https://www.dnb.no/forsikring/kjoretoy/bobilforsikring"", ""localPath"": ""catalog/sources/mc-bobil/fremtind-dnb-bobil-page.html"", ""sha256"": ""c87918d37d27b8ac4eb191d8cd445bbd992e212a804eadb1e719720030080908"", ""bytes"": 1201756, ""retrievedAt"": ""2026-09-28"", ""documentDate"": null, ""version"": null, ""reusedExisting"": false, ""underwritingProvider"": ""Fremtind Forsikring AS"", ""applicableLevels"": [""Ansvar"", ""Minikasko"", ""Kasko"", ""Topp""]}], ""runtime_source_ids"": [""mcb-ff-fremtind-dnb-bobil-page""]}, {""path"": ""catalog/sources/mc-bobil/fremtind-bobil-topp.pdf"", ""sha256"": ""6264e379da1b2bb8f943fb15dae8ec295572f2650863d57be818a3cd29464a0a"", ""manifest"": [{""manifest"": ""catalog/sources/mc-bobil/fremtind-frende-manifest.json"", ""name"": ""fremtind-bobil-topp.pdf"", ""provider"": ""fremtind"", ""insuranceType"": ""Bobil"", ""distributionChannel"": ""DNB"", ""agreementScope"": ""ordinary-dnb"", ""sourceKind"": ""terms"", ""originUrl"": ""https://dokument.fremtind.no/vilkar/fremtind/pm/mobilitet/Vilkar_Toppkasko_Bobil.pdf"", ""resolvedUrl"": ""https://dokument.fremtind.no/vilkar/fremtind/pm/mobilitet/Vilkar_Toppkasko_Bobil.pdf"", ""localPath"": ""catalog/sources/mc-bobil/fremtind-bobil-topp.pdf"", ""sha256"": ""6264e379da1b2bb8f943fb15dae8ec295572f2650863d57be818a3cd29464a0a"", ""bytes"": 90222, ""retrievedAt"": ""2026-09-28"", ""documentDate"": ""2025-09-18"", ""version"": ""PMO-350.210-011"", ""reusedExisting"": false, ""underwritingProvider"": ""Fremtind Forsikring AS"", ""applicableLevels"": [""Ansvar"", ""Minikasko"", ""Kasko"", ""Topp""]}], ""runtime_source_ids"": [""mcb-ff-fremtind-bobil-topp"", ""mcb-ff-fremtind-bobil-topp-mini"", ""mcb-ff-fremtind-bobil-topp-kasko"", ""mcb-ff-fremtind-bobil-topp-ansvar"", ""mcb-ff-fremtind-bobil-topp-ulykke"", ""mcb-ff-fremtind-bobil-topp-rettshjelp""]}, {""path"": ""catalog/sources/sparebank1-fremtind/IPID_Bil.pdf"", ""sha256"": ""429a3e267cfbbcfa6da651997497386ffc7391c5f3aab461d469e4d5e65a5d94"", ""manifest"": [{""manifest"": ""catalog/sources/mc-bobil/fremtind-frende-manifest.json"", ""name"": ""fremtind-bobil-ipid.pdf"", ""provider"": ""fremtind"", ""insuranceType"": ""Bobil"", ""distributionChannel"": ""DNB"", ""agreementScope"": ""ordinary-dnb"", ""sourceKind"": ""ipid"", ""originUrl"": ""https://dokument.fremtind.no/ipid/IPID_Bil.pdf"", ""resolvedUrl"": ""https://dokument.fremtind.no/ipid/IPID_Bil.pdf"", ""localPath"": ""catalog/sources/sparebank1-fremtind/IPID_Bil.pdf"", ""sha256"": ""429a3e267cfbbcfa6da651997497386ffc7391c5f3aab461d469e4d5e65a5d94"", ""bytes"": 105038, ""retrievedAt"": ""2026-09-28"", ""documentDate"": null, ""version"": ""V.106"", ""reusedExisting"": true, ""underwritingProvider"": ""Fremtind Forsikring AS"", ""applicableLevels"": [""Ansvar"", ""Minikasko"", ""Kasko"", ""Topp""]}], ""runtime_source_ids"": [""mcb-ff-fremtind-bobil-ipid"", ""sp1Ipid"", ""dnbOptionalCoverages"", ""eikaOptionalCoverages"", ""fremtindOptionalCoverages""]}]",Do not pick a value or inclusive boundary; preserve exact uncertainty until dated applicability is established.
SC-063,SOURCE_CONFLICT_REVIEW_REQUIRED,OPEN_RETAINED,SR-006,fremtind,Bobil,DNB Top inclusions/privaterental,"WebToppincludesmachine/rental, fullToppcontainsneither andIPIDcurrentoptional;webprivatehire2months included versuswebnegative andfullbevisrequired.","[{""path"": ""catalog/sources/mc-bobil/fremtind-dnb-bobil-page.html"", ""sha256"": ""c87918d37d27b8ac4eb191d8cd445bbd992e212a804eadb1e719720030080908"", ""manifest"": [{""manifest"": ""catalog/sources/mc-bobil/fremtind-frende-manifest.json"", ""name"": ""fremtind-dnb-bobil-page.html"", ""provider"": ""fremtind"", ""insuranceType"": ""Bobil"", ""distributionChannel"": ""DNB"", ""agreementScope"": ""ordinary-dnb"", ""sourceKind"": ""product_page"", ""originUrl"": ""https://www.dnb.no/forsikring/kjoretoy/bobilforsikring"", ""resolvedUrl"": ""https://www.dnb.no/forsikring/kjoretoy/bobilforsikring"", ""localPath"": ""catalog/sources/mc-bobil/fremtind-dnb-bobil-page.html"", ""sha256"": ""c87918d37d27b8ac4eb191d8cd445bbd992e212a804eadb1e719720030080908"", ""bytes"": 1201756, ""retrievedAt"": ""2026-09-28"", ""documentDate"": null, ""version"": null, ""reusedExisting"": false, ""underwritingProvider"": ""Fremtind Forsikring AS"", ""applicableLevels"": [""Ansvar"", ""Minikasko"", ""Kasko"", ""Topp""]}], ""runtime_source_ids"": [""mcb-ff-fremtind-dnb-bobil-page""]}, {""path"": ""catalog/sources/mc-bobil/fremtind-bobil-topp.pdf"", ""sha256"": ""6264e379da1b2bb8f943fb15dae8ec295572f2650863d57be818a3cd29464a0a"", ""manifest"": [{""manifest"": ""catalog/sources/mc-bobil/fremtind-frende-manifest.json"", ""name"": ""fremtind-bobil-topp.pdf"", ""provider"": ""fremtind"", ""insuranceType"": ""Bobil"", ""distributionChannel"": ""DNB"", ""agreementScope"": ""ordinary-dnb"", ""sourceKind"": ""terms"", ""originUrl"": ""https://dokument.fremtind.no/vilkar/fremtind/pm/mobilitet/Vilkar_Toppkasko_Bobil.pdf"", ""resolvedUrl"": ""https://dokument.fremtind.no/vilkar/fremtind/pm/mobilitet/Vilkar_Toppkasko_Bobil.pdf"", ""localPath"": ""catalog/sources/mc-bobil/fremtind-bobil-topp.pdf"", ""sha256"": ""6264e379da1b2bb8f943fb15dae8ec295572f2650863d57be818a3cd29464a0a"", ""bytes"": 90222, ""retrievedAt"": ""2026-09-28"", ""documentDate"": ""2025-09-18"", ""version"": ""PMO-350.210-011"", ""reusedExisting"": false, ""underwritingProvider"": ""Fremtind Forsikring AS"", ""applicableLevels"": [""Ansvar"", ""Minikasko"", ""Kasko"", ""Topp""]}], ""runtime_source_ids"": [""mcb-ff-fremtind-bobil-topp"", ""mcb-ff-fremtind-bobil-topp-mini"", ""mcb-ff-fremtind-bobil-topp-kasko"", ""mcb-ff-fremtind-bobil-topp-ansvar"", ""mcb-ff-fremtind-bobil-topp-ulykke"", ""mcb-ff-fremtind-bobil-topp-rettshjelp""]}, {""path"": ""catalog/sources/sparebank1-fremtind/IPID_Bil.pdf"", ""sha256"": ""429a3e267cfbbcfa6da651997497386ffc7391c5f3aab461d469e4d5e65a5d94"", ""manifest"": [{""manifest"": ""catalog/sources/mc-bobil/fremtind-frende-manifest.json"", ""name"": ""fremtind-bobil-ipid.pdf"", ""provider"": ""fremtind"", ""insuranceType"": ""Bobil"", ""distributionChannel"": ""DNB"", ""agreementScope"": ""ordinary-dnb"", ""sourceKind"": ""ipid"", ""originUrl"": ""https://dokument.fremtind.no/ipid/IPID_Bil.pdf"", ""resolvedUrl"": ""https://dokument.fremtind.no/ipid/IPID_Bil.pdf"", ""localPath"": ""catalog/sources/sparebank1-fremtind/IPID_Bil.pdf"", ""sha256"": ""429a3e267cfbbcfa6da651997497386ffc7391c5f3aab461d469e4d5e65a5d94"", ""bytes"": 105038, ""retrievedAt"": ""2026-09-28"", ""documentDate"": null, ""version"": ""V.106"", ""reusedExisting"": true, ""underwritingProvider"": ""Fremtind Forsikring AS"", ""applicableLevels"": [""Ansvar"", ""Minikasko"", ""Kasko"", ""Topp""]}], ""runtime_source_ids"": [""mcb-ff-fremtind-bobil-ipid"", ""sp1Ipid"", ""dnbOptionalCoverages"", ""eikaOptionalCoverages"", ""fremtindOptionalCoverages""]}]",Do not pick a value or inclusive boundary; preserve exact uncertainty until dated applicability is established.
SC-064,SOURCE_CONFLICT_REVIEW_REQUIRED,OPEN_RETAINED,SR-006,fremtind,Bobil,DNB holiday/newvalue level,Webtwo weeks versusfull15days;Mini ownnewvalue1yr15kkm versusweb/IPIDKaskoonly.,"[{""path"": ""catalog/sources/mc-bobil/fremtind-dnb-bobil-page.html"", ""sha256"": ""c87918d37d27b8ac4eb191d8cd445bbd992e212a804eadb1e719720030080908"", ""manifest"": [{""manifest"": ""catalog/sources/mc-bobil/fremtind-frende-manifest.json"", ""name"": ""fremtind-dnb-bobil-page.html"", ""provider"": ""fremtind"", ""insuranceType"": ""Bobil"", ""distributionChannel"": ""DNB"", ""agreementScope"": ""ordinary-dnb"", ""sourceKind"": ""product_page"", ""originUrl"": ""https://www.dnb.no/forsikring/kjoretoy/bobilforsikring"", ""resolvedUrl"": ""https://www.dnb.no/forsikring/kjoretoy/bobilforsikring"", ""localPath"": ""catalog/sources/mc-bobil/fremtind-dnb-bobil-page.html"", ""sha256"": ""c87918d37d27b8ac4eb191d8cd445bbd992e212a804eadb1e719720030080908"", ""bytes"": 1201756, ""retrievedAt"": ""2026-09-28"", ""documentDate"": null, ""version"": null, ""reusedExisting"": false, ""underwritingProvider"": ""Fremtind Forsikring AS"", ""applicableLevels"": [""Ansvar"", ""Minikasko"", ""Kasko"", ""Topp""]}], ""runtime_source_ids"": [""mcb-ff-fremtind-dnb-bobil-page""]}, {""path"": ""catalog/sources/mc-bobil/fremtind-bobil-topp.pdf"", ""sha256"": ""6264e379da1b2bb8f943fb15dae8ec295572f2650863d57be818a3cd29464a0a"", ""manifest"": [{""manifest"": ""catalog/sources/mc-bobil/fremtind-frende-manifest.json"", ""name"": ""fremtind-bobil-topp.pdf"", ""provider"": ""fremtind"", ""insuranceType"": ""Bobil"", ""distributionChannel"": ""DNB"", ""agreementScope"": ""ordinary-dnb"", ""sourceKind"": ""terms"", ""originUrl"": ""https://dokument.fremtind.no/vilkar/fremtind/pm/mobilitet/Vilkar_Toppkasko_Bobil.pdf"", ""resolvedUrl"": ""https://dokument.fremtind.no/vilkar/fremtind/pm/mobilitet/Vilkar_Toppkasko_Bobil.pdf"", ""localPath"": ""catalog/sources/mc-bobil/fremtind-bobil-topp.pdf"", ""sha256"": ""6264e379da1b2bb8f943fb15dae8ec295572f2650863d57be818a3cd29464a0a"", ""bytes"": 90222, ""retrievedAt"": ""2026-09-28"", ""documentDate"": ""2025-09-18"", ""version"": ""PMO-350.210-011"", ""reusedExisting"": false, ""underwritingProvider"": ""Fremtind Forsikring AS"", ""applicableLevels"": [""Ansvar"", ""Minikasko"", ""Kasko"", ""Topp""]}], ""runtime_source_ids"": [""mcb-ff-fremtind-bobil-topp"", ""mcb-ff-fremtind-bobil-topp-mini"", ""mcb-ff-fremtind-bobil-topp-kasko"", ""mcb-ff-fremtind-bobil-topp-ansvar"", ""mcb-ff-fremtind-bobil-topp-ulykke"", ""mcb-ff-fremtind-bobil-topp-rettshjelp""]}, {""path"": ""catalog/sources/sparebank1-fremtind/IPID_Bil.pdf"", ""sha256"": ""429a3e267cfbbcfa6da651997497386ffc7391c5f3aab461d469e4d5e65a5d94"", ""manifest"": [{""manifest"": ""catalog/sources/mc-bobil/fremtind-frende-manifest.json"", ""name"": ""fremtind-bobil-ipid.pdf"", ""provider"": ""fremtind"", ""insuranceType"": ""Bobil"", ""distributionChannel"": ""DNB"", ""agreementScope"": ""ordinary-dnb"", ""sourceKind"": ""ipid"", ""originUrl"": ""https://dokument.fremtind.no/ipid/IPID_Bil.pdf"", ""resolvedUrl"": ""https://dokument.fremtind.no/ipid/IPID_Bil.pdf"", ""localPath"": ""catalog/sources/sparebank1-fremtind/IPID_Bil.pdf"", ""sha256"": ""429a3e267cfbbcfa6da651997497386ffc7391c5f3aab461d469e4d5e65a5d94"", ""bytes"": 105038, ""retrievedAt"": ""2026-09-28"", ""documentDate"": null, ""version"": ""V.106"", ""reusedExisting"": true, ""underwritingProvider"": ""Fremtind Forsikring AS"", ""applicableLevels"": [""Ansvar"", ""Minikasko"", ""Kasko"", ""Topp""]}], ""runtime_source_ids"": [""mcb-ff-fremtind-bobil-ipid"", ""sp1Ipid"", ""dnbOptionalCoverages"", ""eikaOptionalCoverages"", ""fremtindOptionalCoverages""]}]",Do not pick a value or inclusive boundary; preserve exact uncertainty until dated applicability is established.
SC-065,SOURCE_CONFLICT_REVIEW_REQUIRED,OPEN_RETAINED,SR-011,sparebank1-fremtind,Båt,Ansvar SDR unit,Fullp4contains3020000millioner/1510000millionSDR;not safe to silently repairunit. Officialclarification needed.,"[{""path"": ""catalog/sources/boat-pet/fremtind-boat-terms.pdf"", ""sha256"": ""1364fc8bde39923ea1e9f0f36a9d9abf5596721958114b93485b5c730d70669f"", ""manifest"": [{""manifest"": ""catalog/sources/boat-pet/manifest.json"", ""providerId"": ""sparebank1-fremtind"", ""filename"": ""fremtind-boat-terms.pdf"", ""insuranceTypes"": [""båt""], ""agreementScope"": ""ordinary"", ""documentType"": ""full_terms"", ""sha256"": ""1364fc8bde39923ea1e9f0f36a9d9abf5596721958114b93485b5c730d70669f"", ""url"": ""https://www.sparebank1.no/nb/bank/privat/forsikring/batforsikring.html"", ""retrievedAt"": ""2026-09-29"", ""localPath"": ""catalog/sources/boat-pet/fremtind-boat-terms.pdf"", ""publicOfficialArtifact"": true}], ""runtime_source_ids"": [""boat-pet:sparebank1-fremtind:båt""]}, {""path"": ""catalog/sources/boat-pet/fremtind-sb1-boat-product.html"", ""sha256"": ""bc40ee8b4c106cbf8c1ee71598030718ea21c9b5a94c46851fd5b81b5aa8486a"", ""manifest"": [{""manifest"": ""catalog/sources/boat-pet/manifest.json"", ""providerId"": ""sparebank1-fremtind"", ""filename"": ""fremtind-sb1-boat-product.html"", ""insuranceTypes"": [""båt""], ""agreementScope"": ""ordinary"", ""documentType"": ""product_page"", ""sha256"": ""bc40ee8b4c106cbf8c1ee71598030718ea21c9b5a94c46851fd5b81b5aa8486a"", ""url"": ""https://www.sparebank1.no/nb/bank/privat/forsikring/batforsikring.html"", ""retrievedAt"": ""2026-09-29"", ""localPath"": ""catalog/sources/boat-pet/fremtind-sb1-boat-product.html"", ""publicOfficialArtifact"": true}], ""runtime_source_ids"": []}]",Do not pick a value or inclusive boundary; preserve exact uncertainty until dated applicability is established.
SC-066,SOURCE_CONFLICT_REVIEW_REQUIRED,OPEN_RETAINED,SR-011,sparebank1-fremtind,Båt,Motor age and product-level FAQ,FullTopp≤10yearmotor/seil;webFAQ<10yearboat. FAQimpliesjolle/holidayToppbutmainmatrix/fullKasko. Conflicts preserved.,"[{""path"": ""catalog/sources/boat-pet/fremtind-boat-terms.pdf"", ""sha256"": ""1364fc8bde39923ea1e9f0f36a9d9abf5596721958114b93485b5c730d70669f"", ""manifest"": [{""manifest"": ""catalog/sources/boat-pet/manifest.json"", ""providerId"": ""sparebank1-fremtind"", ""filename"": ""fremtind-boat-terms.pdf"", ""insuranceTypes"": [""båt""], ""agreementScope"": ""ordinary"", ""documentType"": ""full_terms"", ""sha256"": ""1364fc8bde39923ea1e9f0f36a9d9abf5596721958114b93485b5c730d70669f"", ""url"": ""https://www.sparebank1.no/nb/bank/privat/forsikring/batforsikring.html"", ""retrievedAt"": ""2026-09-29"", ""localPath"": ""catalog/sources/boat-pet/fremtind-boat-terms.pdf"", ""publicOfficialArtifact"": true}], ""runtime_source_ids"": [""boat-pet:sparebank1-fremtind:båt""]}, {""path"": ""catalog/sources/boat-pet/fremtind-sb1-boat-product.html"", ""sha256"": ""bc40ee8b4c106cbf8c1ee71598030718ea21c9b5a94c46851fd5b81b5aa8486a"", ""manifest"": [{""manifest"": ""catalog/sources/boat-pet/manifest.json"", ""providerId"": ""sparebank1-fremtind"", ""filename"": ""fremtind-sb1-boat-product.html"", ""insuranceTypes"": [""båt""], ""agreementScope"": ""ordinary"", ""documentType"": ""product_page"", ""sha256"": ""bc40ee8b4c106cbf8c1ee71598030718ea21c9b5a94c46851fd5b81b5aa8486a"", ""url"": ""https://www.sparebank1.no/nb/bank/privat/forsikring/batforsikring.html"", ""retrievedAt"": ""2026-09-29"", ""localPath"": ""catalog/sources/boat-pet/fremtind-sb1-boat-product.html"", ""publicOfficialArtifact"": true}], ""runtime_source_ids"": []}]",Do not pick a value or inclusive boundary; preserve exact uncertainty until dated applicability is established.
SC-067,SOURCE_CONFLICT_REVIEW_REQUIRED,OPEN_RETAINED,SR-004,sparebank1-fremtind,Hund/Katt,Katt fixed deductible options,Cat§8 1300/2000/4000 versusSB1page1300/2000/3500;same135d+20mechanism.,"[{""path"": ""catalog/sources/boat-pet/fremtind-cat-vet-terms.pdf"", ""sha256"": ""91385b8b466923a5ca1c37d8f53781c5af3f63e3f6e037afae367f4399b75286"", ""manifest"": [{""manifest"": ""catalog/sources/boat-pet/manifest.json"", ""providerId"": ""sparebank1-fremtind"", ""filename"": ""fremtind-cat-vet-terms.pdf"", ""insuranceTypes"": [""katt""], ""agreementScope"": ""ordinary"", ""documentType"": ""full_terms"", ""sha256"": ""91385b8b466923a5ca1c37d8f53781c5af3f63e3f6e037afae367f4399b75286"", ""url"": ""https://www.sparebank1.no/nb/bank/privat/forsikring/katteforsikring.html"", ""retrievedAt"": ""2026-09-29"", ""localPath"": ""catalog/sources/boat-pet/fremtind-cat-vet-terms.pdf"", ""publicOfficialArtifact"": true}], ""runtime_source_ids"": [""boat-pet:sparebank1-fremtind:katt""]}, {""path"": ""catalog/sources/boat-pet/fremtind-sb1-cat-product.html"", ""sha256"": ""5b962b11a638938059382c92afd678406585edc9c97b74de7f659286441d217b"", ""manifest"": [{""manifest"": ""catalog/sources/boat-pet/manifest.json"", ""providerId"": ""sparebank1-fremtind"", ""filename"": ""fremtind-sb1-cat-product.html"", ""insuranceTypes"": [""katt""], ""agreementScope"": ""ordinary"", ""documentType"": ""product_page"", ""sha256"": ""5b962b11a638938059382c92afd678406585edc9c97b74de7f659286441d217b"", ""url"": ""https://www.sparebank1.no/nb/bank/privat/forsikring/katteforsikring.html"", ""retrievedAt"": ""2026-09-29"", ""localPath"": ""catalog/sources/boat-pet/fremtind-sb1-cat-product.html"", ""publicOfficialArtifact"": true}], ""runtime_source_ids"": []}, {""path"": ""catalog/sources/boat-pet/fremtind-dog-life-terms.pdf"", ""sha256"": ""8445f2c6faede5cfe1c6054e58cc880fc4cea1bbc31321ddc76fdbd035dcf43d"", ""manifest"": [{""manifest"": ""catalog/sources/boat-pet/manifest.json"", ""providerId"": ""sparebank1-fremtind"", ""filename"": ""fremtind-dog-life-terms.pdf"", ""insuranceTypes"": [""hund""], ""agreementScope"": ""ordinary"", ""documentType"": ""full_terms"", ""sha256"": ""8445f2c6faede5cfe1c6054e58cc880fc4cea1bbc31321ddc76fdbd035dcf43d"", ""url"": ""https://www.sparebank1.no/nb/bank/privat/forsikring/hundeforsikring.html"", ""retrievedAt"": ""2026-09-29"", ""localPath"": ""catalog/sources/boat-pet/fremtind-dog-life-terms.pdf"", ""publicOfficialArtifact"": true}], ""runtime_source_ids"": [""boat-pet:sparebank1-fremtind:hund:life""]}, {""path"": ""catalog/sources/boat-pet/fremtind-sb1-dog-product.html"", ""sha256"": ""d1df53466581b99a17579ccb9b24dd92b22aa7c5ec905f8b827b21c4590548f4"", ""manifest"": [{""manifest"": ""catalog/sources/boat-pet/manifest.json"", ""providerId"": ""sparebank1-fremtind"", ""filename"": ""fremtind-sb1-dog-product.html"", ""insuranceTypes"": [""hund""], ""agreementScope"": ""ordinary"", ""documentType"": ""product_page"", ""sha256"": ""d1df53466581b99a17579ccb9b24dd92b22aa7c5ec905f8b827b21c4590548f4"", ""url"": ""https://www.sparebank1.no/nb/bank/privat/forsikring/hundeforsikring.html"", ""retrievedAt"": ""2026-09-29"", ""localPath"": ""catalog/sources/boat-pet/fremtind-sb1-dog-product.html"", ""publicOfficialArtifact"": true}], ""runtime_source_ids"": []}]",Do not pick a value or inclusive boundary; preserve exact uncertainty until dated applicability is established.
SC-068,SOURCE_CONFLICT_REVIEW_REQUIRED,OPEN_RETAINED,SR-009,sparebank1-fremtind,Hund/Katt,Pet life expiry boundary,Full firstrenewalAFTERattainedage;webalsofirstrenewalINyearofage. Not necessarilysamedate;flag precisely.,"[{""path"": ""catalog/sources/boat-pet/fremtind-cat-vet-terms.pdf"", ""sha256"": ""91385b8b466923a5ca1c37d8f53781c5af3f63e3f6e037afae367f4399b75286"", ""manifest"": [{""manifest"": ""catalog/sources/boat-pet/manifest.json"", ""providerId"": ""sparebank1-fremtind"", ""filename"": ""fremtind-cat-vet-terms.pdf"", ""insuranceTypes"": [""katt""], ""agreementScope"": ""ordinary"", ""documentType"": ""full_terms"", ""sha256"": ""91385b8b466923a5ca1c37d8f53781c5af3f63e3f6e037afae367f4399b75286"", ""url"": ""https://www.sparebank1.no/nb/bank/privat/forsikring/katteforsikring.html"", ""retrievedAt"": ""2026-09-29"", ""localPath"": ""catalog/sources/boat-pet/fremtind-cat-vet-terms.pdf"", ""publicOfficialArtifact"": true}], ""runtime_source_ids"": [""boat-pet:sparebank1-fremtind:katt""]}, {""path"": ""catalog/sources/boat-pet/fremtind-sb1-cat-product.html"", ""sha256"": ""5b962b11a638938059382c92afd678406585edc9c97b74de7f659286441d217b"", ""manifest"": [{""manifest"": ""catalog/sources/boat-pet/manifest.json"", ""providerId"": ""sparebank1-fremtind"", ""filename"": ""fremtind-sb1-cat-product.html"", ""insuranceTypes"": [""katt""], ""agreementScope"": ""ordinary"", ""documentType"": ""product_page"", ""sha256"": ""5b962b11a638938059382c92afd678406585edc9c97b74de7f659286441d217b"", ""url"": ""https://www.sparebank1.no/nb/bank/privat/forsikring/katteforsikring.html"", ""retrievedAt"": ""2026-09-29"", ""localPath"": ""catalog/sources/boat-pet/fremtind-sb1-cat-product.html"", ""publicOfficialArtifact"": true}], ""runtime_source_ids"": []}, {""path"": ""catalog/sources/boat-pet/fremtind-dog-life-terms.pdf"", ""sha256"": ""8445f2c6faede5cfe1c6054e58cc880fc4cea1bbc31321ddc76fdbd035dcf43d"", ""manifest"": [{""manifest"": ""catalog/sources/boat-pet/manifest.json"", ""providerId"": ""sparebank1-fremtind"", ""filename"": ""fremtind-dog-life-terms.pdf"", ""insuranceTypes"": [""hund""], ""agreementScope"": ""ordinary"", ""documentType"": ""full_terms"", ""sha256"": ""8445f2c6faede5cfe1c6054e58cc880fc4cea1bbc31321ddc76fdbd035dcf43d"", ""url"": ""https://www.sparebank1.no/nb/bank/privat/forsikring/hundeforsikring.html"", ""retrievedAt"": ""2026-09-29"", ""localPath"": ""catalog/sources/boat-pet/fremtind-dog-life-terms.pdf"", ""publicOfficialArtifact"": true}], ""runtime_source_ids"": [""boat-pet:sparebank1-fremtind:hund:life""]}, {""path"": ""catalog/sources/boat-pet/fremtind-sb1-dog-product.html"", ""sha256"": ""d1df53466581b99a17579ccb9b24dd92b22aa7c5ec905f8b827b21c4590548f4"", ""manifest"": [{""manifest"": ""catalog/sources/boat-pet/manifest.json"", ""providerId"": ""sparebank1-fremtind"", ""filename"": ""fremtind-sb1-dog-product.html"", ""insuranceTypes"": [""hund""], ""agreementScope"": ""ordinary"", ""documentType"": ""product_page"", ""sha256"": ""d1df53466581b99a17579ccb9b24dd92b22aa7c5ec905f8b827b21c4590548f4"", ""url"": ""https://www.sparebank1.no/nb/bank/privat/forsikring/hundeforsikring.html"", ""retrievedAt"": ""2026-09-29"", ""localPath"": ""catalog/sources/boat-pet/fremtind-sb1-dog-product.html"", ""publicOfficialArtifact"": true}], ""runtime_source_ids"": []}]",Do not pick a value or inclusive boundary; preserve exact uncertainty until dated applicability is established.
SC-069,SOURCE_CONFLICT_REVIEW_REQUIRED,OPEN_RETAINED,SR-052,storebrand,Båt,Registration eligibility and documentary proof for total disappearance,Full§4 ≥10hk/≥4.5m and Småbåt/Securmark; web >10hk/>4.5m and Småbåt only. Full§6.21 permits registry evidence or purchase contract; IPID excludes disappeared boat not Småbåt registered. No unqualified common negative imported.,"[{""path"": ""catalog/sources/boat-pet/storebrand-boat-terms.pdf"", ""sha256"": ""e945049a6b9fba643d9804279690fc8e1dfbb1cd4a419a81503e58fd5b959baa"", ""manifest"": [{""manifest"": ""catalog/sources/boat-pet/manifest.json"", ""providerId"": ""storebrand"", ""filename"": ""storebrand-boat-terms.pdf"", ""insuranceTypes"": [""båt""], ""agreementScope"": ""ordinary"", ""documentType"": ""full_terms"", ""sha256"": ""e945049a6b9fba643d9804279690fc8e1dfbb1cd4a419a81503e58fd5b959baa"", ""url"": ""https://www.storebrand.no/privat/forsikring/batforsikring"", ""retrievedAt"": ""2026-09-29"", ""localPath"": ""catalog/sources/boat-pet/storebrand-boat-terms.pdf"", ""publicOfficialArtifact"": true}], ""runtime_source_ids"": [""boat-pet:storebrand:båt""]}, {""path"": ""catalog/sources/boat-pet/storebrand-boat-ipid.pdf"", ""sha256"": ""7c1538f9ce6ee077a7f2e65cf6853dd4071bfb3f46bcc68b4eb372b67e89abc3"", ""manifest"": [{""manifest"": ""catalog/sources/boat-pet/manifest.json"", ""providerId"": ""storebrand"", ""filename"": ""storebrand-boat-ipid.pdf"", ""insuranceTypes"": [""båt""], ""agreementScope"": ""ordinary"", ""documentType"": ""ipid"", ""sha256"": ""7c1538f9ce6ee077a7f2e65cf6853dd4071bfb3f46bcc68b4eb372b67e89abc3"", ""url"": ""https://www.storebrand.no/privat/forsikring/batforsikring"", ""retrievedAt"": ""2026-09-29"", ""localPath"": ""catalog/sources/boat-pet/storebrand-boat-ipid.pdf"", ""publicOfficialArtifact"": true}], ""runtime_source_ids"": []}, {""path"": ""catalog/sources/boat-pet/storebrand-boat-product.html"", ""sha256"": ""d4690f9a8159337ff9e36aa33eb5436426e4dc2afb54b2a865bfe2c9ab5eb655"", ""manifest"": [{""manifest"": ""catalog/sources/boat-pet/manifest.json"", ""providerId"": ""storebrand"", ""filename"": ""storebrand-boat-product.html"", ""insuranceTypes"": [""båt""], ""agreementScope"": ""ordinary"", ""documentType"": ""product_page"", ""sha256"": ""d4690f9a8159337ff9e36aa33eb5436426e4dc2afb54b2a865bfe2c9ab5eb655"", ""url"": ""https://www.storebrand.no/privat/forsikring/batforsikring"", ""retrievedAt"": ""2026-09-29"", ""localPath"": ""catalog/sources/boat-pet/storebrand-boat-product.html"", ""publicOfficialArtifact"": true}], ""runtime_source_ids"": []}]",Do not pick a value or inclusive boundary; preserve exact uncertainty until dated applicability is established.
SC-070,SOURCE_CONFLICT_REVIEW_REQUIRED,OPEN_RETAINED,SR-052,storebrand,Båt,Theft deductible reduction safety device,Full§5.1 requires operating FG search/recovery system or whole-boat Securmark; web FAQ calls it FG alarm. Alarm alone not proven equivalent to recovery system.,"[{""path"": ""catalog/sources/boat-pet/storebrand-boat-terms.pdf"", ""sha256"": ""e945049a6b9fba643d9804279690fc8e1dfbb1cd4a419a81503e58fd5b959baa"", ""manifest"": [{""manifest"": ""catalog/sources/boat-pet/manifest.json"", ""providerId"": ""storebrand"", ""filename"": ""storebrand-boat-terms.pdf"", ""insuranceTypes"": [""båt""], ""agreementScope"": ""ordinary"", ""documentType"": ""full_terms"", ""sha256"": ""e945049a6b9fba643d9804279690fc8e1dfbb1cd4a419a81503e58fd5b959baa"", ""url"": ""https://www.storebrand.no/privat/forsikring/batforsikring"", ""retrievedAt"": ""2026-09-29"", ""localPath"": ""catalog/sources/boat-pet/storebrand-boat-terms.pdf"", ""publicOfficialArtifact"": true}], ""runtime_source_ids"": [""boat-pet:storebrand:båt""]}, {""path"": ""catalog/sources/boat-pet/storebrand-boat-product.html"", ""sha256"": ""d4690f9a8159337ff9e36aa33eb5436426e4dc2afb54b2a865bfe2c9ab5eb655"", ""manifest"": [{""manifest"": ""catalog/sources/boat-pet/manifest.json"", ""providerId"": ""storebrand"", ""filename"": ""storebrand-boat-product.html"", ""insuranceTypes"": [""båt""], ""agreementScope"": ""ordinary"", ""documentType"": ""product_page"", ""sha256"": ""d4690f9a8159337ff9e36aa33eb5436426e4dc2afb54b2a865bfe2c9ab5eb655"", ""url"": ""https://www.storebrand.no/privat/forsikring/batforsikring"", ""retrievedAt"": ""2026-09-29"", ""localPath"": ""catalog/sources/boat-pet/storebrand-boat-product.html"", ""publicOfficialArtifact"": true}], ""runtime_source_ids"": []}]",Do not pick a value or inclusive boundary; preserve exact uncertainty until dated applicability is established.
