"finding_id","comparison_id","insurance_type","provider_a","product_a","provider_b","product_b","section","visible_label","canonical_key","presentation_concept","side","visible_status","visible_text","reason_code","source_type","source_document_ref","parent_key","related_key","notes","issue_signature","evidence_confidence","likely_technical_layer","potential_customer_pdf_relevance","raw_evidence_hash"
"F-052f947007f5178a","bil__tryg__ordinary__bil-kasko__pau25205__vs__if__ordinary__if-bil-super__mot2-2__primary","Bil","Tryg","Kasko","If","Super","Skade på egen bil","Kasko – egenandel","kasko.egenandel","bil.egen-bil","first","included","Avtalt egenandel fremgår av forsikringsbeviset","CUSTOMER_SPECIFIC_REFERENCE","Offentlig vilkår","kasko","","","","ISS-c8ebd60d23fdc28c","HIGH","PRODUCT_MODE_ONLY_PRESENTATION","PRODUCT_MODE_ONLY","520ae3c6a8ffa14769118d203623929504230b72039f1983cdd9032883d48226"
"F-9bc4e041a536ca10","bil__tryg__ordinary__bil-kasko__pau25205__vs__if__ordinary__if-bil-super__mot2-2__primary","Bil","Tryg","Kasko","If","Super","Utstyr og eiendeler","Utstyr og eiendeler","details:utstyr:first","bil.utstyr","first","Produktspesifikk detalj","Fastmontert tilbehør: Inntil 10 000 kr; annen avtalt sum kan stå i forsikringsbeviset · Bagasje ved tyveri: Inntil 10 000 kr samlet og 5 000 kr per gjenstand; egenandel 1 000 kr","PROVIDER_SPECIFIC_NOT_COMPARABLE","Offentlig vilkår","","","","","ISS-ff4bc98408da2845","HIGH","PRODUCT_MODE_ONLY_PRESENTATION","PRODUCT_MODE_ONLY","3d3ce1d347edb81a67ddf3e0010c96703c2a65c3f34fc210af3ed1a15f584c97"
"F-de8e3c5aba8a3c76","bil__tryg__ordinary__bil-kasko__pau25205__vs__if__ordinary__if-bil-super__mot2-2__primary","Bil","Tryg","Kasko","If","Super","Utstyr og eiendeler","Utstyr og eiendeler","details:utstyr:second","bil.utstyr","second","Produktspesifikk detalj","Ettermontert utstyr og bagasje – samlet grense: Inntil 40 000 kr samlet, høyst 50 % av kjøretøyets gjenanskaffelsesverdi; avtalt sum kan utvides · Utstyr og bagasje – unntak: Penger/verdipapir og fastmontert ladestasjon i bygning er ikke inkludert","PROVIDER_SPECIFIC_NOT_COMPARABLE","Offentlig vilkår","","","","","ISS-6860394e88ad971e","HIGH","PRODUCT_MODE_ONLY_PRESENTATION","PRODUCT_MODE_ONLY","521a5574a89309ba46a4cb0232dbd3f21fe10461c6af840f33ea9497d188e4d9"
"F-20f1b31fc9dfde2d","bil__tryg__ordinary__bil-kasko__pau25205__vs__if__ordinary__if-bil-super__mot2-2__primary","Bil","Tryg","Kasko","If","Super","Fører og passasjer","Fører- og passasjerulykke","details:ulykke:second","bil.forer-passasjer","second","Produktspesifikk detalj","Fører/passasjer – avtalevilkår: Den avtalte ulykkesdekningen skal fremgå av forsikringsbeviset","PROVIDER_SPECIFIC_NOT_COMPARABLE","Offentlig vilkår","","","","","ISS-b16a49e44512f37b","HIGH","PRODUCT_MODE_ONLY_PRESENTATION","PRODUCT_MODE_ONLY","658d745e008204db44d1161d720a456498a67fdc0cdbfd55f33752a415ef232b"
"F-c680b8a59e8b955c","bil__tryg__ordinary__bil-kasko__pau25205__vs__if__ordinary__if-bil-super__mot2-2__primary","Bil","Tryg","Kasko","If","Super","Brann, tyveri og natur","Brann","details:brann:second","bil.brann-tyveri-natur","second","Produktspesifikk detalj","Brann – begrensning: Batterier og elektroniske enheter krever åpen ild på utsiden av enheten","PROVIDER_SPECIFIC_NOT_COMPARABLE","Offentlig vilkår","","","","","ISS-8f51bc6ab402cb05","HIGH","PRODUCT_MODE_ONLY_PRESENTATION","PRODUCT_MODE_ONLY","4b361839009cbffd71f8dea75ace0775580eafddf355a6ba71424f8bc50eafdc"
"F-476f62ed69865c4e","bil__tryg__ordinary__bil-kasko__pau25205__vs__if__ordinary__if-bil-super__mot2-2__primary","Bil","Tryg","Kasko","If","Super","Andre bilvilkår","Super","details:super:second","bil.ovrig","second","Produktspesifikk detalj","Super – unntak: Gjelder ikke drosje, trafikkskole- eller utleiebil, ikke godkjent effektøkning eller skade ved prøvekjennemerke","PROVIDER_SPECIFIC_NOT_COMPARABLE","Offentlig vilkår","","","","","ISS-8ac4b0cdeec6d28f","HIGH","PRODUCT_MODE_ONLY_PRESENTATION","PRODUCT_MODE_ONLY","29b98c0c1002f46fae229556655f4c69ef743808fac692d59e3b0d05cd2a0081"
"F-02b950f5abd92f03","bil__tryg__ordinary__bil-kasko__pau25205__vs__gjensidige__ordinary__gj-bil-pluss__null__primary","Bil","Tryg","Kasko","Gjensidige","Pluss","Skade på egen bil","Kasko – egenandel","kasko.egenandel","bil.egen-bil","first","included","Avtalt egenandel fremgår av forsikringsbeviset","CUSTOMER_SPECIFIC_REFERENCE","Offentlig vilkår","kasko","","","","ISS-c8ebd60d23fdc28c","HIGH","PRODUCT_MODE_ONLY_PRESENTATION","PRODUCT_MODE_ONLY","55539f931e072378549daf9fb6fd515420937a86c926f33d7bb93c381f5d747b"
"F-ed2bfed7bc75d6e6","bil__tryg__ordinary__bil-kasko__pau25205__vs__gjensidige__ordinary__gj-bil-pluss__null__primary","Bil","Tryg","Kasko","Gjensidige","Pluss","Mobilitet","Leiebil","details:leiebil:first","bil.mobilitet","first","Produktspesifikk detalj","Leiebil – utløser: Erstatningsmessig skade som overstiger egenandelen; leiebil formidlet av Trygs leverandør","PROVIDER_SPECIFIC_NOT_COMPARABLE","Offentlig vilkår","","","","","ISS-24f452e7680e39be","HIGH","PRODUCT_MODE_ONLY_PRESENTATION","PRODUCT_MODE_ONLY","27f76f05783563dc9f8ffd24177c5c7506de3d1c7c3cdb050a1e7e4e4f4c5e0b"
"F-aeb9358a1683f4e6","bil__tryg__ordinary__bil-kasko__pau25205__vs__gjensidige__ordinary__gj-bil-pluss__null__primary","Bil","Tryg","Kasko","Gjensidige","Pluss","Mobilitet","Veihjelp","details:veihjelp:first","bil.mobilitet","first","Produktspesifikk detalj","Veihjelp – transportgrense: 50 % av kjøretøyets verdi på skadedagen · Veihjelp – unntak: Ikke assistanse uten veitilknytning eller utgift dekket av annen avtale/garanti/redningsabonnement","PROVIDER_SPECIFIC_NOT_COMPARABLE","Offentlig vilkår","","","","","ISS-c42396b040848289","HIGH","PRODUCT_MODE_ONLY_PRESENTATION","PRODUCT_MODE_ONLY","92739499b799fa3a096ded01e861ffbcfc0c9103a3ca365e39189ca07f65d594"
"F-56dabf75812a1a3d","bil__tryg__ordinary__bil-kasko__pau25205__vs__gjensidige__ordinary__gj-bil-pluss__null__primary","Bil","Tryg","Kasko","Gjensidige","Pluss","Utstyr og eiendeler","Utstyr og eiendeler","details:utstyr:first","bil.utstyr","first","Produktspesifikk detalj","Bagasje ved tyveri: Inntil 10 000 kr samlet og 5 000 kr per gjenstand; egenandel 1 000 kr","PROVIDER_SPECIFIC_NOT_COMPARABLE","Offentlig vilkår","","","","","ISS-ff4bc98408da2845","HIGH","PRODUCT_MODE_ONLY_PRESENTATION","PRODUCT_MODE_ONLY","a89f0f1785aea14ad7eab3339f493792a44407a62c096e15290dee7d196dbccb"
"F-59190a0be1bc4854","bil__tryg__ordinary__bil-kasko__pau25205__vs__gjensidige__ordinary__gj-bil-pluss__null__primary","Bil","Tryg","Kasko","Gjensidige","Pluss","Fører og passasjer","Fører- og passasjerulykke","details:ulykke:first","bil.forer-passasjer","first","Produktspesifikk detalj","Fører/passasjer – unntak: Blant annet tannskade ved spising og psykisk skade uten PTSD etter ICD-10 F43.1","PROVIDER_SPECIFIC_NOT_COMPARABLE","Offentlig vilkår","","","","","ISS-5c6557d5ddb52f1f","HIGH","PRODUCT_MODE_ONLY_PRESENTATION","PRODUCT_MODE_ONLY","3a8416eefd7a92b87cd319af6dc17d61f99fb8d106522256acccfdf4795ec2d6"
"F-a0ff077c00237511","bil__tryg__ordinary__bil-kasko__pau25205__vs__storebrand__ordinary__sb-bil-super__motor09__primary","Bil","Tryg","Kasko","Storebrand","Super","Skade på egen bil","Kasko – egenandel","kasko.egenandel","bil.egen-bil","first","included","Avtalt egenandel fremgår av forsikringsbeviset","CUSTOMER_SPECIFIC_REFERENCE","Offentlig vilkår","kasko","","","","ISS-c8ebd60d23fdc28c","HIGH","PRODUCT_MODE_ONLY_PRESENTATION","PRODUCT_MODE_ONLY","575c71ff929ab0fd1b8d5be08d7dcfb78e1b658efb91053883cf8490f3737d62"
"F-7a2ca09c92b58f25","bil__tryg__ordinary__bil-kasko__pau25205__vs__storebrand__ordinary__sb-bil-super__motor09__primary","Bil","Tryg","Kasko","Storebrand","Super","Skade på egen bil","Kasko – avtalt egenandel","kasko.egenandel","bil.egen-bil","second","included","Fremgår av forsikringsbeviset","CUSTOMER_SPECIFIC_REFERENCE","Offentlig vilkår","sbKasko","","","","ISS-167eb128df8850f0","HIGH","PRODUCT_MODE_ONLY_PRESENTATION","PRODUCT_MODE_ONLY","7654280782e80d53e432933bca49a5f7ca9cad2ff39888a1588c88514cf13463"
"F-59cfb6c7b5f6bfab","bil__tryg__ordinary__bil-kasko__pau25205__vs__storebrand__ordinary__sb-bil-super__motor09__primary","Bil","Tryg","Kasko","Storebrand","Super","Maskinskade","Maskinskade / motor- og girskade","details:maskinskade:first","bil.maskinskade","first","Produktspesifikk detalj","Maskinskade – diesel/bensin: Motor, oljekjøler/radiator, topplokk, manifolder, turbo/EGR/ladeluftkjøler, AdBlue og innsprøytningssystem","PROVIDER_SPECIFIC_NOT_COMPARABLE","Offentlig vilkår","","","","","ISS-0aaa6959d1f10200","HIGH","PRODUCT_MODE_ONLY_PRESENTATION","PRODUCT_MODE_ONLY","e7eade8a8e917ce64a951fde26c2b983059b2364f5d2e785f0533640a2b2cd52"
"F-58e756053fd5db46","bil__tryg__ordinary__bil-kasko__pau25205__vs__storebrand__ordinary__sb-bil-super__motor09__primary","Bil","Tryg","Kasko","Storebrand","Super","Mobilitet","Leiebil","details:leiebil:first","bil.mobilitet","first","Produktspesifikk detalj","Leiebil – utløser: Erstatningsmessig skade som overstiger egenandelen; leiebil formidlet av Trygs leverandør","PROVIDER_SPECIFIC_NOT_COMPARABLE","Offentlig vilkår","","","","","ISS-24f452e7680e39be","HIGH","PRODUCT_MODE_ONLY_PRESENTATION","PRODUCT_MODE_ONLY","994561173e394c311a6cb8e7433ea3eee24931a855f9863c965a018686031374"
"F-1cc076b5142a8eb8","bil__tryg__ordinary__bil-kasko__pau25205__vs__storebrand__ordinary__sb-bil-super__motor09__primary","Bil","Tryg","Kasko","Storebrand","Super","Mobilitet","Veihjelp","details:veihjelp:first","bil.mobilitet","first","Produktspesifikk detalj","Veihjelp – unntak: Ikke assistanse uten veitilknytning eller utgift dekket av annen avtale/garanti/redningsabonnement","PROVIDER_SPECIFIC_NOT_COMPARABLE","Offentlig vilkår","","","","","ISS-c42396b040848289","HIGH","PRODUCT_MODE_ONLY_PRESENTATION","PRODUCT_MODE_ONLY","0b1fa280d414cec8a7b8757a1599ea8638b7eb4698e095866ad19e3a6e3a130d"
"F-433d7b162735417f","bil__tryg__ordinary__bil-kasko__pau25205__vs__storebrand__ordinary__sb-bil-super__motor09__primary","Bil","Tryg","Kasko","Storebrand","Super","Glass og redning","Glass","details:glass:first","bil.glass-redning","first","Produktspesifikk detalj","Glass – begrensning: For slitt eller ripet til EU-godkjenning før skaden: ikke dekket","PROVIDER_SPECIFIC_NOT_COMPARABLE","Offentlig vilkår","","","","","ISS-34a2e8b4f386a31e","HIGH","PRODUCT_MODE_ONLY_PRESENTATION","PRODUCT_MODE_ONLY","d9ca216a3a9a243fef4bf5a72484c293fb55cca3197f3141f6e758e57a0f07b8"
"F-12f45b2ca95538d3","bil__tryg__ordinary__bil-kasko__pau25205__vs__storebrand__ordinary__sb-bil-super__motor09__primary","Bil","Tryg","Kasko","Storebrand","Super","Fører og passasjer","Fører- og passasjerulykke","details:ulykke:first","bil.forer-passasjer","first","Produktspesifikk detalj","Fører/passasjer – ulykkessted: I eller på kjøretøyet; også utenfor når kjøretøyet er direkte skadeårsak · Fører/passasjer – unntak: Blant annet tannskade ved spising og psykisk skade uten PTSD etter ICD-10 F43.1","PROVIDER_SPECIFIC_NOT_COMPARABLE","Offentlig vilkår","","","","","ISS-5c6557d5ddb52f1f","HIGH","PRODUCT_MODE_ONLY_PRESENTATION","PRODUCT_MODE_ONLY","6b3974a0b477f3c991530dfcf387bd4b49cac9d3a3379bc7550b14c833c21325"
"F-435253ae0854dc1c","bil__tryg__ordinary__bil-kasko__pau25205__vs__storebrand__ordinary__sb-bil-super__motor09__primary","Bil","Tryg","Kasko","Storebrand","Super","Fører og passasjer","Fører- og passasjerulykke","details:ulykke:second","bil.forer-passasjer","second","Produktspesifikk detalj","Fører/passasjer – avtalevilkår: Valgt ulykkesdekning må fremgå av forsikringsbeviset","PROVIDER_SPECIFIC_NOT_COMPARABLE","Offentlig vilkår","","","","","ISS-660b54c6751050e3","HIGH","PRODUCT_MODE_ONLY_PRESENTATION","PRODUCT_MODE_ONLY","a28af9ea96035ba8332890eb2391c69e3e1180fabbd8b14c623adf75ba3f7988"
"F-2db3362c08c18937","bil__tryg__ordinary__bil-kasko__pau25205__vs__storebrand__ordinary__sb-bil-super__motor09__primary","Bil","Tryg","Kasko","Storebrand","Super","Brann, tyveri og natur","Brann","details:brann:second","bil.brann-tyveri-natur","second","Produktspesifikk detalj","Brann – begrensning: Skade i batterier alene, kortslutning eller oppheting uten åpen ild omfattes ikke","PROVIDER_SPECIFIC_NOT_COMPARABLE","Offentlig vilkår","","","","","ISS-16c6f96217c3540d","HIGH","PRODUCT_MODE_ONLY_PRESENTATION","PRODUCT_MODE_ONLY","ce070cfd90ae5aa3d4ad108dba893aa4e38f85a4a967074504e2a9e77b291b76"
"F-f3e304b9c1afbc21","bil__tryg__ordinary__bil-kasko__pau25205__vs__sparebank-1-fremtind__ordinary__sb1-bil-toppkasko__pmo-357-001-004__primary","Bil","Tryg","Kasko","SpareBank 1 / Fremtind","Toppkasko","Skade på egen bil","Kasko – egenandel","kasko.egenandel","bil.egen-bil","first","included","Avtalt egenandel fremgår av forsikringsbeviset","CUSTOMER_SPECIFIC_REFERENCE","Offentlig vilkår","kasko","","","","ISS-c8ebd60d23fdc28c","HIGH","PRODUCT_MODE_ONLY_PRESENTATION","PRODUCT_MODE_ONLY","e39bb352140c9491966be2e9a1945508f96cd96d2a74734a3953f4c3a77c151d"
"F-0e1d62ea335a3846","bil__tryg__ordinary__bil-kasko__pau25205__vs__sparebank-1-fremtind__ordinary__sb1-bil-toppkasko__pmo-357-001-004__primary","Bil","Tryg","Kasko","SpareBank 1 / Fremtind","Toppkasko","Skade på egen bil","Kasko – avtalt egenandel","kasko.egenandel","bil.egen-bil","second","included","Fremgår av forsikringsbeviset","CUSTOMER_SPECIFIC_REFERENCE","Offentlig vilkår","sp1Kasko","","","","ISS-c6d9d1bd25f03523","HIGH","PRODUCT_MODE_ONLY_PRESENTATION","PRODUCT_MODE_ONLY","1401f89f459c721ecd2e27097cfa7d7cb4742f82078e8a00922b74a44cb57f07"
"F-de2e706dcbf34b51","bil__tryg__ordinary__bil-kasko__pau25205__vs__sparebank-1-fremtind__ordinary__sb1-bil-toppkasko__pmo-357-001-004__primary","Bil","Tryg","Kasko","SpareBank 1 / Fremtind","Toppkasko","Maskinskade","Maskinskade / motor- og girskade","details:maskinskade:first","bil.maskinskade","first","Produktspesifikk detalj","Maskinskade – diesel/bensin: Motor, oljekjøler/radiator, topplokk, manifolder, turbo/EGR/ladeluftkjøler, AdBlue og innsprøytningssystem · Maskinskade – gir og kraftoverføring: Girkasse, differensial, fordelingskasse, vinkeldrev og oppregnede aksler/hjullager","PROVIDER_SPECIFIC_NOT_COMPARABLE","Offentlig vilkår","","","","","ISS-0aaa6959d1f10200","HIGH","PRODUCT_MODE_ONLY_PRESENTATION","PRODUCT_MODE_ONLY","9fd2583abbd6615e90ca8f2884e019de6c1be77efd2dcc21c6ac82119d4d8afd"
"F-4929919890e3e2c9","bil__tryg__ordinary__bil-kasko__pau25205__vs__sparebank-1-fremtind__ordinary__sb1-bil-toppkasko__pmo-357-001-004__primary","Bil","Tryg","Kasko","SpareBank 1 / Fremtind","Toppkasko","Mobilitet","Leiebil","details:leiebil:first","bil.mobilitet","first","Produktspesifikk detalj","Leiebil – utløser: Erstatningsmessig skade som overstiger egenandelen; leiebil formidlet av Trygs leverandør","PROVIDER_SPECIFIC_NOT_COMPARABLE","Offentlig vilkår","","","","","ISS-24f452e7680e39be","HIGH","PRODUCT_MODE_ONLY_PRESENTATION","PRODUCT_MODE_ONLY","4d84e65cd0162c8f364d05a40b2ba9247e0c0c05f77892f18793ec44f6822e7b"
"F-c3f796bca7578b26","bil__tryg__ordinary__bil-kasko__pau25205__vs__sparebank-1-fremtind__ordinary__sb1-bil-toppkasko__pmo-357-001-004__primary","Bil","Tryg","Kasko","SpareBank 1 / Fremtind","Toppkasko","Mobilitet","Veihjelp","details:veihjelp:first","bil.mobilitet","first","Produktspesifikk detalj","Veihjelp – unntak: Ikke assistanse uten veitilknytning eller utgift dekket av annen avtale/garanti/redningsabonnement","PROVIDER_SPECIFIC_NOT_COMPARABLE","Offentlig vilkår","","","","","ISS-c42396b040848289","HIGH","PRODUCT_MODE_ONLY_PRESENTATION","PRODUCT_MODE_ONLY","4ad1304ac95a8dea3ed662f266aa1e27d7286f62828f2c7d92dce32395847746"
"F-ec97dfeab956aaf0","bil__tryg__ordinary__bil-kasko__pau25205__vs__sparebank-1-fremtind__ordinary__sb1-bil-toppkasko__pmo-357-001-004__primary","Bil","Tryg","Kasko","SpareBank 1 / Fremtind","Toppkasko","Glass og redning","Glass","details:glass:first","bil.glass-redning","first","Produktspesifikk detalj","Glass – begrensning: For slitt eller ripet til EU-godkjenning før skaden: ikke dekket","PROVIDER_SPECIFIC_NOT_COMPARABLE","Offentlig vilkår","","","","","ISS-34a2e8b4f386a31e","HIGH","PRODUCT_MODE_ONLY_PRESENTATION","PRODUCT_MODE_ONLY","b1128876689b235e57f4e49000a10f487cfbae01a5b9f99b3c7d71c91e261ffc"
"F-006bd4bd70c769c7","bil__tryg__ordinary__bil-kasko__pau25205__vs__sparebank-1-fremtind__ordinary__sb1-bil-toppkasko__pmo-357-001-004__primary","Bil","Tryg","Kasko","SpareBank 1 / Fremtind","Toppkasko","Fører og passasjer","Fører- og passasjerulykke","details:ulykke:first","bil.forer-passasjer","first","Produktspesifikk detalj","Fører/passasjer – unntak: Blant annet tannskade ved spising og psykisk skade uten PTSD etter ICD-10 F43.1","PROVIDER_SPECIFIC_NOT_COMPARABLE","Offentlig vilkår","","","","","ISS-5c6557d5ddb52f1f","HIGH","PRODUCT_MODE_ONLY_PRESENTATION","PRODUCT_MODE_ONLY","a7c29fa4e5d58f90802915758f579279ec314d6bd8678b97c380a3e6fe3695dc"
"F-1e51d011aa307c86","bil__tryg__ordinary__bil-kasko__pau25205__vs__sparebank-1-fremtind__ordinary__sb1-bil-toppkasko__pmo-357-001-004__primary","Bil","Tryg","Kasko","SpareBank 1 / Fremtind","Toppkasko","Andre bilvilkår","Delkasko – avtalt egenandel","delkasko.egenandel","bil.ovrig","second","included","Fremgår av forsikringsbeviset","CUSTOMER_SPECIFIC_REFERENCE","Offentlig vilkår","sp1Delkasko","","","","ISS-7e8ac5543f504325","HIGH","PRODUCT_MODE_ONLY_PRESENTATION","PRODUCT_MODE_ONLY","2de703c3acb572f201bbc518b1dad49ffbc0c009648155c942c931526492abbb"
"F-f3f97e6409bdac1f","bil__tryg__ordinary__bil-kasko__pau25205__vs__dnb-fremtind__ordinary__dnb-bil-topp__pmo-357-001-004__primary","Bil","Tryg","Kasko","DNB / Fremtind","Topp","Skade på egen bil","Kasko – egenandel","kasko.egenandel","bil.egen-bil","first","included","Avtalt egenandel fremgår av forsikringsbeviset","CUSTOMER_SPECIFIC_REFERENCE","Offentlig vilkår","kasko","","","","ISS-c8ebd60d23fdc28c","HIGH","PRODUCT_MODE_ONLY_PRESENTATION","PRODUCT_MODE_ONLY","92ec6de3830ad83fee0a1c3b6079cfb2b20ec670b92cad25d1bf53881c1060e7"
"F-97ad0a348cc58621","bil__tryg__ordinary__bil-kasko__pau25205__vs__dnb-fremtind__ordinary__dnb-bil-topp__pmo-357-001-004__primary","Bil","Tryg","Kasko","DNB / Fremtind","Topp","Skade på egen bil","Kasko – avtalt egenandel","kasko.egenandel","bil.egen-bil","second","included","Fremgår av forsikringsbeviset","CUSTOMER_SPECIFIC_REFERENCE","Offentlig vilkår","sp1Kasko","","","","ISS-234bb3ec6b55b23f","HIGH","PRODUCT_MODE_ONLY_PRESENTATION","PRODUCT_MODE_ONLY","332030adb6d478222823f409ac47b8f22f8ff56f5ac04e498d134b0fac4fa6e3"
"F-62015a3423f11055","bil__tryg__ordinary__bil-kasko__pau25205__vs__dnb-fremtind__ordinary__dnb-bil-topp__pmo-357-001-004__primary","Bil","Tryg","Kasko","DNB / Fremtind","Topp","Maskinskade","Maskinskade / motor- og girskade","details:maskinskade:first","bil.maskinskade","first","Produktspesifikk detalj","Maskinskade – diesel/bensin: Motor, oljekjøler/radiator, topplokk, manifolder, turbo/EGR/ladeluftkjøler, AdBlue og innsprøytningssystem · Maskinskade – gir og kraftoverføring: Girkasse, differensial, fordelingskasse, vinkeldrev og oppregnede aksler/hjullager","PROVIDER_SPECIFIC_NOT_COMPARABLE","Offentlig vilkår","","","","","ISS-0aaa6959d1f10200","HIGH","PRODUCT_MODE_ONLY_PRESENTATION","PRODUCT_MODE_ONLY","b93c6c78ae7b1499669d6ca675cd3821347c147dad47eda062401289d00fbd40"
"F-0eaab7275016c4a5","bil__tryg__ordinary__bil-kasko__pau25205__vs__dnb-fremtind__ordinary__dnb-bil-topp__pmo-357-001-004__primary","Bil","Tryg","Kasko","DNB / Fremtind","Topp","Mobilitet","Leiebil","details:leiebil:first","bil.mobilitet","first","Produktspesifikk detalj","Leiebil – utløser: Erstatningsmessig skade som overstiger egenandelen; leiebil formidlet av Trygs leverandør","PROVIDER_SPECIFIC_NOT_COMPARABLE","Offentlig vilkår","","","","","ISS-24f452e7680e39be","HIGH","PRODUCT_MODE_ONLY_PRESENTATION","PRODUCT_MODE_ONLY","e438b82a0123fdcf8412d909996d19272a7df2c87c084e4b900851e35bb51494"
"F-5408aa0422642af7","bil__tryg__ordinary__bil-kasko__pau25205__vs__dnb-fremtind__ordinary__dnb-bil-topp__pmo-357-001-004__primary","Bil","Tryg","Kasko","DNB / Fremtind","Topp","Mobilitet","Veihjelp","details:veihjelp:first","bil.mobilitet","first","Produktspesifikk detalj","Veihjelp – unntak: Ikke assistanse uten veitilknytning eller utgift dekket av annen avtale/garanti/redningsabonnement","PROVIDER_SPECIFIC_NOT_COMPARABLE","Offentlig vilkår","","","","","ISS-c42396b040848289","HIGH","PRODUCT_MODE_ONLY_PRESENTATION","PRODUCT_MODE_ONLY","8561b5100cfb1897b8612761d10bb7cb0d35ecec1c3114bfb84d72292e3071ee"
"F-f58ed455e23a6964","bil__tryg__ordinary__bil-kasko__pau25205__vs__dnb-fremtind__ordinary__dnb-bil-topp__pmo-357-001-004__primary","Bil","Tryg","Kasko","DNB / Fremtind","Topp","Glass og redning","Glass","details:glass:first","bil.glass-redning","first","Produktspesifikk detalj","Glass – begrensning: For slitt eller ripet til EU-godkjenning før skaden: ikke dekket","PROVIDER_SPECIFIC_NOT_COMPARABLE","Offentlig vilkår","","","","","ISS-34a2e8b4f386a31e","HIGH","PRODUCT_MODE_ONLY_PRESENTATION","PRODUCT_MODE_ONLY","8ffdf8cffb7a341b52384a42f1eeb2b1853c5a10dd92e4456f50bc5b7be173af"
"F-c94f6166896a5a78","bil__tryg__ordinary__bil-kasko__pau25205__vs__dnb-fremtind__ordinary__dnb-bil-topp__pmo-357-001-004__primary","Bil","Tryg","Kasko","DNB / Fremtind","Topp","Fører og passasjer","Fører- og passasjerulykke","details:ulykke:first","bil.forer-passasjer","first","Produktspesifikk detalj","Fører/passasjer – unntak: Blant annet tannskade ved spising og psykisk skade uten PTSD etter ICD-10 F43.1","PROVIDER_SPECIFIC_NOT_COMPARABLE","Offentlig vilkår","","","","","ISS-5c6557d5ddb52f1f","HIGH","PRODUCT_MODE_ONLY_PRESENTATION","PRODUCT_MODE_ONLY","7dae54b0032a3837d1157c145b4a6c63141bc6e3e39d000e67cf194e7dbaeabf"
"F-be8e79ec2ab0b6c4","bil__tryg__ordinary__bil-kasko__pau25205__vs__dnb-fremtind__ordinary__dnb-bil-topp__pmo-357-001-004__primary","Bil","Tryg","Kasko","DNB / Fremtind","Topp","Andre bilvilkår","Delkasko – avtalt egenandel","delkasko.egenandel","bil.ovrig","second","included","Fremgår av forsikringsbeviset","CUSTOMER_SPECIFIC_REFERENCE","Offentlig vilkår","sp1Delkasko","","","","ISS-a1f2bbb5470a8f51","HIGH","PRODUCT_MODE_ONLY_PRESENTATION","PRODUCT_MODE_ONLY","d1f350a06a275048358dc2420747e1a777d73df57d9373498fed47231e44a1b2"
"F-bc73153c3395d32b","bil__tryg__ordinary__bil-kasko__pau25205__vs__eika-fremtind__ordinary__eika-bil-topp__pmo-357-001-004__primary","Bil","Tryg","Kasko","Eika / Fremtind","Topp","Skade på egen bil","Kasko – egenandel","kasko.egenandel","bil.egen-bil","first","included","Avtalt egenandel fremgår av forsikringsbeviset","CUSTOMER_SPECIFIC_REFERENCE","Offentlig vilkår","kasko","","","","ISS-c8ebd60d23fdc28c","HIGH","PRODUCT_MODE_ONLY_PRESENTATION","PRODUCT_MODE_ONLY","93be35a3cde141769732641ab9676fd5c7fc9af6014fe9c203f3db4c146fe3cc"
"F-701ecef06104bc9e","bil__tryg__ordinary__bil-kasko__pau25205__vs__eika-fremtind__ordinary__eika-bil-topp__pmo-357-001-004__primary","Bil","Tryg","Kasko","Eika / Fremtind","Topp","Skade på egen bil","Kasko – avtalt egenandel","kasko.egenandel","bil.egen-bil","second","included","Fremgår av forsikringsbeviset","CUSTOMER_SPECIFIC_REFERENCE","Offentlig vilkår","sp1Kasko","","","","ISS-dc5a58ceac691b27","HIGH","PRODUCT_MODE_ONLY_PRESENTATION","PRODUCT_MODE_ONLY","31f87189ac9f4fc528dd3f391e2249b873d22c2067d340c877deaf51d72e06a4"
"F-86d4d403fb7f7f53","bil__tryg__ordinary__bil-kasko__pau25205__vs__eika-fremtind__ordinary__eika-bil-topp__pmo-357-001-004__primary","Bil","Tryg","Kasko","Eika / Fremtind","Topp","Maskinskade","Maskinskade / motor- og girskade","details:maskinskade:first","bil.maskinskade","first","Produktspesifikk detalj","Maskinskade – diesel/bensin: Motor, oljekjøler/radiator, topplokk, manifolder, turbo/EGR/ladeluftkjøler, AdBlue og innsprøytningssystem · Maskinskade – gir og kraftoverføring: Girkasse, differensial, fordelingskasse, vinkeldrev og oppregnede aksler/hjullager","PROVIDER_SPECIFIC_NOT_COMPARABLE","Offentlig vilkår","","","","","ISS-0aaa6959d1f10200","HIGH","PRODUCT_MODE_ONLY_PRESENTATION","PRODUCT_MODE_ONLY","60191dd457022ff9f548050815c4a57f98f213e3d989dfc0a070647b20c3f6c3"
"F-9a7dc327e8fe1fa9","bil__tryg__ordinary__bil-kasko__pau25205__vs__eika-fremtind__ordinary__eika-bil-topp__pmo-357-001-004__primary","Bil","Tryg","Kasko","Eika / Fremtind","Topp","Mobilitet","Leiebil","details:leiebil:first","bil.mobilitet","first","Produktspesifikk detalj","Leiebil – utløser: Erstatningsmessig skade som overstiger egenandelen; leiebil formidlet av Trygs leverandør","PROVIDER_SPECIFIC_NOT_COMPARABLE","Offentlig vilkår","","","","","ISS-24f452e7680e39be","HIGH","PRODUCT_MODE_ONLY_PRESENTATION","PRODUCT_MODE_ONLY","d989bf39ea4e405e383df75f91ea349107c5ee4fb8d1cd90bebf48b982d43c05"
"F-eed4622c06faa69d","bil__tryg__ordinary__bil-kasko__pau25205__vs__eika-fremtind__ordinary__eika-bil-topp__pmo-357-001-004__primary","Bil","Tryg","Kasko","Eika / Fremtind","Topp","Mobilitet","Veihjelp","details:veihjelp:first","bil.mobilitet","first","Produktspesifikk detalj","Veihjelp – unntak: Ikke assistanse uten veitilknytning eller utgift dekket av annen avtale/garanti/redningsabonnement","PROVIDER_SPECIFIC_NOT_COMPARABLE","Offentlig vilkår","","","","","ISS-c42396b040848289","HIGH","PRODUCT_MODE_ONLY_PRESENTATION","PRODUCT_MODE_ONLY","63565178a9d51095609809de5c8e1534b7fcae71ff7fe918a75f9b7769c3d920"
"F-64a4e31ed227bd1d","bil__tryg__ordinary__bil-kasko__pau25205__vs__eika-fremtind__ordinary__eika-bil-topp__pmo-357-001-004__primary","Bil","Tryg","Kasko","Eika / Fremtind","Topp","Glass og redning","Glass","details:glass:first","bil.glass-redning","first","Produktspesifikk detalj","Glass – begrensning: For slitt eller ripet til EU-godkjenning før skaden: ikke dekket","PROVIDER_SPECIFIC_NOT_COMPARABLE","Offentlig vilkår","","","","","ISS-34a2e8b4f386a31e","HIGH","PRODUCT_MODE_ONLY_PRESENTATION","PRODUCT_MODE_ONLY","b4321085b23e871620588066713aba73808020ac2b20cc20ba4ee0a676380646"
"F-ccc8e111fde632ab","bil__tryg__ordinary__bil-kasko__pau25205__vs__eika-fremtind__ordinary__eika-bil-topp__pmo-357-001-004__primary","Bil","Tryg","Kasko","Eika / Fremtind","Topp","Fører og passasjer","Fører- og passasjerulykke","details:ulykke:first","bil.forer-passasjer","first","Produktspesifikk detalj","Fører/passasjer – unntak: Blant annet tannskade ved spising og psykisk skade uten PTSD etter ICD-10 F43.1","PROVIDER_SPECIFIC_NOT_COMPARABLE","Offentlig vilkår","","","","","ISS-5c6557d5ddb52f1f","HIGH","PRODUCT_MODE_ONLY_PRESENTATION","PRODUCT_MODE_ONLY","1b989448974f7233363bf3e17a00df3c5f3736b4b1c57a8c83f75efc9a62f8e3"
"F-4788eb0b80f1709f","bil__tryg__ordinary__bil-kasko__pau25205__vs__eika-fremtind__ordinary__eika-bil-topp__pmo-357-001-004__primary","Bil","Tryg","Kasko","Eika / Fremtind","Topp","Andre bilvilkår","Delkasko – avtalt egenandel","delkasko.egenandel","bil.ovrig","second","included","Fremgår av forsikringsbeviset","CUSTOMER_SPECIFIC_REFERENCE","Offentlig vilkår","sp1Delkasko","","","","ISS-0d887c12faf7f431","HIGH","PRODUCT_MODE_ONLY_PRESENTATION","PRODUCT_MODE_ONLY","7e3449e0d757a4a1968782dbd9681a65cb8ecba9d86fd9a7b0726fcb39eb6f23"
"F-e174febaf1c34365","bil__tryg__ordinary__bil-kasko__pau25205__vs__fremtind__ordinary__fremtind-bil-topp__pmo-357-001-004__primary","Bil","Tryg","Kasko","Fremtind","Topp","Skade på egen bil","Kasko – egenandel","kasko.egenandel","bil.egen-bil","first","included","Avtalt egenandel fremgår av forsikringsbeviset","CUSTOMER_SPECIFIC_REFERENCE","Offentlig vilkår","kasko","","","","ISS-c8ebd60d23fdc28c","HIGH","PRODUCT_MODE_ONLY_PRESENTATION","PRODUCT_MODE_ONLY","3fef66d588fce52678a47c4d4365252b580ffb9c8c835a784c9a3c8bf44e2b86"
"F-a53f5cf655fcbf24","bil__tryg__ordinary__bil-kasko__pau25205__vs__fremtind__ordinary__fremtind-bil-topp__pmo-357-001-004__primary","Bil","Tryg","Kasko","Fremtind","Topp","Skade på egen bil","Kasko – avtalt egenandel","kasko.egenandel","bil.egen-bil","second","included","Fremgår av forsikringsbeviset","CUSTOMER_SPECIFIC_REFERENCE","Offentlig vilkår","sp1Kasko","","","","ISS-2baa209383515d23","HIGH","PRODUCT_MODE_ONLY_PRESENTATION","PRODUCT_MODE_ONLY","0b13aa2ad7b80c7361cf1ccdafd28fa9bc8ef450de090b4219efba6004f7524c"
"F-eaea41ba85093288","bil__tryg__ordinary__bil-kasko__pau25205__vs__fremtind__ordinary__fremtind-bil-topp__pmo-357-001-004__primary","Bil","Tryg","Kasko","Fremtind","Topp","Maskinskade","Maskinskade / motor- og girskade","details:maskinskade:first","bil.maskinskade","first","Produktspesifikk detalj","Maskinskade – diesel/bensin: Motor, oljekjøler/radiator, topplokk, manifolder, turbo/EGR/ladeluftkjøler, AdBlue og innsprøytningssystem · Maskinskade – gir og kraftoverføring: Girkasse, differensial, fordelingskasse, vinkeldrev og oppregnede aksler/hjullager","PROVIDER_SPECIFIC_NOT_COMPARABLE","Offentlig vilkår","","","","","ISS-0aaa6959d1f10200","HIGH","PRODUCT_MODE_ONLY_PRESENTATION","PRODUCT_MODE_ONLY","cc74a461c1ab92fe554446e62bd1d7a7c326fdcfb038b41163a082c4c9a0a929"
"F-1dd7362e9d30adea","bil__tryg__ordinary__bil-kasko__pau25205__vs__fremtind__ordinary__fremtind-bil-topp__pmo-357-001-004__primary","Bil","Tryg","Kasko","Fremtind","Topp","Mobilitet","Leiebil","details:leiebil:first","bil.mobilitet","first","Produktspesifikk detalj","Leiebil – utløser: Erstatningsmessig skade som overstiger egenandelen; leiebil formidlet av Trygs leverandør","PROVIDER_SPECIFIC_NOT_COMPARABLE","Offentlig vilkår","","","","","ISS-24f452e7680e39be","HIGH","PRODUCT_MODE_ONLY_PRESENTATION","PRODUCT_MODE_ONLY","4a70f19acb4436b3b41b26d9e3c55062165e9604ba72338e88abff8864744d54"
"F-1c74779e6d963ec9","bil__tryg__ordinary__bil-kasko__pau25205__vs__fremtind__ordinary__fremtind-bil-topp__pmo-357-001-004__primary","Bil","Tryg","Kasko","Fremtind","Topp","Mobilitet","Veihjelp","details:veihjelp:first","bil.mobilitet","first","Produktspesifikk detalj","Veihjelp – unntak: Ikke assistanse uten veitilknytning eller utgift dekket av annen avtale/garanti/redningsabonnement","PROVIDER_SPECIFIC_NOT_COMPARABLE","Offentlig vilkår","","","","","ISS-c42396b040848289","HIGH","PRODUCT_MODE_ONLY_PRESENTATION","PRODUCT_MODE_ONLY","5e12c11a9ed1a2df6fd6080d7ba46bd6d4732fac2f9f879bb69e259c857c57f2"
"F-ee363294a1557af5","bil__tryg__ordinary__bil-kasko__pau25205__vs__fremtind__ordinary__fremtind-bil-topp__pmo-357-001-004__primary","Bil","Tryg","Kasko","Fremtind","Topp","Glass og redning","Glass","details:glass:first","bil.glass-redning","first","Produktspesifikk detalj","Glass – begrensning: For slitt eller ripet til EU-godkjenning før skaden: ikke dekket","PROVIDER_SPECIFIC_NOT_COMPARABLE","Offentlig vilkår","","","","","ISS-34a2e8b4f386a31e","HIGH","PRODUCT_MODE_ONLY_PRESENTATION","PRODUCT_MODE_ONLY","bb6ebe79ceabe5fd454996e23f178643025da648b73ee9886f0078060cf54a89"
"F-3c207a5082dd290d","bil__tryg__ordinary__bil-kasko__pau25205__vs__fremtind__ordinary__fremtind-bil-topp__pmo-357-001-004__primary","Bil","Tryg","Kasko","Fremtind","Topp","Fører og passasjer","Fører- og passasjerulykke","details:ulykke:first","bil.forer-passasjer","first","Produktspesifikk detalj","Fører/passasjer – unntak: Blant annet tannskade ved spising og psykisk skade uten PTSD etter ICD-10 F43.1","PROVIDER_SPECIFIC_NOT_COMPARABLE","Offentlig vilkår","","","","","ISS-5c6557d5ddb52f1f","HIGH","PRODUCT_MODE_ONLY_PRESENTATION","PRODUCT_MODE_ONLY","114c57922efd715dfd8fa5d6882fd5f7c4c4e438eb515d2ee7781a964fe895b5"
"F-372a4123e102beda","bil__tryg__ordinary__bil-kasko__pau25205__vs__fremtind__ordinary__fremtind-bil-topp__pmo-357-001-004__primary","Bil","Tryg","Kasko","Fremtind","Topp","Andre bilvilkår","Delkasko – avtalt egenandel","delkasko.egenandel","bil.ovrig","second","included","Fremgår av forsikringsbeviset","CUSTOMER_SPECIFIC_REFERENCE","Offentlig vilkår","sp1Delkasko","","","","ISS-98f240d54c79dee5","HIGH","PRODUCT_MODE_ONLY_PRESENTATION","PRODUCT_MODE_ONLY","c26f261f10d21d918cec15fe9bd8accc9ca58910dfdf7c68cf770234dd5bcafa"
"F-3d164539f259ea04","bil__tryg__ordinary__bil-kasko__pau25205__vs__frende__ordinary__frende-bil-utvidet__2026-01-01__primary","Bil","Tryg","Kasko","Frende","Utvidet","Skade på egen bil","Feilfylling","feilfylling.dekning","bil.egen-bil","both","included / included","✓ Inkludert – Skade på eget kjøretøy ved feilfylling av drivstoff || ✓ Inkludert – Plutselig og uforutsett skade etter sammenstøt, utforkjøring, velt, hærverk og feilfylling","SAME_CONCEPT_DIFFERENT_STRUCTURE","","","","","","ISS-46814b5273aeeb71","MEDIUM","CANONICAL_SEMANTICS","LIKELY_SHARED","02a569072a3b2f372ee0f04f66fdabf9b30c5695433e404ac1d3b90aeaaff365"
"F-4f0b8ead358edfee","bil__tryg__ordinary__bil-kasko__pau25205__vs__frende__ordinary__frende-bil-utvidet__2026-01-01__primary","Bil","Tryg","Kasko","Frende","Utvidet","Skade på egen bil","Feilfylling","feilfylling.dekning","bil.egen-bil","second","included","✓ Inkludert – Plutselig og uforutsett skade etter sammenstøt, utforkjøring, velt, hærverk og feilfylling","PARENT_CONTAINS_CHILD_CANDIDATE","Offentlig vilkår","frendeKasko","kasko.dekning","","","ISS-9e52942abdd19d17","HIGH","CANONICAL_SEMANTICS","LIKELY_SHARED","5a88202e93ca28ba29d1a3f472a6d01a4ec74afad6219a36e727bb476ad541f3"
"F-b504553de9a2c158","bil__tryg__ordinary__bil-kasko__pau25205__vs__frende__ordinary__frende-bil-utvidet__2026-01-01__primary","Bil","Tryg","Kasko","Frende","Utvidet","Skade på egen bil","Hærverk","haerverk.dekning","bil.egen-bil","both","included / included","✓ Inkludert – Skade på eget kjøretøy ved hærverk || ✓ Inkludert – Plutselig og uforutsett skade etter sammenstøt, utforkjøring, velt, hærverk og feilfylling","SAME_CONCEPT_DIFFERENT_STRUCTURE","","","","","","ISS-ded8aa776d61af8e","MEDIUM","CANONICAL_SEMANTICS","LIKELY_SHARED","3060524fba5bf5ea6072cb498df40443d6ee8cbad2fae47563417ae3dfd1f9af"
"F-3e637c53df31050b","bil__tryg__ordinary__bil-kasko__pau25205__vs__frende__ordinary__frende-bil-utvidet__2026-01-01__primary","Bil","Tryg","Kasko","Frende","Utvidet","Skade på egen bil","Hærverk","haerverk.dekning","bil.egen-bil","second","included","✓ Inkludert – Plutselig og uforutsett skade etter sammenstøt, utforkjøring, velt, hærverk og feilfylling","PARENT_CONTAINS_CHILD_CANDIDATE","Offentlig vilkår","frendeKasko","kasko.dekning","","","ISS-645eb89e2730122c","HIGH","CANONICAL_SEMANTICS","LIKELY_SHARED","383b41738b93f2925cf8937824002ee980f28d3e2005c898097738430302bc56"
"F-d3ea83c8999cd466","bil__tryg__ordinary__bil-kasko__pau25205__vs__frende__ordinary__frende-bil-utvidet__2026-01-01__primary","Bil","Tryg","Kasko","Frende","Utvidet","Skade på egen bil","Kasko – egenandel","kasko.egenandel","bil.egen-bil","first","included","Avtalt egenandel fremgår av forsikringsbeviset","CUSTOMER_SPECIFIC_REFERENCE","Offentlig vilkår","kasko","","","","ISS-c8ebd60d23fdc28c","HIGH","PRODUCT_MODE_ONLY_PRESENTATION","PRODUCT_MODE_ONLY","46749d024d90ebf74fcabc2a26f55c9a756331229762d96c48b87c08a4d22f15"
"F-564a74e6ea8df7ee","bil__tryg__ordinary__bil-kasko__pau25205__vs__frende__ordinary__frende-bil-utvidet__2026-01-01__primary","Bil","Tryg","Kasko","Frende","Utvidet","Skade på egen bil","Kasko – avtalt egenandel","kasko.egenandel","bil.egen-bil","second","included","Fremgår av forsikringsbeviset","CUSTOMER_SPECIFIC_REFERENCE","Offentlig vilkår","frendeKasko","","","","ISS-f7dcbfdf42466952","HIGH","PRODUCT_MODE_ONLY_PRESENTATION","PRODUCT_MODE_ONLY","15ac2134f7274372bf09fb0d58487b765ec6498cfd2f98709abb962cf1f74c7e"
"F-959ce7bf0b1ccb60","bil__tryg__ordinary__bil-kasko__pau25205__vs__frende__ordinary__frende-bil-utvidet__2026-01-01__primary","Bil","Tryg","Kasko","Frende","Utvidet","Maskinskade","Maskinskade / motor- og girskade","details:maskinskade:first","bil.maskinskade","first","Produktspesifikk detalj","Maskinskade – diesel/bensin: Motor, oljekjøler/radiator, topplokk, manifolder, turbo/EGR/ladeluftkjøler, AdBlue og innsprøytningssystem · Maskinskade – elbil/hybrid: Motor, høyvoltbatteri og høyspentkabel inkl. ladekontakt, batterikjøling/-styring, spenningsomformer og fabrikkmontert lader · Maskinskade – gir og kraftoverføring: Girkasse, differensial, fordelingskasse, vinkeldrev og oppregnede aksler/hjullager","PROVIDER_SPECIFIC_NOT_COMPARABLE","Offentlig vilkår","","","","","ISS-0aaa6959d1f10200","HIGH","PRODUCT_MODE_ONLY_PRESENTATION","PRODUCT_MODE_ONLY","6b297a6905e7d3c2ea650064ced8a749f070e2bbde6673b6f7092d623755f535"
"F-5b98126554e860d9","bil__tryg__ordinary__bil-kasko__pau25205__vs__frende__ordinary__frende-bil-utvidet__2026-01-01__primary","Bil","Tryg","Kasko","Frende","Utvidet","Mobilitet","Leiebil","details:leiebil:first","bil.mobilitet","first","Produktspesifikk detalj","Leiebil – unntak: Ikke ved bare glasskade, tapt/skadet nøkkel eller kontantoppgjør uten totalskade/innløsning · Leiebil – utløser: Erstatningsmessig skade som overstiger egenandelen; leiebil formidlet av Trygs leverandør","PROVIDER_SPECIFIC_NOT_COMPARABLE","Offentlig vilkår","","","","","ISS-24f452e7680e39be","HIGH","PRODUCT_MODE_ONLY_PRESENTATION","PRODUCT_MODE_ONLY","f865289748fb47a91807d2bccb0d0369f6ebdb42c4b43c2bfe16e5e24da5d2fb"
"F-5bf90a14a4ab3f4f","bil__tryg__ordinary__bil-kasko__pau25205__vs__frende__ordinary__frende-bil-utvidet__2026-01-01__primary","Bil","Tryg","Kasko","Frende","Utvidet","Mobilitet","Veihjelp","details:veihjelp:first","bil.mobilitet","first","Produktspesifikk detalj","Veihjelp – transportgrense: 50 % av kjøretøyets verdi på skadedagen · Veihjelp – unntak: Ikke assistanse uten veitilknytning eller utgift dekket av annen avtale/garanti/redningsabonnement","PROVIDER_SPECIFIC_NOT_COMPARABLE","Offentlig vilkår","","","","","ISS-c42396b040848289","HIGH","PRODUCT_MODE_ONLY_PRESENTATION","PRODUCT_MODE_ONLY","edbfa266a9a40b2220c060e4573431747f05a050968c926434eadc94744b1b0e"
"F-0d6a9ed77e3bac5a","bil__tryg__ordinary__bil-kasko__pau25205__vs__frende__ordinary__frende-bil-utvidet__2026-01-01__primary","Bil","Tryg","Kasko","Frende","Utvidet","Glass og redning","Glass","details:glass:first","bil.glass-redning","first","Produktspesifikk detalj","Glass – begrensning: For slitt eller ripet til EU-godkjenning før skaden: ikke dekket","PROVIDER_SPECIFIC_NOT_COMPARABLE","Offentlig vilkår","","","","","ISS-34a2e8b4f386a31e","HIGH","PRODUCT_MODE_ONLY_PRESENTATION","PRODUCT_MODE_ONLY","1d54acae1ec6d53560bde3cf7756cb98f9a6639875be1ee5b90e590b9c69c78e"
"F-71252cead1f7a5e5","bil__tryg__ordinary__bil-kasko__pau25205__vs__frende__ordinary__frende-bil-utvidet__2026-01-01__primary","Bil","Tryg","Kasko","Frende","Utvidet","Fører og passasjer","Fører- og passasjerulykke","details:ulykke:first","bil.forer-passasjer","first","Produktspesifikk detalj","Fører/passasjer – ulykkessted: I eller på kjøretøyet; også utenfor når kjøretøyet er direkte skadeårsak · Fører/passasjer – unntak: Blant annet tannskade ved spising og psykisk skade uten PTSD etter ICD-10 F43.1","PROVIDER_SPECIFIC_NOT_COMPARABLE","Offentlig vilkår","","","","","ISS-5c6557d5ddb52f1f","HIGH","PRODUCT_MODE_ONLY_PRESENTATION","PRODUCT_MODE_ONLY","de99e7382a11fbc6cf1e20664bb5bb5f8eb35c09ebcb8d4c9f82092215f223a5"
"F-b0a93c5c87663484","bil__if__ordinary__if-bil-super__mot2-2__vs__frende__ordinary__frende-bil-utvidet__2026-01-01__primary","Bil","If","Super","Frende","Utvidet","Skade på egen bil","Feilfylling","feilfylling.dekning","bil.egen-bil","both","included / included","✓ Inkludert – Skade direkte som følge av fylling av feil væske || ✓ Inkludert – Plutselig og uforutsett skade etter sammenstøt, utforkjøring, velt, hærverk og feilfylling","SAME_CONCEPT_DIFFERENT_STRUCTURE","","","","","","ISS-46814b5273aeeb71","MEDIUM","CANONICAL_SEMANTICS","LIKELY_SHARED","7e1f0c885037a3b26a6adf17e5bb2f0af236755c20ac824da562d4d121f4ec10"
"F-8f241b6ed33e794e","bil__if__ordinary__if-bil-super__mot2-2__vs__frende__ordinary__frende-bil-utvidet__2026-01-01__primary","Bil","If","Super","Frende","Utvidet","Skade på egen bil","Feilfylling","feilfylling.dekning","bil.egen-bil","second","included","✓ Inkludert – Plutselig og uforutsett skade etter sammenstøt, utforkjøring, velt, hærverk og feilfylling","PARENT_CONTAINS_CHILD_CANDIDATE","Offentlig vilkår","frendeKasko","kasko.dekning","","","ISS-9e52942abdd19d17","HIGH","CANONICAL_SEMANTICS","LIKELY_SHARED","6c6119d26e5abd66b7d6980e67b3885a5b3a7618eb03ec165f30c8b2bef9c16f"
"F-d26e07157772ebff","bil__if__ordinary__if-bil-super__mot2-2__vs__frende__ordinary__frende-bil-utvidet__2026-01-01__primary","Bil","If","Super","Frende","Utvidet","Skade på egen bil","Hærverk","haerverk.dekning","bil.egen-bil","both","included / included","✓ Inkludert – Forsettlig hærverk på kjøretøyet || ✓ Inkludert – Plutselig og uforutsett skade etter sammenstøt, utforkjøring, velt, hærverk og feilfylling","SAME_CONCEPT_DIFFERENT_STRUCTURE","","","","","","ISS-ded8aa776d61af8e","MEDIUM","CANONICAL_SEMANTICS","LIKELY_SHARED","e7c6e889c02e69a79aa29a4b692e559c3c3882869c9541d583f47d93dfd36d51"
"F-23cdd8133b70d26e","bil__if__ordinary__if-bil-super__mot2-2__vs__frende__ordinary__frende-bil-utvidet__2026-01-01__primary","Bil","If","Super","Frende","Utvidet","Skade på egen bil","Hærverk","haerverk.dekning","bil.egen-bil","second","included","✓ Inkludert – Plutselig og uforutsett skade etter sammenstøt, utforkjøring, velt, hærverk og feilfylling","PARENT_CONTAINS_CHILD_CANDIDATE","Offentlig vilkår","frendeKasko","kasko.dekning","","","ISS-645eb89e2730122c","HIGH","CANONICAL_SEMANTICS","LIKELY_SHARED","1a35a6ee29b72baf08063de47aa741a357ec623f0a7cbff0787a2c987ca99242"
"F-ac49ab1a1357abcc","bil__if__ordinary__if-bil-super__mot2-2__vs__frende__ordinary__frende-bil-utvidet__2026-01-01__primary","Bil","If","Super","Frende","Utvidet","Skade på egen bil","Kasko – avtalt egenandel","kasko.egenandel","bil.egen-bil","second","included","Fremgår av forsikringsbeviset","CUSTOMER_SPECIFIC_REFERENCE","Offentlig vilkår","frendeKasko","","","","ISS-f7dcbfdf42466952","HIGH","PRODUCT_MODE_ONLY_PRESENTATION","PRODUCT_MODE_ONLY","c1341f1bd643a640db87a6d619f35c14e84ca07ba81b03ea8683c36b1b5c8da1"
"F-a0a4568736a301b6","bil__if__ordinary__if-bil-super__mot2-2__vs__frende__ordinary__frende-bil-utvidet__2026-01-01__primary","Bil","If","Super","Frende","Utvidet","Maskinskade","Maskinskade / motor- og girskade","details:maskinskade:first","bil.maskinskade","first","Produktspesifikk detalj","Motor- og girskade – diesel/bensin: Motor, topplokk, turbo/EGR, AdBlue og innsprøytningssystem etter oppregning · Motor- og girskade – elbil/hybrid: Høyvoltbatteri, høyspentkabel og ladekontakt, batterikjøling/-overvåking, omformer og fabrikkmontert lader · Motor- og girskade – gir og kraftoverføring: Girkasse, fordelingskasse, vinkeldrev og oppregnede aksler og clutchdeler","PROVIDER_SPECIFIC_NOT_COMPARABLE","Offentlig vilkår","","","","","ISS-57398d1e51b7b09b","HIGH","PRODUCT_MODE_ONLY_PRESENTATION","PRODUCT_MODE_ONLY","2523a731cde18289c1f76d8edd2e6898e46393cfd20e3ae9c731bba5ee60b21c"
"F-817f7f9e99727028","bil__if__ordinary__if-bil-super__mot2-2__vs__frende__ordinary__frende-bil-utvidet__2026-01-01__primary","Bil","If","Super","Frende","Utvidet","Mobilitet","Leiebil","details:leiebil:first","bil.mobilitet","first","Produktspesifikk detalj","Leiebil – utløser: Dekket skade eller tyveri; ved motor-/girskade inntil 7 dager mens dekning vurderes · Leiebil – unntak: Ingen leiebil ved ren glasskade eller når leiebil dekkes etter lov eller mobilitetsgaranti. Likevel dekkes inntil 7 dager når forhandler eller verksted er ansvarlig etter lov/forskrift, skaden ellers ville vært dekningsmessig og overstiger aktuell egenandel.","PROVIDER_SPECIFIC_NOT_COMPARABLE","Offentlig vilkår","","","","","ISS-0de23c1b6ed8281a","HIGH","PRODUCT_MODE_ONLY_PRESENTATION","PRODUCT_MODE_ONLY","70b2b2d47efec523073b70c18e7411e7c65bbb372f392dbbce9da48c95450d24"
"F-55f7577fb2cad759","bil__if__ordinary__if-bil-super__mot2-2__vs__frende__ordinary__frende-bil-utvidet__2026-01-01__primary","Bil","If","Super","Frende","Utvidet","Mobilitet","Veihjelp","details:veihjelp:first","bil.mobilitet","first","Produktspesifikk detalj","Veihjelp – transportgrense: Transportkostnader høyst 50 % av kjøretøyets verdi på transporttidspunktet · Veihjelp – unntak: Verkstedreparasjon og ytelser fra abonnement eller garanti dekkes ikke","PROVIDER_SPECIFIC_NOT_COMPARABLE","Offentlig vilkår","","","","","ISS-9e756e45786bc33d","HIGH","PRODUCT_MODE_ONLY_PRESENTATION","PRODUCT_MODE_ONLY","081063369078a3a603190b053a6d0301ac8de0ba6189041dfa53845cf3e84083"
"F-8e17dccf5f96c8a2","bil__if__ordinary__if-bil-super__mot2-2__vs__frende__ordinary__frende-bil-utvidet__2026-01-01__primary","Bil","If","Super","Frende","Utvidet","Glass og redning","Glass","details:glass:first","bil.glass-redning","first","Produktspesifikk detalj","Glass – begrensning: Lykter og slitasjeskader ved normal bruk dekkes ikke","PROVIDER_SPECIFIC_NOT_COMPARABLE","Offentlig vilkår","","","","","ISS-b94ebf2715498a70","HIGH","PRODUCT_MODE_ONLY_PRESENTATION","PRODUCT_MODE_ONLY","682fc1d96743243459cef999f43513e5c462af928c2f715631ca9a20b65db77d"
"F-39ad20ff1e6116ab","bil__if__ordinary__if-bil-super__mot2-2__vs__frende__ordinary__frende-bil-utvidet__2026-01-01__primary","Bil","If","Super","Frende","Utvidet","Utstyr og eiendeler","Utstyr og eiendeler","details:utstyr:first","bil.utstyr","first","Produktspesifikk detalj","Ettermontert utstyr og bagasje – samlet grense: Inntil 40 000 kr samlet, høyst 50 % av kjøretøyets gjenanskaffelsesverdi; avtalt sum kan utvides · Utstyr og bagasje – unntak: Penger/verdipapir og fastmontert ladestasjon i bygning er ikke inkludert","PROVIDER_SPECIFIC_NOT_COMPARABLE","Offentlig vilkår","","","","","ISS-caf01119a981ee6e","HIGH","PRODUCT_MODE_ONLY_PRESENTATION","PRODUCT_MODE_ONLY","59ae2052645b7c64cec03280088bfd8257f9d0c44769d07f53e013a7cc43ae68"
"F-cb2cda979d02dadb","bil__if__ordinary__if-bil-super__mot2-2__vs__frende__ordinary__frende-bil-utvidet__2026-01-01__primary","Bil","If","Super","Frende","Utvidet","Utstyr og eiendeler","Utstyr og eiendeler","details:utstyr:second","bil.utstyr","second","Produktspesifikk detalj","Fastmontert tilleggsutstyr – forsikringssum: Inntil 50 000 kr · Personlige eiendeler – forsikringssum: Inntil 20 000 kr","PROVIDER_SPECIFIC_NOT_COMPARABLE","Offentlig vilkår","","","","","ISS-849bfd0e688dfb0e","HIGH","PRODUCT_MODE_ONLY_PRESENTATION","PRODUCT_MODE_ONLY","8d46ce476e4519a2d69d81f179df66409f47b6ad436e3676ad020906715eabbb"
"F-4de8bc9161ecce87","bil__if__ordinary__if-bil-super__mot2-2__vs__frende__ordinary__frende-bil-utvidet__2026-01-01__primary","Bil","If","Super","Frende","Utvidet","Fører og passasjer","Fører- og passasjerulykke","details:ulykke:first","bil.forer-passasjer","first","Produktspesifikk detalj","Fører/passasjer – ulykkessted: I eller på motorvognen; fører også utenfor når motorvognen er direkte skadeårsak · Fører/passasjer – avtalevilkår: Den avtalte ulykkesdekningen skal fremgå av forsikringsbeviset · Fører/passasjer – unntak: Blant annet psykiske lidelser/atferdsforstyrrelser og tannskade ved invaliditet","PROVIDER_SPECIFIC_NOT_COMPARABLE","Offentlig vilkår","","","","","ISS-f40dfaec9b021b4f","HIGH","PRODUCT_MODE_ONLY_PRESENTATION","PRODUCT_MODE_ONLY","82f0d0f68b12821a9087e1501361825363ae214e5434d06a6c55470f1097139e"
"F-e529074bac91d998","bil__if__ordinary__if-bil-super__mot2-2__vs__frende__ordinary__frende-bil-utvidet__2026-01-01__primary","Bil","If","Super","Frende","Utvidet","Brann, tyveri og natur","Brann","details:brann:first","bil.brann-tyveri-natur","first","Produktspesifikk detalj","Brann – begrensning: Batterier og elektroniske enheter krever åpen ild på utsiden av enheten","PROVIDER_SPECIFIC_NOT_COMPARABLE","Offentlig vilkår","","","","","ISS-dc8923799261d92f","HIGH","PRODUCT_MODE_ONLY_PRESENTATION","PRODUCT_MODE_ONLY","baf81c1520cc8e668e33cf14d478f67a4beca719a43719fd0ca575c2ba3224c5"
"F-7f3b8d490c4c4734","bil__if__ordinary__if-bil-super__mot2-2__vs__frende__ordinary__frende-bil-utvidet__2026-01-01__primary","Bil","If","Super","Frende","Utvidet","Andre bilvilkår","Super","details:super:first","bil.ovrig","first","Produktspesifikk detalj","Super – unntak: Gjelder ikke drosje, trafikkskole- eller utleiebil, ikke godkjent effektøkning eller skade ved prøvekjennemerke","PROVIDER_SPECIFIC_NOT_COMPARABLE","Offentlig vilkår","","","","","ISS-844f88681a7d8fcd","HIGH","PRODUCT_MODE_ONLY_PRESENTATION","PRODUCT_MODE_ONLY","9b7963af458d2cc783df3efaef618a2178437952633182195c4fa53ea2549e1b"
"F-860a0aad5002b1d9","bil__gjensidige__ordinary__gj-bil-ansvar__null__vs__storebrand__ordinary__sb-bil-ansvar__motor09__primary","Bil","Gjensidige","Ansvar","Storebrand","Ansvar","Fører og passasjer","Fører- og passasjerulykke","details:ulykke:first","bil.forer-passasjer","first","Produktspesifikk detalj","Fører/passasjer – ulykkessted: I, på eller ved motorvognen når den eller tilkoblet utstyr er direkte skadeårsak","PROVIDER_SPECIFIC_NOT_COMPARABLE","Offentlig vilkår","","","","","ISS-6916e3707ec31851","HIGH","PRODUCT_MODE_ONLY_PRESENTATION","PRODUCT_MODE_ONLY","fcbe17a95d4cfe909f5fd73cb8cca8cb5619ff4e118437235d03a917f90e5897"
"F-ec9872e48570555f","bil__gjensidige__ordinary__gj-bil-ansvar__null__vs__storebrand__ordinary__sb-bil-ansvar__motor09__primary","Bil","Gjensidige","Ansvar","Storebrand","Ansvar","Fører og passasjer","Fører- og passasjerulykke","details:ulykke:second","bil.forer-passasjer","second","Produktspesifikk detalj","Fører/passasjer – avtalevilkår: Valgt ulykkesdekning må fremgå av forsikringsbeviset","PROVIDER_SPECIFIC_NOT_COMPARABLE","Offentlig vilkår","","","","","ISS-652711b1ba5837b0","HIGH","PRODUCT_MODE_ONLY_PRESENTATION","PRODUCT_MODE_ONLY","87902e801c231d50cf639318d4676d8d9421617a42d3b10a87f2cfab8fa0f817"
"F-656738551a9b609b","bil__if__ordinary__if-bil-super__mot2-2__vs__if__ordinary__if-bil-kasko__mot2-2__primary","Bil","If","Super","If","Kasko","Andre bilvilkår","Super","details:super:first","bil.ovrig","first","Produktspesifikk detalj","Super – unntak: Gjelder ikke drosje, trafikkskole- eller utleiebil, ikke godkjent effektøkning eller skade ved prøvekjennemerke","PROVIDER_SPECIFIC_NOT_COMPARABLE","Offentlig vilkår","","","","","ISS-844f88681a7d8fcd","HIGH","PRODUCT_MODE_ONLY_PRESENTATION","PRODUCT_MODE_ONLY","57e27a4cfd2d1ec60a032b58ae0c44039c615baf3e25d6f45997b92939ea8ad2"
"F-92d060074b0e9926","hus__tryg__ordinary__tryg-hus-ekstra__2026-01-01__vs__if__ordinary__if-hus-super__2023-09__primary","Hus","Tryg","Hus Ekstra","If","Super","Gjenoppføring og totalskade","Riving, rydding og bortkjøring","hus.rydding.dekning","hus.gjenoppforing","first","included","Merutgifter til riving, rydding, bortkjøring og deponering av verdiløse rester ved erstatningsmessig bygningsskade, i tillegg til avtalt sum.","CUSTOMER_SPECIFIC_REFERENCE","Offentlig vilkår","trygHusExtra","","","","ISS-be465d10fb3d1540","HIGH","PRODUCT_MODE_ONLY_PRESENTATION","PRODUCT_MODE_ONLY","9c3a2f2ffa39e41afd7d5664c67841f360bb4f7f6f2f46c17c4c64cca178a60b"
"F-956362ecf4a5a541","hus__tryg__ordinary__tryg-hus-ekstra__2026-01-01__vs__if__ordinary__if-hus-super__2023-09__primary","Hus","Tryg","Hus Ekstra","If","Super","Andre husvilkår","Forsikringsbevisets forrang","hus.avtale.forbehold","hus.ovrig","second","included","Forsikringsbevisets spesifikasjoner og valgte dekning gjelder foran vilkårene. Beviset fastslår blant annet nivå, bygninger, forsikringssted og avtalt egenandel.","CUSTOMER_SPECIFIC_REFERENCE","Offentlig vilkår","ifHusTerms","","","","ISS-4674306f711d4cfd","HIGH","PRODUCT_MODE_ONLY_PRESENTATION","PRODUCT_MODE_ONLY","7be8bdb750cd77849af4ee784b2f800aa815afc1bb34e3a055121abf13e61bb9"
"F-7c5daa0cc423527a","hus__tryg__ordinary__tryg-hus-ekstra__2026-01-01__vs__if__ordinary__if-hus-super__2023-09__primary","Hus","Tryg","Hus Ekstra","If","Super","Andre husvilkår","Råte/skadedyr – sum","hus.rate_skadedyr.grense","hus.ovrig","first","optional","Ubegrenset sum for bygningsskade og bekjempelse hvis ikke annet står i forsikringsbeviset; særgrenser for vannskader og aldersregler gjelder. Dette er ikke fullverdibegrepet i hovedforsikringen.","CUSTOMER_SPECIFIC_REFERENCE","Offentlig vilkår","trygHusRot","","","","ISS-7bfd4483af3392fe","HIGH","PRODUCT_MODE_ONLY_PRESENTATION","PRODUCT_MODE_ONLY","3e8ffa6521883da300ab4ae2d5c0b986181589b9bc30b4ec22ea5ec481024199"
"F-5370b425802ce2e9","hus__tryg__ordinary__tryg-hus-ekstra__2026-01-01__vs__storebrand__ordinary__storebrand-hus-super__2025-08-15__primary","Hus","Tryg","Hus Ekstra","Storebrand","Super","Gjenoppføring og totalskade","Riving, rydding og bortkjøring","hus.rydding.dekning","hus.gjenoppforing","first","included","Merutgifter til riving, rydding, bortkjøring og deponering av verdiløse rester ved erstatningsmessig bygningsskade, i tillegg til avtalt sum.","CUSTOMER_SPECIFIC_REFERENCE","Offentlig vilkår","trygHusExtra","","","","ISS-be465d10fb3d1540","HIGH","PRODUCT_MODE_ONLY_PRESENTATION","PRODUCT_MODE_ONLY","26bea11ce1240a317567761ec0d9a46cbb1e8367fd499ac467b30148f56a9730"
"F-dff8390d2c51dced","hus__tryg__ordinary__tryg-hus-ekstra__2026-01-01__vs__storebrand__ordinary__storebrand-hus-super__2025-08-15__primary","Hus","Tryg","Hus Ekstra","Storebrand","Super","Utleie og midlertidig bosted","Tapt leieinntekt etter bygningsskade","hus.leietap.skade","hus.utleie-bosted","second","included","Når utleie er avtalt og står i forsikringsbeviset: tapt leieinntekt fra skadedato til normal reparasjon, begrenset til tidligere leieinntekt. Skilles fra leietakers betalingsmislighold.","CUSTOMER_SPECIFIC_REFERENCE","Offentlig vilkår","storebrandHusTerms","","","","ISS-85fa2985890ed63f","HIGH","PRODUCT_MODE_ONLY_PRESENTATION","PRODUCT_MODE_ONLY","d5608c816f4c989f7b85010fee2578f6a10e2158ae982da34db78a3517a55ac7"
"F-8ff57d45f322b473","hus__tryg__ordinary__tryg-hus-ekstra__2026-01-01__vs__storebrand__ordinary__storebrand-hus-super__2025-08-15__primary","Hus","Tryg","Hus Ekstra","Storebrand","Super","Andre husvilkår","Råte/skadedyr – sum","hus.rate_skadedyr.grense","hus.ovrig","first","optional","Ubegrenset sum for bygningsskade og bekjempelse hvis ikke annet står i forsikringsbeviset; særgrenser for vannskader og aldersregler gjelder. Dette er ikke fullverdibegrepet i hovedforsikringen.","CUSTOMER_SPECIFIC_REFERENCE","Offentlig vilkår","trygHusRot","","","","ISS-7bfd4483af3392fe","HIGH","PRODUCT_MODE_ONLY_PRESENTATION","PRODUCT_MODE_ONLY","0d60878c7c887717d40cf8b6713529abfb49d496cac10776ac596a67c6a342a3"
"F-895911e64dc94d7e","hus__tryg__ordinary__tryg-hus-ekstra__2026-01-01__vs__gjensidige__ordinary__gjensidige-hus__alminnelige-vilkår__primary","Hus","Tryg","Hus Ekstra","Gjensidige","Hus","Gjenoppføring og totalskade","Forsikringsform","hus.forsikringsform","hus.gjenoppforing","second","included","Fullverdi gir gjenoppføring etter vilkårsreglene uten fast sum. Førsterisiko er begrenset til avtalt forsikringssum. Forsikringsbeviset avgjør formen.","CUSTOMER_SPECIFIC_REFERENCE","Offentlig vilkår","gjensidigeHusStandard","","","","ISS-22f77d85e0c81bea","HIGH","PRODUCT_MODE_ONLY_PRESENTATION","PRODUCT_MODE_ONLY","6376b3c0910d0fb57aca437b32300e598b03c0c30f565738f8a5d711f0ecc98c"
"F-04784c341a67c19f","hus__tryg__ordinary__tryg-hus-ekstra__2026-01-01__vs__gjensidige__ordinary__gjensidige-hus__alminnelige-vilkår__primary","Hus","Tryg","Hus Ekstra","Gjensidige","Hus","Gjenoppføring og totalskade","Riving, rydding og bortkjøring","hus.rydding.dekning","hus.gjenoppforing","first","included","Merutgifter til riving, rydding, bortkjøring og deponering av verdiløse rester ved erstatningsmessig bygningsskade, i tillegg til avtalt sum.","CUSTOMER_SPECIFIC_REFERENCE","Offentlig vilkår","trygHusExtra","","","","ISS-be465d10fb3d1540","HIGH","PRODUCT_MODE_ONLY_PRESENTATION","PRODUCT_MODE_ONLY","6a8000bc0f2a64313cfcfd3104719c9125b2499d569d2fb06c50b8926001da55"
"F-3a902f439aa075d3","hus__tryg__ordinary__tryg-hus-ekstra__2026-01-01__vs__gjensidige__ordinary__gjensidige-hus__alminnelige-vilkår__primary","Hus","Tryg","Hus Ekstra","Gjensidige","Hus","Andre husvilkår","Råte/skadedyr – sum","hus.rate_skadedyr.grense","hus.ovrig","first","optional","Ubegrenset sum for bygningsskade og bekjempelse hvis ikke annet står i forsikringsbeviset; særgrenser for vannskader og aldersregler gjelder. Dette er ikke fullverdibegrepet i hovedforsikringen.","CUSTOMER_SPECIFIC_REFERENCE","Offentlig vilkår","trygHusRot","","","","ISS-7bfd4483af3392fe","HIGH","PRODUCT_MODE_ONLY_PRESENTATION","PRODUCT_MODE_ONLY","a0f745ab2b45dcdb3e978aab46e4c36a1b9ff569a1f18366220eca5e680990c2"
"F-64e07f7a9503ffd0","hus__tryg__ordinary__tryg-hus-ekstra__2026-01-01__vs__fremtind__ordinary__fremtind-hus-topp__pbk-200-100-015-pbk-200-200-010__primary","Hus","Tryg","Hus Ekstra","Fremtind","Topp","Gjenoppføring og totalskade","Forsikringsform","hus.forsikringsform","hus.gjenoppforing","second","included","Fullverdi dekker kostnaden ved tilsvarende eller vesentlig tilsvarende gjenoppføring etter oppgjørsreglene. Førsterisiko er begrenset til avtalt sum i forsikringsbeviset.","CUSTOMER_SPECIFIC_REFERENCE","Offentlig vilkår","fremtindHusStandard","","","","ISS-699c414d09a8c01f","HIGH","PRODUCT_MODE_ONLY_PRESENTATION","PRODUCT_MODE_ONLY","969836a06cfb0b390dbfd7eefb36d3536d5f9409639b78ad2d1b3a59ec97801e"
"F-9339d0aef1abae91","hus__tryg__ordinary__tryg-hus-ekstra__2026-01-01__vs__fremtind__ordinary__fremtind-hus-topp__pbk-200-100-015-pbk-200-200-010__primary","Hus","Tryg","Hus Ekstra","Fremtind","Topp","Gjenoppføring og totalskade","Riving, rydding og bortkjøring","hus.rydding.dekning","hus.gjenoppforing","first","included","Merutgifter til riving, rydding, bortkjøring og deponering av verdiløse rester ved erstatningsmessig bygningsskade, i tillegg til avtalt sum.","CUSTOMER_SPECIFIC_REFERENCE","Offentlig vilkår","trygHusExtra","","","","ISS-be465d10fb3d1540","HIGH","PRODUCT_MODE_ONLY_PRESENTATION","PRODUCT_MODE_ONLY","953fe9d9def604e4a63dc52986e808fcc5c9e6e140fe6b8b3cb43f716c387eab"
"F-7083014986c5d3ac","hus__tryg__ordinary__tryg-hus-ekstra__2026-01-01__vs__fremtind__ordinary__fremtind-hus-topp__pbk-200-100-015-pbk-200-200-010__primary","Hus","Tryg","Hus Ekstra","Fremtind","Topp","Andre husvilkår","Råte/skadedyr – sum","hus.rate_skadedyr.grense","hus.ovrig","first","optional","Ubegrenset sum for bygningsskade og bekjempelse hvis ikke annet står i forsikringsbeviset; særgrenser for vannskader og aldersregler gjelder. Dette er ikke fullverdibegrepet i hovedforsikringen.","CUSTOMER_SPECIFIC_REFERENCE","Offentlig vilkår","trygHusRot","","","","ISS-7bfd4483af3392fe","HIGH","PRODUCT_MODE_ONLY_PRESENTATION","PRODUCT_MODE_ONLY","91e46c47ccf5466b20c8d64b8235a264115137adb9ca945f12aa0457782d5b4e"
"F-95a4672664d2fea6","hus__tryg__ordinary__tryg-hus-ekstra__2026-01-01__vs__frende__ordinary__frende-hus-utvidet__2026-09-01__primary","Hus","Tryg","Hus Ekstra","Frende","Utvidet","Gjenoppføring og totalskade","Forsikringsform","hus.forsikringsform","hus.gjenoppforing","second","included","Fullverdi er et reparasjons-/gjenoppføringsprinsipp uten fast forsikringssum. Førsterisiko er begrenset til avtalt sum i forsikringsbeviset.","CUSTOMER_SPECIFIC_REFERENCE","Offentlig vilkår","frendeHusStandard","","","","ISS-9429a154b0c43501","HIGH","PRODUCT_MODE_ONLY_PRESENTATION","PRODUCT_MODE_ONLY","5f2931cbdbb0f11fcf40a38131f112a9e5d80cff642deaa4b3bb649a12a31f34"
"F-fa686287013f6a22","hus__tryg__ordinary__tryg-hus-ekstra__2026-01-01__vs__frende__ordinary__frende-hus-utvidet__2026-09-01__primary","Hus","Tryg","Hus Ekstra","Frende","Utvidet","Gjenoppføring og totalskade","Riving, rydding og bortkjøring","hus.rydding.dekning","hus.gjenoppforing","first","included","Merutgifter til riving, rydding, bortkjøring og deponering av verdiløse rester ved erstatningsmessig bygningsskade, i tillegg til avtalt sum.","CUSTOMER_SPECIFIC_REFERENCE","Offentlig vilkår","trygHusExtra","","","","ISS-be465d10fb3d1540","HIGH","PRODUCT_MODE_ONLY_PRESENTATION","PRODUCT_MODE_ONLY","f3f02eaebe832a8edaa68129baf86ef10039465b1e56c45ec99ade62d60bb391"
"F-36f9ea9ac39d145b","hus__tryg__ordinary__tryg-hus-ekstra__2026-01-01__vs__frende__ordinary__frende-hus-utvidet__2026-09-01__primary","Hus","Tryg","Hus Ekstra","Frende","Utvidet","Utleie og midlertidig bosted","Tapt leieinntekt etter bygningsskade","hus.leietap.skade","hus.utleie-bosted","second","included","Avtalt leie i normal reparasjons-/gjenoppføringstid når utleie står i forsikringsbeviset; leiekontrakten må dokumentere partene, pris, varighet, depositum/garanti og opphør.","CUSTOMER_SPECIFIC_REFERENCE","Offentlig vilkår","frendeHusStandard","","","","ISS-8e6641ac9898b077","HIGH","PRODUCT_MODE_ONLY_PRESENTATION","PRODUCT_MODE_ONLY","8f7ea71267151919d4aea297d7087feef6e82fa5215d41056c32b78f544d8b23"
"F-7361ee8645211cdc","hus__tryg__ordinary__tryg-hus-ekstra__2026-01-01__vs__frende__ordinary__frende-hus-utvidet__2026-09-01__primary","Hus","Tryg","Hus Ekstra","Frende","Utvidet","Utleie og midlertidig bosted","Utleie – egenandel","hus.utleie.egenandel","hus.utleie-bosted","second","optional","Ingen egen særandel er oppgitt i fullvilkåret; avtalt egenandel i forsikringsbeviset gjelder.","CUSTOMER_SPECIFIC_REFERENCE","Offentlig vilkår","frendeHusRental","","","","ISS-8181fd23140c1f8a","HIGH","PRODUCT_MODE_ONLY_PRESENTATION","PRODUCT_MODE_ONLY","2a64b298fde77a509d0f024ea96ca9c2e41785430a11a520f0dd410692f9b1e5"
"F-b46d811cc64016e1","hus__tryg__ordinary__tryg-hus-ekstra__2026-01-01__vs__frende__ordinary__frende-hus-utvidet__2026-09-01__primary","Hus","Tryg","Hus Ekstra","Frende","Utvidet","Andre husvilkår","Råte/skadedyr – sum","hus.rate_skadedyr.grense","hus.ovrig","first","optional","Ubegrenset sum for bygningsskade og bekjempelse hvis ikke annet står i forsikringsbeviset; særgrenser for vannskader og aldersregler gjelder. Dette er ikke fullverdibegrepet i hovedforsikringen.","CUSTOMER_SPECIFIC_REFERENCE","Offentlig vilkår","trygHusRot","","","","ISS-7bfd4483af3392fe","HIGH","PRODUCT_MODE_ONLY_PRESENTATION","PRODUCT_MODE_ONLY","f0d5f56f2e3f4e8ffcb23ece55607584d7e20f8d9986ac577ba9fe1662eb12d3"
"F-3fa46be4ae44c3ef","hus__tryg__ordinary__tryg-hus-ekstra__2026-01-01__vs__frende__ordinary__frende-hus-utvidet__2026-09-01__primary","Hus","Tryg","Hus Ekstra","Frende","Utvidet","Andre husvilkår","Egenandelsfritak","hus.egenandel.fritak","hus.ovrig","second","included","Ingen egenandel ved aktiv varslet innbruddsalarm eller skade som bare rammer overspenningsvern/brann-/innbruddsalarm. Når aldersfradrag minst tilsvarer avtalt egenandel trekkes ikke egenandel.","CUSTOMER_SPECIFIC_REFERENCE","Offentlig vilkår","frendeHusStandard","","","","ISS-a8b11484ef76eda0","HIGH","PRODUCT_MODE_ONLY_PRESENTATION","PRODUCT_MODE_ONLY","17adea18f907f8459f7d94adcb4abdda6b1aff645a6b2d2971efed42b9bff458"
"F-d126e32f2f57aeee","hus__if__ordinary__if-hus-super__2023-09__vs__frende__ordinary__frende-hus-utvidet__2026-09-01__primary","Hus","If","Super","Frende","Utvidet","Gjenoppføring og totalskade","Forsikringsform","hus.forsikringsform","hus.gjenoppforing","second","included","Fullverdi er et reparasjons-/gjenoppføringsprinsipp uten fast forsikringssum. Førsterisiko er begrenset til avtalt sum i forsikringsbeviset.","CUSTOMER_SPECIFIC_REFERENCE","Offentlig vilkår","frendeHusStandard","","","","ISS-9429a154b0c43501","HIGH","PRODUCT_MODE_ONLY_PRESENTATION","PRODUCT_MODE_ONLY","84a286076a5af6052e985921de460fccaf8eabbe2f1dd6853a32e16460d62e9d"
"F-d1d908d5dd5afa13","hus__if__ordinary__if-hus-super__2023-09__vs__frende__ordinary__frende-hus-utvidet__2026-09-01__primary","Hus","If","Super","Frende","Utvidet","Utleie og midlertidig bosted","Tapt leieinntekt etter bygningsskade","hus.leietap.skade","hus.utleie-bosted","second","included","Avtalt leie i normal reparasjons-/gjenoppføringstid når utleie står i forsikringsbeviset; leiekontrakten må dokumentere partene, pris, varighet, depositum/garanti og opphør.","CUSTOMER_SPECIFIC_REFERENCE","Offentlig vilkår","frendeHusStandard","","","","ISS-8e6641ac9898b077","HIGH","PRODUCT_MODE_ONLY_PRESENTATION","PRODUCT_MODE_ONLY","86f9d78e1927f13203044894b10c9fcc2a4a910fc3b1fa2e9ee1a942097b495f"
"F-d37c058f57285171","hus__if__ordinary__if-hus-super__2023-09__vs__frende__ordinary__frende-hus-utvidet__2026-09-01__primary","Hus","If","Super","Frende","Utvidet","Utleie og midlertidig bosted","Utleie – egenandel","hus.utleie.egenandel","hus.utleie-bosted","second","optional","Ingen egen særandel er oppgitt i fullvilkåret; avtalt egenandel i forsikringsbeviset gjelder.","CUSTOMER_SPECIFIC_REFERENCE","Offentlig vilkår","frendeHusRental","","","","ISS-8181fd23140c1f8a","HIGH","PRODUCT_MODE_ONLY_PRESENTATION","PRODUCT_MODE_ONLY","79a07216f8746d13e660892cf40ef9605b134c3d315945f04c6c87bc35191a5a"
"F-29d90f49d227d3b4","hus__if__ordinary__if-hus-super__2023-09__vs__frende__ordinary__frende-hus-utvidet__2026-09-01__primary","Hus","If","Super","Frende","Utvidet","Andre husvilkår","Forsikringsbevisets forrang","hus.avtale.forbehold","hus.ovrig","first","included","Forsikringsbevisets spesifikasjoner og valgte dekning gjelder foran vilkårene. Beviset fastslår blant annet nivå, bygninger, forsikringssted og avtalt egenandel.","CUSTOMER_SPECIFIC_REFERENCE","Offentlig vilkår","ifHusTerms","","","","ISS-e7b83d0e1efc433a","HIGH","PRODUCT_MODE_ONLY_PRESENTATION","PRODUCT_MODE_ONLY","88e928d7b9c603353b86de9d84afae4a9081b137ba00290728b5afbc24a10ba0"
"F-4802a91a3bbc039e","hus__if__ordinary__if-hus-super__2023-09__vs__frende__ordinary__frende-hus-utvidet__2026-09-01__primary","Hus","If","Super","Frende","Utvidet","Andre husvilkår","Egenandelsfritak","hus.egenandel.fritak","hus.ovrig","second","included","Ingen egenandel ved aktiv varslet innbruddsalarm eller skade som bare rammer overspenningsvern/brann-/innbruddsalarm. Når aldersfradrag minst tilsvarer avtalt egenandel trekkes ikke egenandel.","CUSTOMER_SPECIFIC_REFERENCE","Offentlig vilkår","frendeHusStandard","","","","ISS-a8b11484ef76eda0","HIGH","PRODUCT_MODE_ONLY_PRESENTATION","PRODUCT_MODE_ONLY","2dbfe1dc70a895d99416e8a89d9dea4bee06e8e0bd29c0d006872e862336184c"
"F-e385b321e4b0be9b","hus__gjensidige__ordinary__gjensidige-hus-pluss__alminnelige-vilkår__vs__storebrand__ordinary__storebrand-hus-standard__2025-08-15__primary","Hus","Gjensidige","Hus Pluss","Storebrand","Standard","Gjenoppføring og totalskade","Forsikringsform","hus.forsikringsform","hus.gjenoppforing","first","included","Fullverdi gir gjenoppføring etter vilkårsreglene uten fast sum. Førsterisiko er begrenset til avtalt forsikringssum. Forsikringsbeviset avgjør formen.","CUSTOMER_SPECIFIC_REFERENCE","Offentlig vilkår","gjensidigeHusStandard","","","","ISS-b98e0d26eb55749a","HIGH","PRODUCT_MODE_ONLY_PRESENTATION","PRODUCT_MODE_ONLY","3c8c6ec925066688b9be3a42e3a19ae1801510529b7532f31ae2ad362ef900c8"
"F-0322c146ad656db5","hus__gjensidige__ordinary__gjensidige-hus-pluss__alminnelige-vilkår__vs__storebrand__ordinary__storebrand-hus-standard__2025-08-15__primary","Hus","Gjensidige","Hus Pluss","Storebrand","Standard","Utleie og midlertidig bosted","Tapt leieinntekt etter bygningsskade","hus.leietap.skade","hus.utleie-bosted","second","included","Når utleie er avtalt og står i forsikringsbeviset: tapt leieinntekt fra skadedato til normal reparasjon, begrenset til tidligere leieinntekt. Skilles fra leietakers betalingsmislighold.","CUSTOMER_SPECIFIC_REFERENCE","Offentlig vilkår","storebrandHusTerms","","","","ISS-f535449408072037","HIGH","PRODUCT_MODE_ONLY_PRESENTATION","PRODUCT_MODE_ONLY","da415ff33e8bcd6f96f32c9a26277847a472796814b801a9f5a013fa1803b8ad"
"F-7550381b7f10fcd3","hus__if__ordinary__if-hus-super__2023-09__vs__if__ordinary__if-hus-utvidet__2023-09__primary","Hus","If","Super","If","Utvidet","Andre husvilkår","Forsikringsbevisets forrang","hus.avtale.forbehold","hus.ovrig","first","included","Forsikringsbevisets spesifikasjoner og valgte dekning gjelder foran vilkårene. Beviset fastslår blant annet nivå, bygninger, forsikringssted og avtalt egenandel.","CUSTOMER_SPECIFIC_REFERENCE","Offentlig vilkår","ifHusTerms","","","","ISS-e7b83d0e1efc433a","HIGH","PRODUCT_MODE_ONLY_PRESENTATION","PRODUCT_MODE_ONLY","5c199af3936394415763a088478520d0a566de569dac7860002394788af41bf8"
"F-be01646de79fa201","hus__if__ordinary__if-hus-super__2023-09__vs__if__ordinary__if-hus-utvidet__2023-09__primary","Hus","If","Super","If","Utvidet","Andre husvilkår","Forsikringsbevisets forrang","hus.avtale.forbehold","hus.ovrig","second","included","Forsikringsbevisets spesifikasjoner og valgte dekning gjelder foran vilkårene. Beviset fastslår blant annet nivå, bygninger, forsikringssted og avtalt egenandel.","CUSTOMER_SPECIFIC_REFERENCE","Offentlig vilkår","ifHusTerms","","","","ISS-6b2caa8aaf1698eb","HIGH","PRODUCT_MODE_ONLY_PRESENTATION","PRODUCT_MODE_ONLY","5c199af3936394415763a088478520d0a566de569dac7860002394788af41bf8"
"F-5e7354269d3d71f0","innbo__tryg__ordinary__tryg-innbo-ekstra__2026-07-01__vs__if__ordinary__if-innbo-super__ibo2-1__primary","Innbo","Tryg","Innbo Ekstra","If","Super","Forsikringssum","Samlet forsikringssum","innbo.forsikringssum","innbo.forsikringssum","first","included","Velges av forsikringstaker og står i forsikringsbeviset","CUSTOMER_SPECIFIC_REFERENCE","Offentlig vilkår","trygInnbo","","","","ISS-5b3bb52662c7e39d","HIGH","PRODUCT_MODE_ONLY_PRESENTATION","PRODUCT_MODE_ONLY","c65d8b9987253a31ec94e9a2a86599524bf7e212bdb827d168582dda63b078ec"
"F-cebbf6a9a458db0b","innbo__tryg__ordinary__tryg-innbo-ekstra__2026-07-01__vs__if__ordinary__if-innbo-super__ibo2-1__primary","Innbo","Tryg","Innbo Ekstra","If","Super","Forsikringssum","Samlet forsikringssum","innbo.forsikringssum","innbo.forsikringssum","second","included","Forsikringssummen fremgår av forsikringsbeviset; ubegrenset forsikringssum gjelder bare når dette er avtalt","CUSTOMER_SPECIFIC_REFERENCE","Offentlig vilkår","ifInnboShared","","","","ISS-17d774740415f837","HIGH","PRODUCT_MODE_ONLY_PRESENTATION","PRODUCT_MODE_ONLY","6b4cfff33ac9ecf2b1ad846d68109d76b7e2ac1f47921b1d41c569e5977310c0"
"F-fcb7ef9908c6af6b","innbo__tryg__ordinary__tryg-innbo-ekstra__2026-07-01__vs__gjensidige__ordinary__gj-innbo-pluss__null__primary","Innbo","Tryg","Innbo Ekstra","Gjensidige","Innbo Pluss","Forsikringssum","Samlet forsikringssum","innbo.forsikringssum","innbo.forsikringssum","first","included","Velges av forsikringstaker og står i forsikringsbeviset","CUSTOMER_SPECIFIC_REFERENCE","Offentlig vilkår","trygInnbo","","","","ISS-5b3bb52662c7e39d","HIGH","PRODUCT_MODE_ONLY_PRESENTATION","PRODUCT_MODE_ONLY","66edd5b4c360019dc2284e8f504f9dffbc2e22cf53c831c4e82120c4dae4da13"
"F-007a8bc1abdf6a16","innbo__tryg__ordinary__tryg-innbo-ekstra__2026-07-01__vs__storebrand__ordinary__sb-innbo-super__innbo09__primary","Innbo","Tryg","Innbo Ekstra","Storebrand","Super","Tyveri","Tyveri fra privat bod i fellesrom – grense","tyveri.fellesbod.grense","innbo.tyveri","second","included","Avtalt forsikringssum; særlig tyveriutsatte og verdifulle gjenstander har oppbevaringsbegrensninger","CUSTOMER_SPECIFIC_REFERENCE","Offentlig vilkår","sbInnboSuper","","","","ISS-fbbe54cf94bf796b","HIGH","PRODUCT_MODE_ONLY_PRESENTATION","PRODUCT_MODE_ONLY","3845b75a08f5246f283536b7ee5bcd57b9b5910ae1bdf6b36bd557cfa55fc978"
"F-24e72637369287a0","innbo__tryg__ordinary__tryg-innbo-ekstra__2026-07-01__vs__storebrand__ordinary__sb-innbo-super__innbo09__primary","Innbo","Tryg","Innbo Ekstra","Storebrand","Super","Forsikringssum","Samlet forsikringssum","innbo.forsikringssum","innbo.forsikringssum","first","included","Velges av forsikringstaker og står i forsikringsbeviset","CUSTOMER_SPECIFIC_REFERENCE","Offentlig vilkår","trygInnbo","","","","ISS-5b3bb52662c7e39d","HIGH","PRODUCT_MODE_ONLY_PRESENTATION","PRODUCT_MODE_ONLY","79829c8a586dd207d43af2e38e4f4a4b4b68350fb4a0cc8761668b4e3b97fcd4"
"F-afd000c4c1775146","innbo__tryg__ordinary__tryg-innbo-ekstra__2026-07-01__vs__storebrand__ordinary__sb-innbo-super__innbo09__primary","Innbo","Tryg","Innbo Ekstra","Storebrand","Super","Forsikringssum","Samlet forsikringssum","innbo.forsikringssum","innbo.forsikringssum","second","included","Forsikringssummen velges av forsikringstakeren og står i forsikringsbeviset","CUSTOMER_SPECIFIC_REFERENCE","Offentlig vilkår","sbInnboStandard","","","","ISS-8b65b25984c183be","HIGH","PRODUCT_MODE_ONLY_PRESENTATION","PRODUCT_MODE_ONLY","6a63451c0940c08f9487c1355fa6948bd6493f5e34b5dd56f28fd6d836ab2d8c"
"F-2900ed0d22f5f99e","innbo__tryg__ordinary__tryg-innbo-ekstra__2026-07-01__vs__storebrand__ordinary__sb-innbo-super__innbo09__primary","Innbo","Tryg","Innbo Ekstra","Storebrand","Super","Forsikringssum","Hobbyveksthus – grense","innbo.hobbyveksthus.grense","innbo.forsikringssum","second","included","Avtalt forsikringssum","CUSTOMER_SPECIFIC_REFERENCE","Offentlig vilkår","sbInnboSuper","","","","ISS-4a171e975b2b1fcb","HIGH","PRODUCT_MODE_ONLY_PRESENTATION","PRODUCT_MODE_ONLY","ef876bd95b30a2e3d8a2e120129c1675f867c85a08c9ce8b49975c97051dfe2c"
"F-be95be3f7d3c15c3","innbo__tryg__ordinary__tryg-innbo-ekstra__2026-07-01__vs__storebrand__ordinary__sb-innbo-super__innbo09__primary","Innbo","Tryg","Innbo Ekstra","Storebrand","Super","Andre innbovilkår","Generell egenandel","innbo.egenandel","innbo.ovrig","second","included","Egenandelen står i forsikringsbeviset og gjelder når vilkåret ikke angir en annen egenandel","CUSTOMER_SPECIFIC_REFERENCE","Offentlig vilkår","sbInnboStandard","","","","ISS-b56469fe754f1bfc","HIGH","PRODUCT_MODE_ONLY_PRESENTATION","PRODUCT_MODE_ONLY","0417c01739facfb602180e1080048cf6f067068b87347ff454dcf716c9730610"
"F-b1f36630bb84cd60","innbo__tryg__ordinary__tryg-innbo-ekstra__2026-07-01__vs__fremtind__ordinary__fremtind-innbo-topp__2025-01-01__primary","Innbo","Tryg","Innbo Ekstra","Fremtind","Innbo Pluss","Forsikringssum","Samlet forsikringssum","innbo.forsikringssum","innbo.forsikringssum","first","included","Velges av forsikringstaker og står i forsikringsbeviset","CUSTOMER_SPECIFIC_REFERENCE","Offentlig vilkår","trygInnbo","","","","ISS-5b3bb52662c7e39d","HIGH","PRODUCT_MODE_ONLY_PRESENTATION","PRODUCT_MODE_ONLY","64ea66df3b3cc40ff54aa857b3467c835af9947a1f8fd01328659d2542b20197"
"F-0c9619650440c806","innbo__tryg__ordinary__tryg-innbo-ekstra__2026-07-01__vs__fremtind__ordinary__fremtind-innbo-topp__2025-01-01__primary","Innbo","Tryg","Innbo Ekstra","Fremtind","Innbo Pluss","Forsikringssum","Samlet forsikringssum","innbo.forsikringssum","innbo.forsikringssum","second","included","Avtalt forsikringssum står i forsikringsbeviset","CUSTOMER_SPECIFIC_REFERENCE","Offentlig vilkår","fremtindInnboStandard","","","","ISS-230e82a407451eb8","HIGH","PRODUCT_MODE_ONLY_PRESENTATION","PRODUCT_MODE_ONLY","0cd3ba6054ec89b924e93f0eaac144785c9695752f3e4559c2d2f3b6e93475db"
"F-e01e1ab499468791","innbo__tryg__ordinary__tryg-innbo-ekstra__2026-07-01__vs__fremtind__ordinary__fremtind-innbo-topp__2025-01-01__primary","Innbo","Tryg","Innbo Ekstra","Fremtind","Innbo Pluss","Ansvar og rettshjelp","Privatansvar – forsikringssum","ansvar.grense","innbo.ansvar-rettshjelp","second","included","Forsikringssummen står i forsikringsbeviset","CUSTOMER_SPECIFIC_REFERENCE","Offentlig vilkår","fremtindInnboStandard","","","","ISS-006a22f8ddc485b7","HIGH","PRODUCT_MODE_ONLY_PRESENTATION","PRODUCT_MODE_ONLY","58d7154d957ca5d74e4b8d664e7cb5bb19bb6aafd410854e9ce6cbb712081ac5"
"F-58a691b84d528cd1","innbo__tryg__ordinary__tryg-innbo-ekstra__2026-07-01__vs__fremtind__ordinary__fremtind-innbo-topp__2025-01-01__primary","Innbo","Tryg","Innbo Ekstra","Fremtind","Innbo Pluss","Andre innbovilkår","Generell egenandel","innbo.egenandel","innbo.ovrig","second","included","Egenandelen står i forsikringsbeviset","CUSTOMER_SPECIFIC_REFERENCE","Offentlig vilkår","fremtindInnboStandard","","","","ISS-ff027752b830a01e","HIGH","PRODUCT_MODE_ONLY_PRESENTATION","PRODUCT_MODE_ONLY","71c8dc364d602b9ff8c89b03eb129100c83f84c9fd1d509bcc56b2fab4439686"
"F-17c1bb2e277ed7e4","innbo__tryg__ordinary__tryg-innbo-ekstra__2026-07-01__vs__frende__ordinary__frende-innbo-standard__2026-09-01__primary","Innbo","Tryg","Innbo Ekstra","Frende","Standard","Forsikringssum","Samlet forsikringssum","innbo.forsikringssum","innbo.forsikringssum","first","included","Velges av forsikringstaker og står i forsikringsbeviset","CUSTOMER_SPECIFIC_REFERENCE","Offentlig vilkår","trygInnbo","","","","ISS-5b3bb52662c7e39d","HIGH","PRODUCT_MODE_ONLY_PRESENTATION","PRODUCT_MODE_ONLY","fa5d1943843066d1d8608aa2a95a2f6e42db240aca9dacc768ba128fb7f04532"
"F-29ecccf708c193ce","innbo__tryg__ordinary__tryg-innbo-ekstra__2026-07-01__vs__frende__ordinary__frende-innbo-standard__2026-09-01__primary","Innbo","Tryg","Innbo Ekstra","Frende","Standard","Andre innbovilkår","Generell egenandel","innbo.egenandel","innbo.ovrig","second","included","Egenandelen står i forsikringsbeviset","CUSTOMER_SPECIFIC_REFERENCE","Offentlig vilkår","frendeInnboStandard","","","","ISS-b259c64c80079815","HIGH","PRODUCT_MODE_ONLY_PRESENTATION","PRODUCT_MODE_ONLY","6b57c1684420a3ef514438f3beea4fb21862a4faec5a2099e12bbe4f3c1e5c33"
"F-6a5d7b81431f28f7","innbo__if__ordinary__if-innbo-super__ibo2-1__vs__frende__ordinary__frende-innbo-standard__2026-09-01__primary","Innbo","If","Super","Frende","Standard","Forsikringssum","Samlet forsikringssum","innbo.forsikringssum","innbo.forsikringssum","first","included","Forsikringssummen fremgår av forsikringsbeviset; ubegrenset forsikringssum gjelder bare når dette er avtalt","CUSTOMER_SPECIFIC_REFERENCE","Offentlig vilkår","ifInnboShared","","","","ISS-b3a5ee869e8812aa","HIGH","PRODUCT_MODE_ONLY_PRESENTATION","PRODUCT_MODE_ONLY","302cb995af1817dc4dd56918b3d30d684f3a1749b83d1341c8e9419e97e004ca"
"F-719ab12cd1293041","innbo__if__ordinary__if-innbo-super__ibo2-1__vs__frende__ordinary__frende-innbo-standard__2026-09-01__primary","Innbo","If","Super","Frende","Standard","Andre innbovilkår","Generell egenandel","innbo.egenandel","innbo.ovrig","second","included","Egenandelen står i forsikringsbeviset","CUSTOMER_SPECIFIC_REFERENCE","Offentlig vilkår","frendeInnboStandard","","","","ISS-b259c64c80079815","HIGH","PRODUCT_MODE_ONLY_PRESENTATION","PRODUCT_MODE_ONLY","549648e2c3587b7d65125e739b8eb648fecba638b2ed0c8e23cdd19a71e55ff9"
"F-6110223e08fdc8c7","innbo__gjensidige__ordinary__gj-innbo__null__vs__storebrand__ordinary__sb-innbo-standard__innbo09__primary","Innbo","Gjensidige","Innbo","Storebrand","Standard","Forsikringssum","Samlet forsikringssum","innbo.forsikringssum","innbo.forsikringssum","first","included","Forsikringssummen er ikke oppgitt i det alminnelige vilkåret og må kontrolleres i forsikringsbeviset","CUSTOMER_SPECIFIC_REFERENCE","Offentlig vilkår","gjInnboStandard","","","","ISS-bdc11ca4245e83a4","HIGH","PRODUCT_MODE_ONLY_PRESENTATION","PRODUCT_MODE_ONLY","45e121ba82d6e8a330ede9e73d63516a85c55192464b785ccfea36d4a69c4495"
"F-4e2bb1a9bb3de7c1","innbo__gjensidige__ordinary__gj-innbo__null__vs__storebrand__ordinary__sb-innbo-standard__innbo09__primary","Innbo","Gjensidige","Innbo","Storebrand","Standard","Forsikringssum","Samlet forsikringssum","innbo.forsikringssum","innbo.forsikringssum","second","included","Forsikringssummen velges av forsikringstakeren og står i forsikringsbeviset","CUSTOMER_SPECIFIC_REFERENCE","Offentlig vilkår","sbInnboStandard","","","","ISS-2bdbc8ca276dbc42","HIGH","PRODUCT_MODE_ONLY_PRESENTATION","PRODUCT_MODE_ONLY","2a732552acf8b05ae4b2bec65508648d917c72790457c24233ad991ac791df36"
"F-925a98279dfc19c4","innbo__gjensidige__ordinary__gj-innbo__null__vs__storebrand__ordinary__sb-innbo-standard__innbo09__primary","Innbo","Gjensidige","Innbo","Storebrand","Standard","Andre innbovilkår","Generell egenandel","innbo.egenandel","innbo.ovrig","second","included","Egenandelen står i forsikringsbeviset og gjelder når vilkåret ikke angir en annen egenandel","CUSTOMER_SPECIFIC_REFERENCE","Offentlig vilkår","sbInnboStandard","","","","ISS-1a8b8cc2c0a2347f","HIGH","PRODUCT_MODE_ONLY_PRESENTATION","PRODUCT_MODE_ONLY","6b0d89f787544f12846bbdb1a1b3b9dab2eb02092bcf744dbc8a68b0a955ed78"
"F-6f97f146660fbdc9","innbo__if__ordinary__if-innbo-super__ibo2-1__vs__if__ordinary__if-innbo-utvidet__ibo2-1__primary","Innbo","If","Super","If","Utvidet","Forsikringssum","Samlet forsikringssum","innbo.forsikringssum","innbo.forsikringssum","first","included","Forsikringssummen fremgår av forsikringsbeviset; ubegrenset forsikringssum gjelder bare når dette er avtalt","CUSTOMER_SPECIFIC_REFERENCE","Offentlig vilkår","ifInnboShared","","","","ISS-b3a5ee869e8812aa","HIGH","PRODUCT_MODE_ONLY_PRESENTATION","PRODUCT_MODE_ONLY","c0f164a41eca7fbe04cb63d8e40175b0245c8c872c8ebe88d646d3f850b76b94"
"F-ef1e054595bde034","innbo__if__ordinary__if-innbo-super__ibo2-1__vs__if__ordinary__if-innbo-utvidet__ibo2-1__primary","Innbo","If","Super","If","Utvidet","Forsikringssum","Samlet forsikringssum","innbo.forsikringssum","innbo.forsikringssum","second","included","Forsikringssummen fremgår av forsikringsbeviset; ubegrenset forsikringssum gjelder bare når dette er avtalt","CUSTOMER_SPECIFIC_REFERENCE","Offentlig vilkår","ifInnboShared","","","","ISS-04e5b2d3df205ba3","HIGH","PRODUCT_MODE_ONLY_PRESENTATION","PRODUCT_MODE_ONLY","c0f164a41eca7fbe04cb63d8e40175b0245c8c872c8ebe88d646d3f850b76b94"
"F-3f0bf9f0b5549884","reise__tryg__ordinary__tryg-reise-premium__2026-09-20-canonical__vs__gjensidige__ordinary__gjensidige-reise-pluss__2026-09-20-canonical__primary","Reise","Tryg","Reise Premium","Gjensidige","Reise Pluss","Ansvar og rettshjelp","Rettshjelp – egenandel","reise.rettshjelp.egenandel","reise.ansvar-rettshjelp","second","included","Ingen egenandel for Reiseforsikring dersom ikke annet fremgår av forsikringsbeviset.","CUSTOMER_SPECIFIC_REFERENCE","Offentlig vilkår","gjensidigeReiseTerms","","","","ISS-1040c94b44bbac61","HIGH","PRODUCT_MODE_ONLY_PRESENTATION","PRODUCT_MODE_ONLY","1c283f9ab8a773ef6ced43ccb976637aedaf7bbe75459fb2339ba8e4b7350024"
"F-bfe5eb8f51c1ebe5","reise__tryg__ordinary__tryg-reise-premium__2026-09-20-canonical__vs__fremtind__ordinary__fremtind-reise__pre-450-200-015__primary","Reise","Tryg","Reise Premium","Fremtind","Reise","Reisens rammer","Avtalt reisevarighet","reise.varighet.valg","reise.rammer","second","included","Avtalt antall reisedøgn står i forsikringsbeviset. Andre varigheter enn standard er kundespesifikke avtalevalg, ikke automatisk canonical dekning.","CUSTOMER_SPECIFIC_REFERENCE","Offentlig vilkår","fremtindReiseUnifiedTerms","","","","ISS-d491573c37c6d560","HIGH","PRODUCT_MODE_ONLY_PRESENTATION","PRODUCT_MODE_ONLY","266f04b535bc7688d7582e15cd905e6e7b4743c28b95ef14ea0462b03a760fa0"
"F-3a33f9dcccdf1f5d","reise__tryg__ordinary__tryg-reise-premium__2026-09-20-canonical__vs__fremtind__ordinary__fremtind-reise__pre-450-200-015__primary","Reise","Tryg","Reise Premium","Fremtind","Reise","Ansvar og rettshjelp","Privatansvar – egenandel","reise.ansvar.egenandel","reise.ansvar-rettshjelp","second","included","Fremgår av forsikringsbeviset eller vilkårene.","CUSTOMER_SPECIFIC_REFERENCE","Offentlig vilkår","fremtindReiseUnifiedTerms","","","","ISS-90644b0daea6aed8","HIGH","PRODUCT_MODE_ONLY_PRESENTATION","PRODUCT_MODE_ONLY","65cb5dd091842cf3084ceef5e9ec8bc556eb34888b58fdaf44c5c67ce042efe3"
"F-aeeb553a432a23cb","reise__tryg__ordinary__tryg-reise-premium__2026-09-20-canonical__vs__fremtind__ordinary__fremtind-reise__pre-450-200-015__primary","Reise","Tryg","Reise Premium","Fremtind","Reise","Ansvar og rettshjelp","Privatansvar – sum","reise.ansvar.sum","reise.ansvar-rettshjelp","second","included","Forsikringssummen fremgår av forsikringsbeviset.","CUSTOMER_SPECIFIC_REFERENCE","Offentlig vilkår","fremtindReiseUnifiedTerms","","","","ISS-92f43d5c681bfa4a","HIGH","PRODUCT_MODE_ONLY_PRESENTATION","PRODUCT_MODE_ONLY","daafd184e48a591c9ba4863e057a34ee9bc0efe9acca945abb08f522c5b9ce85"
"F-5821fd1102b6718d","reise__gjensidige__ordinary__gjensidige-reise__2026-09-20-canonical__vs__storebrand__ordinary__storebrand-reise-standard__2026-09-20-canonical__primary","Reise","Gjensidige","Reise","Storebrand","Standard","Ansvar og rettshjelp","Rettshjelp – egenandel","reise.rettshjelp.egenandel","reise.ansvar-rettshjelp","first","included","Ingen egenandel for Reiseforsikring dersom ikke annet fremgår av forsikringsbeviset.","CUSTOMER_SPECIFIC_REFERENCE","Offentlig vilkår","gjensidigeReiseTerms","","","","ISS-02989fbf01eb740d","HIGH","PRODUCT_MODE_ONLY_PRESENTATION","PRODUCT_MODE_ONLY","599530da35f5ed97b9098e7a9025ee8ed3617594f830475e3b86a26562d5ab40"
"F-563a298c4a3d4442","reise__tryg__ordinary__tryg-reise-premium__2026-09-20-canonical__vs__tryg__ordinary__tryg-reise-ekstra__2026-09-20-canonical__primary","Reise","Tryg","Reise Premium","Tryg","Reise Ekstra","Ulykke","Ulykkesdekning","reise.ulykke.dekning","reise.ulykke","second","unavailable","Ikke inkludert i Reise uten at Ulykke er valgt og står i forsikringsbeviset.","CUSTOMER_SPECIFIC_REFERENCE","Offentlig vilkår","trygReiseBase","","","","ISS-a09661f8fe86677f","HIGH","PRODUCT_MODE_ONLY_PRESENTATION","PRODUCT_MODE_ONLY","0a05e20e65a46ffe2a417addc53d4f05b0895973b7a8cef3b41bbe40025a3300"
"F-716ece5de0fe5889","snøscooter__tryg__ordinary__tryg-snoscooter-kasko__null__vs__gjensidige__ordinary__gjensidige-snoscooter-kasko__null__primary","Snøscooter","Tryg","Kasko","Gjensidige","Kasko","Fører- og passasjerulykke","Fører- og passasjerulykke / Førerulykke","snoscooter.ulykke.dekning","snøscooter.ulykke","first","optional / optional","Skade på fører og passasjer || Skade på fører; også passasjer dersom kjøretøyet er registrert for flere personer","POSSIBLE_DUPLICATE_CONCEPT","","vehicle:tryg-odpdf-56716918.pdf","","snoscooter.forerulykke.dekning","","ISS-691de319e114fae3","MEDIUM","CANONICAL_SEMANTICS","LIKELY_SHARED","5409847ea281efb16e249784c2935030d9c1e208afaad8f4dbc7c00a3fe2ef4a"
"F-760e00de4e870eba","snøscooter__tryg__ordinary__tryg-snoscooter-kasko__null__vs__frende__ordinary__frende-snoscooter-kasko__2026-01-01__primary","Snøscooter","Tryg","Kasko","Frende","Kasko","Fører- og passasjerulykke","Fører- og passasjerulykke / Førerulykke","snoscooter.ulykke.dekning","snøscooter.ulykke","first","optional / optional","Skade på fører og passasjer || Skade på fører; også passasjer dersom kjøretøyet er registrert for flere personer","POSSIBLE_DUPLICATE_CONCEPT","","vehicle:tryg-odpdf-56716918.pdf","","snoscooter.forerulykke.dekning","","ISS-691de319e114fae3","MEDIUM","CANONICAL_SEMANTICS","LIKELY_SHARED","e92b269524a4f06608a4af122f9414609e559c1add96a1322baae3a794a36daf"
"F-cffc9145b7d7dac8","snøscooter__tryg__ordinary__tryg-snoscooter-kasko__null__vs__storebrand__ordinary__storebrand-snoscooter-kasko__2025-04-01__primary","Snøscooter","Tryg","Kasko","Storebrand","Kasko","Fører- og passasjerulykke","Fører- og passasjerulykke / Førerulykke","snoscooter.ulykke.dekning","snøscooter.ulykke","first","optional / optional","Skade på fører og passasjer || Skade på fører; også passasjer dersom kjøretøyet er registrert for flere personer","POSSIBLE_DUPLICATE_CONCEPT","","vehicle:tryg-odpdf-56716918.pdf","","snoscooter.forerulykke.dekning","","ISS-691de319e114fae3","MEDIUM","CANONICAL_SEMANTICS","LIKELY_SHARED","cd89db9bea7f404230e85f668707bb084f336f97e6fee685317deb8ddbe65e8c"
"F-439ba4a2b9079044","snøscooter__tryg__ordinary__tryg-snoscooter-kasko__null__vs__if__ordinary__if-snoscooter-kasko__2024-03__primary","Snøscooter","Tryg","Kasko","If","Kasko","Fører- og passasjerulykke","Fører- og passasjerulykke / Førerulykke","snoscooter.ulykke.dekning","snøscooter.ulykke","first","optional / optional","Skade på fører og passasjer || Skade på fører; også passasjer dersom kjøretøyet er registrert for flere personer","POSSIBLE_DUPLICATE_CONCEPT","","vehicle:tryg-odpdf-56716918.pdf","","snoscooter.forerulykke.dekning","","ISS-691de319e114fae3","MEDIUM","CANONICAL_SEMANTICS","LIKELY_SHARED","3a000397b64c1d484c2b1f8b2cd652a765322ceeaac35a6608223dc651ae5e6d"
"F-9ff0c5ebdfe924a0","snøscooter__tryg__ordinary__tryg-snoscooter-kasko__null__vs__eika-fremtind__ordinary__eika-fremtind-snoscooter-kasko__2023-10-29__primary","Snøscooter","Tryg","Kasko","Eika / Fremtind","Kasko","Andre vilkår","avtale – egenandel","snoscooter.avtale.egenandel","snøscooter.ufordelt.snoscooter.avtale.egenandel","second","included","Avtalt egenandel fremgår av forsikringsbeviset eller vilkåret","CUSTOMER_SPECIFIC_REFERENCE","Offentlig vilkår","vehicle:fremtind-Vilkar_Kasko_Snoscooter.pdf","","","","ISS-d7f498cc95a85b7b","HIGH","PRODUCT_MODE_ONLY_PRESENTATION","PRODUCT_MODE_ONLY","8804aa93d7d6a2e32c29996f5e3a5d08b7729f1c835783dc9f9d244461925d70"
"F-50343c207b5a3223","snøscooter__tryg__ordinary__tryg-snoscooter-kasko__null__vs__eika-fremtind__ordinary__eika-fremtind-snoscooter-kasko__2023-10-29__primary","Snøscooter","Tryg","Kasko","Eika / Fremtind","Kasko","Fører- og passasjerulykke","Fører- og passasjerulykke / Førerulykke","snoscooter.ulykke.dekning","snøscooter.ulykke","first","optional / optional","Skade på fører og passasjer || Skade på fører; også passasjer dersom kjøretøyet er registrert for flere personer","POSSIBLE_DUPLICATE_CONCEPT","","vehicle:tryg-odpdf-56716918.pdf","","snoscooter.forerulykke.dekning","","ISS-691de319e114fae3","MEDIUM","CANONICAL_SEMANTICS","LIKELY_SHARED","fccd0381d5d0d6f48bedd35c06a92d90c55cdfd9970cecc826e421f5594745bd"
"F-bef66c39c8754735","snøscooter__tryg__ordinary__tryg-snoscooter-kasko__null__vs__tryg__ordinary__tryg-snoscooter-brann-og-tyveri__null__primary","Snøscooter","Tryg","Kasko","Tryg","Brann og tyveri","Fører- og passasjerulykke","Fører- og passasjerulykke / Førerulykke","snoscooter.ulykke.dekning","snøscooter.ulykke","first","optional / optional","Skade på fører og passasjer || Skade på fører; også passasjer dersom kjøretøyet er registrert for flere personer","POSSIBLE_DUPLICATE_CONCEPT","","vehicle:tryg-odpdf-56716918.pdf","","snoscooter.forerulykke.dekning","","ISS-691de319e114fae3","MEDIUM","CANONICAL_SEMANTICS","LIKELY_SHARED","03a256da81b0e106fcd3b7a20b035e46ac2e9975c2383213075d398a980d0177"
"F-5d2d192f68b9a542","snøscooter__tryg__ordinary__tryg-snoscooter-kasko__null__vs__tryg__ordinary__tryg-snoscooter-brann-og-tyveri__null__primary","Snøscooter","Tryg","Kasko","Tryg","Brann og tyveri","Fører- og passasjerulykke","Fører- og passasjerulykke / Førerulykke","snoscooter.ulykke.dekning","snøscooter.ulykke","second","optional / optional","Skade på fører og passasjer || Skade på fører; også passasjer dersom kjøretøyet er registrert for flere personer","POSSIBLE_DUPLICATE_CONCEPT","","vehicle:tryg-odpdf-56716918.pdf","","snoscooter.forerulykke.dekning","","ISS-6c6034fb20e71653","MEDIUM","CANONICAL_SEMANTICS","LIKELY_SHARED","03a256da81b0e106fcd3b7a20b035e46ac2e9975c2383213075d398a980d0177"
"F-fd5c0497e3429700","campingvogn__tryg__ordinary__tryg-campingvogn-campingvogn-ekstra__2026-01-01__vs__gjensidige__ordinary__gjensidige-campingvogn-pluss__null__primary","Campingvogn","Tryg","Campingvogn Ekstra","Gjensidige","Pluss","Andre vilkår","avtale – forsikringssum","campingvogn.avtale.forsikringssum","campingvogn.ufordelt.campingvogn.avtale.forsikringssum","first","included","Avtalt forsikringssum; ved totalskade begrenset til markedsverdien","CUSTOMER_SPECIFIC_REFERENCE","Offentlig vilkår","vehicle:tryg-odpdf-f862c645.pdf","","","","ISS-a46bff1ae5461a06","HIGH","PRODUCT_MODE_ONLY_PRESENTATION","PRODUCT_MODE_ONLY","bf5ad224f565072ab43175d09559d8cf4a0db4ee751b4bafad5eb0f49aaf3adc"
"F-d3adfb95c92d2f34","campingvogn__tryg__ordinary__tryg-campingvogn-campingvogn-ekstra__2026-01-01__vs__frende__ordinary__frende-campingvogn-kasko__2026-01-01__primary","Campingvogn","Tryg","Campingvogn Ekstra","Frende","Kasko","Andre vilkår","avtale – forsikringssum","campingvogn.avtale.forsikringssum","campingvogn.ufordelt.campingvogn.avtale.forsikringssum","first","included","Avtalt forsikringssum; ved totalskade begrenset til markedsverdien","CUSTOMER_SPECIFIC_REFERENCE","Offentlig vilkår","vehicle:tryg-odpdf-f862c645.pdf","","","","ISS-a46bff1ae5461a06","HIGH","PRODUCT_MODE_ONLY_PRESENTATION","PRODUCT_MODE_ONLY","f5324275e97d2f45af6d5637d84a3eb5cb4855427175b7cdf3d1d227b7c462ee"
"F-fe9f7e6367f97cea","campingvogn__tryg__ordinary__tryg-campingvogn-campingvogn-ekstra__2026-01-01__vs__storebrand__ordinary__storebrand-campingvogn-super__2026-03-01__primary","Campingvogn","Tryg","Campingvogn Ekstra","Storebrand","Super","Andre vilkår","avtale – forsikringssum","campingvogn.avtale.forsikringssum","campingvogn.ufordelt.campingvogn.avtale.forsikringssum","first","included","Avtalt forsikringssum; ved totalskade begrenset til markedsverdien","CUSTOMER_SPECIFIC_REFERENCE","Offentlig vilkår","vehicle:tryg-odpdf-f862c645.pdf","","","","ISS-a46bff1ae5461a06","HIGH","PRODUCT_MODE_ONLY_PRESENTATION","PRODUCT_MODE_ONLY","98582053f0f6a659e1e498d7cec282987da3ecd5547feb3676eb5175ff62f8db"
"F-ffbda6f8bfbd7eaf","campingvogn__tryg__ordinary__tryg-campingvogn-campingvogn-ekstra__2026-01-01__vs__if__ordinary__if-campingvogn-kasko__2024-03__primary","Campingvogn","Tryg","Campingvogn Ekstra","If","Kasko","Andre vilkår","avtale – forsikringssum","campingvogn.avtale.forsikringssum","campingvogn.ufordelt.campingvogn.avtale.forsikringssum","first","included","Avtalt forsikringssum; ved totalskade begrenset til markedsverdien","CUSTOMER_SPECIFIC_REFERENCE","Offentlig vilkår","vehicle:tryg-odpdf-f862c645.pdf","","","","ISS-a46bff1ae5461a06","HIGH","PRODUCT_MODE_ONLY_PRESENTATION","PRODUCT_MODE_ONLY","c22460c98e2b6237723886c90eeddf05b0a532d159f527b2fa4234d1991a56d7"
"F-02d028080a49cd6a","campingvogn__tryg__ordinary__tryg-campingvogn-campingvogn-ekstra__2026-01-01__vs__eika-fremtind__ordinary__eika-fremtind-campingvogn-kasko__2024-03-21__primary","Campingvogn","Tryg","Campingvogn Ekstra","Eika / Fremtind","Kasko","Fortelt","Fortelt – begrensninger","campingvogn.fortelt.begrensning","campingvogn.fortelt","second","included","Fortelt/tilbygg må inngå i avtalt forsikringssum","CUSTOMER_SPECIFIC_REFERENCE","Offentlig vilkår","vehicle:fremtind-Vilkar_Kasko_Campingvogn_og_Tilhenger.pdf","","","","ISS-e45d8072f6ce23b3","HIGH","PRODUCT_MODE_ONLY_PRESENTATION","PRODUCT_MODE_ONLY","5f7ef43815f591671940c048af33779a95be32c3a433b2f6f5f4e100e3deaea4"
"F-145cf157bad20cf2","campingvogn__tryg__ordinary__tryg-campingvogn-campingvogn-ekstra__2026-01-01__vs__eika-fremtind__ordinary__eika-fremtind-campingvogn-kasko__2024-03-21__primary","Campingvogn","Tryg","Campingvogn Ekstra","Eika / Fremtind","Kasko","Andre vilkår","avtale – egenandel","campingvogn.avtale.egenandel","campingvogn.ufordelt.campingvogn.avtale.egenandel","second","included","Avtalt egenandel fremgår av forsikringsbeviset eller vilkåret","CUSTOMER_SPECIFIC_REFERENCE","Offentlig vilkår","vehicle:fremtind-Vilkar_Kasko_Campingvogn_og_Tilhenger.pdf","","","","ISS-9d944240d2b9739d","HIGH","PRODUCT_MODE_ONLY_PRESENTATION","PRODUCT_MODE_ONLY","7e1a3143758c050223c133e785eb78c3b3e441e64ffc859542b0bd77a468701b"
"F-a2884d0f12ed6f30","campingvogn__tryg__ordinary__tryg-campingvogn-campingvogn-ekstra__2026-01-01__vs__eika-fremtind__ordinary__eika-fremtind-campingvogn-kasko__2024-03-21__primary","Campingvogn","Tryg","Campingvogn Ekstra","Eika / Fremtind","Kasko","Andre vilkår","avtale – forsikringssum","campingvogn.avtale.forsikringssum","campingvogn.ufordelt.campingvogn.avtale.forsikringssum","first","included","Avtalt forsikringssum; ved totalskade begrenset til markedsverdien","CUSTOMER_SPECIFIC_REFERENCE","Offentlig vilkår","vehicle:tryg-odpdf-f862c645.pdf","","","","ISS-a46bff1ae5461a06","HIGH","PRODUCT_MODE_ONLY_PRESENTATION","PRODUCT_MODE_ONLY","f360d083e2d6246c84f5a453992607890acfa079e20a99c0f86f766019104341"
"F-f0ab017d3cf2b9a3","campingvogn__tryg__ordinary__tryg-campingvogn-campingvogn-ekstra__2026-01-01__vs__tryg__ordinary__tryg-campingvogn-kasko__2026-01-01__primary","Campingvogn","Tryg","Campingvogn Ekstra","Tryg","Kasko","Andre vilkår","avtale – forsikringssum","campingvogn.avtale.forsikringssum","campingvogn.ufordelt.campingvogn.avtale.forsikringssum","first","included","Avtalt forsikringssum; ved totalskade begrenset til markedsverdien","CUSTOMER_SPECIFIC_REFERENCE","Offentlig vilkår","vehicle:tryg-odpdf-f862c645.pdf","","","","ISS-a46bff1ae5461a06","HIGH","PRODUCT_MODE_ONLY_PRESENTATION","PRODUCT_MODE_ONLY","41d99e6e443bf4340facd58eb0cb58346e1785d2ba03969112c75694a88f6cf2"
"F-5b36d92774109e1b","campingvogn__tryg__ordinary__tryg-campingvogn-campingvogn-ekstra__2026-01-01__vs__tryg__ordinary__tryg-campingvogn-kasko__2026-01-01__primary","Campingvogn","Tryg","Campingvogn Ekstra","Tryg","Kasko","Andre vilkår","avtale – forsikringssum","campingvogn.avtale.forsikringssum","campingvogn.ufordelt.campingvogn.avtale.forsikringssum","second","included","Avtalt forsikringssum; ved totalskade begrenset til markedsverdien","CUSTOMER_SPECIFIC_REFERENCE","Offentlig vilkår","vehicle:tryg-odpdf-f862c645.pdf","","","","ISS-f256958914060073","HIGH","PRODUCT_MODE_ONLY_PRESENTATION","PRODUCT_MODE_ONLY","41d99e6e443bf4340facd58eb0cb58346e1785d2ba03969112c75694a88f6cf2"
"F-79f4e92b6e16bc39","tilhenger__tryg__ordinary__tryg-tilhenger-kasko__2026-01-01__vs__gjensidige__ordinary__gjensidige-tilhenger-kasko__null__primary","Tilhenger","Tryg","Kasko","Gjensidige","Kasko","Andre vilkår","avtale – forsikringssum","tilhenger.avtale.forsikringssum","tilhenger.ufordelt.tilhenger.avtale.forsikringssum","first","included","Avtalt forsikringssum; ved totalskade begrenset til markedsverdien","CUSTOMER_SPECIFIC_REFERENCE","Offentlig vilkår","vehicle:tryg-odpdf-f862c645.pdf","","","","ISS-2e5c42c0f9160a2b","HIGH","PRODUCT_MODE_ONLY_PRESENTATION","PRODUCT_MODE_ONLY","bc44e3c7a9ffa01b434f09cee2b2c01c8d5c45c15585c303bd120cd710ceb333"
"F-5980473eccfad345","tilhenger__tryg__ordinary__tryg-tilhenger-kasko__2026-01-01__vs__frende__ordinary__frende-tilhenger-kasko__2026-01-01__primary","Tilhenger","Tryg","Kasko","Frende","Kasko","Andre vilkår","avtale – forsikringssum","tilhenger.avtale.forsikringssum","tilhenger.ufordelt.tilhenger.avtale.forsikringssum","first","included","Avtalt forsikringssum; ved totalskade begrenset til markedsverdien","CUSTOMER_SPECIFIC_REFERENCE","Offentlig vilkår","vehicle:tryg-odpdf-f862c645.pdf","","","","ISS-2e5c42c0f9160a2b","HIGH","PRODUCT_MODE_ONLY_PRESENTATION","PRODUCT_MODE_ONLY","028289acaea0003f8f01c407b647ca327494878e3f6b271d1e1b53a28ffc70a2"
"F-cdbc03bf0cc14f45","tilhenger__tryg__ordinary__tryg-tilhenger-kasko__2026-01-01__vs__storebrand__ordinary__storebrand-tilhenger-kasko__2026-03-01__primary","Tilhenger","Tryg","Kasko","Storebrand","Kasko","Andre vilkår","avtale – forsikringssum","tilhenger.avtale.forsikringssum","tilhenger.ufordelt.tilhenger.avtale.forsikringssum","first","included","Avtalt forsikringssum; ved totalskade begrenset til markedsverdien","CUSTOMER_SPECIFIC_REFERENCE","Offentlig vilkår","vehicle:tryg-odpdf-f862c645.pdf","","","","ISS-2e5c42c0f9160a2b","HIGH","PRODUCT_MODE_ONLY_PRESENTATION","PRODUCT_MODE_ONLY","e587400ec9812ad2f6d099fc422cdd515399e496e8c8dd38d9f412912e8e2dba"
"F-2941bd01650868d8","tilhenger__tryg__ordinary__tryg-tilhenger-kasko__2026-01-01__vs__if__ordinary__if-tilhenger-kasko__2024-03__primary","Tilhenger","Tryg","Kasko","If","Kasko","Andre vilkår","avtale – forsikringssum","tilhenger.avtale.forsikringssum","tilhenger.ufordelt.tilhenger.avtale.forsikringssum","first","included","Avtalt forsikringssum; ved totalskade begrenset til markedsverdien","CUSTOMER_SPECIFIC_REFERENCE","Offentlig vilkår","vehicle:tryg-odpdf-f862c645.pdf","","","","ISS-2e5c42c0f9160a2b","HIGH","PRODUCT_MODE_ONLY_PRESENTATION","PRODUCT_MODE_ONLY","3b165ab9b45d212ef080f6346de002d935a2c7ee7cd8da01454dd9c364790ec0"
"F-3307814cabef9483","tilhenger__tryg__ordinary__tryg-tilhenger-kasko__2026-01-01__vs__eika-fremtind__ordinary__eika-fremtind-tilhenger-kasko__2024-03-21__primary","Tilhenger","Tryg","Kasko","Eika / Fremtind","Kasko","Andre vilkår","avtale – egenandel","tilhenger.avtale.egenandel","tilhenger.ufordelt.tilhenger.avtale.egenandel","second","included","Avtalt egenandel fremgår av forsikringsbeviset eller vilkåret","CUSTOMER_SPECIFIC_REFERENCE","Offentlig vilkår","vehicle:fremtind-Vilkar_Kasko_Campingvogn_og_Tilhenger.pdf","","","","ISS-cf4cf88c8283a6cb","HIGH","PRODUCT_MODE_ONLY_PRESENTATION","PRODUCT_MODE_ONLY","5dea4a3ffb9e291acc86571c44797a9651f97a95e6f79bde8bf50014660d5ace"
"F-3867b35535f8ff3b","tilhenger__tryg__ordinary__tryg-tilhenger-kasko__2026-01-01__vs__eika-fremtind__ordinary__eika-fremtind-tilhenger-kasko__2024-03-21__primary","Tilhenger","Tryg","Kasko","Eika / Fremtind","Kasko","Andre vilkår","avtale – forsikringssum","tilhenger.avtale.forsikringssum","tilhenger.ufordelt.tilhenger.avtale.forsikringssum","first","included","Avtalt forsikringssum; ved totalskade begrenset til markedsverdien","CUSTOMER_SPECIFIC_REFERENCE","Offentlig vilkår","vehicle:tryg-odpdf-f862c645.pdf","","","","ISS-2e5c42c0f9160a2b","HIGH","PRODUCT_MODE_ONLY_PRESENTATION","PRODUCT_MODE_ONLY","850125b310833d7b46d5361ea6272005705bb9db135580a877b51a602d3b6526"
"F-77137e4ccbd2bc9c","tilhenger__tryg__ordinary__tryg-tilhenger-kasko__2026-01-01__vs__tryg__ordinary__tryg-tilhenger-brann-og-tyveri__2026-01-01__primary","Tilhenger","Tryg","Kasko","Tryg","Brann og tyveri","Andre vilkår","avtale – forsikringssum","tilhenger.avtale.forsikringssum","tilhenger.ufordelt.tilhenger.avtale.forsikringssum","first","included","Avtalt forsikringssum; ved totalskade begrenset til markedsverdien","CUSTOMER_SPECIFIC_REFERENCE","Offentlig vilkår","vehicle:tryg-odpdf-f862c645.pdf","","","","ISS-2e5c42c0f9160a2b","HIGH","PRODUCT_MODE_ONLY_PRESENTATION","PRODUCT_MODE_ONLY","32454f263e434be4570960f7dc6fb87a2b13c57bc9df168bc7af2f7864430f58"
"F-c74c95e4907d4ddd","tilhenger__tryg__ordinary__tryg-tilhenger-kasko__2026-01-01__vs__tryg__ordinary__tryg-tilhenger-brann-og-tyveri__2026-01-01__primary","Tilhenger","Tryg","Kasko","Tryg","Brann og tyveri","Andre vilkår","avtale – forsikringssum","tilhenger.avtale.forsikringssum","tilhenger.ufordelt.tilhenger.avtale.forsikringssum","second","included","Avtalt forsikringssum; ved totalskade begrenset til markedsverdien","CUSTOMER_SPECIFIC_REFERENCE","Offentlig vilkår","vehicle:tryg-odpdf-05b2538c.pdf","","","","ISS-da19ba92b9baa163","HIGH","PRODUCT_MODE_ONLY_PRESENTATION","PRODUCT_MODE_ONLY","32454f263e434be4570960f7dc6fb87a2b13c57bc9df168bc7af2f7864430f58"
"F-cd2936dd75e6170a","mc__tryg__ordinary__tryg-mc-mc-ekstra__2026-07-01__vs__if__ordinary__if-mc-kasko__2024-03__primary","MC","Tryg","MC Ekstra","If","Kasko","Skade på MC","Kasko – egenandel","kasko.egenandel","mc.egen-mc","first","included","Avtalt egenandel fremgår av forsikringsbeviset","CUSTOMER_SPECIFIC_REFERENCE","Offentlig vilkår","mcb:tryg:mc:tryg-05PAU25405.pdf","","","","ISS-fa2adf5d1cd28e97","HIGH","PRODUCT_MODE_ONLY_PRESENTATION","PRODUCT_MODE_ONLY","752e9a4d8b464742321ee796bac1153da8ad3bb90ad65fdb6faab11e16e6f61e"
"F-8977538c6a19d19e","mc__tryg__ordinary__tryg-mc-mc-ekstra__2026-07-01__vs__gjensidige__ordinary__gjensidige-mc-kasko__null__primary","MC","Tryg","MC Ekstra","Gjensidige","Kasko","Skade på MC","Kasko – egenandel","kasko.egenandel","mc.egen-mc","first","included","Avtalt egenandel fremgår av forsikringsbeviset","CUSTOMER_SPECIFIC_REFERENCE","Offentlig vilkår","mcb:tryg:mc:tryg-05PAU25405.pdf","","","","ISS-fa2adf5d1cd28e97","HIGH","PRODUCT_MODE_ONLY_PRESENTATION","PRODUCT_MODE_ONLY","8e2dd0c2dd5e18466476074f03143d4edc3b43d0f7f32aa1dbfed7535e4d99d4"
"F-8bc8b3579c46a204","mc__tryg__ordinary__tryg-mc-mc-ekstra__2026-07-01__vs__storebrand__ordinary__storebrand-mc-kasko__motor09__primary","MC","Tryg","MC Ekstra","Storebrand","Kasko","Skade på MC","Kasko – egenandel","kasko.egenandel","mc.egen-mc","first","included","Avtalt egenandel fremgår av forsikringsbeviset","CUSTOMER_SPECIFIC_REFERENCE","Offentlig vilkår","mcb:tryg:mc:tryg-05PAU25405.pdf","","","","ISS-fa2adf5d1cd28e97","HIGH","PRODUCT_MODE_ONLY_PRESENTATION","PRODUCT_MODE_ONLY","8eacf41d98c2f4018e4cc93ca82ed693c30ab8dc3d2f80ceb887f288d5f8cd85"
"F-52af6f63408599fe","mc__tryg__ordinary__tryg-mc-mc-ekstra__2026-07-01__vs__storebrand__ordinary__storebrand-mc-kasko__motor09__primary","MC","Tryg","MC Ekstra","Storebrand","Kasko","Skade på MC","Kasko – egenandel","kasko.egenandel","mc.egen-mc","second","included","Fremgår av forsikringsbeviset","CUSTOMER_SPECIFIC_REFERENCE","Offentlig vilkår","mc-bobil:storebrand-motor09:mc","","","","ISS-2f775303d73373bd","HIGH","PRODUCT_MODE_ONLY_PRESENTATION","PRODUCT_MODE_ONLY","da9329687bf6d1fb07dbd24037193678d62581f88c9e3af2505c282c9f1cbc4d"
"F-27662016e3ec78ef","mc__tryg__ordinary__tryg-mc-mc-ekstra__2026-07-01__vs__fremtind__ordinary-sparebank1__fremtind-mc-kasko__null__primary","MC","Tryg","MC Ekstra","Fremtind","Kasko","Skade på MC","Kasko – egenandel","kasko.egenandel","mc.egen-mc","first","included","Avtalt egenandel fremgår av forsikringsbeviset","CUSTOMER_SPECIFIC_REFERENCE","Offentlig vilkår","mcb:tryg:mc:tryg-05PAU25405.pdf","","","","ISS-fa2adf5d1cd28e97","HIGH","PRODUCT_MODE_ONLY_PRESENTATION","PRODUCT_MODE_ONLY","952cfd0f2bc8d3d134bbe5388aefd66a9e5bb99093ace4304122755e7bb11d95"
"F-4634498d66d710b2","mc__tryg__ordinary__tryg-mc-mc-ekstra__2026-07-01__vs__fremtind__ordinary-sparebank1__fremtind-mc-kasko__null__primary","MC","Tryg","MC Ekstra","Fremtind","Kasko","Skade på MC","Kasko – egenandel","kasko.egenandel","mc.egen-mc","second","included","Fremgår av forsikringsbeviset","CUSTOMER_SPECIFIC_REFERENCE","Offentlig vilkår","mcb-ff-fremtind-mc-terms-kasko","","","","ISS-a19f9d8e8e329b88","HIGH","PRODUCT_MODE_ONLY_PRESENTATION","PRODUCT_MODE_ONLY","b8a17b20cb06177f06ddc1cf5f78435477d607f75086ce9da14f4ddf7d9240e1"
"F-bcb1b596411e2a0c","mc__tryg__ordinary__tryg-mc-mc-ekstra__2026-07-01__vs__frende__ordinary__frende-mc-kasko__2026-01-01__primary","MC","Tryg","MC Ekstra","Frende","Kasko","Skade på MC","Kasko – egenandel","kasko.egenandel","mc.egen-mc","first","included","Avtalt egenandel fremgår av forsikringsbeviset","CUSTOMER_SPECIFIC_REFERENCE","Offentlig vilkår","mcb:tryg:mc:tryg-05PAU25405.pdf","","","","ISS-fa2adf5d1cd28e97","HIGH","PRODUCT_MODE_ONLY_PRESENTATION","PRODUCT_MODE_ONLY","e1c15a54656d9d025937f8a551c84724da57f7b1162c9d66a3effa7c284e3f75"
"F-7a41c22daeb4d3f5","mc__tryg__ordinary__tryg-mc-mc-ekstra__2026-07-01__vs__frende__ordinary__frende-mc-kasko__2026-01-01__primary","MC","Tryg","MC Ekstra","Frende","Kasko","Skade på MC","Kasko – egenandel","kasko.egenandel","mc.egen-mc","second","included","Fremgår av forsikringsbeviset","CUSTOMER_SPECIFIC_REFERENCE","Offentlig vilkår","mcb-ff-frende-mc-terms","","","","ISS-873315e5a85c8b7b","HIGH","PRODUCT_MODE_ONLY_PRESENTATION","PRODUCT_MODE_ONLY","aaac7f020c4e369aa0dbf5f617fac0589a716e89660e52b9153be601c4e26cfa"
"F-5807bc2971a390cb","mc__if__ordinary__if-mc-kasko__2024-03__vs__frende__ordinary__frende-mc-kasko__2026-01-01__primary","MC","If","Kasko","Frende","Kasko","Skade på MC","Kasko – egenandel","kasko.egenandel","mc.egen-mc","second","included","Fremgår av forsikringsbeviset","CUSTOMER_SPECIFIC_REFERENCE","Offentlig vilkår","mcb-ff-frende-mc-terms","","","","ISS-873315e5a85c8b7b","HIGH","PRODUCT_MODE_ONLY_PRESENTATION","PRODUCT_MODE_ONLY","825721dc03554ec95e43bf0ad6bcbb07b2782050fb66225177c4279ff46de0a6"
"F-4cacbeb4831a465d","mc__tryg__ordinary__tryg-mc-mc-ekstra__2026-07-01__vs__tryg__ordinary__tryg-mc-kasko__2026-07-01__primary","MC","Tryg","MC Ekstra","Tryg","Kasko","Skade på MC","Kasko – egenandel","kasko.egenandel","mc.egen-mc","first","included","Avtalt egenandel fremgår av forsikringsbeviset","CUSTOMER_SPECIFIC_REFERENCE","Offentlig vilkår","mcb:tryg:mc:tryg-05PAU25405.pdf","","","","ISS-fa2adf5d1cd28e97","HIGH","PRODUCT_MODE_ONLY_PRESENTATION","PRODUCT_MODE_ONLY","2949f3e09f4505931b2fd389fdb394ff3656777bf049540df3e4e8dbb93cf991"
"F-a43dee49b7c805b9","mc__tryg__ordinary__tryg-mc-mc-ekstra__2026-07-01__vs__tryg__ordinary__tryg-mc-kasko__2026-07-01__primary","MC","Tryg","MC Ekstra","Tryg","Kasko","Skade på MC","Kasko – egenandel","kasko.egenandel","mc.egen-mc","second","included","Avtalt egenandel fremgår av forsikringsbeviset","CUSTOMER_SPECIFIC_REFERENCE","Offentlig vilkår","mcb:tryg:mc:tryg-05PAU25405.pdf","","","","ISS-fe8edfaa28cf0a6a","HIGH","PRODUCT_MODE_ONLY_PRESENTATION","PRODUCT_MODE_ONLY","2949f3e09f4505931b2fd389fdb394ff3656777bf049540df3e4e8dbb93cf991"
"F-7477e83c5528c418","bobil__tryg__ordinary__tryg-bobil-bobil-ekstra__2026-07-01__vs__storebrand__ordinary__storebrand-bobil-super__motor09__primary","Bobil","Tryg","Bobil Ekstra","Storebrand","Super","Skade på bobil","Kasko – egenandel","kasko.egenandel","bobil.egen-bobil","second","included","Fremgår av forsikringsbeviset","CUSTOMER_SPECIFIC_REFERENCE","Offentlig vilkår","mc-bobil:storebrand-motor09:bobil","","","","ISS-24c1a6352550225d","HIGH","PRODUCT_MODE_ONLY_PRESENTATION","PRODUCT_MODE_ONLY","e40c1b80a7381e2f8a00885c227f07c49fbb8e7fda1a41ababa681cb25a07363"
"F-2ef8452934d3a879","bobil__tryg__ordinary__tryg-bobil-bobil-ekstra__2026-07-01__vs__fremtind__ordinary-dnb__fremtind-bobil-topp__2025-09-18__primary","Bobil","Tryg","Bobil Ekstra","Fremtind","Topp","Skade på bobil","Kasko – egenandel","kasko.egenandel","bobil.egen-bobil","second","included","Fremgår av forsikringsbeviset","CUSTOMER_SPECIFIC_REFERENCE","Offentlig vilkår","mcb-ff-fremtind-bobil-topp-kasko","","","","ISS-a0a7c2afafe038b7","HIGH","PRODUCT_MODE_ONLY_PRESENTATION","PRODUCT_MODE_ONLY","25d3455fb84e3283bc12ab84386d8957405ddcd62e7afaf954228095eb2dae4a"
"F-42d7a67138977d31","bobil__tryg__ordinary__tryg-bobil-bobil-ekstra__2026-07-01__vs__frende__ordinary__frende-bobil-utvidet__2026-01-01__primary","Bobil","Tryg","Bobil Ekstra","Frende","Utvidet","Skade på bobil","Kasko – egenandel","kasko.egenandel","bobil.egen-bobil","second","included","Fremgår av forsikringsbeviset","CUSTOMER_SPECIFIC_REFERENCE","Offentlig vilkår","mcb-ff-frende-bobil-terms","","","","ISS-25b71dbbf781bea8","HIGH","PRODUCT_MODE_ONLY_PRESENTATION","PRODUCT_MODE_ONLY","66ab81c67229d218c16dee061ba2535756019cf310b10fa6903b79b286f39663"
"F-62e3d6067745cfae","bobil__if__ordinary__if-bobil-super__2022-06__vs__frende__ordinary__frende-bobil-utvidet__2026-01-01__primary","Bobil","If","Super","Frende","Utvidet","Skade på bobil","Kasko – egenandel","kasko.egenandel","bobil.egen-bobil","second","included","Fremgår av forsikringsbeviset","CUSTOMER_SPECIFIC_REFERENCE","Offentlig vilkår","mcb-ff-frende-bobil-terms","","","","ISS-25b71dbbf781bea8","HIGH","PRODUCT_MODE_ONLY_PRESENTATION","PRODUCT_MODE_ONLY","c19ba246cf702a013289b600d53c9701f8587fd16e20a0bab1b5075eadd206e4"
