layer,families,providers,description,evidence,remediation_batch,complexity,root_cause_id,affected_products,finding_count,unique_signatures,P1,P2,gpt6_remediation_recommended,confidence,remediation_authorized,remediation_type,legacy_complexity_description,proposed_regression_finding_ids,cause_confidence_scope,mechanism_group
CATALOG_AUTHORING / SOURCE_SELECTION,"[""Hund"", ""Katt""]","[""tryg"", ""gjensidige""]","Basismodellen bygger på et kort IPID-utvalg; rike behandlings-/produktvilkår er lokale, men flere presise regler er aldri ført inn. Liv/Ekstra har også sparsomme håndskrevne facts. Gjensidige Hund/Katt har samme kildeutnyttelsesgap: 4–5 basisrader og ett fakta per Liv/Bruk-modul, mens egne behandlings- og livsvilkår er tilgjengelige lokalt.","lib/boat-pet-catalog.ts:12–19,117–124,149–152; docs/boat-pet-source-audit.md:11; runtime full snapshot. Builder mapper bare gitte rows (lib/boat-pet-catalog-builder.ts:38–69). gjensidige-pet-independent-inventory53rules; complete8artifacts. Existingcustomerchoiceunknownsprotected.",RB-01,DATA_ONLY,SCRC-001,"[""[\""gjensidige\"",\""hund\"",\""ordinary\"",\""gjensidige-hund-behandling\"",null]"", ""[\""gjensidige\"",\""katt\"",\""ordinary\"",\""gjensidige-katt-behandling\"",null]"", ""[\""tryg\"",\""hund\"",\""ordinary\"",\""tryg-hund-behandling\"",\""2026-09-01\""]"", ""[\""tryg\"",\""katt\"",\""ordinary\"",\""tryg-katt-behandling\"",\""2026-09-01\""]""]",93,93,73,20,False,HIGH for observed omission location; MEDIUM for systemic explanation,False,CATALOG_DATA_ONLY,DATA_PLUS_SOURCE_BINDING,"[""GAP-0001"", ""GAP-0002"", ""GAP-0003"", ""GAP-0006"", ""GAP-0008"", ""GAP-0009"", ""GAP-0010"", ""GAP-0011"", ""GAP-0012"", ""GAP-0015"", ""GAP-0017"", ""GAP-0018"", ""GAP-0019"", ""GAP-2868"", ""GAP-2869"", ""GAP-2871"", ""GAP-2872"", ""GAP-2874"", ""GAP-2875"", ""GAP-2876"", ""GAP-2877"", ""GAP-2878"", ""GAP-2879"", ""GAP-2880"", ""GAP-2881"", ""GAP-2882"", ""GAP-2883"", ""GAP-2884"", ""GAP-2885"", ""GAP-2886"", ""GAP-2887"", ""GAP-2888"", ""GAP-2891"", ""GAP-2893"", ""GAP-2894"", ""GAP-2895"", ""GAP-2896"", ""GAP-2897"", ""GAP-2898"", ""GAP-2899"", ""GAP-2901"", ""GAP-2902"", ""GAP-2903"", ""GAP-2904"", ""GAP-2907"", ""GAP-2909"", ""GAP-2910"", ""GAP-2912"", ""GAP-2913"", ""GAP-2914"", ""GAP-2915"", ""GAP-2916"", ""GAP-2917"", ""GAP-2918"", ""GAP-2919"", ""GAP-2920"", ""GAP-2921"", ""GAP-2922"", ""GAP-2923"", ""GAP-2924"", ""GAP-2925"", ""GAP-2926"", ""GAP-2929"", ""GAP-2930"", ""GAP-2931"", ""GAP-2932"", ""GAP-2933"", ""GAP-2934"", ""GAP-2935"", ""GAP-2937"", ""GAP-2938"", ""GAP-2939"", ""GAP-2942""]",Observed source→authored/resolved-catalog mechanism. Original author intent or development process not inferred.,SOURCE_TO_CATALOG_DIMENSION_OMISSION
CATALOG_AUTHORING / DIMENSION_LOSS,"[""Hund"", ""Katt""]","[""if""]","Eksplisitte nivåtabeller er modellert som 3/6/8 hovedfacts. Felles veterinærpunkter og betingelser som livstidsperiode, skadefri opptjening og TR-undergrense mangler i raddefinisjonene.","lib/boat-pet-catalog.ts:125–128; If fullvilkår5.1,6.2.1. Runtime har ingen skjult mer presis materialisering.",RB-01,DATA_ONLY,SCRC-002,"[""[\""if\"",\""hund\"",\""ordinary\"",\""if-hund-basis\"",\""2022-12-01\""]"", ""[\""if\"",\""hund\"",\""ordinary\"",\""if-hund-standard\"",\""2022-12-01\""]"", ""[\""if\"",\""hund\"",\""ordinary\"",\""if-hund-super\"",\""2022-12-01\""]"", ""[\""if\"",\""katt\"",\""ordinary\"",\""if-katt-basis\"",\""2022-12-01\""]"", ""[\""if\"",\""katt\"",\""ordinary\"",\""if-katt-standard\"",\""2022-12-01\""]"", ""[\""if\"",\""katt\"",\""ordinary\"",\""if-katt-super\"",\""2022-12-01\""]""]",37,21,27,10,False,HIGH for observed omission location; MEDIUM for systemic explanation,False,CATALOG_DATA_ONLY,MOSTLY_DATA_ONLY,"[""GAP-0024"", ""GAP-0025"", ""GAP-0026"", ""GAP-0027"", ""GAP-0028"", ""GAP-0029"", ""GAP-0030"", ""GAP-0031"", ""GAP-0032"", ""GAP-0033"", ""GAP-0034"", ""GAP-0035"", ""GAP-0036"", ""GAP-0042"", ""GAP-0043"", ""GAP-0044"", ""GAP-0045"", ""GAP-0046"", ""GAP-0047"", ""GAP-0048"", ""GAP-0049"", ""GAP-0050"", ""GAP-0051"", ""GAP-0052"", ""GAP-0053"", ""GAP-0054"", ""GAP-0057""]",Observed source→authored/resolved-catalog mechanism. Original author intent or development process not inferred.,SOURCE_TO_CATALOG_DIMENSION_OMISSION
CATALOG_AUTHORING / LEVEL_COMPOSITION,"[""Båt""]","[""frende"", ""storebrand"", ""gjensidige""]","Felles boatCore/boatFire/boatKasko gir grove Included-foreldre. Super rekonstruerer basis i stedet for å inkludere Kaskoens opplagsutstyrsrad. Kildens felles begrensninger og ytelser er ikke ført inn. Frende bruker samme grove boatCore/Fire/Kasko-funksjoner. Utvidet rekonstruerer Kasko uten dens løsørerad; to optional-komponenter har kun én tilgjengelighetsrad hver. Gjensidige bruker samme IPID-baserte boatFire/Kasko-hjelpere; Delkasko mister redning selv om egen IPID/fullkilde dokumenterer den, og lokale fullvilkår er ikke utnyttet for materielle grenser/vilkår.","lib/boat-pet-catalog.ts:60–75,94–96; builder:68–80; Båt03 punkt3,5,6,9–11; faktisk Super/Kasko-visning undersøkt.; lib/boat-pet-catalog.ts:100–110;Frende13pfullterms+2pIPID+HTML;45sourcefirstrules. Structural mechanism shared; provider rules independently sourced. Gjensidige3exactpackages sourcefirst60rules; boat-pet-catalog.ts91–93 andbidirectionalDelkaskorescueprobe.",RB-02,SMALL_CODE,SCRC-003,"[""[\""frende\"",\""båt\"",\""ordinary\"",\""frende-bat-brann-og-tyveri\"",\""2026-01-01\""]"", ""[\""frende\"",\""båt\"",\""ordinary\"",\""frende-bat-kasko\"",\""2026-01-01\""]"", ""[\""frende\"",\""båt\"",\""ordinary\"",\""frende-bat-utvidet\"",\""2026-01-01\""]"", ""[\""gjensidige\"",\""båt\"",\""ordinary\"",\""gjensidige-bat-delkasko\"",null]"", ""[\""gjensidige\"",\""båt\"",\""ordinary\"",\""gjensidige-bat-kasko\"",null]"", ""[\""gjensidige\"",\""båt\"",\""ordinary\"",\""gjensidige-bat-pluss\"",null]"", ""[\""storebrand\"",\""båt\"",\""ordinary\"",\""storebrand-bat-delkasko\"",\""2024-09-01\""]"", ""[\""storebrand\"",\""båt\"",\""ordinary\"",\""storebrand-bat-kasko\"",\""2024-09-01\""]"", ""[\""storebrand\"",\""båt\"",\""ordinary\"",\""storebrand-bat-super\"",\""2024-09-01\""]""]",266,114,216,50,False,HIGH for observed omission location; MEDIUM for systemic explanation,False,CATALOG_DATA_ONLY,DATA_AND_EXPLICIT_LEVEL_COMPOSITION,"[""GAP-0058"", ""GAP-0059"", ""GAP-0060"", ""GAP-0061"", ""GAP-0062"", ""GAP-0063"", ""GAP-0065"", ""GAP-0066"", ""GAP-0067"", ""GAP-0068"", ""GAP-0069"", ""GAP-0070"", ""GAP-0071"", ""GAP-0073"", ""GAP-0074"", ""GAP-0075"", ""GAP-0076"", ""GAP-0077"", ""GAP-0078"", ""GAP-0079"", ""GAP-0081"", ""GAP-0082"", ""GAP-0083"", ""GAP-0085"", ""GAP-0086"", ""GAP-0088"", ""GAP-0089"", ""GAP-0090"", ""GAP-1156"", ""GAP-1157"", ""GAP-1158"", ""GAP-1159"", ""GAP-1160"", ""GAP-1161"", ""GAP-1162"", ""GAP-1163"", ""GAP-1164"", ""GAP-1165"", ""GAP-1166"", ""GAP-1167"", ""GAP-1168"", ""GAP-1169"", ""GAP-1170"", ""GAP-1171"", ""GAP-1172"", ""GAP-1173"", ""GAP-1174"", ""GAP-1175"", ""GAP-1176"", ""GAP-1177"", ""GAP-1180"", ""GAP-1182"", ""GAP-1183"", ""GAP-1184"", ""GAP-1185"", ""GAP-1186"", ""GAP-1187"", ""GAP-1188"", ""GAP-1189"", ""GAP-1190"", ""GAP-1191"", ""GAP-1192"", ""GAP-1193"", ""GAP-1194"", ""GAP-1195"", ""GAP-1196"", ""GAP-1197"", ""GAP-1198"", ""GAP-1199"", ""GAP-1200"", ""GAP-1201"", ""GAP-1202"", ""GAP-1203"", ""GAP-1204"", ""GAP-1205"", ""GAP-1206"", ""GAP-1207"", ""GAP-1208"", ""GAP-1209"", ""GAP-1210"", ""GAP-1211"", ""GAP-1212"", ""GAP-1213"", ""GAP-1216"", ""GAP-1218"", ""GAP-1219"", ""GAP-1220"", ""GAP-1221"", ""GAP-1222"", ""GAP-1223"", ""GAP-1224"", ""GAP-1225"", ""GAP-1226"", ""GAP-1227"", ""GAP-1228"", ""GAP-1229"", ""GAP-1230"", ""GAP-1231"", ""GAP-1232"", ""GAP-1233"", ""GAP-1234"", ""GAP-1235"", ""GAP-1236"", ""GAP-1237"", ""GAP-1238"", ""GAP-1239"", ""GAP-1240"", ""GAP-1241"", ""GAP-1242"", ""GAP-1243"", ""GAP-1244"", ""GAP-1245"", ""GAP-1246"", ""GAP-1247"", ""GAP-1248"", ""GAP-1249"", ""GAP-1250"", ""GAP-1251"", ""GAP-1254"", ""GAP-1255"", ""GAP-2736"", ""GAP-2737"", ""GAP-2739"", ""GAP-2740"", ""GAP-2742"", ""GAP-2743"", ""GAP-2744"", ""GAP-2745"", ""GAP-2746"", ""GAP-2747"", ""GAP-2748"", ""GAP-2749"", ""GAP-2755"", ""GAP-2756"", ""GAP-2757"", ""GAP-2758"", ""GAP-2759"", ""GAP-2760"", ""GAP-2761"", ""GAP-2762"", ""GAP-2763"", ""GAP-2764"", ""GAP-2767"", ""GAP-2768"", ""GAP-2772"", ""GAP-2773"", ""GAP-2775"", ""GAP-2776"", ""GAP-2778"", ""GAP-2779"", ""GAP-2780"", ""GAP-2781"", ""GAP-2782"", ""GAP-2783"", ""GAP-2784"", ""GAP-2785"", ""GAP-2789"", ""GAP-2790"", ""GAP-2791"", ""GAP-2792"", ""GAP-2793"", ""GAP-2794"", ""GAP-2797"", ""GAP-2798"", ""GAP-2799"", ""GAP-2800"", ""GAP-2801"", ""GAP-2802"", ""GAP-2803"", ""GAP-2804"", ""GAP-2805"", ""GAP-2806"", ""GAP-2809"", ""GAP-2810"", ""GAP-2814"", ""GAP-2815"", ""GAP-2817"", ""GAP-2818"", ""GAP-2820"", ""GAP-2821"", ""GAP-2822"", ""GAP-2823"", ""GAP-2824"", ""GAP-2825"", ""GAP-2826"", ""GAP-2827"", ""GAP-2831"", ""GAP-2832"", ""GAP-2833"", ""GAP-2834"", ""GAP-2835"", ""GAP-2836"", ""GAP-2837"", ""GAP-2838"", ""GAP-2839"", ""GAP-2840"", ""GAP-2841"", ""GAP-2842"", ""GAP-2843"", ""GAP-2844"", ""GAP-2845"", ""GAP-2846"", ""GAP-2847"", ""GAP-2848"", ""GAP-2851"", ""GAP-2852"", ""GAP-2853"", ""GAP-2854"", ""GAP-2855"", ""GAP-2856"", ""GAP-2857"", ""GAP-2858"", ""GAP-2859"", ""GAP-2860"", ""GAP-2863"", ""GAP-2864""]",Observed source→authored/resolved-catalog mechanism. Original author intent or development process not inferred.,TIER_COMPONENT_COMPOSITION
CATALOG_AUTHORING / TYPE_SPECIFIC_OMISSIONS,"[""Snøscooter"", ""Campingvogn"", ""Tilhenger""]","[""frende""]","Typebestemt skjelett over felles kjøretøyvilkår har dekning/geografi/utstyr, men mangler felles rettshjelp-dimensjoner og uttrykkelige snøscooter-/campingvognregler. Valgfri førerulykke mangler også som komponent.","lib/vehicle-object-catalog.ts:152–174; Frende fullvilkår11.6,11.11,12,14 og typeegne HTML-matriser. Ingen availableAddOns for disse produktene i runtime.",RB-03,SMALL_CODE,SCRC-004,"[""[\""frende\"",\""campingvogn\"",\""ordinary\"",\""frende-campingvogn-brann-og-tyveri\"",\""2026-01-01\""]"", ""[\""frende\"",\""campingvogn\"",\""ordinary\"",\""frende-campingvogn-kasko\"",\""2026-01-01\""]"", ""[\""frende\"",\""snøscooter\"",\""ordinary\"",\""frende-snoscooter-ansvar\"",\""2026-01-01\""]"", ""[\""frende\"",\""snøscooter\"",\""ordinary\"",\""frende-snoscooter-brann-og-tyveri\"",\""2026-01-01\""]"", ""[\""frende\"",\""snøscooter\"",\""ordinary\"",\""frende-snoscooter-kasko\"",\""2026-01-01\""]"", ""[\""frende\"",\""tilhenger\"",\""ordinary\"",\""frende-tilhenger-brann-og-tyveri\"",\""2026-01-01\""]"", ""[\""frende\"",\""tilhenger\"",\""ordinary\"",\""frende-tilhenger-kasko\"",\""2026-01-01\""]""]",27,12,16,11,False,HIGH for observed omission location; MEDIUM for systemic explanation,False,ADDON,DATA_PLUS_OPTIONAL_COMPONENT,"[""GAP-0099"", ""GAP-0100"", ""GAP-0101"", ""GAP-0104"", ""GAP-0105"", ""GAP-0106"", ""GAP-0107"", ""GAP-0108"", ""GAP-0112"", ""GAP-0113"", ""GAP-0116"", ""GAP-0117"", ""GAP-0118"", ""GAP-0119"", ""GAP-0122"", ""GAP-0123""]",Observed source→authored/resolved-catalog mechanism. Original author intent or development process not inferred.,TIER_COMPONENT_COMPOSITION
CATALOG_AUTHORING / SECONDARY_CONDITIONS,"[""Bil"", ""Innbo"", ""MC"", ""Bobil""]","[""tryg""]","Kontrollerte hovedmekanismer er riktige, men enkelte uttrykkelige egenandels-/oppgjørs-/tjenesteregler finnes bare i lokale fullvilkår. Årsak utover utelatte katalograder er ikke bevist.",Runtime catalog.json eksakte produkter; Tryg Kasko/Ekstra/Innbo kildepunkt i hver finding. Ikke dokumentert engine-tap.,RB-04,DATA_ONLY,SCRC-005,"[""[\""tryg\"",\""bil\"",\""ordinary\"",\""bil-kasko\"",\""PAU25205\""]"", ""[\""tryg\"",\""bobil\"",\""ordinary\"",\""tryg-bobil-bobil-ekstra\"",\""2026-07-01\""]"", ""[\""tryg\"",\""bobil\"",\""ordinary\"",\""tryg-bobil-kasko\"",\""2026-01-01\""]"", ""[\""tryg\"",\""innbo\"",\""ordinary\"",\""tryg-innbo\"",\""2026-07-01\""]"", ""[\""tryg\"",\""innbo\"",\""ordinary\"",\""tryg-innbo-ekstra\"",\""2026-07-01\""]"", ""[\""tryg\"",\""mc\"",\""ordinary\"",\""tryg-mc-kasko\"",\""2026-07-01\""]"", ""[\""tryg\"",\""mc\"",\""ordinary\"",\""tryg-mc-mc-ekstra\"",\""2026-07-01\""]""]",13,8,2,11,False,HIGH for observed omission location; MEDIUM for systemic explanation,False,CATALOG_DATA_ONLY,DATA_OR_SMALL_DETAIL_EXTENSION,"[""GAP-0127"", ""GAP-0129""]",Observed source→authored/resolved-catalog mechanism. Original author intent or development process not inferred.,SOURCE_TO_CATALOG_DIMENSION_OMISSION
CATALOG_AUTHORING / SCOPED_RULE_OMISSION,"[""MC"", ""Bobil""]","[""fremtind""]",MC Mini/Kasko-radsett utelater uttrykkelig MC-nyverdi fra felles vilkår; Bobil Topp henviser til startleieregel uten innhold og utelater egne mindre tilleggsytelser. Scope er bevart; ingen kanal-sammenblanding påvist.,"lib/mc-bobil-fremtind-frende-catalog.ts:367–390,404–424; fremtind-mc-terms.pdf6/3.3.1,8/2; fremtind-bobil-topp.pdf9–10.",RB-05,DATA_ONLY,SCRC-006,"[""[\""fremtind\"",\""bobil\"",\""ordinary-dnb\"",\""fremtind-bobil-topp\"",\""2025-09-18\""]"", ""[\""fremtind\"",\""mc\"",\""ordinary-sparebank1\"",\""fremtind-mc-kasko\"",null]""]",5,5,2,3,False,HIGH for observed omission location; MEDIUM for systemic explanation,False,CATALOG_DATA_ONLY,MOSTLY_DATA_ONLY,"[""GAP-0131"", ""GAP-0133""]",Observed source→authored/resolved-catalog mechanism. Original author intent or development process not inferred.,SOURCE_TO_CATALOG_DIMENSION_OMISSION
CATALOG_DATA_ONLY,"[""Hund"", ""Katt""]","[""storebrand""]","Storebrand Hund/Katt er håndskrevet som veterinærbasens tre facts pluss opphørsalder og et kort dødsfallssett. Dyr04s detaljerte veterinær-, forsvinnings- og brukstapsregler er ikke ført inn. Kombinasjonsproduktet gjentar samme begrensede rader; runtime mister dem ikke.","lib/boat-pet-catalog.ts:117–121,132–139; lib/boat-pet-catalog-builder.ts:38–69; exact runtime snapshot; Dyr04 B.3–B.5 og E.",RB-06,SMALL_CODE,SCRC-007,"[""[\""storebrand\"",\""hund\"",\""ordinary\"",\""storebrand-hund-d-dsfall\"",\""2025-02-01\""]"", ""[\""storebrand\"",\""hund\"",\""ordinary\"",\""storebrand-hund-veterin-r\"",\""2025-02-01\""]"", ""[\""storebrand\"",\""hund\"",\""ordinary\"",\""storebrand-hund-veterin-r-og-d-dsfall\"",\""2025-02-01\""]"", ""[\""storebrand\"",\""katt\"",\""ordinary\"",\""storebrand-katt-d-dsfall\"",\""2025-02-01\""]"", ""[\""storebrand\"",\""katt\"",\""ordinary\"",\""storebrand-katt-veterin-r\"",\""2025-02-01\""]"", ""[\""storebrand\"",\""katt\"",\""ordinary\"",\""storebrand-katt-veterin-r-og-d-dsfall\"",\""2025-02-01\""]""]",138,67,106,32,False,HIGH for observed omission location; causal authoring process not inferred,False,CATALOG_DATA_ONLY,SMALL_CODE,"[""GAP-0136"", ""GAP-0137"", ""GAP-0138"", ""GAP-0139"", ""GAP-0140"", ""GAP-0141"", ""GAP-0142"", ""GAP-0143"", ""GAP-0144"", ""GAP-0145"", ""GAP-0146"", ""GAP-0147"", ""GAP-0148"", ""GAP-0149"", ""GAP-0150"", ""GAP-0152"", ""GAP-0153"", ""GAP-0154"", ""GAP-0156"", ""GAP-0157"", ""GAP-0158"", ""GAP-0165"", ""GAP-0166"", ""GAP-0167"", ""GAP-0168"", ""GAP-0169"", ""GAP-0170"", ""GAP-0171"", ""GAP-0172"", ""GAP-0173"", ""GAP-0174"", ""GAP-0175"", ""GAP-0176"", ""GAP-0177"", ""GAP-0179"", ""GAP-0180"", ""GAP-0181"", ""GAP-0183"", ""GAP-0184"", ""GAP-0185"", ""GAP-0189"", ""GAP-0192"", ""GAP-0193"", ""GAP-0194"", ""GAP-0195"", ""GAP-0196"", ""GAP-0197"", ""GAP-0198"", ""GAP-0199"", ""GAP-0201"", ""GAP-0202"", ""GAP-0203"", ""GAP-0204"", ""GAP-0205"", ""GAP-0206"", ""GAP-0207"", ""GAP-0208"", ""GAP-0209"", ""GAP-0210"", ""GAP-0211"", ""GAP-0212"", ""GAP-0213"", ""GAP-0214"", ""GAP-0215"", ""GAP-0216"", ""GAP-0217"", ""GAP-0219"", ""GAP-0220"", ""GAP-0221"", ""GAP-0223"", ""GAP-0224"", ""GAP-0225"", ""GAP-0230"", ""GAP-0231"", ""GAP-0232"", ""GAP-0233"", ""GAP-0234"", ""GAP-0237"", ""GAP-0238"", ""GAP-0239"", ""GAP-0240"", ""GAP-0241"", ""GAP-0243"", ""GAP-0244"", ""GAP-0245"", ""GAP-0246"", ""GAP-0247"", ""GAP-0248"", ""GAP-0249"", ""GAP-0250"", ""GAP-0251"", ""GAP-0252"", ""GAP-0253"", ""GAP-0254"", ""GAP-0255"", ""GAP-0256"", ""GAP-0257"", ""GAP-0259"", ""GAP-0260"", ""GAP-0261"", ""GAP-0263"", ""GAP-0264"", ""GAP-0265"", ""GAP-0269"", ""GAP-0270"", ""GAP-0271""]",Observed source→authored/resolved-catalog mechanism. Original author intent or development process not inferred.,SOURCE_TO_CATALOG_DIMENSION_OMISSION
CATALOG_DATA_ONLY,"[""Innbo""]","[""frende""]","Frende Innbo har et rikt og stort sett kildekorrekt radsett, men utelater enkelte standardhendelser, oppgjørsregler og konkrete vilkår bak generelle referanser. Uhell modellerer objektunntak, men ikke skadeårsaksunntak. Ingen runtime-tap av allerede definerte facts funnet.","lib/frende-innbo-catalog.ts:57–124; kilde 5.1–5.3,6.3–6.7,7.3,8–11; alle56base+7addonfacts semantisk kontrollert.",RB-07,SMALL_CODE,SCRC-008,"[""[\""frende\"",\""innbo\"",\""ordinary\"",\""frende-innbo-standard\"",\""2026-09-01\""]""]",20,20,10,10,False,HIGH for observed omission location; causal authoring process not inferred,False,CATALOG_DATA_ONLY,SMALL_CODE,"[""GAP-0275"", ""GAP-0277"", ""GAP-0278"", ""GAP-0280"", ""GAP-0282"", ""GAP-0283"", ""GAP-0284"", ""GAP-0286"", ""GAP-0287"", ""GAP-0288""]",Observed source→authored/resolved-catalog mechanism. Original author intent or development process not inferred.,SOURCE_TO_CATALOG_DIMENSION_OMISSION
CATALOG_DATA_ONLY,"[""Hus""]","[""frende""]","Frende Hus har detaljert og stort sett korrekt basemodell. Enkelte oppgjørsvilkår, indeksprisstigning/egenbrukstap og konkrete unntak er ikke representert; dette er utelatte forfatterrader, ikke tap i inheritance. Aldersfradragets årsaksbegrensning finnes allerede i structuredValue, og materialunntaket i label; de er IKKE katalogmangler.","lib/frende-hus-catalog.ts:24–35,37–96,98–135; alle base-/inherited-/addonfactfelter inkl structuredValue/label kontrollert.",RB-08,SMALL_CODE,SCRC-009,"[""[\""frende\"",\""bolig\"",\""ordinary\"",\""frende-hus-standard\"",\""2026-09-01\""]"", ""[\""frende\"",\""bolig\"",\""ordinary\"",\""frende-hus-utvidet\"",\""2026-09-01\""]""]",31,16,15,16,False,HIGH for observed omission location; causal authoring process not inferred,False,CATALOG_DATA_ONLY,SMALL_CODE,"[""GAP-0295"", ""GAP-0296"", ""GAP-0297"", ""GAP-0298"", ""GAP-0299"", ""GAP-0302"", ""GAP-0304"", ""GAP-0310"", ""GAP-0311"", ""GAP-0312"", ""GAP-0313"", ""GAP-0314"", ""GAP-0317"", ""GAP-0319"", ""GAP-0320""]",Observed source→authored/resolved-catalog mechanism. Original author intent or development process not inferred.,SOURCE_TO_CATALOG_DIMENSION_OMISSION
CATALOG_DATA_ONLY,"[""Reise""]","[""frende""]","Frende Reise har en omfattende base, men enkelte eksplisitte avgrensninger og sekundærytelser er utelatt fra forfatterradene: blant annet familiekrav, avbestillingsvilkår, reisesykeunntak, innhenting av reiserute og dødsbegunstigelse. Ingen bevis for tap i motoren.","lib/frende-reise-catalog.ts:11–73: samtlige55 resolvedfacts,ingenaddons, allefullfelt og services inspisert mot56uavhengige kilderegler.",RB-09,DATA_ONLY,SCRC-010,"[""[\""frende\"",\""reise\"",\""ordinary\"",\""frende-reiseforsikring\"",\""2026-03-01\""]""]",22,22,12,10,False,HIGH for observed omission location; causal authoring process not inferred,False,CATALOG_DATA_ONLY,DATA_ONLY,"[""GAP-0325"", ""GAP-0326"", ""GAP-0328"", ""GAP-0329"", ""GAP-0331"", ""GAP-0333"", ""GAP-0334"", ""GAP-0335"", ""GAP-0336"", ""GAP-0340"", ""GAP-0341"", ""GAP-0342""]",Observed source→authored/resolved-catalog mechanism. Original author intent or development process not inferred.,SOURCE_TO_CATALOG_DIMENSION_OMISSION
CATALOG_DATA_ONLY,"[""Bil"", ""Bobil"", ""Campingvogn"", ""MC"", ""Snøscooter"", ""Tilhenger""]","[""storebrand""]","Storebrands identiske motor09-kilde er manuelt avkortet forskjellig i Bil, MC/Bobil og Snøscooter. Storebrand Bil bevarer flere detaljer enn de nyere typekatalogene; Snøscooter har bare3–7facts. Samme fullvilkår dokumenterer flere summer, egenandeler, vilkår og tilleggsytelser. Ingen bevis for runtime/inheritance-tap. Campingvogn/Tilhenger i samme vehicle-object-katalogfunksjon bevarer korte hoveddekninger, men utelater konkrete camp02-dimensjoner. Kildekonflikter skilles fra påviste utelatelser.",lib/storebrand-catalog.ts:31–124;lib/mc-bobil-gjensidige-storebrand-catalog.ts:367–452;lib/vehicle-object-catalog.ts:176–194. 152unique fullfactcontents reviewed with exact product applicability. camp02: 38 source-first regler sammenholdt med alle 53 basefacts i fem eksakte produkter; ingen tilleggskomponenter tilgjengelige.,RB-10,SMALL_CODE,SCRC-011,"[""[\""storebrand\"",\""bil\"",\""ordinary\"",\""sb-bil-ansvar\"",\""motor09\""]"", ""[\""storebrand\"",\""bil\"",\""ordinary\"",\""sb-bil-delkasko\"",\""motor09\""]"", ""[\""storebrand\"",\""bil\"",\""ordinary\"",\""sb-bil-kasko\"",\""motor09\""]"", ""[\""storebrand\"",\""bil\"",\""ordinary\"",\""sb-bil-super\"",\""motor09\""]"", ""[\""storebrand\"",\""bobil\"",\""ordinary\"",\""storebrand-bobil-ansvar\"",\""motor09\""]"", ""[\""storebrand\"",\""bobil\"",\""ordinary\"",\""storebrand-bobil-delkasko\"",\""motor09\""]"", ""[\""storebrand\"",\""bobil\"",\""ordinary\"",\""storebrand-bobil-kasko\"",\""motor09\""]"", ""[\""storebrand\"",\""bobil\"",\""ordinary\"",\""storebrand-bobil-super\"",\""motor09\""]"", ""[\""storebrand\"",\""campingvogn\"",\""ordinary\"",\""storebrand-campingvogn-brann-og-tyveri\"",\""2026-03-01\""]"", ""[\""storebrand\"",\""campingvogn\"",\""ordinary\"",\""storebrand-campingvogn-kasko\"",\""2026-03-01\""]"", ""[\""storebrand\"",\""campingvogn\"",\""ordinary\"",\""storebrand-campingvogn-super\"",\""2026-03-01\""]"", ""[\""storebrand\"",\""mc\"",\""ordinary\"",\""storebrand-mc-ansvar\"",\""motor09\""]"", ""[\""storebrand\"",\""mc\"",\""ordinary\"",\""storebrand-mc-delkasko\"",\""motor09\""]"", ""[\""storebrand\"",\""mc\"",\""ordinary\"",\""storebrand-mc-kasko\"",\""motor09\""]"", ""[\""storebrand\"",\""snøscooter\"",\""ordinary\"",\""storebrand-snoscooter-ansvar\"",\""2025-04-01\""]"", ""[\""storebrand\"",\""snøscooter\"",\""ordinary\"",\""storebrand-snoscooter-delkasko\"",\""2025-04-01\""]"", ""[\""storebrand\"",\""snøscooter\"",\""ordinary\"",\""storebrand-snoscooter-kasko\"",\""2025-04-01\""]"", ""[\""storebrand\"",\""tilhenger\"",\""ordinary\"",\""storebrand-tilhenger-brann-og-tyveri\"",\""2026-03-01\""]"", ""[\""storebrand\"",\""tilhenger\"",\""ordinary\"",\""storebrand-tilhenger-kasko\"",\""2026-03-01\""]""]",498,189,382,116,False,HIGH for observed omission location; causal authoring process not inferred,False,CATALOG_DATA_ONLY,SMALL_CODE,"[""GAP-0347"", ""GAP-0348"", ""GAP-0351"", ""GAP-0352"", ""GAP-0354"", ""GAP-0355"", ""GAP-0356"", ""GAP-0358"", ""GAP-0359"", ""GAP-0362"", ""GAP-0363"", ""GAP-0364"", ""GAP-0365"", ""GAP-0367"", ""GAP-0368"", ""GAP-0369"", ""GAP-0370"", ""GAP-0375"", ""GAP-0376"", ""GAP-0378"", ""GAP-0379"", ""GAP-0380"", ""GAP-0382"", ""GAP-0383"", ""GAP-0385"", ""GAP-0387"", ""GAP-0388"", ""GAP-0389"", ""GAP-0390"", ""GAP-0392"", ""GAP-0393"", ""GAP-0394"", ""GAP-0395"", ""GAP-0396"", ""GAP-0397"", ""GAP-0398"", ""GAP-0399"", ""GAP-0400"", ""GAP-0401"", ""GAP-0402"", ""GAP-0403"", ""GAP-0404"", ""GAP-0405"", ""GAP-0406"", ""GAP-0407"", ""GAP-0408"", ""GAP-0409"", ""GAP-0414"", ""GAP-0415"", ""GAP-0417"", ""GAP-0418"", ""GAP-0419"", ""GAP-0421"", ""GAP-0422"", ""GAP-0424"", ""GAP-0426"", ""GAP-0427"", ""GAP-0428"", ""GAP-0429"", ""GAP-0431"", ""GAP-0432"", ""GAP-0433"", ""GAP-0434"", ""GAP-0435"", ""GAP-0436"", ""GAP-0437"", ""GAP-0438"", ""GAP-0439"", ""GAP-0440"", ""GAP-0441"", ""GAP-0442"", ""GAP-0443"", ""GAP-0444"", ""GAP-0445"", ""GAP-0446"", ""GAP-0447"", ""GAP-0448"", ""GAP-0449"", ""GAP-0450"", ""GAP-0451"", ""GAP-0452"", ""GAP-0453"", ""GAP-0454"", ""GAP-0459"", ""GAP-0460"", ""GAP-0462"", ""GAP-0463"", ""GAP-0464"", ""GAP-0465"", ""GAP-0467"", ""GAP-0468"", ""GAP-0469"", ""GAP-0470"", ""GAP-0473"", ""GAP-0474"", ""GAP-0476"", ""GAP-0477"", ""GAP-0478"", ""GAP-0479"", ""GAP-0481"", ""GAP-0482"", ""GAP-0483"", ""GAP-0484"", ""GAP-0485"", ""GAP-0486"", ""GAP-0487"", ""GAP-0489"", ""GAP-0490"", ""GAP-0491"", ""GAP-0492"", ""GAP-0493"", ""GAP-0494"", ""GAP-0495"", ""GAP-0496"", ""GAP-0497"", ""GAP-0499"", ""GAP-0502"", ""GAP-0503"", ""GAP-0505"", ""GAP-0506"", ""GAP-0507"", ""GAP-0508"", ""GAP-0510"", ""GAP-0511"", ""GAP-0512"", ""GAP-0513"", ""GAP-0514"", ""GAP-0515"", ""GAP-0516"", ""GAP-0518"", ""GAP-0519"", ""GAP-0520"", ""GAP-0521"", ""GAP-0522"", ""GAP-0523"", ""GAP-0524"", ""GAP-0525"", ""GAP-0526"", ""GAP-0527"", ""GAP-0528"", ""GAP-0530"", ""GAP-0533"", ""GAP-0534"", ""GAP-0536"", ""GAP-0537"", ""GAP-0538"", ""GAP-0539"", ""GAP-0541"", ""GAP-0542"", ""GAP-0543"", ""GAP-0546"", ""GAP-0547"", ""GAP-0549"", ""GAP-0550"", ""GAP-0551"", ""GAP-0552"", ""GAP-0554"", ""GAP-0556"", ""GAP-0557"", ""GAP-0558"", ""GAP-0559"", ""GAP-0560"", ""GAP-0562"", ""GAP-0563"", ""GAP-0564"", ""GAP-0566"", ""GAP-0567"", ""GAP-0568"", ""GAP-0570"", ""GAP-0573"", ""GAP-0574"", ""GAP-0576"", ""GAP-0577"", ""GAP-0578"", ""GAP-0579"", ""GAP-0581"", ""GAP-0583"", ""GAP-0584"", ""GAP-0585"", ""GAP-0586"", ""GAP-0587"", ""GAP-0589"", ""GAP-0590"", ""GAP-0591"", ""GAP-0593"", ""GAP-0594"", ""GAP-0595"", ""GAP-0596"", ""GAP-0598"", ""GAP-0601"", ""GAP-0602"", ""GAP-0604"", ""GAP-0605"", ""GAP-0606"", ""GAP-0607"", ""GAP-0609"", ""GAP-0611"", ""GAP-0612"", ""GAP-0613"", ""GAP-0616"", ""GAP-0617"", ""GAP-0619"", ""GAP-0620"", ""GAP-0621"", ""GAP-0623"", ""GAP-0624"", ""GAP-0625"", ""GAP-0626"", ""GAP-0627"", ""GAP-0630"", ""GAP-0631"", ""GAP-0632"", ""GAP-0633"", ""GAP-0635"", ""GAP-0636"", ""GAP-0637"", ""GAP-0641"", ""GAP-0642"", ""GAP-0644"", ""GAP-0645"", ""GAP-0646"", ""GAP-0648"", ""GAP-0649"", ""GAP-0650"", ""GAP-0651"", ""GAP-0652"", ""GAP-0655"", ""GAP-0656"", ""GAP-0657"", ""GAP-0658"", ""GAP-0660"", ""GAP-0661"", ""GAP-0662"", ""GAP-0663"", ""GAP-0664"", ""GAP-0665"", ""GAP-0666"", ""GAP-0667"", ""GAP-0668"", ""GAP-0669"", ""GAP-0670"", ""GAP-0671"", ""GAP-0672"", ""GAP-0673"", ""GAP-0674"", ""GAP-0675"", ""GAP-0679"", ""GAP-0680"", ""GAP-0682"", ""GAP-0683"", ""GAP-0684"", ""GAP-0686"", ""GAP-0687"", ""GAP-0688"", ""GAP-0689"", ""GAP-0690"", ""GAP-0693"", ""GAP-0694"", ""GAP-0695"", ""GAP-0696"", ""GAP-0698"", ""GAP-0699"", ""GAP-0700"", ""GAP-0701"", ""GAP-0702"", ""GAP-0703"", ""GAP-0704"", ""GAP-0705"", ""GAP-0706"", ""GAP-0707"", ""GAP-0708"", ""GAP-0709"", ""GAP-0710"", ""GAP-0711"", ""GAP-0712"", ""GAP-0713"", ""GAP-0714"", ""GAP-0715"", ""GAP-0716"", ""GAP-0717"", ""GAP-0718"", ""GAP-0719"", ""GAP-0723"", ""GAP-0724"", ""GAP-0726"", ""GAP-0727"", ""GAP-0728"", ""GAP-0729"", ""GAP-0731"", ""GAP-0732"", ""GAP-0733"", ""GAP-0734"", ""GAP-0735"", ""GAP-0736"", ""GAP-0737"", ""GAP-0739"", ""GAP-0740"", ""GAP-0741"", ""GAP-0742"", ""GAP-0743"", ""GAP-0744"", ""GAP-0745"", ""GAP-0748"", ""GAP-0749"", ""GAP-0750"", ""GAP-0751"", ""GAP-0752"", ""GAP-0753"", ""GAP-0755"", ""GAP-0756"", ""GAP-0757"", ""GAP-0758"", ""GAP-0759"", ""GAP-0760"", ""GAP-0761"", ""GAP-0763"", ""GAP-0764"", ""GAP-0765"", ""GAP-0766"", ""GAP-0767"", ""GAP-0768"", ""GAP-0769"", ""GAP-0770"", ""GAP-0773"", ""GAP-0774"", ""GAP-0775"", ""GAP-0776"", ""GAP-0777"", ""GAP-0778"", ""GAP-0780"", ""GAP-0781"", ""GAP-0782"", ""GAP-0783"", ""GAP-0784"", ""GAP-0785"", ""GAP-0787"", ""GAP-0788"", ""GAP-0789"", ""GAP-0790"", ""GAP-0791"", ""GAP-0792"", ""GAP-0793"", ""GAP-0794"", ""GAP-0795"", ""GAP-0798"", ""GAP-0799"", ""GAP-0800"", ""GAP-0801"", ""GAP-0802"", ""GAP-0803"", ""GAP-0805"", ""GAP-0806"", ""GAP-0807"", ""GAP-0808"", ""GAP-0810"", ""GAP-0811"", ""GAP-0812"", ""GAP-0813"", ""GAP-0814"", ""GAP-0817"", ""GAP-0818"", ""GAP-0819"", ""GAP-0820"", ""GAP-0821"", ""GAP-0822"", ""GAP-0824"", ""GAP-0825"", ""GAP-0826"", ""GAP-0827"", ""GAP-0829"", ""GAP-0830"", ""GAP-0831"", ""GAP-0832"", ""GAP-0833"", ""GAP-0834"", ""GAP-0837"", ""GAP-0838"", ""GAP-0839"", ""GAP-0840"", ""GAP-0841"", ""GAP-5697"", ""GAP-5698""]",Observed source→authored/resolved-catalog mechanism. Original author intent or development process not inferred.,SOURCE_TO_CATALOG_DIMENSION_OMISSION
CATALOG_DATA_ONLY,"[""Innbo""]","[""storebrand""]","Storebrand Innbo innbo09-radene lagrer mange beløp, men utelater konkrete grensevilkår, aldersfradrag og enkelte egne ytelser. Manglene finnes i kilde-til-katalogforfattingen, ikke ved tap av resolverte facts.",lib/storebrand-innbo-catalog.ts:47–124;81 independent source rules versus72unique full catalog claims;30pfullterms+2pIPID+general11.,RB-11,DATA_ONLY,SCRC-012,"[""[\""storebrand\"",\""innbo\"",\""ordinary\"",\""sb-innbo-standard\"",\""innbo09\""]"", ""[\""storebrand\"",\""innbo\"",\""ordinary\"",\""sb-innbo-super\"",\""innbo09\""]""]",101,55,81,20,False,HIGH for observed omission location; causal authoring process not inferred,False,CATALOG_DATA_ONLY,DATA_ONLY,"[""GAP-0842"", ""GAP-0843"", ""GAP-0844"", ""GAP-0845"", ""GAP-0850"", ""GAP-0851"", ""GAP-0852"", ""GAP-0853"", ""GAP-0854"", ""GAP-0855"", ""GAP-0856"", ""GAP-0857"", ""GAP-0858"", ""GAP-0859"", ""GAP-0861"", ""GAP-0862"", ""GAP-0863"", ""GAP-0864"", ""GAP-0865"", ""GAP-0866"", ""GAP-0867"", ""GAP-0868"", ""GAP-0870"", ""GAP-0873"", ""GAP-0875"", ""GAP-0877"", ""GAP-0878"", ""GAP-0879"", ""GAP-0880"", ""GAP-0881"", ""GAP-0882"", ""GAP-0883"", ""GAP-0884"", ""GAP-0885"", ""GAP-0886"", ""GAP-0887"", ""GAP-0888"", ""GAP-0889"", ""GAP-0890"", ""GAP-0891"", ""GAP-0896"", ""GAP-0897"", ""GAP-0898"", ""GAP-0899"", ""GAP-0900"", ""GAP-0901"", ""GAP-0902"", ""GAP-0903"", ""GAP-0904"", ""GAP-0905"", ""GAP-0907"", ""GAP-0908"", ""GAP-0909"", ""GAP-0910"", ""GAP-0911"", ""GAP-0912"", ""GAP-0913"", ""GAP-0914"", ""GAP-0916"", ""GAP-0919"", ""GAP-0921"", ""GAP-0923"", ""GAP-0924"", ""GAP-0925"", ""GAP-0926"", ""GAP-0927"", ""GAP-0928"", ""GAP-0929"", ""GAP-0930"", ""GAP-0932"", ""GAP-0933"", ""GAP-0934"", ""GAP-0935"", ""GAP-0936"", ""GAP-0937"", ""GAP-0938"", ""GAP-0939"", ""GAP-0940"", ""GAP-0941"", ""GAP-0942"", ""GAP-0943""]",Observed source→authored/resolved-catalog mechanism. Original author intent or development process not inferred.,SOURCE_TO_CATALOG_DIMENSION_OMISSION
CATALOG_DATA_ONLY,"[""Innbo""]","[""storebrand""]","Flytting i Storebrand Innbo Super har en eksplisitt grense50000pergjenstand i katalogen som ikke støttes av den komplette lokale innbo09-pakken. Feilen er i katalogens tallpåstand, ikke comparison.",lib/storebrand-innbo-catalog.ts:115;innbo09C.1.5p20+C.1.2p18;IPIDandgeneralchecked;visualpage20checked.,RB-11,DATA_ONLY,SCRC-013,"[""[\""storebrand\"",\""innbo\"",\""ordinary\"",\""sb-innbo-super\"",\""innbo09\""]""]",1,1,1,0,False,HIGH for observed omission location; causal authoring process not inferred,False,CATALOG_DATA_ONLY,DATA_ONLY,"[""GAP-0931""]",Observed source→authored/resolved-catalog mechanism. Original author intent or development process not inferred.,UNSUPPORTED_EXACT_CLAIM_OR_SCOPE
CATALOG_DATA_ONLY,"[""Hus""]","[""storebrand""]",Storebrand Hus HUS10/UTLEI03 har detaljert lokal dokumentasjon som delvis er utelatt eller grovere i håndskrevne katalogfacts; aldersfradrag for utvendige rør mangler materialavgrensning. Kildemotstrid behandles separat.,lib/storebrand-hus-catalog.ts;83 source-first rules from49pHUS10+9pUTLEI03+2pIPID+HTML+shared11pgeneral;56/57resolvedbasefacts and6optionalclaims inspected.,RB-12,DATA_ONLY,SCRC-014,"[""[\""storebrand\"",\""bolig\"",\""ordinary\"",\""storebrand-hus-standard\"",\""2025-08-15\""]"", ""[\""storebrand\"",\""bolig\"",\""ordinary\"",\""storebrand-hus-super\"",\""2025-08-15\""]""]",102,55,90,12,False,HIGH for observed omission location; causal authoring process not inferred,False,CATALOG_DATA_ONLY,DATA_ONLY,"[""GAP-0945"", ""GAP-0946"", ""GAP-0947"", ""GAP-0948"", ""GAP-0949"", ""GAP-0950"", ""GAP-0951"", ""GAP-0952"", ""GAP-0953"", ""GAP-0954"", ""GAP-0955"", ""GAP-0956"", ""GAP-0957"", ""GAP-0958"", ""GAP-0959"", ""GAP-0960"", ""GAP-0961"", ""GAP-0962"", ""GAP-0963"", ""GAP-0964"", ""GAP-0965"", ""GAP-0966"", ""GAP-0967"", ""GAP-0969"", ""GAP-0970"", ""GAP-0972"", ""GAP-0974"", ""GAP-0976"", ""GAP-0977"", ""GAP-0978"", ""GAP-0979"", ""GAP-0980"", ""GAP-0981"", ""GAP-0982"", ""GAP-0983"", ""GAP-0984"", ""GAP-0985"", ""GAP-0986"", ""GAP-0987"", ""GAP-0988"", ""GAP-0989"", ""GAP-0991"", ""GAP-0992"", ""GAP-0993"", ""GAP-0994"", ""GAP-0995"", ""GAP-0996"", ""GAP-0997"", ""GAP-0998"", ""GAP-0999"", ""GAP-1000"", ""GAP-1001"", ""GAP-1002"", ""GAP-1003"", ""GAP-1004"", ""GAP-1005"", ""GAP-1006"", ""GAP-1007"", ""GAP-1008"", ""GAP-1009"", ""GAP-1010"", ""GAP-1011"", ""GAP-1012"", ""GAP-1013"", ""GAP-1015"", ""GAP-1016"", ""GAP-1018"", ""GAP-1020"", ""GAP-1022"", ""GAP-1023"", ""GAP-1024"", ""GAP-1025"", ""GAP-1026"", ""GAP-1027"", ""GAP-1028"", ""GAP-1029"", ""GAP-1030"", ""GAP-1031"", ""GAP-1032"", ""GAP-1033"", ""GAP-1034"", ""GAP-1035"", ""GAP-1036"", ""GAP-1037"", ""GAP-1038"", ""GAP-1039"", ""GAP-1040"", ""GAP-1041"", ""GAP-1042"", ""GAP-1043""]",Observed source→authored/resolved-catalog mechanism. Original author intent or development process not inferred.,SOURCE_TO_CATALOG_DIMENSION_OMISSION
CATALOG_DATA_ONLY,"[""Reise""]","[""storebrand""]","Storebrand Reise reise10-katalogen er en hovedsum-/oversiktsmodell: flere selvstendige ytelser, utløsere, aldersfradrag og viktige unntak fra fullvilkåret mangler. Standard forsinkelse slår sammen fremmøte og avgang med ulik transportgrense.",lib/storebrand-reise-catalog.ts;35pterms+2pIPID+fullHTML;73sourcefirst rules; allresolvedbasefacts manually reviewed;noaddons.,RB-13,DATA_ONLY,SCRC-015,"[""[\""storebrand\"",\""reise\"",\""ordinary\"",\""storebrand-reise-standard\"",\""2026-09-20-canonical\""]"", ""[\""storebrand\"",\""reise\"",\""ordinary\"",\""storebrand-reise-super\"",\""2026-09-20-canonical\""]""]",111,60,103,8,False,HIGH for observed omission location; causal authoring process not inferred,False,CATALOG_DATA_ONLY,DATA_ONLY,"[""GAP-1044"", ""GAP-1045"", ""GAP-1046"", ""GAP-1047"", ""GAP-1048"", ""GAP-1049"", ""GAP-1050"", ""GAP-1051"", ""GAP-1052"", ""GAP-1053"", ""GAP-1054"", ""GAP-1055"", ""GAP-1056"", ""GAP-1057"", ""GAP-1058"", ""GAP-1059"", ""GAP-1060"", ""GAP-1061"", ""GAP-1062"", ""GAP-1063"", ""GAP-1064"", ""GAP-1065"", ""GAP-1067"", ""GAP-1068"", ""GAP-1069"", ""GAP-1070"", ""GAP-1071"", ""GAP-1072"", ""GAP-1073"", ""GAP-1074"", ""GAP-1075"", ""GAP-1077"", ""GAP-1078"", ""GAP-1079"", ""GAP-1080"", ""GAP-1081"", ""GAP-1082"", ""GAP-1083"", ""GAP-1084"", ""GAP-1085"", ""GAP-1086"", ""GAP-1087"", ""GAP-1088"", ""GAP-1089"", ""GAP-1090"", ""GAP-1091"", ""GAP-1092"", ""GAP-1093"", ""GAP-1096"", ""GAP-1097"", ""GAP-1098"", ""GAP-1099"", ""GAP-1100"", ""GAP-1101"", ""GAP-1102"", ""GAP-1103"", ""GAP-1104"", ""GAP-1105"", ""GAP-1106"", ""GAP-1107"", ""GAP-1108"", ""GAP-1109"", ""GAP-1110"", ""GAP-1111"", ""GAP-1112"", ""GAP-1113"", ""GAP-1114"", ""GAP-1115"", ""GAP-1116"", ""GAP-1117"", ""GAP-1119"", ""GAP-1120"", ""GAP-1121"", ""GAP-1122"", ""GAP-1123"", ""GAP-1124"", ""GAP-1125"", ""GAP-1126"", ""GAP-1127"", ""GAP-1129"", ""GAP-1130"", ""GAP-1131"", ""GAP-1132"", ""GAP-1133"", ""GAP-1134"", ""GAP-1135"", ""GAP-1136"", ""GAP-1137"", ""GAP-1138"", ""GAP-1139"", ""GAP-1140"", ""GAP-1141"", ""GAP-1142"", ""GAP-1143"", ""GAP-1144"", ""GAP-1145"", ""GAP-1146"", ""GAP-1147"", ""GAP-1148"", ""GAP-1149"", ""GAP-1150"", ""GAP-1151"", ""GAP-1152""]",Observed source→authored/resolved-catalog mechanism. Original author intent or development process not inferred.,SOURCE_TO_CATALOG_DIMENSION_OMISSION
CATALOG_DATA_ONLY,"[""Hund"", ""Katt""]","[""frende""]","Frende pet packages encode six base facts and sparse optional components; source-documented limits, diagnosis conditions, settlement restrictions and services are absent or overly broad. Exact optional dependency of Bruksverdi on Tap is expressed in prose but not component membership.",lib/boat-pet-catalog.ts Frende pet definitions;32 source-first rules; full5/4page terms +2/2pageIPID+HTML;frende-pet-addon-probe.json proves Tap alone lacks bruksverdi facts and bruksverdi alone resolves withoutTap.,RB-14,SMALL_CODE,SCRC-016,"[""[\""frende\"",\""hund\"",\""ordinary\"",\""frende-hund-veterin-r\"",\""2026-01-01\""]"", ""[\""frende\"",\""katt\"",\""ordinary\"",\""frende-katt-veterin-r\"",\""2026-01-01\""]""]",47,47,43,4,False,HIGH for observed omission location; causal authoring process not inferred,False,CATALOG_DATA_ONLY,SMALL_CODE,"[""GAP-1256"", ""GAP-1257"", ""GAP-1258"", ""GAP-1259"", ""GAP-1260"", ""GAP-1261"", ""GAP-1262"", ""GAP-1263"", ""GAP-1264"", ""GAP-1265"", ""GAP-1266"", ""GAP-1267"", ""GAP-1268"", ""GAP-1269"", ""GAP-1270"", ""GAP-1271"", ""GAP-1272"", ""GAP-1273"", ""GAP-1274"", ""GAP-1275"", ""GAP-1276"", ""GAP-1277"", ""GAP-1279"", ""GAP-1280"", ""GAP-1282"", ""GAP-1283"", ""GAP-1284"", ""GAP-1285"", ""GAP-1286"", ""GAP-1287"", ""GAP-1288"", ""GAP-1289"", ""GAP-1290"", ""GAP-1291"", ""GAP-1292"", ""GAP-1293"", ""GAP-1294"", ""GAP-1295"", ""GAP-1296"", ""GAP-1297"", ""GAP-1298"", ""GAP-1300"", ""GAP-1301""]",Observed source→authored/resolved-catalog mechanism. Original author intent or development process not inferred.,SOURCE_TO_CATALOG_DIMENSION_OMISSION
CATALOG_DATA_ONLY,"[""Bil""]","[""frende""]","Frende Bil preserves many exact limits but omits source-documented conditions, events and settlement rules. Fire/theft deductibles are attached only to Kasko despite Delkasko applicability. Parking-bonus text introduces unsupported age/police conditions and omits exact parking/time/vehicle qualifiers.",lib/frende-catalog.ts exact rows and inherited resolution; full15pterms+2pIPID+4pgeneral;61 source-first rules. No inference about authoring cause.,RB-15,DATA_ONLY,SCRC-017,"[""[\""frende\"",\""bil\"",\""ordinary\"",\""frende-bil-ansvar\"",\""2026-01-01\""]"", ""[\""frende\"",\""bil\"",\""ordinary\"",\""frende-bil-delkasko\"",\""2026-01-01\""]"", ""[\""frende\"",\""bil\"",\""ordinary\"",\""frende-bil-kasko\"",\""2026-01-01\""]"", ""[\""frende\"",\""bil\"",\""ordinary\"",\""frende-bil-utvidet\"",\""2026-01-01\""]""]",143,49,95,48,False,HIGH for observed omission location; causal authoring process not inferred,False,CATALOG_DATA_ONLY,DATA_ONLY,"[""GAP-1304"", ""GAP-1305"", ""GAP-1309"", ""GAP-1310"", ""GAP-1311"", ""GAP-1312"", ""GAP-1313"", ""GAP-1314"", ""GAP-1315"", ""GAP-1316"", ""GAP-1317"", ""GAP-1324"", ""GAP-1325"", ""GAP-1326"", ""GAP-1327"", ""GAP-1328"", ""GAP-1329"", ""GAP-1330"", ""GAP-1331"", ""GAP-1332"", ""GAP-1333"", ""GAP-1334"", ""GAP-1338"", ""GAP-1339"", ""GAP-1343"", ""GAP-1344"", ""GAP-1345"", ""GAP-1346"", ""GAP-1347"", ""GAP-1348"", ""GAP-1349"", ""GAP-1350"", ""GAP-1351"", ""GAP-1358"", ""GAP-1359"", ""GAP-1360"", ""GAP-1361"", ""GAP-1362"", ""GAP-1363"", ""GAP-1364"", ""GAP-1365"", ""GAP-1366"", ""GAP-1367"", ""GAP-1368"", ""GAP-1369"", ""GAP-1370"", ""GAP-1371"", ""GAP-1372"", ""GAP-1373"", ""GAP-1374"", ""GAP-1375"", ""GAP-1376"", ""GAP-1381"", ""GAP-1382"", ""GAP-1383"", ""GAP-1387"", ""GAP-1388"", ""GAP-1389"", ""GAP-1390"", ""GAP-1391"", ""GAP-1392"", ""GAP-1393"", ""GAP-1394"", ""GAP-1395"", ""GAP-1401"", ""GAP-1403"", ""GAP-1404"", ""GAP-1405"", ""GAP-1406"", ""GAP-1407"", ""GAP-1408"", ""GAP-1409"", ""GAP-1410"", ""GAP-1411"", ""GAP-1412"", ""GAP-1413"", ""GAP-1415"", ""GAP-1416"", ""GAP-1417"", ""GAP-1418"", ""GAP-1419"", ""GAP-1420"", ""GAP-1425"", ""GAP-1426"", ""GAP-1427"", ""GAP-1431"", ""GAP-1432"", ""GAP-1433"", ""GAP-1434"", ""GAP-1435"", ""GAP-1436"", ""GAP-1437"", ""GAP-1438"", ""GAP-1439"", ""GAP-1445""]",Observed source→authored/resolved-catalog mechanism. Original author intent or development process not inferred.,SOURCE_TO_CATALOG_DIMENSION_OMISSION
CATALOG_DATA_ONLY,"[""MC""]","[""frende""]","Frende MC correct type-specific catalog avoids Bil newvalue and optional machine/rental leakage, but material shared-terms detail and source-documented mileage options remain absent/coarse. Independent package reviewed before matching; Bil parking error not inherited by MC.",lib/mc-bobil-catalog.ts Frende MC family;61 sharedsource-first rules filtered exactMC applicability +MCIPID+MCpage+mileagepage. All resolvedbase/optional rows read.,RB-16,DATA_ONLY,SCRC-018,"[""[\""frende\"",\""mc\"",\""ordinary\"",\""frende-mc-ansvar\"",\""2026-01-01\""]"", ""[\""frende\"",\""mc\"",\""ordinary\"",\""frende-mc-delkasko\"",\""2026-01-01\""]"", ""[\""frende\"",\""mc\"",\""ordinary\"",\""frende-mc-kasko\"",\""2026-01-01\""]""]",77,31,49,28,False,HIGH for observed omission location; causal authoring process not inferred,False,CATALOG_DATA_ONLY,DATA_ONLY,"[""GAP-1447"", ""GAP-1451"", ""GAP-1452"", ""GAP-1453"", ""GAP-1454"", ""GAP-1455"", ""GAP-1456"", ""GAP-1457"", ""GAP-1458"", ""GAP-1459"", ""GAP-1462"", ""GAP-1465"", ""GAP-1466"", ""GAP-1467"", ""GAP-1468"", ""GAP-1469"", ""GAP-1470"", ""GAP-1471"", ""GAP-1475"", ""GAP-1479"", ""GAP-1480"", ""GAP-1481"", ""GAP-1482"", ""GAP-1483"", ""GAP-1484"", ""GAP-1485"", ""GAP-1486"", ""GAP-1487"", ""GAP-1490"", ""GAP-1493"", ""GAP-1494"", ""GAP-1495"", ""GAP-1496"", ""GAP-1497"", ""GAP-1498"", ""GAP-1499"", ""GAP-1500"", ""GAP-1505"", ""GAP-1506"", ""GAP-1510"", ""GAP-1511"", ""GAP-1512"", ""GAP-1513"", ""GAP-1514"", ""GAP-1515"", ""GAP-1516"", ""GAP-1517"", ""GAP-1518"", ""GAP-1521""]",Observed source→authored/resolved-catalog mechanism. Original author intent or development process not inferred.,SOURCE_TO_CATALOG_DIMENSION_OMISSION
CATALOG_DATA_ONLY,"[""Bobil""]","[""frende""]",Frende Bobil lacks several independently documented Utvidet subcoverages while preserving other scoped terms correctly. Full local package comparison is now closed. Bil omissions were not extrapolated; conflicting web/IPID scopes remain explicit research questions.,"Exact Bobil base+availableoptional facts read against15pvehicleterms,2pBobilIPID andlocalHTML. Utvidet lacks ladekabel/startleie despite8.3/8.6 andIPIDexplicitBobilapplicability.",RB-17,DATA_ONLY,SCRC-019,"[""[\""frende\"",\""bobil\"",\""ordinary\"",\""frende-bobil-ansvar\"",\""2026-01-01\""]"", ""[\""frende\"",\""bobil\"",\""ordinary\"",\""frende-bobil-delkasko\"",\""2026-01-01\""]"", ""[\""frende\"",\""bobil\"",\""ordinary\"",\""frende-bobil-kasko\"",\""2026-01-01\""]"", ""[\""frende\"",\""bobil\"",\""ordinary\"",\""frende-bobil-utvidet\"",\""2026-01-01\""]""]",131,42,84,47,False,HIGH for observed omission location; causal authoring process not inferred,False,CATALOG_DATA_ONLY,DATA_ONLY,"[""GAP-1523"", ""GAP-1524"", ""GAP-1525"", ""GAP-1526"", ""GAP-1527"", ""GAP-1528"", ""GAP-1529"", ""GAP-1530"", ""GAP-1531"", ""GAP-1533"", ""GAP-1537"", ""GAP-1538"", ""GAP-1539"", ""GAP-1540"", ""GAP-1541"", ""GAP-1542"", ""GAP-1543"", ""GAP-1544"", ""GAP-1545"", ""GAP-1549"", ""GAP-1550"", ""GAP-1551"", ""GAP-1552"", ""GAP-1553"", ""GAP-1554"", ""GAP-1555"", ""GAP-1556"", ""GAP-1557"", ""GAP-1561"", ""GAP-1565"", ""GAP-1566"", ""GAP-1567"", ""GAP-1568"", ""GAP-1569"", ""GAP-1570"", ""GAP-1571"", ""GAP-1572"", ""GAP-1573"", ""GAP-1577"", ""GAP-1578"", ""GAP-1579"", ""GAP-1580"", ""GAP-1581"", ""GAP-1582"", ""GAP-1583"", ""GAP-1584"", ""GAP-1585"", ""GAP-1586"", ""GAP-1587"", ""GAP-1588"", ""GAP-1589"", ""GAP-1594"", ""GAP-1595"", ""GAP-1599"", ""GAP-1600"", ""GAP-1601"", ""GAP-1602"", ""GAP-1603"", ""GAP-1604"", ""GAP-1605"", ""GAP-1606"", ""GAP-1607"", ""GAP-1611"", ""GAP-1612"", ""GAP-1613"", ""GAP-1614"", ""GAP-1615"", ""GAP-1616"", ""GAP-1617"", ""GAP-1618"", ""GAP-1619"", ""GAP-1620"", ""GAP-1621"", ""GAP-1626"", ""GAP-1627"", ""GAP-1631"", ""GAP-1632"", ""GAP-1633"", ""GAP-1634"", ""GAP-1635"", ""GAP-1636"", ""GAP-1637"", ""GAP-1638"", ""GAP-1639""]",Observed source→authored/resolved-catalog mechanism. Original author intent or development process not inferred.,SOURCE_TO_CATALOG_DIMENSION_OMISSION
CANONICAL_MAPPING,"[""Reise""]","[""storebrand""]","An overnight/day-trip dimension is present inside Storebrand geography free text but is absent from the explicit overnight comparison key. Key-based comparison legitimately does not reinterpret narrative; advisor sees an avoidable unknown alongside known equivalent information in another row. Tryg overnight text also combines journey purpose, which must not be inferred for Storebrand.","lib/catalog-product-comparison.ts:222,257–260;runtime-reise-overnatting-probe.json;StorebrandownHTMLFAQdaytrips+B1.2;exactStandardbasefactreise.omrade.verden.",RB-18,SMALL_CODE,SCRC-020,"[""[\""storebrand\"",\""reise\"",\""ordinary\"",\""storebrand-reise-standard\"",\""2026-09-20-canonical\""]""]",1,1,1,0,False,HIGH for observed omission location; causal authoring process not inferred,False,CANONICAL_MAPPING,SMALL_CODE,"[""GAP-1642""]",Observed source→authored/resolved-catalog mechanism. Original author intent or development process not inferred.,CANONICAL_SEMANTIC_ALIGNMENT
CATALOG_DATA_ONLY,"[""Snøscooter"", ""Campingvogn"", ""Tilhenger""]","[""frende""]","Frende Snøscooter/Campingvogn/Tilhenger share applicable vehicle terms but their catalog mostly preserves included status and a few sums. Exact type-specific benefits, optional accident availability, legal limits, settlement and qualifying conditions are absent. No Bil-only new-value, machine or rental cover is inferred.",Independent shared 61-rule inventory plus 21 extension rules; seven exact resolved products and all available optional components examined.,RB-19,DATA_ONLY,SCRC-021,"[""[\""frende\"",\""campingvogn\"",\""ordinary\"",\""frende-campingvogn-brann-og-tyveri\"",\""2026-01-01\""]"", ""[\""frende\"",\""campingvogn\"",\""ordinary\"",\""frende-campingvogn-kasko\"",\""2026-01-01\""]"", ""[\""frende\"",\""snøscooter\"",\""ordinary\"",\""frende-snoscooter-ansvar\"",\""2026-01-01\""]"", ""[\""frende\"",\""snøscooter\"",\""ordinary\"",\""frende-snoscooter-brann-og-tyveri\"",\""2026-01-01\""]"", ""[\""frende\"",\""snøscooter\"",\""ordinary\"",\""frende-snoscooter-kasko\"",\""2026-01-01\""]"", ""[\""frende\"",\""tilhenger\"",\""ordinary\"",\""frende-tilhenger-brann-og-tyveri\"",\""2026-01-01\""]"", ""[\""frende\"",\""tilhenger\"",\""ordinary\"",\""frende-tilhenger-kasko\"",\""2026-01-01\""]""]",178,86,91,87,False,HIGH for observed omission location; causal authoring process not inferred,False,CATALOG_DATA_ONLY,DATA_ONLY,"[""GAP-1644"", ""GAP-1645"", ""GAP-1646"", ""GAP-1647"", ""GAP-1648"", ""GAP-1650"", ""GAP-1651"", ""GAP-1652"", ""GAP-1653"", ""GAP-1660"", ""GAP-1661"", ""GAP-1662"", ""GAP-1663"", ""GAP-1664"", ""GAP-1665"", ""GAP-1671"", ""GAP-1672"", ""GAP-1675"", ""GAP-1676"", ""GAP-1677"", ""GAP-1678"", ""GAP-1681"", ""GAP-1682"", ""GAP-1683"", ""GAP-1688"", ""GAP-1689"", ""GAP-1690"", ""GAP-1691"", ""GAP-1692"", ""GAP-1693"", ""GAP-1699"", ""GAP-1700"", ""GAP-1701"", ""GAP-1702"", ""GAP-1705"", ""GAP-1706"", ""GAP-1707"", ""GAP-1708"", ""GAP-1711"", ""GAP-1712"", ""GAP-1713"", ""GAP-1714"", ""GAP-1715"", ""GAP-1720"", ""GAP-1721"", ""GAP-1722"", ""GAP-1723"", ""GAP-1724"", ""GAP-1725"", ""GAP-1731"", ""GAP-1732"", ""GAP-1735"", ""GAP-1736"", ""GAP-1737"", ""GAP-1738"", ""GAP-1746"", ""GAP-1747"", ""GAP-1748"", ""GAP-1749"", ""GAP-1750"", ""GAP-1751"", ""GAP-1757"", ""GAP-1758"", ""GAP-1759"", ""GAP-1760"", ""GAP-1763"", ""GAP-1764"", ""GAP-1765"", ""GAP-1766"", ""GAP-1770"", ""GAP-1771"", ""GAP-1776"", ""GAP-1777"", ""GAP-1778"", ""GAP-1779"", ""GAP-1780"", ""GAP-1781"", ""GAP-1787"", ""GAP-1788"", ""GAP-1791"", ""GAP-1798"", ""GAP-1799"", ""GAP-1800"", ""GAP-1801"", ""GAP-1802"", ""GAP-1803"", ""GAP-1809"", ""GAP-1810"", ""GAP-1811"", ""GAP-1812"", ""GAP-1815""]",Observed source→authored/resolved-catalog mechanism. Original author intent or development process not inferred.,SOURCE_TO_CATALOG_DIMENSION_OMISSION
CATALOG_DATA_ONLY,"[""Bil""]","[""gjensidige""]","Gjensidige Bil preserves exact main sums, detailed machine components and public-template qualifications, but omits material sublimits, family conditions, settlement, mobility branches and legal/bonus dimensions. Shared generic terms must remain scoped to named product levels.","73-rule independent inventory, all five local files fully read using exact normalized page identity reuse; resolved base/inheritance and four available addon definitions compared.",RB-20,DATA_ONLY,SCRC-022,"[""[\""gjensidige\"",\""bil\"",\""ordinary\"",\""gj-bil-ansvar\"",null]"", ""[\""gjensidige\"",\""bil\"",\""ordinary\"",\""gj-bil-delkasko\"",null]"", ""[\""gjensidige\"",\""bil\"",\""ordinary\"",\""gj-bil-kasko\"",null]"", ""[\""gjensidige\"",\""bil\"",\""ordinary\"",\""gj-bil-pluss\"",null]""]",160,54,95,65,False,HIGH for observed omission location; causal authoring process not inferred,False,CATALOG_DATA_ONLY,DATA_ONLY,"[""GAP-1822"", ""GAP-1826"", ""GAP-1827"", ""GAP-1831"", ""GAP-1832"", ""GAP-1833"", ""GAP-1834"", ""GAP-1835"", ""GAP-1836"", ""GAP-1837"", ""GAP-1838"", ""GAP-1839"", ""GAP-1845"", ""GAP-1849"", ""GAP-1850"", ""GAP-1857"", ""GAP-1858"", ""GAP-1859"", ""GAP-1860"", ""GAP-1861"", ""GAP-1862"", ""GAP-1866"", ""GAP-1867"", ""GAP-1868"", ""GAP-1869"", ""GAP-1870"", ""GAP-1871"", ""GAP-1872"", ""GAP-1873"", ""GAP-1874"", ""GAP-1875"", ""GAP-1877"", ""GAP-1881"", ""GAP-1883"", ""GAP-1887"", ""GAP-1888"", ""GAP-1895"", ""GAP-1896"", ""GAP-1897"", ""GAP-1898"", ""GAP-1899"", ""GAP-1900"", ""GAP-1901"", ""GAP-1902"", ""GAP-1903"", ""GAP-1904"", ""GAP-1905"", ""GAP-1907"", ""GAP-1908"", ""GAP-1912"", ""GAP-1913"", ""GAP-1914"", ""GAP-1915"", ""GAP-1916"", ""GAP-1917"", ""GAP-1918"", ""GAP-1919"", ""GAP-1920"", ""GAP-1921"", ""GAP-1922"", ""GAP-1923"", ""GAP-1924"", ""GAP-1926"", ""GAP-1930"", ""GAP-1932"", ""GAP-1936"", ""GAP-1937"", ""GAP-1944"", ""GAP-1945"", ""GAP-1946"", ""GAP-1947"", ""GAP-1948"", ""GAP-1949"", ""GAP-1950"", ""GAP-1951"", ""GAP-1952"", ""GAP-1953"", ""GAP-1955"", ""GAP-1956"", ""GAP-1960"", ""GAP-1961"", ""GAP-1962"", ""GAP-1964"", ""GAP-1965"", ""GAP-1966"", ""GAP-1967"", ""GAP-1968"", ""GAP-1969"", ""GAP-1970"", ""GAP-1971"", ""GAP-1972"", ""GAP-1973"", ""GAP-1974"", ""GAP-1975"", ""GAP-1977""]",Observed source→authored/resolved-catalog mechanism. Original author intent or development process not inferred.,SOURCE_TO_CATALOG_DIMENSION_OMISSION
CATALOG_DATA_ONLY,"[""Innbo""]","[""gjensidige""]","Gjensidige Innbo source-backed material family, settlement, age deduction, safety, legal, ID and ancillary coverage dimensions are absent or compressed into vague clauses.","Independent71rule inventory built before exact comparison, all3local originals reviewed, all resolved and optional claims reverse checked.",RB-21,DATA_ONLY,SCRC-023,"[""[\""gjensidige\"",\""innbo\"",\""ordinary\"",\""gj-innbo\"",null]"", ""[\""gjensidige\"",\""innbo\"",\""ordinary\"",\""gj-innbo-pluss\"",null]""]",92,53,70,22,False,HIGH for observed omission location; causal authoring process not inferred,False,CATALOG_DATA_ONLY,DATA_ONLY,"[""GAP-1981"", ""GAP-1982"", ""GAP-1983"", ""GAP-1987"", ""GAP-1988"", ""GAP-1989"", ""GAP-1990"", ""GAP-1991"", ""GAP-1992"", ""GAP-1993"", ""GAP-1994"", ""GAP-1996"", ""GAP-1998"", ""GAP-2000"", ""GAP-2001"", ""GAP-2002"", ""GAP-2003"", ""GAP-2007"", ""GAP-2008"", ""GAP-2010"", ""GAP-2011"", ""GAP-2012"", ""GAP-2013"", ""GAP-2014"", ""GAP-2015"", ""GAP-2018"", ""GAP-2019"", ""GAP-2020"", ""GAP-2021"", ""GAP-2022"", ""GAP-2024"", ""GAP-2025"", ""GAP-2026"", ""GAP-2027"", ""GAP-2031"", ""GAP-2032"", ""GAP-2033"", ""GAP-2034"", ""GAP-2035"", ""GAP-2036"", ""GAP-2037"", ""GAP-2039"", ""GAP-2041"", ""GAP-2043"", ""GAP-2044"", ""GAP-2045"", ""GAP-2046"", ""GAP-2049"", ""GAP-2050"", ""GAP-2051"", ""GAP-2052"", ""GAP-2053"", ""GAP-2054"", ""GAP-2055"", ""GAP-2056"", ""GAP-2057"", ""GAP-2058"", ""GAP-2060"", ""GAP-2061"", ""GAP-2063"", ""GAP-2064"", ""GAP-2065"", ""GAP-2066"", ""GAP-2067"", ""GAP-2068"", ""GAP-2071"", ""GAP-2072"", ""GAP-2073"", ""GAP-2074"", ""GAP-2075""]",Observed source→authored/resolved-catalog mechanism. Original author intent or development process not inferred.,SOURCE_TO_CATALOG_DIMENSION_OMISSION
CATALOG_DATA_ONLY,"[""Innbo""]","[""gjensidige""]","Gjensidige Innbo catalog incorrectly narrows or moves source dimensions between territory, location and deductible scopes.",Europa liability versus Norden; worldwide bike accident versus Norden; fellesbod bike limit relocated; vehicle parts location added; rental vandalism assigned missed-rent deductible without support.,RB-21,DATA_ONLY,SCRC-024,"[""[\""gjensidige\"",\""innbo\"",\""ordinary\"",\""gj-innbo\"",null]"", ""[\""gjensidige\"",\""innbo\"",\""ordinary\"",\""gj-innbo-pluss\"",null]""]",8,6,8,0,False,HIGH for observed omission location; causal authoring process not inferred,False,CATALOG_DATA_ONLY,DATA_ONLY,"[""GAP-1986"", ""GAP-2017"", ""GAP-2030"", ""GAP-2070"", ""GAP-2077"", ""GAP-2078"", ""GAP-2079"", ""GAP-2080""]",Observed source→authored/resolved-catalog mechanism. Original author intent or development process not inferred.,CANONICAL_SEMANTIC_ALIGNMENT
CATALOG_DATA_ONLY,"[""Hus""]","[""gjensidige""]","Gjensidige Hus keeps many precise sums and structured age exceptions, but omits material loss-of-use, safety, pest, liability, legal and service qualifications. Catalog source-page references often use Pluss offsets against Standard files.","86rule independent inventory and full six-artifact source-first package, exact normalized page reuse and reverse base/optional inspection.",RB-22,DATA_ONLY,SCRC-025,"[""[\""gjensidige\"",\""bolig\"",\""ordinary\"",\""gjensidige-hus\"",\""Alminnelige vilkår\""]"", ""[\""gjensidige\"",\""bolig\"",\""ordinary\"",\""gjensidige-hus-pluss\"",\""Alminnelige vilkår\""]""]",109,58,79,30,False,HIGH for observed omission location; causal authoring process not inferred,False,CATALOG_DATA_ONLY,DATA_ONLY,"[""GAP-2081"", ""GAP-2082"", ""GAP-2083"", ""GAP-2086"", ""GAP-2087"", ""GAP-2088"", ""GAP-2089"", ""GAP-2090"", ""GAP-2091"", ""GAP-2092"", ""GAP-2093"", ""GAP-2094"", ""GAP-2095"", ""GAP-2096"", ""GAP-2097"", ""GAP-2098"", ""GAP-2100"", ""GAP-2101"", ""GAP-2102"", ""GAP-2104"", ""GAP-2105"", ""GAP-2106"", ""GAP-2107"", ""GAP-2108"", ""GAP-2109"", ""GAP-2111"", ""GAP-2112"", ""GAP-2115"", ""GAP-2116"", ""GAP-2117"", ""GAP-2118"", ""GAP-2119"", ""GAP-2120"", ""GAP-2121"", ""GAP-2122"", ""GAP-2126"", ""GAP-2128"", ""GAP-2135"", ""GAP-2136"", ""GAP-2137"", ""GAP-2140"", ""GAP-2141"", ""GAP-2142"", ""GAP-2143"", ""GAP-2144"", ""GAP-2145"", ""GAP-2146"", ""GAP-2148"", ""GAP-2149"", ""GAP-2150"", ""GAP-2151"", ""GAP-2152"", ""GAP-2153"", ""GAP-2154"", ""GAP-2155"", ""GAP-2156"", ""GAP-2157"", ""GAP-2159"", ""GAP-2160"", ""GAP-2161"", ""GAP-2163"", ""GAP-2164"", ""GAP-2165"", ""GAP-2166"", ""GAP-2167"", ""GAP-2168"", ""GAP-2170"", ""GAP-2171"", ""GAP-2174"", ""GAP-2175"", ""GAP-2176"", ""GAP-2177"", ""GAP-2178"", ""GAP-2179"", ""GAP-2180"", ""GAP-2181"", ""GAP-2183"", ""GAP-2186"", ""GAP-2188""]",Observed source→authored/resolved-catalog mechanism. Original author intent or development process not inferred.,SOURCE_TO_CATALOG_DIMENSION_OMISSION
CATALOG_DATA_ONLY,"[""Hus""]","[""gjensidige""]",Gjensidige Hus pipe service claim adds flushing without explicit support from complete local source package.,"Fullterms and IPID omit flushing; product page only expressly gives thawing. No exclusion inferred, only unsupported catalog assertion.",RB-22,DATA_ONLY,SCRC-026,"[""[\""gjensidige\"",\""bolig\"",\""ordinary\"",\""gjensidige-hus\"",\""Alminnelige vilkår\""]"", ""[\""gjensidige\"",\""bolig\"",\""ordinary\"",\""gjensidige-hus-pluss\"",\""Alminnelige vilkår\""]""]",2,1,2,0,False,HIGH for observed omission location; causal authoring process not inferred,False,CATALOG_DATA_ONLY,DATA_ONLY,"[""GAP-2132"", ""GAP-2192""]",Observed source→authored/resolved-catalog mechanism. Original author intent or development process not inferred.,UNSUPPORTED_EXACT_CLAIM_OR_SCOPE
INHERITANCE_COMPONENT_MAPPING,"[""Hus""]","[""gjensidige""]","Gjensidige Hus Pluss insect extension uses replacesBase on the rodent coverage keys, erasing still-applicable base rodent meanings in resolved product facts. Standard selected rot/insect option uses same replacement.",gjensidige-hus-catalog.ts93–108; exact resolved snapshot insect-only two keys; own PlussPDF3 still covers mice/rats and physicaldamage/insulation/odour.,RB-23,SMALL_CODE,SCRC-027,"[""[\""gjensidige\"",\""bolig\"",\""ordinary\"",\""gjensidige-hus\"",\""Alminnelige vilkår\""]"", ""[\""gjensidige\"",\""bolig\"",\""ordinary\"",\""gjensidige-hus-pluss\"",\""Alminnelige vilkår\""]""]",2,2,2,0,False,HIGH for observed omission location; causal authoring process not inferred,False,INHERITANCE_COMPONENT_MAPPING,SMALL_CODE,"[""GAP-2134"", ""GAP-2147""]",Observed source→authored/resolved-catalog mechanism. Original author intent or development process not inferred.,TIER_COMPONENT_COMPOSITION
CATALOG_DATA_ONLY,"[""Reise""]","[""gjensidige""]","Gjensidige Reise represents many exact sums but loses material sublimits, eligibility and coverage conditions in broad parent text; service detail and precise source locators also incomplete.","84 independent source-first rules from8artifacts, all exact resolved facts and optional absence reviewed; correct numeric and age controls explicitly retained.",RB-24,DATA_ONLY,SCRC-028,"[""[\""gjensidige\"",\""reise\"",\""ordinary\"",\""gjensidige-reise\"",\""2026-09-20-canonical\""]"", ""[\""gjensidige\"",\""reise\"",\""ordinary\"",\""gjensidige-reise-pluss\"",\""2026-09-20-canonical\""]""]",97,52,81,16,False,HIGH for observed omission location; causal authoring process not inferred,False,CATALOG_DATA_ONLY,DATA_ONLY,"[""GAP-2194"", ""GAP-2195"", ""GAP-2196"", ""GAP-2197"", ""GAP-2199"", ""GAP-2200"", ""GAP-2201"", ""GAP-2202"", ""GAP-2203"", ""GAP-2204"", ""GAP-2205"", ""GAP-2206"", ""GAP-2208"", ""GAP-2209"", ""GAP-2210"", ""GAP-2211"", ""GAP-2212"", ""GAP-2213"", ""GAP-2214"", ""GAP-2215"", ""GAP-2216"", ""GAP-2217"", ""GAP-2218"", ""GAP-2219"", ""GAP-2220"", ""GAP-2221"", ""GAP-2222"", ""GAP-2223"", ""GAP-2224"", ""GAP-2225"", ""GAP-2226"", ""GAP-2228"", ""GAP-2230"", ""GAP-2232"", ""GAP-2233"", ""GAP-2234"", ""GAP-2235"", ""GAP-2239"", ""GAP-2240"", ""GAP-2241"", ""GAP-2242"", ""GAP-2244"", ""GAP-2245"", ""GAP-2246"", ""GAP-2247"", ""GAP-2248"", ""GAP-2249"", ""GAP-2250"", ""GAP-2251"", ""GAP-2253"", ""GAP-2254"", ""GAP-2255"", ""GAP-2257"", ""GAP-2258"", ""GAP-2259"", ""GAP-2260"", ""GAP-2261"", ""GAP-2262"", ""GAP-2263"", ""GAP-2264"", ""GAP-2265"", ""GAP-2266"", ""GAP-2267"", ""GAP-2268"", ""GAP-2269"", ""GAP-2270"", ""GAP-2271"", ""GAP-2272"", ""GAP-2273"", ""GAP-2274"", ""GAP-2275"", ""GAP-2276"", ""GAP-2278"", ""GAP-2279"", ""GAP-2280"", ""GAP-2281"", ""GAP-2283"", ""GAP-2285"", ""GAP-2286"", ""GAP-2287"", ""GAP-2288""]",Observed source→authored/resolved-catalog mechanism. Original author intent or development process not inferred.,SOURCE_TO_CATALOG_DIMENSION_OMISSION
INHERITANCE,"[""Reise""]","[""gjensidige""]",Gjensidige Reise Pluss inherits the standard single-item baggage limit because its component lacks the documented Pluss override.,common bagasje.per_gjenstand20k inherited intoPluss; ownPlussPDF6 says40k; allothercomponents checked.,RB-25,DATA_ONLY,SCRC-029,"[""[\""gjensidige\"",\""reise\"",\""ordinary\"",\""gjensidige-reise-pluss\"",\""2026-09-20-canonical\""]""]",1,1,1,0,False,HIGH for observed omission location; causal authoring process not inferred,False,INHERITANCE,DATA_ONLY,"[""GAP-2256""]",Observed source→authored/resolved-catalog mechanism. Original author intent or development process not inferred.,TIER_COMPONENT_COMPOSITION
CATALOG_DATA_ONLY,"[""MC"", ""Bobil""]","[""gjensidige""]","Gjensidige MC/Bobil catalogs retain core limits but omit material full-terms conditions, sublimits, services and customer-choice structures.",76 independent source-first rules; 83/106 PDF pages exactly reused with type scope checked; all product-specific pages and HTML read.,RB-26,DATA_ONLY,SCRC-030,"[""[\""gjensidige\"",\""bobil\"",\""ordinary\"",\""gjensidige-bobil-ansvar\"",null]"", ""[\""gjensidige\"",\""bobil\"",\""ordinary\"",\""gjensidige-bobil-delkasko\"",null]"", ""[\""gjensidige\"",\""bobil\"",\""ordinary\"",\""gjensidige-bobil-kasko\"",null]"", ""[\""gjensidige\"",\""bobil\"",\""ordinary\"",\""gjensidige-bobil-pluss\"",null]"", ""[\""gjensidige\"",\""mc\"",\""ordinary\"",\""gjensidige-mc-ansvar\"",null]"", ""[\""gjensidige\"",\""mc\"",\""ordinary\"",\""gjensidige-mc-delkasko\"",null]"", ""[\""gjensidige\"",\""mc\"",\""ordinary\"",\""gjensidige-mc-kasko\"",null]""]",261,89,168,93,False,HIGH for observed omission location; causal authoring process not inferred,False,CATALOG_DATA_ONLY,DATA_ONLY,"[""GAP-2292"", ""GAP-2293"", ""GAP-2294"", ""GAP-2295"", ""GAP-2296"", ""GAP-2297"", ""GAP-2298"", ""GAP-2299"", ""GAP-2302"", ""GAP-2304"", ""GAP-2305"", ""GAP-2306"", ""GAP-2307"", ""GAP-2308"", ""GAP-2309"", ""GAP-2312"", ""GAP-2313"", ""GAP-2319"", ""GAP-2320"", ""GAP-2321"", ""GAP-2322"", ""GAP-2323"", ""GAP-2324"", ""GAP-2325"", ""GAP-2326"", ""GAP-2330"", ""GAP-2331"", ""GAP-2332"", ""GAP-2333"", ""GAP-2334"", ""GAP-2335"", ""GAP-2336"", ""GAP-2337"", ""GAP-2338"", ""GAP-2339"", ""GAP-2341"", ""GAP-2344"", ""GAP-2346"", ""GAP-2347"", ""GAP-2348"", ""GAP-2349"", ""GAP-2350"", ""GAP-2353"", ""GAP-2354"", ""GAP-2362"", ""GAP-2363"", ""GAP-2364"", ""GAP-2365"", ""GAP-2366"", ""GAP-2367"", ""GAP-2368"", ""GAP-2369"", ""GAP-2373"", ""GAP-2374"", ""GAP-2375"", ""GAP-2376"", ""GAP-2377"", ""GAP-2378"", ""GAP-2379"", ""GAP-2380"", ""GAP-2381"", ""GAP-2382"", ""GAP-2383"", ""GAP-2385"", ""GAP-2388"", ""GAP-2390"", ""GAP-2391"", ""GAP-2392"", ""GAP-2393"", ""GAP-2394"", ""GAP-2397"", ""GAP-2398"", ""GAP-2405"", ""GAP-2406"", ""GAP-2407"", ""GAP-2408"", ""GAP-2409"", ""GAP-2410"", ""GAP-2411"", ""GAP-2414"", ""GAP-2415"", ""GAP-2416"", ""GAP-2417"", ""GAP-2418"", ""GAP-2419"", ""GAP-2422"", ""GAP-2423"", ""GAP-2428"", ""GAP-2429"", ""GAP-2430"", ""GAP-2431"", ""GAP-2432"", ""GAP-2433"", ""GAP-2434"", ""GAP-2438"", ""GAP-2439"", ""GAP-2440"", ""GAP-2441"", ""GAP-2442"", ""GAP-2443"", ""GAP-2444"", ""GAP-2445"", ""GAP-2446"", ""GAP-2447"", ""GAP-2448"", ""GAP-2451"", ""GAP-2453"", ""GAP-2454"", ""GAP-2455"", ""GAP-2456"", ""GAP-2457"", ""GAP-2460"", ""GAP-2461"", ""GAP-2467"", ""GAP-2468"", ""GAP-2469"", ""GAP-2470"", ""GAP-2471"", ""GAP-2472"", ""GAP-2473"", ""GAP-2477"", ""GAP-2478"", ""GAP-2479"", ""GAP-2480"", ""GAP-2481"", ""GAP-2482"", ""GAP-2483"", ""GAP-2484"", ""GAP-2485"", ""GAP-2486"", ""GAP-2488"", ""GAP-2491"", ""GAP-2493"", ""GAP-2494"", ""GAP-2495"", ""GAP-2496"", ""GAP-2497"", ""GAP-2500"", ""GAP-2501"", ""GAP-2507"", ""GAP-2508"", ""GAP-2509"", ""GAP-2510"", ""GAP-2511"", ""GAP-2512"", ""GAP-2513"", ""GAP-2517"", ""GAP-2518"", ""GAP-2519"", ""GAP-2520"", ""GAP-2521"", ""GAP-2522"", ""GAP-2523"", ""GAP-2524"", ""GAP-2525"", ""GAP-2526"", ""GAP-2527"", ""GAP-2528"", ""GAP-2529"", ""GAP-2530"", ""GAP-2533"", ""GAP-2535"", ""GAP-2536"", ""GAP-2537"", ""GAP-2538"", ""GAP-2539"", ""GAP-2542"", ""GAP-2543""]",Observed source→authored/resolved-catalog mechanism. Original author intent or development process not inferred.,SOURCE_TO_CATALOG_DIMENSION_OMISSION
INHERITANCE,"[""MC""]","[""gjensidige""]",Gjensidige MC holiday rental is applied to every non-Ansvar tier even though the supplied Delkasko package does not support the Kasko-only extension.,mc-bobil-gjensidige-storebrand-catalog.ts condition type=mc && tier!=ansvar; own Delkasko3–4 lacks rental; own Kasko4 explicitly15days. Runtime equality confirmed.,RB-27,DATA_ONLY,SCRC-031,"[""[\""gjensidige\"",\""mc\"",\""ordinary\"",\""gjensidige-mc-delkasko\"",null]""]",1,1,1,0,False,HIGH for observed omission location; causal authoring process not inferred,False,INHERITANCE,DATA_ONLY,"[""GAP-2361""]",Observed source→authored/resolved-catalog mechanism. Original author intent or development process not inferred.,UNSUPPORTED_EXACT_CLAIM_OR_SCOPE
INHERITANCE,"[""Bobil""]","[""gjensidige""]",Gjensidige Bobil skadedyr is authored only inside the Pluss block although own Kasko full terms explicitly include it.,Own Kasko PDF3 and product HTML160 include rodents/insects/pests; all37base+2optional facts lack safe equivalent; bidirectional runtime probe shows unknown.,RB-28,DATA_ONLY,SCRC-032,"[""[\""gjensidige\"",\""bobil\"",\""ordinary\"",\""gjensidige-bobil-kasko\"",null]""]",1,1,1,0,False,HIGH for observed omission location; causal authoring process not inferred,False,INHERITANCE,DATA_ONLY,"[""GAP-2487""]",Observed source→authored/resolved-catalog mechanism. Original author intent or development process not inferred.,SOURCE_TO_CATALOG_DIMENSION_OMISSION
CATALOG_DATA_ONLY,"[""Snøscooter"", ""Campingvogn"", ""Tilhenger""]","[""gjensidige""]","Gjensidige vehicle-extension catalogs use very sparse inclusion parents and omit source-backed sums, deductibles, eligibility, optional choices and payout conditions.","8 exact products have5–13basefacts and noaddons; independent60-rule sourcefirst inventory from85PDFpages and3HTML,56pages reused exactly withtypescope checked.",RB-29,DATA_ONLY,SCRC-033,"[""[\""gjensidige\"",\""campingvogn\"",\""ordinary\"",\""gjensidige-campingvogn-delkasko\"",null]"", ""[\""gjensidige\"",\""campingvogn\"",\""ordinary\"",\""gjensidige-campingvogn-kasko\"",null]"", ""[\""gjensidige\"",\""campingvogn\"",\""ordinary\"",\""gjensidige-campingvogn-pluss\"",null]"", ""[\""gjensidige\"",\""snøscooter\"",\""ordinary\"",\""gjensidige-snoscooter-ansvar\"",null]"", ""[\""gjensidige\"",\""snøscooter\"",\""ordinary\"",\""gjensidige-snoscooter-delkasko\"",null]"", ""[\""gjensidige\"",\""snøscooter\"",\""ordinary\"",\""gjensidige-snoscooter-kasko\"",null]"", ""[\""gjensidige\"",\""tilhenger\"",\""ordinary\"",\""gjensidige-tilhenger-delkasko\"",null]"", ""[\""gjensidige\"",\""tilhenger\"",\""ordinary\"",\""gjensidige-tilhenger-kasko\"",null]""]",180,73,104,76,False,HIGH for observed omission location; causal authoring process not inferred,False,CATALOG_DATA_ONLY,DATA_ONLY,"[""GAP-2555"", ""GAP-2556"", ""GAP-2557"", ""GAP-2558"", ""GAP-2559"", ""GAP-2561"", ""GAP-2562"", ""GAP-2564"", ""GAP-2565"", ""GAP-2566"", ""GAP-2567"", ""GAP-2568"", ""GAP-2571"", ""GAP-2572"", ""GAP-2573"", ""GAP-2577"", ""GAP-2578"", ""GAP-2579"", ""GAP-2580"", ""GAP-2581"", ""GAP-2583"", ""GAP-2584"", ""GAP-2586"", ""GAP-2587"", ""GAP-2588"", ""GAP-2590"", ""GAP-2594"", ""GAP-2595"", ""GAP-2596"", ""GAP-2597"", ""GAP-2598"", ""GAP-2601"", ""GAP-2602"", ""GAP-2603"", ""GAP-2607"", ""GAP-2608"", ""GAP-2609"", ""GAP-2610"", ""GAP-2611"", ""GAP-2613"", ""GAP-2614"", ""GAP-2616"", ""GAP-2617"", ""GAP-2618"", ""GAP-2620"", ""GAP-2621"", ""GAP-2625"", ""GAP-2626"", ""GAP-2627"", ""GAP-2628"", ""GAP-2629"", ""GAP-2632"", ""GAP-2633"", ""GAP-2634"", ""GAP-2640"", ""GAP-2641"", ""GAP-2642"", ""GAP-2643"", ""GAP-2644"", ""GAP-2646"", ""GAP-2647"", ""GAP-2649"", ""GAP-2650"", ""GAP-2651"", ""GAP-2660"", ""GAP-2661"", ""GAP-2662"", ""GAP-2663"", ""GAP-2664"", ""GAP-2665"", ""GAP-2667"", ""GAP-2668"", ""GAP-2669"", ""GAP-2671"", ""GAP-2672"", ""GAP-2673"", ""GAP-2682"", ""GAP-2683"", ""GAP-2684"", ""GAP-2685"", ""GAP-2686"", ""GAP-2687"", ""GAP-2689"", ""GAP-2690"", ""GAP-2691"", ""GAP-2692"", ""GAP-2693"", ""GAP-2694"", ""GAP-2696"", ""GAP-2697"", ""GAP-2698"", ""GAP-2707"", ""GAP-2708"", ""GAP-2709"", ""GAP-2710"", ""GAP-2711"", ""GAP-2712"", ""GAP-2722"", ""GAP-2723"", ""GAP-2724"", ""GAP-2725"", ""GAP-2726"", ""GAP-2727"", ""GAP-2728""]",Observed source→authored/resolved-catalog mechanism. Original author intent or development process not inferred.,SOURCE_TO_CATALOG_DIMENSION_OMISSION
SOURCE_RESEARCH_REQUIRED,"[""Campingvogn""]","[""gjensidige""]",Gjensidige Campingvogn Delkasko glass claim follows IPID but own full terms and HTML tier table do not include glass; source conflict not surfaced.,"MOT07IPID1includesglass;DelkaskoPDF1/3doesnot;HTMLdatafeaturearrayDelkaskohas5featureswithoutglass. Fullpackage conflict, not resolved by preference.",RB-30,DATA_ONLY,SCRC-034,"[""[\""gjensidige\"",\""campingvogn\"",\""ordinary\"",\""gjensidige-campingvogn-delkasko\"",null]""]",1,1,1,0,False,HIGH for observed omission location; causal authoring process not inferred,False,SOURCE_RESEARCH_REQUIRED,DATA_ONLY,"[""GAP-2645""]",Observed source→authored/resolved-catalog mechanism. Original author intent or development process not inferred.,SOURCE_CONFLICT_HANDLING
ADDON,"[""Hund"", ""Katt""]","[""gjensidige""]",Gjensidige optional pet benefits lack safe component scope: rehabilitation limit is stored in unconditional base; Hund Bruk does not require Liv; Katt Bruk is absent.,"boat-pet-catalog.ts130/154–156; IPIDandwebrehaboptional; viewshowsgrenseincludedandcoverageunknown; webBrukaddedtoLiv,fullconditionsreviewed.",RB-31,SMALL_CODE,SCRC-035,"[""[\""gjensidige\"",\""hund\"",\""ordinary\"",\""gjensidige-hund-behandling\"",null]"", ""[\""gjensidige\"",\""katt\"",\""ordinary\"",\""gjensidige-katt-behandling\"",null]""]",3,3,3,0,False,HIGH for observed omission location; causal authoring process not inferred,False,ADDON,SMALL_CODE,"[""GAP-2892"", ""GAP-2900"", ""GAP-2936""]",Observed source→authored/resolved-catalog mechanism. Original author intent or development process not inferred.,TIER_COMPONENT_COMPOSITION
CATALOG_DATA_ONLY,"[""Bil"", ""MC"", ""Bobil"", ""Snøscooter"", ""Campingvogn"", ""Tilhenger""]","[""if""]","Ifs lokale felles- og særvilkår inneholder rådgiverrelevante detaljer som mangler eller er for grovt representert i eksakte kjøretøyprodukter. Bil mangler blant annet ordinær nyverdi, mens MC/Bobil har denne fra samme hovedvilkår.",if-motor-independent-inventory.json; if-catalog.ts kontra MOT2-2 §8.4.2; source-first gjennomgang av full lokal motorpakke.,RB-32,DATA_ONLY,SCRC-036,"[""[\""if\"",\""bil\"",\""ordinary\"",\""if-bil-ansvar\"",\""MOT2-2\""]"", ""[\""if\"",\""bil\"",\""ordinary\"",\""if-bil-delkasko\"",\""MOT2-2\""]"", ""[\""if\"",\""bil\"",\""ordinary\"",\""if-bil-kasko\"",\""MOT2-2\""]"", ""[\""if\"",\""bil\"",\""ordinary\"",\""if-bil-super\"",\""MOT2-2\""]"", ""[\""if\"",\""bobil\"",\""ordinary\"",\""if-bobil-ansvar\"",\""2024-03\""]"", ""[\""if\"",\""bobil\"",\""ordinary\"",\""if-bobil-delkasko\"",\""2024-03\""]"", ""[\""if\"",\""bobil\"",\""ordinary\"",\""if-bobil-kasko\"",\""2024-03\""]"", ""[\""if\"",\""bobil\"",\""ordinary\"",\""if-bobil-super\"",\""2022-06\""]"", ""[\""if\"",\""campingvogn\"",\""ordinary\"",\""if-campingvogn-delkasko\"",\""2024-03\""]"", ""[\""if\"",\""campingvogn\"",\""ordinary\"",\""if-campingvogn-kasko\"",\""2024-03\""]"", ""[\""if\"",\""campingvogn\"",\""ordinary\"",\""if-campingvogn-super\"",\""2024-03\""]"", ""[\""if\"",\""mc\"",\""ordinary\"",\""if-mc-ansvar\"",\""2024-03\""]"", ""[\""if\"",\""mc\"",\""ordinary\"",\""if-mc-delkasko\"",\""2024-03\""]"", ""[\""if\"",\""mc\"",\""ordinary\"",\""if-mc-kasko\"",\""2024-03\""]"", ""[\""if\"",\""snøscooter\"",\""ordinary\"",\""if-snoscooter-ansvar\"",\""2024-03\""]"", ""[\""if\"",\""snøscooter\"",\""ordinary\"",\""if-snoscooter-delkasko\"",\""2024-03\""]"", ""[\""if\"",\""snøscooter\"",\""ordinary\"",\""if-snoscooter-kasko\"",\""2024-03\""]"", ""[\""if\"",\""tilhenger\"",\""ordinary\"",\""if-tilhenger-delkasko\"",\""2024-03\""]"", ""[\""if\"",\""tilhenger\"",\""ordinary\"",\""if-tilhenger-kasko\"",\""2024-03\""]""]",384,154,139,245,False,HIGH for observed omission location; causal authoring process not inferred,False,CATALOG_DATA_ONLY,DATA_ONLY,"[""GAP-2944"", ""GAP-2947"", ""GAP-2948"", ""GAP-2952"", ""GAP-2955"", ""GAP-2956"", ""GAP-2961"", ""GAP-2963"", ""GAP-2964"", ""GAP-2965"", ""GAP-2968"", ""GAP-2971"", ""GAP-2972"", ""GAP-2977"", ""GAP-2980"", ""GAP-2981"", ""GAP-2982"", ""GAP-2985"", ""GAP-2987"", ""GAP-2989"", ""GAP-2990"", ""GAP-2993"", ""GAP-2994"", ""GAP-2999"", ""GAP-3002"", ""GAP-3005"", ""GAP-3007"", ""GAP-3009"", ""GAP-3010"", ""GAP-3012"", ""GAP-3017"", ""GAP-3018"", ""GAP-3029"", ""GAP-3030"", ""GAP-3038"", ""GAP-3039"", ""GAP-3044"", ""GAP-3050"", ""GAP-3051"", ""GAP-3060"", ""GAP-3061"", ""GAP-3064"", ""GAP-3069"", ""GAP-3075"", ""GAP-3076"", ""GAP-3084"", ""GAP-3085"", ""GAP-3093"", ""GAP-3094"", ""GAP-3099"", ""GAP-3104"", ""GAP-3105"", ""GAP-3114"", ""GAP-3115"", ""GAP-3118"", ""GAP-3120"", ""GAP-3124"", ""GAP-3127"", ""GAP-3132"", ""GAP-3133"", ""GAP-3142"", ""GAP-3145"", ""GAP-3147"", ""GAP-3151"", ""GAP-3152"", ""GAP-3157"", ""GAP-3159"", ""GAP-3160"", ""GAP-3161"", ""GAP-3162"", ""GAP-3165"", ""GAP-3166"", ""GAP-3173"", ""GAP-3174"", ""GAP-3175"", ""GAP-3178"", ""GAP-3179"", ""GAP-3181"", ""GAP-3183"", ""GAP-3186"", ""GAP-3187"", ""GAP-3191"", ""GAP-3195"", ""GAP-3196"", ""GAP-3197"", ""GAP-3198"", ""GAP-3201"", ""GAP-3202"", ""GAP-3204"", ""GAP-3206"", ""GAP-3211"", ""GAP-3212"", ""GAP-3216"", ""GAP-3220"", ""GAP-3221"", ""GAP-3222"", ""GAP-3223"", ""GAP-3225"", ""GAP-3228"", ""GAP-3230"", ""GAP-3232"", ""GAP-3236"", ""GAP-3240"", ""GAP-3241"", ""GAP-3243"", ""GAP-3244"", ""GAP-3245"", ""GAP-3247"", ""GAP-3250"", ""GAP-3252"", ""GAP-3254"", ""GAP-3260"", ""GAP-3261"", ""GAP-3265"", ""GAP-3266"", ""GAP-3267"", ""GAP-3269"", ""GAP-3270"", ""GAP-3271"", ""GAP-3273"", ""GAP-3277"", ""GAP-3279"", ""GAP-3285"", ""GAP-3286"", ""GAP-3297"", ""GAP-3300"", ""GAP-3301"", ""GAP-3303"", ""GAP-3304"", ""GAP-3305"", ""GAP-3307"", ""GAP-3309"", ""GAP-3311"", ""GAP-3319"", ""GAP-3320"", ""GAP-3321"", ""GAP-3323"", ""GAP-3325"", ""GAP-3327""]",Observed source→authored/resolved-catalog mechanism. Original author intent or development process not inferred.,SOURCE_TO_CATALOG_DIMENSION_OMISSION
CATALOG_DATA_ONLY,"[""Campingvogn""]","[""if""]",If Campingvogn Super har ingen selvstendige Super-fakta: generatoren gir samme faktasett som Kasko og leser ikke den lokale SV707-/webpakken for campingvogn.,"vehicle-object-catalog.ts211–230: Kasko og Super får samme boolske Kaskopåstand; snapshot10fakta begge. SV7073.3 dokumenterer fukt, feriegaranti,100kbagasje og skadedyr; webnyverdi3år. Runtimeviserukjent.",RB-33,DATA_ONLY,SCRC-037,"[""[\""if\"",\""campingvogn\"",\""ordinary\"",\""if-campingvogn-super\"",\""2024-03\""]""]",9,9,9,0,False,HIGH for observed omission location; causal authoring process not inferred,False,CATALOG_DATA_ONLY,DATA_ONLY,"[""GAP-3288"", ""GAP-3289"", ""GAP-3290"", ""GAP-3291"", ""GAP-3292"", ""GAP-3293"", ""GAP-3294"", ""GAP-3298"", ""GAP-3299""]",Observed source→authored/resolved-catalog mechanism. Original author intent or development process not inferred.,TIER_COMPONENT_COMPOSITION
CATALOG_DATA_ONLY,"[""Innbo""]","[""if""]","If Innbo har rikt strukturert kjerneinnhold, men flere lokale materielle særgrenser, skadeutløsere og begrensninger mangler eller er forkortet til generelle henvisninger.",if-innbo-independent-inventory.json; IBO2-1/SV006/IPID kontrollert mot lib/if-innbo-catalog.ts; ingen kundevalg inferert.,RB-34,DATA_ONLY,SCRC-038,"[""[\""if\"",\""innbo\"",\""ordinary\"",\""if-innbo-basis\"",\""IBO2-1\""]"", ""[\""if\"",\""innbo\"",\""ordinary\"",\""if-innbo-super\"",\""IBO2-1\""]"", ""[\""if\"",\""innbo\"",\""ordinary\"",\""if-innbo-utvidet\"",\""IBO2-1\""]""]",119,46,37,82,False,HIGH for observed omission location; causal authoring process not inferred,False,CATALOG_DATA_ONLY,DATA_ONLY,"[""GAP-3338"", ""GAP-3340"", ""GAP-3341"", ""GAP-3343"", ""GAP-3345"", ""GAP-3346"", ""GAP-3353"", ""GAP-3354"", ""GAP-3367"", ""GAP-3370"", ""GAP-3371"", ""GAP-3373"", ""GAP-3375"", ""GAP-3376"", ""GAP-3383"", ""GAP-3384"", ""GAP-3386"", ""GAP-3391"", ""GAP-3392"", ""GAP-3395"", ""GAP-3396"", ""GAP-3399"", ""GAP-3411"", ""GAP-3414"", ""GAP-3415"", ""GAP-3417"", ""GAP-3419"", ""GAP-3420"", ""GAP-3427"", ""GAP-3428"", ""GAP-3430"", ""GAP-3433"", ""GAP-3436"", ""GAP-3437"", ""GAP-3440"", ""GAP-3442"", ""GAP-3445""]",Observed source→authored/resolved-catalog mechanism. Original author intent or development process not inferred.,SOURCE_TO_CATALOG_DIMENSION_OMISSION
CATALOG_DATA_ONLY,"[""Hus""]","[""if""]","If Hus har omfattende korrekt detaljmodellering, men enkelte vilkårsforutsetninger, oppgjørsgrener og utbyggingsregler er fortsatt bare omtalt generelt eller mangler.",if-hus-independent-inventory.json; full BGN1-0/SV006/localHTML compared bidirectionally; IPID and general source applicability separated.,RB-35,DATA_ONLY,SCRC-039,"[""[\""if\"",\""bolig\"",\""ordinary\"",\""if-hus-basis\"",\""2023-09\""]"", ""[\""if\"",\""bolig\"",\""ordinary\"",\""if-hus-super\"",\""2023-09\""]"", ""[\""if\"",\""bolig\"",\""ordinary\"",\""if-hus-utvidet\"",\""2023-09\""]""]",92,36,38,54,False,HIGH for observed omission location; causal authoring process not inferred,False,CATALOG_DATA_ONLY,DATA_ONLY,"[""GAP-3458"", ""GAP-3459"", ""GAP-3460"", ""GAP-3461"", ""GAP-3466"", ""GAP-3467"", ""GAP-3468"", ""GAP-3474"", ""GAP-3475"", ""GAP-3477"", ""GAP-3484"", ""GAP-3485"", ""GAP-3487"", ""GAP-3488"", ""GAP-3490"", ""GAP-3492"", ""GAP-3496"", ""GAP-3497"", ""GAP-3498"", ""GAP-3504"", ""GAP-3505"", ""GAP-3507"", ""GAP-3515"", ""GAP-3516"", ""GAP-3518"", ""GAP-3519"", ""GAP-3521"", ""GAP-3523"", ""GAP-3527"", ""GAP-3528"", ""GAP-3529"", ""GAP-3531"", ""GAP-3532"", ""GAP-3533"", ""GAP-3539"", ""GAP-3540"", ""GAP-3542"", ""GAP-3547""]",Observed source→authored/resolved-catalog mechanism. Original author intent or development process not inferred.,SOURCE_TO_CATALOG_DIMENSION_OMISSION
CATALOG_DATA_ONLY,"[""Reise""]","[""if""]","If Reise-kilden er rikere enn de korte hovedfaktaene: blant annet30dagers behandlingsgrense, tilkallelse, psykologhjelp og leiebilvilkår mangler. Medisinsk kjernepåstand legger også til et ikke-kildestøttet alvorlighetskrav for ulykkesskade.","if-reise-independent-inventory.json; ERA3-4 §5.1–5.4 motlib/if-reise-catalog.ts;6aktiveoriginaler lestførkatalog,ingenhistorisk180regel.",RB-36,DATA_ONLY,SCRC-040,"[""[\""if\"",\""reise\"",\""ordinary\"",\""if-reise-basis\"",\""2026-09-20-canonical\""]"", ""[\""if\"",\""reise\"",\""ordinary\"",\""if-reise-standard\"",\""2026-09-20-canonical\""]"", ""[\""if\"",\""reise\"",\""ordinary\"",\""if-reise-super\"",\""2026-09-20-canonical\""]""]",109,48,48,61,False,HIGH for observed omission location; causal authoring process not inferred,False,CATALOG_DATA_ONLY,DATA_ONLY,"[""GAP-3550"", ""GAP-3552"", ""GAP-3553"", ""GAP-3556"", ""GAP-3557"", ""GAP-3559"", ""GAP-3560"", ""GAP-3561"", ""GAP-3562"", ""GAP-3563"", ""GAP-3565"", ""GAP-3569"", ""GAP-3570"", ""GAP-3573"", ""GAP-3575"", ""GAP-3580"", ""GAP-3584"", ""GAP-3589"", ""GAP-3590"", ""GAP-3593"", ""GAP-3594"", ""GAP-3597"", ""GAP-3598"", ""GAP-3599"", ""GAP-3600"", ""GAP-3601"", ""GAP-3603"", ""GAP-3607"", ""GAP-3608"", ""GAP-3610"", ""GAP-3612"", ""GAP-3614"", ""GAP-3619"", ""GAP-3625"", ""GAP-3630"", ""GAP-3631"", ""GAP-3634"", ""GAP-3635"", ""GAP-3638"", ""GAP-3639"", ""GAP-3640"", ""GAP-3641"", ""GAP-3642"", ""GAP-3644"", ""GAP-3648"", ""GAP-3649"", ""GAP-3652"", ""GAP-3653""]",Observed source→authored/resolved-catalog mechanism. Original author intent or development process not inferred.,SOURCE_TO_CATALOG_DIMENSION_OMISSION
CATALOG_DATA_ONLY,"[""Båt""]","[""if""]","If Båt representerer et lite utvalg hoveddekninger, men utelater materielle summer, egenandeler, nybåt- og Superytelser. Motor/gir-egenandelens minste8k-påstand overser dokumentert4kgren.","55source-firstregler fraBÅT2-1/IPID mot alle exactbase/addon/componentfacts; fullvilkår§4.9.5 har4ktil5år,8ktil10år og gradert11–15.",RB-37,DATA_ONLY,SCRC-041,"[""[\""if\"",\""båt\"",\""ordinary\"",\""if-bat-delkasko\"",\""2023-02-01\""]"", ""[\""if\"",\""båt\"",\""ordinary\"",\""if-bat-kasko\"",\""2023-02-01\""]"", ""[\""if\"",\""båt\"",\""ordinary\"",\""if-bat-super\"",\""2023-02-01\""]""]",118,55,63,55,False,HIGH for observed omission location; causal authoring process not inferred,False,CATALOG_DATA_ONLY,DATA_ONLY,"[""GAP-3657"", ""GAP-3658"", ""GAP-3660"", ""GAP-3662"", ""GAP-3664"", ""GAP-3665"", ""GAP-3666"", ""GAP-3667"", ""GAP-3670"", ""GAP-3676"", ""GAP-3677"", ""GAP-3678"", ""GAP-3680"", ""GAP-3682"", ""GAP-3684"", ""GAP-3687"", ""GAP-3688"", ""GAP-3690"", ""GAP-3691"", ""GAP-3692"", ""GAP-3694"", ""GAP-3696"", ""GAP-3697"", ""GAP-3698"", ""GAP-3699"", ""GAP-3700"", ""GAP-3701"", ""GAP-3703"", ""GAP-3706"", ""GAP-3708"", ""GAP-3711"", ""GAP-3717"", ""GAP-3718"", ""GAP-3719"", ""GAP-3721"", ""GAP-3722"", ""GAP-3724"", ""GAP-3726"", ""GAP-3729"", ""GAP-3730"", ""GAP-3732"", ""GAP-3734"", ""GAP-3736"", ""GAP-3737"", ""GAP-3738"", ""GAP-3739"", ""GAP-3740"", ""GAP-3741"", ""GAP-3743"", ""GAP-3746"", ""GAP-3748"", ""GAP-3750"", ""GAP-3751"", ""GAP-3752"", ""GAP-3754"", ""GAP-3757"", ""GAP-3763"", ""GAP-3764"", ""GAP-3765"", ""GAP-3767"", ""GAP-3768"", ""GAP-3770"", ""GAP-3772""]",Observed source→authored/resolved-catalog mechanism. Original author intent or development process not inferred.,SOURCE_TO_CATALOG_DIMENSION_OMISSION
CATALOG_DATA_ONLY,"[""Hund"", ""Katt""]","[""if""]","If Hund/Katt hovednivåer og Liv har bare delvis materialisert fullvilkårets sykdoms-/alders-/sumperiode- og særvilkår. Basisutredning, fødsel/medfødt, artsbestemte leddkrav og Livsytelser går tapt bak få hovedfakta.","HUN2-1/KAT2-1 desember2022 source-first,tidligerepartialSF-raderbevart;eksaktenivåeroglivkontrollertmed39utvidedeinventarregler.",RB-38,DATA_ONLY,SCRC-042,"[""[\""if\"",\""hund\"",\""ordinary\"",\""if-hund-basis\"",\""2022-12-01\""]"", ""[\""if\"",\""hund\"",\""ordinary\"",\""if-hund-standard\"",\""2022-12-01\""]"", ""[\""if\"",\""hund\"",\""ordinary\"",\""if-hund-super\"",\""2022-12-01\""]"", ""[\""if\"",\""katt\"",\""ordinary\"",\""if-katt-basis\"",\""2022-12-01\""]"", ""[\""if\"",\""katt\"",\""ordinary\"",\""if-katt-standard\"",\""2022-12-01\""]"", ""[\""if\"",\""katt\"",\""ordinary\"",\""if-katt-super\"",\""2022-12-01\""]""]",131,49,46,85,False,HIGH for observed omission location; causal authoring process not inferred,False,CATALOG_DATA_ONLY,DATA_ONLY,"[""GAP-3775"", ""GAP-3776"", ""GAP-3777"", ""GAP-3779"", ""GAP-3782"", ""GAP-3783"", ""GAP-3784"", ""GAP-3786"", ""GAP-3793"", ""GAP-3798"", ""GAP-3799"", ""GAP-3800"", ""GAP-3802"", ""GAP-3805"", ""GAP-3806"", ""GAP-3807"", ""GAP-3809"", ""GAP-3816"", ""GAP-3821"", ""GAP-3824"", ""GAP-3825"", ""GAP-3826"", ""GAP-3828"", ""GAP-3831"", ""GAP-3832"", ""GAP-3833"", ""GAP-3835"", ""GAP-3842"", ""GAP-3847"", ""GAP-3848"", ""GAP-3851"", ""GAP-3852"", ""GAP-3854"", ""GAP-3861"", ""GAP-3866"", ""GAP-3867"", ""GAP-3870"", ""GAP-3871"", ""GAP-3873"", ""GAP-3880"", ""GAP-3887"", ""GAP-3888"", ""GAP-3891"", ""GAP-3892"", ""GAP-3894"", ""GAP-3901""]",Observed source→authored/resolved-catalog mechanism. Original author intent or development process not inferred.,SOURCE_TO_CATALOG_DIMENSION_OMISSION
CATALOG_DATA_ONLY,"[""Bil""]","[""tryg""]","Tryg Bil har detaljert og stort sett korrekt tallmodell, men enkelte viktige kvalifikasjoner og felles rettshjelpsvilkår er ikke materialisert. Datoporten for separatLeiebil skiller snapshot29sep fra1okt;ingen manglende kilde skal antas på grunn av fravær i gammel snapshot.",54source-firstregler/11lokaleoriginaler;fullfactlabelsverifisertså100kkmMaskinkomponent/under18barn/under23førerikkefeilflagges;PGE91500finneslokaltviaeksakthenvisning.,RB-39,DATA_ONLY,SCRC-043,"[""[\""tryg\"",\""bil\"",\""ordinary\"",\""bil-ansvar\"",\""PAU25003\""]"", ""[\""tryg\"",\""bil\"",\""ordinary\"",\""bil-delkasko\"",\""PAU25835\""]"", ""[\""tryg\"",\""bil\"",\""ordinary\"",\""bil-kasko\"",\""PAU25205\""]""]",48,23,15,33,False,HIGH for observed omission location; causal authoring process not inferred,False,CATALOG_DATA_ONLY,DATA_ONLY,"[""GAP-3906"", ""GAP-3907"", ""GAP-3908"", ""GAP-3914"", ""GAP-3915"", ""GAP-3916"", ""GAP-3922"", ""GAP-3923"", ""GAP-3928"", ""GAP-3929"", ""GAP-3930"", ""GAP-3936"", ""GAP-3942"", ""GAP-3943"", ""GAP-3949""]",Observed source→authored/resolved-catalog mechanism. Original author intent or development process not inferred.,SOURCE_TO_CATALOG_DIMENSION_OMISSION
CATALOG_DATA_ONLY,"[""MC"", ""Bobil""]","[""tryg""]","Tryg MC/Bobil har korrekt nivåseparasjon og de fleste sentrale tall, men sikkerhetsvilkår, noen ytelser og oppgjørsregler mangler. Kildekonflikter og overlappende aldersformuleringer skal ikke glatt normaliseres.",61uavhengigeregler;alle16dedikertelokaloriginaler+eksaktreferertefellesvilkår;fullreversecheckogtidligerepositivergjenbrukt.,RB-40,DATA_ONLY,SCRC-044,"[""[\""tryg\"",\""bobil\"",\""ordinary\"",\""tryg-bobil-ansvar\"",\""2026-07-01\""]"", ""[\""tryg\"",\""bobil\"",\""ordinary\"",\""tryg-bobil-bobil-ekstra\"",\""2026-07-01\""]"", ""[\""tryg\"",\""bobil\"",\""ordinary\"",\""tryg-bobil-delkasko\"",\""2026-01-01\""]"", ""[\""tryg\"",\""bobil\"",\""ordinary\"",\""tryg-bobil-kasko\"",\""2026-01-01\""]"", ""[\""tryg\"",\""mc\"",\""ordinary\"",\""tryg-mc-ansvar\"",\""2026-07-01\""]"", ""[\""tryg\"",\""mc\"",\""ordinary\"",\""tryg-mc-delkasko\"",\""2026-01-01\""]"", ""[\""tryg\"",\""mc\"",\""ordinary\"",\""tryg-mc-kasko\"",\""2026-07-01\""]"", ""[\""tryg\"",\""mc\"",\""ordinary\"",\""tryg-mc-mc-ekstra\"",\""2026-07-01\""]""]",137,46,68,69,False,HIGH for observed omission location; causal authoring process not inferred,False,CATALOG_DATA_ONLY,DATA_ONLY,"[""GAP-3955"", ""GAP-3958"", ""GAP-3959"", ""GAP-3960"", ""GAP-3961"", ""GAP-3966"", ""GAP-3969"", ""GAP-3972"", ""GAP-3974"", ""GAP-3975"", ""GAP-3976"", ""GAP-3977"", ""GAP-3978"", ""GAP-3979"", ""GAP-3984"", ""GAP-3987"", ""GAP-3990"", ""GAP-3992"", ""GAP-3993"", ""GAP-3996"", ""GAP-3997"", ""GAP-3998"", ""GAP-3999"", ""GAP-4004"", ""GAP-4007"", ""GAP-4008"", ""GAP-4010"", ""GAP-4011"", ""GAP-4016"", ""GAP-4017"", ""GAP-4018"", ""GAP-4019"", ""GAP-4020"", ""GAP-4025"", ""GAP-4028"", ""GAP-4029"", ""GAP-4030"", ""GAP-4035"", ""GAP-4039"", ""GAP-4040"", ""GAP-4042"", ""GAP-4043"", ""GAP-4044"", ""GAP-4045"", ""GAP-4046"", ""GAP-4047"", ""GAP-4052"", ""GAP-4056"", ""GAP-4057"", ""GAP-4059"", ""GAP-4060"", ""GAP-4062"", ""GAP-4063"", ""GAP-4064"", ""GAP-4065"", ""GAP-4066"", ""GAP-4071"", ""GAP-4074"", ""GAP-4075"", ""GAP-4077"", ""GAP-4078"", ""GAP-4080"", ""GAP-4082"", ""GAP-4083"", ""GAP-4084"", ""GAP-4085"", ""GAP-4086"", ""GAP-4087""]",Observed source→authored/resolved-catalog mechanism. Original author intent or development process not inferred.,SOURCE_TO_CATALOG_DIMENSION_OMISSION
CATALOG_DATA_ONLY,"[""Snøscooter"", ""Campingvogn"", ""Tilhenger""]","[""tryg""]","Tryg kjøretøyutvidelser beholder nivånavn, men utelater materielle tall/vilkår. Campingvogn mister naturskade som finnes eksplisitt i egne kilder; tillegg og grunnprodukter må ha type/nivåspesifikke tall.","45source-firstregler,13unikePDF+6HTMLsamtgjenbruktlegal/general;CampingvognKaskoNaturskadeunknownbekreftetsideswapruntime.",RB-41,DATA_ONLY,SCRC-045,"[""[\""tryg\"",\""campingvogn\"",\""ordinary\"",\""tryg-campingvogn-brann\"",\""2026-01-01\""]"", ""[\""tryg\"",\""campingvogn\"",\""ordinary\"",\""tryg-campingvogn-brann-og-tyveri\"",\""2026-01-01\""]"", ""[\""tryg\"",\""campingvogn\"",\""ordinary\"",\""tryg-campingvogn-campingvogn-ekstra\"",\""2026-01-01\""]"", ""[\""tryg\"",\""campingvogn\"",\""ordinary\"",\""tryg-campingvogn-kasko\"",\""2026-01-01\""]"", ""[\""tryg\"",\""snøscooter\"",\""ordinary\"",\""tryg-snoscooter-ansvar\"",null]"", ""[\""tryg\"",\""snøscooter\"",\""ordinary\"",\""tryg-snoscooter-brann-og-tyveri\"",null]"", ""[\""tryg\"",\""snøscooter\"",\""ordinary\"",\""tryg-snoscooter-kasko\"",null]"", ""[\""tryg\"",\""tilhenger\"",\""ordinary\"",\""tryg-tilhenger-brann\"",\""2026-01-01\""]"", ""[\""tryg\"",\""tilhenger\"",\""ordinary\"",\""tryg-tilhenger-brann-og-tyveri\"",\""2026-01-01\""]"", ""[\""tryg\"",\""tilhenger\"",\""ordinary\"",\""tryg-tilhenger-kasko\"",\""2026-01-01\""]""]",164,58,87,77,False,HIGH for observed omission location; causal authoring process not inferred,False,CATALOG_DATA_ONLY,DATA_ONLY,"[""GAP-4091"", ""GAP-4094"", ""GAP-4095"", ""GAP-4098"", ""GAP-4101"", ""GAP-4104"", ""GAP-4105"", ""GAP-4106"", ""GAP-4107"", ""GAP-4108"", ""GAP-4111"", ""GAP-4113"", ""GAP-4114"", ""GAP-4117"", ""GAP-4120"", ""GAP-4121"", ""GAP-4122"", ""GAP-4123"", ""GAP-4124"", ""GAP-4125"", ""GAP-4128"", ""GAP-4130"", ""GAP-4131"", ""GAP-4136"", ""GAP-4138"", ""GAP-4139"", ""GAP-4141"", ""GAP-4143"", ""GAP-4144"", ""GAP-4146"", ""GAP-4151"", ""GAP-4153"", ""GAP-4154"", ""GAP-4155"", ""GAP-4156"", ""GAP-4158"", ""GAP-4160"", ""GAP-4161"", ""GAP-4163"", ""GAP-4168"", ""GAP-4170"", ""GAP-4171"", ""GAP-4172"", ""GAP-4173"", ""GAP-4176"", ""GAP-4177"", ""GAP-4178"", ""GAP-4180"", ""GAP-4181"", ""GAP-4183"", ""GAP-4187"", ""GAP-4188"", ""GAP-4189"", ""GAP-4190"", ""GAP-4191"", ""GAP-4192"", ""GAP-4195"", ""GAP-4196"", ""GAP-4197"", ""GAP-4199"", ""GAP-4200"", ""GAP-4202"", ""GAP-4203"", ""GAP-4204"", ""GAP-4205"", ""GAP-4206"", ""GAP-4211"", ""GAP-4214"", ""GAP-4216"", ""GAP-4217"", ""GAP-4219"", ""GAP-4224"", ""GAP-4225"", ""GAP-4226"", ""GAP-4229"", ""GAP-4231"", ""GAP-4232"", ""GAP-4234"", ""GAP-4239"", ""GAP-4240"", ""GAP-4241"", ""GAP-4245"", ""GAP-4246"", ""GAP-4247"", ""GAP-4249"", ""GAP-4250"", ""GAP-4252""]",Observed source→authored/resolved-catalog mechanism. Original author intent or development process not inferred.,SOURCE_TO_CATALOG_DIMENSION_OMISSION
CATALOG_DATA_ONLY,"[""Båt""]","[""tryg""]","Tryg Båt modellerer rike Ekstra-/Maskin-/ulykkesvilkår hovedsakelig som inkludert/valgfritt og taper summer, vilkår og perioder; motoralder er komprimert feil. Grunnvilkårspakken er ufullstendig lokalt.",33uavhengigesource-firstreglerfra9originaler;faktiskPFB36900/36910/38900motkomponenter;egenprodukttermsikkegrunnKaskovilkår.,RB-42,DATA_ONLY,SCRC-046,"[""[\""tryg\"",\""båt\"",\""ordinary\"",\""tryg-bat-ansvar\"",\""2024-07-01\""]"", ""[\""tryg\"",\""båt\"",\""ordinary\"",\""tryg-bat-bat-ekstra\"",\""2024-07-01\""]"", ""[\""tryg\"",\""båt\"",\""ordinary\"",\""tryg-bat-brann-ansvar\"",\""2024-07-01\""]"", ""[\""tryg\"",\""båt\"",\""ordinary\"",\""tryg-bat-brann-tyveri-ansvar\"",\""2024-07-01\""]"", ""[\""tryg\"",\""båt\"",\""ordinary\"",\""tryg-bat-kasko-ansvar\"",\""2024-07-01\""]""]",82,30,54,28,False,HIGH for observed omission location; causal authoring process not inferred,False,CATALOG_DATA_ONLY,DATA_ONLY,"[""GAP-4254"", ""GAP-4258"", ""GAP-4259"", ""GAP-4261"", ""GAP-4262"", ""GAP-4263"", ""GAP-4267"", ""GAP-4269"", ""GAP-4270"", ""GAP-4272"", ""GAP-4273"", ""GAP-4274"", ""GAP-4278"", ""GAP-4279"", ""GAP-4281"", ""GAP-4282"", ""GAP-4284"", ""GAP-4285"", ""GAP-4286"", ""GAP-4290"", ""GAP-4291"", ""GAP-4295"", ""GAP-4296"", ""GAP-4297"", ""GAP-4298"", ""GAP-4299"", ""GAP-4300"", ""GAP-4301"", ""GAP-4302"", ""GAP-4304"", ""GAP-4305"", ""GAP-4306"", ""GAP-4310"", ""GAP-4311"", ""GAP-4315"", ""GAP-4316"", ""GAP-4317"", ""GAP-4318"", ""GAP-4319"", ""GAP-4320"", ""GAP-4321"", ""GAP-4322"", ""GAP-4323"", ""GAP-4324"", ""GAP-4325"", ""GAP-4326"", ""GAP-4327"", ""GAP-4328"", ""GAP-4329"", ""GAP-4330"", ""GAP-4331"", ""GAP-4332"", ""GAP-4334"", ""GAP-4335""]",Observed source→authored/resolved-catalog mechanism. Original author intent or development process not inferred.,SOURCE_TO_CATALOG_DIMENSION_OMISSION
CATALOG_DATA_ONLY,"[""Hund"", ""Katt""]","[""tryg""]","Tryg dyr har hovedsummer fra valgstruktur og noen Ekstra-beløp, men utelater diagnoser/utløsere, livsvilkår og tjenester. Tidligere tidlig-auditfunn videreføres uten duplisering.",40source-firstreglerfra10lokaleoriginaler;alleheadclaimsog4tilleggkontrollertmedtypegrenser;SF0001–0032gjenbrukt.,RB-43,DATA_ONLY,SCRC-047,"[""[\""tryg\"",\""hund\"",\""ordinary\"",\""tryg-hund-behandling\"",\""2026-09-01\""]"", ""[\""tryg\"",\""katt\"",\""ordinary\"",\""tryg-katt-behandling\"",\""2026-09-01\""]""]",52,52,26,26,False,HIGH for observed omission location; causal authoring process not inferred,False,CATALOG_DATA_ONLY,DATA_ONLY,"[""GAP-4340"", ""GAP-4341"", ""GAP-4342"", ""GAP-4343"", ""GAP-4345"", ""GAP-4350"", ""GAP-4351"", ""GAP-4352"", ""GAP-4353"", ""GAP-4354"", ""GAP-4357"", ""GAP-4358"", ""GAP-4360"", ""GAP-4361"", ""GAP-4363"", ""GAP-4368"", ""GAP-4369"", ""GAP-4370"", ""GAP-4371"", ""GAP-4377"", ""GAP-4378"", ""GAP-4379"", ""GAP-4380"", ""GAP-4381"", ""GAP-4385"", ""GAP-4386""]",Observed source→authored/resolved-catalog mechanism. Original author intent or development process not inferred.,SOURCE_TO_CATALOG_DIMENSION_OMISSION
CATALOG_DATA_ONLY,"[""Innbo""]","[""tryg""]","Tryg Innbo har kontrollerte hovedbeløp, men mangler materielle utløsere, gjenstandsgrenser og oppgjørsregler; Ekstra arver en fellesbodgrense fra feil fullvilkår og flytte-tyveri benevnes transportskade.",48 uavhengige regler fra 10 lokale originaler; full reverse-check av begge nivåer og utleietillegg.,RB-44,DATA_ONLY,SCRC-048,"[""[\""tryg\"",\""innbo\"",\""ordinary\"",\""tryg-innbo\"",\""2026-07-01\""]"", ""[\""tryg\"",\""innbo\"",\""ordinary\"",\""tryg-innbo-ekstra\"",\""2026-07-01\""]""]",62,37,21,41,False,HIGH for observed omission location; causal authoring process not inferred,False,CATALOG_DATA_ONLY,DATA_ONLY,"[""GAP-4391"", ""GAP-4394"", ""GAP-4395"", ""GAP-4396"", ""GAP-4400"", ""GAP-4401"", ""GAP-4405"", ""GAP-4407"", ""GAP-4420"", ""GAP-4423"", ""GAP-4424"", ""GAP-4425"", ""GAP-4429"", ""GAP-4430"", ""GAP-4431"", ""GAP-4435"", ""GAP-4436"", ""GAP-4437"", ""GAP-4438"", ""GAP-4439"", ""GAP-4449""]",Observed source→authored/resolved-catalog mechanism. Original author intent or development process not inferred.,SOURCE_TO_CATALOG_DIMENSION_OMISSION
CATALOG_DATA_ONLY,"[""Hus""]","[""tryg""]","Tryg Hus er en detaljrik positiv kontroll. Få gjenværende oppgjørsdetaljer er ikke materialisert: eldste del/hele kostnaden, arbeidsvederlag og enkelte spesialvilkår; ingen udokumentert innføring av bygg-under-oppføring.","65 uavhengige regler fra alle16originaler; hele aktivebase/Ekstra+2tillegg kontrollert, bygg-under-oppføring registrert uten å kreve ny produktutvidelse.",RB-45,DATA_ONLY,SCRC-049,"[""[\""tryg\"",\""bolig\"",\""ordinary\"",\""tryg-hus\"",\""2026-01-01\""]"", ""[\""tryg\"",\""bolig\"",\""ordinary\"",\""tryg-hus-ekstra\"",\""2026-01-01\""]""]",16,9,0,16,False,HIGH for observed omission location; causal authoring process not inferred,False,CATALOG_DATA_ONLY,DATA_ONLY,[],Observed source→authored/resolved-catalog mechanism. Original author intent or development process not inferred.,SOURCE_TO_CATALOG_DIMENSION_OMISSION
CATALOG_DATA_ONLY,"[""Reise""]","[""tryg""]","Tryg Reise har gode summer og mange vilkårsdimensjoner, men Tryg Legehjelp mangler på Ekstra, valgfrie/general egenandeler og ulykkesbegrensninger er ufullstendige. Lokale web/IPID-konflikter må avklares uten å erstatte bevisvalg.",52 source-first regler; alle13originaler/3nivåer/2ulykketillegg; sidebyttet runtime bekrefter Ekstra Legehjelp som falsk katalog-unknown.,RB-46,DATA_ONLY,SCRC-050,"[""[\""tryg\"",\""reise\"",\""ordinary\"",\""tryg-reise\"",\""2026-09-20-canonical\""]"", ""[\""tryg\"",\""reise\"",\""ordinary\"",\""tryg-reise-ekstra\"",\""2026-09-20-canonical\""]"", ""[\""tryg\"",\""reise\"",\""ordinary\"",\""tryg-reise-premium\"",\""2026-09-20-canonical\""]""]",75,28,35,40,False,HIGH for observed omission location; causal authoring process not inferred,False,CATALOG_DATA_ONLY,DATA_ONLY,"[""GAP-4466"", ""GAP-4467"", ""GAP-4468"", ""GAP-4470"", ""GAP-4473"", ""GAP-4476"", ""GAP-4479"", ""GAP-4481"", ""GAP-4483"", ""GAP-4484"", ""GAP-4485"", ""GAP-4489"", ""GAP-4490"", ""GAP-4491"", ""GAP-4492"", ""GAP-4494"", ""GAP-4497"", ""GAP-4500"", ""GAP-4504"", ""GAP-4506"", ""GAP-4507"", ""GAP-4509"", ""GAP-4510"", ""GAP-4511"", ""GAP-4515"", ""GAP-4516"", ""GAP-4517"", ""GAP-4519"", ""GAP-4522"", ""GAP-4525"", ""GAP-4529"", ""GAP-4532"", ""GAP-4535"", ""GAP-4536"", ""GAP-4537""]",Observed source→authored/resolved-catalog mechanism. Original author intent or development process not inferred.,SOURCE_TO_CATALOG_DIMENSION_OMISSION
CATALOG_DATA_ONLY,"[""Bil""]","[""fremtind"", ""sparebank1-fremtind"", ""dnb-fremtind"", ""eika-fremtind""]","Fremtind Bil deler detaljerte kjernekomponenter på tvers av fire registrerte provider-IDer. Materiale om veihjelpens betingede leiebil, leasing, oppgjør og kvalifikasjoner er utelatt; kanalspesifikke kilder må bekreftes separat fra generiske vilkår.","52uavhengigeregler;4nivåfullvilkår,2tillegg,V106,legacyM05P,Eikas egne lenkesider. 16exactresolvedprodukter kontrollert;8vanlige og2SB1kanaltillegg.",RB-47,DATA_ONLY,SCRC-051,"[""[\""dnb-fremtind\"",\""bil\"",\""ordinary\"",\""dnb-bil-ansvar\"",\""PMO-357.001-004\""]"", ""[\""dnb-fremtind\"",\""bil\"",\""ordinary\"",\""dnb-bil-delkasko\"",\""PMO-357.001-004\""]"", ""[\""dnb-fremtind\"",\""bil\"",\""ordinary\"",\""dnb-bil-kasko\"",\""PMO-357.001-004\""]"", ""[\""dnb-fremtind\"",\""bil\"",\""ordinary\"",\""dnb-bil-topp\"",\""PMO-357.001-004\""]"", ""[\""eika-fremtind\"",\""bil\"",\""ordinary\"",\""eika-bil-ansvar\"",\""PMO-357.001-004\""]"", ""[\""eika-fremtind\"",\""bil\"",\""ordinary\"",\""eika-bil-delkasko\"",\""PMO-357.001-004\""]"", ""[\""eika-fremtind\"",\""bil\"",\""ordinary\"",\""eika-bil-kasko\"",\""PMO-357.001-004\""]"", ""[\""eika-fremtind\"",\""bil\"",\""ordinary\"",\""eika-bil-topp\"",\""PMO-357.001-004\""]"", ""[\""fremtind\"",\""bil\"",\""ordinary\"",\""fremtind-bil-ansvar\"",\""PMO-357.001-004\""]"", ""[\""fremtind\"",\""bil\"",\""ordinary\"",\""fremtind-bil-delkasko\"",\""PMO-357.001-004\""]"", ""[\""fremtind\"",\""bil\"",\""ordinary\"",\""fremtind-bil-kasko\"",\""PMO-357.001-004\""]"", ""[\""fremtind\"",\""bil\"",\""ordinary\"",\""fremtind-bil-topp\"",\""PMO-357.001-004\""]"", ""[\""sparebank1-fremtind\"",\""bil\"",\""ordinary\"",\""sb1-bil-ansvar\"",\""PMO-357.001-004\""]"", ""[\""sparebank1-fremtind\"",\""bil\"",\""ordinary\"",\""sb1-bil-delkasko\"",\""PMO-357.001-004\""]"", ""[\""sparebank1-fremtind\"",\""bil\"",\""ordinary\"",\""sb1-bil-kasko\"",\""PMO-357.001-004\""]"", ""[\""sparebank1-fremtind\"",\""bil\"",\""ordinary\"",\""sb1-bil-toppkasko\"",\""PMO-357.001-004\""]""]",460,164,166,294,False,HIGH for observed omission location; causal authoring process not inferred,False,CATALOG_DATA_ONLY,DATA_ONLY,"[""GAP-4543"", ""GAP-4548"", ""GAP-4551"", ""GAP-4556"", ""GAP-4561"", ""GAP-4564"", ""GAP-4568"", ""GAP-4569"", ""GAP-4570"", ""GAP-4571"", ""GAP-4572"", ""GAP-4575"", ""GAP-4576"", ""GAP-4577"", ""GAP-4579"", ""GAP-4585"", ""GAP-4590"", ""GAP-4593"", ""GAP-4597"", ""GAP-4598"", ""GAP-4599"", ""GAP-4600"", ""GAP-4601"", ""GAP-4605"", ""GAP-4606"", ""GAP-4608"", ""GAP-4611"", ""GAP-4612"", ""GAP-4619"", ""GAP-4624"", ""GAP-4627"", ""GAP-4631"", ""GAP-4632"", ""GAP-4633"", ""GAP-4634"", ""GAP-4635"", ""GAP-4638"", ""GAP-4640"", ""GAP-4643"", ""GAP-4648"", ""GAP-4649"", ""GAP-4656"", ""GAP-4661"", ""GAP-4664"", ""GAP-4669"", ""GAP-4674"", ""GAP-4677"", ""GAP-4681"", ""GAP-4682"", ""GAP-4683"", ""GAP-4684"", ""GAP-4685"", ""GAP-4688"", ""GAP-4689"", ""GAP-4690"", ""GAP-4692"", ""GAP-4698"", ""GAP-4703"", ""GAP-4706"", ""GAP-4710"", ""GAP-4711"", ""GAP-4712"", ""GAP-4713"", ""GAP-4714"", ""GAP-4718"", ""GAP-4719"", ""GAP-4721"", ""GAP-4724"", ""GAP-4725"", ""GAP-4732"", ""GAP-4737"", ""GAP-4740"", ""GAP-4744"", ""GAP-4745"", ""GAP-4746"", ""GAP-4747"", ""GAP-4748"", ""GAP-4751"", ""GAP-4753"", ""GAP-4756"", ""GAP-4761"", ""GAP-4762"", ""GAP-4769"", ""GAP-4774"", ""GAP-4777"", ""GAP-4782"", ""GAP-4787"", ""GAP-4790"", ""GAP-4794"", ""GAP-4795"", ""GAP-4796"", ""GAP-4797"", ""GAP-4798"", ""GAP-4801"", ""GAP-4802"", ""GAP-4803"", ""GAP-4805"", ""GAP-4811"", ""GAP-4816"", ""GAP-4819"", ""GAP-4823"", ""GAP-4824"", ""GAP-4825"", ""GAP-4826"", ""GAP-4827"", ""GAP-4831"", ""GAP-4832"", ""GAP-4834"", ""GAP-4837"", ""GAP-4838"", ""GAP-4845"", ""GAP-4850"", ""GAP-4853"", ""GAP-4857"", ""GAP-4858"", ""GAP-4859"", ""GAP-4860"", ""GAP-4861"", ""GAP-4864"", ""GAP-4866"", ""GAP-4869"", ""GAP-4874"", ""GAP-4875"", ""GAP-4882"", ""GAP-4887"", ""GAP-4890"", ""GAP-4895"", ""GAP-4900"", ""GAP-4903"", ""GAP-4907"", ""GAP-4908"", ""GAP-4909"", ""GAP-4910"", ""GAP-4911"", ""GAP-4914"", ""GAP-4915"", ""GAP-4916"", ""GAP-4918"", ""GAP-4924"", ""GAP-4929"", ""GAP-4932"", ""GAP-4936"", ""GAP-4937"", ""GAP-4938"", ""GAP-4939"", ""GAP-4940"", ""GAP-4944"", ""GAP-4945"", ""GAP-4947"", ""GAP-4950"", ""GAP-4951"", ""GAP-4952"", ""GAP-4962"", ""GAP-4967"", ""GAP-4970"", ""GAP-4974"", ""GAP-4975"", ""GAP-4976"", ""GAP-4977"", ""GAP-4978"", ""GAP-4981"", ""GAP-4983"", ""GAP-4986"", ""GAP-4991"", ""GAP-4992"", ""GAP-4993""]",Observed source→authored/resolved-catalog mechanism. Original author intent or development process not inferred.,SOURCE_TO_CATALOG_DIMENSION_OMISSION
CATALOG_DATA_ONLY,"[""Innbo""]","[""fremtind""]","Fremtind Innbo har mange presise summer, men arvet vanntekst mister Topp-inntrengning over terreng. Personkrets, alderstabell, flere objektytelser og store uhellsbegrensninger er ikke representert.","50uavhengigeregler fra Standard11p/Topp14p/IPID2p; allresolvedfactsreversekontrollert, fellesvedlegg tekstidentisk med layoutvariasjon.",RB-48,DATA_ONLY,SCRC-052,"[""[\""fremtind\"",\""innbo\"",\""ordinary\"",\""fremtind-innbo-standard\"",\""2025-01-01\""]"", ""[\""fremtind\"",\""innbo\"",\""ordinary\"",\""fremtind-innbo-topp\"",\""2025-01-01\""]""]",73,42,29,44,False,HIGH for observed omission location; causal authoring process not inferred,False,CATALOG_DATA_ONLY,DATA_ONLY,"[""GAP-5001"", ""GAP-5003"", ""GAP-5004"", ""GAP-5007"", ""GAP-5009"", ""GAP-5013"", ""GAP-5014"", ""GAP-5022"", ""GAP-5024"", ""GAP-5025"", ""GAP-5026"", ""GAP-5028"", ""GAP-5032"", ""GAP-5033"", ""GAP-5035"", ""GAP-5036"", ""GAP-5039"", ""GAP-5041"", ""GAP-5045"", ""GAP-5046"", ""GAP-5054"", ""GAP-5056"", ""GAP-5057"", ""GAP-5063"", ""GAP-5065"", ""GAP-5066"", ""GAP-5067"", ""GAP-5069"", ""GAP-5073""]",Observed source→authored/resolved-catalog mechanism. Original author intent or development process not inferred.,SOURCE_TO_CATALOG_DIMENSION_OMISSION
CATALOG_DATA_ONLY,"[""Hus""]","[""fremtind""]","Fremtind Hus har bredt representerte summer og tillegg, men Standard har feil positiv kunstnerisk utsmykning og aldersfradrag mangler material-/hendelsesavgrensning. Flere materielle oppgjørs- og dekningsvilkår er komprimert bort.",52 uavhengige kilderegler mot begge nivå og begge tillegg; Standard s3 høyre kolonne versus Topp s1; full reversekontroll.,RB-49,DATA_ONLY,SCRC-053,"[""[\""fremtind\"",\""bolig\"",\""ordinary\"",\""fremtind-hus-standard\"",\""PBK-200.100-015+PBK-200.200-010\""]"", ""[\""fremtind\"",\""bolig\"",\""ordinary\"",\""fremtind-hus-topp\"",\""PBK-200.100-015+PBK-200.200-010\""]""]",70,38,27,43,False,HIGH for observed omission location; causal authoring process not inferred,False,CATALOG_DATA_ONLY,DATA_ONLY,"[""GAP-5074"", ""GAP-5076"", ""GAP-5079"", ""GAP-5084"", ""GAP-5085"", ""GAP-5087"", ""GAP-5088"", ""GAP-5090"", ""GAP-5091"", ""GAP-5099"", ""GAP-5100"", ""GAP-5104"", ""GAP-5106"", ""GAP-5107"", ""GAP-5109"", ""GAP-5112"", ""GAP-5117"", ""GAP-5118"", ""GAP-5120"", ""GAP-5121"", ""GAP-5123"", ""GAP-5124"", ""GAP-5132"", ""GAP-5134"", ""GAP-5135"", ""GAP-5138"", ""GAP-5142""]",Observed source→authored/resolved-catalog mechanism. Original author intent or development process not inferred.,SOURCE_TO_CATALOG_DIMENSION_OMISSION
CATALOG_DATA_ONLY,"[""Reise""]","[""fremtind""]",Aktiv Fremtind Reise mister flere eksplisitte beløp og kvalifikasjoner fra eget fullvilkår. Forsinkelse samler fremmøte og forsinket avgang under ulikt innhentingstak; sikkerhetsfaktum har kildepunkt7.6 som ikke finnes i arkivert gjeldende pakke.,"47 source-first regler, alle17sider+IPIDV104, gjenbrukte rettsvedlegg kontrollert med tekstsammenligning.",RB-50,DATA_ONLY,SCRC-054,"[""[\""fremtind\"",\""reise\"",\""ordinary\"",\""fremtind-reise\"",\""PRE-450.200-015\""]""]",35,35,16,19,False,HIGH for observed omission location; causal authoring process not inferred,False,CATALOG_DATA_ONLY,DATA_ONLY,"[""GAP-5144"", ""GAP-5145"", ""GAP-5147"", ""GAP-5149"", ""GAP-5150"", ""GAP-5151"", ""GAP-5155"", ""GAP-5157"", ""GAP-5159"", ""GAP-5160"", ""GAP-5161"", ""GAP-5163"", ""GAP-5169"", ""GAP-5170"", ""GAP-5173"", ""GAP-5178""]",Observed source→authored/resolved-catalog mechanism. Original author intent or development process not inferred.,SOURCE_TO_CATALOG_DIMENSION_OMISSION
INHERITANCE,"[""Reise""]","[""fremtind""]",Historisk Eika P10/P15 beholder nye Fremtind-mobil- og personkretsregler uten historisk støtte; Pluss arver flere standardegenandeler. Eksplisitte forsinkelsegrenser og gamle aldersregler er for grove.,44 kilderegler etter30sider+IPID;historiske identiteter sammenholdt separat fra current70dprodukt.,RB-51,SMALL_CODE,SCRC-055,"[""[\""fremtind-eika-legacy\"",\""reise\"",\""ordinary\"",\""eika-reise-p10\"",\""P10-P10P-2025-01-01\""]"", ""[\""fremtind-eika-legacy\"",\""reise\"",\""ordinary\"",\""eika-reise-pluss-p10\"",\""P10-P10P-2025-01-01\""]""]",81,45,37,44,False,HIGH for observed omission location; causal authoring process not inferred,False,INHERITANCE,SMALL_CODE,"[""GAP-5179"", ""GAP-5181"", ""GAP-5183"", ""GAP-5194"", ""GAP-5200"", ""GAP-5201"", ""GAP-5202"", ""GAP-5203"", ""GAP-5204"", ""GAP-5205"", ""GAP-5208"", ""GAP-5211"", ""GAP-5212"", ""GAP-5213"", ""GAP-5214"", ""GAP-5215"", ""GAP-5216"", ""GAP-5218"", ""GAP-5219"", ""GAP-5230"", ""GAP-5236"", ""GAP-5237"", ""GAP-5238"", ""GAP-5239"", ""GAP-5240"", ""GAP-5241"", ""GAP-5244"", ""GAP-5247"", ""GAP-5250"", ""GAP-5252"", ""GAP-5253"", ""GAP-5254"", ""GAP-5255"", ""GAP-5256"", ""GAP-5257"", ""GAP-5258"", ""GAP-5259""]",Observed source→authored/resolved-catalog mechanism. Original author intent or development process not inferred.,SOURCE_TO_CATALOG_DIMENSION_OMISSION
CATALOG_DATA_ONLY,"[""Snøscooter"", ""Campingvogn"", ""Tilhenger"", ""MC""]","[""eika-fremtind"", ""fremtind""]","Fremtind lette kjøretøy har typeavgrensede vilkår som er redusert til foreldredekninger eller utelatt: MC nyverdi, campingfukt/ferie/nyverdi og snøscooter summer/redning. Tilhenger skal ikke arve camping- eller MC-regler.","44 uavhengige regler fra 10/11/5 sider fullvilkår, IPID og MC-produktside; eksakt type/nivå kontrollert mot alle ni produkter.",RB-52,DATA_ONLY,SCRC-056,"[""[\""eika-fremtind\"",\""campingvogn\"",\""ordinary\"",\""eika-fremtind-campingvogn-kasko\"",\""2024-03-21\""]"", ""[\""eika-fremtind\"",\""campingvogn\"",\""ordinary\"",\""eika-fremtind-campingvogn-minikasko\"",\""2024-03-21\""]"", ""[\""eika-fremtind\"",\""snøscooter\"",\""ordinary\"",\""eika-fremtind-snoscooter-ansvar\"",\""2023-10-29\""]"", ""[\""eika-fremtind\"",\""snøscooter\"",\""ordinary\"",\""eika-fremtind-snoscooter-kasko\"",\""2023-10-29\""]"", ""[\""eika-fremtind\"",\""snøscooter\"",\""ordinary\"",\""eika-fremtind-snoscooter-minikasko\"",\""2023-10-29\""]"", ""[\""eika-fremtind\"",\""tilhenger\"",\""ordinary\"",\""eika-fremtind-tilhenger-kasko\"",\""2024-03-21\""]"", ""[\""fremtind\"",\""mc\"",\""ordinary-sparebank1\"",\""fremtind-mc-ansvar\"",null]"", ""[\""fremtind\"",\""mc\"",\""ordinary-sparebank1\"",\""fremtind-mc-delkasko\"",null]"", ""[\""fremtind\"",\""mc\"",\""ordinary-sparebank1\"",\""fremtind-mc-kasko\"",null]""]",114,57,49,65,False,HIGH for observed omission location; causal authoring process not inferred,False,CATALOG_DATA_ONLY,DATA_ONLY,"[""GAP-5262"", ""GAP-5263"", ""GAP-5265"", ""GAP-5269"", ""GAP-5270"", ""GAP-5272"", ""GAP-5274"", ""GAP-5276"", ""GAP-5277"", ""GAP-5280"", ""GAP-5283"", ""GAP-5284"", ""GAP-5286"", ""GAP-5288"", ""GAP-5290"", ""GAP-5291"", ""GAP-5294"", ""GAP-5297"", ""GAP-5300"", ""GAP-5301"", ""GAP-5303"", ""GAP-5305"", ""GAP-5306"", ""GAP-5307"", ""GAP-5308"", ""GAP-5311"", ""GAP-5312"", ""GAP-5314"", ""GAP-5316"", ""GAP-5317"", ""GAP-5318"", ""GAP-5320"", ""GAP-5321"", ""GAP-5322"", ""GAP-5324"", ""GAP-5326"", ""GAP-5329"", ""GAP-5334"", ""GAP-5342"", ""GAP-5345"", ""GAP-5348"", ""GAP-5350"", ""GAP-5351"", ""GAP-5359"", ""GAP-5362"", ""GAP-5365"", ""GAP-5367"", ""GAP-5369"", ""GAP-5370""]",Observed source→authored/resolved-catalog mechanism. Original author intent or development process not inferred.,SOURCE_TO_CATALOG_DIMENSION_OMISSION
CATALOG_DATA_ONLY,"[""Bobil""]","[""fremtind""]","Fremtind Bobil har presise hovedsummer og Topp fukt/ferie, men mangler veihjelpens separate leiebilytelse, leasingberegning, oppgjør og flere tilleggsdetaljer. DNB-nettsidens motstridende sum/nivå/utleieregler må avklares separat.","57 source-first regler, currentfull13p/shared2025components,2optional fullterms,IPIDV106og DNBoriginal sammenholdt med4produkter.",RB-53,DATA_ONLY,SCRC-057,"[""[\""fremtind\"",\""bobil\"",\""ordinary-dnb\"",\""fremtind-bobil-ansvar\"",\""2025-09-18\""]"", ""[\""fremtind\"",\""bobil\"",\""ordinary-dnb\"",\""fremtind-bobil-kasko\"",\""2025-09-18\""]"", ""[\""fremtind\"",\""bobil\"",\""ordinary-dnb\"",\""fremtind-bobil-minikasko\"",\""2025-09-18\""]"", ""[\""fremtind\"",\""bobil\"",\""ordinary-dnb\"",\""fremtind-bobil-topp\"",\""2025-09-18\""]""]",113,42,28,85,False,HIGH for observed omission location; causal authoring process not inferred,False,CATALOG_DATA_ONLY,DATA_ONLY,"[""GAP-5384"", ""GAP-5386"", ""GAP-5397"", ""GAP-5403"", ""GAP-5405"", ""GAP-5406"", ""GAP-5407"", ""GAP-5413"", ""GAP-5414"", ""GAP-5425"", ""GAP-5431"", ""GAP-5433"", ""GAP-5435"", ""GAP-5442"", ""GAP-5444"", ""GAP-5446"", ""GAP-5448"", ""GAP-5449"", ""GAP-5450"", ""GAP-5461"", ""GAP-5467"", ""GAP-5469"", ""GAP-5476"", ""GAP-5480"", ""GAP-5482"", ""GAP-5484"", ""GAP-5485"", ""GAP-5486""]",Observed source→authored/resolved-catalog mechanism. Original author intent or development process not inferred.,SOURCE_TO_CATALOG_DIMENSION_OMISSION
CATALOG_DATA_ONLY,"[""Båt""]","[""sparebank1-fremtind""]","Fremtind Båt minikasko har svært få facts selv om fullvilkår dokumenterer redning, natur, løsøre, utstyr og ulykke. Kasko/Topp mangler detaljerte summer, kvalifikasjoner og aldersfradrag.","46 source-first rules;full12p,IPID2p,SB1HTML; three exactproducts fullycompared;presentation probes verifyactualunknowns.",RB-54,DATA_ONLY,SCRC-058,"[""[\""sparebank1-fremtind\"",\""båt\"",\""ordinary\"",\""sparebank1-fremtind-bat-delkasko\"",\""2024-06-10\""]"", ""[\""sparebank1-fremtind\"",\""båt\"",\""ordinary\"",\""sparebank1-fremtind-bat-kasko\"",\""2024-06-10\""]"", ""[\""sparebank1-fremtind\"",\""båt\"",\""ordinary\"",\""sparebank1-fremtind-bat-toppkasko\"",\""2024-06-10\""]""]",92,40,56,36,False,HIGH for observed omission location; causal authoring process not inferred,False,CATALOG_DATA_ONLY,DATA_ONLY,"[""GAP-5489"", ""GAP-5491"", ""GAP-5492"", ""GAP-5493"", ""GAP-5494"", ""GAP-5495"", ""GAP-5499"", ""GAP-5500"", ""GAP-5501"", ""GAP-5502"", ""GAP-5505"", ""GAP-5507"", ""GAP-5509"", ""GAP-5511"", ""GAP-5514"", ""GAP-5516"", ""GAP-5517"", ""GAP-5518"", ""GAP-5519"", ""GAP-5520"", ""GAP-5524"", ""GAP-5525"", ""GAP-5526"", ""GAP-5527"", ""GAP-5530"", ""GAP-5531"", ""GAP-5533"", ""GAP-5534"", ""GAP-5535"", ""GAP-5537"", ""GAP-5539"", ""GAP-5541"", ""GAP-5544"", ""GAP-5546"", ""GAP-5547"", ""GAP-5548"", ""GAP-5549"", ""GAP-5550"", ""GAP-5554"", ""GAP-5555"", ""GAP-5556"", ""GAP-5557"", ""GAP-5560"", ""GAP-5561"", ""GAP-5563"", ""GAP-5564"", ""GAP-5565"", ""GAP-5566"", ""GAP-5567"", ""GAP-5569"", ""GAP-5570"", ""GAP-5571"", ""GAP-5572"", ""GAP-5574"", ""GAP-5576"", ""GAP-5578""]",Observed source→authored/resolved-catalog mechanism. Original author intent or development process not inferred.,SOURCE_TO_CATALOG_DIMENSION_OMISSION
ADDON,"[""Hund"", ""Katt""]","[""sparebank1-fremtind""]","Fremtind dyr har foreldrefacts som utelater prosentegenandel, ventetid, sublimits og sykdomsvilkår. Hund base/Topp er ikke tilstrekkelig dimensjonert; MR/CT årsgrense feilaktig presentert som valgt sum, allergi bare tilvalg, og livsfradrag mangler niårsgruppe.","40 source-first rules acrossvet3/2p,life/use1p,IPIDs,SB1pages;exact2productsand4addons;runtimeoptional/base finding verified.",RB-55,SMALL_CODE,SCRC-059,"[""[\""sparebank1-fremtind\"",\""hund\"",\""ordinary\"",\""sparebank1-fremtind-hund-veterin-r\"",\""2025-08-07\""]"", ""[\""sparebank1-fremtind\"",\""katt\"",\""ordinary\"",\""sparebank1-fremtind-katt-veterin-r\"",\""2025-08-07\""]""]",52,52,44,8,False,HIGH for observed omission location; causal authoring process not inferred,False,ADDON,SMALL_CODE,"[""GAP-5580"", ""GAP-5581"", ""GAP-5582"", ""GAP-5583"", ""GAP-5584"", ""GAP-5585"", ""GAP-5586"", ""GAP-5587"", ""GAP-5588"", ""GAP-5590"", ""GAP-5591"", ""GAP-5592"", ""GAP-5594"", ""GAP-5595"", ""GAP-5596"", ""GAP-5597"", ""GAP-5598"", ""GAP-5599"", ""GAP-5601"", ""GAP-5602"", ""GAP-5603"", ""GAP-5604"", ""GAP-5605"", ""GAP-5606"", ""GAP-5607"", ""GAP-5608"", ""GAP-5610"", ""GAP-5611"", ""GAP-5612"", ""GAP-5613"", ""GAP-5614"", ""GAP-5615"", ""GAP-5617"", ""GAP-5618"", ""GAP-5619"", ""GAP-5621"", ""GAP-5622"", ""GAP-5624"", ""GAP-5625"", ""GAP-5626"", ""GAP-5627"", ""GAP-5628"", ""GAP-5629"", ""GAP-5630""]",Observed source→authored/resolved-catalog mechanism. Original author intent or development process not inferred.,SOURCE_TO_CATALOG_DIMENSION_OMISSION
CATALOG_DATA_ONLY,"[""Båt""]","[""storebrand""]",Storebrand Båt has sparse base rules and incomplete level inheritance; full båt03 terms contain material qualifications and benefits absent from resolved catalog. Source conflicts are retained separately.,"[""Source-first SBT-01–39; all22p+IPID+HTML; existing GAP0058–0090 revalidated rather than duplicated.""]",RB-56,DATA_ONLY,SCRC-060,"[""[\""storebrand\"",\""båt\"",\""ordinary\"",\""storebrand-bat-delkasko\"",\""2024-09-01\""]"", ""[\""storebrand\"",\""båt\"",\""ordinary\"",\""storebrand-bat-kasko\"",\""2024-09-01\""]"", ""[\""storebrand\"",\""båt\"",\""ordinary\"",\""storebrand-bat-super\"",\""2024-09-01\""]""]",66,24,28,38,False,HIGH for observed omission location; causal authoring process not inferred,False,CATALOG_DATA_ONLY,DATA_ONLY,"[""GAP-5633"", ""GAP-5635"", ""GAP-5636"", ""GAP-5637"", ""GAP-5638"", ""GAP-5641"", ""GAP-5645"", ""GAP-5648"", ""GAP-5651"", ""GAP-5654"", ""GAP-5656"", ""GAP-5658"", ""GAP-5659"", ""GAP-5660"", ""GAP-5663"", ""GAP-5667"", ""GAP-5670"", ""GAP-5673"", ""GAP-5676"", ""GAP-5678"", ""GAP-5680"", ""GAP-5681"", ""GAP-5682"", ""GAP-5683"", ""GAP-5686"", ""GAP-5690"", ""GAP-5693"", ""GAP-5696""]",Observed source→authored/resolved-catalog mechanism. Original author intent or development process not inferred.,SOURCE_TO_CATALOG_DIMENSION_OMISSION
