id,filename,providerId,company,insuranceType,agreementScope,sourceType,termsNumber,effectiveFrom,version,url,sha256,documentName,artifact_paths,link_status,productIds,distributionChannels,productCode,updatedAt,appliesTo
boat-pet:tryg:båt,tryg-boat-ipid.pdf,tryg,Tryg,Båt,ordinary,ipid,IPID Fritidsbåtforsikring,2024-07-01,2024-07-01,https://www.tryg.no/system/files/download/pdf/ipid/IPID-Batforsikring.pdf,75d8af24d727a2994d3fc2ae566ad075f1cb7f7edad4993d78c3b59bc1700ff5,IPID Fritidsbåtforsikring,"[""catalog/sources/boat-pet/tryg-boat-ipid.pdf""]",RESOLVED,,,,,
boat-pet:tryg:hund,tryg-pet-ipid.pdf,tryg,Tryg,Hund,ordinary,ipid,IPID Dyreforsikring,2026-09-01,2026-09-01,https://www.tryg.no/system/files/download/pdf/ipid/IPID-Hund-og-katt.pdf,41843abc16ad8ee39782e70f29d8cbb115463bcebe28882cca42078ce07fd824,IPID Dyreforsikring,"[""catalog/sources/boat-pet/tryg-pet-ipid.pdf""]",RESOLVED,,,,,
boat-pet:tryg:katt,tryg-pet-ipid.pdf,tryg,Tryg,Katt,ordinary,ipid,IPID Dyreforsikring,2026-09-01,2026-09-01,https://www.tryg.no/system/files/download/pdf/ipid/IPID-Hund-og-katt.pdf,41843abc16ad8ee39782e70f29d8cbb115463bcebe28882cca42078ce07fd824,IPID Dyreforsikring,"[""catalog/sources/boat-pet/tryg-pet-ipid.pdf""]",RESOLVED,,,,,
boat-pet:tryg:båt:machinery,tryg-boat-machinery-terms.pdf,tryg,Tryg,Båt,ordinary,full_terms,PFB36910,2026-01-01,2026-01-01,https://www.tryg.no/forsikringer/kjoretoy/batforsikring,c4a722384e402e7581f9a2b718b0fbe90b622912261b41279e1904a9d960f50d,PFB36910,"[""catalog/sources/boat-pet/tryg-boat-machinery-terms.pdf""]",RESOLVED,,,,,
boat-pet:tryg:båt:accident,tryg-boat-accident-terms.pdf,tryg,Tryg,Båt,ordinary,full_terms,PFB38900,2022-02-01,2022-02-01,https://www.tryg.no/forsikringer/kjoretoy/batforsikring,0d1cbbbdc41c4ee3a25a511eac8fdd194737bce2577c9a657256589ae221b95c,PFB38900,"[""catalog/sources/boat-pet/tryg-boat-accident-terms.pdf""]",RESOLVED,,,,,
boat-pet:tryg:hund:extra,tryg-dog-extra-terms.pdf,tryg,Tryg,Hund,ordinary,full_terms,PLB52003,2025-07-01,2025-07-01,https://www.tryg.no/forsikringer/hundeforsikring,10972b0580b3cc804419621d3c5193d9be3e8bc24e8bafb58519e6e0a203af2c,PLB52003,"[""catalog/sources/boat-pet/tryg-dog-extra-terms.pdf""]",RESOLVED,,,,,
boat-pet:tryg:katt:extra,tryg-cat-extra-terms.pdf,tryg,Tryg,Katt,ordinary,full_terms,PLB52004,2025-07-01,2025-07-01,https://www.tryg.no/forsikringer/katteforsikring,f4267143ea6f0643341503cf60ce50ce7036cf83af21b3ec29f514d1a7738972,PLB52004,"[""catalog/sources/boat-pet/tryg-cat-extra-terms.pdf""]",RESOLVED,,,,,
boat-pet:tryg:hund:life,tryg-dog-life-terms.pdf,tryg,Tryg,Hund,ordinary,full_terms,PLB52001,2026-01-01,2026-01-01,https://www.tryg.no/forsikringer/hundeforsikring,5d5e22fa589538a2708b87616b339eec0c3f0a27c5b322fa48d1b4582e013fcc,PLB52001,"[""catalog/sources/boat-pet/tryg-dog-life-terms.pdf""]",RESOLVED,,,,,
boat-pet:tryg:katt:life,tryg-cat-life-terms.pdf,tryg,Tryg,Katt,ordinary,full_terms,PLB52005,2026-01-01,2026-01-01,https://www.tryg.no/forsikringer/katteforsikring,8024b9853d3ff80259f939418f31f03e332d280bfca612d613390a7699e5eb3c,PLB52005,"[""catalog/sources/boat-pet/tryg-cat-life-terms.pdf""]",RESOLVED,,,,,
boat-pet:if:båt,if-boat-terms.pdf,if,If,Båt,ordinary,full_terms,BÅT2-1,2023-02-01,2023-02-01,https://if.no/apps/vilkarsbasendokument/Vilkaar?produkt=B%C3%A5tforsikring,57e7aac8542dd10bfc92611f380b68754905b6808a66590307af86517c2072ae,BÅT2-1,"[""catalog/sources/boat-pet/if-boat-terms.pdf""]",RESOLVED,,,,,
boat-pet:if:hund,if-dog-terms.pdf,if,If,Hund,ordinary,full_terms,Hundeforsikring,2022-12-01,2022-12-01,https://if.no/apps/vilkarsbasendokument/Vilkaar?produkt=Hundeforsikring,d2372736a4d99d4c434ac87ea068c5051908742ae03e454220b6b1cc1d436c75,Hundeforsikring,"[""catalog/sources/boat-pet/if-dog-terms.pdf""]",RESOLVED,,,,,
boat-pet:if:katt,if-cat-terms.pdf,if,If,Katt,ordinary,full_terms,Katteforsikring,2022-12-01,2022-12-01,https://if.no/apps/vilkarsbasendokument/Vilkaar?produkt=Katteforsikring,bcd631394fbfe7d0a6f0de3d7e79dc82aee2f5d5bb16d4a0b7192e177716abe7,Katteforsikring,"[""catalog/sources/boat-pet/if-cat-terms.pdf""]",RESOLVED,,,,,
boat-pet:gjensidige:båt,gjensidige-boat-ipid.pdf,gjensidige,Gjensidige,Båt,ordinary,ipid,EAP14,,,https://www.gjensidige.no/forsikring/batforsikring,c0e14e39f1c5dce3c6d238e8822eb14267e998ad0e762f08887d05bc3cb9c7a0,EAP14,"[""catalog/sources/boat-pet/gjensidige-boat-ipid.pdf""]",RESOLVED,,,,,
boat-pet:gjensidige:hund,gjensidige-dog-ipid.pdf,gjensidige,Gjensidige,Hund,ordinary,ipid,EAP32,,,https://www.gjensidige.no/forsikring/dyreforsikring/hundeforsikring,aa39107d5777e4f0a342918ef9e4ceba8828793665a3dc2eb41172107d1404ba,EAP32,"[""catalog/sources/boat-pet/gjensidige-dog-ipid.pdf""]",RESOLVED,,,,,
boat-pet:gjensidige:katt,gjensidige-cat-ipid.pdf,gjensidige,Gjensidige,Katt,ordinary,ipid,EAP30,,,https://www.gjensidige.no/forsikring/dyreforsikring/katteforsikring,314d266136da6b7b5aec994b70d45591e687bd5baac203fe0609437e7fdc4ee8,EAP30,"[""catalog/sources/boat-pet/gjensidige-cat-ipid.pdf""]",RESOLVED,,,,,
boat-pet:storebrand:båt,storebrand-boat-terms.pdf,storebrand,Storebrand,Båt,ordinary,full_terms,båt03,2024-09-01,2024-09-01,https://www.storebrand.no/privat/forsikring/batforsikring,e945049a6b9fba643d9804279690fc8e1dfbb1cd4a419a81503e58fd5b959baa,båt03,"[""catalog/sources/boat-pet/storebrand-boat-terms.pdf""]",RESOLVED,,,,,
boat-pet:storebrand:hund,storebrand-pet-terms.pdf,storebrand,Storebrand,Hund,ordinary,full_terms,dyr04,2025-02-01,2025-02-01,https://www.storebrand.no/privat/forsikring/hundeforsikring,b236f856380b8010c7439765ea72a88d076e5d387d4653a7f033980892732591,dyr04,"[""catalog/sources/boat-pet/storebrand-pet-terms.pdf""]",RESOLVED,,,,,
boat-pet:storebrand:katt,storebrand-pet-terms.pdf,storebrand,Storebrand,Katt,ordinary,full_terms,dyr04,2025-02-01,2025-02-01,https://www.storebrand.no/privat/forsikring/katteforsikring,b236f856380b8010c7439765ea72a88d076e5d387d4653a7f033980892732591,dyr04,"[""catalog/sources/boat-pet/storebrand-pet-terms.pdf""]",RESOLVED,,,,,
boat-pet:sparebank1-fremtind:båt,fremtind-boat-terms.pdf,sparebank1-fremtind,Fremtind,Båt,ordinary,full_terms,PMO-380.000-004,2024-06-10,2024-06-10,https://www.sparebank1.no/nb/bank/privat/forsikring/batforsikring.html,1364fc8bde39923ea1e9f0f36a9d9abf5596721958114b93485b5c730d70669f,PMO-380.000-004,"[""catalog/sources/boat-pet/fremtind-boat-terms.pdf""]",RESOLVED,,,,,
boat-pet:sparebank1-fremtind:hund,fremtind-dog-vet-terms.pdf,sparebank1-fremtind,Fremtind,Hund,ordinary,full_terms,PBK-231.200-004,2025-08-07,2025-08-07,https://www.sparebank1.no/nb/bank/privat/forsikring/hundeforsikring.html,5897fd60318410bdc5481e12d4cd6454e7fe4741682a13e5289991f211b7d9f7,PBK-231.200-004,"[""catalog/sources/boat-pet/fremtind-dog-vet-terms.pdf""]",RESOLVED,,,,,
boat-pet:sparebank1-fremtind:katt,fremtind-cat-vet-terms.pdf,sparebank1-fremtind,Fremtind,Katt,ordinary,full_terms,PBK-231.300-002,2025-08-07,2025-08-07,https://www.sparebank1.no/nb/bank/privat/forsikring/katteforsikring.html,91385b8b466923a5ca1c37d8f53781c5af3f63e3f6e037afae367f4399b75286,PBK-231.300-002,"[""catalog/sources/boat-pet/fremtind-cat-vet-terms.pdf""]",RESOLVED,,,,,
boat-pet:sparebank1-fremtind:hund:life,fremtind-dog-life-terms.pdf,sparebank1-fremtind,Fremtind,Hund,ordinary,full_terms,PBK-231.210-002,2025-08-07,2025-08-07,https://www.sparebank1.no/nb/bank/privat/forsikring/hundeforsikring.html,8445f2c6faede5cfe1c6054e58cc880fc4cea1bbc31321ddc76fdbd035dcf43d,PBK-231.210-002,"[""catalog/sources/boat-pet/fremtind-dog-life-terms.pdf""]",RESOLVED,,,,,
boat-pet:sparebank1-fremtind:katt:life,fremtind-cat-life-terms.pdf,sparebank1-fremtind,Fremtind,Katt,ordinary,full_terms,PBK-231.310-002,2025-08-07,2025-08-07,https://www.sparebank1.no/nb/bank/privat/forsikring/katteforsikring.html,9b9b295ff51687c8361c1e2fb8fc192fb26fbc0112d5e78b4e569b9d6c4c27ac,PBK-231.310-002,"[""catalog/sources/boat-pet/fremtind-cat-life-terms.pdf""]",RESOLVED,,,,,
boat-pet:sparebank1-fremtind:hund:use,fremtind-dog-use-terms.pdf,sparebank1-fremtind,Fremtind,Hund,ordinary,full_terms,PBK-231.220-002,2025-08-07,2025-08-07,https://www.sparebank1.no/nb/bank/privat/forsikring/hundeforsikring.html,456a1c4f38b4c3934bf0b4c9ed1167e805d5238fb1960115d9cb1e2e65aafcc2,PBK-231.220-002,"[""catalog/sources/boat-pet/fremtind-dog-use-terms.pdf""]",RESOLVED,,,,,
boat-pet:frende:båt,frende-boat-terms.pdf,frende,Frende,Båt,ordinary,full_terms,Båtforsikring,2026-01-01,2026-01-01,https://www.frende.no/forsikringer/batforsikring/,272b9c86efaf39c30930b284fdadc49019d4e2f98ca13c2de426d0ec2f4f66d0,Båtforsikring,"[""catalog/sources/boat-pet/frende-boat-terms.pdf""]",RESOLVED,,,,,
boat-pet:frende:hund,frende-dog-terms.pdf,frende,Frende,Hund,ordinary,full_terms,Hundeforsikring,2026-01-01,2026-01-01,https://www.frende.no/forsikringer/hundeforsikring/,6d052e5092d9f92050dcf95a92fa6ce5deda18a5825cdd00ca1c8cd2658c9135,Hundeforsikring,"[""catalog/sources/boat-pet/frende-dog-terms.pdf""]",RESOLVED,,,,,
boat-pet:frende:katt,frende-cat-terms.pdf,frende,Frende,Katt,ordinary,full_terms,Katteforsikring,2026-01-01,2026-01-01,https://www.frende.no/forsikringer/katteforsikring/,5c7791b59cf84da6ef475020f997bac1cc13a865777bdc791b2c3f7ba4b4fe6b,Katteforsikring,"[""catalog/sources/boat-pet/frende-cat-terms.pdf""]",RESOLVED,,,,,
mcb:tryg:mc:tryg-mc-product.html,tryg-mc-product.html,tryg,Tryg,MC,ordinary,product_page,,,,https://www.tryg.no/forsikringer/kjoretoy/mc-forsikring,488ed14be555a30a6706e08bc81dc55d85d06cdcae7f0da7d5cd2f8b6b081b75,tryg-mc-product.html,"[""catalog/sources/mc-bobil/tryg-mc-product.html""]",RESOLVED,,,,,
mcb:tryg:bobil:tryg-bobil-product.html,tryg-bobil-product.html,tryg,Tryg,Bobil,ordinary,product_page,,,,https://www.tryg.no/forsikringer/kjoretoy/bobilforsikring,9bcce0eea60c4dd61628fb29d82d27c21ef8b1ee89f5bf3a9dfd86c8de10f385,tryg-bobil-product.html,"[""catalog/sources/mc-bobil/tryg-bobil-product.html""]",RESOLVED,,,,,
mcb:tryg:mc:tryg-05PAU25003.pdf,Bilforsikring-Ansvar.pdf,tryg,Tryg,MC,ordinary,full_terms,PAU25003,2024-07-01,2024-07-01,https://www.tryg.no/odpdf?vilkNr=05PAU25003&vilk=Ansvar-MC,c024994aa75d6dd5a6f6fd8349589a19afb3d7e6d69ab133dbb280c57342b3d6,PAU25003,"[""catalog/sources/tryg/Bilforsikring-Ansvar.pdf""]",RESOLVED,,,,,
mcb:tryg:bobil:tryg-05PAU25003.pdf,Bilforsikring-Ansvar.pdf,tryg,Tryg,Bobil,ordinary,full_terms,PAU25003,2024-07-01,2024-07-01,https://www.tryg.no/odpdf?vilkNr=05PAU25003&vilk=Ansvar-MC,c024994aa75d6dd5a6f6fd8349589a19afb3d7e6d69ab133dbb280c57342b3d6,PAU25003,"[""catalog/sources/tryg/Bilforsikring-Ansvar.pdf""]",RESOLVED,,,,,
mcb:tryg:mc:tryg-05PAU25935.pdf,tryg-05PAU25935.pdf,tryg,Tryg,MC,ordinary,full_terms,PAU25935,2026-01-01,2026-01-01,https://www.tryg.no/odpdf?vilkNr=05PAU25935&vilk=Delkasko-MC,7996b6796ba109c322b0382576da6fe3f63145b8fb1342378d5683df82cfbb30,PAU25935,"[""catalog/sources/mc-bobil/tryg-05PAU25935.pdf""]",RESOLVED,,,,,
mcb:tryg:mc:tryg-05PAU25405.pdf,tryg-05PAU25405.pdf,tryg,Tryg,MC,ordinary,full_terms,PAU25405,2026-07-01,2026-07-01,https://www.tryg.no/odpdf?vilkNr=05PAU25405&vilk=Kasko-MC,917b3381e5792c10decfdeceb3c8af3bb70b4703d0c15406dd972c55321411c0,PAU25405,"[""catalog/sources/mc-bobil/tryg-05PAU25405.pdf""]",RESOLVED,,,,,
mcb:tryg:mc:tryg-05PAU27010.pdf,tryg-05PAU27010.pdf,tryg,Tryg,MC,ordinary,full_terms,PAU27010,2026-07-01,2026-07-01,https://www.tryg.no/odpdf?vilkNr=05PAU27010&vilk=Ekstra-MC,75657812b727c1346472dac5464fd8077826e114e7fe00679e6ac2d2aee97c8b,PAU27010,"[""catalog/sources/mc-bobil/tryg-05PAU27010.pdf""]",RESOLVED,,,,,
mcb:tryg:mc:tryg-05PAU28003.pdf,Fører- og Passasjerulykke.pdf,tryg,Tryg,MC,ordinary,full_terms,PAU28003,2024-07-01,2024-07-01,https://www.tryg.no/odpdf?vilkNr=05PAU28003&vilk=Forerogpassasjerulykke,d3b347f12c14756916de04c0a5a595d34bf8c082ff8d59dc1e2f02d07cfa8f52,PAU28003,"[""catalog/sources/tryg/Fører- og Passasjerulykke.pdf""]",RESOLVED,,,,,
mcb:tryg:bobil:tryg-05PAU28003.pdf,Fører- og Passasjerulykke.pdf,tryg,Tryg,Bobil,ordinary,full_terms,PAU28003,2024-07-01,2024-07-01,https://www.tryg.no/odpdf?vilkNr=05PAU28003&vilk=Forerogpassasjerulykke,d3b347f12c14756916de04c0a5a595d34bf8c082ff8d59dc1e2f02d07cfa8f52,PAU28003,"[""catalog/sources/tryg/Fører- og Passasjerulykke.pdf""]",RESOLVED,,,,,
mcb:tryg:mc:tryg-05PAU20900.pdf,tryg-05PAU20900.pdf,tryg,Tryg,MC,ordinary,full_terms,PAU20900,2026-07-01,2026-07-01,https://www.tryg.no/odpdf?vilkNr=05PAU20900&vilk=Produktvilkaar-MC,4c65a011cc69f0fae49ff18d0a5f877b2d3aedfcdc1624c543d87f9ca03a2b35,PAU20900,"[""catalog/sources/mc-bobil/tryg-05PAU20900.pdf""]",RESOLVED,,,,,
mcb:tryg:mc:tryg-05000PA209.pdf,tryg-05000PA209.pdf,tryg,Tryg,MC,ordinary,full_terms,000PA209,,,https://www.tryg.no/odpdf?vilkNr=05000PA209&vilk=MC-Sikkerhetsforskrift,54f601c4e8e1bc415029b2c4d9787e359719507948774a102f719c6c691900c0,000PA209,"[""catalog/sources/mc-bobil/tryg-05000PA209.pdf""]",RESOLVED,,,,,
mcb:tryg:mc:tryg-05PGE91000.pdf,05PGE91000.pdf,tryg,Tryg,MC,ordinary,full_terms,PGE91000,2024-07-01,2024-07-01,https://www.tryg.no/odpdf?vilkNr=05PGE91000&vilk=Generelle-vilkaar,b8d0244084b7ffa5f35c4c4fd131b54497e247683da82ee5afc8668fd67a1320,PGE91000,"[""catalog/sources/tryg/hus/05PGE91000.pdf""]",RESOLVED,,,,,
mcb:tryg:bobil:tryg-05PGE91000.pdf,05PGE91000.pdf,tryg,Tryg,Bobil,ordinary,full_terms,PGE91000,2024-07-01,2024-07-01,https://www.tryg.no/odpdf?vilkNr=05PGE91000&vilk=Generelle-vilkaar,b8d0244084b7ffa5f35c4c4fd131b54497e247683da82ee5afc8668fd67a1320,PGE91000,"[""catalog/sources/tryg/hus/05PGE91000.pdf""]",RESOLVED,,,,,
mcb:tryg:mc:tryg-05PGE91500.pdf,05PGE91500.pdf,tryg,Tryg,MC,ordinary,full_terms,PGE91500,2026-01-01,2026-01-01,https://www.tryg.no/odpdf?vilkNr=05PGE91500&vilk=Rettshjelp,bb2facd87cd377c994521ecf530ff82e1872ffc058d142f32832e5cd1999e291,PGE91500,"[""catalog/sources/tryg/hus/05PGE91500.pdf""]",RESOLVED,,,,,
mcb:tryg:bobil:tryg-05PGE91500.pdf,05PGE91500.pdf,tryg,Tryg,Bobil,ordinary,full_terms,PGE91500,2026-01-01,2026-01-01,https://www.tryg.no/odpdf?vilkNr=05PGE91500&vilk=Rettshjelp,bb2facd87cd377c994521ecf530ff82e1872ffc058d142f32832e5cd1999e291,PGE91500,"[""catalog/sources/tryg/hus/05PGE91500.pdf""]",RESOLVED,,,,,
mcb:tryg:bobil:tryg-05PAU25335.pdf,tryg-05PAU25335.pdf,tryg,Tryg,Bobil,ordinary,full_terms,PAU25335,2026-01-01,2026-01-01,https://www.tryg.no/odpdf?vilkNr=05PAU25335&vilk=Delkasko-bobil,2a1cd47ccbfbb5ea8532500d3b964fac22a2ede5d34fcffb2046899185fd0e48,PAU25335,"[""catalog/sources/mc-bobil/tryg-05PAU25335.pdf""]",RESOLVED,,,,,
mcb:tryg:bobil:tryg-05PAU25305.pdf,tryg-05PAU25305.pdf,tryg,Tryg,Bobil,ordinary,full_terms,PAU25305,2026-01-01,2026-01-01,https://www.tryg.no/odpdf?vilkNr=05PAU25305&vilk=Kasko-bobil,cd521eb44c91f9ab6a0fd9c06513b1e1e076355efdb2fe130ed222c80c25edea,PAU25305,"[""catalog/sources/mc-bobil/tryg-05PAU25305.pdf""]",RESOLVED,,,,,
mcb:tryg:bobil:tryg-05PAU27007.pdf,tryg-05PAU27007.pdf,tryg,Tryg,Bobil,ordinary,full_terms,PAU27007,2026-07-01,2026-07-01,https://www.tryg.no/odpdf?vilkNr=05PAU27007&vilk=Ekstra-bobil,a14a3404fceef8c42d91fb4ec95906e06b87edcfc13188e697e01855aa99f404,PAU27007,"[""catalog/sources/mc-bobil/tryg-05PAU27007.pdf""]",RESOLVED,,,,,
mcb:tryg:bobil:tryg-05PAU27110.pdf,Bilforsikring-Maskinskade.pdf,tryg,Tryg,Bobil,ordinary,full_terms,PAU27110,2026-08-01,2026-08-01,https://www.tryg.no/odpdf?vilkNr=05PAU27110&vilk=Maskinskade-bobil,2aa1b0b720c552de29409db06dfdd89c97a57a27a2b669576f3e15f90b21c71d,PAU27110,"[""catalog/sources/tryg/Bilforsikring-Maskinskade.pdf""]",RESOLVED,,,,,
mcb:tryg:bobil:tryg-05PAU18800.pdf,tryg-05PAU18800.pdf,tryg,Tryg,Bobil,ordinary,full_terms,PAU18800,2026-07-01,2026-07-01,https://www.tryg.no/odpdf?vilkNr=05PAU18800&vilk=Produktvilkaar-Bobil,2549ebec8fae718e4f8d3e8a1b46aacb359a3292f35dea71999ac1595cc53fec,PAU18800,"[""catalog/sources/mc-bobil/tryg-05PAU18800.pdf""]",RESOLVED,,,,,
mcb:tryg:bobil:tryg-05000PA188.pdf,tryg-05000PA188.pdf,tryg,Tryg,Bobil,ordinary,full_terms,000PA188,,,https://www.tryg.no/odpdf?vilkNr=05000PA188&vilk=Bobil-Sikkerhetsforskrift,04ebb4d9cc9d8a3fe157a128ef5b56c97f3ae544c79ea62cac2574c64e1f6e6d,000PA188,"[""catalog/sources/mc-bobil/tryg-05000PA188.pdf""]",RESOLVED,,,,,
mcb:tryg:mc:tryg-mc-ipid.pdf,tryg-mc-ipid.pdf,tryg,Tryg,MC,ordinary,ipid,,,2025-07-01,https://www.tryg.no/system/files/download/pdf/ipid/IPID-Motorsykkelforsikring.pdf,f02f83205dd20bd896c21266fa6b8b2782644fd70f2780032f91ffa0081ef6d3,tryg-mc-ipid.pdf,"[""catalog/sources/mc-bobil/tryg-mc-ipid.pdf""]",RESOLVED,,,,,
mcb:tryg:bobil:tryg-bobil-ipid.pdf,tryg-bobil-ipid.pdf,tryg,Tryg,Bobil,ordinary,ipid,,,2025-04-01,https://www.tryg.no/system/files/download/pdf/ipid/IPID-Bobilforsikring.pdf,ec3a019f57f6a8c424aa60611ddecbe4027f4768071668fc816cca1f64a07790,tryg-bobil-ipid.pdf,"[""catalog/sources/mc-bobil/tryg-bobil-ipid.pdf""]",RESOLVED,,,,,
mcb:if:mc:if-mc-product.html,if-mc-product.html,if,If,MC,ordinary,product_page,,,,https://www.if.no/privat/forsikring/kjoretoy/mc-forsikring,0c78b98294568d71be4765fcec9ddeffd4c26614d79c4eaecdf914bd11355cb3,if-mc-product.html,"[""catalog/sources/mc-bobil/if-mc-product.html""]",RESOLVED,,,,,
mcb:if:bobil:if-bobil-product.html,if-bobil-product.html,if,If,Bobil,ordinary,product_page,,,,https://www.if.no/privat/forsikring/kjoretoy/bobilforsikring,6ab8554b61adb169ad925a551e4ca404f3edc3c0f3cd57d59ffabc8994a63623,if-bobil-product.html,"[""catalog/sources/mc-bobil/if-bobil-product.html""]",RESOLVED,,,,,
mcb:if:mc:if-MOT2-2.pdf,if-Vilkaar-4103ea25.pdf,if,If,MC,ordinary,full_terms,MOT2-2,2024-03,2024-03,https://if.no/apps/vilkarsbasendokument/Vilkaar?produkt=Kj%C3%B8ret%C3%B8yforsikring,57a0966a974bddc588454e8c829ad02543649c5e577c3fec5f804b8bf2d81987,Kjøretøyforsikring,"[""catalog/sources/vehicle-extensions/if-Vilkaar-4103ea25.pdf""]",RESOLVED,,,,,
mcb:if:bobil:if-MOT2-2.pdf,if-Vilkaar-4103ea25.pdf,if,If,Bobil,ordinary,full_terms,MOT2-2,2024-03,2024-03,https://if.no/apps/vilkarsbasendokument/Vilkaar?produkt=Kj%C3%B8ret%C3%B8yforsikring,57a0966a974bddc588454e8c829ad02543649c5e577c3fec5f804b8bf2d81987,Kjøretøyforsikring,"[""catalog/sources/vehicle-extensions/if-Vilkaar-4103ea25.pdf""]",RESOLVED,,,,,
mcb:if:mc:if-SV692.pdf,if-SV692.pdf,if,If,MC,ordinary,full_terms,SV692,2020-11,2020-11,https://if.no/apps/vilkarsbasendokument/Vilkaar?dt=2020-11-07&vilkaar=SV692,ac91470a3859045cd1ab64300bca5ba34531f73faed7965f00797bb89de6f419,"Tilleggsvilkår for motorsykkel, moped, ATV og snøscooter","[""catalog/sources/mc-bobil/if-SV692.pdf""]",RESOLVED,,,,,
mcb:if:bobil:if-SV707.pdf,if-SV707.pdf,if,If,Bobil,ordinary,full_terms,SV707,2022-06,2022-06,https://if.no/apps/vilkarsbasendokument/Vilkaar?vilkaar=SV707,a4e2c6ecafc88fafbb5a0e194a373c4e2953b920d2947582352bdf845a03154e,Særvilkår for Campingvogn og bobil,"[""catalog/sources/mc-bobil/if-SV707.pdf""]",RESOLVED,,,,,
mcb:if:mc:if-mc-ipid.pdf,if-mc-ipid.pdf,if,If,MC,ordinary,ipid,,,,https://if.no/apps/vilkarsbasendokument/IPID?ipid=Motorsykkelforsikring,b7d77964328489ec76b1512fbe5ac59302ac75514e0fb71ce36040299850c4f2,Motorsykkel IPID,"[""catalog/sources/mc-bobil/if-mc-ipid.pdf""]",RESOLVED,,,,,
mcb:if:bobil:if-bobil-ipid.pdf,if-bobil-ipid.pdf,if,If,Bobil,ordinary,ipid,,,,https://if.no/apps/vilkarsbasendokument/IPID?ipid=Bobilforsikring,c408c2633b793713aeedd4c592fd6ccd97c5e6457b257592789a2aae4f0028a7,Bobil IPID,"[""catalog/sources/mc-bobil/if-bobil-ipid.pdf""]",RESOLVED,,,,,
mc-bobil:gjensidige-mc-produkt.html:mc,gjensidige-mc-produkt.html,gjensidige,gjensidige,MC,ordinary,product_page,,,,https://www.gjensidige.no/forsikring/mc-forsikring,5fe4383ed92a538c0aea792c549d361202249149e1e5ff4eadf80be06d5a05f3,gjensidige-mc-produkt.html,"[""catalog/sources/mc-bobil/gjensidige-mc-produkt.html""]",RESOLVED,,,,,
mc-bobil:gjensidige-bobil-produkt.html:bobil,gjensidige-bobil-produkt.html,gjensidige,gjensidige,Bobil,ordinary,product_page,,,,https://www.gjensidige.no/forsikring/kjoretoy/bobilforsikring,fe5e9775c7fab9c8e05a3c7448b3f6b8106839964f169fa76bf910d21a60ed26,gjensidige-bobil-produkt.html,"[""catalog/sources/mc-bobil/gjensidige-bobil-produkt.html""]",RESOLVED,,,,,
mc-bobil:storebrand-mc-forsikring.html:mc,storebrand-mc-forsikring.html,storebrand,storebrand,MC,ordinary,product_page,,,,https://www.storebrand.no/privat/forsikring/mc-forsikring,57eee721cf1591ca4728d32446d83df52872e84b21ae40fd9796fa3fddbd163d,storebrand-mc-forsikring.html,"[""catalog/sources/vehicle-extensions/storebrand-mc-forsikring.html""]",RESOLVED,"[""storebrand-mc-ansvar"", ""storebrand-mc-delkasko"", ""storebrand-mc-kasko""]",,,,
mc-bobil:storebrand-bil-bobil-produkt.html:bobil,storebrand-bil-bobil-produkt.html,storebrand,storebrand,Bobil,ordinary,product_page,,,,https://www.storebrand.no/privat/forsikring/bilforsikring,3a1592196e9b7c6a3dad7df21c1745881661e8fe0cce0793ff455003fcde32c6,storebrand-bil-bobil-produkt.html,"[""catalog/sources/mc-bobil/storebrand-bil-bobil-produkt.html""]",RESOLVED,"[""storebrand-bobil-ansvar"", ""storebrand-bobil-delkasko"", ""storebrand-bobil-kasko"", ""storebrand-bobil-super""]",,,,
mc-bobil:gjensidige-mc-kasko-vilkar.pdf:mc,gjensidige-mc-kasko-vilkar.pdf,gjensidige,gjensidige,MC,ordinary,full_terms,,,,https://www.gjensidige.no/files/privat/vilkar/kjoretoy/MC-Kasko-alminnelige-vilkar.pdf,735f518bd45c6470965c1ea6be2f596b6504cee9a09c47718a629ed319db5e58,gjensidige-mc-kasko-vilkar.pdf,"[""catalog/sources/mc-bobil/gjensidige-mc-kasko-vilkar.pdf""]",RESOLVED,"[""gjensidige-mc-kasko""]",,,,
mc-bobil:gjensidige-mc-delkasko-vilkar.pdf:mc,gjensidige-mc-delkasko-vilkar.pdf,gjensidige,gjensidige,MC,ordinary,full_terms,,,,https://www.gjensidige.no/files/privat/vilkar/kjoretoy/MC-Delkasko-alminnelige-vilkar.pdf,45952992dfe399ab2739be019307a485044639516cc7a75dfbbdd030437495e7,gjensidige-mc-delkasko-vilkar.pdf,"[""catalog/sources/mc-bobil/gjensidige-mc-delkasko-vilkar.pdf""]",RESOLVED,"[""gjensidige-mc-delkasko""]",,,,
mc-bobil:gjensidige-mc-ansvar-vilkar.pdf:mc,gjensidige-mc-ansvar-vilkar.pdf,gjensidige,gjensidige,MC,ordinary,full_terms,,,,https://www.gjensidige.no/files/privat/vilkar/kjoretoy/mc-ansvar-alminnelige-vilkar.pdf,eb31b56bb352906888cace2eb516b4dc336da06f3d3f8414fe4f47b10f4301b1,gjensidige-mc-ansvar-vilkar.pdf,"[""catalog/sources/mc-bobil/gjensidige-mc-ansvar-vilkar.pdf""]",RESOLVED,"[""gjensidige-mc-ansvar""]",,,,
mc-bobil:gjensidige-bobil-pluss-vilkar.pdf:bobil,gjensidige-bobil-pluss-vilkar.pdf,gjensidige,gjensidige,Bobil,ordinary,full_terms,,,,https://www.gjensidige.no/files/privat/vilkar/kjoretoy/Bobil-Pluss-alminnelige-vilkar.pdf,64eff6544529afba60722892de07b2db9ee8c3d0b0123001cbb7dfedfcd7e7d7,gjensidige-bobil-pluss-vilkar.pdf,"[""catalog/sources/mc-bobil/gjensidige-bobil-pluss-vilkar.pdf""]",RESOLVED,"[""gjensidige-bobil-pluss""]",,,,
mc-bobil:gjensidige-bobil-kasko-vilkar.pdf:bobil,gjensidige-bobil-kasko-vilkar.pdf,gjensidige,gjensidige,Bobil,ordinary,full_terms,,,,https://www.gjensidige.no/files/privat/vilkar/kjoretoy/Bobil-Kasko-alminnelige-vilkar.pdf,7971a0170cf272cacec8e9da23633fa630245631d04e99f455b174dd3a2fc734,gjensidige-bobil-kasko-vilkar.pdf,"[""catalog/sources/mc-bobil/gjensidige-bobil-kasko-vilkar.pdf""]",RESOLVED,"[""gjensidige-bobil-kasko""]",,,,
mc-bobil:gjensidige-bobil-delkasko-vilkar.pdf:bobil,gjensidige-bobil-delkasko-vilkar.pdf,gjensidige,gjensidige,Bobil,ordinary,full_terms,,,,https://www.gjensidige.no/files/privat/vilkar/kjoretoy/Bobil-Delkasko-alminnelige-vilkar.pdf,978ff27d1df6f978775356ec1a65c164a2d18d2912d1b13bb63b99a110e1f1fd,gjensidige-bobil-delkasko-vilkar.pdf,"[""catalog/sources/mc-bobil/gjensidige-bobil-delkasko-vilkar.pdf""]",RESOLVED,"[""gjensidige-bobil-delkasko""]",,,,
mc-bobil:gjensidige-bobil-ansvar-vilkar.pdf:bobil,gjensidige-bobil-ansvar-vilkar.pdf,gjensidige,gjensidige,Bobil,ordinary,full_terms,,,,https://www.gjensidige.no/files/privat/vilkar/kjoretoy/bobil-ansvar-alminnelige-vilkar.pdf,0b7e01951d751773f3d8afd1175ea2dcf137820a2d440d68f880370c2b369f03,gjensidige-bobil-ansvar-vilkar.pdf,"[""catalog/sources/mc-bobil/gjensidige-bobil-ansvar-vilkar.pdf""]",RESOLVED,"[""gjensidige-bobil-ansvar""]",,,,
mc-bobil:gjensidige-mc-MOT03-ipid.pdf:mc,gjensidige-mc-MOT03-ipid.pdf,gjensidige,gjensidige,MC,ordinary,ipid,MOT03,,,https://www.gjensidige.no/ipid/gfno/MOT03,4c5fca45ee41621e890580e0f3dead02c8bd57440bdac3913912b95a6faafdad,gjensidige-mc-MOT03-ipid.pdf,"[""catalog/sources/mc-bobil/gjensidige-mc-MOT03-ipid.pdf""]",RESOLVED,,,,,
mc-bobil:gjensidige-bobil-MOT08-ipid.pdf:bobil,gjensidige-bobil-MOT08-ipid.pdf,gjensidige,gjensidige,Bobil,ordinary,ipid,MOT08,,,https://www.gjensidige.no/ipid/gfno/MOT08,ca50c2bcf74bed138add832ec6f1605f13e29d3416721dbe57f0696145e50cd6,gjensidige-bobil-MOT08-ipid.pdf,"[""catalog/sources/mc-bobil/gjensidige-bobil-MOT08-ipid.pdf""]",RESOLVED,,,,,
mc-bobil:storebrand-motor09:mc,storebrand-vilkar-motorvognforsikring.pdf,storebrand,storebrand,MC,ordinary,full_terms,motor09,2025-04-01,motor09,https://www.storebrand.no/privat/forsikring/mc-forsikring/_/attachment/inline/7b20f38c-208d-48ca-97f9-f82fab02216f:e9289744b0f0bb00c7304e715377b4be9a0e85d8/vilkar-motorvognforsikring.pdf,7673b8ee8fd5329d9e87c0a128a0a5cd4eeefb0721c8c5d8a1dedeb246c041fb,storebrand-vilkar-motorvognforsikring.pdf,"[""catalog/sources/vehicle-extensions/storebrand-vilkar-motorvognforsikring.pdf""]",RESOLVED,"[""storebrand-mc-ansvar"", ""storebrand-mc-delkasko"", ""storebrand-mc-kasko""]",,,,
mc-bobil:storebrand-motor09:bobil,storebrand-vilkar-motorvognforsikring.pdf,storebrand,storebrand,Bobil,ordinary,full_terms,motor09,2025-04-01,motor09,https://www.storebrand.no/privat/forsikring/mc-forsikring/_/attachment/inline/7b20f38c-208d-48ca-97f9-f82fab02216f:e9289744b0f0bb00c7304e715377b4be9a0e85d8/vilkar-motorvognforsikring.pdf,7673b8ee8fd5329d9e87c0a128a0a5cd4eeefb0721c8c5d8a1dedeb246c041fb,storebrand-vilkar-motorvognforsikring.pdf,"[""catalog/sources/vehicle-extensions/storebrand-vilkar-motorvognforsikring.pdf""]",RESOLVED,"[""storebrand-bobil-ansvar"", ""storebrand-bobil-delkasko"", ""storebrand-bobil-kasko"", ""storebrand-bobil-super""]",,,,
mc-bobil:storebrand-gener07:mc,vilkar-generelle.pdf,storebrand,storebrand,MC,ordinary,full_terms,gener07,2026-09-01,gener07,https://www.storebrand.no/privat/forsikring/bilforsikring/_/attachment/inline/f8340c1a-d0b6-43c8-963c-eff345a03c22:b2b6be411de9b425d73fa91b7c7e42ade28fdee8/vilkar-generelle.pdf,4873064a8597953be3832870734c41c15e5abe0cc9cfd77c01979878990cd754,vilkar-generelle.pdf,"[""catalog/sources/storebrand/vilkar-generelle.pdf""]",RESOLVED,"[""storebrand-mc-ansvar"", ""storebrand-mc-delkasko"", ""storebrand-mc-kasko""]",,,,
mc-bobil:storebrand-gener07:bobil,vilkar-generelle.pdf,storebrand,storebrand,Bobil,ordinary,full_terms,gener07,2026-09-01,gener07,https://www.storebrand.no/privat/forsikring/bilforsikring/_/attachment/inline/f8340c1a-d0b6-43c8-963c-eff345a03c22:b2b6be411de9b425d73fa91b7c7e42ade28fdee8/vilkar-generelle.pdf,4873064a8597953be3832870734c41c15e5abe0cc9cfd77c01979878990cd754,vilkar-generelle.pdf,"[""catalog/sources/storebrand/vilkar-generelle.pdf""]",RESOLVED,"[""storebrand-bobil-ansvar"", ""storebrand-bobil-delkasko"", ""storebrand-bobil-kasko"", ""storebrand-bobil-super""]",,,,
mcb-ff-fremtind-sb1-mc-page,fremtind-sb1-mc-page.html,fremtind,Fremtind,MC,ordinary-sparebank1,product_page,,,,https://www.sparebank1.no/nb/bank/privat/forsikring/mc-motorsykkelforsikring.html,4c3eb533846f629dbccfeec1aa0ad08bd0465ee8bfe44598f392f00f39bc0d2e,fremtind-sb1-mc-page.html,"[""catalog/sources/mc-bobil/fremtind-sb1-mc-page.html""]",RESOLVED,,"[""SpareBank 1""]",,,
mcb-ff-fremtind-mc-terms,fremtind-mc-terms.pdf,fremtind,Fremtind,MC,ordinary-sparebank1,full_terms,PMO-357.000-006,2023-10-29,PMO-357.000-006,https://dokument.fremtind.no/vilkar/fremtind/pm/mobilitet/Vilkar_Kasko_MC.pdf,2698b98c7ed2b19e82ba8df52a7b14b97d94cbf98c48d55629a72d2e0a89da7e,fremtind-mc-terms.pdf,"[""catalog/sources/mc-bobil/fremtind-mc-terms.pdf""]",RESOLVED,"[""fremtind-mc-ansvar"", ""fremtind-mc-delkasko"", ""fremtind-mc-kasko""]","[""SpareBank 1""]",,,
mcb-ff-fremtind-mc-ipid,fremtind-mc-ipid.pdf,fremtind,Fremtind,MC,ordinary-sparebank1,ipid,V.104,,V.104,https://dokument.fremtind.no/ipid/IPID_Motorsykkel.pdf,8306f5ea20f0cc727f1f6159b17deedd26790487cc404c0a86a6a5aa777813a8,fremtind-mc-ipid.pdf,"[""catalog/sources/mc-bobil/fremtind-mc-ipid.pdf""]",RESOLVED,,"[""SpareBank 1""]",,,
mcb-ff-fremtind-dnb-bobil-page,fremtind-dnb-bobil-page.html,fremtind,Fremtind,Bobil,ordinary-dnb,product_page,,,,https://www.dnb.no/forsikring/kjoretoy/bobilforsikring,c87918d37d27b8ac4eb191d8cd445bbd992e212a804eadb1e719720030080908,fremtind-dnb-bobil-page.html,"[""catalog/sources/mc-bobil/fremtind-dnb-bobil-page.html""]",RESOLVED,,"[""DNB""]",,,
mcb-ff-fremtind-bobil-ansvar,Vilkar_ansvar_bil.pdf,fremtind,Fremtind,Bobil,ordinary-dnb,full_terms,PMO-357.001-004,2025-09-18,PMO-357.001-004,https://dokument.fremtind.no/vilkar/fremtind/pm/mobilitet/Vilkar_ansvar_bil.pdf,0e36f6bf5b484ca3d246d63dd701b7b76c9b6de4095a37be2c695ebc4edb5568,fremtind-bobil-ansvar.pdf,"[""catalog/sources/sparebank1-fremtind/Vilkar_ansvar_bil.pdf""]",RESOLVED,,"[""DNB""]",,,
mcb-ff-fremtind-bobil-minikasko,Vilkar_Minikasko_Bil.pdf,fremtind,Fremtind,Bobil,ordinary-dnb,full_terms,PMO-357.210-012,2025-09-18,PMO-357.210-012,https://dokument.fremtind.no/vilkar/fremtind/pm/mobilitet/Vilkar_Minikasko_Bil.pdf,8a85385f3899b450a9dcafd873fb8d6517d974908c7196590f429ec3b2a3d818,fremtind-bobil-minikasko.pdf,"[""catalog/sources/sparebank1-fremtind/Vilkar_Minikasko_Bil.pdf""]",RESOLVED,,"[""DNB""]",,,
mcb-ff-fremtind-bobil-kasko,Vilkar_Kasko_Bil.pdf,fremtind,Fremtind,Bobil,ordinary-dnb,full_terms,PMO-357.220-007,2025-09-18,PMO-357.220-007,https://dokument.fremtind.no/vilkar/fremtind/pm/mobilitet/Vilkar_Kasko_Bil.pdf,87696e04484ca2d3e98b2e62c070b1886b8eae6bd8206c6b029eb80a3693a739,fremtind-bobil-kasko.pdf,"[""catalog/sources/sparebank1-fremtind/Vilkar_Kasko_Bil.pdf""]",RESOLVED,,"[""DNB""]",,,
mcb-ff-fremtind-bobil-topp,fremtind-bobil-topp.pdf,fremtind,Fremtind,Bobil,ordinary-dnb,full_terms,PMO-350.210-011,2025-09-18,PMO-350.210-011,https://dokument.fremtind.no/vilkar/fremtind/pm/mobilitet/Vilkar_Toppkasko_Bobil.pdf,6264e379da1b2bb8f943fb15dae8ec295572f2650863d57be818a3cd29464a0a,fremtind-bobil-topp.pdf,"[""catalog/sources/mc-bobil/fremtind-bobil-topp.pdf""]",RESOLVED,"[""fremtind-bobil-ansvar"", ""fremtind-bobil-minikasko"", ""fremtind-bobil-kasko"", ""fremtind-bobil-topp""]","[""DNB""]",,,
mcb-ff-fremtind-bobil-ipid,IPID_Bil.pdf,fremtind,Fremtind,Bobil,ordinary-dnb,ipid,V.106,,V.106,https://dokument.fremtind.no/ipid/IPID_Bil.pdf,429a3e267cfbbcfa6da651997497386ffc7391c5f3aab461d469e4d5e65a5d94,fremtind-bobil-ipid.pdf,"[""catalog/sources/sparebank1-fremtind/IPID_Bil.pdf""]",RESOLVED,,"[""DNB""]",,,
mcb-ff-frende-mc-page,frende-mc-page.html,frende,Frende,MC,ordinary,product_page,,,,https://www.frende.no/forsikringer/mc-forsikring/,eb47ef1e8c57e579891464eb8a264047ddcefcbc4b2113c0c4585700fb43c221,frende-mc-page.html,"[""catalog/sources/mc-bobil/frende-mc-page.html""]",RESOLVED,,"[""Frende""]",,,
mcb-ff-frende-bobil-page,frende-bobil-page.html,frende,Frende,Bobil,ordinary,product_page,,,,https://www.frende.no/forsikringer/bobilforsikring/,c68e0697e9408b220fc115200fa15f674aac238dcf8f4b8c627c3a8c48bcbc52,frende-bobil-page.html,"[""catalog/sources/mc-bobil/frende-bobil-page.html""]",RESOLVED,,"[""Frende""]",,,
mcb-ff-frende-mc-terms,Vilkar_kjoretoyforsikring.pdf,frende,Frende,MC,ordinary,full_terms,,2026-01-01,,https://api.frende.no/documents/terms/public/pnc/MotorcycleInsurance,088201db9b2f6071e81d24d716a74233176cd3694ac2be1a92e44be6952e8f88,frende-mc-terms.pdf,"[""catalog/sources/frende/Vilkar_kjoretoyforsikring.pdf""]",RESOLVED,"[""frende-mc-ansvar"", ""frende-mc-delkasko"", ""frende-mc-kasko""]","[""Frende""]",,,
mcb-ff-frende-bobil-terms,Vilkar_kjoretoyforsikring.pdf,frende,Frende,Bobil,ordinary,full_terms,,2026-01-01,,https://api.frende.no/documents/terms/public/pnc/MotorHomeInsurance,088201db9b2f6071e81d24d716a74233176cd3694ac2be1a92e44be6952e8f88,frende-bobil-terms.pdf,"[""catalog/sources/frende/Vilkar_kjoretoyforsikring.pdf""]",RESOLVED,"[""frende-bobil-ansvar"", ""frende-bobil-delkasko"", ""frende-bobil-kasko"", ""frende-bobil-utvidet""]","[""Frende""]",,,
mcb-ff-frende-mc-ipid,frende-mc-ipid.pdf,frende,Frende,MC,ordinary,ipid,,2026-01-01,,https://www.frende.no/documents/204/IPID_Motorsykkel.pdf,11b4f8c1c73d2177ce49d7349ed1fd23151c63dbaaa77f15179b4b83496044eb,frende-mc-ipid.pdf,"[""catalog/sources/mc-bobil/frende-mc-ipid.pdf""]",RESOLVED,,"[""Frende""]",,,
mcb-ff-frende-bobil-ipid,frende-bobil-ipid.pdf,frende,Frende,Bobil,ordinary,ipid,,2026-01-01,,https://www.frende.no/documents/200/IPID_Bobil.pdf,4b160a93fe10ccf41413702a2432f49da20ca892ce78491dde4bbb76036c0ace,frende-bobil-ipid.pdf,"[""catalog/sources/mc-bobil/frende-bobil-ipid.pdf""]",RESOLVED,,"[""Frende""]",,,
mcb-ff-fremtind-bobil-leiebil,Vilkar_leiebil.pdf,fremtind,Fremtind,Bobil,ordinary-dnb,full_terms,PMO-350.402-003,2025-09-18,PMO-350.402-003,https://dokument.fremtind.no/vilkar/fremtind/pm/mobilitet/Vilkar_leiebil.pdf,fa207fd6d1d8a4f02b6245362bd932bbe70408202d486afa25fd3d9edae1726c,fremtind-bobil-leiebil.pdf,"[""catalog/sources/sparebank1-fremtind/Vilkar_leiebil.pdf""]",RESOLVED,"[""fremtind-bobil-kasko"", ""fremtind-bobil-topp""]","[""DNB""]",,,
mcb-ff-fremtind-bobil-maskinskade,Vilkar_maskinskade.pdf,fremtind,Fremtind,Bobil,ordinary-dnb,full_terms,PMO-350.201-001,2025-09-18,PMO-350.201-001,https://dokument.fremtind.no/vilkar/fremtind/pm/mobilitet/Vilkar_maskinskade.pdf,0ad5c24b9dca610189dfcd9f10ee6a56a37fa977ed4b1da00a1725baa05d63db,fremtind-bobil-maskinskade.pdf,"[""catalog/sources/sparebank1-fremtind/Vilkar_maskinskade.pdf""]",RESOLVED,"[""fremtind-bobil-kasko"", ""fremtind-bobil-topp""]","[""DNB""]",,,
mcb-ff-frende-mc-mileage,frende-mc-mileage.html,frende,Frende,MC,ordinary,product_page,,,,https://www.frende.no/forsikringer/mc-forsikring/du-velger-kjorelengden/,0a4453a90ae2b0e2d5fd1f7af1e7e13b87206e526f9883a7536c60702eb50b12,frende-mc-mileage.html,"[""catalog/sources/mc-bobil/frende-mc-mileage.html""]",RESOLVED,,"[""Frende""]",,,
mcb-ff-fremtind-mc-terms-mini,fremtind-mc-terms.pdf,fremtind,Fremtind,MC,ordinary-sparebank1,full_terms,PMO-357.110-013,2023-07-10,PMO-357.110-013,https://dokument.fremtind.no/vilkar/fremtind/pm/mobilitet/Vilkar_Kasko_MC.pdf,2698b98c7ed2b19e82ba8df52a7b14b97d94cbf98c48d55629a72d2e0a89da7e,fremtind-mc-terms.pdf,"[""catalog/sources/mc-bobil/fremtind-mc-terms.pdf""]",RESOLVED,"[""fremtind-mc-delkasko"", ""fremtind-mc-kasko""]","[""SpareBank 1""]",,,
mcb-ff-fremtind-mc-terms-kasko,fremtind-mc-terms.pdf,fremtind,Fremtind,MC,ordinary-sparebank1,full_terms,PMO-357.120-010,2024-01-22,PMO-357.120-010,https://dokument.fremtind.no/vilkar/fremtind/pm/mobilitet/Vilkar_Kasko_MC.pdf,2698b98c7ed2b19e82ba8df52a7b14b97d94cbf98c48d55629a72d2e0a89da7e,fremtind-mc-terms.pdf,"[""catalog/sources/mc-bobil/fremtind-mc-terms.pdf""]",RESOLVED,"[""fremtind-mc-kasko""]","[""SpareBank 1""]",,,
mcb-ff-fremtind-bobil-topp-mini,fremtind-bobil-topp.pdf,fremtind,Fremtind,Bobil,ordinary-dnb,full_terms,PMO-357.210-012,2025-09-18,PMO-357.210-012,https://dokument.fremtind.no/vilkar/fremtind/pm/mobilitet/Vilkar_Toppkasko_Bobil.pdf,6264e379da1b2bb8f943fb15dae8ec295572f2650863d57be818a3cd29464a0a,fremtind-bobil-topp.pdf,"[""catalog/sources/mc-bobil/fremtind-bobil-topp.pdf""]",RESOLVED,"[""fremtind-bobil-minikasko"", ""fremtind-bobil-kasko"", ""fremtind-bobil-topp""]","[""DNB""]",,,
mcb-ff-fremtind-bobil-topp-kasko,fremtind-bobil-topp.pdf,fremtind,Fremtind,Bobil,ordinary-dnb,full_terms,PMO-357.220-007,2025-09-18,PMO-357.220-007,https://dokument.fremtind.no/vilkar/fremtind/pm/mobilitet/Vilkar_Toppkasko_Bobil.pdf,6264e379da1b2bb8f943fb15dae8ec295572f2650863d57be818a3cd29464a0a,fremtind-bobil-topp.pdf,"[""catalog/sources/mc-bobil/fremtind-bobil-topp.pdf""]",RESOLVED,"[""fremtind-bobil-kasko"", ""fremtind-bobil-topp""]","[""DNB""]",,,
mcb-ff-fremtind-mc-terms-ansvar,fremtind-mc-terms.pdf,fremtind,Fremtind,MC,ordinary-sparebank1,full_terms,FMO-001.100-007,2023-10-29,FMO-001.100-007,https://dokument.fremtind.no/vilkar/fremtind/pm/mobilitet/Vilkar_Kasko_MC.pdf,2698b98c7ed2b19e82ba8df52a7b14b97d94cbf98c48d55629a72d2e0a89da7e,fremtind-mc-terms.pdf,"[""catalog/sources/mc-bobil/fremtind-mc-terms.pdf""]",RESOLVED,"[""fremtind-mc-ansvar"", ""fremtind-mc-delkasko"", ""fremtind-mc-kasko""]","[""SpareBank 1""]",,,
mcb-ff-fremtind-mc-terms-ulykke,fremtind-mc-terms.pdf,fremtind,Fremtind,MC,ordinary-sparebank1,full_terms,FMO-002.401-003,2019-04-01,FMO-002.401-003,https://dokument.fremtind.no/vilkar/fremtind/pm/mobilitet/Vilkar_Kasko_MC.pdf,2698b98c7ed2b19e82ba8df52a7b14b97d94cbf98c48d55629a72d2e0a89da7e,fremtind-mc-terms.pdf,"[""catalog/sources/mc-bobil/fremtind-mc-terms.pdf""]",RESOLVED,"[""fremtind-mc-ansvar"", ""fremtind-mc-delkasko"", ""fremtind-mc-kasko""]","[""SpareBank 1""]",,,
mcb-ff-fremtind-mc-terms-rettshjelp,fremtind-mc-terms.pdf,fremtind,Fremtind,MC,ordinary-sparebank1,full_terms,FFE-003.001-003,2025-01-01,FFE-003.001-003,https://dokument.fremtind.no/vilkar/fremtind/pm/mobilitet/Vilkar_Kasko_MC.pdf,2698b98c7ed2b19e82ba8df52a7b14b97d94cbf98c48d55629a72d2e0a89da7e,fremtind-mc-terms.pdf,"[""catalog/sources/mc-bobil/fremtind-mc-terms.pdf""]",RESOLVED,"[""fremtind-mc-ansvar"", ""fremtind-mc-delkasko"", ""fremtind-mc-kasko""]","[""SpareBank 1""]",,,
mcb-ff-fremtind-bobil-topp-ansvar,fremtind-bobil-topp.pdf,fremtind,Fremtind,Bobil,ordinary-dnb,full_terms,FMO-001.100-007,2023-10-29,FMO-001.100-007,https://dokument.fremtind.no/vilkar/fremtind/pm/mobilitet/Vilkar_Toppkasko_Bobil.pdf,6264e379da1b2bb8f943fb15dae8ec295572f2650863d57be818a3cd29464a0a,fremtind-bobil-topp.pdf,"[""catalog/sources/mc-bobil/fremtind-bobil-topp.pdf""]",RESOLVED,"[""fremtind-bobil-ansvar"", ""fremtind-bobil-minikasko"", ""fremtind-bobil-kasko"", ""fremtind-bobil-topp""]","[""DNB""]",,,
mcb-ff-fremtind-bobil-topp-ulykke,fremtind-bobil-topp.pdf,fremtind,Fremtind,Bobil,ordinary-dnb,full_terms,FMO-002.401-003,2019-04-01,FMO-002.401-003,https://dokument.fremtind.no/vilkar/fremtind/pm/mobilitet/Vilkar_Toppkasko_Bobil.pdf,6264e379da1b2bb8f943fb15dae8ec295572f2650863d57be818a3cd29464a0a,fremtind-bobil-topp.pdf,"[""catalog/sources/mc-bobil/fremtind-bobil-topp.pdf""]",RESOLVED,"[""fremtind-bobil-ansvar"", ""fremtind-bobil-minikasko"", ""fremtind-bobil-kasko"", ""fremtind-bobil-topp""]","[""DNB""]",,,
mcb-ff-fremtind-bobil-topp-rettshjelp,fremtind-bobil-topp.pdf,fremtind,Fremtind,Bobil,ordinary-dnb,full_terms,FFE-003.001-003,2025-01-01,FFE-003.001-003,https://dokument.fremtind.no/vilkar/fremtind/pm/mobilitet/Vilkar_Toppkasko_Bobil.pdf,6264e379da1b2bb8f943fb15dae8ec295572f2650863d57be818a3cd29464a0a,fremtind-bobil-topp.pdf,"[""catalog/sources/mc-bobil/fremtind-bobil-topp.pdf""]",RESOLVED,"[""fremtind-bobil-ansvar"", ""fremtind-bobil-minikasko"", ""fremtind-bobil-kasko"", ""fremtind-bobil-topp""]","[""DNB""]",,,
vehicle:tryg-tilhengerforsikring.html,tryg-tilhengerforsikring.html,,tryg,,,,,,,https://www.tryg.no/forsikringer/kjoretoy/tilhengerforsikring,726529e52f01d071e14d8a39729749815298bd2c6edf4f6837f26ce11a9c1e4c,tryg-tilhengerforsikring.html,"[""catalog/sources/vehicle-extensions/tryg-tilhengerforsikring.html""]",RESOLVED,,,,,
vehicle:gjensidige-snoscooterforsikring.html,gjensidige-snoscooterforsikring.html,,gjensidige,,,,,,,https://www.gjensidige.no/forsikring/kjoretoy/snoscooterforsikring,a777ebfa6dfb20479382fa62691b1192a6867daf8044fbf6c21ee9f9989e531c,gjensidige-snoscooterforsikring.html,"[""catalog/sources/vehicle-extensions/gjensidige-snoscooterforsikring.html""]",RESOLVED,,,,,
vehicle:gjensidige-campingvognforsikring.html,gjensidige-campingvognforsikring.html,,gjensidige,,,,,,,https://www.gjensidige.no/forsikring/kjoretoy/campingvognforsikring,4f30c8c2a2dabd6425c61bba12513a824c6a2ac4d24a206a261d4f45b3c278a8,gjensidige-campingvognforsikring.html,"[""catalog/sources/vehicle-extensions/gjensidige-campingvognforsikring.html""]",RESOLVED,,,,,
vehicle:gjensidige-tilhengerforsikring.html,gjensidige-tilhengerforsikring.html,,gjensidige,,,,,,,https://www.gjensidige.no/forsikring/kjoretoy/tilhengerforsikring,516d76e88532d1319c9d390c107a70ba284335ea1f6f480e927fd57799dfb883,gjensidige-tilhengerforsikring.html,"[""catalog/sources/vehicle-extensions/gjensidige-tilhengerforsikring.html""]",RESOLVED,,,,,
vehicle:eikaforsikring-vilkar.html,eikaforsikring-vilkar.html,,eika-fremtind,,,,,,,https://www.eikaforsikring.no/alle-forsikringer/vilkar,926938c237700c63961e11a466ffa7dbca6b4e4a66778cc5320fcd9234390e09,eikaforsikring-vilkar.html,"[""catalog/sources/vehicle-extensions/eikaforsikring-vilkar.html""]",RESOLVED,,,,,
vehicle:frende-campingvognforsikring.html,frende-campingvognforsikring.html,,frende,,,,,,,https://www.frende.no/forsikringer/campingvognforsikring/,14db91b9abaed2a8ffc923f72522a62c3a9d127056193d84ef7c3cb29ec84fba,frende-campingvognforsikring.html,"[""catalog/sources/vehicle-extensions/frende-campingvognforsikring.html""]",RESOLVED,,,,,
vehicle:frende-snoscooterforsikring.html,frende-snoscooterforsikring.html,,frende,,,,,,,https://www.frende.no/forsikringer/snoscooterforsikring/,98b6524f45c3e671e39e60c82ba8318314583a6aafd4e2e96bf3dec0605f26c3,frende-snoscooterforsikring.html,"[""catalog/sources/vehicle-extensions/frende-snoscooterforsikring.html""]",RESOLVED,,,,,
vehicle:frende-tilhengerforsikring.html,frende-tilhengerforsikring.html,,frende,,,,,,,https://www.frende.no/forsikringer/tilhengerforsikring/,224e454c7280f9001d06af28ec51090175ccc6c8e76eb842e74bfa67d76ef93f,frende-tilhengerforsikring.html,"[""catalog/sources/vehicle-extensions/frende-tilhengerforsikring.html""]",RESOLVED,,,,,
vehicle:storebrand-campingvognforsikring.html,storebrand-campingvognforsikring.html,,storebrand,,,,,,,https://www.storebrand.no/privat/forsikring/campingvognforsikring,82ef7c5c1de0d2b8e4837c260210b5b5d66766d57942aabc5da1d18be58363a0,storebrand-campingvognforsikring.html,"[""catalog/sources/vehicle-extensions/storebrand-campingvognforsikring.html""]",RESOLVED,,,,,
vehicle:storebrand-mc-forsikring.html,storebrand-mc-forsikring.html,,storebrand,,,,,,,https://www.storebrand.no/privat/forsikring/mc-forsikring,57eee721cf1591ca4728d32446d83df52872e84b21ae40fd9796fa3fddbd163d,storebrand-mc-forsikring.html,"[""catalog/sources/vehicle-extensions/storebrand-mc-forsikring.html""]",RESOLVED,,,,,
vehicle:storebrand-tilhengerforsikring.html,storebrand-tilhengerforsikring.html,,storebrand,,,,,,,https://www.storebrand.no/privat/forsikring/tilhengerforsikring,378021a3e4d8dcd820dbfe9ca083d47d2719d49159e72e8152cfc71c0efc0be3,storebrand-tilhengerforsikring.html,"[""catalog/sources/vehicle-extensions/storebrand-tilhengerforsikring.html""]",RESOLVED,,,,,
vehicle:if-campingvognforsikring.html,if-campingvognforsikring.html,,if,,,,,,,https://www.if.no/privat/forsikring/kjoretoy/campingvognforsikring,aad3994299dd6f12a8603e98a17d9a4d7a528f1443bd47f9250aaf6cc8be8943,if-campingvognforsikring.html,"[""catalog/sources/vehicle-extensions/if-campingvognforsikring.html""]",RESOLVED,,,,,
vehicle:if-tilhengerforsikring.html,if-tilhengerforsikring.html,,if,,,,,,,https://www.if.no/privat/forsikring/kjoretoy/tilhengerforsikring,108b76bd8b930752effa94f7d564f0199829537592a10b5fae9336bb613bceff,if-tilhengerforsikring.html,"[""catalog/sources/vehicle-extensions/if-tilhengerforsikring.html""]",RESOLVED,,,,,
vehicle:if-snoscooterforsikring.html,if-snoscooterforsikring.html,,if,,,,,,,https://www.if.no/privat/forsikring/kjoretoy/snoscooterforsikring,9546c45652e033a4b0e15700abacb52dd2d820b26c313858df5f92d1ba3e02f3,if-snoscooterforsikring.html,"[""catalog/sources/vehicle-extensions/if-snoscooterforsikring.html""]",RESOLVED,,,,,
vehicle:tryg-snoscooterforsikring.html,tryg-snoscooterforsikring.html,,tryg,,,,,,,https://www.tryg.no/forsikringer/kjoretoy/snoscooterforsikring,d7b63067996798fc5a839b56ac4af10fbd47bb027d74a21bcf0f6282efeb3243,tryg-snoscooterforsikring.html,"[""catalog/sources/vehicle-extensions/tryg-snoscooterforsikring.html""]",RESOLVED,,,,,
vehicle:tryg-campingvognforsikring.html,tryg-campingvognforsikring.html,,tryg,,,,,,,https://www.tryg.no/forsikringer/kjoretoy/campingvognforsikring,336dcfec7ef747c76980e46c536b84b1844457e9e8e1b4926ef0d01b03530df0,tryg-campingvognforsikring.html,"[""catalog/sources/vehicle-extensions/tryg-campingvognforsikring.html""]",RESOLVED,,,,,
vehicle:tryg-vilkar-75f064ed.html,tryg-vilkar-75f064ed.html,,tryg,,,,,,,https://www.tryg.no/forsikringer/kjoretoy/tilhengerforsikring/vilkar,80fd6f58e66f40fe4294ff3f45eddfef0f40edc17f276918233333bdb567e409,tryg-vilkar-75f064ed.html,"[""catalog/sources/vehicle-extensions/tryg-vilkar-75f064ed.html""]",RESOLVED,,,,,
vehicle:tryg-IPID-Campingvogn-og-tilhenger.pdf,tryg-IPID-Campingvogn-og-tilhenger.pdf,,tryg,,,,,,2025-07-01,https://www.tryg.no/system/files/download/pdf/ipid/IPID-Campingvogn-og-tilhenger.pdf,4b1947c06b94206ce31fdfbb68fc7c10e65aeb63f69f8368d0c03f25ea7551a3,"Campingvogn og tilhenger Dokument med opplysninger om forsikringsproduktet Selskap: Tryg Forsikring A/S, 5020 Bergen,","[""catalog/sources/vehicle-extensions/tryg-IPID-Campingvogn-og-tilhenger.pdf""]",RESOLVED,,,,,
vehicle:gjensidige-MOT05.pdf,gjensidige-MOT05.pdf,,gjensidige,,,,,,,https://www.gjensidige.no/ipid/gfno/MOT05,24c231e42bf532f5d94ad9edfd2a6e2f66b1de58223786a3228cc87597a01901,Dokument med informasjon om forsikringsproduktetSelskap: Gjensidige Forsikring ASAProdukt: Se forsikringsbevis og vilkår,"[""catalog/sources/vehicle-extensions/gjensidige-MOT05.pdf""]",RESOLVED,,,,,
vehicle:gjensidige-MOT07.pdf,gjensidige-MOT07.pdf,,gjensidige,,,,,,,https://www.gjensidige.no/ipid/gfno/MOT07,eedf3286cee2c73f0cb6a5f0eaadd9233b527625c1e2d2a763aa2d11b35d20e7,Dokument med informasjon om forsikringsproduktetSelskap: Gjensidige Forsikring ASAProdukt: Se forsikringsbevis og vilkår,"[""catalog/sources/vehicle-extensions/gjensidige-MOT07.pdf""]",RESOLVED,,,,,
vehicle:gjensidige-MOT09.pdf,gjensidige-MOT09.pdf,,gjensidige,,,,,,,https://www.gjensidige.no/ipid/gfno/MOT09,700aa06dd8343c30fc0dfcb3e5ca513439806c620a297a32b297edcf3fa1d457,Dokument med informasjon om forsikringsproduktetSelskap: Gjensidige Forsikring ASAProdukt: Se forsikringsbevis og vilkår,"[""catalog/sources/vehicle-extensions/gjensidige-MOT09.pdf""]",RESOLVED,,,,,
vehicle:frende-CaravanInsurance.pdf,frende-CaravanInsurance.pdf,,frende,,,,,2026-01-01,,https://api.frende.no/documents/terms/public/pnc/CaravanInsurance,088201db9b2f6071e81d24d716a74233176cd3694ac2be1a92e44be6952e8f88,"Vilkår for kjùretùyforsikring Dette må du vite om forsikringen din Disse vilkårene gjelder for bil, veteranbil, bobil, c","[""catalog/sources/vehicle-extensions/frende-CaravanInsurance.pdf""]",RESOLVED,,,,,
vehicle:frende-Generelle_vilkår-01012026.pdf,frende-Generelle_vilkår-01012026.pdf,,frende,,,,,,,https://www.frende.no/documents/2/Generelle_vilk%C3%A5r-01012026.pdf,7eb30f58fc546990ec8d42a7130e0e49d0fc71e949a26f6db2213f3bf39b997b,Generelle vilkår for alle skadeforsikringer i Frende Dette må du vite om forsikringen din Disse generelle vilkårene gjel,"[""catalog/sources/vehicle-extensions/frende-Generelle_vilkår-01012026.pdf""]",RESOLVED,,,,,
vehicle:frende-SnowmobileInsurance.pdf,frende-SnowmobileInsurance.pdf,,frende,,,,,2026-01-01,,https://api.frende.no/documents/terms/public/pnc/SnowmobileInsurance,088201db9b2f6071e81d24d716a74233176cd3694ac2be1a92e44be6952e8f88,"Vilkår for kjùretùyforsikring Dette må du vite om forsikringen din Disse vilkårene gjelder for bil, veteranbil, bobil, c","[""catalog/sources/vehicle-extensions/frende-SnowmobileInsurance.pdf""]",RESOLVED,,,,,
vehicle:frende-TrailerInsurance.pdf,frende-TrailerInsurance.pdf,,frende,,,,,2026-01-01,,https://api.frende.no/documents/terms/public/pnc/TrailerInsurance,088201db9b2f6071e81d24d716a74233176cd3694ac2be1a92e44be6952e8f88,"Vilkår for kjùretùyforsikring Dette må du vite om forsikringen din Disse vilkårene gjelder for bil, veteranbil, bobil, c","[""catalog/sources/vehicle-extensions/frende-TrailerInsurance.pdf""]",RESOLVED,,,,,
vehicle:storebrand-vilkar-campingvogn-og-tilhenger.pdf,storebrand-vilkar-campingvogn-og-tilhenger.pdf,,storebrand,,,,camp02,2026-03-01,,https://www.storebrand.no/privat/forsikring/campingvognforsikring/_/attachment/inline/047a8396-0549-4f55-8afe-a20fe3cc42d6:af61e7bae3bcc2f6f5300195d35d576c461f0b33/vilkar-campingvogn-og-tilhenger.pdf,fae736d8fb37b41b2c9e09f9c0de99760691023a3bd8c4d5d6ee520957e883c8,17152b Vilkår Dette må du vite om forsikringen din Disse vilkårene gjelder for campingvogn- og tilhengerforsi,"[""catalog/sources/vehicle-extensions/storebrand-vilkar-campingvogn-og-tilhenger.pdf""]",RESOLVED,,,,,
vehicle:storebrand-vilkar-generelle.pdf,storebrand-vilkar-generelle.pdf,,storebrand,,,,,,,https://www.storebrand.no/privat/forsikring/campingvognforsikring/_/attachment/inline/f8340c1a-d0b6-43c8-963c-eff345a03c22:b2b6be411de9b425d73fa91b7c7e42ade28fdee8/vilkar-generelle.pdf,4873064a8597953be3832870734c41c15e5abe0cc9cfd77c01979878990cd754,17034k Generelle vilkår Disse vilkår gjelder i den utstrekning de ikke er fraveket i de enkelte forsikringsvilk,"[""catalog/sources/vehicle-extensions/storebrand-vilkar-generelle.pdf""]",RESOLVED,,,,,
vehicle:storebrand-vilkar-motorvognforsikring.pdf,storebrand-vilkar-motorvognforsikring.pdf,,storebrand,,,,motor09,2025-04-01,,https://www.storebrand.no/privat/forsikring/mc-forsikring/_/attachment/inline/7b20f38c-208d-48ca-97f9-f82fab02216f:e9289744b0f0bb00c7304e715377b4be9a0e85d8/vilkar-motorvognforsikring.pdf,7673b8ee8fd5329d9e87c0a128a0a5cd4eeefb0721c8c5d8a1dedeb246c041fb,17032q Vilkår motorvogn Dette må du vite om forsikringen din Disse vilkårene gjelder for kjøretøyforsikringen,"[""catalog/sources/vehicle-extensions/storebrand-vilkar-motorvognforsikring.pdf""]",RESOLVED,,,,,
vehicle:if-Vilkaar-4103ea25.pdf,if-Vilkaar-4103ea25.pdf,,if,,,,MOT2-2,2024-03,,https://if.no/apps/vilkarsbasendokument/Vilkaar?produkt=Kj%C3%B8ret%C3%B8yforsikring,57a0966a974bddc588454e8c829ad02543649c5e577c3fec5f804b8bf2d81987,- - Kjøretøyforsikring 1/26 Innhold Oversikt over forsikringen ..............................................,"[""catalog/sources/vehicle-extensions/if-Vilkaar-4103ea25.pdf""]",RESOLVED,,,,,
vehicle:if-Vilkaar-b7d19ed7.pdf,if-Vilkaar-b7d19ed7.pdf,,if,,,,S-709,1991-01,,https://if.no/apps/vilkarsbasendokument/Vilkaar?vilkaar=SV709,ec5d7fd0a585c1b1a0ee23cad31fc135ebcf35d1f67c5f559e15e378aa171743,VOGNSKADEFORSIKRING FOR TILHENGER. (S-709) Vognskadeforsikring for tilhenger (1991/01). 1 Forsikringen omfatter gjenans,"[""catalog/sources/vehicle-extensions/if-Vilkaar-b7d19ed7.pdf""]",RESOLVED,,,,,
vehicle:tryg-vilkar-fc5e4fcd.html,tryg-vilkar-fc5e4fcd.html,,tryg,,,,,,,https://www.tryg.no/forsikringer/kjoretoy/snoscooterforsikring/vilkar,ab4f81d2250de4d77c6fbb8d2c7fdf22958c0733037ada642bbdbfe17ae442a0,tryg-vilkar-fc5e4fcd.html,"[""catalog/sources/vehicle-extensions/tryg-vilkar-fc5e4fcd.html""]",RESOLVED,,,,,
vehicle:tryg-vilkar-812784ac.html,tryg-vilkar-812784ac.html,,tryg,,,,,,,https://www.tryg.no/forsikringer/kjoretoy/campingvognforsikring/vilkar,d091693e25ee16bec7696b19829d6f70ee6fdbdb0503a23e2e17b00d4d53ee0f,tryg-vilkar-812784ac.html,"[""catalog/sources/vehicle-extensions/tryg-vilkar-812784ac.html""]",RESOLVED,,,,,
vehicle:gjensidige-Snoscooter-Kasko-alminnelige-vilkar.pdf,gjensidige-Snoscooter-Kasko-alminnelige-vilkar.pdf,,gjensidige,,,,,,,https://www.gjensidige.no/files/privat/vilkar/kjoretoy/Snoscooter-Kasko-alminnelige-vilkar.pdf,ba089fbe156e6f025971d3ab7ef6d78d9a6832d4bfac0af6743b1fa5494d47b4,Nyheter og endringerForsikringsoversikt Forsikringsbevis Fellesdekninger / Generelle vilkårErstatningsregler Fristforåme,"[""catalog/sources/vehicle-extensions/gjensidige-Snoscooter-Kasko-alminnelige-vilkar.pdf""]",RESOLVED,,,,,
vehicle:gjensidige-Snoscooter-Delkasko-alminnelige-vilkar.pdf,gjensidige-Snoscooter-Delkasko-alminnelige-vilkar.pdf,,gjensidige,,,,,,,https://www.gjensidige.no/files/privat/vilkar/kjoretoy/Snoscooter-Delkasko-alminnelige-vilkar.pdf,ac376b33b1d9c90d82c2a478f9336eb7b09122a96a4bc90022d3432b0f9ce27b,Nyheter og endringerForsikringsoversikt Forsikringsbevis Fellesdekninger / Generelle vilkårErstatningsregler Fristforåme,"[""catalog/sources/vehicle-extensions/gjensidige-Snoscooter-Delkasko-alminnelige-vilkar.pdf""]",RESOLVED,,,,,
vehicle:gjensidige-snoscooter-ansvar-alminnelige-vilkar.pdf,gjensidige-snoscooter-ansvar-alminnelige-vilkar.pdf,,gjensidige,,,,,,,https://www.gjensidige.no/files/privat/vilkar/kjoretoy/snoscooter-ansvar-alminnelige-vilkar.pdf,5c7e634313b96147b294cfa18ef6edf6e3f8c8e668dd2e1ea2ecead56b34e8be,Nyheter og endringerForsikringsoversikt Forsikringsbevis Fellesdekninger / Generelle vilkårErstatningsregler Fristforåme,"[""catalog/sources/vehicle-extensions/gjensidige-snoscooter-ansvar-alminnelige-vilkar.pdf""]",RESOLVED,,,,,
vehicle:gjensidige-Campingvogn-Pluss-alminnelige-vilkar.pdf,gjensidige-Campingvogn-Pluss-alminnelige-vilkar.pdf,,gjensidige,,,,,,,https://www.gjensidige.no/files/privat/vilkar/kjoretoy/Campingvogn-Pluss-alminnelige-vilkar.pdf,129827ede6156025a74dae49392e2744eebff0d0e42a30a08e9b1449859365ca,Nyheter og endringerForsikringsoversikt Forsikringsbevis Fellesdekninger / Generelle vilkårErstatningsregler Fristforåme,"[""catalog/sources/vehicle-extensions/gjensidige-Campingvogn-Pluss-alminnelige-vilkar.pdf""]",RESOLVED,,,,,
vehicle:gjensidige-Campingvogn-Kasko-alminnelige-vilkar.pdf,gjensidige-Campingvogn-Kasko-alminnelige-vilkar.pdf,,gjensidige,,,,,,,https://www.gjensidige.no/files/privat/vilkar/kjoretoy/Campingvogn-Kasko-alminnelige-vilkar.pdf,fb61c6696cbf3a12067cef1b71f73b6562c37495151268fe769d4520b7ac4194,Nyheter og endringerForsikringsoversikt Forsikringsbevis Fellesdekninger / Generelle vilkårErstatningsregler Fristforåme,"[""catalog/sources/vehicle-extensions/gjensidige-Campingvogn-Kasko-alminnelige-vilkar.pdf""]",RESOLVED,,,,,
vehicle:gjensidige-Campingvogn-Delkasko-alminnelige-vilkar.pdf,gjensidige-Campingvogn-Delkasko-alminnelige-vilkar.pdf,,gjensidige,,,,,,,https://www.gjensidige.no/files/privat/vilkar/kjoretoy/Campingvogn-Delkasko-alminnelige-vilkar.pdf,aac62443966b522b04903f765eb31376b8a48cddd39d14781d447bcaa82677de,Nyheter og endringerForsikringsoversikt Forsikringsbevis Fellesdekninger / Generelle vilkårErstatningsregler Fristforåme,"[""catalog/sources/vehicle-extensions/gjensidige-Campingvogn-Delkasko-alminnelige-vilkar.pdf""]",RESOLVED,,,,,
vehicle:gjensidige-tilhenger-kasko-alminnelige-vilkar.pdf,gjensidige-tilhenger-kasko-alminnelige-vilkar.pdf,,gjensidige,,,,,,,https://www.gjensidige.no/files/privat/vilkar/kjoretoy/tilhenger-kasko-alminnelige-vilkar.pdf,2c2f5b4a59d6dbe6564257319224d841e065eada4dab5f9c04ee05c6c3413328,Nyheter og endringerForsikringsoversikt Forsikringsbevis Fellesdekninger / Generelle vilkårErstatningsregler Fristforåme,"[""catalog/sources/vehicle-extensions/gjensidige-tilhenger-kasko-alminnelige-vilkar.pdf""]",RESOLVED,,,,,
vehicle:gjensidige-tilhenger-delkasko-alminnelige-vilkar.pdf,gjensidige-tilhenger-delkasko-alminnelige-vilkar.pdf,,gjensidige,,,,,,,https://www.gjensidige.no/files/privat/vilkar/kjoretoy/tilhenger-delkasko-alminnelige-vilkar.pdf,9154b1ee38457ccf602854819c21fea4374c7265172a6d39bbd28775299209fc,Nyheter og endringerForsikringsoversikt Forsikringsbevis Fellesdekninger / Generelle vilkårErstatningsregler Fristforåme,"[""catalog/sources/vehicle-extensions/gjensidige-tilhenger-delkasko-alminnelige-vilkar.pdf""]",RESOLVED,,,,,
vehicle:fremtind-Vilkar_Kasko_Campingvogn_og_Tilhenger.pdf,fremtind-Vilkar_Kasko_Campingvogn_og_Tilhenger.pdf,,eika-fremtind,,,,PMO-354.000-002,2024-03-21,,https://dokument.fremtind.no/vilkar/fremtind/pm/mobilitet/Vilkar_Kasko_Campingvogn_og_Tilhenger.pdf,b858b6444a8dce7b9a6cf184b5e69ebe85eea2a1a1471f39712807a06986dc9a,Vilkår Tilhenger- og Campingvognforsikring Vilkårs id: PMO-354.000-002 av 21.03.2024 Det framgår av forsikringsbeviset h,"[""catalog/sources/vehicle-extensions/fremtind-Vilkar_Kasko_Campingvogn_og_Tilhenger.pdf""]",RESOLVED,,,,,
vehicle:fremtind-Vilkar_Kasko_Snoscooter.pdf,fremtind-Vilkar_Kasko_Snoscooter.pdf,,eika-fremtind,,,,PMO-357.000-006,2023-10-29,,https://dokument.fremtind.no/vilkar/fremtind/pm/mobilitet/Vilkar_Kasko_Snoscooter.pdf,2103322d55713ff007aec488ffd3cc09ebd35d88ded5904314226f48c36915bb,Vilkår Motorvognforsikring Vilkårs id: PMO-357.000-006 av 29.10.2023 Det framgår av forsikringsbeviset hvilket kjøretøy,"[""catalog/sources/vehicle-extensions/fremtind-Vilkar_Kasko_Snoscooter.pdf""]",RESOLVED,,,,,
vehicle:tryg-IPID-Snoscooter.pdf,tryg-IPID-Snoscooter.pdf,,tryg,,,,,,2025-07-01,https://www.tryg.no/system/files/download/pdf/ipid/IPID-Snoscooter.pdf,4140b20c0d53e4430e008f1aed17c61c486f2be8cd14b00b3380ea72babac421,"Snøscooterforsikring Dokument med opplysninger om forsikringsproduktet Selskap: Tryg Forsikring A/S, 5020 Bergen, For","[""catalog/sources/vehicle-extensions/tryg-IPID-Snoscooter.pdf""]",RESOLVED,,,,,
vehicle:tryg-odpdf-543856fa.pdf,tryg-odpdf-543856fa.pdf,,tryg,,,,PAU26506,2026-01-01,,https://www.tryg.no/odpdf?vilkNr=05PAU26506&vilk=Brann-tilhenger,ef35e81a0c38a0d9ad824bf3bcc54422a29dabdef614a1eea550f9480d3d5d79,BRANN Vilkår PAU26506 gjelder fra 01.01.2026. Avløser vilkår av 01.07.2025. 1. HVA FORSIKRINGEN OMFATTER 1.1. KJØRETØYET,"[""catalog/sources/vehicle-extensions/tryg-odpdf-543856fa.pdf""]",RESOLVED,,,,,
vehicle:tryg-odpdf-05b2538c.pdf,tryg-odpdf-05b2538c.pdf,,tryg,,,,PAU26307,2026-01-01,,https://www.tryg.no/odpdf?vilkNr=05PAU26307&vilk=Branntyveri-tilhenger,d23f9b93a43d7a346ac5452d1bb9b9e679ac62ce6c8c9ae2b3de5ec188a5362e,BRANN OG TYVERI Vilkår PAU26307 gjelder fra 01.01.2026. Avløser vilkår av 01.07.2025. 1. HVA FORSIKRINGEN OMFATTER 1.1.,"[""catalog/sources/vehicle-extensions/tryg-odpdf-05b2538c.pdf""]",RESOLVED,,,,,
vehicle:tryg-odpdf-03ff0533.pdf,tryg-odpdf-03ff0533.pdf,,tryg,,,,PAU25255,2026-01-01,,https://www.tryg.no/odpdf?vilkNr=05PAU25255&vilk=Kasko-tilhenger,44633a6fb75be6d3a8b1b8a85a4c3ee5fbaf09a4f3e58e37c74d9304d07d403e,KASKO Vilkår PAU25255 gjelder fra 01.01.2026. Avløser vilkår av 01.07.2025. 1. HVA FORSIKRINGEN OMFATTER 1.1. KJØRETØYET,"[""catalog/sources/vehicle-extensions/tryg-odpdf-03ff0533.pdf""]",RESOLVED,,,,,
vehicle:tryg-odpdf-778e88dd.pdf,tryg-odpdf-778e88dd.pdf,,tryg,,,,PAU18200,2024-01-01,,https://www.tryg.no/odpdf?vilkNr=05PAU18200&vilk=Produktvilkaar-Tilhenger,d4ee41278c962160aa0a03b1e2f5fc6d77c039fb9af1a5108252e4b989034f70,Forsikringsavtalen består av forsikringsbevis og forsikringsvilkår. Beviset gjelder foran vilkårene. I beviset ser du hv,"[""catalog/sources/vehicle-extensions/tryg-odpdf-778e88dd.pdf""]",RESOLVED,,,,,
vehicle:tryg-odpdf-65439673.pdf,tryg-odpdf-65439673.pdf,,tryg,,,,,,,https://www.tryg.no/odpdf?vilkNr=05000PA182&vilk=Tilhenger-Sikkerhetsforskrift,037e9eeeb20d9b9576a648ac2e31be748f735fccaf78dc95e4e134c48262cffd,"Sikkerhetsforskriftene sier hva du selv skal gjøre for å begrense eller forebygge skader. Dersom disse ikke overholdes,","[""catalog/sources/vehicle-extensions/tryg-odpdf-65439673.pdf""]",RESOLVED,,,,,
vehicle:tryg-odpdf-911ff8ae.pdf,tryg-odpdf-911ff8ae.pdf,,tryg,,,,PGE91000,2024-07-01,,https://www.tryg.no/odpdf?vilkNr=05PGE91000&vilk=Generelle-vilkaar,b8d0244084b7ffa5f35c4c4fd131b54497e247683da82ee5afc8668fd67a1320,Generelle vilkår gjelder for alle de private forsikringene dine og må leses i sammenheng med vilkårene for hver forsikri,"[""catalog/sources/vehicle-extensions/tryg-odpdf-911ff8ae.pdf""]",RESOLVED,,,,,
vehicle:tryg-odpdf-d8d47def.pdf,tryg-odpdf-d8d47def.pdf,,tryg,,,,PGE91500,2026-01-01,,https://www.tryg.no/odpdf?vilkNr=05PGE91500&vilk=Rettshjelp,bb2facd87cd377c994521ecf530ff82e1872ffc058d142f32832e5cd1999e291,Rettshjelpsforsikringen er en refusjonsordning som omfatter utgifter ved tvisteløsning hvis du får behov for bistand fra,"[""catalog/sources/vehicle-extensions/tryg-odpdf-d8d47def.pdf""]",RESOLVED,,,,,
vehicle:tryg-odpdf-63601ed1.pdf,tryg-odpdf-63601ed1.pdf,,tryg,,,,PAU26506,2026-01-01,,https://www.tryg.no/odpdf?vilkNr=05PAU26506&vilk=Brann-campingvogn,ef35e81a0c38a0d9ad824bf3bcc54422a29dabdef614a1eea550f9480d3d5d79,BRANN Vilkår PAU26506 gjelder fra 01.01.2026. Avløser vilkår av 01.07.2025. 1. HVA FORSIKRINGEN OMFATTER 1.1. KJØRETØYET,"[""catalog/sources/vehicle-extensions/tryg-odpdf-63601ed1.pdf""]",RESOLVED,,,,,
vehicle:tryg-odpdf-7112298e.pdf,tryg-odpdf-7112298e.pdf,,tryg,,,,PAU26307,2026-01-01,,https://www.tryg.no/odpdf?vilkNr=05PAU26307&vilk=Branntyveri-campingvogn,d23f9b93a43d7a346ac5452d1bb9b9e679ac62ce6c8c9ae2b3de5ec188a5362e,BRANN OG TYVERI Vilkår PAU26307 gjelder fra 01.01.2026. Avløser vilkår av 01.07.2025. 1. HVA FORSIKRINGEN OMFATTER 1.1.,"[""catalog/sources/vehicle-extensions/tryg-odpdf-7112298e.pdf""]",RESOLVED,,,,,
vehicle:tryg-odpdf-f862c645.pdf,tryg-odpdf-f862c645.pdf,,tryg,,,,PAU25255,2026-01-01,,https://www.tryg.no/odpdf?vilkNr=05PAU25255&vilk=Kasko-campingvogn,44633a6fb75be6d3a8b1b8a85a4c3ee5fbaf09a4f3e58e37c74d9304d07d403e,KASKO Vilkår PAU25255 gjelder fra 01.01.2026. Avløser vilkår av 01.07.2025. 1. HVA FORSIKRINGEN OMFATTER 1.1. KJØRETØYET,"[""catalog/sources/vehicle-extensions/tryg-odpdf-f862c645.pdf""]",RESOLVED,,,,,
vehicle:tryg-odpdf-d09fac80.pdf,tryg-odpdf-d09fac80.pdf,,tryg,,,,PAU27016,2025-07-01,,https://www.tryg.no/odpdf?vilkNr=05PAU27016&vilk=campingvogn-ekstra,e046a62bec7a85adccd901d51b391e653cdb2e86bc6891b186694adba4bcf726,CAMPINGVOGN EKSTRA Vilkår PAU27016 gjelder fra 01.07.2025. Avløser vilkår av 01.01.2025. 1. HVA FORSIKRINGEN OMFATTER Ca,"[""catalog/sources/vehicle-extensions/tryg-odpdf-d09fac80.pdf""]",RESOLVED,,,,,
vehicle:tryg-odpdf-f52d5798.pdf,tryg-odpdf-f52d5798.pdf,,tryg,,,,PAU18200,2024-01-01,,https://www.tryg.no/odpdf?vilkNr=05PAU18200&vilk=Produktvilkaar-Campingvogn,d4ee41278c962160aa0a03b1e2f5fc6d77c039fb9af1a5108252e4b989034f70,Forsikringsavtalen består av forsikringsbevis og forsikringsvilkår. Beviset gjelder foran vilkårene. I beviset ser du hv,"[""catalog/sources/vehicle-extensions/tryg-odpdf-f52d5798.pdf""]",RESOLVED,,,,,
vehicle:tryg-odpdf-b1fff53e.pdf,tryg-odpdf-b1fff53e.pdf,,tryg,,,,,,,https://www.tryg.no/odpdf?vilkNr=05000PA182&vilk=Campingvogn-Sikkerhetsforskrift,037e9eeeb20d9b9576a648ac2e31be748f735fccaf78dc95e4e134c48262cffd,"Sikkerhetsforskriftene sier hva du selv skal gjøre for å begrense eller forebygge skader. Dersom disse ikke overholdes,","[""catalog/sources/vehicle-extensions/tryg-odpdf-b1fff53e.pdf""]",RESOLVED,,,,,
vehicle:tryg-odpdf-060a2170.pdf,tryg-odpdf-060a2170.pdf,,tryg,,,,PAU25004,2024-07-01,,https://www.tryg.no/odpdf?vilkNr=05PAU25004&vilk=Ansvar-Snoscooter,afcfd9bbc76e5fca4e2c1f70e007ff9062ff9b94d6a7917bb9e147046692c5f4,ANSVAR Vilkår PAU25004 gjelder fra 01.07.2024. Avløser vilkår av 01.01.2023. 1. HVA FORSIKRINGEN OMFATTER 1.1. ANSVAR De,"[""catalog/sources/vehicle-extensions/tryg-odpdf-060a2170.pdf""]",RESOLVED,,,,,
vehicle:tryg-odpdf-0d60de94.pdf,tryg-odpdf-0d60de94.pdf,,tryg,,,,PAU26320,2026-10-01,,https://www.tryg.no/odpdf?vilkNr=05PAU26320&vilk=Branntyveri-Snoscooter,576521c433ef20b4eedf09d0efde0fc7f7aeb378c83c16286c88bc84350dacbd,BRANN OG TYVERI Vilkår PAU26320 gjelder fra 01.10.2026. Avløser vilkår av 01.01.2026. 1. HVA FORSIKRINGEN OMFATTER Kjøre,"[""catalog/sources/vehicle-extensions/tryg-odpdf-0d60de94.pdf""]",RESOLVED,,,,,
vehicle:tryg-odpdf-5a0a847f.pdf,tryg-odpdf-5a0a847f.pdf,,tryg,,,,PAU25505,2026-10-01,,https://www.tryg.no/odpdf?vilkNr=05PAU25505&vilk=Kasko-Snoscooter,1b073ad7823b6c4230786f70ded6da0d3403ab212b79f610951d32cfea76cad8,KASKO Vilkår PAU25505 gjelder fra 01.10.2026. Avløser vilkår av 01.01.2026. 1. HVA FORSIKRINGEN OMFATTER Kjøretøyet Kjør,"[""catalog/sources/vehicle-extensions/tryg-odpdf-5a0a847f.pdf""]",RESOLVED,,,,,
vehicle:tryg-odpdf-2001c3a6.pdf,tryg-odpdf-2001c3a6.pdf,,tryg,,,,PAU28002,2025-01-01,,https://www.tryg.no/odpdf?vilkNr=05PAU28002&vilk=Forerulykke,3ae14967e4d91e4c4a9c8541161206b86dda0c1bc1a7315ca9695f1c1da3c585,FØRERULYKKE Vilkår PAU28002 gjelder fra 01.01.2025. Avløser vilkår av 01.07.2024. 1. HVA FORSIKRINGEN OMFATTER Forsikrin,"[""catalog/sources/vehicle-extensions/tryg-odpdf-2001c3a6.pdf""]",RESOLVED,,,,,
vehicle:tryg-odpdf-56716918.pdf,tryg-odpdf-56716918.pdf,,tryg,,,,PAU28003,2024-07-01,,https://www.tryg.no/odpdf?vilkNr=05PAU28003&vilk=Forerogpassasjerulykke,d3b347f12c14756916de04c0a5a595d34bf8c082ff8d59dc1e2f02d07cfa8f52,FØRER- OG PASSASJERULYKKE Vilkår PAU28003 gjelder fra 01.07.2024. Avløser vilkår av 01.02.2022. 1. HVA FORSIKRINGEN OMFA,"[""catalog/sources/vehicle-extensions/tryg-odpdf-56716918.pdf""]",RESOLVED,,,,,
vehicle:tryg-odpdf-dbf5be98.pdf,tryg-odpdf-dbf5be98.pdf,,tryg,,,,PAU21200,2024-01-01,,https://www.tryg.no/odpdf?vilkNr=05PAU21200&vilk=Produktvilkaar-Snoscooter,6359e33c1a10c9e75a495f8945c3ef5335f0ce0f3000dfd378357cacf65eee06,Forsikringsavtalen består av forsikringsbevis og forsikringsvilkår. Beviset gjelder foran vilkårene. I beviset ser du hv,"[""catalog/sources/vehicle-extensions/tryg-odpdf-dbf5be98.pdf""]",RESOLVED,,,,,
vehicle:tryg-odpdf-e47c9440.pdf,tryg-odpdf-e47c9440.pdf,,tryg,,,,,,,https://www.tryg.no/odpdf?vilkNr=05000PA212&vilk=Snoscooter-Sikkerhetsforskrift,d746d335f8e71187716a873d4b90b28b0944c44a4bcc94fbb81b45b75f122674,"Sikkerhetsforskriftene sier hva du selv skal gjøre for å begrense eller forebygge skader. Dersom disse ikke overholdes,","[""catalog/sources/vehicle-extensions/tryg-odpdf-e47c9440.pdf""]",RESOLVED,,,,,
vehicle:tryg-odpdf-a1702ca7.pdf,tryg-odpdf-a1702ca7.pdf,,tryg,,,,PAU25505,2026-10-01,,https://www.tryg.no/odpdf?amp%3Bvilk=Kasko-Snoscooter&vilkNr=05PAU25505,1b073ad7823b6c4230786f70ded6da0d3403ab212b79f610951d32cfea76cad8,KASKO Vilkår PAU25505 gjelder fra 01.10.2026. Avløser vilkår av 01.01.2026. 1. HVA FORSIKRINGEN OMFATTER Kjøretøyet Kjør,"[""catalog/sources/vehicle-extensions/tryg-odpdf-a1702ca7.pdf""]",RESOLVED,,,,,
vehicle:eikaforsikring-produktinformasjon.html,eikaforsikring-produktinformasjon.html,,eika-fremtind,,,,,,,https://www.eikaforsikring.no/alle-forsikringer/produktinformasjon,afe01cef6bc2af99ebaaa9acc81442324b22e6af75a21187e39457f1e2107f16,eikaforsikring-produktinformasjon.html,"[""catalog/sources/vehicle-extensions/eikaforsikring-produktinformasjon.html""]",RESOLVED,,,,,
vehicle:fremtind-IPID_Tilhenger_Campingvogn.pdf,fremtind-IPID_Tilhenger_Campingvogn.pdf,,eika-fremtind,,,,,,V.103,https://dokument.fremtind.no/ipid/IPID_Tilhenger_Campingvogn.pdf,86ea864fd38b24952a2406d75fc23ff07b9c5ab0899c8017c34af7ac6d2b9deb,"Fremtind Forsikring AS Org.nr. 915 651 232 Vi er eid av SpareBank 1 Gruppen, DNB og Eika Gruppen Hammersborggata 8 Bo","[""catalog/sources/vehicle-extensions/fremtind-IPID_Tilhenger_Campingvogn.pdf""]",RESOLVED,,,,,
vehicle:fremtind-IPID_Snoscooter.pdf,fremtind-IPID_Snoscooter.pdf,,eika-fremtind,,,,,,V.104,https://dokument.fremtind.no/ipid/IPID_Snoscooter.pdf,afd36a47bff2b97d675b404bfe20c8cf549f68af8a19c3521c32c8cb23a7b800,"Fremtind Forsikring AS Org.nr. 915 651 232 Vi er eid av SpareBank 1 Gruppen, DNB og Eika Gruppen Hammersborggata 8 Bo","[""catalog/sources/vehicle-extensions/fremtind-IPID_Snoscooter.pdf""]",RESOLVED,,,,,
vehicle:if-Vilkaar-df7c20ba.pdf,if-Vilkaar-df7c20ba.pdf,,if,,,,GEN2-9,2025-06,,https://if.no/apps/vilkarsbasendokument/Vilkaar?produkt=Generelle_vilk%C3%A5r,b74e00edd2b18560d77a4ec9ef089a393ced723b5ec619186fb0678e96fde046,Generelle vilkår 1/13 Innhold 1. Varighet for forsikringsavtalen og beregning av premie .....................,"[""catalog/sources/vehicle-extensions/if-Vilkaar-df7c20ba.pdf""]",RESOLVED,,,,,
vehicle:fremtind-Generelle_vilkar_skadeforsikring.pdf,fremtind-Generelle_vilkar_skadeforsikring.pdf,,eika-fremtind,,,,FFE-000.001-006,2024-05-21,,https://dokument.fremtind.no/vilkar/fremtind/felles/Generelle_vilkar_skadeforsikring.pdf,cda0a2906cc488cd3f51d553fb55a7b553be025759e43cf5f64009b24ca114f5,Generelle vilkår skadeforsikring Vilkårs id: FFE-000.001-006 av 21.05.2024 Bransjevilkårene gjelder i den grad de ikke e,"[""catalog/sources/vehicle-extensions/fremtind-Generelle_vilkar_skadeforsikring.pdf""]",RESOLVED,,,,,
ansvar,Bilforsikring-Ansvar.pdf,,Tryg,,,,PAU25003,2024-07-01,,,,,"[""catalog/sources/tryg/Bilforsikring-Ansvar.pdf""]",RESOLVED,,,,,
delkasko,Bilforsikring-Delkasko.pdf,,Tryg,,,,PAU25835,2026-01-01,,,,,"[""catalog/sources/tryg/Bilforsikring-Delkasko.pdf""]",RESOLVED,,,,,
kasko,Bilforsikring-Kasko.pdf,,Tryg,,,,PAU25205,2026-07-01,,,,,"[""catalog/sources/tryg/Bilforsikring-Kasko.pdf""]",RESOLVED,,,,,
bilEkstra,Bilforsikring-BilEkstra.pdf,,Tryg,,,,PAU27002,2026-07-01,,,,,"[""catalog/sources/tryg/Bilforsikring-BilEkstra.pdf""]",RESOLVED,,,,,
elbilEkstra,Bilforsikring-ElbilEkstra.pdf,,Tryg,,,,PAU27013,2026-07-01,,,,,"[""catalog/sources/tryg/Bilforsikring-ElbilEkstra.pdf""]",RESOLVED,,,,,
leiebil,Bilforsikring-Leiebil.pdf,,Tryg,,,,PAU27008,2026-10-01,,,,,"[""catalog/sources/tryg/Bilforsikring-Leiebil.pdf""]",RESOLVED,,,,,
maskinskade,Bilforsikring-Maskinskade.pdf,,Tryg,,,,PAU27110,2026-08-01,,,,,"[""catalog/sources/tryg/Bilforsikring-Maskinskade.pdf""]",RESOLVED,,,,,
ulykke,Fører- og Passasjerulykke.pdf,,Tryg,,,,PAU28003,2024-07-01,,,,,"[""catalog/sources/tryg/Fører- og Passasjerulykke.pdf""]",RESOLVED,,,,,
ulykkeEkstra,Fører- og passasjerulykke Ekstra.pdf,,Tryg,,,,PAU28013,2024-05-01,,,,,"[""catalog/sources/tryg/Fører- og passasjerulykke Ekstra.pdf""]",RESOLVED,,,,,
ifAnsvar,Kjoretoyforsikring-MOT2-2.pdf,,If,,,,MOT2-2,2024-03,,https://if.no/apps/vilkarsbasendokument/Vilkaar?vilkaar=MOT2-2,,,"[""catalog/sources/if/Kjoretoyforsikring-MOT2-2.pdf""]",RESOLVED,,,,,
ifDelkasko,Kjoretoyforsikring-MOT2-2.pdf,,If,,,,MOT2-2,2024-03,,https://if.no/apps/vilkarsbasendokument/Vilkaar?vilkaar=MOT2-2,,,"[""catalog/sources/if/Kjoretoyforsikring-MOT2-2.pdf""]",RESOLVED,,,,,
ifKasko,Kjoretoyforsikring-MOT2-2.pdf,,If,,,,MOT2-2,2024-03,,https://if.no/apps/vilkarsbasendokument/Vilkaar?vilkaar=MOT2-2,,,"[""catalog/sources/if/Kjoretoyforsikring-MOT2-2.pdf""]",RESOLVED,,,,,
ifSuper,Kjoretoyforsikring-MOT2-2.pdf,,If,,,,MOT2-2,2024-03,,https://if.no/apps/vilkarsbasendokument/Vilkaar?vilkaar=MOT2-2,,,"[""catalog/sources/if/Kjoretoyforsikring-MOT2-2.pdf""]",RESOLVED,,,,,
ifLeiebil,Kjoretoyforsikring-MOT2-2.pdf,,If,,,,MOT2-2,2024-03,,https://if.no/apps/vilkarsbasendokument/Vilkaar?vilkaar=MOT2-2,,,"[""catalog/sources/if/Kjoretoyforsikring-MOT2-2.pdf""]",RESOLVED,,,,,
ifMotorGir,Kjoretoyforsikring-MOT2-2.pdf,,If,,,,MOT2-2,2024-03,,https://if.no/apps/vilkarsbasendokument/Vilkaar?vilkaar=MOT2-2,,,"[""catalog/sources/if/Kjoretoyforsikring-MOT2-2.pdf""]",RESOLVED,,,,,
gjAnsvar,bil-ansvar-alminnelige-vilkar.pdf,,Gjensidige,,,full_terms,Ikke oppgitt,,,https://www.gjensidige.no/files/privat/vilkar/kjoretoy/bil-ansvar-alminnelige-vilkar.pdf,bbfd85aaeb572102fb295f99d83d12963d7584266bc027e4ed01eda89211f2b2,,"[""catalog/sources/gjensidige/bil-ansvar-alminnelige-vilkar.pdf""]",RESOLVED,,,,,
gjDelkasko,Bil-Delkasko-alminnelige-vilkar.pdf,,Gjensidige,,,full_terms,Ikke oppgitt,,,https://www.gjensidige.no/files/privat/vilkar/kjoretoy/Bil-Delkasko-alminnelige-vilkar.pdf,90947312022821f8e6233b8d71d5eed13110f54640cf753b992d519809901c88,,"[""catalog/sources/gjensidige/Bil-Delkasko-alminnelige-vilkar.pdf""]",RESOLVED,,,,,
gjKasko,Bil-Kasko-alminnelige-vilkar.pdf,,Gjensidige,,,full_terms,Ikke oppgitt,,,https://www.gjensidige.no/files/privat/vilkar/kjoretoy/Bil-Kasko-alminnelige-vilkar.pdf,4c9b088ab208453c6437e02c3962f38186c8e86d2f4c106658e634560b783aef,,"[""catalog/sources/gjensidige/Bil-Kasko-alminnelige-vilkar.pdf""]",RESOLVED,,,,,
gjPluss,Bil-Pluss-alminnelige-vilkar.pdf,,Gjensidige,,,full_terms,Ikke oppgitt,,,https://www.gjensidige.no/files/privat/vilkar/kjoretoy/Bil-Pluss-alminnelige-vilkar.pdf,c512ffc7dbcfc60737f018aae0d47e2883a300ede36f65ab51d8e50133a7189d,,"[""catalog/sources/gjensidige/Bil-Pluss-alminnelige-vilkar.pdf""]",RESOLVED,,,,,
gjPunktering,Bil-Kasko-alminnelige-vilkar.pdf,,Gjensidige,,,full_terms,Ikke oppgitt,,,https://www.gjensidige.no/files/privat/vilkar/kjoretoy/Bil-Kasko-alminnelige-vilkar.pdf,4c9b088ab208453c6437e02c3962f38186c8e86d2f4c106658e634560b783aef,,"[""catalog/sources/gjensidige/Bil-Kasko-alminnelige-vilkar.pdf""]",RESOLVED,,,,,
gjIpid,Bilforsikring-Produktark-MOT01.pdf,,Gjensidige,,,,MOT01,,,https://www.gjensidige.no/ipid/gfno/MOT01,32f3428e0f758e7380d54b9aaaa9da994b5f854e1707142f744576d792af9642,,"[""catalog/sources/gjensidige/Bilforsikring-Produktark-MOT01.pdf""]",RESOLVED,,,,,
gjUtvidetUtstyr,Bilforsikring-Produktark-MOT01.pdf,,Gjensidige,,,,MOT01,,,https://www.gjensidige.no/ipid/gfno/MOT01,,,"[""catalog/sources/gjensidige/Bilforsikring-Produktark-MOT01.pdf""]",RESOLVED,,,,,
gjSpesiallakk,Bilforsikring-Produktark-MOT01.pdf,,Gjensidige,,,,MOT01,,,https://www.gjensidige.no/ipid/gfno/MOT01,,,"[""catalog/sources/gjensidige/Bilforsikring-Produktark-MOT01.pdf""]",RESOLVED,,,,,
gjFunksjonsutstyr,Bilforsikring-Produktark-MOT01.pdf,,Gjensidige,,,,MOT01,,,https://www.gjensidige.no/ipid/gfno/MOT01,,,"[""catalog/sources/gjensidige/Bilforsikring-Produktark-MOT01.pdf""]",RESOLVED,,,,,
sbAnsvar,vilkar-motorvognforsikring-motor09.pdf,,Storebrand,,,,motor09,2025-04-01,,https://www.storebrand.no/privat/forsikring/bilforsikring/_/attachment/inline/7b20f38c-208d-48ca-97f9-f82fab02216f:e9289744b0f0bb00c7304e715377b4be9a0e85d8/vilkar-motorvognforsikring.pdf,7673b8ee8fd5329d9e87c0a128a0a5cd4eeefb0721c8c5d8a1dedeb246c041fb,,"[""catalog/sources/storebrand/vilkar-motorvognforsikring-motor09.pdf""]",RESOLVED,,,,,
sbDelkasko,vilkar-motorvognforsikring-motor09.pdf,,Storebrand,,,,motor09,2025-04-01,,https://www.storebrand.no/privat/forsikring/bilforsikring/_/attachment/inline/7b20f38c-208d-48ca-97f9-f82fab02216f:e9289744b0f0bb00c7304e715377b4be9a0e85d8/vilkar-motorvognforsikring.pdf,7673b8ee8fd5329d9e87c0a128a0a5cd4eeefb0721c8c5d8a1dedeb246c041fb,,"[""catalog/sources/storebrand/vilkar-motorvognforsikring-motor09.pdf""]",RESOLVED,,,,,
sbKasko,vilkar-motorvognforsikring-motor09.pdf,,Storebrand,,,,motor09,2025-04-01,,https://www.storebrand.no/privat/forsikring/bilforsikring/_/attachment/inline/7b20f38c-208d-48ca-97f9-f82fab02216f:e9289744b0f0bb00c7304e715377b4be9a0e85d8/vilkar-motorvognforsikring.pdf,7673b8ee8fd5329d9e87c0a128a0a5cd4eeefb0721c8c5d8a1dedeb246c041fb,,"[""catalog/sources/storebrand/vilkar-motorvognforsikring-motor09.pdf""]",RESOLVED,,,,,
sbSuper,vilkar-motorvognforsikring-motor09.pdf,,Storebrand,,,,motor09,2025-04-01,,https://www.storebrand.no/privat/forsikring/bilforsikring/_/attachment/inline/7b20f38c-208d-48ca-97f9-f82fab02216f:e9289744b0f0bb00c7304e715377b4be9a0e85d8/vilkar-motorvognforsikring.pdf,7673b8ee8fd5329d9e87c0a128a0a5cd4eeefb0721c8c5d8a1dedeb246c041fb,,"[""catalog/sources/storebrand/vilkar-motorvognforsikring-motor09.pdf""]",RESOLVED,,,,,
sbLeiebil,vilkar-motorvognforsikring-motor09.pdf,,Storebrand,,,,motor09,2025-04-01,,https://www.storebrand.no/privat/forsikring/bilforsikring/_/attachment/inline/7b20f38c-208d-48ca-97f9-f82fab02216f:e9289744b0f0bb00c7304e715377b4be9a0e85d8/vilkar-motorvognforsikring.pdf,7673b8ee8fd5329d9e87c0a128a0a5cd4eeefb0721c8c5d8a1dedeb246c041fb,,"[""catalog/sources/storebrand/vilkar-motorvognforsikring-motor09.pdf""]",RESOLVED,,,,,
sbLeiebilUtvidet,vilkar-motorvognforsikring-motor09.pdf,,Storebrand,,,,motor09,2025-04-01,,https://www.storebrand.no/privat/forsikring/bilforsikring/_/attachment/inline/7b20f38c-208d-48ca-97f9-f82fab02216f:e9289744b0f0bb00c7304e715377b4be9a0e85d8/vilkar-motorvognforsikring.pdf,7673b8ee8fd5329d9e87c0a128a0a5cd4eeefb0721c8c5d8a1dedeb246c041fb,,"[""catalog/sources/storebrand/vilkar-motorvognforsikring-motor09.pdf""]",RESOLVED,,,,,
sbGenerelle,vilkar-generelle.pdf,,Storebrand,,,,gener07,2026-09-01,,https://www.storebrand.no/privat/forsikring/bilforsikring/_/attachment/inline/f8340c1a-d0b6-43c8-963c-eff345a03c22:b2b6be411de9b425d73fa91b7c7e42ade28fdee8/vilkar-generelle.pdf,4873064a8597953be3832870734c41c15e5abe0cc9cfd77c01979878990cd754,,"[""catalog/sources/storebrand/vilkar-generelle.pdf""]",RESOLVED,,,,,
sp1Core,Vilkar_ansvar_bil.pdf,,Fremtind,,,,PMO-357.001-004,2025-09-18,,https://dokument.fremtind.no/vilkar/fremtind/pm/mobilitet/Vilkar_ansvar_bil.pdf,0e36f6bf5b484ca3d246d63dd701b7b76c9b6de4095a37be2c695ebc4edb5568,,"[""catalog/sources/sparebank1-fremtind/Vilkar_ansvar_bil.pdf""]",RESOLVED,,,,,
sp1Ansvar,Vilkar_ansvar_bil.pdf,,Fremtind,,,,FMO-001.100-007,2023-10-29,,https://dokument.fremtind.no/vilkar/fremtind/pm/mobilitet/Vilkar_ansvar_bil.pdf,0e36f6bf5b484ca3d246d63dd701b7b76c9b6de4095a37be2c695ebc4edb5568,,"[""catalog/sources/sparebank1-fremtind/Vilkar_ansvar_bil.pdf""]",RESOLVED,,,,,
sp1Ulykke,Vilkar_ansvar_bil.pdf,,Fremtind,,,,FMO-002.401-003,2019-04-01,,https://dokument.fremtind.no/vilkar/fremtind/pm/mobilitet/Vilkar_ansvar_bil.pdf,0e36f6bf5b484ca3d246d63dd701b7b76c9b6de4095a37be2c695ebc4edb5568,,"[""catalog/sources/sparebank1-fremtind/Vilkar_ansvar_bil.pdf""]",RESOLVED,,,,,
sp1Rettshjelp,Vilkar_ansvar_bil.pdf,,Fremtind,,,,FFE-003.001-003,2025-01-01,,https://dokument.fremtind.no/vilkar/fremtind/pm/mobilitet/Vilkar_ansvar_bil.pdf,0e36f6bf5b484ca3d246d63dd701b7b76c9b6de4095a37be2c695ebc4edb5568,,"[""catalog/sources/sparebank1-fremtind/Vilkar_ansvar_bil.pdf""]",RESOLVED,,,,,
sp1Delkasko,Vilkar_Minikasko_Bil.pdf,,Fremtind,,,,PMO-357.210-012,2025-09-18,,https://dokument.fremtind.no/vilkar/fremtind/pm/mobilitet/Vilkar_Minikasko_Bil.pdf,8a85385f3899b450a9dcafd873fb8d6517d974908c7196590f429ec3b2a3d818,,"[""catalog/sources/sparebank1-fremtind/Vilkar_Minikasko_Bil.pdf""]",RESOLVED,,,,,
sp1Kasko,Vilkar_Kasko_Bil.pdf,,Fremtind,,,,PMO-357.220-007,2025-09-18,,https://dokument.fremtind.no/vilkar/fremtind/pm/mobilitet/Vilkar_Kasko_Bil.pdf,87696e04484ca2d3e98b2e62c070b1886b8eae6bd8206c6b029eb80a3693a739,,"[""catalog/sources/sparebank1-fremtind/Vilkar_Kasko_Bil.pdf""]",RESOLVED,,,,,
sp1Toppkasko,Vilkar_Toppkasko_Bil.pdf,,Fremtind,,,,PMO-350.200-016,2025-09-18,,https://dokument.fremtind.no/vilkar/fremtind/pm/mobilitet/Vilkar_Toppkasko_Bil.pdf,cc9af96bd2f91dffe76dced3d58481007d3036ba452e695f4f2b4a9489e01781,,"[""catalog/sources/sparebank1-fremtind/Vilkar_Toppkasko_Bil.pdf""]",RESOLVED,,,,,
sp1Leiebil,Vilkar_leiebil.pdf,,Fremtind,,,,PMO-350.402-003,2025-09-18,,https://dokument.fremtind.no/vilkar/fremtind/pm/mobilitet/Vilkar_leiebil.pdf,fa207fd6d1d8a4f02b6245362bd932bbe70408202d486afa25fd3d9edae1726c,,"[""catalog/sources/sparebank1-fremtind/Vilkar_leiebil.pdf""]",RESOLVED,,,,,
sp1Maskinskade,Vilkar_maskinskade.pdf,,Fremtind,,,,PMO-350.201-001,2025-09-18,,https://dokument.fremtind.no/vilkar/fremtind/pm/mobilitet/Vilkar_maskinskade.pdf,0ad5c24b9dca610189dfcd9f10ee6a56a37fa977ed4b1da00a1725baa05d63db,,"[""catalog/sources/sparebank1-fremtind/Vilkar_maskinskade.pdf""]",RESOLVED,,,,,
sp1Ipid,IPID_Bil.pdf,,Fremtind,,,,V.106,,,https://dokument.fremtind.no/ipid/IPID_Bil.pdf,429a3e267cfbbcfa6da651997497386ffc7391c5f3aab461d469e4d5e65a5d94,,"[""catalog/sources/sparebank1-fremtind/IPID_Bil.pdf""]",RESOLVED,,,,,
dnbOptionalCoverages,IPID_Bil.pdf,,DNB / Fremtind,,,,V.106,,,https://dokument.fremtind.no/ipid/IPID_Bil.pdf,429a3e267cfbbcfa6da651997497386ffc7391c5f3aab461d469e4d5e65a5d94,,"[""catalog/sources/sparebank1-fremtind/IPID_Bil.pdf""]",RESOLVED,,,,,
eikaOptionalCoverages,IPID_Bil.pdf,,Eika / Fremtind,,,,V.106,2025-10-13,,https://dokument.fremtind.no/ipid/IPID_Bil.pdf,429a3e267cfbbcfa6da651997497386ffc7391c5f3aab461d469e4d5e65a5d94,,"[""catalog/sources/sparebank1-fremtind/IPID_Bil.pdf""]",RESOLVED,,,,,
fremtindOptionalCoverages,IPID_Bil.pdf,,Fremtind,,,,V.106,,,https://dokument.fremtind.no/ipid/IPID_Bil.pdf,429a3e267cfbbcfa6da651997497386ffc7391c5f3aab461d469e4d5e65a5d94,,"[""catalog/sources/sparebank1-fremtind/IPID_Bil.pdf""]",RESOLVED,,,,,
frendeTerms,Vilkar_kjoretoyforsikring.pdf,,Frende,,,,Ikke oppgitt,2026-01-01,,https://api.frende.no/documents/terms/public/pnc/CarInsurance,088201db9b2f6071e81d24d716a74233176cd3694ac2be1a92e44be6952e8f88,,"[""catalog/sources/frende/Vilkar_kjoretoyforsikring.pdf""]",RESOLVED,,,,,
frendeIpid,IPID_Personbil.pdf,,Frende,,,,Ikke oppgitt,2026-01-01,,https://www.frende.no/documents/198/IPID_Personbil.pdf,4c2dca2923583ba1d46dea924730335b064d8e94cd4cb1df544a520ed2683b8d,,"[""catalog/sources/frende/IPID_Personbil.pdf""]",RESOLVED,,,,,
frendeGeneral,Generelle_vilkar-01012026.pdf,,Frende,,,,Ikke oppgitt,2026-01-01,,https://www.frende.no/documents/2/Generelle_vilk%C3%A5r-01012026.pdf,7eb30f58fc546990ec8d42a7130e0e49d0fc71e949a26f6db2213f3bf39b997b,,"[""catalog/sources/frende/Generelle_vilkar-01012026.pdf"", ""catalog/sources/frende/innbo/Generelle_vilkar-01012026.pdf""]",RESOLVED,,,,,
frendeAnsvar,Vilkar_kjoretoyforsikring.pdf,,Frende,,,,Ikke oppgitt,2026-01-01,,https://api.frende.no/documents/terms/public/pnc/CarInsurance,088201db9b2f6071e81d24d716a74233176cd3694ac2be1a92e44be6952e8f88,,"[""catalog/sources/frende/Vilkar_kjoretoyforsikring.pdf""]",RESOLVED,,,,,
frendeDelkasko,Vilkar_kjoretoyforsikring.pdf,,Frende,,,,Ikke oppgitt,2026-01-01,,https://api.frende.no/documents/terms/public/pnc/CarInsurance,088201db9b2f6071e81d24d716a74233176cd3694ac2be1a92e44be6952e8f88,,"[""catalog/sources/frende/Vilkar_kjoretoyforsikring.pdf""]",RESOLVED,,,,,
frendeKasko,Vilkar_kjoretoyforsikring.pdf,,Frende,,,,Ikke oppgitt,2026-01-01,,https://api.frende.no/documents/terms/public/pnc/CarInsurance,088201db9b2f6071e81d24d716a74233176cd3694ac2be1a92e44be6952e8f88,,"[""catalog/sources/frende/Vilkar_kjoretoyforsikring.pdf""]",RESOLVED,,,,,
frendeUtvidet,Vilkar_kjoretoyforsikring.pdf,,Frende,,,,Ikke oppgitt,2026-01-01,,https://api.frende.no/documents/terms/public/pnc/CarInsurance,088201db9b2f6071e81d24d716a74233176cd3694ac2be1a92e44be6952e8f88,,"[""catalog/sources/frende/Vilkar_kjoretoyforsikring.pdf""]",RESOLVED,,,,,
frendeLeiebil,Vilkar_kjoretoyforsikring.pdf,,Frende,,,,Ikke oppgitt,2026-01-01,,https://api.frende.no/documents/terms/public/pnc/CarInsurance,088201db9b2f6071e81d24d716a74233176cd3694ac2be1a92e44be6952e8f88,,"[""catalog/sources/frende/Vilkar_kjoretoyforsikring.pdf""]",RESOLVED,,,,,
frendeMaskinskade,Vilkar_kjoretoyforsikring.pdf,,Frende,,,,Ikke oppgitt,2026-01-01,,https://api.frende.no/documents/terms/public/pnc/CarInsurance,088201db9b2f6071e81d24d716a74233176cd3694ac2be1a92e44be6952e8f88,,"[""catalog/sources/frende/Vilkar_kjoretoyforsikring.pdf""]",RESOLVED,,,,,
trygInnbo,Innbo_og_losore_PPK13301.pdf,,Tryg,,,,PPK13301,2026-07-01,,https://www.tryg.no/odpdf?vilk=Hjemforsikring-Dekningsvilkaar&vilkNr=05PPK13301,dc1232e8506616af03a937c97a381ccc962eccca61bbd9544bf55b86b8effb39,,"[""catalog/sources/tryg/innbo/Innbo_og_losore_PPK13301.pdf""]",RESOLVED,,,,,
trygInnboExtra,Innbo_og_losore_Ekstra_PPK13302.pdf,,Tryg,,,,PPK13302,2026-07-01,,https://www.tryg.no/odpdf?vilk=Hjemforsikring-Dekningsvilkaar-Ekstra&vilkNr=05PPK13302,4cffa3b051f329da0fe178b20243a0920d2b5928e9995d485c35b58a48f1f810,,"[""catalog/sources/tryg/innbo/Innbo_og_losore_Ekstra_PPK13302.pdf""]",RESOLVED,,,,,
trygInnboUtleie,Utleie_PPK13306.pdf,,Tryg,,,,PPK13306,2026-01-01,,https://www.tryg.no/odpdf?vilk=Hjemforsikring-Utleie&vilkNr=05PPK13306,fd832414658149b9816267cd50b01d04a02723022f2d16d05cad763296f11c79,,"[""catalog/sources/tryg/innbo/Utleie_PPK13306.pdf""]",RESOLVED,,,,,
trygInnboProduct,Produktvilkar_PPK13300.pdf,,Tryg,,,,PPK13300,2026-01-01,,https://www.tryg.no/odpdf?vilk=Hjemforsikring-Produkt&vilkNr=05PPK13300,37407dcab9274909eebe7d220d302132e9b0a6c7042dc246ad6ccf92d5f184d0,,"[""catalog/sources/tryg/innbo/Produktvilkar_PPK13300.pdf""]",RESOLVED,,,,,
trygInnboSafety,Sikkerhetsforskrifter_PF133.pdf,,Tryg,,,,PF133,,,https://www.tryg.no/odpdf?vilk=Hjemforsikring-Sikkerhetsforskrift&vilkNr=05000PF133,7da2036f15e872921970058117ebbc84dc38d6025bcbf2543f19777e93023e5d,,"[""catalog/sources/tryg/innbo/Sikkerhetsforskrifter_PF133.pdf""]",RESOLVED,,,,,
trygInnboGeneral,Generelle_vilkar_PGE91000.pdf,,Tryg,,,,PGE91000,2024-07-01,,https://www.tryg.no/odpdf?vilk=Fellesvilkaar-Generelle&vilkNr=05PGE91000,b8d0244084b7ffa5f35c4c4fd131b54497e247683da82ee5afc8668fd67a1320,,"[""catalog/sources/tryg/innbo/Generelle_vilkar_PGE91000.pdf""]",RESOLVED,,,,,
trygInnboLiabilityFuture,Privatansvar_PGE90020.pdf,,Tryg,,,,PGE90020,2026-10-01,,https://www.tryg.no/odpdf?vilk=Fellesvilkaar-Privat&vilkNr=05PGE90020,c75dcb29b61d990dd95869e884fb64f59dd839717f9cb88fa9d85f0618d000df,,"[""catalog/sources/tryg/innbo/Privatansvar_PGE90020.pdf""]",RESOLVED,,,,,
trygInnboLegal,Rettshjelp_PGE91500.pdf,,Tryg,,,,PGE91500,2026-01-01,,https://www.tryg.no/odpdf?vilk=Fellesvilkaar-Rettshjelp&vilkNr=05PGE91500,bb2facd87cd377c994521ecf530ff82e1872ffc058d142f32832e5cd1999e291,,"[""catalog/sources/tryg/innbo/Rettshjelp_PGE91500.pdf""]",RESOLVED,,,,,
trygInnboNatural,Naturskade_PGE90010.pdf,,Tryg,,,,PGE90010,2025-01-01,,https://www.tryg.no/odpdf?vilk=Fellesvilkaar-Naturskade&vilkNr=05PGE90010,11439a7669131319396db7c2caa6f28ac140389e3e11408bb75badea0fdccef6,,"[""catalog/sources/tryg/innbo/Naturskade_PGE90010.pdf""]",RESOLVED,,,,,
trygInnboIpid,IPID_Innbo.pdf,,Tryg,,,,Ikke oppgitt,2022-07-01,,https://www.tryg.no/system/files/download/pdf/ipid/IPID-Innbo.pdf,b354221fc37cf96e5b9725e19d29dd77073b15543099135642603463df403a54,,"[""catalog/sources/tryg/innbo/IPID_Innbo.pdf""]",RESOLVED,,,,,
ifInnboShared,If_Innboforsikring_IBO2-1.pdf,,If,,,,IBO2-1,2022-06-01,,https://if.no/apps/vilkarsbasendokument/Vilkaar?produkt=Innboforsikring,0d5aaf3702020ca458bb9af64c0a089b488a41f11198e07368699ff2d57ec270,,"[""catalog/sources/if/innbo/If_Innboforsikring_IBO2-1.pdf""]",RESOLVED,,,,,
ifInnboBasis,If_Innboforsikring_IBO2-1.pdf,,If,,,,IBO2-1,2022-06-01,,https://if.no/apps/vilkarsbasendokument/Vilkaar?produkt=Innboforsikring,0d5aaf3702020ca458bb9af64c0a089b488a41f11198e07368699ff2d57ec270,,"[""catalog/sources/if/innbo/If_Innboforsikring_IBO2-1.pdf""]",RESOLVED,,,,,
ifInnboUtvidet,If_Innboforsikring_IBO2-1.pdf,,If,,,,IBO2-1,2022-06-01,,https://if.no/apps/vilkarsbasendokument/Vilkaar?produkt=Innboforsikring,0d5aaf3702020ca458bb9af64c0a089b488a41f11198e07368699ff2d57ec270,,"[""catalog/sources/if/innbo/If_Innboforsikring_IBO2-1.pdf""]",RESOLVED,,,,,
ifInnboSuper,If_Innboforsikring_IBO2-1.pdf,,If,,,,IBO2-1,2022-06-01,,https://if.no/apps/vilkarsbasendokument/Vilkaar?produkt=Innboforsikring,0d5aaf3702020ca458bb9af64c0a089b488a41f11198e07368699ff2d57ec270,,"[""catalog/sources/if/innbo/If_Innboforsikring_IBO2-1.pdf""]",RESOLVED,,,,,
ifInnboTerms,If_Innboforsikring_IBO2-1.pdf,,If,,,,IBO2-1,2022-06-01,,https://if.no/apps/vilkarsbasendokument/Vilkaar?produkt=Innboforsikring,0d5aaf3702020ca458bb9af64c0a089b488a41f11198e07368699ff2d57ec270,,"[""catalog/sources/if/innbo/If_Innboforsikring_IBO2-1.pdf""]",RESOLVED,,,,,
ifInnboLiability,If_Ansvar_Rettshjelp_SV006.pdf,,If,,,,S-006 / SV006,2021-06-01,,https://if.no/apps/vilkarsbasendokument/Vilkaar?dt=2021-06-12&vilkaar=SV006,7edf14be25afedc260ad602f87ddc7ba6c58c038bcbeaacc0bbf6301a0f15ceb,,"[""catalog/sources/if/innbo/If_Ansvar_Rettshjelp_SV006.pdf""]",RESOLVED,,,,,
ifInnboIpid,If_IPID_Innboforsikring.pdf,,If,,,,Ikke oppgitt,Ikke oppgitt,,https://if.no/apps/vilkarsbasendokument/IPID?ipid=Innboforsikring,03af9f3bbd86afddb11e78fb1706f140492af668efcf374089edd2ef03492100,,"[""catalog/sources/if/innbo/If_IPID_Innboforsikring.pdf""]",RESOLVED,,,,,
ifInnboGeneral,If_Generelle_vilkar_GEN2-9.pdf,,If,,,,GEN2-9,2025-06-01,,https://if.no/apps/vilkarsbasendokument/Vilkaar?produkt=Generelle_vilk%C3%A5r,b74e00edd2b18560d77a4ec9ef089a393ced723b5ec619186fb0678e96fde046,,"[""catalog/sources/if/innbo/If_Generelle_vilkar_GEN2-9.pdf""]",RESOLVED,,,,,
gjInnboShared,Gjensidige_Innbo_Standard_alminnelige_vilkar.pdf,,Gjensidige,,,,Ikke oppgitt,Ikke oppgitt,Ikke oppgitt,https://www.gjensidige.no/files/privat/vilkar/bolig-innbo-og-verdier/Innbo-Standard-alminnelige%20vilkar.pdf,df7af2a169d293e22df138e6561c4c34da854d4923596a828e14bcea7f28cf20,,"[""catalog/sources/gjensidige/innbo/Gjensidige_Innbo_Standard_alminnelige_vilkar.pdf""]",RESOLVED,,,EAP02,,
gjInnboStandard,Gjensidige_Innbo_Standard_alminnelige_vilkar.pdf,,Gjensidige,,,,Ikke oppgitt,Ikke oppgitt,Ikke oppgitt,https://www.gjensidige.no/files/privat/vilkar/bolig-innbo-og-verdier/Innbo-Standard-alminnelige%20vilkar.pdf,df7af2a169d293e22df138e6561c4c34da854d4923596a828e14bcea7f28cf20,,"[""catalog/sources/gjensidige/innbo/Gjensidige_Innbo_Standard_alminnelige_vilkar.pdf""]",RESOLVED,,,EAP02,,
gjInnboPlus,Gjensidige_Innbo_Pluss_alminnelige_vilkar.pdf,,Gjensidige,,,,Ikke oppgitt,Ikke oppgitt,Ikke oppgitt,https://www.gjensidige.no/files/privat/vilkar/bolig-innbo-og-verdier/Innbo-Pluss-alminnelige-vilkar.pdf,4e10857cb9b7832b5661d48089a6024c3622a499d66156b6122f2010574787a1,,"[""catalog/sources/gjensidige/innbo/Gjensidige_Innbo_Pluss_alminnelige_vilkar.pdf""]",RESOLVED,,,EAP02,,
gjInnboUtleie,Gjensidige_Innbo_Pluss_alminnelige_vilkar.pdf,,Gjensidige,,,,Ikke oppgitt,Ikke oppgitt,Ikke oppgitt,https://www.gjensidige.no/files/privat/vilkar/bolig-innbo-og-verdier/Innbo-Pluss-alminnelige-vilkar.pdf,4e10857cb9b7832b5661d48089a6024c3622a499d66156b6122f2010574787a1,,"[""catalog/sources/gjensidige/innbo/Gjensidige_Innbo_Pluss_alminnelige_vilkar.pdf""]",RESOLVED,,,EAP02,,
gjInnboSykkelUtvidelse,Gjensidige_Innbo_Pluss_alminnelige_vilkar.pdf,,Gjensidige,,,,Ikke oppgitt,Ikke oppgitt,Ikke oppgitt,https://www.gjensidige.no/files/privat/vilkar/bolig-innbo-og-verdier/Innbo-Pluss-alminnelige-vilkar.pdf,4e10857cb9b7832b5661d48089a6024c3622a499d66156b6122f2010574787a1,,"[""catalog/sources/gjensidige/innbo/Gjensidige_Innbo_Pluss_alminnelige_vilkar.pdf""]",RESOLVED,,,EAP02,,
gjInnboIpid,Gjensidige_IPID_Innbo_EAP02.pdf,,Gjensidige,,,,EAP02,Ikke oppgitt,Ikke oppgitt,https://www.gjensidige.no/ipid/gfno/EAP02,7610a939488c74d4cf0162b0945cc1825779b0d7765847bf522f0c651d6dcf6f,,"[""catalog/sources/gjensidige/innbo/Gjensidige_IPID_Innbo_EAP02.pdf""]",RESOLVED,,,EAP02,,
sbInnboStandard,Storebrand_Innbo_innbo09.pdf,,Storebrand,,,,innbo09,2024-07-02,innbo09,https://www.storebrand.no/privat/forsikring/forsikringsvilkar/_/attachment/inline/9b3b5c27-3e81-4201-b0aa-a27ea63add19:9655c7f64a7b98c7016c3130c592dbacdc1d312c/vilkar-innboforsikring.pdf,926c4b93a76b49868bc596784fac9133613f80dc2487d96ab608eb73cfa90776,,"[""catalog/sources/storebrand/innbo/Storebrand_Innbo_innbo09.pdf""]",RESOLVED,,,17035l,,
sbInnboSuper,Storebrand_Innbo_innbo09.pdf,,Storebrand,,,,innbo09,2024-07-02,innbo09,https://www.storebrand.no/privat/forsikring/forsikringsvilkar/_/attachment/inline/9b3b5c27-3e81-4201-b0aa-a27ea63add19:9655c7f64a7b98c7016c3130c592dbacdc1d312c/vilkar-innboforsikring.pdf,926c4b93a76b49868bc596784fac9133613f80dc2487d96ab608eb73cfa90776,,"[""catalog/sources/storebrand/innbo/Storebrand_Innbo_innbo09.pdf""]",RESOLVED,,,17035l,,
sbInnboIpid,Storebrand_IPID_Innboforsikring.pdf,,Storebrand,,,,Ikke oppgitt,Ikke oppgitt,01/2024,https://www.storebrand.no/privat/forsikring/ipid/_/attachment/inline/85c61c2c-3553-4b31-8a01-ffb459056082:8b2cc0375b86a60c76e3880eecdf71bb2f71f68d/ipid-innboforsikring.pdf,d79f80e2f81dfe7590adeee132c3f5b2a0a75848078d93b5e9563aded7d0ba96,,"[""catalog/sources/storebrand/innbo/Storebrand_IPID_Innboforsikring.pdf""]",RESOLVED,,,17102b,,
sbInnboGeneral,Storebrand_Generelle_gener07.pdf,,Storebrand,,,,gener07,2026-09-01,gener07,https://www.storebrand.no/privat/forsikring/forsikringsvilkar/_/attachment/inline/f8340c1a-d0b6-43c8-963c-eff345a03c22:b2b6be411de9b425d73fa91b7c7e42ade28fdee8/vilkar-generelle.pdf,4873064a8597953be3832870734c41c15e5abe0cc9cfd77c01979878990cd754,,"[""catalog/sources/storebrand/innbo/Storebrand_Generelle_gener07.pdf""]",RESOLVED,,,17034k,,
fremtindInnboStandard,Vilkar_Standard_Innbo.pdf,,Fremtind,,,,PBK-210.100-014,2025-01-01,014,https://dokument.fremtind.no/vilkar/fremtind/pm/eiendom/Vilkar_Standard_Innbo.pdf,eddc6ba67d46495fce5925679fc75a92bfdb3af7aa4f7ed5ebb0d0592032fced,,"[""catalog/sources/fremtind/innbo/canonical/Vilkar_Standard_Innbo.pdf""]",RESOLVED,,"[""Eika"", ""SpareBank 1"", ""DNB""]",PBK-210.100,,
fremtindInnboTopp,Vilkar_Topp_Innbo.pdf,,Fremtind,,,,PBK-210.200-013,2025-01-01,013,https://dokument.fremtind.no/vilkar/fremtind/pm/eiendom/Vilkar_Topp_Innbo.pdf,d051745eb18921707f85bf42c130b780af4c65a0427207390bff6eea17257547,,"[""catalog/sources/fremtind/innbo/canonical/Vilkar_Topp_Innbo.pdf""]",RESOLVED,,"[""Eika"", ""SpareBank 1"", ""DNB""]",PBK-210.200,,
fremtindInnboIpid,IPID_Innbo.pdf,,Fremtind,,,,V.104,Ikke oppgitt,V.104,https://dokument.fremtind.no/ipid/IPID_Innbo.pdf,5df50f82167bd89c97e7b9d4e8a3de6280878fd288e1ea01c993d42057cf55dd,,"[""catalog/sources/fremtind/innbo/canonical/IPID_Innbo.pdf""]",RESOLVED,,"[""Eika"", ""SpareBank 1"", ""DNB""]",Ikke oppgitt,,
frendeInnboStandard,Vilkar_innboforsikring_01092026.pdf,,Frende,Innbo,,,Ikke oppgitt,2026-09-01,Ikke oppgitt,https://api.frende.no/documents/terms/public/pnc/ContentInsurance,608a09ff2513ac8756bd3cb12736a4d04e3dce51b87ca4a986c47b5ab2bc12db,Vilkår for innboforsikring,"[""catalog/sources/frende/innbo/Vilkar_innboforsikring_01092026.pdf""]",RESOLVED,,,Ikke oppgitt,,
frendeInnboUhell,Vilkar_innboforsikring_01092026.pdf,,Frende,Innbo,,,Ikke oppgitt,2026-09-01,Ikke oppgitt,https://api.frende.no/documents/terms/public/pnc/ContentInsurance,608a09ff2513ac8756bd3cb12736a4d04e3dce51b87ca4a986c47b5ab2bc12db,Vilkår for innboforsikring – Uhell punkt 11,"[""catalog/sources/frende/innbo/Vilkar_innboforsikring_01092026.pdf""]",RESOLVED,,,Ikke oppgitt,,
frendeInnboIpid,IPID_Innbo.pdf,,Frende,Innbo,,,Ikke oppgitt,Ikke oppgitt,Ikke oppgitt,https://www.frende.no/documents/194/IPID_Innbo.pdf,9aef7acd6b6f80c8ebea822ec9a8a9613e37a0d67e2bb37a5fbb665c53ae5057,Innboforsikring – dokument med opplysninger om forsikringsproduktet,"[""catalog/sources/frende/innbo/IPID_Innbo.pdf""]",RESOLVED,,,Ikke oppgitt,2025-01-01,
frendeInnboGeneral,Generelle_vilkar-01012026.pdf,,Frende,Innbo,,,Ikke oppgitt,2026-01-01,Ikke oppgitt,https://www.frende.no/documents/2/Generelle_vilk%C3%A5r-01012026.pdf,7eb30f58fc546990ec8d42a7130e0e49d0fc71e949a26f6db2213f3bf39b997b,Generelle vilkår for alle skadeforsikringer i Frende,"[""catalog/sources/frende/Generelle_vilkar-01012026.pdf"", ""catalog/sources/frende/innbo/Generelle_vilkar-01012026.pdf""]",RESOLVED,,,Ikke oppgitt,,
trygHus,05PPK11501.pdf,,Tryg,Hus,,,PPK11501,2026-01-01,,https://www.tryg.no/odpdf?vilkNr=05PPK11501&vilk=Husforsikring-Bygning,72bb9ff83a56790bfd1e84e6444d9e7316071f583f1913b238b0f4f145a24182,Bygning,"[""catalog/sources/tryg/hus/05PPK11501.pdf""]",RESOLVED,,,,,"[""Hus""]"
trygHusExtra,05PPK11502.pdf,,Tryg,Hus,,,PPK11502,2026-01-01,,https://www.tryg.no/odpdf?vilkNr=05PPK11502&vilk=Husforsikring-Bygning-Ekstra,14e342abbccb445c16a4e448a24ff6ac3588d8a12567a698dd2fb0cba88bf68f,Bygning Ekstra,"[""catalog/sources/tryg/hus/05PPK11502.pdf""]",RESOLVED,,,,,"[""Hus Ekstra""]"
trygHusRental,05PPK11506.pdf,,Tryg,Hus,,,PPK11506,2026-01-01,,https://www.tryg.no/odpdf?vilkNr=05PPK11506&vilk=Utleieforsikring-Hus,7291f82a98a75c3ada8c2f9a34f03a9031dcb55abe7bb6cf8805ab6f130bdf3b,Utleie,"[""catalog/sources/tryg/hus/05PPK11506.pdf""]",RESOLVED,,,,,"[""Hus/Hus Ekstra med Utleieforsikring""]"
trygHusConstruction,05PPK11503.pdf,,Tryg,Hus,,,PPK11503,2026-01-01,,https://www.tryg.no/odpdf?vilkNr=05PPK11503&vilk=Husforsikring-Bygg-under-oppfoering,08d184e30d4099a79dd79406d354b267903b69fd5e9834996adf4f05da73da62,Bygg under oppføring,"[""catalog/sources/tryg/hus/05PPK11503.pdf""]",RESOLVED,,,,,"[""Bygg under oppføring (utenfor ordinær Hus-MVP)""]"
trygHusRot,05PPK40502.pdf,,Tryg,Hus,,,PPK40502,2026-01-01,,https://www.tryg.no/odpdf?vilkNr=05PPK40502&vilk=Hussoppforskring-Hus,97b0dafe4c6b5a1a4e051b2b5847effbe535e9ce2bbcdefd54c894106f156e22,Råte og skadedyr Hus,"[""catalog/sources/tryg/hus/05PPK40502.pdf""]",RESOLVED,,,,,"[""Hus/Hus Ekstra med Råte- og skadedyr""]"
trygHusProduct,05PPK11500.pdf,,Tryg,Hus,,,PPK11500,2025-07-01,,https://www.tryg.no/odpdf?vilkNr=05PPK11500&vilk=Husforsikring-Produkt,7d8b5e3498b215d46b19addcfd58fa86dbe507c869849a468a3f912950c7acd7,Hus – produktvilkår,"[""catalog/sources/tryg/hus/05PPK11500.pdf""]",RESOLVED,,,,,"[""Hus"", ""Hus Ekstra""]"
trygHusRotProduct,05PPK40501.pdf,,Tryg,Hus,,,PPK40501,2025-01-01,,https://www.tryg.no/odpdf?vilkNr=05PPK40501&vilk=Hussoppforskring-Produkt,0082c8839f3e852ced102781984e028c56e4596a9458b970f349e99c949e497b,Råte og skadedyr – produktvilkår,"[""catalog/sources/tryg/hus/05PPK40501.pdf""]",RESOLVED,,,,,"[""Hus/Hus Ekstra med Råte- og skadedyr""]"
trygHusSafety,05000PF115.pdf,,Tryg,Hus,,,PF115,,,https://www.tryg.no/odpdf?vilkNr=05000PF115&vilk=Husforsikring-Sikkerhetsforskrift-Hus,a24ec3a7a9378b450f39424dc2f2327a695387fb0873832f29c796ee4658e4c7,Hus – sikkerhetsforskrifter,"[""catalog/sources/tryg/hus/05000PF115.pdf""]",RESOLVED,,,,,"[""Hus"", ""Hus Ekstra""]"
trygHusConstructionSafety,05000PF118.pdf,,Tryg,Hus,,,PF118,,,https://www.tryg.no/odpdf?vilkNr=05000PF118&vilk=Husforsikring-Sikkerhetsforskrift-bygg-under-oppfoering,9a30fb543469d556daf4275a2bfdbc2a1e26f9f1e53dcbb429ce4c5ecaf53c54,Bygg under oppføring – sikkerhetsforskrifter,"[""catalog/sources/tryg/hus/05000PF118.pdf""]",RESOLVED,,,,,"[""Bygg under oppføring (utenfor ordinær Hus-MVP)""]"
trygHusRentalSafety,05000PF121.pdf,,Tryg,Hus,,,PF121,,,https://www.tryg.no/odpdf?vilkNr=05000PF121&vilk=Husforsikring-Sikkerhetsforskrift-utleie,63b30f74942357e9850fc6e4a23d9c2b9c8926ec13e48ce7da24d48a7608acdc,Utleie – sikkerhetsforskrifter,"[""catalog/sources/tryg/hus/05000PF121.pdf""]",RESOLVED,,,,,"[""Hus/Hus Ekstra med Utleieforsikring""]"
trygHusRotSafety,05000PF405.pdf,,Tryg,Hus,,,PF405,,,https://www.tryg.no/odpdf?vilkNr=05000PF405&vilk=Hussoppforskring-Sikkerhetsforskrift,12d5272ef00573be27b313bdb206a29e1e551842fc79a7324c772858ab48ebda,Råte og skadedyr – sikkerhetsforskrifter,"[""catalog/sources/tryg/hus/05000PF405.pdf""]",RESOLVED,,,,,"[""Hus/Hus Ekstra med Råte- og skadedyr""]"
trygHusGeneral,05PGE91000.pdf,,Tryg,Hus,,,PGE91000,2024-07-01,,https://www.tryg.no/odpdf?vilkNr=05PGE91000&vilk=Fellesvilkaar-Generelle,b8d0244084b7ffa5f35c4c4fd131b54497e247683da82ee5afc8668fd67a1320,Generelle vilkår,"[""catalog/sources/tryg/hus/05PGE91000.pdf""]",RESOLVED,,,,,"[""Hus"", ""Hus Ekstra""]"
trygHusLiabilityFuture,05PGE90020.pdf,,Tryg,Hus,,,PGE90020,2026-10-01,,https://www.tryg.no/odpdf?vilkNr=05PGE90020&vilk=Fellesvilkaar-Privat,c75dcb29b61d990dd95869e884fb64f59dd839717f9cb88fa9d85f0618d000df,Privatansvar (fremtidig),"[""catalog/sources/tryg/hus/05PGE90020.pdf""]",RESOLVED,,,,,"[""Hus"", ""Hus Ekstra""]"
trygHusLegal,05PGE91500.pdf,,Tryg,Hus,,,PGE91500,2026-01-01,,https://www.tryg.no/odpdf?vilkNr=05PGE91500&vilk=Fellesvilkaar-Rettshjelp,bb2facd87cd377c994521ecf530ff82e1872ffc058d142f32832e5cd1999e291,Rettshjelp,"[""catalog/sources/tryg/hus/05PGE91500.pdf""]",RESOLVED,,,,,"[""Hus"", ""Hus Ekstra""]"
trygHusNatural,05PGE90010.pdf,,Tryg,Hus,,,PGE90010,2025-01-01,,https://www.tryg.no/odpdf?vilkNr=05PGE90010&vilk=Fellesvilkaar-Naturskade,11439a7669131319396db7c2caa6f28ac140389e3e11408bb75badea0fdccef6,Naturskade,"[""catalog/sources/tryg/hus/05PGE90010.pdf""]",RESOLVED,,,,,"[""Hus"", ""Hus Ekstra""]"
trygHusIpid,IPID-Hus.pdf,,Tryg,Hus,,,Ikke oppgitt,,01.07.2022,https://www.tryg.no/system/files/download/pdf/ipid/IPID-Hus.pdf,eda4c8f477db870f4a15b7c7342eb4b39d252b169ae285ae437b71a88da43390,IPID Husforsikring,"[""catalog/sources/tryg/hus/IPID-Hus.pdf""]",RESOLVED,,,,,"[""Hus"", ""Hus Ekstra""]"
ifHusTerms,Bygningsforsikring.pdf,,If,Hus,,,BGN1-0,2023-09,September 2023,https://if.no/apps/vilkarsbasendokument/Vilkaar?produkt=Bygningsforsikring,9d2d36695c5677aea3e92ff8d395a9c5403f3d7d2afedb8e3447d9af21f526fe,Bygningsforsikring,"[""catalog/sources/if/hus/Bygningsforsikring.pdf""]",RESOLVED,,,,,"[""Basis"", ""Utvidet"", ""Super""]"
ifHusLiability,Rettshjelp-og-ansvarsforsikring.pdf,,If,Hus,,,S-006 / SV006,2021-06,Juni 2021,https://if.no/apps/vilkarsbasendokument/Vilkaar?vilkaar=SV006,7edf14be25afedc260ad602f87ddc7ba6c58c038bcbeaacc0bbf6301a0f15ceb,Rettshjelp- og ansvarsforsikring,"[""catalog/sources/if/hus/Rettshjelp-og-ansvarsforsikring.pdf""]",RESOLVED,,,,,"[""Basis"", ""Utvidet"", ""Super""]"
ifHusIpid,IPID-Husforsikring.pdf,,If,Hus,,,IPID Husforsikring,,,https://www.if.no/globalassets/no/privat/pdf/ipid/husforsikring.pdf,3fe4b557872a18229909a733213f3e1216d5bea3731dba692bc66c8b1c6b0028,Husforsikring - dokument med opplysninger om forsikringsproduktet,"[""catalog/sources/if/hus/IPID-Husforsikring.pdf""]",RESOLVED,,,,,"[""Basis"", ""Utvidet"", ""Super""]"
ifHusGeneral,Generelle-vilkar-privat.pdf,,If,Hus,,,Generelle vilkår,2020-09-14,Utstedt 14. september 2020,https://www.if.no/globalassets/no/privat/pdf/forsikringsvilkar-privatperson.pdf,54e98b9553cc98f6f8d469dedcc345852a5d5cc7d437a6fce4fad181a1647471,Generelle vilkår,"[""catalog/sources/if/hus/Generelle-vilkar-privat.pdf""]",RESOLVED,,,,,"[""Basis"", ""Utvidet"", ""Super""]"
ifHusProductPage,Husforsikring-produktside.html,,If,Hus,,,Produktside Husforsikring,2026-09-20,Kontrollert 20.09.2026,https://www.if.no/privat/forsikring/bolig/husforsikring,884b2b641c4defa1ed1db627de5ba4c12dba2fe6927deb919b8e5eef9cfb4e0b,Husforsikring - sjekk din pris her,"[""catalog/sources/if/hus/Husforsikring-produktside.html""]",RESOLVED,,,,2026-09-20,"[""Basis"", ""Utvidet"", ""Super""]"
storebrandHusTerms,Vilkar-hus-og-hytte-HUS10.pdf,,Storebrand,Hus,,,HUS10 / 45511h,2025-08-15,HUS10,https://www.storebrand.no/privat/forsikring/husforsikring/_/attachment/inline/bed0c667-5e49-4a74-a9fe-3fee13bb9393:4249e68c81c5f5b48d1fd01bb4aabb347f4d1976/vilkar-husforsikring.pdf,d69c9ec3fc2edfd71c625dfcf9d19dc801dadfb3f627bc0105a78891a3eacd61,Vilkår for hus- og hytteforsikring,"[""catalog/sources/storebrand/hus/Vilkar-hus-og-hytte-HUS10.pdf""]",RESOLVED,,,,,"[""Standard"", ""Super""]"
storebrandHusGeneral,Generelle-vilkar-GENER07.pdf,,Storebrand,Hus,,,GENER07,2026-09-01,GENER07,https://www.storebrand.no/privat/forsikring/forsikringsvilkar/_/attachment/inline/f8340c1a-d0b6-43c8-963c-eff345a03c22:b2b6be411de9b425d73fa91b7c7e42ade28fdee8/vilkar-generelle.pdf,4873064a8597953be3832870734c41c15e5abe0cc9cfd77c01979878990cd754,Generelle vilkår,"[""catalog/sources/storebrand/hus/Generelle-vilkar-GENER07.pdf""]",RESOLVED,,,,,"[""Standard"", ""Super""]"
storebrandHusIpid,IPID-Husforsikring.pdf,,Storebrand,Hus,,,17099,2019-08,08/2019,https://www.storebrand.no/privat/forsikring/ipid/_/attachment/inline/60414f6c-a7bd-432a-8702-846c0222cdcd:442c0277347c45cc5f655d18f4527ee61f590d3f/ipid-husforsikring.pdf,c4794af12026c190fc72e8213cea620080a9ea50370a26e068e1df8fc8481261,IPID Husforsikring,"[""catalog/sources/storebrand/hus/IPID-Husforsikring.pdf""]",RESOLVED,,,,,"[""Standard"", ""Super""]"
storebrandHusRental,Vilkar-utleieforsikring-UTLEI03.pdf,,Storebrand,Hus,,,UTLEI03 / 45529B,2025-10-15,10/2025,https://www.storebrand.no/privat/forsikring/forsikringsvilkar/_/attachment/inline/c2115f67-e0ea-4b6b-891d-b4cf7431e441:12789f5d912a022509bb2a6c2f0724285c66b28f/vilkar-utleieforsikring.pdf,a328ed4ed879dc20e65cbd4912fb2eee8f46722ee16ff02219acf7fdc1a2ef18,Vilkår Utleieforsikring,"[""catalog/sources/storebrand/hus/Vilkar-utleieforsikring-UTLEI03.pdf""]",RESOLVED,,,,,"[""Valgfritt tillegg""]"
storebrandHusProduct,Husforsikring-produktside.html,,Storebrand,Hus,,,Produktside Husforsikring,2026-09-20,Kontrollert 20.09.2026,https://www.storebrand.no/privat/forsikring/husforsikring,7121604b2aba25d4dba3ae4dcfa4b744f7e4ac30ced4e3ef4483c1b27cb28689,Husforsikring,"[""catalog/sources/storebrand/hus/Husforsikring-produktside.html""]",RESOLVED,,,,2026-09-20,"[""Standard"", ""Super""]"
gjensidigeHusStandard,Hus-Standard-alminnelige-vilkar.pdf,,Gjensidige,Hus,,,Hus Standard,,Alminnelige vilkår,https://www.gjensidige.no/files/privat/vilkar/bolig-innbo-og-verdier/Hus-Standard-alminnelige-vilkar.pdf,d237795bdfd0223a9e078bf308d86fdc2f46de953784aea06264ff8024e44edc,Alminnelige vilkår Hus Standard,"[""catalog/sources/gjensidige/hus/Hus-Standard-alminnelige-vilkar.pdf""]",RESOLVED,,,,2026-09-20,"[""Hus""]"
gjensidigeHusPluss,Hus-Pluss-alminnelige-vilkar.pdf,,Gjensidige,Hus,,,Hus Pluss,,Alminnelige vilkår,https://www.gjensidige.no/files/privat/vilkar/bolig-innbo-og-verdier/Hus-Pluss-alminnelige-vilkar.pdf,79f127ae557e13af8c7a55f95a56c69cf890188dc2e5fcbd4b50ee051e10c792,Alminnelige vilkår Hus Pluss,"[""catalog/sources/gjensidige/hus/Hus-Pluss-alminnelige-vilkar.pdf""]",RESOLVED,,,,2026-09-20,"[""Hus Pluss"", ""Råte og skadeinsekter""]"
gjensidigeHusIpid,IPID-Husforsikring-EAP01.pdf,,Gjensidige,Hus,,,EAP01,,EAP01,https://www.gjensidige.no/ipid/gfno/EAP01,5550cd9753fe374a8d4e54e147ecca30e5be09b8c85fb34a52f04c18f3de14b9,IPID Husforsikring,"[""catalog/sources/gjensidige/hus/IPID-Husforsikring-EAP01.pdf""]",RESOLVED,,,EAP01,2026-09-20,"[""Hus"", ""Hus Pluss"", ""Valgfrie utvidelser""]"
gjensidigeHusProduct,Husforsikring-produktside.html,,Gjensidige,Hus,,,Produktside Husforsikring,,Kontrollert 2026-09-20,https://www.gjensidige.no/forsikring/boligforsikring/husforsikring,32d491a3f2648199545134ff68994615f45b25f48d169bd3ff43ea61b9bad534,Husforsikring – produktside,"[""catalog/sources/gjensidige/hus/Husforsikring-produktside.html""]",RESOLVED,,,,2026-09-20,"[""Hus"", ""Hus Pluss"", ""Valgfrie utvidelser""]"
gjensidigeHusSmart,Hus-Smart-produktside.html,,Gjensidige,Hus,,,Produktside Hus Smart,,Kontrollert 2026-09-20,https://www.gjensidige.no/forsikring/boligforsikring/smart,a9fcfb36a45ff72352913882955d26fe119b57427532562be1634f274855c530,Hus Smart – produktside,"[""catalog/sources/gjensidige/hus/Hus-Smart-produktside.html""]",RESOLVED,,,,2026-09-20,"[""Hus Smart""]"
gjensidigeHusSmartTerms,Hus-Smart-alarmvilkar.html,,Gjensidige,Hus,,,Kundeavtale Hus Smart,,Kontrollert 2026-09-20,https://www.gjensidige.no/forsikring/boligforsikring/smart/kundeavtale,ac113a34392ed290b3a2cac50ebb18fae44bbecf301db0ca1ce253794b969414,Avtalevilkår for alarmtjenester,"[""catalog/sources/gjensidige/hus/Hus-Smart-alarmvilkar.html""]",RESOLVED,,,,2026-09-20,"[""Hus Smart""]"
fremtindHusStandard,Vilkar_Topp_Hus.pdf,,Fremtind,Hus,,,PBK-200.100-015,2024-01-01,015,https://dokument.fremtind.no/vilkar/fremtind/pm/eiendom/Vilkar_Topp_Hus.pdf,6c77bd57259d8d01390bccaf415f14f6b245e45345b597b6f651574ebaeebec3,Standard bygningsforsikring,"[""catalog/sources/fremtind/hus/canonical/Vilkar_Topp_Hus.pdf""]",RESOLVED,,"[""Eika"", ""SpareBank 1"", ""DNB""]",PBK-200.100,,"[""Standard""]"
fremtindHusTopp,Vilkar_Topp_Hus.pdf,,Fremtind,Hus,,,PBK-200.200-010,2023-03-15,010,https://dokument.fremtind.no/vilkar/fremtind/pm/eiendom/Vilkar_Topp_Hus.pdf,6c77bd57259d8d01390bccaf415f14f6b245e45345b597b6f651574ebaeebec3,Topp bygningsforsikring,"[""catalog/sources/fremtind/hus/canonical/Vilkar_Topp_Hus.pdf""]",RESOLVED,,"[""Eika"", ""SpareBank 1"", ""DNB""]",PBK-200.200,,"[""Topp""]"
fremtindHusIpid,IPID_Hus.pdf,,Fremtind,Hus,,,V.103,,V.103,https://dokument.fremtind.no/ipid/IPID_Hus.pdf,62be21f187b55d5d7f5697c74cbf7669167465d96a50ee6c25d326dd6b5facc4,IPID Husforsikring,"[""catalog/sources/fremtind/hus/canonical/IPID_Hus.pdf""]",RESOLVED,,"[""Eika"", ""SpareBank 1"", ""DNB""]",Husforsikring,,"[""Standard"", ""Topp"", ""Tilleggsdekninger""]"
fremtindHusRot,Vilkar_Sopp_og_Rate_valgbar.pdf,,Fremtind,Hus,,,PBK-200.301-009,2024-01-01,009,https://dokument.fremtind.no/vilkar/fremtind/pm/eiendom/Vilkar_Sopp_og_Rate_valgbar.pdf,036537b5fba6c097cb3ecc93e269a84ed89bd044227b1224cc11aeb29556b245,"Sopp-, råte- og insektsforsikring","[""catalog/sources/fremtind/hus/canonical/Vilkar_Sopp_og_Rate_valgbar.pdf""]",RESOLVED,,"[""Eika"", ""SpareBank 1"", ""DNB""]",PBK-200.301,,"[""Valgfritt tillegg til Standard og Topp""]"
fremtindHusRental,Vilkar_Utleie_valgbar.pdf,,Fremtind,Hus,,,PBK-200.302-007,2023-03-15,007,https://dokument.fremtind.no/vilkar/fremtind/pm/eiendom/Vilkar_Utleie_valgbar.pdf,29cb2e02ba5cdaaf7595832a5cb56c01e167b12937acd4c0872b2d68ad970971,Utleieforsikring,"[""catalog/sources/fremtind/hus/canonical/Vilkar_Utleie_valgbar.pdf""]",RESOLVED,,"[""Eika"", ""SpareBank 1"", ""DNB""]",PBK-200.302,,"[""Valgfritt tillegg til Standard og Topp""]"
fremtindHusEikaChannel,Eika-vilkarsoversikt.html,,Fremtind,Hus,,,Kanaloversikt Eika,2025-10-13,Kontrollert 20.09.2026,https://www.eikaforsikring.no/alle-forsikringer/vilkar,338a5dad1f41d828853a59d231489df4c3e69a5b87e256664e53bdc4a71f002f,Eika – vilkår for nye produkter,"[""catalog/sources/fremtind/hus/canonical/Eika-vilkarsoversikt.html""]",RESOLVED,,"[""Eika""]",,2026-09-20,"[""Eika-distribusjon""]"
fremtindHusSpareBank1Channel,SpareBank1-husforsikring.html,,Fremtind,Hus,,,Kanaloversikt SpareBank 1,,Kontrollert 20.09.2026,https://www.sparebank1.no/nb/smn/privat/forsikring/husforsikring.html,eca5cd4c869448d7387b61ba95f87d9758f8e82869a4641788da415a1b82a1a1,SpareBank 1 – husforsikring,"[""catalog/sources/fremtind/hus/canonical/SpareBank1-husforsikring.html""]",RESOLVED,,"[""SpareBank 1""]",,2026-09-20,"[""SpareBank 1-distribusjon""]"
fremtindHusDnbChannel,DNB-husforsikring.html,,Fremtind,Hus,,,Kanaloversikt DNB,,Kontrollert 20.09.2026,https://www.dnb.no/forsikring/husforsikring,99e67d03814eaeb74b2c7cfa2d26d6099c36bf9bf841b080de8d0fdbae92976b,DNB – husforsikring,"[""catalog/sources/fremtind/hus/canonical/DNB-husforsikring.html""]",RESOLVED,,"[""DNB""]",,2026-09-20,"[""DNB-distribusjon""]"
frendeHusStandard,Vilkar-husforsikring.pdf,,Frende,Hus,,,Ikke oppgitt,2026-09-01,Ikke oppgitt,https://api.frende.no/documents/terms/public/pnc/HomeInsurance,6938aa5da4dc6d21996a635cfeb9bd0f156be0a8a991d6fcceb5e02e2b4aeca7,Vilkår for hus- og hytteforsikring,"[""catalog/sources/frende/hus/canonical/Vilkar-husforsikring.pdf""]",RESOLVED,,,Ikke oppgitt,,"[""Standard"", ""Utvidet"", ""Råte- og skadedyrsforsikring"", ""Utleie"", ""Bygg under oppføring""]"
frendeHusExtended,Vilkar-husforsikring.pdf,,Frende,Hus,,,Ikke oppgitt,2026-09-01,Ikke oppgitt,https://api.frende.no/documents/terms/public/pnc/HomeInsurance,6938aa5da4dc6d21996a635cfeb9bd0f156be0a8a991d6fcceb5e02e2b4aeca7,Vilkår for hus- og hytteforsikring – Utvidet bygningsforsikring,"[""catalog/sources/frende/hus/canonical/Vilkar-husforsikring.pdf""]",RESOLVED,,,Ikke oppgitt,,"[""Utvidet""]"
frendeHusRot,Vilkar-husforsikring.pdf,,Frende,Hus,,,Ikke oppgitt,2026-09-01,Ikke oppgitt,https://api.frende.no/documents/terms/public/pnc/HomeInsurance,6938aa5da4dc6d21996a635cfeb9bd0f156be0a8a991d6fcceb5e02e2b4aeca7,Vilkår for hus- og hytteforsikring – Råte- og skadedyrsforsikring,"[""catalog/sources/frende/hus/canonical/Vilkar-husforsikring.pdf""]",RESOLVED,,,Ikke oppgitt,,"[""Tilvalg til Standard og Utvidet""]"
frendeHusRental,Vilkar-husforsikring.pdf,,Frende,Hus,,,Ikke oppgitt,2026-09-01,Ikke oppgitt,https://api.frende.no/documents/terms/public/pnc/HomeInsurance,6938aa5da4dc6d21996a635cfeb9bd0f156be0a8a991d6fcceb5e02e2b4aeca7,Vilkår for hus- og hytteforsikring – Skadeverk ved utleie,"[""catalog/sources/frende/hus/canonical/Vilkar-husforsikring.pdf""]",RESOLVED,,,Ikke oppgitt,,"[""Tilvalg til Standard og Utvidet""]"
frendeHusConstruction,Vilkar-husforsikring.pdf,,Frende,Hus,,,Ikke oppgitt,2026-09-01,Ikke oppgitt,https://api.frende.no/documents/terms/public/pnc/HomeInsurance,6938aa5da4dc6d21996a635cfeb9bd0f156be0a8a991d6fcceb5e02e2b4aeca7,Vilkår for hus- og hytteforsikring – Bygg under oppføring,"[""catalog/sources/frende/hus/canonical/Vilkar-husforsikring.pdf""]",RESOLVED,,,Ikke oppgitt,,"[""Avtalt risikosituasjon""]"
frendeHusIpid,IPID-Hus.pdf,,Frende,Hus,,,Ikke oppgitt,,Ikke oppgitt,https://www.frende.no/documents/192/IPID_Hus.pdf,c2f5202eba21c605240cb9831a79be976f958135c066e6023ba9635a4fe33eaf,Husforsikring – dokument med opplysninger om forsikringsproduktet,"[""catalog/sources/frende/hus/canonical/IPID-Hus.pdf""]",RESOLVED,,,Ikke oppgitt,2025-01-01,"[""Standard"", ""Utvidet"", ""Tilvalg""]"
frendeHusGeneral,Generelle-vilkar-01012026.pdf,,Frende,Hus,,,Ikke oppgitt,2026-01-01,Ikke oppgitt,https://www.frende.no/documents/2/Generelle_vilk%C3%A5r-01012026.pdf,7eb30f58fc546990ec8d42a7130e0e49d0fc71e949a26f6db2213f3bf39b997b,Generelle vilkår for alle skadeforsikringer i Frende,"[""catalog/sources/frende/hus/canonical/Generelle-vilkar-01012026.pdf"", ""catalog/sources/frende/reise/Generelle-vilkar-01012026.pdf""]",RESOLVED,,,Ikke oppgitt,,"[""Alle dekninger""]"
frendeHusProductPage,Husforsikring-produktside.html,,Frende,Hus,,,Ikke oppgitt,,Kontrollert 20.09.2026,https://www.frende.no/forsikringer/husforsikring/,5aec68ed77a059586988b8d715a7cc0e3d962ea926dff9ae3069956953ed685b,Frende husforsikring – produktside,"[""catalog/sources/frende/hus/canonical/Husforsikring-produktside.html""]",RESOLVED,,,Ikke oppgitt,2026-09-20,"[""Produktstruktur"", ""Tilvalg"", ""Korttidsutleie""]"
frendeHusPestPage,Rate-og-skadedyr-produktside.html,,Frende,Hus,,,Ikke oppgitt,,Kontrollert 20.09.2026,https://www.frende.no/forsikringer/husforsikring/skadedyrforsikring-hus/,4f59805fcebb0e379af8c10760f7ea477e9b3a75f339f27f5f2a878741fc1739,Råte- og skadedyrforsikring – produktside,"[""catalog/sources/frende/hus/canonical/Rate-og-skadedyr-produktside.html""]",RESOLVED,,,Ikke oppgitt,2026-09-20,"[""Tilvalg til Standard og Utvidet""]"
trygReiseProduct,PRF46000-Produktvilkar.pdf,,Tryg,Reise,,,PRF46000,2026-01-01,PRF46000,https://www.tryg.no/odpdf?vilk=Reise-Produkt&vilkNr=05PRF46000,5d97e2b093a6f69d5235e9f71da028ee6b9eb7ccb085cbe71e9c9985d4329504,Reiseforsikring – produktvilkår,"[""catalog/sources/tryg/reise/canonical/PRF46000-Produktvilkar.pdf""]",RESOLVED,,,PRF46000,Avløser 02.04.2025,"[""Reise"", ""Reise Ekstra"", ""Reise Premium"", ""Ulykke""]"
trygReiseBase,PRF46001-Reise-Reise-Ekstra.pdf,,Tryg,Reise,,,PRF46001,2026-01-01,PRF46001,https://www.tryg.no/odpdf?vilk=Reise-Reise-Ekstra-Dekningsvilkaar&vilkNr=05PRF46001,eef499eb1f5d9c26fae8928ca6e8ea240a80dda3d64a774d13b7d78946ff1606,Reise / Reise Ekstra,"[""catalog/sources/tryg/reise/canonical/PRF46001-Reise-Reise-Ekstra.pdf""]",RESOLVED,,,PRF46001,Avløser 01.01.2025,"[""Reise"", ""Reise Ekstra""]"
trygReiseExtra,PRF46001-Reise-Reise-Ekstra.pdf,,Tryg,Reise,,,PRF46001,2026-01-01,PRF46001,https://www.tryg.no/odpdf?vilk=Reise-Reise-Ekstra-Dekningsvilkaar&vilkNr=05PRF46001,eef499eb1f5d9c26fae8928ca6e8ea240a80dda3d64a774d13b7d78946ff1606,Reise / Reise Ekstra – ekstradekninger,"[""catalog/sources/tryg/reise/canonical/PRF46001-Reise-Reise-Ekstra.pdf""]",RESOLVED,,,PRF46001,Avløser 01.01.2025,"[""Reise Ekstra""]"
trygReisePremium,PRF46003-Reise-Premium.pdf,,Tryg,Reise,,,PRF46003,2026-01-01,PRF46003,https://www.tryg.no/odpdf?vilk=Reise-Reise-Premium-Dekningsvilkaar&vilkNr=05PRF46003,a97b0d836b6465ff1c79a49441306f5cc1c77cc656c17870a5a3e04d836a475b,Reise Premium,"[""catalog/sources/tryg/reise/canonical/PRF46003-Reise-Premium.pdf""]",RESOLVED,,,PRF46003,Avløser 02.04.2025,"[""Reise Premium""]"
trygReiseAccident,PRF46010-Ulykke-Ulykke-Ekstra.pdf,,Tryg,Reise,,,PRF46010,2025-01-01,PRF46010,https://www.tryg.no/odpdf?vilk=Ulykke-Ulykke-ekstra&vilkNr=05PRF46010,108d8504a92a9b45e2616192edb51094f7877ee459296a48abed3258da45e6c4,Ulykke / Ulykke Ekstra,"[""catalog/sources/tryg/reise/canonical/PRF46010-Ulykke-Ulykke-Ekstra.pdf""]",RESOLVED,,,PRF46010,Avløser 20.08.2021,"[""Valgfritt Ulykke"", ""Valgfritt Ulykke Ekstra""]"
trygReiseAccidentPremium,PRF46012-Ulykke-Premium.pdf,,Tryg,Reise,,,PRF46012,2025-04-02,PRF46012,https://www.tryg.no/odpdf?vilk=Reise-Ulykke-Premium-Dekningsvilkaar&vilkNr=05PRF46012,c7ac2474edc27f8aed66e00296c5c2c037b728eb89ca9e2cd147558d2d42e7f4,Ulykke Premium,"[""catalog/sources/tryg/reise/canonical/PRF46012-Ulykke-Premium.pdf""]",RESOLVED,,,PRF46012,,"[""Inkludert i Reise Premium""]"
trygReiseSums,Forsikringssummer-08.2026.pdf,,Tryg,Reise,,,Ikke oppgitt,,Ikke oppgitt,https://media.tryg.no/prod/tryg-no-2-0-media/2026-09/570_Forsikringsummer_08.2026%20(002).pdf,5a94ffb15f362a736ee1f6d8378f29a4b991633aabe1e1919d7f277eac621f6d,Forsikringssummer Reise,"[""catalog/sources/tryg/reise/canonical/Forsikringssummer-08.2026.pdf""]",RESOLVED,,,Ikke oppgitt,,"[""Reise"", ""Reise Ekstra"", ""Reise Premium"", ""Ulykke""]"
trygReiseSafety,05000PF455-Sikkerhetsforskrift.pdf,,Tryg,Reise,,,05000PF455,,05000PF455,https://www.tryg.no/odpdf?vilk=Reise-Forsikringsbevis&vilkNr=05000PF455,abeeb1f83c66fda107c2a3123880df24d2a9e636c8b17bc0f8881f871f431a96,Reiseforsikring – sikkerhetsforskrifter,"[""catalog/sources/tryg/reise/canonical/05000PF455-Sikkerhetsforskrift.pdf""]",RESOLVED,,,05000PF455,,"[""Alle Reise-nivåer og Ulykke""]"
trygReiseGeneral,PGE91000-Generelle-vilkar.pdf,,Tryg,Reise,,,PGE91000,2024-07-01,PGE91000,https://www.tryg.no/odpdf?vilk=Fellesvilkaar-Generelle&vilkNr=05PGE91000,b8d0244084b7ffa5f35c4c4fd131b54497e247683da82ee5afc8668fd67a1320,Generelle vilkår,"[""catalog/sources/tryg/reise/canonical/PGE91000-Generelle-vilkar.pdf""]",RESOLVED,,,PGE91000,Avløser 01.01.2024,"[""Alle Reise-nivåer""]"
trygReiseLegal,PGE91500-Rettshjelp.pdf,,Tryg,Reise,,,PGE91500,2026-01-01,PGE91500,https://www.tryg.no/odpdf?vilk=Rettshjelp&vilkNr=05PGE91500,bb2facd87cd377c994521ecf530ff82e1872ffc058d142f32832e5cd1999e291,Rettshjelp,"[""catalog/sources/tryg/reise/canonical/PGE91500-Rettshjelp.pdf""]",RESOLVED,,,PGE91500,Avløser 02.04.2025,"[""Alle Reise-nivåer""]"
trygReiseLiabilityFuture,PGE90020-Privat-ansvar.pdf,,Tryg,Reise,,,PGE90020,2026-10-01,PGE90020,https://www.tryg.no/odpdf?vilk=Fellesvilkaar-Privat&vilkNr=05PGE90020,c75dcb29b61d990dd95869e884fb64f59dd839717f9cb88fa9d85f0618d000df,Privatansvar – fremtidig vilkår,"[""catalog/sources/tryg/reise/canonical/PGE90020-Privat-ansvar.pdf""]",RESOLVED,,,PGE90020,Avløser 02.04.2025,"[""Ikke aktiv per 20.09.2026""]"
trygReiseIpid,IPID-Reiseforsikring.pdf,,Tryg,Reise,,,Ikke oppgitt,,Ikke oppgitt,https://www.tryg.no/system/files/download/pdf/ipid/IPID-Reiseforsikring.pdf,cee5c11ca4b7063a07afb384fe62b3bd05a177505c003b27ca5aa0e2bc19ff27,Reiseforsikring – IPID,"[""catalog/sources/tryg/reise/canonical/IPID-Reiseforsikring.pdf""]",RESOLVED,,,Ikke oppgitt,,"[""Reiseforsikring""]"
trygReiseProductPage,Reiseforsikring-produktside.html,,Tryg,Reise,,,Ikke oppgitt,,Ikke oppgitt,https://www.tryg.no/forsikringer/reise-og-fritid/reiseforsikring,5025281e76080e5854c80cd098825d50d7f28f5d137e55237dfa1d0ac9648567,Reiseforsikring – produktside,"[""catalog/sources/tryg/reise/canonical/Reiseforsikring-produktside.html""]",RESOLVED,,,Ikke oppgitt,,"[""Produktstruktur"", ""Tjenester""]"
trygReiseTermsPage,Reiseforsikring-vilkarside.html,,Tryg,Reise,,,Ikke oppgitt,,Ikke oppgitt,https://www.tryg.no/forsikringer/reise-og-fritid/reiseforsikring/vilkar,e1b9519db2e19bed4732100d8d3f8048d898a28ceb3e1132e490d3dde340a0bc,Reiseforsikring – vilkårsside,"[""catalog/sources/tryg/reise/canonical/Reiseforsikring-vilkarside.html""]",RESOLVED,,,Ikke oppgitt,,"[""Kildeoversikt""]"
ifReiseTerms,Helars-reiseforsikring-vilkar.pdf,,If,Reise,,,ERA3-4,2025-03-22,ERA3-4,https://if.no/apps/vilkarsbasendokument/Vilkaar?produkt=Hel%C3%A5rs_reiseforsikring,1311ec0273592571c46ec37f2874791f420c900583e601c3ae95c0a1fda4b566,Helårs reiseforsikring – forsikringsvilkår,"[""catalog/sources/if/reise/canonical/Helars-reiseforsikring-vilkar.pdf""]",RESOLVED,,,ERA3-4,,"[""Basis"", ""Standard"", ""Super""]"
ifReiseIpid,Helars-reiseforsikring-IPID.pdf,,If,Reise,,,Ikke oppgitt,,Ikke oppgitt,https://if.no/apps/vilkarsbasendokument/IPID?ipid=Hel%C3%A5rs_reiseforsikring,99af2fa444b91b46907dea5d331506d80519f3cce304913b9aebe68041782ea9,Helårs reiseforsikring – IPID,"[""catalog/sources/if/reise/canonical/Helars-reiseforsikring-IPID.pdf""]",RESOLVED,,,Ikke oppgitt,Kontrollert 2026-09-20,"[""Produktstruktur"", ""45/90 dager"", ""Norge""]"
ifReiseProductPage,Reiseforsikring-produktside.html,,If,Reise,,,Ikke oppgitt,,Ikke oppgitt,https://www.if.no/privat/forsikring/reise/reiseforsikring,f389d97d9b9ddd9b05ba6273128eef5b36be9fa741af822fc4d2293d636b3be6,Helårs reiseforsikring – produktside,"[""catalog/sources/if/reise/canonical/Reiseforsikring-produktside.html""]",RESOLVED,,,Ikke oppgitt,Kontrollert 2026-09-20,"[""Produktoversikt"", ""Tjenester""]"
ifReiseOverview,Reiseoversikt.html,,If,Reise,,,Ikke oppgitt,,Ikke oppgitt,https://www.if.no/privat/forsikring/reise,4e80060915d293e6eec5a46b6f979db4de81d56b99f35a0d9427aa65bbde4e3c,Reiseforsikringer – oversikt,"[""catalog/sources/if/reise/canonical/Reiseoversikt.html""]",RESOLVED,,,Ikke oppgitt,Kontrollert 2026-09-20,"[""Reiseoversikt""]"
ifReiseSmartDelay,SmartDelay.html,,If,Reise,,,Ikke oppgitt,,Ikke oppgitt,https://www.if.no/privat/forsikring/kundefordeler/smartdelay,6c4cd2f73c6e7b3fcf8eb6e54a8e17eddc793e4757a140aaf0c32a3a8e87d1d4,SmartDelay+ ved flyforsinkelser,"[""catalog/sources/if/reise/canonical/SmartDelay.html""]",RESOLVED,,,Ikke oppgitt,Kontrollert 2026-09-20,"[""Super-tjeneste""]"
ifReiseHelp,Reisehjelp.html,,If,Reise,,,Ikke oppgitt,,Ikke oppgitt,https://www.if.no/privat/forsikring/reise/reisehjelp,85c4e9a9ab34526abeee3980adf03db51fe4feb8cdd0facdc5394801442e38a5,If reisehjelp,"[""catalog/sources/if/reise/canonical/Reisehjelp.html""]",RESOLVED,,,Ikke oppgitt,Kontrollert 2026-09-20,"[""Assistansetjeneste"", ""Digital legetime"", ""Helsesjekk""]"
storebrandReiseTerms,reise10-vilkar-reiseforsikring.pdf,,Storebrand,Reise,,,reise10,2025-06-01,reise10,https://www.storebrand.no/privat/forsikring/reiseforsikring/_/attachment/inline/d834efe9-3dd1-4ac5-b81a-e88b9e4aa8d9:e889200271f53a0b6bf8059b3aff6bd43f442696/vilkar-reiseforsikring.pdf,d44b4ef668a51db2e2d0c72714737dee59cb74d10fad13b65e3cde5695e5e414,Vilkår for reiseforsikring,"[""catalog/sources/storebrand/reise/canonical/reise10-vilkar-reiseforsikring.pdf""]",RESOLVED,,,reise10,,"[""Standard"", ""Super""]"
storebrandReiseGeneral,gener07-generelle-vilkar.pdf,,Storebrand,Reise,,,gener07,2026-09-01,gener07,https://www.storebrand.no/privat/forsikring/reiseforsikring/_/attachment/inline/f8340c1a-d0b6-43c8-963c-eff345a03c22:b2b6be411de9b425d73fa91b7c7e42ade28fdee8/vilkar-generelle.pdf,4873064a8597953be3832870734c41c15e5abe0cc9cfd77c01979878990cd754,Generelle vilkår,"[""catalog/sources/storebrand/reise/canonical/gener07-generelle-vilkar.pdf""]",RESOLVED,,,gener07,,"[""Standard"", ""Super""]"
storebrandReiseIpid,IPID-reiseforsikring.pdf,,Storebrand,Reise,,,17104f 05/2025,,17104f 05/2025,https://www.storebrand.no/privat/forsikring/ipid/_/attachment/inline/88d587de-09cf-4a37-b43d-2fb3035bcc63:4c436d66b5aab46e7567b78683038a724ee11edb/ipid-reiseforsikring.pdf,1a8fb745305aaa2edf9fa9230c7e157c6e3f3e65130de063615f07232e319d37,IPID Storebrand helårs reiseforsikring,"[""catalog/sources/storebrand/reise/canonical/IPID-reiseforsikring.pdf""]",RESOLVED,,,17104f 05/2025,Kontrollert 20.09.2026,"[""Produktstruktur"", ""Varighetsvalg""]"
storebrandReiseProductPage,Reiseforsikring-produktside.html,,Storebrand,Reise,,,Ikke oppgitt,,Ikke oppgitt,https://www.storebrand.no/privat/forsikring/reiseforsikring,fc65e95caadecb0ad10d557b276e8befaf39fe5da9ebb40f70c8d3d87ce2636d,Reiseforsikring – produktside,"[""catalog/sources/storebrand/reise/canonical/Reiseforsikring-produktside.html""]",RESOLVED,,,Ikke oppgitt,Kontrollert 20.09.2026,"[""Produktoversikt"", ""Tjenester""]"
gjensidigeReiseTerms,reise-alminnelige-vilkar.pdf,,Gjensidige,Reise,,,Ikke oppgitt,,Ikke oppgitt,https://www.gjensidige.no/files/privat/vilkar/reise/Reise-alminnelige-vilkar.pdf,dcf6dfd6c62112d634019ce0cd12793dc8009fba7fda527359da2a7828a37a82,Reise – alminnelige vilkår,"[""catalog/sources/gjensidige/reise/reise-alminnelige-vilkar.pdf""]",RESOLVED,,,Ikke oppgitt,Gjeldende kilde kontrollert 20.09.2026,"[""Reise""]"
gjensidigeReisePlussTerms,reise-pluss-alminnelige-vilkar.pdf,,Gjensidige,Reise,,,Ikke oppgitt,,Ikke oppgitt,https://www.gjensidige.no/files/privat/vilkar/reise/Reise-Pluss-alminnelige-vilkar.pdf,97823ecfea0e62a98965bc51ebaac61ee05f3b42766333f959cf2c29ceacea04,Reise Pluss – alminnelige vilkår,"[""catalog/sources/gjensidige/reise/reise-pluss-alminnelige-vilkar.pdf""]",RESOLVED,,,Ikke oppgitt,Gjeldende kilde kontrollert 20.09.2026,"[""Reise Pluss""]"
gjensidigeReiseIpid,reiseforsikring-ipid.pdf,,Gjensidige,Reise,,,EAP20,,EAP20,https://www.gjensidige.no/ipid/gfno/EAP20,4f61ae4add1baac5788289989179ade7320fd63ddaa18724ea9070dc9f18178a,Dokument med informasjon om forsikringsproduktet – Reiseforsikring,"[""catalog/sources/gjensidige/reise/reiseforsikring-ipid.pdf""]",RESOLVED,,,EAP20,Gjeldende kilde kontrollert 20.09.2026,"[""Reise"", ""Reise Pluss""]"
gjensidigeReiseExtensionIpid,utvidelse-av-varighet-ipid.pdf,,Gjensidige,Reise,,,EAP23,,EAP23,https://www.gjensidige.no/ipid/gfno/EAP23,90ee33772fb2ab2e1723a7be5a99c222aeb52851d63f18fe7e93b3dda0173279,Dokument med informasjon om forsikringsproduktet – Utvidelse av årsreiseforsikring,"[""catalog/sources/gjensidige/reise/utvidelse-av-varighet-ipid.pdf""]",RESOLVED,,,EAP23,Gjeldende kilde kontrollert 20.09.2026,"[""Varighetsutvidelse""]"
gjensidigeReiseProductPage,produktside.html,,Gjensidige,Reise,,,Ikke oppgitt,,Ikke oppgitt,https://www.gjensidige.no/forsikring/reiseforsikring,c270ef097d9c8c1fd02ca29fc04c057a6d482abc41e32ef3a60405500d97bcda,Reiseforsikring – produktside,"[""catalog/sources/gjensidige/reise/produktside.html""]",RESOLVED,,,Ikke oppgitt,Gjeldende kilde kontrollert 20.09.2026,"[""Produktoversikt"", ""SmartDelay+-status""]"
gjensidigeReiseDays,reisedager.html,,Gjensidige,Reise,,,Ikke oppgitt,,Ikke oppgitt,https://www.gjensidige.no/forsikring/reiseforsikring/reisedager,cf8c3f94fa4828710b7fe584bcf19aba6b963c07449052193c03dcb9d47a5aa8,Reiseforsikring for lengre reiser,"[""catalog/sources/gjensidige/reise/reisedager.html""]",RESOLVED,,,Ikke oppgitt,Gjeldende kilde kontrollert 20.09.2026,"[""Varighetsutvidelse""]"
gjensidigeReiseAlarm,alarmsentral.html,,Gjensidige,Reise,,,Ikke oppgitt,,Ikke oppgitt,https://www.gjensidige.no/tjenester/alarmsentralen,783af556ab12b49afb3613aff49c7fb06f17d199971ffcfbfbc6b254cc71926f,Vår døgnåpne alarmsentral,"[""catalog/sources/gjensidige/reise/alarmsentral.html""]",RESOLVED,,,Ikke oppgitt,Gjeldende kilde kontrollert 20.09.2026,"[""Assistanse""]"
gjensidigeReiseDoctor,online-lege.html,,Gjensidige,Reise,,,Ikke oppgitt,,Ikke oppgitt,https://www.gjensidige.no/tjenester/online-lege-pa-reise,9e092e683776c6582159a9f5a9a540536fa170d3a1af0646de2767399d77b9fd,Videokonsultasjon med Online lege på reise,"[""catalog/sources/gjensidige/reise/online-lege.html""]",RESOLVED,,,Ikke oppgitt,Gjeldende kilde kontrollert 20.09.2026,"[""Online lege""]"
fremtindReiseTerms,canonical/reise-vilkar-p10.pdf,,Fremtind,Reise,,,P10,2025-01-01,P10,https://partner.eikaforsikring.no/forsikring-min-side-web/rest/resource/open/vilkar/P10,da9510875b61f4807f6621acf99c7db53468297ef0a46c4e265d9a9db0d9cca3,Forsikringsvilkår Reise,"[""catalog/sources/fremtind/reise/canonical/reise-vilkar-p10.pdf""]",RESOLVED,,"[""Eika""]",P10,,"[""Historisk Eika Reise"", ""Historisk Eika Reise Pluss""]"
fremtindReiseIpid,canonical/reise-ipid-p10p.pdf,,Fremtind,Reise,,,P10P,,P10P,https://partner.eikaforsikring.no/forsikring-min-side-web/rest/resource/open/vilkar/P10P,831740ba10c28fe735a48c47825458b93f791c1d4efe7b2812edf210ce1f8f92,Reiseforsikring Privat – produktinformasjon,"[""catalog/sources/fremtind/reise/canonical/reise-ipid-p10p.pdf""]",RESOLVED,,"[""Eika""]",P10P,Kontrollert 20.09.2026,"[""Historisk Eika Reise"", ""Historisk Eika Reise Pluss""]"
fremtindReiseUnifiedTerms,canonical/fremtind-reise-vilkar.pdf,,Fremtind,Reise,,,PRE-450.200-015,2025-03-17,PRE-450.200-015,https://dokument.fremtind.no/vilkar/fremtind/pm/reise/Reise_PM.pdf,2e410ce7bb27c5d355f564d4fd44c88e28e5199448cb691f139440cacc8d4267,Reiseforsikring – nytt Fremtind-produkt,"[""catalog/sources/fremtind/reise/canonical/fremtind-reise-vilkar.pdf""]",RESOLVED,,"[""SpareBank 1"", ""DNB"", ""Eika""]",PRE-450.200-015,,"[""Aktiv Fremtind Reise""]"
fremtindReiseUnifiedIpid,canonical/fremtind-reise-ipid.pdf,,Fremtind,Reise,,,V.104,,V.104,https://dokument.fremtind.no/ipid/IPID_Reise.pdf,28c212b64b413bc70f405625f7dab6d0e960e0b5f333b1364d267ccadb7087fc,IPID Reiseforsikring,"[""catalog/sources/fremtind/reise/canonical/fremtind-reise-ipid.pdf""]",RESOLVED,,"[""SpareBank 1"", ""DNB"", ""Eika""]",V.104,Kontrollert 20.09.2026,"[""Aktiv Fremtind Reise""]"
fremtindReiseFaq,canonical/eika-reise-faq.html,,Fremtind,Reise,,,Ikke oppgitt,,Ikke oppgitt,https://www.eikaforsikring.no/kundeservice/sporsmal-og-svar/hus-og-eiendeler/reise,708cea5ab25b41057f944850f2d584a99e6b09a1ba6870bb982867ffcb45e78b,Spørsmål og svar om reiseforsikring,"[""catalog/sources/fremtind/reise/canonical/eika-reise-faq.html""]",RESOLVED,,"[""Eika""]",Ikke oppgitt,Kontrollert 20.09.2026,"[""Historisk Eika-varighet"", ""Historisk forsinket bagasje""]"
fremtindReiseProvider,canonical/eika-fremtind-provider.html,,Fremtind,Reise,,,Ikke oppgitt,,Ikke oppgitt,https://www.eikaforsikring.no/om-eika-forsikring,c3bbd8d33e4b88d291e1433ed1699343bf56d880895ada7d7d1cfd4cbc90aa39,Vi er Fremtind,"[""catalog/sources/fremtind/reise/canonical/eika-fremtind-provider.html""]",RESOLVED,,"[""Eika""]",Ikke oppgitt,Kontrollert 20.09.2026,"[""Historisk Eika-provideridentitet""]"
fremtindReiseClaims,canonical/reise-skadeoppgjor.html,,Fremtind,Reise,,,Ikke oppgitt,,Ikke oppgitt,https://www.eikaforsikring.no/meld-skade/reise/bakgrunnen-for-skadeoppgjoret-pa-reisen,81cf6d49909f2be06a850bcf9b7f694b6bf0f8b0999ca33d6d31196c51202669,Reiseforsikring – skadeoppgjør,"[""catalog/sources/fremtind/reise/canonical/reise-skadeoppgjor.html""]",RESOLVED,,"[""Eika""]",Ikke oppgitt,Kontrollert 20.09.2026,"[""Historisk Eika-egenandel""]"
frendeReiseTerms,Vilkar-reiseforsikring-01032026.pdf,,Frende,Reise,,,Ikke oppgitt,2026-03-01,Vilkår av 01. mars 2026,https://api.frende.no/documents/terms/public/pnc/TravelInsurance,a15cb9cf2a1cba6c17eb62f3793cc5f664724f66780ebb692b93775f3f922509,Vilkår for reiseforsikring,"[""catalog/sources/frende/reise/Vilkar-reiseforsikring-01032026.pdf""]",RESOLVED,,,Ikke oppgitt,,"[""Reiseforsikring""]"
frendeReiseIpid,IPID-Reise-2026.pdf,,Frende,Reise,,,Ikke oppgitt,,Sist oppdatert 01.06.2026,https://www.frende.no/documents/195/Produktark_-_IPID_Reise_2026.pdf,cfb814acf0536c5f1b2e8469d0c50f978623c0370959123446dc00f3aebcab35,Reiseforsikring – dokument med opplysninger om forsikringsproduktet,"[""catalog/sources/frende/reise/IPID-Reise-2026.pdf""]",RESOLVED,,,Ikke oppgitt,2026-06-01,"[""Reiseforsikring""]"
frendeReiseGeneral,Generelle-vilkar-01012026.pdf,,Frende,Reise,,,Ikke oppgitt,2026-01-01,Ikke oppgitt,https://www.frende.no/documents/2/Generelle_vilk%C3%A5r-01012026.pdf,7eb30f58fc546990ec8d42a7130e0e49d0fc71e949a26f6db2213f3bf39b997b,Generelle vilkår for alle skadeforsikringer i Frende,"[""catalog/sources/frende/hus/canonical/Generelle-vilkar-01012026.pdf"", ""catalog/sources/frende/reise/Generelle-vilkar-01012026.pdf""]",RESOLVED,,,Ikke oppgitt,,"[""Alle dekninger""]"
frendeReiseProductPage,Reiseforsikring-produktside.html,,Frende,Reise,,,Ikke oppgitt,,Kontrollert 20.09.2026,https://www.frende.no/forsikringer/reiseforsikring/,b718593b3c52ac1d6561c736e48984c278a88484456c8b9d07604329c0d1926b,Frende reiseforsikring – produktside,"[""catalog/sources/frende/reise/Reiseforsikring-produktside.html""]",RESOLVED,,,Ikke oppgitt,2026-09-20,"[""Produktstruktur"", ""Fortsettelsesforsikring"", ""Tjenester""]"
frendeReiseTermsPage,Reiseforsikring-vilkarsside.html,,Frende,Reise,,,Ikke oppgitt,,Kontrollert 20.09.2026,https://www.frende.no/forsikringer/reiseforsikring/vilkar-reiseforsikring/,db2694e50365bdd535631ca422bb0025d15b5456b1805ed3781d3a3302bfafe4,Frende – vilkårsside for reiseforsikring,"[""catalog/sources/frende/reise/Reiseforsikring-vilkarsside.html""]",RESOLVED,,,Ikke oppgitt,2026-09-20,"[""Gjeldende dokumentlenker""]"
frendeReiseDoctor,Legetime-pa-mobilen.html,,Frende,Reise,,,Ikke oppgitt,,Kontrollert 20.09.2026,https://www.frende.no/aktuelt/legetime-mobilen/,b5c65e0c4e4de119c296034507cc468778531541df21af712dcad08b19e1ba67,Gratis legetime på mobilen,"[""catalog/sources/frende/reise/Legetime-pa-mobilen.html""]",RESOLVED,,,Ikke oppgitt,2026-09-20,"[""Digital legetjeneste""]"
frendeReiseMiddleEast2026,Reiseforsikring-Midtosten-2026.html,,Frende,Reise,,,Ikke oppgitt,,Publisert 28.02.2026; kontrollert 20.09.2026,https://www.frende.no/aktuelt/reiseforsikring-midtosten/,f6045f81b02e7f7623eae4a5e79cf8fc975e9b6220153335040b803ad9202f7f,Reiseforsikring: Midtøsten,"[""catalog/sources/frende/reise/Reiseforsikring-Midtosten-2026.html""]",RESOLVED,,,Ikke oppgitt,2026-02-28,"[""Hendelsesspesifikt råd – ikke canonical produktdekning""]"
frendeReiseReplacedTerms2020,Vilkar-reiseforsikring-01042020-erstattet.pdf,,Frende,Reise,,,Ikke oppgitt,2020-04-01,Vilkår av 1. april 2020 – erstattet av 01.03.2026,https://www.frende.no/documents/18/Frende_Reise.pdf,98f0c04616a914f2d0d85cf5af4ec700998ce342e48743549d653288a1c83079,Vilkår for reiseforsikring – erstattet historisk versjon,"[""catalog/sources/frende/reise/Vilkar-reiseforsikring-01042020-erstattet.pdf""]",RESOLVED,,,Ikke oppgitt,,"[""Historisk kontrollkilde – ikke aktiv canonical dekning""]"
