product_identity,product_id,scope,runtime_source_records,runtime_linked_artifacts,manually_reviewed_artifacts,manifest_discovery_candidates,candidate_applicability,package_status,complete,review_notes
"[""tryg"",""bil"",""ordinary"",""bil-ansvar"",""PAU25003""]",bil-ansvar,ordinary,"[""ansvar"", ""ulykke"", ""ulykkeEkstra""]","[""catalog/sources/tryg/Bilforsikring-Ansvar.pdf"", ""catalog/sources/tryg/Fører- og Passasjerulykke.pdf"", ""catalog/sources/tryg/Fører- og passasjerulykke Ekstra.pdf""]","[""catalog/sources/tryg/Bilforsikring-Ansvar.pdf"", ""catalog/sources/tryg/Bilforsikring-Leiebil.pdf"", ""catalog/sources/tryg/Fører- og Passasjerulykke.pdf"", ""catalog/sources/tryg/Fører- og passasjerulykke Ekstra.pdf"", ""catalog/sources/tryg/hus/05PGE91000.pdf"", ""catalog/sources/tryg/hus/05PGE91500.pdf""]",[],Exact component/type checked; no automatic cross-product inheritance,COMPLETE_WITH_RECORDED_GAPS,True,"54source-firstdimensions all9BilPDF+explicitPGEreferences. Strongpositivecontrol15kkm/80%,3yr60kkmoptional,100kkmcomponentlabel,120/160/200deductiblelabels,under23driver,under18accidentnotfalseflagged. Existing3partialfactsreused. SharedlegalPGE91500localofficialexactnumbercontainsmotor§5.3butnotruntimeattachment. LeiebildategateSep29vsOct1documentedwithoutchangingfrozeninventory."
"[""tryg"",""bil"",""ordinary"",""bil-delkasko"",""PAU25835""]",bil-delkasko,ordinary,"[""ansvar"", ""delkasko"", ""ulykke"", ""ulykkeEkstra""]","[""catalog/sources/tryg/Bilforsikring-Ansvar.pdf"", ""catalog/sources/tryg/Bilforsikring-Delkasko.pdf"", ""catalog/sources/tryg/Fører- og Passasjerulykke.pdf"", ""catalog/sources/tryg/Fører- og passasjerulykke Ekstra.pdf""]","[""catalog/sources/tryg/Bilforsikring-Ansvar.pdf"", ""catalog/sources/tryg/Bilforsikring-Delkasko.pdf"", ""catalog/sources/tryg/Bilforsikring-Leiebil.pdf"", ""catalog/sources/tryg/Fører- og Passasjerulykke.pdf"", ""catalog/sources/tryg/Fører- og passasjerulykke Ekstra.pdf"", ""catalog/sources/tryg/hus/05PGE91000.pdf"", ""catalog/sources/tryg/hus/05PGE91500.pdf""]",[],Exact component/type checked; no automatic cross-product inheritance,COMPLETE_WITH_RECORDED_GAPS,True,"54source-firstdimensions all9BilPDF+explicitPGEreferences. Strongpositivecontrol15kkm/80%,3yr60kkmoptional,100kkmcomponentlabel,120/160/200deductiblelabels,under23driver,under18accidentnotfalseflagged. Existing3partialfactsreused. SharedlegalPGE91500localofficialexactnumbercontainsmotor§5.3butnotruntimeattachment. LeiebildategateSep29vsOct1documentedwithoutchangingfrozeninventory."
"[""tryg"",""bil"",""ordinary"",""bil-kasko"",""PAU25205""]",bil-kasko,ordinary,"[""ansvar"", ""bilEkstra"", ""elbilEkstra"", ""kasko"", ""maskinskade"", ""ulykke"", ""ulykkeEkstra""]","[""catalog/sources/tryg/Bilforsikring-Ansvar.pdf"", ""catalog/sources/tryg/Bilforsikring-BilEkstra.pdf"", ""catalog/sources/tryg/Bilforsikring-ElbilEkstra.pdf"", ""catalog/sources/tryg/Bilforsikring-Kasko.pdf"", ""catalog/sources/tryg/Bilforsikring-Maskinskade.pdf"", ""catalog/sources/tryg/Fører- og Passasjerulykke.pdf"", ""catalog/sources/tryg/Fører- og passasjerulykke Ekstra.pdf""]","[""catalog/sources/tryg/Bilforsikring-Ansvar.pdf"", ""catalog/sources/tryg/Bilforsikring-BilEkstra.pdf"", ""catalog/sources/tryg/Bilforsikring-ElbilEkstra.pdf"", ""catalog/sources/tryg/Bilforsikring-Kasko.pdf"", ""catalog/sources/tryg/Bilforsikring-Leiebil.pdf"", ""catalog/sources/tryg/Bilforsikring-Maskinskade.pdf"", ""catalog/sources/tryg/Fører- og Passasjerulykke.pdf"", ""catalog/sources/tryg/Fører- og passasjerulykke Ekstra.pdf"", ""catalog/sources/tryg/hus/05PGE91000.pdf"", ""catalog/sources/tryg/hus/05PGE91500.pdf""]",[],Exact component/type checked; no automatic cross-product inheritance,COMPLETE_WITH_RECORDED_GAPS,True,"54source-firstdimensions all9BilPDF+explicitPGEreferences. Strongpositivecontrol15kkm/80%,3yr60kkmoptional,100kkmcomponentlabel,120/160/200deductiblelabels,under23driver,under18accidentnotfalseflagged. Existing3partialfactsreused. SharedlegalPGE91500localofficialexactnumbercontainsmotor§5.3butnotruntimeattachment. LeiebildategateSep29vsOct1documentedwithoutchangingfrozeninventory."
"[""if"",""bil"",""ordinary"",""if-bil-ansvar"",""MOT2-2""]",if-bil-ansvar,ordinary,"[""ifAnsvar""]","[""catalog/sources/if/Kjoretoyforsikring-MOT2-2.pdf""]","[""catalog/sources/if/Kjoretoyforsikring-MOT2-2.pdf"", ""catalog/sources/if/innbo/If_Generelle_vilkar_GEN2-9.pdf""]",[],Exact component/type checked; no automatic cross-product inheritance,COMPLETE_WITH_RECORDED_GAPS,True,MOT2-2 samtlige26sider og eksplisitt innlemmetGEN2-9 lest kilde-først. Eksakt Ansvar/Delkasko/Kasko/Super inklbegge reelle tillegg reversekontrollert. Ordinær nyverdi og flere materielle detaljer mangler; kundevalg beholdes. Ingen online freshness-påstand.
"[""if"",""bil"",""ordinary"",""if-bil-delkasko"",""MOT2-2""]",if-bil-delkasko,ordinary,"[""ifAnsvar"", ""ifDelkasko""]","[""catalog/sources/if/Kjoretoyforsikring-MOT2-2.pdf""]","[""catalog/sources/if/Kjoretoyforsikring-MOT2-2.pdf"", ""catalog/sources/if/innbo/If_Generelle_vilkar_GEN2-9.pdf""]",[],Exact component/type checked; no automatic cross-product inheritance,COMPLETE_WITH_RECORDED_GAPS,True,MOT2-2 samtlige26sider og eksplisitt innlemmetGEN2-9 lest kilde-først. Eksakt Ansvar/Delkasko/Kasko/Super inklbegge reelle tillegg reversekontrollert. Ordinær nyverdi og flere materielle detaljer mangler; kundevalg beholdes. Ingen online freshness-påstand.
"[""if"",""bil"",""ordinary"",""if-bil-kasko"",""MOT2-2""]",if-bil-kasko,ordinary,"[""ifAnsvar"", ""ifDelkasko"", ""ifKasko"", ""ifLeiebil"", ""ifMotorGir""]","[""catalog/sources/if/Kjoretoyforsikring-MOT2-2.pdf""]","[""catalog/sources/if/Kjoretoyforsikring-MOT2-2.pdf"", ""catalog/sources/if/innbo/If_Generelle_vilkar_GEN2-9.pdf""]",[],Exact component/type checked; no automatic cross-product inheritance,COMPLETE_WITH_RECORDED_GAPS,True,MOT2-2 samtlige26sider og eksplisitt innlemmetGEN2-9 lest kilde-først. Eksakt Ansvar/Delkasko/Kasko/Super inklbegge reelle tillegg reversekontrollert. Ordinær nyverdi og flere materielle detaljer mangler; kundevalg beholdes. Ingen online freshness-påstand.
"[""if"",""bil"",""ordinary"",""if-bil-super"",""MOT2-2""]",if-bil-super,ordinary,"[""ifAnsvar"", ""ifDelkasko"", ""ifKasko"", ""ifLeiebil"", ""ifMotorGir"", ""ifSuper""]","[""catalog/sources/if/Kjoretoyforsikring-MOT2-2.pdf""]","[""catalog/sources/if/Kjoretoyforsikring-MOT2-2.pdf"", ""catalog/sources/if/innbo/If_Generelle_vilkar_GEN2-9.pdf""]",[],Exact component/type checked; no automatic cross-product inheritance,COMPLETE_WITH_RECORDED_GAPS,True,MOT2-2 samtlige26sider og eksplisitt innlemmetGEN2-9 lest kilde-først. Eksakt Ansvar/Delkasko/Kasko/Super inklbegge reelle tillegg reversekontrollert. Ordinær nyverdi og flere materielle detaljer mangler; kundevalg beholdes. Ingen online freshness-påstand.
"[""gjensidige"",""bil"",""ordinary"",""gj-bil-ansvar"",null]",gj-bil-ansvar,ordinary,"[""gjAnsvar"", ""gjFunksjonsutstyr"", ""gjIpid"", ""gjSpesiallakk"", ""gjUtvidetUtstyr""]","[""catalog/sources/gjensidige/Bilforsikring-Produktark-MOT01.pdf"", ""catalog/sources/gjensidige/bil-ansvar-alminnelige-vilkar.pdf""]","[""catalog/sources/gjensidige/bil-ansvar-alminnelige-vilkar.pdf"", ""catalog/sources/gjensidige/Bilforsikring-Produktark-MOT01.pdf""]",[],Exact component/type checked; no automatic cross-product inheritance,COMPLETE_WITH_RECORDED_GAPS,True,"Complete source-first73rule inventory applied by exact level, all applicable chapters read with exact page reuse, all numeric/status catalog claims reverse reviewed. Optional3equipmentlevel eligibility and Pluss rental source conflict explicitly recorded. No private bevis, date inference or current customer totalskade overwrite. Complete review with recorded gaps and source uncertainty."
"[""gjensidige"",""bil"",""ordinary"",""gj-bil-delkasko"",null]",gj-bil-delkasko,ordinary,"[""gjAnsvar"", ""gjDelkasko"", ""gjFunksjonsutstyr"", ""gjIpid"", ""gjSpesiallakk"", ""gjUtvidetUtstyr""]","[""catalog/sources/gjensidige/Bil-Delkasko-alminnelige-vilkar.pdf"", ""catalog/sources/gjensidige/Bilforsikring-Produktark-MOT01.pdf"", ""catalog/sources/gjensidige/bil-ansvar-alminnelige-vilkar.pdf""]","[""catalog/sources/gjensidige/Bil-Delkasko-alminnelige-vilkar.pdf"", ""catalog/sources/gjensidige/Bilforsikring-Produktark-MOT01.pdf""]",[],Exact component/type checked; no automatic cross-product inheritance,COMPLETE_WITH_RECORDED_GAPS,True,"Complete source-first73rule inventory applied by exact level, all applicable chapters read with exact page reuse, all numeric/status catalog claims reverse reviewed. Optional3equipmentlevel eligibility and Pluss rental source conflict explicitly recorded. No private bevis, date inference or current customer totalskade overwrite. Complete review with recorded gaps and source uncertainty."
"[""gjensidige"",""bil"",""ordinary"",""gj-bil-kasko"",null]",gj-bil-kasko,ordinary,"[""gjAnsvar"", ""gjDelkasko"", ""gjFunksjonsutstyr"", ""gjIpid"", ""gjKasko"", ""gjPunktering"", ""gjSpesiallakk"", ""gjUtvidetUtstyr""]","[""catalog/sources/gjensidige/Bil-Delkasko-alminnelige-vilkar.pdf"", ""catalog/sources/gjensidige/Bil-Kasko-alminnelige-vilkar.pdf"", ""catalog/sources/gjensidige/Bilforsikring-Produktark-MOT01.pdf"", ""catalog/sources/gjensidige/bil-ansvar-alminnelige-vilkar.pdf""]","[""catalog/sources/gjensidige/Bil-Kasko-alminnelige-vilkar.pdf"", ""catalog/sources/gjensidige/Bilforsikring-Produktark-MOT01.pdf""]",[],Exact component/type checked; no automatic cross-product inheritance,COMPLETE_WITH_RECORDED_GAPS,True,"Complete source-first73rule inventory applied by exact level, all applicable chapters read with exact page reuse, all numeric/status catalog claims reverse reviewed. Optional3equipmentlevel eligibility and Pluss rental source conflict explicitly recorded. No private bevis, date inference or current customer totalskade overwrite. Complete review with recorded gaps and source uncertainty."
"[""gjensidige"",""bil"",""ordinary"",""gj-bil-pluss"",null]",gj-bil-pluss,ordinary,"[""gjAnsvar"", ""gjDelkasko"", ""gjFunksjonsutstyr"", ""gjIpid"", ""gjKasko"", ""gjPluss"", ""gjPunktering"", ""gjSpesiallakk"", ""gjUtvidetUtstyr""]","[""catalog/sources/gjensidige/Bil-Delkasko-alminnelige-vilkar.pdf"", ""catalog/sources/gjensidige/Bil-Kasko-alminnelige-vilkar.pdf"", ""catalog/sources/gjensidige/Bil-Pluss-alminnelige-vilkar.pdf"", ""catalog/sources/gjensidige/Bilforsikring-Produktark-MOT01.pdf"", ""catalog/sources/gjensidige/bil-ansvar-alminnelige-vilkar.pdf""]","[""catalog/sources/gjensidige/Bil-Pluss-alminnelige-vilkar.pdf"", ""catalog/sources/gjensidige/Bilforsikring-Produktark-MOT01.pdf""]",[],Exact component/type checked; no automatic cross-product inheritance,COMPLETE_WITH_RECORDED_GAPS,True,"Complete source-first73rule inventory applied by exact level, all applicable chapters read with exact page reuse, all numeric/status catalog claims reverse reviewed. Optional3equipmentlevel eligibility and Pluss rental source conflict explicitly recorded. No private bevis, date inference or current customer totalskade overwrite. Complete review with recorded gaps and source uncertainty."
"[""storebrand"",""bil"",""ordinary"",""sb-bil-ansvar"",""motor09""]",sb-bil-ansvar,ordinary,"[""sbAnsvar""]","[""catalog/sources/storebrand/vilkar-motorvognforsikring-motor09.pdf""]","[""catalog/sources/storebrand/vilkar-motorvognforsikring-motor09.pdf"", ""catalog/sources/storebrand/vilkar-generelle.pdf"", ""catalog/sources/mc-bobil/storebrand-bil-bobil-produkt.html""]",[],Exact component/type checked; no automatic cross-product inheritance,COMPLETE_WITH_RECORDED_GAPS,True,"Full33p motor09 plus exacttypeHTML; general11 reusedbyhash.66independent rules; all resolved/inherited/optional facts inspected. Gaps explicitlyclassified. Exactproduct source/reverseinventory closed, with documentedcataloggaps; no onlinefreshness claim."
"[""storebrand"",""bil"",""ordinary"",""sb-bil-delkasko"",""motor09""]",sb-bil-delkasko,ordinary,"[""sbAnsvar"", ""sbDelkasko""]","[""catalog/sources/storebrand/vilkar-motorvognforsikring-motor09.pdf""]","[""catalog/sources/storebrand/vilkar-motorvognforsikring-motor09.pdf"", ""catalog/sources/storebrand/vilkar-generelle.pdf"", ""catalog/sources/mc-bobil/storebrand-bil-bobil-produkt.html""]",[],Exact component/type checked; no automatic cross-product inheritance,COMPLETE_WITH_RECORDED_GAPS,True,"Full33p motor09 plus exacttypeHTML; general11 reusedbyhash.66independent rules; all resolved/inherited/optional facts inspected. Gaps explicitlyclassified. Remaining sourceapplicability: MC/Scooterbagage or Bobilordinarynewvalue or Delkasko10.3 applicability; do notguess. FOLLOW-UP: Targeted closure after original complete66-rule source inventory/full33-page pass: All locally resolvable material dimensions checked. SC006 is finalized SOURCE_RESEARCH_REQUIRED, not an unfinished reading task. Source ambiguity is retained; no affirmative new-value/MCbagage fact manufactured."
"[""storebrand"",""bil"",""ordinary"",""sb-bil-kasko"",""motor09""]",sb-bil-kasko,ordinary,"[""sbAnsvar"", ""sbDelkasko"", ""sbKasko"", ""sbLeiebil"", ""sbLeiebilUtvidet""]","[""catalog/sources/storebrand/vilkar-motorvognforsikring-motor09.pdf""]","[""catalog/sources/storebrand/vilkar-motorvognforsikring-motor09.pdf"", ""catalog/sources/storebrand/vilkar-generelle.pdf"", ""catalog/sources/mc-bobil/storebrand-bil-bobil-produkt.html""]",[],Exact component/type checked; no automatic cross-product inheritance,COMPLETE_WITH_RECORDED_GAPS,True,"Full33p motor09 plus exacttypeHTML; general11 reusedbyhash.66independent rules; all resolved/inherited/optional facts inspected. Gaps explicitlyclassified. Exactproduct source/reverseinventory closed, with documentedcataloggaps; no onlinefreshness claim."
"[""storebrand"",""bil"",""ordinary"",""sb-bil-super"",""motor09""]",sb-bil-super,ordinary,"[""sbAnsvar"", ""sbDelkasko"", ""sbKasko"", ""sbLeiebil"", ""sbLeiebilUtvidet"", ""sbSuper""]","[""catalog/sources/storebrand/vilkar-motorvognforsikring-motor09.pdf""]","[""catalog/sources/storebrand/vilkar-motorvognforsikring-motor09.pdf"", ""catalog/sources/storebrand/vilkar-generelle.pdf"", ""catalog/sources/mc-bobil/storebrand-bil-bobil-produkt.html""]",[],Exact component/type checked; no automatic cross-product inheritance,COMPLETE_WITH_RECORDED_GAPS,True,"Full33p motor09 plus exacttypeHTML; general11 reusedbyhash.66independent rules; all resolved/inherited/optional facts inspected. Gaps explicitlyclassified. Exactproduct source/reverseinventory closed, with documentedcataloggaps; no onlinefreshness claim."
"[""sparebank1-fremtind"",""bil"",""ordinary"",""sb1-bil-ansvar"",""PMO-357.001-004""]",sb1-bil-ansvar,ordinary,"[""sp1Ansvar"", ""sp1Core"", ""sp1Ipid"", ""sp1Rettshjelp"", ""sp1Ulykke""]","[""catalog/sources/sparebank1-fremtind/IPID_Bil.pdf"", ""catalog/sources/sparebank1-fremtind/Vilkar_ansvar_bil.pdf""]","[""catalog/sources/eika-fremtind/IPID_Bil_M05P.pdf"", ""catalog/sources/sparebank1-fremtind/IPID_Bil.pdf"", ""catalog/sources/sparebank1-fremtind/Vilkar_ansvar_bil.pdf"", ""catalog/sources/vehicle-extensions/eikaforsikring-produktinformasjon.html"", ""catalog/sources/vehicle-extensions/eikaforsikring-vilkar.html"", ""catalog/sources/vehicle-extensions/fremtind-Generelle_vilkar_skadeforsikring.pdf""]",[],Exact component/type checked; no automatic cross-product inheritance,COMPLETE_WITH_RECORDED_GAPS,True,"52 source-first rules, four full levels text-compared and all material exact resolved claims checked. Legacy/channel aliases retained in204scope. No claim of independent channel-specific page freshness: missing archivedSB1/DNBBilpagesqueued. Source review complete for available local package, not gapfree. Conditional assistance rental is distinct from optional component."
"[""sparebank1-fremtind"",""bil"",""ordinary"",""sb1-bil-delkasko"",""PMO-357.001-004""]",sb1-bil-delkasko,ordinary,"[""sp1Ansvar"", ""sp1Core"", ""sp1Delkasko"", ""sp1Ipid"", ""sp1Rettshjelp"", ""sp1Ulykke""]","[""catalog/sources/sparebank1-fremtind/IPID_Bil.pdf"", ""catalog/sources/sparebank1-fremtind/Vilkar_Minikasko_Bil.pdf"", ""catalog/sources/sparebank1-fremtind/Vilkar_ansvar_bil.pdf""]","[""catalog/sources/eika-fremtind/IPID_Bil_M05P.pdf"", ""catalog/sources/sparebank1-fremtind/IPID_Bil.pdf"", ""catalog/sources/sparebank1-fremtind/Vilkar_Minikasko_Bil.pdf"", ""catalog/sources/sparebank1-fremtind/Vilkar_ansvar_bil.pdf"", ""catalog/sources/vehicle-extensions/eikaforsikring-produktinformasjon.html"", ""catalog/sources/vehicle-extensions/eikaforsikring-vilkar.html"", ""catalog/sources/vehicle-extensions/fremtind-Generelle_vilkar_skadeforsikring.pdf""]",[],Exact component/type checked; no automatic cross-product inheritance,COMPLETE_WITH_RECORDED_GAPS,True,"52 source-first rules, four full levels text-compared and all material exact resolved claims checked. Legacy/channel aliases retained in204scope. No claim of independent channel-specific page freshness: missing archivedSB1/DNBBilpagesqueued. Source review complete for available local package, not gapfree. Conditional assistance rental is distinct from optional component."
"[""sparebank1-fremtind"",""bil"",""ordinary"",""sb1-bil-kasko"",""PMO-357.001-004""]",sb1-bil-kasko,ordinary,"[""sp1Ansvar"", ""sp1Core"", ""sp1Delkasko"", ""sp1Ipid"", ""sp1Kasko"", ""sp1Leiebil"", ""sp1Maskinskade"", ""sp1Rettshjelp"", ""sp1Ulykke""]","[""catalog/sources/sparebank1-fremtind/IPID_Bil.pdf"", ""catalog/sources/sparebank1-fremtind/Vilkar_Kasko_Bil.pdf"", ""catalog/sources/sparebank1-fremtind/Vilkar_Minikasko_Bil.pdf"", ""catalog/sources/sparebank1-fremtind/Vilkar_ansvar_bil.pdf"", ""catalog/sources/sparebank1-fremtind/Vilkar_leiebil.pdf"", ""catalog/sources/sparebank1-fremtind/Vilkar_maskinskade.pdf""]","[""catalog/sources/eika-fremtind/IPID_Bil_M05P.pdf"", ""catalog/sources/sparebank1-fremtind/IPID_Bil.pdf"", ""catalog/sources/sparebank1-fremtind/Vilkar_Kasko_Bil.pdf"", ""catalog/sources/sparebank1-fremtind/Vilkar_Minikasko_Bil.pdf"", ""catalog/sources/sparebank1-fremtind/Vilkar_ansvar_bil.pdf"", ""catalog/sources/sparebank1-fremtind/Vilkar_leiebil.pdf"", ""catalog/sources/sparebank1-fremtind/Vilkar_maskinskade.pdf"", ""catalog/sources/vehicle-extensions/eikaforsikring-produktinformasjon.html"", ""catalog/sources/vehicle-extensions/eikaforsikring-vilkar.html"", ""catalog/sources/vehicle-extensions/fremtind-Generelle_vilkar_skadeforsikring.pdf""]",[],Exact component/type checked; no automatic cross-product inheritance,COMPLETE_WITH_RECORDED_GAPS,True,"52 source-first rules, four full levels text-compared and all material exact resolved claims checked. Legacy/channel aliases retained in204scope. No claim of independent channel-specific page freshness: missing archivedSB1/DNBBilpagesqueued. Source review complete for available local package, not gapfree. Conditional assistance rental is distinct from optional component."
"[""sparebank1-fremtind"",""bil"",""ordinary"",""sb1-bil-toppkasko"",""PMO-357.001-004""]",sb1-bil-toppkasko,ordinary,"[""sp1Ansvar"", ""sp1Core"", ""sp1Delkasko"", ""sp1Ipid"", ""sp1Kasko"", ""sp1Leiebil"", ""sp1Maskinskade"", ""sp1Rettshjelp"", ""sp1Toppkasko"", ""sp1Ulykke""]","[""catalog/sources/sparebank1-fremtind/IPID_Bil.pdf"", ""catalog/sources/sparebank1-fremtind/Vilkar_Kasko_Bil.pdf"", ""catalog/sources/sparebank1-fremtind/Vilkar_Minikasko_Bil.pdf"", ""catalog/sources/sparebank1-fremtind/Vilkar_Toppkasko_Bil.pdf"", ""catalog/sources/sparebank1-fremtind/Vilkar_ansvar_bil.pdf"", ""catalog/sources/sparebank1-fremtind/Vilkar_leiebil.pdf"", ""catalog/sources/sparebank1-fremtind/Vilkar_maskinskade.pdf""]","[""catalog/sources/eika-fremtind/IPID_Bil_M05P.pdf"", ""catalog/sources/sparebank1-fremtind/IPID_Bil.pdf"", ""catalog/sources/sparebank1-fremtind/Vilkar_Kasko_Bil.pdf"", ""catalog/sources/sparebank1-fremtind/Vilkar_Minikasko_Bil.pdf"", ""catalog/sources/sparebank1-fremtind/Vilkar_Toppkasko_Bil.pdf"", ""catalog/sources/sparebank1-fremtind/Vilkar_ansvar_bil.pdf"", ""catalog/sources/sparebank1-fremtind/Vilkar_leiebil.pdf"", ""catalog/sources/sparebank1-fremtind/Vilkar_maskinskade.pdf"", ""catalog/sources/vehicle-extensions/eikaforsikring-produktinformasjon.html"", ""catalog/sources/vehicle-extensions/eikaforsikring-vilkar.html"", ""catalog/sources/vehicle-extensions/fremtind-Generelle_vilkar_skadeforsikring.pdf""]",[],Exact component/type checked; no automatic cross-product inheritance,COMPLETE_WITH_RECORDED_GAPS,True,"52 source-first rules, four full levels text-compared and all material exact resolved claims checked. Legacy/channel aliases retained in204scope. No claim of independent channel-specific page freshness: missing archivedSB1/DNBBilpagesqueued. Source review complete for available local package, not gapfree. Conditional assistance rental is distinct from optional component."
"[""dnb-fremtind"",""bil"",""ordinary"",""dnb-bil-ansvar"",""PMO-357.001-004""]",dnb-bil-ansvar,ordinary,"[""sp1Ansvar"", ""sp1Core"", ""sp1Ipid"", ""sp1Rettshjelp"", ""sp1Ulykke""]","[""catalog/sources/sparebank1-fremtind/IPID_Bil.pdf"", ""catalog/sources/sparebank1-fremtind/Vilkar_ansvar_bil.pdf""]","[""catalog/sources/eika-fremtind/IPID_Bil_M05P.pdf"", ""catalog/sources/sparebank1-fremtind/IPID_Bil.pdf"", ""catalog/sources/sparebank1-fremtind/Vilkar_ansvar_bil.pdf"", ""catalog/sources/vehicle-extensions/eikaforsikring-produktinformasjon.html"", ""catalog/sources/vehicle-extensions/eikaforsikring-vilkar.html"", ""catalog/sources/vehicle-extensions/fremtind-Generelle_vilkar_skadeforsikring.pdf""]",[],Exact component/type checked; no automatic cross-product inheritance,COMPLETE_WITH_RECORDED_GAPS,True,"52 source-first rules, four full levels text-compared and all material exact resolved claims checked. Legacy/channel aliases retained in204scope. No claim of independent channel-specific page freshness: missing archivedSB1/DNBBilpagesqueued. Source review complete for available local package, not gapfree. Conditional assistance rental is distinct from optional component."
"[""dnb-fremtind"",""bil"",""ordinary"",""dnb-bil-delkasko"",""PMO-357.001-004""]",dnb-bil-delkasko,ordinary,"[""sp1Ansvar"", ""sp1Core"", ""sp1Delkasko"", ""sp1Ipid"", ""sp1Rettshjelp"", ""sp1Ulykke""]","[""catalog/sources/sparebank1-fremtind/IPID_Bil.pdf"", ""catalog/sources/sparebank1-fremtind/Vilkar_Minikasko_Bil.pdf"", ""catalog/sources/sparebank1-fremtind/Vilkar_ansvar_bil.pdf""]","[""catalog/sources/eika-fremtind/IPID_Bil_M05P.pdf"", ""catalog/sources/sparebank1-fremtind/IPID_Bil.pdf"", ""catalog/sources/sparebank1-fremtind/Vilkar_Minikasko_Bil.pdf"", ""catalog/sources/sparebank1-fremtind/Vilkar_ansvar_bil.pdf"", ""catalog/sources/vehicle-extensions/eikaforsikring-produktinformasjon.html"", ""catalog/sources/vehicle-extensions/eikaforsikring-vilkar.html"", ""catalog/sources/vehicle-extensions/fremtind-Generelle_vilkar_skadeforsikring.pdf""]",[],Exact component/type checked; no automatic cross-product inheritance,COMPLETE_WITH_RECORDED_GAPS,True,"52 source-first rules, four full levels text-compared and all material exact resolved claims checked. Legacy/channel aliases retained in204scope. No claim of independent channel-specific page freshness: missing archivedSB1/DNBBilpagesqueued. Source review complete for available local package, not gapfree. Conditional assistance rental is distinct from optional component."
"[""dnb-fremtind"",""bil"",""ordinary"",""dnb-bil-kasko"",""PMO-357.001-004""]",dnb-bil-kasko,ordinary,"[""sp1Ansvar"", ""sp1Core"", ""sp1Delkasko"", ""sp1Ipid"", ""sp1Kasko"", ""sp1Leiebil"", ""sp1Maskinskade"", ""sp1Rettshjelp"", ""sp1Ulykke""]","[""catalog/sources/sparebank1-fremtind/IPID_Bil.pdf"", ""catalog/sources/sparebank1-fremtind/Vilkar_Kasko_Bil.pdf"", ""catalog/sources/sparebank1-fremtind/Vilkar_Minikasko_Bil.pdf"", ""catalog/sources/sparebank1-fremtind/Vilkar_ansvar_bil.pdf"", ""catalog/sources/sparebank1-fremtind/Vilkar_leiebil.pdf"", ""catalog/sources/sparebank1-fremtind/Vilkar_maskinskade.pdf""]","[""catalog/sources/eika-fremtind/IPID_Bil_M05P.pdf"", ""catalog/sources/sparebank1-fremtind/IPID_Bil.pdf"", ""catalog/sources/sparebank1-fremtind/Vilkar_Kasko_Bil.pdf"", ""catalog/sources/sparebank1-fremtind/Vilkar_Minikasko_Bil.pdf"", ""catalog/sources/sparebank1-fremtind/Vilkar_ansvar_bil.pdf"", ""catalog/sources/sparebank1-fremtind/Vilkar_leiebil.pdf"", ""catalog/sources/sparebank1-fremtind/Vilkar_maskinskade.pdf"", ""catalog/sources/vehicle-extensions/eikaforsikring-produktinformasjon.html"", ""catalog/sources/vehicle-extensions/eikaforsikring-vilkar.html"", ""catalog/sources/vehicle-extensions/fremtind-Generelle_vilkar_skadeforsikring.pdf""]",[],Exact component/type checked; no automatic cross-product inheritance,COMPLETE_WITH_RECORDED_GAPS,True,"52 source-first rules, four full levels text-compared and all material exact resolved claims checked. Legacy/channel aliases retained in204scope. No claim of independent channel-specific page freshness: missing archivedSB1/DNBBilpagesqueued. Source review complete for available local package, not gapfree. Conditional assistance rental is distinct from optional component."
"[""dnb-fremtind"",""bil"",""ordinary"",""dnb-bil-topp"",""PMO-357.001-004""]",dnb-bil-topp,ordinary,"[""sp1Ansvar"", ""sp1Core"", ""sp1Delkasko"", ""sp1Ipid"", ""sp1Kasko"", ""sp1Leiebil"", ""sp1Maskinskade"", ""sp1Rettshjelp"", ""sp1Toppkasko"", ""sp1Ulykke""]","[""catalog/sources/sparebank1-fremtind/IPID_Bil.pdf"", ""catalog/sources/sparebank1-fremtind/Vilkar_Kasko_Bil.pdf"", ""catalog/sources/sparebank1-fremtind/Vilkar_Minikasko_Bil.pdf"", ""catalog/sources/sparebank1-fremtind/Vilkar_Toppkasko_Bil.pdf"", ""catalog/sources/sparebank1-fremtind/Vilkar_ansvar_bil.pdf"", ""catalog/sources/sparebank1-fremtind/Vilkar_leiebil.pdf"", ""catalog/sources/sparebank1-fremtind/Vilkar_maskinskade.pdf""]","[""catalog/sources/eika-fremtind/IPID_Bil_M05P.pdf"", ""catalog/sources/sparebank1-fremtind/IPID_Bil.pdf"", ""catalog/sources/sparebank1-fremtind/Vilkar_Kasko_Bil.pdf"", ""catalog/sources/sparebank1-fremtind/Vilkar_Minikasko_Bil.pdf"", ""catalog/sources/sparebank1-fremtind/Vilkar_Toppkasko_Bil.pdf"", ""catalog/sources/sparebank1-fremtind/Vilkar_ansvar_bil.pdf"", ""catalog/sources/sparebank1-fremtind/Vilkar_leiebil.pdf"", ""catalog/sources/sparebank1-fremtind/Vilkar_maskinskade.pdf"", ""catalog/sources/vehicle-extensions/eikaforsikring-produktinformasjon.html"", ""catalog/sources/vehicle-extensions/eikaforsikring-vilkar.html"", ""catalog/sources/vehicle-extensions/fremtind-Generelle_vilkar_skadeforsikring.pdf""]",[],Exact component/type checked; no automatic cross-product inheritance,COMPLETE_WITH_RECORDED_GAPS,True,"52 source-first rules, four full levels text-compared and all material exact resolved claims checked. Legacy/channel aliases retained in204scope. No claim of independent channel-specific page freshness: missing archivedSB1/DNBBilpagesqueued. Source review complete for available local package, not gapfree. Conditional assistance rental is distinct from optional component."
"[""eika-fremtind"",""bil"",""ordinary"",""eika-bil-ansvar"",""PMO-357.001-004""]",eika-bil-ansvar,ordinary,"[""sp1Ansvar"", ""sp1Core"", ""sp1Ipid"", ""sp1Rettshjelp"", ""sp1Ulykke""]","[""catalog/sources/sparebank1-fremtind/IPID_Bil.pdf"", ""catalog/sources/sparebank1-fremtind/Vilkar_ansvar_bil.pdf""]","[""catalog/sources/eika-fremtind/IPID_Bil_M05P.pdf"", ""catalog/sources/sparebank1-fremtind/IPID_Bil.pdf"", ""catalog/sources/sparebank1-fremtind/Vilkar_ansvar_bil.pdf"", ""catalog/sources/vehicle-extensions/eikaforsikring-produktinformasjon.html"", ""catalog/sources/vehicle-extensions/eikaforsikring-vilkar.html"", ""catalog/sources/vehicle-extensions/fremtind-Generelle_vilkar_skadeforsikring.pdf""]",[],Exact component/type checked; no automatic cross-product inheritance,COMPLETE_WITH_RECORDED_GAPS,True,"52 source-first rules, four full levels text-compared and all material exact resolved claims checked. Legacy/channel aliases retained in204scope. No claim of independent channel-specific page freshness: missing archivedSB1/DNBBilpagesqueued. Source review complete for available local package, not gapfree. Conditional assistance rental is distinct from optional component."
"[""eika-fremtind"",""bil"",""ordinary"",""eika-bil-delkasko"",""PMO-357.001-004""]",eika-bil-delkasko,ordinary,"[""sp1Ansvar"", ""sp1Core"", ""sp1Delkasko"", ""sp1Ipid"", ""sp1Rettshjelp"", ""sp1Ulykke""]","[""catalog/sources/sparebank1-fremtind/IPID_Bil.pdf"", ""catalog/sources/sparebank1-fremtind/Vilkar_Minikasko_Bil.pdf"", ""catalog/sources/sparebank1-fremtind/Vilkar_ansvar_bil.pdf""]","[""catalog/sources/eika-fremtind/IPID_Bil_M05P.pdf"", ""catalog/sources/sparebank1-fremtind/IPID_Bil.pdf"", ""catalog/sources/sparebank1-fremtind/Vilkar_Minikasko_Bil.pdf"", ""catalog/sources/sparebank1-fremtind/Vilkar_ansvar_bil.pdf"", ""catalog/sources/vehicle-extensions/eikaforsikring-produktinformasjon.html"", ""catalog/sources/vehicle-extensions/eikaforsikring-vilkar.html"", ""catalog/sources/vehicle-extensions/fremtind-Generelle_vilkar_skadeforsikring.pdf""]",[],Exact component/type checked; no automatic cross-product inheritance,COMPLETE_WITH_RECORDED_GAPS,True,"52 source-first rules, four full levels text-compared and all material exact resolved claims checked. Legacy/channel aliases retained in204scope. No claim of independent channel-specific page freshness: missing archivedSB1/DNBBilpagesqueued. Source review complete for available local package, not gapfree. Conditional assistance rental is distinct from optional component."
"[""eika-fremtind"",""bil"",""ordinary"",""eika-bil-kasko"",""PMO-357.001-004""]",eika-bil-kasko,ordinary,"[""sp1Ansvar"", ""sp1Core"", ""sp1Delkasko"", ""sp1Ipid"", ""sp1Kasko"", ""sp1Leiebil"", ""sp1Maskinskade"", ""sp1Rettshjelp"", ""sp1Ulykke""]","[""catalog/sources/sparebank1-fremtind/IPID_Bil.pdf"", ""catalog/sources/sparebank1-fremtind/Vilkar_Kasko_Bil.pdf"", ""catalog/sources/sparebank1-fremtind/Vilkar_Minikasko_Bil.pdf"", ""catalog/sources/sparebank1-fremtind/Vilkar_ansvar_bil.pdf"", ""catalog/sources/sparebank1-fremtind/Vilkar_leiebil.pdf"", ""catalog/sources/sparebank1-fremtind/Vilkar_maskinskade.pdf""]","[""catalog/sources/eika-fremtind/IPID_Bil_M05P.pdf"", ""catalog/sources/sparebank1-fremtind/IPID_Bil.pdf"", ""catalog/sources/sparebank1-fremtind/Vilkar_Kasko_Bil.pdf"", ""catalog/sources/sparebank1-fremtind/Vilkar_Minikasko_Bil.pdf"", ""catalog/sources/sparebank1-fremtind/Vilkar_ansvar_bil.pdf"", ""catalog/sources/sparebank1-fremtind/Vilkar_leiebil.pdf"", ""catalog/sources/sparebank1-fremtind/Vilkar_maskinskade.pdf"", ""catalog/sources/vehicle-extensions/eikaforsikring-produktinformasjon.html"", ""catalog/sources/vehicle-extensions/eikaforsikring-vilkar.html"", ""catalog/sources/vehicle-extensions/fremtind-Generelle_vilkar_skadeforsikring.pdf""]",[],Exact component/type checked; no automatic cross-product inheritance,COMPLETE_WITH_RECORDED_GAPS,True,"52 source-first rules, four full levels text-compared and all material exact resolved claims checked. Legacy/channel aliases retained in204scope. No claim of independent channel-specific page freshness: missing archivedSB1/DNBBilpagesqueued. Source review complete for available local package, not gapfree. Conditional assistance rental is distinct from optional component."
"[""eika-fremtind"",""bil"",""ordinary"",""eika-bil-topp"",""PMO-357.001-004""]",eika-bil-topp,ordinary,"[""sp1Ansvar"", ""sp1Core"", ""sp1Delkasko"", ""sp1Ipid"", ""sp1Kasko"", ""sp1Leiebil"", ""sp1Maskinskade"", ""sp1Rettshjelp"", ""sp1Toppkasko"", ""sp1Ulykke""]","[""catalog/sources/sparebank1-fremtind/IPID_Bil.pdf"", ""catalog/sources/sparebank1-fremtind/Vilkar_Kasko_Bil.pdf"", ""catalog/sources/sparebank1-fremtind/Vilkar_Minikasko_Bil.pdf"", ""catalog/sources/sparebank1-fremtind/Vilkar_Toppkasko_Bil.pdf"", ""catalog/sources/sparebank1-fremtind/Vilkar_ansvar_bil.pdf"", ""catalog/sources/sparebank1-fremtind/Vilkar_leiebil.pdf"", ""catalog/sources/sparebank1-fremtind/Vilkar_maskinskade.pdf""]","[""catalog/sources/eika-fremtind/IPID_Bil_M05P.pdf"", ""catalog/sources/sparebank1-fremtind/IPID_Bil.pdf"", ""catalog/sources/sparebank1-fremtind/Vilkar_Kasko_Bil.pdf"", ""catalog/sources/sparebank1-fremtind/Vilkar_Minikasko_Bil.pdf"", ""catalog/sources/sparebank1-fremtind/Vilkar_Toppkasko_Bil.pdf"", ""catalog/sources/sparebank1-fremtind/Vilkar_ansvar_bil.pdf"", ""catalog/sources/sparebank1-fremtind/Vilkar_leiebil.pdf"", ""catalog/sources/sparebank1-fremtind/Vilkar_maskinskade.pdf"", ""catalog/sources/vehicle-extensions/eikaforsikring-produktinformasjon.html"", ""catalog/sources/vehicle-extensions/eikaforsikring-vilkar.html"", ""catalog/sources/vehicle-extensions/fremtind-Generelle_vilkar_skadeforsikring.pdf""]",[],Exact component/type checked; no automatic cross-product inheritance,COMPLETE_WITH_RECORDED_GAPS,True,"52 source-first rules, four full levels text-compared and all material exact resolved claims checked. Legacy/channel aliases retained in204scope. No claim of independent channel-specific page freshness: missing archivedSB1/DNBBilpagesqueued. Source review complete for available local package, not gapfree. Conditional assistance rental is distinct from optional component."
"[""fremtind"",""bil"",""ordinary"",""fremtind-bil-ansvar"",""PMO-357.001-004""]",fremtind-bil-ansvar,ordinary,"[""sp1Ansvar"", ""sp1Core"", ""sp1Ipid"", ""sp1Rettshjelp"", ""sp1Ulykke""]","[""catalog/sources/sparebank1-fremtind/IPID_Bil.pdf"", ""catalog/sources/sparebank1-fremtind/Vilkar_ansvar_bil.pdf""]","[""catalog/sources/eika-fremtind/IPID_Bil_M05P.pdf"", ""catalog/sources/sparebank1-fremtind/IPID_Bil.pdf"", ""catalog/sources/sparebank1-fremtind/Vilkar_ansvar_bil.pdf"", ""catalog/sources/vehicle-extensions/eikaforsikring-produktinformasjon.html"", ""catalog/sources/vehicle-extensions/eikaforsikring-vilkar.html"", ""catalog/sources/vehicle-extensions/fremtind-Generelle_vilkar_skadeforsikring.pdf""]",[],Exact component/type checked; no automatic cross-product inheritance,COMPLETE_WITH_RECORDED_GAPS,True,"52 source-first rules, four full levels text-compared and all material exact resolved claims checked. Legacy/channel aliases retained in204scope. No claim of independent channel-specific page freshness: missing archivedSB1/DNBBilpagesqueued. Source review complete for available local package, not gapfree. Conditional assistance rental is distinct from optional component."
"[""fremtind"",""bil"",""ordinary"",""fremtind-bil-delkasko"",""PMO-357.001-004""]",fremtind-bil-delkasko,ordinary,"[""sp1Ansvar"", ""sp1Core"", ""sp1Delkasko"", ""sp1Ipid"", ""sp1Rettshjelp"", ""sp1Ulykke""]","[""catalog/sources/sparebank1-fremtind/IPID_Bil.pdf"", ""catalog/sources/sparebank1-fremtind/Vilkar_Minikasko_Bil.pdf"", ""catalog/sources/sparebank1-fremtind/Vilkar_ansvar_bil.pdf""]","[""catalog/sources/eika-fremtind/IPID_Bil_M05P.pdf"", ""catalog/sources/sparebank1-fremtind/IPID_Bil.pdf"", ""catalog/sources/sparebank1-fremtind/Vilkar_Minikasko_Bil.pdf"", ""catalog/sources/sparebank1-fremtind/Vilkar_ansvar_bil.pdf"", ""catalog/sources/vehicle-extensions/eikaforsikring-produktinformasjon.html"", ""catalog/sources/vehicle-extensions/eikaforsikring-vilkar.html"", ""catalog/sources/vehicle-extensions/fremtind-Generelle_vilkar_skadeforsikring.pdf""]",[],Exact component/type checked; no automatic cross-product inheritance,COMPLETE_WITH_RECORDED_GAPS,True,"52 source-first rules, four full levels text-compared and all material exact resolved claims checked. Legacy/channel aliases retained in204scope. No claim of independent channel-specific page freshness: missing archivedSB1/DNBBilpagesqueued. Source review complete for available local package, not gapfree. Conditional assistance rental is distinct from optional component."
"[""fremtind"",""bil"",""ordinary"",""fremtind-bil-kasko"",""PMO-357.001-004""]",fremtind-bil-kasko,ordinary,"[""sp1Ansvar"", ""sp1Core"", ""sp1Delkasko"", ""sp1Ipid"", ""sp1Kasko"", ""sp1Leiebil"", ""sp1Maskinskade"", ""sp1Rettshjelp"", ""sp1Ulykke""]","[""catalog/sources/sparebank1-fremtind/IPID_Bil.pdf"", ""catalog/sources/sparebank1-fremtind/Vilkar_Kasko_Bil.pdf"", ""catalog/sources/sparebank1-fremtind/Vilkar_Minikasko_Bil.pdf"", ""catalog/sources/sparebank1-fremtind/Vilkar_ansvar_bil.pdf"", ""catalog/sources/sparebank1-fremtind/Vilkar_leiebil.pdf"", ""catalog/sources/sparebank1-fremtind/Vilkar_maskinskade.pdf""]","[""catalog/sources/eika-fremtind/IPID_Bil_M05P.pdf"", ""catalog/sources/sparebank1-fremtind/IPID_Bil.pdf"", ""catalog/sources/sparebank1-fremtind/Vilkar_Kasko_Bil.pdf"", ""catalog/sources/sparebank1-fremtind/Vilkar_Minikasko_Bil.pdf"", ""catalog/sources/sparebank1-fremtind/Vilkar_ansvar_bil.pdf"", ""catalog/sources/sparebank1-fremtind/Vilkar_leiebil.pdf"", ""catalog/sources/sparebank1-fremtind/Vilkar_maskinskade.pdf"", ""catalog/sources/vehicle-extensions/eikaforsikring-produktinformasjon.html"", ""catalog/sources/vehicle-extensions/eikaforsikring-vilkar.html"", ""catalog/sources/vehicle-extensions/fremtind-Generelle_vilkar_skadeforsikring.pdf""]",[],Exact component/type checked; no automatic cross-product inheritance,COMPLETE_WITH_RECORDED_GAPS,True,"52 source-first rules, four full levels text-compared and all material exact resolved claims checked. Legacy/channel aliases retained in204scope. No claim of independent channel-specific page freshness: missing archivedSB1/DNBBilpagesqueued. Source review complete for available local package, not gapfree. Conditional assistance rental is distinct from optional component."
"[""fremtind"",""bil"",""ordinary"",""fremtind-bil-topp"",""PMO-357.001-004""]",fremtind-bil-topp,ordinary,"[""sp1Ansvar"", ""sp1Core"", ""sp1Delkasko"", ""sp1Ipid"", ""sp1Kasko"", ""sp1Leiebil"", ""sp1Maskinskade"", ""sp1Rettshjelp"", ""sp1Toppkasko"", ""sp1Ulykke""]","[""catalog/sources/sparebank1-fremtind/IPID_Bil.pdf"", ""catalog/sources/sparebank1-fremtind/Vilkar_Kasko_Bil.pdf"", ""catalog/sources/sparebank1-fremtind/Vilkar_Minikasko_Bil.pdf"", ""catalog/sources/sparebank1-fremtind/Vilkar_Toppkasko_Bil.pdf"", ""catalog/sources/sparebank1-fremtind/Vilkar_ansvar_bil.pdf"", ""catalog/sources/sparebank1-fremtind/Vilkar_leiebil.pdf"", ""catalog/sources/sparebank1-fremtind/Vilkar_maskinskade.pdf""]","[""catalog/sources/eika-fremtind/IPID_Bil_M05P.pdf"", ""catalog/sources/sparebank1-fremtind/IPID_Bil.pdf"", ""catalog/sources/sparebank1-fremtind/Vilkar_Kasko_Bil.pdf"", ""catalog/sources/sparebank1-fremtind/Vilkar_Minikasko_Bil.pdf"", ""catalog/sources/sparebank1-fremtind/Vilkar_Toppkasko_Bil.pdf"", ""catalog/sources/sparebank1-fremtind/Vilkar_ansvar_bil.pdf"", ""catalog/sources/sparebank1-fremtind/Vilkar_leiebil.pdf"", ""catalog/sources/sparebank1-fremtind/Vilkar_maskinskade.pdf"", ""catalog/sources/vehicle-extensions/eikaforsikring-produktinformasjon.html"", ""catalog/sources/vehicle-extensions/eikaforsikring-vilkar.html"", ""catalog/sources/vehicle-extensions/fremtind-Generelle_vilkar_skadeforsikring.pdf""]",[],Exact component/type checked; no automatic cross-product inheritance,COMPLETE_WITH_RECORDED_GAPS,True,"52 source-first rules, four full levels text-compared and all material exact resolved claims checked. Legacy/channel aliases retained in204scope. No claim of independent channel-specific page freshness: missing archivedSB1/DNBBilpagesqueued. Source review complete for available local package, not gapfree. Conditional assistance rental is distinct from optional component."
"[""frende"",""bil"",""ordinary"",""frende-bil-ansvar"",""2026-01-01""]",frende-bil-ansvar,ordinary,"[""frendeAnsvar"", ""frendeIpid""]","[""catalog/sources/frende/IPID_Personbil.pdf"", ""catalog/sources/frende/Vilkar_kjoretoyforsikring.pdf""]","[""catalog/sources/frende/Vilkar_kjoretoyforsikring.pdf"", ""catalog/sources/frende/IPID_Personbil.pdf"", ""catalog/sources/frende/Generelle_vilkar-01012026.pdf""]",[],Exact component/type checked; no automatic cross-product inheritance,COMPLETE_WITH_RECORDED_GAPS,True,"All15terms+2IPID+4generalpages read,61sourcefirstrules filteredbyBil/exactlevel. Reverse allclaims checked; parking unsupported confirmed. Remaining: accidentselected/default scopeIPIDvsbevis, machineageinternalwording, exactnewvalueageboundary. No sourcefreshness claim. FOLLOW-UP: §3–5,§9.1/9.3/11.11 exact local wording rechecked. Age cutoff disagreement is genuine internal source conflict; no cutoff invented. Accident purchase status remains bevis-conditioned and IPID heading does not prove default inclusion. Source-location mismatch for leased machine exclusion recorded. Local61-rule and reverse review closed, SC012 explicitly research-gated."
"[""frende"",""bil"",""ordinary"",""frende-bil-delkasko"",""2026-01-01""]",frende-bil-delkasko,ordinary,"[""frendeAnsvar"", ""frendeDelkasko"", ""frendeIpid""]","[""catalog/sources/frende/IPID_Personbil.pdf"", ""catalog/sources/frende/Vilkar_kjoretoyforsikring.pdf""]","[""catalog/sources/frende/Vilkar_kjoretoyforsikring.pdf"", ""catalog/sources/frende/IPID_Personbil.pdf"", ""catalog/sources/frende/Generelle_vilkar-01012026.pdf""]",[],Exact component/type checked; no automatic cross-product inheritance,COMPLETE_WITH_RECORDED_GAPS,True,"All15terms+2IPID+4generalpages read,61sourcefirstrules filteredbyBil/exactlevel. Reverse allclaims checked; parking unsupported confirmed. Remaining: accidentselected/default scopeIPIDvsbevis, machineageinternalwording, exactnewvalueageboundary. No sourcefreshness claim. FOLLOW-UP: §3–5,§9.1/9.3/11.11 exact local wording rechecked. Age cutoff disagreement is genuine internal source conflict; no cutoff invented. Accident purchase status remains bevis-conditioned and IPID heading does not prove default inclusion. Source-location mismatch for leased machine exclusion recorded. Local61-rule and reverse review closed, SC012 explicitly research-gated."
"[""frende"",""bil"",""ordinary"",""frende-bil-kasko"",""2026-01-01""]",frende-bil-kasko,ordinary,"[""frendeAnsvar"", ""frendeDelkasko"", ""frendeIpid"", ""frendeKasko"", ""frendeLeiebil"", ""frendeMaskinskade""]","[""catalog/sources/frende/IPID_Personbil.pdf"", ""catalog/sources/frende/Vilkar_kjoretoyforsikring.pdf""]","[""catalog/sources/frende/Vilkar_kjoretoyforsikring.pdf"", ""catalog/sources/frende/IPID_Personbil.pdf"", ""catalog/sources/frende/Generelle_vilkar-01012026.pdf""]",[],Exact component/type checked; no automatic cross-product inheritance,COMPLETE_WITH_RECORDED_GAPS,True,"All15terms+2IPID+4generalpages read,61sourcefirstrules filteredbyBil/exactlevel. Reverse allclaims checked; parking unsupported confirmed. Remaining: accidentselected/default scopeIPIDvsbevis, machineageinternalwording, exactnewvalueageboundary. No sourcefreshness claim. FOLLOW-UP: §3–5,§9.1/9.3/11.11 exact local wording rechecked. Age cutoff disagreement is genuine internal source conflict; no cutoff invented. Accident purchase status remains bevis-conditioned and IPID heading does not prove default inclusion. Source-location mismatch for leased machine exclusion recorded. Local61-rule and reverse review closed, SC012 explicitly research-gated."
"[""frende"",""bil"",""ordinary"",""frende-bil-utvidet"",""2026-01-01""]",frende-bil-utvidet,ordinary,"[""frendeAnsvar"", ""frendeDelkasko"", ""frendeIpid"", ""frendeKasko"", ""frendeLeiebil"", ""frendeMaskinskade"", ""frendeUtvidet""]","[""catalog/sources/frende/IPID_Personbil.pdf"", ""catalog/sources/frende/Vilkar_kjoretoyforsikring.pdf""]","[""catalog/sources/frende/Vilkar_kjoretoyforsikring.pdf"", ""catalog/sources/frende/IPID_Personbil.pdf"", ""catalog/sources/frende/Generelle_vilkar-01012026.pdf""]",[],Exact component/type checked; no automatic cross-product inheritance,COMPLETE_WITH_RECORDED_GAPS,True,"All15terms+2IPID+4generalpages read,61sourcefirstrules filteredbyBil/exactlevel. Reverse allclaims checked; parking unsupported confirmed. Remaining: accidentselected/default scopeIPIDvsbevis, machineageinternalwording, exactnewvalueageboundary. No sourcefreshness claim. FOLLOW-UP: §3–5,§9.1/9.3/11.11 exact local wording rechecked. Age cutoff disagreement is genuine internal source conflict; no cutoff invented. Accident purchase status remains bevis-conditioned and IPID heading does not prove default inclusion. Source-location mismatch for leased machine exclusion recorded. Local61-rule and reverse review closed, SC012 explicitly research-gated."
"[""tryg"",""innbo"",""ordinary"",""tryg-innbo"",""2026-07-01""]",tryg-innbo,ordinary,"[""trygInnbo"", ""trygInnboLegal"", ""trygInnboNatural"", ""trygInnboProduct"", ""trygInnboSafety"", ""trygInnboUtleie""]","[""catalog/sources/tryg/innbo/Innbo_og_losore_PPK13301.pdf"", ""catalog/sources/tryg/innbo/Naturskade_PGE90010.pdf"", ""catalog/sources/tryg/innbo/Produktvilkar_PPK13300.pdf"", ""catalog/sources/tryg/innbo/Rettshjelp_PGE91500.pdf"", ""catalog/sources/tryg/innbo/Sikkerhetsforskrifter_PF133.pdf"", ""catalog/sources/tryg/innbo/Utleie_PPK13306.pdf""]","[""catalog/sources/tryg/innbo/Generelle_vilkar_PGE91000.pdf"", ""catalog/sources/tryg/innbo/IPID_Innbo.pdf"", ""catalog/sources/tryg/innbo/Innbo_og_losore_Ekstra_PPK13302.pdf"", ""catalog/sources/tryg/innbo/Innbo_og_losore_PPK13301.pdf"", ""catalog/sources/tryg/innbo/Naturskade_PGE90010.pdf"", ""catalog/sources/tryg/innbo/Privatansvar_PGE90020.pdf"", ""catalog/sources/tryg/innbo/Produktvilkar_PPK13300.pdf"", ""catalog/sources/tryg/innbo/Rettshjelp_PGE91500.pdf"", ""catalog/sources/tryg/innbo/Sikkerhetsforskrifter_PF133.pdf"", ""catalog/sources/tryg/innbo/Utleie_PPK13306.pdf""]",[],Exact component/type checked; no automatic cross-product inheritance,COMPLETE_WITH_RECORDED_GAPS,True,48 independent source-first rules + SF0218–0227 reused. Ten-source local package closed; future PGE90020 date not misclassified. Exact Extra full terms prevent inherited 15k limit and theft→transport broadening. Optional utleie remains optional. IPID conflict recorded.
"[""tryg"",""innbo"",""ordinary"",""tryg-innbo-ekstra"",""2026-07-01""]",tryg-innbo-ekstra,ordinary,"[""trygInnbo"", ""trygInnboExtra"", ""trygInnboLegal"", ""trygInnboNatural"", ""trygInnboProduct"", ""trygInnboSafety"", ""trygInnboUtleie""]","[""catalog/sources/tryg/innbo/Innbo_og_losore_Ekstra_PPK13302.pdf"", ""catalog/sources/tryg/innbo/Innbo_og_losore_PPK13301.pdf"", ""catalog/sources/tryg/innbo/Naturskade_PGE90010.pdf"", ""catalog/sources/tryg/innbo/Produktvilkar_PPK13300.pdf"", ""catalog/sources/tryg/innbo/Rettshjelp_PGE91500.pdf"", ""catalog/sources/tryg/innbo/Sikkerhetsforskrifter_PF133.pdf"", ""catalog/sources/tryg/innbo/Utleie_PPK13306.pdf""]","[""catalog/sources/tryg/innbo/Generelle_vilkar_PGE91000.pdf"", ""catalog/sources/tryg/innbo/IPID_Innbo.pdf"", ""catalog/sources/tryg/innbo/Innbo_og_losore_Ekstra_PPK13302.pdf"", ""catalog/sources/tryg/innbo/Innbo_og_losore_PPK13301.pdf"", ""catalog/sources/tryg/innbo/Naturskade_PGE90010.pdf"", ""catalog/sources/tryg/innbo/Privatansvar_PGE90020.pdf"", ""catalog/sources/tryg/innbo/Produktvilkar_PPK13300.pdf"", ""catalog/sources/tryg/innbo/Rettshjelp_PGE91500.pdf"", ""catalog/sources/tryg/innbo/Sikkerhetsforskrifter_PF133.pdf"", ""catalog/sources/tryg/innbo/Utleie_PPK13306.pdf""]",[],Exact component/type checked; no automatic cross-product inheritance,COMPLETE_WITH_RECORDED_GAPS,True,48 independent source-first rules + SF0218–0227 reused. Ten-source local package closed; future PGE90020 date not misclassified. Exact Extra full terms prevent inherited 15k limit and theft→transport broadening. Optional utleie remains optional. IPID conflict recorded.
"[""if"",""innbo"",""ordinary"",""if-innbo-basis"",""IBO2-1""]",if-innbo-basis,ordinary,"[""ifInnboBasis"", ""ifInnboLiability"", ""ifInnboShared"", ""ifInnboTerms""]","[""catalog/sources/if/innbo/If_Ansvar_Rettshjelp_SV006.pdf"", ""catalog/sources/if/innbo/If_Innboforsikring_IBO2-1.pdf""]","[""catalog/sources/if/innbo/If_Innboforsikring_IBO2-1.pdf"", ""catalog/sources/if/innbo/If_Ansvar_Rettshjelp_SV006.pdf"", ""catalog/sources/if/innbo/If_Generelle_vilkar_GEN2-9.pdf"", ""catalog/sources/if/innbo/If_IPID_Innboforsikring.pdf""]",[],Exact component/type checked; no automatic cross-product inheritance,COMPLETE_WITH_RECORDED_GAPS,True,"67-rule independent inventory, fullIBO18pages,SV0064pages,IPID2pages and applicable GEN read. All exact32/54/62claims checked. Basis typography does not independently prove reduced upper naturskade deductible; unsafe4000inference rejected. No actual addon IDs; IPID extra-bike/value/Superguarantee package gaps recorded. No freshness assertion."
"[""if"",""innbo"",""ordinary"",""if-innbo-utvidet"",""IBO2-1""]",if-innbo-utvidet,ordinary,"[""ifInnboBasis"", ""ifInnboLiability"", ""ifInnboShared"", ""ifInnboTerms"", ""ifInnboUtvidet""]","[""catalog/sources/if/innbo/If_Ansvar_Rettshjelp_SV006.pdf"", ""catalog/sources/if/innbo/If_Innboforsikring_IBO2-1.pdf""]","[""catalog/sources/if/innbo/If_Innboforsikring_IBO2-1.pdf"", ""catalog/sources/if/innbo/If_Ansvar_Rettshjelp_SV006.pdf"", ""catalog/sources/if/innbo/If_Generelle_vilkar_GEN2-9.pdf"", ""catalog/sources/if/innbo/If_IPID_Innboforsikring.pdf""]",[],Exact component/type checked; no automatic cross-product inheritance,COMPLETE_WITH_RECORDED_GAPS,True,"67-rule independent inventory, fullIBO18pages,SV0064pages,IPID2pages and applicable GEN read. All exact32/54/62claims checked. Basis typography does not independently prove reduced upper naturskade deductible; unsafe4000inference rejected. No actual addon IDs; IPID extra-bike/value/Superguarantee package gaps recorded. No freshness assertion."
"[""if"",""innbo"",""ordinary"",""if-innbo-super"",""IBO2-1""]",if-innbo-super,ordinary,"[""ifInnboBasis"", ""ifInnboIpid"", ""ifInnboLiability"", ""ifInnboShared"", ""ifInnboSuper"", ""ifInnboTerms"", ""ifInnboUtvidet""]","[""catalog/sources/if/innbo/If_Ansvar_Rettshjelp_SV006.pdf"", ""catalog/sources/if/innbo/If_IPID_Innboforsikring.pdf"", ""catalog/sources/if/innbo/If_Innboforsikring_IBO2-1.pdf""]","[""catalog/sources/if/innbo/If_Innboforsikring_IBO2-1.pdf"", ""catalog/sources/if/innbo/If_Ansvar_Rettshjelp_SV006.pdf"", ""catalog/sources/if/innbo/If_Generelle_vilkar_GEN2-9.pdf"", ""catalog/sources/if/innbo/If_IPID_Innboforsikring.pdf""]",[],Exact component/type checked; no automatic cross-product inheritance,COMPLETE_WITH_RECORDED_GAPS,True,"67-rule independent inventory, fullIBO18pages,SV0064pages,IPID2pages and applicable GEN read. All exact32/54/62claims checked. Basis typography does not independently prove reduced upper naturskade deductible; unsafe4000inference rejected. No actual addon IDs; IPID extra-bike/value/Superguarantee package gaps recorded. No freshness assertion."
"[""gjensidige"",""innbo"",""ordinary"",""gj-innbo"",null]",gj-innbo,ordinary,"[""gjInnboIpid"", ""gjInnboShared"", ""gjInnboStandard""]","[""catalog/sources/gjensidige/innbo/Gjensidige_IPID_Innbo_EAP02.pdf"", ""catalog/sources/gjensidige/innbo/Gjensidige_Innbo_Standard_alminnelige_vilkar.pdf""]","[""catalog/sources/gjensidige/innbo/Gjensidige_Innbo_Standard_alminnelige_vilkar.pdf"", ""catalog/sources/gjensidige/innbo/Gjensidige_IPID_Innbo_EAP02.pdf""]",[],Exact component/type checked; no automatic cross-product inheritance,COMPLETE_WITH_RECORDED_GAPS,True,"All material source sections and71rule independent inventory checked, every resolved catalog claim reverse reviewed; inherited scope/page problems and exact-field errors recorded. Crypto/HTU conflicts and missing service/option detail explicitly kept unresolved. Complete review, not gap-free product."
"[""gjensidige"",""innbo"",""ordinary"",""gj-innbo-pluss"",null]",gj-innbo-pluss,ordinary,"[""gjInnboIpid"", ""gjInnboPlus"", ""gjInnboShared"", ""gjInnboStandard"", ""gjInnboSykkelUtvidelse"", ""gjInnboUtleie""]","[""catalog/sources/gjensidige/innbo/Gjensidige_IPID_Innbo_EAP02.pdf"", ""catalog/sources/gjensidige/innbo/Gjensidige_Innbo_Pluss_alminnelige_vilkar.pdf"", ""catalog/sources/gjensidige/innbo/Gjensidige_Innbo_Standard_alminnelige_vilkar.pdf""]","[""catalog/sources/gjensidige/innbo/Gjensidige_Innbo_Pluss_alminnelige_vilkar.pdf"", ""catalog/sources/gjensidige/innbo/Gjensidige_IPID_Innbo_EAP02.pdf""]",[],Exact component/type checked; no automatic cross-product inheritance,COMPLETE_WITH_RECORDED_GAPS,True,"All material source sections and71rule independent inventory checked, every resolved catalog claim reverse reviewed; inherited scope/page problems and exact-field errors recorded. Crypto/HTU conflicts and missing service/option detail explicitly kept unresolved. Complete review, not gap-free product."
"[""storebrand"",""innbo"",""ordinary"",""sb-innbo-standard"",""innbo09""]",sb-innbo-standard,ordinary,"[""sbInnboStandard""]","[""catalog/sources/storebrand/innbo/Storebrand_Innbo_innbo09.pdf""]","[""catalog/sources/storebrand/innbo/Storebrand_Innbo_innbo09.pdf"", ""catalog/sources/storebrand/innbo/Storebrand_IPID_Innboforsikring.pdf"", ""catalog/sources/storebrand/innbo/Storebrand_Generelle_gener07.pdf""]",[],Exact component/type checked; no automatic cross-product inheritance,COMPLETE_WITH_RECORDED_GAPS,True,"Full30page innbo09,2pageIPID,gener07shared11pages checked.72uniquecompleteclaims reviewed;81independent rules. Mainordinaryhome dimensions closed including gap inventory; conditional hytteinnbo applicability remains unresolved, thus conservatively PARTIAL. No active onlinefreshness claim. FOLLOW-UP: B1/B2/B4.9 and cover rechecked. Conditional holiday-home replacement is known source truth but exact catalog product context is unresolved; retained SOURCE_AMBIGUOUS with separate applicability research requirement. All other81rules/reverseclaims already completed. Local review closure is not assertion of holiday-home applicability."
"[""storebrand"",""innbo"",""ordinary"",""sb-innbo-super"",""innbo09""]",sb-innbo-super,ordinary,"[""sbInnboStandard"", ""sbInnboSuper""]","[""catalog/sources/storebrand/innbo/Storebrand_Innbo_innbo09.pdf""]","[""catalog/sources/storebrand/innbo/Storebrand_Innbo_innbo09.pdf"", ""catalog/sources/storebrand/innbo/Storebrand_IPID_Innboforsikring.pdf"", ""catalog/sources/storebrand/innbo/Storebrand_Generelle_gener07.pdf""]",[],Exact component/type checked; no automatic cross-product inheritance,COMPLETE_WITH_RECORDED_GAPS,True,"Full30page innbo09,2pageIPID,gener07shared11pages checked.72uniquecompleteclaims reviewed;81independent rules. Mainordinaryhome dimensions closed including gap inventory; conditional hytteinnbo applicability remains unresolved, thus conservatively PARTIAL. No active onlinefreshness claim. FOLLOW-UP: B1/B2/B4.9 and cover rechecked. Conditional holiday-home replacement is known source truth but exact catalog product context is unresolved; retained SOURCE_AMBIGUOUS with separate applicability research requirement. All other81rules/reverseclaims already completed. Local review closure is not assertion of holiday-home applicability."
"[""fremtind"",""innbo"",""ordinary"",""fremtind-innbo-standard"",""2025-01-01""]",fremtind-innbo-standard,ordinary,"[""fremtindInnboStandard""]","[""catalog/sources/fremtind/innbo/canonical/Vilkar_Standard_Innbo.pdf""]","[""catalog/sources/fremtind/innbo/canonical/IPID_Innbo.pdf"", ""catalog/sources/fremtind/innbo/canonical/Vilkar_Standard_Innbo.pdf"", ""catalog/sources/fremtind/innbo/canonical/Vilkar_Topp_Innbo.pdf""]",[],Exact component/type checked; no automatic cross-product inheritance,COMPLETE_WITH_RECORDED_GAPS,True,"50source-first rules, both independent full levels andIPIDread. Sevenrowdepreciationtablechecked. Source/legal/natureexclusionsandfixedsumpositivecontrols preserved. Toppwaterextensionomittedbyinheritedtext,4.10uhellnotdefaultboolean. Noaddonsregistered;customerhigherobjectsumoptionalreadyexpressedexceptvinomission. Localchannelwebcopiesabsent;notproofidenticalchannelproducts."
"[""fremtind"",""innbo"",""ordinary"",""fremtind-innbo-topp"",""2025-01-01""]",fremtind-innbo-topp,ordinary,"[""fremtindInnboStandard"", ""fremtindInnboTopp""]","[""catalog/sources/fremtind/innbo/canonical/Vilkar_Standard_Innbo.pdf"", ""catalog/sources/fremtind/innbo/canonical/Vilkar_Topp_Innbo.pdf""]","[""catalog/sources/fremtind/innbo/canonical/IPID_Innbo.pdf"", ""catalog/sources/fremtind/innbo/canonical/Vilkar_Standard_Innbo.pdf"", ""catalog/sources/fremtind/innbo/canonical/Vilkar_Topp_Innbo.pdf""]",[],Exact component/type checked; no automatic cross-product inheritance,COMPLETE_WITH_RECORDED_GAPS,True,"50source-first rules, both independent full levels andIPIDread. Sevenrowdepreciationtablechecked. Source/legal/natureexclusionsandfixedsumpositivecontrols preserved. Toppwaterextensionomittedbyinheritedtext,4.10uhellnotdefaultboolean. Noaddonsregistered;customerhigherobjectsumoptionalreadyexpressedexceptvinomission. Localchannelwebcopiesabsent;notproofidenticalchannelproducts."
"[""frende"",""innbo"",""ordinary"",""frende-innbo-standard"",""2026-09-01""]",frende-innbo-standard,ordinary,"[""frendeInnboStandard"", ""frendeInnboUhell""]","[""catalog/sources/frende/innbo/Vilkar_innboforsikring_01092026.pdf""]","[""catalog/sources/frende/innbo/Vilkar_innboforsikring_01092026.pdf"", ""catalog/sources/frende/innbo/IPID_Innbo.pdf"", ""catalog/sources/frende/innbo/Generelle_vilkar-01012026.pdf""]",[],Exact component/type checked; no automatic cross-product inheritance,COMPLETE_WITH_RECORDED_GAPS,True,"Full14-page terms,2-pageIPID and4-pagegeneral read;47source-first rules plus3independent sub-concepts. 61/63claims have reverse support. Need close source wording in legal cover (buildingowner vs residential policy), and geographic law-reference for naturskade; no web research permitted. No guessed closure. Uhell itself closed with recorded dated source conflict; base product remains partial. FOLLOW-UP LOCAL CLOSURE: Naturskade Norway claim relies on referenced law unavailable as applicable local legal text; no neighboring Hus rule imported. §9 introduction covers owner/tenant but9.1 narrows to building owner; local full wording does not safely resolve broad legal scope. Complete independent material inventory/catalog pass/reverse claims already performed. Remaining uncertainty disposition is SOURCE_RESEARCH_REQUIRED; no claim source conflicts resolved or affirmative coverage invented."
"[""tryg"",""bolig"",""ordinary"",""tryg-hus"",""2026-01-01""]",tryg-hus,ordinary,"[""trygHus"", ""trygHusGeneral"", ""trygHusIpid"", ""trygHusLegal"", ""trygHusNatural"", ""trygHusProduct"", ""trygHusRental"", ""trygHusRentalSafety"", ""trygHusRot"", ""trygHusRotProduct"", ""trygHusRotSafety"", ""trygHusSafety""]","[""catalog/sources/tryg/hus/05000PF115.pdf"", ""catalog/sources/tryg/hus/05000PF121.pdf"", ""catalog/sources/tryg/hus/05000PF405.pdf"", ""catalog/sources/tryg/hus/05PGE90010.pdf"", ""catalog/sources/tryg/hus/05PGE91000.pdf"", ""catalog/sources/tryg/hus/05PGE91500.pdf"", ""catalog/sources/tryg/hus/05PPK11500.pdf"", ""catalog/sources/tryg/hus/05PPK11501.pdf"", ""catalog/sources/tryg/hus/05PPK11506.pdf"", ""catalog/sources/tryg/hus/05PPK40501.pdf"", ""catalog/sources/tryg/hus/05PPK40502.pdf"", ""catalog/sources/tryg/hus/IPID-Hus.pdf""]","[""catalog/sources/tryg/hus/05000PF115.pdf"", ""catalog/sources/tryg/hus/05000PF118.pdf"", ""catalog/sources/tryg/hus/05000PF121.pdf"", ""catalog/sources/tryg/hus/05000PF405.pdf"", ""catalog/sources/tryg/hus/05PGE90010.pdf"", ""catalog/sources/tryg/hus/05PGE90020.pdf"", ""catalog/sources/tryg/hus/05PGE91000.pdf"", ""catalog/sources/tryg/hus/05PGE91500.pdf"", ""catalog/sources/tryg/hus/05PPK11500.pdf"", ""catalog/sources/tryg/hus/05PPK11501.pdf"", ""catalog/sources/tryg/hus/05PPK11502.pdf"", ""catalog/sources/tryg/hus/05PPK11503.pdf"", ""catalog/sources/tryg/hus/05PPK11506.pdf"", ""catalog/sources/tryg/hus/05PPK40501.pdf"", ""catalog/sources/tryg/hus/05PPK40502.pdf"", ""catalog/sources/tryg/hus/IPID-Hus.pdf""]",[],Exact component/type checked; no automatic cross-product inheritance,COMPLETE_WITH_RECORDED_GAPS,True,"65source-firstrules. Detail-rich positive control: all numerical core claims, fulllevel alternative composition, twooptionaladdons, age tables and source date gates checked. 11503 construction annex accounted source-only; not a missing active catalog product. Recorded fewP2 omissions only; no newverifiedunknown."
"[""tryg"",""bolig"",""ordinary"",""tryg-hus-ekstra"",""2026-01-01""]",tryg-hus-ekstra,ordinary,"[""trygHusExtra"", ""trygHusGeneral"", ""trygHusIpid"", ""trygHusLegal"", ""trygHusNatural"", ""trygHusProduct"", ""trygHusRental"", ""trygHusRentalSafety"", ""trygHusRot"", ""trygHusRotProduct"", ""trygHusRotSafety"", ""trygHusSafety""]","[""catalog/sources/tryg/hus/05000PF115.pdf"", ""catalog/sources/tryg/hus/05000PF121.pdf"", ""catalog/sources/tryg/hus/05000PF405.pdf"", ""catalog/sources/tryg/hus/05PGE90010.pdf"", ""catalog/sources/tryg/hus/05PGE91000.pdf"", ""catalog/sources/tryg/hus/05PGE91500.pdf"", ""catalog/sources/tryg/hus/05PPK11500.pdf"", ""catalog/sources/tryg/hus/05PPK11502.pdf"", ""catalog/sources/tryg/hus/05PPK11506.pdf"", ""catalog/sources/tryg/hus/05PPK40501.pdf"", ""catalog/sources/tryg/hus/05PPK40502.pdf"", ""catalog/sources/tryg/hus/IPID-Hus.pdf""]","[""catalog/sources/tryg/hus/05000PF115.pdf"", ""catalog/sources/tryg/hus/05000PF118.pdf"", ""catalog/sources/tryg/hus/05000PF121.pdf"", ""catalog/sources/tryg/hus/05000PF405.pdf"", ""catalog/sources/tryg/hus/05PGE90010.pdf"", ""catalog/sources/tryg/hus/05PGE90020.pdf"", ""catalog/sources/tryg/hus/05PGE91000.pdf"", ""catalog/sources/tryg/hus/05PGE91500.pdf"", ""catalog/sources/tryg/hus/05PPK11500.pdf"", ""catalog/sources/tryg/hus/05PPK11501.pdf"", ""catalog/sources/tryg/hus/05PPK11502.pdf"", ""catalog/sources/tryg/hus/05PPK11503.pdf"", ""catalog/sources/tryg/hus/05PPK11506.pdf"", ""catalog/sources/tryg/hus/05PPK40501.pdf"", ""catalog/sources/tryg/hus/05PPK40502.pdf"", ""catalog/sources/tryg/hus/IPID-Hus.pdf""]",[],Exact component/type checked; no automatic cross-product inheritance,COMPLETE_WITH_RECORDED_GAPS,True,"65source-firstrules. Detail-rich positive control: all numerical core claims, fulllevel alternative composition, twooptionaladdons, age tables and source date gates checked. 11503 construction annex accounted source-only; not a missing active catalog product. Recorded fewP2 omissions only; no newverifiedunknown."
"[""if"",""bolig"",""ordinary"",""if-hus-basis"",""2023-09""]",if-hus-basis,ordinary,"[""ifHusGeneral"", ""ifHusIpid"", ""ifHusLiability"", ""ifHusProductPage"", ""ifHusTerms""]","[""catalog/sources/if/hus/Bygningsforsikring.pdf"", ""catalog/sources/if/hus/Generelle-vilkar-privat.pdf"", ""catalog/sources/if/hus/Husforsikring-produktside.html"", ""catalog/sources/if/hus/IPID-Husforsikring.pdf"", ""catalog/sources/if/hus/Rettshjelp-og-ansvarsforsikring.pdf""]","[""catalog/sources/if/hus/Bygningsforsikring.pdf"", ""catalog/sources/if/hus/Rettshjelp-og-ansvarsforsikring.pdf"", ""catalog/sources/if/hus/Generelle-vilkar-privat.pdf"", ""catalog/sources/if/hus/Husforsikring-produktside.html"", ""catalog/sources/if/hus/IPID-Husforsikring.pdf""]",[],Exact component/type checked; no automatic cross-product inheritance,COMPLETE_WITH_RECORDED_GAPS,True,"79-rule source-first inventory, full local BGN25/SV0064/IPID2/HTML reviewed. Rich existing numerical controls retained. Material gaps enumerated. General2020health-containing artifact applicability and IPIDlevelnames unresolved, expressly recorded. No fullgarantee/alarmrules inferred from marketing. No onlinefreshness claim."
"[""if"",""bolig"",""ordinary"",""if-hus-utvidet"",""2023-09""]",if-hus-utvidet,ordinary,"[""ifHusGeneral"", ""ifHusIpid"", ""ifHusLiability"", ""ifHusProductPage"", ""ifHusTerms""]","[""catalog/sources/if/hus/Bygningsforsikring.pdf"", ""catalog/sources/if/hus/Generelle-vilkar-privat.pdf"", ""catalog/sources/if/hus/Husforsikring-produktside.html"", ""catalog/sources/if/hus/IPID-Husforsikring.pdf"", ""catalog/sources/if/hus/Rettshjelp-og-ansvarsforsikring.pdf""]","[""catalog/sources/if/hus/Bygningsforsikring.pdf"", ""catalog/sources/if/hus/Rettshjelp-og-ansvarsforsikring.pdf"", ""catalog/sources/if/hus/Generelle-vilkar-privat.pdf"", ""catalog/sources/if/hus/Husforsikring-produktside.html"", ""catalog/sources/if/hus/IPID-Husforsikring.pdf""]",[],Exact component/type checked; no automatic cross-product inheritance,COMPLETE_WITH_RECORDED_GAPS,True,"79-rule source-first inventory, full local BGN25/SV0064/IPID2/HTML reviewed. Rich existing numerical controls retained. Material gaps enumerated. General2020health-containing artifact applicability and IPIDlevelnames unresolved, expressly recorded. No fullgarantee/alarmrules inferred from marketing. No onlinefreshness claim."
"[""if"",""bolig"",""ordinary"",""if-hus-super"",""2023-09""]",if-hus-super,ordinary,"[""ifHusGeneral"", ""ifHusIpid"", ""ifHusLiability"", ""ifHusProductPage"", ""ifHusTerms""]","[""catalog/sources/if/hus/Bygningsforsikring.pdf"", ""catalog/sources/if/hus/Generelle-vilkar-privat.pdf"", ""catalog/sources/if/hus/Husforsikring-produktside.html"", ""catalog/sources/if/hus/IPID-Husforsikring.pdf"", ""catalog/sources/if/hus/Rettshjelp-og-ansvarsforsikring.pdf""]","[""catalog/sources/if/hus/Bygningsforsikring.pdf"", ""catalog/sources/if/hus/Rettshjelp-og-ansvarsforsikring.pdf"", ""catalog/sources/if/hus/Generelle-vilkar-privat.pdf"", ""catalog/sources/if/hus/Husforsikring-produktside.html"", ""catalog/sources/if/hus/IPID-Husforsikring.pdf""]",[],Exact component/type checked; no automatic cross-product inheritance,COMPLETE_WITH_RECORDED_GAPS,True,"79-rule source-first inventory, full local BGN25/SV0064/IPID2/HTML reviewed. Rich existing numerical controls retained. Material gaps enumerated. General2020health-containing artifact applicability and IPIDlevelnames unresolved, expressly recorded. No fullgarantee/alarmrules inferred from marketing. No onlinefreshness claim."
"[""storebrand"",""bolig"",""ordinary"",""storebrand-hus-standard"",""2025-08-15""]",storebrand-hus-standard,ordinary,"[""storebrandHusGeneral"", ""storebrandHusIpid"", ""storebrandHusProduct"", ""storebrandHusRental"", ""storebrandHusTerms""]","[""catalog/sources/storebrand/hus/Generelle-vilkar-GENER07.pdf"", ""catalog/sources/storebrand/hus/Husforsikring-produktside.html"", ""catalog/sources/storebrand/hus/IPID-Husforsikring.pdf"", ""catalog/sources/storebrand/hus/Vilkar-hus-og-hytte-HUS10.pdf"", ""catalog/sources/storebrand/hus/Vilkar-utleieforsikring-UTLEI03.pdf""]","[""catalog/sources/storebrand/hus/Vilkar-hus-og-hytte-HUS10.pdf"", ""catalog/sources/storebrand/hus/Vilkar-utleieforsikring-UTLEI03.pdf"", ""catalog/sources/storebrand/hus/Husforsikring-produktside.html"", ""catalog/sources/storebrand/hus/IPID-Husforsikring.pdf"", ""catalog/sources/storebrand/hus/Generelle-vilkar-GENER07.pdf""]",[],Exact component/type checked; no automatic cross-product inheritance,COMPLETE_WITH_RECORDED_GAPS,True,"Full49pHUS10+9pUTLEI03+2pIPID+HTML+general11 shared reviewed;83 independent rules. Source conflicts remain: drone,smallbuild,brygge,rebuildpersonscope,badeinnretning,webdeductible,IPIDwheelchair,utleiemax3. Main material dimensions mapped; no arbitrary reconciliation. FOLLOW-UP: remaining exact source branches exhausted. Badeinnretning resolved as label-scope mismatch. SC008 retained on declared contradictory clauses/versions; no unsupported reconciliation. Available-local 83-rule material inventory/reverse review closed, externally gated questions remain."
"[""storebrand"",""bolig"",""ordinary"",""storebrand-hus-super"",""2025-08-15""]",storebrand-hus-super,ordinary,"[""storebrandHusGeneral"", ""storebrandHusIpid"", ""storebrandHusProduct"", ""storebrandHusRental"", ""storebrandHusTerms""]","[""catalog/sources/storebrand/hus/Generelle-vilkar-GENER07.pdf"", ""catalog/sources/storebrand/hus/Husforsikring-produktside.html"", ""catalog/sources/storebrand/hus/IPID-Husforsikring.pdf"", ""catalog/sources/storebrand/hus/Vilkar-hus-og-hytte-HUS10.pdf"", ""catalog/sources/storebrand/hus/Vilkar-utleieforsikring-UTLEI03.pdf""]","[""catalog/sources/storebrand/hus/Vilkar-hus-og-hytte-HUS10.pdf"", ""catalog/sources/storebrand/hus/Vilkar-utleieforsikring-UTLEI03.pdf"", ""catalog/sources/storebrand/hus/Husforsikring-produktside.html"", ""catalog/sources/storebrand/hus/IPID-Husforsikring.pdf"", ""catalog/sources/storebrand/hus/Generelle-vilkar-GENER07.pdf""]",[],Exact component/type checked; no automatic cross-product inheritance,COMPLETE_WITH_RECORDED_GAPS,True,"Full49pHUS10+9pUTLEI03+2pIPID+HTML+general11 shared reviewed;83 independent rules. Source conflicts remain: drone,smallbuild,brygge,rebuildpersonscope,badeinnretning,webdeductible,IPIDwheelchair,utleiemax3. Main material dimensions mapped; no arbitrary reconciliation. FOLLOW-UP: remaining exact source branches exhausted. Badeinnretning resolved as label-scope mismatch. SC008 retained on declared contradictory clauses/versions; no unsupported reconciliation. Available-local 83-rule material inventory/reverse review closed, externally gated questions remain."
"[""gjensidige"",""bolig"",""ordinary"",""gjensidige-hus"",""Alminnelige vilkår""]",gjensidige-hus,ordinary,"[""gjensidigeHusIpid"", ""gjensidigeHusPluss"", ""gjensidigeHusProduct"", ""gjensidigeHusSmart"", ""gjensidigeHusSmartTerms"", ""gjensidigeHusStandard""]","[""catalog/sources/gjensidige/hus/Hus-Pluss-alminnelige-vilkar.pdf"", ""catalog/sources/gjensidige/hus/Hus-Smart-alarmvilkar.html"", ""catalog/sources/gjensidige/hus/Hus-Smart-produktside.html"", ""catalog/sources/gjensidige/hus/Hus-Standard-alminnelige-vilkar.pdf"", ""catalog/sources/gjensidige/hus/Husforsikring-produktside.html"", ""catalog/sources/gjensidige/hus/IPID-Husforsikring-EAP01.pdf""]","[""catalog/sources/gjensidige/hus/Hus-Standard-alminnelige-vilkar.pdf"", ""catalog/sources/gjensidige/hus/Hus-Pluss-alminnelige-vilkar.pdf"", ""catalog/sources/gjensidige/hus/IPID-Husforsikring-EAP01.pdf"", ""catalog/sources/gjensidige/hus/Husforsikring-produktside.html"", ""catalog/sources/gjensidige/hus/Hus-Smart-produktside.html"", ""catalog/sources/gjensidige/hus/Hus-Smart-alarmvilkar.html""]",[],Exact component/type checked; no automatic cross-product inheritance,COMPLETE_WITH_RECORDED_GAPS,True,"All6local artifacts read source-first with exact page reuse.86material rules,reverseclaims including labels/structured age exceptions andoptionalcomponents checked. Claimunsupportedflush, insectoverride loss and recordedsourceuncertainties; no current-onlinefreshness or privatebevis claim."
"[""gjensidige"",""bolig"",""ordinary"",""gjensidige-hus-pluss"",""Alminnelige vilkår""]",gjensidige-hus-pluss,ordinary,"[""gjensidigeHusIpid"", ""gjensidigeHusPluss"", ""gjensidigeHusProduct"", ""gjensidigeHusSmart"", ""gjensidigeHusSmartTerms"", ""gjensidigeHusStandard""]","[""catalog/sources/gjensidige/hus/Hus-Pluss-alminnelige-vilkar.pdf"", ""catalog/sources/gjensidige/hus/Hus-Smart-alarmvilkar.html"", ""catalog/sources/gjensidige/hus/Hus-Smart-produktside.html"", ""catalog/sources/gjensidige/hus/Hus-Standard-alminnelige-vilkar.pdf"", ""catalog/sources/gjensidige/hus/Husforsikring-produktside.html"", ""catalog/sources/gjensidige/hus/IPID-Husforsikring-EAP01.pdf""]","[""catalog/sources/gjensidige/hus/Hus-Standard-alminnelige-vilkar.pdf"", ""catalog/sources/gjensidige/hus/Hus-Pluss-alminnelige-vilkar.pdf"", ""catalog/sources/gjensidige/hus/IPID-Husforsikring-EAP01.pdf"", ""catalog/sources/gjensidige/hus/Husforsikring-produktside.html"", ""catalog/sources/gjensidige/hus/Hus-Smart-produktside.html"", ""catalog/sources/gjensidige/hus/Hus-Smart-alarmvilkar.html""]",[],Exact component/type checked; no automatic cross-product inheritance,COMPLETE_WITH_RECORDED_GAPS,True,"All6local artifacts read source-first with exact page reuse.86material rules,reverseclaims including labels/structured age exceptions andoptionalcomponents checked. Claimunsupportedflush, insectoverride loss and recordedsourceuncertainties; no current-onlinefreshness or privatebevis claim."
"[""fremtind"",""bolig"",""ordinary"",""fremtind-hus-standard"",""PBK-200.100-015+PBK-200.200-010""]",fremtind-hus-standard,ordinary,"[""fremtindHusIpid"", ""fremtindHusRental"", ""fremtindHusRot"", ""fremtindHusStandard""]","[""catalog/sources/fremtind/hus/canonical/IPID_Hus.pdf"", ""catalog/sources/fremtind/hus/canonical/Vilkar_Sopp_og_Rate_valgbar.pdf"", ""catalog/sources/fremtind/hus/canonical/Vilkar_Topp_Hus.pdf"", ""catalog/sources/fremtind/hus/canonical/Vilkar_Utleie_valgbar.pdf""]","[""catalog/sources/fremtind/hus/canonical/DNB-husforsikring.html"", ""catalog/sources/fremtind/hus/canonical/Eika-vilkarsoversikt.html"", ""catalog/sources/fremtind/hus/canonical/IPID_Hus.pdf"", ""catalog/sources/fremtind/hus/canonical/SpareBank1-husforsikring.html"", ""catalog/sources/fremtind/hus/canonical/Vilkar_Sopp_og_Rate_valgbar.pdf"", ""catalog/sources/fremtind/hus/canonical/Vilkar_Topp_Hus.pdf"", ""catalog/sources/fremtind/hus/canonical/Vilkar_Utleie_valgbar.pdf""]",[],Exact component/type checked; no automatic cross-product inheritance,COMPLETE_WITH_RECORDED_GAPS,True,"52 source-first rules + explicit arts reverse check. All12depreciationrows checked, broad source package and own channel websites read;2addons reviewed exact availability/limits/conditions. Standard art falsepositive flagged. Fritidsbolig/LO dimensions not imported into ordinary Hus. No external freshness claim."
"[""fremtind"",""bolig"",""ordinary"",""fremtind-hus-topp"",""PBK-200.100-015+PBK-200.200-010""]",fremtind-hus-topp,ordinary,"[""fremtindHusIpid"", ""fremtindHusRental"", ""fremtindHusRot"", ""fremtindHusStandard"", ""fremtindHusTopp""]","[""catalog/sources/fremtind/hus/canonical/IPID_Hus.pdf"", ""catalog/sources/fremtind/hus/canonical/Vilkar_Sopp_og_Rate_valgbar.pdf"", ""catalog/sources/fremtind/hus/canonical/Vilkar_Topp_Hus.pdf"", ""catalog/sources/fremtind/hus/canonical/Vilkar_Utleie_valgbar.pdf""]","[""catalog/sources/fremtind/hus/canonical/DNB-husforsikring.html"", ""catalog/sources/fremtind/hus/canonical/Eika-vilkarsoversikt.html"", ""catalog/sources/fremtind/hus/canonical/IPID_Hus.pdf"", ""catalog/sources/fremtind/hus/canonical/SpareBank1-husforsikring.html"", ""catalog/sources/fremtind/hus/canonical/Vilkar_Sopp_og_Rate_valgbar.pdf"", ""catalog/sources/fremtind/hus/canonical/Vilkar_Topp_Hus.pdf"", ""catalog/sources/fremtind/hus/canonical/Vilkar_Utleie_valgbar.pdf""]",[],Exact component/type checked; no automatic cross-product inheritance,COMPLETE_WITH_RECORDED_GAPS,True,"52 source-first rules + explicit arts reverse check. All12depreciationrows checked, broad source package and own channel websites read;2addons reviewed exact availability/limits/conditions. Standard art falsepositive flagged. Fritidsbolig/LO dimensions not imported into ordinary Hus. No external freshness claim."
"[""frende"",""bolig"",""ordinary"",""frende-hus-standard"",""2026-09-01""]",frende-hus-standard,ordinary,"[""frendeHusGeneral"", ""frendeHusIpid"", ""frendeHusRental"", ""frendeHusRot"", ""frendeHusStandard""]","[""catalog/sources/frende/hus/canonical/Generelle-vilkar-01012026.pdf"", ""catalog/sources/frende/hus/canonical/IPID-Hus.pdf"", ""catalog/sources/frende/hus/canonical/Vilkar-husforsikring.pdf"", ""catalog/sources/frende/reise/Generelle-vilkar-01012026.pdf""]","[""catalog/sources/frende/hus/canonical/Vilkar-husforsikring.pdf"", ""catalog/sources/frende/hus/canonical/IPID-Hus.pdf"", ""catalog/sources/frende/hus/canonical/Husforsikring-produktside.html"", ""catalog/sources/frende/hus/canonical/Rate-og-skadedyr-produktside.html"", ""catalog/sources/frende/hus/canonical/Generelle-vilkar-01012026.pdf""]",[],Exact component/type checked; no automatic cross-product inheritance,COMPLETE_WITH_RECORDED_GAPS,True,"50source-first rules, full16page terms+allIPID/HTML;general reused byexacthash. Age/egenandel tablepage8visualchecked. Three catalogsource applicability questions retained: smalloutbuilding source4.1/1–10 vs catalog5.1, alternativefire4.2 exclusions on Standard. Existing structured age deductions correctly preserve causes and materialexceptions; no gap counted. Two availableaddons complete. Five constructionfacts exist outside runtime; not counted missingdata. FOLLOW-UP LOCAL CLOSURE: Wrong internal §3.1→4.1/1–10 reference and alternative fire§4.2 versus Standard§5 remain exact-source applicability uncertainty. Complete independent material inventory/catalog pass/reverse claims already performed. Remaining uncertainty disposition is SOURCE_RESEARCH_REQUIRED; no claim source conflicts resolved or affirmative coverage invented."
"[""frende"",""bolig"",""ordinary"",""frende-hus-utvidet"",""2026-09-01""]",frende-hus-utvidet,ordinary,"[""frendeHusExtended"", ""frendeHusGeneral"", ""frendeHusIpid"", ""frendeHusRental"", ""frendeHusRot"", ""frendeHusStandard""]","[""catalog/sources/frende/hus/canonical/Generelle-vilkar-01012026.pdf"", ""catalog/sources/frende/hus/canonical/IPID-Hus.pdf"", ""catalog/sources/frende/hus/canonical/Vilkar-husforsikring.pdf"", ""catalog/sources/frende/reise/Generelle-vilkar-01012026.pdf""]","[""catalog/sources/frende/hus/canonical/Vilkar-husforsikring.pdf"", ""catalog/sources/frende/hus/canonical/IPID-Hus.pdf"", ""catalog/sources/frende/hus/canonical/Husforsikring-produktside.html"", ""catalog/sources/frende/hus/canonical/Rate-og-skadedyr-produktside.html"", ""catalog/sources/frende/hus/canonical/Generelle-vilkar-01012026.pdf""]",[],Exact component/type checked; no automatic cross-product inheritance,COMPLETE_WITH_RECORDED_GAPS,True,"50source-first rules, full16page terms+allIPID/HTML;general reused byexacthash. Age/egenandel tablepage8visualchecked. Three catalogsource applicability questions retained: smalloutbuilding source4.1/1–10 vs catalog5.1, alternativefire4.2 exclusions on Standard. Existing structured age deductions correctly preserve causes and materialexceptions; no gap counted. Two availableaddons complete. Five constructionfacts exist outside runtime; not counted missingdata. FOLLOW-UP LOCAL CLOSURE: Same source internal references; Standard physical clauses must not be inferred from alternative fire package absent clarification. Complete independent material inventory/catalog pass/reverse claims already performed. Remaining uncertainty disposition is SOURCE_RESEARCH_REQUIRED; no claim source conflicts resolved or affirmative coverage invented."
"[""tryg"",""reise"",""ordinary"",""tryg-reise"",""2026-09-20-canonical""]",tryg-reise,ordinary,"[""trygReiseAccident"", ""trygReiseBase"", ""trygReiseLegal"", ""trygReiseProduct"", ""trygReiseSafety"", ""trygReiseSums""]","[""catalog/sources/tryg/reise/canonical/05000PF455-Sikkerhetsforskrift.pdf"", ""catalog/sources/tryg/reise/canonical/Forsikringssummer-08.2026.pdf"", ""catalog/sources/tryg/reise/canonical/PGE91500-Rettshjelp.pdf"", ""catalog/sources/tryg/reise/canonical/PRF46000-Produktvilkar.pdf"", ""catalog/sources/tryg/reise/canonical/PRF46001-Reise-Reise-Ekstra.pdf"", ""catalog/sources/tryg/reise/canonical/PRF46010-Ulykke-Ulykke-Ekstra.pdf""]","[""catalog/sources/tryg/reise/canonical/05000PF455-Sikkerhetsforskrift.pdf"", ""catalog/sources/tryg/reise/canonical/Forsikringssummer-08.2026.pdf"", ""catalog/sources/tryg/reise/canonical/IPID-Reiseforsikring.pdf"", ""catalog/sources/tryg/reise/canonical/PGE90020-Privat-ansvar.pdf"", ""catalog/sources/tryg/reise/canonical/PGE91000-Generelle-vilkar.pdf"", ""catalog/sources/tryg/reise/canonical/PGE91500-Rettshjelp.pdf"", ""catalog/sources/tryg/reise/canonical/PRF46000-Produktvilkar.pdf"", ""catalog/sources/tryg/reise/canonical/PRF46001-Reise-Reise-Ekstra.pdf"", ""catalog/sources/tryg/reise/canonical/PRF46003-Reise-Premium.pdf"", ""catalog/sources/tryg/reise/canonical/PRF46010-Ulykke-Ulykke-Ekstra.pdf"", ""catalog/sources/tryg/reise/canonical/PRF46012-Ulykke-Premium.pdf"", ""catalog/sources/tryg/reise/canonical/Reiseforsikring-produktside.html"", ""catalog/sources/tryg/reise/canonical/Reiseforsikring-vilkarside.html""]",[],Exact component/type checked; no automatic cross-product inheritance,COMPLETE_WITH_RECORDED_GAPS,True,"52 independent source rules, all13local originals reused by hash. Three levels and two optional components numerically and semantically checked. Rechtshelp0deduct explicit travel exception positive; source conflicts duration/family/lounge preserved. One Ekstra service omission runtime-proven. Customer choices remain customer facts; future liability terms not activated."
"[""tryg"",""reise"",""ordinary"",""tryg-reise-ekstra"",""2026-09-20-canonical""]",tryg-reise-ekstra,ordinary,"[""trygReiseAccident"", ""trygReiseBase"", ""trygReiseExtra"", ""trygReiseLegal"", ""trygReiseProduct"", ""trygReiseSafety"", ""trygReiseSums""]","[""catalog/sources/tryg/reise/canonical/05000PF455-Sikkerhetsforskrift.pdf"", ""catalog/sources/tryg/reise/canonical/Forsikringssummer-08.2026.pdf"", ""catalog/sources/tryg/reise/canonical/PGE91500-Rettshjelp.pdf"", ""catalog/sources/tryg/reise/canonical/PRF46000-Produktvilkar.pdf"", ""catalog/sources/tryg/reise/canonical/PRF46001-Reise-Reise-Ekstra.pdf"", ""catalog/sources/tryg/reise/canonical/PRF46010-Ulykke-Ulykke-Ekstra.pdf""]","[""catalog/sources/tryg/reise/canonical/05000PF455-Sikkerhetsforskrift.pdf"", ""catalog/sources/tryg/reise/canonical/Forsikringssummer-08.2026.pdf"", ""catalog/sources/tryg/reise/canonical/IPID-Reiseforsikring.pdf"", ""catalog/sources/tryg/reise/canonical/PGE90020-Privat-ansvar.pdf"", ""catalog/sources/tryg/reise/canonical/PGE91000-Generelle-vilkar.pdf"", ""catalog/sources/tryg/reise/canonical/PGE91500-Rettshjelp.pdf"", ""catalog/sources/tryg/reise/canonical/PRF46000-Produktvilkar.pdf"", ""catalog/sources/tryg/reise/canonical/PRF46001-Reise-Reise-Ekstra.pdf"", ""catalog/sources/tryg/reise/canonical/PRF46003-Reise-Premium.pdf"", ""catalog/sources/tryg/reise/canonical/PRF46010-Ulykke-Ulykke-Ekstra.pdf"", ""catalog/sources/tryg/reise/canonical/PRF46012-Ulykke-Premium.pdf"", ""catalog/sources/tryg/reise/canonical/Reiseforsikring-produktside.html"", ""catalog/sources/tryg/reise/canonical/Reiseforsikring-vilkarside.html""]",[],Exact component/type checked; no automatic cross-product inheritance,COMPLETE_WITH_RECORDED_GAPS,True,"52 independent source rules, all13local originals reused by hash. Three levels and two optional components numerically and semantically checked. Rechtshelp0deduct explicit travel exception positive; source conflicts duration/family/lounge preserved. One Ekstra service omission runtime-proven. Customer choices remain customer facts; future liability terms not activated."
"[""tryg"",""reise"",""ordinary"",""tryg-reise-premium"",""2026-09-20-canonical""]",tryg-reise-premium,ordinary,"[""trygReiseAccidentPremium"", ""trygReiseBase"", ""trygReiseExtra"", ""trygReiseLegal"", ""trygReisePremium"", ""trygReiseProduct"", ""trygReiseProductPage"", ""trygReiseSafety"", ""trygReiseSums""]","[""catalog/sources/tryg/reise/canonical/05000PF455-Sikkerhetsforskrift.pdf"", ""catalog/sources/tryg/reise/canonical/Forsikringssummer-08.2026.pdf"", ""catalog/sources/tryg/reise/canonical/PGE91500-Rettshjelp.pdf"", ""catalog/sources/tryg/reise/canonical/PRF46000-Produktvilkar.pdf"", ""catalog/sources/tryg/reise/canonical/PRF46001-Reise-Reise-Ekstra.pdf"", ""catalog/sources/tryg/reise/canonical/PRF46003-Reise-Premium.pdf"", ""catalog/sources/tryg/reise/canonical/PRF46012-Ulykke-Premium.pdf"", ""catalog/sources/tryg/reise/canonical/Reiseforsikring-produktside.html""]","[""catalog/sources/tryg/reise/canonical/05000PF455-Sikkerhetsforskrift.pdf"", ""catalog/sources/tryg/reise/canonical/Forsikringssummer-08.2026.pdf"", ""catalog/sources/tryg/reise/canonical/IPID-Reiseforsikring.pdf"", ""catalog/sources/tryg/reise/canonical/PGE90020-Privat-ansvar.pdf"", ""catalog/sources/tryg/reise/canonical/PGE91000-Generelle-vilkar.pdf"", ""catalog/sources/tryg/reise/canonical/PGE91500-Rettshjelp.pdf"", ""catalog/sources/tryg/reise/canonical/PRF46000-Produktvilkar.pdf"", ""catalog/sources/tryg/reise/canonical/PRF46001-Reise-Reise-Ekstra.pdf"", ""catalog/sources/tryg/reise/canonical/PRF46003-Reise-Premium.pdf"", ""catalog/sources/tryg/reise/canonical/PRF46010-Ulykke-Ulykke-Ekstra.pdf"", ""catalog/sources/tryg/reise/canonical/PRF46012-Ulykke-Premium.pdf"", ""catalog/sources/tryg/reise/canonical/Reiseforsikring-produktside.html"", ""catalog/sources/tryg/reise/canonical/Reiseforsikring-vilkarside.html""]",[],Exact component/type checked; no automatic cross-product inheritance,COMPLETE_WITH_RECORDED_GAPS,True,"52 independent source rules, all13local originals reused by hash. Three levels and two optional components numerically and semantically checked. Rechtshelp0deduct explicit travel exception positive; source conflicts duration/family/lounge preserved. One Ekstra service omission runtime-proven. Customer choices remain customer facts; future liability terms not activated."
"[""if"",""reise"",""ordinary"",""if-reise-basis"",""2026-09-20-canonical""]",if-reise-basis,ordinary,"[""ifReiseHelp"", ""ifReiseTerms""]","[""catalog/sources/if/reise/canonical/Helars-reiseforsikring-vilkar.pdf"", ""catalog/sources/if/reise/canonical/Reisehjelp.html""]","[""catalog/sources/if/reise/canonical/Helars-reiseforsikring-vilkar.pdf"", ""catalog/sources/if/reise/canonical/Helars-reiseforsikring-IPID.pdf"", ""catalog/sources/if/reise/canonical/Reiseforsikring-produktside.html"", ""catalog/sources/if/reise/canonical/Reisehjelp.html"", ""catalog/sources/if/reise/canonical/SmartDelay.html"", ""catalog/sources/if/reise/canonical/Reiseoversikt.html""]",[],Exact component/type checked; no automatic cross-product inheritance,COMPLETE_WITH_RECORDED_GAPS,True,"71-rule source-first inventory from all6localactiveoriginals. ExactERA3-4Basis/Standard/Super26pages andcurrent45/90/365web/IPID preserved;historical180notused. Allclaimsreversechecked,includingexplicitnegativeBasis/Standardcontrols. Separatepsych10hoursvs10sessionsconflict. ExpeditionavailabilityisknownbutnocatalogaddonIDs;no customerchoiceasserted."
"[""if"",""reise"",""ordinary"",""if-reise-standard"",""2026-09-20-canonical""]",if-reise-standard,ordinary,"[""ifReiseHelp"", ""ifReiseTerms""]","[""catalog/sources/if/reise/canonical/Helars-reiseforsikring-vilkar.pdf"", ""catalog/sources/if/reise/canonical/Reisehjelp.html""]","[""catalog/sources/if/reise/canonical/Helars-reiseforsikring-vilkar.pdf"", ""catalog/sources/if/reise/canonical/Helars-reiseforsikring-IPID.pdf"", ""catalog/sources/if/reise/canonical/Reiseforsikring-produktside.html"", ""catalog/sources/if/reise/canonical/Reisehjelp.html"", ""catalog/sources/if/reise/canonical/SmartDelay.html"", ""catalog/sources/if/reise/canonical/Reiseoversikt.html""]",[],Exact component/type checked; no automatic cross-product inheritance,COMPLETE_WITH_RECORDED_GAPS,True,"71-rule source-first inventory from all6localactiveoriginals. ExactERA3-4Basis/Standard/Super26pages andcurrent45/90/365web/IPID preserved;historical180notused. Allclaimsreversechecked,includingexplicitnegativeBasis/Standardcontrols. Separatepsych10hoursvs10sessionsconflict. ExpeditionavailabilityisknownbutnocatalogaddonIDs;no customerchoiceasserted."
"[""if"",""reise"",""ordinary"",""if-reise-super"",""2026-09-20-canonical""]",if-reise-super,ordinary,"[""ifReiseHelp"", ""ifReiseSmartDelay"", ""ifReiseTerms""]","[""catalog/sources/if/reise/canonical/Helars-reiseforsikring-vilkar.pdf"", ""catalog/sources/if/reise/canonical/Reisehjelp.html"", ""catalog/sources/if/reise/canonical/SmartDelay.html""]","[""catalog/sources/if/reise/canonical/Helars-reiseforsikring-vilkar.pdf"", ""catalog/sources/if/reise/canonical/Helars-reiseforsikring-IPID.pdf"", ""catalog/sources/if/reise/canonical/Reiseforsikring-produktside.html"", ""catalog/sources/if/reise/canonical/Reisehjelp.html"", ""catalog/sources/if/reise/canonical/SmartDelay.html"", ""catalog/sources/if/reise/canonical/Reiseoversikt.html""]",[],Exact component/type checked; no automatic cross-product inheritance,COMPLETE_WITH_RECORDED_GAPS,True,"71-rule source-first inventory from all6localactiveoriginals. ExactERA3-4Basis/Standard/Super26pages andcurrent45/90/365web/IPID preserved;historical180notused. Allclaimsreversechecked,includingexplicitnegativeBasis/Standardcontrols. Separatepsych10hoursvs10sessionsconflict. ExpeditionavailabilityisknownbutnocatalogaddonIDs;no customerchoiceasserted."
"[""storebrand"",""reise"",""ordinary"",""storebrand-reise-standard"",""2026-09-20-canonical""]",storebrand-reise-standard,ordinary,"[""storebrandReiseProductPage"", ""storebrandReiseTerms""]","[""catalog/sources/storebrand/reise/canonical/Reiseforsikring-produktside.html"", ""catalog/sources/storebrand/reise/canonical/reise10-vilkar-reiseforsikring.pdf""]","[""catalog/sources/storebrand/reise/canonical/reise10-vilkar-reiseforsikring.pdf"", ""catalog/sources/storebrand/reise/canonical/IPID-reiseforsikring.pdf"", ""catalog/sources/storebrand/reise/canonical/Reiseforsikring-produktside.html"", ""catalog/sources/storebrand/reise/canonical/gener07-generelle-vilkar.pdf""]",[],Exact component/type checked; no automatic cross-product inheritance,COMPLETE_WITH_RECORDED_GAPS,True,"35pfullterms+2pIPID+HTML+shared11pgeneral fully read;73 independent rules. Primary coverage inventory closed with recorded gaps; IPIDtransfer exception versus fullterm purchase-on-trip exclusion remains unresolved. No historical/live-source claims. FOLLOW-UP: local review exhausted; SC009 is the final source-conflict disposition. No web freshness claim or arbitrary IPID exception. Overnight positive control already completed separately; source-truth answer remains no general overnight requirement, distinct from arrangement-specific conditions."
"[""storebrand"",""reise"",""ordinary"",""storebrand-reise-super"",""2026-09-20-canonical""]",storebrand-reise-super,ordinary,"[""storebrandReiseProductPage"", ""storebrandReiseTerms""]","[""catalog/sources/storebrand/reise/canonical/Reiseforsikring-produktside.html"", ""catalog/sources/storebrand/reise/canonical/reise10-vilkar-reiseforsikring.pdf""]","[""catalog/sources/storebrand/reise/canonical/reise10-vilkar-reiseforsikring.pdf"", ""catalog/sources/storebrand/reise/canonical/IPID-reiseforsikring.pdf"", ""catalog/sources/storebrand/reise/canonical/Reiseforsikring-produktside.html"", ""catalog/sources/storebrand/reise/canonical/gener07-generelle-vilkar.pdf""]",[],Exact component/type checked; no automatic cross-product inheritance,COMPLETE_WITH_RECORDED_GAPS,True,"35pfullterms+2pIPID+HTML+shared11pgeneral fully read;73 independent rules. Primary coverage inventory closed with recorded gaps; IPIDtransfer exception versus fullterm purchase-on-trip exclusion remains unresolved. No historical/live-source claims. FOLLOW-UP: local review exhausted; SC009 is the final source-conflict disposition. No web freshness claim or arbitrary IPID exception. Overnight positive control already completed separately; source-truth answer remains no general overnight requirement, distinct from arrangement-specific conditions."
"[""gjensidige"",""reise"",""ordinary"",""gjensidige-reise"",""2026-09-20-canonical""]",gjensidige-reise,ordinary,"[""gjensidigeReiseAlarm"", ""gjensidigeReiseDays"", ""gjensidigeReiseDoctor"", ""gjensidigeReiseTerms""]","[""catalog/sources/gjensidige/reise/alarmsentral.html"", ""catalog/sources/gjensidige/reise/online-lege.html"", ""catalog/sources/gjensidige/reise/reise-alminnelige-vilkar.pdf"", ""catalog/sources/gjensidige/reise/reisedager.html""]","[""catalog/sources/gjensidige/reise/reise-alminnelige-vilkar.pdf"", ""catalog/sources/gjensidige/reise/reise-pluss-alminnelige-vilkar.pdf"", ""catalog/sources/gjensidige/reise/reiseforsikring-ipid.pdf"", ""catalog/sources/gjensidige/reise/utvidelse-av-varighet-ipid.pdf"", ""catalog/sources/gjensidige/reise/produktside.html"", ""catalog/sources/gjensidige/reise/reisedager.html"", ""catalog/sources/gjensidige/reise/alarmsentral.html"", ""catalog/sources/gjensidige/reise/online-lege.html""]",[],Exact component/type checked; no automatic cross-product inheritance,COMPLETE_WITH_RECORDED_GAPS,True,"Eightlocalartifactsallread sourcefirst84rules plus reverseclaims. Numeric/agepositivecontrols confirmed; wronginheritedsingleitemlimit, omissionsandexplicitconflicts recorded. No online freshnessclaim. Optional extensionavailability remains choice not selection; no fictitiousaddOnIdscreated."
"[""gjensidige"",""reise"",""ordinary"",""gjensidige-reise-pluss"",""2026-09-20-canonical""]",gjensidige-reise-pluss,ordinary,"[""gjensidigeReiseAlarm"", ""gjensidigeReiseDays"", ""gjensidigeReiseDoctor"", ""gjensidigeReisePlussTerms"", ""gjensidigeReiseTerms""]","[""catalog/sources/gjensidige/reise/alarmsentral.html"", ""catalog/sources/gjensidige/reise/online-lege.html"", ""catalog/sources/gjensidige/reise/reise-alminnelige-vilkar.pdf"", ""catalog/sources/gjensidige/reise/reise-pluss-alminnelige-vilkar.pdf"", ""catalog/sources/gjensidige/reise/reisedager.html""]","[""catalog/sources/gjensidige/reise/reise-alminnelige-vilkar.pdf"", ""catalog/sources/gjensidige/reise/reise-pluss-alminnelige-vilkar.pdf"", ""catalog/sources/gjensidige/reise/reiseforsikring-ipid.pdf"", ""catalog/sources/gjensidige/reise/utvidelse-av-varighet-ipid.pdf"", ""catalog/sources/gjensidige/reise/produktside.html"", ""catalog/sources/gjensidige/reise/reisedager.html"", ""catalog/sources/gjensidige/reise/alarmsentral.html"", ""catalog/sources/gjensidige/reise/online-lege.html""]",[],Exact component/type checked; no automatic cross-product inheritance,COMPLETE_WITH_RECORDED_GAPS,True,"Eightlocalartifactsallread sourcefirst84rules plus reverseclaims. Numeric/agepositivecontrols confirmed; wronginheritedsingleitemlimit, omissionsandexplicitconflicts recorded. No online freshnessclaim. Optional extensionavailability remains choice not selection; no fictitiousaddOnIdscreated."
"[""fremtind"",""reise"",""ordinary"",""fremtind-reise"",""PRE-450.200-015""]",fremtind-reise,ordinary,"[""fremtindReiseUnifiedIpid"", ""fremtindReiseUnifiedTerms""]","[""catalog/sources/fremtind/reise/canonical/fremtind-reise-ipid.pdf"", ""catalog/sources/fremtind/reise/canonical/fremtind-reise-vilkar.pdf""]","[""catalog/sources/fremtind/reise/canonical/fremtind-reise-vilkar.pdf"", ""catalog/sources/fremtind/reise/canonical/fremtind-reise-ipid.pdf""]",[],Exact component/type checked; no automatic cross-product inheritance,COMPLETE_WITH_RECORDED_GAPS,True,47 source-first material rules and full reverse. Shared liability/legal exacttext reused except layout. Missing channelweb originals do not justify assumed90/120/180choices;70standardIPID with actualbevis retains customer truth. HistoricalP10notusedasactive source.
"[""fremtind-eika-legacy"",""reise"",""ordinary"",""eika-reise-p10"",""P10-P10P-2025-01-01""]",eika-reise-p10,ordinary,"[""fremtindReiseTerms""]","[""catalog/sources/fremtind/reise/canonical/reise-vilkar-p10.pdf""]","[""catalog/sources/fremtind/reise/canonical/reise-vilkar-p10.pdf"", ""catalog/sources/fremtind/reise/canonical/reise-ipid-p10p.pdf"", ""catalog/sources/fremtind/reise/canonical/eika-reise-faq.html"", ""catalog/sources/fremtind/reise/canonical/reise-skadeoppgjor.html""]",[],Exact component/type checked; no automatic cross-product inheritance,COMPLETE_WITH_RECORDED_GAPS,True,"44 source-first historicalrules and exact reverse; P15inheritsP10 only documentedoverrides. CurrentPREnot authoritativehistoricalsource. N75outsideordinary. Productcomparison excludedhistorical, findings retained as customerlegacyrisk not claimedactivefalseunknown."
"[""fremtind-eika-legacy"",""reise"",""ordinary"",""eika-reise-pluss-p10"",""P10-P10P-2025-01-01""]",eika-reise-pluss-p10,ordinary,"[""fremtindReiseIpid"", ""fremtindReiseTerms""]","[""catalog/sources/fremtind/reise/canonical/reise-ipid-p10p.pdf"", ""catalog/sources/fremtind/reise/canonical/reise-vilkar-p10.pdf""]","[""catalog/sources/fremtind/reise/canonical/reise-vilkar-p10.pdf"", ""catalog/sources/fremtind/reise/canonical/reise-ipid-p10p.pdf"", ""catalog/sources/fremtind/reise/canonical/eika-reise-faq.html"", ""catalog/sources/fremtind/reise/canonical/reise-skadeoppgjor.html""]",[],Exact component/type checked; no automatic cross-product inheritance,COMPLETE_WITH_RECORDED_GAPS,True,"44 source-first historicalrules and exact reverse; P15inheritsP10 only documentedoverrides. CurrentPREnot authoritativehistoricalsource. N75outsideordinary. Productcomparison excludedhistorical, findings retained as customerlegacyrisk not claimedactivefalseunknown."
"[""frende"",""reise"",""ordinary"",""frende-reiseforsikring"",""2026-03-01""]",frende-reiseforsikring,ordinary,"[""frendeReiseDoctor"", ""frendeReiseGeneral"", ""frendeReiseIpid"", ""frendeReiseTerms""]","[""catalog/sources/frende/hus/canonical/Generelle-vilkar-01012026.pdf"", ""catalog/sources/frende/reise/Generelle-vilkar-01012026.pdf"", ""catalog/sources/frende/reise/IPID-Reise-2026.pdf"", ""catalog/sources/frende/reise/Legetime-pa-mobilen.html"", ""catalog/sources/frende/reise/Vilkar-reiseforsikring-01032026.pdf""]","[""catalog/sources/frende/reise/Vilkar-reiseforsikring-01032026.pdf"", ""catalog/sources/frende/reise/IPID-Reise-2026.pdf"", ""catalog/sources/frende/reise/Generelle-vilkar-01012026.pdf"", ""catalog/sources/frende/reise/Legetime-pa-mobilen.html"", ""catalog/sources/frende/reise/Reiseforsikring-Midtosten-2026.html"", ""catalog/sources/frende/reise/Reiseforsikring-produktside.html"", ""catalog/sources/frende/reise/Reiseforsikring-vilkarsside.html""]",[],Exact component/type checked; no automatic cross-product inheritance,COMPLETE_WITH_RECORDED_GAPS,True,"56independentsourcerules,all17pfull+2pIPID+4HTML+general4hashreuse;55fullfacts compared.54reverseclaimschecked; pregnancyweek36boundary wording stillreview. Materialmissing/coarsedimensionsarecatalogauthored,notruntime-loss. ExtraordinaryMiddleEastmeasureexcludedordinary. Historical2020notapplicable. Source-first inventory initialsectionnumbers reconciled toactualPDFheadings here. FOLLOW-UP: last reverse claim closed as numeric-boundary mismatch, not unexplained REVIEW_REQUIRED. All55 claims accounted,56-rule inventory complete."
"[""tryg"",""snøscooter"",""ordinary"",""tryg-snoscooter-ansvar"",null]",tryg-snoscooter-ansvar,ordinary,"[""vehicle:tryg-IPID-Snoscooter.pdf"", ""vehicle:tryg-odpdf-060a2170.pdf"", ""vehicle:tryg-odpdf-2001c3a6.pdf"", ""vehicle:tryg-odpdf-56716918.pdf"", ""vehicle:tryg-odpdf-dbf5be98.pdf""]","[""catalog/sources/vehicle-extensions/tryg-IPID-Snoscooter.pdf"", ""catalog/sources/vehicle-extensions/tryg-odpdf-060a2170.pdf"", ""catalog/sources/vehicle-extensions/tryg-odpdf-2001c3a6.pdf"", ""catalog/sources/vehicle-extensions/tryg-odpdf-56716918.pdf"", ""catalog/sources/vehicle-extensions/tryg-odpdf-dbf5be98.pdf""]","[""catalog/sources/vehicle-extensions/tryg-IPID-Snoscooter.pdf"", ""catalog/sources/vehicle-extensions/tryg-odpdf-060a2170.pdf"", ""catalog/sources/vehicle-extensions/tryg-odpdf-2001c3a6.pdf"", ""catalog/sources/vehicle-extensions/tryg-odpdf-56716918.pdf"", ""catalog/sources/vehicle-extensions/tryg-odpdf-911ff8ae.pdf"", ""catalog/sources/vehicle-extensions/tryg-odpdf-d8d47def.pdf"", ""catalog/sources/vehicle-extensions/tryg-odpdf-dbf5be98.pdf"", ""catalog/sources/vehicle-extensions/tryg-odpdf-e47c9440.pdf"", ""catalog/sources/vehicle-extensions/tryg-snoscooterforsikring.html"", ""catalog/sources/vehicle-extensions/tryg-vilkar-fc5e4fcd.html""]",[],Exact component/type checked; no automatic cross-product inheritance,COMPLETE_WITH_RECORDED_GAPS,True,FullPDF/IPID/HTML sourcefirst45rules. Sharedbytesdeduplicatedwithtype/levelmeaningseparate. SnowOct1documentspreservedasdatedoriginals. Campnaturskadeomissionverifiedownsource+side-swapruntime. NoTilhengermotororCampingextra leakage; no inferencefromHTMLlostcheckboxmarkers.
"[""tryg"",""snøscooter"",""ordinary"",""tryg-snoscooter-brann-og-tyveri"",null]",tryg-snoscooter-brann-og-tyveri,ordinary,"[""vehicle:tryg-IPID-Snoscooter.pdf"", ""vehicle:tryg-odpdf-060a2170.pdf"", ""vehicle:tryg-odpdf-2001c3a6.pdf"", ""vehicle:tryg-odpdf-56716918.pdf"", ""vehicle:tryg-odpdf-dbf5be98.pdf""]","[""catalog/sources/vehicle-extensions/tryg-IPID-Snoscooter.pdf"", ""catalog/sources/vehicle-extensions/tryg-odpdf-060a2170.pdf"", ""catalog/sources/vehicle-extensions/tryg-odpdf-2001c3a6.pdf"", ""catalog/sources/vehicle-extensions/tryg-odpdf-56716918.pdf"", ""catalog/sources/vehicle-extensions/tryg-odpdf-dbf5be98.pdf""]","[""catalog/sources/vehicle-extensions/tryg-IPID-Snoscooter.pdf"", ""catalog/sources/vehicle-extensions/tryg-odpdf-060a2170.pdf"", ""catalog/sources/vehicle-extensions/tryg-odpdf-0d60de94.pdf"", ""catalog/sources/vehicle-extensions/tryg-odpdf-2001c3a6.pdf"", ""catalog/sources/vehicle-extensions/tryg-odpdf-56716918.pdf"", ""catalog/sources/vehicle-extensions/tryg-odpdf-911ff8ae.pdf"", ""catalog/sources/vehicle-extensions/tryg-odpdf-d8d47def.pdf"", ""catalog/sources/vehicle-extensions/tryg-odpdf-dbf5be98.pdf"", ""catalog/sources/vehicle-extensions/tryg-odpdf-e47c9440.pdf"", ""catalog/sources/vehicle-extensions/tryg-snoscooterforsikring.html"", ""catalog/sources/vehicle-extensions/tryg-vilkar-fc5e4fcd.html""]",[],Exact component/type checked; no automatic cross-product inheritance,COMPLETE_WITH_RECORDED_GAPS,True,FullPDF/IPID/HTML sourcefirst45rules. Sharedbytesdeduplicatedwithtype/levelmeaningseparate. SnowOct1documentspreservedasdatedoriginals. Campnaturskadeomissionverifiedownsource+side-swapruntime. NoTilhengermotororCampingextra leakage; no inferencefromHTMLlostcheckboxmarkers.
"[""tryg"",""snøscooter"",""ordinary"",""tryg-snoscooter-kasko"",null]",tryg-snoscooter-kasko,ordinary,"[""vehicle:tryg-IPID-Snoscooter.pdf"", ""vehicle:tryg-odpdf-060a2170.pdf"", ""vehicle:tryg-odpdf-2001c3a6.pdf"", ""vehicle:tryg-odpdf-56716918.pdf"", ""vehicle:tryg-odpdf-dbf5be98.pdf""]","[""catalog/sources/vehicle-extensions/tryg-IPID-Snoscooter.pdf"", ""catalog/sources/vehicle-extensions/tryg-odpdf-060a2170.pdf"", ""catalog/sources/vehicle-extensions/tryg-odpdf-2001c3a6.pdf"", ""catalog/sources/vehicle-extensions/tryg-odpdf-56716918.pdf"", ""catalog/sources/vehicle-extensions/tryg-odpdf-dbf5be98.pdf""]","[""catalog/sources/vehicle-extensions/tryg-IPID-Snoscooter.pdf"", ""catalog/sources/vehicle-extensions/tryg-odpdf-060a2170.pdf"", ""catalog/sources/vehicle-extensions/tryg-odpdf-2001c3a6.pdf"", ""catalog/sources/vehicle-extensions/tryg-odpdf-56716918.pdf"", ""catalog/sources/vehicle-extensions/tryg-odpdf-5a0a847f.pdf"", ""catalog/sources/vehicle-extensions/tryg-odpdf-911ff8ae.pdf"", ""catalog/sources/vehicle-extensions/tryg-odpdf-d8d47def.pdf"", ""catalog/sources/vehicle-extensions/tryg-odpdf-dbf5be98.pdf"", ""catalog/sources/vehicle-extensions/tryg-odpdf-e47c9440.pdf"", ""catalog/sources/vehicle-extensions/tryg-snoscooterforsikring.html"", ""catalog/sources/vehicle-extensions/tryg-vilkar-fc5e4fcd.html""]",[],Exact component/type checked; no automatic cross-product inheritance,COMPLETE_WITH_RECORDED_GAPS,True,FullPDF/IPID/HTML sourcefirst45rules. Sharedbytesdeduplicatedwithtype/levelmeaningseparate. SnowOct1documentspreservedasdatedoriginals. Campnaturskadeomissionverifiedownsource+side-swapruntime. NoTilhengermotororCampingextra leakage; no inferencefromHTMLlostcheckboxmarkers.
"[""tryg"",""campingvogn"",""ordinary"",""tryg-campingvogn-brann"",""2026-01-01""]",tryg-campingvogn-brann,ordinary,"[""vehicle:tryg-odpdf-543856fa.pdf"", ""vehicle:tryg-odpdf-f52d5798.pdf""]","[""catalog/sources/vehicle-extensions/tryg-odpdf-543856fa.pdf"", ""catalog/sources/vehicle-extensions/tryg-odpdf-f52d5798.pdf""]","[""catalog/sources/vehicle-extensions/tryg-IPID-Campingvogn-og-tilhenger.pdf"", ""catalog/sources/vehicle-extensions/tryg-campingvognforsikring.html"", ""catalog/sources/vehicle-extensions/tryg-odpdf-543856fa.pdf"", ""catalog/sources/vehicle-extensions/tryg-odpdf-65439673.pdf"", ""catalog/sources/vehicle-extensions/tryg-odpdf-778e88dd.pdf"", ""catalog/sources/vehicle-extensions/tryg-odpdf-911ff8ae.pdf"", ""catalog/sources/vehicle-extensions/tryg-odpdf-d8d47def.pdf"", ""catalog/sources/vehicle-extensions/tryg-vilkar-812784ac.html""]",[],Exact component/type checked; no automatic cross-product inheritance,COMPLETE_WITH_RECORDED_GAPS,True,FullPDF/IPID/HTML sourcefirst45rules. Sharedbytesdeduplicatedwithtype/levelmeaningseparate. SnowOct1documentspreservedasdatedoriginals. Campnaturskadeomissionverifiedownsource+side-swapruntime. NoTilhengermotororCampingextra leakage; no inferencefromHTMLlostcheckboxmarkers.
"[""tryg"",""campingvogn"",""ordinary"",""tryg-campingvogn-brann-og-tyveri"",""2026-01-01""]",tryg-campingvogn-brann-og-tyveri,ordinary,"[""vehicle:tryg-odpdf-05b2538c.pdf"", ""vehicle:tryg-odpdf-f52d5798.pdf""]","[""catalog/sources/vehicle-extensions/tryg-odpdf-05b2538c.pdf"", ""catalog/sources/vehicle-extensions/tryg-odpdf-f52d5798.pdf""]","[""catalog/sources/vehicle-extensions/tryg-IPID-Campingvogn-og-tilhenger.pdf"", ""catalog/sources/vehicle-extensions/tryg-campingvognforsikring.html"", ""catalog/sources/vehicle-extensions/tryg-odpdf-05b2538c.pdf"", ""catalog/sources/vehicle-extensions/tryg-odpdf-65439673.pdf"", ""catalog/sources/vehicle-extensions/tryg-odpdf-778e88dd.pdf"", ""catalog/sources/vehicle-extensions/tryg-odpdf-911ff8ae.pdf"", ""catalog/sources/vehicle-extensions/tryg-odpdf-d8d47def.pdf"", ""catalog/sources/vehicle-extensions/tryg-vilkar-812784ac.html""]",[],Exact component/type checked; no automatic cross-product inheritance,COMPLETE_WITH_RECORDED_GAPS,True,FullPDF/IPID/HTML sourcefirst45rules. Sharedbytesdeduplicatedwithtype/levelmeaningseparate. SnowOct1documentspreservedasdatedoriginals. Campnaturskadeomissionverifiedownsource+side-swapruntime. NoTilhengermotororCampingextra leakage; no inferencefromHTMLlostcheckboxmarkers.
"[""tryg"",""campingvogn"",""ordinary"",""tryg-campingvogn-kasko"",""2026-01-01""]",tryg-campingvogn-kasko,ordinary,"[""vehicle:tryg-odpdf-f52d5798.pdf"", ""vehicle:tryg-odpdf-f862c645.pdf""]","[""catalog/sources/vehicle-extensions/tryg-odpdf-f52d5798.pdf"", ""catalog/sources/vehicle-extensions/tryg-odpdf-f862c645.pdf""]","[""catalog/sources/vehicle-extensions/tryg-IPID-Campingvogn-og-tilhenger.pdf"", ""catalog/sources/vehicle-extensions/tryg-campingvognforsikring.html"", ""catalog/sources/vehicle-extensions/tryg-odpdf-03ff0533.pdf"", ""catalog/sources/vehicle-extensions/tryg-odpdf-65439673.pdf"", ""catalog/sources/vehicle-extensions/tryg-odpdf-778e88dd.pdf"", ""catalog/sources/vehicle-extensions/tryg-odpdf-911ff8ae.pdf"", ""catalog/sources/vehicle-extensions/tryg-odpdf-d8d47def.pdf"", ""catalog/sources/vehicle-extensions/tryg-vilkar-812784ac.html""]",[],Exact component/type checked; no automatic cross-product inheritance,COMPLETE_WITH_RECORDED_GAPS,True,FullPDF/IPID/HTML sourcefirst45rules. Sharedbytesdeduplicatedwithtype/levelmeaningseparate. SnowOct1documentspreservedasdatedoriginals. Campnaturskadeomissionverifiedownsource+side-swapruntime. NoTilhengermotororCampingextra leakage; no inferencefromHTMLlostcheckboxmarkers.
"[""tryg"",""campingvogn"",""ordinary"",""tryg-campingvogn-campingvogn-ekstra"",""2026-01-01""]",tryg-campingvogn-campingvogn-ekstra,ordinary,"[""vehicle:tryg-odpdf-d09fac80.pdf"", ""vehicle:tryg-odpdf-f52d5798.pdf"", ""vehicle:tryg-odpdf-f862c645.pdf""]","[""catalog/sources/vehicle-extensions/tryg-odpdf-d09fac80.pdf"", ""catalog/sources/vehicle-extensions/tryg-odpdf-f52d5798.pdf"", ""catalog/sources/vehicle-extensions/tryg-odpdf-f862c645.pdf""]","[""catalog/sources/vehicle-extensions/tryg-IPID-Campingvogn-og-tilhenger.pdf"", ""catalog/sources/vehicle-extensions/tryg-campingvognforsikring.html"", ""catalog/sources/vehicle-extensions/tryg-odpdf-03ff0533.pdf"", ""catalog/sources/vehicle-extensions/tryg-odpdf-65439673.pdf"", ""catalog/sources/vehicle-extensions/tryg-odpdf-778e88dd.pdf"", ""catalog/sources/vehicle-extensions/tryg-odpdf-911ff8ae.pdf"", ""catalog/sources/vehicle-extensions/tryg-odpdf-d09fac80.pdf"", ""catalog/sources/vehicle-extensions/tryg-odpdf-d8d47def.pdf"", ""catalog/sources/vehicle-extensions/tryg-vilkar-812784ac.html""]",[],Exact component/type checked; no automatic cross-product inheritance,COMPLETE_WITH_RECORDED_GAPS,True,FullPDF/IPID/HTML sourcefirst45rules. Sharedbytesdeduplicatedwithtype/levelmeaningseparate. SnowOct1documentspreservedasdatedoriginals. Campnaturskadeomissionverifiedownsource+side-swapruntime. NoTilhengermotororCampingextra leakage; no inferencefromHTMLlostcheckboxmarkers.
"[""tryg"",""tilhenger"",""ordinary"",""tryg-tilhenger-brann"",""2026-01-01""]",tryg-tilhenger-brann,ordinary,"[""vehicle:tryg-odpdf-543856fa.pdf"", ""vehicle:tryg-odpdf-f52d5798.pdf""]","[""catalog/sources/vehicle-extensions/tryg-odpdf-543856fa.pdf"", ""catalog/sources/vehicle-extensions/tryg-odpdf-f52d5798.pdf""]","[""catalog/sources/vehicle-extensions/tryg-IPID-Campingvogn-og-tilhenger.pdf"", ""catalog/sources/vehicle-extensions/tryg-odpdf-543856fa.pdf"", ""catalog/sources/vehicle-extensions/tryg-odpdf-65439673.pdf"", ""catalog/sources/vehicle-extensions/tryg-odpdf-778e88dd.pdf"", ""catalog/sources/vehicle-extensions/tryg-odpdf-911ff8ae.pdf"", ""catalog/sources/vehicle-extensions/tryg-odpdf-d8d47def.pdf"", ""catalog/sources/vehicle-extensions/tryg-tilhengerforsikring.html"", ""catalog/sources/vehicle-extensions/tryg-vilkar-75f064ed.html""]",[],Exact component/type checked; no automatic cross-product inheritance,COMPLETE_WITH_RECORDED_GAPS,True,FullPDF/IPID/HTML sourcefirst45rules. Sharedbytesdeduplicatedwithtype/levelmeaningseparate. SnowOct1documentspreservedasdatedoriginals. Campnaturskadeomissionverifiedownsource+side-swapruntime. NoTilhengermotororCampingextra leakage; no inferencefromHTMLlostcheckboxmarkers.
"[""tryg"",""tilhenger"",""ordinary"",""tryg-tilhenger-brann-og-tyveri"",""2026-01-01""]",tryg-tilhenger-brann-og-tyveri,ordinary,"[""vehicle:tryg-odpdf-05b2538c.pdf"", ""vehicle:tryg-odpdf-543856fa.pdf"", ""vehicle:tryg-odpdf-f52d5798.pdf""]","[""catalog/sources/vehicle-extensions/tryg-odpdf-05b2538c.pdf"", ""catalog/sources/vehicle-extensions/tryg-odpdf-543856fa.pdf"", ""catalog/sources/vehicle-extensions/tryg-odpdf-f52d5798.pdf""]","[""catalog/sources/vehicle-extensions/tryg-IPID-Campingvogn-og-tilhenger.pdf"", ""catalog/sources/vehicle-extensions/tryg-odpdf-05b2538c.pdf"", ""catalog/sources/vehicle-extensions/tryg-odpdf-65439673.pdf"", ""catalog/sources/vehicle-extensions/tryg-odpdf-778e88dd.pdf"", ""catalog/sources/vehicle-extensions/tryg-odpdf-911ff8ae.pdf"", ""catalog/sources/vehicle-extensions/tryg-odpdf-d8d47def.pdf"", ""catalog/sources/vehicle-extensions/tryg-tilhengerforsikring.html"", ""catalog/sources/vehicle-extensions/tryg-vilkar-75f064ed.html""]",[],Exact component/type checked; no automatic cross-product inheritance,COMPLETE_WITH_RECORDED_GAPS,True,FullPDF/IPID/HTML sourcefirst45rules. Sharedbytesdeduplicatedwithtype/levelmeaningseparate. SnowOct1documentspreservedasdatedoriginals. Campnaturskadeomissionverifiedownsource+side-swapruntime. NoTilhengermotororCampingextra leakage; no inferencefromHTMLlostcheckboxmarkers.
"[""tryg"",""tilhenger"",""ordinary"",""tryg-tilhenger-kasko"",""2026-01-01""]",tryg-tilhenger-kasko,ordinary,"[""vehicle:tryg-odpdf-543856fa.pdf"", ""vehicle:tryg-odpdf-f52d5798.pdf"", ""vehicle:tryg-odpdf-f862c645.pdf""]","[""catalog/sources/vehicle-extensions/tryg-odpdf-543856fa.pdf"", ""catalog/sources/vehicle-extensions/tryg-odpdf-f52d5798.pdf"", ""catalog/sources/vehicle-extensions/tryg-odpdf-f862c645.pdf""]","[""catalog/sources/vehicle-extensions/tryg-IPID-Campingvogn-og-tilhenger.pdf"", ""catalog/sources/vehicle-extensions/tryg-odpdf-03ff0533.pdf"", ""catalog/sources/vehicle-extensions/tryg-odpdf-65439673.pdf"", ""catalog/sources/vehicle-extensions/tryg-odpdf-778e88dd.pdf"", ""catalog/sources/vehicle-extensions/tryg-odpdf-911ff8ae.pdf"", ""catalog/sources/vehicle-extensions/tryg-odpdf-d8d47def.pdf"", ""catalog/sources/vehicle-extensions/tryg-tilhengerforsikring.html"", ""catalog/sources/vehicle-extensions/tryg-vilkar-75f064ed.html""]",[],Exact component/type checked; no automatic cross-product inheritance,COMPLETE_WITH_RECORDED_GAPS,True,FullPDF/IPID/HTML sourcefirst45rules. Sharedbytesdeduplicatedwithtype/levelmeaningseparate. SnowOct1documentspreservedasdatedoriginals. Campnaturskadeomissionverifiedownsource+side-swapruntime. NoTilhengermotororCampingextra leakage; no inferencefromHTMLlostcheckboxmarkers.
"[""gjensidige"",""snøscooter"",""ordinary"",""gjensidige-snoscooter-ansvar"",null]",gjensidige-snoscooter-ansvar,ordinary,"[""vehicle:gjensidige-snoscooter-ansvar-alminnelige-vilkar.pdf""]","[""catalog/sources/vehicle-extensions/gjensidige-snoscooter-ansvar-alminnelige-vilkar.pdf""]","[""catalog/sources/vehicle-extensions/gjensidige-snoscooter-ansvar-alminnelige-vilkar.pdf"", ""catalog/sources/vehicle-extensions/gjensidige-MOT05.pdf"", ""catalog/sources/vehicle-extensions/gjensidige-snoscooterforsikring.html""]",[],Exact component/type checked; no automatic cross-product inheritance,COMPLETE_WITH_RECORDED_GAPS,True,Completeapplicablelocalpackage readsourcefirst60rules;56/85pagesverifiedexactreuseplusall29newpagesand3HTML. Exacttypedinheritance/reverseclaimschecked; campingIPIDconflictsnotnormalized. NoaddonIDsinactualcatalog;sourceoptionalfeatures inventoriedwithoutinventingcomponents.
"[""gjensidige"",""snøscooter"",""ordinary"",""gjensidige-snoscooter-delkasko"",null]",gjensidige-snoscooter-delkasko,ordinary,"[""vehicle:gjensidige-Snoscooter-Delkasko-alminnelige-vilkar.pdf""]","[""catalog/sources/vehicle-extensions/gjensidige-Snoscooter-Delkasko-alminnelige-vilkar.pdf""]","[""catalog/sources/vehicle-extensions/gjensidige-Snoscooter-Delkasko-alminnelige-vilkar.pdf"", ""catalog/sources/vehicle-extensions/gjensidige-MOT05.pdf"", ""catalog/sources/vehicle-extensions/gjensidige-snoscooterforsikring.html""]",[],Exact component/type checked; no automatic cross-product inheritance,COMPLETE_WITH_RECORDED_GAPS,True,Completeapplicablelocalpackage readsourcefirst60rules;56/85pagesverifiedexactreuseplusall29newpagesand3HTML. Exacttypedinheritance/reverseclaimschecked; campingIPIDconflictsnotnormalized. NoaddonIDsinactualcatalog;sourceoptionalfeatures inventoriedwithoutinventingcomponents.
"[""gjensidige"",""snøscooter"",""ordinary"",""gjensidige-snoscooter-kasko"",null]",gjensidige-snoscooter-kasko,ordinary,"[""vehicle:gjensidige-Snoscooter-Kasko-alminnelige-vilkar.pdf""]","[""catalog/sources/vehicle-extensions/gjensidige-Snoscooter-Kasko-alminnelige-vilkar.pdf""]","[""catalog/sources/vehicle-extensions/gjensidige-Snoscooter-Kasko-alminnelige-vilkar.pdf"", ""catalog/sources/vehicle-extensions/gjensidige-MOT05.pdf"", ""catalog/sources/vehicle-extensions/gjensidige-snoscooterforsikring.html""]",[],Exact component/type checked; no automatic cross-product inheritance,COMPLETE_WITH_RECORDED_GAPS,True,Completeapplicablelocalpackage readsourcefirst60rules;56/85pagesverifiedexactreuseplusall29newpagesand3HTML. Exacttypedinheritance/reverseclaimschecked; campingIPIDconflictsnotnormalized. NoaddonIDsinactualcatalog;sourceoptionalfeatures inventoriedwithoutinventingcomponents.
"[""gjensidige"",""campingvogn"",""ordinary"",""gjensidige-campingvogn-delkasko"",null]",gjensidige-campingvogn-delkasko,ordinary,"[""vehicle:gjensidige-Campingvogn-Delkasko-alminnelige-vilkar.pdf""]","[""catalog/sources/vehicle-extensions/gjensidige-Campingvogn-Delkasko-alminnelige-vilkar.pdf""]","[""catalog/sources/vehicle-extensions/gjensidige-Campingvogn-Delkasko-alminnelige-vilkar.pdf"", ""catalog/sources/vehicle-extensions/gjensidige-MOT07.pdf"", ""catalog/sources/vehicle-extensions/gjensidige-campingvognforsikring.html""]",[],Exact component/type checked; no automatic cross-product inheritance,COMPLETE_WITH_RECORDED_GAPS,True,Completeapplicablelocalpackage readsourcefirst60rules;56/85pagesverifiedexactreuseplusall29newpagesand3HTML. Exacttypedinheritance/reverseclaimschecked; campingIPIDconflictsnotnormalized. NoaddonIDsinactualcatalog;sourceoptionalfeatures inventoriedwithoutinventingcomponents.
"[""gjensidige"",""campingvogn"",""ordinary"",""gjensidige-campingvogn-kasko"",null]",gjensidige-campingvogn-kasko,ordinary,"[""vehicle:gjensidige-Campingvogn-Kasko-alminnelige-vilkar.pdf""]","[""catalog/sources/vehicle-extensions/gjensidige-Campingvogn-Kasko-alminnelige-vilkar.pdf""]","[""catalog/sources/vehicle-extensions/gjensidige-Campingvogn-Kasko-alminnelige-vilkar.pdf"", ""catalog/sources/vehicle-extensions/gjensidige-MOT07.pdf"", ""catalog/sources/vehicle-extensions/gjensidige-campingvognforsikring.html""]",[],Exact component/type checked; no automatic cross-product inheritance,COMPLETE_WITH_RECORDED_GAPS,True,Completeapplicablelocalpackage readsourcefirst60rules;56/85pagesverifiedexactreuseplusall29newpagesand3HTML. Exacttypedinheritance/reverseclaimschecked; campingIPIDconflictsnotnormalized. NoaddonIDsinactualcatalog;sourceoptionalfeatures inventoriedwithoutinventingcomponents.
"[""gjensidige"",""campingvogn"",""ordinary"",""gjensidige-campingvogn-pluss"",null]",gjensidige-campingvogn-pluss,ordinary,"[""vehicle:gjensidige-Campingvogn-Pluss-alminnelige-vilkar.pdf""]","[""catalog/sources/vehicle-extensions/gjensidige-Campingvogn-Pluss-alminnelige-vilkar.pdf""]","[""catalog/sources/vehicle-extensions/gjensidige-Campingvogn-Pluss-alminnelige-vilkar.pdf"", ""catalog/sources/vehicle-extensions/gjensidige-MOT07.pdf"", ""catalog/sources/vehicle-extensions/gjensidige-campingvognforsikring.html""]",[],Exact component/type checked; no automatic cross-product inheritance,COMPLETE_WITH_RECORDED_GAPS,True,Completeapplicablelocalpackage readsourcefirst60rules;56/85pagesverifiedexactreuseplusall29newpagesand3HTML. Exacttypedinheritance/reverseclaimschecked; campingIPIDconflictsnotnormalized. NoaddonIDsinactualcatalog;sourceoptionalfeatures inventoriedwithoutinventingcomponents.
"[""gjensidige"",""tilhenger"",""ordinary"",""gjensidige-tilhenger-delkasko"",null]",gjensidige-tilhenger-delkasko,ordinary,"[""vehicle:gjensidige-tilhenger-delkasko-alminnelige-vilkar.pdf""]","[""catalog/sources/vehicle-extensions/gjensidige-tilhenger-delkasko-alminnelige-vilkar.pdf""]","[""catalog/sources/vehicle-extensions/gjensidige-tilhenger-delkasko-alminnelige-vilkar.pdf"", ""catalog/sources/vehicle-extensions/gjensidige-MOT09.pdf"", ""catalog/sources/vehicle-extensions/gjensidige-tilhengerforsikring.html""]",[],Exact component/type checked; no automatic cross-product inheritance,COMPLETE_WITH_RECORDED_GAPS,True,Completeapplicablelocalpackage readsourcefirst60rules;56/85pagesverifiedexactreuseplusall29newpagesand3HTML. Exacttypedinheritance/reverseclaimschecked; campingIPIDconflictsnotnormalized. NoaddonIDsinactualcatalog;sourceoptionalfeatures inventoriedwithoutinventingcomponents.
"[""gjensidige"",""tilhenger"",""ordinary"",""gjensidige-tilhenger-kasko"",null]",gjensidige-tilhenger-kasko,ordinary,"[""vehicle:gjensidige-tilhenger-kasko-alminnelige-vilkar.pdf""]","[""catalog/sources/vehicle-extensions/gjensidige-tilhenger-kasko-alminnelige-vilkar.pdf""]","[""catalog/sources/vehicle-extensions/gjensidige-tilhenger-kasko-alminnelige-vilkar.pdf"", ""catalog/sources/vehicle-extensions/gjensidige-MOT09.pdf"", ""catalog/sources/vehicle-extensions/gjensidige-tilhengerforsikring.html""]",[],Exact component/type checked; no automatic cross-product inheritance,COMPLETE_WITH_RECORDED_GAPS,True,Completeapplicablelocalpackage readsourcefirst60rules;56/85pagesverifiedexactreuseplusall29newpagesand3HTML. Exacttypedinheritance/reverseclaimschecked; campingIPIDconflictsnotnormalized. NoaddonIDsinactualcatalog;sourceoptionalfeatures inventoriedwithoutinventingcomponents.
"[""frende"",""snøscooter"",""ordinary"",""frende-snoscooter-ansvar"",""2026-01-01""]",frende-snoscooter-ansvar,ordinary,"[""vehicle:frende-SnowmobileInsurance.pdf""]","[""catalog/sources/vehicle-extensions/frende-SnowmobileInsurance.pdf""]","[""catalog/sources/vehicle-extensions/frende-SnowmobileInsurance.pdf"", ""catalog/sources/vehicle-extensions/frende-snoscooterforsikring.html"", ""catalog/sources/vehicle-extensions/frende-Generelle_vilkår-01012026.pdf""]",[],Exact component/type checked; no automatic cross-product inheritance,COMPLETE_WITH_RECORDED_GAPS,True,"Seven-product extension audit closure: shared full15p and general4p reused by verified hash; full exact HTML reviewed source-first; all existing 3–12 claims reverse checked. No modeled addons. Snow optional accident availability inventoried as missing, not selected. Trailer deductible and generic Kasko key applicability recorded as REVIEW_REQUIRED; uncertainty is not silently resolved. Delkasko/glass/rental/machine/new-value Bil rules intentionally not transferred. Completeness means review closure with findings, not gap-free product."
"[""frende"",""snøscooter"",""ordinary"",""frende-snoscooter-brann-og-tyveri"",""2026-01-01""]",frende-snoscooter-brann-og-tyveri,ordinary,"[""vehicle:frende-SnowmobileInsurance.pdf""]","[""catalog/sources/vehicle-extensions/frende-SnowmobileInsurance.pdf""]","[""catalog/sources/vehicle-extensions/frende-SnowmobileInsurance.pdf"", ""catalog/sources/vehicle-extensions/frende-snoscooterforsikring.html"", ""catalog/sources/vehicle-extensions/frende-Generelle_vilkår-01012026.pdf""]",[],Exact component/type checked; no automatic cross-product inheritance,COMPLETE_WITH_RECORDED_GAPS,True,"Seven-product extension audit closure: shared full15p and general4p reused by verified hash; full exact HTML reviewed source-first; all existing 3–12 claims reverse checked. No modeled addons. Snow optional accident availability inventoried as missing, not selected. Trailer deductible and generic Kasko key applicability recorded as REVIEW_REQUIRED; uncertainty is not silently resolved. Delkasko/glass/rental/machine/new-value Bil rules intentionally not transferred. Completeness means review closure with findings, not gap-free product."
"[""frende"",""snøscooter"",""ordinary"",""frende-snoscooter-kasko"",""2026-01-01""]",frende-snoscooter-kasko,ordinary,"[""vehicle:frende-SnowmobileInsurance.pdf""]","[""catalog/sources/vehicle-extensions/frende-SnowmobileInsurance.pdf""]","[""catalog/sources/vehicle-extensions/frende-SnowmobileInsurance.pdf"", ""catalog/sources/vehicle-extensions/frende-snoscooterforsikring.html"", ""catalog/sources/vehicle-extensions/frende-Generelle_vilkår-01012026.pdf""]",[],Exact component/type checked; no automatic cross-product inheritance,COMPLETE_WITH_RECORDED_GAPS,True,"Seven-product extension audit closure: shared full15p and general4p reused by verified hash; full exact HTML reviewed source-first; all existing 3–12 claims reverse checked. No modeled addons. Snow optional accident availability inventoried as missing, not selected. Trailer deductible and generic Kasko key applicability recorded as REVIEW_REQUIRED; uncertainty is not silently resolved. Delkasko/glass/rental/machine/new-value Bil rules intentionally not transferred. Completeness means review closure with findings, not gap-free product."
"[""frende"",""campingvogn"",""ordinary"",""frende-campingvogn-brann-og-tyveri"",""2026-01-01""]",frende-campingvogn-brann-og-tyveri,ordinary,"[""vehicle:frende-CaravanInsurance.pdf""]","[""catalog/sources/vehicle-extensions/frende-CaravanInsurance.pdf""]","[""catalog/sources/vehicle-extensions/frende-CaravanInsurance.pdf"", ""catalog/sources/vehicle-extensions/frende-campingvognforsikring.html"", ""catalog/sources/vehicle-extensions/frende-Generelle_vilkår-01012026.pdf""]",[],Exact component/type checked; no automatic cross-product inheritance,COMPLETE_WITH_RECORDED_GAPS,True,"Seven-product extension audit closure: shared full15p and general4p reused by verified hash; full exact HTML reviewed source-first; all existing 3–12 claims reverse checked. No modeled addons. Snow optional accident availability inventoried as missing, not selected. Trailer deductible and generic Kasko key applicability recorded as REVIEW_REQUIRED; uncertainty is not silently resolved. Delkasko/glass/rental/machine/new-value Bil rules intentionally not transferred. Completeness means review closure with findings, not gap-free product."
"[""frende"",""campingvogn"",""ordinary"",""frende-campingvogn-kasko"",""2026-01-01""]",frende-campingvogn-kasko,ordinary,"[""vehicle:frende-CaravanInsurance.pdf""]","[""catalog/sources/vehicle-extensions/frende-CaravanInsurance.pdf""]","[""catalog/sources/vehicle-extensions/frende-CaravanInsurance.pdf"", ""catalog/sources/vehicle-extensions/frende-campingvognforsikring.html"", ""catalog/sources/vehicle-extensions/frende-Generelle_vilkår-01012026.pdf""]",[],Exact component/type checked; no automatic cross-product inheritance,COMPLETE_WITH_RECORDED_GAPS,True,"Seven-product extension audit closure: shared full15p and general4p reused by verified hash; full exact HTML reviewed source-first; all existing 3–12 claims reverse checked. No modeled addons. Snow optional accident availability inventoried as missing, not selected. Trailer deductible and generic Kasko key applicability recorded as REVIEW_REQUIRED; uncertainty is not silently resolved. Delkasko/glass/rental/machine/new-value Bil rules intentionally not transferred. Completeness means review closure with findings, not gap-free product."
"[""frende"",""tilhenger"",""ordinary"",""frende-tilhenger-brann-og-tyveri"",""2026-01-01""]",frende-tilhenger-brann-og-tyveri,ordinary,"[""vehicle:frende-TrailerInsurance.pdf""]","[""catalog/sources/vehicle-extensions/frende-TrailerInsurance.pdf""]","[""catalog/sources/vehicle-extensions/frende-TrailerInsurance.pdf"", ""catalog/sources/vehicle-extensions/frende-tilhengerforsikring.html"", ""catalog/sources/vehicle-extensions/frende-Generelle_vilkår-01012026.pdf""]",[],Exact component/type checked; no automatic cross-product inheritance,COMPLETE_WITH_RECORDED_GAPS,True,"Seven-product extension audit closure: shared full15p and general4p reused by verified hash; full exact HTML reviewed source-first; all existing 3–12 claims reverse checked. No modeled addons. Snow optional accident availability inventoried as missing, not selected. Trailer deductible and generic Kasko key applicability recorded as REVIEW_REQUIRED; uncertainty is not silently resolved. Delkasko/glass/rental/machine/new-value Bil rules intentionally not transferred. Completeness means review closure with findings, not gap-free product."
"[""frende"",""tilhenger"",""ordinary"",""frende-tilhenger-kasko"",""2026-01-01""]",frende-tilhenger-kasko,ordinary,"[""vehicle:frende-TrailerInsurance.pdf""]","[""catalog/sources/vehicle-extensions/frende-TrailerInsurance.pdf""]","[""catalog/sources/vehicle-extensions/frende-TrailerInsurance.pdf"", ""catalog/sources/vehicle-extensions/frende-tilhengerforsikring.html"", ""catalog/sources/vehicle-extensions/frende-Generelle_vilkår-01012026.pdf""]",[],Exact component/type checked; no automatic cross-product inheritance,COMPLETE_WITH_RECORDED_GAPS,True,"Seven-product extension audit closure: shared full15p and general4p reused by verified hash; full exact HTML reviewed source-first; all existing 3–12 claims reverse checked. No modeled addons. Snow optional accident availability inventoried as missing, not selected. Trailer deductible and generic Kasko key applicability recorded as REVIEW_REQUIRED; uncertainty is not silently resolved. Delkasko/glass/rental/machine/new-value Bil rules intentionally not transferred. Completeness means review closure with findings, not gap-free product."
"[""storebrand"",""snøscooter"",""ordinary"",""storebrand-snoscooter-ansvar"",""2025-04-01""]",storebrand-snoscooter-ansvar,ordinary,"[""vehicle:storebrand-vilkar-motorvognforsikring.pdf""]","[""catalog/sources/vehicle-extensions/storebrand-vilkar-motorvognforsikring.pdf""]","[""catalog/sources/vehicle-extensions/storebrand-vilkar-motorvognforsikring.pdf"", ""catalog/sources/storebrand/vilkar-generelle.pdf"", ""catalog/sources/vehicle-extensions/storebrand-mc-forsikring.html""]",[],Exact component/type checked; no automatic cross-product inheritance,COMPLETE_WITH_RECORDED_GAPS,True,"Full33p motor09 plus exacttypeHTML; general11 reusedbyhash.66independent rules; all resolved/inherited/optional facts inspected. Gaps explicitlyclassified. Exactproduct source/reverseinventory closed, with documentedcataloggaps; no onlinefreshness claim."
"[""storebrand"",""snøscooter"",""ordinary"",""storebrand-snoscooter-delkasko"",""2025-04-01""]",storebrand-snoscooter-delkasko,ordinary,"[""vehicle:storebrand-vilkar-motorvognforsikring.pdf""]","[""catalog/sources/vehicle-extensions/storebrand-vilkar-motorvognforsikring.pdf""]","[""catalog/sources/vehicle-extensions/storebrand-vilkar-motorvognforsikring.pdf"", ""catalog/sources/storebrand/vilkar-generelle.pdf"", ""catalog/sources/vehicle-extensions/storebrand-mc-forsikring.html""]",[],Exact component/type checked; no automatic cross-product inheritance,COMPLETE_WITH_RECORDED_GAPS,True,Full33p motor09 plus exacttypeHTML; general11 reusedbyhash.66independent rules; all resolved/inherited/optional facts inspected. Gaps explicitlyclassified. Remaining sourceapplicability: MC/Scooterbagage or Bobilordinarynewvalue or Delkasko10.3 applicability; do notguess. FOLLOW-UP: Targeted closure after original complete66-rule source inventory/full33-page pass: Scooter ordinary bagage confirmed by explicit all-type scope; MCweb excluded as inapplicable. No unresolved ordinary bagage question remains.
"[""storebrand"",""snøscooter"",""ordinary"",""storebrand-snoscooter-kasko"",""2025-04-01""]",storebrand-snoscooter-kasko,ordinary,"[""vehicle:storebrand-vilkar-motorvognforsikring.pdf""]","[""catalog/sources/vehicle-extensions/storebrand-vilkar-motorvognforsikring.pdf""]","[""catalog/sources/vehicle-extensions/storebrand-vilkar-motorvognforsikring.pdf"", ""catalog/sources/storebrand/vilkar-generelle.pdf"", ""catalog/sources/vehicle-extensions/storebrand-mc-forsikring.html""]",[],Exact component/type checked; no automatic cross-product inheritance,COMPLETE_WITH_RECORDED_GAPS,True,Full33p motor09 plus exacttypeHTML; general11 reusedbyhash.66independent rules; all resolved/inherited/optional facts inspected. Gaps explicitlyclassified. Remaining sourceapplicability: MC/Scooterbagage or Bobilordinarynewvalue or Delkasko10.3 applicability; do notguess. FOLLOW-UP: Targeted closure after original complete66-rule source inventory/full33-page pass: Scooter ordinary bagage confirmed by explicit all-type scope; MCweb excluded as inapplicable. No unresolved ordinary bagage question remains.
"[""storebrand"",""campingvogn"",""ordinary"",""storebrand-campingvogn-brann-og-tyveri"",""2026-03-01""]",storebrand-campingvogn-brann-og-tyveri,ordinary,"[""vehicle:storebrand-vilkar-campingvogn-og-tilhenger.pdf""]","[""catalog/sources/vehicle-extensions/storebrand-vilkar-campingvogn-og-tilhenger.pdf""]","[""catalog/sources/vehicle-extensions/storebrand-vilkar-campingvogn-og-tilhenger.pdf"", ""catalog/sources/vehicle-extensions/storebrand-campingvognforsikring.html"", ""catalog/sources/vehicle-extensions/storebrand-vilkar-generelle.pdf""]",[],Exact component/type checked; no automatic cross-product inheritance,COMPLETE_WITH_RECORDED_GAPS,True,"Full 15-page camp02, exact product HTML and general11 by verified shared hash. 38 independent rules; all resolved facts, optional catalog availability and exact type applicability checked. Package closed with recorded gaps."
"[""storebrand"",""campingvogn"",""ordinary"",""storebrand-campingvogn-kasko"",""2026-03-01""]",storebrand-campingvogn-kasko,ordinary,"[""vehicle:storebrand-vilkar-campingvogn-og-tilhenger.pdf""]","[""catalog/sources/vehicle-extensions/storebrand-vilkar-campingvogn-og-tilhenger.pdf""]","[""catalog/sources/vehicle-extensions/storebrand-vilkar-campingvogn-og-tilhenger.pdf"", ""catalog/sources/vehicle-extensions/storebrand-campingvognforsikring.html"", ""catalog/sources/vehicle-extensions/storebrand-vilkar-generelle.pdf""]",[],Exact component/type checked; no automatic cross-product inheritance,COMPLETE_WITH_RECORDED_GAPS,True,"Full 15-page camp02, exact product HTML and general11 by verified shared hash. 38 independent rules; all resolved facts, optional catalog availability and exact type applicability checked. Package closed with recorded gaps."
"[""storebrand"",""campingvogn"",""ordinary"",""storebrand-campingvogn-super"",""2026-03-01""]",storebrand-campingvogn-super,ordinary,"[""vehicle:storebrand-vilkar-campingvogn-og-tilhenger.pdf""]","[""catalog/sources/vehicle-extensions/storebrand-vilkar-campingvogn-og-tilhenger.pdf""]","[""catalog/sources/vehicle-extensions/storebrand-vilkar-campingvogn-og-tilhenger.pdf"", ""catalog/sources/vehicle-extensions/storebrand-campingvognforsikring.html"", ""catalog/sources/vehicle-extensions/storebrand-vilkar-generelle.pdf""]",[],Exact component/type checked; no automatic cross-product inheritance,COMPLETE_WITH_RECORDED_GAPS,True,"Full 15-page camp02, exact product HTML and general11 by verified shared hash. 38 independent rules; all resolved facts, optional catalog availability and exact type applicability checked. Unclosed: Super contents sum conflict or Tilhenger website/full-term roadside/deductible scope conflict. No assumed reconciliation. FOLLOW-UP CLOSURE: 38-rule inventory and every53catalog claim were already checked. Remaining SC007 source conflicts have no additional applicable local evidence. Closed available-local audit with SOURCE_RESEARCH_REQUIRED, not a claim the conflicting coverages are known. Trailer redning/fire-deductible reverse claims remain conflict status; no arbitrary precedence."
"[""storebrand"",""tilhenger"",""ordinary"",""storebrand-tilhenger-brann-og-tyveri"",""2026-03-01""]",storebrand-tilhenger-brann-og-tyveri,ordinary,"[""vehicle:storebrand-vilkar-campingvogn-og-tilhenger.pdf""]","[""catalog/sources/vehicle-extensions/storebrand-vilkar-campingvogn-og-tilhenger.pdf""]","[""catalog/sources/vehicle-extensions/storebrand-vilkar-campingvogn-og-tilhenger.pdf"", ""catalog/sources/vehicle-extensions/storebrand-tilhengerforsikring.html"", ""catalog/sources/vehicle-extensions/storebrand-vilkar-generelle.pdf""]",[],Exact component/type checked; no automatic cross-product inheritance,COMPLETE_WITH_RECORDED_GAPS,True,"Full 15-page camp02, exact product HTML and general11 by verified shared hash. 38 independent rules; all resolved facts, optional catalog availability and exact type applicability checked. Unclosed: Super contents sum conflict or Tilhenger website/full-term roadside/deductible scope conflict. No assumed reconciliation. FOLLOW-UP CLOSURE: 38-rule inventory and every53catalog claim were already checked. Remaining SC007 source conflicts have no additional applicable local evidence. Closed available-local audit with SOURCE_RESEARCH_REQUIRED, not a claim the conflicting coverages are known. Trailer redning/fire-deductible reverse claims remain conflict status; no arbitrary precedence."
"[""storebrand"",""tilhenger"",""ordinary"",""storebrand-tilhenger-kasko"",""2026-03-01""]",storebrand-tilhenger-kasko,ordinary,"[""vehicle:storebrand-vilkar-campingvogn-og-tilhenger.pdf""]","[""catalog/sources/vehicle-extensions/storebrand-vilkar-campingvogn-og-tilhenger.pdf""]","[""catalog/sources/vehicle-extensions/storebrand-vilkar-campingvogn-og-tilhenger.pdf"", ""catalog/sources/vehicle-extensions/storebrand-tilhengerforsikring.html"", ""catalog/sources/vehicle-extensions/storebrand-vilkar-generelle.pdf""]",[],Exact component/type checked; no automatic cross-product inheritance,COMPLETE_WITH_RECORDED_GAPS,True,"Full 15-page camp02, exact product HTML and general11 by verified shared hash. 38 independent rules; all resolved facts, optional catalog availability and exact type applicability checked. Unclosed: Super contents sum conflict or Tilhenger website/full-term roadside/deductible scope conflict. No assumed reconciliation. FOLLOW-UP CLOSURE: 38-rule inventory and every53catalog claim were already checked. Remaining SC007 source conflicts have no additional applicable local evidence. Closed available-local audit with SOURCE_RESEARCH_REQUIRED, not a claim the conflicting coverages are known. Trailer redning/fire-deductible reverse claims remain conflict status; no arbitrary precedence."
"[""if"",""snøscooter"",""ordinary"",""if-snoscooter-ansvar"",""2024-03""]",if-snoscooter-ansvar,ordinary,"[""vehicle:if-Vilkaar-4103ea25.pdf""]","[""catalog/sources/vehicle-extensions/if-Vilkaar-4103ea25.pdf""]","[""catalog/sources/vehicle-extensions/if-Vilkaar-4103ea25.pdf"", ""catalog/sources/vehicle-extensions/if-Vilkaar-df7c20ba.pdf"", ""catalog/sources/vehicle-extensions/if-snoscooterforsikring.html"", ""catalog/sources/mc-bobil/if-SV692.pdf""]",[],Exact component/type checked; no automatic cross-product inheritance,COMPLETE_WITH_RECORDED_GAPS,True,"Hele relevanteMOT/GEN/særvilkår og egen produktside gjennomgått; SV692 eksplisittsnøscooter ogSV707 eksplisittcamping selv om ikke koblet i denne katalogen. Eksakt type/nivåmaterialitet vurdert, ikke overførte kilometerregler til tilhenger/camping. Uklare anvendelser og konflikter registrert. Ingen kildefiler endret."
"[""if"",""snøscooter"",""ordinary"",""if-snoscooter-delkasko"",""2024-03""]",if-snoscooter-delkasko,ordinary,"[""vehicle:if-Vilkaar-4103ea25.pdf""]","[""catalog/sources/vehicle-extensions/if-Vilkaar-4103ea25.pdf""]","[""catalog/sources/vehicle-extensions/if-Vilkaar-4103ea25.pdf"", ""catalog/sources/vehicle-extensions/if-Vilkaar-df7c20ba.pdf"", ""catalog/sources/vehicle-extensions/if-snoscooterforsikring.html"", ""catalog/sources/mc-bobil/if-SV692.pdf""]",[],Exact component/type checked; no automatic cross-product inheritance,COMPLETE_WITH_RECORDED_GAPS,True,"Hele relevanteMOT/GEN/særvilkår og egen produktside gjennomgått; SV692 eksplisittsnøscooter ogSV707 eksplisittcamping selv om ikke koblet i denne katalogen. Eksakt type/nivåmaterialitet vurdert, ikke overførte kilometerregler til tilhenger/camping. Uklare anvendelser og konflikter registrert. Ingen kildefiler endret."
"[""if"",""snøscooter"",""ordinary"",""if-snoscooter-kasko"",""2024-03""]",if-snoscooter-kasko,ordinary,"[""vehicle:if-Vilkaar-4103ea25.pdf""]","[""catalog/sources/vehicle-extensions/if-Vilkaar-4103ea25.pdf""]","[""catalog/sources/vehicle-extensions/if-Vilkaar-4103ea25.pdf"", ""catalog/sources/vehicle-extensions/if-Vilkaar-df7c20ba.pdf"", ""catalog/sources/vehicle-extensions/if-snoscooterforsikring.html"", ""catalog/sources/mc-bobil/if-SV692.pdf""]",[],Exact component/type checked; no automatic cross-product inheritance,COMPLETE_WITH_RECORDED_GAPS,True,"Hele relevanteMOT/GEN/særvilkår og egen produktside gjennomgått; SV692 eksplisittsnøscooter ogSV707 eksplisittcamping selv om ikke koblet i denne katalogen. Eksakt type/nivåmaterialitet vurdert, ikke overførte kilometerregler til tilhenger/camping. Uklare anvendelser og konflikter registrert. Ingen kildefiler endret."
"[""if"",""campingvogn"",""ordinary"",""if-campingvogn-delkasko"",""2024-03""]",if-campingvogn-delkasko,ordinary,"[""vehicle:if-Vilkaar-4103ea25.pdf""]","[""catalog/sources/vehicle-extensions/if-Vilkaar-4103ea25.pdf""]","[""catalog/sources/vehicle-extensions/if-Vilkaar-4103ea25.pdf"", ""catalog/sources/vehicle-extensions/if-Vilkaar-df7c20ba.pdf"", ""catalog/sources/vehicle-extensions/if-campingvognforsikring.html"", ""catalog/sources/mc-bobil/if-SV707.pdf""]",[],Exact component/type checked; no automatic cross-product inheritance,COMPLETE_WITH_RECORDED_GAPS,True,"Hele relevanteMOT/GEN/særvilkår og egen produktside gjennomgått; SV692 eksplisittsnøscooter ogSV707 eksplisittcamping selv om ikke koblet i denne katalogen. Eksakt type/nivåmaterialitet vurdert, ikke overførte kilometerregler til tilhenger/camping. Uklare anvendelser og konflikter registrert. Ingen kildefiler endret."
"[""if"",""campingvogn"",""ordinary"",""if-campingvogn-kasko"",""2024-03""]",if-campingvogn-kasko,ordinary,"[""vehicle:if-Vilkaar-4103ea25.pdf""]","[""catalog/sources/vehicle-extensions/if-Vilkaar-4103ea25.pdf""]","[""catalog/sources/vehicle-extensions/if-Vilkaar-4103ea25.pdf"", ""catalog/sources/vehicle-extensions/if-Vilkaar-df7c20ba.pdf"", ""catalog/sources/vehicle-extensions/if-campingvognforsikring.html"", ""catalog/sources/mc-bobil/if-SV707.pdf""]",[],Exact component/type checked; no automatic cross-product inheritance,COMPLETE_WITH_RECORDED_GAPS,True,"Hele relevanteMOT/GEN/særvilkår og egen produktside gjennomgått; SV692 eksplisittsnøscooter ogSV707 eksplisittcamping selv om ikke koblet i denne katalogen. Eksakt type/nivåmaterialitet vurdert, ikke overførte kilometerregler til tilhenger/camping. Uklare anvendelser og konflikter registrert. Ingen kildefiler endret."
"[""if"",""campingvogn"",""ordinary"",""if-campingvogn-super"",""2024-03""]",if-campingvogn-super,ordinary,"[""vehicle:if-Vilkaar-4103ea25.pdf""]","[""catalog/sources/vehicle-extensions/if-Vilkaar-4103ea25.pdf""]","[""catalog/sources/vehicle-extensions/if-Vilkaar-4103ea25.pdf"", ""catalog/sources/vehicle-extensions/if-Vilkaar-df7c20ba.pdf"", ""catalog/sources/vehicle-extensions/if-campingvognforsikring.html"", ""catalog/sources/mc-bobil/if-SV707.pdf""]",[],Exact component/type checked; no automatic cross-product inheritance,COMPLETE_WITH_RECORDED_GAPS,True,"Hele relevanteMOT/GEN/særvilkår og egen produktside gjennomgått; SV692 eksplisittsnøscooter ogSV707 eksplisittcamping selv om ikke koblet i denne katalogen. Eksakt type/nivåmaterialitet vurdert, ikke overførte kilometerregler til tilhenger/camping. Uklare anvendelser og konflikter registrert. Ingen kildefiler endret."
"[""if"",""tilhenger"",""ordinary"",""if-tilhenger-delkasko"",""2024-03""]",if-tilhenger-delkasko,ordinary,"[""vehicle:if-Vilkaar-4103ea25.pdf"", ""vehicle:if-Vilkaar-b7d19ed7.pdf""]","[""catalog/sources/vehicle-extensions/if-Vilkaar-4103ea25.pdf"", ""catalog/sources/vehicle-extensions/if-Vilkaar-b7d19ed7.pdf""]","[""catalog/sources/vehicle-extensions/if-Vilkaar-4103ea25.pdf"", ""catalog/sources/vehicle-extensions/if-Vilkaar-df7c20ba.pdf"", ""catalog/sources/vehicle-extensions/if-tilhengerforsikring.html"", ""catalog/sources/vehicle-extensions/if-Vilkaar-b7d19ed7.pdf""]",[],Exact component/type checked; no automatic cross-product inheritance,COMPLETE_WITH_RECORDED_GAPS,True,"Hele relevanteMOT/GEN/særvilkår og egen produktside gjennomgått; SV692 eksplisittsnøscooter ogSV707 eksplisittcamping selv om ikke koblet i denne katalogen. Eksakt type/nivåmaterialitet vurdert, ikke overførte kilometerregler til tilhenger/camping. Uklare anvendelser og konflikter registrert. Ingen kildefiler endret."
"[""if"",""tilhenger"",""ordinary"",""if-tilhenger-kasko"",""2024-03""]",if-tilhenger-kasko,ordinary,"[""vehicle:if-Vilkaar-4103ea25.pdf"", ""vehicle:if-Vilkaar-b7d19ed7.pdf""]","[""catalog/sources/vehicle-extensions/if-Vilkaar-4103ea25.pdf"", ""catalog/sources/vehicle-extensions/if-Vilkaar-b7d19ed7.pdf""]","[""catalog/sources/vehicle-extensions/if-Vilkaar-4103ea25.pdf"", ""catalog/sources/vehicle-extensions/if-Vilkaar-df7c20ba.pdf"", ""catalog/sources/vehicle-extensions/if-tilhengerforsikring.html"", ""catalog/sources/vehicle-extensions/if-Vilkaar-b7d19ed7.pdf""]",[],Exact component/type checked; no automatic cross-product inheritance,COMPLETE_WITH_RECORDED_GAPS,True,"Hele relevanteMOT/GEN/særvilkår og egen produktside gjennomgått; SV692 eksplisittsnøscooter ogSV707 eksplisittcamping selv om ikke koblet i denne katalogen. Eksakt type/nivåmaterialitet vurdert, ikke overførte kilometerregler til tilhenger/camping. Uklare anvendelser og konflikter registrert. Ingen kildefiler endret."
"[""eika-fremtind"",""snøscooter"",""ordinary"",""eika-fremtind-snoscooter-ansvar"",""2023-10-29""]",eika-fremtind-snoscooter-ansvar,ordinary,"[""vehicle:fremtind-IPID_Snoscooter.pdf"", ""vehicle:fremtind-Vilkar_Kasko_Snoscooter.pdf""]","[""catalog/sources/vehicle-extensions/fremtind-IPID_Snoscooter.pdf"", ""catalog/sources/vehicle-extensions/fremtind-Vilkar_Kasko_Snoscooter.pdf""]","[""catalog/sources/vehicle-extensions/fremtind-Vilkar_Kasko_Snoscooter.pdf"", ""catalog/sources/vehicle-extensions/fremtind-IPID_Snoscooter.pdf""]",[],Exact component/type checked; no automatic cross-product inheritance,COMPLETE_WITH_RECORDED_GAPS,True,44 shared source-first rules with exact type/level filters. Full local package reviewed; MC bonus insert independently read. No MC glass/snø drift/personrental inheritance; no camping fukt/ferie to trailer. Numeric limits and reverse claims checked. Tow IPID liability package gap remains explicitly unresolved; COMPLETE denotes available-local review closure.
"[""eika-fremtind"",""snøscooter"",""ordinary"",""eika-fremtind-snoscooter-minikasko"",""2023-10-29""]",eika-fremtind-snoscooter-minikasko,ordinary,"[""vehicle:fremtind-IPID_Snoscooter.pdf"", ""vehicle:fremtind-Vilkar_Kasko_Snoscooter.pdf""]","[""catalog/sources/vehicle-extensions/fremtind-IPID_Snoscooter.pdf"", ""catalog/sources/vehicle-extensions/fremtind-Vilkar_Kasko_Snoscooter.pdf""]","[""catalog/sources/vehicle-extensions/fremtind-Vilkar_Kasko_Snoscooter.pdf"", ""catalog/sources/vehicle-extensions/fremtind-IPID_Snoscooter.pdf""]",[],Exact component/type checked; no automatic cross-product inheritance,COMPLETE_WITH_RECORDED_GAPS,True,44 shared source-first rules with exact type/level filters. Full local package reviewed; MC bonus insert independently read. No MC glass/snø drift/personrental inheritance; no camping fukt/ferie to trailer. Numeric limits and reverse claims checked. Tow IPID liability package gap remains explicitly unresolved; COMPLETE denotes available-local review closure.
"[""eika-fremtind"",""snøscooter"",""ordinary"",""eika-fremtind-snoscooter-kasko"",""2023-10-29""]",eika-fremtind-snoscooter-kasko,ordinary,"[""vehicle:fremtind-IPID_Snoscooter.pdf"", ""vehicle:fremtind-Vilkar_Kasko_Snoscooter.pdf""]","[""catalog/sources/vehicle-extensions/fremtind-IPID_Snoscooter.pdf"", ""catalog/sources/vehicle-extensions/fremtind-Vilkar_Kasko_Snoscooter.pdf""]","[""catalog/sources/vehicle-extensions/fremtind-Vilkar_Kasko_Snoscooter.pdf"", ""catalog/sources/vehicle-extensions/fremtind-IPID_Snoscooter.pdf""]",[],Exact component/type checked; no automatic cross-product inheritance,COMPLETE_WITH_RECORDED_GAPS,True,44 shared source-first rules with exact type/level filters. Full local package reviewed; MC bonus insert independently read. No MC glass/snø drift/personrental inheritance; no camping fukt/ferie to trailer. Numeric limits and reverse claims checked. Tow IPID liability package gap remains explicitly unresolved; COMPLETE denotes available-local review closure.
"[""eika-fremtind"",""campingvogn"",""ordinary"",""eika-fremtind-campingvogn-minikasko"",""2024-03-21""]",eika-fremtind-campingvogn-minikasko,ordinary,"[""vehicle:fremtind-Vilkar_Kasko_Campingvogn_og_Tilhenger.pdf""]","[""catalog/sources/vehicle-extensions/fremtind-Vilkar_Kasko_Campingvogn_og_Tilhenger.pdf""]","[""catalog/sources/vehicle-extensions/fremtind-Vilkar_Kasko_Campingvogn_og_Tilhenger.pdf"", ""catalog/sources/vehicle-extensions/fremtind-IPID_Tilhenger_Campingvogn.pdf""]",[],Exact component/type checked; no automatic cross-product inheritance,COMPLETE_WITH_RECORDED_GAPS,True,44 shared source-first rules with exact type/level filters. Full local package reviewed; MC bonus insert independently read. No MC glass/snø drift/personrental inheritance; no camping fukt/ferie to trailer. Numeric limits and reverse claims checked. Tow IPID liability package gap remains explicitly unresolved; COMPLETE denotes available-local review closure.
"[""eika-fremtind"",""campingvogn"",""ordinary"",""eika-fremtind-campingvogn-kasko"",""2024-03-21""]",eika-fremtind-campingvogn-kasko,ordinary,"[""vehicle:fremtind-Vilkar_Kasko_Campingvogn_og_Tilhenger.pdf""]","[""catalog/sources/vehicle-extensions/fremtind-Vilkar_Kasko_Campingvogn_og_Tilhenger.pdf""]","[""catalog/sources/vehicle-extensions/fremtind-Vilkar_Kasko_Campingvogn_og_Tilhenger.pdf"", ""catalog/sources/vehicle-extensions/fremtind-IPID_Tilhenger_Campingvogn.pdf""]",[],Exact component/type checked; no automatic cross-product inheritance,COMPLETE_WITH_RECORDED_GAPS,True,44 shared source-first rules with exact type/level filters. Full local package reviewed; MC bonus insert independently read. No MC glass/snø drift/personrental inheritance; no camping fukt/ferie to trailer. Numeric limits and reverse claims checked. Tow IPID liability package gap remains explicitly unresolved; COMPLETE denotes available-local review closure.
"[""eika-fremtind"",""tilhenger"",""ordinary"",""eika-fremtind-tilhenger-kasko"",""2024-03-21""]",eika-fremtind-tilhenger-kasko,ordinary,"[""vehicle:fremtind-Vilkar_Kasko_Campingvogn_og_Tilhenger.pdf""]","[""catalog/sources/vehicle-extensions/fremtind-Vilkar_Kasko_Campingvogn_og_Tilhenger.pdf""]","[""catalog/sources/vehicle-extensions/fremtind-Vilkar_Kasko_Campingvogn_og_Tilhenger.pdf"", ""catalog/sources/vehicle-extensions/fremtind-IPID_Tilhenger_Campingvogn.pdf""]",[],Exact component/type checked; no automatic cross-product inheritance,COMPLETE_WITH_RECORDED_GAPS,True,44 shared source-first rules with exact type/level filters. Full local package reviewed; MC bonus insert independently read. No MC glass/snø drift/personrental inheritance; no camping fukt/ferie to trailer. Numeric limits and reverse claims checked. Tow IPID liability package gap remains explicitly unresolved; COMPLETE denotes available-local review closure.
"[""tryg"",""mc"",""ordinary"",""tryg-mc-ansvar"",""2026-07-01""]",tryg-mc-ansvar,ordinary,"[""mcb:tryg:mc:tryg-05PAU20900.pdf"", ""mcb:tryg:mc:tryg-05PAU25003.pdf"", ""mcb:tryg:mc:tryg-05PAU28003.pdf"", ""mcb:tryg:mc:tryg-05PGE91500.pdf""]","[""catalog/sources/mc-bobil/tryg-05PAU20900.pdf"", ""catalog/sources/tryg/Bilforsikring-Ansvar.pdf"", ""catalog/sources/tryg/Fører- og Passasjerulykke.pdf"", ""catalog/sources/tryg/hus/05PGE91500.pdf""]","[""catalog/sources/mc-bobil/tryg-05000PA209.pdf"", ""catalog/sources/mc-bobil/tryg-05PAU20900.pdf"", ""catalog/sources/mc-bobil/tryg-mc-ipid.pdf"", ""catalog/sources/mc-bobil/tryg-mc-product.html"", ""catalog/sources/mc-bobil/tryg-mc-terms-index.html"", ""catalog/sources/tryg/Bilforsikring-Ansvar.pdf"", ""catalog/sources/tryg/Fører- og Passasjerulykke.pdf"", ""catalog/sources/tryg/hus/05PGE91000.pdf"", ""catalog/sources/tryg/hus/05PGE91500.pdf""]","[""catalog/sources/mc-bobil/tryg-05000PA209.pdf"", ""catalog/sources/mc-bobil/tryg-05PAU20900.pdf"", ""catalog/sources/mc-bobil/tryg-05PAU25405.pdf"", ""catalog/sources/mc-bobil/tryg-05PAU25935.pdf"", ""catalog/sources/mc-bobil/tryg-05PAU27010.pdf"", ""catalog/sources/mc-bobil/tryg-mc-ipid.pdf"", ""catalog/sources/mc-bobil/tryg-mc-product.html"", ""catalog/sources/mc-bobil/tryg-mc-terms-index.html"", ""catalog/sources/tryg/Bilforsikring-Ansvar.pdf"", ""catalog/sources/tryg/Fører- og Passasjerulykke.pdf"", ""catalog/sources/tryg/hus/05PGE91000.pdf"", ""catalog/sources/tryg/hus/05PGE91500.pdf""]",Exact component/type checked; no automatic cross-product inheritance,COMPLETE_WITH_RECORDED_GAPS,True,61source-firstrulesplussharedaccident/legal. Full16dedicatedsourcesread;priorpartialruleIDsreused. StrongpositivecontrolsMC1yr10kkm/Bobilnoinventednyverdi;MCconditional500konlyifoptionalaccident;Bobilholiday2k14dnotordinaryrental. LocalconflictsMCgeography/Bobilderegistration/eligibilityandagewordingrecorded;nofreshnessclaim.
"[""tryg"",""mc"",""ordinary"",""tryg-mc-delkasko"",""2026-01-01""]",tryg-mc-delkasko,ordinary,"[""mcb:tryg:mc:tryg-05PAU20900.pdf"", ""mcb:tryg:mc:tryg-05PAU25003.pdf"", ""mcb:tryg:mc:tryg-05PAU25935.pdf"", ""mcb:tryg:mc:tryg-05PAU28003.pdf"", ""mcb:tryg:mc:tryg-05PGE91500.pdf""]","[""catalog/sources/mc-bobil/tryg-05PAU20900.pdf"", ""catalog/sources/mc-bobil/tryg-05PAU25935.pdf"", ""catalog/sources/tryg/Bilforsikring-Ansvar.pdf"", ""catalog/sources/tryg/Fører- og Passasjerulykke.pdf"", ""catalog/sources/tryg/hus/05PGE91500.pdf""]","[""catalog/sources/mc-bobil/tryg-05000PA209.pdf"", ""catalog/sources/mc-bobil/tryg-05PAU20900.pdf"", ""catalog/sources/mc-bobil/tryg-05PAU25935.pdf"", ""catalog/sources/mc-bobil/tryg-mc-ipid.pdf"", ""catalog/sources/mc-bobil/tryg-mc-product.html"", ""catalog/sources/mc-bobil/tryg-mc-terms-index.html"", ""catalog/sources/tryg/Bilforsikring-Ansvar.pdf"", ""catalog/sources/tryg/Fører- og Passasjerulykke.pdf"", ""catalog/sources/tryg/hus/05PGE91000.pdf"", ""catalog/sources/tryg/hus/05PGE91500.pdf""]","[""catalog/sources/mc-bobil/tryg-05000PA209.pdf"", ""catalog/sources/mc-bobil/tryg-05PAU20900.pdf"", ""catalog/sources/mc-bobil/tryg-05PAU25405.pdf"", ""catalog/sources/mc-bobil/tryg-05PAU25935.pdf"", ""catalog/sources/mc-bobil/tryg-05PAU27010.pdf"", ""catalog/sources/mc-bobil/tryg-mc-ipid.pdf"", ""catalog/sources/mc-bobil/tryg-mc-product.html"", ""catalog/sources/mc-bobil/tryg-mc-terms-index.html"", ""catalog/sources/tryg/Bilforsikring-Ansvar.pdf"", ""catalog/sources/tryg/Fører- og Passasjerulykke.pdf"", ""catalog/sources/tryg/hus/05PGE91000.pdf"", ""catalog/sources/tryg/hus/05PGE91500.pdf""]",Exact component/type checked; no automatic cross-product inheritance,COMPLETE_WITH_RECORDED_GAPS,True,61source-firstrulesplussharedaccident/legal. Full16dedicatedsourcesread;priorpartialruleIDsreused. StrongpositivecontrolsMC1yr10kkm/Bobilnoinventednyverdi;MCconditional500konlyifoptionalaccident;Bobilholiday2k14dnotordinaryrental. LocalconflictsMCgeography/Bobilderegistration/eligibilityandagewordingrecorded;nofreshnessclaim.
"[""tryg"",""mc"",""ordinary"",""tryg-mc-kasko"",""2026-07-01""]",tryg-mc-kasko,ordinary,"[""mcb:tryg:mc:tryg-05PAU20900.pdf"", ""mcb:tryg:mc:tryg-05PAU25003.pdf"", ""mcb:tryg:mc:tryg-05PAU25405.pdf"", ""mcb:tryg:mc:tryg-05PAU25935.pdf"", ""mcb:tryg:mc:tryg-05PAU28003.pdf"", ""mcb:tryg:mc:tryg-05PGE91500.pdf""]","[""catalog/sources/mc-bobil/tryg-05PAU20900.pdf"", ""catalog/sources/mc-bobil/tryg-05PAU25405.pdf"", ""catalog/sources/mc-bobil/tryg-05PAU25935.pdf"", ""catalog/sources/tryg/Bilforsikring-Ansvar.pdf"", ""catalog/sources/tryg/Fører- og Passasjerulykke.pdf"", ""catalog/sources/tryg/hus/05PGE91500.pdf""]","[""catalog/sources/mc-bobil/tryg-05000PA209.pdf"", ""catalog/sources/mc-bobil/tryg-05PAU20900.pdf"", ""catalog/sources/mc-bobil/tryg-05PAU25405.pdf"", ""catalog/sources/mc-bobil/tryg-mc-ipid.pdf"", ""catalog/sources/mc-bobil/tryg-mc-product.html"", ""catalog/sources/mc-bobil/tryg-mc-terms-index.html"", ""catalog/sources/tryg/Bilforsikring-Ansvar.pdf"", ""catalog/sources/tryg/Fører- og Passasjerulykke.pdf"", ""catalog/sources/tryg/hus/05PGE91000.pdf"", ""catalog/sources/tryg/hus/05PGE91500.pdf""]","[""catalog/sources/mc-bobil/tryg-05000PA209.pdf"", ""catalog/sources/mc-bobil/tryg-05PAU20900.pdf"", ""catalog/sources/mc-bobil/tryg-05PAU25405.pdf"", ""catalog/sources/mc-bobil/tryg-05PAU25935.pdf"", ""catalog/sources/mc-bobil/tryg-05PAU27010.pdf"", ""catalog/sources/mc-bobil/tryg-mc-ipid.pdf"", ""catalog/sources/mc-bobil/tryg-mc-product.html"", ""catalog/sources/mc-bobil/tryg-mc-terms-index.html"", ""catalog/sources/tryg/Bilforsikring-Ansvar.pdf"", ""catalog/sources/tryg/Fører- og Passasjerulykke.pdf"", ""catalog/sources/tryg/hus/05PGE91000.pdf"", ""catalog/sources/tryg/hus/05PGE91500.pdf""]",Exact component/type checked; no automatic cross-product inheritance,COMPLETE_WITH_RECORDED_GAPS,True,61source-firstrulesplussharedaccident/legal. Full16dedicatedsourcesread;priorpartialruleIDsreused. StrongpositivecontrolsMC1yr10kkm/Bobilnoinventednyverdi;MCconditional500konlyifoptionalaccident;Bobilholiday2k14dnotordinaryrental. LocalconflictsMCgeography/Bobilderegistration/eligibilityandagewordingrecorded;nofreshnessclaim.
"[""tryg"",""mc"",""ordinary"",""tryg-mc-mc-ekstra"",""2026-07-01""]",tryg-mc-mc-ekstra,ordinary,"[""mcb:tryg:mc:tryg-05PAU20900.pdf"", ""mcb:tryg:mc:tryg-05PAU25003.pdf"", ""mcb:tryg:mc:tryg-05PAU25405.pdf"", ""mcb:tryg:mc:tryg-05PAU25935.pdf"", ""mcb:tryg:mc:tryg-05PAU27010.pdf"", ""mcb:tryg:mc:tryg-05PAU28003.pdf"", ""mcb:tryg:mc:tryg-05PGE91500.pdf""]","[""catalog/sources/mc-bobil/tryg-05PAU20900.pdf"", ""catalog/sources/mc-bobil/tryg-05PAU25405.pdf"", ""catalog/sources/mc-bobil/tryg-05PAU25935.pdf"", ""catalog/sources/mc-bobil/tryg-05PAU27010.pdf"", ""catalog/sources/tryg/Bilforsikring-Ansvar.pdf"", ""catalog/sources/tryg/Fører- og Passasjerulykke.pdf"", ""catalog/sources/tryg/hus/05PGE91500.pdf""]","[""catalog/sources/mc-bobil/tryg-05000PA209.pdf"", ""catalog/sources/mc-bobil/tryg-05PAU20900.pdf"", ""catalog/sources/mc-bobil/tryg-05PAU25405.pdf"", ""catalog/sources/mc-bobil/tryg-05PAU27010.pdf"", ""catalog/sources/mc-bobil/tryg-mc-ipid.pdf"", ""catalog/sources/mc-bobil/tryg-mc-product.html"", ""catalog/sources/mc-bobil/tryg-mc-terms-index.html"", ""catalog/sources/tryg/Bilforsikring-Ansvar.pdf"", ""catalog/sources/tryg/Fører- og Passasjerulykke.pdf"", ""catalog/sources/tryg/hus/05PGE91000.pdf"", ""catalog/sources/tryg/hus/05PGE91500.pdf""]","[""catalog/sources/mc-bobil/tryg-05000PA209.pdf"", ""catalog/sources/mc-bobil/tryg-05PAU20900.pdf"", ""catalog/sources/mc-bobil/tryg-05PAU25405.pdf"", ""catalog/sources/mc-bobil/tryg-05PAU25935.pdf"", ""catalog/sources/mc-bobil/tryg-05PAU27010.pdf"", ""catalog/sources/mc-bobil/tryg-mc-ipid.pdf"", ""catalog/sources/mc-bobil/tryg-mc-product.html"", ""catalog/sources/mc-bobil/tryg-mc-terms-index.html"", ""catalog/sources/tryg/Bilforsikring-Ansvar.pdf"", ""catalog/sources/tryg/Fører- og Passasjerulykke.pdf"", ""catalog/sources/tryg/hus/05PGE91000.pdf"", ""catalog/sources/tryg/hus/05PGE91500.pdf""]",Exact component/type checked; no automatic cross-product inheritance,COMPLETE_WITH_RECORDED_GAPS,True,61source-firstrulesplussharedaccident/legal. Full16dedicatedsourcesread;priorpartialruleIDsreused. StrongpositivecontrolsMC1yr10kkm/Bobilnoinventednyverdi;MCconditional500konlyifoptionalaccident;Bobilholiday2k14dnotordinaryrental. LocalconflictsMCgeography/Bobilderegistration/eligibilityandagewordingrecorded;nofreshnessclaim.
"[""tryg"",""bobil"",""ordinary"",""tryg-bobil-ansvar"",""2026-07-01""]",tryg-bobil-ansvar,ordinary,"[""mcb:tryg:bobil:tryg-05PAU18800.pdf"", ""mcb:tryg:bobil:tryg-05PAU25003.pdf"", ""mcb:tryg:bobil:tryg-05PAU28003.pdf"", ""mcb:tryg:bobil:tryg-05PGE91500.pdf""]","[""catalog/sources/mc-bobil/tryg-05PAU18800.pdf"", ""catalog/sources/tryg/Bilforsikring-Ansvar.pdf"", ""catalog/sources/tryg/Fører- og Passasjerulykke.pdf"", ""catalog/sources/tryg/hus/05PGE91500.pdf""]","[""catalog/sources/mc-bobil/tryg-05000PA188.pdf"", ""catalog/sources/mc-bobil/tryg-05PAU18800.pdf"", ""catalog/sources/mc-bobil/tryg-bobil-ipid.pdf"", ""catalog/sources/mc-bobil/tryg-bobil-product.html"", ""catalog/sources/mc-bobil/tryg-bobil-terms-index.html"", ""catalog/sources/tryg/Bilforsikring-Ansvar.pdf"", ""catalog/sources/tryg/Fører- og Passasjerulykke.pdf"", ""catalog/sources/tryg/hus/05PGE91000.pdf"", ""catalog/sources/tryg/hus/05PGE91500.pdf""]","[""catalog/sources/mc-bobil/tryg-05000PA188.pdf"", ""catalog/sources/mc-bobil/tryg-05PAU18800.pdf"", ""catalog/sources/mc-bobil/tryg-05PAU25305.pdf"", ""catalog/sources/mc-bobil/tryg-05PAU25335.pdf"", ""catalog/sources/mc-bobil/tryg-05PAU27007.pdf"", ""catalog/sources/mc-bobil/tryg-bobil-ipid.pdf"", ""catalog/sources/mc-bobil/tryg-bobil-product.html"", ""catalog/sources/mc-bobil/tryg-bobil-terms-index.html"", ""catalog/sources/tryg/Bilforsikring-Ansvar.pdf"", ""catalog/sources/tryg/Bilforsikring-Maskinskade.pdf"", ""catalog/sources/tryg/Fører- og Passasjerulykke.pdf"", ""catalog/sources/tryg/hus/05PGE91000.pdf"", ""catalog/sources/tryg/hus/05PGE91500.pdf""]",Exact component/type checked; no automatic cross-product inheritance,COMPLETE_WITH_RECORDED_GAPS,True,61source-firstrulesplussharedaccident/legal. Full16dedicatedsourcesread;priorpartialruleIDsreused. StrongpositivecontrolsMC1yr10kkm/Bobilnoinventednyverdi;MCconditional500konlyifoptionalaccident;Bobilholiday2k14dnotordinaryrental. LocalconflictsMCgeography/Bobilderegistration/eligibilityandagewordingrecorded;nofreshnessclaim.
"[""tryg"",""bobil"",""ordinary"",""tryg-bobil-delkasko"",""2026-01-01""]",tryg-bobil-delkasko,ordinary,"[""mcb:tryg:bobil:tryg-05PAU18800.pdf"", ""mcb:tryg:bobil:tryg-05PAU25003.pdf"", ""mcb:tryg:bobil:tryg-05PAU25335.pdf"", ""mcb:tryg:bobil:tryg-05PAU28003.pdf"", ""mcb:tryg:bobil:tryg-05PGE91500.pdf""]","[""catalog/sources/mc-bobil/tryg-05PAU18800.pdf"", ""catalog/sources/mc-bobil/tryg-05PAU25335.pdf"", ""catalog/sources/tryg/Bilforsikring-Ansvar.pdf"", ""catalog/sources/tryg/Fører- og Passasjerulykke.pdf"", ""catalog/sources/tryg/hus/05PGE91500.pdf""]","[""catalog/sources/mc-bobil/tryg-05000PA188.pdf"", ""catalog/sources/mc-bobil/tryg-05PAU18800.pdf"", ""catalog/sources/mc-bobil/tryg-05PAU25335.pdf"", ""catalog/sources/mc-bobil/tryg-bobil-ipid.pdf"", ""catalog/sources/mc-bobil/tryg-bobil-product.html"", ""catalog/sources/mc-bobil/tryg-bobil-terms-index.html"", ""catalog/sources/tryg/Bilforsikring-Ansvar.pdf"", ""catalog/sources/tryg/Fører- og Passasjerulykke.pdf"", ""catalog/sources/tryg/hus/05PGE91000.pdf"", ""catalog/sources/tryg/hus/05PGE91500.pdf""]","[""catalog/sources/mc-bobil/tryg-05000PA188.pdf"", ""catalog/sources/mc-bobil/tryg-05PAU18800.pdf"", ""catalog/sources/mc-bobil/tryg-05PAU25305.pdf"", ""catalog/sources/mc-bobil/tryg-05PAU25335.pdf"", ""catalog/sources/mc-bobil/tryg-05PAU27007.pdf"", ""catalog/sources/mc-bobil/tryg-bobil-ipid.pdf"", ""catalog/sources/mc-bobil/tryg-bobil-product.html"", ""catalog/sources/mc-bobil/tryg-bobil-terms-index.html"", ""catalog/sources/tryg/Bilforsikring-Ansvar.pdf"", ""catalog/sources/tryg/Bilforsikring-Maskinskade.pdf"", ""catalog/sources/tryg/Fører- og Passasjerulykke.pdf"", ""catalog/sources/tryg/hus/05PGE91000.pdf"", ""catalog/sources/tryg/hus/05PGE91500.pdf""]",Exact component/type checked; no automatic cross-product inheritance,COMPLETE_WITH_RECORDED_GAPS,True,61source-firstrulesplussharedaccident/legal. Full16dedicatedsourcesread;priorpartialruleIDsreused. StrongpositivecontrolsMC1yr10kkm/Bobilnoinventednyverdi;MCconditional500konlyifoptionalaccident;Bobilholiday2k14dnotordinaryrental. LocalconflictsMCgeography/Bobilderegistration/eligibilityandagewordingrecorded;nofreshnessclaim.
"[""tryg"",""bobil"",""ordinary"",""tryg-bobil-kasko"",""2026-01-01""]",tryg-bobil-kasko,ordinary,"[""mcb:tryg:bobil:tryg-05PAU18800.pdf"", ""mcb:tryg:bobil:tryg-05PAU25003.pdf"", ""mcb:tryg:bobil:tryg-05PAU25305.pdf"", ""mcb:tryg:bobil:tryg-05PAU25335.pdf"", ""mcb:tryg:bobil:tryg-05PAU27110.pdf"", ""mcb:tryg:bobil:tryg-05PAU28003.pdf"", ""mcb:tryg:bobil:tryg-05PGE91500.pdf""]","[""catalog/sources/mc-bobil/tryg-05PAU18800.pdf"", ""catalog/sources/mc-bobil/tryg-05PAU25305.pdf"", ""catalog/sources/mc-bobil/tryg-05PAU25335.pdf"", ""catalog/sources/tryg/Bilforsikring-Ansvar.pdf"", ""catalog/sources/tryg/Bilforsikring-Maskinskade.pdf"", ""catalog/sources/tryg/Fører- og Passasjerulykke.pdf"", ""catalog/sources/tryg/hus/05PGE91500.pdf""]","[""catalog/sources/mc-bobil/tryg-05000PA188.pdf"", ""catalog/sources/mc-bobil/tryg-05PAU18800.pdf"", ""catalog/sources/mc-bobil/tryg-05PAU25305.pdf"", ""catalog/sources/mc-bobil/tryg-bobil-ipid.pdf"", ""catalog/sources/mc-bobil/tryg-bobil-product.html"", ""catalog/sources/mc-bobil/tryg-bobil-terms-index.html"", ""catalog/sources/tryg/Bilforsikring-Ansvar.pdf"", ""catalog/sources/tryg/Bilforsikring-Maskinskade.pdf"", ""catalog/sources/tryg/Fører- og Passasjerulykke.pdf"", ""catalog/sources/tryg/hus/05PGE91000.pdf"", ""catalog/sources/tryg/hus/05PGE91500.pdf""]","[""catalog/sources/mc-bobil/tryg-05000PA188.pdf"", ""catalog/sources/mc-bobil/tryg-05PAU18800.pdf"", ""catalog/sources/mc-bobil/tryg-05PAU25305.pdf"", ""catalog/sources/mc-bobil/tryg-05PAU25335.pdf"", ""catalog/sources/mc-bobil/tryg-05PAU27007.pdf"", ""catalog/sources/mc-bobil/tryg-bobil-ipid.pdf"", ""catalog/sources/mc-bobil/tryg-bobil-product.html"", ""catalog/sources/mc-bobil/tryg-bobil-terms-index.html"", ""catalog/sources/tryg/Bilforsikring-Ansvar.pdf"", ""catalog/sources/tryg/Bilforsikring-Maskinskade.pdf"", ""catalog/sources/tryg/Fører- og Passasjerulykke.pdf"", ""catalog/sources/tryg/hus/05PGE91000.pdf"", ""catalog/sources/tryg/hus/05PGE91500.pdf""]",Exact component/type checked; no automatic cross-product inheritance,COMPLETE_WITH_RECORDED_GAPS,True,61source-firstrulesplussharedaccident/legal. Full16dedicatedsourcesread;priorpartialruleIDsreused. StrongpositivecontrolsMC1yr10kkm/Bobilnoinventednyverdi;MCconditional500konlyifoptionalaccident;Bobilholiday2k14dnotordinaryrental. LocalconflictsMCgeography/Bobilderegistration/eligibilityandagewordingrecorded;nofreshnessclaim.
"[""tryg"",""bobil"",""ordinary"",""tryg-bobil-bobil-ekstra"",""2026-07-01""]",tryg-bobil-bobil-ekstra,ordinary,"[""mcb:tryg:bobil:tryg-05PAU18800.pdf"", ""mcb:tryg:bobil:tryg-05PAU25003.pdf"", ""mcb:tryg:bobil:tryg-05PAU25305.pdf"", ""mcb:tryg:bobil:tryg-05PAU25335.pdf"", ""mcb:tryg:bobil:tryg-05PAU27007.pdf"", ""mcb:tryg:bobil:tryg-05PAU27110.pdf"", ""mcb:tryg:bobil:tryg-05PAU28003.pdf"", ""mcb:tryg:bobil:tryg-05PGE91500.pdf""]","[""catalog/sources/mc-bobil/tryg-05PAU18800.pdf"", ""catalog/sources/mc-bobil/tryg-05PAU25305.pdf"", ""catalog/sources/mc-bobil/tryg-05PAU25335.pdf"", ""catalog/sources/mc-bobil/tryg-05PAU27007.pdf"", ""catalog/sources/tryg/Bilforsikring-Ansvar.pdf"", ""catalog/sources/tryg/Bilforsikring-Maskinskade.pdf"", ""catalog/sources/tryg/Fører- og Passasjerulykke.pdf"", ""catalog/sources/tryg/hus/05PGE91500.pdf""]","[""catalog/sources/mc-bobil/tryg-05000PA188.pdf"", ""catalog/sources/mc-bobil/tryg-05PAU18800.pdf"", ""catalog/sources/mc-bobil/tryg-05PAU25305.pdf"", ""catalog/sources/mc-bobil/tryg-05PAU27007.pdf"", ""catalog/sources/mc-bobil/tryg-bobil-ipid.pdf"", ""catalog/sources/mc-bobil/tryg-bobil-product.html"", ""catalog/sources/mc-bobil/tryg-bobil-terms-index.html"", ""catalog/sources/tryg/Bilforsikring-Ansvar.pdf"", ""catalog/sources/tryg/Bilforsikring-Maskinskade.pdf"", ""catalog/sources/tryg/Fører- og Passasjerulykke.pdf"", ""catalog/sources/tryg/hus/05PGE91000.pdf"", ""catalog/sources/tryg/hus/05PGE91500.pdf""]","[""catalog/sources/mc-bobil/tryg-05000PA188.pdf"", ""catalog/sources/mc-bobil/tryg-05PAU18800.pdf"", ""catalog/sources/mc-bobil/tryg-05PAU25305.pdf"", ""catalog/sources/mc-bobil/tryg-05PAU25335.pdf"", ""catalog/sources/mc-bobil/tryg-05PAU27007.pdf"", ""catalog/sources/mc-bobil/tryg-bobil-ipid.pdf"", ""catalog/sources/mc-bobil/tryg-bobil-product.html"", ""catalog/sources/mc-bobil/tryg-bobil-terms-index.html"", ""catalog/sources/tryg/Bilforsikring-Ansvar.pdf"", ""catalog/sources/tryg/Bilforsikring-Maskinskade.pdf"", ""catalog/sources/tryg/Fører- og Passasjerulykke.pdf"", ""catalog/sources/tryg/hus/05PGE91000.pdf"", ""catalog/sources/tryg/hus/05PGE91500.pdf""]",Exact component/type checked; no automatic cross-product inheritance,COMPLETE_WITH_RECORDED_GAPS,True,61source-firstrulesplussharedaccident/legal. Full16dedicatedsourcesread;priorpartialruleIDsreused. StrongpositivecontrolsMC1yr10kkm/Bobilnoinventednyverdi;MCconditional500konlyifoptionalaccident;Bobilholiday2k14dnotordinaryrental. LocalconflictsMCgeography/Bobilderegistration/eligibilityandagewordingrecorded;nofreshnessclaim.
"[""if"",""mc"",""ordinary"",""if-mc-ansvar"",""2024-03""]",if-mc-ansvar,ordinary,"[""mcb:if:mc:if-MOT2-2.pdf""]","[""catalog/sources/vehicle-extensions/if-Vilkaar-4103ea25.pdf""]","[""catalog/sources/vehicle-extensions/if-Vilkaar-4103ea25.pdf"", ""catalog/sources/vehicle-extensions/if-Vilkaar-df7c20ba.pdf"", ""catalog/sources/mc-bobil/if-SV692.pdf"", ""catalog/sources/mc-bobil/if-mc-ipid.pdf"", ""catalog/sources/mc-bobil/if-mc-product.html""]","[""catalog/sources/mc-bobil/if-SV692.pdf"", ""catalog/sources/mc-bobil/if-mc-ipid.pdf"", ""catalog/sources/mc-bobil/if-mc-product.html"", ""catalog/sources/vehicle-extensions/if-Vilkaar-4103ea25.pdf""]",Exact component/type checked; no automatic cross-product inheritance,COMPLETE_WITH_RECORDED_GAPS,True,"FullMOT26+GEN13+særvilkår+2sideIPID+lokalweb lest kilde-først. Alle eksakte basis- og tilleggspåstander reversekontrollert; mange rike BobilSuper-regler er positive controls. Bevar15årproduksjonsår,1årfuktkontroll,45dleiebil og8årMCskilt fra200kBobil. Kildekonflikter beholdt."
"[""if"",""mc"",""ordinary"",""if-mc-delkasko"",""2024-03""]",if-mc-delkasko,ordinary,"[""mcb:if:mc:if-MOT2-2.pdf"", ""mcb:if:mc:if-SV692.pdf"", ""mcb:if:mc:if-mc-product.html""]","[""catalog/sources/mc-bobil/if-SV692.pdf"", ""catalog/sources/mc-bobil/if-mc-product.html"", ""catalog/sources/vehicle-extensions/if-Vilkaar-4103ea25.pdf""]","[""catalog/sources/vehicle-extensions/if-Vilkaar-4103ea25.pdf"", ""catalog/sources/vehicle-extensions/if-Vilkaar-df7c20ba.pdf"", ""catalog/sources/mc-bobil/if-SV692.pdf"", ""catalog/sources/mc-bobil/if-mc-ipid.pdf"", ""catalog/sources/mc-bobil/if-mc-product.html""]","[""catalog/sources/mc-bobil/if-SV692.pdf"", ""catalog/sources/mc-bobil/if-mc-ipid.pdf"", ""catalog/sources/mc-bobil/if-mc-product.html"", ""catalog/sources/vehicle-extensions/if-Vilkaar-4103ea25.pdf""]",Exact component/type checked; no automatic cross-product inheritance,COMPLETE_WITH_RECORDED_GAPS,True,"FullMOT26+GEN13+særvilkår+2sideIPID+lokalweb lest kilde-først. Alle eksakte basis- og tilleggspåstander reversekontrollert; mange rike BobilSuper-regler er positive controls. Bevar15årproduksjonsår,1årfuktkontroll,45dleiebil og8årMCskilt fra200kBobil. Kildekonflikter beholdt."
"[""if"",""mc"",""ordinary"",""if-mc-kasko"",""2024-03""]",if-mc-kasko,ordinary,"[""mcb:if:mc:if-MOT2-2.pdf"", ""mcb:if:mc:if-SV692.pdf"", ""mcb:if:mc:if-mc-ipid.pdf"", ""mcb:if:mc:if-mc-product.html""]","[""catalog/sources/mc-bobil/if-SV692.pdf"", ""catalog/sources/mc-bobil/if-mc-ipid.pdf"", ""catalog/sources/mc-bobil/if-mc-product.html"", ""catalog/sources/vehicle-extensions/if-Vilkaar-4103ea25.pdf""]","[""catalog/sources/vehicle-extensions/if-Vilkaar-4103ea25.pdf"", ""catalog/sources/vehicle-extensions/if-Vilkaar-df7c20ba.pdf"", ""catalog/sources/mc-bobil/if-SV692.pdf"", ""catalog/sources/mc-bobil/if-mc-ipid.pdf"", ""catalog/sources/mc-bobil/if-mc-product.html""]","[""catalog/sources/mc-bobil/if-SV692.pdf"", ""catalog/sources/mc-bobil/if-mc-ipid.pdf"", ""catalog/sources/mc-bobil/if-mc-product.html"", ""catalog/sources/vehicle-extensions/if-Vilkaar-4103ea25.pdf""]",Exact component/type checked; no automatic cross-product inheritance,COMPLETE_WITH_RECORDED_GAPS,True,"FullMOT26+GEN13+særvilkår+2sideIPID+lokalweb lest kilde-først. Alle eksakte basis- og tilleggspåstander reversekontrollert; mange rike BobilSuper-regler er positive controls. Bevar15årproduksjonsår,1årfuktkontroll,45dleiebil og8årMCskilt fra200kBobil. Kildekonflikter beholdt."
"[""if"",""bobil"",""ordinary"",""if-bobil-ansvar"",""2024-03""]",if-bobil-ansvar,ordinary,"[""mcb:if:bobil:if-MOT2-2.pdf""]","[""catalog/sources/vehicle-extensions/if-Vilkaar-4103ea25.pdf""]","[""catalog/sources/vehicle-extensions/if-Vilkaar-4103ea25.pdf"", ""catalog/sources/vehicle-extensions/if-Vilkaar-df7c20ba.pdf"", ""catalog/sources/mc-bobil/if-SV707.pdf"", ""catalog/sources/mc-bobil/if-bobil-ipid.pdf"", ""catalog/sources/mc-bobil/if-bobil-product.html""]","[""catalog/sources/mc-bobil/if-SV707.pdf"", ""catalog/sources/mc-bobil/if-bobil-ipid.pdf"", ""catalog/sources/mc-bobil/if-bobil-product.html"", ""catalog/sources/vehicle-extensions/if-Vilkaar-4103ea25.pdf""]",Exact component/type checked; no automatic cross-product inheritance,COMPLETE_WITH_RECORDED_GAPS,True,"FullMOT26+GEN13+særvilkår+2sideIPID+lokalweb lest kilde-først. Alle eksakte basis- og tilleggspåstander reversekontrollert; mange rike BobilSuper-regler er positive controls. Bevar15årproduksjonsår,1årfuktkontroll,45dleiebil og8årMCskilt fra200kBobil. Kildekonflikter beholdt."
"[""if"",""bobil"",""ordinary"",""if-bobil-delkasko"",""2024-03""]",if-bobil-delkasko,ordinary,"[""mcb:if:bobil:if-MOT2-2.pdf"", ""mcb:if:bobil:if-SV707.pdf""]","[""catalog/sources/mc-bobil/if-SV707.pdf"", ""catalog/sources/vehicle-extensions/if-Vilkaar-4103ea25.pdf""]","[""catalog/sources/vehicle-extensions/if-Vilkaar-4103ea25.pdf"", ""catalog/sources/vehicle-extensions/if-Vilkaar-df7c20ba.pdf"", ""catalog/sources/mc-bobil/if-SV707.pdf"", ""catalog/sources/mc-bobil/if-bobil-ipid.pdf"", ""catalog/sources/mc-bobil/if-bobil-product.html""]","[""catalog/sources/mc-bobil/if-SV707.pdf"", ""catalog/sources/mc-bobil/if-bobil-ipid.pdf"", ""catalog/sources/mc-bobil/if-bobil-product.html"", ""catalog/sources/vehicle-extensions/if-Vilkaar-4103ea25.pdf""]",Exact component/type checked; no automatic cross-product inheritance,COMPLETE_WITH_RECORDED_GAPS,True,"FullMOT26+GEN13+særvilkår+2sideIPID+lokalweb lest kilde-først. Alle eksakte basis- og tilleggspåstander reversekontrollert; mange rike BobilSuper-regler er positive controls. Bevar15årproduksjonsår,1årfuktkontroll,45dleiebil og8årMCskilt fra200kBobil. Kildekonflikter beholdt."
"[""if"",""bobil"",""ordinary"",""if-bobil-kasko"",""2024-03""]",if-bobil-kasko,ordinary,"[""mcb:if:bobil:if-MOT2-2.pdf"", ""mcb:if:bobil:if-SV707.pdf"", ""mcb:if:bobil:if-bobil-product.html""]","[""catalog/sources/mc-bobil/if-SV707.pdf"", ""catalog/sources/mc-bobil/if-bobil-product.html"", ""catalog/sources/vehicle-extensions/if-Vilkaar-4103ea25.pdf""]","[""catalog/sources/vehicle-extensions/if-Vilkaar-4103ea25.pdf"", ""catalog/sources/vehicle-extensions/if-Vilkaar-df7c20ba.pdf"", ""catalog/sources/mc-bobil/if-SV707.pdf"", ""catalog/sources/mc-bobil/if-bobil-ipid.pdf"", ""catalog/sources/mc-bobil/if-bobil-product.html""]","[""catalog/sources/mc-bobil/if-SV707.pdf"", ""catalog/sources/mc-bobil/if-bobil-ipid.pdf"", ""catalog/sources/mc-bobil/if-bobil-product.html"", ""catalog/sources/vehicle-extensions/if-Vilkaar-4103ea25.pdf""]",Exact component/type checked; no automatic cross-product inheritance,COMPLETE_WITH_RECORDED_GAPS,True,"FullMOT26+GEN13+særvilkår+2sideIPID+lokalweb lest kilde-først. Alle eksakte basis- og tilleggspåstander reversekontrollert; mange rike BobilSuper-regler er positive controls. Bevar15årproduksjonsår,1årfuktkontroll,45dleiebil og8årMCskilt fra200kBobil. Kildekonflikter beholdt."
"[""if"",""bobil"",""ordinary"",""if-bobil-super"",""2022-06""]",if-bobil-super,ordinary,"[""mcb:if:bobil:if-MOT2-2.pdf"", ""mcb:if:bobil:if-SV707.pdf"", ""mcb:if:bobil:if-bobil-product.html""]","[""catalog/sources/mc-bobil/if-SV707.pdf"", ""catalog/sources/mc-bobil/if-bobil-product.html"", ""catalog/sources/vehicle-extensions/if-Vilkaar-4103ea25.pdf""]","[""catalog/sources/vehicle-extensions/if-Vilkaar-4103ea25.pdf"", ""catalog/sources/vehicle-extensions/if-Vilkaar-df7c20ba.pdf"", ""catalog/sources/mc-bobil/if-SV707.pdf"", ""catalog/sources/mc-bobil/if-bobil-ipid.pdf"", ""catalog/sources/mc-bobil/if-bobil-product.html""]","[""catalog/sources/mc-bobil/if-SV707.pdf"", ""catalog/sources/mc-bobil/if-bobil-ipid.pdf"", ""catalog/sources/mc-bobil/if-bobil-product.html"", ""catalog/sources/vehicle-extensions/if-Vilkaar-4103ea25.pdf""]",Exact component/type checked; no automatic cross-product inheritance,COMPLETE_WITH_RECORDED_GAPS,True,"FullMOT26+GEN13+særvilkår+2sideIPID+lokalweb lest kilde-først. Alle eksakte basis- og tilleggspåstander reversekontrollert; mange rike BobilSuper-regler er positive controls. Bevar15årproduksjonsår,1årfuktkontroll,45dleiebil og8årMCskilt fra200kBobil. Kildekonflikter beholdt."
"[""gjensidige"",""mc"",""ordinary"",""gjensidige-mc-ansvar"",null]",gjensidige-mc-ansvar,ordinary,"[""mc-bobil:gjensidige-mc-ansvar-vilkar.pdf:mc""]","[""catalog/sources/mc-bobil/gjensidige-mc-ansvar-vilkar.pdf""]","[""catalog/sources/mc-bobil/gjensidige-mc-ansvar-vilkar.pdf"", ""catalog/sources/mc-bobil/gjensidige-mc-produkt.html"", ""catalog/sources/mc-bobil/gjensidige-mc-MOT03-ipid.pdf""]","[""catalog/sources/mc-bobil/gjensidige-mc-MOT03-ipid.pdf"", ""catalog/sources/mc-bobil/gjensidige-mc-ansvar-vilkar.pdf"", ""catalog/sources/mc-bobil/gjensidige-mc-delkasko-vilkar.pdf"", ""catalog/sources/mc-bobil/gjensidige-mc-kasko-vilkar.pdf"", ""catalog/sources/mc-bobil/gjensidige-mc-produkt.html""]",Exact component/type checked; no automatic cross-product inheritance,COMPLETE_WITH_RECORDED_GAPS,True,"Source-first independent76-rule inventory with exact type/tier filtering. All106 PDFpages accounted for by direct review or verified exact-text reuse83pages; all own HTML/IPID reviewed. All core catalogclaims reverse checked, unsupported MC rental/omitted Kasko pests recorded. No claimed freshness; optional fullconditions remain research required, not invented."
"[""gjensidige"",""mc"",""ordinary"",""gjensidige-mc-delkasko"",null]",gjensidige-mc-delkasko,ordinary,"[""mc-bobil:gjensidige-mc-delkasko-vilkar.pdf:mc"", ""mc-bobil:gjensidige-mc-produkt.html:mc""]","[""catalog/sources/mc-bobil/gjensidige-mc-delkasko-vilkar.pdf"", ""catalog/sources/mc-bobil/gjensidige-mc-produkt.html""]","[""catalog/sources/mc-bobil/gjensidige-mc-delkasko-vilkar.pdf"", ""catalog/sources/mc-bobil/gjensidige-mc-produkt.html"", ""catalog/sources/mc-bobil/gjensidige-mc-MOT03-ipid.pdf""]","[""catalog/sources/mc-bobil/gjensidige-mc-MOT03-ipid.pdf"", ""catalog/sources/mc-bobil/gjensidige-mc-ansvar-vilkar.pdf"", ""catalog/sources/mc-bobil/gjensidige-mc-delkasko-vilkar.pdf"", ""catalog/sources/mc-bobil/gjensidige-mc-kasko-vilkar.pdf"", ""catalog/sources/mc-bobil/gjensidige-mc-produkt.html""]",Exact component/type checked; no automatic cross-product inheritance,COMPLETE_WITH_RECORDED_GAPS,True,"Source-first independent76-rule inventory with exact type/tier filtering. All106 PDFpages accounted for by direct review or verified exact-text reuse83pages; all own HTML/IPID reviewed. All core catalogclaims reverse checked, unsupported MC rental/omitted Kasko pests recorded. No claimed freshness; optional fullconditions remain research required, not invented."
"[""gjensidige"",""mc"",""ordinary"",""gjensidige-mc-kasko"",null]",gjensidige-mc-kasko,ordinary,"[""mc-bobil:gjensidige-mc-kasko-vilkar.pdf:mc"", ""mc-bobil:gjensidige-mc-produkt.html:mc""]","[""catalog/sources/mc-bobil/gjensidige-mc-kasko-vilkar.pdf"", ""catalog/sources/mc-bobil/gjensidige-mc-produkt.html""]","[""catalog/sources/mc-bobil/gjensidige-mc-kasko-vilkar.pdf"", ""catalog/sources/mc-bobil/gjensidige-mc-produkt.html"", ""catalog/sources/mc-bobil/gjensidige-mc-MOT03-ipid.pdf""]","[""catalog/sources/mc-bobil/gjensidige-mc-MOT03-ipid.pdf"", ""catalog/sources/mc-bobil/gjensidige-mc-ansvar-vilkar.pdf"", ""catalog/sources/mc-bobil/gjensidige-mc-delkasko-vilkar.pdf"", ""catalog/sources/mc-bobil/gjensidige-mc-kasko-vilkar.pdf"", ""catalog/sources/mc-bobil/gjensidige-mc-produkt.html""]",Exact component/type checked; no automatic cross-product inheritance,COMPLETE_WITH_RECORDED_GAPS,True,"Source-first independent76-rule inventory with exact type/tier filtering. All106 PDFpages accounted for by direct review or verified exact-text reuse83pages; all own HTML/IPID reviewed. All core catalogclaims reverse checked, unsupported MC rental/omitted Kasko pests recorded. No claimed freshness; optional fullconditions remain research required, not invented."
"[""gjensidige"",""bobil"",""ordinary"",""gjensidige-bobil-ansvar"",null]",gjensidige-bobil-ansvar,ordinary,"[""mc-bobil:gjensidige-bobil-ansvar-vilkar.pdf:bobil""]","[""catalog/sources/mc-bobil/gjensidige-bobil-ansvar-vilkar.pdf""]","[""catalog/sources/mc-bobil/gjensidige-bobil-ansvar-vilkar.pdf"", ""catalog/sources/mc-bobil/gjensidige-bobil-produkt.html"", ""catalog/sources/mc-bobil/gjensidige-bobil-MOT08-ipid.pdf""]","[""catalog/sources/mc-bobil/gjensidige-bobil-MOT08-ipid.pdf"", ""catalog/sources/mc-bobil/gjensidige-bobil-ansvar-vilkar.pdf"", ""catalog/sources/mc-bobil/gjensidige-bobil-delkasko-vilkar.pdf"", ""catalog/sources/mc-bobil/gjensidige-bobil-kasko-vilkar.pdf"", ""catalog/sources/mc-bobil/gjensidige-bobil-pluss-vilkar.pdf"", ""catalog/sources/mc-bobil/gjensidige-bobil-produkt.html""]",Exact component/type checked; no automatic cross-product inheritance,COMPLETE_WITH_RECORDED_GAPS,True,"Source-first independent76-rule inventory with exact type/tier filtering. All106 PDFpages accounted for by direct review or verified exact-text reuse83pages; all own HTML/IPID reviewed. All core catalogclaims reverse checked, unsupported MC rental/omitted Kasko pests recorded. No claimed freshness; optional fullconditions remain research required, not invented."
"[""gjensidige"",""bobil"",""ordinary"",""gjensidige-bobil-delkasko"",null]",gjensidige-bobil-delkasko,ordinary,"[""mc-bobil:gjensidige-bobil-MOT08-ipid.pdf:bobil"", ""mc-bobil:gjensidige-bobil-delkasko-vilkar.pdf:bobil"", ""mc-bobil:gjensidige-bobil-produkt.html:bobil""]","[""catalog/sources/mc-bobil/gjensidige-bobil-MOT08-ipid.pdf"", ""catalog/sources/mc-bobil/gjensidige-bobil-delkasko-vilkar.pdf"", ""catalog/sources/mc-bobil/gjensidige-bobil-produkt.html""]","[""catalog/sources/mc-bobil/gjensidige-bobil-delkasko-vilkar.pdf"", ""catalog/sources/mc-bobil/gjensidige-bobil-produkt.html"", ""catalog/sources/mc-bobil/gjensidige-bobil-MOT08-ipid.pdf""]","[""catalog/sources/mc-bobil/gjensidige-bobil-MOT08-ipid.pdf"", ""catalog/sources/mc-bobil/gjensidige-bobil-ansvar-vilkar.pdf"", ""catalog/sources/mc-bobil/gjensidige-bobil-delkasko-vilkar.pdf"", ""catalog/sources/mc-bobil/gjensidige-bobil-kasko-vilkar.pdf"", ""catalog/sources/mc-bobil/gjensidige-bobil-pluss-vilkar.pdf"", ""catalog/sources/mc-bobil/gjensidige-bobil-produkt.html""]",Exact component/type checked; no automatic cross-product inheritance,COMPLETE_WITH_RECORDED_GAPS,True,"Source-first independent76-rule inventory with exact type/tier filtering. All106 PDFpages accounted for by direct review or verified exact-text reuse83pages; all own HTML/IPID reviewed. All core catalogclaims reverse checked, unsupported MC rental/omitted Kasko pests recorded. No claimed freshness; optional fullconditions remain research required, not invented."
"[""gjensidige"",""bobil"",""ordinary"",""gjensidige-bobil-kasko"",null]",gjensidige-bobil-kasko,ordinary,"[""mc-bobil:gjensidige-bobil-MOT08-ipid.pdf:bobil"", ""mc-bobil:gjensidige-bobil-kasko-vilkar.pdf:bobil"", ""mc-bobil:gjensidige-bobil-produkt.html:bobil""]","[""catalog/sources/mc-bobil/gjensidige-bobil-MOT08-ipid.pdf"", ""catalog/sources/mc-bobil/gjensidige-bobil-kasko-vilkar.pdf"", ""catalog/sources/mc-bobil/gjensidige-bobil-produkt.html""]","[""catalog/sources/mc-bobil/gjensidige-bobil-kasko-vilkar.pdf"", ""catalog/sources/mc-bobil/gjensidige-bobil-produkt.html"", ""catalog/sources/mc-bobil/gjensidige-bobil-MOT08-ipid.pdf""]","[""catalog/sources/mc-bobil/gjensidige-bobil-MOT08-ipid.pdf"", ""catalog/sources/mc-bobil/gjensidige-bobil-ansvar-vilkar.pdf"", ""catalog/sources/mc-bobil/gjensidige-bobil-delkasko-vilkar.pdf"", ""catalog/sources/mc-bobil/gjensidige-bobil-kasko-vilkar.pdf"", ""catalog/sources/mc-bobil/gjensidige-bobil-pluss-vilkar.pdf"", ""catalog/sources/mc-bobil/gjensidige-bobil-produkt.html""]",Exact component/type checked; no automatic cross-product inheritance,COMPLETE_WITH_RECORDED_GAPS,True,"Source-first independent76-rule inventory with exact type/tier filtering. All106 PDFpages accounted for by direct review or verified exact-text reuse83pages; all own HTML/IPID reviewed. All core catalogclaims reverse checked, unsupported MC rental/omitted Kasko pests recorded. No claimed freshness; optional fullconditions remain research required, not invented."
"[""gjensidige"",""bobil"",""ordinary"",""gjensidige-bobil-pluss"",null]",gjensidige-bobil-pluss,ordinary,"[""mc-bobil:gjensidige-bobil-MOT08-ipid.pdf:bobil"", ""mc-bobil:gjensidige-bobil-pluss-vilkar.pdf:bobil"", ""mc-bobil:gjensidige-bobil-produkt.html:bobil""]","[""catalog/sources/mc-bobil/gjensidige-bobil-MOT08-ipid.pdf"", ""catalog/sources/mc-bobil/gjensidige-bobil-pluss-vilkar.pdf"", ""catalog/sources/mc-bobil/gjensidige-bobil-produkt.html""]","[""catalog/sources/mc-bobil/gjensidige-bobil-pluss-vilkar.pdf"", ""catalog/sources/mc-bobil/gjensidige-bobil-produkt.html"", ""catalog/sources/mc-bobil/gjensidige-bobil-MOT08-ipid.pdf""]","[""catalog/sources/mc-bobil/gjensidige-bobil-MOT08-ipid.pdf"", ""catalog/sources/mc-bobil/gjensidige-bobil-ansvar-vilkar.pdf"", ""catalog/sources/mc-bobil/gjensidige-bobil-delkasko-vilkar.pdf"", ""catalog/sources/mc-bobil/gjensidige-bobil-kasko-vilkar.pdf"", ""catalog/sources/mc-bobil/gjensidige-bobil-pluss-vilkar.pdf"", ""catalog/sources/mc-bobil/gjensidige-bobil-produkt.html""]",Exact component/type checked; no automatic cross-product inheritance,COMPLETE_WITH_RECORDED_GAPS,True,"Source-first independent76-rule inventory with exact type/tier filtering. All106 PDFpages accounted for by direct review or verified exact-text reuse83pages; all own HTML/IPID reviewed. All core catalogclaims reverse checked, unsupported MC rental/omitted Kasko pests recorded. No claimed freshness; optional fullconditions remain research required, not invented."
"[""storebrand"",""mc"",""ordinary"",""storebrand-mc-ansvar"",""motor09""]",storebrand-mc-ansvar,ordinary,"[""mc-bobil:storebrand-motor09:mc""]","[""catalog/sources/vehicle-extensions/storebrand-vilkar-motorvognforsikring.pdf""]","[""catalog/sources/vehicle-extensions/storebrand-vilkar-motorvognforsikring.pdf"", ""catalog/sources/storebrand/vilkar-generelle.pdf"", ""catalog/sources/vehicle-extensions/storebrand-mc-forsikring.html""]","[""catalog/sources/storebrand/vilkar-generelle.pdf"", ""catalog/sources/vehicle-extensions/storebrand-mc-forsikring.html"", ""catalog/sources/vehicle-extensions/storebrand-vilkar-motorvognforsikring.pdf""]",Exact component/type checked; no automatic cross-product inheritance,COMPLETE_WITH_RECORDED_GAPS,True,"Full33p motor09 plus exacttypeHTML; general11 reusedbyhash.66independent rules; all resolved/inherited/optional facts inspected. Gaps explicitlyclassified. Exactproduct source/reverseinventory closed, with documentedcataloggaps; no onlinefreshness claim."
"[""storebrand"",""mc"",""ordinary"",""storebrand-mc-delkasko"",""motor09""]",storebrand-mc-delkasko,ordinary,"[""mc-bobil:storebrand-motor09:mc""]","[""catalog/sources/vehicle-extensions/storebrand-vilkar-motorvognforsikring.pdf""]","[""catalog/sources/vehicle-extensions/storebrand-vilkar-motorvognforsikring.pdf"", ""catalog/sources/storebrand/vilkar-generelle.pdf"", ""catalog/sources/vehicle-extensions/storebrand-mc-forsikring.html""]","[""catalog/sources/storebrand/vilkar-generelle.pdf"", ""catalog/sources/vehicle-extensions/storebrand-mc-forsikring.html"", ""catalog/sources/vehicle-extensions/storebrand-vilkar-motorvognforsikring.pdf""]",Exact component/type checked; no automatic cross-product inheritance,COMPLETE_WITH_RECORDED_GAPS,True,"Full33p motor09 plus exacttypeHTML; general11 reusedbyhash.66independent rules; all resolved/inherited/optional facts inspected. Gaps explicitlyclassified. Remaining sourceapplicability: MC/Scooterbagage or Bobilordinarynewvalue or Delkasko10.3 applicability; do notguess. FOLLOW-UP: Targeted closure after original complete66-rule source inventory/full33-page pass: All locally resolvable material dimensions checked. SC006 is finalized SOURCE_RESEARCH_REQUIRED, not an unfinished reading task. Source ambiguity is retained; no affirmative new-value/MCbagage fact manufactured."
"[""storebrand"",""mc"",""ordinary"",""storebrand-mc-kasko"",""motor09""]",storebrand-mc-kasko,ordinary,"[""mc-bobil:storebrand-motor09:mc""]","[""catalog/sources/vehicle-extensions/storebrand-vilkar-motorvognforsikring.pdf""]","[""catalog/sources/vehicle-extensions/storebrand-vilkar-motorvognforsikring.pdf"", ""catalog/sources/storebrand/vilkar-generelle.pdf"", ""catalog/sources/vehicle-extensions/storebrand-mc-forsikring.html""]","[""catalog/sources/storebrand/vilkar-generelle.pdf"", ""catalog/sources/vehicle-extensions/storebrand-mc-forsikring.html"", ""catalog/sources/vehicle-extensions/storebrand-vilkar-motorvognforsikring.pdf""]",Exact component/type checked; no automatic cross-product inheritance,COMPLETE_WITH_RECORDED_GAPS,True,"Full33p motor09 plus exacttypeHTML; general11 reusedbyhash.66independent rules; all resolved/inherited/optional facts inspected. Gaps explicitlyclassified. Remaining sourceapplicability: MC/Scooterbagage or Bobilordinarynewvalue or Delkasko10.3 applicability; do notguess. FOLLOW-UP: Targeted closure after original complete66-rule source inventory/full33-page pass: All locally resolvable material dimensions checked. SC006 is finalized SOURCE_RESEARCH_REQUIRED, not an unfinished reading task. Source ambiguity is retained; no affirmative new-value/MCbagage fact manufactured."
"[""storebrand"",""bobil"",""ordinary"",""storebrand-bobil-ansvar"",""motor09""]",storebrand-bobil-ansvar,ordinary,"[""mc-bobil:storebrand-motor09:bobil""]","[""catalog/sources/vehicle-extensions/storebrand-vilkar-motorvognforsikring.pdf""]","[""catalog/sources/vehicle-extensions/storebrand-vilkar-motorvognforsikring.pdf"", ""catalog/sources/storebrand/vilkar-generelle.pdf"", ""catalog/sources/mc-bobil/storebrand-bil-bobil-produkt.html""]","[""catalog/sources/mc-bobil/storebrand-bil-bobil-produkt.html"", ""catalog/sources/storebrand/vilkar-generelle.pdf"", ""catalog/sources/vehicle-extensions/storebrand-vilkar-motorvognforsikring.pdf""]",Exact component/type checked; no automatic cross-product inheritance,COMPLETE_WITH_RECORDED_GAPS,True,"Full33p motor09 plus exacttypeHTML; general11 reusedbyhash.66independent rules; all resolved/inherited/optional facts inspected. Gaps explicitlyclassified. Exactproduct source/reverseinventory closed, with documentedcataloggaps; no onlinefreshness claim."
"[""storebrand"",""bobil"",""ordinary"",""storebrand-bobil-delkasko"",""motor09""]",storebrand-bobil-delkasko,ordinary,"[""mc-bobil:storebrand-motor09:bobil""]","[""catalog/sources/vehicle-extensions/storebrand-vilkar-motorvognforsikring.pdf""]","[""catalog/sources/vehicle-extensions/storebrand-vilkar-motorvognforsikring.pdf"", ""catalog/sources/storebrand/vilkar-generelle.pdf"", ""catalog/sources/mc-bobil/storebrand-bil-bobil-produkt.html""]","[""catalog/sources/mc-bobil/storebrand-bil-bobil-produkt.html"", ""catalog/sources/storebrand/vilkar-generelle.pdf"", ""catalog/sources/vehicle-extensions/storebrand-vilkar-motorvognforsikring.pdf""]",Exact component/type checked; no automatic cross-product inheritance,COMPLETE_WITH_RECORDED_GAPS,True,Full33p motor09 plus exacttypeHTML; general11 reusedbyhash.66independent rules; all resolved/inherited/optional facts inspected. Gaps explicitlyclassified. Remaining sourceapplicability: MC/Scooterbagage or Bobilordinarynewvalue or Delkasko10.3 applicability; do notguess. FOLLOW-UP: Original inventory complete. Bobilordinary new-value question belongs to Kasko cell/registered-class rule; no unqualified Delkasko entitlement asserted. General settlement/insured-sum rules already checked. Source-scoped research gate retained.
"[""storebrand"",""bobil"",""ordinary"",""storebrand-bobil-kasko"",""motor09""]",storebrand-bobil-kasko,ordinary,"[""mc-bobil:storebrand-motor09:bobil""]","[""catalog/sources/vehicle-extensions/storebrand-vilkar-motorvognforsikring.pdf""]","[""catalog/sources/vehicle-extensions/storebrand-vilkar-motorvognforsikring.pdf"", ""catalog/sources/storebrand/vilkar-generelle.pdf"", ""catalog/sources/mc-bobil/storebrand-bil-bobil-produkt.html""]","[""catalog/sources/mc-bobil/storebrand-bil-bobil-produkt.html"", ""catalog/sources/storebrand/vilkar-generelle.pdf"", ""catalog/sources/vehicle-extensions/storebrand-vilkar-motorvognforsikring.pdf""]",Exact component/type checked; no automatic cross-product inheritance,COMPLETE_WITH_RECORDED_GAPS,True,"Full33p motor09 plus exacttypeHTML; general11 reusedbyhash.66independent rules; all resolved/inherited/optional facts inspected. Gaps explicitlyclassified. Remaining sourceapplicability: MC/Scooterbagage or Bobilordinarynewvalue or Delkasko10.3 applicability; do notguess. FOLLOW-UP: Targeted closure after original complete66-rule source inventory/full33-page pass: All locally resolvable material dimensions checked. SC006 is finalized SOURCE_RESEARCH_REQUIRED, not an unfinished reading task. Source ambiguity is retained; no affirmative new-value/MCbagage fact manufactured."
"[""storebrand"",""bobil"",""ordinary"",""storebrand-bobil-super"",""motor09""]",storebrand-bobil-super,ordinary,"[""mc-bobil:storebrand-motor09:bobil""]","[""catalog/sources/vehicle-extensions/storebrand-vilkar-motorvognforsikring.pdf""]","[""catalog/sources/vehicle-extensions/storebrand-vilkar-motorvognforsikring.pdf"", ""catalog/sources/storebrand/vilkar-generelle.pdf"", ""catalog/sources/mc-bobil/storebrand-bil-bobil-produkt.html""]","[""catalog/sources/mc-bobil/storebrand-bil-bobil-produkt.html"", ""catalog/sources/storebrand/vilkar-generelle.pdf"", ""catalog/sources/vehicle-extensions/storebrand-vilkar-motorvognforsikring.pdf""]",Exact component/type checked; no automatic cross-product inheritance,COMPLETE_WITH_RECORDED_GAPS,True,"Full33p motor09 plus exacttypeHTML; general11 reusedbyhash.66independent rules; all resolved/inherited/optional facts inspected. Gaps explicitlyclassified. Exactproduct source/reverseinventory closed, with documentedcataloggaps; no onlinefreshness claim."
"[""fremtind"",""mc"",""ordinary-sparebank1"",""fremtind-mc-ansvar"",null]",fremtind-mc-ansvar,ordinary-sparebank1,"[""mcb-ff-fremtind-mc-terms"", ""mcb-ff-fremtind-mc-terms-ansvar"", ""mcb-ff-fremtind-mc-terms-rettshjelp"", ""mcb-ff-fremtind-mc-terms-ulykke""]","[""catalog/sources/mc-bobil/fremtind-mc-terms.pdf""]","[""catalog/sources/mc-bobil/fremtind-mc-terms.pdf"", ""catalog/sources/mc-bobil/fremtind-mc-ipid.pdf"", ""catalog/sources/mc-bobil/fremtind-sb1-mc-page.html""]",[],Exact component/type checked; no automatic cross-product inheritance,COMPLETE_WITH_RECORDED_GAPS,True,44 shared source-first rules with exact type/level filters. Full local package reviewed; MC bonus insert independently read. No MC glass/snø drift/personrental inheritance; no camping fukt/ferie to trailer. Numeric limits and reverse claims checked. Tow IPID liability package gap remains explicitly unresolved; COMPLETE denotes available-local review closure.
"[""fremtind"",""mc"",""ordinary-sparebank1"",""fremtind-mc-delkasko"",null]",fremtind-mc-delkasko,ordinary-sparebank1,"[""mcb-ff-fremtind-mc-terms"", ""mcb-ff-fremtind-mc-terms-ansvar"", ""mcb-ff-fremtind-mc-terms-mini"", ""mcb-ff-fremtind-mc-terms-rettshjelp"", ""mcb-ff-fremtind-mc-terms-ulykke""]","[""catalog/sources/mc-bobil/fremtind-mc-terms.pdf""]","[""catalog/sources/mc-bobil/fremtind-mc-terms.pdf"", ""catalog/sources/mc-bobil/fremtind-mc-ipid.pdf"", ""catalog/sources/mc-bobil/fremtind-sb1-mc-page.html""]",[],Exact component/type checked; no automatic cross-product inheritance,COMPLETE_WITH_RECORDED_GAPS,True,44 shared source-first rules with exact type/level filters. Full local package reviewed; MC bonus insert independently read. No MC glass/snø drift/personrental inheritance; no camping fukt/ferie to trailer. Numeric limits and reverse claims checked. Tow IPID liability package gap remains explicitly unresolved; COMPLETE denotes available-local review closure.
"[""fremtind"",""mc"",""ordinary-sparebank1"",""fremtind-mc-kasko"",null]",fremtind-mc-kasko,ordinary-sparebank1,"[""mcb-ff-fremtind-mc-terms"", ""mcb-ff-fremtind-mc-terms-ansvar"", ""mcb-ff-fremtind-mc-terms-kasko"", ""mcb-ff-fremtind-mc-terms-mini"", ""mcb-ff-fremtind-mc-terms-rettshjelp"", ""mcb-ff-fremtind-mc-terms-ulykke""]","[""catalog/sources/mc-bobil/fremtind-mc-terms.pdf""]","[""catalog/sources/mc-bobil/fremtind-mc-terms.pdf"", ""catalog/sources/mc-bobil/fremtind-mc-ipid.pdf"", ""catalog/sources/mc-bobil/fremtind-sb1-mc-page.html""]",[],Exact component/type checked; no automatic cross-product inheritance,COMPLETE_WITH_RECORDED_GAPS,True,44 shared source-first rules with exact type/level filters. Full local package reviewed; MC bonus insert independently read. No MC glass/snø drift/personrental inheritance; no camping fukt/ferie to trailer. Numeric limits and reverse claims checked. Tow IPID liability package gap remains explicitly unresolved; COMPLETE denotes available-local review closure.
"[""fremtind"",""bobil"",""ordinary-dnb"",""fremtind-bobil-ansvar"",""2025-09-18""]",fremtind-bobil-ansvar,ordinary-dnb,"[""mcb-ff-fremtind-bobil-topp"", ""mcb-ff-fremtind-bobil-topp-ansvar"", ""mcb-ff-fremtind-bobil-topp-rettshjelp"", ""mcb-ff-fremtind-bobil-topp-ulykke""]","[""catalog/sources/mc-bobil/fremtind-bobil-topp.pdf""]","[""catalog/sources/mc-bobil/fremtind-bobil-topp.pdf"", ""catalog/sources/mc-bobil/fremtind-dnb-bobil-page.html"", ""catalog/sources/sparebank1-fremtind/IPID_Bil.pdf"", ""catalog/sources/sparebank1-fremtind/Vilkar_ansvar_bil.pdf"", ""catalog/sources/vehicle-extensions/fremtind-Generelle_vilkar_skadeforsikring.pdf""]",[],Exact component/type checked; no automatic cross-product inheritance,COMPLETE_WITH_RECORDED_GAPS,True,"57 source-first rules with shared2025clauses reused and Bobil-special full13pchecked. Four exact products plus2optionals reviewed. Existing3initial findings revalidated without duplication. Fullclaimvalues checked; DNB/channel conflicts flagged, no forcedincludedoptional. COMPLETE available-local audit closure not allsourceconflicts resolved."
"[""fremtind"",""bobil"",""ordinary-dnb"",""fremtind-bobil-minikasko"",""2025-09-18""]",fremtind-bobil-minikasko,ordinary-dnb,"[""mcb-ff-fremtind-bobil-topp"", ""mcb-ff-fremtind-bobil-topp-ansvar"", ""mcb-ff-fremtind-bobil-topp-mini"", ""mcb-ff-fremtind-bobil-topp-rettshjelp"", ""mcb-ff-fremtind-bobil-topp-ulykke""]","[""catalog/sources/mc-bobil/fremtind-bobil-topp.pdf""]","[""catalog/sources/mc-bobil/fremtind-bobil-topp.pdf"", ""catalog/sources/mc-bobil/fremtind-dnb-bobil-page.html"", ""catalog/sources/sparebank1-fremtind/IPID_Bil.pdf"", ""catalog/sources/sparebank1-fremtind/Vilkar_Minikasko_Bil.pdf"", ""catalog/sources/sparebank1-fremtind/Vilkar_ansvar_bil.pdf"", ""catalog/sources/vehicle-extensions/fremtind-Generelle_vilkar_skadeforsikring.pdf""]",[],Exact component/type checked; no automatic cross-product inheritance,COMPLETE_WITH_RECORDED_GAPS,True,"57 source-first rules with shared2025clauses reused and Bobil-special full13pchecked. Four exact products plus2optionals reviewed. Existing3initial findings revalidated without duplication. Fullclaimvalues checked; DNB/channel conflicts flagged, no forcedincludedoptional. COMPLETE available-local audit closure not allsourceconflicts resolved."
"[""fremtind"",""bobil"",""ordinary-dnb"",""fremtind-bobil-kasko"",""2025-09-18""]",fremtind-bobil-kasko,ordinary-dnb,"[""mcb-ff-fremtind-bobil-leiebil"", ""mcb-ff-fremtind-bobil-maskinskade"", ""mcb-ff-fremtind-bobil-topp"", ""mcb-ff-fremtind-bobil-topp-ansvar"", ""mcb-ff-fremtind-bobil-topp-kasko"", ""mcb-ff-fremtind-bobil-topp-mini"", ""mcb-ff-fremtind-bobil-topp-rettshjelp"", ""mcb-ff-fremtind-bobil-topp-ulykke""]","[""catalog/sources/mc-bobil/fremtind-bobil-topp.pdf"", ""catalog/sources/sparebank1-fremtind/Vilkar_leiebil.pdf"", ""catalog/sources/sparebank1-fremtind/Vilkar_maskinskade.pdf""]","[""catalog/sources/mc-bobil/fremtind-bobil-topp.pdf"", ""catalog/sources/mc-bobil/fremtind-dnb-bobil-page.html"", ""catalog/sources/sparebank1-fremtind/IPID_Bil.pdf"", ""catalog/sources/sparebank1-fremtind/Vilkar_Kasko_Bil.pdf"", ""catalog/sources/sparebank1-fremtind/Vilkar_Minikasko_Bil.pdf"", ""catalog/sources/sparebank1-fremtind/Vilkar_ansvar_bil.pdf"", ""catalog/sources/sparebank1-fremtind/Vilkar_leiebil.pdf"", ""catalog/sources/sparebank1-fremtind/Vilkar_maskinskade.pdf"", ""catalog/sources/vehicle-extensions/fremtind-Generelle_vilkar_skadeforsikring.pdf""]",[],Exact component/type checked; no automatic cross-product inheritance,COMPLETE_WITH_RECORDED_GAPS,True,"57 source-first rules with shared2025clauses reused and Bobil-special full13pchecked. Four exact products plus2optionals reviewed. Existing3initial findings revalidated without duplication. Fullclaimvalues checked; DNB/channel conflicts flagged, no forcedincludedoptional. COMPLETE available-local audit closure not allsourceconflicts resolved."
"[""fremtind"",""bobil"",""ordinary-dnb"",""fremtind-bobil-topp"",""2025-09-18""]",fremtind-bobil-topp,ordinary-dnb,"[""mcb-ff-fremtind-bobil-leiebil"", ""mcb-ff-fremtind-bobil-maskinskade"", ""mcb-ff-fremtind-bobil-topp"", ""mcb-ff-fremtind-bobil-topp-ansvar"", ""mcb-ff-fremtind-bobil-topp-kasko"", ""mcb-ff-fremtind-bobil-topp-mini"", ""mcb-ff-fremtind-bobil-topp-rettshjelp"", ""mcb-ff-fremtind-bobil-topp-ulykke""]","[""catalog/sources/mc-bobil/fremtind-bobil-topp.pdf"", ""catalog/sources/sparebank1-fremtind/Vilkar_leiebil.pdf"", ""catalog/sources/sparebank1-fremtind/Vilkar_maskinskade.pdf""]","[""catalog/sources/mc-bobil/fremtind-bobil-topp.pdf"", ""catalog/sources/mc-bobil/fremtind-dnb-bobil-page.html"", ""catalog/sources/sparebank1-fremtind/IPID_Bil.pdf"", ""catalog/sources/sparebank1-fremtind/Vilkar_Kasko_Bil.pdf"", ""catalog/sources/sparebank1-fremtind/Vilkar_Minikasko_Bil.pdf"", ""catalog/sources/sparebank1-fremtind/Vilkar_ansvar_bil.pdf"", ""catalog/sources/sparebank1-fremtind/Vilkar_leiebil.pdf"", ""catalog/sources/sparebank1-fremtind/Vilkar_maskinskade.pdf"", ""catalog/sources/vehicle-extensions/fremtind-Generelle_vilkar_skadeforsikring.pdf""]",[],Exact component/type checked; no automatic cross-product inheritance,COMPLETE_WITH_RECORDED_GAPS,True,"57 source-first rules with shared2025clauses reused and Bobil-special full13pchecked. Four exact products plus2optionals reviewed. Existing3initial findings revalidated without duplication. Fullclaimvalues checked; DNB/channel conflicts flagged, no forcedincludedoptional. COMPLETE available-local audit closure not allsourceconflicts resolved."
"[""frende"",""mc"",""ordinary"",""frende-mc-ansvar"",""2026-01-01""]",frende-mc-ansvar,ordinary,"[""mcb-ff-frende-mc-terms""]","[""catalog/sources/frende/Vilkar_kjoretoyforsikring.pdf""]","[""catalog/sources/frende/Vilkar_kjoretoyforsikring.pdf"", ""catalog/sources/mc-bobil/frende-mc-ipid.pdf"", ""catalog/sources/mc-bobil/frende-mc-page.html"", ""catalog/sources/mc-bobil/frende-mc-mileage.html"", ""catalog/sources/frende/Generelle_vilkar-01012026.pdf""]",[],Exact component/type checked; no automatic cross-product inheritance,COMPLETE_WITH_RECORDED_GAPS,True,MCIPID2p+fullHTML+mileageHTML read with shared15pterms/4pgeneral. No MCnyverdi/rental/machine copied. Remainingglassapplicability and equipmentcoveragecauses prevent fullclosure. Allcurrentexactclaims supportchecked. FOLLOW-UP: §3.5 names riding gear but does not create all-risk coverage; selected physical cause under4/5/6 still governs. MCcatalog conditional equipment presence on physical levels is conservative; no cover on Ansvar asserted. Glass clause5.1 general versus exact MCsummary applicability remains final SOURCE_RESEARCH_REQUIRED (no proof from omission). All other exact dimensions and optional accident checked. Local review complete.
"[""frende"",""mc"",""ordinary"",""frende-mc-delkasko"",""2026-01-01""]",frende-mc-delkasko,ordinary,"[""mcb-ff-frende-mc-terms""]","[""catalog/sources/frende/Vilkar_kjoretoyforsikring.pdf""]","[""catalog/sources/frende/Vilkar_kjoretoyforsikring.pdf"", ""catalog/sources/mc-bobil/frende-mc-ipid.pdf"", ""catalog/sources/mc-bobil/frende-mc-page.html"", ""catalog/sources/mc-bobil/frende-mc-mileage.html"", ""catalog/sources/frende/Generelle_vilkar-01012026.pdf""]",[],Exact component/type checked; no automatic cross-product inheritance,COMPLETE_WITH_RECORDED_GAPS,True,MCIPID2p+fullHTML+mileageHTML read with shared15pterms/4pgeneral. No MCnyverdi/rental/machine copied. Remainingglassapplicability and equipmentcoveragecauses prevent fullclosure. Allcurrentexactclaims supportchecked. FOLLOW-UP: §3.5 names riding gear but does not create all-risk coverage; selected physical cause under4/5/6 still governs. MCcatalog conditional equipment presence on physical levels is conservative; no cover on Ansvar asserted. Glass clause5.1 general versus exact MCsummary applicability remains final SOURCE_RESEARCH_REQUIRED (no proof from omission). All other exact dimensions and optional accident checked. Local review complete.
"[""frende"",""mc"",""ordinary"",""frende-mc-kasko"",""2026-01-01""]",frende-mc-kasko,ordinary,"[""mcb-ff-frende-mc-terms""]","[""catalog/sources/frende/Vilkar_kjoretoyforsikring.pdf""]","[""catalog/sources/frende/Vilkar_kjoretoyforsikring.pdf"", ""catalog/sources/mc-bobil/frende-mc-ipid.pdf"", ""catalog/sources/mc-bobil/frende-mc-page.html"", ""catalog/sources/mc-bobil/frende-mc-mileage.html"", ""catalog/sources/frende/Generelle_vilkar-01012026.pdf""]",[],Exact component/type checked; no automatic cross-product inheritance,COMPLETE_WITH_RECORDED_GAPS,True,MCIPID2p+fullHTML+mileageHTML read with shared15pterms/4pgeneral. No MCnyverdi/rental/machine copied. Remainingglassapplicability and equipmentcoveragecauses prevent fullclosure. Allcurrentexactclaims supportchecked. FOLLOW-UP: §3.5 names riding gear but does not create all-risk coverage; selected physical cause under4/5/6 still governs. MCcatalog conditional equipment presence on physical levels is conservative; no cover on Ansvar asserted. Glass clause5.1 general versus exact MCsummary applicability remains final SOURCE_RESEARCH_REQUIRED (no proof from omission). All other exact dimensions and optional accident checked. Local review complete.
"[""frende"",""bobil"",""ordinary"",""frende-bobil-ansvar"",""2026-01-01""]",frende-bobil-ansvar,ordinary,"[""mcb-ff-frende-bobil-terms""]","[""catalog/sources/frende/Vilkar_kjoretoyforsikring.pdf""]","[""catalog/sources/frende/Vilkar_kjoretoyforsikring.pdf"", ""catalog/sources/mc-bobil/frende-bobil-ipid.pdf"", ""catalog/sources/mc-bobil/frende-bobil-page.html"", ""catalog/sources/frende/Generelle_vilkar-01012026.pdf""]",[],Exact component/type checked; no automatic cross-product inheritance,COMPLETE_WITH_RECORDED_GAPS,True,"Completed scoped61rulematrix followingtargetedcheckpoint. All exactcatalogbase+addons reverse checked; SC014remains: machineavailablelevel/contentcaps/accessorycaps/rentalcash. General4p read but generalrule-to-product matrix notfullyenumerated. No sourcefreshnessclaim. FOLLOW-UP: general4p matrix now explicit. All61-rule and base/optional reverse checks complete. SC014 exact dated source disagreements retained as final research requirements; does not certify web values or product-level availability in conflict. Shared §9 age wording treated as SC012-type conflict, no arbitrary resolution."
"[""frende"",""bobil"",""ordinary"",""frende-bobil-delkasko"",""2026-01-01""]",frende-bobil-delkasko,ordinary,"[""mcb-ff-frende-bobil-terms""]","[""catalog/sources/frende/Vilkar_kjoretoyforsikring.pdf""]","[""catalog/sources/frende/Vilkar_kjoretoyforsikring.pdf"", ""catalog/sources/mc-bobil/frende-bobil-ipid.pdf"", ""catalog/sources/mc-bobil/frende-bobil-page.html"", ""catalog/sources/frende/Generelle_vilkar-01012026.pdf""]",[],Exact component/type checked; no automatic cross-product inheritance,COMPLETE_WITH_RECORDED_GAPS,True,"Completed scoped61rulematrix followingtargetedcheckpoint. All exactcatalogbase+addons reverse checked; SC014remains: machineavailablelevel/contentcaps/accessorycaps/rentalcash. General4p read but generalrule-to-product matrix notfullyenumerated. No sourcefreshnessclaim. FOLLOW-UP: general4p matrix now explicit. All61-rule and base/optional reverse checks complete. SC014 exact dated source disagreements retained as final research requirements; does not certify web values or product-level availability in conflict. Shared §9 age wording treated as SC012-type conflict, no arbitrary resolution."
"[""frende"",""bobil"",""ordinary"",""frende-bobil-kasko"",""2026-01-01""]",frende-bobil-kasko,ordinary,"[""mcb-ff-frende-bobil-terms""]","[""catalog/sources/frende/Vilkar_kjoretoyforsikring.pdf""]","[""catalog/sources/frende/Vilkar_kjoretoyforsikring.pdf"", ""catalog/sources/mc-bobil/frende-bobil-ipid.pdf"", ""catalog/sources/mc-bobil/frende-bobil-page.html"", ""catalog/sources/frende/Generelle_vilkar-01012026.pdf""]",[],Exact component/type checked; no automatic cross-product inheritance,COMPLETE_WITH_RECORDED_GAPS,True,"Completed scoped61rulematrix followingtargetedcheckpoint. All exactcatalogbase+addons reverse checked; SC014remains: machineavailablelevel/contentcaps/accessorycaps/rentalcash. General4p read but generalrule-to-product matrix notfullyenumerated. No sourcefreshnessclaim. FOLLOW-UP: general4p matrix now explicit. All61-rule and base/optional reverse checks complete. SC014 exact dated source disagreements retained as final research requirements; does not certify web values or product-level availability in conflict. Shared §9 age wording treated as SC012-type conflict, no arbitrary resolution."
"[""frende"",""bobil"",""ordinary"",""frende-bobil-utvidet"",""2026-01-01""]",frende-bobil-utvidet,ordinary,"[""mcb-ff-frende-bobil-terms""]","[""catalog/sources/frende/Vilkar_kjoretoyforsikring.pdf""]","[""catalog/sources/frende/Vilkar_kjoretoyforsikring.pdf"", ""catalog/sources/mc-bobil/frende-bobil-ipid.pdf"", ""catalog/sources/mc-bobil/frende-bobil-page.html"", ""catalog/sources/frende/Generelle_vilkar-01012026.pdf""]",[],Exact component/type checked; no automatic cross-product inheritance,COMPLETE_WITH_RECORDED_GAPS,True,"Completed scoped61rulematrix followingtargetedcheckpoint. All exactcatalogbase+addons reverse checked; SC014remains: machineavailablelevel/contentcaps/accessorycaps/rentalcash. General4p read but generalrule-to-product matrix notfullyenumerated. No sourcefreshnessclaim. FOLLOW-UP: general4p matrix now explicit. All61-rule and base/optional reverse checks complete. SC014 exact dated source disagreements retained as final research requirements; does not certify web values or product-level availability in conflict. Shared §9 age wording treated as SC012-type conflict, no arbitrary resolution."
"[""tryg"",""båt"",""ordinary"",""tryg-bat-ansvar"",""2024-07-01""]",tryg-bat-ansvar,ordinary,"[""boat-pet:tryg:båt"", ""boat-pet:tryg:båt:accident""]","[""catalog/sources/boat-pet/tryg-boat-accident-terms.pdf"", ""catalog/sources/boat-pet/tryg-boat-ipid.pdf""]","[""catalog/sources/boat-pet/tryg-boat-accident-terms.pdf"", ""catalog/sources/boat-pet/tryg-boat-inboard-terms.pdf"", ""catalog/sources/boat-pet/tryg-boat-ipid.pdf"", ""catalog/sources/boat-pet/tryg-boat-outboard-terms.pdf"", ""catalog/sources/boat-pet/tryg-boat-product.html"", ""catalog/sources/boat-pet/tryg-boat-row-terms.pdf"", ""catalog/sources/boat-pet/tryg-boat-sail-terms.pdf"", ""catalog/sources/tryg/hus/05PGE91500.pdf""]","[""catalog/sources/boat-pet/tryg-boat-accident-terms.pdf"", ""catalog/sources/boat-pet/tryg-boat-extra-terms.pdf"", ""catalog/sources/boat-pet/tryg-boat-inboard-terms.pdf"", ""catalog/sources/boat-pet/tryg-boat-ipid.pdf"", ""catalog/sources/boat-pet/tryg-boat-machinery-terms.pdf"", ""catalog/sources/boat-pet/tryg-boat-outboard-terms.pdf"", ""catalog/sources/boat-pet/tryg-boat-product.html"", ""catalog/sources/boat-pet/tryg-boat-row-terms.pdf"", ""catalog/sources/boat-pet/tryg-boat-sail-terms.pdf""]",Exact component/type checked; no automatic cross-product inheritance,COMPLETE_WITH_RECORDED_GAPS,True,"All9localboatartifactsreviewed33rules+typedlegal. Deepreviewclosedwithinlocalavailability,notfulltermscompleteness:missingordinaryAnsvar/BT/KaskodetailedtermsflaggedSOURCE_PACKAGE_GAP. Allclaimsreviewed;Motorunderagecontradictionfound;nohull/liabilitysumsinvented. CanonicalBrannstandaloneexactavailabilityneedsfullcoveragepackage."
"[""tryg"",""båt"",""ordinary"",""tryg-bat-brann-ansvar"",""2024-07-01""]",tryg-bat-brann-ansvar,ordinary,"[""boat-pet:tryg:båt"", ""boat-pet:tryg:båt:accident""]","[""catalog/sources/boat-pet/tryg-boat-accident-terms.pdf"", ""catalog/sources/boat-pet/tryg-boat-ipid.pdf""]","[""catalog/sources/boat-pet/tryg-boat-accident-terms.pdf"", ""catalog/sources/boat-pet/tryg-boat-inboard-terms.pdf"", ""catalog/sources/boat-pet/tryg-boat-ipid.pdf"", ""catalog/sources/boat-pet/tryg-boat-outboard-terms.pdf"", ""catalog/sources/boat-pet/tryg-boat-product.html"", ""catalog/sources/boat-pet/tryg-boat-row-terms.pdf"", ""catalog/sources/boat-pet/tryg-boat-sail-terms.pdf"", ""catalog/sources/tryg/hus/05PGE91500.pdf""]","[""catalog/sources/boat-pet/tryg-boat-accident-terms.pdf"", ""catalog/sources/boat-pet/tryg-boat-extra-terms.pdf"", ""catalog/sources/boat-pet/tryg-boat-inboard-terms.pdf"", ""catalog/sources/boat-pet/tryg-boat-ipid.pdf"", ""catalog/sources/boat-pet/tryg-boat-machinery-terms.pdf"", ""catalog/sources/boat-pet/tryg-boat-outboard-terms.pdf"", ""catalog/sources/boat-pet/tryg-boat-product.html"", ""catalog/sources/boat-pet/tryg-boat-row-terms.pdf"", ""catalog/sources/boat-pet/tryg-boat-sail-terms.pdf""]",Exact component/type checked; no automatic cross-product inheritance,COMPLETE_WITH_RECORDED_GAPS,True,"All9localboatartifactsreviewed33rules+typedlegal. Deepreviewclosedwithinlocalavailability,notfulltermscompleteness:missingordinaryAnsvar/BT/KaskodetailedtermsflaggedSOURCE_PACKAGE_GAP. Allclaimsreviewed;Motorunderagecontradictionfound;nohull/liabilitysumsinvented. CanonicalBrannstandaloneexactavailabilityneedsfullcoveragepackage."
"[""tryg"",""båt"",""ordinary"",""tryg-bat-brann-tyveri-ansvar"",""2024-07-01""]",tryg-bat-brann-tyveri-ansvar,ordinary,"[""boat-pet:tryg:båt"", ""boat-pet:tryg:båt:accident""]","[""catalog/sources/boat-pet/tryg-boat-accident-terms.pdf"", ""catalog/sources/boat-pet/tryg-boat-ipid.pdf""]","[""catalog/sources/boat-pet/tryg-boat-accident-terms.pdf"", ""catalog/sources/boat-pet/tryg-boat-inboard-terms.pdf"", ""catalog/sources/boat-pet/tryg-boat-ipid.pdf"", ""catalog/sources/boat-pet/tryg-boat-outboard-terms.pdf"", ""catalog/sources/boat-pet/tryg-boat-product.html"", ""catalog/sources/boat-pet/tryg-boat-row-terms.pdf"", ""catalog/sources/boat-pet/tryg-boat-sail-terms.pdf"", ""catalog/sources/tryg/hus/05PGE91500.pdf""]","[""catalog/sources/boat-pet/tryg-boat-accident-terms.pdf"", ""catalog/sources/boat-pet/tryg-boat-extra-terms.pdf"", ""catalog/sources/boat-pet/tryg-boat-inboard-terms.pdf"", ""catalog/sources/boat-pet/tryg-boat-ipid.pdf"", ""catalog/sources/boat-pet/tryg-boat-machinery-terms.pdf"", ""catalog/sources/boat-pet/tryg-boat-outboard-terms.pdf"", ""catalog/sources/boat-pet/tryg-boat-product.html"", ""catalog/sources/boat-pet/tryg-boat-row-terms.pdf"", ""catalog/sources/boat-pet/tryg-boat-sail-terms.pdf""]",Exact component/type checked; no automatic cross-product inheritance,COMPLETE_WITH_RECORDED_GAPS,True,"All9localboatartifactsreviewed33rules+typedlegal. Deepreviewclosedwithinlocalavailability,notfulltermscompleteness:missingordinaryAnsvar/BT/KaskodetailedtermsflaggedSOURCE_PACKAGE_GAP. Allclaimsreviewed;Motorunderagecontradictionfound;nohull/liabilitysumsinvented. CanonicalBrannstandaloneexactavailabilityneedsfullcoveragepackage."
"[""tryg"",""båt"",""ordinary"",""tryg-bat-kasko-ansvar"",""2024-07-01""]",tryg-bat-kasko-ansvar,ordinary,"[""boat-pet:tryg:båt"", ""boat-pet:tryg:båt:accident"", ""boat-pet:tryg:båt:machinery""]","[""catalog/sources/boat-pet/tryg-boat-accident-terms.pdf"", ""catalog/sources/boat-pet/tryg-boat-ipid.pdf"", ""catalog/sources/boat-pet/tryg-boat-machinery-terms.pdf""]","[""catalog/sources/boat-pet/tryg-boat-accident-terms.pdf"", ""catalog/sources/boat-pet/tryg-boat-inboard-terms.pdf"", ""catalog/sources/boat-pet/tryg-boat-ipid.pdf"", ""catalog/sources/boat-pet/tryg-boat-machinery-terms.pdf"", ""catalog/sources/boat-pet/tryg-boat-outboard-terms.pdf"", ""catalog/sources/boat-pet/tryg-boat-product.html"", ""catalog/sources/boat-pet/tryg-boat-row-terms.pdf"", ""catalog/sources/boat-pet/tryg-boat-sail-terms.pdf"", ""catalog/sources/tryg/hus/05PGE91500.pdf""]","[""catalog/sources/boat-pet/tryg-boat-accident-terms.pdf"", ""catalog/sources/boat-pet/tryg-boat-extra-terms.pdf"", ""catalog/sources/boat-pet/tryg-boat-inboard-terms.pdf"", ""catalog/sources/boat-pet/tryg-boat-ipid.pdf"", ""catalog/sources/boat-pet/tryg-boat-machinery-terms.pdf"", ""catalog/sources/boat-pet/tryg-boat-outboard-terms.pdf"", ""catalog/sources/boat-pet/tryg-boat-product.html"", ""catalog/sources/boat-pet/tryg-boat-row-terms.pdf"", ""catalog/sources/boat-pet/tryg-boat-sail-terms.pdf""]",Exact component/type checked; no automatic cross-product inheritance,COMPLETE_WITH_RECORDED_GAPS,True,"All9localboatartifactsreviewed33rules+typedlegal. Deepreviewclosedwithinlocalavailability,notfulltermscompleteness:missingordinaryAnsvar/BT/KaskodetailedtermsflaggedSOURCE_PACKAGE_GAP. Allclaimsreviewed;Motorunderagecontradictionfound;nohull/liabilitysumsinvented. CanonicalBrannstandaloneexactavailabilityneedsfullcoveragepackage."
"[""tryg"",""båt"",""ordinary"",""tryg-bat-bat-ekstra"",""2024-07-01""]",tryg-bat-bat-ekstra,ordinary,"[""boat-pet:tryg:båt"", ""boat-pet:tryg:båt:accident"", ""boat-pet:tryg:båt:machinery""]","[""catalog/sources/boat-pet/tryg-boat-accident-terms.pdf"", ""catalog/sources/boat-pet/tryg-boat-ipid.pdf"", ""catalog/sources/boat-pet/tryg-boat-machinery-terms.pdf""]","[""catalog/sources/boat-pet/tryg-boat-accident-terms.pdf"", ""catalog/sources/boat-pet/tryg-boat-extra-terms.pdf"", ""catalog/sources/boat-pet/tryg-boat-inboard-terms.pdf"", ""catalog/sources/boat-pet/tryg-boat-ipid.pdf"", ""catalog/sources/boat-pet/tryg-boat-machinery-terms.pdf"", ""catalog/sources/boat-pet/tryg-boat-outboard-terms.pdf"", ""catalog/sources/boat-pet/tryg-boat-product.html"", ""catalog/sources/boat-pet/tryg-boat-row-terms.pdf"", ""catalog/sources/boat-pet/tryg-boat-sail-terms.pdf"", ""catalog/sources/tryg/hus/05PGE91500.pdf""]","[""catalog/sources/boat-pet/tryg-boat-accident-terms.pdf"", ""catalog/sources/boat-pet/tryg-boat-extra-terms.pdf"", ""catalog/sources/boat-pet/tryg-boat-inboard-terms.pdf"", ""catalog/sources/boat-pet/tryg-boat-ipid.pdf"", ""catalog/sources/boat-pet/tryg-boat-machinery-terms.pdf"", ""catalog/sources/boat-pet/tryg-boat-outboard-terms.pdf"", ""catalog/sources/boat-pet/tryg-boat-product.html"", ""catalog/sources/boat-pet/tryg-boat-row-terms.pdf"", ""catalog/sources/boat-pet/tryg-boat-sail-terms.pdf""]",Exact component/type checked; no automatic cross-product inheritance,COMPLETE_WITH_RECORDED_GAPS,True,"All9localboatartifactsreviewed33rules+typedlegal. Deepreviewclosedwithinlocalavailability,notfulltermscompleteness:missingordinaryAnsvar/BT/KaskodetailedtermsflaggedSOURCE_PACKAGE_GAP. Allclaimsreviewed;Motorunderagecontradictionfound;nohull/liabilitysumsinvented. CanonicalBrannstandaloneexactavailabilityneedsfullcoveragepackage."
"[""if"",""båt"",""ordinary"",""if-bat-delkasko"",""2023-02-01""]",if-bat-delkasko,ordinary,"[""boat-pet:if:båt""]","[""catalog/sources/boat-pet/if-boat-terms.pdf""]","[""catalog/sources/boat-pet/if-boat-terms.pdf"", ""catalog/sources/boat-pet/if-boat-ipid.pdf""]","[""catalog/sources/boat-pet/if-boat-ipid.pdf"", ""catalog/sources/boat-pet/if-boat-terms.pdf""]",Exact component/type checked; no automatic cross-product inheritance,COMPLETE_WITH_RECORDED_GAPS,True,"55-rulesource-firstinventorycheckedagainstverythinexactcatalog;baseandoptionalMotor/girreversechecked.Motor4kbranchmateriallycontradictsminimum8ksummary.Superpurchasepriceguaranteeisnotunconditionalnewboat;basic1year60%ruleindependent.Jolle/storageDelkaskoIPIDconflictrecorded. Generallegal§22exactversionresearchgap,noamountguessed."
"[""if"",""båt"",""ordinary"",""if-bat-kasko"",""2023-02-01""]",if-bat-kasko,ordinary,"[""boat-pet:if:båt""]","[""catalog/sources/boat-pet/if-boat-terms.pdf""]","[""catalog/sources/boat-pet/if-boat-terms.pdf"", ""catalog/sources/boat-pet/if-boat-ipid.pdf""]","[""catalog/sources/boat-pet/if-boat-ipid.pdf"", ""catalog/sources/boat-pet/if-boat-terms.pdf""]",Exact component/type checked; no automatic cross-product inheritance,COMPLETE_WITH_RECORDED_GAPS,True,"55-rulesource-firstinventorycheckedagainstverythinexactcatalog;baseandoptionalMotor/girreversechecked.Motor4kbranchmateriallycontradictsminimum8ksummary.Superpurchasepriceguaranteeisnotunconditionalnewboat;basic1year60%ruleindependent.Jolle/storageDelkaskoIPIDconflictrecorded. Generallegal§22exactversionresearchgap,noamountguessed."
"[""if"",""båt"",""ordinary"",""if-bat-super"",""2023-02-01""]",if-bat-super,ordinary,"[""boat-pet:if:båt""]","[""catalog/sources/boat-pet/if-boat-terms.pdf""]","[""catalog/sources/boat-pet/if-boat-terms.pdf"", ""catalog/sources/boat-pet/if-boat-ipid.pdf""]","[""catalog/sources/boat-pet/if-boat-ipid.pdf"", ""catalog/sources/boat-pet/if-boat-terms.pdf""]",Exact component/type checked; no automatic cross-product inheritance,COMPLETE_WITH_RECORDED_GAPS,True,"55-rulesource-firstinventorycheckedagainstverythinexactcatalog;baseandoptionalMotor/girreversechecked.Motor4kbranchmateriallycontradictsminimum8ksummary.Superpurchasepriceguaranteeisnotunconditionalnewboat;basic1year60%ruleindependent.Jolle/storageDelkaskoIPIDconflictrecorded. Generallegal§22exactversionresearchgap,noamountguessed."
"[""gjensidige"",""båt"",""ordinary"",""gjensidige-bat-delkasko"",null]",gjensidige-bat-delkasko,ordinary,"[""boat-pet:gjensidige:båt""]","[""catalog/sources/boat-pet/gjensidige-boat-ipid.pdf""]","[""catalog/sources/boat-pet/gjensidige-boat-delkasko-terms.pdf"", ""catalog/sources/boat-pet/gjensidige-boat-ipid.pdf"", ""catalog/sources/boat-pet/gjensidige-boat-product.html""]","[""catalog/sources/boat-pet/gjensidige-boat-delkasko-terms.pdf"", ""catalog/sources/boat-pet/gjensidige-boat-ipid.pdf"", ""catalog/sources/boat-pet/gjensidige-boat-kasko-terms.pdf"", ""catalog/sources/boat-pet/gjensidige-boat-plus-terms.pdf"", ""catalog/sources/boat-pet/gjensidige-boat-product.html""]",Exact component/type checked; no automatic cross-product inheritance,COMPLETE_WITH_RECORDED_GAPS,True,Fullsourcefirst60-ruleinventorybeforecatalog.50PDFpagesaccounted:18prioridentical+13within-packageidentical+19uniqueread. AllHTMLread. Exact6/9/13claimsreversechecked; major missingredning/ulykkeandqualifiedsums recorded. Noactualaddons;optionalavailabilityvsfulltermsgapkept. Noonlinefreshness.
"[""gjensidige"",""båt"",""ordinary"",""gjensidige-bat-kasko"",null]",gjensidige-bat-kasko,ordinary,"[""boat-pet:gjensidige:båt""]","[""catalog/sources/boat-pet/gjensidige-boat-ipid.pdf""]","[""catalog/sources/boat-pet/gjensidige-boat-kasko-terms.pdf"", ""catalog/sources/boat-pet/gjensidige-boat-ipid.pdf"", ""catalog/sources/boat-pet/gjensidige-boat-product.html""]","[""catalog/sources/boat-pet/gjensidige-boat-delkasko-terms.pdf"", ""catalog/sources/boat-pet/gjensidige-boat-ipid.pdf"", ""catalog/sources/boat-pet/gjensidige-boat-kasko-terms.pdf"", ""catalog/sources/boat-pet/gjensidige-boat-plus-terms.pdf"", ""catalog/sources/boat-pet/gjensidige-boat-product.html""]",Exact component/type checked; no automatic cross-product inheritance,COMPLETE_WITH_RECORDED_GAPS,True,Fullsourcefirst60-ruleinventorybeforecatalog.50PDFpagesaccounted:18prioridentical+13within-packageidentical+19uniqueread. AllHTMLread. Exact6/9/13claimsreversechecked; major missingredning/ulykkeandqualifiedsums recorded. Noactualaddons;optionalavailabilityvsfulltermsgapkept. Noonlinefreshness.
"[""gjensidige"",""båt"",""ordinary"",""gjensidige-bat-pluss"",null]",gjensidige-bat-pluss,ordinary,"[""boat-pet:gjensidige:båt""]","[""catalog/sources/boat-pet/gjensidige-boat-ipid.pdf""]","[""catalog/sources/boat-pet/gjensidige-boat-plus-terms.pdf"", ""catalog/sources/boat-pet/gjensidige-boat-ipid.pdf"", ""catalog/sources/boat-pet/gjensidige-boat-product.html""]","[""catalog/sources/boat-pet/gjensidige-boat-delkasko-terms.pdf"", ""catalog/sources/boat-pet/gjensidige-boat-ipid.pdf"", ""catalog/sources/boat-pet/gjensidige-boat-kasko-terms.pdf"", ""catalog/sources/boat-pet/gjensidige-boat-plus-terms.pdf"", ""catalog/sources/boat-pet/gjensidige-boat-product.html""]",Exact component/type checked; no automatic cross-product inheritance,COMPLETE_WITH_RECORDED_GAPS,True,Fullsourcefirst60-ruleinventorybeforecatalog.50PDFpagesaccounted:18prioridentical+13within-packageidentical+19uniqueread. AllHTMLread. Exact6/9/13claimsreversechecked; major missingredning/ulykkeandqualifiedsums recorded. Noactualaddons;optionalavailabilityvsfulltermsgapkept. Noonlinefreshness.
"[""storebrand"",""båt"",""ordinary"",""storebrand-bat-delkasko"",""2024-09-01""]",storebrand-bat-delkasko,ordinary,"[""boat-pet:storebrand:båt""]","[""catalog/sources/boat-pet/storebrand-boat-terms.pdf""]","[""catalog/sources/boat-pet/storebrand-boat-terms.pdf"", ""catalog/sources/boat-pet/storebrand-boat-ipid.pdf"", ""catalog/sources/boat-pet/storebrand-boat-product.html""]","[""catalog/sources/boat-pet/storebrand-boat-ipid.pdf"", ""catalog/sources/boat-pet/storebrand-boat-product.html"", ""catalog/sources/boat-pet/storebrand-boat-terms.pdf""]",Exact component/type checked; no automatic cross-product inheritance,COMPLETE_WITH_RECORDED_GAPS,True,"Independent SBT39-rule inventory completes initial11/15/18facts. All22p+2pIPID+HTML and previously read Storebrand general considered. Existing GAP0058–0090 revalidated. Material claims reverse checked; optional standalone machine damage not invented. SC069 registration/total-loss documentary conflict and SC070 alarm wording retained, not resolved by precedence. Super loss of opplagsutstyr recognized in original GAP0085. No online freshness claim."
"[""storebrand"",""båt"",""ordinary"",""storebrand-bat-kasko"",""2024-09-01""]",storebrand-bat-kasko,ordinary,"[""boat-pet:storebrand:båt""]","[""catalog/sources/boat-pet/storebrand-boat-terms.pdf""]","[""catalog/sources/boat-pet/storebrand-boat-terms.pdf"", ""catalog/sources/boat-pet/storebrand-boat-ipid.pdf"", ""catalog/sources/boat-pet/storebrand-boat-product.html""]","[""catalog/sources/boat-pet/storebrand-boat-ipid.pdf"", ""catalog/sources/boat-pet/storebrand-boat-product.html"", ""catalog/sources/boat-pet/storebrand-boat-terms.pdf""]",Exact component/type checked; no automatic cross-product inheritance,COMPLETE_WITH_RECORDED_GAPS,True,"Independent SBT39-rule inventory completes initial11/15/18facts. All22p+2pIPID+HTML and previously read Storebrand general considered. Existing GAP0058–0090 revalidated. Material claims reverse checked; optional standalone machine damage not invented. SC069 registration/total-loss documentary conflict and SC070 alarm wording retained, not resolved by precedence. Super loss of opplagsutstyr recognized in original GAP0085. No online freshness claim."
"[""storebrand"",""båt"",""ordinary"",""storebrand-bat-super"",""2024-09-01""]",storebrand-bat-super,ordinary,"[""boat-pet:storebrand:båt""]","[""catalog/sources/boat-pet/storebrand-boat-terms.pdf""]","[""catalog/sources/boat-pet/storebrand-boat-terms.pdf"", ""catalog/sources/boat-pet/storebrand-boat-ipid.pdf"", ""catalog/sources/boat-pet/storebrand-boat-product.html""]","[""catalog/sources/boat-pet/storebrand-boat-ipid.pdf"", ""catalog/sources/boat-pet/storebrand-boat-product.html"", ""catalog/sources/boat-pet/storebrand-boat-terms.pdf""]",Exact component/type checked; no automatic cross-product inheritance,COMPLETE_WITH_RECORDED_GAPS,True,"Independent SBT39-rule inventory completes initial11/15/18facts. All22p+2pIPID+HTML and previously read Storebrand general considered. Existing GAP0058–0090 revalidated. Material claims reverse checked; optional standalone machine damage not invented. SC069 registration/total-loss documentary conflict and SC070 alarm wording retained, not resolved by precedence. Super loss of opplagsutstyr recognized in original GAP0085. No online freshness claim."
"[""sparebank1-fremtind"",""båt"",""ordinary"",""sparebank1-fremtind-bat-delkasko"",""2024-06-10""]",sparebank1-fremtind-bat-delkasko,ordinary,"[""boat-pet:sparebank1-fremtind:båt""]","[""catalog/sources/boat-pet/fremtind-boat-terms.pdf""]","[""catalog/sources/boat-pet/fremtind-boat-terms.pdf"", ""catalog/sources/boat-pet/fremtind-sb1-boat-product.html"", ""catalog/sources/boat-pet/fremtind-boat-ipid.pdf""]","[""catalog/sources/boat-pet/fremtind-boat-ipid.pdf"", ""catalog/sources/boat-pet/fremtind-boat-terms.pdf"", ""catalog/sources/boat-pet/fremtind-sb1-boat-product.html""]",Exact component/type checked; no automatic cross-product inheritance,COMPLETE_WITH_RECORDED_GAPS,True,"Full source-first46rules,all3levels,allmaterialexactclaimsupports;legalbyte-equivalenttokensreused;noaddons. Numerical SDRtyporemainsambiguous, motorvsboatageconflictqueued. No unsupported P0assumed. Complete available-local review with explicit conflicts."
"[""sparebank1-fremtind"",""båt"",""ordinary"",""sparebank1-fremtind-bat-kasko"",""2024-06-10""]",sparebank1-fremtind-bat-kasko,ordinary,"[""boat-pet:sparebank1-fremtind:båt""]","[""catalog/sources/boat-pet/fremtind-boat-terms.pdf""]","[""catalog/sources/boat-pet/fremtind-boat-terms.pdf"", ""catalog/sources/boat-pet/fremtind-sb1-boat-product.html"", ""catalog/sources/boat-pet/fremtind-boat-ipid.pdf""]","[""catalog/sources/boat-pet/fremtind-boat-ipid.pdf"", ""catalog/sources/boat-pet/fremtind-boat-terms.pdf"", ""catalog/sources/boat-pet/fremtind-sb1-boat-product.html""]",Exact component/type checked; no automatic cross-product inheritance,COMPLETE_WITH_RECORDED_GAPS,True,"Full source-first46rules,all3levels,allmaterialexactclaimsupports;legalbyte-equivalenttokensreused;noaddons. Numerical SDRtyporemainsambiguous, motorvsboatageconflictqueued. No unsupported P0assumed. Complete available-local review with explicit conflicts."
"[""sparebank1-fremtind"",""båt"",""ordinary"",""sparebank1-fremtind-bat-toppkasko"",""2024-06-10""]",sparebank1-fremtind-bat-toppkasko,ordinary,"[""boat-pet:sparebank1-fremtind:båt""]","[""catalog/sources/boat-pet/fremtind-boat-terms.pdf""]","[""catalog/sources/boat-pet/fremtind-boat-terms.pdf"", ""catalog/sources/boat-pet/fremtind-sb1-boat-product.html"", ""catalog/sources/boat-pet/fremtind-boat-ipid.pdf""]","[""catalog/sources/boat-pet/fremtind-boat-ipid.pdf"", ""catalog/sources/boat-pet/fremtind-boat-terms.pdf"", ""catalog/sources/boat-pet/fremtind-sb1-boat-product.html""]",Exact component/type checked; no automatic cross-product inheritance,COMPLETE_WITH_RECORDED_GAPS,True,"Full source-first46rules,all3levels,allmaterialexactclaimsupports;legalbyte-equivalenttokensreused;noaddons. Numerical SDRtyporemainsambiguous, motorvsboatageconflictqueued. No unsupported P0assumed. Complete available-local review with explicit conflicts."
"[""frende"",""båt"",""ordinary"",""frende-bat-brann-og-tyveri"",""2026-01-01""]",frende-bat-brann-og-tyveri,ordinary,"[""boat-pet:frende:båt""]","[""catalog/sources/boat-pet/frende-boat-terms.pdf""]","[""catalog/sources/boat-pet/frende-boat-terms.pdf"", ""catalog/sources/boat-pet/frende-boat-ipid.pdf"", ""catalog/sources/boat-pet/frende-boat-product.html""]","[""catalog/sources/boat-pet/frende-boat-ipid.pdf"", ""catalog/sources/boat-pet/frende-boat-product.html"", ""catalog/sources/boat-pet/frende-boat-terms.pdf""]",Exact component/type checked; no automatic cross-product inheritance,COMPLETE_WITH_RECORDED_GAPS,True,"Full13pterms+2pIPID+HTMLread;45sourcefirstrules, exact base/optional facts reviewed. Remaining applicability: BrannTyverilosøre,Utvidet80vs60/30kvs10k, transportlabel sjøsetting/opptak. No new research. FOLLOW-UP LOCAL CLOSURE: Lower-level contents conflict in SC010; source§8 motor-only is separate certificate product, outside active full-boat levels. Complete independent material inventory/catalog pass/reverse claims already performed. Remaining uncertainty disposition is SOURCE_RESEARCH_REQUIRED; no claim source conflicts resolved or affirmative coverage invented."
"[""frende"",""båt"",""ordinary"",""frende-bat-kasko"",""2026-01-01""]",frende-bat-kasko,ordinary,"[""boat-pet:frende:båt""]","[""catalog/sources/boat-pet/frende-boat-terms.pdf""]","[""catalog/sources/boat-pet/frende-boat-terms.pdf"", ""catalog/sources/boat-pet/frende-boat-ipid.pdf"", ""catalog/sources/boat-pet/frende-boat-product.html""]","[""catalog/sources/boat-pet/frende-boat-ipid.pdf"", ""catalog/sources/boat-pet/frende-boat-product.html"", ""catalog/sources/boat-pet/frende-boat-terms.pdf""]",Exact component/type checked; no automatic cross-product inheritance,COMPLETE_WITH_RECORDED_GAPS,True,"Full13pterms+2pIPID+HTMLread;45sourcefirstrules, exact base/optional facts reviewed. Remaining applicability: BrannTyverilosøre,Utvidet80vs60/30kvs10k, transportlabel sjøsetting/opptak. No new research. FOLLOW-UP LOCAL CLOSURE: Transport§5.1.4 proven; generic external-event§5.1.5 is not sufficient to guarantee every named launch/recovery event. Preserve conditional wording; broad label applicability requires clarification. Complete independent material inventory/catalog pass/reverse claims already performed. Remaining uncertainty disposition is SOURCE_RESEARCH_REQUIRED; no claim source conflicts resolved or affirmative coverage invented."
"[""frende"",""båt"",""ordinary"",""frende-bat-utvidet"",""2026-01-01""]",frende-bat-utvidet,ordinary,"[""boat-pet:frende:båt""]","[""catalog/sources/boat-pet/frende-boat-terms.pdf""]","[""catalog/sources/boat-pet/frende-boat-terms.pdf"", ""catalog/sources/boat-pet/frende-boat-ipid.pdf"", ""catalog/sources/boat-pet/frende-boat-product.html""]","[""catalog/sources/boat-pet/frende-boat-ipid.pdf"", ""catalog/sources/boat-pet/frende-boat-product.html"", ""catalog/sources/boat-pet/frende-boat-terms.pdf""]",Exact component/type checked; no automatic cross-product inheritance,COMPLETE_WITH_RECORDED_GAPS,True,"Full13pterms+2pIPID+HTMLread;45sourcefirstrules, exact base/optional facts reviewed. Remaining applicability: BrannTyverilosøre,Utvidet80vs60/30kvs10k, transportlabel sjøsetting/opptak. No new research. FOLLOW-UP LOCAL CLOSURE: Source80%/30000 versus HTML60%/10000 remain SC010; secure guaranteeage and50000 contents already inventoried separately. Combined transport-label scope also retained. Complete independent material inventory/catalog pass/reverse claims already performed. Remaining uncertainty disposition is SOURCE_RESEARCH_REQUIRED; no claim source conflicts resolved or affirmative coverage invented."
"[""tryg"",""hund"",""ordinary"",""tryg-hund-behandling"",""2026-09-01""]",tryg-hund-behandling,ordinary,"[""boat-pet:tryg:hund"", ""boat-pet:tryg:hund:extra"", ""boat-pet:tryg:hund:life""]","[""catalog/sources/boat-pet/tryg-dog-extra-terms.pdf"", ""catalog/sources/boat-pet/tryg-dog-life-terms.pdf"", ""catalog/sources/boat-pet/tryg-pet-ipid.pdf""]","[""catalog/sources/boat-pet/tryg-dog-extra-terms.pdf"", ""catalog/sources/boat-pet/tryg-dog-life-terms.pdf"", ""catalog/sources/boat-pet/tryg-dog-product-terms.pdf"", ""catalog/sources/boat-pet/tryg-dog-product.html"", ""catalog/sources/boat-pet/tryg-dog-treatment-terms.pdf"", ""catalog/sources/boat-pet/tryg-pet-ipid.pdf""]","[""catalog/sources/boat-pet/tryg-dog-extra-terms.pdf"", ""catalog/sources/boat-pet/tryg-dog-life-terms.pdf"", ""catalog/sources/boat-pet/tryg-dog-product-terms.pdf"", ""catalog/sources/boat-pet/tryg-dog-product.html"", ""catalog/sources/boat-pet/tryg-dog-treatment-terms.pdf"", ""catalog/sources/boat-pet/tryg-pet-ipid.pdf""]",Exact component/type checked; no automatic cross-product inheritance,COMPLETE_WITH_RECORDED_GAPS,True,"40source-firstdimensions+original32factIDsreusedratherthanduplicated. All10localartifactsread,PLB52000Dyrbothspeciesexactscope. Basechoice/scopedaddonlimitskept;before4mnd/0deductible/ageintervalprecisionchecked;SC0019vs10notflattened."
"[""tryg"",""katt"",""ordinary"",""tryg-katt-behandling"",""2026-09-01""]",tryg-katt-behandling,ordinary,"[""boat-pet:tryg:katt"", ""boat-pet:tryg:katt:extra"", ""boat-pet:tryg:katt:life""]","[""catalog/sources/boat-pet/tryg-cat-extra-terms.pdf"", ""catalog/sources/boat-pet/tryg-cat-life-terms.pdf"", ""catalog/sources/boat-pet/tryg-pet-ipid.pdf""]","[""catalog/sources/boat-pet/tryg-cat-extra-terms.pdf"", ""catalog/sources/boat-pet/tryg-cat-life-terms.pdf"", ""catalog/sources/boat-pet/tryg-cat-product.html"", ""catalog/sources/boat-pet/tryg-cat-treatment-terms.pdf"", ""catalog/sources/boat-pet/tryg-dog-product-terms.pdf"", ""catalog/sources/boat-pet/tryg-pet-ipid.pdf""]","[""catalog/sources/boat-pet/tryg-cat-extra-terms.pdf"", ""catalog/sources/boat-pet/tryg-cat-life-terms.pdf"", ""catalog/sources/boat-pet/tryg-cat-product.html"", ""catalog/sources/boat-pet/tryg-cat-treatment-terms.pdf"", ""catalog/sources/boat-pet/tryg-pet-ipid.pdf""]",Exact component/type checked; no automatic cross-product inheritance,COMPLETE_WITH_RECORDED_GAPS,True,"40source-firstdimensions+original32factIDsreusedratherthanduplicated. All10localartifactsread,PLB52000Dyrbothspeciesexactscope. Basechoice/scopedaddonlimitskept;before4mnd/0deductible/ageintervalprecisionchecked;SC0019vs10notflattened."
"[""if"",""hund"",""ordinary"",""if-hund-basis"",""2022-12-01""]",if-hund-basis,ordinary,"[""boat-pet:if:hund""]","[""catalog/sources/boat-pet/if-dog-terms.pdf""]","[""catalog/sources/boat-pet/if-dog-terms.pdf"", ""catalog/sources/boat-pet/if-dog-ipid.pdf""]","[""catalog/sources/boat-pet/if-dog-ipid.pdf"", ""catalog/sources/boat-pet/if-dog-terms.pdf""]",Exact component/type checked; no automatic cross-product inheritance,COMPLETE_WITH_RECORDED_GAPS,True,"Continuedexistingpartialreviewwithoutduplicatepriorfindings;39-ruleindependentinventoryextendsHUN2-1/KAT2-1andIPID,allmaterialveterinary+lifechaptersreviewed. ExactHund/KattHDAND/ORpreserved;noinventedfixedsum/deductible. Lifeoptional,rasetables,missing/bruksverdi/cremationclosed. Separateungdyrproductexplicitoutofactivecatalogscope;IPIDbirthtimingconflictSC045."
"[""if"",""hund"",""ordinary"",""if-hund-standard"",""2022-12-01""]",if-hund-standard,ordinary,"[""boat-pet:if:hund""]","[""catalog/sources/boat-pet/if-dog-terms.pdf""]","[""catalog/sources/boat-pet/if-dog-terms.pdf"", ""catalog/sources/boat-pet/if-dog-ipid.pdf""]","[""catalog/sources/boat-pet/if-dog-ipid.pdf"", ""catalog/sources/boat-pet/if-dog-terms.pdf""]",Exact component/type checked; no automatic cross-product inheritance,COMPLETE_WITH_RECORDED_GAPS,True,"Continuedexistingpartialreviewwithoutduplicatepriorfindings;39-ruleindependentinventoryextendsHUN2-1/KAT2-1andIPID,allmaterialveterinary+lifechaptersreviewed. ExactHund/KattHDAND/ORpreserved;noinventedfixedsum/deductible. Lifeoptional,rasetables,missing/bruksverdi/cremationclosed. Separateungdyrproductexplicitoutofactivecatalogscope;IPIDbirthtimingconflictSC045."
"[""if"",""hund"",""ordinary"",""if-hund-super"",""2022-12-01""]",if-hund-super,ordinary,"[""boat-pet:if:hund""]","[""catalog/sources/boat-pet/if-dog-terms.pdf""]","[""catalog/sources/boat-pet/if-dog-terms.pdf"", ""catalog/sources/boat-pet/if-dog-ipid.pdf""]","[""catalog/sources/boat-pet/if-dog-ipid.pdf"", ""catalog/sources/boat-pet/if-dog-terms.pdf""]",Exact component/type checked; no automatic cross-product inheritance,COMPLETE_WITH_RECORDED_GAPS,True,"Continuedexistingpartialreviewwithoutduplicatepriorfindings;39-ruleindependentinventoryextendsHUN2-1/KAT2-1andIPID,allmaterialveterinary+lifechaptersreviewed. ExactHund/KattHDAND/ORpreserved;noinventedfixedsum/deductible. Lifeoptional,rasetables,missing/bruksverdi/cremationclosed. Separateungdyrproductexplicitoutofactivecatalogscope;IPIDbirthtimingconflictSC045."
"[""if"",""katt"",""ordinary"",""if-katt-basis"",""2022-12-01""]",if-katt-basis,ordinary,"[""boat-pet:if:katt""]","[""catalog/sources/boat-pet/if-cat-terms.pdf""]","[""catalog/sources/boat-pet/if-cat-terms.pdf"", ""catalog/sources/boat-pet/if-cat-ipid.pdf""]","[""catalog/sources/boat-pet/if-cat-ipid.pdf"", ""catalog/sources/boat-pet/if-cat-terms.pdf""]",Exact component/type checked; no automatic cross-product inheritance,COMPLETE_WITH_RECORDED_GAPS,True,"Continuedexistingpartialreviewwithoutduplicatepriorfindings;39-ruleindependentinventoryextendsHUN2-1/KAT2-1andIPID,allmaterialveterinary+lifechaptersreviewed. ExactHund/KattHDAND/ORpreserved;noinventedfixedsum/deductible. Lifeoptional,rasetables,missing/bruksverdi/cremationclosed. Separateungdyrproductexplicitoutofactivecatalogscope;IPIDbirthtimingconflictSC045."
"[""if"",""katt"",""ordinary"",""if-katt-standard"",""2022-12-01""]",if-katt-standard,ordinary,"[""boat-pet:if:katt""]","[""catalog/sources/boat-pet/if-cat-terms.pdf""]","[""catalog/sources/boat-pet/if-cat-terms.pdf"", ""catalog/sources/boat-pet/if-cat-ipid.pdf""]","[""catalog/sources/boat-pet/if-cat-ipid.pdf"", ""catalog/sources/boat-pet/if-cat-terms.pdf""]",Exact component/type checked; no automatic cross-product inheritance,COMPLETE_WITH_RECORDED_GAPS,True,"Continuedexistingpartialreviewwithoutduplicatepriorfindings;39-ruleindependentinventoryextendsHUN2-1/KAT2-1andIPID,allmaterialveterinary+lifechaptersreviewed. ExactHund/KattHDAND/ORpreserved;noinventedfixedsum/deductible. Lifeoptional,rasetables,missing/bruksverdi/cremationclosed. Separateungdyrproductexplicitoutofactivecatalogscope;IPIDbirthtimingconflictSC045."
"[""if"",""katt"",""ordinary"",""if-katt-super"",""2022-12-01""]",if-katt-super,ordinary,"[""boat-pet:if:katt""]","[""catalog/sources/boat-pet/if-cat-terms.pdf""]","[""catalog/sources/boat-pet/if-cat-terms.pdf"", ""catalog/sources/boat-pet/if-cat-ipid.pdf""]","[""catalog/sources/boat-pet/if-cat-ipid.pdf"", ""catalog/sources/boat-pet/if-cat-terms.pdf""]",Exact component/type checked; no automatic cross-product inheritance,COMPLETE_WITH_RECORDED_GAPS,True,"Continuedexistingpartialreviewwithoutduplicatepriorfindings;39-ruleindependentinventoryextendsHUN2-1/KAT2-1andIPID,allmaterialveterinary+lifechaptersreviewed. ExactHund/KattHDAND/ORpreserved;noinventedfixedsum/deductible. Lifeoptional,rasetables,missing/bruksverdi/cremationclosed. Separateungdyrproductexplicitoutofactivecatalogscope;IPIDbirthtimingconflictSC045."
"[""gjensidige"",""hund"",""ordinary"",""gjensidige-hund-behandling"",null]",gjensidige-hund-behandling,ordinary,"[""boat-pet:gjensidige:hund""]","[""catalog/sources/boat-pet/gjensidige-dog-ipid.pdf""]","[""catalog/sources/boat-pet/gjensidige-dog-treatment-terms.pdf"", ""catalog/sources/boat-pet/gjensidige-dog-life-use-terms.pdf"", ""catalog/sources/boat-pet/gjensidige-dog-ipid.pdf"", ""catalog/sources/boat-pet/gjensidige-dog-product.html""]","[""catalog/sources/boat-pet/gjensidige-dog-ipid.pdf"", ""catalog/sources/boat-pet/gjensidige-dog-life-use-terms.pdf"", ""catalog/sources/boat-pet/gjensidige-dog-product.html"", ""catalog/sources/boat-pet/gjensidige-dog-treatment-terms.pdf""]",Exact component/type checked; no automatic cross-product inheritance,COMPLETE_WITH_RECORDED_GAPS,True,All8localartifacts reviewedsourcefirst53rules;35PDFpages19newand16exactreuse plusHTMLintro/body. Allbaseand3actualaddonclaimsreviewed; choiceunknownpositivecontrolretained. CompleteoptionalLiv/BrukcontentsreviewedbutmissingcatBruk/rehabnotinvented. Race-specificexceptionsnotlocallysuppliedremainresearchgap.
"[""gjensidige"",""katt"",""ordinary"",""gjensidige-katt-behandling"",null]",gjensidige-katt-behandling,ordinary,"[""boat-pet:gjensidige:katt""]","[""catalog/sources/boat-pet/gjensidige-cat-ipid.pdf""]","[""catalog/sources/boat-pet/gjensidige-cat-treatment-terms.pdf"", ""catalog/sources/boat-pet/gjensidige-cat-life-use-terms.pdf"", ""catalog/sources/boat-pet/gjensidige-cat-ipid.pdf"", ""catalog/sources/boat-pet/gjensidige-cat-product.html""]","[""catalog/sources/boat-pet/gjensidige-cat-ipid.pdf"", ""catalog/sources/boat-pet/gjensidige-cat-life-use-terms.pdf"", ""catalog/sources/boat-pet/gjensidige-cat-product.html"", ""catalog/sources/boat-pet/gjensidige-cat-treatment-terms.pdf""]",Exact component/type checked; no automatic cross-product inheritance,COMPLETE_WITH_RECORDED_GAPS,True,All8localartifacts reviewedsourcefirst53rules;35PDFpages19newand16exactreuse plusHTMLintro/body. Allbaseand3actualaddonclaimsreviewed; choiceunknownpositivecontrolretained. CompleteoptionalLiv/BrukcontentsreviewedbutmissingcatBruk/rehabnotinvented. Race-specificexceptionsnotlocallysuppliedremainresearchgap.
"[""storebrand"",""hund"",""ordinary"",""storebrand-hund-veterin-r"",""2025-02-01""]",storebrand-hund-veterin-r,ordinary,"[""boat-pet:storebrand:hund""]","[""catalog/sources/boat-pet/storebrand-pet-terms.pdf""]","[""catalog/sources/boat-pet/storebrand-pet-terms.pdf"", ""catalog/sources/boat-pet/storebrand-pet-ipid.pdf"", ""catalog/sources/boat-pet/storebrand-pet-product.html"", ""catalog/sources/storebrand/vilkar-generelle.pdf""]","[""catalog/sources/boat-pet/storebrand-pet-ipid.pdf"", ""catalog/sources/boat-pet/storebrand-pet-product.html"", ""catalog/sources/boat-pet/storebrand-pet-terms.pdf""]",Exact component/type checked; no automatic cross-product inheritance,COMPLETE_WITH_RECORDED_GAPS,True,"Dyr04 alle 11 sider + begge IPID-sider + full lagret produktside og gener07 alle 11 sider lest. 48 uavhengige kilderegler ble lagret før katalogverdier ble inspisert; rasebegrensninger visuelt kontrollert. Alle eksakte katalogclaims reverskontrollert. Veterinær/liv, hund/katt og kundevalg holdes atskilt. Alle mangler og usikker FirstVet-tilknytning på dødsfall alene registrert. Gener07 er nåværende lokalt arkiv, ikke bevis for gamle individuelle avtaler. Katalogens sidehenvisninger må korrigeres, men eksisterende 40 verdier har kildegrunnlag."
"[""storebrand"",""katt"",""ordinary"",""storebrand-katt-veterin-r"",""2025-02-01""]",storebrand-katt-veterin-r,ordinary,"[""boat-pet:storebrand:katt""]","[""catalog/sources/boat-pet/storebrand-pet-terms.pdf""]","[""catalog/sources/boat-pet/storebrand-pet-terms.pdf"", ""catalog/sources/boat-pet/storebrand-pet-ipid.pdf"", ""catalog/sources/boat-pet/storebrand-pet-product.html"", ""catalog/sources/storebrand/vilkar-generelle.pdf""]","[""catalog/sources/boat-pet/storebrand-pet-ipid.pdf"", ""catalog/sources/boat-pet/storebrand-pet-product.html"", ""catalog/sources/boat-pet/storebrand-pet-terms.pdf""]",Exact component/type checked; no automatic cross-product inheritance,COMPLETE_WITH_RECORDED_GAPS,True,"Dyr04 alle 11 sider + begge IPID-sider + full lagret produktside og gener07 alle 11 sider lest. 48 uavhengige kilderegler ble lagret før katalogverdier ble inspisert; rasebegrensninger visuelt kontrollert. Alle eksakte katalogclaims reverskontrollert. Veterinær/liv, hund/katt og kundevalg holdes atskilt. Alle mangler og usikker FirstVet-tilknytning på dødsfall alene registrert. Gener07 er nåværende lokalt arkiv, ikke bevis for gamle individuelle avtaler. Katalogens sidehenvisninger må korrigeres, men eksisterende 40 verdier har kildegrunnlag."
"[""storebrand"",""hund"",""ordinary"",""storebrand-hund-d-dsfall"",""2025-02-01""]",storebrand-hund-d-dsfall,ordinary,"[""boat-pet:storebrand:hund""]","[""catalog/sources/boat-pet/storebrand-pet-terms.pdf""]","[""catalog/sources/boat-pet/storebrand-pet-terms.pdf"", ""catalog/sources/boat-pet/storebrand-pet-ipid.pdf"", ""catalog/sources/boat-pet/storebrand-pet-product.html"", ""catalog/sources/storebrand/vilkar-generelle.pdf""]","[""catalog/sources/boat-pet/storebrand-pet-ipid.pdf"", ""catalog/sources/boat-pet/storebrand-pet-product.html"", ""catalog/sources/boat-pet/storebrand-pet-terms.pdf""]",Exact component/type checked; no automatic cross-product inheritance,COMPLETE_WITH_RECORDED_GAPS,True,"Dyr04 alle 11 sider + begge IPID-sider + full lagret produktside og gener07 alle 11 sider lest. 48 uavhengige kilderegler ble lagret før katalogverdier ble inspisert; rasebegrensninger visuelt kontrollert. Alle eksakte katalogclaims reverskontrollert. Veterinær/liv, hund/katt og kundevalg holdes atskilt. Alle mangler og usikker FirstVet-tilknytning på dødsfall alene registrert. Gener07 er nåværende lokalt arkiv, ikke bevis for gamle individuelle avtaler. Katalogens sidehenvisninger må korrigeres, men eksisterende 40 verdier har kildegrunnlag."
"[""storebrand"",""hund"",""ordinary"",""storebrand-hund-veterin-r-og-d-dsfall"",""2025-02-01""]",storebrand-hund-veterin-r-og-d-dsfall,ordinary,"[""boat-pet:storebrand:hund""]","[""catalog/sources/boat-pet/storebrand-pet-terms.pdf""]","[""catalog/sources/boat-pet/storebrand-pet-terms.pdf"", ""catalog/sources/boat-pet/storebrand-pet-ipid.pdf"", ""catalog/sources/boat-pet/storebrand-pet-product.html"", ""catalog/sources/storebrand/vilkar-generelle.pdf""]","[""catalog/sources/boat-pet/storebrand-pet-ipid.pdf"", ""catalog/sources/boat-pet/storebrand-pet-product.html"", ""catalog/sources/boat-pet/storebrand-pet-terms.pdf""]",Exact component/type checked; no automatic cross-product inheritance,COMPLETE_WITH_RECORDED_GAPS,True,"Dyr04 alle 11 sider + begge IPID-sider + full lagret produktside og gener07 alle 11 sider lest. 48 uavhengige kilderegler ble lagret før katalogverdier ble inspisert; rasebegrensninger visuelt kontrollert. Alle eksakte katalogclaims reverskontrollert. Veterinær/liv, hund/katt og kundevalg holdes atskilt. Alle mangler og usikker FirstVet-tilknytning på dødsfall alene registrert. Gener07 er nåværende lokalt arkiv, ikke bevis for gamle individuelle avtaler. Katalogens sidehenvisninger må korrigeres, men eksisterende 40 verdier har kildegrunnlag."
"[""storebrand"",""katt"",""ordinary"",""storebrand-katt-d-dsfall"",""2025-02-01""]",storebrand-katt-d-dsfall,ordinary,"[""boat-pet:storebrand:katt""]","[""catalog/sources/boat-pet/storebrand-pet-terms.pdf""]","[""catalog/sources/boat-pet/storebrand-pet-terms.pdf"", ""catalog/sources/boat-pet/storebrand-pet-ipid.pdf"", ""catalog/sources/boat-pet/storebrand-pet-product.html"", ""catalog/sources/storebrand/vilkar-generelle.pdf""]","[""catalog/sources/boat-pet/storebrand-pet-ipid.pdf"", ""catalog/sources/boat-pet/storebrand-pet-product.html"", ""catalog/sources/boat-pet/storebrand-pet-terms.pdf""]",Exact component/type checked; no automatic cross-product inheritance,COMPLETE_WITH_RECORDED_GAPS,True,"Dyr04 alle 11 sider + begge IPID-sider + full lagret produktside og gener07 alle 11 sider lest. 48 uavhengige kilderegler ble lagret før katalogverdier ble inspisert; rasebegrensninger visuelt kontrollert. Alle eksakte katalogclaims reverskontrollert. Veterinær/liv, hund/katt og kundevalg holdes atskilt. Alle mangler og usikker FirstVet-tilknytning på dødsfall alene registrert. Gener07 er nåværende lokalt arkiv, ikke bevis for gamle individuelle avtaler. Katalogens sidehenvisninger må korrigeres, men eksisterende 40 verdier har kildegrunnlag."
"[""storebrand"",""katt"",""ordinary"",""storebrand-katt-veterin-r-og-d-dsfall"",""2025-02-01""]",storebrand-katt-veterin-r-og-d-dsfall,ordinary,"[""boat-pet:storebrand:katt""]","[""catalog/sources/boat-pet/storebrand-pet-terms.pdf""]","[""catalog/sources/boat-pet/storebrand-pet-terms.pdf"", ""catalog/sources/boat-pet/storebrand-pet-ipid.pdf"", ""catalog/sources/boat-pet/storebrand-pet-product.html"", ""catalog/sources/storebrand/vilkar-generelle.pdf""]","[""catalog/sources/boat-pet/storebrand-pet-ipid.pdf"", ""catalog/sources/boat-pet/storebrand-pet-product.html"", ""catalog/sources/boat-pet/storebrand-pet-terms.pdf""]",Exact component/type checked; no automatic cross-product inheritance,COMPLETE_WITH_RECORDED_GAPS,True,"Dyr04 alle 11 sider + begge IPID-sider + full lagret produktside og gener07 alle 11 sider lest. 48 uavhengige kilderegler ble lagret før katalogverdier ble inspisert; rasebegrensninger visuelt kontrollert. Alle eksakte katalogclaims reverskontrollert. Veterinær/liv, hund/katt og kundevalg holdes atskilt. Alle mangler og usikker FirstVet-tilknytning på dødsfall alene registrert. Gener07 er nåværende lokalt arkiv, ikke bevis for gamle individuelle avtaler. Katalogens sidehenvisninger må korrigeres, men eksisterende 40 verdier har kildegrunnlag."
"[""sparebank1-fremtind"",""hund"",""ordinary"",""sparebank1-fremtind-hund-veterin-r"",""2025-08-07""]",sparebank1-fremtind-hund-veterin-r,ordinary,"[""boat-pet:sparebank1-fremtind:hund"", ""boat-pet:sparebank1-fremtind:hund:life"", ""boat-pet:sparebank1-fremtind:hund:use""]","[""catalog/sources/boat-pet/fremtind-dog-life-terms.pdf"", ""catalog/sources/boat-pet/fremtind-dog-use-terms.pdf"", ""catalog/sources/boat-pet/fremtind-dog-vet-terms.pdf""]","[""catalog/sources/boat-pet/fremtind-dog-ipid.pdf"", ""catalog/sources/boat-pet/fremtind-dog-life-terms.pdf"", ""catalog/sources/boat-pet/fremtind-dog-use-terms.pdf"", ""catalog/sources/boat-pet/fremtind-dog-vet-terms.pdf"", ""catalog/sources/boat-pet/fremtind-sb1-dog-product.html""]","[""catalog/sources/boat-pet/fremtind-dog-ipid.pdf"", ""catalog/sources/boat-pet/fremtind-dog-life-terms.pdf"", ""catalog/sources/boat-pet/fremtind-dog-use-terms.pdf"", ""catalog/sources/boat-pet/fremtind-dog-vet-terms.pdf"", ""catalog/sources/boat-pet/fremtind-sb1-dog-product.html""]",Exact component/type checked; no automatic cross-product inheritance,COMPLETE_WITH_RECORDED_GAPS,True,40source-first rules exactanimal/base/component; all fullPDFandmaterialHTML reviewed.4registeredaddonschecked inclToppinheritance. Missingvalpekullcatalogcomponent fromsourceflagged withoutinventingfullrider. DogMRCTbase andlife9yr defectproven;sourceconflicts retained.
"[""sparebank1-fremtind"",""katt"",""ordinary"",""sparebank1-fremtind-katt-veterin-r"",""2025-08-07""]",sparebank1-fremtind-katt-veterin-r,ordinary,"[""boat-pet:sparebank1-fremtind:katt"", ""boat-pet:sparebank1-fremtind:katt:life""]","[""catalog/sources/boat-pet/fremtind-cat-life-terms.pdf"", ""catalog/sources/boat-pet/fremtind-cat-vet-terms.pdf""]","[""catalog/sources/boat-pet/fremtind-cat-ipid.pdf"", ""catalog/sources/boat-pet/fremtind-cat-life-terms.pdf"", ""catalog/sources/boat-pet/fremtind-cat-vet-terms.pdf"", ""catalog/sources/boat-pet/fremtind-sb1-cat-product.html""]","[""catalog/sources/boat-pet/fremtind-cat-ipid.pdf"", ""catalog/sources/boat-pet/fremtind-cat-life-terms.pdf"", ""catalog/sources/boat-pet/fremtind-cat-vet-terms.pdf"", ""catalog/sources/boat-pet/fremtind-sb1-cat-product.html""]",Exact component/type checked; no automatic cross-product inheritance,COMPLETE_WITH_RECORDED_GAPS,True,40source-first rules exactanimal/base/component; all fullPDFandmaterialHTML reviewed.4registeredaddonschecked inclToppinheritance. Missingvalpekullcatalogcomponent fromsourceflagged withoutinventingfullrider. DogMRCTbase andlife9yr defectproven;sourceconflicts retained.
"[""frende"",""hund"",""ordinary"",""frende-hund-veterin-r"",""2026-01-01""]",frende-hund-veterin-r,ordinary,"[""boat-pet:frende:hund""]","[""catalog/sources/boat-pet/frende-dog-terms.pdf""]","[""catalog/sources/boat-pet/frende-dog-terms.pdf"", ""catalog/sources/boat-pet/frende-dog-ipid.pdf"", ""catalog/sources/boat-pet/frende-dog-product.html""]","[""catalog/sources/boat-pet/frende-dog-ipid.pdf"", ""catalog/sources/boat-pet/frende-dog-product.html"", ""catalog/sources/boat-pet/frende-dog-terms.pdf""]",Exact component/type checked; no automatic cross-product inheritance,COMPLETE_WITH_RECORDED_GAPS,True,Full source-first package read; all exact base and optional facts reverse checked. Hund review closed with recorded dependency defect; Katt remainspartial for2025IPID/2026terms disappearance applicability. No newproducts or customerchoices invented.
"[""frende"",""katt"",""ordinary"",""frende-katt-veterin-r"",""2026-01-01""]",frende-katt-veterin-r,ordinary,"[""boat-pet:frende:katt""]","[""catalog/sources/boat-pet/frende-cat-terms.pdf""]","[""catalog/sources/boat-pet/frende-cat-terms.pdf"", ""catalog/sources/boat-pet/frende-cat-ipid.pdf"", ""catalog/sources/boat-pet/frende-cat-product.html""]","[""catalog/sources/boat-pet/frende-cat-ipid.pdf"", ""catalog/sources/boat-pet/frende-cat-product.html"", ""catalog/sources/boat-pet/frende-cat-terms.pdf""]",Exact component/type checked; no automatic cross-product inheritance,COMPLETE_WITH_RECORDED_GAPS,True,Full source-first package read; all exact base and optional facts reverse checked. Hund review closed with recorded dependency defect; Katt remainspartial for2025IPID/2026terms disappearance applicability. No newproducts or customerchoices invented. FOLLOW-UP LOCAL CLOSURE: 2026 fullterms6.1 burglary-theft versus2025IPID disappearance remains SC011. No current disappearance inclusion certified; research needs exact version applicability. Complete independent material inventory/catalog pass/reverse claims already performed. Remaining uncertainty disposition is SOURCE_RESEARCH_REQUIRED; no claim source conflicts resolved or affirmative coverage invented.
