original_local_path,reason
/tmp/source-catalog-completeness-audit/frende-hus-page8.png,reproducible page render
/tmp/source-catalog-completeness-audit/if-dog-page2.png,reproducible page render
/tmp/source-catalog-completeness-audit/if-innbo-page13.png,reproducible page render
/tmp/source-catalog-completeness-audit/storebrand-innbo-page12.png,reproducible page render
/tmp/source-catalog-completeness-audit/storebrand-innbo-page20.png,reproducible page render
/tmp/source-catalog-completeness-audit/storebrand-pet-page8.png,reproducible page render
/tmp/source-catalog-completeness-audit/text/0082c8839f3e852ced102781984e028c56e4596a9458b970f349e99c949e497b.json,"reproducible source text, historical checkout copy, rendered output, or Python cache"
/tmp/source-catalog-completeness-audit/text/0082c8839f3e852ced102781984e028c56e4596a9458b970f349e99c949e497b.txt,"reproducible source text, historical checkout copy, rendered output, or Python cache"
/tmp/source-catalog-completeness-audit/text/00f818f64e54c2db9dc58d77786232f27cb771c802f1fa4d5ac45e50aa01a556.json,"reproducible source text, historical checkout copy, rendered output, or Python cache"
/tmp/source-catalog-completeness-audit/text/00f818f64e54c2db9dc58d77786232f27cb771c802f1fa4d5ac45e50aa01a556.txt,"reproducible source text, historical checkout copy, rendered output, or Python cache"
/tmp/source-catalog-completeness-audit/text/036537b5fba6c097cb3ecc93e269a84ed89bd044227b1224cc11aeb29556b245.json,"reproducible source text, historical checkout copy, rendered output, or Python cache"
/tmp/source-catalog-completeness-audit/text/036537b5fba6c097cb3ecc93e269a84ed89bd044227b1224cc11aeb29556b245.txt,"reproducible source text, historical checkout copy, rendered output, or Python cache"
/tmp/source-catalog-completeness-audit/text/037e9eeeb20d9b9576a648ac2e31be748f735fccaf78dc95e4e134c48262cffd.json,"reproducible source text, historical checkout copy, rendered output, or Python cache"
/tmp/source-catalog-completeness-audit/text/037e9eeeb20d9b9576a648ac2e31be748f735fccaf78dc95e4e134c48262cffd.txt,"reproducible source text, historical checkout copy, rendered output, or Python cache"
/tmp/source-catalog-completeness-audit/text/03af9f3bbd86afddb11e78fb1706f140492af668efcf374089edd2ef03492100.json,"reproducible source text, historical checkout copy, rendered output, or Python cache"
/tmp/source-catalog-completeness-audit/text/03af9f3bbd86afddb11e78fb1706f140492af668efcf374089edd2ef03492100.txt,"reproducible source text, historical checkout copy, rendered output, or Python cache"
/tmp/source-catalog-completeness-audit/text/04ebb4d9cc9d8a3fe157a128ef5b56c97f3ae544c79ea62cac2574c64e1f6e6d.json,"reproducible source text, historical checkout copy, rendered output, or Python cache"
/tmp/source-catalog-completeness-audit/text/04ebb4d9cc9d8a3fe157a128ef5b56c97f3ae544c79ea62cac2574c64e1f6e6d.txt,"reproducible source text, historical checkout copy, rendered output, or Python cache"
/tmp/source-catalog-completeness-audit/text/088201db9b2f6071e81d24d716a74233176cd3694ac2be1a92e44be6952e8f88.json,"reproducible source text, historical checkout copy, rendered output, or Python cache"
/tmp/source-catalog-completeness-audit/text/088201db9b2f6071e81d24d716a74233176cd3694ac2be1a92e44be6952e8f88.txt,"reproducible source text, historical checkout copy, rendered output, or Python cache"
/tmp/source-catalog-completeness-audit/text/08d184e30d4099a79dd79406d354b267903b69fd5e9834996adf4f05da73da62.json,"reproducible source text, historical checkout copy, rendered output, or Python cache"
/tmp/source-catalog-completeness-audit/text/08d184e30d4099a79dd79406d354b267903b69fd5e9834996adf4f05da73da62.txt,"reproducible source text, historical checkout copy, rendered output, or Python cache"
/tmp/source-catalog-completeness-audit/text/0a4453a90ae2b0e2d5fd1f7af1e7e13b87206e526f9883a7536c60702eb50b12.json,"reproducible source text, historical checkout copy, rendered output, or Python cache"
/tmp/source-catalog-completeness-audit/text/0a4453a90ae2b0e2d5fd1f7af1e7e13b87206e526f9883a7536c60702eb50b12.txt,"reproducible source text, historical checkout copy, rendered output, or Python cache"
/tmp/source-catalog-completeness-audit/text/0ad5c24b9dca610189dfcd9f10ee6a56a37fa977ed4b1da00a1725baa05d63db.json,"reproducible source text, historical checkout copy, rendered output, or Python cache"
/tmp/source-catalog-completeness-audit/text/0ad5c24b9dca610189dfcd9f10ee6a56a37fa977ed4b1da00a1725baa05d63db.txt,"reproducible source text, historical checkout copy, rendered output, or Python cache"
/tmp/source-catalog-completeness-audit/text/0b7e01951d751773f3d8afd1175ea2dcf137820a2d440d68f880370c2b369f03.json,"reproducible source text, historical checkout copy, rendered output, or Python cache"
/tmp/source-catalog-completeness-audit/text/0b7e01951d751773f3d8afd1175ea2dcf137820a2d440d68f880370c2b369f03.txt,"reproducible source text, historical checkout copy, rendered output, or Python cache"
/tmp/source-catalog-completeness-audit/text/0c78b98294568d71be4765fcec9ddeffd4c26614d79c4eaecdf914bd11355cb3.json,"reproducible source text, historical checkout copy, rendered output, or Python cache"
/tmp/source-catalog-completeness-audit/text/0c78b98294568d71be4765fcec9ddeffd4c26614d79c4eaecdf914bd11355cb3.txt,"reproducible source text, historical checkout copy, rendered output, or Python cache"
/tmp/source-catalog-completeness-audit/text/0d1cbbbdc41c4ee3a25a511eac8fdd194737bce2577c9a657256589ae221b95c.json,"reproducible source text, historical checkout copy, rendered output, or Python cache"
/tmp/source-catalog-completeness-audit/text/0d1cbbbdc41c4ee3a25a511eac8fdd194737bce2577c9a657256589ae221b95c.txt,"reproducible source text, historical checkout copy, rendered output, or Python cache"
/tmp/source-catalog-completeness-audit/text/0d5aaf3702020ca458bb9af64c0a089b488a41f11198e07368699ff2d57ec270.json,"reproducible source text, historical checkout copy, rendered output, or Python cache"
/tmp/source-catalog-completeness-audit/text/0d5aaf3702020ca458bb9af64c0a089b488a41f11198e07368699ff2d57ec270.txt,"reproducible source text, historical checkout copy, rendered output, or Python cache"
/tmp/source-catalog-completeness-audit/text/0e36f6bf5b484ca3d246d63dd701b7b76c9b6de4095a37be2c695ebc4edb5568.json,"reproducible source text, historical checkout copy, rendered output, or Python cache"
/tmp/source-catalog-completeness-audit/text/0e36f6bf5b484ca3d246d63dd701b7b76c9b6de4095a37be2c695ebc4edb5568.txt,"reproducible source text, historical checkout copy, rendered output, or Python cache"
/tmp/source-catalog-completeness-audit/text/108b76bd8b930752effa94f7d564f0199829537592a10b5fae9336bb613bceff.json,"reproducible source text, historical checkout copy, rendered output, or Python cache"
/tmp/source-catalog-completeness-audit/text/108b76bd8b930752effa94f7d564f0199829537592a10b5fae9336bb613bceff.txt,"reproducible source text, historical checkout copy, rendered output, or Python cache"
/tmp/source-catalog-completeness-audit/text/108d8504a92a9b45e2616192edb51094f7877ee459296a48abed3258da45e6c4.json,"reproducible source text, historical checkout copy, rendered output, or Python cache"
/tmp/source-catalog-completeness-audit/text/108d8504a92a9b45e2616192edb51094f7877ee459296a48abed3258da45e6c4.txt,"reproducible source text, historical checkout copy, rendered output, or Python cache"
/tmp/source-catalog-completeness-audit/text/10972b0580b3cc804419621d3c5193d9be3e8bc24e8bafb58519e6e0a203af2c.json,"reproducible source text, historical checkout copy, rendered output, or Python cache"
/tmp/source-catalog-completeness-audit/text/10972b0580b3cc804419621d3c5193d9be3e8bc24e8bafb58519e6e0a203af2c.txt,"reproducible source text, historical checkout copy, rendered output, or Python cache"
/tmp/source-catalog-completeness-audit/text/11439a7669131319396db7c2caa6f28ac140389e3e11408bb75badea0fdccef6.json,"reproducible source text, historical checkout copy, rendered output, or Python cache"
/tmp/source-catalog-completeness-audit/text/11439a7669131319396db7c2caa6f28ac140389e3e11408bb75badea0fdccef6.txt,"reproducible source text, historical checkout copy, rendered output, or Python cache"
/tmp/source-catalog-completeness-audit/text/11b4f8c1c73d2177ce49d7349ed1fd23151c63dbaaa77f15179b4b83496044eb.json,"reproducible source text, historical checkout copy, rendered output, or Python cache"
/tmp/source-catalog-completeness-audit/text/11b4f8c1c73d2177ce49d7349ed1fd23151c63dbaaa77f15179b4b83496044eb.txt,"reproducible source text, historical checkout copy, rendered output, or Python cache"
/tmp/source-catalog-completeness-audit/text/129827ede6156025a74dae49392e2744eebff0d0e42a30a08e9b1449859365ca.json,"reproducible source text, historical checkout copy, rendered output, or Python cache"
/tmp/source-catalog-completeness-audit/text/129827ede6156025a74dae49392e2744eebff0d0e42a30a08e9b1449859365ca.txt,"reproducible source text, historical checkout copy, rendered output, or Python cache"
/tmp/source-catalog-completeness-audit/text/12cefda6d49842ca3051802e1e46c2731a69c327d845ece54ce22846fc4ec2f1.json,"reproducible source text, historical checkout copy, rendered output, or Python cache"
/tmp/source-catalog-completeness-audit/text/12cefda6d49842ca3051802e1e46c2731a69c327d845ece54ce22846fc4ec2f1.txt,"reproducible source text, historical checkout copy, rendered output, or Python cache"
/tmp/source-catalog-completeness-audit/text/12d5272ef00573be27b313bdb206a29e1e551842fc79a7324c772858ab48ebda.json,"reproducible source text, historical checkout copy, rendered output, or Python cache"
/tmp/source-catalog-completeness-audit/text/12d5272ef00573be27b313bdb206a29e1e551842fc79a7324c772858ab48ebda.txt,"reproducible source text, historical checkout copy, rendered output, or Python cache"
/tmp/source-catalog-completeness-audit/text/1311ec0273592571c46ec37f2874791f420c900583e601c3ae95c0a1fda4b566.json,"reproducible source text, historical checkout copy, rendered output, or Python cache"
/tmp/source-catalog-completeness-audit/text/1311ec0273592571c46ec37f2874791f420c900583e601c3ae95c0a1fda4b566.txt,"reproducible source text, historical checkout copy, rendered output, or Python cache"
/tmp/source-catalog-completeness-audit/text/1364fc8bde39923ea1e9f0f36a9d9abf5596721958114b93485b5c730d70669f.json,"reproducible source text, historical checkout copy, rendered output, or Python cache"
/tmp/source-catalog-completeness-audit/text/1364fc8bde39923ea1e9f0f36a9d9abf5596721958114b93485b5c730d70669f.txt,"reproducible source text, historical checkout copy, rendered output, or Python cache"
/tmp/source-catalog-completeness-audit/text/14db91b9abaed2a8ffc923f72522a62c3a9d127056193d84ef7c3cb29ec84fba.json,"reproducible source text, historical checkout copy, rendered output, or Python cache"
/tmp/source-catalog-completeness-audit/text/14db91b9abaed2a8ffc923f72522a62c3a9d127056193d84ef7c3cb29ec84fba.txt,"reproducible source text, historical checkout copy, rendered output, or Python cache"
/tmp/source-catalog-completeness-audit/text/14e342abbccb445c16a4e448a24ff6ac3588d8a12567a698dd2fb0cba88bf68f.json,"reproducible source text, historical checkout copy, rendered output, or Python cache"
/tmp/source-catalog-completeness-audit/text/14e342abbccb445c16a4e448a24ff6ac3588d8a12567a698dd2fb0cba88bf68f.txt,"reproducible source text, historical checkout copy, rendered output, or Python cache"
/tmp/source-catalog-completeness-audit/text/17dc38fceed95d293aeb6f978d52697405aeb1f29ac0e5cf3d817174f800ec0e.json,"reproducible source text, historical checkout copy, rendered output, or Python cache"
/tmp/source-catalog-completeness-audit/text/17dc38fceed95d293aeb6f978d52697405aeb1f29ac0e5cf3d817174f800ec0e.txt,"reproducible source text, historical checkout copy, rendered output, or Python cache"
/tmp/source-catalog-completeness-audit/text/1a8fb745305aaa2edf9fa9230c7e157c6e3f3e65130de063615f07232e319d37.json,"reproducible source text, historical checkout copy, rendered output, or Python cache"
/tmp/source-catalog-completeness-audit/text/1a8fb745305aaa2edf9fa9230c7e157c6e3f3e65130de063615f07232e319d37.txt,"reproducible source text, historical checkout copy, rendered output, or Python cache"
/tmp/source-catalog-completeness-audit/text/1b073ad7823b6c4230786f70ded6da0d3403ab212b79f610951d32cfea76cad8.json,"reproducible source text, historical checkout copy, rendered output, or Python cache"
/tmp/source-catalog-completeness-audit/text/1b073ad7823b6c4230786f70ded6da0d3403ab212b79f610951d32cfea76cad8.txt,"reproducible source text, historical checkout copy, rendered output, or Python cache"
/tmp/source-catalog-completeness-audit/text/1f0a4130b2b6ce03404b71bf301f8efdb70c01005b3f96d017116018bf7eb6ae.json,"reproducible source text, historical checkout copy, rendered output, or Python cache"
/tmp/source-catalog-completeness-audit/text/1f0a4130b2b6ce03404b71bf301f8efdb70c01005b3f96d017116018bf7eb6ae.txt,"reproducible source text, historical checkout copy, rendered output, or Python cache"
/tmp/source-catalog-completeness-audit/text/2103322d55713ff007aec488ffd3cc09ebd35d88ded5904314226f48c36915bb.json,"reproducible source text, historical checkout copy, rendered output, or Python cache"
/tmp/source-catalog-completeness-audit/text/2103322d55713ff007aec488ffd3cc09ebd35d88ded5904314226f48c36915bb.txt,"reproducible source text, historical checkout copy, rendered output, or Python cache"
/tmp/source-catalog-completeness-audit/text/224e454c7280f9001d06af28ec51090175ccc6c8e76eb842e74bfa67d76ef93f.json,"reproducible source text, historical checkout copy, rendered output, or Python cache"
/tmp/source-catalog-completeness-audit/text/224e454c7280f9001d06af28ec51090175ccc6c8e76eb842e74bfa67d76ef93f.txt,"reproducible source text, historical checkout copy, rendered output, or Python cache"
/tmp/source-catalog-completeness-audit/text/24c231e42bf532f5d94ad9edfd2a6e2f66b1de58223786a3228cc87597a01901.json,"reproducible source text, historical checkout copy, rendered output, or Python cache"
/tmp/source-catalog-completeness-audit/text/24c231e42bf532f5d94ad9edfd2a6e2f66b1de58223786a3228cc87597a01901.txt,"reproducible source text, historical checkout copy, rendered output, or Python cache"
/tmp/source-catalog-completeness-audit/text/2549ebec8fae718e4f8d3e8a1b46aacb359a3292f35dea71999ac1595cc53fec.json,"reproducible source text, historical checkout copy, rendered output, or Python cache"
/tmp/source-catalog-completeness-audit/text/2549ebec8fae718e4f8d3e8a1b46aacb359a3292f35dea71999ac1595cc53fec.txt,"reproducible source text, historical checkout copy, rendered output, or Python cache"
/tmp/source-catalog-completeness-audit/text/2696a5e335c88c020f1d6eebb007cc941a02f6c56b2373ce116223e61c1da48d.json,"reproducible source text, historical checkout copy, rendered output, or Python cache"
/tmp/source-catalog-completeness-audit/text/2696a5e335c88c020f1d6eebb007cc941a02f6c56b2373ce116223e61c1da48d.txt,"reproducible source text, historical checkout copy, rendered output, or Python cache"
/tmp/source-catalog-completeness-audit/text/2698b98c7ed2b19e82ba8df52a7b14b97d94cbf98c48d55629a72d2e0a89da7e.json,"reproducible source text, historical checkout copy, rendered output, or Python cache"
/tmp/source-catalog-completeness-audit/text/2698b98c7ed2b19e82ba8df52a7b14b97d94cbf98c48d55629a72d2e0a89da7e.txt,"reproducible source text, historical checkout copy, rendered output, or Python cache"
/tmp/source-catalog-completeness-audit/text/272b9c86efaf39c30930b284fdadc49019d4e2f98ca13c2de426d0ec2f4f66d0.json,"reproducible source text, historical checkout copy, rendered output, or Python cache"
/tmp/source-catalog-completeness-audit/text/272b9c86efaf39c30930b284fdadc49019d4e2f98ca13c2de426d0ec2f4f66d0.txt,"reproducible source text, historical checkout copy, rendered output, or Python cache"
/tmp/source-catalog-completeness-audit/text/28c212b64b413bc70f405625f7dab6d0e960e0b5f333b1364d267ccadb7087fc.json,"reproducible source text, historical checkout copy, rendered output, or Python cache"
/tmp/source-catalog-completeness-audit/text/28c212b64b413bc70f405625f7dab6d0e960e0b5f333b1364d267ccadb7087fc.txt,"reproducible source text, historical checkout copy, rendered output, or Python cache"
/tmp/source-catalog-completeness-audit/text/298347eca48488c850e615789ccd5525f5dd8ba55a725e2214a0fdbb306f1785.json,"reproducible source text, historical checkout copy, rendered output, or Python cache"
/tmp/source-catalog-completeness-audit/text/298347eca48488c850e615789ccd5525f5dd8ba55a725e2214a0fdbb306f1785.txt,"reproducible source text, historical checkout copy, rendered output, or Python cache"
/tmp/source-catalog-completeness-audit/text/29cb2e02ba5cdaaf7595832a5cb56c01e167b12937acd4c0872b2d68ad970971.json,"reproducible source text, historical checkout copy, rendered output, or Python cache"
/tmp/source-catalog-completeness-audit/text/29cb2e02ba5cdaaf7595832a5cb56c01e167b12937acd4c0872b2d68ad970971.txt,"reproducible source text, historical checkout copy, rendered output, or Python cache"
/tmp/source-catalog-completeness-audit/text/2a1cd47ccbfbb5ea8532500d3b964fac22a2ede5d34fcffb2046899185fd0e48.json,"reproducible source text, historical checkout copy, rendered output, or Python cache"
/tmp/source-catalog-completeness-audit/text/2a1cd47ccbfbb5ea8532500d3b964fac22a2ede5d34fcffb2046899185fd0e48.txt,"reproducible source text, historical checkout copy, rendered output, or Python cache"
/tmp/source-catalog-completeness-audit/text/2aa1b0b720c552de29409db06dfdd89c97a57a27a2b669576f3e15f90b21c71d.json,"reproducible source text, historical checkout copy, rendered output, or Python cache"
/tmp/source-catalog-completeness-audit/text/2aa1b0b720c552de29409db06dfdd89c97a57a27a2b669576f3e15f90b21c71d.txt,"reproducible source text, historical checkout copy, rendered output, or Python cache"
/tmp/source-catalog-completeness-audit/text/2bdb096f09c08c6c93640cf6e7f5cd3abf871d3ece7b86ee32cba9471f1d1110.json,"reproducible source text, historical checkout copy, rendered output, or Python cache"
/tmp/source-catalog-completeness-audit/text/2bdb096f09c08c6c93640cf6e7f5cd3abf871d3ece7b86ee32cba9471f1d1110.txt,"reproducible source text, historical checkout copy, rendered output, or Python cache"
/tmp/source-catalog-completeness-audit/text/2c2f5b4a59d6dbe6564257319224d841e065eada4dab5f9c04ee05c6c3413328.json,"reproducible source text, historical checkout copy, rendered output, or Python cache"
/tmp/source-catalog-completeness-audit/text/2c2f5b4a59d6dbe6564257319224d841e065eada4dab5f9c04ee05c6c3413328.txt,"reproducible source text, historical checkout copy, rendered output, or Python cache"
/tmp/source-catalog-completeness-audit/text/2e410ce7bb27c5d355f564d4fd44c88e28e5199448cb691f139440cacc8d4267.json,"reproducible source text, historical checkout copy, rendered output, or Python cache"
/tmp/source-catalog-completeness-audit/text/2e410ce7bb27c5d355f564d4fd44c88e28e5199448cb691f139440cacc8d4267.txt,"reproducible source text, historical checkout copy, rendered output, or Python cache"
/tmp/source-catalog-completeness-audit/text/314d266136da6b7b5aec994b70d45591e687bd5baac203fe0609437e7fdc4ee8.json,"reproducible source text, historical checkout copy, rendered output, or Python cache"
/tmp/source-catalog-completeness-audit/text/314d266136da6b7b5aec994b70d45591e687bd5baac203fe0609437e7fdc4ee8.txt,"reproducible source text, historical checkout copy, rendered output, or Python cache"
/tmp/source-catalog-completeness-audit/text/32d491a3f2648199545134ff68994615f45b25f48d169bd3ff43ea61b9bad534.json,"reproducible source text, historical checkout copy, rendered output, or Python cache"
/tmp/source-catalog-completeness-audit/text/32d491a3f2648199545134ff68994615f45b25f48d169bd3ff43ea61b9bad534.txt,"reproducible source text, historical checkout copy, rendered output, or Python cache"
/tmp/source-catalog-completeness-audit/text/32f3428e0f758e7380d54b9aaaa9da994b5f854e1707142f744576d792af9642.json,"reproducible source text, historical checkout copy, rendered output, or Python cache"
/tmp/source-catalog-completeness-audit/text/32f3428e0f758e7380d54b9aaaa9da994b5f854e1707142f744576d792af9642.txt,"reproducible source text, historical checkout copy, rendered output, or Python cache"
/tmp/source-catalog-completeness-audit/text/3337c9c2e76f572f5c537470ff244c02ab7b24df3b71e2d1a041e974a68743be.json,"reproducible source text, historical checkout copy, rendered output, or Python cache"
/tmp/source-catalog-completeness-audit/text/3337c9c2e76f572f5c537470ff244c02ab7b24df3b71e2d1a041e974a68743be.txt,"reproducible source text, historical checkout copy, rendered output, or Python cache"
/tmp/source-catalog-completeness-audit/text/336dcfec7ef747c76980e46c536b84b1844457e9e8e1b4926ef0d01b03530df0.json,"reproducible source text, historical checkout copy, rendered output, or Python cache"
/tmp/source-catalog-completeness-audit/text/336dcfec7ef747c76980e46c536b84b1844457e9e8e1b4926ef0d01b03530df0.txt,"reproducible source text, historical checkout copy, rendered output, or Python cache"
/tmp/source-catalog-completeness-audit/text/338a5dad1f41d828853a59d231489df4c3e69a5b87e256664e53bdc4a71f002f.json,"reproducible source text, historical checkout copy, rendered output, or Python cache"
/tmp/source-catalog-completeness-audit/text/338a5dad1f41d828853a59d231489df4c3e69a5b87e256664e53bdc4a71f002f.txt,"reproducible source text, historical checkout copy, rendered output, or Python cache"
/tmp/source-catalog-completeness-audit/text/33e6f8065c8fad4e845be34b2c1432016276c62435841cffee926f9dd3945e21.json,"reproducible source text, historical checkout copy, rendered output, or Python cache"
/tmp/source-catalog-completeness-audit/text/33e6f8065c8fad4e845be34b2c1432016276c62435841cffee926f9dd3945e21.txt,"reproducible source text, historical checkout copy, rendered output, or Python cache"
/tmp/source-catalog-completeness-audit/text/360871086cafaf7676718821e624afda96dfca6fbac1757662e3b581a9699904.json,"reproducible source text, historical checkout copy, rendered output, or Python cache"
/tmp/source-catalog-completeness-audit/text/360871086cafaf7676718821e624afda96dfca6fbac1757662e3b581a9699904.txt,"reproducible source text, historical checkout copy, rendered output, or Python cache"
/tmp/source-catalog-completeness-audit/text/3704f9c1c2b00a97eadcf5afe8271aa5a7fc9dfdd0f85d8f5d78b2aebd5db978.json,"reproducible source text, historical checkout copy, rendered output, or Python cache"
/tmp/source-catalog-completeness-audit/text/3704f9c1c2b00a97eadcf5afe8271aa5a7fc9dfdd0f85d8f5d78b2aebd5db978.txt,"reproducible source text, historical checkout copy, rendered output, or Python cache"
/tmp/source-catalog-completeness-audit/text/37407dcab9274909eebe7d220d302132e9b0a6c7042dc246ad6ccf92d5f184d0.json,"reproducible source text, historical checkout copy, rendered output, or Python cache"
/tmp/source-catalog-completeness-audit/text/37407dcab9274909eebe7d220d302132e9b0a6c7042dc246ad6ccf92d5f184d0.txt,"reproducible source text, historical checkout copy, rendered output, or Python cache"
/tmp/source-catalog-completeness-audit/text/378021a3e4d8dcd820dbfe9ca083d47d2719d49159e72e8152cfc71c0efc0be3.json,"reproducible source text, historical checkout copy, rendered output, or Python cache"
/tmp/source-catalog-completeness-audit/text/378021a3e4d8dcd820dbfe9ca083d47d2719d49159e72e8152cfc71c0efc0be3.txt,"reproducible source text, historical checkout copy, rendered output, or Python cache"
/tmp/source-catalog-completeness-audit/text/3a1592196e9b7c6a3dad7df21c1745881661e8fe0cce0793ff455003fcde32c6.json,"reproducible source text, historical checkout copy, rendered output, or Python cache"
/tmp/source-catalog-completeness-audit/text/3a1592196e9b7c6a3dad7df21c1745881661e8fe0cce0793ff455003fcde32c6.txt,"reproducible source text, historical checkout copy, rendered output, or Python cache"
/tmp/source-catalog-completeness-audit/text/3ae14967e4d91e4c4a9c8541161206b86dda0c1bc1a7315ca9695f1c1da3c585.json,"reproducible source text, historical checkout copy, rendered output, or Python cache"
/tmp/source-catalog-completeness-audit/text/3ae14967e4d91e4c4a9c8541161206b86dda0c1bc1a7315ca9695f1c1da3c585.txt,"reproducible source text, historical checkout copy, rendered output, or Python cache"
/tmp/source-catalog-completeness-audit/text/3fd759fb747c5b79e7711666b2510984bcd77811301d509ea464095332941ab7.json,"reproducible source text, historical checkout copy, rendered output, or Python cache"
/tmp/source-catalog-completeness-audit/text/3fd759fb747c5b79e7711666b2510984bcd77811301d509ea464095332941ab7.txt,"reproducible source text, historical checkout copy, rendered output, or Python cache"
/tmp/source-catalog-completeness-audit/text/3fe4b557872a18229909a733213f3e1216d5bea3731dba692bc66c8b1c6b0028.json,"reproducible source text, historical checkout copy, rendered output, or Python cache"
/tmp/source-catalog-completeness-audit/text/3fe4b557872a18229909a733213f3e1216d5bea3731dba692bc66c8b1c6b0028.txt,"reproducible source text, historical checkout copy, rendered output, or Python cache"
/tmp/source-catalog-completeness-audit/text/4140b20c0d53e4430e008f1aed17c61c486f2be8cd14b00b3380ea72babac421.json,"reproducible source text, historical checkout copy, rendered output, or Python cache"
/tmp/source-catalog-completeness-audit/text/4140b20c0d53e4430e008f1aed17c61c486f2be8cd14b00b3380ea72babac421.txt,"reproducible source text, historical checkout copy, rendered output, or Python cache"
/tmp/source-catalog-completeness-audit/text/41843abc16ad8ee39782e70f29d8cbb115463bcebe28882cca42078ce07fd824.json,"reproducible source text, historical checkout copy, rendered output, or Python cache"
/tmp/source-catalog-completeness-audit/text/41843abc16ad8ee39782e70f29d8cbb115463bcebe28882cca42078ce07fd824.txt,"reproducible source text, historical checkout copy, rendered output, or Python cache"
/tmp/source-catalog-completeness-audit/text/429a3e267cfbbcfa6da651997497386ffc7391c5f3aab461d469e4d5e65a5d94.json,"reproducible source text, historical checkout copy, rendered output, or Python cache"
/tmp/source-catalog-completeness-audit/text/429a3e267cfbbcfa6da651997497386ffc7391c5f3aab461d469e4d5e65a5d94.txt,"reproducible source text, historical checkout copy, rendered output, or Python cache"
/tmp/source-catalog-completeness-audit/text/44633a6fb75be6d3a8b1b8a85a4c3ee5fbaf09a4f3e58e37c74d9304d07d403e.json,"reproducible source text, historical checkout copy, rendered output, or Python cache"
/tmp/source-catalog-completeness-audit/text/44633a6fb75be6d3a8b1b8a85a4c3ee5fbaf09a4f3e58e37c74d9304d07d403e.txt,"reproducible source text, historical checkout copy, rendered output, or Python cache"
/tmp/source-catalog-completeness-audit/text/456a1c4f38b4c3934bf0b4c9ed1167e805d5238fb1960115d9cb1e2e65aafcc2.json,"reproducible source text, historical checkout copy, rendered output, or Python cache"
/tmp/source-catalog-completeness-audit/text/456a1c4f38b4c3934bf0b4c9ed1167e805d5238fb1960115d9cb1e2e65aafcc2.txt,"reproducible source text, historical checkout copy, rendered output, or Python cache"
/tmp/source-catalog-completeness-audit/text/45952992dfe399ab2739be019307a485044639516cc7a75dfbbdd030437495e7.json,"reproducible source text, historical checkout copy, rendered output, or Python cache"
/tmp/source-catalog-completeness-audit/text/45952992dfe399ab2739be019307a485044639516cc7a75dfbbdd030437495e7.txt,"reproducible source text, historical checkout copy, rendered output, or Python cache"
/tmp/source-catalog-completeness-audit/text/47750999d5bdbe5fc9bf5a2ffe24def17dd1664a2b8f9886bc7868dbf8049f5e.json,"reproducible source text, historical checkout copy, rendered output, or Python cache"
/tmp/source-catalog-completeness-audit/text/47750999d5bdbe5fc9bf5a2ffe24def17dd1664a2b8f9886bc7868dbf8049f5e.txt,"reproducible source text, historical checkout copy, rendered output, or Python cache"
/tmp/source-catalog-completeness-audit/text/48230ffc39761f374c7daa9423b6243d85642cefb60b732e4cc8af637cb2a6c6.json,"reproducible source text, historical checkout copy, rendered output, or Python cache"
/tmp/source-catalog-completeness-audit/text/48230ffc39761f374c7daa9423b6243d85642cefb60b732e4cc8af637cb2a6c6.txt,"reproducible source text, historical checkout copy, rendered output, or Python cache"
/tmp/source-catalog-completeness-audit/text/4873064a8597953be3832870734c41c15e5abe0cc9cfd77c01979878990cd754.json,"reproducible source text, historical checkout copy, rendered output, or Python cache"
/tmp/source-catalog-completeness-audit/text/4873064a8597953be3832870734c41c15e5abe0cc9cfd77c01979878990cd754.txt,"reproducible source text, historical checkout copy, rendered output, or Python cache"
/tmp/source-catalog-completeness-audit/text/488ed14be555a30a6706e08bc81dc55d85d06cdcae7f0da7d5cd2f8b6b081b75.json,"reproducible source text, historical checkout copy, rendered output, or Python cache"
/tmp/source-catalog-completeness-audit/text/488ed14be555a30a6706e08bc81dc55d85d06cdcae7f0da7d5cd2f8b6b081b75.txt,"reproducible source text, historical checkout copy, rendered output, or Python cache"
/tmp/source-catalog-completeness-audit/text/4b160a93fe10ccf41413702a2432f49da20ca892ce78491dde4bbb76036c0ace.json,"reproducible source text, historical checkout copy, rendered output, or Python cache"
/tmp/source-catalog-completeness-audit/text/4b160a93fe10ccf41413702a2432f49da20ca892ce78491dde4bbb76036c0ace.txt,"reproducible source text, historical checkout copy, rendered output, or Python cache"
/tmp/source-catalog-completeness-audit/text/4b1947c06b94206ce31fdfbb68fc7c10e65aeb63f69f8368d0c03f25ea7551a3.json,"reproducible source text, historical checkout copy, rendered output, or Python cache"
/tmp/source-catalog-completeness-audit/text/4b1947c06b94206ce31fdfbb68fc7c10e65aeb63f69f8368d0c03f25ea7551a3.txt,"reproducible source text, historical checkout copy, rendered output, or Python cache"
/tmp/source-catalog-completeness-audit/text/4bf3b204e1147dbc14e115ec6889b93dd5b1c5d0fbc6af73c60d36fa91329d78.json,"reproducible source text, historical checkout copy, rendered output, or Python cache"
/tmp/source-catalog-completeness-audit/text/4bf3b204e1147dbc14e115ec6889b93dd5b1c5d0fbc6af73c60d36fa91329d78.txt,"reproducible source text, historical checkout copy, rendered output, or Python cache"
/tmp/source-catalog-completeness-audit/text/4c2dca2923583ba1d46dea924730335b064d8e94cd4cb1df544a520ed2683b8d.json,"reproducible source text, historical checkout copy, rendered output, or Python cache"
/tmp/source-catalog-completeness-audit/text/4c2dca2923583ba1d46dea924730335b064d8e94cd4cb1df544a520ed2683b8d.txt,"reproducible source text, historical checkout copy, rendered output, or Python cache"
/tmp/source-catalog-completeness-audit/text/4c3eb533846f629dbccfeec1aa0ad08bd0465ee8bfe44598f392f00f39bc0d2e.json,"reproducible source text, historical checkout copy, rendered output, or Python cache"
/tmp/source-catalog-completeness-audit/text/4c3eb533846f629dbccfeec1aa0ad08bd0465ee8bfe44598f392f00f39bc0d2e.txt,"reproducible source text, historical checkout copy, rendered output, or Python cache"
/tmp/source-catalog-completeness-audit/text/4c5fca45ee41621e890580e0f3dead02c8bd57440bdac3913912b95a6faafdad.json,"reproducible source text, historical checkout copy, rendered output, or Python cache"
/tmp/source-catalog-completeness-audit/text/4c5fca45ee41621e890580e0f3dead02c8bd57440bdac3913912b95a6faafdad.txt,"reproducible source text, historical checkout copy, rendered output, or Python cache"
/tmp/source-catalog-completeness-audit/text/4c65a011cc69f0fae49ff18d0a5f877b2d3aedfcdc1624c543d87f9ca03a2b35.json,"reproducible source text, historical checkout copy, rendered output, or Python cache"
/tmp/source-catalog-completeness-audit/text/4c65a011cc69f0fae49ff18d0a5f877b2d3aedfcdc1624c543d87f9ca03a2b35.txt,"reproducible source text, historical checkout copy, rendered output, or Python cache"
/tmp/source-catalog-completeness-audit/text/4c9b088ab208453c6437e02c3962f38186c8e86d2f4c106658e634560b783aef.json,"reproducible source text, historical checkout copy, rendered output, or Python cache"
/tmp/source-catalog-completeness-audit/text/4c9b088ab208453c6437e02c3962f38186c8e86d2f4c106658e634560b783aef.txt,"reproducible source text, historical checkout copy, rendered output, or Python cache"
/tmp/source-catalog-completeness-audit/text/4cffa3b051f329da0fe178b20243a0920d2b5928e9995d485c35b58a48f1f810.json,"reproducible source text, historical checkout copy, rendered output, or Python cache"
/tmp/source-catalog-completeness-audit/text/4cffa3b051f329da0fe178b20243a0920d2b5928e9995d485c35b58a48f1f810.txt,"reproducible source text, historical checkout copy, rendered output, or Python cache"
/tmp/source-catalog-completeness-audit/text/4d86c2f09d6da801191ce9cfc0d5f92a7cff5924f2c8ae4d5e6568ba23d1751a.json,"reproducible source text, historical checkout copy, rendered output, or Python cache"
/tmp/source-catalog-completeness-audit/text/4d86c2f09d6da801191ce9cfc0d5f92a7cff5924f2c8ae4d5e6568ba23d1751a.txt,"reproducible source text, historical checkout copy, rendered output, or Python cache"
/tmp/source-catalog-completeness-audit/text/4e10857cb9b7832b5661d48089a6024c3622a499d66156b6122f2010574787a1.json,"reproducible source text, historical checkout copy, rendered output, or Python cache"
/tmp/source-catalog-completeness-audit/text/4e10857cb9b7832b5661d48089a6024c3622a499d66156b6122f2010574787a1.txt,"reproducible source text, historical checkout copy, rendered output, or Python cache"
/tmp/source-catalog-completeness-audit/text/4e80060915d293e6eec5a46b6f979db4de81d56b99f35a0d9427aa65bbde4e3c.json,"reproducible source text, historical checkout copy, rendered output, or Python cache"
/tmp/source-catalog-completeness-audit/text/4e80060915d293e6eec5a46b6f979db4de81d56b99f35a0d9427aa65bbde4e3c.txt,"reproducible source text, historical checkout copy, rendered output, or Python cache"
/tmp/source-catalog-completeness-audit/text/4ebd31221f544465f9ca2c8b2f47a196c2e1d3dcd65e9fb8127cf565b3270054.json,"reproducible source text, historical checkout copy, rendered output, or Python cache"
/tmp/source-catalog-completeness-audit/text/4ebd31221f544465f9ca2c8b2f47a196c2e1d3dcd65e9fb8127cf565b3270054.txt,"reproducible source text, historical checkout copy, rendered output, or Python cache"
/tmp/source-catalog-completeness-audit/text/4f30c8c2a2dabd6425c61bba12513a824c6a2ac4d24a206a261d4f45b3c278a8.json,"reproducible source text, historical checkout copy, rendered output, or Python cache"
/tmp/source-catalog-completeness-audit/text/4f30c8c2a2dabd6425c61bba12513a824c6a2ac4d24a206a261d4f45b3c278a8.txt,"reproducible source text, historical checkout copy, rendered output, or Python cache"
/tmp/source-catalog-completeness-audit/text/4f59805fcebb0e379af8c10760f7ea477e9b3a75f339f27f5f2a878741fc1739.json,"reproducible source text, historical checkout copy, rendered output, or Python cache"
/tmp/source-catalog-completeness-audit/text/4f59805fcebb0e379af8c10760f7ea477e9b3a75f339f27f5f2a878741fc1739.txt,"reproducible source text, historical checkout copy, rendered output, or Python cache"
/tmp/source-catalog-completeness-audit/text/4f61ae4add1baac5788289989179ade7320fd63ddaa18724ea9070dc9f18178a.json,"reproducible source text, historical checkout copy, rendered output, or Python cache"
/tmp/source-catalog-completeness-audit/text/4f61ae4add1baac5788289989179ade7320fd63ddaa18724ea9070dc9f18178a.txt,"reproducible source text, historical checkout copy, rendered output, or Python cache"
/tmp/source-catalog-completeness-audit/text/5025281e76080e5854c80cd098825d50d7f28f5d137e55237dfa1d0ac9648567.json,"reproducible source text, historical checkout copy, rendered output, or Python cache"
/tmp/source-catalog-completeness-audit/text/5025281e76080e5854c80cd098825d50d7f28f5d137e55237dfa1d0ac9648567.txt,"reproducible source text, historical checkout copy, rendered output, or Python cache"
/tmp/source-catalog-completeness-audit/text/516d76e88532d1319c9d390c107a70ba284335ea1f6f480e927fd57799dfb883.json,"reproducible source text, historical checkout copy, rendered output, or Python cache"
/tmp/source-catalog-completeness-audit/text/516d76e88532d1319c9d390c107a70ba284335ea1f6f480e927fd57799dfb883.txt,"reproducible source text, historical checkout copy, rendered output, or Python cache"
/tmp/source-catalog-completeness-audit/text/5253776bf7a895753eab0d07df50fb78c85c7925f80a7a29d54c883c8f0d4ce4.json,"reproducible source text, historical checkout copy, rendered output, or Python cache"
/tmp/source-catalog-completeness-audit/text/5253776bf7a895753eab0d07df50fb78c85c7925f80a7a29d54c883c8f0d4ce4.txt,"reproducible source text, historical checkout copy, rendered output, or Python cache"
/tmp/source-catalog-completeness-audit/text/54e98b9553cc98f6f8d469dedcc345852a5d5cc7d437a6fce4fad181a1647471.json,"reproducible source text, historical checkout copy, rendered output, or Python cache"
/tmp/source-catalog-completeness-audit/text/54e98b9553cc98f6f8d469dedcc345852a5d5cc7d437a6fce4fad181a1647471.txt,"reproducible source text, historical checkout copy, rendered output, or Python cache"
/tmp/source-catalog-completeness-audit/text/54f601c4e8e1bc415029b2c4d9787e359719507948774a102f719c6c691900c0.json,"reproducible source text, historical checkout copy, rendered output, or Python cache"
/tmp/source-catalog-completeness-audit/text/54f601c4e8e1bc415029b2c4d9787e359719507948774a102f719c6c691900c0.txt,"reproducible source text, historical checkout copy, rendered output, or Python cache"
/tmp/source-catalog-completeness-audit/text/5550cd9753fe374a8d4e54e147ecca30e5be09b8c85fb34a52f04c18f3de14b9.json,"reproducible source text, historical checkout copy, rendered output, or Python cache"
/tmp/source-catalog-completeness-audit/text/5550cd9753fe374a8d4e54e147ecca30e5be09b8c85fb34a52f04c18f3de14b9.txt,"reproducible source text, historical checkout copy, rendered output, or Python cache"
/tmp/source-catalog-completeness-audit/text/5719238dfb10450a9684c556910881bcf034351144d540b4be499d49be322307.json,"reproducible source text, historical checkout copy, rendered output, or Python cache"
/tmp/source-catalog-completeness-audit/text/5719238dfb10450a9684c556910881bcf034351144d540b4be499d49be322307.txt,"reproducible source text, historical checkout copy, rendered output, or Python cache"
/tmp/source-catalog-completeness-audit/text/5734d5ff368dae3687e9addbbae17df72c73f922867ad5b8e9c39ead55778219.json,"reproducible source text, historical checkout copy, rendered output, or Python cache"
/tmp/source-catalog-completeness-audit/text/5734d5ff368dae3687e9addbbae17df72c73f922867ad5b8e9c39ead55778219.txt,"reproducible source text, historical checkout copy, rendered output, or Python cache"
/tmp/source-catalog-completeness-audit/text/576521c433ef20b4eedf09d0efde0fc7f7aeb378c83c16286c88bc84350dacbd.json,"reproducible source text, historical checkout copy, rendered output, or Python cache"
/tmp/source-catalog-completeness-audit/text/576521c433ef20b4eedf09d0efde0fc7f7aeb378c83c16286c88bc84350dacbd.txt,"reproducible source text, historical checkout copy, rendered output, or Python cache"
/tmp/source-catalog-completeness-audit/text/57a0966a974bddc588454e8c829ad02543649c5e577c3fec5f804b8bf2d81987.json,"reproducible source text, historical checkout copy, rendered output, or Python cache"
/tmp/source-catalog-completeness-audit/text/57a0966a974bddc588454e8c829ad02543649c5e577c3fec5f804b8bf2d81987.txt,"reproducible source text, historical checkout copy, rendered output, or Python cache"
/tmp/source-catalog-completeness-audit/text/57e7aac8542dd10bfc92611f380b68754905b6808a66590307af86517c2072ae.json,"reproducible source text, historical checkout copy, rendered output, or Python cache"
/tmp/source-catalog-completeness-audit/text/57e7aac8542dd10bfc92611f380b68754905b6808a66590307af86517c2072ae.txt,"reproducible source text, historical checkout copy, rendered output, or Python cache"
/tmp/source-catalog-completeness-audit/text/57eee721cf1591ca4728d32446d83df52872e84b21ae40fd9796fa3fddbd163d.json,"reproducible source text, historical checkout copy, rendered output, or Python cache"
/tmp/source-catalog-completeness-audit/text/57eee721cf1591ca4728d32446d83df52872e84b21ae40fd9796fa3fddbd163d.txt,"reproducible source text, historical checkout copy, rendered output, or Python cache"
/tmp/source-catalog-completeness-audit/text/5897fd60318410bdc5481e12d4cd6454e7fe4741682a13e5289991f211b7d9f7.json,"reproducible source text, historical checkout copy, rendered output, or Python cache"
/tmp/source-catalog-completeness-audit/text/5897fd60318410bdc5481e12d4cd6454e7fe4741682a13e5289991f211b7d9f7.txt,"reproducible source text, historical checkout copy, rendered output, or Python cache"
/tmp/source-catalog-completeness-audit/text/5a94ffb15f362a736ee1f6d8378f29a4b991633aabe1e1919d7f277eac621f6d.json,"reproducible source text, historical checkout copy, rendered output, or Python cache"
/tmp/source-catalog-completeness-audit/text/5a94ffb15f362a736ee1f6d8378f29a4b991633aabe1e1919d7f277eac621f6d.txt,"reproducible source text, historical checkout copy, rendered output, or Python cache"
/tmp/source-catalog-completeness-audit/text/5aec68ed77a059586988b8d715a7cc0e3d962ea926dff9ae3069956953ed685b.json,"reproducible source text, historical checkout copy, rendered output, or Python cache"
/tmp/source-catalog-completeness-audit/text/5aec68ed77a059586988b8d715a7cc0e3d962ea926dff9ae3069956953ed685b.txt,"reproducible source text, historical checkout copy, rendered output, or Python cache"
/tmp/source-catalog-completeness-audit/text/5b962b11a638938059382c92afd678406585edc9c97b74de7f659286441d217b.json,"reproducible source text, historical checkout copy, rendered output, or Python cache"
/tmp/source-catalog-completeness-audit/text/5b962b11a638938059382c92afd678406585edc9c97b74de7f659286441d217b.txt,"reproducible source text, historical checkout copy, rendered output, or Python cache"
/tmp/source-catalog-completeness-audit/text/5bb32ecd3021d62d3f2eca13d30a2b89c3daccdfe136bc578cac3466db03521a.json,"reproducible source text, historical checkout copy, rendered output, or Python cache"
/tmp/source-catalog-completeness-audit/text/5bb32ecd3021d62d3f2eca13d30a2b89c3daccdfe136bc578cac3466db03521a.txt,"reproducible source text, historical checkout copy, rendered output, or Python cache"
/tmp/source-catalog-completeness-audit/text/5c7791b59cf84da6ef475020f997bac1cc13a865777bdc791b2c3f7ba4b4fe6b.json,"reproducible source text, historical checkout copy, rendered output, or Python cache"
/tmp/source-catalog-completeness-audit/text/5c7791b59cf84da6ef475020f997bac1cc13a865777bdc791b2c3f7ba4b4fe6b.txt,"reproducible source text, historical checkout copy, rendered output, or Python cache"
/tmp/source-catalog-completeness-audit/text/5c7e634313b96147b294cfa18ef6edf6e3f8c8e668dd2e1ea2ecead56b34e8be.json,"reproducible source text, historical checkout copy, rendered output, or Python cache"
/tmp/source-catalog-completeness-audit/text/5c7e634313b96147b294cfa18ef6edf6e3f8c8e668dd2e1ea2ecead56b34e8be.txt,"reproducible source text, historical checkout copy, rendered output, or Python cache"
/tmp/source-catalog-completeness-audit/text/5d5e22fa589538a2708b87616b339eec0c3f0a27c5b322fa48d1b4582e013fcc.json,"reproducible source text, historical checkout copy, rendered output, or Python cache"
/tmp/source-catalog-completeness-audit/text/5d5e22fa589538a2708b87616b339eec0c3f0a27c5b322fa48d1b4582e013fcc.txt,"reproducible source text, historical checkout copy, rendered output, or Python cache"
/tmp/source-catalog-completeness-audit/text/5d97e2b093a6f69d5235e9f71da028ee6b9eb7ccb085cbe71e9c9985d4329504.json,"reproducible source text, historical checkout copy, rendered output, or Python cache"
/tmp/source-catalog-completeness-audit/text/5d97e2b093a6f69d5235e9f71da028ee6b9eb7ccb085cbe71e9c9985d4329504.txt,"reproducible source text, historical checkout copy, rendered output, or Python cache"
/tmp/source-catalog-completeness-audit/text/5df50f82167bd89c97e7b9d4e8a3de6280878fd288e1ea01c993d42057cf55dd.json,"reproducible source text, historical checkout copy, rendered output, or Python cache"
/tmp/source-catalog-completeness-audit/text/5df50f82167bd89c97e7b9d4e8a3de6280878fd288e1ea01c993d42057cf55dd.txt,"reproducible source text, historical checkout copy, rendered output, or Python cache"
/tmp/source-catalog-completeness-audit/text/5fe4383ed92a538c0aea792c549d361202249149e1e5ff4eadf80be06d5a05f3.json,"reproducible source text, historical checkout copy, rendered output, or Python cache"
/tmp/source-catalog-completeness-audit/text/5fe4383ed92a538c0aea792c549d361202249149e1e5ff4eadf80be06d5a05f3.txt,"reproducible source text, historical checkout copy, rendered output, or Python cache"
/tmp/source-catalog-completeness-audit/text/608a09ff2513ac8756bd3cb12736a4d04e3dce51b87ca4a986c47b5ab2bc12db.json,"reproducible source text, historical checkout copy, rendered output, or Python cache"
/tmp/source-catalog-completeness-audit/text/608a09ff2513ac8756bd3cb12736a4d04e3dce51b87ca4a986c47b5ab2bc12db.txt,"reproducible source text, historical checkout copy, rendered output, or Python cache"
/tmp/source-catalog-completeness-audit/text/6264e379da1b2bb8f943fb15dae8ec295572f2650863d57be818a3cd29464a0a.json,"reproducible source text, historical checkout copy, rendered output, or Python cache"
/tmp/source-catalog-completeness-audit/text/6264e379da1b2bb8f943fb15dae8ec295572f2650863d57be818a3cd29464a0a.txt,"reproducible source text, historical checkout copy, rendered output, or Python cache"
/tmp/source-catalog-completeness-audit/text/62be21f187b55d5d7f5697c74cbf7669167465d96a50ee6c25d326dd6b5facc4.json,"reproducible source text, historical checkout copy, rendered output, or Python cache"
/tmp/source-catalog-completeness-audit/text/62be21f187b55d5d7f5697c74cbf7669167465d96a50ee6c25d326dd6b5facc4.txt,"reproducible source text, historical checkout copy, rendered output, or Python cache"
/tmp/source-catalog-completeness-audit/text/6359e33c1a10c9e75a495f8945c3ef5335f0ce0f3000dfd378357cacf65eee06.json,"reproducible source text, historical checkout copy, rendered output, or Python cache"
/tmp/source-catalog-completeness-audit/text/6359e33c1a10c9e75a495f8945c3ef5335f0ce0f3000dfd378357cacf65eee06.txt,"reproducible source text, historical checkout copy, rendered output, or Python cache"
/tmp/source-catalog-completeness-audit/text/63af7ce2b7ce309879d3e97cdfca3014ba249f1dc7347eef44bd7c768fd162d3.json,"reproducible source text, historical checkout copy, rendered output, or Python cache"
/tmp/source-catalog-completeness-audit/text/63af7ce2b7ce309879d3e97cdfca3014ba249f1dc7347eef44bd7c768fd162d3.txt,"reproducible source text, historical checkout copy, rendered output, or Python cache"
/tmp/source-catalog-completeness-audit/text/63b30f74942357e9850fc6e4a23d9c2b9c8926ec13e48ce7da24d48a7608acdc.json,"reproducible source text, historical checkout copy, rendered output, or Python cache"
/tmp/source-catalog-completeness-audit/text/63b30f74942357e9850fc6e4a23d9c2b9c8926ec13e48ce7da24d48a7608acdc.txt,"reproducible source text, historical checkout copy, rendered output, or Python cache"
/tmp/source-catalog-completeness-audit/text/64eff6544529afba60722892de07b2db9ee8c3d0b0123001cbb7dfedfcd7e7d7.json,"reproducible source text, historical checkout copy, rendered output, or Python cache"
/tmp/source-catalog-completeness-audit/text/64eff6544529afba60722892de07b2db9ee8c3d0b0123001cbb7dfedfcd7e7d7.txt,"reproducible source text, historical checkout copy, rendered output, or Python cache"
/tmp/source-catalog-completeness-audit/text/6938aa5da4dc6d21996a635cfeb9bd0f156be0a8a991d6fcceb5e02e2b4aeca7.json,"reproducible source text, historical checkout copy, rendered output, or Python cache"
/tmp/source-catalog-completeness-audit/text/6938aa5da4dc6d21996a635cfeb9bd0f156be0a8a991d6fcceb5e02e2b4aeca7.txt,"reproducible source text, historical checkout copy, rendered output, or Python cache"
/tmp/source-catalog-completeness-audit/text/6ab8554b61adb169ad925a551e4ca404f3edc3c0f3cd57d59ffabc8994a63623.json,"reproducible source text, historical checkout copy, rendered output, or Python cache"
/tmp/source-catalog-completeness-audit/text/6ab8554b61adb169ad925a551e4ca404f3edc3c0f3cd57d59ffabc8994a63623.txt,"reproducible source text, historical checkout copy, rendered output, or Python cache"
/tmp/source-catalog-completeness-audit/text/6c4cd2f73c6e7b3fcf8eb6e54a8e17eddc793e4757a140aaf0c32a3a8e87d1d4.json,"reproducible source text, historical checkout copy, rendered output, or Python cache"
/tmp/source-catalog-completeness-audit/text/6c4cd2f73c6e7b3fcf8eb6e54a8e17eddc793e4757a140aaf0c32a3a8e87d1d4.txt,"reproducible source text, historical checkout copy, rendered output, or Python cache"
/tmp/source-catalog-completeness-audit/text/6c77bd57259d8d01390bccaf415f14f6b245e45345b597b6f651574ebaeebec3.json,"reproducible source text, historical checkout copy, rendered output, or Python cache"
/tmp/source-catalog-completeness-audit/text/6c77bd57259d8d01390bccaf415f14f6b245e45345b597b6f651574ebaeebec3.txt,"reproducible source text, historical checkout copy, rendered output, or Python cache"
/tmp/source-catalog-completeness-audit/text/6d052e5092d9f92050dcf95a92fa6ce5deda18a5825cdd00ca1c8cd2658c9135.json,"reproducible source text, historical checkout copy, rendered output, or Python cache"
/tmp/source-catalog-completeness-audit/text/6d052e5092d9f92050dcf95a92fa6ce5deda18a5825cdd00ca1c8cd2658c9135.txt,"reproducible source text, historical checkout copy, rendered output, or Python cache"
/tmp/source-catalog-completeness-audit/text/6e16b50107c236ed60203df36371b3140b950eff03773e885b9f62ddb9069921.json,"reproducible source text, historical checkout copy, rendered output, or Python cache"
/tmp/source-catalog-completeness-audit/text/6e16b50107c236ed60203df36371b3140b950eff03773e885b9f62ddb9069921.txt,"reproducible source text, historical checkout copy, rendered output, or Python cache"
/tmp/source-catalog-completeness-audit/text/700aa06dd8343c30fc0dfcb3e5ca513439806c620a297a32b297edcf3fa1d457.json,"reproducible source text, historical checkout copy, rendered output, or Python cache"
/tmp/source-catalog-completeness-audit/text/700aa06dd8343c30fc0dfcb3e5ca513439806c620a297a32b297edcf3fa1d457.txt,"reproducible source text, historical checkout copy, rendered output, or Python cache"
/tmp/source-catalog-completeness-audit/text/708cea5ab25b41057f944850f2d584a99e6b09a1ba6870bb982867ffcb45e78b.json,"reproducible source text, historical checkout copy, rendered output, or Python cache"
/tmp/source-catalog-completeness-audit/text/708cea5ab25b41057f944850f2d584a99e6b09a1ba6870bb982867ffcb45e78b.txt,"reproducible source text, historical checkout copy, rendered output, or Python cache"
/tmp/source-catalog-completeness-audit/text/7121604b2aba25d4dba3ae4dcfa4b744f7e4ac30ced4e3ef4483c1b27cb28689.json,"reproducible source text, historical checkout copy, rendered output, or Python cache"
/tmp/source-catalog-completeness-audit/text/7121604b2aba25d4dba3ae4dcfa4b744f7e4ac30ced4e3ef4483c1b27cb28689.txt,"reproducible source text, historical checkout copy, rendered output, or Python cache"
/tmp/source-catalog-completeness-audit/text/726529e52f01d071e14d8a39729749815298bd2c6edf4f6837f26ce11a9c1e4c.json,"reproducible source text, historical checkout copy, rendered output, or Python cache"
/tmp/source-catalog-completeness-audit/text/726529e52f01d071e14d8a39729749815298bd2c6edf4f6837f26ce11a9c1e4c.txt,"reproducible source text, historical checkout copy, rendered output, or Python cache"
/tmp/source-catalog-completeness-audit/text/7291f82a98a75c3ada8c2f9a34f03a9031dcb55abe7bb6cf8805ab6f130bdf3b.json,"reproducible source text, historical checkout copy, rendered output, or Python cache"
/tmp/source-catalog-completeness-audit/text/7291f82a98a75c3ada8c2f9a34f03a9031dcb55abe7bb6cf8805ab6f130bdf3b.txt,"reproducible source text, historical checkout copy, rendered output, or Python cache"
/tmp/source-catalog-completeness-audit/text/72bb9ff83a56790bfd1e84e6444d9e7316071f583f1913b238b0f4f145a24182.json,"reproducible source text, historical checkout copy, rendered output, or Python cache"
/tmp/source-catalog-completeness-audit/text/72bb9ff83a56790bfd1e84e6444d9e7316071f583f1913b238b0f4f145a24182.txt,"reproducible source text, historical checkout copy, rendered output, or Python cache"
/tmp/source-catalog-completeness-audit/text/735f518bd45c6470965c1ea6be2f596b6504cee9a09c47718a629ed319db5e58.json,"reproducible source text, historical checkout copy, rendered output, or Python cache"
/tmp/source-catalog-completeness-audit/text/735f518bd45c6470965c1ea6be2f596b6504cee9a09c47718a629ed319db5e58.txt,"reproducible source text, historical checkout copy, rendered output, or Python cache"
/tmp/source-catalog-completeness-audit/text/75657812b727c1346472dac5464fd8077826e114e7fe00679e6ac2d2aee97c8b.json,"reproducible source text, historical checkout copy, rendered output, or Python cache"
/tmp/source-catalog-completeness-audit/text/75657812b727c1346472dac5464fd8077826e114e7fe00679e6ac2d2aee97c8b.txt,"reproducible source text, historical checkout copy, rendered output, or Python cache"
/tmp/source-catalog-completeness-audit/text/75d8af24d727a2994d3fc2ae566ad075f1cb7f7edad4993d78c3b59bc1700ff5.json,"reproducible source text, historical checkout copy, rendered output, or Python cache"
/tmp/source-catalog-completeness-audit/text/75d8af24d727a2994d3fc2ae566ad075f1cb7f7edad4993d78c3b59bc1700ff5.txt,"reproducible source text, historical checkout copy, rendered output, or Python cache"
/tmp/source-catalog-completeness-audit/text/7610a939488c74d4cf0162b0945cc1825779b0d7765847bf522f0c651d6dcf6f.json,"reproducible source text, historical checkout copy, rendered output, or Python cache"
/tmp/source-catalog-completeness-audit/text/7610a939488c74d4cf0162b0945cc1825779b0d7765847bf522f0c651d6dcf6f.txt,"reproducible source text, historical checkout copy, rendered output, or Python cache"
/tmp/source-catalog-completeness-audit/text/7673b8ee8fd5329d9e87c0a128a0a5cd4eeefb0721c8c5d8a1dedeb246c041fb.json,"reproducible source text, historical checkout copy, rendered output, or Python cache"
/tmp/source-catalog-completeness-audit/text/7673b8ee8fd5329d9e87c0a128a0a5cd4eeefb0721c8c5d8a1dedeb246c041fb.txt,"reproducible source text, historical checkout copy, rendered output, or Python cache"
/tmp/source-catalog-completeness-audit/text/783af556ab12b49afb3613aff49c7fb06f17d199971ffcfbfbc6b254cc71926f.json,"reproducible source text, historical checkout copy, rendered output, or Python cache"
/tmp/source-catalog-completeness-audit/text/783af556ab12b49afb3613aff49c7fb06f17d199971ffcfbfbc6b254cc71926f.txt,"reproducible source text, historical checkout copy, rendered output, or Python cache"
/tmp/source-catalog-completeness-audit/text/7971a0170cf272cacec8e9da23633fa630245631d04e99f455b174dd3a2fc734.json,"reproducible source text, historical checkout copy, rendered output, or Python cache"
/tmp/source-catalog-completeness-audit/text/7971a0170cf272cacec8e9da23633fa630245631d04e99f455b174dd3a2fc734.txt,"reproducible source text, historical checkout copy, rendered output, or Python cache"
/tmp/source-catalog-completeness-audit/text/7996b6796ba109c322b0382576da6fe3f63145b8fb1342378d5683df82cfbb30.json,"reproducible source text, historical checkout copy, rendered output, or Python cache"
/tmp/source-catalog-completeness-audit/text/7996b6796ba109c322b0382576da6fe3f63145b8fb1342378d5683df82cfbb30.txt,"reproducible source text, historical checkout copy, rendered output, or Python cache"
/tmp/source-catalog-completeness-audit/text/79f127ae557e13af8c7a55f95a56c69cf890188dc2e5fcbd4b50ee051e10c792.json,"reproducible source text, historical checkout copy, rendered output, or Python cache"
/tmp/source-catalog-completeness-audit/text/79f127ae557e13af8c7a55f95a56c69cf890188dc2e5fcbd4b50ee051e10c792.txt,"reproducible source text, historical checkout copy, rendered output, or Python cache"
/tmp/source-catalog-completeness-audit/text/7a2abacd3fdc0df835835d53a7a9f189ec5088636f3c42a2de13d5c4613ee13d.json,"reproducible source text, historical checkout copy, rendered output, or Python cache"
/tmp/source-catalog-completeness-audit/text/7a2abacd3fdc0df835835d53a7a9f189ec5088636f3c42a2de13d5c4613ee13d.txt,"reproducible source text, historical checkout copy, rendered output, or Python cache"
/tmp/source-catalog-completeness-audit/text/7c1538f9ce6ee077a7f2e65cf6853dd4071bfb3f46bcc68b4eb372b67e89abc3.json,"reproducible source text, historical checkout copy, rendered output, or Python cache"
/tmp/source-catalog-completeness-audit/text/7c1538f9ce6ee077a7f2e65cf6853dd4071bfb3f46bcc68b4eb372b67e89abc3.txt,"reproducible source text, historical checkout copy, rendered output, or Python cache"
/tmp/source-catalog-completeness-audit/text/7d8b5e3498b215d46b19addcfd58fa86dbe507c869849a468a3f912950c7acd7.json,"reproducible source text, historical checkout copy, rendered output, or Python cache"
/tmp/source-catalog-completeness-audit/text/7d8b5e3498b215d46b19addcfd58fa86dbe507c869849a468a3f912950c7acd7.txt,"reproducible source text, historical checkout copy, rendered output, or Python cache"
/tmp/source-catalog-completeness-audit/text/7da2036f15e872921970058117ebbc84dc38d6025bcbf2543f19777e93023e5d.json,"reproducible source text, historical checkout copy, rendered output, or Python cache"
/tmp/source-catalog-completeness-audit/text/7da2036f15e872921970058117ebbc84dc38d6025bcbf2543f19777e93023e5d.txt,"reproducible source text, historical checkout copy, rendered output, or Python cache"
/tmp/source-catalog-completeness-audit/text/7eb30f58fc546990ec8d42a7130e0e49d0fc71e949a26f6db2213f3bf39b997b.json,"reproducible source text, historical checkout copy, rendered output, or Python cache"
/tmp/source-catalog-completeness-audit/text/7eb30f58fc546990ec8d42a7130e0e49d0fc71e949a26f6db2213f3bf39b997b.txt,"reproducible source text, historical checkout copy, rendered output, or Python cache"
/tmp/source-catalog-completeness-audit/text/7ec847e8afccfc3160100cdf66490eb7224342729f635669b6a5cf73e549ae76.json,"reproducible source text, historical checkout copy, rendered output, or Python cache"
/tmp/source-catalog-completeness-audit/text/7ec847e8afccfc3160100cdf66490eb7224342729f635669b6a5cf73e549ae76.txt,"reproducible source text, historical checkout copy, rendered output, or Python cache"
/tmp/source-catalog-completeness-audit/text/7edf14be25afedc260ad602f87ddc7ba6c58c038bcbeaacc0bbf6301a0f15ceb.json,"reproducible source text, historical checkout copy, rendered output, or Python cache"
/tmp/source-catalog-completeness-audit/text/7edf14be25afedc260ad602f87ddc7ba6c58c038bcbeaacc0bbf6301a0f15ceb.txt,"reproducible source text, historical checkout copy, rendered output, or Python cache"
/tmp/source-catalog-completeness-audit/text/8024b9853d3ff80259f939418f31f03e332d280bfca612d613390a7699e5eb3c.json,"reproducible source text, historical checkout copy, rendered output, or Python cache"
/tmp/source-catalog-completeness-audit/text/8024b9853d3ff80259f939418f31f03e332d280bfca612d613390a7699e5eb3c.txt,"reproducible source text, historical checkout copy, rendered output, or Python cache"
/tmp/source-catalog-completeness-audit/text/80fd6f58e66f40fe4294ff3f45eddfef0f40edc17f276918233333bdb567e409.json,"reproducible source text, historical checkout copy, rendered output, or Python cache"
/tmp/source-catalog-completeness-audit/text/80fd6f58e66f40fe4294ff3f45eddfef0f40edc17f276918233333bdb567e409.txt,"reproducible source text, historical checkout copy, rendered output, or Python cache"
/tmp/source-catalog-completeness-audit/text/81cf6d49909f2be06a850bcf9b7f694b6bf0f8b0999ca33d6d31196c51202669.json,"reproducible source text, historical checkout copy, rendered output, or Python cache"
/tmp/source-catalog-completeness-audit/text/81cf6d49909f2be06a850bcf9b7f694b6bf0f8b0999ca33d6d31196c51202669.txt,"reproducible source text, historical checkout copy, rendered output, or Python cache"
/tmp/source-catalog-completeness-audit/text/82ef7c5c1de0d2b8e4837c260210b5b5d66766d57942aabc5da1d18be58363a0.json,"reproducible source text, historical checkout copy, rendered output, or Python cache"
/tmp/source-catalog-completeness-audit/text/82ef7c5c1de0d2b8e4837c260210b5b5d66766d57942aabc5da1d18be58363a0.txt,"reproducible source text, historical checkout copy, rendered output, or Python cache"
/tmp/source-catalog-completeness-audit/text/8306f5ea20f0cc727f1f6159b17deedd26790487cc404c0a86a6a5aa777813a8.json,"reproducible source text, historical checkout copy, rendered output, or Python cache"
/tmp/source-catalog-completeness-audit/text/8306f5ea20f0cc727f1f6159b17deedd26790487cc404c0a86a6a5aa777813a8.txt,"reproducible source text, historical checkout copy, rendered output, or Python cache"
/tmp/source-catalog-completeness-audit/text/831740ba10c28fe735a48c47825458b93f791c1d4efe7b2812edf210ce1f8f92.json,"reproducible source text, historical checkout copy, rendered output, or Python cache"
/tmp/source-catalog-completeness-audit/text/831740ba10c28fe735a48c47825458b93f791c1d4efe7b2812edf210ce1f8f92.txt,"reproducible source text, historical checkout copy, rendered output, or Python cache"
/tmp/source-catalog-completeness-audit/text/8445f2c6faede5cfe1c6054e58cc880fc4cea1bbc31321ddc76fdbd035dcf43d.json,"reproducible source text, historical checkout copy, rendered output, or Python cache"
/tmp/source-catalog-completeness-audit/text/8445f2c6faede5cfe1c6054e58cc880fc4cea1bbc31321ddc76fdbd035dcf43d.txt,"reproducible source text, historical checkout copy, rendered output, or Python cache"
/tmp/source-catalog-completeness-audit/text/85c4e9a9ab34526abeee3980adf03db51fe4feb8cdd0facdc5394801442e38a5.json,"reproducible source text, historical checkout copy, rendered output, or Python cache"
/tmp/source-catalog-completeness-audit/text/85c4e9a9ab34526abeee3980adf03db51fe4feb8cdd0facdc5394801442e38a5.txt,"reproducible source text, historical checkout copy, rendered output, or Python cache"
/tmp/source-catalog-completeness-audit/text/86ea864fd38b24952a2406d75fc23ff07b9c5ab0899c8017c34af7ac6d2b9deb.json,"reproducible source text, historical checkout copy, rendered output, or Python cache"
/tmp/source-catalog-completeness-audit/text/86ea864fd38b24952a2406d75fc23ff07b9c5ab0899c8017c34af7ac6d2b9deb.txt,"reproducible source text, historical checkout copy, rendered output, or Python cache"
/tmp/source-catalog-completeness-audit/text/87696e04484ca2d3e98b2e62c070b1886b8eae6bd8206c6b029eb80a3693a739.json,"reproducible source text, historical checkout copy, rendered output, or Python cache"
/tmp/source-catalog-completeness-audit/text/87696e04484ca2d3e98b2e62c070b1886b8eae6bd8206c6b029eb80a3693a739.txt,"reproducible source text, historical checkout copy, rendered output, or Python cache"
/tmp/source-catalog-completeness-audit/text/884b2b641c4defa1ed1db627de5ba4c12dba2fe6927deb919b8e5eef9cfb4e0b.json,"reproducible source text, historical checkout copy, rendered output, or Python cache"
/tmp/source-catalog-completeness-audit/text/884b2b641c4defa1ed1db627de5ba4c12dba2fe6927deb919b8e5eef9cfb4e0b.txt,"reproducible source text, historical checkout copy, rendered output, or Python cache"
/tmp/source-catalog-completeness-audit/text/8a85385f3899b450a9dcafd873fb8d6517d974908c7196590f429ec3b2a3d818.json,"reproducible source text, historical checkout copy, rendered output, or Python cache"
/tmp/source-catalog-completeness-audit/text/8a85385f3899b450a9dcafd873fb8d6517d974908c7196590f429ec3b2a3d818.txt,"reproducible source text, historical checkout copy, rendered output, or Python cache"
/tmp/source-catalog-completeness-audit/text/8e62b121bdd630f1873803e2312150daa67186b52f744d3ab00f6d3c6de46cb6.json,"reproducible source text, historical checkout copy, rendered output, or Python cache"
/tmp/source-catalog-completeness-audit/text/8e62b121bdd630f1873803e2312150daa67186b52f744d3ab00f6d3c6de46cb6.txt,"reproducible source text, historical checkout copy, rendered output, or Python cache"
/tmp/source-catalog-completeness-audit/text/90536e3520ee46f476f480be9760bc92bd40162e29fd53e914df44b70ea150ea.json,"reproducible source text, historical checkout copy, rendered output, or Python cache"
/tmp/source-catalog-completeness-audit/text/90536e3520ee46f476f480be9760bc92bd40162e29fd53e914df44b70ea150ea.txt,"reproducible source text, historical checkout copy, rendered output, or Python cache"
/tmp/source-catalog-completeness-audit/text/90947312022821f8e6233b8d71d5eed13110f54640cf753b992d519809901c88.json,"reproducible source text, historical checkout copy, rendered output, or Python cache"
/tmp/source-catalog-completeness-audit/text/90947312022821f8e6233b8d71d5eed13110f54640cf753b992d519809901c88.txt,"reproducible source text, historical checkout copy, rendered output, or Python cache"
/tmp/source-catalog-completeness-audit/text/90ee33772fb2ab2e1723a7be5a99c222aeb52851d63f18fe7e93b3dda0173279.json,"reproducible source text, historical checkout copy, rendered output, or Python cache"
/tmp/source-catalog-completeness-audit/text/90ee33772fb2ab2e1723a7be5a99c222aeb52851d63f18fe7e93b3dda0173279.txt,"reproducible source text, historical checkout copy, rendered output, or Python cache"
/tmp/source-catalog-completeness-audit/text/91385b8b466923a5ca1c37d8f53781c5af3f63e3f6e037afae367f4399b75286.json,"reproducible source text, historical checkout copy, rendered output, or Python cache"
/tmp/source-catalog-completeness-audit/text/91385b8b466923a5ca1c37d8f53781c5af3f63e3f6e037afae367f4399b75286.txt,"reproducible source text, historical checkout copy, rendered output, or Python cache"
/tmp/source-catalog-completeness-audit/text/9154b1ee38457ccf602854819c21fea4374c7265172a6d39bbd28775299209fc.json,"reproducible source text, historical checkout copy, rendered output, or Python cache"
/tmp/source-catalog-completeness-audit/text/9154b1ee38457ccf602854819c21fea4374c7265172a6d39bbd28775299209fc.txt,"reproducible source text, historical checkout copy, rendered output, or Python cache"
/tmp/source-catalog-completeness-audit/text/917b3381e5792c10decfdeceb3c8af3bb70b4703d0c15406dd972c55321411c0.json,"reproducible source text, historical checkout copy, rendered output, or Python cache"
/tmp/source-catalog-completeness-audit/text/917b3381e5792c10decfdeceb3c8af3bb70b4703d0c15406dd972c55321411c0.txt,"reproducible source text, historical checkout copy, rendered output, or Python cache"
/tmp/source-catalog-completeness-audit/text/926938c237700c63961e11a466ffa7dbca6b4e4a66778cc5320fcd9234390e09.json,"reproducible source text, historical checkout copy, rendered output, or Python cache"
/tmp/source-catalog-completeness-audit/text/926938c237700c63961e11a466ffa7dbca6b4e4a66778cc5320fcd9234390e09.txt,"reproducible source text, historical checkout copy, rendered output, or Python cache"
/tmp/source-catalog-completeness-audit/text/926c4b93a76b49868bc596784fac9133613f80dc2487d96ab608eb73cfa90776.json,"reproducible source text, historical checkout copy, rendered output, or Python cache"
/tmp/source-catalog-completeness-audit/text/926c4b93a76b49868bc596784fac9133613f80dc2487d96ab608eb73cfa90776.txt,"reproducible source text, historical checkout copy, rendered output, or Python cache"
/tmp/source-catalog-completeness-audit/text/9546c45652e033a4b0e15700abacb52dd2d820b26c313858df5f92d1ba3e02f3.json,"reproducible source text, historical checkout copy, rendered output, or Python cache"
/tmp/source-catalog-completeness-audit/text/9546c45652e033a4b0e15700abacb52dd2d820b26c313858df5f92d1ba3e02f3.txt,"reproducible source text, historical checkout copy, rendered output, or Python cache"
/tmp/source-catalog-completeness-audit/text/9657eba7c8f540a1e04ec9f0bb6324bb894f25b4bb741a758ced1a0549365059.json,"reproducible source text, historical checkout copy, rendered output, or Python cache"
/tmp/source-catalog-completeness-audit/text/9657eba7c8f540a1e04ec9f0bb6324bb894f25b4bb741a758ced1a0549365059.txt,"reproducible source text, historical checkout copy, rendered output, or Python cache"
/tmp/source-catalog-completeness-audit/text/97823ecfea0e62a98965bc51ebaac61ee05f3b42766333f959cf2c29ceacea04.json,"reproducible source text, historical checkout copy, rendered output, or Python cache"
/tmp/source-catalog-completeness-audit/text/97823ecfea0e62a98965bc51ebaac61ee05f3b42766333f959cf2c29ceacea04.txt,"reproducible source text, historical checkout copy, rendered output, or Python cache"
/tmp/source-catalog-completeness-audit/text/978ff27d1df6f978775356ec1a65c164a2d18d2912d1b13bb63b99a110e1f1fd.json,"reproducible source text, historical checkout copy, rendered output, or Python cache"
/tmp/source-catalog-completeness-audit/text/978ff27d1df6f978775356ec1a65c164a2d18d2912d1b13bb63b99a110e1f1fd.txt,"reproducible source text, historical checkout copy, rendered output, or Python cache"
/tmp/source-catalog-completeness-audit/text/97b0dafe4c6b5a1a4e051b2b5847effbe535e9ce2bbcdefd54c894106f156e22.json,"reproducible source text, historical checkout copy, rendered output, or Python cache"
/tmp/source-catalog-completeness-audit/text/97b0dafe4c6b5a1a4e051b2b5847effbe535e9ce2bbcdefd54c894106f156e22.txt,"reproducible source text, historical checkout copy, rendered output, or Python cache"
/tmp/source-catalog-completeness-audit/text/98b6524f45c3e671e39e60c82ba8318314583a6aafd4e2e96bf3dec0605f26c3.json,"reproducible source text, historical checkout copy, rendered output, or Python cache"
/tmp/source-catalog-completeness-audit/text/98b6524f45c3e671e39e60c82ba8318314583a6aafd4e2e96bf3dec0605f26c3.txt,"reproducible source text, historical checkout copy, rendered output, or Python cache"
/tmp/source-catalog-completeness-audit/text/98f0c04616a914f2d0d85cf5af4ec700998ce342e48743549d653288a1c83079.json,"reproducible source text, historical checkout copy, rendered output, or Python cache"
/tmp/source-catalog-completeness-audit/text/98f0c04616a914f2d0d85cf5af4ec700998ce342e48743549d653288a1c83079.txt,"reproducible source text, historical checkout copy, rendered output, or Python cache"
/tmp/source-catalog-completeness-audit/text/994998cf314d6062ee313941b804b382fd5e4818ab223601aed4ec2c7bb92b0a.json,"reproducible source text, historical checkout copy, rendered output, or Python cache"
/tmp/source-catalog-completeness-audit/text/994998cf314d6062ee313941b804b382fd5e4818ab223601aed4ec2c7bb92b0a.txt,"reproducible source text, historical checkout copy, rendered output, or Python cache"
/tmp/source-catalog-completeness-audit/text/99af2fa444b91b46907dea5d331506d80519f3cce304913b9aebe68041782ea9.json,"reproducible source text, historical checkout copy, rendered output, or Python cache"
/tmp/source-catalog-completeness-audit/text/99af2fa444b91b46907dea5d331506d80519f3cce304913b9aebe68041782ea9.txt,"reproducible source text, historical checkout copy, rendered output, or Python cache"
/tmp/source-catalog-completeness-audit/text/99e67d03814eaeb74b2c7cfa2d26d6099c36bf9bf841b080de8d0fdbae92976b.json,"reproducible source text, historical checkout copy, rendered output, or Python cache"
/tmp/source-catalog-completeness-audit/text/99e67d03814eaeb74b2c7cfa2d26d6099c36bf9bf841b080de8d0fdbae92976b.txt,"reproducible source text, historical checkout copy, rendered output, or Python cache"
/tmp/source-catalog-completeness-audit/text/9a30fb543469d556daf4275a2bfdbc2a1e26f9f1e53dcbb429ce4c5ecaf53c54.json,"reproducible source text, historical checkout copy, rendered output, or Python cache"
/tmp/source-catalog-completeness-audit/text/9a30fb543469d556daf4275a2bfdbc2a1e26f9f1e53dcbb429ce4c5ecaf53c54.txt,"reproducible source text, historical checkout copy, rendered output, or Python cache"
/tmp/source-catalog-completeness-audit/text/9aef7acd6b6f80c8ebea822ec9a8a9613e37a0d67e2bb37a5fbb665c53ae5057.json,"reproducible source text, historical checkout copy, rendered output, or Python cache"
/tmp/source-catalog-completeness-audit/text/9aef7acd6b6f80c8ebea822ec9a8a9613e37a0d67e2bb37a5fbb665c53ae5057.txt,"reproducible source text, historical checkout copy, rendered output, or Python cache"
/tmp/source-catalog-completeness-audit/text/9b9b295ff51687c8361c1e2fb8fc192fb26fbc0112d5e78b4e569b9d6c4c27ac.json,"reproducible source text, historical checkout copy, rendered output, or Python cache"
/tmp/source-catalog-completeness-audit/text/9b9b295ff51687c8361c1e2fb8fc192fb26fbc0112d5e78b4e569b9d6c4c27ac.txt,"reproducible source text, historical checkout copy, rendered output, or Python cache"
/tmp/source-catalog-completeness-audit/text/9bcce0eea60c4dd61628fb29d82d27c21ef8b1ee89f5bf3a9dfd86c8de10f385.json,"reproducible source text, historical checkout copy, rendered output, or Python cache"
/tmp/source-catalog-completeness-audit/text/9bcce0eea60c4dd61628fb29d82d27c21ef8b1ee89f5bf3a9dfd86c8de10f385.txt,"reproducible source text, historical checkout copy, rendered output, or Python cache"
/tmp/source-catalog-completeness-audit/text/9d2d36695c5677aea3e92ff8d395a9c5403f3d7d2afedb8e3447d9af21f526fe.json,"reproducible source text, historical checkout copy, rendered output, or Python cache"
/tmp/source-catalog-completeness-audit/text/9d2d36695c5677aea3e92ff8d395a9c5403f3d7d2afedb8e3447d9af21f526fe.txt,"reproducible source text, historical checkout copy, rendered output, or Python cache"
/tmp/source-catalog-completeness-audit/text/9e092e683776c6582159a9f5a9a540536fa170d3a1af0646de2767399d77b9fd.json,"reproducible source text, historical checkout copy, rendered output, or Python cache"
/tmp/source-catalog-completeness-audit/text/9e092e683776c6582159a9f5a9a540536fa170d3a1af0646de2767399d77b9fd.txt,"reproducible source text, historical checkout copy, rendered output, or Python cache"
/tmp/source-catalog-completeness-audit/text/a14a3404fceef8c42d91fb4ec95906e06b87edcfc13188e697e01855aa99f404.json,"reproducible source text, historical checkout copy, rendered output, or Python cache"
/tmp/source-catalog-completeness-audit/text/a14a3404fceef8c42d91fb4ec95906e06b87edcfc13188e697e01855aa99f404.txt,"reproducible source text, historical checkout copy, rendered output, or Python cache"
/tmp/source-catalog-completeness-audit/text/a15cb9cf2a1cba6c17eb62f3793cc5f664724f66780ebb692b93775f3f922509.json,"reproducible source text, historical checkout copy, rendered output, or Python cache"
/tmp/source-catalog-completeness-audit/text/a15cb9cf2a1cba6c17eb62f3793cc5f664724f66780ebb692b93775f3f922509.txt,"reproducible source text, historical checkout copy, rendered output, or Python cache"
/tmp/source-catalog-completeness-audit/text/a24ec3a7a9378b450f39424dc2f2327a695387fb0873832f29c796ee4658e4c7.json,"reproducible source text, historical checkout copy, rendered output, or Python cache"
/tmp/source-catalog-completeness-audit/text/a24ec3a7a9378b450f39424dc2f2327a695387fb0873832f29c796ee4658e4c7.txt,"reproducible source text, historical checkout copy, rendered output, or Python cache"
/tmp/source-catalog-completeness-audit/text/a328ed4ed879dc20e65cbd4912fb2eee8f46722ee16ff02219acf7fdc1a2ef18.json,"reproducible source text, historical checkout copy, rendered output, or Python cache"
/tmp/source-catalog-completeness-audit/text/a328ed4ed879dc20e65cbd4912fb2eee8f46722ee16ff02219acf7fdc1a2ef18.txt,"reproducible source text, historical checkout copy, rendered output, or Python cache"
/tmp/source-catalog-completeness-audit/text/a488b0963dd74741c1608f1b5687f4aa070c533efa73950c465410987646192e.json,"reproducible source text, historical checkout copy, rendered output, or Python cache"
/tmp/source-catalog-completeness-audit/text/a488b0963dd74741c1608f1b5687f4aa070c533efa73950c465410987646192e.txt,"reproducible source text, historical checkout copy, rendered output, or Python cache"
/tmp/source-catalog-completeness-audit/text/a4e2c6ecafc88fafbb5a0e194a373c4e2953b920d2947582352bdf845a03154e.json,"reproducible source text, historical checkout copy, rendered output, or Python cache"
/tmp/source-catalog-completeness-audit/text/a4e2c6ecafc88fafbb5a0e194a373c4e2953b920d2947582352bdf845a03154e.txt,"reproducible source text, historical checkout copy, rendered output, or Python cache"
/tmp/source-catalog-completeness-audit/text/a6215e0a9e002c8d95ae3040b621f4907f8f66784d78c0a318169beabac72377.json,"reproducible source text, historical checkout copy, rendered output, or Python cache"
/tmp/source-catalog-completeness-audit/text/a6215e0a9e002c8d95ae3040b621f4907f8f66784d78c0a318169beabac72377.txt,"reproducible source text, historical checkout copy, rendered output, or Python cache"
/tmp/source-catalog-completeness-audit/text/a777ebfa6dfb20479382fa62691b1192a6867daf8044fbf6c21ee9f9989e531c.json,"reproducible source text, historical checkout copy, rendered output, or Python cache"
/tmp/source-catalog-completeness-audit/text/a777ebfa6dfb20479382fa62691b1192a6867daf8044fbf6c21ee9f9989e531c.txt,"reproducible source text, historical checkout copy, rendered output, or Python cache"
/tmp/source-catalog-completeness-audit/text/a7936fd27cd305b1a6eeb8153d8289dffff5c075e0e50ffbd9590f8bb2d83318.json,"reproducible source text, historical checkout copy, rendered output, or Python cache"
/tmp/source-catalog-completeness-audit/text/a7936fd27cd305b1a6eeb8153d8289dffff5c075e0e50ffbd9590f8bb2d83318.txt,"reproducible source text, historical checkout copy, rendered output, or Python cache"
/tmp/source-catalog-completeness-audit/text/a97b0d836b6465ff1c79a49441306f5cc1c77cc656c17870a5a3e04d836a475b.json,"reproducible source text, historical checkout copy, rendered output, or Python cache"
/tmp/source-catalog-completeness-audit/text/a97b0d836b6465ff1c79a49441306f5cc1c77cc656c17870a5a3e04d836a475b.txt,"reproducible source text, historical checkout copy, rendered output, or Python cache"
/tmp/source-catalog-completeness-audit/text/a9fcfb36a45ff72352913882955d26fe119b57427532562be1634f274855c530.json,"reproducible source text, historical checkout copy, rendered output, or Python cache"
/tmp/source-catalog-completeness-audit/text/a9fcfb36a45ff72352913882955d26fe119b57427532562be1634f274855c530.txt,"reproducible source text, historical checkout copy, rendered output, or Python cache"
/tmp/source-catalog-completeness-audit/text/aa39107d5777e4f0a342918ef9e4ceba8828793665a3dc2eb41172107d1404ba.json,"reproducible source text, historical checkout copy, rendered output, or Python cache"
/tmp/source-catalog-completeness-audit/text/aa39107d5777e4f0a342918ef9e4ceba8828793665a3dc2eb41172107d1404ba.txt,"reproducible source text, historical checkout copy, rendered output, or Python cache"
/tmp/source-catalog-completeness-audit/text/aac62443966b522b04903f765eb31376b8a48cddd39d14781d447bcaa82677de.json,"reproducible source text, historical checkout copy, rendered output, or Python cache"
/tmp/source-catalog-completeness-audit/text/aac62443966b522b04903f765eb31376b8a48cddd39d14781d447bcaa82677de.txt,"reproducible source text, historical checkout copy, rendered output, or Python cache"
/tmp/source-catalog-completeness-audit/text/aad3994299dd6f12a8603e98a17d9a4d7a528f1443bd47f9250aaf6cc8be8943.json,"reproducible source text, historical checkout copy, rendered output, or Python cache"
/tmp/source-catalog-completeness-audit/text/aad3994299dd6f12a8603e98a17d9a4d7a528f1443bd47f9250aaf6cc8be8943.txt,"reproducible source text, historical checkout copy, rendered output, or Python cache"
/tmp/source-catalog-completeness-audit/text/ab4f81d2250de4d77c6fbb8d2c7fdf22958c0733037ada642bbdbfe17ae442a0.json,"reproducible source text, historical checkout copy, rendered output, or Python cache"
/tmp/source-catalog-completeness-audit/text/ab4f81d2250de4d77c6fbb8d2c7fdf22958c0733037ada642bbdbfe17ae442a0.txt,"reproducible source text, historical checkout copy, rendered output, or Python cache"
/tmp/source-catalog-completeness-audit/text/abeeb1f83c66fda107c2a3123880df24d2a9e636c8b17bc0f8881f871f431a96.json,"reproducible source text, historical checkout copy, rendered output, or Python cache"
/tmp/source-catalog-completeness-audit/text/abeeb1f83c66fda107c2a3123880df24d2a9e636c8b17bc0f8881f871f431a96.txt,"reproducible source text, historical checkout copy, rendered output, or Python cache"
/tmp/source-catalog-completeness-audit/text/ac113a34392ed290b3a2cac50ebb18fae44bbecf301db0ca1ce253794b969414.json,"reproducible source text, historical checkout copy, rendered output, or Python cache"
/tmp/source-catalog-completeness-audit/text/ac113a34392ed290b3a2cac50ebb18fae44bbecf301db0ca1ce253794b969414.txt,"reproducible source text, historical checkout copy, rendered output, or Python cache"
/tmp/source-catalog-completeness-audit/text/ac376b33b1d9c90d82c2a478f9336eb7b09122a96a4bc90022d3432b0f9ce27b.json,"reproducible source text, historical checkout copy, rendered output, or Python cache"
/tmp/source-catalog-completeness-audit/text/ac376b33b1d9c90d82c2a478f9336eb7b09122a96a4bc90022d3432b0f9ce27b.txt,"reproducible source text, historical checkout copy, rendered output, or Python cache"
/tmp/source-catalog-completeness-audit/text/ac91470a3859045cd1ab64300bca5ba34531f73faed7965f00797bb89de6f419.json,"reproducible source text, historical checkout copy, rendered output, or Python cache"
/tmp/source-catalog-completeness-audit/text/ac91470a3859045cd1ab64300bca5ba34531f73faed7965f00797bb89de6f419.txt,"reproducible source text, historical checkout copy, rendered output, or Python cache"
/tmp/source-catalog-completeness-audit/text/afcfd9bbc76e5fca4e2c1f70e007ff9062ff9b94d6a7917bb9e147046692c5f4.json,"reproducible source text, historical checkout copy, rendered output, or Python cache"
/tmp/source-catalog-completeness-audit/text/afcfd9bbc76e5fca4e2c1f70e007ff9062ff9b94d6a7917bb9e147046692c5f4.txt,"reproducible source text, historical checkout copy, rendered output, or Python cache"
/tmp/source-catalog-completeness-audit/text/afd36a47bff2b97d675b404bfe20c8cf549f68af8a19c3521c32c8cb23a7b800.json,"reproducible source text, historical checkout copy, rendered output, or Python cache"
/tmp/source-catalog-completeness-audit/text/afd36a47bff2b97d675b404bfe20c8cf549f68af8a19c3521c32c8cb23a7b800.txt,"reproducible source text, historical checkout copy, rendered output, or Python cache"
/tmp/source-catalog-completeness-audit/text/afe01cef6bc2af99ebaaa9acc81442324b22e6af75a21187e39457f1e2107f16.json,"reproducible source text, historical checkout copy, rendered output, or Python cache"
/tmp/source-catalog-completeness-audit/text/afe01cef6bc2af99ebaaa9acc81442324b22e6af75a21187e39457f1e2107f16.txt,"reproducible source text, historical checkout copy, rendered output, or Python cache"
/tmp/source-catalog-completeness-audit/text/b236f856380b8010c7439765ea72a88d076e5d387d4653a7f033980892732591.json,"reproducible source text, historical checkout copy, rendered output, or Python cache"
/tmp/source-catalog-completeness-audit/text/b236f856380b8010c7439765ea72a88d076e5d387d4653a7f033980892732591.txt,"reproducible source text, historical checkout copy, rendered output, or Python cache"
/tmp/source-catalog-completeness-audit/text/b354221fc37cf96e5b9725e19d29dd77073b15543099135642603463df403a54.json,"reproducible source text, historical checkout copy, rendered output, or Python cache"
/tmp/source-catalog-completeness-audit/text/b354221fc37cf96e5b9725e19d29dd77073b15543099135642603463df403a54.txt,"reproducible source text, historical checkout copy, rendered output, or Python cache"
/tmp/source-catalog-completeness-audit/text/b4f3e8ed47940f63368f6f084e3dd213569c11dfba016a0bf72eeb48b0cc2c77.json,"reproducible source text, historical checkout copy, rendered output, or Python cache"
/tmp/source-catalog-completeness-audit/text/b4f3e8ed47940f63368f6f084e3dd213569c11dfba016a0bf72eeb48b0cc2c77.txt,"reproducible source text, historical checkout copy, rendered output, or Python cache"
/tmp/source-catalog-completeness-audit/text/b5c65e0c4e4de119c296034507cc468778531541df21af712dcad08b19e1ba67.json,"reproducible source text, historical checkout copy, rendered output, or Python cache"
/tmp/source-catalog-completeness-audit/text/b5c65e0c4e4de119c296034507cc468778531541df21af712dcad08b19e1ba67.txt,"reproducible source text, historical checkout copy, rendered output, or Python cache"
/tmp/source-catalog-completeness-audit/text/b718593b3c52ac1d6561c736e48984c278a88484456c8b9d07604329c0d1926b.json,"reproducible source text, historical checkout copy, rendered output, or Python cache"
/tmp/source-catalog-completeness-audit/text/b718593b3c52ac1d6561c736e48984c278a88484456c8b9d07604329c0d1926b.txt,"reproducible source text, historical checkout copy, rendered output, or Python cache"
/tmp/source-catalog-completeness-audit/text/b74e00edd2b18560d77a4ec9ef089a393ced723b5ec619186fb0678e96fde046.json,"reproducible source text, historical checkout copy, rendered output, or Python cache"
/tmp/source-catalog-completeness-audit/text/b74e00edd2b18560d77a4ec9ef089a393ced723b5ec619186fb0678e96fde046.txt,"reproducible source text, historical checkout copy, rendered output, or Python cache"
/tmp/source-catalog-completeness-audit/text/b7d77964328489ec76b1512fbe5ac59302ac75514e0fb71ce36040299850c4f2.json,"reproducible source text, historical checkout copy, rendered output, or Python cache"
/tmp/source-catalog-completeness-audit/text/b7d77964328489ec76b1512fbe5ac59302ac75514e0fb71ce36040299850c4f2.txt,"reproducible source text, historical checkout copy, rendered output, or Python cache"
/tmp/source-catalog-completeness-audit/text/b858b6444a8dce7b9a6cf184b5e69ebe85eea2a1a1471f39712807a06986dc9a.json,"reproducible source text, historical checkout copy, rendered output, or Python cache"
/tmp/source-catalog-completeness-audit/text/b858b6444a8dce7b9a6cf184b5e69ebe85eea2a1a1471f39712807a06986dc9a.txt,"reproducible source text, historical checkout copy, rendered output, or Python cache"
/tmp/source-catalog-completeness-audit/text/b8d0244084b7ffa5f35c4c4fd131b54497e247683da82ee5afc8668fd67a1320.json,"reproducible source text, historical checkout copy, rendered output, or Python cache"
/tmp/source-catalog-completeness-audit/text/b8d0244084b7ffa5f35c4c4fd131b54497e247683da82ee5afc8668fd67a1320.txt,"reproducible source text, historical checkout copy, rendered output, or Python cache"
/tmp/source-catalog-completeness-audit/text/ba089fbe156e6f025971d3ab7ef6d78d9a6832d4bfac0af6743b1fa5494d47b4.json,"reproducible source text, historical checkout copy, rendered output, or Python cache"
/tmp/source-catalog-completeness-audit/text/ba089fbe156e6f025971d3ab7ef6d78d9a6832d4bfac0af6743b1fa5494d47b4.txt,"reproducible source text, historical checkout copy, rendered output, or Python cache"
/tmp/source-catalog-completeness-audit/text/bb2facd87cd377c994521ecf530ff82e1872ffc058d142f32832e5cd1999e291.json,"reproducible source text, historical checkout copy, rendered output, or Python cache"
/tmp/source-catalog-completeness-audit/text/bb2facd87cd377c994521ecf530ff82e1872ffc058d142f32832e5cd1999e291.txt,"reproducible source text, historical checkout copy, rendered output, or Python cache"
/tmp/source-catalog-completeness-audit/text/bbfd85aaeb572102fb295f99d83d12963d7584266bc027e4ed01eda89211f2b2.json,"reproducible source text, historical checkout copy, rendered output, or Python cache"
/tmp/source-catalog-completeness-audit/text/bbfd85aaeb572102fb295f99d83d12963d7584266bc027e4ed01eda89211f2b2.txt,"reproducible source text, historical checkout copy, rendered output, or Python cache"
/tmp/source-catalog-completeness-audit/text/bc40ee8b4c106cbf8c1ee71598030718ea21c9b5a94c46851fd5b81b5aa8486a.json,"reproducible source text, historical checkout copy, rendered output, or Python cache"
/tmp/source-catalog-completeness-audit/text/bc40ee8b4c106cbf8c1ee71598030718ea21c9b5a94c46851fd5b81b5aa8486a.txt,"reproducible source text, historical checkout copy, rendered output, or Python cache"
/tmp/source-catalog-completeness-audit/text/bcd631394fbfe7d0a6f0de3d7e79dc82aee2f5d5bb16d4a0b7192e177716abe7.json,"reproducible source text, historical checkout copy, rendered output, or Python cache"
/tmp/source-catalog-completeness-audit/text/bcd631394fbfe7d0a6f0de3d7e79dc82aee2f5d5bb16d4a0b7192e177716abe7.txt,"reproducible source text, historical checkout copy, rendered output, or Python cache"
/tmp/source-catalog-completeness-audit/text/c024994aa75d6dd5a6f6fd8349589a19afb3d7e6d69ab133dbb280c57342b3d6.json,"reproducible source text, historical checkout copy, rendered output, or Python cache"
/tmp/source-catalog-completeness-audit/text/c024994aa75d6dd5a6f6fd8349589a19afb3d7e6d69ab133dbb280c57342b3d6.txt,"reproducible source text, historical checkout copy, rendered output, or Python cache"
/tmp/source-catalog-completeness-audit/text/c0e14e39f1c5dce3c6d238e8822eb14267e998ad0e762f08887d05bc3cb9c7a0.json,"reproducible source text, historical checkout copy, rendered output, or Python cache"
/tmp/source-catalog-completeness-audit/text/c0e14e39f1c5dce3c6d238e8822eb14267e998ad0e762f08887d05bc3cb9c7a0.txt,"reproducible source text, historical checkout copy, rendered output, or Python cache"
/tmp/source-catalog-completeness-audit/text/c270ef097d9c8c1fd02ca29fc04c057a6d482abc41e32ef3a60405500d97bcda.json,"reproducible source text, historical checkout copy, rendered output, or Python cache"
/tmp/source-catalog-completeness-audit/text/c270ef097d9c8c1fd02ca29fc04c057a6d482abc41e32ef3a60405500d97bcda.txt,"reproducible source text, historical checkout copy, rendered output, or Python cache"
/tmp/source-catalog-completeness-audit/text/c2f5202eba21c605240cb9831a79be976f958135c066e6023ba9635a4fe33eaf.json,"reproducible source text, historical checkout copy, rendered output, or Python cache"
/tmp/source-catalog-completeness-audit/text/c2f5202eba21c605240cb9831a79be976f958135c066e6023ba9635a4fe33eaf.txt,"reproducible source text, historical checkout copy, rendered output, or Python cache"
/tmp/source-catalog-completeness-audit/text/c3bbd8d33e4b88d291e1433ed1699343bf56d880895ada7d7d1cfd4cbc90aa39.json,"reproducible source text, historical checkout copy, rendered output, or Python cache"
/tmp/source-catalog-completeness-audit/text/c3bbd8d33e4b88d291e1433ed1699343bf56d880895ada7d7d1cfd4cbc90aa39.txt,"reproducible source text, historical checkout copy, rendered output, or Python cache"
/tmp/source-catalog-completeness-audit/text/c408c2633b793713aeedd4c592fd6ccd97c5e6457b257592789a2aae4f0028a7.json,"reproducible source text, historical checkout copy, rendered output, or Python cache"
/tmp/source-catalog-completeness-audit/text/c408c2633b793713aeedd4c592fd6ccd97c5e6457b257592789a2aae4f0028a7.txt,"reproducible source text, historical checkout copy, rendered output, or Python cache"
/tmp/source-catalog-completeness-audit/text/c4794af12026c190fc72e8213cea620080a9ea50370a26e068e1df8fc8481261.json,"reproducible source text, historical checkout copy, rendered output, or Python cache"
/tmp/source-catalog-completeness-audit/text/c4794af12026c190fc72e8213cea620080a9ea50370a26e068e1df8fc8481261.txt,"reproducible source text, historical checkout copy, rendered output, or Python cache"
/tmp/source-catalog-completeness-audit/text/c4a722384e402e7581f9a2b718b0fbe90b622912261b41279e1904a9d960f50d.json,"reproducible source text, historical checkout copy, rendered output, or Python cache"
/tmp/source-catalog-completeness-audit/text/c4a722384e402e7581f9a2b718b0fbe90b622912261b41279e1904a9d960f50d.txt,"reproducible source text, historical checkout copy, rendered output, or Python cache"
/tmp/source-catalog-completeness-audit/text/c512ffc7dbcfc60737f018aae0d47e2883a300ede36f65ab51d8e50133a7189d.json,"reproducible source text, historical checkout copy, rendered output, or Python cache"
/tmp/source-catalog-completeness-audit/text/c512ffc7dbcfc60737f018aae0d47e2883a300ede36f65ab51d8e50133a7189d.txt,"reproducible source text, historical checkout copy, rendered output, or Python cache"
/tmp/source-catalog-completeness-audit/text/c61cbb28ca62e2e7840b1513e6d38f2ea85116a27bbc9e5942d29062684ecadb.json,"reproducible source text, historical checkout copy, rendered output, or Python cache"
/tmp/source-catalog-completeness-audit/text/c61cbb28ca62e2e7840b1513e6d38f2ea85116a27bbc9e5942d29062684ecadb.txt,"reproducible source text, historical checkout copy, rendered output, or Python cache"
/tmp/source-catalog-completeness-audit/text/c68e0697e9408b220fc115200fa15f674aac238dcf8f4b8c627c3a8c48bcbc52.json,"reproducible source text, historical checkout copy, rendered output, or Python cache"
/tmp/source-catalog-completeness-audit/text/c68e0697e9408b220fc115200fa15f674aac238dcf8f4b8c627c3a8c48bcbc52.txt,"reproducible source text, historical checkout copy, rendered output, or Python cache"
/tmp/source-catalog-completeness-audit/text/c7514c58cf572dc52fc8251a7d5caec64d53c8b670ea3e24c517eff5e040c74d.json,"reproducible source text, historical checkout copy, rendered output, or Python cache"
/tmp/source-catalog-completeness-audit/text/c7514c58cf572dc52fc8251a7d5caec64d53c8b670ea3e24c517eff5e040c74d.txt,"reproducible source text, historical checkout copy, rendered output, or Python cache"
/tmp/source-catalog-completeness-audit/text/c75dcb29b61d990dd95869e884fb64f59dd839717f9cb88fa9d85f0618d000df.json,"reproducible source text, historical checkout copy, rendered output, or Python cache"
/tmp/source-catalog-completeness-audit/text/c75dcb29b61d990dd95869e884fb64f59dd839717f9cb88fa9d85f0618d000df.txt,"reproducible source text, historical checkout copy, rendered output, or Python cache"
/tmp/source-catalog-completeness-audit/text/c7ac2474edc27f8aed66e00296c5c2c037b728eb89ca9e2cd147558d2d42e7f4.json,"reproducible source text, historical checkout copy, rendered output, or Python cache"
/tmp/source-catalog-completeness-audit/text/c7ac2474edc27f8aed66e00296c5c2c037b728eb89ca9e2cd147558d2d42e7f4.txt,"reproducible source text, historical checkout copy, rendered output, or Python cache"
/tmp/source-catalog-completeness-audit/text/c87918d37d27b8ac4eb191d8cd445bbd992e212a804eadb1e719720030080908.json,"reproducible source text, historical checkout copy, rendered output, or Python cache"
/tmp/source-catalog-completeness-audit/text/c87918d37d27b8ac4eb191d8cd445bbd992e212a804eadb1e719720030080908.txt,"reproducible source text, historical checkout copy, rendered output, or Python cache"
/tmp/source-catalog-completeness-audit/text/c957957adc960efefaf50717d1e85bd186297fad9e5cf21d014f08f330752233.json,"reproducible source text, historical checkout copy, rendered output, or Python cache"
/tmp/source-catalog-completeness-audit/text/c957957adc960efefaf50717d1e85bd186297fad9e5cf21d014f08f330752233.txt,"reproducible source text, historical checkout copy, rendered output, or Python cache"
/tmp/source-catalog-completeness-audit/text/ca50c2bcf74bed138add832ec6f1605f13e29d3416721dbe57f0696145e50cd6.json,"reproducible source text, historical checkout copy, rendered output, or Python cache"
/tmp/source-catalog-completeness-audit/text/ca50c2bcf74bed138add832ec6f1605f13e29d3416721dbe57f0696145e50cd6.txt,"reproducible source text, historical checkout copy, rendered output, or Python cache"
/tmp/source-catalog-completeness-audit/text/cc9af96bd2f91dffe76dced3d58481007d3036ba452e695f4f2b4a9489e01781.json,"reproducible source text, historical checkout copy, rendered output, or Python cache"
/tmp/source-catalog-completeness-audit/text/cc9af96bd2f91dffe76dced3d58481007d3036ba452e695f4f2b4a9489e01781.txt,"reproducible source text, historical checkout copy, rendered output, or Python cache"
/tmp/source-catalog-completeness-audit/text/cd521eb44c91f9ab6a0fd9c06513b1e1e076355efdb2fe130ed222c80c25edea.json,"reproducible source text, historical checkout copy, rendered output, or Python cache"
/tmp/source-catalog-completeness-audit/text/cd521eb44c91f9ab6a0fd9c06513b1e1e076355efdb2fe130ed222c80c25edea.txt,"reproducible source text, historical checkout copy, rendered output, or Python cache"
/tmp/source-catalog-completeness-audit/text/cda0a2906cc488cd3f51d553fb55a7b553be025759e43cf5f64009b24ca114f5.json,"reproducible source text, historical checkout copy, rendered output, or Python cache"
/tmp/source-catalog-completeness-audit/text/cda0a2906cc488cd3f51d553fb55a7b553be025759e43cf5f64009b24ca114f5.txt,"reproducible source text, historical checkout copy, rendered output, or Python cache"
/tmp/source-catalog-completeness-audit/text/cee5c11ca4b7063a07afb384fe62b3bd05a177505c003b27ca5aa0e2bc19ff27.json,"reproducible source text, historical checkout copy, rendered output, or Python cache"
/tmp/source-catalog-completeness-audit/text/cee5c11ca4b7063a07afb384fe62b3bd05a177505c003b27ca5aa0e2bc19ff27.txt,"reproducible source text, historical checkout copy, rendered output, or Python cache"
/tmp/source-catalog-completeness-audit/text/cf8c3f94fa4828710b7fe584bcf19aba6b963c07449052193c03dcb9d47a5aa8.json,"reproducible source text, historical checkout copy, rendered output, or Python cache"
/tmp/source-catalog-completeness-audit/text/cf8c3f94fa4828710b7fe584bcf19aba6b963c07449052193c03dcb9d47a5aa8.txt,"reproducible source text, historical checkout copy, rendered output, or Python cache"
/tmp/source-catalog-completeness-audit/text/cfb814acf0536c5f1b2e8469d0c50f978623c0370959123446dc00f3aebcab35.json,"reproducible source text, historical checkout copy, rendered output, or Python cache"
/tmp/source-catalog-completeness-audit/text/cfb814acf0536c5f1b2e8469d0c50f978623c0370959123446dc00f3aebcab35.txt,"reproducible source text, historical checkout copy, rendered output, or Python cache"
/tmp/source-catalog-completeness-audit/text/d051745eb18921707f85bf42c130b780af4c65a0427207390bff6eea17257547.json,"reproducible source text, historical checkout copy, rendered output, or Python cache"
/tmp/source-catalog-completeness-audit/text/d051745eb18921707f85bf42c130b780af4c65a0427207390bff6eea17257547.txt,"reproducible source text, historical checkout copy, rendered output, or Python cache"
/tmp/source-catalog-completeness-audit/text/d091693e25ee16bec7696b19829d6f70ee6fdbdb0503a23e2e17b00d4d53ee0f.json,"reproducible source text, historical checkout copy, rendered output, or Python cache"
/tmp/source-catalog-completeness-audit/text/d091693e25ee16bec7696b19829d6f70ee6fdbdb0503a23e2e17b00d4d53ee0f.txt,"reproducible source text, historical checkout copy, rendered output, or Python cache"
/tmp/source-catalog-completeness-audit/text/d1df53466581b99a17579ccb9b24dd92b22aa7c5ec905f8b827b21c4590548f4.json,"reproducible source text, historical checkout copy, rendered output, or Python cache"
/tmp/source-catalog-completeness-audit/text/d1df53466581b99a17579ccb9b24dd92b22aa7c5ec905f8b827b21c4590548f4.txt,"reproducible source text, historical checkout copy, rendered output, or Python cache"
/tmp/source-catalog-completeness-audit/text/d2372736a4d99d4c434ac87ea068c5051908742ae03e454220b6b1cc1d436c75.json,"reproducible source text, historical checkout copy, rendered output, or Python cache"
/tmp/source-catalog-completeness-audit/text/d2372736a4d99d4c434ac87ea068c5051908742ae03e454220b6b1cc1d436c75.txt,"reproducible source text, historical checkout copy, rendered output, or Python cache"
/tmp/source-catalog-completeness-audit/text/d237795bdfd0223a9e078bf308d86fdc2f46de953784aea06264ff8024e44edc.json,"reproducible source text, historical checkout copy, rendered output, or Python cache"
/tmp/source-catalog-completeness-audit/text/d237795bdfd0223a9e078bf308d86fdc2f46de953784aea06264ff8024e44edc.txt,"reproducible source text, historical checkout copy, rendered output, or Python cache"
/tmp/source-catalog-completeness-audit/text/d23f9b93a43d7a346ac5452d1bb9b9e679ac62ce6c8c9ae2b3de5ec188a5362e.json,"reproducible source text, historical checkout copy, rendered output, or Python cache"
/tmp/source-catalog-completeness-audit/text/d23f9b93a43d7a346ac5452d1bb9b9e679ac62ce6c8c9ae2b3de5ec188a5362e.txt,"reproducible source text, historical checkout copy, rendered output, or Python cache"
/tmp/source-catalog-completeness-audit/text/d3b347f12c14756916de04c0a5a595d34bf8c082ff8d59dc1e2f02d07cfa8f52.json,"reproducible source text, historical checkout copy, rendered output, or Python cache"
/tmp/source-catalog-completeness-audit/text/d3b347f12c14756916de04c0a5a595d34bf8c082ff8d59dc1e2f02d07cfa8f52.txt,"reproducible source text, historical checkout copy, rendered output, or Python cache"
/tmp/source-catalog-completeness-audit/text/d44b4ef668a51db2e2d0c72714737dee59cb74d10fad13b65e3cde5695e5e414.json,"reproducible source text, historical checkout copy, rendered output, or Python cache"
/tmp/source-catalog-completeness-audit/text/d44b4ef668a51db2e2d0c72714737dee59cb74d10fad13b65e3cde5695e5e414.txt,"reproducible source text, historical checkout copy, rendered output, or Python cache"
/tmp/source-catalog-completeness-audit/text/d4690f9a8159337ff9e36aa33eb5436426e4dc2afb54b2a865bfe2c9ab5eb655.json,"reproducible source text, historical checkout copy, rendered output, or Python cache"
/tmp/source-catalog-completeness-audit/text/d4690f9a8159337ff9e36aa33eb5436426e4dc2afb54b2a865bfe2c9ab5eb655.txt,"reproducible source text, historical checkout copy, rendered output, or Python cache"
/tmp/source-catalog-completeness-audit/text/d4ee41278c962160aa0a03b1e2f5fc6d77c039fb9af1a5108252e4b989034f70.json,"reproducible source text, historical checkout copy, rendered output, or Python cache"
/tmp/source-catalog-completeness-audit/text/d4ee41278c962160aa0a03b1e2f5fc6d77c039fb9af1a5108252e4b989034f70.txt,"reproducible source text, historical checkout copy, rendered output, or Python cache"
/tmp/source-catalog-completeness-audit/text/d5fae0029c457c6a094f9a8aa820323e7c88b3b0340ae960bbbb5dc5eda2cf10.json,"reproducible source text, historical checkout copy, rendered output, or Python cache"
/tmp/source-catalog-completeness-audit/text/d5fae0029c457c6a094f9a8aa820323e7c88b3b0340ae960bbbb5dc5eda2cf10.txt,"reproducible source text, historical checkout copy, rendered output, or Python cache"
/tmp/source-catalog-completeness-audit/text/d69c9ec3fc2edfd71c625dfcf9d19dc801dadfb3f627bc0105a78891a3eacd61.json,"reproducible source text, historical checkout copy, rendered output, or Python cache"
/tmp/source-catalog-completeness-audit/text/d69c9ec3fc2edfd71c625dfcf9d19dc801dadfb3f627bc0105a78891a3eacd61.txt,"reproducible source text, historical checkout copy, rendered output, or Python cache"
/tmp/source-catalog-completeness-audit/text/d746d335f8e71187716a873d4b90b28b0944c44a4bcc94fbb81b45b75f122674.json,"reproducible source text, historical checkout copy, rendered output, or Python cache"
/tmp/source-catalog-completeness-audit/text/d746d335f8e71187716a873d4b90b28b0944c44a4bcc94fbb81b45b75f122674.txt,"reproducible source text, historical checkout copy, rendered output, or Python cache"
/tmp/source-catalog-completeness-audit/text/d79e9af50bf6ba36b8c0b9093fbca2bd7f43b55b86b3b42b0db45581f3122cd5.json,"reproducible source text, historical checkout copy, rendered output, or Python cache"
/tmp/source-catalog-completeness-audit/text/d79e9af50bf6ba36b8c0b9093fbca2bd7f43b55b86b3b42b0db45581f3122cd5.txt,"reproducible source text, historical checkout copy, rendered output, or Python cache"
/tmp/source-catalog-completeness-audit/text/d79f80e2f81dfe7590adeee132c3f5b2a0a75848078d93b5e9563aded7d0ba96.json,"reproducible source text, historical checkout copy, rendered output, or Python cache"
/tmp/source-catalog-completeness-audit/text/d79f80e2f81dfe7590adeee132c3f5b2a0a75848078d93b5e9563aded7d0ba96.txt,"reproducible source text, historical checkout copy, rendered output, or Python cache"
/tmp/source-catalog-completeness-audit/text/d7b63067996798fc5a839b56ac4af10fbd47bb027d74a21bcf0f6282efeb3243.json,"reproducible source text, historical checkout copy, rendered output, or Python cache"
/tmp/source-catalog-completeness-audit/text/d7b63067996798fc5a839b56ac4af10fbd47bb027d74a21bcf0f6282efeb3243.txt,"reproducible source text, historical checkout copy, rendered output, or Python cache"
/tmp/source-catalog-completeness-audit/text/d7d2763819d9d3b8718231813f38fc0e1d86e0d2ccd7fdda4e06d06c84451dae.json,"reproducible source text, historical checkout copy, rendered output, or Python cache"
/tmp/source-catalog-completeness-audit/text/d7d2763819d9d3b8718231813f38fc0e1d86e0d2ccd7fdda4e06d06c84451dae.txt,"reproducible source text, historical checkout copy, rendered output, or Python cache"
/tmp/source-catalog-completeness-audit/text/da9510875b61f4807f6621acf99c7db53468297ef0a46c4e265d9a9db0d9cca3.json,"reproducible source text, historical checkout copy, rendered output, or Python cache"
/tmp/source-catalog-completeness-audit/text/da9510875b61f4807f6621acf99c7db53468297ef0a46c4e265d9a9db0d9cca3.txt,"reproducible source text, historical checkout copy, rendered output, or Python cache"
/tmp/source-catalog-completeness-audit/text/db2694e50365bdd535631ca422bb0025d15b5456b1805ed3781d3a3302bfafe4.json,"reproducible source text, historical checkout copy, rendered output, or Python cache"
/tmp/source-catalog-completeness-audit/text/db2694e50365bdd535631ca422bb0025d15b5456b1805ed3781d3a3302bfafe4.txt,"reproducible source text, historical checkout copy, rendered output, or Python cache"
/tmp/source-catalog-completeness-audit/text/dc1232e8506616af03a937c97a381ccc962eccca61bbd9544bf55b86b8effb39.json,"reproducible source text, historical checkout copy, rendered output, or Python cache"
/tmp/source-catalog-completeness-audit/text/dc1232e8506616af03a937c97a381ccc962eccca61bbd9544bf55b86b8effb39.txt,"reproducible source text, historical checkout copy, rendered output, or Python cache"
/tmp/source-catalog-completeness-audit/text/dcf6dfd6c62112d634019ce0cd12793dc8009fba7fda527359da2a7828a37a82.json,"reproducible source text, historical checkout copy, rendered output, or Python cache"
/tmp/source-catalog-completeness-audit/text/dcf6dfd6c62112d634019ce0cd12793dc8009fba7fda527359da2a7828a37a82.txt,"reproducible source text, historical checkout copy, rendered output, or Python cache"
/tmp/source-catalog-completeness-audit/text/df7af2a169d293e22df138e6561c4c34da854d4923596a828e14bcea7f28cf20.json,"reproducible source text, historical checkout copy, rendered output, or Python cache"
/tmp/source-catalog-completeness-audit/text/df7af2a169d293e22df138e6561c4c34da854d4923596a828e14bcea7f28cf20.txt,"reproducible source text, historical checkout copy, rendered output, or Python cache"
/tmp/source-catalog-completeness-audit/text/e046a62bec7a85adccd901d51b391e653cdb2e86bc6891b186694adba4bcf726.json,"reproducible source text, historical checkout copy, rendered output, or Python cache"
/tmp/source-catalog-completeness-audit/text/e046a62bec7a85adccd901d51b391e653cdb2e86bc6891b186694adba4bcf726.txt,"reproducible source text, historical checkout copy, rendered output, or Python cache"
/tmp/source-catalog-completeness-audit/text/e1b9519db2e19bed4732100d8d3f8048d898a28ceb3e1132e490d3dde340a0bc.json,"reproducible source text, historical checkout copy, rendered output, or Python cache"
/tmp/source-catalog-completeness-audit/text/e1b9519db2e19bed4732100d8d3f8048d898a28ceb3e1132e490d3dde340a0bc.txt,"reproducible source text, historical checkout copy, rendered output, or Python cache"
/tmp/source-catalog-completeness-audit/text/e945049a6b9fba643d9804279690fc8e1dfbb1cd4a419a81503e58fd5b959baa.json,"reproducible source text, historical checkout copy, rendered output, or Python cache"
/tmp/source-catalog-completeness-audit/text/e945049a6b9fba643d9804279690fc8e1dfbb1cd4a419a81503e58fd5b959baa.txt,"reproducible source text, historical checkout copy, rendered output, or Python cache"
/tmp/source-catalog-completeness-audit/text/eb31b56bb352906888cace2eb516b4dc336da06f3d3f8414fe4f47b10f4301b1.json,"reproducible source text, historical checkout copy, rendered output, or Python cache"
/tmp/source-catalog-completeness-audit/text/eb31b56bb352906888cace2eb516b4dc336da06f3d3f8414fe4f47b10f4301b1.txt,"reproducible source text, historical checkout copy, rendered output, or Python cache"
/tmp/source-catalog-completeness-audit/text/eb47ef1e8c57e579891464eb8a264047ddcefcbc4b2113c0c4585700fb43c221.json,"reproducible source text, historical checkout copy, rendered output, or Python cache"
/tmp/source-catalog-completeness-audit/text/eb47ef1e8c57e579891464eb8a264047ddcefcbc4b2113c0c4585700fb43c221.txt,"reproducible source text, historical checkout copy, rendered output, or Python cache"
/tmp/source-catalog-completeness-audit/text/ec3a019f57f6a8c424aa60611ddecbe4027f4768071668fc816cca1f64a07790.json,"reproducible source text, historical checkout copy, rendered output, or Python cache"
/tmp/source-catalog-completeness-audit/text/ec3a019f57f6a8c424aa60611ddecbe4027f4768071668fc816cca1f64a07790.txt,"reproducible source text, historical checkout copy, rendered output, or Python cache"
/tmp/source-catalog-completeness-audit/text/ec5d7fd0a585c1b1a0ee23cad31fc135ebcf35d1f67c5f559e15e378aa171743.json,"reproducible source text, historical checkout copy, rendered output, or Python cache"
/tmp/source-catalog-completeness-audit/text/ec5d7fd0a585c1b1a0ee23cad31fc135ebcf35d1f67c5f559e15e378aa171743.txt,"reproducible source text, historical checkout copy, rendered output, or Python cache"
/tmp/source-catalog-completeness-audit/text/eca5cd4c869448d7387b61ba95f87d9758f8e82869a4641788da415a1b82a1a1.json,"reproducible source text, historical checkout copy, rendered output, or Python cache"
/tmp/source-catalog-completeness-audit/text/eca5cd4c869448d7387b61ba95f87d9758f8e82869a4641788da415a1b82a1a1.txt,"reproducible source text, historical checkout copy, rendered output, or Python cache"
/tmp/source-catalog-completeness-audit/text/eda4c8f477db870f4a15b7c7342eb4b39d252b169ae285ae437b71a88da43390.json,"reproducible source text, historical checkout copy, rendered output, or Python cache"
/tmp/source-catalog-completeness-audit/text/eda4c8f477db870f4a15b7c7342eb4b39d252b169ae285ae437b71a88da43390.txt,"reproducible source text, historical checkout copy, rendered output, or Python cache"
/tmp/source-catalog-completeness-audit/text/eddc6ba67d46495fce5925679fc75a92bfdb3af7aa4f7ed5ebb0d0592032fced.json,"reproducible source text, historical checkout copy, rendered output, or Python cache"
/tmp/source-catalog-completeness-audit/text/eddc6ba67d46495fce5925679fc75a92bfdb3af7aa4f7ed5ebb0d0592032fced.txt,"reproducible source text, historical checkout copy, rendered output, or Python cache"
/tmp/source-catalog-completeness-audit/text/eed2f92e81d1ff4c2558dbbd957435cd17439dd8f143b2798306b40c1f1c73e8.json,"reproducible source text, historical checkout copy, rendered output, or Python cache"
/tmp/source-catalog-completeness-audit/text/eed2f92e81d1ff4c2558dbbd957435cd17439dd8f143b2798306b40c1f1c73e8.txt,"reproducible source text, historical checkout copy, rendered output, or Python cache"
/tmp/source-catalog-completeness-audit/text/eedf3286cee2c73f0cb6a5f0eaadd9233b527625c1e2d2a763aa2d11b35d20e7.json,"reproducible source text, historical checkout copy, rendered output, or Python cache"
/tmp/source-catalog-completeness-audit/text/eedf3286cee2c73f0cb6a5f0eaadd9233b527625c1e2d2a763aa2d11b35d20e7.txt,"reproducible source text, historical checkout copy, rendered output, or Python cache"
/tmp/source-catalog-completeness-audit/text/eef499eb1f5d9c26fae8928ca6e8ea240a80dda3d64a774d13b7d78946ff1606.json,"reproducible source text, historical checkout copy, rendered output, or Python cache"
/tmp/source-catalog-completeness-audit/text/eef499eb1f5d9c26fae8928ca6e8ea240a80dda3d64a774d13b7d78946ff1606.txt,"reproducible source text, historical checkout copy, rendered output, or Python cache"
/tmp/source-catalog-completeness-audit/text/ef35e81a0c38a0d9ad824bf3bcc54422a29dabdef614a1eea550f9480d3d5d79.json,"reproducible source text, historical checkout copy, rendered output, or Python cache"
/tmp/source-catalog-completeness-audit/text/ef35e81a0c38a0d9ad824bf3bcc54422a29dabdef614a1eea550f9480d3d5d79.txt,"reproducible source text, historical checkout copy, rendered output, or Python cache"
/tmp/source-catalog-completeness-audit/text/efff0f6c28d758d9e8d707ce698394d8173c5892541aaa0f26ff2a9f4a03742e.json,"reproducible source text, historical checkout copy, rendered output, or Python cache"
/tmp/source-catalog-completeness-audit/text/efff0f6c28d758d9e8d707ce698394d8173c5892541aaa0f26ff2a9f4a03742e.txt,"reproducible source text, historical checkout copy, rendered output, or Python cache"
/tmp/source-catalog-completeness-audit/text/f02f83205dd20bd896c21266fa6b8b2782644fd70f2780032f91ffa0081ef6d3.json,"reproducible source text, historical checkout copy, rendered output, or Python cache"
/tmp/source-catalog-completeness-audit/text/f02f83205dd20bd896c21266fa6b8b2782644fd70f2780032f91ffa0081ef6d3.txt,"reproducible source text, historical checkout copy, rendered output, or Python cache"
/tmp/source-catalog-completeness-audit/text/f389d97d9b9ddd9b05ba6273128eef5b36be9fa741af822fc4d2293d636b3be6.json,"reproducible source text, historical checkout copy, rendered output, or Python cache"
/tmp/source-catalog-completeness-audit/text/f389d97d9b9ddd9b05ba6273128eef5b36be9fa741af822fc4d2293d636b3be6.txt,"reproducible source text, historical checkout copy, rendered output, or Python cache"
/tmp/source-catalog-completeness-audit/text/f4267143ea6f0643341503cf60ce50ce7036cf83af21b3ec29f514d1a7738972.json,"reproducible source text, historical checkout copy, rendered output, or Python cache"
/tmp/source-catalog-completeness-audit/text/f4267143ea6f0643341503cf60ce50ce7036cf83af21b3ec29f514d1a7738972.txt,"reproducible source text, historical checkout copy, rendered output, or Python cache"
/tmp/source-catalog-completeness-audit/text/f6045f81b02e7f7623eae4a5e79cf8fc975e9b6220153335040b803ad9202f7f.json,"reproducible source text, historical checkout copy, rendered output, or Python cache"
/tmp/source-catalog-completeness-audit/text/f6045f81b02e7f7623eae4a5e79cf8fc975e9b6220153335040b803ad9202f7f.txt,"reproducible source text, historical checkout copy, rendered output, or Python cache"
/tmp/source-catalog-completeness-audit/text/f9bc6e31f84bfe1660b0014798ce144fa6fc5ee7f34ccbe14acf28feab883d4f.json,"reproducible source text, historical checkout copy, rendered output, or Python cache"
/tmp/source-catalog-completeness-audit/text/f9bc6e31f84bfe1660b0014798ce144fa6fc5ee7f34ccbe14acf28feab883d4f.txt,"reproducible source text, historical checkout copy, rendered output, or Python cache"
/tmp/source-catalog-completeness-audit/text/fa207fd6d1d8a4f02b6245362bd932bbe70408202d486afa25fd3d9edae1726c.json,"reproducible source text, historical checkout copy, rendered output, or Python cache"
/tmp/source-catalog-completeness-audit/text/fa207fd6d1d8a4f02b6245362bd932bbe70408202d486afa25fd3d9edae1726c.txt,"reproducible source text, historical checkout copy, rendered output, or Python cache"
/tmp/source-catalog-completeness-audit/text/fa7297b2b37cab3f8e8d51151643bcd4293fc7fbb0a33f77de86108af16bf9dc.json,"reproducible source text, historical checkout copy, rendered output, or Python cache"
/tmp/source-catalog-completeness-audit/text/fa7297b2b37cab3f8e8d51151643bcd4293fc7fbb0a33f77de86108af16bf9dc.txt,"reproducible source text, historical checkout copy, rendered output, or Python cache"
/tmp/source-catalog-completeness-audit/text/fae736d8fb37b41b2c9e09f9c0de99760691023a3bd8c4d5d6ee520957e883c8.json,"reproducible source text, historical checkout copy, rendered output, or Python cache"
/tmp/source-catalog-completeness-audit/text/fae736d8fb37b41b2c9e09f9c0de99760691023a3bd8c4d5d6ee520957e883c8.txt,"reproducible source text, historical checkout copy, rendered output, or Python cache"
/tmp/source-catalog-completeness-audit/text/fb61c6696cbf3a12067cef1b71f73b6562c37495151268fe769d4520b7ac4194.json,"reproducible source text, historical checkout copy, rendered output, or Python cache"
/tmp/source-catalog-completeness-audit/text/fb61c6696cbf3a12067cef1b71f73b6562c37495151268fe769d4520b7ac4194.txt,"reproducible source text, historical checkout copy, rendered output, or Python cache"
/tmp/source-catalog-completeness-audit/text/fc65e95caadecb0ad10d557b276e8befaf39fe5da9ebb40f70c8d3d87ce2636d.json,"reproducible source text, historical checkout copy, rendered output, or Python cache"
/tmp/source-catalog-completeness-audit/text/fc65e95caadecb0ad10d557b276e8befaf39fe5da9ebb40f70c8d3d87ce2636d.txt,"reproducible source text, historical checkout copy, rendered output, or Python cache"
/tmp/source-catalog-completeness-audit/text/fd3fcb6e6b69803bcf7fdaeec80802fab764f74a0f465e5fd5c063c2eed8db58.json,"reproducible source text, historical checkout copy, rendered output, or Python cache"
/tmp/source-catalog-completeness-audit/text/fd3fcb6e6b69803bcf7fdaeec80802fab764f74a0f465e5fd5c063c2eed8db58.txt,"reproducible source text, historical checkout copy, rendered output, or Python cache"
/tmp/source-catalog-completeness-audit/text/fd832414658149b9816267cd50b01d04a02723022f2d16d05cad763296f11c79.json,"reproducible source text, historical checkout copy, rendered output, or Python cache"
/tmp/source-catalog-completeness-audit/text/fd832414658149b9816267cd50b01d04a02723022f2d16d05cad763296f11c79.txt,"reproducible source text, historical checkout copy, rendered output, or Python cache"
/tmp/source-catalog-completeness-audit/text/fe5e9775c7fab9c8e05a3c7448b3f6b8106839964f169fa76bf910d21a60ed26.json,"reproducible source text, historical checkout copy, rendered output, or Python cache"
/tmp/source-catalog-completeness-audit/text/fe5e9775c7fab9c8e05a3c7448b3f6b8106839964f169fa76bf910d21a60ed26.txt,"reproducible source text, historical checkout copy, rendered output, or Python cache"
/tmp/nito-catalog-remediation-evening/baseline-project-files/boat-pet-catalog.ts,"reproducible source text, historical checkout copy, rendered output, or Python cache"
/tmp/nito-catalog-remediation-evening/baseline-project-files/fremtind-hus-catalog.ts,"reproducible source text, historical checkout copy, rendered output, or Python cache"
/tmp/nito-catalog-remediation-evening/baseline-project-files/frende-catalog.ts,"reproducible source text, historical checkout copy, rendered output, or Python cache"
/tmp/nito-catalog-remediation-evening/baseline-project-files/gjensidige-hus-catalog.ts,"reproducible source text, historical checkout copy, rendered output, or Python cache"
/tmp/nito-catalog-remediation-evening/baseline-project-files/gjensidige-innbo-catalog.ts,"reproducible source text, historical checkout copy, rendered output, or Python cache"
/tmp/nito-catalog-remediation-evening/baseline-project-files/gjensidige-reise-catalog.ts,"reproducible source text, historical checkout copy, rendered output, or Python cache"
/tmp/nito-catalog-remediation-evening/baseline-project-files/if-reise-catalog.ts,"reproducible source text, historical checkout copy, rendered output, or Python cache"
/tmp/nito-catalog-remediation-evening/baseline-project-files/mc-bobil-gjensidige-storebrand-catalog.ts,"reproducible source text, historical checkout copy, rendered output, or Python cache"
/tmp/nito-catalog-remediation-evening/baseline-project-files/storebrand-hus-catalog.ts,"reproducible source text, historical checkout copy, rendered output, or Python cache"
/tmp/nito-catalog-remediation-evening/baseline-project-files/storebrand-innbo-catalog.ts,"reproducible source text, historical checkout copy, rendered output, or Python cache"
/tmp/nito-catalog-remediation-evening/baseline-project-files/tryg-innbo-catalog.ts,"reproducible source text, historical checkout copy, rendered output, or Python cache"
/tmp/insurance-catalog-wave2-completion/baseline-project-files/.gitattributes,"reproducible source text, historical checkout copy, rendered output, or Python cache"
/tmp/insurance-catalog-wave2-completion/baseline-project-files/.gitignore,"reproducible source text, historical checkout copy, rendered output, or Python cache"
/tmp/insurance-catalog-wave2-completion/baseline-project-files/AGENTS.md,"reproducible source text, historical checkout copy, rendered output, or Python cache"
/tmp/insurance-catalog-wave2-completion/baseline-project-files/CLAUDE.md,"reproducible source text, historical checkout copy, rendered output, or Python cache"
/tmp/insurance-catalog-wave2-completion/baseline-project-files/README.md,"reproducible source text, historical checkout copy, rendered output, or Python cache"
/tmp/insurance-catalog-wave2-completion/baseline-project-files/app/api/analysis-trace/route.ts,"reproducible source text, historical checkout copy, rendered output, or Python cache"
/tmp/insurance-catalog-wave2-completion/baseline-project-files/app/api/analyze/route.ts,"reproducible source text, historical checkout copy, rendered output, or Python cache"
/tmp/insurance-catalog-wave2-completion/baseline-project-files/app/api/pilot-access/route.ts,"reproducible source text, historical checkout copy, rendered output, or Python cache"
/tmp/insurance-catalog-wave2-completion/baseline-project-files/app/components/analysis-progress.tsx,"reproducible source text, historical checkout copy, rendered output, or Python cache"
/tmp/insurance-catalog-wave2-completion/baseline-project-files/app/components/portfolio-price.tsx,"reproducible source text, historical checkout copy, rendered output, or Python cache"
/tmp/insurance-catalog-wave2-completion/baseline-project-files/app/components/product-comparison.tsx,"reproducible source text, historical checkout copy, rendered output, or Python cache"
/tmp/insurance-catalog-wave2-completion/baseline-project-files/app/components/vehicle-price.tsx,"reproducible source text, historical checkout copy, rendered output, or Python cache"
/tmp/insurance-catalog-wave2-completion/baseline-project-files/app/favicon.ico,"reproducible source text, historical checkout copy, rendered output, or Python cache"
/tmp/insurance-catalog-wave2-completion/baseline-project-files/app/globals.css,"reproducible source text, historical checkout copy, rendered output, or Python cache"
/tmp/insurance-catalog-wave2-completion/baseline-project-files/app/layout.tsx,"reproducible source text, historical checkout copy, rendered output, or Python cache"
/tmp/insurance-catalog-wave2-completion/baseline-project-files/app/page.tsx,"reproducible source text, historical checkout copy, rendered output, or Python cache"
/tmp/insurance-catalog-wave2-completion/baseline-project-files/app/pilot-access/page.tsx,"reproducible source text, historical checkout copy, rendered output, or Python cache"
/tmp/insurance-catalog-wave2-completion/baseline-project-files/catalog/sources/boat-pet/fremtind-boat-ipid.pdf,"reproducible source text, historical checkout copy, rendered output, or Python cache"
/tmp/insurance-catalog-wave2-completion/baseline-project-files/catalog/sources/boat-pet/fremtind-boat-terms.pdf,"reproducible source text, historical checkout copy, rendered output, or Python cache"
/tmp/insurance-catalog-wave2-completion/baseline-project-files/catalog/sources/boat-pet/fremtind-cat-ipid.pdf,"reproducible source text, historical checkout copy, rendered output, or Python cache"
/tmp/insurance-catalog-wave2-completion/baseline-project-files/catalog/sources/boat-pet/fremtind-cat-life-terms.pdf,"reproducible source text, historical checkout copy, rendered output, or Python cache"
/tmp/insurance-catalog-wave2-completion/baseline-project-files/catalog/sources/boat-pet/fremtind-cat-vet-terms.pdf,"reproducible source text, historical checkout copy, rendered output, or Python cache"
/tmp/insurance-catalog-wave2-completion/baseline-project-files/catalog/sources/boat-pet/fremtind-dog-ipid.pdf,"reproducible source text, historical checkout copy, rendered output, or Python cache"
/tmp/insurance-catalog-wave2-completion/baseline-project-files/catalog/sources/boat-pet/fremtind-dog-life-terms.pdf,"reproducible source text, historical checkout copy, rendered output, or Python cache"
/tmp/insurance-catalog-wave2-completion/baseline-project-files/catalog/sources/boat-pet/fremtind-dog-use-terms.pdf,"reproducible source text, historical checkout copy, rendered output, or Python cache"
/tmp/insurance-catalog-wave2-completion/baseline-project-files/catalog/sources/boat-pet/fremtind-dog-vet-terms.pdf,"reproducible source text, historical checkout copy, rendered output, or Python cache"
/tmp/insurance-catalog-wave2-completion/baseline-project-files/catalog/sources/boat-pet/fremtind-sb1-boat-product.html,"reproducible source text, historical checkout copy, rendered output, or Python cache"
/tmp/insurance-catalog-wave2-completion/baseline-project-files/catalog/sources/boat-pet/fremtind-sb1-cat-product.html,"reproducible source text, historical checkout copy, rendered output, or Python cache"
/tmp/insurance-catalog-wave2-completion/baseline-project-files/catalog/sources/boat-pet/fremtind-sb1-dog-product.html,"reproducible source text, historical checkout copy, rendered output, or Python cache"
/tmp/insurance-catalog-wave2-completion/baseline-project-files/catalog/sources/boat-pet/frende-boat-ipid.pdf,"reproducible source text, historical checkout copy, rendered output, or Python cache"
/tmp/insurance-catalog-wave2-completion/baseline-project-files/catalog/sources/boat-pet/frende-boat-product.html,"reproducible source text, historical checkout copy, rendered output, or Python cache"
/tmp/insurance-catalog-wave2-completion/baseline-project-files/catalog/sources/boat-pet/frende-boat-terms.pdf,"reproducible source text, historical checkout copy, rendered output, or Python cache"
/tmp/insurance-catalog-wave2-completion/baseline-project-files/catalog/sources/boat-pet/frende-cat-ipid.pdf,"reproducible source text, historical checkout copy, rendered output, or Python cache"
/tmp/insurance-catalog-wave2-completion/baseline-project-files/catalog/sources/boat-pet/frende-cat-product.html,"reproducible source text, historical checkout copy, rendered output, or Python cache"
/tmp/insurance-catalog-wave2-completion/baseline-project-files/catalog/sources/boat-pet/frende-cat-terms.pdf,"reproducible source text, historical checkout copy, rendered output, or Python cache"
/tmp/insurance-catalog-wave2-completion/baseline-project-files/catalog/sources/boat-pet/frende-dog-ipid.pdf,"reproducible source text, historical checkout copy, rendered output, or Python cache"
/tmp/insurance-catalog-wave2-completion/baseline-project-files/catalog/sources/boat-pet/frende-dog-product.html,"reproducible source text, historical checkout copy, rendered output, or Python cache"
/tmp/insurance-catalog-wave2-completion/baseline-project-files/catalog/sources/boat-pet/frende-dog-terms.pdf,"reproducible source text, historical checkout copy, rendered output, or Python cache"
/tmp/insurance-catalog-wave2-completion/baseline-project-files/catalog/sources/boat-pet/gjensidige-boat-delkasko-terms.pdf,"reproducible source text, historical checkout copy, rendered output, or Python cache"
/tmp/insurance-catalog-wave2-completion/baseline-project-files/catalog/sources/boat-pet/gjensidige-boat-ipid.pdf,"reproducible source text, historical checkout copy, rendered output, or Python cache"
/tmp/insurance-catalog-wave2-completion/baseline-project-files/catalog/sources/boat-pet/gjensidige-boat-kasko-terms.pdf,"reproducible source text, historical checkout copy, rendered output, or Python cache"
/tmp/insurance-catalog-wave2-completion/baseline-project-files/catalog/sources/boat-pet/gjensidige-boat-plus-terms.pdf,"reproducible source text, historical checkout copy, rendered output, or Python cache"
/tmp/insurance-catalog-wave2-completion/baseline-project-files/catalog/sources/boat-pet/gjensidige-boat-product.html,"reproducible source text, historical checkout copy, rendered output, or Python cache"
/tmp/insurance-catalog-wave2-completion/baseline-project-files/catalog/sources/boat-pet/gjensidige-cat-ipid.pdf,"reproducible source text, historical checkout copy, rendered output, or Python cache"
/tmp/insurance-catalog-wave2-completion/baseline-project-files/catalog/sources/boat-pet/gjensidige-cat-life-use-terms.pdf,"reproducible source text, historical checkout copy, rendered output, or Python cache"
/tmp/insurance-catalog-wave2-completion/baseline-project-files/catalog/sources/boat-pet/gjensidige-cat-product.html,"reproducible source text, historical checkout copy, rendered output, or Python cache"
/tmp/insurance-catalog-wave2-completion/baseline-project-files/catalog/sources/boat-pet/gjensidige-cat-treatment-terms.pdf,"reproducible source text, historical checkout copy, rendered output, or Python cache"
/tmp/insurance-catalog-wave2-completion/baseline-project-files/catalog/sources/boat-pet/gjensidige-dog-ipid.pdf,"reproducible source text, historical checkout copy, rendered output, or Python cache"
/tmp/insurance-catalog-wave2-completion/baseline-project-files/catalog/sources/boat-pet/gjensidige-dog-life-use-terms.pdf,"reproducible source text, historical checkout copy, rendered output, or Python cache"
/tmp/insurance-catalog-wave2-completion/baseline-project-files/catalog/sources/boat-pet/gjensidige-dog-product.html,"reproducible source text, historical checkout copy, rendered output, or Python cache"
/tmp/insurance-catalog-wave2-completion/baseline-project-files/catalog/sources/boat-pet/gjensidige-dog-treatment-terms.pdf,"reproducible source text, historical checkout copy, rendered output, or Python cache"
/tmp/insurance-catalog-wave2-completion/baseline-project-files/catalog/sources/boat-pet/if-boat-ipid.pdf,"reproducible source text, historical checkout copy, rendered output, or Python cache"
/tmp/insurance-catalog-wave2-completion/baseline-project-files/catalog/sources/boat-pet/if-boat-terms.pdf,"reproducible source text, historical checkout copy, rendered output, or Python cache"
/tmp/insurance-catalog-wave2-completion/baseline-project-files/catalog/sources/boat-pet/if-cat-ipid.pdf,"reproducible source text, historical checkout copy, rendered output, or Python cache"
/tmp/insurance-catalog-wave2-completion/baseline-project-files/catalog/sources/boat-pet/if-cat-terms.pdf,"reproducible source text, historical checkout copy, rendered output, or Python cache"
/tmp/insurance-catalog-wave2-completion/baseline-project-files/catalog/sources/boat-pet/if-dog-ipid.pdf,"reproducible source text, historical checkout copy, rendered output, or Python cache"
/tmp/insurance-catalog-wave2-completion/baseline-project-files/catalog/sources/boat-pet/if-dog-terms.pdf,"reproducible source text, historical checkout copy, rendered output, or Python cache"
/tmp/insurance-catalog-wave2-completion/baseline-project-files/catalog/sources/boat-pet/manifest.json,"reproducible source text, historical checkout copy, rendered output, or Python cache"
/tmp/insurance-catalog-wave2-completion/baseline-project-files/catalog/sources/boat-pet/storebrand-boat-ipid.pdf,"reproducible source text, historical checkout copy, rendered output, or Python cache"
/tmp/insurance-catalog-wave2-completion/baseline-project-files/catalog/sources/boat-pet/storebrand-boat-product.html,"reproducible source text, historical checkout copy, rendered output, or Python cache"
/tmp/insurance-catalog-wave2-completion/baseline-project-files/catalog/sources/boat-pet/storebrand-boat-terms.pdf,"reproducible source text, historical checkout copy, rendered output, or Python cache"
/tmp/insurance-catalog-wave2-completion/baseline-project-files/catalog/sources/boat-pet/storebrand-pet-ipid.pdf,"reproducible source text, historical checkout copy, rendered output, or Python cache"
/tmp/insurance-catalog-wave2-completion/baseline-project-files/catalog/sources/boat-pet/storebrand-pet-product.html,"reproducible source text, historical checkout copy, rendered output, or Python cache"
/tmp/insurance-catalog-wave2-completion/baseline-project-files/catalog/sources/boat-pet/storebrand-pet-terms.pdf,"reproducible source text, historical checkout copy, rendered output, or Python cache"
/tmp/insurance-catalog-wave2-completion/baseline-project-files/catalog/sources/boat-pet/tryg-boat-accident-terms.pdf,"reproducible source text, historical checkout copy, rendered output, or Python cache"
/tmp/insurance-catalog-wave2-completion/baseline-project-files/catalog/sources/boat-pet/tryg-boat-extra-terms.pdf,"reproducible source text, historical checkout copy, rendered output, or Python cache"
/tmp/insurance-catalog-wave2-completion/baseline-project-files/catalog/sources/boat-pet/tryg-boat-inboard-terms.pdf,"reproducible source text, historical checkout copy, rendered output, or Python cache"
/tmp/insurance-catalog-wave2-completion/baseline-project-files/catalog/sources/boat-pet/tryg-boat-ipid.pdf,"reproducible source text, historical checkout copy, rendered output, or Python cache"
/tmp/insurance-catalog-wave2-completion/baseline-project-files/catalog/sources/boat-pet/tryg-boat-machinery-terms.pdf,"reproducible source text, historical checkout copy, rendered output, or Python cache"
/tmp/insurance-catalog-wave2-completion/baseline-project-files/catalog/sources/boat-pet/tryg-boat-outboard-terms.pdf,"reproducible source text, historical checkout copy, rendered output, or Python cache"
/tmp/insurance-catalog-wave2-completion/baseline-project-files/catalog/sources/boat-pet/tryg-boat-product.html,"reproducible source text, historical checkout copy, rendered output, or Python cache"
/tmp/insurance-catalog-wave2-completion/baseline-project-files/catalog/sources/boat-pet/tryg-boat-row-terms.pdf,"reproducible source text, historical checkout copy, rendered output, or Python cache"
/tmp/insurance-catalog-wave2-completion/baseline-project-files/catalog/sources/boat-pet/tryg-boat-sail-terms.pdf,"reproducible source text, historical checkout copy, rendered output, or Python cache"
/tmp/insurance-catalog-wave2-completion/baseline-project-files/catalog/sources/boat-pet/tryg-cat-extra-terms.pdf,"reproducible source text, historical checkout copy, rendered output, or Python cache"
/tmp/insurance-catalog-wave2-completion/baseline-project-files/catalog/sources/boat-pet/tryg-cat-life-terms.pdf,"reproducible source text, historical checkout copy, rendered output, or Python cache"
/tmp/insurance-catalog-wave2-completion/baseline-project-files/catalog/sources/boat-pet/tryg-cat-product.html,"reproducible source text, historical checkout copy, rendered output, or Python cache"
/tmp/insurance-catalog-wave2-completion/baseline-project-files/catalog/sources/boat-pet/tryg-cat-treatment-terms.pdf,"reproducible source text, historical checkout copy, rendered output, or Python cache"
/tmp/insurance-catalog-wave2-completion/baseline-project-files/catalog/sources/boat-pet/tryg-dog-extra-terms.pdf,"reproducible source text, historical checkout copy, rendered output, or Python cache"
/tmp/insurance-catalog-wave2-completion/baseline-project-files/catalog/sources/boat-pet/tryg-dog-life-terms.pdf,"reproducible source text, historical checkout copy, rendered output, or Python cache"
/tmp/insurance-catalog-wave2-completion/baseline-project-files/catalog/sources/boat-pet/tryg-dog-product-terms.pdf,"reproducible source text, historical checkout copy, rendered output, or Python cache"
/tmp/insurance-catalog-wave2-completion/baseline-project-files/catalog/sources/boat-pet/tryg-dog-product.html,"reproducible source text, historical checkout copy, rendered output, or Python cache"
/tmp/insurance-catalog-wave2-completion/baseline-project-files/catalog/sources/boat-pet/tryg-dog-treatment-terms.pdf,"reproducible source text, historical checkout copy, rendered output, or Python cache"
/tmp/insurance-catalog-wave2-completion/baseline-project-files/catalog/sources/boat-pet/tryg-pet-ipid.pdf,"reproducible source text, historical checkout copy, rendered output, or Python cache"
/tmp/insurance-catalog-wave2-completion/baseline-project-files/catalog/sources/eika-fremtind/IPID_Bil_M05P.pdf,"reproducible source text, historical checkout copy, rendered output, or Python cache"
/tmp/insurance-catalog-wave2-completion/baseline-project-files/catalog/sources/fremtind/hus/canonical/DNB-husforsikring.html,"reproducible source text, historical checkout copy, rendered output, or Python cache"
/tmp/insurance-catalog-wave2-completion/baseline-project-files/catalog/sources/fremtind/hus/canonical/Eika-vilkarsoversikt.html,"reproducible source text, historical checkout copy, rendered output, or Python cache"
/tmp/insurance-catalog-wave2-completion/baseline-project-files/catalog/sources/fremtind/hus/canonical/IPID_Hus.pdf,"reproducible source text, historical checkout copy, rendered output, or Python cache"
/tmp/insurance-catalog-wave2-completion/baseline-project-files/catalog/sources/fremtind/hus/canonical/SpareBank1-husforsikring.html,"reproducible source text, historical checkout copy, rendered output, or Python cache"
/tmp/insurance-catalog-wave2-completion/baseline-project-files/catalog/sources/fremtind/hus/canonical/Vilkar_Sopp_og_Rate_valgbar.pdf,"reproducible source text, historical checkout copy, rendered output, or Python cache"
/tmp/insurance-catalog-wave2-completion/baseline-project-files/catalog/sources/fremtind/hus/canonical/Vilkar_Topp_Hus.pdf,"reproducible source text, historical checkout copy, rendered output, or Python cache"
/tmp/insurance-catalog-wave2-completion/baseline-project-files/catalog/sources/fremtind/hus/canonical/Vilkar_Utleie_valgbar.pdf,"reproducible source text, historical checkout copy, rendered output, or Python cache"
/tmp/insurance-catalog-wave2-completion/baseline-project-files/catalog/sources/fremtind/innbo/canonical/IPID_Innbo.pdf,"reproducible source text, historical checkout copy, rendered output, or Python cache"
/tmp/insurance-catalog-wave2-completion/baseline-project-files/catalog/sources/fremtind/innbo/canonical/Vilkar_Standard_Innbo.pdf,"reproducible source text, historical checkout copy, rendered output, or Python cache"
/tmp/insurance-catalog-wave2-completion/baseline-project-files/catalog/sources/fremtind/innbo/canonical/Vilkar_Topp_Innbo.pdf,"reproducible source text, historical checkout copy, rendered output, or Python cache"
/tmp/insurance-catalog-wave2-completion/baseline-project-files/catalog/sources/fremtind/reise/canonical/eika-fremtind-provider.html,"reproducible source text, historical checkout copy, rendered output, or Python cache"
/tmp/insurance-catalog-wave2-completion/baseline-project-files/catalog/sources/fremtind/reise/canonical/eika-reise-faq.html,"reproducible source text, historical checkout copy, rendered output, or Python cache"
/tmp/insurance-catalog-wave2-completion/baseline-project-files/catalog/sources/fremtind/reise/canonical/fremtind-reise-ipid.pdf,"reproducible source text, historical checkout copy, rendered output, or Python cache"
/tmp/insurance-catalog-wave2-completion/baseline-project-files/catalog/sources/fremtind/reise/canonical/fremtind-reise-vilkar.pdf,"reproducible source text, historical checkout copy, rendered output, or Python cache"
/tmp/insurance-catalog-wave2-completion/baseline-project-files/catalog/sources/fremtind/reise/canonical/reise-ipid-p10p.pdf,"reproducible source text, historical checkout copy, rendered output, or Python cache"
/tmp/insurance-catalog-wave2-completion/baseline-project-files/catalog/sources/fremtind/reise/canonical/reise-skadeoppgjor.html,"reproducible source text, historical checkout copy, rendered output, or Python cache"
/tmp/insurance-catalog-wave2-completion/baseline-project-files/catalog/sources/fremtind/reise/canonical/reise-vilkar-p10.pdf,"reproducible source text, historical checkout copy, rendered output, or Python cache"
/tmp/insurance-catalog-wave2-completion/baseline-project-files/catalog/sources/frende/Generelle_vilkar-01012026.pdf,"reproducible source text, historical checkout copy, rendered output, or Python cache"
/tmp/insurance-catalog-wave2-completion/baseline-project-files/catalog/sources/frende/IPID_Personbil.pdf,"reproducible source text, historical checkout copy, rendered output, or Python cache"
/tmp/insurance-catalog-wave2-completion/baseline-project-files/catalog/sources/frende/Vilkar_kjoretoyforsikring.pdf,"reproducible source text, historical checkout copy, rendered output, or Python cache"
/tmp/insurance-catalog-wave2-completion/baseline-project-files/catalog/sources/frende/hus/canonical/Generelle-vilkar-01012026.pdf,"reproducible source text, historical checkout copy, rendered output, or Python cache"
/tmp/insurance-catalog-wave2-completion/baseline-project-files/catalog/sources/frende/hus/canonical/Husforsikring-produktside.html,"reproducible source text, historical checkout copy, rendered output, or Python cache"
/tmp/insurance-catalog-wave2-completion/baseline-project-files/catalog/sources/frende/hus/canonical/IPID-Hus.pdf,"reproducible source text, historical checkout copy, rendered output, or Python cache"
/tmp/insurance-catalog-wave2-completion/baseline-project-files/catalog/sources/frende/hus/canonical/Rate-og-skadedyr-produktside.html,"reproducible source text, historical checkout copy, rendered output, or Python cache"
/tmp/insurance-catalog-wave2-completion/baseline-project-files/catalog/sources/frende/hus/canonical/Vilkar-husforsikring.pdf,"reproducible source text, historical checkout copy, rendered output, or Python cache"
/tmp/insurance-catalog-wave2-completion/baseline-project-files/catalog/sources/frende/innbo/Generelle_vilkar-01012026.pdf,"reproducible source text, historical checkout copy, rendered output, or Python cache"
/tmp/insurance-catalog-wave2-completion/baseline-project-files/catalog/sources/frende/innbo/IPID_Innbo.pdf,"reproducible source text, historical checkout copy, rendered output, or Python cache"
/tmp/insurance-catalog-wave2-completion/baseline-project-files/catalog/sources/frende/innbo/Vilkar_innboforsikring_01092026.pdf,"reproducible source text, historical checkout copy, rendered output, or Python cache"
/tmp/insurance-catalog-wave2-completion/baseline-project-files/catalog/sources/frende/reise/Generelle-vilkar-01012026.pdf,"reproducible source text, historical checkout copy, rendered output, or Python cache"
/tmp/insurance-catalog-wave2-completion/baseline-project-files/catalog/sources/frende/reise/IPID-Reise-2026.pdf,"reproducible source text, historical checkout copy, rendered output, or Python cache"
/tmp/insurance-catalog-wave2-completion/baseline-project-files/catalog/sources/frende/reise/Legetime-pa-mobilen.html,"reproducible source text, historical checkout copy, rendered output, or Python cache"
/tmp/insurance-catalog-wave2-completion/baseline-project-files/catalog/sources/frende/reise/Reiseforsikring-Midtosten-2026.html,"reproducible source text, historical checkout copy, rendered output, or Python cache"
/tmp/insurance-catalog-wave2-completion/baseline-project-files/catalog/sources/frende/reise/Reiseforsikring-produktside.html,"reproducible source text, historical checkout copy, rendered output, or Python cache"
/tmp/insurance-catalog-wave2-completion/baseline-project-files/catalog/sources/frende/reise/Reiseforsikring-vilkarsside.html,"reproducible source text, historical checkout copy, rendered output, or Python cache"
/tmp/insurance-catalog-wave2-completion/baseline-project-files/catalog/sources/frende/reise/Vilkar-reiseforsikring-01032026.pdf,"reproducible source text, historical checkout copy, rendered output, or Python cache"
/tmp/insurance-catalog-wave2-completion/baseline-project-files/catalog/sources/frende/reise/Vilkar-reiseforsikring-01042020-erstattet.pdf,"reproducible source text, historical checkout copy, rendered output, or Python cache"
/tmp/insurance-catalog-wave2-completion/baseline-project-files/catalog/sources/gjensidige/Bil-Delkasko-alminnelige-vilkar.pdf,"reproducible source text, historical checkout copy, rendered output, or Python cache"
/tmp/insurance-catalog-wave2-completion/baseline-project-files/catalog/sources/gjensidige/Bil-Kasko-alminnelige-vilkar.pdf,"reproducible source text, historical checkout copy, rendered output, or Python cache"
/tmp/insurance-catalog-wave2-completion/baseline-project-files/catalog/sources/gjensidige/Bil-Pluss-alminnelige-vilkar.pdf,"reproducible source text, historical checkout copy, rendered output, or Python cache"
/tmp/insurance-catalog-wave2-completion/baseline-project-files/catalog/sources/gjensidige/Bilforsikring-Produktark-MOT01.pdf,"reproducible source text, historical checkout copy, rendered output, or Python cache"
/tmp/insurance-catalog-wave2-completion/baseline-project-files/catalog/sources/gjensidige/README.md,"reproducible source text, historical checkout copy, rendered output, or Python cache"
/tmp/insurance-catalog-wave2-completion/baseline-project-files/catalog/sources/gjensidige/bil-ansvar-alminnelige-vilkar.pdf,"reproducible source text, historical checkout copy, rendered output, or Python cache"
/tmp/insurance-catalog-wave2-completion/baseline-project-files/catalog/sources/gjensidige/hus/Hus-Pluss-alminnelige-vilkar.pdf,"reproducible source text, historical checkout copy, rendered output, or Python cache"
/tmp/insurance-catalog-wave2-completion/baseline-project-files/catalog/sources/gjensidige/hus/Hus-Smart-alarmvilkar.html,"reproducible source text, historical checkout copy, rendered output, or Python cache"
/tmp/insurance-catalog-wave2-completion/baseline-project-files/catalog/sources/gjensidige/hus/Hus-Smart-produktside.html,"reproducible source text, historical checkout copy, rendered output, or Python cache"
/tmp/insurance-catalog-wave2-completion/baseline-project-files/catalog/sources/gjensidige/hus/Hus-Standard-alminnelige-vilkar.pdf,"reproducible source text, historical checkout copy, rendered output, or Python cache"
/tmp/insurance-catalog-wave2-completion/baseline-project-files/catalog/sources/gjensidige/hus/Husforsikring-produktside.html,"reproducible source text, historical checkout copy, rendered output, or Python cache"
/tmp/insurance-catalog-wave2-completion/baseline-project-files/catalog/sources/gjensidige/hus/IPID-Husforsikring-EAP01.pdf,"reproducible source text, historical checkout copy, rendered output, or Python cache"
/tmp/insurance-catalog-wave2-completion/baseline-project-files/catalog/sources/gjensidige/innbo/Gjensidige_IPID_Innbo_EAP02.pdf,"reproducible source text, historical checkout copy, rendered output, or Python cache"
/tmp/insurance-catalog-wave2-completion/baseline-project-files/catalog/sources/gjensidige/innbo/Gjensidige_Innbo_Pluss_alminnelige_vilkar.pdf,"reproducible source text, historical checkout copy, rendered output, or Python cache"
/tmp/insurance-catalog-wave2-completion/baseline-project-files/catalog/sources/gjensidige/innbo/Gjensidige_Innbo_Standard_alminnelige_vilkar.pdf,"reproducible source text, historical checkout copy, rendered output, or Python cache"
/tmp/insurance-catalog-wave2-completion/baseline-project-files/catalog/sources/gjensidige/reise/alarmsentral.html,"reproducible source text, historical checkout copy, rendered output, or Python cache"
/tmp/insurance-catalog-wave2-completion/baseline-project-files/catalog/sources/gjensidige/reise/online-lege.html,"reproducible source text, historical checkout copy, rendered output, or Python cache"
/tmp/insurance-catalog-wave2-completion/baseline-project-files/catalog/sources/gjensidige/reise/produktside.html,"reproducible source text, historical checkout copy, rendered output, or Python cache"
/tmp/insurance-catalog-wave2-completion/baseline-project-files/catalog/sources/gjensidige/reise/reise-alminnelige-vilkar.pdf,"reproducible source text, historical checkout copy, rendered output, or Python cache"
/tmp/insurance-catalog-wave2-completion/baseline-project-files/catalog/sources/gjensidige/reise/reise-pluss-alminnelige-vilkar.pdf,"reproducible source text, historical checkout copy, rendered output, or Python cache"
/tmp/insurance-catalog-wave2-completion/baseline-project-files/catalog/sources/gjensidige/reise/reisedager.html,"reproducible source text, historical checkout copy, rendered output, or Python cache"
/tmp/insurance-catalog-wave2-completion/baseline-project-files/catalog/sources/gjensidige/reise/reiseforsikring-ipid.pdf,"reproducible source text, historical checkout copy, rendered output, or Python cache"
/tmp/insurance-catalog-wave2-completion/baseline-project-files/catalog/sources/gjensidige/reise/utvidelse-av-varighet-ipid.pdf,"reproducible source text, historical checkout copy, rendered output, or Python cache"
/tmp/insurance-catalog-wave2-completion/baseline-project-files/catalog/sources/if/Kjoretoyforsikring-MOT2-2.pdf,"reproducible source text, historical checkout copy, rendered output, or Python cache"
/tmp/insurance-catalog-wave2-completion/baseline-project-files/catalog/sources/if/hus/Bygningsforsikring.pdf,"reproducible source text, historical checkout copy, rendered output, or Python cache"
/tmp/insurance-catalog-wave2-completion/baseline-project-files/catalog/sources/if/hus/Generelle-vilkar-privat.pdf,"reproducible source text, historical checkout copy, rendered output, or Python cache"
/tmp/insurance-catalog-wave2-completion/baseline-project-files/catalog/sources/if/hus/Husforsikring-produktside.html,"reproducible source text, historical checkout copy, rendered output, or Python cache"
/tmp/insurance-catalog-wave2-completion/baseline-project-files/catalog/sources/if/hus/IPID-Husforsikring.pdf,"reproducible source text, historical checkout copy, rendered output, or Python cache"
/tmp/insurance-catalog-wave2-completion/baseline-project-files/catalog/sources/if/hus/Rettshjelp-og-ansvarsforsikring.pdf,"reproducible source text, historical checkout copy, rendered output, or Python cache"
/tmp/insurance-catalog-wave2-completion/baseline-project-files/catalog/sources/if/innbo/If_Ansvar_Rettshjelp_SV006.pdf,"reproducible source text, historical checkout copy, rendered output, or Python cache"
/tmp/insurance-catalog-wave2-completion/baseline-project-files/catalog/sources/if/innbo/If_Generelle_vilkar_GEN2-9.pdf,"reproducible source text, historical checkout copy, rendered output, or Python cache"
/tmp/insurance-catalog-wave2-completion/baseline-project-files/catalog/sources/if/innbo/If_IPID_Innboforsikring.pdf,"reproducible source text, historical checkout copy, rendered output, or Python cache"
/tmp/insurance-catalog-wave2-completion/baseline-project-files/catalog/sources/if/innbo/If_Innboforsikring_IBO2-1.pdf,"reproducible source text, historical checkout copy, rendered output, or Python cache"
/tmp/insurance-catalog-wave2-completion/baseline-project-files/catalog/sources/if/reise/canonical/Helars-reiseforsikring-IPID.pdf,"reproducible source text, historical checkout copy, rendered output, or Python cache"
/tmp/insurance-catalog-wave2-completion/baseline-project-files/catalog/sources/if/reise/canonical/Helars-reiseforsikring-vilkar.pdf,"reproducible source text, historical checkout copy, rendered output, or Python cache"
/tmp/insurance-catalog-wave2-completion/baseline-project-files/catalog/sources/if/reise/canonical/Reiseforsikring-produktside.html,"reproducible source text, historical checkout copy, rendered output, or Python cache"
/tmp/insurance-catalog-wave2-completion/baseline-project-files/catalog/sources/if/reise/canonical/Reisehjelp.html,"reproducible source text, historical checkout copy, rendered output, or Python cache"
/tmp/insurance-catalog-wave2-completion/baseline-project-files/catalog/sources/if/reise/canonical/Reiseoversikt.html,"reproducible source text, historical checkout copy, rendered output, or Python cache"
/tmp/insurance-catalog-wave2-completion/baseline-project-files/catalog/sources/if/reise/canonical/SmartDelay.html,"reproducible source text, historical checkout copy, rendered output, or Python cache"
/tmp/insurance-catalog-wave2-completion/baseline-project-files/catalog/sources/mc-bobil/fremtind-bobil-topp.pdf,"reproducible source text, historical checkout copy, rendered output, or Python cache"
/tmp/insurance-catalog-wave2-completion/baseline-project-files/catalog/sources/mc-bobil/fremtind-dnb-bobil-page.html,"reproducible source text, historical checkout copy, rendered output, or Python cache"
/tmp/insurance-catalog-wave2-completion/baseline-project-files/catalog/sources/mc-bobil/fremtind-frende-manifest.json,"reproducible source text, historical checkout copy, rendered output, or Python cache"
/tmp/insurance-catalog-wave2-completion/baseline-project-files/catalog/sources/mc-bobil/fremtind-mc-ipid.pdf,"reproducible source text, historical checkout copy, rendered output, or Python cache"
/tmp/insurance-catalog-wave2-completion/baseline-project-files/catalog/sources/mc-bobil/fremtind-mc-terms.pdf,"reproducible source text, historical checkout copy, rendered output, or Python cache"
/tmp/insurance-catalog-wave2-completion/baseline-project-files/catalog/sources/mc-bobil/fremtind-sb1-mc-page.html,"reproducible source text, historical checkout copy, rendered output, or Python cache"
/tmp/insurance-catalog-wave2-completion/baseline-project-files/catalog/sources/mc-bobil/frende-bobil-ipid.pdf,"reproducible source text, historical checkout copy, rendered output, or Python cache"
/tmp/insurance-catalog-wave2-completion/baseline-project-files/catalog/sources/mc-bobil/frende-bobil-page.html,"reproducible source text, historical checkout copy, rendered output, or Python cache"
/tmp/insurance-catalog-wave2-completion/baseline-project-files/catalog/sources/mc-bobil/frende-mc-ipid.pdf,"reproducible source text, historical checkout copy, rendered output, or Python cache"
/tmp/insurance-catalog-wave2-completion/baseline-project-files/catalog/sources/mc-bobil/frende-mc-mileage.html,"reproducible source text, historical checkout copy, rendered output, or Python cache"
/tmp/insurance-catalog-wave2-completion/baseline-project-files/catalog/sources/mc-bobil/frende-mc-page.html,"reproducible source text, historical checkout copy, rendered output, or Python cache"
/tmp/insurance-catalog-wave2-completion/baseline-project-files/catalog/sources/mc-bobil/gjensidige-bobil-MOT08-ipid.pdf,"reproducible source text, historical checkout copy, rendered output, or Python cache"
/tmp/insurance-catalog-wave2-completion/baseline-project-files/catalog/sources/mc-bobil/gjensidige-bobil-ansvar-vilkar.pdf,"reproducible source text, historical checkout copy, rendered output, or Python cache"
/tmp/insurance-catalog-wave2-completion/baseline-project-files/catalog/sources/mc-bobil/gjensidige-bobil-delkasko-vilkar.pdf,"reproducible source text, historical checkout copy, rendered output, or Python cache"
/tmp/insurance-catalog-wave2-completion/baseline-project-files/catalog/sources/mc-bobil/gjensidige-bobil-kasko-vilkar.pdf,"reproducible source text, historical checkout copy, rendered output, or Python cache"
/tmp/insurance-catalog-wave2-completion/baseline-project-files/catalog/sources/mc-bobil/gjensidige-bobil-pluss-vilkar.pdf,"reproducible source text, historical checkout copy, rendered output, or Python cache"
/tmp/insurance-catalog-wave2-completion/baseline-project-files/catalog/sources/mc-bobil/gjensidige-bobil-produkt.html,"reproducible source text, historical checkout copy, rendered output, or Python cache"
/tmp/insurance-catalog-wave2-completion/baseline-project-files/catalog/sources/mc-bobil/gjensidige-mc-MOT03-ipid.pdf,"reproducible source text, historical checkout copy, rendered output, or Python cache"
/tmp/insurance-catalog-wave2-completion/baseline-project-files/catalog/sources/mc-bobil/gjensidige-mc-ansvar-vilkar.pdf,"reproducible source text, historical checkout copy, rendered output, or Python cache"
/tmp/insurance-catalog-wave2-completion/baseline-project-files/catalog/sources/mc-bobil/gjensidige-mc-delkasko-vilkar.pdf,"reproducible source text, historical checkout copy, rendered output, or Python cache"
/tmp/insurance-catalog-wave2-completion/baseline-project-files/catalog/sources/mc-bobil/gjensidige-mc-kasko-vilkar.pdf,"reproducible source text, historical checkout copy, rendered output, or Python cache"
/tmp/insurance-catalog-wave2-completion/baseline-project-files/catalog/sources/mc-bobil/gjensidige-mc-produkt.html,"reproducible source text, historical checkout copy, rendered output, or Python cache"
/tmp/insurance-catalog-wave2-completion/baseline-project-files/catalog/sources/mc-bobil/gjensidige-storebrand-manifest.json,"reproducible source text, historical checkout copy, rendered output, or Python cache"
/tmp/insurance-catalog-wave2-completion/baseline-project-files/catalog/sources/mc-bobil/if-SV692.pdf,"reproducible source text, historical checkout copy, rendered output, or Python cache"
/tmp/insurance-catalog-wave2-completion/baseline-project-files/catalog/sources/mc-bobil/if-SV707.pdf,"reproducible source text, historical checkout copy, rendered output, or Python cache"
/tmp/insurance-catalog-wave2-completion/baseline-project-files/catalog/sources/mc-bobil/if-bobil-ipid.pdf,"reproducible source text, historical checkout copy, rendered output, or Python cache"
/tmp/insurance-catalog-wave2-completion/baseline-project-files/catalog/sources/mc-bobil/if-bobil-product.html,"reproducible source text, historical checkout copy, rendered output, or Python cache"
/tmp/insurance-catalog-wave2-completion/baseline-project-files/catalog/sources/mc-bobil/if-mc-ipid.pdf,"reproducible source text, historical checkout copy, rendered output, or Python cache"
/tmp/insurance-catalog-wave2-completion/baseline-project-files/catalog/sources/mc-bobil/if-mc-product.html,"reproducible source text, historical checkout copy, rendered output, or Python cache"
/tmp/insurance-catalog-wave2-completion/baseline-project-files/catalog/sources/mc-bobil/storebrand-bil-bobil-produkt.html,"reproducible source text, historical checkout copy, rendered output, or Python cache"
/tmp/insurance-catalog-wave2-completion/baseline-project-files/catalog/sources/mc-bobil/tryg-05000PA188.pdf,"reproducible source text, historical checkout copy, rendered output, or Python cache"
/tmp/insurance-catalog-wave2-completion/baseline-project-files/catalog/sources/mc-bobil/tryg-05000PA209.pdf,"reproducible source text, historical checkout copy, rendered output, or Python cache"
/tmp/insurance-catalog-wave2-completion/baseline-project-files/catalog/sources/mc-bobil/tryg-05PAU18800.pdf,"reproducible source text, historical checkout copy, rendered output, or Python cache"
/tmp/insurance-catalog-wave2-completion/baseline-project-files/catalog/sources/mc-bobil/tryg-05PAU20900.pdf,"reproducible source text, historical checkout copy, rendered output, or Python cache"
/tmp/insurance-catalog-wave2-completion/baseline-project-files/catalog/sources/mc-bobil/tryg-05PAU25305.pdf,"reproducible source text, historical checkout copy, rendered output, or Python cache"
/tmp/insurance-catalog-wave2-completion/baseline-project-files/catalog/sources/mc-bobil/tryg-05PAU25335.pdf,"reproducible source text, historical checkout copy, rendered output, or Python cache"
/tmp/insurance-catalog-wave2-completion/baseline-project-files/catalog/sources/mc-bobil/tryg-05PAU25405.pdf,"reproducible source text, historical checkout copy, rendered output, or Python cache"
/tmp/insurance-catalog-wave2-completion/baseline-project-files/catalog/sources/mc-bobil/tryg-05PAU25935.pdf,"reproducible source text, historical checkout copy, rendered output, or Python cache"
/tmp/insurance-catalog-wave2-completion/baseline-project-files/catalog/sources/mc-bobil/tryg-05PAU27007.pdf,"reproducible source text, historical checkout copy, rendered output, or Python cache"
/tmp/insurance-catalog-wave2-completion/baseline-project-files/catalog/sources/mc-bobil/tryg-05PAU27010.pdf,"reproducible source text, historical checkout copy, rendered output, or Python cache"
/tmp/insurance-catalog-wave2-completion/baseline-project-files/catalog/sources/mc-bobil/tryg-bobil-ipid.pdf,"reproducible source text, historical checkout copy, rendered output, or Python cache"
/tmp/insurance-catalog-wave2-completion/baseline-project-files/catalog/sources/mc-bobil/tryg-bobil-product.html,"reproducible source text, historical checkout copy, rendered output, or Python cache"
/tmp/insurance-catalog-wave2-completion/baseline-project-files/catalog/sources/mc-bobil/tryg-bobil-terms-index.html,"reproducible source text, historical checkout copy, rendered output, or Python cache"
/tmp/insurance-catalog-wave2-completion/baseline-project-files/catalog/sources/mc-bobil/tryg-if-manifest.json,"reproducible source text, historical checkout copy, rendered output, or Python cache"
/tmp/insurance-catalog-wave2-completion/baseline-project-files/catalog/sources/mc-bobil/tryg-mc-ipid.pdf,"reproducible source text, historical checkout copy, rendered output, or Python cache"
/tmp/insurance-catalog-wave2-completion/baseline-project-files/catalog/sources/mc-bobil/tryg-mc-product.html,"reproducible source text, historical checkout copy, rendered output, or Python cache"
/tmp/insurance-catalog-wave2-completion/baseline-project-files/catalog/sources/mc-bobil/tryg-mc-terms-index.html,"reproducible source text, historical checkout copy, rendered output, or Python cache"
/tmp/insurance-catalog-wave2-completion/baseline-project-files/catalog/sources/sparebank1-fremtind/IPID_Bil.pdf,"reproducible source text, historical checkout copy, rendered output, or Python cache"
/tmp/insurance-catalog-wave2-completion/baseline-project-files/catalog/sources/sparebank1-fremtind/Vilkar_Kasko_Bil.pdf,"reproducible source text, historical checkout copy, rendered output, or Python cache"
/tmp/insurance-catalog-wave2-completion/baseline-project-files/catalog/sources/sparebank1-fremtind/Vilkar_Minikasko_Bil.pdf,"reproducible source text, historical checkout copy, rendered output, or Python cache"
/tmp/insurance-catalog-wave2-completion/baseline-project-files/catalog/sources/sparebank1-fremtind/Vilkar_Toppkasko_Bil.pdf,"reproducible source text, historical checkout copy, rendered output, or Python cache"
/tmp/insurance-catalog-wave2-completion/baseline-project-files/catalog/sources/sparebank1-fremtind/Vilkar_ansvar_bil.pdf,"reproducible source text, historical checkout copy, rendered output, or Python cache"
/tmp/insurance-catalog-wave2-completion/baseline-project-files/catalog/sources/sparebank1-fremtind/Vilkar_leiebil.pdf,"reproducible source text, historical checkout copy, rendered output, or Python cache"
/tmp/insurance-catalog-wave2-completion/baseline-project-files/catalog/sources/sparebank1-fremtind/Vilkar_maskinskade.pdf,"reproducible source text, historical checkout copy, rendered output, or Python cache"
/tmp/insurance-catalog-wave2-completion/baseline-project-files/catalog/sources/storebrand/README.md,"reproducible source text, historical checkout copy, rendered output, or Python cache"
/tmp/insurance-catalog-wave2-completion/baseline-project-files/catalog/sources/storebrand/hus/Generelle-vilkar-GENER07.pdf,"reproducible source text, historical checkout copy, rendered output, or Python cache"
/tmp/insurance-catalog-wave2-completion/baseline-project-files/catalog/sources/storebrand/hus/Husforsikring-produktside.html,"reproducible source text, historical checkout copy, rendered output, or Python cache"
/tmp/insurance-catalog-wave2-completion/baseline-project-files/catalog/sources/storebrand/hus/IPID-Husforsikring.pdf,"reproducible source text, historical checkout copy, rendered output, or Python cache"
/tmp/insurance-catalog-wave2-completion/baseline-project-files/catalog/sources/storebrand/hus/Vilkar-hus-og-hytte-HUS10.pdf,"reproducible source text, historical checkout copy, rendered output, or Python cache"
/tmp/insurance-catalog-wave2-completion/baseline-project-files/catalog/sources/storebrand/hus/Vilkar-utleieforsikring-UTLEI03.pdf,"reproducible source text, historical checkout copy, rendered output, or Python cache"
/tmp/insurance-catalog-wave2-completion/baseline-project-files/catalog/sources/storebrand/innbo/Storebrand_Generelle_gener07.pdf,"reproducible source text, historical checkout copy, rendered output, or Python cache"
/tmp/insurance-catalog-wave2-completion/baseline-project-files/catalog/sources/storebrand/innbo/Storebrand_IPID_Innboforsikring.pdf,"reproducible source text, historical checkout copy, rendered output, or Python cache"
/tmp/insurance-catalog-wave2-completion/baseline-project-files/catalog/sources/storebrand/innbo/Storebrand_Innbo_innbo09.pdf,"reproducible source text, historical checkout copy, rendered output, or Python cache"
/tmp/insurance-catalog-wave2-completion/baseline-project-files/catalog/sources/storebrand/reise/canonical/IPID-reiseforsikring.pdf,"reproducible source text, historical checkout copy, rendered output, or Python cache"
/tmp/insurance-catalog-wave2-completion/baseline-project-files/catalog/sources/storebrand/reise/canonical/Reiseforsikring-produktside.html,"reproducible source text, historical checkout copy, rendered output, or Python cache"
/tmp/insurance-catalog-wave2-completion/baseline-project-files/catalog/sources/storebrand/reise/canonical/gener07-generelle-vilkar.pdf,"reproducible source text, historical checkout copy, rendered output, or Python cache"
/tmp/insurance-catalog-wave2-completion/baseline-project-files/catalog/sources/storebrand/reise/canonical/reise10-vilkar-reiseforsikring.pdf,"reproducible source text, historical checkout copy, rendered output, or Python cache"
/tmp/insurance-catalog-wave2-completion/baseline-project-files/catalog/sources/storebrand/vilkar-generelle.pdf,"reproducible source text, historical checkout copy, rendered output, or Python cache"
/tmp/insurance-catalog-wave2-completion/baseline-project-files/catalog/sources/storebrand/vilkar-motorvognforsikring-motor09.pdf,"reproducible source text, historical checkout copy, rendered output, or Python cache"
/tmp/insurance-catalog-wave2-completion/baseline-project-files/catalog/sources/tryg/Bilforsikring-Ansvar.pdf,"reproducible source text, historical checkout copy, rendered output, or Python cache"
/tmp/insurance-catalog-wave2-completion/baseline-project-files/catalog/sources/tryg/Bilforsikring-BilEkstra.pdf,"reproducible source text, historical checkout copy, rendered output, or Python cache"
/tmp/insurance-catalog-wave2-completion/baseline-project-files/catalog/sources/tryg/Bilforsikring-Delkasko.pdf,"reproducible source text, historical checkout copy, rendered output, or Python cache"
/tmp/insurance-catalog-wave2-completion/baseline-project-files/catalog/sources/tryg/Bilforsikring-ElbilEkstra.pdf,"reproducible source text, historical checkout copy, rendered output, or Python cache"
/tmp/insurance-catalog-wave2-completion/baseline-project-files/catalog/sources/tryg/Bilforsikring-Kasko.pdf,"reproducible source text, historical checkout copy, rendered output, or Python cache"
/tmp/insurance-catalog-wave2-completion/baseline-project-files/catalog/sources/tryg/Bilforsikring-Leiebil.pdf,"reproducible source text, historical checkout copy, rendered output, or Python cache"
/tmp/insurance-catalog-wave2-completion/baseline-project-files/catalog/sources/tryg/Bilforsikring-Maskinskade.pdf,"reproducible source text, historical checkout copy, rendered output, or Python cache"
/tmp/insurance-catalog-wave2-completion/baseline-project-files/catalog/sources/tryg/Fører- og Passasjerulykke.pdf,"reproducible source text, historical checkout copy, rendered output, or Python cache"
/tmp/insurance-catalog-wave2-completion/baseline-project-files/catalog/sources/tryg/Fører- og passasjerulykke Ekstra.pdf,"reproducible source text, historical checkout copy, rendered output, or Python cache"
/tmp/insurance-catalog-wave2-completion/baseline-project-files/catalog/sources/tryg/hus/05000PF115.pdf,"reproducible source text, historical checkout copy, rendered output, or Python cache"
/tmp/insurance-catalog-wave2-completion/baseline-project-files/catalog/sources/tryg/hus/05000PF118.pdf,"reproducible source text, historical checkout copy, rendered output, or Python cache"
/tmp/insurance-catalog-wave2-completion/baseline-project-files/catalog/sources/tryg/hus/05000PF121.pdf,"reproducible source text, historical checkout copy, rendered output, or Python cache"
/tmp/insurance-catalog-wave2-completion/baseline-project-files/catalog/sources/tryg/hus/05000PF405.pdf,"reproducible source text, historical checkout copy, rendered output, or Python cache"
/tmp/insurance-catalog-wave2-completion/baseline-project-files/catalog/sources/tryg/hus/05PGE90010.pdf,"reproducible source text, historical checkout copy, rendered output, or Python cache"
/tmp/insurance-catalog-wave2-completion/baseline-project-files/catalog/sources/tryg/hus/05PGE90020.pdf,"reproducible source text, historical checkout copy, rendered output, or Python cache"
/tmp/insurance-catalog-wave2-completion/baseline-project-files/catalog/sources/tryg/hus/05PGE91000.pdf,"reproducible source text, historical checkout copy, rendered output, or Python cache"
/tmp/insurance-catalog-wave2-completion/baseline-project-files/catalog/sources/tryg/hus/05PGE91500.pdf,"reproducible source text, historical checkout copy, rendered output, or Python cache"
/tmp/insurance-catalog-wave2-completion/baseline-project-files/catalog/sources/tryg/hus/05PPK11500.pdf,"reproducible source text, historical checkout copy, rendered output, or Python cache"
/tmp/insurance-catalog-wave2-completion/baseline-project-files/catalog/sources/tryg/hus/05PPK11501.pdf,"reproducible source text, historical checkout copy, rendered output, or Python cache"
/tmp/insurance-catalog-wave2-completion/baseline-project-files/catalog/sources/tryg/hus/05PPK11502.pdf,"reproducible source text, historical checkout copy, rendered output, or Python cache"
/tmp/insurance-catalog-wave2-completion/baseline-project-files/catalog/sources/tryg/hus/05PPK11503.pdf,"reproducible source text, historical checkout copy, rendered output, or Python cache"
/tmp/insurance-catalog-wave2-completion/baseline-project-files/catalog/sources/tryg/hus/05PPK11506.pdf,"reproducible source text, historical checkout copy, rendered output, or Python cache"
/tmp/insurance-catalog-wave2-completion/baseline-project-files/catalog/sources/tryg/hus/05PPK40501.pdf,"reproducible source text, historical checkout copy, rendered output, or Python cache"
/tmp/insurance-catalog-wave2-completion/baseline-project-files/catalog/sources/tryg/hus/05PPK40502.pdf,"reproducible source text, historical checkout copy, rendered output, or Python cache"
/tmp/insurance-catalog-wave2-completion/baseline-project-files/catalog/sources/tryg/hus/IPID-Hus.pdf,"reproducible source text, historical checkout copy, rendered output, or Python cache"
/tmp/insurance-catalog-wave2-completion/baseline-project-files/catalog/sources/tryg/innbo/Generelle_vilkar_PGE91000.pdf,"reproducible source text, historical checkout copy, rendered output, or Python cache"
/tmp/insurance-catalog-wave2-completion/baseline-project-files/catalog/sources/tryg/innbo/IPID_Innbo.pdf,"reproducible source text, historical checkout copy, rendered output, or Python cache"
/tmp/insurance-catalog-wave2-completion/baseline-project-files/catalog/sources/tryg/innbo/Innbo_og_losore_Ekstra_PPK13302.pdf,"reproducible source text, historical checkout copy, rendered output, or Python cache"
/tmp/insurance-catalog-wave2-completion/baseline-project-files/catalog/sources/tryg/innbo/Innbo_og_losore_PPK13301.pdf,"reproducible source text, historical checkout copy, rendered output, or Python cache"
/tmp/insurance-catalog-wave2-completion/baseline-project-files/catalog/sources/tryg/innbo/Naturskade_PGE90010.pdf,"reproducible source text, historical checkout copy, rendered output, or Python cache"
/tmp/insurance-catalog-wave2-completion/baseline-project-files/catalog/sources/tryg/innbo/Privatansvar_PGE90020.pdf,"reproducible source text, historical checkout copy, rendered output, or Python cache"
/tmp/insurance-catalog-wave2-completion/baseline-project-files/catalog/sources/tryg/innbo/Produktvilkar_PPK13300.pdf,"reproducible source text, historical checkout copy, rendered output, or Python cache"
/tmp/insurance-catalog-wave2-completion/baseline-project-files/catalog/sources/tryg/innbo/Rettshjelp_PGE91500.pdf,"reproducible source text, historical checkout copy, rendered output, or Python cache"
/tmp/insurance-catalog-wave2-completion/baseline-project-files/catalog/sources/tryg/innbo/Sikkerhetsforskrifter_PF133.pdf,"reproducible source text, historical checkout copy, rendered output, or Python cache"
/tmp/insurance-catalog-wave2-completion/baseline-project-files/catalog/sources/tryg/innbo/Utleie_PPK13306.pdf,"reproducible source text, historical checkout copy, rendered output, or Python cache"
/tmp/insurance-catalog-wave2-completion/baseline-project-files/catalog/sources/tryg/reise/canonical/05000PF455-Sikkerhetsforskrift.pdf,"reproducible source text, historical checkout copy, rendered output, or Python cache"
/tmp/insurance-catalog-wave2-completion/baseline-project-files/catalog/sources/tryg/reise/canonical/Forsikringssummer-08.2026.pdf,"reproducible source text, historical checkout copy, rendered output, or Python cache"
/tmp/insurance-catalog-wave2-completion/baseline-project-files/catalog/sources/tryg/reise/canonical/IPID-Reiseforsikring.pdf,"reproducible source text, historical checkout copy, rendered output, or Python cache"
/tmp/insurance-catalog-wave2-completion/baseline-project-files/catalog/sources/tryg/reise/canonical/PGE90020-Privat-ansvar.pdf,"reproducible source text, historical checkout copy, rendered output, or Python cache"
/tmp/insurance-catalog-wave2-completion/baseline-project-files/catalog/sources/tryg/reise/canonical/PGE91000-Generelle-vilkar.pdf,"reproducible source text, historical checkout copy, rendered output, or Python cache"
/tmp/insurance-catalog-wave2-completion/baseline-project-files/catalog/sources/tryg/reise/canonical/PGE91500-Rettshjelp.pdf,"reproducible source text, historical checkout copy, rendered output, or Python cache"
/tmp/insurance-catalog-wave2-completion/baseline-project-files/catalog/sources/tryg/reise/canonical/PRF46000-Produktvilkar.pdf,"reproducible source text, historical checkout copy, rendered output, or Python cache"
/tmp/insurance-catalog-wave2-completion/baseline-project-files/catalog/sources/tryg/reise/canonical/PRF46001-Reise-Reise-Ekstra.pdf,"reproducible source text, historical checkout copy, rendered output, or Python cache"
/tmp/insurance-catalog-wave2-completion/baseline-project-files/catalog/sources/tryg/reise/canonical/PRF46003-Reise-Premium.pdf,"reproducible source text, historical checkout copy, rendered output, or Python cache"
/tmp/insurance-catalog-wave2-completion/baseline-project-files/catalog/sources/tryg/reise/canonical/PRF46010-Ulykke-Ulykke-Ekstra.pdf,"reproducible source text, historical checkout copy, rendered output, or Python cache"
/tmp/insurance-catalog-wave2-completion/baseline-project-files/catalog/sources/tryg/reise/canonical/PRF46012-Ulykke-Premium.pdf,"reproducible source text, historical checkout copy, rendered output, or Python cache"
/tmp/insurance-catalog-wave2-completion/baseline-project-files/catalog/sources/tryg/reise/canonical/Reiseforsikring-produktside.html,"reproducible source text, historical checkout copy, rendered output, or Python cache"
/tmp/insurance-catalog-wave2-completion/baseline-project-files/catalog/sources/tryg/reise/canonical/Reiseforsikring-vilkarside.html,"reproducible source text, historical checkout copy, rendered output, or Python cache"
/tmp/insurance-catalog-wave2-completion/baseline-project-files/catalog/sources/vehicle-extensions/eikaforsikring-produktinformasjon.html,"reproducible source text, historical checkout copy, rendered output, or Python cache"
/tmp/insurance-catalog-wave2-completion/baseline-project-files/catalog/sources/vehicle-extensions/eikaforsikring-vilkar.html,"reproducible source text, historical checkout copy, rendered output, or Python cache"
/tmp/insurance-catalog-wave2-completion/baseline-project-files/catalog/sources/vehicle-extensions/fremtind-Generelle_vilkar_skadeforsikring.pdf,"reproducible source text, historical checkout copy, rendered output, or Python cache"
/tmp/insurance-catalog-wave2-completion/baseline-project-files/catalog/sources/vehicle-extensions/fremtind-IPID_Snoscooter.pdf,"reproducible source text, historical checkout copy, rendered output, or Python cache"
/tmp/insurance-catalog-wave2-completion/baseline-project-files/catalog/sources/vehicle-extensions/fremtind-IPID_Tilhenger_Campingvogn.pdf,"reproducible source text, historical checkout copy, rendered output, or Python cache"
/tmp/insurance-catalog-wave2-completion/baseline-project-files/catalog/sources/vehicle-extensions/fremtind-Vilkar_Kasko_Campingvogn_og_Tilhenger.pdf,"reproducible source text, historical checkout copy, rendered output, or Python cache"
/tmp/insurance-catalog-wave2-completion/baseline-project-files/catalog/sources/vehicle-extensions/fremtind-Vilkar_Kasko_Snoscooter.pdf,"reproducible source text, historical checkout copy, rendered output, or Python cache"
/tmp/insurance-catalog-wave2-completion/baseline-project-files/catalog/sources/vehicle-extensions/frende-CaravanInsurance.pdf,"reproducible source text, historical checkout copy, rendered output, or Python cache"
/tmp/insurance-catalog-wave2-completion/baseline-project-files/catalog/sources/vehicle-extensions/frende-Generelle_vilkår-01012026.pdf,"reproducible source text, historical checkout copy, rendered output, or Python cache"
/tmp/insurance-catalog-wave2-completion/baseline-project-files/catalog/sources/vehicle-extensions/frende-SnowmobileInsurance.pdf,"reproducible source text, historical checkout copy, rendered output, or Python cache"
/tmp/insurance-catalog-wave2-completion/baseline-project-files/catalog/sources/vehicle-extensions/frende-TrailerInsurance.pdf,"reproducible source text, historical checkout copy, rendered output, or Python cache"
/tmp/insurance-catalog-wave2-completion/baseline-project-files/catalog/sources/vehicle-extensions/frende-campingvognforsikring.html,"reproducible source text, historical checkout copy, rendered output, or Python cache"
/tmp/insurance-catalog-wave2-completion/baseline-project-files/catalog/sources/vehicle-extensions/frende-snoscooterforsikring.html,"reproducible source text, historical checkout copy, rendered output, or Python cache"
/tmp/insurance-catalog-wave2-completion/baseline-project-files/catalog/sources/vehicle-extensions/frende-tilhengerforsikring.html,"reproducible source text, historical checkout copy, rendered output, or Python cache"
/tmp/insurance-catalog-wave2-completion/baseline-project-files/catalog/sources/vehicle-extensions/gjensidige-Campingvogn-Delkasko-alminnelige-vilkar.pdf,"reproducible source text, historical checkout copy, rendered output, or Python cache"
/tmp/insurance-catalog-wave2-completion/baseline-project-files/catalog/sources/vehicle-extensions/gjensidige-Campingvogn-Kasko-alminnelige-vilkar.pdf,"reproducible source text, historical checkout copy, rendered output, or Python cache"
/tmp/insurance-catalog-wave2-completion/baseline-project-files/catalog/sources/vehicle-extensions/gjensidige-Campingvogn-Pluss-alminnelige-vilkar.pdf,"reproducible source text, historical checkout copy, rendered output, or Python cache"
/tmp/insurance-catalog-wave2-completion/baseline-project-files/catalog/sources/vehicle-extensions/gjensidige-MOT05.pdf,"reproducible source text, historical checkout copy, rendered output, or Python cache"
/tmp/insurance-catalog-wave2-completion/baseline-project-files/catalog/sources/vehicle-extensions/gjensidige-MOT07.pdf,"reproducible source text, historical checkout copy, rendered output, or Python cache"
/tmp/insurance-catalog-wave2-completion/baseline-project-files/catalog/sources/vehicle-extensions/gjensidige-MOT09.pdf,"reproducible source text, historical checkout copy, rendered output, or Python cache"
/tmp/insurance-catalog-wave2-completion/baseline-project-files/catalog/sources/vehicle-extensions/gjensidige-Snoscooter-Delkasko-alminnelige-vilkar.pdf,"reproducible source text, historical checkout copy, rendered output, or Python cache"
/tmp/insurance-catalog-wave2-completion/baseline-project-files/catalog/sources/vehicle-extensions/gjensidige-Snoscooter-Kasko-alminnelige-vilkar.pdf,"reproducible source text, historical checkout copy, rendered output, or Python cache"
/tmp/insurance-catalog-wave2-completion/baseline-project-files/catalog/sources/vehicle-extensions/gjensidige-campingvognforsikring.html,"reproducible source text, historical checkout copy, rendered output, or Python cache"
/tmp/insurance-catalog-wave2-completion/baseline-project-files/catalog/sources/vehicle-extensions/gjensidige-snoscooter-ansvar-alminnelige-vilkar.pdf,"reproducible source text, historical checkout copy, rendered output, or Python cache"
/tmp/insurance-catalog-wave2-completion/baseline-project-files/catalog/sources/vehicle-extensions/gjensidige-snoscooterforsikring.html,"reproducible source text, historical checkout copy, rendered output, or Python cache"
/tmp/insurance-catalog-wave2-completion/baseline-project-files/catalog/sources/vehicle-extensions/gjensidige-tilhenger-delkasko-alminnelige-vilkar.pdf,"reproducible source text, historical checkout copy, rendered output, or Python cache"
/tmp/insurance-catalog-wave2-completion/baseline-project-files/catalog/sources/vehicle-extensions/gjensidige-tilhenger-kasko-alminnelige-vilkar.pdf,"reproducible source text, historical checkout copy, rendered output, or Python cache"
/tmp/insurance-catalog-wave2-completion/baseline-project-files/catalog/sources/vehicle-extensions/gjensidige-tilhengerforsikring.html,"reproducible source text, historical checkout copy, rendered output, or Python cache"
/tmp/insurance-catalog-wave2-completion/baseline-project-files/catalog/sources/vehicle-extensions/if-Vilkaar-4103ea25.pdf,"reproducible source text, historical checkout copy, rendered output, or Python cache"
/tmp/insurance-catalog-wave2-completion/baseline-project-files/catalog/sources/vehicle-extensions/if-Vilkaar-b7d19ed7.pdf,"reproducible source text, historical checkout copy, rendered output, or Python cache"
/tmp/insurance-catalog-wave2-completion/baseline-project-files/catalog/sources/vehicle-extensions/if-Vilkaar-df7c20ba.pdf,"reproducible source text, historical checkout copy, rendered output, or Python cache"
/tmp/insurance-catalog-wave2-completion/baseline-project-files/catalog/sources/vehicle-extensions/if-campingvognforsikring.html,"reproducible source text, historical checkout copy, rendered output, or Python cache"
/tmp/insurance-catalog-wave2-completion/baseline-project-files/catalog/sources/vehicle-extensions/if-snoscooterforsikring.html,"reproducible source text, historical checkout copy, rendered output, or Python cache"
/tmp/insurance-catalog-wave2-completion/baseline-project-files/catalog/sources/vehicle-extensions/if-tilhengerforsikring.html,"reproducible source text, historical checkout copy, rendered output, or Python cache"
/tmp/insurance-catalog-wave2-completion/baseline-project-files/catalog/sources/vehicle-extensions/manifest.json,"reproducible source text, historical checkout copy, rendered output, or Python cache"
/tmp/insurance-catalog-wave2-completion/baseline-project-files/catalog/sources/vehicle-extensions/storebrand-campingvognforsikring.html,"reproducible source text, historical checkout copy, rendered output, or Python cache"
/tmp/insurance-catalog-wave2-completion/baseline-project-files/catalog/sources/vehicle-extensions/storebrand-mc-forsikring.html,"reproducible source text, historical checkout copy, rendered output, or Python cache"
/tmp/insurance-catalog-wave2-completion/baseline-project-files/catalog/sources/vehicle-extensions/storebrand-tilhengerforsikring.html,"reproducible source text, historical checkout copy, rendered output, or Python cache"
/tmp/insurance-catalog-wave2-completion/baseline-project-files/catalog/sources/vehicle-extensions/storebrand-vilkar-campingvogn-og-tilhenger.pdf,"reproducible source text, historical checkout copy, rendered output, or Python cache"
/tmp/insurance-catalog-wave2-completion/baseline-project-files/catalog/sources/vehicle-extensions/storebrand-vilkar-generelle.pdf,"reproducible source text, historical checkout copy, rendered output, or Python cache"
/tmp/insurance-catalog-wave2-completion/baseline-project-files/catalog/sources/vehicle-extensions/storebrand-vilkar-motorvognforsikring.pdf,"reproducible source text, historical checkout copy, rendered output, or Python cache"
/tmp/insurance-catalog-wave2-completion/baseline-project-files/catalog/sources/vehicle-extensions/tryg-IPID-Campingvogn-og-tilhenger.pdf,"reproducible source text, historical checkout copy, rendered output, or Python cache"
/tmp/insurance-catalog-wave2-completion/baseline-project-files/catalog/sources/vehicle-extensions/tryg-IPID-Snoscooter.pdf,"reproducible source text, historical checkout copy, rendered output, or Python cache"
/tmp/insurance-catalog-wave2-completion/baseline-project-files/catalog/sources/vehicle-extensions/tryg-campingvognforsikring.html,"reproducible source text, historical checkout copy, rendered output, or Python cache"
/tmp/insurance-catalog-wave2-completion/baseline-project-files/catalog/sources/vehicle-extensions/tryg-odpdf-03ff0533.pdf,"reproducible source text, historical checkout copy, rendered output, or Python cache"
/tmp/insurance-catalog-wave2-completion/baseline-project-files/catalog/sources/vehicle-extensions/tryg-odpdf-05b2538c.pdf,"reproducible source text, historical checkout copy, rendered output, or Python cache"
/tmp/insurance-catalog-wave2-completion/baseline-project-files/catalog/sources/vehicle-extensions/tryg-odpdf-060a2170.pdf,"reproducible source text, historical checkout copy, rendered output, or Python cache"
/tmp/insurance-catalog-wave2-completion/baseline-project-files/catalog/sources/vehicle-extensions/tryg-odpdf-0d60de94.pdf,"reproducible source text, historical checkout copy, rendered output, or Python cache"
/tmp/insurance-catalog-wave2-completion/baseline-project-files/catalog/sources/vehicle-extensions/tryg-odpdf-2001c3a6.pdf,"reproducible source text, historical checkout copy, rendered output, or Python cache"
/tmp/insurance-catalog-wave2-completion/baseline-project-files/catalog/sources/vehicle-extensions/tryg-odpdf-543856fa.pdf,"reproducible source text, historical checkout copy, rendered output, or Python cache"
/tmp/insurance-catalog-wave2-completion/baseline-project-files/catalog/sources/vehicle-extensions/tryg-odpdf-56716918.pdf,"reproducible source text, historical checkout copy, rendered output, or Python cache"
/tmp/insurance-catalog-wave2-completion/baseline-project-files/catalog/sources/vehicle-extensions/tryg-odpdf-5a0a847f.pdf,"reproducible source text, historical checkout copy, rendered output, or Python cache"
/tmp/insurance-catalog-wave2-completion/baseline-project-files/catalog/sources/vehicle-extensions/tryg-odpdf-63601ed1.pdf,"reproducible source text, historical checkout copy, rendered output, or Python cache"
/tmp/insurance-catalog-wave2-completion/baseline-project-files/catalog/sources/vehicle-extensions/tryg-odpdf-65439673.pdf,"reproducible source text, historical checkout copy, rendered output, or Python cache"
/tmp/insurance-catalog-wave2-completion/baseline-project-files/catalog/sources/vehicle-extensions/tryg-odpdf-7112298e.pdf,"reproducible source text, historical checkout copy, rendered output, or Python cache"
/tmp/insurance-catalog-wave2-completion/baseline-project-files/catalog/sources/vehicle-extensions/tryg-odpdf-778e88dd.pdf,"reproducible source text, historical checkout copy, rendered output, or Python cache"
/tmp/insurance-catalog-wave2-completion/baseline-project-files/catalog/sources/vehicle-extensions/tryg-odpdf-911ff8ae.pdf,"reproducible source text, historical checkout copy, rendered output, or Python cache"
/tmp/insurance-catalog-wave2-completion/baseline-project-files/catalog/sources/vehicle-extensions/tryg-odpdf-a1702ca7.pdf,"reproducible source text, historical checkout copy, rendered output, or Python cache"
/tmp/insurance-catalog-wave2-completion/baseline-project-files/catalog/sources/vehicle-extensions/tryg-odpdf-b1fff53e.pdf,"reproducible source text, historical checkout copy, rendered output, or Python cache"
/tmp/insurance-catalog-wave2-completion/baseline-project-files/catalog/sources/vehicle-extensions/tryg-odpdf-d09fac80.pdf,"reproducible source text, historical checkout copy, rendered output, or Python cache"
/tmp/insurance-catalog-wave2-completion/baseline-project-files/catalog/sources/vehicle-extensions/tryg-odpdf-d8d47def.pdf,"reproducible source text, historical checkout copy, rendered output, or Python cache"
/tmp/insurance-catalog-wave2-completion/baseline-project-files/catalog/sources/vehicle-extensions/tryg-odpdf-dbf5be98.pdf,"reproducible source text, historical checkout copy, rendered output, or Python cache"
/tmp/insurance-catalog-wave2-completion/baseline-project-files/catalog/sources/vehicle-extensions/tryg-odpdf-e47c9440.pdf,"reproducible source text, historical checkout copy, rendered output, or Python cache"
/tmp/insurance-catalog-wave2-completion/baseline-project-files/catalog/sources/vehicle-extensions/tryg-odpdf-f52d5798.pdf,"reproducible source text, historical checkout copy, rendered output, or Python cache"
/tmp/insurance-catalog-wave2-completion/baseline-project-files/catalog/sources/vehicle-extensions/tryg-odpdf-f862c645.pdf,"reproducible source text, historical checkout copy, rendered output, or Python cache"
/tmp/insurance-catalog-wave2-completion/baseline-project-files/catalog/sources/vehicle-extensions/tryg-snoscooterforsikring.html,"reproducible source text, historical checkout copy, rendered output, or Python cache"
/tmp/insurance-catalog-wave2-completion/baseline-project-files/catalog/sources/vehicle-extensions/tryg-tilhengerforsikring.html,"reproducible source text, historical checkout copy, rendered output, or Python cache"
/tmp/insurance-catalog-wave2-completion/baseline-project-files/catalog/sources/vehicle-extensions/tryg-vilkar-75f064ed.html,"reproducible source text, historical checkout copy, rendered output, or Python cache"
/tmp/insurance-catalog-wave2-completion/baseline-project-files/catalog/sources/vehicle-extensions/tryg-vilkar-812784ac.html,"reproducible source text, historical checkout copy, rendered output, or Python cache"
/tmp/insurance-catalog-wave2-completion/baseline-project-files/catalog/sources/vehicle-extensions/tryg-vilkar-fc5e4fcd.html,"reproducible source text, historical checkout copy, rendered output, or Python cache"
/tmp/insurance-catalog-wave2-completion/baseline-project-files/docs/agreement-scope-architecture.md,"reproducible source text, historical checkout copy, rendered output, or Python cache"
/tmp/insurance-catalog-wave2-completion/baseline-project-files/docs/boat-pet-architecture.md,"reproducible source text, historical checkout copy, rendered output, or Python cache"
/tmp/insurance-catalog-wave2-completion/baseline-project-files/docs/boat-pet-source-audit.md,"reproducible source text, historical checkout copy, rendered output, or Python cache"
/tmp/insurance-catalog-wave2-completion/baseline-project-files/docs/boat-pet-validation.md,"reproducible source text, historical checkout copy, rendered output, or Python cache"
/tmp/insurance-catalog-wave2-completion/baseline-project-files/docs/catalog-effective-facts-report.md,"reproducible source text, historical checkout copy, rendered output, or Python cache"
/tmp/insurance-catalog-wave2-completion/baseline-project-files/docs/catalog-updates.md,"reproducible source text, historical checkout copy, rendered output, or Python cache"
/tmp/insurance-catalog-wave2-completion/baseline-project-files/docs/customer-price-preservation-audit.md,"reproducible source text, historical checkout copy, rendered output, or Python cache"
/tmp/insurance-catalog-wave2-completion/baseline-project-files/docs/customer-price-tracing.md,"reproducible source text, historical checkout copy, rendered output, or Python cache"
/tmp/insurance-catalog-wave2-completion/baseline-project-files/docs/dnb-fremtind-bil-catalog.md,"reproducible source text, historical checkout copy, rendered output, or Python cache"
/tmp/insurance-catalog-wave2-completion/baseline-project-files/docs/eika-fremtind-bil-catalog.md,"reproducible source text, historical checkout copy, rendered output, or Python cache"
/tmp/insurance-catalog-wave2-completion/baseline-project-files/docs/if-bil-catalog.md,"reproducible source text, historical checkout copy, rendered output, or Python cache"
/tmp/insurance-catalog-wave2-completion/baseline-project-files/docs/mc-bobil-architecture.md,"reproducible source text, historical checkout copy, rendered output, or Python cache"
/tmp/insurance-catalog-wave2-completion/baseline-project-files/docs/mc-bobil-matrices.md,"reproducible source text, historical checkout copy, rendered output, or Python cache"
/tmp/insurance-catalog-wave2-completion/baseline-project-files/docs/mc-bobil-sources-fremtind-frende.md,"reproducible source text, historical checkout copy, rendered output, or Python cache"
/tmp/insurance-catalog-wave2-completion/baseline-project-files/docs/mc-bobil-sources-gjensidige-storebrand.md,"reproducible source text, historical checkout copy, rendered output, or Python cache"
/tmp/insurance-catalog-wave2-completion/baseline-project-files/docs/mc-bobil-sources-tryg-if.md,"reproducible source text, historical checkout copy, rendered output, or Python cache"
/tmp/insurance-catalog-wave2-completion/baseline-project-files/docs/mc-bobil-validation.md,"reproducible source text, historical checkout copy, rendered output, or Python cache"
/tmp/insurance-catalog-wave2-completion/baseline-project-files/docs/object-aware-comparison-audit.md,"reproducible source text, historical checkout copy, rendered output, or Python cache"
/tmp/insurance-catalog-wave2-completion/baseline-project-files/docs/pdf-analysis-phase1.md,"reproducible source text, historical checkout copy, rendered output, or Python cache"
/tmp/insurance-catalog-wave2-completion/baseline-project-files/docs/pdf-analysis-phase2.md,"reproducible source text, historical checkout copy, rendered output, or Python cache"
/tmp/insurance-catalog-wave2-completion/baseline-project-files/docs/pilot-determinism-report.md,"reproducible source text, historical checkout copy, rendered output, or Python cache"
/tmp/insurance-catalog-wave2-completion/baseline-project-files/docs/pilot-quality-report.md,"reproducible source text, historical checkout copy, rendered output, or Python cache"
/tmp/insurance-catalog-wave2-completion/baseline-project-files/docs/pilot-security.md,"reproducible source text, historical checkout copy, rendered output, or Python cache"
/tmp/insurance-catalog-wave2-completion/baseline-project-files/docs/presentation-price-audit.md,"reproducible source text, historical checkout copy, rendered output, or Python cache"
/tmp/insurance-catalog-wave2-completion/baseline-project-files/docs/product-comparison-root-cause-hardening.md,"reproducible source text, historical checkout copy, rendered output, or Python cache"
/tmp/insurance-catalog-wave2-completion/baseline-project-files/docs/product-comparison-semantic-audit.md,"reproducible source text, historical checkout copy, rendered output, or Python cache"
/tmp/insurance-catalog-wave2-completion/baseline-project-files/docs/product-comparison.md,"reproducible source text, historical checkout copy, rendered output, or Python cache"
/tmp/insurance-catalog-wave2-completion/baseline-project-files/docs/production-trace.md,"reproducible source text, historical checkout copy, rendered output, or Python cache"
/tmp/insurance-catalog-wave2-completion/baseline-project-files/docs/same-object-consolidation-audit.md,"reproducible source text, historical checkout copy, rendered output, or Python cache"
/tmp/insurance-catalog-wave2-completion/baseline-project-files/docs/sparebank1-fremtind-bil-catalog.md,"reproducible source text, historical checkout copy, rendered output, or Python cache"
/tmp/insurance-catalog-wave2-completion/baseline-project-files/docs/supporting-terms-root-cause.md,"reproducible source text, historical checkout copy, rendered output, or Python cache"
/tmp/insurance-catalog-wave2-completion/baseline-project-files/docs/vehicle-object-catalog-audit.md,"reproducible source text, historical checkout copy, rendered output, or Python cache"
/tmp/insurance-catalog-wave2-completion/baseline-project-files/eslint.config.mjs,"reproducible source text, historical checkout copy, rendered output, or Python cache"
/tmp/insurance-catalog-wave2-completion/baseline-project-files/lib/agreement-pricing.ts,"reproducible source text, historical checkout copy, rendered output, or Python cache"
/tmp/insurance-catalog-wave2-completion/baseline-project-files/lib/agreement-scope.ts,"reproducible source text, historical checkout copy, rendered output, or Python cache"
/tmp/insurance-catalog-wave2-completion/baseline-project-files/lib/analysis-batching.ts,"reproducible source text, historical checkout copy, rendered output, or Python cache"
/tmp/insurance-catalog-wave2-completion/baseline-project-files/lib/analysis-client.ts,"reproducible source text, historical checkout copy, rendered output, or Python cache"
/tmp/insurance-catalog-wave2-completion/baseline-project-files/lib/analysis-control.ts,"reproducible source text, historical checkout copy, rendered output, or Python cache"
/tmp/insurance-catalog-wave2-completion/baseline-project-files/lib/analysis-merge.ts,"reproducible source text, historical checkout copy, rendered output, or Python cache"
/tmp/insurance-catalog-wave2-completion/baseline-project-files/lib/analysis-output.ts,"reproducible source text, historical checkout copy, rendered output, or Python cache"
/tmp/insurance-catalog-wave2-completion/baseline-project-files/lib/analysis-progress.ts,"reproducible source text, historical checkout copy, rendered output, or Python cache"
/tmp/insurance-catalog-wave2-completion/baseline-project-files/lib/analysis-telemetry.ts,"reproducible source text, historical checkout copy, rendered output, or Python cache"
/tmp/insurance-catalog-wave2-completion/baseline-project-files/lib/boat-pet-catalog-builder.ts,"reproducible source text, historical checkout copy, rendered output, or Python cache"
/tmp/insurance-catalog-wave2-completion/baseline-project-files/lib/boat-pet-catalog.ts,"reproducible source text, historical checkout copy, rendered output, or Python cache"
/tmp/insurance-catalog-wave2-completion/baseline-project-files/lib/boat-pet-registry.ts,"reproducible source text, historical checkout copy, rendered output, or Python cache"
/tmp/insurance-catalog-wave2-completion/baseline-project-files/lib/building-facts.ts,"reproducible source text, historical checkout copy, rendered output, or Python cache"
/tmp/insurance-catalog-wave2-completion/baseline-project-files/lib/catalog-enrichment.ts,"reproducible source text, historical checkout copy, rendered output, or Python cache"
/tmp/insurance-catalog-wave2-completion/baseline-project-files/lib/catalog-product-comparison.ts,"reproducible source text, historical checkout copy, rendered output, or Python cache"
/tmp/insurance-catalog-wave2-completion/baseline-project-files/lib/catalog-source-resolution.ts,"reproducible source text, historical checkout copy, rendered output, or Python cache"
/tmp/insurance-catalog-wave2-completion/baseline-project-files/lib/comparison-performance.ts,"reproducible source text, historical checkout copy, rendered output, or Python cache"
/tmp/insurance-catalog-wave2-completion/baseline-project-files/lib/comparison-presentation.ts,"reproducible source text, historical checkout copy, rendered output, or Python cache"
/tmp/insurance-catalog-wave2-completion/baseline-project-files/lib/comparison.ts,"reproducible source text, historical checkout copy, rendered output, or Python cache"
/tmp/insurance-catalog-wave2-completion/baseline-project-files/lib/coverage-detail-presentation.ts,"reproducible source text, historical checkout copy, rendered output, or Python cache"
/tmp/insurance-catalog-wave2-completion/baseline-project-files/lib/coverage-fact-semantics.ts,"reproducible source text, historical checkout copy, rendered output, or Python cache"
/tmp/insurance-catalog-wave2-completion/baseline-project-files/lib/coverage-status.ts,"reproducible source text, historical checkout copy, rendered output, or Python cache"
/tmp/insurance-catalog-wave2-completion/baseline-project-files/lib/dnb-fremtind-catalog.ts,"reproducible source text, historical checkout copy, rendered output, or Python cache"
/tmp/insurance-catalog-wave2-completion/baseline-project-files/lib/document-fact-normalization.ts,"reproducible source text, historical checkout copy, rendered output, or Python cache"
/tmp/insurance-catalog-wave2-completion/baseline-project-files/lib/document-redaction.ts,"reproducible source text, historical checkout copy, rendered output, or Python cache"
/tmp/insurance-catalog-wave2-completion/baseline-project-files/lib/eika-fremtind-catalog.ts,"reproducible source text, historical checkout copy, rendered output, or Python cache"
/tmp/insurance-catalog-wave2-completion/baseline-project-files/lib/fremtind-catalog.ts,"reproducible source text, historical checkout copy, rendered output, or Python cache"
/tmp/insurance-catalog-wave2-completion/baseline-project-files/lib/fremtind-hus-catalog.ts,"reproducible source text, historical checkout copy, rendered output, or Python cache"
/tmp/insurance-catalog-wave2-completion/baseline-project-files/lib/fremtind-hus-sources.ts,"reproducible source text, historical checkout copy, rendered output, or Python cache"
/tmp/insurance-catalog-wave2-completion/baseline-project-files/lib/fremtind-innbo-catalog.ts,"reproducible source text, historical checkout copy, rendered output, or Python cache"
/tmp/insurance-catalog-wave2-completion/baseline-project-files/lib/fremtind-reise-catalog.ts,"reproducible source text, historical checkout copy, rendered output, or Python cache"
/tmp/insurance-catalog-wave2-completion/baseline-project-files/lib/fremtind-reise-sources.ts,"reproducible source text, historical checkout copy, rendered output, or Python cache"
/tmp/insurance-catalog-wave2-completion/baseline-project-files/lib/frende-catalog.ts,"reproducible source text, historical checkout copy, rendered output, or Python cache"
/tmp/insurance-catalog-wave2-completion/baseline-project-files/lib/frende-hus-catalog.ts,"reproducible source text, historical checkout copy, rendered output, or Python cache"
/tmp/insurance-catalog-wave2-completion/baseline-project-files/lib/frende-hus-sources.ts,"reproducible source text, historical checkout copy, rendered output, or Python cache"
/tmp/insurance-catalog-wave2-completion/baseline-project-files/lib/frende-innbo-catalog.ts,"reproducible source text, historical checkout copy, rendered output, or Python cache"
/tmp/insurance-catalog-wave2-completion/baseline-project-files/lib/frende-reise-catalog.ts,"reproducible source text, historical checkout copy, rendered output, or Python cache"
/tmp/insurance-catalog-wave2-completion/baseline-project-files/lib/frende-reise-sources.ts,"reproducible source text, historical checkout copy, rendered output, or Python cache"
/tmp/insurance-catalog-wave2-completion/baseline-project-files/lib/gjensidige-catalog.ts,"reproducible source text, historical checkout copy, rendered output, or Python cache"
/tmp/insurance-catalog-wave2-completion/baseline-project-files/lib/gjensidige-hus-catalog.ts,"reproducible source text, historical checkout copy, rendered output, or Python cache"
/tmp/insurance-catalog-wave2-completion/baseline-project-files/lib/gjensidige-hus-sources.ts,"reproducible source text, historical checkout copy, rendered output, or Python cache"
/tmp/insurance-catalog-wave2-completion/baseline-project-files/lib/gjensidige-innbo-catalog.ts,"reproducible source text, historical checkout copy, rendered output, or Python cache"
/tmp/insurance-catalog-wave2-completion/baseline-project-files/lib/gjensidige-reise-catalog.ts,"reproducible source text, historical checkout copy, rendered output, or Python cache"
/tmp/insurance-catalog-wave2-completion/baseline-project-files/lib/gjensidige-reise-sources.ts,"reproducible source text, historical checkout copy, rendered output, or Python cache"
/tmp/insurance-catalog-wave2-completion/baseline-project-files/lib/http-security.ts,"reproducible source text, historical checkout copy, rendered output, or Python cache"
/tmp/insurance-catalog-wave2-completion/baseline-project-files/lib/hybrid-matching.ts,"reproducible source text, historical checkout copy, rendered output, or Python cache"
/tmp/insurance-catalog-wave2-completion/baseline-project-files/lib/if-catalog.ts,"reproducible source text, historical checkout copy, rendered output, or Python cache"
/tmp/insurance-catalog-wave2-completion/baseline-project-files/lib/if-hus-catalog.ts,"reproducible source text, historical checkout copy, rendered output, or Python cache"
/tmp/insurance-catalog-wave2-completion/baseline-project-files/lib/if-hus-sources.ts,"reproducible source text, historical checkout copy, rendered output, or Python cache"
/tmp/insurance-catalog-wave2-completion/baseline-project-files/lib/if-innbo-catalog.ts,"reproducible source text, historical checkout copy, rendered output, or Python cache"
/tmp/insurance-catalog-wave2-completion/baseline-project-files/lib/if-reise-catalog.ts,"reproducible source text, historical checkout copy, rendered output, or Python cache"
/tmp/insurance-catalog-wave2-completion/baseline-project-files/lib/if-reise-sources.ts,"reproducible source text, historical checkout copy, rendered output, or Python cache"
/tmp/insurance-catalog-wave2-completion/baseline-project-files/lib/insurance-normalization.ts,"reproducible source text, historical checkout copy, rendered output, or Python cache"
/tmp/insurance-catalog-wave2-completion/baseline-project-files/lib/insurance-object-consolidation.ts,"reproducible source text, historical checkout copy, rendered output, or Python cache"
/tmp/insurance-catalog-wave2-completion/baseline-project-files/lib/manual-agreement.ts,"reproducible source text, historical checkout copy, rendered output, or Python cache"
/tmp/insurance-catalog-wave2-completion/baseline-project-files/lib/manual-product-selection.ts,"reproducible source text, historical checkout copy, rendered output, or Python cache"
/tmp/insurance-catalog-wave2-completion/baseline-project-files/lib/mc-bobil-catalog-builder.ts,"reproducible source text, historical checkout copy, rendered output, or Python cache"
/tmp/insurance-catalog-wave2-completion/baseline-project-files/lib/mc-bobil-catalog.ts,"reproducible source text, historical checkout copy, rendered output, or Python cache"
/tmp/insurance-catalog-wave2-completion/baseline-project-files/lib/mc-bobil-document-facts.ts,"reproducible source text, historical checkout copy, rendered output, or Python cache"
/tmp/insurance-catalog-wave2-completion/baseline-project-files/lib/mc-bobil-fremtind-frende-catalog.ts,"reproducible source text, historical checkout copy, rendered output, or Python cache"
/tmp/insurance-catalog-wave2-completion/baseline-project-files/lib/mc-bobil-gjensidige-storebrand-catalog.ts,"reproducible source text, historical checkout copy, rendered output, or Python cache"
/tmp/insurance-catalog-wave2-completion/baseline-project-files/lib/mc-bobil-registry.ts,"reproducible source text, historical checkout copy, rendered output, or Python cache"
/tmp/insurance-catalog-wave2-completion/baseline-project-files/lib/mc-bobil-tryg-if-catalog.ts,"reproducible source text, historical checkout copy, rendered output, or Python cache"
/tmp/insurance-catalog-wave2-completion/baseline-project-files/lib/object-consolidation.ts,"reproducible source text, historical checkout copy, rendered output, or Python cache"
/tmp/insurance-catalog-wave2-completion/baseline-project-files/lib/object-identity-strategies.ts,"reproducible source text, historical checkout copy, rendered output, or Python cache"
/tmp/insurance-catalog-wave2-completion/baseline-project-files/lib/object-matching.ts,"reproducible source text, historical checkout copy, rendered output, or Python cache"
/tmp/insurance-catalog-wave2-completion/baseline-project-files/lib/pdf-addons.ts,"reproducible source text, historical checkout copy, rendered output, or Python cache"
/tmp/insurance-catalog-wave2-completion/baseline-project-files/lib/pdf-analysis-pipeline.ts,"reproducible source text, historical checkout copy, rendered output, or Python cache"
/tmp/insurance-catalog-wave2-completion/baseline-project-files/lib/pdf-reader.ts,"reproducible source text, historical checkout copy, rendered output, or Python cache"
/tmp/insurance-catalog-wave2-completion/baseline-project-files/lib/pdf-text-worker.mjs,"reproducible source text, historical checkout copy, rendered output, or Python cache"
/tmp/insurance-catalog-wave2-completion/baseline-project-files/lib/pdf-upload-security.ts,"reproducible source text, historical checkout copy, rendered output, or Python cache"
/tmp/insurance-catalog-wave2-completion/baseline-project-files/lib/pilot-access.ts,"reproducible source text, historical checkout copy, rendered output, or Python cache"
/tmp/insurance-catalog-wave2-completion/baseline-project-files/lib/portfolio-price-presentation.ts,"reproducible source text, historical checkout copy, rendered output, or Python cache"
/tmp/insurance-catalog-wave2-completion/baseline-project-files/lib/presentation-catalog.ts,"reproducible source text, historical checkout copy, rendered output, or Python cache"
/tmp/insurance-catalog-wave2-completion/baseline-project-files/lib/product-catalog.ts,"reproducible source text, historical checkout copy, rendered output, or Python cache"
/tmp/insurance-catalog-wave2-completion/baseline-project-files/lib/product-comparison-presentation.ts,"reproducible source text, historical checkout copy, rendered output, or Python cache"
/tmp/insurance-catalog-wave2-completion/baseline-project-files/lib/production-trace-server.ts,"reproducible source text, historical checkout copy, rendered output, or Python cache"
/tmp/insurance-catalog-wave2-completion/baseline-project-files/lib/production-trace-ticket.ts,"reproducible source text, historical checkout copy, rendered output, or Python cache"
/tmp/insurance-catalog-wave2-completion/baseline-project-files/lib/production-trace.ts,"reproducible source text, historical checkout copy, rendered output, or Python cache"
/tmp/insurance-catalog-wave2-completion/baseline-project-files/lib/provider-presentation.ts,"reproducible source text, historical checkout copy, rendered output, or Python cache"
/tmp/insurance-catalog-wave2-completion/baseline-project-files/lib/semantic-audit.ts,"reproducible source text, historical checkout copy, rendered output, or Python cache"
/tmp/insurance-catalog-wave2-completion/baseline-project-files/lib/semantic-matcher.ts,"reproducible source text, historical checkout copy, rendered output, or Python cache"
/tmp/insurance-catalog-wave2-completion/baseline-project-files/lib/sparebank1-fremtind-catalog.ts,"reproducible source text, historical checkout copy, rendered output, or Python cache"
/tmp/insurance-catalog-wave2-completion/baseline-project-files/lib/storebrand-catalog.ts,"reproducible source text, historical checkout copy, rendered output, or Python cache"
/tmp/insurance-catalog-wave2-completion/baseline-project-files/lib/storebrand-hus-catalog.ts,"reproducible source text, historical checkout copy, rendered output, or Python cache"
/tmp/insurance-catalog-wave2-completion/baseline-project-files/lib/storebrand-hus-sources.ts,"reproducible source text, historical checkout copy, rendered output, or Python cache"
/tmp/insurance-catalog-wave2-completion/baseline-project-files/lib/storebrand-innbo-catalog.ts,"reproducible source text, historical checkout copy, rendered output, or Python cache"
/tmp/insurance-catalog-wave2-completion/baseline-project-files/lib/storebrand-reise-catalog.ts,"reproducible source text, historical checkout copy, rendered output, or Python cache"
/tmp/insurance-catalog-wave2-completion/baseline-project-files/lib/storebrand-reise-sources.ts,"reproducible source text, historical checkout copy, rendered output, or Python cache"
/tmp/insurance-catalog-wave2-completion/baseline-project-files/lib/supporting-terms.ts,"reproducible source text, historical checkout copy, rendered output, or Python cache"
/tmp/insurance-catalog-wave2-completion/baseline-project-files/lib/tryg-catalog.ts,"reproducible source text, historical checkout copy, rendered output, or Python cache"
/tmp/insurance-catalog-wave2-completion/baseline-project-files/lib/tryg-hus-catalog.ts,"reproducible source text, historical checkout copy, rendered output, or Python cache"
/tmp/insurance-catalog-wave2-completion/baseline-project-files/lib/tryg-hus-sources.ts,"reproducible source text, historical checkout copy, rendered output, or Python cache"
/tmp/insurance-catalog-wave2-completion/baseline-project-files/lib/tryg-innbo-catalog.ts,"reproducible source text, historical checkout copy, rendered output, or Python cache"
/tmp/insurance-catalog-wave2-completion/baseline-project-files/lib/tryg-reise-catalog.ts,"reproducible source text, historical checkout copy, rendered output, or Python cache"
/tmp/insurance-catalog-wave2-completion/baseline-project-files/lib/tryg-reise-sources.ts,"reproducible source text, historical checkout copy, rendered output, or Python cache"
/tmp/insurance-catalog-wave2-completion/baseline-project-files/lib/value-equivalence.ts,"reproducible source text, historical checkout copy, rendered output, or Python cache"
/tmp/insurance-catalog-wave2-completion/baseline-project-files/lib/vehicle-object-catalog.ts,"reproducible source text, historical checkout copy, rendered output, or Python cache"
/tmp/insurance-catalog-wave2-completion/baseline-project-files/lib/vehicle-object-registry.ts,"reproducible source text, historical checkout copy, rendered output, or Python cache"
/tmp/insurance-catalog-wave2-completion/baseline-project-files/lib/vehicle-object-sources.ts,"reproducible source text, historical checkout copy, rendered output, or Python cache"
/tmp/insurance-catalog-wave2-completion/baseline-project-files/lib/vehicle-price-presentation.ts,"reproducible source text, historical checkout copy, rendered output, or Python cache"
/tmp/insurance-catalog-wave2-completion/baseline-project-files/next.config.ts,"reproducible source text, historical checkout copy, rendered output, or Python cache"
/tmp/insurance-catalog-wave2-completion/baseline-project-files/package-lock.json,"reproducible source text, historical checkout copy, rendered output, or Python cache"
/tmp/insurance-catalog-wave2-completion/baseline-project-files/package.json,"reproducible source text, historical checkout copy, rendered output, or Python cache"
/tmp/insurance-catalog-wave2-completion/baseline-project-files/postcss.config.mjs,"reproducible source text, historical checkout copy, rendered output, or Python cache"
/tmp/insurance-catalog-wave2-completion/baseline-project-files/proxy.ts,"reproducible source text, historical checkout copy, rendered output, or Python cache"
/tmp/insurance-catalog-wave2-completion/baseline-project-files/public/file.svg,"reproducible source text, historical checkout copy, rendered output, or Python cache"
/tmp/insurance-catalog-wave2-completion/baseline-project-files/public/globe.svg,"reproducible source text, historical checkout copy, rendered output, or Python cache"
/tmp/insurance-catalog-wave2-completion/baseline-project-files/public/next.svg,"reproducible source text, historical checkout copy, rendered output, or Python cache"
/tmp/insurance-catalog-wave2-completion/baseline-project-files/public/vercel.svg,"reproducible source text, historical checkout copy, rendered output, or Python cache"
/tmp/insurance-catalog-wave2-completion/baseline-project-files/public/window.svg,"reproducible source text, historical checkout copy, rendered output, or Python cache"
/tmp/insurance-catalog-wave2-completion/baseline-project-files/scripts/verify-analysis-http.mjs,"reproducible source text, historical checkout copy, rendered output, or Python cache"
/tmp/insurance-catalog-wave2-completion/baseline-project-files/scripts/verify-product-comparison.mjs,"reproducible source text, historical checkout copy, rendered output, or Python cache"
/tmp/insurance-catalog-wave2-completion/baseline-project-files/tests/agreement-pricing.test.mjs,"reproducible source text, historical checkout copy, rendered output, or Python cache"
/tmp/insurance-catalog-wave2-completion/baseline-project-files/tests/agreement-scope.test.mjs,"reproducible source text, historical checkout copy, rendered output, or Python cache"
/tmp/insurance-catalog-wave2-completion/baseline-project-files/tests/analysis-performance.test.mjs,"reproducible source text, historical checkout copy, rendered output, or Python cache"
/tmp/insurance-catalog-wave2-completion/baseline-project-files/tests/boat-pet-catalog.test.mjs,"reproducible source text, historical checkout copy, rendered output, or Python cache"
/tmp/insurance-catalog-wave2-completion/baseline-project-files/tests/canonical-comparison-audit.test.mjs,"reproducible source text, historical checkout copy, rendered output, or Python cache"
/tmp/insurance-catalog-wave2-completion/baseline-project-files/tests/catalog-comparison.test.mjs,"reproducible source text, historical checkout copy, rendered output, or Python cache"
/tmp/insurance-catalog-wave2-completion/baseline-project-files/tests/catalog-effective-facts.test.mjs,"reproducible source text, historical checkout copy, rendered output, or Python cache"
/tmp/insurance-catalog-wave2-completion/baseline-project-files/tests/catalog-matching.test.mjs,"reproducible source text, historical checkout copy, rendered output, or Python cache"
/tmp/insurance-catalog-wave2-completion/baseline-project-files/tests/catalog-source-resolution.test.mjs,"reproducible source text, historical checkout copy, rendered output, or Python cache"
/tmp/insurance-catalog-wave2-completion/baseline-project-files/tests/comparison-presentation.test.mjs,"reproducible source text, historical checkout copy, rendered output, or Python cache"
/tmp/insurance-catalog-wave2-completion/baseline-project-files/tests/coverage-status.test.mjs,"reproducible source text, historical checkout copy, rendered output, or Python cache"
/tmp/insurance-catalog-wave2-completion/baseline-project-files/tests/customer-price-preservation.test.mjs,"reproducible source text, historical checkout copy, rendered output, or Python cache"
/tmp/insurance-catalog-wave2-completion/baseline-project-files/tests/customer-price-trace.test.mjs,"reproducible source text, historical checkout copy, rendered output, or Python cache"
/tmp/insurance-catalog-wave2-completion/baseline-project-files/tests/deductible-comparison.test.mjs,"reproducible source text, historical checkout copy, rendered output, or Python cache"
/tmp/insurance-catalog-wave2-completion/baseline-project-files/tests/detail-correctness.test.mjs,"reproducible source text, historical checkout copy, rendered output, or Python cache"
/tmp/insurance-catalog-wave2-completion/baseline-project-files/tests/dnb-fremtind-catalog.test.mjs,"reproducible source text, historical checkout copy, rendered output, or Python cache"
/tmp/insurance-catalog-wave2-completion/baseline-project-files/tests/document-catalog-precedence.test.mjs,"reproducible source text, historical checkout copy, rendered output, or Python cache"
/tmp/insurance-catalog-wave2-completion/baseline-project-files/tests/document-totalskade-survival.test.mjs,"reproducible source text, historical checkout copy, rendered output, or Python cache"
/tmp/insurance-catalog-wave2-completion/baseline-project-files/tests/effective-fact-resolution.test.mjs,"reproducible source text, historical checkout copy, rendered output, or Python cache"
/tmp/insurance-catalog-wave2-completion/baseline-project-files/tests/eika-fremtind-catalog.test.mjs,"reproducible source text, historical checkout copy, rendered output, or Python cache"
/tmp/insurance-catalog-wave2-completion/baseline-project-files/tests/fremtind-canonical-catalog.test.mjs,"reproducible source text, historical checkout copy, rendered output, or Python cache"
/tmp/insurance-catalog-wave2-completion/baseline-project-files/tests/fremtind-hus-catalog.test.mjs,"reproducible source text, historical checkout copy, rendered output, or Python cache"
/tmp/insurance-catalog-wave2-completion/baseline-project-files/tests/fremtind-innbo-catalog.test.mjs,"reproducible source text, historical checkout copy, rendered output, or Python cache"
/tmp/insurance-catalog-wave2-completion/baseline-project-files/tests/fremtind-reise-catalog.test.mjs,"reproducible source text, historical checkout copy, rendered output, or Python cache"
/tmp/insurance-catalog-wave2-completion/baseline-project-files/tests/frende-catalog.test.mjs,"reproducible source text, historical checkout copy, rendered output, or Python cache"
/tmp/insurance-catalog-wave2-completion/baseline-project-files/tests/frende-hus-catalog.test.mjs,"reproducible source text, historical checkout copy, rendered output, or Python cache"
/tmp/insurance-catalog-wave2-completion/baseline-project-files/tests/frende-innbo-catalog.test.mjs,"reproducible source text, historical checkout copy, rendered output, or Python cache"
/tmp/insurance-catalog-wave2-completion/baseline-project-files/tests/frende-reise-catalog.test.mjs,"reproducible source text, historical checkout copy, rendered output, or Python cache"
/tmp/insurance-catalog-wave2-completion/baseline-project-files/tests/gjensidige-catalog.test.mjs,"reproducible source text, historical checkout copy, rendered output, or Python cache"
/tmp/insurance-catalog-wave2-completion/baseline-project-files/tests/gjensidige-hus-catalog.test.mjs,"reproducible source text, historical checkout copy, rendered output, or Python cache"
/tmp/insurance-catalog-wave2-completion/baseline-project-files/tests/gjensidige-innbo-catalog.test.mjs,"reproducible source text, historical checkout copy, rendered output, or Python cache"
/tmp/insurance-catalog-wave2-completion/baseline-project-files/tests/gjensidige-reise-catalog.test.mjs,"reproducible source text, historical checkout copy, rendered output, or Python cache"
/tmp/insurance-catalog-wave2-completion/baseline-project-files/tests/helpers/mc-bobil.mjs,"reproducible source text, historical checkout copy, rendered output, or Python cache"
/tmp/insurance-catalog-wave2-completion/baseline-project-files/tests/helpers/pdf-addon-selection.mjs,"reproducible source text, historical checkout copy, rendered output, or Python cache"
/tmp/insurance-catalog-wave2-completion/baseline-project-files/tests/helpers/pilot-comparison.mjs,"reproducible source text, historical checkout copy, rendered output, or Python cache"
/tmp/insurance-catalog-wave2-completion/baseline-project-files/tests/helpers/pilot-determinism.mjs,"reproducible source text, historical checkout copy, rendered output, or Python cache"
/tmp/insurance-catalog-wave2-completion/baseline-project-files/tests/helpers/pilot-quality.mjs,"reproducible source text, historical checkout copy, rendered output, or Python cache"
/tmp/insurance-catalog-wave2-completion/baseline-project-files/tests/helpers/supporting-terms.mjs,"reproducible source text, historical checkout copy, rendered output, or Python cache"
/tmp/insurance-catalog-wave2-completion/baseline-project-files/tests/helpers/synthetic-pdf.mjs,"reproducible source text, historical checkout copy, rendered output, or Python cache"
/tmp/insurance-catalog-wave2-completion/baseline-project-files/tests/hybrid-matching.test.mjs,"reproducible source text, historical checkout copy, rendered output, or Python cache"
/tmp/insurance-catalog-wave2-completion/baseline-project-files/tests/if-catalog.test.mjs,"reproducible source text, historical checkout copy, rendered output, or Python cache"
/tmp/insurance-catalog-wave2-completion/baseline-project-files/tests/if-hus-catalog.test.mjs,"reproducible source text, historical checkout copy, rendered output, or Python cache"
/tmp/insurance-catalog-wave2-completion/baseline-project-files/tests/if-innbo-catalog.test.mjs,"reproducible source text, historical checkout copy, rendered output, or Python cache"
/tmp/insurance-catalog-wave2-completion/baseline-project-files/tests/if-reise-catalog.test.mjs,"reproducible source text, historical checkout copy, rendered output, or Python cache"
/tmp/insurance-catalog-wave2-completion/baseline-project-files/tests/insurance-normalization.test.mjs,"reproducible source text, historical checkout copy, rendered output, or Python cache"
/tmp/insurance-catalog-wave2-completion/baseline-project-files/tests/manual-agreement.test.mjs,"reproducible source text, historical checkout copy, rendered output, or Python cache"
/tmp/insurance-catalog-wave2-completion/baseline-project-files/tests/manual-entry-ux.test.mjs,"reproducible source text, historical checkout copy, rendered output, or Python cache"
/tmp/insurance-catalog-wave2-completion/baseline-project-files/tests/manual-runtime-flow.test.mjs,"reproducible source text, historical checkout copy, rendered output, or Python cache"
/tmp/insurance-catalog-wave2-completion/baseline-project-files/tests/mc-bobil-addon-selection.test.mjs,"reproducible source text, historical checkout copy, rendered output, or Python cache"
/tmp/insurance-catalog-wave2-completion/baseline-project-files/tests/mc-bobil-fremtind-frende.test.mjs,"reproducible source text, historical checkout copy, rendered output, or Python cache"
/tmp/insurance-catalog-wave2-completion/baseline-project-files/tests/mc-bobil-gjensidige-storebrand.test.mjs,"reproducible source text, historical checkout copy, rendered output, or Python cache"
/tmp/insurance-catalog-wave2-completion/baseline-project-files/tests/mc-bobil-manual.test.mjs,"reproducible source text, historical checkout copy, rendered output, or Python cache"
/tmp/insurance-catalog-wave2-completion/baseline-project-files/tests/mc-bobil-normalization.test.mjs,"reproducible source text, historical checkout copy, rendered output, or Python cache"
/tmp/insurance-catalog-wave2-completion/baseline-project-files/tests/mc-bobil-pipeline.test.mjs,"reproducible source text, historical checkout copy, rendered output, or Python cache"
/tmp/insurance-catalog-wave2-completion/baseline-project-files/tests/mc-bobil-presentation.test.mjs,"reproducible source text, historical checkout copy, rendered output, or Python cache"
/tmp/insurance-catalog-wave2-completion/baseline-project-files/tests/mc-bobil-tryg-if.test.mjs,"reproducible source text, historical checkout copy, rendered output, or Python cache"
/tmp/insurance-catalog-wave2-completion/baseline-project-files/tests/nito-remediation-wave1.test.mjs,"reproducible source text, historical checkout copy, rendered output, or Python cache"
/tmp/insurance-catalog-wave2-completion/baseline-project-files/tests/nito-remediation-wave2.test.mjs,"reproducible source text, historical checkout copy, rendered output, or Python cache"
/tmp/insurance-catalog-wave2-completion/baseline-project-files/tests/object-aware-comparison.test.mjs,"reproducible source text, historical checkout copy, rendered output, or Python cache"
/tmp/insurance-catalog-wave2-completion/baseline-project-files/tests/pdf-addon-selection.test.mjs,"reproducible source text, historical checkout copy, rendered output, or Python cache"
/tmp/insurance-catalog-wave2-completion/baseline-project-files/tests/pdf-addons.test.mjs,"reproducible source text, historical checkout copy, rendered output, or Python cache"
/tmp/insurance-catalog-wave2-completion/baseline-project-files/tests/pdf-upload-security.test.mjs,"reproducible source text, historical checkout copy, rendered output, or Python cache"
/tmp/insurance-catalog-wave2-completion/baseline-project-files/tests/phase2-analysis.test.mjs,"reproducible source text, historical checkout copy, rendered output, or Python cache"
/tmp/insurance-catalog-wave2-completion/baseline-project-files/tests/pilot-determinism-ui.test.mjs,"reproducible source text, historical checkout copy, rendered output, or Python cache"
/tmp/insurance-catalog-wave2-completion/baseline-project-files/tests/pilot-determinism.test.mjs,"reproducible source text, historical checkout copy, rendered output, or Python cache"
/tmp/insurance-catalog-wave2-completion/baseline-project-files/tests/pilot-quality-presentation.test.mjs,"reproducible source text, historical checkout copy, rendered output, or Python cache"
/tmp/insurance-catalog-wave2-completion/baseline-project-files/tests/pilot-quality.test.mjs,"reproducible source text, historical checkout copy, rendered output, or Python cache"
/tmp/insurance-catalog-wave2-completion/baseline-project-files/tests/pilot-semantic-regressions.test.mjs,"reproducible source text, historical checkout copy, rendered output, or Python cache"
/tmp/insurance-catalog-wave2-completion/baseline-project-files/tests/portfolio-price-punctuation.test.mjs,"reproducible source text, historical checkout copy, rendered output, or Python cache"
/tmp/insurance-catalog-wave2-completion/baseline-project-files/tests/premium-mileage-regression.test.mjs,"reproducible source text, historical checkout copy, rendered output, or Python cache"
/tmp/insurance-catalog-wave2-completion/baseline-project-files/tests/presentation-catalog.test.mjs,"reproducible source text, historical checkout copy, rendered output, or Python cache"
/tmp/insurance-catalog-wave2-completion/baseline-project-files/tests/presentation-integrity.test.mjs,"reproducible source text, historical checkout copy, rendered output, or Python cache"
/tmp/insurance-catalog-wave2-completion/baseline-project-files/tests/presentation-price.test.mjs,"reproducible source text, historical checkout copy, rendered output, or Python cache"
/tmp/insurance-catalog-wave2-completion/baseline-project-files/tests/product-catalog-evidence-hardening.test.mjs,"reproducible source text, historical checkout copy, rendered output, or Python cache"
/tmp/insurance-catalog-wave2-completion/baseline-project-files/tests/product-catalog.test.mjs,"reproducible source text, historical checkout copy, rendered output, or Python cache"
/tmp/insurance-catalog-wave2-completion/baseline-project-files/tests/product-comparison-hardening.test.mjs,"reproducible source text, historical checkout copy, rendered output, or Python cache"
/tmp/insurance-catalog-wave2-completion/baseline-project-files/tests/product-comparison-semantic.test.mjs,"reproducible source text, historical checkout copy, rendered output, or Python cache"
/tmp/insurance-catalog-wave2-completion/baseline-project-files/tests/product-comparison.test.mjs,"reproducible source text, historical checkout copy, rendered output, or Python cache"
/tmp/insurance-catalog-wave2-completion/baseline-project-files/tests/product-coverage-evidence.test.mjs,"reproducible source text, historical checkout copy, rendered output, or Python cache"
/tmp/insurance-catalog-wave2-completion/baseline-project-files/tests/production-trace-hooks.test.mjs,"reproducible source text, historical checkout copy, rendered output, or Python cache"
/tmp/insurance-catalog-wave2-completion/baseline-project-files/tests/production-trace-pipeline.test.mjs,"reproducible source text, historical checkout copy, rendered output, or Python cache"
/tmp/insurance-catalog-wave2-completion/baseline-project-files/tests/production-trace-price.test.mjs,"reproducible source text, historical checkout copy, rendered output, or Python cache"
/tmp/insurance-catalog-wave2-completion/baseline-project-files/tests/production-trace-transport.test.mjs,"reproducible source text, historical checkout copy, rendered output, or Python cache"
/tmp/insurance-catalog-wave2-completion/baseline-project-files/tests/production-trace.test.mjs,"reproducible source text, historical checkout copy, rendered output, or Python cache"
/tmp/insurance-catalog-wave2-completion/baseline-project-files/tests/progress-price-ui.test.mjs,"reproducible source text, historical checkout copy, rendered output, or Python cache"
/tmp/insurance-catalog-wave2-completion/baseline-project-files/tests/same-object-consolidation.test.mjs,"reproducible source text, historical checkout copy, rendered output, or Python cache"
/tmp/insurance-catalog-wave2-completion/baseline-project-files/tests/security-hardening.test.mjs,"reproducible source text, historical checkout copy, rendered output, or Python cache"
/tmp/insurance-catalog-wave2-completion/baseline-project-files/tests/semantic-audit.test.mjs,"reproducible source text, historical checkout copy, rendered output, or Python cache"
/tmp/insurance-catalog-wave2-completion/baseline-project-files/tests/sparebank1-fremtind-catalog.test.mjs,"reproducible source text, historical checkout copy, rendered output, or Python cache"
/tmp/insurance-catalog-wave2-completion/baseline-project-files/tests/storebrand-catalog.test.mjs,"reproducible source text, historical checkout copy, rendered output, or Python cache"
/tmp/insurance-catalog-wave2-completion/baseline-project-files/tests/storebrand-hus-catalog.test.mjs,"reproducible source text, historical checkout copy, rendered output, or Python cache"
/tmp/insurance-catalog-wave2-completion/baseline-project-files/tests/storebrand-innbo-catalog.test.mjs,"reproducible source text, historical checkout copy, rendered output, or Python cache"
/tmp/insurance-catalog-wave2-completion/baseline-project-files/tests/storebrand-reise-catalog.test.mjs,"reproducible source text, historical checkout copy, rendered output, or Python cache"
/tmp/insurance-catalog-wave2-completion/baseline-project-files/tests/supporting-terms-ui.test.mjs,"reproducible source text, historical checkout copy, rendered output, or Python cache"
/tmp/insurance-catalog-wave2-completion/baseline-project-files/tests/supporting-terms.test.mjs,"reproducible source text, historical checkout copy, rendered output, or Python cache"
/tmp/insurance-catalog-wave2-completion/baseline-project-files/tests/totalskade-extraction.test.mjs,"reproducible source text, historical checkout copy, rendered output, or Python cache"
/tmp/insurance-catalog-wave2-completion/baseline-project-files/tests/totalskade-presentation.test.mjs,"reproducible source text, historical checkout copy, rendered output, or Python cache"
/tmp/insurance-catalog-wave2-completion/baseline-project-files/tests/tryg-catalog.test.mjs,"reproducible source text, historical checkout copy, rendered output, or Python cache"
/tmp/insurance-catalog-wave2-completion/baseline-project-files/tests/tryg-hus-catalog.test.mjs,"reproducible source text, historical checkout copy, rendered output, or Python cache"
/tmp/insurance-catalog-wave2-completion/baseline-project-files/tests/tryg-innbo-catalog.test.mjs,"reproducible source text, historical checkout copy, rendered output, or Python cache"
/tmp/insurance-catalog-wave2-completion/baseline-project-files/tests/tryg-reise-catalog.test.mjs,"reproducible source text, historical checkout copy, rendered output, or Python cache"
/tmp/insurance-catalog-wave2-completion/baseline-project-files/tests/value-equivalence.test.mjs,"reproducible source text, historical checkout copy, rendered output, or Python cache"
/tmp/insurance-catalog-wave2-completion/baseline-project-files/tests/vehicle-object-catalog.test.mjs,"reproducible source text, historical checkout copy, rendered output, or Python cache"
/tmp/insurance-catalog-wave2-completion/baseline-project-files/tests/vehicle-object-pipeline.test.mjs,"reproducible source text, historical checkout copy, rendered output, or Python cache"
/tmp/insurance-catalog-wave2-completion/baseline-project-files/tsconfig.json,"reproducible source text, historical checkout copy, rendered output, or Python cache"
/tmp/nito-prepilot-audit/api-body.txt,reproducible HTTP response capture
/tmp/nito-prepilot-audit/pycache/Library/Developer/CommandLineTools/Library/Frameworks/Python3.framework/Versions/3.9/lib/python3.9/_bootlocale.cpython-39.pyc,"reproducible source text, historical checkout copy, rendered output, or Python cache"
/tmp/nito-prepilot-audit/pycache/Library/Developer/CommandLineTools/Library/Frameworks/Python3.framework/Versions/3.9/lib/python3.9/_collections_abc.cpython-39.pyc,"reproducible source text, historical checkout copy, rendered output, or Python cache"
/tmp/nito-prepilot-audit/pycache/Library/Developer/CommandLineTools/Library/Frameworks/Python3.framework/Versions/3.9/lib/python3.9/_sitebuiltins.cpython-39.pyc,"reproducible source text, historical checkout copy, rendered output, or Python cache"
/tmp/nito-prepilot-audit/pycache/Library/Developer/CommandLineTools/Library/Frameworks/Python3.framework/Versions/3.9/lib/python3.9/_weakrefset.cpython-39.pyc,"reproducible source text, historical checkout copy, rendered output, or Python cache"
/tmp/nito-prepilot-audit/pycache/Library/Developer/CommandLineTools/Library/Frameworks/Python3.framework/Versions/3.9/lib/python3.9/abc.cpython-39.pyc,"reproducible source text, historical checkout copy, rendered output, or Python cache"
/tmp/nito-prepilot-audit/pycache/Library/Developer/CommandLineTools/Library/Frameworks/Python3.framework/Versions/3.9/lib/python3.9/codecs.cpython-39.pyc,"reproducible source text, historical checkout copy, rendered output, or Python cache"
/tmp/nito-prepilot-audit/pycache/Library/Developer/CommandLineTools/Library/Frameworks/Python3.framework/Versions/3.9/lib/python3.9/collections/__init__.cpython-39.pyc,"reproducible source text, historical checkout copy, rendered output, or Python cache"
/tmp/nito-prepilot-audit/pycache/Library/Developer/CommandLineTools/Library/Frameworks/Python3.framework/Versions/3.9/lib/python3.9/collections/abc.cpython-39.pyc,"reproducible source text, historical checkout copy, rendered output, or Python cache"
/tmp/nito-prepilot-audit/pycache/Library/Developer/CommandLineTools/Library/Frameworks/Python3.framework/Versions/3.9/lib/python3.9/contextlib.cpython-39.pyc,"reproducible source text, historical checkout copy, rendered output, or Python cache"
/tmp/nito-prepilot-audit/pycache/Library/Developer/CommandLineTools/Library/Frameworks/Python3.framework/Versions/3.9/lib/python3.9/copyreg.cpython-39.pyc,"reproducible source text, historical checkout copy, rendered output, or Python cache"
/tmp/nito-prepilot-audit/pycache/Library/Developer/CommandLineTools/Library/Frameworks/Python3.framework/Versions/3.9/lib/python3.9/encodings/__init__.cpython-39.pyc,"reproducible source text, historical checkout copy, rendered output, or Python cache"
/tmp/nito-prepilot-audit/pycache/Library/Developer/CommandLineTools/Library/Frameworks/Python3.framework/Versions/3.9/lib/python3.9/encodings/aliases.cpython-39.pyc,"reproducible source text, historical checkout copy, rendered output, or Python cache"
/tmp/nito-prepilot-audit/pycache/Library/Developer/CommandLineTools/Library/Frameworks/Python3.framework/Versions/3.9/lib/python3.9/encodings/cp437.cpython-39.pyc,"reproducible source text, historical checkout copy, rendered output, or Python cache"
/tmp/nito-prepilot-audit/pycache/Library/Developer/CommandLineTools/Library/Frameworks/Python3.framework/Versions/3.9/lib/python3.9/encodings/latin_1.cpython-39.pyc,"reproducible source text, historical checkout copy, rendered output, or Python cache"
/tmp/nito-prepilot-audit/pycache/Library/Developer/CommandLineTools/Library/Frameworks/Python3.framework/Versions/3.9/lib/python3.9/encodings/utf_8.cpython-39.pyc,"reproducible source text, historical checkout copy, rendered output, or Python cache"
/tmp/nito-prepilot-audit/pycache/Library/Developer/CommandLineTools/Library/Frameworks/Python3.framework/Versions/3.9/lib/python3.9/enum.cpython-39.pyc,"reproducible source text, historical checkout copy, rendered output, or Python cache"
/tmp/nito-prepilot-audit/pycache/Library/Developer/CommandLineTools/Library/Frameworks/Python3.framework/Versions/3.9/lib/python3.9/functools.cpython-39.pyc,"reproducible source text, historical checkout copy, rendered output, or Python cache"
/tmp/nito-prepilot-audit/pycache/Library/Developer/CommandLineTools/Library/Frameworks/Python3.framework/Versions/3.9/lib/python3.9/genericpath.cpython-39.pyc,"reproducible source text, historical checkout copy, rendered output, or Python cache"
/tmp/nito-prepilot-audit/pycache/Library/Developer/CommandLineTools/Library/Frameworks/Python3.framework/Versions/3.9/lib/python3.9/heapq.cpython-39.pyc,"reproducible source text, historical checkout copy, rendered output, or Python cache"
/tmp/nito-prepilot-audit/pycache/Library/Developer/CommandLineTools/Library/Frameworks/Python3.framework/Versions/3.9/lib/python3.9/importlib/__init__.cpython-39.pyc,"reproducible source text, historical checkout copy, rendered output, or Python cache"
/tmp/nito-prepilot-audit/pycache/Library/Developer/CommandLineTools/Library/Frameworks/Python3.framework/Versions/3.9/lib/python3.9/importlib/abc.cpython-39.pyc,"reproducible source text, historical checkout copy, rendered output, or Python cache"
/tmp/nito-prepilot-audit/pycache/Library/Developer/CommandLineTools/Library/Frameworks/Python3.framework/Versions/3.9/lib/python3.9/importlib/machinery.cpython-39.pyc,"reproducible source text, historical checkout copy, rendered output, or Python cache"
/tmp/nito-prepilot-audit/pycache/Library/Developer/CommandLineTools/Library/Frameworks/Python3.framework/Versions/3.9/lib/python3.9/importlib/util.cpython-39.pyc,"reproducible source text, historical checkout copy, rendered output, or Python cache"
/tmp/nito-prepilot-audit/pycache/Library/Developer/CommandLineTools/Library/Frameworks/Python3.framework/Versions/3.9/lib/python3.9/io.cpython-39.pyc,"reproducible source text, historical checkout copy, rendered output, or Python cache"
/tmp/nito-prepilot-audit/pycache/Library/Developer/CommandLineTools/Library/Frameworks/Python3.framework/Versions/3.9/lib/python3.9/keyword.cpython-39.pyc,"reproducible source text, historical checkout copy, rendered output, or Python cache"
/tmp/nito-prepilot-audit/pycache/Library/Developer/CommandLineTools/Library/Frameworks/Python3.framework/Versions/3.9/lib/python3.9/linecache.cpython-39.pyc,"reproducible source text, historical checkout copy, rendered output, or Python cache"
/tmp/nito-prepilot-audit/pycache/Library/Developer/CommandLineTools/Library/Frameworks/Python3.framework/Versions/3.9/lib/python3.9/operator.cpython-39.pyc,"reproducible source text, historical checkout copy, rendered output, or Python cache"
/tmp/nito-prepilot-audit/pycache/Library/Developer/CommandLineTools/Library/Frameworks/Python3.framework/Versions/3.9/lib/python3.9/os.cpython-39.pyc,"reproducible source text, historical checkout copy, rendered output, or Python cache"
/tmp/nito-prepilot-audit/pycache/Library/Developer/CommandLineTools/Library/Frameworks/Python3.framework/Versions/3.9/lib/python3.9/pkgutil.cpython-39.pyc,"reproducible source text, historical checkout copy, rendered output, or Python cache"
/tmp/nito-prepilot-audit/pycache/Library/Developer/CommandLineTools/Library/Frameworks/Python3.framework/Versions/3.9/lib/python3.9/posixpath.cpython-39.pyc,"reproducible source text, historical checkout copy, rendered output, or Python cache"
/tmp/nito-prepilot-audit/pycache/Library/Developer/CommandLineTools/Library/Frameworks/Python3.framework/Versions/3.9/lib/python3.9/py_compile.cpython-39.pyc,"reproducible source text, historical checkout copy, rendered output, or Python cache"
/tmp/nito-prepilot-audit/pycache/Library/Developer/CommandLineTools/Library/Frameworks/Python3.framework/Versions/3.9/lib/python3.9/re.cpython-39.pyc,"reproducible source text, historical checkout copy, rendered output, or Python cache"
/tmp/nito-prepilot-audit/pycache/Library/Developer/CommandLineTools/Library/Frameworks/Python3.framework/Versions/3.9/lib/python3.9/reprlib.cpython-39.pyc,"reproducible source text, historical checkout copy, rendered output, or Python cache"
/tmp/nito-prepilot-audit/pycache/Library/Developer/CommandLineTools/Library/Frameworks/Python3.framework/Versions/3.9/lib/python3.9/runpy.cpython-39.pyc,"reproducible source text, historical checkout copy, rendered output, or Python cache"
/tmp/nito-prepilot-audit/pycache/Library/Developer/CommandLineTools/Library/Frameworks/Python3.framework/Versions/3.9/lib/python3.9/site.cpython-39.pyc,"reproducible source text, historical checkout copy, rendered output, or Python cache"
/tmp/nito-prepilot-audit/pycache/Library/Developer/CommandLineTools/Library/Frameworks/Python3.framework/Versions/3.9/lib/python3.9/sre_compile.cpython-39.pyc,"reproducible source text, historical checkout copy, rendered output, or Python cache"
/tmp/nito-prepilot-audit/pycache/Library/Developer/CommandLineTools/Library/Frameworks/Python3.framework/Versions/3.9/lib/python3.9/sre_constants.cpython-39.pyc,"reproducible source text, historical checkout copy, rendered output, or Python cache"
/tmp/nito-prepilot-audit/pycache/Library/Developer/CommandLineTools/Library/Frameworks/Python3.framework/Versions/3.9/lib/python3.9/sre_parse.cpython-39.pyc,"reproducible source text, historical checkout copy, rendered output, or Python cache"
/tmp/nito-prepilot-audit/pycache/Library/Developer/CommandLineTools/Library/Frameworks/Python3.framework/Versions/3.9/lib/python3.9/stat.cpython-39.pyc,"reproducible source text, historical checkout copy, rendered output, or Python cache"
/tmp/nito-prepilot-audit/pycache/Library/Developer/CommandLineTools/Library/Frameworks/Python3.framework/Versions/3.9/lib/python3.9/token.cpython-39.pyc,"reproducible source text, historical checkout copy, rendered output, or Python cache"
/tmp/nito-prepilot-audit/pycache/Library/Developer/CommandLineTools/Library/Frameworks/Python3.framework/Versions/3.9/lib/python3.9/tokenize.cpython-39.pyc,"reproducible source text, historical checkout copy, rendered output, or Python cache"
/tmp/nito-prepilot-audit/pycache/Library/Developer/CommandLineTools/Library/Frameworks/Python3.framework/Versions/3.9/lib/python3.9/traceback.cpython-39.pyc,"reproducible source text, historical checkout copy, rendered output, or Python cache"
/tmp/nito-prepilot-audit/pycache/Library/Developer/CommandLineTools/Library/Frameworks/Python3.framework/Versions/3.9/lib/python3.9/types.cpython-39.pyc,"reproducible source text, historical checkout copy, rendered output, or Python cache"
/tmp/nito-prepilot-audit/pycache/Library/Developer/CommandLineTools/Library/Frameworks/Python3.framework/Versions/3.9/lib/python3.9/typing.cpython-39.pyc,"reproducible source text, historical checkout copy, rendered output, or Python cache"
/tmp/nito-prepilot-audit/pycache/Library/Developer/CommandLineTools/Library/Frameworks/Python3.framework/Versions/3.9/lib/python3.9/warnings.cpython-39.pyc,"reproducible source text, historical checkout copy, rendered output, or Python cache"
/tmp/nito-prepilot-audit/pycache/Library/Developer/CommandLineTools/Library/Frameworks/Python3.framework/Versions/3.9/lib/python3.9/weakref.cpython-39.pyc,"reproducible source text, historical checkout copy, rendered output, or Python cache"
/tmp/nito-prepilot-audit/pycache/tmp/nito-prepilot-audit/generate_audit.cpython-39.pyc,"reproducible source text, historical checkout copy, rendered output, or Python cache"
/tmp/nito-prepilot-audit/robots-body.txt,reproducible HTTP response capture
/tmp/forsikringsassistent-product-audit/rendered/Forsikringsassistenten-produkt-audit.pdf,"reproducible source text, historical checkout copy, rendered output, or Python cache"
/tmp/forsikringsassistent-product-audit/rendered/contact-sheets/sheet-01.jpg,"reproducible source text, historical checkout copy, rendered output, or Python cache"
/tmp/forsikringsassistent-product-audit/rendered/contact-sheets/sheet-02.jpg,"reproducible source text, historical checkout copy, rendered output, or Python cache"
/tmp/forsikringsassistent-product-audit/rendered/contact-sheets/sheet-03.jpg,"reproducible source text, historical checkout copy, rendered output, or Python cache"
/tmp/forsikringsassistent-product-audit/rendered/contact-sheets/sheet-04.jpg,"reproducible source text, historical checkout copy, rendered output, or Python cache"
/tmp/forsikringsassistent-product-audit/rendered/contact-sheets/sheet-05.jpg,"reproducible source text, historical checkout copy, rendered output, or Python cache"
/tmp/forsikringsassistent-product-audit/rendered/contact-sheets/sheet-06.jpg,"reproducible source text, historical checkout copy, rendered output, or Python cache"
/tmp/forsikringsassistent-product-audit/rendered/contact-sheets/sheet-07.jpg,"reproducible source text, historical checkout copy, rendered output, or Python cache"
/tmp/forsikringsassistent-product-audit/rendered/contact-sheets/sheet-08.jpg,"reproducible source text, historical checkout copy, rendered output, or Python cache"
/tmp/forsikringsassistent-product-audit/rendered/contact-sheets/sheet-09.jpg,"reproducible source text, historical checkout copy, rendered output, or Python cache"
/tmp/forsikringsassistent-product-audit/rendered/contact-sheets/sheet-10.jpg,"reproducible source text, historical checkout copy, rendered output, or Python cache"
/tmp/forsikringsassistent-product-audit/rendered/contact-sheets/sheet-11.jpg,"reproducible source text, historical checkout copy, rendered output, or Python cache"
/tmp/forsikringsassistent-product-audit/rendered/contact-sheets/sheet-12.jpg,"reproducible source text, historical checkout copy, rendered output, or Python cache"
/tmp/forsikringsassistent-product-audit/rendered/contact-sheets/sheet-13.jpg,"reproducible source text, historical checkout copy, rendered output, or Python cache"
/tmp/forsikringsassistent-product-audit/rendered/contact-sheets/sheet-14.jpg,"reproducible source text, historical checkout copy, rendered output, or Python cache"
/tmp/forsikringsassistent-product-audit/rendered/contact-sheets/sheet-15.jpg,"reproducible source text, historical checkout copy, rendered output, or Python cache"
/tmp/forsikringsassistent-product-audit/rendered/contact-sheets/sheet-16.jpg,"reproducible source text, historical checkout copy, rendered output, or Python cache"
/tmp/forsikringsassistent-product-audit/rendered/contact-sheets/sheet-17.jpg,"reproducible source text, historical checkout copy, rendered output, or Python cache"
/tmp/forsikringsassistent-product-audit/rendered/page-1.png,"reproducible source text, historical checkout copy, rendered output, or Python cache"
/tmp/forsikringsassistent-product-audit/rendered/page-10.png,"reproducible source text, historical checkout copy, rendered output, or Python cache"
/tmp/forsikringsassistent-product-audit/rendered/page-100.png,"reproducible source text, historical checkout copy, rendered output, or Python cache"
/tmp/forsikringsassistent-product-audit/rendered/page-101.png,"reproducible source text, historical checkout copy, rendered output, or Python cache"
/tmp/forsikringsassistent-product-audit/rendered/page-102.png,"reproducible source text, historical checkout copy, rendered output, or Python cache"
/tmp/forsikringsassistent-product-audit/rendered/page-11.png,"reproducible source text, historical checkout copy, rendered output, or Python cache"
/tmp/forsikringsassistent-product-audit/rendered/page-12.png,"reproducible source text, historical checkout copy, rendered output, or Python cache"
/tmp/forsikringsassistent-product-audit/rendered/page-13.png,"reproducible source text, historical checkout copy, rendered output, or Python cache"
/tmp/forsikringsassistent-product-audit/rendered/page-14.png,"reproducible source text, historical checkout copy, rendered output, or Python cache"
/tmp/forsikringsassistent-product-audit/rendered/page-15.png,"reproducible source text, historical checkout copy, rendered output, or Python cache"
/tmp/forsikringsassistent-product-audit/rendered/page-16.png,"reproducible source text, historical checkout copy, rendered output, or Python cache"
/tmp/forsikringsassistent-product-audit/rendered/page-17.png,"reproducible source text, historical checkout copy, rendered output, or Python cache"
/tmp/forsikringsassistent-product-audit/rendered/page-18.png,"reproducible source text, historical checkout copy, rendered output, or Python cache"
/tmp/forsikringsassistent-product-audit/rendered/page-19.png,"reproducible source text, historical checkout copy, rendered output, or Python cache"
/tmp/forsikringsassistent-product-audit/rendered/page-2.png,"reproducible source text, historical checkout copy, rendered output, or Python cache"
/tmp/forsikringsassistent-product-audit/rendered/page-20.png,"reproducible source text, historical checkout copy, rendered output, or Python cache"
/tmp/forsikringsassistent-product-audit/rendered/page-21.png,"reproducible source text, historical checkout copy, rendered output, or Python cache"
/tmp/forsikringsassistent-product-audit/rendered/page-22.png,"reproducible source text, historical checkout copy, rendered output, or Python cache"
/tmp/forsikringsassistent-product-audit/rendered/page-23.png,"reproducible source text, historical checkout copy, rendered output, or Python cache"
/tmp/forsikringsassistent-product-audit/rendered/page-24.png,"reproducible source text, historical checkout copy, rendered output, or Python cache"
/tmp/forsikringsassistent-product-audit/rendered/page-25.png,"reproducible source text, historical checkout copy, rendered output, or Python cache"
/tmp/forsikringsassistent-product-audit/rendered/page-26.png,"reproducible source text, historical checkout copy, rendered output, or Python cache"
/tmp/forsikringsassistent-product-audit/rendered/page-27.png,"reproducible source text, historical checkout copy, rendered output, or Python cache"
/tmp/forsikringsassistent-product-audit/rendered/page-28.png,"reproducible source text, historical checkout copy, rendered output, or Python cache"
/tmp/forsikringsassistent-product-audit/rendered/page-29.png,"reproducible source text, historical checkout copy, rendered output, or Python cache"
/tmp/forsikringsassistent-product-audit/rendered/page-3.png,"reproducible source text, historical checkout copy, rendered output, or Python cache"
/tmp/forsikringsassistent-product-audit/rendered/page-30.png,"reproducible source text, historical checkout copy, rendered output, or Python cache"
/tmp/forsikringsassistent-product-audit/rendered/page-31.png,"reproducible source text, historical checkout copy, rendered output, or Python cache"
/tmp/forsikringsassistent-product-audit/rendered/page-32.png,"reproducible source text, historical checkout copy, rendered output, or Python cache"
/tmp/forsikringsassistent-product-audit/rendered/page-33.png,"reproducible source text, historical checkout copy, rendered output, or Python cache"
/tmp/forsikringsassistent-product-audit/rendered/page-34.png,"reproducible source text, historical checkout copy, rendered output, or Python cache"
/tmp/forsikringsassistent-product-audit/rendered/page-35.png,"reproducible source text, historical checkout copy, rendered output, or Python cache"
/tmp/forsikringsassistent-product-audit/rendered/page-36.png,"reproducible source text, historical checkout copy, rendered output, or Python cache"
/tmp/forsikringsassistent-product-audit/rendered/page-37.png,"reproducible source text, historical checkout copy, rendered output, or Python cache"
/tmp/forsikringsassistent-product-audit/rendered/page-38.png,"reproducible source text, historical checkout copy, rendered output, or Python cache"
/tmp/forsikringsassistent-product-audit/rendered/page-39.png,"reproducible source text, historical checkout copy, rendered output, or Python cache"
/tmp/forsikringsassistent-product-audit/rendered/page-4.png,"reproducible source text, historical checkout copy, rendered output, or Python cache"
/tmp/forsikringsassistent-product-audit/rendered/page-40.png,"reproducible source text, historical checkout copy, rendered output, or Python cache"
/tmp/forsikringsassistent-product-audit/rendered/page-41.png,"reproducible source text, historical checkout copy, rendered output, or Python cache"
/tmp/forsikringsassistent-product-audit/rendered/page-42.png,"reproducible source text, historical checkout copy, rendered output, or Python cache"
/tmp/forsikringsassistent-product-audit/rendered/page-43.png,"reproducible source text, historical checkout copy, rendered output, or Python cache"
/tmp/forsikringsassistent-product-audit/rendered/page-44.png,"reproducible source text, historical checkout copy, rendered output, or Python cache"
/tmp/forsikringsassistent-product-audit/rendered/page-45.png,"reproducible source text, historical checkout copy, rendered output, or Python cache"
/tmp/forsikringsassistent-product-audit/rendered/page-46.png,"reproducible source text, historical checkout copy, rendered output, or Python cache"
/tmp/forsikringsassistent-product-audit/rendered/page-47.png,"reproducible source text, historical checkout copy, rendered output, or Python cache"
/tmp/forsikringsassistent-product-audit/rendered/page-48.png,"reproducible source text, historical checkout copy, rendered output, or Python cache"
/tmp/forsikringsassistent-product-audit/rendered/page-49.png,"reproducible source text, historical checkout copy, rendered output, or Python cache"
/tmp/forsikringsassistent-product-audit/rendered/page-5.png,"reproducible source text, historical checkout copy, rendered output, or Python cache"
/tmp/forsikringsassistent-product-audit/rendered/page-50.png,"reproducible source text, historical checkout copy, rendered output, or Python cache"
/tmp/forsikringsassistent-product-audit/rendered/page-51.png,"reproducible source text, historical checkout copy, rendered output, or Python cache"
/tmp/forsikringsassistent-product-audit/rendered/page-52.png,"reproducible source text, historical checkout copy, rendered output, or Python cache"
/tmp/forsikringsassistent-product-audit/rendered/page-53.png,"reproducible source text, historical checkout copy, rendered output, or Python cache"
/tmp/forsikringsassistent-product-audit/rendered/page-54.png,"reproducible source text, historical checkout copy, rendered output, or Python cache"
/tmp/forsikringsassistent-product-audit/rendered/page-55.png,"reproducible source text, historical checkout copy, rendered output, or Python cache"
/tmp/forsikringsassistent-product-audit/rendered/page-56.png,"reproducible source text, historical checkout copy, rendered output, or Python cache"
/tmp/forsikringsassistent-product-audit/rendered/page-57.png,"reproducible source text, historical checkout copy, rendered output, or Python cache"
/tmp/forsikringsassistent-product-audit/rendered/page-58.png,"reproducible source text, historical checkout copy, rendered output, or Python cache"
/tmp/forsikringsassistent-product-audit/rendered/page-59.png,"reproducible source text, historical checkout copy, rendered output, or Python cache"
/tmp/forsikringsassistent-product-audit/rendered/page-6.png,"reproducible source text, historical checkout copy, rendered output, or Python cache"
/tmp/forsikringsassistent-product-audit/rendered/page-60.png,"reproducible source text, historical checkout copy, rendered output, or Python cache"
/tmp/forsikringsassistent-product-audit/rendered/page-61.png,"reproducible source text, historical checkout copy, rendered output, or Python cache"
/tmp/forsikringsassistent-product-audit/rendered/page-62.png,"reproducible source text, historical checkout copy, rendered output, or Python cache"
/tmp/forsikringsassistent-product-audit/rendered/page-63.png,"reproducible source text, historical checkout copy, rendered output, or Python cache"
/tmp/forsikringsassistent-product-audit/rendered/page-64.png,"reproducible source text, historical checkout copy, rendered output, or Python cache"
/tmp/forsikringsassistent-product-audit/rendered/page-65.png,"reproducible source text, historical checkout copy, rendered output, or Python cache"
/tmp/forsikringsassistent-product-audit/rendered/page-66.png,"reproducible source text, historical checkout copy, rendered output, or Python cache"
/tmp/forsikringsassistent-product-audit/rendered/page-67.png,"reproducible source text, historical checkout copy, rendered output, or Python cache"
/tmp/forsikringsassistent-product-audit/rendered/page-68.png,"reproducible source text, historical checkout copy, rendered output, or Python cache"
/tmp/forsikringsassistent-product-audit/rendered/page-69.png,"reproducible source text, historical checkout copy, rendered output, or Python cache"
/tmp/forsikringsassistent-product-audit/rendered/page-7.png,"reproducible source text, historical checkout copy, rendered output, or Python cache"
/tmp/forsikringsassistent-product-audit/rendered/page-70.png,"reproducible source text, historical checkout copy, rendered output, or Python cache"
/tmp/forsikringsassistent-product-audit/rendered/page-71.png,"reproducible source text, historical checkout copy, rendered output, or Python cache"
/tmp/forsikringsassistent-product-audit/rendered/page-72.png,"reproducible source text, historical checkout copy, rendered output, or Python cache"
/tmp/forsikringsassistent-product-audit/rendered/page-73.png,"reproducible source text, historical checkout copy, rendered output, or Python cache"
/tmp/forsikringsassistent-product-audit/rendered/page-74.png,"reproducible source text, historical checkout copy, rendered output, or Python cache"
/tmp/forsikringsassistent-product-audit/rendered/page-75.png,"reproducible source text, historical checkout copy, rendered output, or Python cache"
/tmp/forsikringsassistent-product-audit/rendered/page-76.png,"reproducible source text, historical checkout copy, rendered output, or Python cache"
/tmp/forsikringsassistent-product-audit/rendered/page-77.png,"reproducible source text, historical checkout copy, rendered output, or Python cache"
/tmp/forsikringsassistent-product-audit/rendered/page-78.png,"reproducible source text, historical checkout copy, rendered output, or Python cache"
/tmp/forsikringsassistent-product-audit/rendered/page-79.png,"reproducible source text, historical checkout copy, rendered output, or Python cache"
/tmp/forsikringsassistent-product-audit/rendered/page-8.png,"reproducible source text, historical checkout copy, rendered output, or Python cache"
/tmp/forsikringsassistent-product-audit/rendered/page-80.png,"reproducible source text, historical checkout copy, rendered output, or Python cache"
/tmp/forsikringsassistent-product-audit/rendered/page-81.png,"reproducible source text, historical checkout copy, rendered output, or Python cache"
/tmp/forsikringsassistent-product-audit/rendered/page-82.png,"reproducible source text, historical checkout copy, rendered output, or Python cache"
/tmp/forsikringsassistent-product-audit/rendered/page-83.png,"reproducible source text, historical checkout copy, rendered output, or Python cache"
/tmp/forsikringsassistent-product-audit/rendered/page-84.png,"reproducible source text, historical checkout copy, rendered output, or Python cache"
/tmp/forsikringsassistent-product-audit/rendered/page-85.png,"reproducible source text, historical checkout copy, rendered output, or Python cache"
/tmp/forsikringsassistent-product-audit/rendered/page-86.png,"reproducible source text, historical checkout copy, rendered output, or Python cache"
/tmp/forsikringsassistent-product-audit/rendered/page-87.png,"reproducible source text, historical checkout copy, rendered output, or Python cache"
/tmp/forsikringsassistent-product-audit/rendered/page-88.png,"reproducible source text, historical checkout copy, rendered output, or Python cache"
/tmp/forsikringsassistent-product-audit/rendered/page-89.png,"reproducible source text, historical checkout copy, rendered output, or Python cache"
/tmp/forsikringsassistent-product-audit/rendered/page-9.png,"reproducible source text, historical checkout copy, rendered output, or Python cache"
/tmp/forsikringsassistent-product-audit/rendered/page-90.png,"reproducible source text, historical checkout copy, rendered output, or Python cache"
/tmp/forsikringsassistent-product-audit/rendered/page-91.png,"reproducible source text, historical checkout copy, rendered output, or Python cache"
/tmp/forsikringsassistent-product-audit/rendered/page-92.png,"reproducible source text, historical checkout copy, rendered output, or Python cache"
/tmp/forsikringsassistent-product-audit/rendered/page-93.png,"reproducible source text, historical checkout copy, rendered output, or Python cache"
/tmp/forsikringsassistent-product-audit/rendered/page-94.png,"reproducible source text, historical checkout copy, rendered output, or Python cache"
/tmp/forsikringsassistent-product-audit/rendered/page-95.png,"reproducible source text, historical checkout copy, rendered output, or Python cache"
/tmp/forsikringsassistent-product-audit/rendered/page-96.png,"reproducible source text, historical checkout copy, rendered output, or Python cache"
/tmp/forsikringsassistent-product-audit/rendered/page-97.png,"reproducible source text, historical checkout copy, rendered output, or Python cache"
/tmp/forsikringsassistent-product-audit/rendered/page-98.png,"reproducible source text, historical checkout copy, rendered output, or Python cache"
/tmp/forsikringsassistent-product-audit/rendered/page-99.png,"reproducible source text, historical checkout copy, rendered output, or Python cache"
