(node:68698) [MODULE_TYPELESS_PACKAGE_JSON] Warning: Module type of file:///Users/morten/Documents/forsikringsapp/lib/agreement-pricing.ts is not specified and it doesn't parse as CommonJS.
Reparsing as ES module because module syntax was detected. This incurs a performance overhead.
To eliminate this warning, add "type": "module" to /Users/morten/Documents/forsikringsapp/package.json.
(Use `node --trace-warnings ...` to show where the warning was created)
✔ hovedtotal og separat tillegg dobbelttelles ikke (0.419542ms)
✔ uttrykkelig total for hele avtalen beholdes uten å legge til enkeltpremier (0.070791ms)
✔ én PDF beholder totalpris når den dekker hele avtalen (0.063125ms)
✔ uklar total skjules også ved én PDF (0.056542ms)
(node:68699) [MODULE_TYPELESS_PACKAGE_JSON] Warning: Module type of file:///Users/morten/Documents/forsikringsapp/lib/product-catalog.ts is not specified and it doesn't parse as CommonJS.
Reparsing as ES module because module syntax was detected. This incurs a performance overhead.
To eliminate this warning, add "type": "module" to /Users/morten/Documents/forsikringsapp/package.json.
(Use `node --trace-warnings ...` to show where the warning was created)
✔ exact ordinary/member lookup works generically for Tryg (1.505291ms)
✔ exact ordinary/member lookup works generically for If (0.3035ms)
✔ unknown scope fails closed even when a name only exists in one of several scopes (0.534167ms)
✔ one unambiguous member scope may be resolved without arbitrary ordinary default (0.114417ms)
✔ identity includes provider, type, scope, product and version independently (0.151416ms)
✔ ID lookup fails closed for reused IDs across scopes and types (0.13925ms)
✔ versions stay distinct inside one scope; name lookup never picks an arbitrary version (0.130709ms)
✔ all 121 existing products keep their exact lookup and component resolution (226.537542ms)
✔ scope does not create a provider or change legal provider aliases (0.447334ms)
✔ catalog identity references carry member scope and canonical type (7.855333ms)
✔ product inheritance cannot cross scope or version (0.467375ms)
✔ source resolution isolates ordinary, including legacy source metadata (10.318125ms)
✔ source resolution isolates synthetic-member, including legacy source metadata (0.121542ms)
✔ unscoped or contradictory source cannot enrich member product (0.073709ms)
✔ qualification evidence from another agreement cannot change a member fact (0.046833ms)
✔ cross-scope replacesBase cannot erase correct facts or enter enrichment evidence (0.143666ms)
✔ source validity and source version still apply inside agreement scope (0.091ms)
✔ member-only add-on is unavailable to ordinary and other providers (0.083625ms)
✔ ordinary legacy add-on does not become universally available to member product (0.044791ms)
✔ member add-on with an ordinary source is not selectable (0.060458ms)
✔ manual dropdown has exact scope and same-name choices have different identities (0.267167ms)
✔ manual unknown scope stays custom/unresolved; explicit member selection persists (0.802083ms)
✔ manual scope switch clears previous product and add-ons; custom name survives (0.175666ms)
✔ custom with stale reference never acquires catalog facts (0.059583ms)
✔ forged manual reference cannot cross scope or type (0.102958ms)
✔ manual version choice remains exact even when names repeat (0.274209ms)
✔ manual annual mileage and multiple products remain separate within member scope (17.644167ms)
✔ extraction contract is unchanged for a catalog without agreement definitions (0.58325ms)
✔ future extraction uses a closed nullable catalog enum and preserves exact scope (0.5335ms)
✔ scope boundary rejects unregistered/PII-shaped input NITO (0.141084ms)
✔ scope boundary rejects unregistered/PII-shaped input member@example.invalid (0.075042ms)
✔ scope boundary rejects unregistered/PII-shaped input 12345678901 (0.049708ms)
✔ scope boundary rejects unregistered/PII-shaped input member-number-123 (0.055083ms)
✔ scope boundary rejects unregistered/PII-shaped input object (0.058458ms)
✔ scope boundary rejects unregistered/PII-shaped input  synthetic-member (0.042334ms)
✔ registered scope for another provider is rejected at input boundary (0.060583ms)
✔ document value wins inside exact member catalog: 12 000 km (3.557417ms)
✔ document value wins inside exact member catalog: 31 000 km (3.561542ms)
✔ unknown ambiguous extraction remains document-only (0.599958ms)
✔ optional member add-on never implies selected while explicit refusal survives (0.935083ms)
✔ supporting terms attach only within exact scope, preserving evidence provenance (4.153584ms)
✔ ambiguous unknown customer/terms cannot attach through matching free-text product names (0.442417ms)
✔ two cars with same member product stay distinct and match reordered offer by object ID (1.100792ms)
✔ changing agreement across sides never changes customer-object identity (0.110583ms)
✔ same-side scope conflict prevents merging terms from different agreements (0.531542ms)
✔ same-side and cross-batch consolidation preserve member product scope (19.562958ms)
✔ scope survives extraction, role boundary and record retention (0.259916ms)
✔ supporting terms cannot bypass unresolved catalog versions through name fallback (0.287917ms)
✔ provider presentation remains insurer and agreement is a separate catalog label (0.144291ms)
✔ ordinary presentation benefits never leak into member agreements (4.168875ms)
✔ scope is excluded from existing telemetry event vocabulary (0.101583ms)
✔ current UI remains free from empty agreement selectors, with native future selector semantics (68.860583ms)
✔ catalog status remains positive for exact member reference and conservative for unknown (0.151375ms)
✔ exact selection guard rejects cross-scope product even with identical name (0.079541ms)
✔ standalone product predicate retains unknown-scope ambiguity protection (0.101167ms)
(node:68700) [MODULE_TYPELESS_PACKAGE_JSON] Warning: Module type of file:///Users/morten/Documents/forsikringsapp/lib/analysis-telemetry.ts is not specified and it doesn't parse as CommonJS.
Reparsing as ES module because module syntax was detected. This incurs a performance overhead.
To eliminate this warning, add "type": "module" to /Users/morten/Documents/forsikringsapp/package.json.
(Use `node --trace-warnings ...` to show where the warning was created)
✔ timing/usage allowlist never logs PDF text, PII, model-supplied names or secrets (1.548125ms)
✔ absent and malformed usage is unknown, not zero or logged text (0.098375ms)
✔ failed operations are timed without recording the error contents (0.427ms)
✔ two independent side calls overlap and retain input order when second finishes first (0.189208ms)
✔ side failure aborts sibling and awaits cleanup before returning (0.224375ms)
✔ concurrency boundary refuses more than two sides and admission releases idempotently (0.137833ms)
✔ structural benchmark: N documents remain one call per side, M products are not restricted to N (0.189416ms)
✔ request disconnect and deadline propagate bounded abort reasons (2.272875ms)
✔ stream byte limit applies without Content-Length and stops oversized multipart (22.491875ms)
✔ valid bounded multipart retains its fields and malformed input fails safely (17.590708ms)
✔ strict PDF extension and MIME validation allows common generic MIME only with pdf suffix (1.3505ms)
✔ isolated PDF worker extracts all products and never uses uploaded filename as a path (521.222125ms)
✔ actual corrupt and textless PDFs fail without raw parser details (315.657583ms)
✔ too many pages is rejected before extracting all page text (181.564208ms)
✔ parser timeout terminates worker; pre-abort starts no work (9.441583ms)
✔ PDF injection remains untrusted input; it never changes instructions or enables tools (1.765458ms)
✔ oversized model JSON is rejected before parsing (0.095416ms)
✔ semantic API receives abort signal and records usage without response contents (0.211292ms)
✔ semantic runtime validator rejects unexpected fields rather than trusting schema alone (4.795834ms)
✔ browser comparison measurements hold durations only and preserve returned data (0.476584ms)
✔ malformed percent-encoded session cookie is rejected without uncaught URI errors (0.261208ms)
✔ in-flight parser abort terminates work and does not return partial text (5.56575ms)
✔ declared-small request cannot bypass the streaming byte limit (8.669292ms)
✔ instrumented catalog enrichment preserves all effective facts and measures each document once (21.00225ms)
✔ worker preserves exact full text from existing Gjensidige and Tryg PDFs (786.879792ms)
(node:68701) [MODULE_TYPELESS_PACKAGE_JSON] Warning: Module type of file:///Users/morten/Documents/forsikringsapp/lib/catalog-product-comparison.ts is not specified and it doesn't parse as CommonJS.
Reparsing as ES module because module syntax was detected. This incurs a performance overhead.
To eliminate this warning, add "type": "module" to /Users/morten/Documents/forsikringsapp/package.json.
(Use `node --trace-warnings ...` to show where the warning was created)
✔ Båt/Hund/Katt gir tolv dynamiske produktfamilier (164.141333ms)
✔ Tryg Båt har source-backed produktpakke (0.604125ms)
✔ Tryg Hund har source-backed produktpakke (0.147209ms)
✔ Tryg Katt har source-backed produktpakke (0.1155ms)
✔ If Båt har source-backed produktpakke (0.311625ms)
✔ If Hund har source-backed produktpakke (0.219416ms)
✔ If Katt har source-backed produktpakke (0.201833ms)
✔ Gjensidige Båt har source-backed produktpakke (0.90325ms)
✔ Gjensidige Hund har source-backed produktpakke (0.37375ms)
✔ Gjensidige Katt har source-backed produktpakke (0.35225ms)
✔ Storebrand Båt har source-backed produktpakke (2.586792ms)
✔ Storebrand Hund har source-backed produktpakke (0.718ms)
✔ Storebrand Katt har source-backed produktpakke (0.540791ms)
✔ Fremtind Båt har source-backed produktpakke (0.342583ms)
✔ Fremtind Hund har source-backed produktpakke (0.100417ms)
✔ Fremtind Katt har source-backed produktpakke (0.0875ms)
✔ Frende Båt har source-backed produktpakke (0.273792ms)
✔ Frende Hund har source-backed produktpakke (0.087625ms)
✔ Frende Katt har source-backed produktpakke (0.080917ms)
✔ 65 offentlige originaler har verifiserbare SHA-256 hashes (6.859375ms)
✔ Båtproduktstruktur er provider-tro (0.142708ms)
✔ valgfrie Båt-komponenter forblir valgfrie i produktmodus (124.637292ms)
✔ Storebrand dyr kan velges som Veterinær, Dødsfall eller kombinasjon (58.9785ms)
✔ Hund-spesifikk bruksverdi lekker ikke til Katt (0.673166ms)
✔ årlig, hendelsesbasert og valgbar veterinærsum er separate identiteter (28.223083ms)
✔ fast egenandel og prosentandel beholder separate canonical facts (14.729583ms)
✔ nytegningsalder, reduksjonsalder og opphørsalder er separate identiteter (0.111791ms)
✔ Båt aliases normaliseres eksakt uten å bli Bil (0.127209ms)
✔ 54 representative source-to-catalog checks preserve numeric and conditional semantics (1.171709ms)
✔ manual product selection is exact for every provider and new family (6.846875ms)
✔ extraction schema accepts exact new-family facts and rejects arbitrary keys (0.403417ms)
✔ new-family product comparisons are symmetric and same-product safe (293.518167ms)
✔ canonical fact families stay isolated across species and vehicle types (0.761333ms)
✔ kundedokument vinner over katalog og katalogvalg velger ikke valgfritt liv (5.669709ms)
✔ eksplisitt valgt tillegg kan aktiveres uten å endre dokumentverdi (25.312458ms)
✔ produktpresentasjon bruker kuratert Båt- og dyrehierarki (128.368375ms)
✔ Båt bruker sikker serienummerstrategi, mens dyr uten sikker ID behandles konservativt (27.799458ms)
(node:68702) [MODULE_TYPELESS_PACKAGE_JSON] Warning: Module type of file:///Users/morten/Documents/forsikringsapp/lib/comparison.ts is not specified and it doesn't parse as CommonJS.
Reparsing as ES module because module syntax was detected. This incurs a performance overhead.
To eliminate this warning, add "type": "module" to /Users/morten/Documents/forsikringsapp/package.json.
(Use `node --trace-warnings ...` to show where the warning was created)
✔ manuelle Bil-begreper normaliseres deterministisk til katalogens hovedkeys (1.217958ms)
✔ manuell Ansvar og Maskinskade samles med katalogfacts på én key (15.424666ms)
✔ Reise holder sykeledsagelse samlet og tre varighetskonsepter separate (3.4445ms)
✔ Reise skiller eget og leid sportsutstyr samt ordinær og gjentatt mobilegenandel (0.762667ms)
✔ historisk Eika flykompensasjon holdes fra hotell- og arrangementsrefusjon (0.265583ms)
✔ Hus holder ulike egenandelsutløsere og gjenoppføringsytelser separate (0.719833ms)
✔ sikre Hus- og Bil-P1-keys er standardisert (1.394209ms)
✔ Innbo bruker separate målepunkter for verdigjenstander (2.802083ms)
✔ ukjent manuelt produkt beholder fakta uten fuzzy katalogkobling og UI viser status (0.320792ms)
✔ detaljfakta samles per familie med hoveddekning før støttefakta (0.945417ms)
✔ Maskinskade beholder reelt ulike eller uklare kilometerintervaller separate (7.376292ms)
✔ sikre Bil-underfakta samles på samme rad uten å endre provenance (16.159666ms)
✔ Bil bruker felles canonical keys for ansvar, rettshjelp og ung fører (0.159333ms)
✔ tidligere sikre katalognøkler normaliseres eksplisitt uten tekstmatching (0.059041ms)
✔ Hus samler gjentatt vannskade og sikre like objektgrupper (5.393584ms)
✔ ekte one-sided Innbo- og Reise-fakta forblir separate (8.853375ms)
(node:68703) [MODULE_TYPELESS_PACKAGE_JSON] Warning: Module type of file:///Users/morten/Documents/forsikringsapp/lib/comparison.ts is not specified and it doesn't parse as CommonJS.
Reparsing as ES module because module syntax was detected. This incurs a performance overhead.
To eliminate this warning, add "type": "module" to /Users/morten/Documents/forsikringsapp/package.json.
(Use `node --trace-warnings ...` to show where the warning was created)
✔ Kasko og Bil Ekstra er identiske på begge sider selv når bare én side har flere tillegg (46.21725ms)
✔ kundespesifikk egenandel vises når begge sider har ulik verdi (33.615959ms)
✔ ikke valgt tillegg skilles fra ikke dokumentert dekning (13.908542ms)
✔ hovedvisningen prioriterer effektiv dekning for Kasko med flere tillegg mot Delkasko (11.085917ms)
✔ tilleggets effektive totalskadegrenser sammenlignes med motpartens grunnprodukt (8.973584ms)
✔ grunnverdi og utvidelse forblir på samme side når motparten mangler datapunktet (12.775459ms)
✔ grunnverdier kan ikke bli motpartens effektive verdier for andre selskaper (0.755834ms)
(node:68704) [MODULE_TYPELESS_PACKAGE_JSON] Warning: Module type of file:///Users/morten/Documents/forsikringsapp/lib/catalog-enrichment.ts is not specified and it doesn't parse as CommonJS.
Reparsing as ES module because module syntax was detected. This incurs a performance overhead.
To eliminate this warning, add "type": "module" to /Users/morten/Documents/forsikringsapp/package.json.
(Use `node --trace-warnings ...` to show where the warning was created)
✔ asymmetry: silence/unknown leaves same eligible catalog bilnokkel.egenandel (13.974625ms)
✔ asymmetry: silence/unknown leaves same eligible catalog veihjelp.egenandel (2.243042ms)
✔ asymmetry: silence/unknown leaves same eligible catalog kasko.egenandel (1.755875ms)
✔ asymmetry: silence/unknown leaves same eligible catalog reparasjon.garanti (12.835ms)
✔ asymmetry: explicit customer bilnokkel.egenandel never copied across sides (2.63275ms)
✔ asymmetry: explicit customer bilnokkel.grense never copied across sides (1.623167ms)
✔ asymmetry: explicit customer veihjelp.egenandel never copied across sides (1.45475ms)
✔ optional Kasko unknown (11.230958ms)
✔ optional Kasko not_selected (1.045375ms)
✔ optional Kasko selected (1.009208ms)
✔ optional Pluss unknown (1.126667ms)
✔ optional Pluss not_selected (1.121ms)
✔ optional Pluss selected (6.174833ms)
✔ optional silence is unknown despite catalog details (1.239666ms)
✔ another provider uses same silence policy (2.058458ms)
✔ semantic roadside deductible, not numeric mapping 750 kr (0.876208ms)
✔ semantic roadside deductible, not numeric mapping 900 kr (0.887917ms)
✔ source catalog roadside amount remains a deductible (0.763292ms)
✔ key composite splits sum deductible count with document origin (11.748583ms)
✔ summary deductible is not extracted as key sum (3.9665ms)
✔ document totalskade wins only its own identity 15 000 km (7.33825ms)
✔ document totalskade wins only its own identity 17 000 km (3.639291ms)
✔ document totalskade wins only its own identity 20 000 km (18.348625ms)
✔ ambiguous kilometergrense cannot become document nyverdi (5.154333ms)
✔ catalog 20000 is directly sourced to Kasko full terms page 15 (0.780625ms)
✔ family child labels survive Valgt/Ikke valgt (0.677834ms)
✔ family child labels survive Valgt/Ikke dokumentert (0.519916ms)
✔ family child labels survive Valgt/Valgt (0.465709ms)
✔ family child labels survive Ikke dokumentert/Ikke dokumentert (0.433042ms)
✔ different family also retains child identity (0.4855ms)
✔ two-car extraction/batch/comparison/pricing reversed=false/false (147.763417ms)
✔ two-car extraction/batch/comparison/pricing reversed=false/true (71.256667ms)
✔ two-car extraction/batch/comparison/pricing reversed=true/false (82.794333ms)
✔ two-car extraction/batch/comparison/pricing reversed=true/true (163.306042ms)
(node:68705) [MODULE_TYPELESS_PACKAGE_JSON] Warning: Module type of file:///Users/morten/Documents/forsikringsapp/lib/catalog-enrichment.ts is not specified and it doesn't parse as CommonJS.
Reparsing as ES module because module syntax was detected. This incurs a performance overhead.
To eliminate this warning, add "type": "module" to /Users/morten/Documents/forsikringsapp/package.json.
(Use `node --trace-warnings ...` to show where the warning was created)
✔ Gjensidige Pluss og juridisk Gjensidige-navn Kasko matches deterministisk (10.827041ms)
✔ ukjent Gjensidige-produkt kobles ikke til Kasko eller Pluss (6.71525ms)
✔ PDF-berikelse kobler Pluss og Kasko og viser presis positiv katalogstatus (13.964708ms)
✔ dokumentert valgt Leiebil for Pluss forblir selected etter katalogberikelse (6.224042ms)
✔ dokumentert ikke valgt Leiebil for Kasko har forrang over katalogdefinisjon (2.154667ms)
✔ valgfri dekning som ikke er nevnt blir unknown selv om katalogen beskriver muligheten (5.046041ms)
✔ ubetinget basefaktum fra eksakt produktnivå berikes som valgt med katalogkilde (1.477667ms)
✔ matchinglaget er generelt for Tryg og bruker canonical type uten cross-provider-treff (0.88575ms)
✔ samme produktnavn isoleres på forsikringstype (0.790042ms)
✔ personbilaliaser matches, mens eksplisitte andre kjøretøy ikke matches som Bil (2.677292ms)
✔ katalogfakta og kundedokument beholder forskjellig provenance (2.926334ms)
(node:68706) [MODULE_TYPELESS_PACKAGE_JSON] Warning: Module type of file:///Users/morten/Documents/forsikringsapp/lib/catalog-source-resolution.ts is not specified and it doesn't parse as CommonJS.
Reparsing as ES module because module syntax was detected. This incurs a performance overhead.
To eliminate this warning, add "type": "module" to /Users/morten/Documents/forsikringsapp/package.json.
(Use `node --trace-warnings ...` to show where the warning was created)
✔ full terms outrank product page without numeric matching: 15 000 km (16.587375ms)
✔ full terms outrank product page without numeric matching: 12 000 km (0.137334ms)
✔ expired full terms cannot outrank currently applicable version (0.095833ms)
✔ same authority unresolved validity is conflict {} (0.120041ms)
✔ same authority unresolved validity is conflict {"effectiveFrom":"2026-01-01","validTo":"2027-01-01"} (0.082042ms)
✔ inapplicable higher authority cannot win {"providerId":"other"} (0.074417ms)
✔ inapplicable higher authority cannot win {"insuranceType":"Snøscooter"} (0.2585ms)
✔ inapplicable higher authority cannot win {"productIds":["pluss"]} (0.064417ms)
✔ inapplicable higher authority cannot win {"productVersion":"v1"} (0.060541ms)
✔ inapplicable higher authority cannot win {"effectiveFrom":"2027-01-01"} (0.090791ms)
✔ exact product specificity refines same authority (0.073125ms)
✔ distinct canonical mileage identities never compete (0.093083ms)
✔ legacy unspecified source types retain explicit component behavior (0.07325ms)
✔ production resolver applies source policy and preserves rejected evidence (0.497334ms)
(node:68707) [MODULE_TYPELESS_PACKAGE_JSON] Warning: Module type of file:///Users/morten/Documents/forsikringsapp/lib/comparison.ts is not specified and it doesn't parse as CommonJS.
Reparsing as ES module because module syntax was detected. This incurs a performance overhead.
To eliminate this warning, add "type": "module" to /Users/morten/Documents/forsikringsapp/package.json.
(Use `node --trace-warnings ...` to show where the warning was created)
✔ Totalskade presenteres som én familie mens canonical alder og kilometer forblir separate (34.694958ms)
✔ Maskinskade og Mobilitet bruker én topp-plass hver med flere underforskjeller (41.41175ms)
✔ bare faktiske Maskinskade-forskjeller tas med i familien (2.830875ms)
✔ alder og kilometer fra ulike dekninger havner i ulike familier (1.408958ms)
✔ ukjente nøkler grupperes ikke sammen bare fordi de har lik teknisk stamme (6.785792ms)
✔ Uhell samler dekning, geografi, grense og egenandel i én familie (1.013125ms)
✔ Hus holder Vann og fukt, Våtrom og Håndverkerfeil som egne familier (0.751833ms)
✔ Reisens rammer samler varighet, geografi og overnatting uten å slå facts sammen (1.3075ms)
✔ Tryg og Gjensidige øvelseskjøring vises samlet og kildebelagt uten canonical termKey (44.30525ms)
✔ betingelsene beholdes på riktig side i Tryg mot Gjensidige (16.588708ms)
✔ conditional-benefit påvirker ikke motorens missing coverage (10.772834ms)
✔ fordeler lekker ikke mellom providers (26.905417ms)
✔ Fremtind-fordeler lekker ikke mellom SpareBank 1, DNB og Eika (46.680958ms)
✔ provider uten dokumentert fordel får ikke oppdiktet verdi (5.772542ms)
✔ ukjent fritekstprovider blir ikke feilaktig merket som kontrollert uten fordel (5.905041ms)
✔ presentasjonskilder følger riktig side, provider og kanal (7.496625ms)
✔ tjenester klassifiseres separat fra coverage (0.371209ms)
(node:68708) [MODULE_TYPELESS_PACKAGE_JSON] Warning: Module type of file:///Users/morten/Documents/forsikringsapp/lib/coverage-status.ts is not specified and it doesn't parse as CommonJS.
Reparsing as ES module because module syntax was detected. This incurs a performance overhead.
To eliminate this warning, add "type": "module" to /Users/morten/Documents/forsikringsapp/package.json.
(Use `node --trace-warnings ...` to show where the warning was created)
✔ eksplisitt inkludert dekning blir selected og får korrekt UI-tekst (1.715208ms)
✔ eksplisitt ikke valgt dekning blir not_selected og får korrekt UI-tekst (0.311708ms)
✔ manglende dekning blir unknown og aldri not_selected (0.091125ms)
✔ ikke dokumentert og kan ikke avgjøres blir unknown (3.710917ms)
✔ eksplisitt leiebildetalj kan dokumentere hoveddekningen (3.892375ms)
✔ eksplisitt ikke valgt slår generisk tilleggsopplisting (3.399042ms)
✔ maskinskadedetaljer kan dokumentere hoveddekningen (0.193083ms)
✔ manglende maskinskadeinformasjon blir unknown (0.084584ms)
✔ statusmodellen virker også for Innbo (0.130708ms)
✔ personbilvariantene beholder samme kanoniske forsikringstype (0.128542ms)
✔ detaljrader beholdes etter at hovedstatus er utledet (2.517334ms)
✔ ubekreftet katalogdata alene velger ikke kundedekning (0.087458ms)
✔ eksplisitt dokumentstatus overstyrer bekreftet katalogdata (0.122458ms)
✔ uløst konflikt på samme evidensnivå blir unknown (1.085083ms)
✔ unknown mot unknown blir ikke en viktig forskjell (3.240709ms)
✔ selected mot not_selected blir en viktig statusforskjell (1.849ms)
(node:68709) [MODULE_TYPELESS_PACKAGE_JSON] Warning: Module type of file:///Users/morten/Documents/forsikringsapp/lib/analysis-output.ts is not specified and it doesn't parse as CommonJS.
Reparsing as ES module because module syntax was detected. This incurs a performance overhead.
To eliminate this warning, add "type": "module" to /Users/morten/Documents/forsikringsapp/package.json.
(Use `node --trace-warnings ...` to show where the warning was created)
✔ customer price: combined individual agreement and general sections retain the concrete customer facts (83.162625ms)
✔ customer price: separate roles, separate PDF=false (34.35875ms)
✔ customer price: separate roles, separate PDF=true (46.853292ms)
✔ customer price: terms-only examples cannot create a customer or price contribution (1.567958ms)
✔ customer price: two objects and terms survive side=existing, reverse=false, split=false (68.343041ms)
✔ customer price: two objects and terms survive side=existing, reverse=false, split=true (24.570292ms)
✔ customer price: two objects and terms survive side=existing, reverse=true, split=false (10.854875ms)
✔ customer price: two objects and terms survive side=existing, reverse=true, split=true (54.002875ms)
✔ customer price: two objects and terms survive side=offer, reverse=false, split=false (20.715708ms)
✔ customer price: two objects and terms survive side=offer, reverse=false, split=true (43.941458ms)
✔ customer price: two objects and terms survive side=offer, reverse=true, split=false (11.201125ms)
✔ customer price: two objects and terms survive side=offer, reverse=true, split=true (78.863333ms)
✔ customer price: kr remains valid through role separation (4.180125ms)
✔ customer price: kr. remains valid through role separation (15.915292ms)
✔ customer price: same-object cross-batch consolidation retains prices from the individual record (133.410875ms)
✔ customer price: a legitimate unpriced customer remains in the partial portfolio (12.887667ms)
✔ customer price: uncertain role unknown and no secure ID do not discard customer prices (3.900125ms)
✔ customer price: uncertain role undefined and no secure ID do not discard customer prices (59.756334ms)
✔ customer price: non-vehicle customer price and deductible survive supporting terms (17.737666ms)
✔ customer price: manual registration retains its own declared annual price (7.853042ms)
✔ customer price diagnostic: missing final prices do not prove they were in extraction (13.841917ms)
✔ customer price: generic examples with an object ID are still not customer-authoritative prices (6.423542ms)
(node:68710) [MODULE_TYPELESS_PACKAGE_JSON] Warning: Module type of file:///Users/morten/Documents/forsikringsapp/lib/production-trace-server.ts is not specified and it doesn't parse as CommonJS.
Reparsing as ES module because module syntax was detected. This incurs a performance overhead.
To eliminate this warning, add "type": "module" to /Users/morten/Documents/forsikringsapp/package.json.
(Use `node --trace-warnings ...` to show where the warning was created)
✔ price trace: extraction and role boundary distinguish customer (131.482ms)
✔ price trace: extraction and role boundary distinguish supporting (101.504875ms)
✔ price trace: extraction and role boundary distinguish absent (148.710333ms)
✔ price trace: extraction and role boundary distinguish mixed (185.892667ms)
✔ price trace: price-bearing supporting records are explicitly blocked for the actual attached customer (71.882ms)
✔ price trace: ordinary attachment preserves before/after customer prices (60.649459ms)
✔ price trace: a test-injected later loss is distinguishable from extraction absence or supporting placement (107.111166ms)
✔ price trace: ON/OFF equality and exact refs, reverse=false, split=false (242.142208ms)
✔ price trace: ON/OFF equality and exact refs, reverse=false, split=true (146.929875ms)
✔ price trace: ON/OFF equality and exact refs, reverse=true, split=false (166.350417ms)
✔ price trace: ON/OFF equality and exact refs, reverse=true, split=true (132.958125ms)
✔ price trace: merged customer refs link back to every extracted record across batches (105.800458ms)
✔ price trace: terms-only prices keep a source record ref without an invented customer target (3.22125ms)
✔ price trace: concurrent requests have isolated refs, roles, price states and trace IDs (217.425125ms)
✔ price trace: valid key is distinct from an undocumented value and zero stays documented (0.193208ms)
✔ price trace: later label normalization is visible without claiming the explicit key existed at extraction (95.622334ms)
✔ price trace: unknown role and missing identity remain eligible without an invented role (63.398583ms)
✔ price trace: invalid identity is a boolean, never raw IDs or their hashes (105.671084ms)
✔ price trace: denylist at every new top-level and nested price boundary (1.035333ms)
✔ price trace: closed enums, refs, complete key vectors and boolean types fail closed (0.253625ms)
✔ price trace: records with private labels, product text, filenames and values yield structural metadata only (92.051292ms)
✔ price trace: sink or attachment observer failures cannot alter customer output (133.5935ms)
(node:68711) [MODULE_TYPELESS_PACKAGE_JSON] Warning: Module type of file:///Users/morten/Documents/forsikringsapp/lib/comparison.ts is not specified and it doesn't parse as CommonJS.
Reparsing as ES module because module syntax was detected. This incurs a performance overhead.
To eliminate this warning, add "type": "module" to /Users/morten/Documents/forsikringsapp/package.json.
(Use `node --trace-warnings ...` to show where the warning was created)
✔ kundespesifikk verdi gjør ikke standardegenandel med forbehold til kundens verdi (117.708625ms)
✔ to manuelt registrerte generelle egenandeler sammenlignes uten å overstyre skadetyper (55.759875ms)
✔ to uttrykkelig overstyrende særskilte egenandeler kan sammenlignes direkte (4.091459ms)
✔ manglende kundespesifikk egenandel gjør ikke katalogstandard til sikker forskjell (41.930083ms)
✔ standard- og skadetypeverdier med alle kilder blir i detaljvisningen (25.071208ms)
✔ ukjent opphav til PDF-egenandel gir ingen sikker kundespesifikk konklusjon (20.620583ms)
(node:68712) [MODULE_TYPELESS_PACKAGE_JSON] Warning: Module type of file:///Users/morten/Documents/forsikringsapp/lib/document-fact-normalization.ts is not specified and it doesn't parse as CommonJS.
Reparsing as ES module because module syntax was detected. This incurs a performance overhead.
To eliminate this warning, add "type": "module" to /Users/morten/Documents/forsikringsapp/package.json.
(Use `node --trace-warnings ...` to show where the warning was created)
✔ Maskinskade maximum and deductible band keep separate canonical identities (9.95175ms)
✔ alternative Maskinskade ranges are parsed from semantic labels, not pilot values (0.693125ms)
✔ reversing Maskinskade extraction order preserves identities (1.172417ms)
✔ other mileage facts never become Maskinskade mileage (1.6375ms)
✔ compound Maskinskade wording stops the coverage limit before deductible bands (1.102958ms)
✔ Ladekabel is isolated from Parkeringsskade (0.296583ms)
✔ Ladekabel is isolated from Startleie (0.256209ms)
✔ sibling coverage grouping is order independent A/B/C (0.380458ms)
✔ sibling coverage grouping is order independent C/A/B (0.3525ms)
✔ sibling coverage grouping is order independent B/C/A (4.309417ms)
✔ missing sibling does not change the other canonical identities (0.279334ms)
✔ alternative sibling values stay attached to their own facts through comparison (0.7755ms)
✔ generic precise-label repair also isolates non-Bil sibling coverages (0.919958ms)
(node:68713) [MODULE_TYPELESS_PACKAGE_JSON] Warning: Module type of file:///Users/morten/Documents/forsikringsapp/lib/comparison.ts is not specified and it doesn't parse as CommonJS.
Reparsing as ES module because module syntax was detected. This incurs a performance overhead.
To eliminate this warning, add "type": "module" to /Users/morten/Documents/forsikringsapp/package.json.
(Use `node --trace-warnings ...` to show where the warning was created)
✔ DNBs fem hoveddokumenter er de samme kanoniske Fremtind-filene som SpareBank 1 (25.415875ms)
✔ DNB er egen distribusjon med samme dokumenterte hovednivåer og effektiv dekning (7.126667ms)
✔ DNB-tillegg bruker de aktive felles Fremtind-vilkårene på Kasko og Topp (0.518291ms)
✔ DNB og SpareBank 1 gir ingen forskjeller for samme hovednivå uten tillegg (19.292792ms)
✔ UI-runtime med tillegg beholder identisk hoveddekning og bare dokumenterte tilleggsavvik (61.956542ms)
✔ DNB Topp kan sammenlignes kildeisolert mot Tryg (21.054708ms)
✔ UI-formet DNB-request beholder distribusjonsidentitet og valgte tillegg (1.934625ms)
(node:68714) [MODULE_TYPELESS_PACKAGE_JSON] Warning: Module type of file:///Users/morten/Documents/forsikringsapp/lib/catalog-enrichment.ts is not specified and it doesn't parse as CommonJS.
Reparsing as ES module because module syntax was detected. This incurs a performance overhead.
To eliminate this warning, add "type": "module" to /Users/morten/Documents/forsikringsapp/package.json.
(Use `node --trace-warnings ...` to show where the warning was created)
✔ uttrekksinstruksen prioriterer kundens forsikringsbevis foran generelle produktvilkår (0.782042ms)
✔ sammensatt dokumentverdi for maskinskade slår katalogens alder (12.453542ms)
✔ sammensatt dokumentverdi beholder 200 000 km uten katalogduplikat (5.547042ms)
✔ eksplisitt negativ leiebilstatus i dekningssammendrag blir not_selected (4.602958ms)
✔ eksplisitt valgt leiebilstatus i annet dokumentfelt blir selected (5.681667ms)
✔ manglende leiebilinformasjon for valgfri dekning forblir unknown (0.961833ms)
✔ førstegangsregistrering flyttes fra sammendrag til canonical dokumentfelt (1.229375ms)
✔ sammendrag med eksplisitte maskin-, nøkkel- og totalskadegrenser får canonical dokumentforrang (1.714375ms)
✔ sammendragsparser krysser ikke fra én dekning til en annen (1.243833ms)
✔ eksplisitt førstegangsregistreringsfelt bruker samme canonical key (0.959708ms)
✔ Kasko beholder dokumentert bilnøkkelsum på 7 500 kr (1.211042ms)
✔ Pluss beholder dokumentert bilnøkkelsum på 15 000 kr (5.174959ms)
✔ Kasko totalskadegaranti bruker dokumentets 1 år og 15 000 km (0.884375ms)
✔ Pluss totalskadegaranti bruker dokumentets 3 år og 60 000 km (0.955083ms)
✔ katalogen supplerer fortsatt canonical felt som dokumentet mangler (3.344708ms)
✔ ulike rå etiketter med samme canonical felt gir dokumentforrang (1.002667ms)
✔ forskjellige semantiske felt beholdes selv om begge gjelder maskinskade (3.607417ms)
✔ ukjent nesten-lik etikett fuzzy-matches ikke til canonical detail (7.903792ms)
✔ dokumentforrang er providernøytral og virker for Tryg Bil (4.387458ms)
✔ Gjensidige Kasko og Pluss beholder sikre katalogreferanser (1.564666ms)
✔ dokument- og katalogprovenance forblir atskilt etter sammenslåing (1.273791ms)
✔ reelt Kasko/Pluss-case beholder kundeverdier gjennom comparison (14.662875ms)
✔ normalisering er forsikringstypeavgrenset (0.65975ms)
(node:68715) [MODULE_TYPELESS_PACKAGE_JSON] Warning: Module type of file:///Users/morten/Documents/forsikringsapp/lib/document-fact-normalization.ts is not specified and it doesn't parse as CommonJS.
Reparsing as ES module because module syntax was detected. This incurs a performance overhead.
To eliminate this warning, add "type": "module" to /Users/morten/Documents/forsikringsapp/package.json.
(Use `node --trace-warnings ...` to show where the warning was created)
✔ document 15 000 km survives every stage (separate) (91.331542ms)
✔ document 15 000 km survives every stage (qualified) (26.61225ms)
✔ document 15 000 km survives every stage (canonical) (27.219333ms)
✔ document 17 000 km survives every stage (separate) (23.0035ms)
✔ document 17 000 km survives every stage (qualified) (26.080833ms)
✔ document 17 000 km survives every stage (canonical) (24.283625ms)
✔ document 12 000 km survives every stage (separate) (44.510083ms)
✔ document 12 000 km survives every stage (qualified) (22.015667ms)
✔ document 12 000 km survives every stage (canonical) (32.537208ms)
✔ same-object cross-batch fragments preserve document limit and sources (42.444875ms)
✔ normalizing a canonical document fact twice retains its identity (0.349083ms)
✔ exact product qualifier works for another existing provider (1.2095ms)
✔ wrong product qualifier cannot supply a limit (0.285709ms)
✔ vehicle type cannot inherit Bil qualified totalskade facts (2.749791ms)
✔ generic kilometer label without canonical key remains ambiguous (0.440833ms)
✔ two logical cars retain Kasko 1/15000 and Pluss 3/60000 in reversed portfolios (24.89875ms)
(node:68716) [MODULE_TYPELESS_PACKAGE_JSON] Warning: Module type of file:///Users/morten/Documents/forsikringsapp/lib/analysis-output.ts is not specified and it doesn't parse as CommonJS.
Reparsing as ES module because module syntax was detected. This incurs a performance overhead.
To eliminate this warning, add "type": "module" to /Users/morten/Documents/forsikringsapp/package.json.
(Use `node --trace-warnings ...` to show where the warning was created)
✔ dokumentets maskinskadealder er den eneste effektive verdien (12.12125ms)
✔ dokumentets maskinskadekilometer vinner også når katalogverdien er lik (2.973875ms)
✔ canonical Maskinskade-sammendrag bruker 10 år og lekker ikke 12 år (2.901125ms)
✔ Kasko totalskadegaranti bruker dokumentets 15 000 km fremfor katalogens 20 000 km (2.479458ms)
✔ Pluss totalskadegaranti beholder dokumentets separate 3 år og 60 000 km (1.195708ms)
✔ generisk totalskadeetikett får sikkert scope fra modellens canonical fact-ID (1.850666ms)
✔ leiebilens fire varigheter får separate canonical nøkler (4.65775ms)
✔ leiebilsammendrag bruker 30 dager ved tekniske problemer, ikke katalogens 15 (4.706ms)
✔ fullt leiebilsammendrag beholder reparasjon, totalskade, teknisk problem og feriereise (5.268208ms)
✔ Kia Kasko beholder eksplisitt ikke valgt Leiebil (2.61675ms)
✔ Kia-displaynavn katalogmatches med separat canonical Kasko-identitet (10.343708ms)
✔ Leaf-displaynavn katalogmatches med separat canonical Pluss-identitet (0.975041ms)
✔ ukjent canonical produktidentitet fuzzy-matches ikke via et Kasko-lignende displaynavn (0.397417ms)
✔ eksplisitt ukjent canonical produktidentitet faller ikke tilbake til displaynavnet (0.040167ms)
✔ katalogmatch er uavhengig av bilmodell og registreringsnummer i displaynavnet (1.471875ms)
✔ konfliktende catalogFacts beholdes som audit selv når dokumentverdien vinner (1.334792ms)
✔ presentation får ikke den konfliktende katalogalderen som kundeverdi (43.236083ms)
✔ Viktigste forskjeller bruker effektive totalskadeverdier (42.124542ms)
✔ detaljert sammenligning bruker effektive canonical kundeverdier (21.76725ms)
✔ katalogkilde vises fortsatt når katalogen supplerer et manglende felt (2.436625ms)
✔ samme resolution-path fungerer for Tryg uten providerspesialregel (1.8245ms)
✔ feriereiseverdien kan ikke lekke til tekniske problemer (6.701875ms)
✔ maskinskadealder kolliderer ikke med parkerings- eller totalskadealder (4.607959ms)
✔ modell-schema krever separat canonical produktidentitet (1.412542ms)
✔ Pluss totalskadegrense splittes også når uttrekket plasserer paret på aldersnøkkelen (2.718875ms)
✔ sammensatt totalskadealias normaliseres uten fuzzy matching (7.681625ms)
✔ generisk aldersgrense tolkes ikke som totalskadegaranti (5.223916ms)
✔ varierende dokumentgrenser hardkodes ikke til pilotens 3 år og 60 000 km (0.866583ms)
✔ Pluss beholder tre separate dokumenterte premiefakta og konsistent objekttotal (9.83425ms)
✔ Kasko beholder tre separate dokumenterte premiefakta og konsistent objekttotal (3.034708ms)
✔ Tryg-premie bruker samme generelle TFA-normalisering (1.181917ms)
✔ manglende total beregnes ikke fra ekskl-premie og avgift (0.909291ms)
✔ avtaletotal overføres ikke til hvert kjøretøy (0.603875ms)
✔ document selected status and canonical addon metadata restore addon overview (7.909708ms)
✔ ikke valgt leiebil listes aldri som valgt tillegg (0.9775ms)
✔ standarddekninger og katalog alene skaper ikke dokumenterte tillegg (1.636416ms)
✔ Tryg dokumentert Leiebil-tillegg vises gjennom samme tilleggsoversikt (7.739709ms)
✔ bilnøkkel og førstegangsregistrering beholdes under korrekthetsoppryddingen (2.536916ms)
✔ JSON-uttrekk med canonical premium keys går gjennom validering, enrichment og presentasjon (1.543541ms)
✔ motstridende eksplisitte premietotaler velges ikke vilkårlig (2.193459ms)
✔ tilleggsoversikten dupliserer ikke addOns og effektive statuser (9.416916ms)
✔ separat totalskadealder beholder hele dokumentformuleringen uten konkurrerende kortverdi (2.036ms)
(node:68717) [MODULE_TYPELESS_PACKAGE_JSON] Warning: Module type of file:///Users/morten/Documents/forsikringsapp/lib/comparison.ts is not specified and it doesn't parse as CommonJS.
Reparsing as ES module because module syntax was detected. This incurs a performance overhead.
To eliminate this warning, add "type": "module" to /Users/morten/Documents/forsikringsapp/package.json.
(Use `node --trace-warnings ...` to show where the warning was created)
✔ Eikas gjeldende Bil og IPID er byte-identiske kanoniske Fremtind-kilder (207.794667ms)
✔ M05P dokumenterer en annen Pluss-struktur og aktiveres ikke som dagens Topp (90.828083ms)
✔ Eika Topp gjenbruker hele hovedproduktet, med effective/base og Parkeringsskade (4.649416ms)
✔ Eika har samme hoveddekning som SpareBank 1 og DNB, men separat auditert øvelseskjøringsfordel (12.612583ms)
✔ Eika-tillegg bruker de aktive felles Fremtind-vilkårene (16.265542ms)
✔ Eika Topp sammenlignes kildeisolert mot Tryg (19.739333ms)
✔ UI-runtime beholder Eika-identitet, arv og begge valgte tillegg (34.642083ms)
(node:68718) [MODULE_TYPELESS_PACKAGE_JSON] Warning: Module type of file:///Users/morten/Documents/forsikringsapp/lib/comparison.ts is not specified and it doesn't parse as CommonJS.
Reparsing as ES module because module syntax was detected. This incurs a performance overhead.
To eliminate this warning, add "type": "module" to /Users/morten/Documents/forsikringsapp/package.json.
(Use `node --trace-warnings ...` to show where the warning was created)
✔ normal katalog viser én kanonisk Fremtind-identitet og fire hovednivåer (3.760458ms)
✔ Topp bruker effektiv 3 år / 100 000 km og beholder Kasko-base på samme side (4.768292ms)
✔ distribusjonskanal beholder stabile tilleggs-ID-er med felles aktive vilkår (4.028375ms)
✔ UI-formet Fremtind-request beholder kanal og tillegg gjennom presentasjonen (118.475291ms)
✔ katalogreferanse fra en annen Fremtind-distribusjon kan ikke lekke inn (0.961666ms)
(node:68719) [MODULE_TYPELESS_PACKAGE_JSON] Warning: Module type of file:///Users/morten/Documents/forsikringsapp/lib/comparison.ts is not specified and it doesn't parse as CommonJS.
Reparsing as ES module because module syntax was detected. This incurs a performance overhead.
To eliminate this warning, add "type": "module" to /Users/morten/Documents/forsikringsapp/package.json.
(Use `node --trace-warnings ...` to show where the warning was created)
✔ fire produktfiler og tre kanaloversikter er lokale, uendrede og registrert (16.96125ms)
✔ fullvilkår og IPID dokumenterer Standard, Topp og arv (160.810375ms)
✔ Fremtind er provider og kanalene lager ikke dupliserte Hus-produkter (1.581292ms)
✔ Eika, SpareBank 1, DNB og ukjent kanal løser samme canonical produkt (3.745042ms)
✔ Standard modellerer forsikringsbevis, form, objekter og grunnskader (0.235459ms)
✔ Topp erstatter Standard for tak, våtrom, håndverkerfeil og skadedyr (2.012791ms)
✔ råte/insekter er ett separat tillegg på begge nivåer uten å duplisere Topp-skadedyr (13.9605ms)
✔ utleietillegget skiller mislighold fra ordinært bygningsskadeleietap (0.3265ms)
✔ gjenoppføring, påbud og Topp-totalskade har dokumenterte grenser (0.287208ms)
✔ egenandeler og aldersfradrag er klassifisert separat (0.222166ms)
✔ ansvar og rettshjelp har riktig rolle, summer og egenandeler (0.157959ms)
✔ ingen fremtidige kilder eller udokumenterte kanaloverrides aktiveres (0.213541ms)
✔ Fremtind sammenlignes mot alle fire eksisterende Hus-selskaper uten kildemiks (55.460291ms)
✔ runtime flyter gjennom kanal, tillegg, effective/base og presentasjon (46.066833ms)
✔ Fremtind Bil, Innbo og Hus beholder kanal og typeisolasjon (8.378791ms)
(node:68720) [MODULE_TYPELESS_PACKAGE_JSON] Warning: Module type of file:///Users/morten/Documents/forsikringsapp/lib/comparison.ts is not specified and it doesn't parse as CommonJS.
Reparsing as ES module because module syntax was detected. This incurs a performance overhead.
To eliminate this warning, add "type": "module" to /Users/morten/Documents/forsikringsapp/package.json.
(Use `node --trace-warnings ...` to show where the warning was created)
✔ offisielle Fremtind Innbo-kilder er lokale, uendrede og versjonerte (355.522792ms)
✔ Fremtind er én provider med Innbo og Innbo Pluss i UI og Standard/Topp i kilden (2.164584ms)
✔ Eika, SpareBank 1, DNB og ukjent kanal løser samme dokumenterte canonical fakta (1.606583ms)
✔ forsikringssum og generell egenandel er forsikringsbevisstyrt (0.17175ms)
✔ Innbo har kildebaserte særgrenser, skadeårsaker og spesialegenandeler (0.147834ms)
✔ Innbo Pluss bruker effektive Topp-verdier og beholder Standard-base (1.20075ms)
✔ Innbo Pluss strukturerer uhell, flytting, skadedyr, ID-tyveri og boligtilpasning (0.23925ms)
✔ ansvar og rettshjelp bevarer dokumenterte summer, geografi og kilder (0.110583ms)
✔ alle effektive fakta har komplett kildeproveniens (0.180334ms)
✔ fem selskapers grunn- og toppnivå kan sammenlignes på felles Innbo-nøkler (105.089291ms)
✔ toppnivåer sammenligner dokumenterte uhell, flytting, skadedyr, ID og boligtilpasning (48.913667ms)
✔ Innbo-prioriteringen beholdes generell for Fremtind (5.699708ms)
✔ UI-formet runtime beholder kanal, produkt, effective/base og presentasjon (96.169917ms)
✔ Fremtind Bil og Innbo i samme avtale holder type, kilder og tillegg adskilt (1.277459ms)
✔ katalogreferanse fra annen type eller provider kan ikke lekke inn (0.7975ms)
(node:68721) [MODULE_TYPELESS_PACKAGE_JSON] Warning: Module type of file:///Users/morten/Documents/forsikringsapp/lib/comparison.ts is not specified and it doesn't parse as CommonJS.
Reparsing as ES module because module syntax was detected. This incurs a performance overhead.
To eliminate this warning, add "type": "module" to /Users/morten/Documents/forsikringsapp/package.json.
(Use `node --trace-warnings ...` to show where the warning was created)
✔ sju offisielle Fremtind Reise-kilder er lokale og hashverifiserte (13.04ms)
✔ aktiv Fremtind Reise er én produktgenerasjon og historisk Eika er eksplisitt separat (2.430042ms)
✔ aktive kilder er PRE-450.200-015 og IPID V.104 for alle tre kanaler (0.080834ms)
✔ aktiv generasjon har ett nivå uten historiske plusstillegg (0.801416ms)
✔ historiske kilder og produkter er tydelig avgrenset til Eika-generasjonen (0.532959ms)
✔ alle aktive fakta peker bare på aktivt hovedvilkår eller IPID (2.045208ms)
✔ aktiv standard er 70 dager og andre varigheter er bare kundespesifikke valg (0.279917ms)
✔ SpareBank 1 DNB og Eika nytegning velger samme aktive katalogreferanse (2.118375ms)
✔ historisk Eika P10 og P10P beholder 77 dager og Reise Pluss-arv (0.391375ms)
✔ aktiv og historisk provenance og fakta lekker ikke mellom generasjoner (0.292375ms)
✔ aktive reisegods forsinkelse leiebil og sykdomsfakta følger nytt vilkår (0.200167ms)
✔ aktiv reiseavbrudd avbestilling ulykke og rettshjelp følger nytt vilkår (0.2075ms)
✔ manual flow krever eksplisitt historisk navn og stabil katalogreferanse (1.857292ms)
✔ feil katalogreferanse kan ikke bytte aktiv og historisk generasjon (2.633125ms)
✔ kundedokumentets avtalte reisevarighet kan beholdes uten automatisk katalogkobling (0.41925ms)
✔ PDF-uttrekk bevarer eksplisitt produktgenerasjon og avtalt varighet uten automatisk remapping (0.110959ms)
✔ aktiv mot historisk viser reell 70 mot 77-dagers forskjell (9.1365ms)
✔ SpareBank 1 mot DNB aktiv Reise gir ingen falsk varighetsforskjell (7.295209ms)
✔ fire forsikringstyper for Fremtind er fortsatt isolert (2.652167ms)
(node:68722) [MODULE_TYPELESS_PACKAGE_JSON] Warning: Module type of file:///Users/morten/Documents/forsikringsapp/lib/comparison.ts is not specified and it doesn't parse as CommonJS.
Reparsing as ES module because module syntax was detected. This incurs a performance overhead.
To eliminate this warning, add "type": "module" to /Users/morten/Documents/forsikringsapp/package.json.
(Use `node --trace-warnings ...` to show where the warning was created)
✔ offisielle Frende-kilder har kontrollert hash, dato og dokumentankere (183.025042ms)
✔ Frende har dokumentert Ansvar → Delkasko → Kasko → Utvidet-arv (6.289291ms)
✔ Leiebil og Maskinskade er uavhengige tillegg på Kasko og Utvidet (0.888542ms)
✔ egenandeler beholder standard-, referanse- og særskilt klassifisering (0.670209ms)
✔ UI-runtime beholder begge Frende-tillegg til sammenligning mot Tryg (78.797208ms)
✔ Frende sammenlignes kildeisolert mot Fremtind og If (93.466959ms)
(node:68723) [MODULE_TYPELESS_PACKAGE_JSON] Warning: Module type of file:///Users/morten/Documents/forsikringsapp/lib/comparison.ts is not specified and it doesn't parse as CommonJS.
Reparsing as ES module because module syntax was detected. This incurs a performance overhead.
To eliminate this warning, add "type": "module" to /Users/morten/Documents/forsikringsapp/package.json.
(Use `node --trace-warnings ...` to show where the warning was created)
✔ fem offisielle Frende Hus-filer er lokale, uendrede og korrekt datert (414.606042ms)
✔ Frende Hus har Standard og dokumentert arvet Utvidet (4.667875ms)
✔ begge nivåer tilbyr nøyaktig råte/skadedyr og utleie og kan kombinere dem (0.959167ms)
✔ Standard modellerer forsikringsbevis, form, bygninger og uteobjekter (0.224542ms)
✔ brann, elektrisk, plutselig skade, vann og terrengvann er separate fakta (0.234458ms)
✔ gjeldende fullvilkår legger tining i Standard til tross for produktsiden (0.308666ms)
✔ Utvidet erstatter Standard presist for tak, våtrom og håndverkerfeil (1.522708ms)
✔ grunnskadedyr og råtetillegg har ulike scope uten duplikat (0.346416ms)
✔ utleietillegget dokumenterer bare skadeverk og holder leietap separat (0.172083ms)
✔ naturskade, boligtilpasning, gjenoppføring og påbud har dokumenterte grenser (0.2145ms)
✔ egenandeler og Frendes egen aldersfradragstabell er klassifisert (0.253917ms)
✔ ansvar, rettshjelp og bygg under oppføring holdes korrekt adskilt (0.158958ms)
✔ provenance og effective/base bevarer både hovedkilde og overstyrt grunnlag (0.682458ms)
✔ Frende sammenlignes mot alle fem Hus-selskaper uten selskapslekkasje (58.815458ms)
✔ runtime håndterer fire tilleggskombinasjoner og Frende Bil, Innbo og Hus sammen (71.799833ms)
(node:68724) [MODULE_TYPELESS_PACKAGE_JSON] Warning: Module type of file:///Users/morten/Documents/forsikringsapp/lib/comparison.ts is not specified and it doesn't parse as CommonJS.
Reparsing as ES module because module syntax was detected. This incurs a performance overhead.
To eliminate this warning, add "type": "module" to /Users/morten/Documents/forsikringsapp/package.json.
(Use `node --trace-warnings ...` to show where the warning was created)
✔ offisielle Frende Innbo-kilder er lokale, uendrede og har korrekt datosemantikk (424.260709ms)
✔ Frende Innbo er Standard med Uhellsdekning som valgfritt tillegg (2.484416ms)
✔ forsikringssum representerer både ubegrenset og kundespesifikt valg uten å fjerne særgrenser (0.71175ms)
✔ husstand, geografi og midlertidig oppbevaring følger fullvilkåret (0.17125ms)
✔ brann, vann, natur, tyveri, bod og uteareal er separate kildebaserte konsepter (0.1755ms)
✔ sykkel og liten elektrisk motorvogn holdes faglig adskilt (0.130792ms)
✔ skadedyr, ID-sikring og nettmisbruk bevarer ulik semantikk (0.1845ms)
✔ Uhellsdekning gir hjemme-, ute- og flytteverdier uten å oppfinne sykkeluhell (0.554625ms)
✔ Uhell er en ny effektiv dekning og alle base- og tilleggskilder beholdes (3.820666ms)
✔ ansvar, rettshjelp, merutgifter og data har dokumenterte grenser (0.17975ms)
✔ egenandeler skiller bevisstyrt verdi og sikre særverdier (0.103958ms)
✔ Frende kan sammenlignes mot fem andre Innbo-kataloger uten selskapsspesifikk motor (84.718291ms)
✔ UI-formet runtime beholder Uhell gjennom katalog, comparison og presentation (69.250625ms)
✔ Frende Bil og Innbo i samme avtale holder produkter, tillegg og kilder adskilt (2.541958ms)
✔ Innbo-prioritering fremhever materielle grenser uten å skjule ansvar og rettshjelp (10.828084ms)
(node:68725) [MODULE_TYPELESS_PACKAGE_JSON] Warning: Module type of file:///Users/morten/Documents/forsikringsapp/lib/comparison.ts is not specified and it doesn't parse as CommonJS.
Reparsing as ES module because module syntax was detected. This incurs a performance overhead.
To eliminate this warning, add "type": "module" to /Users/morten/Documents/forsikringsapp/package.json.
(Use `node --trace-warnings ...` to show where the warning was created)
✔ åtte offisielle Frende Reise-kilder er lokale og hashverifiserte (10.055625ms)
✔ Frende har ett ordinært Reise-produkt uten kunstig arv (1.345958ms)
✔ forsikringsbevis personkrets og reiseomfang er bevart (2.396333ms)
✔ 75 dager og kundespesifikk fortsettelsesforsikring er separate (0.271084ms)
✔ risikoområder bevarer Svalbard-unntaket og 6000 meter (0.206708ms)
✔ ubegrenset reisegods betyr ikke ubegrenset enkeltgjenstand (0.20175ms)
✔ kategori-, uhells- og forsinket bagasjegrenser er dokumentert (0.202583ms)
✔ veggedyr og leiebil har egne vilkår og egenandeler (0.743833ms)
✔ avbestilling transportforsinkelse og streik holdes separate (0.28725ms)
✔ sykdom kjent sykdom graviditet og tannbehandling er presise (0.2805ms)
✔ hjemtransport tilkalling hjemkalling og reiseavbrudd er separate (0.208583ms)
✔ integrert reiseulykke har riktige summer og aldersregler (0.276584ms)
✔ ansvar rettshjelp evakuering sport og sikkerhet er kildeisolert (0.191458ms)
✔ Falck og Eyr er tjenester, ikke forsikringssummer (0.145708ms)
✔ Frende Ung og hendelsesspesifikke 2026-tiltak lekker ikke inn (0.2455ms)
✔ cross-company mot fem topprodukter gir forskjeller uten provenanslekkasje (45.025ms)
✔ FormData-runtime støtter ett Frende-produkt uten arv (16.232458ms)
✔ Frende-avtale med Bil Innbo Hus og Reise har ingen typelekkasje (3.65ms)
(node:68726) [MODULE_TYPELESS_PACKAGE_JSON] Warning: Module type of file:///Users/morten/Documents/forsikringsapp/lib/comparison.ts is not specified and it doesn't parse as CommonJS.
Reparsing as ES module because module syntax was detected. This incurs a performance overhead.
To eliminate this warning, add "type": "module" to /Users/morten/Documents/forsikringsapp/package.json.
(Use `node --trace-warnings ...` to show where the warning was created)
✔ offisielle PDF-øyeblikksbilder er bevart og produktarket dokumenterer arv (650.1335ms)
✔ PDF-ankere underbygger sentrale summer, grenser og skadevilkår (521.392959ms)
✔ fire Gjensidige-nivåer har dokumentert arv og effektive verdier med samme sides grunnverdi (7.075459ms)
✔ tillegg velges uavhengig, og kilder og ukjente beløp beholdes (0.680208ms)
✔ Gjensidige mot Tryg bevarer sammenlignbare nøkkelverdier, kilder og dokumentasjonshull (57.906542ms)
✔ Gjensidige mot If sammenligner nivåer, uten å oppfinne Ifs aldersgrense (39.051541ms)
✔ kundens egenandel og pris forblir uavhengige av offentlige standardverdier (68.000958ms)
(node:68727) [MODULE_TYPELESS_PACKAGE_JSON] Warning: Module type of file:///Users/morten/Documents/forsikringsapp/lib/comparison.ts is not specified and it doesn't parse as CommonJS.
Reparsing as ES module because module syntax was detected. This incurs a performance overhead.
To eliminate this warning, add "type": "module" to /Users/morten/Documents/forsikringsapp/package.json.
(Use `node --trace-warnings ...` to show where the warning was created)
✔ seks offisielle Gjensidige Hus-kilder er lokale, uendrede og registrert (22.439875ms)
✔ originaldokumentene bekrefter nivåer, arv og valgfrie utvidelser (118.224916ms)
✔ Gjensidige viser Hus og Hus Pluss med dokumentert arv (1.248375ms)
✔ nivå- og tilleggsmatrisen håndheves (0.6455ms)
✔ Hus har sentrale objekter, skader, ansvar, rettshjelp og tjenester (0.502167ms)
✔ Hus Pluss erstatter grunnverdier for tak, våtrom, håndverkerfeil og råte (1.843333ms)
✔ råteutvidelsen på Hus har presis kvalifikasjonskilde og samme effektive dekning (0.243417ms)
✔ utleie skiller betalingsmislighold fra leietap etter bygningsskade (0.172458ms)
✔ Hus Smart er tilleggstjeneste med egen abonnementslogikk (1.689291ms)
✔ aldersfradrag er strukturert og unntak er bevart (0.211333ms)
✔ Gjensidige Hus sammenlignes med Tryg, If og Storebrand uten kildelekkasje (68.638792ms)
✔ ingen fremtidige kilder er aktivert og Pluss dupliserer ikke råtetillegget (1.286542ms)
✔ runtime-kjeden beholder katalogreferanse, effective/base og provenance (19.700125ms)
✔ Bil, Innbo og Hus sameksisterer for Gjensidige (1.629125ms)
(node:68728) [MODULE_TYPELESS_PACKAGE_JSON] Warning: Module type of file:///Users/morten/Documents/forsikringsapp/lib/comparison.ts is not specified and it doesn't parse as CommonJS.
Reparsing as ES module because module syntax was detected. This incurs a performance overhead.
To eliminate this warning, add "type": "module" to /Users/morten/Documents/forsikringsapp/package.json.
(Use `node --trace-warnings ...` to show where the warning was created)
✔ offisielle Gjensidige Innbo-kilder er lokale, uendrede og kildeidentifisert (397.054291ms)
✔ UI bruker Innbo og Innbo Pluss, mens Innbo Ung holdes utenfor ordinær katalog (6.471958ms)
✔ forsikringssum og base/effective følger dagens alminnelige dokumenter (7.699667ms)
✔ brann, vann, natur, ansvar, rettshjelp og bygningsglass har kilder og riktige grenser (0.228208ms)
✔ Innbo Pluss strukturerer uhell, sykkel, mobil, skadedyr, flytting og ID-tyveri (0.181833ms)
✔ utleie og høyere sykkelsum er valg, ikke ubetinget Pluss-dekning (1.904666ms)
✔ egenandelene er klassifisert uten å blande generell og særskilt verdi (0.487541ms)
✔ Tryg Innbo mot Gjensidige Innbo sammenligner dokumenterte fellesbegreper (35.0375ms)
✔ Tryg Innbo Ekstra mot Gjensidige Pluss beholder reelle forskjeller (22.116375ms)
✔ If Basis mot Gjensidige Innbo bruker samme ansvar- og rettshjelpsnøkler (11.4015ms)
✔ If Utvidet og Super mot Gjensidige Pluss holder delvis overlappende konsepter adskilt (36.745208ms)
✔ UI-formet runtime beholder Pluss, utleie, effective/base og presentasjon (32.615791ms)
✔ Innbo-hovedvisningen prioriterer sentrale dekninger og utleie foran rettshjelp (5.322416ms)
✔ Bil og Innbo på begge sider har ingen provider-, tillegg- eller kildelekkasje (4.079125ms)
(node:68729) [MODULE_TYPELESS_PACKAGE_JSON] Warning: Module type of file:///Users/morten/Documents/forsikringsapp/lib/product-catalog.ts is not specified and it doesn't parse as CommonJS.
Reparsing as ES module because module syntax was detected. This incurs a performance overhead.
To eliminate this warning, add "type": "module" to /Users/morten/Documents/forsikringsapp/package.json.
(Use `node --trace-warnings ...` to show where the warning was created)
✔ åtte offisielle Gjensidige Reise-kilder er lokale og hashverifiserte (10.570083ms)
✔ Gjensidige Reise har to dokumenterte nivåer med arv (1.715084ms)
✔ forsikringsbevis personkrets geografi og 70 dager er bevart (1.4075ms)
✔ varighetsutvidelse er kundespesifikk og ikke produktnivå (0.362833ms)
✔ Reise Pluss forbedrer reisegods gjennom effective base (0.250209ms)
✔ mobil har presist skadeomfang og egenandel (0.181917ms)
✔ avbestilling sykdom og tapt ferie er separate (0.282875ms)
✔ hjemtransport hjemkalling og tilkalling er separate (0.14625ms)
✔ forsinket bagasje og transport har nivåforskjeller (0.206291ms)
✔ evakuering UD og aktivitet er presist avgrenset (0.195ms)
✔ ansvar og rettshjelp følger Gjensidige-kildene (0.153125ms)
✔ Reise Pluss har ulykkeskapital og leiebilegenandel (0.2205ms)
✔ alarmsentral og Dr.Dropin er tjenester (0.110334ms)
✔ SmartDelay+ er ikke aktiv per 20.09.2026 (0.184709ms)
✔ cross-company beholder uavhengig varighet og provenance (0.533291ms)
✔ runtime støtter Gjensidige Reise og fire forsikringstyper uten lekkasje (4.714375ms)
(node:68730) [MODULE_TYPELESS_PACKAGE_JSON] Warning: Module type of file:///Users/morten/Documents/forsikringsapp/lib/hybrid-matching.ts is not specified and it doesn't parse as CommonJS.
Reparsing as ES module because module syntax was detected. This incurs a performance overhead.
To eliminate this warning, add "type": "module" to /Users/morten/Documents/forsikringsapp/package.json.
(Use `node --trace-warnings ...` to show where the warning was created)
✔ deterministisk match gir ingen AI-kall (2.280292ms)
✔ bare unmatched vilkår sendes med kontekst (0.569166ms)
✔ tydelig semantisk forsikringstype kan godkjennes (8.365ms)
✔ lav confidence og uncertain blir ikke automatisk match (1.878792ms)
✔ åpenbart ulike typer og sammensatt hus/fritidsbolig sendes ikke til AI (0.194833ms)
✔ én glassopplysning kan matches mot skifte og reparasjon samlet (0.961833ms)
✔ én-til-flere krever høyere confidence og felles dekningsrot (0.673792ms)
✔ konflikter og feil respons faller tilbake uten krasj (0.964917ms)
(node:68731) [MODULE_TYPELESS_PACKAGE_JSON] Warning: Module type of file:///Users/morten/Documents/forsikringsapp/lib/comparison.ts is not specified and it doesn't parse as CommonJS.
Reparsing as ES module because module syntax was detected. This incurs a performance overhead.
To eliminate this warning, add "type": "module" to /Users/morten/Documents/forsikringsapp/package.json.
(Use `node --trace-warnings ...` to show where the warning was created)
✔ MOT2-2 er lagret som offisiell kilde med månedspresis gyldighet og sporbart avsnitt (419.31775ms)
✔ If tilbyr fire egne nivåer med dokumentert produktarv og inkludert ulykkesdekning (8.138709ms)
✔ Leiebil og Motor- og girskade er valgfri for Kasko/Super og kan velges samtidig (9.890458ms)
✔ Leiebil har konkrete kildebundne unntak og 7-dagersregelen (0.408833ms)
✔ If Super erstatter egen Kasko-grunnverdi uten å overføre den til den andre siden (8.555041ms)
✔ Tryg mot If sammenligner dokumenterte effektive verdier og holder kildene adskilt (29.331958ms)
✔ Ansvar og Rettshjelp arves fra dokumentert Tryg Ansvar-komponent i Kasko (164.943291ms)
✔ eksplisitt valgt Tryg Ansvar deler sammenligningsnøkler med If Ansvar uten å miste opprinnelsen (3.353ms)
✔ ulike navn på samme dokumenterte motor-/girdekning samles i ett datapunkt (11.107208ms)
(node:68732) [MODULE_TYPELESS_PACKAGE_JSON] Warning: Module type of file:///Users/morten/Documents/forsikringsapp/lib/comparison.ts is not specified and it doesn't parse as CommonJS.
Reparsing as ES module because module syntax was detected. This incurs a performance overhead.
To eliminate this warning, add "type": "module" to /Users/morten/Documents/forsikringsapp/package.json.
(Use `node --trace-warnings ...` to show where the warning was created)
✔ fem offisielle If Hus-kilder er lokale, uendrede og registrert (13.90725ms)
✔ fullvilkåret bekrefter nivåarv og sentrale nivåforskjeller (439.103375ms)
✔ If viser Basis, Utvidet og Super med dokumentert arv (3.496291ms)
✔ Basis strukturerer bygning, fullverdi/førsterisiko og sentrale skader (2.303875ms)
✔ Basis har konkrete værbegrensninger med korrekt kilde (0.298ms)
✔ Utvidet erstatter Basis for tak, våtrom, råte og skadedyr (0.275083ms)
✔ Super beholder Utvidet og legger til håndverkerfeil, våtrom og tjenester (0.403333ms)
✔ effective/base bevarer samme sides underliggende nivåer (1.479958ms)
✔ kundens egenandel er separat fra publisert produktstandard (0.829458ms)
✔ utleie er innebygd og skiller mislighold fra bygningsskadens leietap (0.410541ms)
✔ aldersfradrag er strukturert og holdt separat fra egenandeler (0.213209ms)
✔ ansvar og rettshjelp har dokumenterte summer, geografi og egenandeler (0.168ms)
✔ rettshjelpens hovedbegrensninger har provenance på side 2 (0.403166ms)
✔ ingen fremtidig kilde eller valgbart Hus-tillegg aktiveres (0.145208ms)
✔ Tryg Hus og If Hus sammenlignes på felles nøkler uten kildelekkasje (31.209291ms)
✔ høyere nivåer sammenligner effective/base uten å flytte base til motparten (27.776417ms)
✔ runtime-kjeden beholder nivåarv, provenance og Hus-prioritering (60.340917ms)
✔ Bil, Innbo og Hus kan sameksistere uten tillegg- eller faktakollisjon (2.187458ms)
(node:68733) [MODULE_TYPELESS_PACKAGE_JSON] Warning: Module type of file:///Users/morten/Documents/forsikringsapp/lib/comparison.ts is not specified and it doesn't parse as CommonJS.
Reparsing as ES module because module syntax was detected. This incurs a performance overhead.
To eliminate this warning, add "type": "module" to /Users/morten/Documents/forsikringsapp/package.json.
(Use `node --trace-warnings ...` to show where the warning was created)
✔ offisielle If Innbo-kilder er lokale, uendrede og versjonerte (334.378875ms)
✔ If tilbyr Basis, Utvidet og Super med dokumentert arv (2.445833ms)
✔ forsikringssum og sentrale Basis-grenser følger vilkåret uten å anta ubegrenset sum (10.075084ms)
✔ Utvidet inkluderer uhell, tyveri ute, flytting, skadedyr, boligtilpasning og utleie (9.613ms)
✔ Utvidet strukturerer begrensningene for glass og sanitærporselen (2.879916ms)
✔ Super forbedrer effektive verdier og bevarer grunnverdier med egne kilder (8.648292ms)
✔ egenandeler har konservativ klassifisering og standardverdien beholdes (0.207083ms)
✔ Tryg Innbo mot If Basis viser dokumenterte grenser og ikke antatt manglende dekning (21.059042ms)
✔ Tryg Innbo Ekstra mot If Utvidet sammenligner like begreper med samme nøkkel (39.484833ms)
✔ Tryg Innbo Ekstra mot If Super beholder reelle Super-forskjeller (66.024292ms)
✔ Tryg utleietillegg sammenlignes mot Ifs innebygde utleiedekning (24.583125ms)
✔ UI-formet runtime-data beholder If-produktet gjennom hele sammenligningskjeden (30.437958ms)
✔ Bil og Innbo på begge sider holder produkt-, tillegg- og kildedata adskilt (5.033959ms)
(node:68734) [MODULE_TYPELESS_PACKAGE_JSON] Warning: Module type of file:///Users/morten/Documents/forsikringsapp/lib/comparison.ts is not specified and it doesn't parse as CommonJS.
Reparsing as ES module because module syntax was detected. This incurs a performance overhead.
To eliminate this warning, add "type": "module" to /Users/morten/Documents/forsikringsapp/package.json.
(Use `node --trace-warnings ...` to show where the warning was created)
✔ seks offisielle If Reise-kilder er lokale, registrert og uendrede (12.603625ms)
✔ If har Basis Standard Super med dokumentert kumulativ arv (1.856084ms)
✔ forsikringsbevis personkrets område og varighet er kundestyrt (2.374416ms)
✔ Basis har behandling og evakuering men ikke avbestilling bagasje eller tapt ferie (0.510167ms)
✔ Standard overstyrer Basis med avbestilling forsinkelse og reisegods (2.416375ms)
✔ forsinket bagasje har person familie transitt og dokumentasjonsgrenser (0.185208ms)
✔ reisegods skiller samlet sum enkeltgjenstand penger og smykker (0.160958ms)
✔ Super tilfører uhell turisttjeneste forsinkelsesytelser og leiebil (0.24175ms)
✔ sykdom hjemtransport kjent sykdom og tapt ferie er presist skilt (0.248042ms)
✔ ansvar rettshjelp og Super-grense beholder provenance (3.147625ms)
✔ SmartDelay digital lege og Reisehjelp er tjenester (0.631792ms)
✔ If har behandlingsdekning ved ulykke men ingen ulykkeskapital (1.233542ms)
✔ sport UD og sikkerhetskrav kommer fra If og ikke Tryg (2.169375ms)
✔ If kan sammenlignes semantisk med Tryg uten varighets- eller ulykkeslekkasje (52.642375ms)
✔ runtime støtter If Basis Standard Super og isolerer Bil Innbo Hus Reise (36.340125ms)
(node:68735) [MODULE_TYPELESS_PACKAGE_JSON] Warning: Module type of file:///Users/morten/Documents/forsikringsapp/lib/comparison.ts is not specified and it doesn't parse as CommonJS.
Reparsing as ES module because module syntax was detected. This incurs a performance overhead.
To eliminate this warning, add "type": "module" to /Users/morten/Documents/forsikringsapp/package.json.
(Use `node --trace-warnings ...` to show where the warning was created)
✔ katalogfelt matches bare med godkjente semantiske feltnøkler (0.517334ms)
✔ sikre produktvarianter får samme nøkkel (0.367917ms)
✔ personbilbetegnelser får samme eksplisitte type og presentasjonsnavn (0.167083ms)
✔ Motorvognforsikring og Bilforsikring grupperes side om side uten semantisk matching (1.073ms)
✔ Leiebil dokumenteres av eksplisitte underfelter uten at detaljene fjernes (2.68325ms)
✔ Maskinskade dokumenteres av varighet, komponenter og egenandelsdetaljer (3.522334ms)
✔ manglende hovedfelt forblir uavklart når ingen relaterte underfelter dokumenterer dekningen (0.679208ms)
✔ generisk reparasjonstekst uten leiebilbevis kobles ikke til leiebildekningen (0.553583ms)
✔ semantisk hovedmatch kollapser ikke eksplisitte detaljrader (0.397292ms)
✔ andre motorvognprodukter holdes eksplisitt adskilt fra personbil (0.308542ms)
✔ sammensatte og ulike forsikringsobjekter holdes separate (0.103416ms)
✔ tydelige vilkårssynonymer matches (0.091916ms)
✔ kontekstavhengige vilkår matches innen riktig forsikring (0.895958ms)
✔ kontekstavhengige aliaser brukes ikke globalt eller på feil type (3.087458ms)
✔ forsikringssum og forsikringsverdi krever bekreftet objekt/verdi (0.5075ms)
✔ verdialias krever én forsikring på hver side og samme oppgitte verdi (0.088916ms)
✔ ulike vilkår holdes separate (0.056791ms)
(node:68736) [MODULE_TYPELESS_PACKAGE_JSON] Warning: Module type of file:///Users/morten/Documents/forsikringsapp/lib/manual-agreement.ts is not specified and it doesn't parse as CommonJS.
Reparsing as ES module because module syntax was detected. This incurs a performance overhead.
To eliminate this warning, add "type": "module" to /Users/morten/Documents/forsikringsapp/package.json.
(Use `node --trace-warnings ...` to show where the warning was created)
✔ to manuelle avtaler uten pris beholder vilkår og kan matches (2.946791ms)
✔ én manuell forsikring med pris får riktig total (11.737ms)
✔ flere manuelle produkter med pris summeres til en komplett total (0.583167ms)
✔ manglende produktpris gir bare merket kjent delsum (0.451333ms)
✔ begge manuelle sider bruker produktprisene til total og prisforskjell (14.220166ms)
✔ eksplisitt nullpris teller som oppgitt pris (0.283209ms)
✔ ufullstendig total brukes ikke til prisforskjell (0.744791ms)
✔ manglende selskap, type og ufullstendige vilkår avvises (0.257792ms)
✔ ukjent katalogreferanse brukes ikke som dekning (0.561292ms)
(node:68737) [MODULE_TYPELESS_PACKAGE_JSON] Warning: Module type of file:///Users/morten/Documents/forsikringsapp/lib/comparison.ts is not specified and it doesn't parse as CommonJS.
Reparsing as ES module because module syntax was detected. This incurs a performance overhead.
To eliminate this warning, add "type": "module" to /Users/morten/Documents/forsikringsapp/package.json.
(Use `node --trace-warnings ...` to show where the warning was created)
✔ produktvalg bruker bare eksakt katalogscope for provider og forsikringstype (16.291583ms)
✔ katalogvalg bruker stabil produktidentitet og eksisterende kjent verdi velges automatisk (1.466ms)
✔ ukjent produkt bevares eksplisitt som custom uten fuzzy matching (1.244209ms)
✔ eksplisitt Annet-valg viser custom state og kan ikke katalogkobles ved navnelikhet (1.273375ms)
✔ provider- og typebytte oppdaterer alternativer deterministisk uten ugyldig katalogreferanse (12.769209ms)
✔ scope uten katalogprodukter faller tilbake til Annet og bevarer manuell tekst (0.360208ms)
✔ manuell årlig kjørelengde bruker canonical Bil-fact og lesbart format (12.347833ms)
✔ tom kjørelengde oppretter ikke fact, mens ugyldig og ikke-Bil input avvises (0.420958ms)
✔ manuell kjørelengde erstatter samme catalog fact med dokumentprioritet (15.969209ms)
✔ PDF og manuell årlig kjørelengde er lik ved samme tall i begge retninger (2.713375ms)
✔ ulik årlig kjørelengde er en reell forskjell for hybrid og manuell sammenligning (1.576208ms)
✔ flere manuelle Bil-objekter beholder egne kjørelengdefacts og rekkefølge (0.1695ms)
✔ årlig kjørelengde lekker ikke til andre kilometeridentiteter (0.084834ms)
✔ manglende manuell kjørelengde forblir udokumentert i hybrid sammenligning (0.298917ms)
✔ manuell UI bruker native katalogselect, eksplisitt customfelt og Bil-avgrenset numerisk kjørelengde (1.645292ms)
(node:68738) [MODULE_TYPELESS_PACKAGE_JSON] Warning: Module type of file:///Users/morten/Documents/forsikringsapp/lib/comparison.ts is not specified and it doesn't parse as CommonJS.
Reparsing as ES module because module syntax was detected. This incurs a performance overhead.
To eliminate this warning, add "type": "module" to /Users/morten/Documents/forsikringsapp/package.json.
(Use `node --trace-warnings ...` to show where the warning was created)
✔ UI-formet If–Storebrand-request beholder alle tillegg til toppsekslisten (98.428917ms)
(node:68739) [MODULE_TYPELESS_PACKAGE_JSON] Warning: Module type of file:///Users/morten/Documents/forsikringsapp/lib/catalog-enrichment.ts is not specified and it doesn't parse as CommonJS.
Reparsing as ES module because module syntax was detected. This incurs a performance overhead.
To eliminate this warning, add "type": "module" to /Users/morten/Documents/forsikringsapp/package.json.
(Use `node --trace-warnings ...` to show where the warning was created)
✔ exact extended rental variant selects correct component (key null) (104.07625ms)
✔ exact extended rental variant selects correct component (key leiebil.dekning) (9.8415ms)
✔ document add-on list can select exact extended variant (22.567542ms)
✔ generic rental selects only the unambiguous standard component (2.634292ms)
✔ named extended choice refines generic selected family without selecting both alternatives (162.956791ms)
✔ exact extended Ikke valgt does not activate catalog component (94.360458ms)
✔ exact extended Ikke dokumentert does not activate catalog component (206.240666ms)
✔ exact extended Kan velges does not activate catalog component (71.948667ms)
✔ document silence leaves every optional rental component unselected (30.815125ms)
✔ generic rental availability is not an explicit selection (21.329416ms)
✔ explicit family rejection blocks named variant and add-on-list inference (127.255375ms)
✔ conflicting family selection remains conflict and cannot select addon (17.745166ms)
✔ conflicting named selection cannot silently fall back to standard variant (218.487334ms)
✔ two explicitly listed alternative addons cannot select an arbitrary variant (117.258667ms)
✔ explicit extended rejection is not overridden by its add-on-list entry (86.938583ms)
✔ catalog-origin add-on availability cannot select a customer addon (68.236583ms)
✔ unrecognized similar rental name never fuzzy-matches an addon (116.403584ms)
✔ named addon cannot escape applicable product ({"type":"MC"}) (71.713833ms)
✔ named addon cannot escape applicable product ({"canonicalProductName":"Ansvar","productName":"Ansvar"}) (41.559875ms)
✔ named addon cannot escape applicable product ({"agreementScope":"synthetic-unknown"}) (4.669375ms)
✔ named addon cannot escape applicable product ({"company":"Gjensidige"}) (101.22775ms)
✔ MC: existing If optional motor selection and rejection stay intact (6.621708ms)
✔ Bobil: existing If optional motor selection and rejection stay intact (13.064584ms)
✔ Frende named bundled addition selects only its scoped component (109.314667ms)
✔ customer detail remains authoritative after named variant selection (127.492791ms)
✔ generic selection cannot choose between two distinctly named variants with no standard (5.380875ms)
✔ exact variant selection is generic and not hardcoded to Storebrand names (83.247042ms)
✔ two explicit mutually exclusive variants remain ambiguous (186.669709ms)
✔ existing Bil enrichment does not activate the new MC/Bobil addon path (3.021834ms)
(node:68740) [MODULE_TYPELESS_PACKAGE_JSON] Warning: Module type of file:///Users/morten/Documents/forsikringsapp/lib/mc-bobil-fremtind-frende-catalog.ts is not specified and it doesn't parse as CommonJS.
Reparsing as ES module because module syntax was detected. This incurs a performance overhead.
To eliminate this warning, add "type": "module" to /Users/morten/Documents/forsikringsapp/package.json.
(Use `node --trace-warnings ...` to show where the warning was created)
✔ Fremtind MC has only the verified tiers in exact distribution scope (7.052334ms)
✔ Fremtind Bobil has only the verified tiers in exact distribution scope (2.273875ms)
✔ Frende MC has only the verified tiers in exact distribution scope (0.487625ms)
✔ Frende Bobil has only the verified tiers in exact distribution scope (3.058083ms)
✔ Fremtind distributor never becomes underwriting provider and scopes reject LOfavor (1.095958ms)
✔ all 18 official inventory entries hash-verifiably reuse or preserve originals (7.370041ms)
✔ Frende type-specific APIs share bytes but retain independent type source identities (0.138041ms)
✔ catalog rows have exact type/scope/source provenance and never populate customer pricing or mileage (4.316041ms)
✔ current Fremtind MC IPID version is known but no invented effective date (0.20375ms)
✔ Fremtind MC generic rental exclusion does not suppress its explicit MC exception (0.575209ms)
✔ Fremtind MC glass scoped to other vehicle types never enters MC (0.322333ms)
✔ Fremtind MC contents and equipment limits stay separate (0.322209ms)
✔ Fremtind geography differs correctly between MC and Bobil (0.168833ms)
✔ Fremtind Bobil current full terms supersede stale DNB webpage limits (0.979458ms)
✔ Fremtind Bobil source authority rejects injected stale official page value (10.588042ms)
✔ Bobil totalskade, fukt and rental ages/days/kilometers never exchange meaning (1.123583ms)
✔ Fremtind rental and machine stay optional even on Topp (2.302875ms)
✔ Fremtind machine maximum200000 is independent of deductible bracket99999 (1.3845ms)
✔ wrong type, provider, tier and scope riders reject instead of leaking (0.885917ms)
✔ Frende MC accident is available, never silently included in base tier (1.233542ms)
✔ Frende MC gets riding gear but no Bobil moisture, engine, rental or nyverdi rule (0.475167ms)
✔ Frende Bobil Utvidet refines equipment contents moisture and nyverdi (1.12825ms)
✔ Frende holiday benefit is actual-expense reimbursement only after chosen rental rider (0.951084ms)
✔ Frende machine keeps documentary age qualification and deductible intervals separate (0.644334ms)
✔ cross-type source candidates remain inapplicable even when physical Frende PDF is shared (0.231916ms)
✔ no unverified private hire or genuine membership product was created (0.117334ms)
(node:68741) [MODULE_TYPELESS_PACKAGE_JSON] Warning: Module type of file:///Users/morten/Documents/forsikringsapp/lib/mc-bobil-gjensidige-storebrand-catalog.ts is not specified and it doesn't parse as CommonJS.
Reparsing as ES module because module syntax was detected. This incurs a performance overhead.
To eliminate this warning, add "type": "module" to /Users/morten/Documents/forsikringsapp/package.json.
(Use `node --trace-warnings ...` to show where the warning was created)
✔ Gjensidige MC Ansvar: exact ordinary product and source-backed facts (6.63375ms)
✔ Gjensidige MC Delkasko: exact ordinary product and source-backed facts (0.831125ms)
✔ Gjensidige MC Kasko: exact ordinary product and source-backed facts (0.6455ms)
✔ Gjensidige Bobil Ansvar: exact ordinary product and source-backed facts (0.334375ms)
✔ Gjensidige Bobil Delkasko: exact ordinary product and source-backed facts (3.571416ms)
✔ Gjensidige Bobil Kasko: exact ordinary product and source-backed facts (4.521542ms)
✔ Gjensidige Bobil Pluss: exact ordinary product and source-backed facts (0.648167ms)
✔ Storebrand MC Ansvar: exact ordinary product and source-backed facts (0.253584ms)
✔ Storebrand MC Delkasko: exact ordinary product and source-backed facts (0.324958ms)
✔ Storebrand MC Kasko: exact ordinary product and source-backed facts (0.404875ms)
✔ Storebrand Bobil Ansvar: exact ordinary product and source-backed facts (0.215625ms)
✔ Storebrand Bobil Delkasko: exact ordinary product and source-backed facts (0.356708ms)
✔ Storebrand Bobil Kasko: exact ordinary product and source-backed facts (0.401833ms)
✔ Storebrand Bobil Super: exact ordinary product and source-backed facts (5.61225ms)
✔ Gjensidige and Storebrand product sets do not manufacture MC top tiers (0.253125ms)
✔ explicit provider alias and unknown products are deterministic (0.303625ms)
✔ MC shared Gjensidige end-sheet does not transfer Bobil new-value guarantee (2.116334ms)
✔ Gjensidige Bobil IPID phrase cannot invent Pluss total-loss extension (2.406083ms)
✔ Gjensidige Bobil Pluss coverage km is isolated from deductible bands (0.914625ms)
✔ Gjensidige Bobil guarantee and assistance rental have distinct duration keys (31.960625ms)
✔ Gjensidige MC rental benefit is MC-specific and not Bobil holiday guarantee (10.751583ms)
✔ Gjensidige base products do not inherit sample rental not-selected status (83.058583ms)
✔ Gjensidige belongings and fixed equipment limits are independently sourced (1.54825ms)
✔ Storebrand riding equipment included but ambiguous generic baggage omitted (0.589167ms)
✔ Storebrand Bobil explicit baggage sums override general motorvogn row (0.466916ms)
✔ Storebrand Kasko passenger/van total-loss applicability is not assumed for Bobil (7.453625ms)
✔ Storebrand Bobil moisture, engine and holiday limits remain distinct (1.3775ms)
✔ Storebrand optional rental is never base-selected and variants remain exclusive (0.921792ms)
✔ add-ons never leak between MC/Bobil or providers (0.372334ms)
✔ Storebrand shared source identities are explicitly type-scoped (0.377709ms)
✔ Gjensidige current retrieval timestamp never becomes policy version or effective date (0.060334ms)
✔ Storebrand explicit dates and policy version retained (0.040375ms)
✔ official source originals hash-match and facts resolve to inventoried evidence (5.673875ms)
(node:68742) [MODULE_TYPELESS_PACKAGE_JSON] Warning: Module type of file:///Users/morten/Documents/forsikringsapp/lib/manual-agreement.ts is not specified and it doesn't parse as CommonJS.
Reparsing as ES module because module syntax was detected. This incurs a performance overhead.
To eliminate this warning, add "type": "module" to /Users/morten/Documents/forsikringsapp/package.json.
(Use `node --trace-warnings ...` to show where the warning was created)
✔ manual Tryg MC: exact dropdown, roundtrip and type-scoped facts (28.753333ms)
✔ manual If MC: exact dropdown, roundtrip and type-scoped facts (5.894417ms)
✔ manual Gjensidige MC: exact dropdown, roundtrip and type-scoped facts (11.371208ms)
✔ manual Storebrand MC: exact dropdown, roundtrip and type-scoped facts (4.2645ms)
✔ manual Fremtind MC: exact dropdown, roundtrip and type-scoped facts (3.116459ms)
✔ manual Frende MC: exact dropdown, roundtrip and type-scoped facts (2.199ms)
✔ manual Tryg Bobil: exact dropdown, roundtrip and type-scoped facts (3.950792ms)
✔ manual If Bobil: exact dropdown, roundtrip and type-scoped facts (25.824291ms)
✔ manual Gjensidige Bobil: exact dropdown, roundtrip and type-scoped facts (5.221166ms)
✔ manual Storebrand Bobil: exact dropdown, roundtrip and type-scoped facts (4.069042ms)
✔ manual Fremtind Bobil: exact dropdown, roundtrip and type-scoped facts (5.444166ms)
✔ manual Frende Bobil: exact dropdown, roundtrip and type-scoped facts (3.442166ms)
✔ MC: unknown custom product remains conservative and full manual details preserved (0.159625ms)
✔ MC: no new annual-mileage input accepted and empty value never creates customer fact (0.509667ms)
✔ MC: manual/PDF exact same product yields same catalog fact values (17.695625ms)
✔ Bobil: unknown custom product remains conservative and full manual details preserved (0.072708ms)
✔ Bobil: no new annual-mileage input accepted and empty value never creates customer fact (0.068917ms)
✔ Bobil: manual/PDF exact same product yields same catalog fact values (6.495375ms)
✔ Fremtind keeps existing unique-scope lookup, rejecting ambiguous or wrong channels (4.429709ms)
✔ manual visible types include MC/Bobil while mileage condition remains Bil-only (0.452333ms)
(node:68745) [MODULE_TYPELESS_PACKAGE_JSON] Warning: Module type of file:///Users/morten/Documents/forsikringsapp/lib/insurance-normalization.ts is not specified and it doesn't parse as CommonJS.
Reparsing as ES module because module syntax was detected. This incurs a performance overhead.
To eliminate this warning, add "type": "module" to /Users/morten/Documents/forsikringsapp/package.json.
(Use `node --trace-warnings ...` to show where the warning was created)
✔ Bil: new MC/Bobil enum keys never become foreign canonical facts (28.256875ms)
✔ Hus: new MC/Bobil enum keys never become foreign canonical facts (0.29425ms)
✔ Innbo: new MC/Bobil enum keys never become foreign canonical facts (36.215708ms)
✔ Reise: new MC/Bobil enum keys never become foreign canonical facts (1.381834ms)
✔ Snøscooter: new MC/Bobil enum keys never become foreign canonical facts (7.726917ms)
✔ Campingvogn: new MC/Bobil enum keys never become foreign canonical facts (3.574917ms)
✔ Tilhenger: new MC/Bobil enum keys never become foreign canonical facts (0.705333ms)
✔ MC/Bobil exact type aliases stay distinct from other vehicles (0.182375ms)
✔ exact typed alias MC: Kjøreutstyr forsikringssum (2.846917ms)
✔ exact typed alias MC: Bagasje forsikringssum (4.175583ms)
✔ exact typed alias MC: Hjelm egenandel (0.704958ms)
✔ exact typed alias MC: Leie-MC antall dager (0.674709ms)
✔ exact typed alias MC: Motor- og girskade kilometergrense (1.403083ms)
✔ exact typed alias Bobil: Fukt aldersgrense (3.370875ms)
✔ exact typed alias Bobil: Fukt fuktkontroll (1.553ms)
✔ exact typed alias Bobil: Fortelt forsikringssum (0.681875ms)
✔ exact typed alias Bobil: Personlige eiendeler forsikringssum (0.603ms)
✔ exact typed alias Bobil: Ferieavbrudd antall dager (0.807625ms)
✔ exact typed alias Bobil: Feriegaranti antall dager (0.994375ms)
✔ exact typed alias Bobil: Leiebil antall dager (2.075916ms)
✔ MC: rejected compound grammar retains explicit canonical identity (2.829542ms)
✔ MC: no expiry derived from eligibility or actual object numbers: Kan tegnes inntil 5 år og 100 000 km (0.498042ms)
✔ MC: no expiry derived from eligibility or actual object numbers: Kan bestilles før 8 år og 130 000 km (0.458584ms)
✔ MC: no expiry derived from eligibility or actual object numbers: Ved tegning: under 8 år og 120 000 km (0.445292ms)
✔ MC: no expiry derived from eligibility or actual object numbers: Kjøretøyet er 4 år og har kjørt 80 000 km (0.440708ms)
✔ MC: exact renewal qualifier survives compound split and repeated normalization (1.525958ms)
✔ MC: compound in maskinskade.alder is not a competing child value (1.367917ms)
✔ MC: compound in maskinskade.km is not a competing child value (1.514917ms)
✔ MC: precise mileage labels repair wrong canonical keys without numeric heuristics (1.634208ms)
✔ MC: repeated normalization preserves established canonical identities and source (0.905042ms)
✔ MC: maskinskade deductible interval is not coverage km (4.973125ms)
✔ MC: compound limit uses own clause, excluding sibling deductible and annual mileage (2.066458ms)
✔ MC: purchase limits cannot become expiry limits (0.52575ms)
✔ MC: ambiguous multiple expiry numbers are retained without invented children (0.491ms)
✔ MC: optional selected/not selected/unknown stay distinct (2.305041ms)
✔ Bobil: rejected compound grammar retains explicit canonical identity (2.832791ms)
✔ Bobil: no expiry derived from eligibility or actual object numbers: Kan tegnes inntil 5 år og 100 000 km (1.263125ms)
✔ Bobil: no expiry derived from eligibility or actual object numbers: Kan bestilles før 8 år og 130 000 km (1.0475ms)
✔ Bobil: no expiry derived from eligibility or actual object numbers: Ved tegning: under 8 år og 120 000 km (1.49175ms)
✔ Bobil: no expiry derived from eligibility or actual object numbers: Kjøretøyet er 4 år og har kjørt 80 000 km (0.658584ms)
✔ Bobil: exact renewal qualifier survives compound split and repeated normalization (1.718541ms)
✔ Bobil: compound in maskinskade.alder is not a competing child value (2.853375ms)
✔ Bobil: compound in maskinskade.km is not a competing child value (3.331125ms)
✔ Bobil: precise mileage labels repair wrong canonical keys without numeric heuristics (5.554667ms)
✔ Bobil: repeated normalization preserves established canonical identities and source (1.253125ms)
✔ Bobil: maskinskade deductible interval is not coverage km (0.50475ms)
✔ Bobil: compound limit uses own clause, excluding sibling deductible and annual mileage (2.235667ms)
✔ Bobil: purchase limits cannot become expiry limits (0.842042ms)
✔ Bobil: ambiguous multiple expiry numbers are retained without invented children (0.596125ms)
✔ Bobil: optional selected/not selected/unknown stay distinct (8.390667ms)
✔ Bobil precise family repairs contradictory bobil.* key; amount does not determine identity (1.338792ms)
✔ MC/Bobil source-specific fact identities cannot leak through a wrong-type extraction key (2.458584ms)
✔ extraction schema accepts typed facts without new model calls and rejects arbitrary keys (0.464458ms)
(node:68746) [MODULE_TYPELESS_PACKAGE_JSON] Warning: Module type of file:///Users/morten/Documents/forsikringsapp/lib/analysis-output.ts is not specified and it doesn't parse as CommonJS.
Reparsing as ES module because module syntax was detected. This incurs a performance overhead.
To eliminate this warning, add "type": "module" to /Users/morten/Documents/forsikringsapp/package.json.
(Use `node --trace-warnings ...` to show where the warning was created)
✔ MC: precise compound document limits 2/17 000 survive canonical rescoping and catalog (45.32825ms)
✔ MC: precise compound document limits 4/33 000 survive canonical rescoping and catalog (15.403875ms)
✔ MC: document limit 17 000 km wins catalog and repeated consolidation (34.813833ms)
✔ MC: document limit 31 000 km wins catalog and repeated consolidation (17.943875ms)
✔ MC: optional motor component activated only by document choice null (1.80475ms)
✔ MC: optional motor component activated only by document choice Ikke valgt (9.782834ms)
✔ MC: optional motor component activated only by document choice Valgt (2.594791ms)
✔ MC: explicit rejection beats even a documented product-inherent base coverage (4.81825ms)
✔ MC: conflicting explicit optional choices stay unknown without catalog arbitration (8.064459ms)
✔ MC: terms alone never form a customer object or portfolio contribution (2.223958ms)
✔ MC: customer + terms separate PDF remains one object with document prices (83.906875ms)
✔ MC: customer + terms same PDF remains one object with document prices (14.26875ms)
✔ MC: customer endorsement can add detail without copying another object's price (37.376708ms)
✔ MC: terms wrong provider/type/product/scope/version cannot attach (79.859625ms)
✔ MC: unknown product keeps customer and evidence without fuzzy catalog match (2.530667ms)
✔ Bobil: precise compound document limits 2/17 000 survive canonical rescoping and catalog (13.707459ms)
✔ Bobil: precise compound document limits 4/33 000 survive canonical rescoping and catalog (11.481792ms)
✔ Bobil: document limit 17 000 km wins catalog and repeated consolidation (28.597708ms)
✔ Bobil: document limit 31 000 km wins catalog and repeated consolidation (36.796792ms)
✔ Bobil: optional motor component activated only by document choice null (5.57675ms)
✔ Bobil: optional motor component activated only by document choice Ikke valgt (13.402291ms)
✔ Bobil: optional motor component activated only by document choice Valgt (3.588917ms)
✔ Bobil: explicit rejection beats even a documented product-inherent base coverage (2.65ms)
✔ Bobil: conflicting explicit optional choices stay unknown without catalog arbitration (9.346625ms)
✔ Bobil: terms alone never form a customer object or portfolio contribution (1.439584ms)
✔ Bobil: customer + terms separate PDF remains one object with document prices (17.554042ms)
✔ Bobil: customer + terms same PDF remains one object with document prices (25.774458ms)
✔ Bobil: customer endorsement can add detail without copying another object's price (77.4925ms)
✔ Bobil: terms wrong provider/type/product/scope/version cannot attach (64.01725ms)
✔ Bobil: unknown product keeps customer and evidence without fuzzy catalog match (2.83125ms)
✔ two MC + two Bobil pair exactly in reversed order across provider/product changes (89.920375ms)
✔ missing/new MC and Bobil objects remain explicit although types exist on both sides (81.991084ms)
✔ multiple same-type unidentified objects are never paired by index or product (81.4425ms)
✔ MC/Bobil terms do not inflate mixed Bil + MC + Bobil portfolio (39.503709ms)
✔ identical registration text does not cross-match different insurance types (13.964792ms)
✔ all new products resolve exact sources and add-ons without type/scope/provider leakage (23.425416ms)
✔ new sources obey authority, validity, exact version and agreement applicability (0.74825ms)
(node:68747) [MODULE_TYPELESS_PACKAGE_JSON] Warning: Module type of file:///Users/morten/Documents/forsikringsapp/lib/comparison.ts is not specified and it doesn't parse as CommonJS.
Reparsing as ES module because module syntax was detected. This incurs a performance overhead.
To eliminate this warning, add "type": "module" to /Users/morten/Documents/forsikringsapp/package.json.
(Use `node --trace-warnings ...` to show where the warning was created)
✔ mc: registered coverages have curated concepts with distinct scoped identities (1.331292ms)
✔ mc: same effective facts are not differences or invented provider rankings (16.195583ms)
✔ mc: source-backed provider differences are grouped without changing original facts (28.27975ms)
✔ mc: coverage limits and deductible intervals remain separate in compact and details (1.334791ms)
✔ mc: selected, not selected and undocumented status survive presentation (0.636208ms)
✔ mc: price differences pass through unchanged and are not duplicated as coverage concepts (0.231625ms)
✔ bobil: registered coverages have curated concepts with distinct scoped identities (0.373167ms)
✔ bobil: same effective facts are not differences or invented provider rankings (11.069667ms)
✔ bobil: source-backed provider differences are grouped without changing original facts (15.922667ms)
✔ bobil: coverage limits and deductible intervals remain separate in compact and details (0.869541ms)
✔ bobil: selected, not selected and undocumented status survive presentation (7.968875ms)
✔ bobil: price differences pass through unchanged and are not duplicated as coverage concepts (0.137875ms)
✔ MC: equipment, baggage and fixed equipment use separate concepts and full detail values (13.1235ms)
✔ Bobil: daily cash allowance and actual-expense reimbursement never share a concept (2.013834ms)
✔ Bobil: moisture checks and exclusions stay in details and retain exact provider wording (16.907459ms)
✔ MC/Bobil concept lookup never promotes foreign type facts (0.2155ms)
✔ MC/Bobil nested detail ordering keeps each family together instead of pooling all limits (0.203875ms)
✔ MC: two object scopes do not share detailed values or sources (1.228583ms)
✔ presentation neither creates missing detail rows nor discards one-sided information (0.888917ms)
(node:68748) [MODULE_TYPELESS_PACKAGE_JSON] Warning: Module type of file:///Users/morten/Documents/forsikringsapp/lib/mc-bobil-tryg-if-catalog.ts is not specified and it doesn't parse as CommonJS.
Reparsing as ES module because module syntax was detected. This incurs a performance overhead.
To eliminate this warning, add "type": "module" to /Users/morten/Documents/forsikringsapp/package.json.
(Use `node --trace-warnings ...` to show where the warning was created)
✔ ordinary Tryg MC Ansvar: exact lookup, independent source scope and unique facts (4.03425ms)
✔ ordinary Tryg MC Delkasko: exact lookup, independent source scope and unique facts (0.548125ms)
✔ ordinary Tryg MC Kasko: exact lookup, independent source scope and unique facts (0.520791ms)
✔ ordinary Tryg MC MC Ekstra: exact lookup, independent source scope and unique facts (4.639583ms)
✔ ordinary Tryg MC: no invented scopes or fuzzy level names (1.622708ms)
✔ ordinary Tryg Bobil Ansvar: exact lookup, independent source scope and unique facts (0.723625ms)
✔ ordinary Tryg Bobil Delkasko: exact lookup, independent source scope and unique facts (1.502666ms)
✔ ordinary Tryg Bobil Kasko: exact lookup, independent source scope and unique facts (0.593959ms)
✔ ordinary Tryg Bobil Bobil Ekstra: exact lookup, independent source scope and unique facts (0.667959ms)
✔ ordinary Tryg Bobil: no invented scopes or fuzzy level names (0.236209ms)
✔ ordinary If MC Ansvar: exact lookup, independent source scope and unique facts (0.240542ms)
✔ ordinary If MC Delkasko: exact lookup, independent source scope and unique facts (0.459708ms)
✔ ordinary If MC Kasko: exact lookup, independent source scope and unique facts (14.114917ms)
✔ ordinary If MC: no invented scopes or fuzzy level names (0.187542ms)
✔ ordinary If Bobil Ansvar: exact lookup, independent source scope and unique facts (0.305459ms)
✔ ordinary If Bobil Delkasko: exact lookup, independent source scope and unique facts (0.4675ms)
✔ ordinary If Bobil Kasko: exact lookup, independent source scope and unique facts (0.418834ms)
✔ ordinary If Bobil Super: exact lookup, independent source scope and unique facts (0.594ms)
✔ ordinary If Bobil: no invented scopes or fuzzy level names (0.113666ms)
✔ 15 real product levels and 7 explicitly optional add-on variants (0.134208ms)
✔ Tryg MC Kasko new value uses MC-specific source, age and km (0.797459ms)
✔ Tryg MC Extra motor age, rental days and parked age remain separate (1.284542ms)
✔ Tryg MC optional accident never leaks from Extra benefit availability (1.427417ms)
✔ Tryg MC glass applicability preserves 3/4 wheel restriction (0.244084ms)
✔ Tryg Bobil ordinary versus Extra belongings have separate per-item caps (0.968708ms)
✔ Tryg Bobil fukt and actual-expense holiday benefit preserve limits and exclusions (1.279875ms)
✔ Tryg Bobil motor optionality and coverage cap do not absorb deductible bands (1.501083ms)
✔ If standard accident is source-backed, unlike optional Tryg accident (0.327667ms)
✔ If MC special equipment and joint baggage limit are not treated as separate 40k sums (3.185959ms)
✔ If MC motor excludes light MC and has age deductions, no borrowed Bobil km cap (1.032167ms)
✔ If full terms control Bobil Super replacement against conflicting page highlight (1.31025ms)
✔ If Bobil internal leakage differs from controlled external moisture (1.526708ms)
✔ If Bobil rental add-on45days and Super holiday15days do not cross (1.052125ms)
✔ If Bobil purchase age/km and coverage cap stay different semantic identities (1.651917ms)
✔ all source original hashes, dates and per-fact pages match inventory (17.936166ms)
✔ no product-date invention from download dates or undated IPIDs (0.547625ms)
✔ Tryg MC ordinary dropdown contains only verified levels (0.990292ms)
✔ Tryg Bobil ordinary dropdown contains only verified levels (0.377083ms)
✔ If MC ordinary dropdown contains only verified levels (1.034208ms)
✔ If Bobil ordinary dropdown contains only verified levels (0.3575ms)
✔ Tryg Bobil optional motor silence stays unknown (16.894542ms)
✔ If MC optional motor silence stays unknown (4.021375ms)
✔ If Bobil optional motor silence stays unknown (4.247792ms)
✔ If MC optional motor explicit document choice remains not_selected (8.893084ms)
✔ If MC optional motor explicit document choice remains selected (9.409125ms)
✔ Tryg MC explicit customer fact beats catalog (1.626209ms)
✔ If Bobil explicit customer fact beats catalog (4.061959ms)
(node:68749) [MODULE_TYPELESS_PACKAGE_JSON] Warning: Module type of file:///Users/morten/Documents/forsikringsapp/lib/product-catalog.ts is not specified and it doesn't parse as CommonJS.
Reparsing as ES module because module syntax was detected. This incurs a performance overhead.
To eliminate this warning, add "type": "module" to /Users/morten/Documents/forsikringsapp/package.json.
(Use `node --trace-warnings ...` to show where the warning was created)
✔ B-001: public source identities remain the reviewed Delkasko and Kasko originals (6.416667ms)
✔ B-001: MC Delkasko has no unsupported holiday rental and retains baggage and assistance (17.303959ms)
✔ B-001: legitimate Kasko rental keeps its duration, trigger and exact source scope (1.030416ms)
✔ B-001: comparison is source-backed, side-symmetric and missing is not unavailable (36.790833ms)
✔ B-001: an explicit customer rental duration still wins over Kasko catalog (50.562ms)
✔ B-002: Standard exclusion and Topp inclusion use their own clause and page (1.335084ms)
✔ B-002: artwork comparison separates an explicit exclusion from an included top benefit (49.125167ms)
✔ B-002: explicit customer artwork information retains document authority (2.675333ms)
✔ B-003: motor/gir deductible keeps all exact age branches, basis and source (1.428708ms)
✔ B-003: motor/gir remains optional on both supported tiers and absent on Delkasko (41.373209ms)
✔ B-003: explicit customer deductible wins over optional catalog branches (63.195583ms)
✔ B-004: all If Reise levels use the unqualified accident trigger from §5.1 (3.711541ms)
✔ B-004: baggage safety applies only to Standard and Super; Basis negatives survive (46.578375ms)
✔ B-004: customer-specific medical clause remains authoritative (2.442459ms)
✔ B-005: moving sum has no invented per-item maximum and preserves the conditional rule (1.528583ms)
✔ B-005: moving comparison keeps Standard separate and document sums authoritative (13.572291ms)
✔ B-006: Frende parking bonus clause follows §11.13 on Kasko and Utvidet (2.5215ms)
✔ B-006: parking comparison and explicit customer terms remain stable (19.015833ms)
✔ B-007: both Gjensidige house levels retain thawing with its own product-page source (0.649125ms)
✔ B-007: thawing comparison preserves source and document authority in both directions (15.484209ms)
(node:68751) [MODULE_TYPELESS_PACKAGE_JSON] Warning: Module type of file:///Users/morten/Documents/forsikringsapp/lib/product-catalog.ts is not specified and it doesn't parse as CommonJS.
Reparsing as ES module because module syntax was detected. This incurs a performance overhead.
To eliminate this warning, add "type": "module" to /Users/morten/Documents/forsikringsapp/package.json.
(Use `node --trace-warnings ...` to show where the warning was created)
✔ B-008: Storebrand Super receives source-backed storage equipment and limit (4.676791ms)
✔ B-008: false unknown is removed without changing Kasko or Delkasko coverage (25.18775ms)
✔ B-008: explicit customer storage equipment limit still overrides catalog (51.086708ms)
✔ B-009: Fremtind dog base separates lifetime allergy and annual MR/CT limits (11.669916ms)
✔ B-009: only selected Topp replaces sublimits; product mode retains included base and optional extension (32.404792ms)
✔ B-009: silent and explicitly rejected Topp do not remove base limits or select addon (41.943375ms)
✔ B-009: a named selected Topp extends limits without overriding explicit customer values (26.182916ms)
✔ B-010: life deduction preserves all breed groups, renewal wording and floor (1.023458ms)
✔ B-010: life remains optional and reduction/expiry stay separate in comparison (24.88875ms)
✔ B-010: explicit customer life reduction age still has priority (12.180333ms)
✔ B-011: Extra replaces inherited common-storage cap with its own location rules (0.927541ms)
✔ B-011: scoped limits survive swaps and explicit customer overrides (14.966084ms)
✔ B-012: Gjensidige Bobil Kasko has own-source pest coverage without lower-tier leakage (1.099167ms)
✔ B-012: pest false unknown closes in both directions while document exclusions win (31.498209ms)
✔ B-013: Storebrand house deductions preserve material and indoor-electric scope (1.295917ms)
✔ B-013: house scope qualifiers survive comparisons and customer priority (35.513792ms)
✔ B-014: private vehicle parts and liability retain their own geographic scopes (3.240875ms)
✔ B-014: Plus bicycle accident/vandalism is worldwide while theft and storage remain distinct (60.10375ms)
✔ B-014: optional rent default deductible is not vandalism deductible or implicit selection (3.031292ms)
✔ B-014: source-specific corrections preserve comparison symmetry and document authority (36.059042ms)
✔ B-016: Gjensidige Reise Plus replaces Standard single-item sum using its own source (0.639583ms)
✔ B-016: per-item improvement remains distinct from total and explicit customer sums (16.604291ms)
(node:68752) [MODULE_TYPELESS_PACKAGE_JSON] Warning: Module type of file:///Users/morten/Documents/forsikringsapp/lib/object-matching.ts is not specified and it doesn't parse as CommonJS.
Reparsing as ES module because module syntax was detected. This incurs a performance overhead.
To eliminate this warning, add "type": "module" to /Users/morten/Documents/forsikringsapp/package.json.
(Use `node --trace-warnings ...` to show where the warning was created)
✔ full portfolio: 3 cars, 2 trailers, snowmobile and caravan match shuffled provider/product-independent IDs (37.199875ms)
✔ missing object 0 visible without contaminating other pairs (2.076084ms)
✔ missing object 1 visible without contaminating other pairs (1.317667ms)
✔ missing object 2 visible without contaminating other pairs (10.909417ms)
✔ missing object 3 visible without contaminating other pairs (3.044292ms)
✔ missing object 4 visible without contaminating other pairs (16.555375ms)
✔ missing object 5 visible without contaminating other pairs (10.335459ms)
✔ missing object 6 visible without contaminating other pairs (1.366166ms)
✔ new offer-only object has its own warning; known car does not absorb it (1.462708ms)
✔ Bil: two unknown IDs never pair by index, name, provider, product or price (0.569542ms)
✔ Bil: a unique type pair is explicitly weaker than exact identity (0.091125ms)
✔ Bil: conflicting explicit IDs prevent one-to-one fallback (0.131333ms)
✔ Bil: one-sided identifier is ambiguous (0.06925ms)
✔ Tilhenger: two unknown IDs never pair by index, name, provider, product or price (0.096041ms)
✔ Tilhenger: a unique type pair is explicitly weaker than exact identity (0.045625ms)
✔ Tilhenger: conflicting explicit IDs prevent one-to-one fallback (0.059375ms)
✔ Tilhenger: one-sided identifier is ambiguous (0.049958ms)
✔ Snøscooter: two unknown IDs never pair by index, name, provider, product or price (0.080334ms)
✔ Snøscooter: a unique type pair is explicitly weaker than exact identity (0.040083ms)
✔ Snøscooter: conflicting explicit IDs prevent one-to-one fallback (0.047666ms)
✔ Snøscooter: one-sided identifier is ambiguous (0.042667ms)
✔ Campingvogn: two unknown IDs never pair by index, name, provider, product or price (0.068416ms)
✔ Campingvogn: a unique type pair is explicitly weaker than exact identity (0.034458ms)
✔ Campingvogn: conflicting explicit IDs prevent one-to-one fallback (0.042458ms)
✔ Campingvogn: one-sided identifier is ambiguous (0.038417ms)
✔ exact matches do not enable a leftover unique fallback among originally multiple objects (0.114208ms)
✔ matching registration plus conflicting VIN fails closed (0.129375ms)
✔ duplicate registrations never produce a match (0.085417ms)
✔ conflicting identifiers inside one extracted object fail closed (0.060042ms)
✔ same identifier never crosses canonical insurance type (0.067625ms)
✔ car aliases normalize before scoped identity matching (0.117542ms)
✔ registration normalization is exact, with no arbitrary punctuation or OCR repair (0.037667ms)
✔ VIN and serial normalizers retain their distinct safe rules (0.063292ms)
✔ general architecture: two synthetic non-vehicle objects use an injected exact strategy (0.297083ms)
✔ partial failure on missing existing side weakens evidence only for that side (0.091291ms)
✔ partial failure on missing offer side weakens evidence only for that side (0.047375ms)
✔ object count telemetry has only numeric counts and no raw/normalized IDs (0.31025ms)
✔ price, TFA, effective facts and presentation never mix car/trailer objects (47.755667ms)
✔ semantic fallback is one bounded call over already matched scopes, with no identity in audit (68.315666ms)
✔ ambiguous and unmatched objects never invoke semantic object matching (0.228459ms)
✔ an unscoped legacy semantic decision cannot leak across cars (0.689959ms)
✔ 7 objects through extraction/enrichment/sanitizer across one PDF layout (193.859292ms)
✔ 7 objects through extraction/enrichment/sanitizer across separate PDF layout (85.81875ms)
✔ 7 objects through extraction/enrichment/sanitizer across mixed PDF layout (183.789ms)
✔ batch completion order is immaterial to object pairs (184.679833ms)
✔ identity references must be within product document provenance (0.372625ms)
✔ schema requires explicit identifiers, rejects unknown types and secrets as extra identity fields (0.381084ms)
✔ missing warning is visible without opening a details disclosure (13.711834ms)
✔ ambiguous detail shows separate objects and never paired values or fabricated missing coverages (4.252875ms)
✔ unmatched detail preserves source links and only its own facts (0.76975ms)
✔ UI scopes overview, type views, prices and details by object; responsive shared layout remains (0.105458ms)
✔ partial analysis cannot infer a unique no-ID pair from an incomplete type count (0.172333ms)
✔ explicit exact ID remains usable for surviving documents after partial failure (3.037709ms)
✔ the production route opts into object-scoped semantic matching after batch merge (0.597125ms)
✔ missing/ambiguous cards precede price lists and identity sources remain side-specific (0.115542ms)
✔ vin alone identifies the same object without registration (0.118125ms)
✔ serial alone identifies the same object without registration (0.063542ms)
✔ three cars retain individual TFA and selected/not-selected/unknown coverage status (1.173ms)
✔ one accepted semantic term match cannot affect any other car scope (3.370917ms)
✔ unmatched object retains selected add-ons and overridden catalog base provenance (2.970667ms)
(node:68753) [MODULE_TYPELESS_PACKAGE_JSON] Warning: Module type of file:///Users/morten/Documents/forsikringsapp/lib/analysis-output.ts is not specified and it doesn't parse as CommonJS.
Reparsing as ES module because module syntax was detected. This incurs a performance overhead.
To eliminate this warning, add "type": "module" to /Users/morten/Documents/forsikringsapp/package.json.
(Use `node --trace-warnings ...` to show where the warning was created)
✔ PDF details produce selected effective addons even without addOns or explicit status wording (60.299ms)
✔ document main_value is also an effective selection, without literal Valgt (7.310667ms)
✔ explicit document rejection wins over details and addon entry (8.688917ms)
✔ unknown addon status is not a chosen addon (5.358ms)
✔ catalog availability without any document coverage does not select addons (5.986125ms)
✔ selected standard coverages do not acquire addon role (11.867833ms)
✔ explicit document addon entry is preserved (3.819542ms)
✔ explicit addon and effective detail evidence deduplicate by canonical identity (4.074417ms)
✔ distinct canonical addon IDs both survive (7.625417ms)
✔ empty catalog-linked selection retains existing missing-row behavior (4.21ms)
✔ Tryg uses the same PDF detail selection path (2.170959ms)
✔ catalog selected evidence without document selection is insufficient (2.200542ms)
(node:68754) [MODULE_TYPELESS_PACKAGE_JSON] Warning: Module type of file:///Users/morten/Documents/forsikringsapp/lib/pdf-addons.ts is not specified and it doesn't parse as CommonJS.
Reparsing as ES module because module syntax was detected. This incurs a performance overhead.
To eliminate this warning, add "type": "module" to /Users/morten/Documents/forsikringsapp/package.json.
(Use `node --trace-warnings ...` to show where the warning was created)
✔ PDF-analyse beholder flere tillegg på samme bil og gjør alle vilkår sammenlignbare (8.498458ms)
✔ PDF-analyse fungerer også med null eller ett tillegg (0.272667ms)
(node:68755) [MODULE_TYPELESS_PACKAGE_JSON] Warning: Module type of file:///Users/morten/Documents/forsikringsapp/lib/pdf-upload-security.ts is not specified and it doesn't parse as CommonJS.
Reparsing as ES module because module syntax was detected. This incurs a performance overhead.
To eliminate this warning, add "type": "module" to /Users/morten/Documents/forsikringsapp/package.json.
(Use `node --trace-warnings ...` to show where the warning was created)
✔ falsk PDF med pdf-navn avvises med 415 (2.708667ms)
✔ for stor fil og samlet request avvises med 413 (3.7675ms)
✔ mer enn ti PDF-er per side avvises kontrollert (0.489083ms)
✔ gyldig PDF-signatur godtas før parsing (0.309916ms)
✔ kryptert og korrupt PDF får ufølsom 422 (0.368917ms)
✔ PDF uten tekst, for mange sider og for mye tekst avvises (0.265542ms)
✔ samlede side- og tekstgrenser håndheves (0.403916ms)
(node:68756) [MODULE_TYPELESS_PACKAGE_JSON] Warning: Module type of file:///Users/morten/Documents/forsikringsapp/lib/analysis-batching.ts is not specified and it doesn't parse as CommonJS.
Reparsing as ES module because module syntax was detected. This incurs a performance overhead.
To eliminate this warning, add "type": "module" to /Users/morten/Documents/forsikringsapp/package.json.
(Use `node --trace-warnings ...` to show where the warning was created)
✔ 10 existing PDFs accepted by both UI and backend (1.029417ms)
✔ 11 existing PDFs rejected by both UI and backend (0.218459ms)
✔ 10 offer PDFs accepted by both UI and backend (0.0965ms)
✔ 11 offer PDFs rejected by both UI and backend (0.0865ms)
✔ 10+10 below byte budget accepted (0.142375ms)
✔ per-file and aggregate resource limits remain authoritative (0.08175ms)
✔ structural benchmark 1+1: minimum batching, bounded concurrency, N to M (61.689041ms)
✔ structural benchmark 5+0: minimum batching, bounded concurrency, N to M (9.580292ms)
✔ structural benchmark 10+0: minimum batching, bounded concurrency, N to M (122.342167ms)
✔ structural benchmark 10+10: minimum batching, bounded concurrency, N to M (12.13475ms)
✔ batches follow input budget and preserve document boundaries exactly once (15.474666ms)
✔ page budget can split small-text batches (0.09875ms)
✔ one oversize PDF fails explicitly without truncation (1.927625ms)
✔ total page budget rejects a 500-page package (0.188833ms)
✔ aggregate UTF8 input budget enforced (49.561417ms)
✔ maximum batch count limits fragmentation (46.300834ms)
✔ duplicate PDFs rejected within side without persisting or logging hashes (0.201125ms)
✔ single PDF produces 1 products only after extraction (9.148416ms)
✔ single PDF produces 4 products only after extraction (10.4005ms)
✔ four PDF sources and mixed multi-product documents retain precise source IDs (19.711959ms)
✔ four documents in separate batches merge deterministically to four products (24.762917ms)
✔ same provider/type/product in separate batches preserves two objects and side identity (61.830959ms)
✔ same object documented within a batch preserves all sources without duplicate identical facts (3.336083ms)
✔ unknown cross-document object identity stays separate; conflicts are not resolved by completion order (25.428666ms)
✔ multi-document extraction must supply valid provenance (0.188041ms)
✔ batch output schema requires product and term document references and per-product company (0.40625ms)
✔ isolated invalid_pdf yields partial success without guessed products (6.745083ms)
✔ isolated encrypted_pdf yields partial success without guessed products (12.259833ms)
✔ isolated missing_text_layer yields partial success without guessed products (16.2725ms)
✔ request resource violation stops before any AI call (0.27325ms)
✔ malformed model batch does not discard other successful batches (63.916625ms)
✔ all documents failing on a side is not presented as a valid empty comparison (0.49625ms)
✔ out-of-order pool completion preserves order and at most two calls (29.337ms)
✔ abort prevents queued batches and waits for active siblings (55.560833ms)
✔ progress is monotonic and completed/failed products cannot regress (3.152042ms)
✔ progress allowlist blocks labels, values, filename, raw type and error text (1.291ms)
✔ old progress, error and final results are gated after new generation/cancel (0.096084ms)
✔ stream reader handles split frames and never treats missing final result as success (31.739708ms)
✔ token accounting sums all calls and cached input without double counting (0.397375ms)
✔ semantic matcher does not pool facts from multiple objects of the same type (1.043792ms)
✔ unknown type is preserved in result but anonymized in progress (1.982125ms)
✔ long unbroken text remains bounded during privacy filtering (3.92975ms)
✔ two batches of two different products preserve all four products and their source side (33.60725ms)
✔ term sources cannot escape the attributed product documents (0.173ms)
✔ out-of-sequence document completion and unidentified product completion are ignored (0.093208ms)
✔ per-product company is preserved in a mixed-provider document without cross-provider enrichment (6.445416ms)
✔ structured extraction schemas have exactly one required entry per defined property (0.294917ms)
✔ partial failure metadata retains original document order despite reversed completion (29.880208ms)
(node:68757) [MODULE_TYPELESS_PACKAGE_JSON] Warning: Module type of file:///Users/morten/Documents/forsikringsapp/lib/analysis-output.ts is not specified and it doesn't parse as CommonJS.
Reparsing as ES module because module syntax was detected. This incurs a performance overhead.
To eliminate this warning, add "type": "module" to /Users/morten/Documents/forsikringsapp/package.json.
(Use `node --trace-warnings ...` to show where the warning was created)
✔ actual Comparison component gives both sides canonical name and complete portfolio totals (318.512333ms)
✔ identical annual object prices live only in object-price disclosure, not Important Differences (199.439167ms)
✔ real comparable object price difference remains highlighted (91.249625ms)
✔ incompatible equal numeric price bases keep warning in per-object prices (46.926458ms)
✔ multi-object unparseable prices show explicit portfolio missing states instead of legacy fallback (89.727375ms)
✔ actual overview and object-price JSX agree for kr. versus kr after side swap (81.148542ms)
✔ actual overview keeps a partial total labelled despite parseable kr. prices (67.019042ms)
✔ Detailed Comparison shows document and catalog provenance on their own facts (93.143416ms)
✔ legitimate customer-specific unknown and explicit not-selected remain visibly different (53.878375ms)
(node:68758) [MODULE_TYPELESS_PACKAGE_JSON] Warning: Module type of file:///Users/morten/Documents/forsikringsapp/lib/analysis-output.ts is not specified and it doesn't parse as CommonJS.
Reparsing as ES module because module syntax was detected. This incurs a performance overhead.
To eliminate this warning, add "type": "module" to /Users/morten/Documents/forsikringsapp/package.json.
(Use `node --trace-warnings ...` to show where the warning was created)
✔ canonical provider display preserves legal/raw document and evidence (108.76825ms)
✔ synthetic provider ID chooses display without legal-name heuristics (0.104875ms)
✔ unknown provider and ambiguous distributor remain raw; exact channel is preserved (0.1435ms)
✔ same agreement 2+2: swap=false, document/object reverse=false, completion=false (117.479ms)
✔ same agreement 2+2: swap=false, document/object reverse=false, completion=true (63.172125ms)
✔ same agreement 2+2: swap=false, document/object reverse=true, completion=false (98.034541ms)
✔ same agreement 2+2: swap=false, document/object reverse=true, completion=true (48.002375ms)
✔ same agreement 2+2: swap=true, document/object reverse=false, completion=false (59.804458ms)
✔ same agreement 2+2: swap=true, document/object reverse=false, completion=true (56.652875ms)
✔ same agreement 2+2: swap=true, document/object reverse=true, completion=false (119.161666ms)
✔ same agreement 2+2: swap=true, document/object reverse=true, completion=true (137.701667ms)
✔ canonical annual total accepts exact qualifiers generally 11 111 (0.205791ms)
✔ canonical annual total accepts exact qualifiers generally 22 222 (0.23825ms)
✔ unknown/incompatible annual basis is not numeric equality: 14 786 kr per måned (0.181708ms)
✔ unknown/incompatible annual basis is not numeric equality: 14 786 kr for perioden (0.210208ms)
✔ unknown/incompatible annual basis is not numeric equality: 14 786 kr eksklusive trafikkforsikringsavgift (0.112417ms)
✔ unknown/incompatible annual basis is not numeric equality: 14 786 kr inklusive trafikkforsikringsavgift (5.485709ms)
✔ unknown/incompatible annual basis is not numeric equality: 14 786 kr og 2 329 kr (1.122375ms)
✔ unknown/incompatible annual basis is not numeric equality: 14 786–15 000 kr (0.411333ms)
✔ unknown/incompatible annual basis is not numeric equality: 14 786 kr før rabatter (0.032292ms)
✔ unknown/incompatible annual basis is not numeric equality: 14 786 kr inklusive trafikkforsikringsavgift uten trafikkforsikringsavgift (0.044708ms)
✔ equal amounts with different price fields remain incomparable (11.001209ms)
✔ real comparable differences are retained with alternate prices (19.694708ms)
✔ duplicate decorated object prices consolidate without double-counting (54.919625ms)
✔ missing total stays partial; unknown annual amount is never guessed (48.486375ms)
✔ eight-stage document trace existing 15 000 km reverse=false (36.11875ms)
✔ eight-stage document trace existing 15 000 km reverse=true (35.852959ms)
✔ eight-stage document trace existing 12 345 km reverse=false (40.685792ms)
✔ eight-stage document trace existing 12 345 km reverse=true (82.829958ms)
✔ eight-stage document trace offer 15 000 km reverse=false (31.546917ms)
✔ eight-stage document trace offer 15 000 km reverse=true (42.628667ms)
✔ eight-stage document trace offer 12 345 km reverse=false (36.495375ms)
✔ eight-stage document trace offer 12 345 km reverse=true (21.106166ms)
✔ exact product labels keep customer fact on canonical row rather than suppressing it (100.744833ms)
✔ generic exact-label identity and catalog silence symmetry with synthetic provider (19.495583ms)
✔ ambiguous catalog label does not choose a key or suppress both safe catalog facts (7.627167ms)
✔ customer-specific facts and explicit not-selected never borrow evidence from other side (25.722417ms)
(node:68759) [MODULE_TYPELESS_PACKAGE_JSON] Warning: Module type of file:///Users/morten/Documents/forsikringsapp/lib/coverage-detail-presentation.ts is not specified and it doesn't parse as CommonJS.
Reparsing as ES module because module syntax was detected. This incurs a performance overhead.
To eliminate this warning, add "type": "module" to /Users/morten/Documents/forsikringsapp/package.json.
(Use `node --trace-warnings ...` to show where the warning was created)
✔ key description is compact, monetary details are separate and lossless (30.373958ms)
✔ generic non-key coverage splits description sum deductible and duration identically (0.232042ms)
✔ unstructured description is retained without invented subfacts (0.653958ms)
✔ unrepresented qualifier is never shortened away (2.970542ms)
✔ unknown does not inherit a main-value description or fake source (0.4135ms)
✔ explicit not selected has its own evidence (0.557041ms)
✔ same fact/source duplicate removes controls but distinct locations remain (0.735291ms)
✔ same source on different facts keeps each association (8.543125ms)
✔ fact and source reordering does not change provenance association (0.199ms)
✔ origin is visible before opening source and source is under its detail fact (6.447375ms)
✔ derived totalskade pair has per-component evidence rather than arbitrary pair source (5.660917ms)
✔ native source and detail disclosures have contextual accessible names and focus styles (7.027125ms)
(node:68760) [MODULE_TYPELESS_PACKAGE_JSON] Warning: Module type of file:///Users/morten/Documents/forsikringsapp/lib/analysis-output.ts is not specified and it doesn't parse as CommonJS.
Reparsing as ES module because module syntax was detected. This incurs a performance overhead.
To eliminate this warning, add "type": "module" to /Users/morten/Documents/forsikringsapp/package.json.
(Use `node --trace-warnings ...` to show where the warning was created)
✔ quality 2+2 whole pipeline sideSwap=false pdfReverse=false completionReverse=false (250.049625ms)
✔ quality 2+2 whole pipeline sideSwap=false pdfReverse=false completionReverse=true (415.609542ms)
✔ quality 2+2 whole pipeline sideSwap=false pdfReverse=true completionReverse=false (208.412958ms)
✔ quality 2+2 whole pipeline sideSwap=false pdfReverse=true completionReverse=true (153.630583ms)
✔ quality 2+2 whole pipeline sideSwap=true pdfReverse=false completionReverse=false (321.745542ms)
✔ quality 2+2 whole pipeline sideSwap=true pdfReverse=false completionReverse=true (266.517666ms)
✔ quality 2+2 whole pipeline sideSwap=true pdfReverse=true completionReverse=false (213.522709ms)
✔ quality 2+2 whole pipeline sideSwap=true pdfReverse=true completionReverse=true (229.844542ms)
✔ registration anchor preserves limit at every stage førstegangsregistrering 15 000 km (19.395333ms)
✔ registration anchor preserves limit at every stage første registreringsdato 15 000 km (26.923958ms)
✔ registration anchor preserves limit at every stage førstegangsregistrering 12 345 km (9.40625ms)
✔ registration anchor preserves limit at every stage første registreringsdato 12 345 km (12.385541ms)
✔ generic document 12 000 / synthetic catalog 18 000 precedence Gjensidige (2.047083ms)
✔ generic document 12 345 / synthetic catalog 98 765 precedence Gjensidige (1.794708ms)
✔ generic document 12 000 / synthetic catalog 18 000 precedence Tryg (11.147667ms)
✔ generic document 12 345 / synthetic catalog 98 765 precedence Tryg (7.847167ms)
✔ actual registration field still ends totalskade context (1.639917ms)
✔ summary registration anchor preserves explicit totalskade km (9.330625ms)
✔ same object duplicate records and cross-batch formatting do not double count (34.093916ms)
✔ single-object display and portfolio agree on equal numeric formats (4.125333ms)
✔ different numbers aggregate generally existing (15.984292ms)
✔ different numbers aggregate generally offer (14.059625ms)
✔ price conflict/unparseable remains conservative 14 000 kr (4.747625ms)
✔ price conflict/unparseable remains conservative 14786 kr per måned (19.596583ms)
✔ price conflict/unparseable remains conservative 14786 kr og 100 kr (4.535167ms)
✔ 2/3 partial totals retain subtotal and missing total is not reconstructed (27.83525ms)
(node:68761) [MODULE_TYPELESS_PACKAGE_JSON] Warning: Module type of file:///Users/morten/Documents/forsikringsapp/lib/hybrid-matching.ts is not specified and it doesn't parse as CommonJS.
Reparsing as ES module because module syntax was detected. This incurs a performance overhead.
To eliminate this warning, add "type": "module" to /Users/morten/Documents/forsikringsapp/package.json.
(Use `node --trace-warnings ...` to show where the warning was created)
✔ canonical keys and catalog key aliases require zero semantic calls (1.886417ms)
✔ explicit type-scoped aliases require zero semantic calls (0.64525ms)
✔ related detail context is shared with comparison before fallback (3.454334ms)
✔ a genuinely unresolved label pair still invokes semantic fallback once (7.257875ms)
✔ only unresolved candidates are sent; deterministic aliases and canonical matches stay out (2.426375ms)
✔ AI cannot override a safe canonical match by returning an excluded id (2.754166ms)
✔ different canonical coverages and different details are not semantic candidates (1.423375ms)
✔ mixed unresolved scope cannot authorize AI to collapse different canonical fields (1.171542ms)
✔ known different insurance types remain isolated even with identical detail keys (1.450083ms)
✔ similar spellings do not become deterministic aliases (3.126167ms)
✔ semantic metrics whitelist counts, duration and usage without labels or response text (3.308709ms)
✔ zero semantic candidates records zero invocation and zero tokens (0.304791ms)
✔ generic same-label terms cannot inherit an unrelated canonical identity (0.368459ms)
✔ synthetic Gjensidige Kasko/Pluss catalog regression resolves without semantic AI (37.158375ms)
✔ canonical fallback pruning also works for another provider (6.766791ms)
✔ four rental scenarios recover explicit scoped labels from a repeated generic extraction key (9.252084ms)
✔ canonical identity preserves same-label same-value separate rental details (0.195958ms)
✔ important differences and detailed comparison retain the same four rental identities (54.31875ms)
✔ Kasko standard coverages mistakenly extracted as addons retain data but not addon classification (33.343ms)
✔ selected documented Pluss add-ons remain Leiebil and Maskinskade (4.364875ms)
✔ explicit negative status beats a modeled rental addon (2.103958ms)
✔ catalog standard coverage alone never creates a customer addon (5.2035ms)
✔ pilot document precedence, prices, keys and limits survive (4.279625ms)
✔ rental labels never depend on the particular day limits (4.498333ms)
✔ document selected status and canonical addon metadata restore addon overview (1.909166ms)
✔ failed semantic fallback records invocation without inventing accepted matches or tokens (0.349709ms)
✔ detail context retains document and catalog provenance after matching (5.415208ms)
(node:68762) [MODULE_TYPELESS_PACKAGE_JSON] Warning: Module type of file:///Users/morten/Documents/forsikringsapp/lib/vehicle-price-presentation.ts is not specified and it doesn't parse as CommonJS.
Reparsing as ES module because module syntax was detected. This incurs a performance overhead.
To eliminate this warning, add "type": "module" to /Users/morten/Documents/forsikringsapp/package.json.
(Use `node --trace-warnings ...` to show where the warning was created)
✔ currency punctuation yields the same annual amount for premie.ekskl_tfa (17.278125ms)
✔ currency punctuation yields the same annual amount for premie.tfa (0.097625ms)
✔ currency punctuation yields the same annual amount for premie.total (0.065ms)
✔ complete 2+2 portfolio survives price formatting, side swap=false, reversed order=false (87.850791ms)
✔ complete 2+2 portfolio survives price formatting, side swap=false, reversed order=true (33.524625ms)
✔ complete 2+2 portfolio survives price formatting, side swap=true, reversed order=false (28.903ms)
✔ complete 2+2 portfolio survives price formatting, side swap=true, reversed order=true (16.571084ms)
✔ alternative portfolio amounts and an explicit zero are not pilot-specific (49.212ms)
✔ missing explicit total stays partial without inferring it from complete premium and TFA (6.159083ms)
✔ document failure keeps otherwise complete price contributions partial (17.825292ms)
✔ duplicate cross-batch records with currency punctuation count once after existing consolidation (44.695417ms)
✔ genuinely conflicting duplicate prices remain conflicting (30.702542ms)
✔ punctuation does not accept monthly amounts, ranges, prose, extra numbers or malformed decimals (0.318458ms)
✔ formatted object price stays document-backed and preserves original text (6.819625ms)
(node:68763) [MODULE_TYPELESS_PACKAGE_JSON] Warning: Module type of file:///Users/morten/Documents/forsikringsapp/lib/analysis-output.ts is not specified and it doesn't parse as CommonJS.
Reparsing as ES module because module syntax was detected. This incurs a performance overhead.
To eliminate this warning, add "type": "module" to /Users/morten/Documents/forsikringsapp/package.json.
(Use `node --trace-warnings ...` to show where the warning was created)
✔ real extraction-like price pipeline, prefix currency false (81.640542ms)
✔ real extraction-like price pipeline, prefix currency true (25.557792ms)
✔ only matching price field 0 is independently comparable (2.189542ms)
✔ only matching price field 2 is independently comparable (3.043875ms)
✔ exclusive versus inclusive remains incomparable (2.421ms)
✔ equivalent money formats do not create a false ambiguity; source values remain unchanged (1.01125ms)
✔ explicit annual money format kr 12.457,50 per år (1.026291ms)
✔ explicit annual money format 12 457,50 kroner årlig (1.721834ms)
✔ monthly amounts, arbitrary sentences and competing values remain conservative (5.724583ms)
✔ non-vehicle price presentation unaffected (0.262833ms)
✔ pipeline isolates annual 20 000 km from totalskade 15 000 km (28.766458ms)
✔ pipeline isolates annual 25 000 km from totalskade 12 000 km (27.731083ms)
✔ compound splitting stops before annual mileage rather than choosing its first km (0.397833ms)
✔ explicit canonical limit beats secondary summary-derived conflicting limit (1.173041ms)
✔ conflicting explicit document limits are preserved rather than first-wins (0.863041ms)
✔ five kilometre identities survive deduplication even with identical numerical values (0.494625ms)
✔ precise annual-mileage label repairs a wrong extraction nyverdi canonicalKey (0.872167ms)
✔ semantic matcher cannot merge any two distinct canonical kilometre fields (2.398458ms)
✔ document limit overrides catalog for another provider without hardcoded values (1.117375ms)
✔ a conflicting explicit compound and explicit single-field limit both survive (0.282792ms)
✔ unknown structured limit does not suppress a documented summary limit (0.18175ms)
(node:68764) [MODULE_TYPELESS_PACKAGE_JSON] Warning: Module type of file:///Users/morten/Documents/forsikringsapp/lib/presentation-catalog.ts is not specified and it doesn't parse as CommonJS.
Reparsing as ES module because module syntax was detected. This incurs a performance overhead.
To eliminate this warning, add "type": "module" to /Users/morten/Documents/forsikringsapp/package.json.
(Use `node --trace-warnings ...` to show where the warning was created)
✔ presentation catalog har stabile konsepter for Bil, Innbo, Hus og Reise (3.136291ms)
✔ tjenester og betingede fordeler har egne presentation-typer (0.957083ms)
✔ Tryg vei til lappen har kildebelagte separate vilkår og virkninger (0.169875ms)
✔ Gjensidige beholder appkrav, startbonus, ungførerregel og egenandelsunntak separat (0.099833ms)
✔ alle etterspurte providers og Fremtind-kanaler har eksplisitt auditstatus (0.159292ms)
✔ Fremtind-fordeler er eksplisitt kanalspesifikke (0.081166ms)
✔ Gjensidige øvelseskjøring har separat presentation provenance (0.07825ms)
✔ Tryg Bil-arv har separat IPID-evidence mens faktaene beholder vilkårsprovenance (0.073417ms)
✔ presentation evidence er metadata og finnes ikke i canonical product catalog (132.479125ms)
(node:68765) [MODULE_TYPELESS_PACKAGE_JSON] Warning: Module type of file:///Users/morten/Documents/forsikringsapp/lib/coverage-detail-presentation.ts is not specified and it doesn't parse as CommonJS.
Reparsing as ES module because module syntax was detected. This incurs a performance overhead.
To eliminate this warning, add "type": "module" to /Users/morten/Documents/forsikringsapp/package.json.
(Use `node --trace-warnings ...` to show where the warning was created)
✔ four selected family children all have identity in actual UI (21.347916ms)
✔ mixed family statuses are named (2.772291ms)
✔ single Maskinskade retains status and concrete limits (15.693333ms)
✔ totalskade concrete pair gains no invented status (4.100417ms)
✔ five sources have exact fact context on each side (3.011417ms)
✔ shared source remains attached to every contributing fact (0.130084ms)
✔ public and customer provenance stay distinct in source controls (3.579209ms)
✔ reversing source order never reassigns source to another fact (1.035333ms)
✔ reversing coverage order retains all child/status associations (7.52675ms)
✔ status source follows its own evidence, not unrelated aggregate detail source (1.052375ms)
✔ expanded details use one shared nested wrapper (2.171791ms)
✔ collapsed disclosure has no sibling guide or empty spacing artifact (1.604708ms)
✔ detail source controls remain inside the nested area (1.273125ms)
✔ long detail values preserve wrapping inside the nested area (0.59425ms)
✔ responsive detail guide uses 8 px mobile and 24 px desktop indentation (0.405792ms)
✔ native keyboard and ARIA disclosure semantics remain present (1.276792ms)
✔ both-empty ordinary detail is omitted conservatively (0.065375ms)
✔ one-side-missing detail remains visible (0.049458ms)
✔ explicit not-selected status is never hidden as empty (0.040792ms)
(node:68766) [MODULE_TYPELESS_PACKAGE_JSON] Warning: Module type of file:///Users/morten/Documents/forsikringsapp/lib/coverage-detail-presentation.ts is not specified and it doesn't parse as CommonJS.
Reparsing as ES module because module syntax was detected. This incurs a performance overhead.
To eliminate this warning, add "type": "module" to /Users/morten/Documents/forsikringsapp/package.json.
(Use `node --trace-warnings ...` to show where the warning was created)
✔ two pilot-shaped cars sum independent price identities (2.449417ms)
✔ identical prices are not a zero-kr saving (9.36425ms)
✔ exact matched sets permit aggregate comparison (21.396334ms)
✔ unique type pair uses existing matching policy (0.453916ms)
✔ missing object on existing prevents saving conclusion (0.589875ms)
✔ missing object on offer prevents saving conclusion (0.369625ms)
✔ ambiguous identities do not produce aggregate comparison (1.14125ms)
✔ partial failure blocks complete totals and savings (1.115958ms)
✔ 2/2 priced logical objects is complete (0.329833ms)
✔ 2/3 priced logical objects is partial (0.330792ms)
✔ 0/3 priced logical objects is unavailable (0.272375ms)
✔ reject incompatible annual basis: 100 kr per måned (0.808125ms)
✔ reject incompatible annual basis: 100 kr / mnd (0.136541ms)
✔ reject incompatible annual basis: 100–200 kr (0.6115ms)
✔ reject incompatible annual basis: 100 kr og 200 kr (0.110083ms)
✔ reject incompatible annual basis: 100 000 km (0.114458ms)
✔ reject incompatible annual basis: 20 % (0.144416ms)
✔ catalog example is not a customer price (0.1375ms)
✔ customer price outranks excluded catalog example without double counting (0.192ms)
✔ sums/deductibles/km are never prices (0.077042ms)
✔ scalar annual premium is not an inferred canonical vehicle total (0.060791ms)
✔ conflicting prices have no arbitrary winner (0.073ms)
✔ unresolved consolidation cannot yield a safe total (0.188ms)
✔ unresolved price conflict metadata is respected (0.115042ms)
✔ documented total 27574 kr is preserved and reconciled (0.092667ms)
✔ documented total 30000 kr is preserved and reconciled (13.91525ms)
✔ documented-only agreement price remains available (0.2195ms)
✔ manual agreement total is not mislabeled PDF evidence (0.201875ms)
✔ reversed order preserves sums and comparison (0.799917ms)
✔ TFA alone does not imply total or insurance price (0.281042ms)
✔ Tilhenger does not require invented zero TFA (0.186ms)
✔ Campingvogn does not require invented zero TFA (1.301875ms)
✔ Snøscooter does not require invented zero TFA (0.06ms)
✔ mixed nonvehicle portfolio retains documented total without TFA reinterpretation (0.111334ms)
✔ same object spread over three documents counts once after existing consolidation (18.1505ms)
✔ duplicate raw records do not duplicate total or TFA (2.631792ms)
✔ price conflict across documents remains conflicting (3.633541ms)
✔ existing document priority is consumed rather than recalculated (4.071125ms)
✔ seven logical objects preserve complete prices after duplicate consolidation (28.524709ms)
✔ seven-object missing warning survives and suppresses saving (24.436541ms)
✔ status only has no extra details (1.041791ms)
✔ status plus sum places the sum in details once (0.377167ms)
✔ rendered formatting does not determine detail availability (0.262625ms)
✔ different one-sided pilot details are shown with full values (0.326042ms)
✔ identical extra facts still warrant details (0.184834ms)
✔ provenance alone does not create a details panel (0.156375ms)
✔ freeform effective summary is preserved without invented subfacts (0.310125ms)
✔ generated parent summary and repeated details do not replay same facts (3.515875ms)
✔ coverage status Ikke valgt remains unchanged (4.225708ms)
✔ coverage status Ikke dokumentert remains unchanged (20.145959ms)
✔ helper compares canonical identity rather than text (0.225417ms)
✔ object-local concept details cannot leak to another car (4.304916ms)
✔ Bil detail structure is generic (0.251625ms)
✔ Innbo detail structure is generic (0.181875ms)
✔ Hus detail structure is generic (0.143459ms)
✔ Reise detail structure is generic (0.1395ms)
✔ actual UI hides empty expander and retains source controls (12.042042ms)
✔ actual expander uses native disclosure semantics and has additional content (1.426417ms)
✔ sources follow their fact inside expandable details (1.526416ms)
✔ single fallback item is fully visible without meaningless expander (0.456625ms)
✔ actual portfolio UI shows calculated totals and partial wording (0.913333ms)
✔ actual portfolio UI exposes mismatch without replacing documented value (0.383208ms)
✔ details consume resolved document priority including preserved base sources (1.47175ms)
✔ details are pure presentation and never mutate effective terms (0.239875ms)
✔ totalskade 20 000 km is preserved, not corrected by detail projection (0.166ms)
✔ price metadata/provenance remain unchanged by aggregation (0.089042ms)
(node:68767) [MODULE_TYPELESS_PACKAGE_JSON] Warning: Module type of file:///Users/morten/Documents/forsikringsapp/lib/catalog-product-comparison.ts is not specified and it doesn't parse as CommonJS.
Reparsing as ES module because module syntax was detected. This incurs a performance overhead.
To eliminate this warning, add "type": "module" to /Users/morten/Documents/forsikringsapp/package.json.
(Use `node --trace-warnings ...` to show where the warning was created)
✔ PAU28002: unchanged original proves accident scope and fixed sums (87.717792ms)
✔ PAU28002: canonical addon scope and amounts retain exact source references (5.044875ms)
✔ Ansvar: Førerulykke remains optional with no base inclusion claim (1.964542ms)
✔ Brann og tyveri: Førerulykke remains optional with no base inclusion claim (0.86725ms)
✔ Kasko: Førerulykke remains optional with no base inclusion claim (0.851667ms)
✔ Førerulykke: explicit manual choice selects only its own canonical concept (31.473208ms)
✔ Førerulykke: PDF silence remains unknown and explicit document status wins (16.020459ms)
✔ Førerulykke: explicit document limit is preserved separately from catalog limits (3.191667ms)
✔ Førerulykke: document limit and explicit rejection outrank an activated catalog component (9.954083ms)
✔ PAU28003: unchanged original proves accident scope and fixed sums (24.396708ms)
✔ PAU28003: canonical addon scope and amounts retain exact source references (0.555959ms)
✔ Ansvar: Fører- og passasjerulykke remains optional with no base inclusion claim (0.505166ms)
✔ Brann og tyveri: Fører- og passasjerulykke remains optional with no base inclusion claim (0.545875ms)
✔ Kasko: Fører- og passasjerulykke remains optional with no base inclusion claim (0.618583ms)
✔ Fører- og passasjerulykke: explicit manual choice selects only its own canonical concept (12.682042ms)
✔ Fører- og passasjerulykke: PDF silence remains unknown and explicit document status wins (2.958ms)
✔ Fører- og passasjerulykke: explicit document limit is preserved separately from catalog limits (2.247833ms)
✔ Fører- og passasjerulykke: document limit and explicit rejection outrank an activated catalog component (4.282083ms)
✔ accident concepts remain separate and the existing alternative selection guard is preserved (6.61125ms)
✔ accident additions do not cross provider, insurance type or agreement scope (2.897709ms)
✔ IPID Kasko rescue expense limitation is not copied to unknown lower levels (1.198ms)
✔ corrected vehicle usage metadata refers to exact level and source pages without altering originals (15.4105ms)
✔ If roof consequential damage has scoped affirmative evidence without removing its defect exclusion (11.776917ms)
(node:68768) [MODULE_TYPELESS_PACKAGE_JSON] Warning: Module type of file:///Users/morten/Documents/forsikringsapp/lib/product-catalog.ts is not specified and it doesn't parse as CommonJS.
Reparsing as ES module because module syntax was detected. This incurs a performance overhead.
To eliminate this warning, add "type": "module" to /Users/morten/Documents/forsikringsapp/package.json.
(Use `node --trace-warnings ...` to show where the warning was created)
✔ produktvalg begrenses til valgt selskap og forsikringstype (2.304416ms)
✔ produktmatching krever eksakt provider, canonical type og eksakt produkt (0.854875ms)
(node:68769) [MODULE_TYPELESS_PACKAGE_JSON] Warning: Module type of file:///Users/morten/Documents/forsikringsapp/lib/catalog-product-comparison.ts is not specified and it doesn't parse as CommonJS.
Reparsing as ES module because module syntax was detected. This incurs a performance overhead.
To eliminate this warning, add "type": "module" to /Users/morten/Documents/forsikringsapp/package.json.
(Use `node --trace-warnings ...` to show where the warning was created)
✔ Tryg Kasko rescue restriction renders as the documented restriction, not included coverage (50.478917ms)
✔ If Hus Utvidet: covered consequence and excluded defect coexist without contradictory status (19.731708ms)
✔ If Hus Super: covered consequence and excluded defect coexist without contradictory status (7.058125ms)
✔ frende: explicit source-backed subject metadata is generic, not an If patch (0.645708ms)
✔ gjensidige: explicit source-backed subject metadata is generic, not an If patch (0.158166ms)
✔ Tryg forerulykke remains optional in product presentation, never customer selected (10.056084ms)
✔ Tryg ulykke remains optional in product presentation, never customer selected (4.5145ms)
✔ Bil: only exactly duplicate headings suppressed; every fact, source and side survives (86.792583ms)
✔ Hus: only exactly duplicate headings suppressed; every fact, source and side survives (367.54525ms)
✔ Innbo: only exactly duplicate headings suppressed; every fact, source and side survives (100.732208ms)
✔ Reise: only exactly duplicate headings suppressed; every fact, source and side survives (97.328625ms)
✔ Snøscooter: only exactly duplicate headings suppressed; every fact, source and side survives (24.726333ms)
✔ Campingvogn: only exactly duplicate headings suppressed; every fact, source and side survives (32.409291ms)
✔ Tilhenger: only exactly duplicate headings suppressed; every fact, source and side survives (13.655ms)
✔ MC: only exactly duplicate headings suppressed; every fact, source and side survives (69.837416ms)
✔ Bobil: only exactly duplicate headings suppressed; every fact, source and side survives (64.149666ms)
✔ rendered Kasko hierarchy contains one Kasko heading while preserving product cells and source controls (4.804667ms)
✔ a repeated label separated from its group heading by other facts remains visible (36.171625ms)
✔ human label geografi leaves canonical identity intact (0.227375ms)
✔ human label sesong leaves canonical identity intact (0.078042ms)
✔ human label egenandel leaves canonical identity intact (2.130291ms)
✔ human label forsikringssum leaves canonical identity intact (0.076041ms)
✔ unqualified policy references are clarified without manufacturing a deductible or amount (0.084667ms)
✔ fixed, conditional, minimum and ambiguous references remain completely verbatim (0.047833ms)
✔ real customer-specific reference preserves original catalog source and raw value (2.401417ms)
✔ true unknowns and asymmetric provider details remain conservative (2.00875ms)
✔ new restriction evidence stays within existing privacy-safe trace vocabulary (1.057917ms)
(node:68770) [MODULE_TYPELESS_PACKAGE_JSON] Warning: Module type of file:///Users/morten/Documents/forsikringsapp/lib/catalog-product-comparison.ts is not specified and it doesn't parse as CommonJS.
Reparsing as ES module because module syntax was detected. This incurs a performance overhead.
To eliminate this warning, add "type": "module" to /Users/morten/Documents/forsikringsapp/package.json.
(Use `node --trace-warnings ...` to show where the warning was created)
✔ audit baseline has 65 rows and 34 asymmetric catalog facts (0.820375ms)
✔ Kasko descriptions remain side by side, exactly as sourced (1.006625ms)
✔ feilfylling.dekning: explicit parent evidence replaces only a false unknown (0.156416ms)
✔ haerverk.dekning: explicit parent evidence replaces only a false unknown (0.0625ms)
✔ parent evidence never copies the other product deductible or uhell limits (0.106208ms)
✔ combined and individual equipment sums retain their distinct scopes and sources (0.20325ms)
✔ Motor/gir and Maskinskade remain optional, not customer selected (0.071ms)
✔ machine mileage is a direct comparison with each original qualifier (0.119ms)
✔ deductible models preserve all brackets and subtraction order (0.0845ms)
✔ kilometerfradrag has its own side without an invented opposite unknown (0.103333ms)
✔ component lists stay provider specific without claiming identical component scope (0.063541ms)
✔ maskinskade.alder remains genuinely unknown on the undocumented side (0.051416ms)
✔ parkering.dekning remains genuinely unknown on the undocumented side (0.032666ms)
✔ parkering.grense remains genuinely unknown on the undocumented side (0.03025ms)
✔ parkering.egenandel remains genuinely unknown on the undocumented side (0.029792ms)
✔ bilnokkel.grense remains genuinely unknown on the undocumented side (0.0375ms)
✔ glass.grense.bytte remains genuinely unknown on the undocumented side (0.027041ms)
✔ rettshjelp.grense remains genuinely unknown on the undocumented side (0.031417ms)
✔ geografi.rettshjelp remains genuinely unknown on the undocumented side (0.0345ms)
✔ natur.dekning remains genuinely unknown on the undocumented side (0.032208ms)
✔ veihjelp common coverage/deductible and source-specific transport conditions coexist (0.046667ms)
✔ leiebil common optional facts and side-specific triggers/exclusions coexist (0.060459ms)
✔ glass common deductibles and provider-specific exclusions coexist (0.044ms)
✔ accident insured sums compare, contractual scope details are nested (0.041209ms)
✔ explicit unavailable catalog coverage is not converted to unknown (7.452542ms)
✔ every original fact value and source survives hierarchy, without catalog mutation (11.927958ms)
✔ rendered unknown count is 10, not 34; actual missing evidence stays visible (0.335125ms)
✔ parent evaluator works for another provider and an unrelated synthetic child concept (0.361792ms)
✔ parent proof fails closed: no explicit relation (0.176125ms)
✔ parent proof fails closed: changed canonical provider (0.139542ms)
✔ parent proof fails closed: changed canonical product (0.130917ms)
✔ parent proof fails closed: no approved products (0.136084ms)
✔ parent proof fails closed: parent prose without explicit evidence (0.143333ms)
✔ parent proof fails closed: changed product version (0.127667ms)
✔ parent proof fails closed: changed agreement scope (0.122292ms)
✔ parent proof fails closed: changed source date (0.132667ms)
✔ parent proof fails closed: changed source document (0.19525ms)
✔ parent proof fails closed: changed source section (0.200583ms)
✔ parent proof fails closed: changed source page (0.142833ms)
✔ parent proof fails closed: cross-type (0.144542ms)
✔ parent proof fails closed: source scope mismatch (0.125416ms)
✔ parent proof fails closed: unavailable parent (0.168583ms)
✔ parent proof fails closed: conflicting parents (0.13275ms)
✔ explicit child unavailability cannot be overwritten by included parent (0.138916ms)
✔ optional parent yields optional child, never included (0.139083ms)
✔ unaudited one-sided key remains unknown instead of being silently hidden (0.912666ms)
✔ source registry is anchored to source evidence, not company-name matching (0.244334ms)
✔ explicit parent identity preserves If Super / Frende Kasko child evidence (17.7635ms)
✔ explicit parent identity preserves Tryg Kasko / Frende Kasko child evidence (25.191416ms)
✔ explicit parent identity preserves If Super / Frende Utvidet child evidence (4.232917ms)
✔ explicit parent identity preserves Tryg Kasko / Frende Utvidet child evidence (11.196125ms)
✔ Bil: nonempty family-specific order, unique live anchors and full source retention (98.991ms)
✔ Hus: nonempty family-specific order, unique live anchors and full source retention (174.358208ms)
✔ Innbo: nonempty family-specific order, unique live anchors and full source retention (38.02325ms)
✔ Reise: nonempty family-specific order, unique live anchors and full source retention (105.349375ms)
✔ Snøscooter: nonempty family-specific order, unique live anchors and full source retention (5.942334ms)
✔ Campingvogn: nonempty family-specific order, unique live anchors and full source retention (11.023125ms)
✔ Tilhenger: nonempty family-specific order, unique live anchors and full source retention (26.762333ms)
✔ MC: nonempty family-specific order, unique live anchors and full source retention (32.470625ms)
✔ Bobil: nonempty family-specific order, unique live anchors and full source retention (58.086917ms)
✔ empty sections are absent, product and family changes recalculate navigation (5.999209ms)
✔ same exact product retains all details and navigation, without invented differences (8.356125ms)
✔ canonical IDs remain stable across side swap and distinguish Unicode or punctuation (6.328958ms)
✔ full product content is directly visible; only sources use details/summary (2.002375ms)
✔ product A/B, scope header and source links remain accessible without customer statuses (0.421375ms)
✔ native navigation has labels, focusable sections, offset and logical heading hierarchy (0.148542ms)
✔ mobile chip rail is bounded and desktop wraps without scrollspy or click-only controls (0.17225ms)
✔ nested details keep vertical guide and explicit product/provider association (0.107916ms)
✔ customer view retains important differences and its existing detailed comparison gate (7.758625ms)
✔ product selector still invalidates prior results on product, provider and type changes (0.293792ms)
✔ parent-backed children are subordinate to Kasko, not duplicate primary sections (0.108458ms)
✔ product materialization and presentation perform zero runtime fetches (85.072167ms)
✔ Hus leads with coverage instead of age deductions and deductible details (6.149166ms)
(node:68771) [MODULE_TYPELESS_PACKAGE_JSON] Warning: Module type of file:///Users/morten/Documents/forsikringsapp/lib/catalog-product-comparison.ts is not specified and it doesn't parse as CommonJS.
Reparsing as ES module because module syntax was detected. This incurs a performance overhead.
To eliminate this warning, add "type": "module" to /Users/morten/Documents/forsikringsapp/package.json.
(Use `node --trace-warnings ...` to show where the warning was created)
✔ catalog eligibility is derived from the current source-backed catalog (31.323375ms)
✔ providers and products are filtered by exact insurance type (88.908125ms)
✔ agreement scope is exact and channel-aware (120.61175ms)
✔ exact product identity is required and unknown IDs fail closed (81.259625ms)
✔ materialization excludes customer price and actual mileage facts (3.239459ms)
✔ included and optional coverage remain different product-level states (6.564333ms)
✔ missing catalog evidence stays unknown instead of becoming unavailable (14.552916ms)
✔ explicit negative catalog evidence becomes unavailable (7.137875ms)
✔ same exact product has no false meaningful differences (6.999584ms)
✔ side swap preserves the semantic difference set (9.023375ms)
✔ cross-type comparisons are rejected without fallback (0.248459ms)
✔ Bil uses one generic source-backed product comparison path (5.866166ms)
✔ Hus uses one generic source-backed product comparison path (6.44675ms)
✔ Innbo uses one generic source-backed product comparison path (1.720625ms)
✔ Reise uses one generic source-backed product comparison path (2.095666ms)
✔ Snøscooter uses one generic source-backed product comparison path (0.662334ms)
✔ Campingvogn uses one generic source-backed product comparison path (0.582625ms)
✔ Tilhenger uses one generic source-backed product comparison path (1.049708ms)
✔ MC uses one generic source-backed product comparison path (5.720208ms)
✔ Bobil uses one generic source-backed product comparison path (7.546458ms)
✔ same-provider levels compare without provider-name differences (2.880625ms)
✔ synthetic member scope stays isolated without provider-specific code (0.346583ms)
✔ catalog additions are discovered and removed products cannot remain selectable (0.187292ms)
✔ product mode renders its own labels without customer, price, object, PDF or analysis language (0.437208ms)
✔ product mode has no API, AI, PDF, object matching or runtime provider fetch path (0.229542ms)
✔ fact-specific sources are retained without local source paths (5.063333ms)
(node:68772) [MODULE_TYPELESS_PACKAGE_JSON] Warning: Module type of file:///Users/morten/Documents/forsikringsapp/lib/coverage-fact-semantics.ts is not specified and it doesn't parse as CommonJS.
Reparsing as ES module because module syntax was detected. This incurs a performance overhead.
To eliminate this warning, add "type": "module" to /Users/morten/Documents/forsikringsapp/package.json.
(Use `node --trace-warnings ...` to show where the warning was created)
✔ non-asserting roles use exact canonical segments, not text or fuzzy matching (0.552417ms)
✔ actual Tryg rescue limitation survives enrichment without asserting selected (14.961709ms)
✔ actual Tryg silent PDF remains unknown and does not acquire a limitation-only selection (0.757708ms)
✔ a synthetic Frende campingvogn restriction is equally non-asserting after enrichment (4.592083ms)
✔ restriction prose never asserts parent selection: Utgifter til redning/veihjelp er unntatt (0.692875ms)
✔ restriction prose never asserts parent selection: Redning utenfor Norden er ikke dekket (0.114708ms)
✔ restriction prose never asserts parent selection: Særvilkår er inkludert i avtalen (0.079833ms)
✔ explicit parent selected is not contradicted by a restriction (0.11275ms)
✔ explicit parent not_selected is not contradicted by a restriction (0.078625ms)
✔ explicit parent unknown is not contradicted by a restriction (1.785458ms)
✔ explicit PDF rejection continues to block catalog evidence after enrichment (2.733625ms)
✔ explicit PDF selection is preserved alongside catalog restriction evidence (0.99675ms)
✔ document restriction X beats catalog restriction Y without losing their audit evidence (1.099083ms)
✔ enrichment keeps document restriction X instead of the matching catalog Y (2.155709ms)
✔ unconfirmed catalog restrictions remain evidence, not effective customer details (0.201ms)
✔ undocumented restriction placeholders do not become effective details (0.164833ms)
✔ documented age and mileage details still establish selected machine coverage (0.270458ms)
✔ a documented sum remains positive detail evidence with a separate restriction (0.229833ms)
✔ manual catalog registration cannot select rescue from limitation alone (3.305708ms)
✔ manual explicit optional choice remains selected (6.638041ms)
(node:68773) [MODULE_TYPELESS_PACKAGE_JSON] Warning: Module type of file:///Users/morten/Documents/forsikringsapp/lib/catalog-enrichment.ts is not specified and it doesn't parse as CommonJS.
Reparsing as ES module because module syntax was detected. This incurs a performance overhead.
To eliminate this warning, add "type": "module" to /Users/morten/Documents/forsikringsapp/package.json.
(Use `node --trace-warnings ...` to show where the warning was created)
✔ catalog observer sees the actual lookup, single normalization and returned facts without changing output (29.579083ms)
✔ unknown product observer reports no catalog and retains exact document-only output (3.365167ms)
✔ consolidated enrichment observer never reruns already resolved document normalization (8.550625ms)
✔ catalog observer records only keys actually suppressed by explicit not-selected status (4.796583ms)
✔ consolidation observer captures each actual repeated normalization and consolidated result (35.805ms)
✔ standalone observer captures actual output without inventing another normalization pass (0.350458ms)
✔ unresolved consolidation observer reports actual conflict and separate outputs unchanged (6.410959ms)
(node:68774) [MODULE_TYPELESS_PACKAGE_JSON] Warning: Module type of file:///Users/morten/Documents/forsikringsapp/lib/production-trace-server.ts is not specified and it doesn't parse as CommonJS.
Reparsing as ES module because module syntax was detected. This incurs a performance overhead.
To eliminate this warning, add "type": "module" to /Users/morten/Documents/forsikringsapp/package.json.
(Use `node --trace-warnings ...` to show where the warning was created)
✔ server collector is disabled explicitly and rejects invalid or customer-derived request IDs (0.787125ms)
✔ enrichBatch and mergeBatchResults outputs are identical with trace enabled or absent (152.098083ms)
✔ full PDF batching trace ON/OFF preserves results, coverage, prices, progress and extraction call count (82.302875ms)
✔ asynchronous and cross-batch consolidation preserves anonymous document, object and batch links (493.716708ms)
✔ server events preserve coverage winner origin and status without exposing raw source facts (26.418958ms)
✔ simultaneous analyses keep independent trace IDs, counters, scopes and privacy boundaries (68.063625ms)
✔ logging sink failures cannot fail or alter a successful analysis (74.038209ms)
✔ partial unreadable document is traced without replacing missing objects or exposing error text (29.237666ms)
✔ collector buffer has a finite cap and records dropped events without raw input retention (12.571292ms)
✔ successful PDF parsing followed by extraction failure keeps parsing status true (273.281417ms)
(node:68775) [MODULE_TYPELESS_PACKAGE_JSON] Warning: Module type of file:///Users/morten/Documents/forsikringsapp/lib/portfolio-price-presentation.ts is not specified and it doesn't parse as CommonJS.
Reparsing as ES module because module syntax was detected. This incurs a performance overhead.
To eliminate this warning, add "type": "module" to /Users/morten/Documents/forsikringsapp/package.json.
(Use `node --trace-warnings ...` to show where the warning was created)
✔ actual portfolio observer leaves accepted canonical/qualified amounts and returned result unchanged (5.847167ms)
✔ actual unresolved-consolidation rejection is observable even when the object amount parses (0.890958ms)
✔ actual conflicting source prices and multiple direct amounts have distinct reasons (0.690791ms)
✔ format-only conflict metadata remains accepted by the unchanged portfolio branch (0.229333ms)
✔ actual unparseable, missing, unsupported and optional-TFA branches remain distinct (0.470792ms)
(node:68776) [MODULE_TYPELESS_PACKAGE_JSON] Warning: Module type of file:///Users/morten/Documents/forsikringsapp/lib/production-trace-ticket.ts is not specified and it doesn't parse as CommonJS.
Reparsing as ES module because module syntax was detected. This incurs a performance overhead.
To eliminate this warning, add "type": "module" to /Users/morten/Documents/forsikringsapp/package.json.
(Use `node --trace-warnings ...` to show where the warning was created)
✔ trace ticket is runtime gated, bound to a random trace ID and short-lived (1.085292ms)
✔ authenticated same-origin receipt logs only strict client events and rejects replay (100.304833ms)
✔ receipt endpoint requires enabled flag, session and same origin (20.1535ms)
✔ receipt rejects raw fields, customer values, token mismatches and server-stage impersonation without logging (3.719458ms)
✔ receipt bounds event counts and bytes even without a content-length header (5.837ms)
✔ receipt closes a stalled authenticated body after its bounded read deadline (2.007667ms)
✔ actual comparison sends projected diagnostics only after current generation guard and never retries (11.818875ms)
✔ executed comparison effect ignores stale/cancelled results, sends once and aborts receipt on cancellation (246.607375ms)
(node:68777) [MODULE_TYPELESS_PACKAGE_JSON] Warning: Module type of file:///Users/morten/Documents/forsikringsapp/lib/production-trace.ts is not specified and it doesn't parse as CommonJS.
Reparsing as ES module because module syntax was detected. This incurs a performance overhead.
To eliminate this warning, add "type": "module" to /Users/morten/Documents/forsikringsapp/package.json.
(Use `node --trace-warnings ...` to show where the warning was created)
✔ trace sanitizer accepts exact diagnostic metadata and returns an independent copy (1.090166ms)
✔ trace sanitizer rejects every raw/private top-level field rather than silently forwarding it (0.130958ms)
✔ trace sanitizer rejects raw/private fields at every nested trace boundary (0.347458ms)
✔ known canonical prefixes never permit arbitrary customer suffixes or whitespace (0.268458ms)
✔ reference, provider, product and reason vocabularies reject private strings including plausible prefixes (0.42925ms)
✔ trace shapes reject invalid counts, oversized collections and malformed values (0.116416ms)
✔ fact projection uses exact canonical keys and never emits raw labels, values, provenance or identity (0.382166ms)
✔ coverage trace reports strongest document assertion even when lower-priority catalog evidence comes first (1.142792ms)
✔ coverage trace prioritizes document add-on over weaker main-value assertion (0.715583ms)
✔ coverage trace preserves conflict and unknown instead of treating any catalog presence as selected (0.259459ms)
✔ raw key presence is separate from effective undocumented-value absence (0.089875ms)
✔ trace distinguishes explicit unknown product identity from legacy fallback without logging product text (0.062916ms)
✔ actual detailed coverage row observes selected/document despite absent main term (3.495042ms)
✔ actual 2+2 comparison and prices remain identical with or without client diagnostic projection (110.805292ms)
✔ client projection observes an emitted difference while preserving document values and sources (58.65825ms)
✔ client projection cannot leak adversarial raw values, labels, source filenames or object identity (17.714125ms)
(node:68778) [MODULE_TYPELESS_PACKAGE_JSON] Warning: Module type of file:///Users/morten/Documents/forsikringsapp/lib/analysis-progress.ts is not specified and it doesn't parse as CommonJS.
Reparsing as ES module because module syntax was detected. This incurs a performance overhead.
To eliminate this warning, add "type": "module" to /Users/morten/Documents/forsikringsapp/package.json.
(Use `node --trace-warnings ...` to show where the warning was created)
✔ analyzing panel is prominent and separates existing/offer responsively (5.097625ms)
✔ document queued has text and status icon (0.45575ms)
✔ document analyzing has text and status icon (0.371ms)
✔ document completed has text and status icon (0.339083ms)
✔ document failed has text and status icon (0.345458ms)
✔ no product appears before identification; completed products get real friendly type (4.455417ms)
✔ partial analysis has warning and explicit successful/failed count (0.518542ms)
✔ completed panel is compact with collapsed details and product count (0.759083ms)
✔ progressbar percentage measures only processed real documents including isolated failure (4.296833ms)
✔ upload and final preparation are indeterminate, not fake 100 percent completion (2.309042ms)
✔ multiple documents and multiproduct PDF are displayed only from state (2.206708ms)
✔ PII-like raw insurance type and arbitrary fields are never rendered in progress (1.368792ms)
✔ progress is accessible beyond color (1.4475ms)
✔ vehicle labels and values use all three separate canonical fields (1.746333ms)
✔ price field premie.ekskl_tfa maps exactly and is never derived (0.105042ms)
✔ price field premie.tfa maps exactly and is never derived (0.068667ms)
✔ price field premie.total maps exactly and is never derived (0.056833ms)
✔ Gjensidige regression keeps insurance delta 2939 separate from total delta 1998 (33.480375ms)
✔ TFA is shown even when equal and never gets a company-price saving claim (0.931458ms)
✔ missing insurance premium never produces a false delta (0.108125ms)
✔ missing total never produces a false delta (0.07ms)
✔ exclusive premium cannot be compared to inclusive total, including root annual premium (0.417667ms)
✔ total is not computed from insurance price and TFA (0.04775ms)
✔ MC uses vehicle price presentation without collapsing its type (0.044375ms)
✔ Bobil uses vehicle price presentation without collapsing its type (0.032834ms)
✔ Campingvogn uses vehicle price presentation without collapsing its type (0.031166ms)
✔ Varebil uses vehicle price presentation without collapsing its type (0.032375ms)
✔ Motorvognforsikring uses vehicle price presentation without collapsing its type (0.035125ms)
✔ Hus does not gain TFA fields (0.103209ms)
✔ Innbo does not gain TFA fields (0.059542ms)
✔ Reise does not gain TFA fields (0.055292ms)
✔ Barn does not gain TFA fields (0.056042ms)
✔ Liv does not gain TFA fields (0.052667ms)
✔ Båt does not gain TFA fields (0.050958ms)
✔ conflicting amounts, monthly prices, ranges and missing evidence are not compared (4.891292ms)
✔ MC price aliases reuse existing canonical price facts and preserve source (9.5325ms)
✔ catalog price availability is not an individually documented premium (0.100833ms)
✔ two raw PDF annualPremium fields with unknown TFA basis never produce vehicle savings (0.343375ms)
✔ manual input does not bypass different explicitly documented price bases (0.29175ms)
✔ manual completion does not invent document or extracted product counts (0.372291ms)
✔ price presentation preserves the canonical fact sources (0.067292ms)
(node:68779) [MODULE_TYPELESS_PACKAGE_JSON] Warning: Module type of file:///Users/morten/Documents/forsikringsapp/lib/insurance-object-consolidation.ts is not specified and it doesn't parse as CommonJS.
Reparsing as ES module because module syntax was detected. This incurs a performance overhead.
To eliminate this warning, add "type": "module" to /Users/morten/Documents/forsikringsapp/package.json.
(Use `node --trace-warnings ...` to show where the warning was created)
✔ 01 same-side records become one logical object (36.236791ms)
✔ 02 complementary canonical facts retained (1.826375ms)
✔ 03 union of document references preserves both documents (4.460542ms)
✔ 04 same object across extraction batches is consolidated before matching (15.551292ms)
✔ 05 batch completion order is deterministic (33.796709ms)
✔ 06 three cars with seven records become three objects (12.439041ms)
✔ 07 canonical facts never leak between cars (29.243958ms)
✔ 08 input order does not alter merged data/provenance (17.670125ms)
✔ 09 two repeated trailers remain two objects (24.339167ms)
✔ 10 multiple records without IDs remain separate (0.21975ms)
✔ 11 one-sided identifier never absorbs unidentified record (0.086917ms)
✔ 12 distinct IDs never merge (0.060333ms)
✔ 13 same registration and VIN consolidate (1.656708ms)
✔ 14 same registration conflicting VIN fails closed (2.61425ms)
✔ 15 safe registration formatting normalization (1.349167ms)
✔ 16 OCR similarity cannot merge identities (0.077708ms)
✔ 17 identical facts deduplicate with both sources (1.672334ms)
✔ 18 documented individual agreement outranks general terms with history (2.996ms)
✔ 19 unknown equal roles retain conflicting values and mark conflict (6.584042ms)
✔ 20 conflict resolution independent of order (7.448459ms)
✔ 21 repeated premie.ekskl_tfa is never summed (8.348625ms)
✔ 22 repeated premie.tfa is never summed (5.579375ms)
✔ 23 repeated premie.total is never summed (3.808209ms)
✔ 24 premium TFA total remain separate canonical values (5.08225ms)
✔ 25 conflicting totals remain explicit and no numeric winner (8.995334ms)
✔ 26 complementary selected addons survive consolidation (10.247ms)
✔ 27 individual not_selected beats general selected/detail evidence (6.972625ms)
✔ 28 duplicate selected addon appears once (4.708916ms)
✔ 29 document limits outrank catalog limits after consolidation (6.780834ms)
✔ 30 optional catalog-only coverage never becomes selected (6.996333ms)
✔ 31 catalog and customer source origins stay distinct (7.257833ms)
✔ 32 catalog enrichment does not duplicate consolidated object (8.727ms)
✔ 33 three versus two document fragments match as one object (8.625625ms)
✔ 34 two cars split differently match their exact counterparts (16.106833ms)
✔ 35 repeated fragments do not generate false missing warnings (149.3785ms)
✔ 36 actual missing consolidated object remains visible (29.096209ms)
✔ 37 cross-batch different document fragments preserve sources (35.208375ms)
✔ 38 reversed completion across both sides keeps results stable (61.31775ms)
✔ 39 ten existing PDFs consolidate into seven logical objects (198.147083ms)
✔ 40 10+10 multi-batch portfolio does not add AI calls or concurrency (175.677875ms)
✔ 41 partial failure still consolidates successful fragments (91.368208ms)
✔ 42 partial result warning/context retained after consolidation (98.056333ms)
✔ 43 internal object identifiers remain available for exact matching (1.541416ms)
✔ 44 telemetry contains no identifiers or filenames (179.787333ms)
✔ 45 semantic matching/audit only sees matched fact scopes (24.744084ms)
✔ 46 safe progress discards object identity injected as extras (0.096125ms)
✔ 47 safe object matching counts contain only numbers (1.773625ms)
✔ 48 filename never serves as identity (0.061125ms)
✔ 49 non-vehicle Property A complementary records consolidate (0.36225ms)
✔ 50 non-vehicle Property A and B stay separate (0.051084ms)
✔ 51 non-vehicle no-ID records never fuzzy merge (0.039417ms)
✔ 52 compatible same product merges complementary documents (1.477583ms)
✔ 53 product level conflict remains unresolved, never picks Pluss or Kasko (1.319208ms)
✔ 54 explicit different agreement periods cannot merge (1.364791ms)
✔ 55 unknown period does not prevent otherwise safe consolidation (18.313542ms)
✔ 56 fact A retains original document 1 provenance (5.035958ms)
✔ 57 fact B retains original document 4 provenance (1.499ms)
✔ 58 detail rows retain independently accessible source lists (31.580583ms)
✔ 59 catalog sources are never reassigned to customer PDF (28.870458ms)
✔ 60 completion order cannot alter provenance (16.820708ms)
✔ identity bridge conflict rejects the whole connected component (5.041291ms)
✔ same registration across types cannot consolidate (0.08225ms)
✔ provider alias variation can merge but different insurers cannot (2.563958ms)
✔ same-side API rejects cross-side input (0.216167ms)
✔ unknown role not invented lower priority than individual (1.473208ms)
✔ equal-priority selected/refused evidence remains unknown (5.334625ms)
✔ individual details are not defeated by general parent refusal (2.764709ms)
✔ unknown product marker cannot derive conflict from object display label (0.714167ms)
✔ extraction accepts explicit role and period but rejects invalid dates (0.270709ms)
✔ full portfolio actual missing trailer is isolated without false warnings (152.680292ms)
✔ new trailer only in offer remains missing and price is not zero (4.012167ms)
✔ multiple no-ID trailers remain ambiguous alongside safe exact pair (0.38225ms)
✔ fact conflicts are visible in important differences (16.344417ms)
✔ unresolved side-only consolidation is ambiguous rather than missing (1.369833ms)
✔ UI exposes preserved document records and periods without hiding source details (0.572709ms)
✔ same vin alone consolidates without registration (1.686459ms)
✔ same serial alone consolidates without registration (2.469084ms)
✔ serial identifiers remain case sensitive (0.145083ms)
✔ conflicting annual scalar premiums and deductibles are retained with evidence (2.933125ms)
✔ document role cannot be arbitrary extraction metadata (0.10725ms)
✔ catalog matching for existing non-car types survives consolidation (8.389083ms)
✔ conflicting repeated identifier kind connects and blocks every affected component (6.428625ms)
(node:68780) [MODULE_TYPELESS_PACKAGE_JSON] Warning: Module type of file:///Users/morten/Documents/forsikringsapp/lib/analysis-output.ts is not specified and it doesn't parse as CommonJS.
Reparsing as ES module because module syntax was detected. This incurs a performance overhead.
To eliminate this warning, add "type": "module" to /Users/morten/Documents/forsikringsapp/package.json.
(Use `node --trace-warnings ...` to show where the warning was created)
✔ extraction bruker store false, begrenset timeout og ingen kundeidentifikatorer i schema (0.875917ms)
✔ extraction-prompt behandler dokumenttekst som ubetrodd data (0.717625ms)
✔ extraction normaliserer personbiltypen og beskytter eksplisitte kjøretøytyper (0.463375ms)
✔ semantic matcher bruker store false, ingen retry og ubetrodd-data-instruksjon (1.034041ms)
✔ PII redigeres stabilt uten å endre forsikringsbeløp, årstall eller km (1.063959ms)
✔ modellinput bruker bare interne dokumentlabels og redigert tekst (0.108709ms)
✔ runtime-validator godtar bounded output og avviser ekstreme eller uventede felt (0.348208ms)
✔ incomplete/refusal-lignende output avvises før bruk (0.150542ms)
✔ ukjent produkt beholdes som ukjent og katalogkobles ikke av validatoren (0.0915ms)
✔ public API-dokument fjerner fulltekst og kundeidentifikatorer (0.142208ms)
✔ success og error helper gir private no-store (21.19825ms)
✔ sanitert feilmelding inneholder bare allowlistede metadata (0.148083ms)
✔ pilotkode gir signert tidsbegrenset cookie og ugyldig session avvises (1.09075ms)
✔ muterende request krever eksakt same-origin (0.318417ms)
✔ UI rendrer tekst gjennom React og bruker ikke rå HTML (10.044208ms)
(node:68781) [MODULE_TYPELESS_PACKAGE_JSON] Warning: Module type of file:///Users/morten/Documents/forsikringsapp/lib/hybrid-matching.ts is not specified and it doesn't parse as CommonJS.
Reparsing as ES module because module syntax was detected. This incurs a performance overhead.
To eliminate this warning, add "type": "module" to /Users/morten/Documents/forsikringsapp/package.json.
(Use `node --trace-warnings ...` to show where the warning was created)
✔ audit logs exact known canonical IDs and opaque unknown nodes; accepted edges link only local ordinals (7.4315ms)
✔ audit blocks raw label (0.395167ms)
✔ audit blocks value (17.70775ms)
✔ audit blocks document text (4.62ms)
✔ audit blocks filename (2.827583ms)
✔ audit blocks product display name and registration (0.32675ms)
✔ audit blocks source text (0.245208ms)
✔ audit blocks model response and prompt fragment (0.224917ms)
✔ forged canonical key and forged log fields cannot bypass the logging allowlist (3.138167ms)
✔ audit records low-confidence rejection without model reason (0.4855ms)
✔ audit distinguishes explicit alias from an explicit canonical key (0.277333ms)
✔ unresolved count and bounded candidates remain explainable without dropping fallback (3.65075ms)
✔ invalid semantic response and request failure log only fixed outcomes (0.455292ms)
✔ semantic numeric isolation: nyverdi.km != kjoretoy.kilometerstand (16.708917ms)
✔ semantic numeric isolation: nyverdi.km != maskinskade.km (8.496458ms)
✔ semantic numeric isolation: nyverdi.km != kjoretoy.avtalt_maks_kilometerstand (0.127917ms)
✔ semantic numeric isolation: kjoretoy.kilometerstand != maskinskade.km (0.083833ms)
✔ semantic numeric isolation: kjoretoy.kilometerstand != kjoretoy.avtalt_maks_kilometerstand (0.07125ms)
✔ semantic numeric isolation: maskinskade.km != kjoretoy.avtalt_maks_kilometerstand (0.068083ms)
✔ semantic response cannot cross canonical kilometer scopes even when unknown candidates keep the scope open (0.253375ms)
✔ precise vehicle labels override a mis-tagged model key without interpreting numbers (34.933542ms)
✔ vehicle aliases are explicit and Bil-scoped (0.13675ms)
✔ metadata + document status Valgt governs addon overview (1.10325ms)
✔ metadata + document status Ikke valgt governs addon overview (0.348292ms)
✔ metadata + document status Ikke dokumentert governs addon overview (0.253292ms)
✔ catalog-only addon status and arbitrary selected coverages do not create chosen addons (4.471375ms)
✔ extraction schema and instructions preserve separate vehicle fields (1.466291ms)
✔ unknown insurance type cannot leak a customer label through audit type or scope IDs (0.817458ms)
✔ audit is bounded and reports omissions instead of logging unlimited source-derived nodes (24.929625ms)
(node:68782) [MODULE_TYPELESS_PACKAGE_JSON] Warning: Module type of file:///Users/morten/Documents/forsikringsapp/lib/comparison.ts is not specified and it doesn't parse as CommonJS.
Reparsing as ES module because module syntax was detected. This incurs a performance overhead.
To eliminate this warning, add "type": "module" to /Users/morten/Documents/forsikringsapp/package.json.
(Use `node --trace-warnings ...` to show where the warning was created)
✔ offisielle SpareBank 1/Fremtind-kilder har kontrollert identitet, versjon og dato (199.044334ms)
✔ PDF-ankere dokumenterer produktarv og sentrale bilgrenser (183.328542ms)
✔ fire SpareBank 1-nivåer har dokumentert arv og effektiv base/utvidelse (26.076292ms)
✔ Leiebil og Maskinskade er uavhengige tillegg bare på Kasko og Toppkasko (7.649875ms)
✔ SpareBank 1 Toppkasko med tillegg sammenlignes kildeisolert mot Tryg (63.413167ms)
✔ Brann mot Tryg beholdes som kildebasert uvisshet når åpen flamme bare er uttrykkelig på én side (12.867167ms)
✔ SpareBank 1 Toppkasko med tillegg sammenlignes mot If uten å oppfinne If-alder (23.439583ms)
✔ SpareBank 1 Toppkasko med tillegg sammenlignes mot Gjensidige (16.291292ms)
✔ SpareBank 1 Toppkasko med tillegg sammenlignes mot Storebrand (30.787667ms)
✔ UI-formet manuell request beholder begge SpareBank 1-tillegg gjennom presentasjonen (60.661917ms)
(node:68783) [MODULE_TYPELESS_PACKAGE_JSON] Warning: Module type of file:///Users/morten/Documents/forsikringsapp/lib/comparison.ts is not specified and it doesn't parse as CommonJS.
Reparsing as ES module because module syntax was detected. This incurs a performance overhead.
To eliminate this warning, add "type": "module" to /Users/morten/Documents/forsikringsapp/package.json.
(Use `node --trace-warnings ...` to show where the warning was created)
✔ Storebrands lokalt lagrede offisielle vilkår har kontrollert identitet, dato og kilde (653.477625ms)
✔ PDF-ankere støtter produktarv, reelle grenser, tillegg og egenandelsforbehold (230.088625ms)
✔ fire nivåer og dokumentert arv gir riktige effektive verdier og grunnverdier (7.260833ms)
✔ leiebil er valgfritt på Kasko/Super med to dokumenterte, alternative klasser (2.290583ms)
✔ Storebrand Super mot Tryg Kasko med tillegg sammenligner dokumenterte grenser uten sidellekkasje (53.392042ms)
✔ Storebrand Super mot If Super beholder 60 mot 90 dager og usikker If-alder (18.605959ms)
✔ Storebrand Super mot Gjensidige Pluss beholder nyverdi- og dødsfallsforskjeller (15.473167ms)
✔ egenandelsklasser lar avtalt kundeverdi stå separat fra standard og særskilt vilkår (36.316666ms)
(node:68784) [MODULE_TYPELESS_PACKAGE_JSON] Warning: Module type of file:///Users/morten/Documents/forsikringsapp/lib/comparison.ts is not specified and it doesn't parse as CommonJS.
Reparsing as ES module because module syntax was detected. This incurs a performance overhead.
To eliminate this warning, add "type": "module" to /Users/morten/Documents/forsikringsapp/package.json.
(Use `node --trace-warnings ...` to show where the warning was created)
✔ fem offisielle Storebrand Hus-kilder er lokale, uendrede og registrert (32.793167ms)
✔ HUS10 bekrefter gjeldende dato og at Super er tillegg til Standard (657.110208ms)
✔ Standard og Super vises med dokumentert arv og valgfri utleie (7.453042ms)
✔ forsikringsform, bygninger, installasjoner og uteområde er strukturert (3.455709ms)
✔ Standard dekker brann, elektrisk, vann, rør, vær og naturskade separat (0.522416ms)
✔ Super erstatter Standard for tak, våtrom, håndverkerfeil, råte og fysisk skadedyrskade (0.268166ms)
✔ effective/base beholder Storebrands underliggende Standard-fakta (1.431208ms)
✔ bekjempelse og fysisk skade er separate, og utleie krever valgt tillegg (0.357417ms)
✔ kundens egenandel, særregler og aldersfradrag holdes separate (0.735625ms)
✔ gjenoppføring, påbud, klimatiltak og boligtilpasning har dokumenterte grenser (0.217667ms)
✔ ansvar og rettshjelp har geografi, summer, trinn og egenandeler (0.164333ms)
✔ bygg under oppføring og tjenester er reelle fakta uten kunstig tillegg (0.175625ms)
✔ ingen fremtidige kilder aktiveres per skjæringsdato (0.097417ms)
✔ Tryg Hus sammenlignes kildeisolert mot Storebrand Standard (33.4555ms)
✔ Tryg Hus Ekstra sammenlignes kildeisolert mot Storebrand Super (13.300333ms)
✔ If Basis sammenlignes kildeisolert mot Storebrand Standard (8.031541ms)
✔ If Super sammenlignes kildeisolert mot Storebrand Super (13.076708ms)
✔ runtime-kjeden beholder produkt, tillegg, effective/base og provenance (40.471958ms)
✔ Bil, Innbo og Hus sameksisterer uten katalog- eller tilleggsmiks (4.425208ms)
(node:68785) [MODULE_TYPELESS_PACKAGE_JSON] Warning: Module type of file:///Users/morten/Documents/forsikringsapp/lib/comparison.ts is not specified and it doesn't parse as CommonJS.
Reparsing as ES module because module syntax was detected. This incurs a performance overhead.
To eliminate this warning, add "type": "module" to /Users/morten/Documents/forsikringsapp/package.json.
(Use `node --trace-warnings ...` to show where the warning was created)
✔ offisielle Storebrand Innbo-kilder er lokale, uendrede og versjonerte (917.441ms)
✔ Storebrand tilbyr Standard og Super med dokumentert arv (2.306375ms)
✔ forsikringssum er kundestyrt og Super beholder Standard som base (2.155167ms)
✔ Standard og Super har kildebaserte særgrenser (1.310583ms)
✔ brann, elektrisk, vann og naturskade er separate sammenlignbare konsepter (0.179625ms)
✔ midlertidig oppbevaring, krise og boligkostnader følger fullvilkåret (0.249042ms)
✔ Super strukturerer uhell, tyveri ute, flytting, skadedyr, ID-tyveri og boligtilpasning (0.259583ms)
✔ egenandeler skiller avtalt, myndighetsfastsatt og særskilt verdi (0.104875ms)
✔ ansvar, rettshjelp og betinget privat yrkesskade bevarer omfanget (0.128708ms)
✔ Tryg Innbo og Innbo Ekstra sammenlignes mot Storebrand Standard og Super (26.249667ms)
✔ If Basis og Super sammenlignes mot Storebrand Standard og Super (21.906041ms)
✔ Gjensidige Innbo og Pluss sammenlignes mot Storebrand Standard og Super (11.795458ms)
✔ UI-formet runtime beholder Storebrand Super gjennom comparison og presentation (146.874875ms)
✔ Bil og Innbo i samme Storebrand-avtale holder produkt, state og kilder adskilt (3.001583ms)
✔ Innbo-prioriteringen lar sentrale Super-forskjeller gå foran ansvar og rettshjelp (9.319083ms)
(node:68786) [MODULE_TYPELESS_PACKAGE_JSON] Warning: Module type of file:///Users/morten/Documents/forsikringsapp/lib/comparison.ts is not specified and it doesn't parse as CommonJS.
Reparsing as ES module because module syntax was detected. This incurs a performance overhead.
To eliminate this warning, add "type": "module" to /Users/morten/Documents/forsikringsapp/package.json.
(Use `node --trace-warnings ...` to show where the warning was created)
✔ fire Storebrand Reise-kilder er lokale og hashverifiserte (6.503625ms)
✔ Standard og Super har dokumentert arv (2.276ms)
✔ forsikringsbevis personkrets geografi og varighet er bevart (2.026709ms)
✔ reisegods og kategorigrenser følger Standard (0.226375ms)
✔ Super forbedrer alle dokumenterte reisegodsgrenser (0.23475ms)
✔ Super-uhell er separat og har riktig sum og egenandel (0.213875ms)
✔ reisesyke tann hjemtransport hjemkallelse og ledsagelse er separate (0.180083ms)
✔ reiseavbrudd avbestilling aktivitet og forsinkelse bruker effective base (2.4845ms)
✔ forsinket bagasje og Super-tillegg har korrekte grenser (0.23625ms)
✔ Super har ubegrenset dokumentert leiebilegenandel (0.186834ms)
✔ ansvar rettshjelp evakuering kjent sykdom og sikkerhet er kildeisolert (0.266959ms)
✔ integrert ulykkeskapital har Standard og Super-summer (0.238708ms)
✔ Falck Kry og SmartDelay er tjenester (0.143042ms)
✔ Storebrand sammenlignes med Tryg og If uten selskapslekkasje (30.382041ms)
✔ runtime støtter Storebrand Standard Super og fire forsikringstyper (43.968708ms)
(node:68787) [MODULE_TYPELESS_PACKAGE_JSON] Warning: Module type of file:///Users/morten/Documents/forsikringsapp/lib/analysis-output.ts is not specified and it doesn't parse as CommonJS.
Reparsing as ES module because module syntax was detected. This incurs a performance overhead.
To eliminate this warning, add "type": "module" to /Users/morten/Documents/forsikringsapp/package.json.
(Use `node --trace-warnings ...` to show where the warning was created)
✔ supporting terms UI: actual progress shows four documents and four customer products (7.256791ms)
✔ supporting terms UI: exact pairs and complete prices have no pseudo-object warnings (169.018041ms)
✔ supporting terms UI: terms remain reachable with product role and original source reference (138.245083ms)
(node:68788) [MODULE_TYPELESS_PACKAGE_JSON] Warning: Module type of file:///Users/morten/Documents/forsikringsapp/lib/analysis-output.ts is not specified and it doesn't parse as CommonJS.
Reparsing as ES module because module syntax was detected. This incurs a performance overhead.
To eliminate this warning, add "type": "module" to /Users/morten/Documents/forsikringsapp/package.json.
(Use `node --trace-warnings ...` to show where the warning was created)
✔ supporting terms: explicit general-terms record is not a standalone customer object (47.749458ms)
✔ supporting terms: only two real objects determine portfolio completeness (43.878542ms)
✔ supporting terms: one-sided general terms cannot create false missing objects (69.614625ms)
✔ supporting terms: role is retained by extraction, and customer promotion stops before enrichment/progress (11.302542ms)
✔ supporting terms: two real cars sharing a product stay isolated, both may use common terms (19.883875ms)
✔ supporting terms: one PDF with three real cars preserves all three (14.150209ms)
✔ supporting terms: terms-only PDF has evidence but no customer portfolio (0.636333ms)
✔ supporting terms: unpriced, unidentified unknown customer is retained (4.725542ms)
✔ supporting terms: unpriced, unidentified individual_agreement customer is retained (4.324625ms)
✔ supporting terms: unpriced, unidentified undefined customer is retained (2.95725ms)
✔ supporting terms: misleading product title or filename never classifies a customer record (0.756667ms)
✔ supporting terms: customer and general terms in one PDF yield one object with both roles (4.238083ms)
✔ supporting terms: separate terms PDF provenance is retained without relabelling as customer (22.217375ms)
✔ supporting terms: Kasko customer totalskade remains authoritative with no false conflict (11.783708ms)
✔ supporting terms: Pluss customer totalskade remains authoritative with no false conflict (6.71175ms)
✔ supporting terms: alternative customer limit X beats generic Y without value-specific rules (9.84425ms)
✔ supporting terms: actual equal-priority customer conflicts are not hidden (72.896583ms)
✔ supporting terms: customer refusal remains not_selected despite generic selection/details (20.976417ms)
✔ supporting terms: silence on optional coverage stays unknown even with catalog match (13.416ms)
✔ supporting terms: documented selected coverage can gain a missing generic detail (1.343791ms)
✔ supporting terms: Kasko and Pluss terms cannot cross product scopes (23.929208ms)
✔ supporting terms: incompatible scope {"company":"If"} is evidence only (3.805625ms)
✔ supporting terms: incompatible scope {"type":"Hus"} is evidence only (3.589166ms)
✔ supporting terms: incompatible scope {"canonicalProductName":"Kasko medlemsavtale syntetisk"} is evidence only (3.726958ms)
✔ supporting terms: incompatible scope {"canonicalProductName":null} is evidence only (21.113833ms)
✔ supporting terms: provider legal-name aliases retain exact scope (4.787459ms)
✔ supporting terms: explicit object scope can only support that exact object (12.861209ms)
✔ supporting terms: ambiguous identifier and conflict never broaden evidence scope (4.105917ms)
✔ supporting terms: House is supported without vehicle identifiers or vehicle logic (10.489375ms)
✔ supporting terms: manual customer object is retained and can receive safely scoped evidence (7.499375ms)
✔ supporting terms: upload evidence never crosses comparison sides (7.036208ms)
✔ supporting terms: documented versions and dates cannot silently attach to another/unknown version (11.372667ms)
✔ supporting terms: conflicting generic facts are retained but never silently choose a winner (6.0055ms)
✔ supporting terms: no generic scalar price, object details or addon list leaks into customer (5.944333ms)
✔ supporting terms: a real missing trailer still creates a missing-object warning (60.732875ms)
✔ supporting terms: production-like 2+2, split=false, reversed completion=false (43.579708ms)
✔ supporting terms: production-like 2+2, split=false, reversed completion=true (53.918542ms)
✔ supporting terms: production-like 2+2, split=true, reversed completion=false (86.504292ms)
✔ supporting terms: production-like 2+2, split=true, reversed completion=true (49.168417ms)
✔ supporting terms: genuine missing customer price remains partial (11.980417ms)
✔ supporting terms: final progress resolves consolidated objects and strips arbitrary fields (1.476125ms)
✔ supporting terms: asynchronous PDF pipeline preserves document progress, partial=false, and privacy (81.063833ms)
✔ supporting terms: asynchronous PDF pipeline preserves document progress, partial=true, and privacy (136.448416ms)
(node:68789) [MODULE_TYPELESS_PACKAGE_JSON] Warning: Module type of file:///Users/morten/Documents/forsikringsapp/lib/analysis-output.ts is not specified and it doesn't parse as CommonJS.
Reparsing as ES module because module syntax was detected. This incurs a performance overhead.
To eliminate this warning, add "type": "module" to /Users/morten/Documents/forsikringsapp/package.json.
(Use `node --trace-warnings ...` to show where the warning was created)
✔ A: explicit Gjensidige/Kasko limits recover from canonical (9.5465ms)
✔ A: explicit Gjensidige/Kasko limits recover from compound (4.089584ms)
✔ A: explicit Gjensidige/Kasko limits recover from qualified-details (1.64925ms)
✔ A: explicit Gjensidige/Kasko limits recover from embedded (14.323333ms)
✔ A: explicit Gjensidige/Kasko limits recover from summary-lines (1.9345ms)
✔ A: explicit Gjensidige/Kasko limits recover from summary-semicolon (2.288584ms)
✔ A: explicit Gjensidige/Kasko limits recover from addon (2.448417ms)
✔ A: explicit Gjensidige/Pluss limits recover from canonical (1.499708ms)
✔ A: explicit Gjensidige/Pluss limits recover from compound (1.796041ms)
✔ A: explicit Gjensidige/Pluss limits recover from qualified-details (0.7405ms)
✔ A: explicit Gjensidige/Pluss limits recover from embedded (1.861041ms)
✔ A: explicit Gjensidige/Pluss limits recover from summary-lines (0.578375ms)
✔ A: explicit Gjensidige/Pluss limits recover from summary-semicolon (0.49925ms)
✔ A: explicit Gjensidige/Pluss limits recover from addon (0.706541ms)
✔ A: explicit Tryg/Kasko limits recover from canonical (0.485667ms)
✔ A: explicit Tryg/Kasko limits recover from compound (0.564708ms)
✔ A: explicit Tryg/Kasko limits recover from qualified-details (0.499875ms)
✔ A: explicit Tryg/Kasko limits recover from embedded (0.625ms)
✔ A: explicit Tryg/Kasko limits recover from summary-lines (0.458209ms)
✔ A: explicit Tryg/Kasko limits recover from summary-semicolon (0.440708ms)
✔ A: explicit Tryg/Kasko limits recover from addon (0.675333ms)
✔ A: explicit If/Super limits recover from canonical (0.703375ms)
✔ A: explicit If/Super limits recover from compound (0.527625ms)
✔ A: explicit If/Super limits recover from qualified-details (0.489333ms)
✔ A: explicit If/Super limits recover from embedded (0.873833ms)
✔ A: explicit If/Super limits recover from summary-lines (0.492833ms)
✔ A: explicit If/Super limits recover from summary-semicolon (0.477334ms)
✔ A: explicit If/Super limits recover from addon (2.434208ms)
✔ A: independently documented limits: Totalskadegaranti: inntil 2 år. (2.984084ms)
✔ A: independently documented limits: Nybilgaranti: inntil 17 321 km. (0.562166ms)
✔ A: independently documented limits: Nyverdierstatning – Kasko:
2 år / 17 321 km. (0.549542ms)
✔ A: independently documented limits: Kasko inkluderer totalskadegaranti 2 år / 17 321 km. (0.425625ms)
✔ A: independently documented limits: Dekninger: totalskadegaranti 2 år / 17 321 km. (0.42875ms)
✔ A: independently documented limits: Totalskadegaranti Kasko 2 år / 17 321 km. (0.389167ms)
✔ B or unsafe context never invents totalskade limits: Årlig kjørelengde: 20 000 km. (0.930625ms)
✔ B or unsafe context never invents totalskade limits: Kilometerstand: 164 000 km. Avtalt maksimal kilometerstand: 184 000 km. (2.166417ms)
✔ B or unsafe context never invents totalskade limits: Maskinskade: 10 år / 200 000 km. (3.126917ms)
✔ B or unsafe context never invents totalskade limits: Kilometergrense: 15 000 km. (0.360917ms)
✔ B or unsafe context never invents totalskade limits: Totalskadegaranti – Pluss: 3 år / 60 000 km. (0.334208ms)
✔ B or unsafe context never invents totalskade limits: Totalskadegaranti – Ukjent produkt: 3 år / 60 000 km. (0.291792ms)
✔ B or unsafe context never invents totalskade limits: Totalskadegaranti – Kasko:
Egenandel: 5 000 kr. Maskinskade: 10 år / 200 000 km. (1.867ms)
✔ B or unsafe context never invents totalskade limits: Totalskadegaranti: Gjelder ikke fordi bilen er 8 år og har kjørt 150 000 km. (0.828583ms)
✔ B or unsafe context never invents totalskade limits: Pluss inkluderer totalskadegaranti 3 år / 60 000 km. (0.635708ms)
✔ B: complete model omission stays absent in document facts even with a catalog product (5.231166ms)
✔ explicit totalskade context ends before Årlig kjørelengde (1.887667ms)
✔ explicit totalskade context ends before Kilometerstand (1.760542ms)
✔ explicit totalskade context ends before Avtalt maksimal kilometerstand (1.551791ms)
✔ explicit totalskade context ends before Maskinskade (0.566833ms)
✔ all five kilometer identities stay distinct (0.817916ms)
✔ annual mileage suffix ends totalskade kilometer inference: per forsikringsår (0.518667ms)
✔ annual mileage suffix ends totalskade kilometer inference: per år (0.384458ms)
✔ annual mileage suffix ends totalskade kilometer inference: pr. år (0.345959ms)
✔ annual mileage suffix ends totalskade kilometer inference: årlig (0.346833ms)
✔ annual mileage suffix ends totalskade kilometer inference: /år (0.333ms)
✔ no first-number selection for ambiguous embedded (0.239375ms)
✔ no first-number selection for ambiguous summary-lines (0.471125ms)
✔ ambiguous compound totalskade does not select the first limit pair (0.689917ms)
✔ explicit wrong-product context cannot be recovered from its term value (1.709541ms)
✔ non-Bil types never receive personbil totalskade facts from text recovery (5.6895ms)
✔ structured document limits beat secondary summary and source evidence survives recovery (0.449917ms)
✔ recovered document X beats catalog Y for Gjensidige (3.538666ms)
✔ recovered document X beats catalog Y for Tryg (9.333292ms)
✔ same content stays canonical: existing, reversed documents=false, batches=false (26.162375ms)
✔ same content stays canonical: existing, reversed documents=false, batches=true (18.7815ms)
✔ same content stays canonical: existing, reversed documents=true, batches=false (15.523875ms)
✔ same content stays canonical: existing, reversed documents=true, batches=true (9.409417ms)
✔ same content stays canonical: offer, reversed documents=false, batches=false (31.49ms)
✔ same content stays canonical: offer, reversed documents=false, batches=true (31.028875ms)
✔ same content stays canonical: offer, reversed documents=true, batches=false (8.819833ms)
✔ same content stays canonical: offer, reversed documents=true, batches=true (20.437875ms)
✔ extraction contract requires separate explicit totalskade facts, never summary-only guessing (0.45075ms)
(node:68790) [MODULE_TYPELESS_PACKAGE_JSON] Warning: Module type of file:///Users/morten/Documents/forsikringsapp/lib/analysis-output.ts is not specified and it doesn't parse as CommonJS.
Reparsing as ES module because module syntax was detected. This incurs a performance overhead.
To eliminate this warning, add "type": "module" to /Users/morten/Documents/forsikringsapp/package.json.
(Use `node --trace-warnings ...` to show where the warning was created)
✔ effective totalskade presentation: 1 år / 15 000 km (86.639292ms)
✔ effective totalskade presentation: 3 år / 60 000 km (26.6055ms)
✔ effective totalskade presentation: 2 år / 40 000 km (2.080584ms)
✔ effective totalskade presentation: 2 år (22.874875ms)
✔ effective totalskade presentation: 40 000 km (1.809ms)
✔ does not substitute kjoretoy.kjorelengde (2.615458ms)
✔ does not substitute kjoretoy.kilometerstand (2.006416ms)
✔ does not substitute kjoretoy.avtalt_maks_kilometerstand (4.8145ms)
✔ does not substitute maskinskade.km (5.312042ms)
✔ long pilot-like age survives every stage and composes with canonical distance (9.45825ms)
✔ document limits override conflicting catalog values with provenance retained (3.835416ms)
✔ equal kilometre limit remains in summary although comparison omits it as a difference (6.431042ms)
✔ line breaks and long wording do not suppress canonical kilometre limits (1.295875ms)
✔ actual collapsed card renders full long age and km without line clamping (17.385416ms)
(node:68791) [MODULE_TYPELESS_PACKAGE_JSON] Warning: Module type of file:///Users/morten/Documents/forsikringsapp/lib/comparison.ts is not specified and it doesn't parse as CommonJS.
Reparsing as ES module because module syntax was detected. This incurs a performance overhead.
To eliminate this warning, add "type": "module" to /Users/morten/Documents/forsikringsapp/package.json.
(Use `node --trace-warnings ...` to show where the warning was created)
✔ alle katalogkilder finnes og oppgir registrert vilkårsnummer og gyldighetsdato (224.188291ms)
✔ sentrale bilgrenser er strukturert etter kildedokumentene (1.43925ms)
✔ Delkasko og Kasko komponerer dokumentert Ansvar og Rettshjelp uten duplikater (16.281375ms)
✔ fremtidig leiebilvilkår tas ikke inn før gyldighetsdato (10.098875ms)
✔ to manuelt valgte katalogprodukter sammenlignes uten PDF eller pris (6.269416ms)
✔ 0, 1 og flere tillegg lagres som lister med kilde og uten pris eller kundespesifikk egenandel (6.194458ms)
✔ flere tillegg med samme datapunkt beholder begge verdier og begge kilder (1.720375ms)
✔ ulike hovednivåer og tillegg kan sammenlignes uten pris eller egenandel (2.394083ms)
(node:68792) [MODULE_TYPELESS_PACKAGE_JSON] Warning: Module type of file:///Users/morten/Documents/forsikringsapp/lib/comparison.ts is not specified and it doesn't parse as CommonJS.
Reparsing as ES module because module syntax was detected. This incurs a performance overhead.
To eliminate this warning, add "type": "module" to /Users/morten/Documents/forsikringsapp/package.json.
(Use `node --trace-warnings ...` to show where the warning was created)
✔ alle 16 offisielle Tryg Hus-kilder er lokale, uendrede og registrert (28.072125ms)
✔ fullvilkårene bekrefter produktnivåer, våtrom og råte som separat dekning (120.079875ms)
✔ Tryg tilbyr Hus og Hus Ekstra som separate komplette fullvilkår (2.67725ms)
✔ forsikringsform skiller fullverdi fra førsterisiko uten å kalle fullverdi ubegrenset sum (2.413083ms)
✔ bygninger, uteanlegg, tekniske installasjoner og endringer er strukturert (0.308708ms)
✔ brann, elektrisk, vann og rør holder følgeskade og skadeårsak adskilt (0.199791ms)
✔ Hus Ekstra dokumenterer forbedret tak-, våtroms- og håndverkerfeildekning (4.911334ms)
✔ naturskade og ordinært vær er separate Hus-konsepter (1.883208ms)
✔ risikoendring konkretiserer utleie og fraflytting uten kundespesifikke valg (0.337708ms)
✔ aldersfradrag er strukturert separat fra egenandeler (0.19925ms)
✔ råte og skadedyr er valgbart, effektivt og beholder basefaktum (1.557167ms)
✔ Utleieforsikring skiller betalingsmislighold fra leietap etter bygningsskade (0.195333ms)
✔ gjenoppføring, påbud, rydding og brukstap bevarer materielle oppgjørsregler (0.145083ms)
✔ Bygg under oppføring er bevart som separat kilde og ikke ordinært UI-produkt eller tillegg (0.064625ms)
✔ fremtidig ansvarsvilkår og NITO Hus kobles ikke automatisk (0.545625ms)
✔ Hus-prioritering løfter materielle dekninger foran sikkerhet og rettshjelp (21.691084ms)
✔ runtime-kjeden viser Hus mot Hus Ekstra med effektive tillegg og kilder (36.505375ms)
✔ én avtale kan inneholde Bil, Innbo og Hus med isolerte tillegg og kilder (3.414958ms)
(node:68793) [MODULE_TYPELESS_PACKAGE_JSON] Warning: Module type of file:///Users/morten/Documents/forsikringsapp/lib/comparison.ts is not specified and it doesn't parse as CommonJS.
Reparsing as ES module because module syntax was detected. This incurs a performance overhead.
To eliminate this warning, add "type": "module" to /Users/morten/Documents/forsikringsapp/package.json.
(Use `node --trace-warnings ...` to show where the warning was created)
✔ offisielle Tryg Innbo-kilder er lokale, uendrede og versjonerte (84.155333ms)
✔ Tryg tilbyr Innbo og Innbo Ekstra med dokumentert arv (2.298083ms)
✔ forsikringssum er kundestyrt og Innbo Ekstra beholder effektive og underliggende grenser (1.964417ms)
✔ tyveri, sykkel, uhell, skadedyr, ansvar og rettshjelp er strukturert med kilder (0.312083ms)
✔ Utleieforsikring er et valgfritt tillegg på begge nivåer med egne grenser (0.256542ms)
✔ fremtidig privatansvarsvilkår aktiveres ikke og NITO-data lekker ikke (0.219209ms)
✔ sikkerhetsforskrifter beholdes som kildefakta uten å dominere hovedvisningen (15.137916ms)
✔ ensidig unntaksfaktum tolkes ikke som manglende dekning hos motparten (7.637083ms)
✔ runtime-kjeden viser dokumenterte forbedringer fra Innbo til Innbo Ekstra (19.39725ms)
✔ én avtale kan inneholde Bil og Innbo uten katalog- eller kildemiks (1.619458ms)
(node:68794) [MODULE_TYPELESS_PACKAGE_JSON] Warning: Module type of file:///Users/morten/Documents/forsikringsapp/lib/comparison.ts is not specified and it doesn't parse as CommonJS.
Reparsing as ES module because module syntax was detected. This incurs a performance overhead.
To eliminate this warning, add "type": "module" to /Users/morten/Documents/forsikringsapp/package.json.
(Use `node --trace-warnings ...` to show where the warning was created)
✔ tretten offisielle Tryg Reise-kildefiler er lokale og uendrede (17.248083ms)
✔ PDF-ene dokumenterer datoer, nivåer og separat personforsikring (153.335084ms)
✔ produktstruktur og arv er Reise til Ekstra til Premium (2.060708ms)
✔ Ulykke og Ulykke Ekstra er nivåbundne valg mens Premium inkluderer Premium (0.928125ms)
✔ forsikringsbevis, personer, verden og reisevarighet er konservativt modellert (0.384958ms)
✔ overnatting, tjenestereise og effective/base følger nivåene (1.526083ms)
✔ avbestilling og UD skiller årsak, sum og bestillingstidspunkt (0.284291ms)
✔ forsinkelse, bagasje og reisegods har separate summer og kategorier (0.286625ms)
✔ Ekstra skiller uhell, reiseavbrudd, hotell og leiebilytelser (0.219042ms)
✔ reisesyke, kjent sykdom, hjemtransport og evakuering er egne fakta (0.170875ms)
✔ ansvar og rettshjelp bevarer gjeldende kildegrenser og fremtidig vilkår er inaktivt (0.245917ms)
✔ Premium tilfører ID, lounge, legehjelp og inkludert ulykkesdekning (0.192292ms)
✔ ulykkevalg har alder, summer og behandling uten å bli reisegods (0.277542ms)
✔ sikkerhetskrav og aktiviteter er begrensninger med provenance (0.140708ms)
✔ runtime, presentasjonsprioritet og Bil Innbo Hus Reise har ingen typelekkasje (28.573833ms)
(node:68795) [MODULE_TYPELESS_PACKAGE_JSON] Warning: Module type of file:///Users/morten/Documents/forsikringsapp/lib/comparison.ts is not specified and it doesn't parse as CommonJS.
Reparsing as ES module because module syntax was detected. This incurs a performance overhead.
To eliminate this warning, add "type": "module" to /Users/morten/Documents/forsikringsapp/package.json.
(Use `node --trace-warnings ...` to show where the warning was created)
✔ samme enkle liste i forskjellig rekkefølge er lik (9.256458ms)
✔ komma, og, trivial tegnsetting og mellomrom endrer ikke en enkel liste (0.41425ms)
✔ ett forskjellig eller ekstra element er en reell forskjell (1.986791ms)
✔ materielle forbehold, beløp og tidsgrenser blir ikke filtrert (0.170875ms)
✔ Tryg mot Gjensidige filtrerer Brann fra hovedvisningen og bevarer originaltekst og kilder (48.475875ms)
✔ eksisterende Tryg mot If beholder reelle forskjeller og ignorerer identisk Brann (17.837625ms)
(node:68796) [MODULE_TYPELESS_PACKAGE_JSON] Warning: Module type of file:///Users/morten/Documents/forsikringsapp/lib/vehicle-object-catalog.ts is not specified and it doesn't parse as CommonJS.
Reparsing as ES module because module syntax was detected. This incurs a performance overhead.
To eliminate this warning, add "type": "module" to /Users/morten/Documents/forsikringsapp/package.json.
(Use `node --trace-warnings ...` to show where the warning was created)
✔ explicit object alias Snøscooter (0.721708ms)
✔ explicit object alias Snoscooter (0.125166ms)
✔ explicit object alias Snøscooterforsikring (0.066083ms)
✔ explicit object alias Beltemotorsykkel (0.06325ms)
✔ explicit object alias Campingvognforsikring (0.063917ms)
✔ explicit object alias Tilhengerforsikring (0.054667ms)
✔ all vehicle types remain distinct; Kasko alone does not infer a vehicle (0.966542ms)
✔ source-backed Tryg Snøscooter Kasko and isolation (12.053417ms)
✔ source-backed Tryg Campingvogn Kasko and isolation (1.945083ms)
✔ source-backed Tryg Tilhenger Kasko and isolation (1.91225ms)
✔ source-backed Gjensidige Snøscooter Kasko and isolation (4.001708ms)
✔ source-backed Gjensidige Campingvogn Kasko and isolation (1.309375ms)
✔ source-backed Gjensidige Tilhenger Kasko and isolation (1.41025ms)
✔ source-backed Frende Snøscooter Kasko and isolation (1.306959ms)
✔ source-backed Frende Campingvogn Kasko and isolation (6.766416ms)
✔ source-backed Frende Tilhenger Kasko and isolation (1.488625ms)
✔ source-backed Storebrand Snøscooter Kasko and isolation (1.570791ms)
✔ source-backed Storebrand Campingvogn Kasko and isolation (1.377375ms)
✔ source-backed Storebrand Tilhenger Kasko and isolation (1.823875ms)
✔ source-backed If Snøscooter Kasko and isolation (1.679334ms)
✔ source-backed If Campingvogn Kasko and isolation (1.422459ms)
✔ source-backed If Tilhenger Kasko and isolation (1.628ms)
✔ source-backed Eika Snøscooter Kasko and isolation (6.167167ms)
✔ source-backed Eika Campingvogn Kasko and isolation (2.559125ms)
✔ source-backed Eika Tilhenger Kasko and isolation (2.535458ms)
✔ Eika means verified channel, never generic Fremtind/SpareBank1/DNB (5.748917ms)
✔ provider and product-level boundaries are exact (2.64425ms)
✔ full terms establish different camping limits without page overriding or duplicate facts (3.761ms)
✔ coverage matrix separates standard, optional and lower-level exclusions (0.05075ms)
✔ catalog-only optional coverage stays unknown and manual choice is explicit (18.781375ms)
✔ individual optional choice: not_selected (13.274625ms)
✔ individual optional choice: selected (2.443ms)
✔ individual optional choice: unknown (8.8285ms)
✔ customer deductible beats full terms while catalog evidence is retained (6.948917ms)
✔ type and coverage scoped alias Snøscooter (2.682375ms)
✔ type and coverage scoped alias Campingvogn (1.59925ms)
✔ type and coverage scoped alias Tilhenger (0.265333ms)
✔ source manifest originals and every active fact have verifiable provenance (21.460125ms)
✔ documented level inheritance keeps one effective fact and base provenance (0.810208ms)
✔ trailer natural damage is source-backed, and cargo is not inferred from Kasko (0.926583ms)
(node:68797) [MODULE_TYPELESS_PACKAGE_JSON] Warning: Module type of file:///Users/morten/Documents/forsikringsapp/lib/analysis-output.ts is not specified and it doesn't parse as CommonJS.
Reparsing as ES module because module syntax was detected. This incurs a performance overhead.
To eliminate this warning, add "type": "module" to /Users/morten/Documents/forsikringsapp/package.json.
(Use `node --trace-warnings ...` to show where the warning was created)
✔ 1 synthetic PDF sources preserve three distinct new products and fact attribution (17.819916ms)
✔ 3 synthetic PDF sources preserve three distinct new products and fact attribution (24.617ms)
✔ Snøscooter compares effective values and shows only relevant scoped concepts (6.536416ms)
✔ Campingvogn compares effective values and shows only relevant scoped concepts (3.432792ms)
✔ Tilhenger compares effective values and shows only relevant scoped concepts (4.20275ms)
✔ one-sided Kasko does not silently disappear or imply no insurance (5.522542ms)
✔ Snøscooter: objects survive merge, but MULTI_OBJECT_MATCHING_GAP is explicit (8.415125ms)
✔ Campingvogn: objects survive merge, but MULTI_OBJECT_MATCHING_GAP is explicit (6.069875ms)
✔ Tilhenger: objects survive merge, but MULTI_OBJECT_MATCHING_GAP is explicit (5.883292ms)
✔ missing product is visible in both detail groups and overview (6.14625ms)
✔ semantic isolation Snøscooter/Campingvogn (0.429125ms)
✔ semantic isolation Campingvogn/Tilhenger (0.067875ms)
✔ semantic isolation Tilhenger/Bil (0.062459ms)
✔ privacy-safe audit accepts Snøscooter keys but never object labels (4.381208ms)
✔ privacy-safe audit accepts Campingvogn keys but never object labels (2.859083ms)
✔ privacy-safe audit accepts Tilhenger keys but never object labels (2.175209ms)
✔ 10+10 PDF pipeline: typed progress, concurrency, provenance and partial=false (19.248625ms)
✔ 10+10 PDF pipeline: typed progress, concurrency, provenance and partial=true (13.178ms)
✔ Snøscooter price rendering has no synthetic TFA, total or zero (3.8605ms)
✔ Campingvogn price rendering has no synthetic TFA, total or zero (0.343792ms)
✔ Tilhenger price rendering has no synthetic TFA, total or zero (0.267875ms)
✔ snow with documented TFA renders all three distinct values (0.276833ms)
✔ new types use friendly progress labels through existing registry (0.95075ms)
✔ Snøscooter: source-backed equipment limits compare across providers (3.217542ms)
✔ Campingvogn: source-backed equipment limits compare across providers (3.620375ms)
✔ Tilhenger: source-backed equipment limits compare across providers (2.109125ms)
ℹ tests 2038
ℹ suites 0
ℹ pass 2038
ℹ fail 0
ℹ cancelled 0
ℹ skipped 0
ℹ todo 0
ℹ duration_ms 12721.5465
