(node:68531) [MODULE_TYPELESS_PACKAGE_JSON] Warning: Module type of file:///Users/morten/Documents/forsikringsapp/lib/agreement-pricing.ts is not specified and it doesn't parse as CommonJS.
Reparsing as ES module because module syntax was detected. This incurs a performance overhead.
To eliminate this warning, add "type": "module" to /Users/morten/Documents/forsikringsapp/package.json.
(Use `node --trace-warnings ...` to show where the warning was created)
✔ hovedtotal og separat tillegg dobbelttelles ikke (0.533125ms)
✔ uttrykkelig total for hele avtalen beholdes uten å legge til enkeltpremier (0.078666ms)
✔ én PDF beholder totalpris når den dekker hele avtalen (0.063417ms)
✔ uklar total skjules også ved én PDF (0.058208ms)
(node:68532) [MODULE_TYPELESS_PACKAGE_JSON] Warning: Module type of file:///Users/morten/Documents/forsikringsapp/lib/product-catalog.ts is not specified and it doesn't parse as CommonJS.
Reparsing as ES module because module syntax was detected. This incurs a performance overhead.
To eliminate this warning, add "type": "module" to /Users/morten/Documents/forsikringsapp/package.json.
(Use `node --trace-warnings ...` to show where the warning was created)
✔ exact ordinary/member lookup works generically for Tryg (4.672625ms)
✔ exact ordinary/member lookup works generically for If (1.249084ms)
✔ unknown scope fails closed even when a name only exists in one of several scopes (1.319584ms)
✔ one unambiguous member scope may be resolved without arbitrary ordinary default (0.388708ms)
✔ identity includes provider, type, scope, product and version independently (0.236708ms)
✔ ID lookup fails closed for reused IDs across scopes and types (4.546667ms)
✔ versions stay distinct inside one scope; name lookup never picks an arbitrary version (0.203208ms)
✔ all 121 existing products keep their exact lookup and component resolution (367.451625ms)
✔ scope does not create a provider or change legal provider aliases (0.478583ms)
✔ catalog identity references carry member scope and canonical type (0.444167ms)
✔ product inheritance cannot cross scope or version (1.228ms)
✔ source resolution isolates ordinary, including legacy source metadata (10.685708ms)
✔ source resolution isolates synthetic-member, including legacy source metadata (0.336583ms)
✔ unscoped or contradictory source cannot enrich member product (0.192333ms)
✔ qualification evidence from another agreement cannot change a member fact (0.12625ms)
✔ cross-scope replacesBase cannot erase correct facts or enter enrichment evidence (0.359666ms)
✔ source validity and source version still apply inside agreement scope (1.288958ms)
✔ member-only add-on is unavailable to ordinary and other providers (0.2565ms)
✔ ordinary legacy add-on does not become universally available to member product (0.14ms)
✔ member add-on with an ordinary source is not selectable (0.164542ms)
✔ manual dropdown has exact scope and same-name choices have different identities (1.188375ms)
✔ manual unknown scope stays custom/unresolved; explicit member selection persists (5.845791ms)
✔ manual scope switch clears previous product and add-ons; custom name survives (0.25075ms)
✔ custom with stale reference never acquires catalog facts (0.084458ms)
✔ forged manual reference cannot cross scope or type (0.12775ms)
✔ manual version choice remains exact even when names repeat (2.323208ms)
✔ manual annual mileage and multiple products remain separate within member scope (5.726416ms)
✔ extraction contract is unchanged for a catalog without agreement definitions (0.229625ms)
✔ future extraction uses a closed nullable catalog enum and preserves exact scope (0.429334ms)
✔ scope boundary rejects unregistered/PII-shaped input NITO (0.115417ms)
✔ scope boundary rejects unregistered/PII-shaped input member@example.invalid (0.060542ms)
✔ scope boundary rejects unregistered/PII-shaped input 12345678901 (0.046458ms)
✔ scope boundary rejects unregistered/PII-shaped input member-number-123 (0.051625ms)
✔ scope boundary rejects unregistered/PII-shaped input object (0.052583ms)
✔ scope boundary rejects unregistered/PII-shaped input  synthetic-member (0.059583ms)
✔ registered scope for another provider is rejected at input boundary (0.072417ms)
✔ document value wins inside exact member catalog: 12 000 km (10.557708ms)
✔ document value wins inside exact member catalog: 31 000 km (5.649417ms)
✔ unknown ambiguous extraction remains document-only (0.199958ms)
✔ optional member add-on never implies selected while explicit refusal survives (2.521458ms)
✔ supporting terms attach only within exact scope, preserving evidence provenance (7.677542ms)
✔ ambiguous unknown customer/terms cannot attach through matching free-text product names (0.514625ms)
✔ two cars with same member product stay distinct and match reordered offer by object ID (7.267667ms)
✔ changing agreement across sides never changes customer-object identity (0.139375ms)
✔ same-side scope conflict prevents merging terms from different agreements (6.297667ms)
✔ same-side and cross-batch consolidation preserve member product scope (7.017625ms)
✔ scope survives extraction, role boundary and record retention (1.430167ms)
✔ supporting terms cannot bypass unresolved catalog versions through name fallback (0.414709ms)
✔ provider presentation remains insurer and agreement is a separate catalog label (0.1365ms)
✔ ordinary presentation benefits never leak into member agreements (70.494ms)
✔ scope is excluded from existing telemetry event vocabulary (0.260417ms)
✔ current UI remains free from empty agreement selectors, with native future selector semantics (132.913334ms)
✔ catalog status remains positive for exact member reference and conservative for unknown (0.152792ms)
✔ exact selection guard rejects cross-scope product even with identical name (0.078667ms)
✔ standalone product predicate retains unknown-scope ambiguity protection (0.104ms)
(node:68533) [MODULE_TYPELESS_PACKAGE_JSON] Warning: Module type of file:///Users/morten/Documents/forsikringsapp/lib/analysis-telemetry.ts is not specified and it doesn't parse as CommonJS.
Reparsing as ES module because module syntax was detected. This incurs a performance overhead.
To eliminate this warning, add "type": "module" to /Users/morten/Documents/forsikringsapp/package.json.
(Use `node --trace-warnings ...` to show where the warning was created)
✔ timing/usage allowlist never logs PDF text, PII, model-supplied names or secrets (9.406792ms)
✔ absent and malformed usage is unknown, not zero or logged text (0.287083ms)
✔ failed operations are timed without recording the error contents (1.242458ms)
✔ two independent side calls overlap and retain input order when second finishes first (0.439458ms)
✔ side failure aborts sibling and awaits cleanup before returning (0.574708ms)
✔ concurrency boundary refuses more than two sides and admission releases idempotently (0.32875ms)
✔ structural benchmark: N documents remain one call per side, M products are not restricted to N (0.472125ms)
✔ request disconnect and deadline propagate bounded abort reasons (4.59775ms)
✔ stream byte limit applies without Content-Length and stops oversized multipart (32.032875ms)
✔ valid bounded multipart retains its fields and malformed input fails safely (5.453791ms)
✔ strict PDF extension and MIME validation allows common generic MIME only with pdf suffix (0.8135ms)
✔ isolated PDF worker extracts all products and never uses uploaded filename as a path (945.319083ms)
✔ actual corrupt and textless PDFs fail without raw parser details (483.945875ms)
✔ too many pages is rejected before extracting all page text (180.456333ms)
✔ parser timeout terminates worker; pre-abort starts no work (7.415333ms)
✔ PDF injection remains untrusted input; it never changes instructions or enables tools (2.290708ms)
✔ oversized model JSON is rejected before parsing (0.198666ms)
✔ semantic API receives abort signal and records usage without response contents (0.453042ms)
✔ semantic runtime validator rejects unexpected fields rather than trusting schema alone (6.159625ms)
✔ browser comparison measurements hold durations only and preserve returned data (0.40625ms)
✔ malformed percent-encoded session cookie is rejected without uncaught URI errors (0.2345ms)
✔ in-flight parser abort terminates work and does not return partial text (13.385791ms)
✔ declared-small request cannot bypass the streaming byte limit (12.579542ms)
✔ instrumented catalog enrichment preserves all effective facts and measures each document once (27.046708ms)
✔ worker preserves exact full text from existing Gjensidige and Tryg PDFs (1148.938083ms)
(node:68534) [MODULE_TYPELESS_PACKAGE_JSON] Warning: Module type of file:///Users/morten/Documents/forsikringsapp/lib/catalog-product-comparison.ts is not specified and it doesn't parse as CommonJS.
Reparsing as ES module because module syntax was detected. This incurs a performance overhead.
To eliminate this warning, add "type": "module" to /Users/morten/Documents/forsikringsapp/package.json.
(Use `node --trace-warnings ...` to show where the warning was created)
✔ Båt/Hund/Katt gir tolv dynamiske produktfamilier (337.106542ms)
✔ Tryg Båt har source-backed produktpakke (3.334125ms)
✔ Tryg Hund har source-backed produktpakke (0.255833ms)
✔ Tryg Katt har source-backed produktpakke (0.411125ms)
✔ If Båt har source-backed produktpakke (1.290541ms)
✔ If Hund har source-backed produktpakke (0.349542ms)
✔ If Katt har source-backed produktpakke (0.702208ms)
✔ Gjensidige Båt har source-backed produktpakke (0.806208ms)
✔ Gjensidige Hund har source-backed produktpakke (0.308459ms)
✔ Gjensidige Katt har source-backed produktpakke (0.376834ms)
✔ Storebrand Båt har source-backed produktpakke (0.833542ms)
✔ Storebrand Hund har source-backed produktpakke (4.761666ms)
✔ Storebrand Katt har source-backed produktpakke (0.6585ms)
✔ Fremtind Båt har source-backed produktpakke (1.057625ms)
✔ Fremtind Hund har source-backed produktpakke (0.329ms)
✔ Fremtind Katt har source-backed produktpakke (0.506834ms)
✔ Frende Båt har source-backed produktpakke (0.7125ms)
✔ Frende Hund har source-backed produktpakke (0.213375ms)
✔ Frende Katt har source-backed produktpakke (2.345833ms)
✔ 65 offentlige originaler har verifiserbare SHA-256 hashes (31.6935ms)
✔ Båtproduktstruktur er provider-tro (0.182083ms)
✔ valgfrie Båt-komponenter forblir valgfrie i produktmodus (158.990833ms)
✔ Storebrand dyr kan velges som Veterinær, Dødsfall eller kombinasjon (99.228667ms)
✔ Hund-spesifikk bruksverdi lekker ikke til Katt (1.329917ms)
✔ årlig, hendelsesbasert og valgbar veterinærsum er separate identiteter (72.032125ms)
✔ fast egenandel og prosentandel beholder separate canonical facts (44.484583ms)
✔ nytegningsalder, reduksjonsalder og opphørsalder er separate identiteter (0.123291ms)
✔ Båt aliases normaliseres eksakt uten å bli Bil (0.072333ms)
✔ 54 representative source-to-catalog checks preserve numeric and conditional semantics (1.573833ms)
✔ manual product selection is exact for every provider and new family (30.612709ms)
✔ extraction schema accepts exact new-family facts and rejects arbitrary keys (0.940209ms)
✔ new-family product comparisons are symmetric and same-product safe (400.609625ms)
✔ canonical fact families stay isolated across species and vehicle types (9.277833ms)
✔ kundedokument vinner over katalog og katalogvalg velger ikke valgfritt liv (15.374125ms)
✔ eksplisitt valgt tillegg kan aktiveres uten å endre dokumentverdi (18.93175ms)
✔ produktpresentasjon bruker kuratert Båt- og dyrehierarki (255.160541ms)
✔ Båt bruker sikker serienummerstrategi, mens dyr uten sikker ID behandles konservativt (7.753167ms)
(node:68535) [MODULE_TYPELESS_PACKAGE_JSON] Warning: Module type of file:///Users/morten/Documents/forsikringsapp/lib/comparison.ts is not specified and it doesn't parse as CommonJS.
Reparsing as ES module because module syntax was detected. This incurs a performance overhead.
To eliminate this warning, add "type": "module" to /Users/morten/Documents/forsikringsapp/package.json.
(Use `node --trace-warnings ...` to show where the warning was created)
✔ manuelle Bil-begreper normaliseres deterministisk til katalogens hovedkeys (14.493ms)
✔ manuell Ansvar og Maskinskade samles med katalogfacts på én key (17.731541ms)
✔ Reise holder sykeledsagelse samlet og tre varighetskonsepter separate (3.875958ms)
✔ Reise skiller eget og leid sportsutstyr samt ordinær og gjentatt mobilegenandel (2.657375ms)
✔ historisk Eika flykompensasjon holdes fra hotell- og arrangementsrefusjon (5.953584ms)
✔ Hus holder ulike egenandelsutløsere og gjenoppføringsytelser separate (1.592459ms)
✔ sikre Hus- og Bil-P1-keys er standardisert (2.99325ms)
✔ Innbo bruker separate målepunkter for verdigjenstander (1.929625ms)
✔ ukjent manuelt produkt beholder fakta uten fuzzy katalogkobling og UI viser status (0.741625ms)
✔ detaljfakta samles per familie med hoveddekning før støttefakta (1.500625ms)
✔ Maskinskade beholder reelt ulike eller uklare kilometerintervaller separate (21.5225ms)
✔ sikre Bil-underfakta samles på samme rad uten å endre provenance (78.214875ms)
✔ Bil bruker felles canonical keys for ansvar, rettshjelp og ung fører (0.820458ms)
✔ tidligere sikre katalognøkler normaliseres eksplisitt uten tekstmatching (0.105917ms)
✔ Hus samler gjentatt vannskade og sikre like objektgrupper (7.670791ms)
✔ ekte one-sided Innbo- og Reise-fakta forblir separate (10.289375ms)
(node:68536) [MODULE_TYPELESS_PACKAGE_JSON] Warning: Module type of file:///Users/morten/Documents/forsikringsapp/lib/comparison.ts is not specified and it doesn't parse as CommonJS.
Reparsing as ES module because module syntax was detected. This incurs a performance overhead.
To eliminate this warning, add "type": "module" to /Users/morten/Documents/forsikringsapp/package.json.
(Use `node --trace-warnings ...` to show where the warning was created)
✔ Kasko og Bil Ekstra er identiske på begge sider selv når bare én side har flere tillegg (109.269375ms)
✔ kundespesifikk egenandel vises når begge sider har ulik verdi (16.221958ms)
✔ ikke valgt tillegg skilles fra ikke dokumentert dekning (64.015209ms)
✔ hovedvisningen prioriterer effektiv dekning for Kasko med flere tillegg mot Delkasko (66.098ms)
✔ tilleggets effektive totalskadegrenser sammenlignes med motpartens grunnprodukt (37.466708ms)
✔ grunnverdi og utvidelse forblir på samme side når motparten mangler datapunktet (28.100833ms)
✔ grunnverdier kan ikke bli motpartens effektive verdier for andre selskaper (2.029ms)
(node:68537) [MODULE_TYPELESS_PACKAGE_JSON] Warning: Module type of file:///Users/morten/Documents/forsikringsapp/lib/catalog-enrichment.ts is not specified and it doesn't parse as CommonJS.
Reparsing as ES module because module syntax was detected. This incurs a performance overhead.
To eliminate this warning, add "type": "module" to /Users/morten/Documents/forsikringsapp/package.json.
(Use `node --trace-warnings ...` to show where the warning was created)
✔ asymmetry: silence/unknown leaves same eligible catalog bilnokkel.egenandel (45.975458ms)
✔ asymmetry: silence/unknown leaves same eligible catalog veihjelp.egenandel (6.287292ms)
✔ asymmetry: silence/unknown leaves same eligible catalog kasko.egenandel (26.152083ms)
✔ asymmetry: silence/unknown leaves same eligible catalog reparasjon.garanti (8.59ms)
✔ asymmetry: explicit customer bilnokkel.egenandel never copied across sides (33.5895ms)
✔ asymmetry: explicit customer bilnokkel.grense never copied across sides (4.391125ms)
✔ asymmetry: explicit customer veihjelp.egenandel never copied across sides (5.960917ms)
✔ optional Kasko unknown (3.989458ms)
✔ optional Kasko not_selected (2.487167ms)
✔ optional Kasko selected (4.221542ms)
✔ optional Pluss unknown (3.052125ms)
✔ optional Pluss not_selected (2.759583ms)
✔ optional Pluss selected (3.197583ms)
✔ optional silence is unknown despite catalog details (1.481292ms)
✔ another provider uses same silence policy (3.258917ms)
✔ semantic roadside deductible, not numeric mapping 750 kr (2.011958ms)
✔ semantic roadside deductible, not numeric mapping 900 kr (2.581166ms)
✔ source catalog roadside amount remains a deductible (2.04475ms)
✔ key composite splits sum deductible count with document origin (8.432875ms)
✔ summary deductible is not extracted as key sum (1.653083ms)
✔ document totalskade wins only its own identity 15 000 km (4.017333ms)
✔ document totalskade wins only its own identity 17 000 km (2.522292ms)
✔ document totalskade wins only its own identity 20 000 km (2.023833ms)
✔ ambiguous kilometergrense cannot become document nyverdi (17.531167ms)
✔ catalog 20000 is directly sourced to Kasko full terms page 15 (9.845416ms)
✔ family child labels survive Valgt/Ikke valgt (5.384708ms)
✔ family child labels survive Valgt/Ikke dokumentert (14.059375ms)
✔ family child labels survive Valgt/Valgt (12.640167ms)
✔ family child labels survive Ikke dokumentert/Ikke dokumentert (22.405167ms)
✔ different family also retains child identity (10.207334ms)
✔ two-car extraction/batch/comparison/pricing reversed=false/false (188.11125ms)
✔ two-car extraction/batch/comparison/pricing reversed=false/true (217.986667ms)
✔ two-car extraction/batch/comparison/pricing reversed=true/false (185.767375ms)
✔ two-car extraction/batch/comparison/pricing reversed=true/true (188.066417ms)
(node:68538) [MODULE_TYPELESS_PACKAGE_JSON] Warning: Module type of file:///Users/morten/Documents/forsikringsapp/lib/catalog-enrichment.ts is not specified and it doesn't parse as CommonJS.
Reparsing as ES module because module syntax was detected. This incurs a performance overhead.
To eliminate this warning, add "type": "module" to /Users/morten/Documents/forsikringsapp/package.json.
(Use `node --trace-warnings ...` to show where the warning was created)
✔ Gjensidige Pluss og juridisk Gjensidige-navn Kasko matches deterministisk (47.988917ms)
✔ ukjent Gjensidige-produkt kobles ikke til Kasko eller Pluss (9.548667ms)
✔ PDF-berikelse kobler Pluss og Kasko og viser presis positiv katalogstatus (35.324292ms)
✔ dokumentert valgt Leiebil for Pluss forblir selected etter katalogberikelse (13.224417ms)
✔ dokumentert ikke valgt Leiebil for Kasko har forrang over katalogdefinisjon (4.802667ms)
✔ valgfri dekning som ikke er nevnt blir unknown selv om katalogen beskriver muligheten (3.224916ms)
✔ ubetinget basefaktum fra eksakt produktnivå berikes som valgt med katalogkilde (1.807084ms)
✔ matchinglaget er generelt for Tryg og bruker canonical type uten cross-provider-treff (1.015542ms)
✔ samme produktnavn isoleres på forsikringstype (0.924042ms)
✔ personbilaliaser matches, mens eksplisitte andre kjøretøy ikke matches som Bil (2.851875ms)
✔ katalogfakta og kundedokument beholder forskjellig provenance (1.49625ms)
(node:68562) [MODULE_TYPELESS_PACKAGE_JSON] Warning: Module type of file:///Users/morten/Documents/forsikringsapp/lib/catalog-source-resolution.ts is not specified and it doesn't parse as CommonJS.
Reparsing as ES module because module syntax was detected. This incurs a performance overhead.
To eliminate this warning, add "type": "module" to /Users/morten/Documents/forsikringsapp/package.json.
(Use `node --trace-warnings ...` to show where the warning was created)
✔ full terms outrank product page without numeric matching: 15 000 km (34.488042ms)
✔ full terms outrank product page without numeric matching: 12 000 km (0.281459ms)
✔ expired full terms cannot outrank currently applicable version (0.13375ms)
✔ same authority unresolved validity is conflict {} (8.891375ms)
✔ same authority unresolved validity is conflict {"effectiveFrom":"2026-01-01","validTo":"2027-01-01"} (0.172375ms)
✔ inapplicable higher authority cannot win {"providerId":"other"} (0.096834ms)
✔ inapplicable higher authority cannot win {"insuranceType":"Snøscooter"} (0.279209ms)
✔ inapplicable higher authority cannot win {"productIds":["pluss"]} (0.0625ms)
✔ inapplicable higher authority cannot win {"productVersion":"v1"} (0.058333ms)
✔ inapplicable higher authority cannot win {"effectiveFrom":"2027-01-01"} (0.097833ms)
✔ exact product specificity refines same authority (0.077458ms)
✔ distinct canonical mileage identities never compete (0.098209ms)
✔ legacy unspecified source types retain explicit component behavior (0.067959ms)
✔ production resolver applies source policy and preserves rejected evidence (0.522458ms)
(node:68563) [MODULE_TYPELESS_PACKAGE_JSON] Warning: Module type of file:///Users/morten/Documents/forsikringsapp/lib/comparison.ts is not specified and it doesn't parse as CommonJS.
Reparsing as ES module because module syntax was detected. This incurs a performance overhead.
To eliminate this warning, add "type": "module" to /Users/morten/Documents/forsikringsapp/package.json.
(Use `node --trace-warnings ...` to show where the warning was created)
✔ Totalskade presenteres som én familie mens canonical alder og kilometer forblir separate (101.558625ms)
✔ Maskinskade og Mobilitet bruker én topp-plass hver med flere underforskjeller (74.086291ms)
✔ bare faktiske Maskinskade-forskjeller tas med i familien (3.9595ms)
✔ alder og kilometer fra ulike dekninger havner i ulike familier (5.947416ms)
✔ ukjente nøkler grupperes ikke sammen bare fordi de har lik teknisk stamme (1.129292ms)
✔ Uhell samler dekning, geografi, grense og egenandel i én familie (2.03025ms)
✔ Hus holder Vann og fukt, Våtrom og Håndverkerfeil som egne familier (1.208416ms)
✔ Reisens rammer samler varighet, geografi og overnatting uten å slå facts sammen (0.71225ms)
✔ Tryg og Gjensidige øvelseskjøring vises samlet og kildebelagt uten canonical termKey (9.596291ms)
✔ betingelsene beholdes på riktig side i Tryg mot Gjensidige (7.825708ms)
✔ conditional-benefit påvirker ikke motorens missing coverage (28.912209ms)
✔ fordeler lekker ikke mellom providers (71.255458ms)
✔ Fremtind-fordeler lekker ikke mellom SpareBank 1, DNB og Eika (14.01025ms)
✔ provider uten dokumentert fordel får ikke oppdiktet verdi (11.592291ms)
✔ ukjent fritekstprovider blir ikke feilaktig merket som kontrollert uten fordel (17.711625ms)
✔ presentasjonskilder følger riktig side, provider og kanal (8.91775ms)
✔ tjenester klassifiseres separat fra coverage (0.458208ms)
(node:68564) [MODULE_TYPELESS_PACKAGE_JSON] Warning: Module type of file:///Users/morten/Documents/forsikringsapp/lib/coverage-status.ts is not specified and it doesn't parse as CommonJS.
Reparsing as ES module because module syntax was detected. This incurs a performance overhead.
To eliminate this warning, add "type": "module" to /Users/morten/Documents/forsikringsapp/package.json.
(Use `node --trace-warnings ...` to show where the warning was created)
✔ eksplisitt inkludert dekning blir selected og får korrekt UI-tekst (1.815834ms)
✔ eksplisitt ikke valgt dekning blir not_selected og får korrekt UI-tekst (0.329584ms)
✔ manglende dekning blir unknown og aldri not_selected (0.095084ms)
✔ ikke dokumentert og kan ikke avgjøres blir unknown (0.9155ms)
✔ eksplisitt leiebildetalj kan dokumentere hoveddekningen (1.402375ms)
✔ eksplisitt ikke valgt slår generisk tilleggsopplisting (3.571583ms)
✔ maskinskadedetaljer kan dokumentere hoveddekningen (1.047458ms)
✔ manglende maskinskadeinformasjon blir unknown (0.124167ms)
✔ statusmodellen virker også for Innbo (0.696084ms)
✔ personbilvariantene beholder samme kanoniske forsikringstype (0.5265ms)
✔ detaljrader beholdes etter at hovedstatus er utledet (7.84125ms)
✔ ubekreftet katalogdata alene velger ikke kundedekning (0.256834ms)
✔ eksplisitt dokumentstatus overstyrer bekreftet katalogdata (0.338709ms)
✔ uløst konflikt på samme evidensnivå blir unknown (1.069584ms)
✔ unknown mot unknown blir ikke en viktig forskjell (4.90425ms)
✔ selected mot not_selected blir en viktig statusforskjell (3.512333ms)
(node:68565) [MODULE_TYPELESS_PACKAGE_JSON] Warning: Module type of file:///Users/morten/Documents/forsikringsapp/lib/analysis-output.ts is not specified and it doesn't parse as CommonJS.
Reparsing as ES module because module syntax was detected. This incurs a performance overhead.
To eliminate this warning, add "type": "module" to /Users/morten/Documents/forsikringsapp/package.json.
(Use `node --trace-warnings ...` to show where the warning was created)
✔ customer price: combined individual agreement and general sections retain the concrete customer facts (45.166375ms)
✔ customer price: separate roles, separate PDF=false (97.541375ms)
✔ customer price: separate roles, separate PDF=true (61.786209ms)
✔ customer price: terms-only examples cannot create a customer or price contribution (4.212625ms)
✔ customer price: two objects and terms survive side=existing, reverse=false, split=false (60.196458ms)
✔ customer price: two objects and terms survive side=existing, reverse=false, split=true (85.674125ms)
✔ customer price: two objects and terms survive side=existing, reverse=true, split=false (67.470833ms)
✔ customer price: two objects and terms survive side=existing, reverse=true, split=true (26.467625ms)
✔ customer price: two objects and terms survive side=offer, reverse=false, split=false (16.896708ms)
✔ customer price: two objects and terms survive side=offer, reverse=false, split=true (21.524958ms)
✔ customer price: two objects and terms survive side=offer, reverse=true, split=false (14.344541ms)
✔ customer price: two objects and terms survive side=offer, reverse=true, split=true (142.095083ms)
✔ customer price: kr remains valid through role separation (69.203041ms)
✔ customer price: kr. remains valid through role separation (16.993792ms)
✔ customer price: same-object cross-batch consolidation retains prices from the individual record (68.977125ms)
✔ customer price: a legitimate unpriced customer remains in the partial portfolio (33.553375ms)
✔ customer price: uncertain role unknown and no secure ID do not discard customer prices (4.283375ms)
✔ customer price: uncertain role undefined and no secure ID do not discard customer prices (63.541292ms)
✔ customer price: non-vehicle customer price and deductible survive supporting terms (28.576208ms)
✔ customer price: manual registration retains its own declared annual price (27.107ms)
✔ customer price diagnostic: missing final prices do not prove they were in extraction (24.8725ms)
✔ customer price: generic examples with an object ID are still not customer-authoritative prices (10.755334ms)
(node:68566) [MODULE_TYPELESS_PACKAGE_JSON] Warning: Module type of file:///Users/morten/Documents/forsikringsapp/lib/production-trace-server.ts is not specified and it doesn't parse as CommonJS.
Reparsing as ES module because module syntax was detected. This incurs a performance overhead.
To eliminate this warning, add "type": "module" to /Users/morten/Documents/forsikringsapp/package.json.
(Use `node --trace-warnings ...` to show where the warning was created)
✔ price trace: extraction and role boundary distinguish customer (305.074375ms)
✔ price trace: extraction and role boundary distinguish supporting (59.248542ms)
✔ price trace: extraction and role boundary distinguish absent (217.072292ms)
✔ price trace: extraction and role boundary distinguish mixed (108.672416ms)
✔ price trace: price-bearing supporting records are explicitly blocked for the actual attached customer (180.496958ms)
✔ price trace: ordinary attachment preserves before/after customer prices (77.568042ms)
✔ price trace: a test-injected later loss is distinguishable from extraction absence or supporting placement (129.719834ms)
✖ price trace: ON/OFF equality and exact refs, reverse=false, split=false (177.068292ms)
✔ price trace: ON/OFF equality and exact refs, reverse=false, split=true (293.681ms)
✔ price trace: ON/OFF equality and exact refs, reverse=true, split=false (164.147542ms)
✔ price trace: ON/OFF equality and exact refs, reverse=true, split=true (256.964542ms)
✔ price trace: merged customer refs link back to every extracted record across batches (228.311834ms)
✔ price trace: terms-only prices keep a source record ref without an invented customer target (4.231875ms)
✔ price trace: concurrent requests have isolated refs, roles, price states and trace IDs (275.685042ms)
✔ price trace: valid key is distinct from an undocumented value and zero stays documented (0.167417ms)
✔ price trace: later label normalization is visible without claiming the explicit key existed at extraction (128.891166ms)
✔ price trace: unknown role and missing identity remain eligible without an invented role (106.1975ms)
✔ price trace: invalid identity is a boolean, never raw IDs or their hashes (123.113042ms)
✔ price trace: denylist at every new top-level and nested price boundary (3.4055ms)
✔ price trace: closed enums, refs, complete key vectors and boolean types fail closed (15.808083ms)
✔ price trace: records with private labels, product text, filenames and values yield structural metadata only (116.299375ms)
✔ price trace: sink or attachment observer failures cannot alter customer output (233.158375ms)
(node:68568) [MODULE_TYPELESS_PACKAGE_JSON] Warning: Module type of file:///Users/morten/Documents/forsikringsapp/lib/comparison.ts is not specified and it doesn't parse as CommonJS.
Reparsing as ES module because module syntax was detected. This incurs a performance overhead.
To eliminate this warning, add "type": "module" to /Users/morten/Documents/forsikringsapp/package.json.
(Use `node --trace-warnings ...` to show where the warning was created)
✔ kundespesifikk verdi gjør ikke standardegenandel med forbehold til kundens verdi (154.634542ms)
✔ to manuelt registrerte generelle egenandeler sammenlignes uten å overstyre skadetyper (75.174416ms)
✔ to uttrykkelig overstyrende særskilte egenandeler kan sammenlignes direkte (7.358042ms)
✔ manglende kundespesifikk egenandel gjør ikke katalogstandard til sikker forskjell (53.510917ms)
✔ standard- og skadetypeverdier med alle kilder blir i detaljvisningen (66.926917ms)
✔ ukjent opphav til PDF-egenandel gir ingen sikker kundespesifikk konklusjon (0.398625ms)
(node:68569) [MODULE_TYPELESS_PACKAGE_JSON] Warning: Module type of file:///Users/morten/Documents/forsikringsapp/lib/document-fact-normalization.ts is not specified and it doesn't parse as CommonJS.
Reparsing as ES module because module syntax was detected. This incurs a performance overhead.
To eliminate this warning, add "type": "module" to /Users/morten/Documents/forsikringsapp/package.json.
(Use `node --trace-warnings ...` to show where the warning was created)
✔ Maskinskade maximum and deductible band keep separate canonical identities (9.068917ms)
✔ alternative Maskinskade ranges are parsed from semantic labels, not pilot values (1.479666ms)
✔ reversing Maskinskade extraction order preserves identities (3.357542ms)
✔ other mileage facts never become Maskinskade mileage (2.049208ms)
✔ compound Maskinskade wording stops the coverage limit before deductible bands (8.181541ms)
✔ Ladekabel is isolated from Parkeringsskade (0.722417ms)
✔ Ladekabel is isolated from Startleie (0.6435ms)
✔ sibling coverage grouping is order independent A/B/C (1.348125ms)
✔ sibling coverage grouping is order independent C/A/B (0.808125ms)
✔ sibling coverage grouping is order independent B/C/A (6.976375ms)
✔ missing sibling does not change the other canonical identities (0.776084ms)
✔ alternative sibling values stay attached to their own facts through comparison (5.979583ms)
✔ generic precise-label repair also isolates non-Bil sibling coverages (2.362625ms)
(node:68571) [MODULE_TYPELESS_PACKAGE_JSON] Warning: Module type of file:///Users/morten/Documents/forsikringsapp/lib/comparison.ts is not specified and it doesn't parse as CommonJS.
Reparsing as ES module because module syntax was detected. This incurs a performance overhead.
To eliminate this warning, add "type": "module" to /Users/morten/Documents/forsikringsapp/package.json.
(Use `node --trace-warnings ...` to show where the warning was created)
✔ DNBs fem hoveddokumenter er de samme kanoniske Fremtind-filene som SpareBank 1 (100.840333ms)
✔ DNB er egen distribusjon med samme dokumenterte hovednivåer og effektiv dekning (12.257834ms)
✔ DNB-tillegg bruker de aktive felles Fremtind-vilkårene på Kasko og Topp (6.50675ms)
✔ DNB og SpareBank 1 gir ingen forskjeller for samme hovednivå uten tillegg (17.698375ms)
✔ UI-runtime med tillegg beholder identisk hoveddekning og bare dokumenterte tilleggsavvik (62.509542ms)
✔ DNB Topp kan sammenlignes kildeisolert mot Tryg (53.7875ms)
✔ UI-formet DNB-request beholder distribusjonsidentitet og valgte tillegg (0.912875ms)
(node:68572) [MODULE_TYPELESS_PACKAGE_JSON] Warning: Module type of file:///Users/morten/Documents/forsikringsapp/lib/catalog-enrichment.ts is not specified and it doesn't parse as CommonJS.
Reparsing as ES module because module syntax was detected. This incurs a performance overhead.
To eliminate this warning, add "type": "module" to /Users/morten/Documents/forsikringsapp/package.json.
(Use `node --trace-warnings ...` to show where the warning was created)
✔ uttrekksinstruksen prioriterer kundens forsikringsbevis foran generelle produktvilkår (0.78575ms)
✔ sammensatt dokumentverdi for maskinskade slår katalogens alder (12.519291ms)
✔ sammensatt dokumentverdi beholder 200 000 km uten katalogduplikat (2.780959ms)
✔ eksplisitt negativ leiebilstatus i dekningssammendrag blir not_selected (1.843083ms)
✔ eksplisitt valgt leiebilstatus i annet dokumentfelt blir selected (30.219917ms)
✔ manglende leiebilinformasjon for valgfri dekning forblir unknown (2.774333ms)
✔ førstegangsregistrering flyttes fra sammendrag til canonical dokumentfelt (4.120666ms)
✔ sammendrag med eksplisitte maskin-, nøkkel- og totalskadegrenser får canonical dokumentforrang (7.113875ms)
✔ sammendragsparser krysser ikke fra én dekning til en annen (24.452458ms)
✔ eksplisitt førstegangsregistreringsfelt bruker samme canonical key (1.157958ms)
✔ Kasko beholder dokumentert bilnøkkelsum på 7 500 kr (1.310375ms)
✔ Pluss beholder dokumentert bilnøkkelsum på 15 000 kr (0.940667ms)
✔ Kasko totalskadegaranti bruker dokumentets 1 år og 15 000 km (0.850416ms)
✔ Pluss totalskadegaranti bruker dokumentets 3 år og 60 000 km (77.044125ms)
✔ katalogen supplerer fortsatt canonical felt som dokumentet mangler (1.210791ms)
✔ ulike rå etiketter med samme canonical felt gir dokumentforrang (1.05675ms)
✔ forskjellige semantiske felt beholdes selv om begge gjelder maskinskade (1.09125ms)
✔ ukjent nesten-lik etikett fuzzy-matches ikke til canonical detail (3.911958ms)
✔ dokumentforrang er providernøytral og virker for Tryg Bil (1.148708ms)
✔ Gjensidige Kasko og Pluss beholder sikre katalogreferanser (1.487708ms)
✔ dokument- og katalogprovenance forblir atskilt etter sammenslåing (0.970417ms)
✔ reelt Kasko/Pluss-case beholder kundeverdier gjennom comparison (20.161167ms)
✔ normalisering er forsikringstypeavgrenset (0.639042ms)
(node:68573) [MODULE_TYPELESS_PACKAGE_JSON] Warning: Module type of file:///Users/morten/Documents/forsikringsapp/lib/document-fact-normalization.ts is not specified and it doesn't parse as CommonJS.
Reparsing as ES module because module syntax was detected. This incurs a performance overhead.
To eliminate this warning, add "type": "module" to /Users/morten/Documents/forsikringsapp/package.json.
(Use `node --trace-warnings ...` to show where the warning was created)
✔ document 15 000 km survives every stage (separate) (104.957875ms)
✔ document 15 000 km survives every stage (qualified) (26.722292ms)
✔ document 15 000 km survives every stage (canonical) (12.501542ms)
✔ document 17 000 km survives every stage (separate) (89.824ms)
✔ document 17 000 km survives every stage (qualified) (40.251334ms)
✔ document 17 000 km survives every stage (canonical) (9.98175ms)
✔ document 12 000 km survives every stage (separate) (19.753042ms)
✔ document 12 000 km survives every stage (qualified) (13.232583ms)
✔ document 12 000 km survives every stage (canonical) (33.926042ms)
✔ same-object cross-batch fragments preserve document limit and sources (20.17225ms)
✔ normalizing a canonical document fact twice retains its identity (0.340375ms)
✔ exact product qualifier works for another existing provider (40.572084ms)
✔ wrong product qualifier cannot supply a limit (0.869667ms)
✔ vehicle type cannot inherit Bil qualified totalskade facts (3.562541ms)
✔ generic kilometer label without canonical key remains ambiguous (1.648375ms)
✔ two logical cars retain Kasko 1/15000 and Pluss 3/60000 in reversed portfolios (40.899167ms)
(node:68574) [MODULE_TYPELESS_PACKAGE_JSON] Warning: Module type of file:///Users/morten/Documents/forsikringsapp/lib/analysis-output.ts is not specified and it doesn't parse as CommonJS.
Reparsing as ES module because module syntax was detected. This incurs a performance overhead.
To eliminate this warning, add "type": "module" to /Users/morten/Documents/forsikringsapp/package.json.
(Use `node --trace-warnings ...` to show where the warning was created)
✔ dokumentets maskinskadealder er den eneste effektive verdien (50.818417ms)
✔ dokumentets maskinskadekilometer vinner også når katalogverdien er lik (3.132125ms)
✔ canonical Maskinskade-sammendrag bruker 10 år og lekker ikke 12 år (18.251041ms)
✔ Kasko totalskadegaranti bruker dokumentets 15 000 km fremfor katalogens 20 000 km (1.2935ms)
✔ Pluss totalskadegaranti beholder dokumentets separate 3 år og 60 000 km (3.108333ms)
✔ generisk totalskadeetikett får sikkert scope fra modellens canonical fact-ID (1.630083ms)
✔ leiebilens fire varigheter får separate canonical nøkler (4.103417ms)
✔ leiebilsammendrag bruker 30 dager ved tekniske problemer, ikke katalogens 15 (17.814125ms)
✔ fullt leiebilsammendrag beholder reparasjon, totalskade, teknisk problem og feriereise (2.639084ms)
✔ Kia Kasko beholder eksplisitt ikke valgt Leiebil (1.083084ms)
✔ Kia-displaynavn katalogmatches med separat canonical Kasko-identitet (1.947708ms)
✔ Leaf-displaynavn katalogmatches med separat canonical Pluss-identitet (0.8915ms)
✔ ukjent canonical produktidentitet fuzzy-matches ikke via et Kasko-lignende displaynavn (0.365125ms)
✔ eksplisitt ukjent canonical produktidentitet faller ikke tilbake til displaynavnet (0.035708ms)
✔ katalogmatch er uavhengig av bilmodell og registreringsnummer i displaynavnet (1.520083ms)
✔ konfliktende catalogFacts beholdes som audit selv når dokumentverdien vinner (2.698333ms)
✔ presentation får ikke den konfliktende katalogalderen som kundeverdi (16.220459ms)
✔ Viktigste forskjeller bruker effektive totalskadeverdier (14.653625ms)
✔ detaljert sammenligning bruker effektive canonical kundeverdier (91.625291ms)
✔ katalogkilde vises fortsatt når katalogen supplerer et manglende felt (11.41725ms)
✔ samme resolution-path fungerer for Tryg uten providerspesialregel (2.7425ms)
✔ feriereiseverdien kan ikke lekke til tekniske problemer (1.4215ms)
✔ maskinskadealder kolliderer ikke med parkerings- eller totalskadealder (1.338834ms)
✔ modell-schema krever separat canonical produktidentitet (0.36075ms)
✔ Pluss totalskadegrense splittes også når uttrekket plasserer paret på aldersnøkkelen (1.194083ms)
✔ sammensatt totalskadealias normaliseres uten fuzzy matching (3.691167ms)
✔ generisk aldersgrense tolkes ikke som totalskadegaranti (3.563875ms)
✔ varierende dokumentgrenser hardkodes ikke til pilotens 3 år og 60 000 km (0.783208ms)
✔ Pluss beholder tre separate dokumenterte premiefakta og konsistent objekttotal (5.738167ms)
✔ Kasko beholder tre separate dokumenterte premiefakta og konsistent objekttotal (3.130042ms)
✔ Tryg-premie bruker samme generelle TFA-normalisering (0.964833ms)
✔ manglende total beregnes ikke fra ekskl-premie og avgift (0.870625ms)
✔ avtaletotal overføres ikke til hvert kjøretøy (0.573709ms)
✔ document selected status and canonical addon metadata restore addon overview (1.320084ms)
✔ ikke valgt leiebil listes aldri som valgt tillegg (0.894167ms)
✔ standarddekninger og katalog alene skaper ikke dokumenterte tillegg (1.694083ms)
✔ Tryg dokumentert Leiebil-tillegg vises gjennom samme tilleggsoversikt (21.532958ms)
✔ bilnøkkel og førstegangsregistrering beholdes under korrekthetsoppryddingen (2.507292ms)
✔ JSON-uttrekk med canonical premium keys går gjennom validering, enrichment og presentasjon (1.674042ms)
✔ motstridende eksplisitte premietotaler velges ikke vilkårlig (0.84075ms)
✔ tilleggsoversikten dupliserer ikke addOns og effektive statuser (3.722584ms)
✔ separat totalskadealder beholder hele dokumentformuleringen uten konkurrerende kortverdi (0.955583ms)
(node:68575) [MODULE_TYPELESS_PACKAGE_JSON] Warning: Module type of file:///Users/morten/Documents/forsikringsapp/lib/comparison.ts is not specified and it doesn't parse as CommonJS.
Reparsing as ES module because module syntax was detected. This incurs a performance overhead.
To eliminate this warning, add "type": "module" to /Users/morten/Documents/forsikringsapp/package.json.
(Use `node --trace-warnings ...` to show where the warning was created)
✔ Eikas gjeldende Bil og IPID er byte-identiske kanoniske Fremtind-kilder (264.988125ms)
✔ M05P dokumenterer en annen Pluss-struktur og aktiveres ikke som dagens Topp (87.618625ms)
✔ Eika Topp gjenbruker hele hovedproduktet, med effective/base og Parkeringsskade (3.313791ms)
✔ Eika har samme hoveddekning som SpareBank 1 og DNB, men separat auditert øvelseskjøringsfordel (20.511209ms)
✔ Eika-tillegg bruker de aktive felles Fremtind-vilkårene (49.25675ms)
✔ Eika Topp sammenlignes kildeisolert mot Tryg (30.59525ms)
✔ UI-runtime beholder Eika-identitet, arv og begge valgte tillegg (71.474958ms)
(node:68576) [MODULE_TYPELESS_PACKAGE_JSON] Warning: Module type of file:///Users/morten/Documents/forsikringsapp/lib/comparison.ts is not specified and it doesn't parse as CommonJS.
Reparsing as ES module because module syntax was detected. This incurs a performance overhead.
To eliminate this warning, add "type": "module" to /Users/morten/Documents/forsikringsapp/package.json.
(Use `node --trace-warnings ...` to show where the warning was created)
✔ normal katalog viser én kanonisk Fremtind-identitet og fire hovednivåer (5.552333ms)
✔ Topp bruker effektiv 3 år / 100 000 km og beholder Kasko-base på samme side (15.766166ms)
✔ distribusjonskanal beholder stabile tilleggs-ID-er med felles aktive vilkår (1.565042ms)
✔ UI-formet Fremtind-request beholder kanal og tillegg gjennom presentasjonen (51.519083ms)
✔ katalogreferanse fra en annen Fremtind-distribusjon kan ikke lekke inn (0.972875ms)
(node:68577) [MODULE_TYPELESS_PACKAGE_JSON] Warning: Module type of file:///Users/morten/Documents/forsikringsapp/lib/comparison.ts is not specified and it doesn't parse as CommonJS.
Reparsing as ES module because module syntax was detected. This incurs a performance overhead.
To eliminate this warning, add "type": "module" to /Users/morten/Documents/forsikringsapp/package.json.
(Use `node --trace-warnings ...` to show where the warning was created)
✔ fire produktfiler og tre kanaloversikter er lokale, uendrede og registrert (52.668542ms)
✔ fullvilkår og IPID dokumenterer Standard, Topp og arv (252.803125ms)
✔ Fremtind er provider og kanalene lager ikke dupliserte Hus-produkter (1.965791ms)
✔ Eika, SpareBank 1, DNB og ukjent kanal løser samme canonical produkt (13.308375ms)
✔ Standard modellerer forsikringsbevis, form, objekter og grunnskader (1.288208ms)
✔ Topp erstatter Standard for tak, våtrom, håndverkerfeil og skadedyr (0.650625ms)
✔ råte/insekter er ett separat tillegg på begge nivåer uten å duplisere Topp-skadedyr (18.127083ms)
✔ utleietillegget skiller mislighold fra ordinært bygningsskadeleietap (0.317708ms)
✔ gjenoppføring, påbud og Topp-totalskade har dokumenterte grenser (0.278708ms)
✔ egenandeler og aldersfradrag er klassifisert separat (0.358292ms)
✔ ansvar og rettshjelp har riktig rolle, summer og egenandeler (0.205292ms)
✔ ingen fremtidige kilder eller udokumenterte kanaloverrides aktiveres (0.227625ms)
✔ Fremtind sammenlignes mot alle fire eksisterende Hus-selskaper uten kildemiks (31.292ms)
✔ runtime flyter gjennom kanal, tillegg, effective/base og presentasjon (75.555708ms)
✔ Fremtind Bil, Innbo og Hus beholder kanal og typeisolasjon (26.980292ms)
(node:68578) [MODULE_TYPELESS_PACKAGE_JSON] Warning: Module type of file:///Users/morten/Documents/forsikringsapp/lib/comparison.ts is not specified and it doesn't parse as CommonJS.
Reparsing as ES module because module syntax was detected. This incurs a performance overhead.
To eliminate this warning, add "type": "module" to /Users/morten/Documents/forsikringsapp/package.json.
(Use `node --trace-warnings ...` to show where the warning was created)
✔ offisielle Fremtind Innbo-kilder er lokale, uendrede og versjonerte (536.104792ms)
✔ Fremtind er én provider med Innbo og Innbo Pluss i UI og Standard/Topp i kilden (1.92875ms)
✔ Eika, SpareBank 1, DNB og ukjent kanal løser samme dokumenterte canonical fakta (1.341417ms)
✔ forsikringssum og generell egenandel er forsikringsbevisstyrt (0.170708ms)
✔ Innbo har kildebaserte særgrenser, skadeårsaker og spesialegenandeler (0.15675ms)
✔ Innbo Pluss bruker effektive Topp-verdier og beholder Standard-base (1.27175ms)
✔ Innbo Pluss strukturerer uhell, flytting, skadedyr, ID-tyveri og boligtilpasning (0.243ms)
✔ ansvar og rettshjelp bevarer dokumenterte summer, geografi og kilder (0.107125ms)
✔ alle effektive fakta har komplett kildeproveniens (0.176375ms)
✔ fem selskapers grunn- og toppnivå kan sammenlignes på felles Innbo-nøkler (126.959125ms)
✔ toppnivåer sammenligner dokumenterte uhell, flytting, skadedyr, ID og boligtilpasning (83.329167ms)
✔ Innbo-prioriteringen beholdes generell for Fremtind (7.897959ms)
✔ UI-formet runtime beholder kanal, produkt, effective/base og presentasjon (73.605417ms)
✔ Fremtind Bil og Innbo i samme avtale holder type, kilder og tillegg adskilt (5.011458ms)
✔ katalogreferanse fra annen type eller provider kan ikke lekke inn (0.870083ms)
(node:68579) [MODULE_TYPELESS_PACKAGE_JSON] Warning: Module type of file:///Users/morten/Documents/forsikringsapp/lib/comparison.ts is not specified and it doesn't parse as CommonJS.
Reparsing as ES module because module syntax was detected. This incurs a performance overhead.
To eliminate this warning, add "type": "module" to /Users/morten/Documents/forsikringsapp/package.json.
(Use `node --trace-warnings ...` to show where the warning was created)
✔ sju offisielle Fremtind Reise-kilder er lokale og hashverifiserte (47.876833ms)
✔ aktiv Fremtind Reise er én produktgenerasjon og historisk Eika er eksplisitt separat (2.433667ms)
✔ aktive kilder er PRE-450.200-015 og IPID V.104 for alle tre kanaler (0.079708ms)
✔ aktiv generasjon har ett nivå uten historiske plusstillegg (0.49275ms)
✔ historiske kilder og produkter er tydelig avgrenset til Eika-generasjonen (0.182291ms)
✔ alle aktive fakta peker bare på aktivt hovedvilkår eller IPID (1.353333ms)
✔ aktiv standard er 70 dager og andre varigheter er bare kundespesifikke valg (0.272417ms)
✔ SpareBank 1 DNB og Eika nytegning velger samme aktive katalogreferanse (2.135666ms)
✔ historisk Eika P10 og P10P beholder 77 dager og Reise Pluss-arv (0.464083ms)
✔ aktiv og historisk provenance og fakta lekker ikke mellom generasjoner (3.222792ms)
✔ aktive reisegods forsinkelse leiebil og sykdomsfakta følger nytt vilkår (0.516ms)
✔ aktiv reiseavbrudd avbestilling ulykke og rettshjelp følger nytt vilkår (0.525375ms)
✔ manual flow krever eksplisitt historisk navn og stabil katalogreferanse (7.375292ms)
✔ feil katalogreferanse kan ikke bytte aktiv og historisk generasjon (1.017417ms)
✔ kundedokumentets avtalte reisevarighet kan beholdes uten automatisk katalogkobling (2.227417ms)
✔ PDF-uttrekk bevarer eksplisitt produktgenerasjon og avtalt varighet uten automatisk remapping (2.729833ms)
✔ aktiv mot historisk viser reell 70 mot 77-dagers forskjell (21.589625ms)
✔ SpareBank 1 mot DNB aktiv Reise gir ingen falsk varighetsforskjell (6.475916ms)
✔ fire forsikringstyper for Fremtind er fortsatt isolert (6.147833ms)
(node:68580) [MODULE_TYPELESS_PACKAGE_JSON] Warning: Module type of file:///Users/morten/Documents/forsikringsapp/lib/comparison.ts is not specified and it doesn't parse as CommonJS.
Reparsing as ES module because module syntax was detected. This incurs a performance overhead.
To eliminate this warning, add "type": "module" to /Users/morten/Documents/forsikringsapp/package.json.
(Use `node --trace-warnings ...` to show where the warning was created)
✔ offisielle Frende-kilder har kontrollert hash, dato og dokumentankere (348.684667ms)
✔ Frende har dokumentert Ansvar → Delkasko → Kasko → Utvidet-arv (16.760834ms)
✔ Leiebil og Maskinskade er uavhengige tillegg på Kasko og Utvidet (1.023042ms)
✔ egenandeler beholder standard-, referanse- og særskilt klassifisering (0.720541ms)
✔ UI-runtime beholder begge Frende-tillegg til sammenligning mot Tryg (130.021166ms)
✔ Frende sammenlignes kildeisolert mot Fremtind og If (81.9555ms)
(node:68581) [MODULE_TYPELESS_PACKAGE_JSON] Warning: Module type of file:///Users/morten/Documents/forsikringsapp/lib/comparison.ts is not specified and it doesn't parse as CommonJS.
Reparsing as ES module because module syntax was detected. This incurs a performance overhead.
To eliminate this warning, add "type": "module" to /Users/morten/Documents/forsikringsapp/package.json.
(Use `node --trace-warnings ...` to show where the warning was created)
✔ fem offisielle Frende Hus-filer er lokale, uendrede og korrekt datert (520.416208ms)
✔ Frende Hus har Standard og dokumentert arvet Utvidet (7.95575ms)
✔ begge nivåer tilbyr nøyaktig råte/skadedyr og utleie og kan kombinere dem (16.058458ms)
✔ Standard modellerer forsikringsbevis, form, bygninger og uteobjekter (0.623708ms)
✔ brann, elektrisk, plutselig skade, vann og terrengvann er separate fakta (0.511875ms)
✔ gjeldende fullvilkår legger tining i Standard til tross for produktsiden (1.300333ms)
✔ Utvidet erstatter Standard presist for tak, våtrom og håndverkerfeil (2.978333ms)
✔ grunnskadedyr og råtetillegg har ulike scope uten duplikat (0.422041ms)
✔ utleietillegget dokumenterer bare skadeverk og holder leietap separat (0.183084ms)
✔ naturskade, boligtilpasning, gjenoppføring og påbud har dokumenterte grenser (0.212167ms)
✔ egenandeler og Frendes egen aldersfradragstabell er klassifisert (0.244125ms)
✔ ansvar, rettshjelp og bygg under oppføring holdes korrekt adskilt (0.164375ms)
✔ provenance og effective/base bevarer både hovedkilde og overstyrt grunnlag (0.69825ms)
✔ Frende sammenlignes mot alle fem Hus-selskaper uten selskapslekkasje (83.130667ms)
✔ runtime håndterer fire tilleggskombinasjoner og Frende Bil, Innbo og Hus sammen (119.09725ms)
(node:68582) [MODULE_TYPELESS_PACKAGE_JSON] Warning: Module type of file:///Users/morten/Documents/forsikringsapp/lib/comparison.ts is not specified and it doesn't parse as CommonJS.
Reparsing as ES module because module syntax was detected. This incurs a performance overhead.
To eliminate this warning, add "type": "module" to /Users/morten/Documents/forsikringsapp/package.json.
(Use `node --trace-warnings ...` to show where the warning was created)
✔ offisielle Frende Innbo-kilder er lokale, uendrede og har korrekt datosemantikk (674.81125ms)
✔ Frende Innbo er Standard med Uhellsdekning som valgfritt tillegg (5.040625ms)
✔ forsikringssum representerer både ubegrenset og kundespesifikt valg uten å fjerne særgrenser (0.644709ms)
✔ husstand, geografi og midlertidig oppbevaring følger fullvilkåret (0.194417ms)
✔ brann, vann, natur, tyveri, bod og uteareal er separate kildebaserte konsepter (0.144916ms)
✔ sykkel og liten elektrisk motorvogn holdes faglig adskilt (0.1265ms)
✔ skadedyr, ID-sikring og nettmisbruk bevarer ulik semantikk (0.195792ms)
✔ Uhellsdekning gir hjemme-, ute- og flytteverdier uten å oppfinne sykkeluhell (0.176208ms)
✔ Uhell er en ny effektiv dekning og alle base- og tilleggskilder beholdes (1.257958ms)
✔ ansvar, rettshjelp, merutgifter og data har dokumenterte grenser (0.157083ms)
✔ egenandeler skiller bevisstyrt verdi og sikre særverdier (0.093666ms)
✔ Frende kan sammenlignes mot fem andre Innbo-kataloger uten selskapsspesifikk motor (225.937833ms)
✔ UI-formet runtime beholder Uhell gjennom katalog, comparison og presentation (87.166666ms)
✔ Frende Bil og Innbo i samme avtale holder produkter, tillegg og kilder adskilt (1.096583ms)
✔ Innbo-prioritering fremhever materielle grenser uten å skjule ansvar og rettshjelp (19.688166ms)
(node:68584) [MODULE_TYPELESS_PACKAGE_JSON] Warning: Module type of file:///Users/morten/Documents/forsikringsapp/lib/comparison.ts is not specified and it doesn't parse as CommonJS.
Reparsing as ES module because module syntax was detected. This incurs a performance overhead.
To eliminate this warning, add "type": "module" to /Users/morten/Documents/forsikringsapp/package.json.
(Use `node --trace-warnings ...` to show where the warning was created)
✔ åtte offisielle Frende Reise-kilder er lokale og hashverifiserte (31.152333ms)
✔ Frende har ett ordinært Reise-produkt uten kunstig arv (1.4035ms)
✔ forsikringsbevis personkrets og reiseomfang er bevart (3.322417ms)
✔ 75 dager og kundespesifikk fortsettelsesforsikring er separate (0.247541ms)
✔ risikoområder bevarer Svalbard-unntaket og 6000 meter (0.199584ms)
✔ ubegrenset reisegods betyr ikke ubegrenset enkeltgjenstand (0.182ms)
✔ kategori-, uhells- og forsinket bagasjegrenser er dokumentert (0.197208ms)
✔ veggedyr og leiebil har egne vilkår og egenandeler (0.314417ms)
✔ avbestilling transportforsinkelse og streik holdes separate (0.213875ms)
✔ sykdom kjent sykdom graviditet og tannbehandling er presise (0.664625ms)
✔ hjemtransport tilkalling hjemkalling og reiseavbrudd er separate (0.243ms)
✔ integrert reiseulykke har riktige summer og aldersregler (0.256209ms)
✔ ansvar rettshjelp evakuering sport og sikkerhet er kildeisolert (0.173334ms)
✔ Falck og Eyr er tjenester, ikke forsikringssummer (0.130291ms)
✔ Frende Ung og hendelsesspesifikke 2026-tiltak lekker ikke inn (0.218083ms)
✔ cross-company mot fem topprodukter gir forskjeller uten provenanslekkasje (135.310708ms)
✔ FormData-runtime støtter ett Frende-produkt uten arv (13.379334ms)
✔ Frende-avtale med Bil Innbo Hus og Reise har ingen typelekkasje (2.307084ms)
(node:68585) [MODULE_TYPELESS_PACKAGE_JSON] Warning: Module type of file:///Users/morten/Documents/forsikringsapp/lib/comparison.ts is not specified and it doesn't parse as CommonJS.
Reparsing as ES module because module syntax was detected. This incurs a performance overhead.
To eliminate this warning, add "type": "module" to /Users/morten/Documents/forsikringsapp/package.json.
(Use `node --trace-warnings ...` to show where the warning was created)
✔ offisielle PDF-øyeblikksbilder er bevart og produktarket dokumenterer arv (764.573666ms)
✔ PDF-ankere underbygger sentrale summer, grenser og skadevilkår (723.62175ms)
✔ fire Gjensidige-nivåer har dokumentert arv og effektive verdier med samme sides grunnverdi (7.237291ms)
✔ tillegg velges uavhengig, og kilder og ukjente beløp beholdes (0.74975ms)
✔ Gjensidige mot Tryg bevarer sammenlignbare nøkkelverdier, kilder og dokumentasjonshull (65.685166ms)
✔ Gjensidige mot If sammenligner nivåer, uten å oppfinne Ifs aldersgrense (6.9625ms)
✔ kundens egenandel og pris forblir uavhengige av offentlige standardverdier (33.504333ms)
(node:68586) [MODULE_TYPELESS_PACKAGE_JSON] Warning: Module type of file:///Users/morten/Documents/forsikringsapp/lib/comparison.ts is not specified and it doesn't parse as CommonJS.
Reparsing as ES module because module syntax was detected. This incurs a performance overhead.
To eliminate this warning, add "type": "module" to /Users/morten/Documents/forsikringsapp/package.json.
(Use `node --trace-warnings ...` to show where the warning was created)
✔ seks offisielle Gjensidige Hus-kilder er lokale, uendrede og registrert (14.974875ms)
✔ originaldokumentene bekrefter nivåer, arv og valgfrie utvidelser (56.949417ms)
✔ Gjensidige viser Hus og Hus Pluss med dokumentert arv (3.551417ms)
✔ nivå- og tilleggsmatrisen håndheves (20.899ms)
✔ Hus har sentrale objekter, skader, ansvar, rettshjelp og tjenester (4.908833ms)
✔ Hus Pluss erstatter grunnverdier for tak, våtrom, håndverkerfeil og råte (3.541792ms)
✔ råteutvidelsen på Hus har presis kvalifikasjonskilde og samme effektive dekning (0.612709ms)
✔ utleie skiller betalingsmislighold fra leietap etter bygningsskade (0.87475ms)
✔ Hus Smart er tilleggstjeneste med egen abonnementslogikk (0.82375ms)
✔ aldersfradrag er strukturert og unntak er bevart (0.2585ms)
✔ Gjensidige Hus sammenlignes med Tryg, If og Storebrand uten kildelekkasje (81.165584ms)
✔ ingen fremtidige kilder er aktivert og Pluss dupliserer ikke råtetillegget (0.243834ms)
✔ runtime-kjeden beholder katalogreferanse, effective/base og provenance (14.787667ms)
✔ Bil, Innbo og Hus sameksisterer for Gjensidige (1.864083ms)
(node:68587) [MODULE_TYPELESS_PACKAGE_JSON] Warning: Module type of file:///Users/morten/Documents/forsikringsapp/lib/comparison.ts is not specified and it doesn't parse as CommonJS.
Reparsing as ES module because module syntax was detected. This incurs a performance overhead.
To eliminate this warning, add "type": "module" to /Users/morten/Documents/forsikringsapp/package.json.
(Use `node --trace-warnings ...` to show where the warning was created)
✔ offisielle Gjensidige Innbo-kilder er lokale, uendrede og kildeidentifisert (607.211958ms)
✔ UI bruker Innbo og Innbo Pluss, mens Innbo Ung holdes utenfor ordinær katalog (2.187542ms)
✔ forsikringssum og base/effective følger dagens alminnelige dokumenter (10.903292ms)
✔ brann, vann, natur, ansvar, rettshjelp og bygningsglass har kilder og riktige grenser (0.215875ms)
✔ Innbo Pluss strukturerer uhell, sykkel, mobil, skadedyr, flytting og ID-tyveri (0.188667ms)
✔ utleie og høyere sykkelsum er valg, ikke ubetinget Pluss-dekning (0.41925ms)
✔ egenandelene er klassifisert uten å blande generell og særskilt verdi (0.107334ms)
✔ Tryg Innbo mot Gjensidige Innbo sammenligner dokumenterte fellesbegreper (17.329166ms)
✔ Tryg Innbo Ekstra mot Gjensidige Pluss beholder reelle forskjeller (16.341667ms)
✔ If Basis mot Gjensidige Innbo bruker samme ansvar- og rettshjelpsnøkler (18.675791ms)
✔ If Utvidet og Super mot Gjensidige Pluss holder delvis overlappende konsepter adskilt (72.274458ms)
✔ UI-formet runtime beholder Pluss, utleie, effective/base og presentasjon (59.519459ms)
✔ Innbo-hovedvisningen prioriterer sentrale dekninger og utleie foran rettshjelp (5.563458ms)
✔ Bil og Innbo på begge sider har ingen provider-, tillegg- eller kildelekkasje (13.237292ms)
(node:68588) [MODULE_TYPELESS_PACKAGE_JSON] Warning: Module type of file:///Users/morten/Documents/forsikringsapp/lib/product-catalog.ts is not specified and it doesn't parse as CommonJS.
Reparsing as ES module because module syntax was detected. This incurs a performance overhead.
To eliminate this warning, add "type": "module" to /Users/morten/Documents/forsikringsapp/package.json.
(Use `node --trace-warnings ...` to show where the warning was created)
✔ åtte offisielle Gjensidige Reise-kilder er lokale og hashverifiserte (24.477208ms)
✔ Gjensidige Reise har to dokumenterte nivåer med arv (3.277458ms)
✔ forsikringsbevis personkrets geografi og 70 dager er bevart (7.287667ms)
✔ varighetsutvidelse er kundespesifikk og ikke produktnivå (1.2405ms)
✔ Reise Pluss forbedrer reisegods gjennom effective base (0.3995ms)
✔ mobil har presist skadeomfang og egenandel (0.258542ms)
✔ avbestilling sykdom og tapt ferie er separate (0.220625ms)
✔ hjemtransport hjemkalling og tilkalling er separate (0.171958ms)
✔ forsinket bagasje og transport har nivåforskjeller (0.260333ms)
✔ evakuering UD og aktivitet er presist avgrenset (0.213333ms)
✔ ansvar og rettshjelp følger Gjensidige-kildene (0.183708ms)
✔ Reise Pluss har ulykkeskapital og leiebilegenandel (0.231333ms)
✔ alarmsentral og Dr.Dropin er tjenester (0.122875ms)
✔ SmartDelay+ er ikke aktiv per 20.09.2026 (0.230709ms)
✔ cross-company beholder uavhengig varighet og provenance (0.615208ms)
✔ runtime støtter Gjensidige Reise og fire forsikringstyper uten lekkasje (11.505667ms)
(node:68589) [MODULE_TYPELESS_PACKAGE_JSON] Warning: Module type of file:///Users/morten/Documents/forsikringsapp/lib/hybrid-matching.ts is not specified and it doesn't parse as CommonJS.
Reparsing as ES module because module syntax was detected. This incurs a performance overhead.
To eliminate this warning, add "type": "module" to /Users/morten/Documents/forsikringsapp/package.json.
(Use `node --trace-warnings ...` to show where the warning was created)
✔ deterministisk match gir ingen AI-kall (3.025208ms)
✔ bare unmatched vilkår sendes med kontekst (0.581375ms)
✔ tydelig semantisk forsikringstype kan godkjennes (15.292084ms)
✔ lav confidence og uncertain blir ikke automatisk match (1.862584ms)
✔ åpenbart ulike typer og sammensatt hus/fritidsbolig sendes ikke til AI (0.187ms)
✔ én glassopplysning kan matches mot skifte og reparasjon samlet (11.320208ms)
✔ én-til-flere krever høyere confidence og felles dekningsrot (1.456958ms)
✔ konflikter og feil respons faller tilbake uten krasj (2.174ms)
(node:68590) [MODULE_TYPELESS_PACKAGE_JSON] Warning: Module type of file:///Users/morten/Documents/forsikringsapp/lib/comparison.ts is not specified and it doesn't parse as CommonJS.
Reparsing as ES module because module syntax was detected. This incurs a performance overhead.
To eliminate this warning, add "type": "module" to /Users/morten/Documents/forsikringsapp/package.json.
(Use `node --trace-warnings ...` to show where the warning was created)
✔ MOT2-2 er lagret som offisiell kilde med månedspresis gyldighet og sporbart avsnitt (490.200542ms)
✔ If tilbyr fire egne nivåer med dokumentert produktarv og inkludert ulykkesdekning (2.604167ms)
✔ Leiebil og Motor- og girskade er valgfri for Kasko/Super og kan velges samtidig (1.16175ms)
✔ Leiebil har konkrete kildebundne unntak og 7-dagersregelen (0.225875ms)
✔ If Super erstatter egen Kasko-grunnverdi uten å overføre den til den andre siden (56.463292ms)
✔ Tryg mot If sammenligner dokumenterte effektive verdier og holder kildene adskilt (7.74425ms)
✔ Ansvar og Rettshjelp arves fra dokumentert Tryg Ansvar-komponent i Kasko (100.800084ms)
✔ eksplisitt valgt Tryg Ansvar deler sammenligningsnøkler med If Ansvar uten å miste opprinnelsen (3.373417ms)
✔ ulike navn på samme dokumenterte motor-/girdekning samles i ett datapunkt (24.16025ms)
(node:68591) [MODULE_TYPELESS_PACKAGE_JSON] Warning: Module type of file:///Users/morten/Documents/forsikringsapp/lib/comparison.ts is not specified and it doesn't parse as CommonJS.
Reparsing as ES module because module syntax was detected. This incurs a performance overhead.
To eliminate this warning, add "type": "module" to /Users/morten/Documents/forsikringsapp/package.json.
(Use `node --trace-warnings ...` to show where the warning was created)
✔ fem offisielle If Hus-kilder er lokale, uendrede og registrert (42.79375ms)
✔ fullvilkåret bekrefter nivåarv og sentrale nivåforskjeller (541.918833ms)
✔ If viser Basis, Utvidet og Super med dokumentert arv (1.605959ms)
✔ Basis strukturerer bygning, fullverdi/førsterisiko og sentrale skader (0.683125ms)
✔ Basis har konkrete værbegrensninger med korrekt kilde (0.240333ms)
✔ Utvidet erstatter Basis for tak, våtrom, råte og skadedyr (0.249583ms)
✔ Super beholder Utvidet og legger til håndverkerfeil, våtrom og tjenester (0.397416ms)
✔ effective/base bevarer samme sides underliggende nivåer (5.772625ms)
✔ kundens egenandel er separat fra publisert produktstandard (0.833917ms)
✔ utleie er innebygd og skiller mislighold fra bygningsskadens leietap (0.45ms)
✔ aldersfradrag er strukturert og holdt separat fra egenandeler (0.234208ms)
✔ ansvar og rettshjelp har dokumenterte summer, geografi og egenandeler (0.170584ms)
✔ rettshjelpens hovedbegrensninger har provenance på side 2 (8.231917ms)
✔ ingen fremtidig kilde eller valgbart Hus-tillegg aktiveres (0.740167ms)
✔ Tryg Hus og If Hus sammenlignes på felles nøkler uten kildelekkasje (30.589583ms)
✔ høyere nivåer sammenligner effective/base uten å flytte base til motparten (80.148625ms)
✔ runtime-kjeden beholder nivåarv, provenance og Hus-prioritering (198.258333ms)
✔ Bil, Innbo og Hus kan sameksistere uten tillegg- eller faktakollisjon (4.186792ms)
(node:68592) [MODULE_TYPELESS_PACKAGE_JSON] Warning: Module type of file:///Users/morten/Documents/forsikringsapp/lib/comparison.ts is not specified and it doesn't parse as CommonJS.
Reparsing as ES module because module syntax was detected. This incurs a performance overhead.
To eliminate this warning, add "type": "module" to /Users/morten/Documents/forsikringsapp/package.json.
(Use `node --trace-warnings ...` to show where the warning was created)
✔ offisielle If Innbo-kilder er lokale, uendrede og versjonerte (452.006333ms)
✔ If tilbyr Basis, Utvidet og Super med dokumentert arv (8.644208ms)
✔ forsikringssum og sentrale Basis-grenser følger vilkåret uten å anta ubegrenset sum (0.811708ms)
✔ Utvidet inkluderer uhell, tyveri ute, flytting, skadedyr, boligtilpasning og utleie (0.292333ms)
✔ Utvidet strukturerer begrensningene for glass og sanitærporselen (0.450458ms)
✔ Super forbedrer effektive verdier og bevarer grunnverdier med egne kilder (1.689625ms)
✔ egenandeler har konservativ klassifisering og standardverdien beholdes (3.139542ms)
✔ Tryg Innbo mot If Basis viser dokumenterte grenser og ikke antatt manglende dekning (51.8595ms)
✔ Tryg Innbo Ekstra mot If Utvidet sammenligner like begreper med samme nøkkel (5.604416ms)
✔ Tryg Innbo Ekstra mot If Super beholder reelle Super-forskjeller (28.294209ms)
✔ Tryg utleietillegg sammenlignes mot Ifs innebygde utleiedekning (7.328292ms)
✔ UI-formet runtime-data beholder If-produktet gjennom hele sammenligningskjeden (57.095417ms)
✔ Bil og Innbo på begge sider holder produkt-, tillegg- og kildedata adskilt (2.68875ms)
(node:68593) [MODULE_TYPELESS_PACKAGE_JSON] Warning: Module type of file:///Users/morten/Documents/forsikringsapp/lib/comparison.ts is not specified and it doesn't parse as CommonJS.
Reparsing as ES module because module syntax was detected. This incurs a performance overhead.
To eliminate this warning, add "type": "module" to /Users/morten/Documents/forsikringsapp/package.json.
(Use `node --trace-warnings ...` to show where the warning was created)
✔ seks offisielle If Reise-kilder er lokale, registrert og uendrede (14.166625ms)
✔ If har Basis Standard Super med dokumentert kumulativ arv (3.406ms)
✔ forsikringsbevis personkrets område og varighet er kundestyrt (2.681875ms)
✔ Basis har behandling og evakuering men ikke avbestilling bagasje eller tapt ferie (0.256583ms)
✔ Standard overstyrer Basis med avbestilling forsinkelse og reisegods (1.597042ms)
✔ forsinket bagasje har person familie transitt og dokumentasjonsgrenser (0.19075ms)
✔ reisegods skiller samlet sum enkeltgjenstand penger og smykker (0.166709ms)
✔ Super tilfører uhell turisttjeneste forsinkelsesytelser og leiebil (0.257125ms)
✔ sykdom hjemtransport kjent sykdom og tapt ferie er presist skilt (0.240375ms)
✔ ansvar rettshjelp og Super-grense beholder provenance (0.302041ms)
✔ SmartDelay digital lege og Reisehjelp er tjenester (0.200584ms)
✔ If har behandlingsdekning ved ulykke men ingen ulykkeskapital (0.277583ms)
✔ sport UD og sikkerhetskrav kommer fra If og ikke Tryg (3.53425ms)
✔ If kan sammenlignes semantisk med Tryg uten varighets- eller ulykkeslekkasje (85.470041ms)
✔ runtime støtter If Basis Standard Super og isolerer Bil Innbo Hus Reise (35.673667ms)
(node:68594) [MODULE_TYPELESS_PACKAGE_JSON] Warning: Module type of file:///Users/morten/Documents/forsikringsapp/lib/comparison.ts is not specified and it doesn't parse as CommonJS.
Reparsing as ES module because module syntax was detected. This incurs a performance overhead.
To eliminate this warning, add "type": "module" to /Users/morten/Documents/forsikringsapp/package.json.
(Use `node --trace-warnings ...` to show where the warning was created)
✔ katalogfelt matches bare med godkjente semantiske feltnøkler (1.881625ms)
✔ sikre produktvarianter får samme nøkkel (0.42475ms)
✔ personbilbetegnelser får samme eksplisitte type og presentasjonsnavn (0.1765ms)
✔ Motorvognforsikring og Bilforsikring grupperes side om side uten semantisk matching (1.168625ms)
✔ Leiebil dokumenteres av eksplisitte underfelter uten at detaljene fjernes (41.258208ms)
✔ Maskinskade dokumenteres av varighet, komponenter og egenandelsdetaljer (1.625458ms)
✔ manglende hovedfelt forblir uavklart når ingen relaterte underfelter dokumenterer dekningen (0.532708ms)
✔ generisk reparasjonstekst uten leiebilbevis kobles ikke til leiebildekningen (0.604375ms)
✔ semantisk hovedmatch kollapser ikke eksplisitte detaljrader (0.444625ms)
✔ andre motorvognprodukter holdes eksplisitt adskilt fra personbil (0.3165ms)
✔ sammensatte og ulike forsikringsobjekter holdes separate (0.108333ms)
✔ tydelige vilkårssynonymer matches (0.114166ms)
✔ kontekstavhengige vilkår matches innen riktig forsikring (0.953125ms)
✔ kontekstavhengige aliaser brukes ikke globalt eller på feil type (1.91825ms)
✔ forsikringssum og forsikringsverdi krever bekreftet objekt/verdi (0.511542ms)
✔ verdialias krever én forsikring på hver side og samme oppgitte verdi (0.093375ms)
✔ ulike vilkår holdes separate (0.056583ms)
(node:68595) [MODULE_TYPELESS_PACKAGE_JSON] Warning: Module type of file:///Users/morten/Documents/forsikringsapp/lib/manual-agreement.ts is not specified and it doesn't parse as CommonJS.
Reparsing as ES module because module syntax was detected. This incurs a performance overhead.
To eliminate this warning, add "type": "module" to /Users/morten/Documents/forsikringsapp/package.json.
(Use `node --trace-warnings ...` to show where the warning was created)
✔ to manuelle avtaler uten pris beholder vilkår og kan matches (3.345042ms)
✔ én manuell forsikring med pris får riktig total (11.560667ms)
✔ flere manuelle produkter med pris summeres til en komplett total (0.59675ms)
✔ manglende produktpris gir bare merket kjent delsum (0.451125ms)
✔ begge manuelle sider bruker produktprisene til total og prisforskjell (7.80425ms)
✔ eksplisitt nullpris teller som oppgitt pris (0.571459ms)
✔ ufullstendig total brukes ikke til prisforskjell (12.716834ms)
✔ manglende selskap, type og ufullstendige vilkår avvises (0.602417ms)
✔ ukjent katalogreferanse brukes ikke som dekning (6.387458ms)
(node:68596) [MODULE_TYPELESS_PACKAGE_JSON] Warning: Module type of file:///Users/morten/Documents/forsikringsapp/lib/comparison.ts is not specified and it doesn't parse as CommonJS.
Reparsing as ES module because module syntax was detected. This incurs a performance overhead.
To eliminate this warning, add "type": "module" to /Users/morten/Documents/forsikringsapp/package.json.
(Use `node --trace-warnings ...` to show where the warning was created)
✔ produktvalg bruker bare eksakt katalogscope for provider og forsikringstype (2.6ms)
✔ katalogvalg bruker stabil produktidentitet og eksisterende kjent verdi velges automatisk (1.352542ms)
✔ ukjent produkt bevares eksplisitt som custom uten fuzzy matching (1.091917ms)
✔ eksplisitt Annet-valg viser custom state og kan ikke katalogkobles ved navnelikhet (1.577542ms)
✔ provider- og typebytte oppdaterer alternativer deterministisk uten ugyldig katalogreferanse (32.655792ms)
✔ scope uten katalogprodukter faller tilbake til Annet og bevarer manuell tekst (0.318291ms)
✔ manuell årlig kjørelengde bruker canonical Bil-fact og lesbart format (11.751833ms)
✔ tom kjørelengde oppretter ikke fact, mens ugyldig og ikke-Bil input avvises (0.434584ms)
✔ manuell kjørelengde erstatter samme catalog fact med dokumentprioritet (10.082084ms)
✔ PDF og manuell årlig kjørelengde er lik ved samme tall i begge retninger (2.647375ms)
✔ ulik årlig kjørelengde er en reell forskjell for hybrid og manuell sammenligning (1.516292ms)
✔ flere manuelle Bil-objekter beholder egne kjørelengdefacts og rekkefølge (0.156459ms)
✔ årlig kjørelengde lekker ikke til andre kilometeridentiteter (0.080542ms)
✔ manglende manuell kjørelengde forblir udokumentert i hybrid sammenligning (0.295292ms)
✔ manuell UI bruker native katalogselect, eksplisitt customfelt og Bil-avgrenset numerisk kjørelengde (1.621291ms)
(node:68597) [MODULE_TYPELESS_PACKAGE_JSON] Warning: Module type of file:///Users/morten/Documents/forsikringsapp/lib/comparison.ts is not specified and it doesn't parse as CommonJS.
Reparsing as ES module because module syntax was detected. This incurs a performance overhead.
To eliminate this warning, add "type": "module" to /Users/morten/Documents/forsikringsapp/package.json.
(Use `node --trace-warnings ...` to show where the warning was created)
✔ UI-formet If–Storebrand-request beholder alle tillegg til toppsekslisten (186.091084ms)
(node:68598) [MODULE_TYPELESS_PACKAGE_JSON] Warning: Module type of file:///Users/morten/Documents/forsikringsapp/lib/catalog-enrichment.ts is not specified and it doesn't parse as CommonJS.
Reparsing as ES module because module syntax was detected. This incurs a performance overhead.
To eliminate this warning, add "type": "module" to /Users/morten/Documents/forsikringsapp/package.json.
(Use `node --trace-warnings ...` to show where the warning was created)
✔ exact extended rental variant selects correct component (key null) (266.41025ms)
✔ exact extended rental variant selects correct component (key leiebil.dekning) (8.663ms)
✔ document add-on list can select exact extended variant (69.744291ms)
✔ generic rental selects only the unambiguous standard component (2.675333ms)
✔ named extended choice refines generic selected family without selecting both alternatives (114.7405ms)
✔ exact extended Ikke valgt does not activate catalog component (117.834625ms)
✔ exact extended Ikke dokumentert does not activate catalog component (65.700625ms)
✔ exact extended Kan velges does not activate catalog component (108.384584ms)
✔ document silence leaves every optional rental component unselected (2.071416ms)
✔ generic rental availability is not an explicit selection (66.082958ms)
✔ explicit family rejection blocks named variant and add-on-list inference (128.769209ms)
✔ conflicting family selection remains conflict and cannot select addon (3.779167ms)
✔ conflicting named selection cannot silently fall back to standard variant (138.90075ms)
✔ two explicitly listed alternative addons cannot select an arbitrary variant (95.35525ms)
✔ explicit extended rejection is not overridden by its add-on-list entry (147.492541ms)
✔ catalog-origin add-on availability cannot select a customer addon (28.363458ms)
✔ unrecognized similar rental name never fuzzy-matches an addon (296.386125ms)
✔ named addon cannot escape applicable product ({"type":"MC"}) (55.540709ms)
✔ named addon cannot escape applicable product ({"canonicalProductName":"Ansvar","productName":"Ansvar"}) (21.683625ms)
✔ named addon cannot escape applicable product ({"agreementScope":"synthetic-unknown"}) (0.999917ms)
✔ named addon cannot escape applicable product ({"company":"Gjensidige"}) (72.410125ms)
✔ MC: existing If optional motor selection and rejection stay intact (12.99875ms)
✔ Bobil: existing If optional motor selection and rejection stay intact (12.990833ms)
✔ Frende named bundled addition selects only its scoped component (55.429666ms)
✔ customer detail remains authoritative after named variant selection (49.43025ms)
✔ generic selection cannot choose between two distinctly named variants with no standard (2.627584ms)
✔ exact variant selection is generic and not hardcoded to Storebrand names (52.387167ms)
✔ two explicit mutually exclusive variants remain ambiguous (142.648417ms)
✔ existing Bil enrichment does not activate the new MC/Bobil addon path (2.151334ms)
(node:68599) [MODULE_TYPELESS_PACKAGE_JSON] Warning: Module type of file:///Users/morten/Documents/forsikringsapp/lib/mc-bobil-fremtind-frende-catalog.ts is not specified and it doesn't parse as CommonJS.
Reparsing as ES module because module syntax was detected. This incurs a performance overhead.
To eliminate this warning, add "type": "module" to /Users/morten/Documents/forsikringsapp/package.json.
(Use `node --trace-warnings ...` to show where the warning was created)
✔ Fremtind MC has only the verified tiers in exact distribution scope (5.680417ms)
✔ Fremtind Bobil has only the verified tiers in exact distribution scope (2.770042ms)
✔ Frende MC has only the verified tiers in exact distribution scope (2.125ms)
✔ Frende Bobil has only the verified tiers in exact distribution scope (1.278917ms)
✔ Fremtind distributor never becomes underwriting provider and scopes reject LOfavor (0.230125ms)
✔ all 18 official inventory entries hash-verifiably reuse or preserve originals (7.169667ms)
✔ Frende type-specific APIs share bytes but retain independent type source identities (0.381416ms)
✔ catalog rows have exact type/scope/source provenance and never populate customer pricing or mileage (4.516083ms)
✔ current Fremtind MC IPID version is known but no invented effective date (0.090375ms)
✔ Fremtind MC generic rental exclusion does not suppress its explicit MC exception (0.535333ms)
✔ Fremtind MC glass scoped to other vehicle types never enters MC (0.312292ms)
✔ Fremtind MC contents and equipment limits stay separate (0.267334ms)
✔ Fremtind geography differs correctly between MC and Bobil (0.130625ms)
✔ Fremtind Bobil current full terms supersede stale DNB webpage limits (0.734167ms)
✔ Fremtind Bobil source authority rejects injected stale official page value (9.955292ms)
✔ Bobil totalskade, fukt and rental ages/days/kilometers never exchange meaning (24.77275ms)
✔ Fremtind rental and machine stay optional even on Topp (1.154542ms)
✔ Fremtind machine maximum200000 is independent of deductible bracket99999 (0.533583ms)
✔ wrong type, provider, tier and scope riders reject instead of leaking (0.267834ms)
✔ Frende MC accident is available, never silently included in base tier (0.50325ms)
✔ Frende MC gets riding gear but no Bobil moisture, engine, rental or nyverdi rule (0.280792ms)
✔ Frende Bobil Utvidet refines equipment contents moisture and nyverdi (0.993625ms)
✔ Frende holiday benefit is actual-expense reimbursement only after chosen rental rider (1.061209ms)
✔ Frende machine keeps documentary age qualification and deductible intervals separate (0.426042ms)
✔ cross-type source candidates remain inapplicable even when physical Frende PDF is shared (0.211291ms)
✔ no unverified private hire or genuine membership product was created (0.11375ms)
(node:68600) [MODULE_TYPELESS_PACKAGE_JSON] Warning: Module type of file:///Users/morten/Documents/forsikringsapp/lib/mc-bobil-gjensidige-storebrand-catalog.ts is not specified and it doesn't parse as CommonJS.
Reparsing as ES module because module syntax was detected. This incurs a performance overhead.
To eliminate this warning, add "type": "module" to /Users/morten/Documents/forsikringsapp/package.json.
(Use `node --trace-warnings ...` to show where the warning was created)
✔ Gjensidige MC Ansvar: exact ordinary product and source-backed facts (4.325958ms)
✔ Gjensidige MC Delkasko: exact ordinary product and source-backed facts (1.068875ms)
✔ Gjensidige MC Kasko: exact ordinary product and source-backed facts (55.484459ms)
✔ Gjensidige Bobil Ansvar: exact ordinary product and source-backed facts (1.138417ms)
✔ Gjensidige Bobil Delkasko: exact ordinary product and source-backed facts (7.80075ms)
✔ Gjensidige Bobil Kasko: exact ordinary product and source-backed facts (2.318875ms)
✔ Gjensidige Bobil Pluss: exact ordinary product and source-backed facts (1.796792ms)
✔ Storebrand MC Ansvar: exact ordinary product and source-backed facts (1.331125ms)
✔ Storebrand MC Delkasko: exact ordinary product and source-backed facts (0.767458ms)
✔ Storebrand MC Kasko: exact ordinary product and source-backed facts (0.8595ms)
✔ Storebrand Bobil Ansvar: exact ordinary product and source-backed facts (0.239667ms)
✔ Storebrand Bobil Delkasko: exact ordinary product and source-backed facts (0.483792ms)
✔ Storebrand Bobil Kasko: exact ordinary product and source-backed facts (4.298791ms)
✔ Storebrand Bobil Super: exact ordinary product and source-backed facts (1.386917ms)
✔ Gjensidige and Storebrand product sets do not manufacture MC top tiers (0.252208ms)
✔ explicit provider alias and unknown products are deterministic (0.146208ms)
✔ MC shared Gjensidige end-sheet does not transfer Bobil new-value guarantee (0.482208ms)
✔ Gjensidige Bobil IPID phrase cannot invent Pluss total-loss extension (1.090917ms)
✔ Gjensidige Bobil Pluss coverage km is isolated from deductible bands (2.612833ms)
✔ Gjensidige Bobil guarantee and assistance rental have distinct duration keys (1.08125ms)
✔ Gjensidige MC rental benefit is MC-specific and not Bobil holiday guarantee (0.78125ms)
✔ Gjensidige base products do not inherit sample rental not-selected status (1.677375ms)
✔ Gjensidige belongings and fixed equipment limits are independently sourced (1.5975ms)
✔ Storebrand riding equipment included but ambiguous generic baggage omitted (0.841708ms)
✔ Storebrand Bobil explicit baggage sums override general motorvogn row (0.768625ms)
✔ Storebrand Kasko passenger/van total-loss applicability is not assumed for Bobil (0.710875ms)
✔ Storebrand Bobil moisture, engine and holiday limits remain distinct (1.32175ms)
✔ Storebrand optional rental is never base-selected and variants remain exclusive (0.893792ms)
✔ add-ons never leak between MC/Bobil or providers (0.354375ms)
✔ Storebrand shared source identities are explicitly type-scoped (0.355708ms)
✔ Gjensidige current retrieval timestamp never becomes policy version or effective date (0.055709ms)
✔ Storebrand explicit dates and policy version retained (0.03875ms)
✔ official source originals hash-match and facts resolve to inventoried evidence (6.456209ms)
(node:68601) [MODULE_TYPELESS_PACKAGE_JSON] Warning: Module type of file:///Users/morten/Documents/forsikringsapp/lib/manual-agreement.ts is not specified and it doesn't parse as CommonJS.
Reparsing as ES module because module syntax was detected. This incurs a performance overhead.
To eliminate this warning, add "type": "module" to /Users/morten/Documents/forsikringsapp/package.json.
(Use `node --trace-warnings ...` to show where the warning was created)
✔ manual Tryg MC: exact dropdown, roundtrip and type-scoped facts (24.557167ms)
✔ manual If MC: exact dropdown, roundtrip and type-scoped facts (8.59475ms)
✔ manual Gjensidige MC: exact dropdown, roundtrip and type-scoped facts (3.8225ms)
✔ manual Storebrand MC: exact dropdown, roundtrip and type-scoped facts (3.005291ms)
✔ manual Fremtind MC: exact dropdown, roundtrip and type-scoped facts (24.061583ms)
✔ manual Frende MC: exact dropdown, roundtrip and type-scoped facts (21.628667ms)
✔ manual Tryg Bobil: exact dropdown, roundtrip and type-scoped facts (18.261291ms)
✔ manual If Bobil: exact dropdown, roundtrip and type-scoped facts (22.934167ms)
✔ manual Gjensidige Bobil: exact dropdown, roundtrip and type-scoped facts (4.718542ms)
✔ manual Storebrand Bobil: exact dropdown, roundtrip and type-scoped facts (23.72175ms)
✔ manual Fremtind Bobil: exact dropdown, roundtrip and type-scoped facts (4.764125ms)
✔ manual Frende Bobil: exact dropdown, roundtrip and type-scoped facts (3.270333ms)
✔ MC: unknown custom product remains conservative and full manual details preserved (0.1465ms)
✔ MC: no new annual-mileage input accepted and empty value never creates customer fact (0.229542ms)
✔ MC: manual/PDF exact same product yields same catalog fact values (17.015542ms)
✔ Bobil: unknown custom product remains conservative and full manual details preserved (0.061875ms)
✔ Bobil: no new annual-mileage input accepted and empty value never creates customer fact (0.053458ms)
✔ Bobil: manual/PDF exact same product yields same catalog fact values (26.038834ms)
✔ Fremtind keeps existing unique-scope lookup, rejecting ambiguous or wrong channels (12.882458ms)
✔ manual visible types include MC/Bobil while mileage condition remains Bil-only (0.532833ms)
(node:68602) [MODULE_TYPELESS_PACKAGE_JSON] Warning: Module type of file:///Users/morten/Documents/forsikringsapp/lib/insurance-normalization.ts is not specified and it doesn't parse as CommonJS.
Reparsing as ES module because module syntax was detected. This incurs a performance overhead.
To eliminate this warning, add "type": "module" to /Users/morten/Documents/forsikringsapp/package.json.
(Use `node --trace-warnings ...` to show where the warning was created)
✔ Bil: new MC/Bobil enum keys never become foreign canonical facts (5.127083ms)
✔ Hus: new MC/Bobil enum keys never become foreign canonical facts (0.303334ms)
✔ Innbo: new MC/Bobil enum keys never become foreign canonical facts (1.101625ms)
✔ Reise: new MC/Bobil enum keys never become foreign canonical facts (1.085042ms)
✔ Snøscooter: new MC/Bobil enum keys never become foreign canonical facts (11.747042ms)
✔ Campingvogn: new MC/Bobil enum keys never become foreign canonical facts (12.387834ms)
✔ Tilhenger: new MC/Bobil enum keys never become foreign canonical facts (0.702209ms)
✔ MC/Bobil exact type aliases stay distinct from other vehicles (0.176917ms)
✔ exact typed alias MC: Kjøreutstyr forsikringssum (2.775625ms)
✔ exact typed alias MC: Bagasje forsikringssum (5.11975ms)
✔ exact typed alias MC: Hjelm egenandel (0.704334ms)
✔ exact typed alias MC: Leie-MC antall dager (0.664166ms)
✔ exact typed alias MC: Motor- og girskade kilometergrense (22.027917ms)
✔ exact typed alias Bobil: Fukt aldersgrense (2.107167ms)
✔ exact typed alias Bobil: Fukt fuktkontroll (1.570541ms)
✔ exact typed alias Bobil: Fortelt forsikringssum (1.501583ms)
✔ exact typed alias Bobil: Personlige eiendeler forsikringssum (0.634416ms)
✔ exact typed alias Bobil: Ferieavbrudd antall dager (0.776708ms)
✔ exact typed alias Bobil: Feriegaranti antall dager (0.878833ms)
✔ exact typed alias Bobil: Leiebil antall dager (0.5315ms)
✔ MC: rejected compound grammar retains explicit canonical identity (43.042166ms)
✔ MC: no expiry derived from eligibility or actual object numbers: Kan tegnes inntil 5 år og 100 000 km (0.529375ms)
✔ MC: no expiry derived from eligibility or actual object numbers: Kan bestilles før 8 år og 130 000 km (0.475958ms)
✔ MC: no expiry derived from eligibility or actual object numbers: Ved tegning: under 8 år og 120 000 km (0.444708ms)
✔ MC: no expiry derived from eligibility or actual object numbers: Kjøretøyet er 4 år og har kjørt 80 000 km (0.435041ms)
✔ MC: exact renewal qualifier survives compound split and repeated normalization (11.60625ms)
✔ MC: compound in maskinskade.alder is not a competing child value (1.410542ms)
✔ MC: compound in maskinskade.km is not a competing child value (1.299167ms)
✔ MC: precise mileage labels repair wrong canonical keys without numeric heuristics (1.580666ms)
✔ MC: repeated normalization preserves established canonical identities and source (0.882ms)
✔ MC: maskinskade deductible interval is not coverage km (0.646333ms)
✔ MC: compound limit uses own clause, excluding sibling deductible and annual mileage (1.061792ms)
✔ MC: purchase limits cannot become expiry limits (0.450209ms)
✔ MC: ambiguous multiple expiry numbers are retained without invented children (0.431709ms)
✔ MC: optional selected/not selected/unknown stay distinct (2.157625ms)
✔ Bobil: rejected compound grammar retains explicit canonical identity (1.346416ms)
✔ Bobil: no expiry derived from eligibility or actual object numbers: Kan tegnes inntil 5 år og 100 000 km (0.609666ms)
✔ Bobil: no expiry derived from eligibility or actual object numbers: Kan bestilles før 8 år og 130 000 km (0.593666ms)
✔ Bobil: no expiry derived from eligibility or actual object numbers: Ved tegning: under 8 år og 120 000 km (0.579625ms)
✔ Bobil: no expiry derived from eligibility or actual object numbers: Kjøretøyet er 4 år og har kjørt 80 000 km (0.6665ms)
✔ Bobil: exact renewal qualifier survives compound split and repeated normalization (4.021625ms)
✔ Bobil: compound in maskinskade.alder is not a competing child value (3.929209ms)
✔ Bobil: compound in maskinskade.km is not a competing child value (13.955209ms)
✔ Bobil: precise mileage labels repair wrong canonical keys without numeric heuristics (14.459834ms)
✔ Bobil: repeated normalization preserves established canonical identities and source (7.600625ms)
✔ Bobil: maskinskade deductible interval is not coverage km (0.543292ms)
✔ Bobil: compound limit uses own clause, excluding sibling deductible and annual mileage (0.658708ms)
✔ Bobil: purchase limits cannot become expiry limits (0.599375ms)
✔ Bobil: ambiguous multiple expiry numbers are retained without invented children (0.588833ms)
✔ Bobil: optional selected/not selected/unknown stay distinct (1.926209ms)
✔ Bobil precise family repairs contradictory bobil.* key; amount does not determine identity (1.273541ms)
✔ MC/Bobil source-specific fact identities cannot leak through a wrong-type extraction key (15.894667ms)
✔ extraction schema accepts typed facts without new model calls and rejects arbitrary keys (1.01525ms)
(node:68603) [MODULE_TYPELESS_PACKAGE_JSON] Warning: Module type of file:///Users/morten/Documents/forsikringsapp/lib/analysis-output.ts is not specified and it doesn't parse as CommonJS.
Reparsing as ES module because module syntax was detected. This incurs a performance overhead.
To eliminate this warning, add "type": "module" to /Users/morten/Documents/forsikringsapp/package.json.
(Use `node --trace-warnings ...` to show where the warning was created)
✔ MC: precise compound document limits 2/17 000 survive canonical rescoping and catalog (41.199417ms)
✔ MC: precise compound document limits 4/33 000 survive canonical rescoping and catalog (20.740625ms)
✔ MC: document limit 17 000 km wins catalog and repeated consolidation (19.651209ms)
✔ MC: document limit 31 000 km wins catalog and repeated consolidation (15.93425ms)
✔ MC: optional motor component activated only by document choice null (1.880792ms)
✔ MC: optional motor component activated only by document choice Ikke valgt (3.08025ms)
✔ MC: optional motor component activated only by document choice Valgt (2.382875ms)
✔ MC: explicit rejection beats even a documented product-inherent base coverage (3.251958ms)
✔ MC: conflicting explicit optional choices stay unknown without catalog arbitration (2.528708ms)
✔ MC: terms alone never form a customer object or portfolio contribution (0.967291ms)
✔ MC: customer + terms separate PDF remains one object with document prices (8.977667ms)
✔ MC: customer + terms same PDF remains one object with document prices (88.130416ms)
✔ MC: customer endorsement can add detail without copying another object's price (87.101458ms)
✔ MC: terms wrong provider/type/product/scope/version cannot attach (35.018958ms)
✔ MC: unknown product keeps customer and evidence without fuzzy catalog match (7.542ms)
✔ Bobil: precise compound document limits 2/17 000 survive canonical rescoping and catalog (4.289542ms)
✔ Bobil: precise compound document limits 4/33 000 survive canonical rescoping and catalog (4.355917ms)
✔ Bobil: document limit 17 000 km wins catalog and repeated consolidation (20.451625ms)
✔ Bobil: document limit 31 000 km wins catalog and repeated consolidation (28.368541ms)
✔ Bobil: optional motor component activated only by document choice null (4.362584ms)
✔ Bobil: optional motor component activated only by document choice Ikke valgt (4.936125ms)
✔ Bobil: optional motor component activated only by document choice Valgt (7.318209ms)
✔ Bobil: explicit rejection beats even a documented product-inherent base coverage (4.595042ms)
✔ Bobil: conflicting explicit optional choices stay unknown without catalog arbitration (5.973875ms)
✔ Bobil: terms alone never form a customer object or portfolio contribution (1.188334ms)
✔ Bobil: customer + terms separate PDF remains one object with document prices (38.736834ms)
✔ Bobil: customer + terms same PDF remains one object with document prices (13.886042ms)
✔ Bobil: customer endorsement can add detail without copying another object's price (66.680333ms)
✔ Bobil: terms wrong provider/type/product/scope/version cannot attach (127.179375ms)
✔ Bobil: unknown product keeps customer and evidence without fuzzy catalog match (5.134625ms)
✔ two MC + two Bobil pair exactly in reversed order across provider/product changes (169.050958ms)
✔ missing/new MC and Bobil objects remain explicit although types exist on both sides (108.978167ms)
✔ multiple same-type unidentified objects are never paired by index or product (112.50025ms)
✔ MC/Bobil terms do not inflate mixed Bil + MC + Bobil portfolio (26.65475ms)
✔ identical registration text does not cross-match different insurance types (12.973084ms)
✔ all new products resolve exact sources and add-ons without type/scope/provider leakage (24.125916ms)
✔ new sources obey authority, validity, exact version and agreement applicability (0.333458ms)
(node:68604) [MODULE_TYPELESS_PACKAGE_JSON] Warning: Module type of file:///Users/morten/Documents/forsikringsapp/lib/comparison.ts is not specified and it doesn't parse as CommonJS.
Reparsing as ES module because module syntax was detected. This incurs a performance overhead.
To eliminate this warning, add "type": "module" to /Users/morten/Documents/forsikringsapp/package.json.
(Use `node --trace-warnings ...` to show where the warning was created)
✔ mc: registered coverages have curated concepts with distinct scoped identities (1.28775ms)
✔ mc: same effective facts are not differences or invented provider rankings (20.822167ms)
✔ mc: source-backed provider differences are grouped without changing original facts (12.632209ms)
✔ mc: coverage limits and deductible intervals remain separate in compact and details (1.394458ms)
✔ mc: selected, not selected and undocumented status survive presentation (0.607458ms)
✔ mc: price differences pass through unchanged and are not duplicated as coverage concepts (0.198ms)
✔ bobil: registered coverages have curated concepts with distinct scoped identities (0.38275ms)
✔ bobil: same effective facts are not differences or invented provider rankings (12.129333ms)
✔ bobil: source-backed provider differences are grouped without changing original facts (17.402083ms)
✔ bobil: coverage limits and deductible intervals remain separate in compact and details (0.8495ms)
✔ bobil: selected, not selected and undocumented status survive presentation (0.406834ms)
✔ bobil: price differences pass through unchanged and are not duplicated as coverage concepts (0.114125ms)
✔ MC: equipment, baggage and fixed equipment use separate concepts and full detail values (6.549625ms)
✔ Bobil: daily cash allowance and actual-expense reimbursement never share a concept (0.475625ms)
✔ Bobil: moisture checks and exclusions stay in details and retain exact provider wording (16.171292ms)
✔ MC/Bobil concept lookup never promotes foreign type facts (0.193458ms)
✔ MC/Bobil nested detail ordering keeps each family together instead of pooling all limits (0.204209ms)
✔ MC: two object scopes do not share detailed values or sources (4.966542ms)
✔ presentation neither creates missing detail rows nor discards one-sided information (1.58425ms)
(node:68606) [MODULE_TYPELESS_PACKAGE_JSON] Warning: Module type of file:///Users/morten/Documents/forsikringsapp/lib/mc-bobil-tryg-if-catalog.ts is not specified and it doesn't parse as CommonJS.
Reparsing as ES module because module syntax was detected. This incurs a performance overhead.
To eliminate this warning, add "type": "module" to /Users/morten/Documents/forsikringsapp/package.json.
(Use `node --trace-warnings ...` to show where the warning was created)
✔ ordinary Tryg MC Ansvar: exact lookup, independent source scope and unique facts (8.720791ms)
✔ ordinary Tryg MC Delkasko: exact lookup, independent source scope and unique facts (0.493458ms)
✔ ordinary Tryg MC Kasko: exact lookup, independent source scope and unique facts (5.926167ms)
✔ ordinary Tryg MC MC Ekstra: exact lookup, independent source scope and unique facts (2.620834ms)
✔ ordinary Tryg MC: no invented scopes or fuzzy level names (0.273459ms)
✔ ordinary Tryg Bobil Ansvar: exact lookup, independent source scope and unique facts (3.306ms)
✔ ordinary Tryg Bobil Delkasko: exact lookup, independent source scope and unique facts (7.224334ms)
✔ ordinary Tryg Bobil Kasko: exact lookup, independent source scope and unique facts (0.540542ms)
✔ ordinary Tryg Bobil Bobil Ekstra: exact lookup, independent source scope and unique facts (3.392166ms)
✔ ordinary Tryg Bobil: no invented scopes or fuzzy level names (1.487542ms)
✔ ordinary If MC Ansvar: exact lookup, independent source scope and unique facts (6.447875ms)
✔ ordinary If MC Delkasko: exact lookup, independent source scope and unique facts (0.3995ms)
✔ ordinary If MC Kasko: exact lookup, independent source scope and unique facts (0.344875ms)
✔ ordinary If MC: no invented scopes or fuzzy level names (0.122167ms)
✔ ordinary If Bobil Ansvar: exact lookup, independent source scope and unique facts (0.178584ms)
✔ ordinary If Bobil Delkasko: exact lookup, independent source scope and unique facts (0.340292ms)
✔ ordinary If Bobil Kasko: exact lookup, independent source scope and unique facts (0.368041ms)
✔ ordinary If Bobil Super: exact lookup, independent source scope and unique facts (0.529ms)
✔ ordinary If Bobil: no invented scopes or fuzzy level names (0.117125ms)
✔ 15 real product levels and 7 explicitly optional add-on variants (0.132333ms)
✔ Tryg MC Kasko new value uses MC-specific source, age and km (1.798584ms)
✔ Tryg MC Extra motor age, rental days and parked age remain separate (1.138542ms)
✔ Tryg MC optional accident never leaks from Extra benefit availability (1.430959ms)
✔ Tryg MC glass applicability preserves 3/4 wheel restriction (0.263041ms)
✔ Tryg Bobil ordinary versus Extra belongings have separate per-item caps (12.273ms)
✔ Tryg Bobil fukt and actual-expense holiday benefit preserve limits and exclusions (1.626292ms)
✔ Tryg Bobil motor optionality and coverage cap do not absorb deductible bands (8.580166ms)
✔ If standard accident is source-backed, unlike optional Tryg accident (0.332583ms)
✔ If MC special equipment and joint baggage limit are not treated as separate 40k sums (0.607708ms)
✔ If MC motor excludes light MC and has age deductions, no borrowed Bobil km cap (19.031916ms)
✔ If full terms control Bobil Super replacement against conflicting page highlight (0.88575ms)
✔ If Bobil internal leakage differs from controlled external moisture (1.194708ms)
✔ If Bobil rental add-on45days and Super holiday15days do not cross (12.114ms)
✔ If Bobil purchase age/km and coverage cap stay different semantic identities (5.592167ms)
✔ all source original hashes, dates and per-fact pages match inventory (11.276791ms)
✔ no product-date invention from download dates or undated IPIDs (1.297167ms)
✔ Tryg MC ordinary dropdown contains only verified levels (0.419ms)
✔ Tryg Bobil ordinary dropdown contains only verified levels (0.237792ms)
✔ If MC ordinary dropdown contains only verified levels (0.197958ms)
✔ If Bobil ordinary dropdown contains only verified levels (0.208709ms)
✔ Tryg Bobil optional motor silence stays unknown (15.266458ms)
✔ If MC optional motor silence stays unknown (4.775583ms)
✔ If Bobil optional motor silence stays unknown (2.409834ms)
✔ If MC optional motor explicit document choice remains not_selected (57.739042ms)
✔ If MC optional motor explicit document choice remains selected (5.62ms)
✔ Tryg MC explicit customer fact beats catalog (1.659292ms)
✔ If Bobil explicit customer fact beats catalog (3.827792ms)
(node:68607) [MODULE_TYPELESS_PACKAGE_JSON] Warning: Module type of file:///Users/morten/Documents/forsikringsapp/lib/product-catalog.ts is not specified and it doesn't parse as CommonJS.
Reparsing as ES module because module syntax was detected. This incurs a performance overhead.
To eliminate this warning, add "type": "module" to /Users/morten/Documents/forsikringsapp/package.json.
(Use `node --trace-warnings ...` to show where the warning was created)
✔ B-001: public source identities remain the reviewed Delkasko and Kasko originals (1.015791ms)
✔ B-001: MC Delkasko has no unsupported holiday rental and retains baggage and assistance (4.329375ms)
✔ B-001: legitimate Kasko rental keeps its duration, trigger and exact source scope (2.760791ms)
✔ B-001: comparison is source-backed, side-symmetric and missing is not unavailable (48.271875ms)
✔ B-001: an explicit customer rental duration still wins over Kasko catalog (53.296625ms)
✔ B-002: Standard exclusion and Topp inclusion use their own clause and page (1.674125ms)
✔ B-002: artwork comparison separates an explicit exclusion from an included top benefit (90.903291ms)
✔ B-002: explicit customer artwork information retains document authority (2.401917ms)
✔ B-003: motor/gir deductible keeps all exact age branches, basis and source (3.702541ms)
✔ B-003: motor/gir remains optional on both supported tiers and absent on Delkasko (22.353041ms)
✔ B-003: explicit customer deductible wins over optional catalog branches (47.267417ms)
✔ B-004: all If Reise levels use the unqualified accident trigger from §5.1 (1.022917ms)
✔ B-004: baggage safety applies only to Standard and Super; Basis negatives survive (36.084125ms)
✔ B-004: customer-specific medical clause remains authoritative (3.091625ms)
✔ B-005: moving sum has no invented per-item maximum and preserves the conditional rule (3.508292ms)
✔ B-005: moving comparison keeps Standard separate and document sums authoritative (8.810375ms)
✔ B-006: Frende parking bonus clause follows §11.13 on Kasko and Utvidet (0.824708ms)
✔ B-006: parking comparison and explicit customer terms remain stable (6.904292ms)
✔ B-007: both Gjensidige house levels retain thawing with its own product-page source (0.685834ms)
✔ B-007: thawing comparison preserves source and document authority in both directions (14.291375ms)
(node:68608) [MODULE_TYPELESS_PACKAGE_JSON] Warning: Module type of file:///Users/morten/Documents/forsikringsapp/lib/product-catalog.ts is not specified and it doesn't parse as CommonJS.
Reparsing as ES module because module syntax was detected. This incurs a performance overhead.
To eliminate this warning, add "type": "module" to /Users/morten/Documents/forsikringsapp/package.json.
(Use `node --trace-warnings ...` to show where the warning was created)
✔ B-008: Storebrand Super receives source-backed storage equipment and limit (5.364ms)
✔ B-008: false unknown is removed without changing Kasko or Delkasko coverage (10.306625ms)
✔ B-008: explicit customer storage equipment limit still overrides catalog (83.491917ms)
✔ B-009: Fremtind dog base separates lifetime allergy and annual MR/CT limits (1.151125ms)
✔ B-009: only selected Topp replaces sublimits; product mode retains included base and optional extension (14.24525ms)
✔ B-009: silent and explicitly rejected Topp do not remove base limits or select addon (43.538959ms)
✔ B-009: a named selected Topp extends limits without overriding explicit customer values (12.555167ms)
✔ B-010: life deduction preserves all breed groups, renewal wording and floor (0.838459ms)
✔ B-010: life remains optional and reduction/expiry stay separate in comparison (26.035042ms)
✔ B-010: explicit customer life reduction age still has priority (9.35775ms)
✔ B-011: Extra replaces inherited common-storage cap with its own location rules (1.645209ms)
✔ B-011: scoped limits survive swaps and explicit customer overrides (8.3405ms)
✔ B-012: Gjensidige Bobil Kasko has own-source pest coverage without lower-tier leakage (1.126041ms)
✔ B-012: pest false unknown closes in both directions while document exclusions win (49.271167ms)
✔ B-013: Storebrand house deductions preserve material and indoor-electric scope (1.899292ms)
✔ B-013: house scope qualifiers survive comparisons and customer priority (57.359625ms)
✔ B-014: private vehicle parts and liability retain their own geographic scopes (0.998ms)
✔ B-014: Plus bicycle accident/vandalism is worldwide while theft and storage remain distinct (54.332792ms)
✔ B-014: optional rent default deductible is not vandalism deductible or implicit selection (15.161834ms)
✔ B-014: source-specific corrections preserve comparison symmetry and document authority (62.289959ms)
✔ B-016: Gjensidige Reise Plus replaces Standard single-item sum using its own source (3.007917ms)
✔ B-016: per-item improvement remains distinct from total and explicit customer sums (19.461333ms)
(node:68609) [MODULE_TYPELESS_PACKAGE_JSON] Warning: Module type of file:///Users/morten/Documents/forsikringsapp/lib/object-matching.ts is not specified and it doesn't parse as CommonJS.
Reparsing as ES module because module syntax was detected. This incurs a performance overhead.
To eliminate this warning, add "type": "module" to /Users/morten/Documents/forsikringsapp/package.json.
(Use `node --trace-warnings ...` to show where the warning was created)
✔ full portfolio: 3 cars, 2 trailers, snowmobile and caravan match shuffled provider/product-independent IDs (20.26925ms)
✔ missing object 0 visible without contaminating other pairs (8.417458ms)
✔ missing object 1 visible without contaminating other pairs (2.023417ms)
✔ missing object 2 visible without contaminating other pairs (1.428625ms)
✔ missing object 3 visible without contaminating other pairs (1.4555ms)
✔ missing object 4 visible without contaminating other pairs (3.789833ms)
✔ missing object 5 visible without contaminating other pairs (4.779375ms)
✔ missing object 6 visible without contaminating other pairs (2.896084ms)
✔ new offer-only object has its own warning; known car does not absorb it (3.88525ms)
✔ Bil: two unknown IDs never pair by index, name, provider, product or price (0.921375ms)
✔ Bil: a unique type pair is explicitly weaker than exact identity (0.110958ms)
✔ Bil: conflicting explicit IDs prevent one-to-one fallback (0.467459ms)
✔ Bil: one-sided identifier is ambiguous (0.263375ms)
✔ Tilhenger: two unknown IDs never pair by index, name, provider, product or price (0.263125ms)
✔ Tilhenger: a unique type pair is explicitly weaker than exact identity (0.192375ms)
✔ Tilhenger: conflicting explicit IDs prevent one-to-one fallback (0.099917ms)
✔ Tilhenger: one-sided identifier is ambiguous (0.059625ms)
✔ Snøscooter: two unknown IDs never pair by index, name, provider, product or price (0.089583ms)
✔ Snøscooter: a unique type pair is explicitly weaker than exact identity (0.041041ms)
✔ Snøscooter: conflicting explicit IDs prevent one-to-one fallback (0.04725ms)
✔ Snøscooter: one-sided identifier is ambiguous (0.041042ms)
✔ Campingvogn: two unknown IDs never pair by index, name, provider, product or price (0.06575ms)
✔ Campingvogn: a unique type pair is explicitly weaker than exact identity (0.033292ms)
✔ Campingvogn: conflicting explicit IDs prevent one-to-one fallback (0.040875ms)
✔ Campingvogn: one-sided identifier is ambiguous (0.034791ms)
✔ exact matches do not enable a leftover unique fallback among originally multiple objects (0.131791ms)
✔ matching registration plus conflicting VIN fails closed (0.126625ms)
✔ duplicate registrations never produce a match (0.074292ms)
✔ conflicting identifiers inside one extracted object fail closed (0.05675ms)
✔ same identifier never crosses canonical insurance type (0.068708ms)
✔ car aliases normalize before scoped identity matching (0.111292ms)
✔ registration normalization is exact, with no arbitrary punctuation or OCR repair (0.035583ms)
✔ VIN and serial normalizers retain their distinct safe rules (0.060916ms)
✔ general architecture: two synthetic non-vehicle objects use an injected exact strategy (0.275583ms)
✔ partial failure on missing existing side weakens evidence only for that side (0.114875ms)
✔ partial failure on missing offer side weakens evidence only for that side (0.042958ms)
✔ object count telemetry has only numeric counts and no raw/normalized IDs (2.31025ms)
✔ price, TFA, effective facts and presentation never mix car/trailer objects (21.128667ms)
✔ semantic fallback is one bounded call over already matched scopes, with no identity in audit (39.15325ms)
✔ ambiguous and unmatched objects never invoke semantic object matching (0.658083ms)
✔ an unscoped legacy semantic decision cannot leak across cars (1.191167ms)
✔ 7 objects through extraction/enrichment/sanitizer across one PDF layout (187.914208ms)
✔ 7 objects through extraction/enrichment/sanitizer across separate PDF layout (130.188375ms)
✔ 7 objects through extraction/enrichment/sanitizer across mixed PDF layout (156.496917ms)
✔ batch completion order is immaterial to object pairs (106.87825ms)
✔ identity references must be within product document provenance (0.363209ms)
✔ schema requires explicit identifiers, rejects unknown types and secrets as extra identity fields (0.792917ms)
✔ missing warning is visible without opening a details disclosure (3.608042ms)
✔ ambiguous detail shows separate objects and never paired values or fabricated missing coverages (11.479334ms)
✔ unmatched detail preserves source links and only its own facts (0.799333ms)
✔ UI scopes overview, type views, prices and details by object; responsive shared layout remains (0.093584ms)
✔ partial analysis cannot infer a unique no-ID pair from an incomplete type count (0.312292ms)
✔ explicit exact ID remains usable for surviving documents after partial failure (1.676542ms)
✔ the production route opts into object-scoped semantic matching after batch merge (0.214292ms)
✔ missing/ambiguous cards precede price lists and identity sources remain side-specific (0.086959ms)
✔ vin alone identifies the same object without registration (0.095792ms)
✔ serial alone identifies the same object without registration (0.055ms)
✔ three cars retain individual TFA and selected/not-selected/unknown coverage status (0.891083ms)
✔ one accepted semantic term match cannot affect any other car scope (1.350417ms)
✔ unmatched object retains selected add-ons and overridden catalog base provenance (1.320625ms)
(node:68610) [MODULE_TYPELESS_PACKAGE_JSON] Warning: Module type of file:///Users/morten/Documents/forsikringsapp/lib/analysis-output.ts is not specified and it doesn't parse as CommonJS.
Reparsing as ES module because module syntax was detected. This incurs a performance overhead.
To eliminate this warning, add "type": "module" to /Users/morten/Documents/forsikringsapp/package.json.
(Use `node --trace-warnings ...` to show where the warning was created)
✔ PDF details produce selected effective addons even without addOns or explicit status wording (27.733125ms)
✔ document main_value is also an effective selection, without literal Valgt (5.185833ms)
✔ explicit document rejection wins over details and addon entry (16.30525ms)
✔ unknown addon status is not a chosen addon (9.423291ms)
✔ catalog availability without any document coverage does not select addons (4.272334ms)
✔ selected standard coverages do not acquire addon role (26.548292ms)
✔ explicit document addon entry is preserved (3.237ms)
✔ explicit addon and effective detail evidence deduplicate by canonical identity (5.384375ms)
✔ distinct canonical addon IDs both survive (1.979542ms)
✔ empty catalog-linked selection retains existing missing-row behavior (1.317458ms)
✔ Tryg uses the same PDF detail selection path (3.377166ms)
✔ catalog selected evidence without document selection is insufficient (9.010167ms)
(node:68611) [MODULE_TYPELESS_PACKAGE_JSON] Warning: Module type of file:///Users/morten/Documents/forsikringsapp/lib/pdf-addons.ts is not specified and it doesn't parse as CommonJS.
Reparsing as ES module because module syntax was detected. This incurs a performance overhead.
To eliminate this warning, add "type": "module" to /Users/morten/Documents/forsikringsapp/package.json.
(Use `node --trace-warnings ...` to show where the warning was created)
✔ PDF-analyse beholder flere tillegg på samme bil og gjør alle vilkår sammenlignbare (1.2915ms)
✔ PDF-analyse fungerer også med null eller ett tillegg (0.388875ms)
(node:68612) [MODULE_TYPELESS_PACKAGE_JSON] Warning: Module type of file:///Users/morten/Documents/forsikringsapp/lib/pdf-upload-security.ts is not specified and it doesn't parse as CommonJS.
Reparsing as ES module because module syntax was detected. This incurs a performance overhead.
To eliminate this warning, add "type": "module" to /Users/morten/Documents/forsikringsapp/package.json.
(Use `node --trace-warnings ...` to show where the warning was created)
✔ falsk PDF med pdf-navn avvises med 415 (2.738209ms)
✔ for stor fil og samlet request avvises med 413 (2.426208ms)
✔ mer enn ti PDF-er per side avvises kontrollert (0.225375ms)
✔ gyldig PDF-signatur godtas før parsing (0.143833ms)
✔ kryptert og korrupt PDF får ufølsom 422 (0.194541ms)
✔ PDF uten tekst, for mange sider og for mye tekst avvises (0.124542ms)
✔ samlede side- og tekstgrenser håndheves (0.115333ms)
(node:68613) [MODULE_TYPELESS_PACKAGE_JSON] Warning: Module type of file:///Users/morten/Documents/forsikringsapp/lib/analysis-batching.ts is not specified and it doesn't parse as CommonJS.
Reparsing as ES module because module syntax was detected. This incurs a performance overhead.
To eliminate this warning, add "type": "module" to /Users/morten/Documents/forsikringsapp/package.json.
(Use `node --trace-warnings ...` to show where the warning was created)
✔ 10 existing PDFs accepted by both UI and backend (1.010875ms)
✔ 11 existing PDFs rejected by both UI and backend (0.231208ms)
✔ 10 offer PDFs accepted by both UI and backend (1.320083ms)
✔ 11 offer PDFs rejected by both UI and backend (0.48375ms)
✔ 10+10 below byte budget accepted (0.402625ms)
✔ per-file and aggregate resource limits remain authoritative (0.22425ms)
✔ structural benchmark 1+1: minimum batching, bounded concurrency, N to M (45.415375ms)
✔ structural benchmark 5+0: minimum batching, bounded concurrency, N to M (4.239958ms)
✔ structural benchmark 10+0: minimum batching, bounded concurrency, N to M (14.79075ms)
✔ structural benchmark 10+10: minimum batching, bounded concurrency, N to M (43.472958ms)
✔ batches follow input budget and preserve document boundaries exactly once (21.604ms)
✔ page budget can split small-text batches (0.776625ms)
✔ one oversize PDF fails explicitly without truncation (2.004542ms)
✔ total page budget rejects a 500-page package (0.156209ms)
✔ aggregate UTF8 input budget enforced (157.33925ms)
✔ maximum batch count limits fragmentation (41.0505ms)
✔ duplicate PDFs rejected within side without persisting or logging hashes (0.153042ms)
✔ single PDF produces 1 products only after extraction (11.521125ms)
✔ single PDF produces 4 products only after extraction (18.505083ms)
✔ four PDF sources and mixed multi-product documents retain precise source IDs (12.422417ms)
✔ four documents in separate batches merge deterministically to four products (27.969417ms)
✔ same provider/type/product in separate batches preserves two objects and side identity (22.952708ms)
✔ same object documented within a batch preserves all sources without duplicate identical facts (1.531792ms)
✔ unknown cross-document object identity stays separate; conflicts are not resolved by completion order (11.916083ms)
✔ multi-document extraction must supply valid provenance (0.1585ms)
✔ batch output schema requires product and term document references and per-product company (0.378584ms)
✔ isolated invalid_pdf yields partial success without guessed products (17.422167ms)
✔ isolated encrypted_pdf yields partial success without guessed products (8.170459ms)
✔ isolated missing_text_layer yields partial success without guessed products (22.238417ms)
✔ request resource violation stops before any AI call (0.258583ms)
✔ malformed model batch does not discard other successful batches (41.89025ms)
✔ all documents failing on a side is not presented as a valid empty comparison (0.233334ms)
✔ out-of-order pool completion preserves order and at most two calls (69.052292ms)
✔ abort prevents queued batches and waits for active siblings (14.225208ms)
✔ progress is monotonic and completed/failed products cannot regress (0.260708ms)
✔ progress allowlist blocks labels, values, filename, raw type and error text (0.077459ms)
✔ old progress, error and final results are gated after new generation/cancel (0.058542ms)
✔ stream reader handles split frames and never treats missing final result as success (19.614708ms)
✔ token accounting sums all calls and cached input without double counting (0.157583ms)
✔ semantic matcher does not pool facts from multiple objects of the same type (0.479916ms)
✔ unknown type is preserved in result but anonymized in progress (0.741458ms)
✔ long unbroken text remains bounded during privacy filtering (1.821875ms)
✔ two batches of two different products preserve all four products and their source side (31.881958ms)
✔ term sources cannot escape the attributed product documents (0.1325ms)
✔ out-of-sequence document completion and unidentified product completion are ignored (0.097041ms)
✔ per-product company is preserved in a mixed-provider document without cross-provider enrichment (2.752625ms)
✔ structured extraction schemas have exactly one required entry per defined property (0.262209ms)
✔ partial failure metadata retains original document order despite reversed completion (23.009291ms)
(node:68614) [MODULE_TYPELESS_PACKAGE_JSON] Warning: Module type of file:///Users/morten/Documents/forsikringsapp/lib/analysis-output.ts is not specified and it doesn't parse as CommonJS.
Reparsing as ES module because module syntax was detected. This incurs a performance overhead.
To eliminate this warning, add "type": "module" to /Users/morten/Documents/forsikringsapp/package.json.
(Use `node --trace-warnings ...` to show where the warning was created)
✔ actual Comparison component gives both sides canonical name and complete portfolio totals (267.238916ms)
✔ identical annual object prices live only in object-price disclosure, not Important Differences (108.909667ms)
✔ real comparable object price difference remains highlighted (147.243ms)
✔ incompatible equal numeric price bases keep warning in per-object prices (39.269167ms)
✔ multi-object unparseable prices show explicit portfolio missing states instead of legacy fallback (214.187ms)
✔ actual overview and object-price JSX agree for kr. versus kr after side swap (134.057625ms)
✔ actual overview keeps a partial total labelled despite parseable kr. prices (77.965584ms)
✔ Detailed Comparison shows document and catalog provenance on their own facts (26.6775ms)
✔ legitimate customer-specific unknown and explicit not-selected remain visibly different (38.7035ms)
(node:68615) [MODULE_TYPELESS_PACKAGE_JSON] Warning: Module type of file:///Users/morten/Documents/forsikringsapp/lib/analysis-output.ts is not specified and it doesn't parse as CommonJS.
Reparsing as ES module because module syntax was detected. This incurs a performance overhead.
To eliminate this warning, add "type": "module" to /Users/morten/Documents/forsikringsapp/package.json.
(Use `node --trace-warnings ...` to show where the warning was created)
✔ canonical provider display preserves legal/raw document and evidence (81.581083ms)
✔ synthetic provider ID chooses display without legal-name heuristics (0.184833ms)
✔ unknown provider and ambiguous distributor remain raw; exact channel is preserved (0.184125ms)
✔ same agreement 2+2: swap=false, document/object reverse=false, completion=false (163.074042ms)
✔ same agreement 2+2: swap=false, document/object reverse=false, completion=true (34.29525ms)
✔ same agreement 2+2: swap=false, document/object reverse=true, completion=false (53.12475ms)
✔ same agreement 2+2: swap=false, document/object reverse=true, completion=true (44.523458ms)
✔ same agreement 2+2: swap=true, document/object reverse=false, completion=false (115.265417ms)
✔ same agreement 2+2: swap=true, document/object reverse=false, completion=true (56.505334ms)
✔ same agreement 2+2: swap=true, document/object reverse=true, completion=false (37.258916ms)
✔ same agreement 2+2: swap=true, document/object reverse=true, completion=true (39.79625ms)
✔ canonical annual total accepts exact qualifiers generally 11 111 (0.127084ms)
✔ canonical annual total accepts exact qualifiers generally 22 222 (0.049791ms)
✔ unknown/incompatible annual basis is not numeric equality: 14 786 kr per måned (0.042625ms)
✔ unknown/incompatible annual basis is not numeric equality: 14 786 kr for perioden (0.022875ms)
✔ unknown/incompatible annual basis is not numeric equality: 14 786 kr eksklusive trafikkforsikringsavgift (0.030958ms)
✔ unknown/incompatible annual basis is not numeric equality: 14 786 kr inklusive trafikkforsikringsavgift (0.024084ms)
✔ unknown/incompatible annual basis is not numeric equality: 14 786 kr og 2 329 kr (0.020041ms)
✔ unknown/incompatible annual basis is not numeric equality: 14 786–15 000 kr (0.32475ms)
✔ unknown/incompatible annual basis is not numeric equality: 14 786 kr før rabatter (0.024ms)
✔ unknown/incompatible annual basis is not numeric equality: 14 786 kr inklusive trafikkforsikringsavgift uten trafikkforsikringsavgift (0.029375ms)
✔ equal amounts with different price fields remain incomparable (19.395166ms)
✔ real comparable differences are retained with alternate prices (9.948792ms)
✔ duplicate decorated object prices consolidate without double-counting (143.437458ms)
✔ missing total stays partial; unknown annual amount is never guessed (36.795542ms)
✔ eight-stage document trace existing 15 000 km reverse=false (79.058917ms)
✔ eight-stage document trace existing 15 000 km reverse=true (52.780792ms)
✔ eight-stage document trace existing 12 345 km reverse=false (24.252542ms)
✔ eight-stage document trace existing 12 345 km reverse=true (30.979667ms)
✔ eight-stage document trace offer 15 000 km reverse=false (49.476833ms)
✔ eight-stage document trace offer 15 000 km reverse=true (45.641917ms)
✔ eight-stage document trace offer 12 345 km reverse=false (39.631209ms)
✔ eight-stage document trace offer 12 345 km reverse=true (48.009458ms)
✔ exact product labels keep customer fact on canonical row rather than suppressing it (62.6135ms)
✔ generic exact-label identity and catalog silence symmetry with synthetic provider (11.872541ms)
✔ ambiguous catalog label does not choose a key or suppress both safe catalog facts (2.445167ms)
✔ customer-specific facts and explicit not-selected never borrow evidence from other side (29.60975ms)
(node:68616) [MODULE_TYPELESS_PACKAGE_JSON] Warning: Module type of file:///Users/morten/Documents/forsikringsapp/lib/coverage-detail-presentation.ts is not specified and it doesn't parse as CommonJS.
Reparsing as ES module because module syntax was detected. This incurs a performance overhead.
To eliminate this warning, add "type": "module" to /Users/morten/Documents/forsikringsapp/package.json.
(Use `node --trace-warnings ...` to show where the warning was created)
✔ key description is compact, monetary details are separate and lossless (40.125959ms)
✔ generic non-key coverage splits description sum deductible and duration identically (0.274875ms)
✔ unstructured description is retained without invented subfacts (1.172584ms)
✔ unrepresented qualifier is never shortened away (0.202708ms)
✔ unknown does not inherit a main-value description or fake source (0.341333ms)
✔ explicit not selected has its own evidence (1.16925ms)
✔ same fact/source duplicate removes controls but distinct locations remain (1.594042ms)
✔ same source on different facts keeps each association (2.194625ms)
✔ fact and source reordering does not change provenance association (0.362875ms)
✔ origin is visible before opening source and source is under its detail fact (2.503083ms)
✔ derived totalskade pair has per-component evidence rather than arbitrary pair source (1.173083ms)
✔ native source and detail disclosures have contextual accessible names and focus styles (2.273625ms)
(node:68624) [MODULE_TYPELESS_PACKAGE_JSON] Warning: Module type of file:///Users/morten/Documents/forsikringsapp/lib/analysis-output.ts is not specified and it doesn't parse as CommonJS.
Reparsing as ES module because module syntax was detected. This incurs a performance overhead.
To eliminate this warning, add "type": "module" to /Users/morten/Documents/forsikringsapp/package.json.
(Use `node --trace-warnings ...` to show where the warning was created)
✔ quality 2+2 whole pipeline sideSwap=false pdfReverse=false completionReverse=false (354.982ms)
✔ quality 2+2 whole pipeline sideSwap=false pdfReverse=false completionReverse=true (223.87125ms)
✔ quality 2+2 whole pipeline sideSwap=false pdfReverse=true completionReverse=false (168.47925ms)
✔ quality 2+2 whole pipeline sideSwap=false pdfReverse=true completionReverse=true (279.026292ms)
✔ quality 2+2 whole pipeline sideSwap=true pdfReverse=false completionReverse=false (193.441292ms)
✔ quality 2+2 whole pipeline sideSwap=true pdfReverse=false completionReverse=true (266.786292ms)
✔ quality 2+2 whole pipeline sideSwap=true pdfReverse=true completionReverse=false (248.509208ms)
✔ quality 2+2 whole pipeline sideSwap=true pdfReverse=true completionReverse=true (220.882166ms)
✔ registration anchor preserves limit at every stage førstegangsregistrering 15 000 km (11.3345ms)
✔ registration anchor preserves limit at every stage første registreringsdato 15 000 km (9.643042ms)
✔ registration anchor preserves limit at every stage førstegangsregistrering 12 345 km (23.873209ms)
✔ registration anchor preserves limit at every stage første registreringsdato 12 345 km (19.499959ms)
✔ generic document 12 000 / synthetic catalog 18 000 precedence Gjensidige (40.731958ms)
✔ generic document 12 345 / synthetic catalog 98 765 precedence Gjensidige (1.878625ms)
✔ generic document 12 000 / synthetic catalog 18 000 precedence Tryg (2.430084ms)
✔ generic document 12 345 / synthetic catalog 98 765 precedence Tryg (1.785417ms)
✔ actual registration field still ends totalskade context (0.186416ms)
✔ summary registration anchor preserves explicit totalskade km (6.198417ms)
✔ same object duplicate records and cross-batch formatting do not double count (48.776292ms)
✔ single-object display and portfolio agree on equal numeric formats (3.740708ms)
✔ different numbers aggregate generally existing (13.2935ms)
✔ different numbers aggregate generally offer (18.071625ms)
✔ price conflict/unparseable remains conservative 14 000 kr (4.578209ms)
✔ price conflict/unparseable remains conservative 14786 kr per måned (7.03625ms)
✔ price conflict/unparseable remains conservative 14786 kr og 100 kr (24.975208ms)
✔ 2/3 partial totals retain subtotal and missing total is not reconstructed (34.191958ms)
(node:68625) [MODULE_TYPELESS_PACKAGE_JSON] Warning: Module type of file:///Users/morten/Documents/forsikringsapp/lib/hybrid-matching.ts is not specified and it doesn't parse as CommonJS.
Reparsing as ES module because module syntax was detected. This incurs a performance overhead.
To eliminate this warning, add "type": "module" to /Users/morten/Documents/forsikringsapp/package.json.
(Use `node --trace-warnings ...` to show where the warning was created)
✔ canonical keys and catalog key aliases require zero semantic calls (1.806292ms)
✔ explicit type-scoped aliases require zero semantic calls (0.630375ms)
✔ related detail context is shared with comparison before fallback (2.512083ms)
✔ a genuinely unresolved label pair still invokes semantic fallback once (2.348833ms)
✔ only unresolved candidates are sent; deterministic aliases and canonical matches stay out (2.175125ms)
✔ AI cannot override a safe canonical match by returning an excluded id (0.390459ms)
✔ different canonical coverages and different details are not semantic candidates (0.228958ms)
✔ mixed unresolved scope cannot authorize AI to collapse different canonical fields (0.292875ms)
✔ known different insurance types remain isolated even with identical detail keys (0.126875ms)
✔ similar spellings do not become deterministic aliases (0.280875ms)
✔ semantic metrics whitelist counts, duration and usage without labels or response text (2.908083ms)
✔ zero semantic candidates records zero invocation and zero tokens (0.265042ms)
✔ generic same-label terms cannot inherit an unrelated canonical identity (0.381666ms)
✔ synthetic Gjensidige Kasko/Pluss catalog regression resolves without semantic AI (15.601ms)
✔ canonical fallback pruning also works for another provider (10.99175ms)
✔ four rental scenarios recover explicit scoped labels from a repeated generic extraction key (35.612417ms)
✔ canonical identity preserves same-label same-value separate rental details (0.11975ms)
✔ important differences and detailed comparison retain the same four rental identities (61.600833ms)
✔ Kasko standard coverages mistakenly extracted as addons retain data but not addon classification (43.169666ms)
✔ selected documented Pluss add-ons remain Leiebil and Maskinskade (12.84675ms)
✔ explicit negative status beats a modeled rental addon (2.289458ms)
✔ catalog standard coverage alone never creates a customer addon (1.356416ms)
✔ pilot document precedence, prices, keys and limits survive (21.531834ms)
✔ rental labels never depend on the particular day limits (7.235167ms)
✔ document selected status and canonical addon metadata restore addon overview (2.156833ms)
✔ failed semantic fallback records invocation without inventing accepted matches or tokens (0.366709ms)
✔ detail context retains document and catalog provenance after matching (3.256375ms)
(node:68626) [MODULE_TYPELESS_PACKAGE_JSON] Warning: Module type of file:///Users/morten/Documents/forsikringsapp/lib/vehicle-price-presentation.ts is not specified and it doesn't parse as CommonJS.
Reparsing as ES module because module syntax was detected. This incurs a performance overhead.
To eliminate this warning, add "type": "module" to /Users/morten/Documents/forsikringsapp/package.json.
(Use `node --trace-warnings ...` to show where the warning was created)
✔ currency punctuation yields the same annual amount for premie.ekskl_tfa (1.230833ms)
✔ currency punctuation yields the same annual amount for premie.tfa (0.0815ms)
✔ currency punctuation yields the same annual amount for premie.total (0.058917ms)
✔ complete 2+2 portfolio survives price formatting, side swap=false, reversed order=false (111.72125ms)
✔ complete 2+2 portfolio survives price formatting, side swap=false, reversed order=true (19.971333ms)
✔ complete 2+2 portfolio survives price formatting, side swap=true, reversed order=false (48.199ms)
✔ complete 2+2 portfolio survives price formatting, side swap=true, reversed order=true (25.683333ms)
✔ alternative portfolio amounts and an explicit zero are not pilot-specific (16.742708ms)
✔ missing explicit total stays partial without inferring it from complete premium and TFA (17.8315ms)
✔ document failure keeps otherwise complete price contributions partial (15.678417ms)
✔ duplicate cross-batch records with currency punctuation count once after existing consolidation (34.261625ms)
✔ genuinely conflicting duplicate prices remain conflicting (42.574667ms)
✔ punctuation does not accept monthly amounts, ranges, prose, extra numbers or malformed decimals (0.582792ms)
✔ formatted object price stays document-backed and preserves original text (13.797583ms)
(node:68628) [MODULE_TYPELESS_PACKAGE_JSON] Warning: Module type of file:///Users/morten/Documents/forsikringsapp/lib/analysis-output.ts is not specified and it doesn't parse as CommonJS.
Reparsing as ES module because module syntax was detected. This incurs a performance overhead.
To eliminate this warning, add "type": "module" to /Users/morten/Documents/forsikringsapp/package.json.
(Use `node --trace-warnings ...` to show where the warning was created)
✔ real extraction-like price pipeline, prefix currency false (67.71125ms)
✔ real extraction-like price pipeline, prefix currency true (25.200625ms)
✔ only matching price field 0 is independently comparable (2.139542ms)
✔ only matching price field 2 is independently comparable (1.804333ms)
✔ exclusive versus inclusive remains incomparable (10.070459ms)
✔ equivalent money formats do not create a false ambiguity; source values remain unchanged (1.259625ms)
✔ explicit annual money format kr 12.457,50 per år (1.058458ms)
✔ explicit annual money format 12 457,50 kroner årlig (1.697667ms)
✔ monthly amounts, arbitrary sentences and competing values remain conservative (7.230958ms)
✔ non-vehicle price presentation unaffected (0.5375ms)
✔ pipeline isolates annual 20 000 km from totalskade 15 000 km (8.883375ms)
✔ pipeline isolates annual 25 000 km from totalskade 12 000 km (16.26625ms)
✔ compound splitting stops before annual mileage rather than choosing its first km (0.379209ms)
✔ explicit canonical limit beats secondary summary-derived conflicting limit (1.155084ms)
✔ conflicting explicit document limits are preserved rather than first-wins (6.702625ms)
✔ five kilometre identities survive deduplication even with identical numerical values (2.383958ms)
✔ precise annual-mileage label repairs a wrong extraction nyverdi canonicalKey (3.204958ms)
✔ semantic matcher cannot merge any two distinct canonical kilometre fields (2.360375ms)
✔ document limit overrides catalog for another provider without hardcoded values (1.645208ms)
✔ a conflicting explicit compound and explicit single-field limit both survive (0.796708ms)
✔ unknown structured limit does not suppress a documented summary limit (0.4635ms)
(node:68629) [MODULE_TYPELESS_PACKAGE_JSON] Warning: Module type of file:///Users/morten/Documents/forsikringsapp/lib/presentation-catalog.ts is not specified and it doesn't parse as CommonJS.
Reparsing as ES module because module syntax was detected. This incurs a performance overhead.
To eliminate this warning, add "type": "module" to /Users/morten/Documents/forsikringsapp/package.json.
(Use `node --trace-warnings ...` to show where the warning was created)
✔ presentation catalog har stabile konsepter for Bil, Innbo, Hus og Reise (1.003833ms)
✔ tjenester og betingede fordeler har egne presentation-typer (4.415375ms)
✔ Tryg vei til lappen har kildebelagte separate vilkår og virkninger (0.389917ms)
✔ Gjensidige beholder appkrav, startbonus, ungførerregel og egenandelsunntak separat (0.226458ms)
✔ alle etterspurte providers og Fremtind-kanaler har eksplisitt auditstatus (0.457208ms)
✔ Fremtind-fordeler er eksplisitt kanalspesifikke (0.199416ms)
✔ Gjensidige øvelseskjøring har separat presentation provenance (0.171958ms)
✔ Tryg Bil-arv har separat IPID-evidence mens faktaene beholder vilkårsprovenance (0.183625ms)
✔ presentation evidence er metadata og finnes ikke i canonical product catalog (109.820917ms)
(node:68630) [MODULE_TYPELESS_PACKAGE_JSON] Warning: Module type of file:///Users/morten/Documents/forsikringsapp/lib/coverage-detail-presentation.ts is not specified and it doesn't parse as CommonJS.
Reparsing as ES module because module syntax was detected. This incurs a performance overhead.
To eliminate this warning, add "type": "module" to /Users/morten/Documents/forsikringsapp/package.json.
(Use `node --trace-warnings ...` to show where the warning was created)
✔ four selected family children all have identity in actual UI (30.663209ms)
✔ mixed family statuses are named (3.334792ms)
✔ single Maskinskade retains status and concrete limits (1.568459ms)
✔ totalskade concrete pair gains no invented status (1.156125ms)
✔ five sources have exact fact context on each side (2.003958ms)
✔ shared source remains attached to every contributing fact (0.098375ms)
✔ public and customer provenance stay distinct in source controls (1.904375ms)
✔ reversing source order never reassigns source to another fact (0.554375ms)
✔ reversing coverage order retains all child/status associations (6.844375ms)
✔ status source follows its own evidence, not unrelated aggregate detail source (0.15525ms)
✔ expanded details use one shared nested wrapper (1.520583ms)
✔ collapsed disclosure has no sibling guide or empty spacing artifact (1.527209ms)
✔ detail source controls remain inside the nested area (1.323459ms)
✔ long detail values preserve wrapping inside the nested area (0.59425ms)
✔ responsive detail guide uses 8 px mobile and 24 px desktop indentation (0.393459ms)
✔ native keyboard and ARIA disclosure semantics remain present (1.227708ms)
✔ both-empty ordinary detail is omitted conservatively (0.057083ms)
✔ one-side-missing detail remains visible (0.047458ms)
✔ explicit not-selected status is never hidden as empty (0.038ms)
(node:68631) [MODULE_TYPELESS_PACKAGE_JSON] Warning: Module type of file:///Users/morten/Documents/forsikringsapp/lib/coverage-detail-presentation.ts is not specified and it doesn't parse as CommonJS.
Reparsing as ES module because module syntax was detected. This incurs a performance overhead.
To eliminate this warning, add "type": "module" to /Users/morten/Documents/forsikringsapp/package.json.
(Use `node --trace-warnings ...` to show where the warning was created)
✔ two pilot-shaped cars sum independent price identities (4.690458ms)
✔ identical prices are not a zero-kr saving (32.78425ms)
✔ exact matched sets permit aggregate comparison (36.820458ms)
✔ unique type pair uses existing matching policy (0.395375ms)
✔ missing object on existing prevents saving conclusion (0.530583ms)
✔ missing object on offer prevents saving conclusion (0.333875ms)
✔ ambiguous identities do not produce aggregate comparison (0.308583ms)
✔ partial failure blocks complete totals and savings (0.329375ms)
✔ 2/2 priced logical objects is complete (0.122625ms)
✔ 2/3 priced logical objects is partial (0.169083ms)
✔ 0/3 priced logical objects is unavailable (0.091917ms)
✔ reject incompatible annual basis: 100 kr per måned (0.403125ms)
✔ reject incompatible annual basis: 100 kr / mnd (0.050208ms)
✔ reject incompatible annual basis: 100–200 kr (0.316041ms)
✔ reject incompatible annual basis: 100 kr og 200 kr (0.052875ms)
✔ reject incompatible annual basis: 100 000 km (0.045208ms)
✔ reject incompatible annual basis: 20 % (0.053167ms)
✔ catalog example is not a customer price (0.047166ms)
✔ customer price outranks excluded catalog example without double counting (0.049292ms)
✔ sums/deductibles/km are never prices (0.045666ms)
✔ scalar annual premium is not an inferred canonical vehicle total (0.046083ms)
✔ conflicting prices have no arbitrary winner (0.053875ms)
✔ unresolved consolidation cannot yield a safe total (0.059334ms)
✔ unresolved price conflict metadata is respected (0.08175ms)
✔ documented total 27574 kr is preserved and reconciled (0.077459ms)
✔ documented total 30000 kr is preserved and reconciled (0.187083ms)
✔ documented-only agreement price remains available (0.047208ms)
✔ manual agreement total is not mislabeled PDF evidence (0.074334ms)
✔ reversed order preserves sums and comparison (0.11875ms)
✔ TFA alone does not imply total or insurance price (0.053125ms)
✔ Tilhenger does not require invented zero TFA (0.076667ms)
✔ Campingvogn does not require invented zero TFA (0.035541ms)
✔ Snøscooter does not require invented zero TFA (0.0355ms)
✔ mixed nonvehicle portfolio retains documented total without TFA reinterpretation (0.080958ms)
✔ same object spread over three documents counts once after existing consolidation (23.1855ms)
✔ duplicate raw records do not duplicate total or TFA (2.810125ms)
✔ price conflict across documents remains conflicting (1.190166ms)
✔ existing document priority is consumed rather than recalculated (1.795917ms)
✔ seven logical objects preserve complete prices after duplicate consolidation (21.157584ms)
✔ seven-object missing warning survives and suppresses saving (3.446458ms)
✔ status only has no extra details (0.942208ms)
✔ status plus sum places the sum in details once (0.371125ms)
✔ rendered formatting does not determine detail availability (0.263042ms)
✔ different one-sided pilot details are shown with full values (0.323792ms)
✔ identical extra facts still warrant details (0.184875ms)
✔ provenance alone does not create a details panel (0.152417ms)
✔ freeform effective summary is preserved without invented subfacts (0.317625ms)
✔ generated parent summary and repeated details do not replay same facts (0.426584ms)
✔ coverage status Ikke valgt remains unchanged (0.158083ms)
✔ coverage status Ikke dokumentert remains unchanged (0.12975ms)
✔ helper compares canonical identity rather than text (0.037125ms)
✔ object-local concept details cannot leak to another car (1.440708ms)
✔ Bil detail structure is generic (0.21825ms)
✔ Innbo detail structure is generic (0.168166ms)
✔ Hus detail structure is generic (0.136708ms)
✔ Reise detail structure is generic (0.145375ms)
✔ actual UI hides empty expander and retains source controls (4.719709ms)
✔ actual expander uses native disclosure semantics and has additional content (1.197917ms)
✔ sources follow their fact inside expandable details (0.796625ms)
✔ single fallback item is fully visible without meaningless expander (0.371417ms)
✔ actual portfolio UI shows calculated totals and partial wording (0.942583ms)
✔ actual portfolio UI exposes mismatch without replacing documented value (0.432375ms)
✔ details consume resolved document priority including preserved base sources (1.43425ms)
✔ details are pure presentation and never mutate effective terms (0.249125ms)
✔ totalskade 20 000 km is preserved, not corrected by detail projection (0.169084ms)
✔ price metadata/provenance remain unchanged by aggregation (0.088375ms)
(node:68632) [MODULE_TYPELESS_PACKAGE_JSON] Warning: Module type of file:///Users/morten/Documents/forsikringsapp/lib/catalog-product-comparison.ts is not specified and it doesn't parse as CommonJS.
Reparsing as ES module because module syntax was detected. This incurs a performance overhead.
To eliminate this warning, add "type": "module" to /Users/morten/Documents/forsikringsapp/package.json.
(Use `node --trace-warnings ...` to show where the warning was created)
✔ PAU28002: unchanged original proves accident scope and fixed sums (60.647084ms)
✔ PAU28002: canonical addon scope and amounts retain exact source references (1.876709ms)
✔ Ansvar: Førerulykke remains optional with no base inclusion claim (1.8845ms)
✔ Brann og tyveri: Førerulykke remains optional with no base inclusion claim (0.868708ms)
✔ Kasko: Førerulykke remains optional with no base inclusion claim (3.742875ms)
✔ Førerulykke: explicit manual choice selects only its own canonical concept (12.380916ms)
✔ Førerulykke: PDF silence remains unknown and explicit document status wins (45.870958ms)
✔ Førerulykke: explicit document limit is preserved separately from catalog limits (2.8595ms)
✔ Førerulykke: document limit and explicit rejection outrank an activated catalog component (17.239041ms)
✔ PAU28003: unchanged original proves accident scope and fixed sums (21.401708ms)
✔ PAU28003: canonical addon scope and amounts retain exact source references (0.562833ms)
✔ Ansvar: Fører- og passasjerulykke remains optional with no base inclusion claim (0.536792ms)
✔ Brann og tyveri: Fører- og passasjerulykke remains optional with no base inclusion claim (0.541791ms)
✔ Kasko: Fører- og passasjerulykke remains optional with no base inclusion claim (1.234209ms)
✔ Fører- og passasjerulykke: explicit manual choice selects only its own canonical concept (4.764416ms)
✔ Fører- og passasjerulykke: PDF silence remains unknown and explicit document status wins (2.687208ms)
✔ Fører- og passasjerulykke: explicit document limit is preserved separately from catalog limits (2.129583ms)
✔ Fører- og passasjerulykke: document limit and explicit rejection outrank an activated catalog component (38.303916ms)
✔ accident concepts remain separate and the existing alternative selection guard is preserved (4.975292ms)
✔ accident additions do not cross provider, insurance type or agreement scope (1.335458ms)
✔ IPID Kasko rescue expense limitation is not copied to unknown lower levels (13.759416ms)
✔ corrected vehicle usage metadata refers to exact level and source pages without altering originals (8.103542ms)
✔ If roof consequential damage has scoped affirmative evidence without removing its defect exclusion (6.063875ms)
(node:68633) [MODULE_TYPELESS_PACKAGE_JSON] Warning: Module type of file:///Users/morten/Documents/forsikringsapp/lib/product-catalog.ts is not specified and it doesn't parse as CommonJS.
Reparsing as ES module because module syntax was detected. This incurs a performance overhead.
To eliminate this warning, add "type": "module" to /Users/morten/Documents/forsikringsapp/package.json.
(Use `node --trace-warnings ...` to show where the warning was created)
✔ produktvalg begrenses til valgt selskap og forsikringstype (1.247666ms)
✔ produktmatching krever eksakt provider, canonical type og eksakt produkt (0.813542ms)
(node:68634) [MODULE_TYPELESS_PACKAGE_JSON] Warning: Module type of file:///Users/morten/Documents/forsikringsapp/lib/catalog-product-comparison.ts is not specified and it doesn't parse as CommonJS.
Reparsing as ES module because module syntax was detected. This incurs a performance overhead.
To eliminate this warning, add "type": "module" to /Users/morten/Documents/forsikringsapp/package.json.
(Use `node --trace-warnings ...` to show where the warning was created)
✔ Tryg Kasko rescue restriction renders as the documented restriction, not included coverage (72.352333ms)
✔ If Hus Utvidet: covered consequence and excluded defect coexist without contradictory status (20.320708ms)
✔ If Hus Super: covered consequence and excluded defect coexist without contradictory status (6.161375ms)
✔ frende: explicit source-backed subject metadata is generic, not an If patch (0.5245ms)
✔ gjensidige: explicit source-backed subject metadata is generic, not an If patch (0.138625ms)
✔ Tryg forerulykke remains optional in product presentation, never customer selected (1.162416ms)
✔ Tryg ulykke remains optional in product presentation, never customer selected (0.753292ms)
✔ Bil: only exactly duplicate headings suppressed; every fact, source and side survives (151.079584ms)
✔ Hus: only exactly duplicate headings suppressed; every fact, source and side survives (285.552334ms)
✔ Innbo: only exactly duplicate headings suppressed; every fact, source and side survives (75.354959ms)
✔ Reise: only exactly duplicate headings suppressed; every fact, source and side survives (132.163417ms)
✔ Snøscooter: only exactly duplicate headings suppressed; every fact, source and side survives (27.485ms)
✔ Campingvogn: only exactly duplicate headings suppressed; every fact, source and side survives (41.555625ms)
✔ Tilhenger: only exactly duplicate headings suppressed; every fact, source and side survives (6.098458ms)
✔ MC: only exactly duplicate headings suppressed; every fact, source and side survives (96.455125ms)
✔ Bobil: only exactly duplicate headings suppressed; every fact, source and side survives (96.038083ms)
✔ rendered Kasko hierarchy contains one Kasko heading while preserving product cells and source controls (1.828375ms)
✔ a repeated label separated from its group heading by other facts remains visible (6.73125ms)
✔ human label geografi leaves canonical identity intact (0.085959ms)
✔ human label sesong leaves canonical identity intact (0.02875ms)
✔ human label egenandel leaves canonical identity intact (0.024791ms)
✔ human label forsikringssum leaves canonical identity intact (0.0265ms)
✔ unqualified policy references are clarified without manufacturing a deductible or amount (0.0535ms)
✔ fixed, conditional, minimum and ambiguous references remain completely verbatim (0.042959ms)
✔ real customer-specific reference preserves original catalog source and raw value (4.454209ms)
✔ true unknowns and asymmetric provider details remain conservative (2.484416ms)
✔ new restriction evidence stays within existing privacy-safe trace vocabulary (1.051167ms)
(node:68636) [MODULE_TYPELESS_PACKAGE_JSON] Warning: Module type of file:///Users/morten/Documents/forsikringsapp/lib/catalog-product-comparison.ts is not specified and it doesn't parse as CommonJS.
Reparsing as ES module because module syntax was detected. This incurs a performance overhead.
To eliminate this warning, add "type": "module" to /Users/morten/Documents/forsikringsapp/package.json.
(Use `node --trace-warnings ...` to show where the warning was created)
✔ audit baseline has 65 rows and 34 asymmetric catalog facts (0.842875ms)
✔ Kasko descriptions remain side by side, exactly as sourced (0.450541ms)
✔ feilfylling.dekning: explicit parent evidence replaces only a false unknown (0.117083ms)
✔ haerverk.dekning: explicit parent evidence replaces only a false unknown (0.054125ms)
✔ parent evidence never copies the other product deductible or uhell limits (0.091458ms)
✔ combined and individual equipment sums retain their distinct scopes and sources (0.0825ms)
✔ Motor/gir and Maskinskade remain optional, not customer selected (0.049292ms)
✔ machine mileage is a direct comparison with each original qualifier (0.101542ms)
✔ deductible models preserve all brackets and subtraction order (0.081167ms)
✔ kilometerfradrag has its own side without an invented opposite unknown (0.099042ms)
✔ component lists stay provider specific without claiming identical component scope (0.063417ms)
✔ maskinskade.alder remains genuinely unknown on the undocumented side (0.04975ms)
✔ parkering.dekning remains genuinely unknown on the undocumented side (0.033084ms)
✔ parkering.grense remains genuinely unknown on the undocumented side (0.028916ms)
✔ parkering.egenandel remains genuinely unknown on the undocumented side (0.028166ms)
✔ bilnokkel.grense remains genuinely unknown on the undocumented side (0.035959ms)
✔ glass.grense.bytte remains genuinely unknown on the undocumented side (0.029125ms)
✔ rettshjelp.grense remains genuinely unknown on the undocumented side (0.029042ms)
✔ geografi.rettshjelp remains genuinely unknown on the undocumented side (0.034583ms)
✔ natur.dekning remains genuinely unknown on the undocumented side (0.033333ms)
✔ veihjelp common coverage/deductible and source-specific transport conditions coexist (0.047ms)
✔ leiebil common optional facts and side-specific triggers/exclusions coexist (0.060041ms)
✔ glass common deductibles and provider-specific exclusions coexist (0.043667ms)
✔ accident insured sums compare, contractual scope details are nested (0.041333ms)
✔ explicit unavailable catalog coverage is not converted to unknown (4.648875ms)
✔ every original fact value and source survives hierarchy, without catalog mutation (21.274708ms)
✔ rendered unknown count is 10, not 34; actual missing evidence stays visible (0.342041ms)
✔ parent evaluator works for another provider and an unrelated synthetic child concept (0.333959ms)
✔ parent proof fails closed: no explicit relation (0.163ms)
✔ parent proof fails closed: changed canonical provider (0.136084ms)
✔ parent proof fails closed: changed canonical product (0.132125ms)
✔ parent proof fails closed: no approved products (0.133458ms)
✔ parent proof fails closed: parent prose without explicit evidence (0.137917ms)
✔ parent proof fails closed: changed product version (0.113875ms)
✔ parent proof fails closed: changed agreement scope (0.11225ms)
✔ parent proof fails closed: changed source date (0.146875ms)
✔ parent proof fails closed: changed source document (0.225583ms)
✔ parent proof fails closed: changed source section (0.1435ms)
✔ parent proof fails closed: changed source page (0.120542ms)
✔ parent proof fails closed: cross-type (0.126417ms)
✔ parent proof fails closed: source scope mismatch (0.115209ms)
✔ parent proof fails closed: unavailable parent (0.116333ms)
✔ parent proof fails closed: conflicting parents (0.115084ms)
✔ explicit child unavailability cannot be overwritten by included parent (0.142375ms)
✔ optional parent yields optional child, never included (0.134083ms)
✔ unaudited one-sided key remains unknown instead of being silently hidden (0.897666ms)
✔ source registry is anchored to source evidence, not company-name matching (0.227375ms)
✔ explicit parent identity preserves If Super / Frende Kasko child evidence (4.140916ms)
✔ explicit parent identity preserves Tryg Kasko / Frende Kasko child evidence (5.888375ms)
✔ explicit parent identity preserves If Super / Frende Utvidet child evidence (58.290791ms)
✔ explicit parent identity preserves Tryg Kasko / Frende Utvidet child evidence (4.372541ms)
✔ Bil: nonempty family-specific order, unique live anchors and full source retention (67.6345ms)
✔ Hus: nonempty family-specific order, unique live anchors and full source retention (120.827333ms)
✔ Innbo: nonempty family-specific order, unique live anchors and full source retention (38.101334ms)
✔ Reise: nonempty family-specific order, unique live anchors and full source retention (57.8095ms)
✔ Snøscooter: nonempty family-specific order, unique live anchors and full source retention (44.833291ms)
✔ Campingvogn: nonempty family-specific order, unique live anchors and full source retention (11.548833ms)
✔ Tilhenger: nonempty family-specific order, unique live anchors and full source retention (10.19275ms)
✔ MC: nonempty family-specific order, unique live anchors and full source retention (68.705291ms)
✔ Bobil: nonempty family-specific order, unique live anchors and full source retention (43.519208ms)
✔ empty sections are absent, product and family changes recalculate navigation (11.370125ms)
✔ same exact product retains all details and navigation, without invented differences (10.645833ms)
✔ canonical IDs remain stable across side swap and distinguish Unicode or punctuation (2.03ms)
✔ full product content is directly visible; only sources use details/summary (0.344583ms)
✔ product A/B, scope header and source links remain accessible without customer statuses (0.1455ms)
✔ native navigation has labels, focusable sections, offset and logical heading hierarchy (0.057375ms)
✔ mobile chip rail is bounded and desktop wraps without scrollspy or click-only controls (0.697291ms)
✔ nested details keep vertical guide and explicit product/provider association (0.051583ms)
✔ customer view retains important differences and its existing detailed comparison gate (0.254292ms)
✔ product selector still invalidates prior results on product, provider and type changes (0.091708ms)
✔ parent-backed children are subordinate to Kasko, not duplicate primary sections (0.033292ms)
✔ product materialization and presentation perform zero runtime fetches (75.823584ms)
✔ Hus leads with coverage instead of age deductions and deductible details (3.877917ms)
(node:68637) [MODULE_TYPELESS_PACKAGE_JSON] Warning: Module type of file:///Users/morten/Documents/forsikringsapp/lib/catalog-product-comparison.ts is not specified and it doesn't parse as CommonJS.
Reparsing as ES module because module syntax was detected. This incurs a performance overhead.
To eliminate this warning, add "type": "module" to /Users/morten/Documents/forsikringsapp/package.json.
(Use `node --trace-warnings ...` to show where the warning was created)
✔ catalog eligibility is derived from the current source-backed catalog (44.789083ms)
✔ providers and products are filtered by exact insurance type (133.665875ms)
✔ agreement scope is exact and channel-aware (101.849167ms)
✔ exact product identity is required and unknown IDs fail closed (32.789542ms)
✔ materialization excludes customer price and actual mileage facts (2.090417ms)
✔ included and optional coverage remain different product-level states (2.900375ms)
✔ missing catalog evidence stays unknown instead of becoming unavailable (2.66875ms)
✔ explicit negative catalog evidence becomes unavailable (10.667458ms)
✔ same exact product has no false meaningful differences (2.924958ms)
✔ side swap preserves the semantic difference set (18.938625ms)
✔ cross-type comparisons are rejected without fallback (0.284083ms)
✔ Bil uses one generic source-backed product comparison path (4.580834ms)
✔ Hus uses one generic source-backed product comparison path (11.310791ms)
✔ Innbo uses one generic source-backed product comparison path (2.124625ms)
✔ Reise uses one generic source-backed product comparison path (2.871291ms)
✔ Snøscooter uses one generic source-backed product comparison path (0.717583ms)
✔ Campingvogn uses one generic source-backed product comparison path (0.633875ms)
✔ Tilhenger uses one generic source-backed product comparison path (0.398ms)
✔ MC uses one generic source-backed product comparison path (3.43275ms)
✔ Bobil uses one generic source-backed product comparison path (8.151459ms)
✔ same-provider levels compare without provider-name differences (2.536625ms)
✔ synthetic member scope stays isolated without provider-specific code (0.342625ms)
✔ catalog additions are discovered and removed products cannot remain selectable (0.184917ms)
✔ product mode renders its own labels without customer, price, object, PDF or analysis language (0.481ms)
✔ product mode has no API, AI, PDF, object matching or runtime provider fetch path (15.745542ms)
✔ fact-specific sources are retained without local source paths (13.203584ms)
(node:68638) [MODULE_TYPELESS_PACKAGE_JSON] Warning: Module type of file:///Users/morten/Documents/forsikringsapp/lib/coverage-fact-semantics.ts is not specified and it doesn't parse as CommonJS.
Reparsing as ES module because module syntax was detected. This incurs a performance overhead.
To eliminate this warning, add "type": "module" to /Users/morten/Documents/forsikringsapp/package.json.
(Use `node --trace-warnings ...` to show where the warning was created)
✔ non-asserting roles use exact canonical segments, not text or fuzzy matching (0.581125ms)
✔ actual Tryg rescue limitation survives enrichment without asserting selected (10.788875ms)
✔ actual Tryg silent PDF remains unknown and does not acquire a limitation-only selection (0.811125ms)
✔ a synthetic Frende campingvogn restriction is equally non-asserting after enrichment (3.126209ms)
✔ restriction prose never asserts parent selection: Utgifter til redning/veihjelp er unntatt (0.503084ms)
✔ restriction prose never asserts parent selection: Redning utenfor Norden er ikke dekket (0.0925ms)
✔ restriction prose never asserts parent selection: Særvilkår er inkludert i avtalen (8.6335ms)
✔ explicit parent selected is not contradicted by a restriction (0.197167ms)
✔ explicit parent not_selected is not contradicted by a restriction (1.024042ms)
✔ explicit parent unknown is not contradicted by a restriction (0.136875ms)
✔ explicit PDF rejection continues to block catalog evidence after enrichment (1.301292ms)
✔ explicit PDF selection is preserved alongside catalog restriction evidence (0.977708ms)
✔ document restriction X beats catalog restriction Y without losing their audit evidence (0.164375ms)
✔ enrichment keeps document restriction X instead of the matching catalog Y (0.93875ms)
✔ unconfirmed catalog restrictions remain evidence, not effective customer details (0.073959ms)
✔ undocumented restriction placeholders do not become effective details (0.069375ms)
✔ documented age and mileage details still establish selected machine coverage (0.113375ms)
✔ a documented sum remains positive detail evidence with a separate restriction (0.093417ms)
✔ manual catalog registration cannot select rescue from limitation alone (1.139417ms)
✔ manual explicit optional choice remains selected (3.215042ms)
(node:68639) [MODULE_TYPELESS_PACKAGE_JSON] Warning: Module type of file:///Users/morten/Documents/forsikringsapp/lib/catalog-enrichment.ts is not specified and it doesn't parse as CommonJS.
Reparsing as ES module because module syntax was detected. This incurs a performance overhead.
To eliminate this warning, add "type": "module" to /Users/morten/Documents/forsikringsapp/package.json.
(Use `node --trace-warnings ...` to show where the warning was created)
✔ catalog observer sees the actual lookup, single normalization and returned facts without changing output (37.890458ms)
✔ unknown product observer reports no catalog and retains exact document-only output (3.455917ms)
✔ consolidated enrichment observer never reruns already resolved document normalization (3.51925ms)
✔ catalog observer records only keys actually suppressed by explicit not-selected status (5.349334ms)
✔ consolidation observer captures each actual repeated normalization and consolidated result (58.285083ms)
✔ standalone observer captures actual output without inventing another normalization pass (0.266959ms)
✔ unresolved consolidation observer reports actual conflict and separate outputs unchanged (3.314125ms)
(node:68640) [MODULE_TYPELESS_PACKAGE_JSON] Warning: Module type of file:///Users/morten/Documents/forsikringsapp/lib/production-trace-server.ts is not specified and it doesn't parse as CommonJS.
Reparsing as ES module because module syntax was detected. This incurs a performance overhead.
To eliminate this warning, add "type": "module" to /Users/morten/Documents/forsikringsapp/package.json.
(Use `node --trace-warnings ...` to show where the warning was created)
✔ server collector is disabled explicitly and rejects invalid or customer-derived request IDs (0.879333ms)
✔ enrichBatch and mergeBatchResults outputs are identical with trace enabled or absent (103.458167ms)
✔ full PDF batching trace ON/OFF preserves results, coverage, prices, progress and extraction call count (85.380333ms)
✔ asynchronous and cross-batch consolidation preserves anonymous document, object and batch links (452.592458ms)
✔ server events preserve coverage winner origin and status without exposing raw source facts (65.598667ms)
✔ simultaneous analyses keep independent trace IDs, counters, scopes and privacy boundaries (96.084791ms)
✔ logging sink failures cannot fail or alter a successful analysis (131.317083ms)
✔ partial unreadable document is traced without replacing missing objects or exposing error text (36.22675ms)
✔ collector buffer has a finite cap and records dropped events without raw input retention (10.099584ms)
✔ successful PDF parsing followed by extraction failure keeps parsing status true (381.33425ms)
(node:68641) [MODULE_TYPELESS_PACKAGE_JSON] Warning: Module type of file:///Users/morten/Documents/forsikringsapp/lib/portfolio-price-presentation.ts is not specified and it doesn't parse as CommonJS.
Reparsing as ES module because module syntax was detected. This incurs a performance overhead.
To eliminate this warning, add "type": "module" to /Users/morten/Documents/forsikringsapp/package.json.
(Use `node --trace-warnings ...` to show where the warning was created)
✔ actual portfolio observer leaves accepted canonical/qualified amounts and returned result unchanged (2.469791ms)
✔ actual unresolved-consolidation rejection is observable even when the object amount parses (0.215959ms)
✔ actual conflicting source prices and multiple direct amounts have distinct reasons (0.328416ms)
✔ format-only conflict metadata remains accepted by the unchanged portfolio branch (0.199709ms)
✔ actual unparseable, missing, unsupported and optional-TFA branches remain distinct (0.467792ms)
(node:68642) [MODULE_TYPELESS_PACKAGE_JSON] Warning: Module type of file:///Users/morten/Documents/forsikringsapp/lib/production-trace-ticket.ts is not specified and it doesn't parse as CommonJS.
Reparsing as ES module because module syntax was detected. This incurs a performance overhead.
To eliminate this warning, add "type": "module" to /Users/morten/Documents/forsikringsapp/package.json.
(Use `node --trace-warnings ...` to show where the warning was created)
✔ trace ticket is runtime gated, bound to a random trace ID and short-lived (31.312084ms)
✔ authenticated same-origin receipt logs only strict client events and rejects replay (54.34325ms)
✔ receipt endpoint requires enabled flag, session and same origin (17.511708ms)
✔ receipt rejects raw fields, customer values, token mismatches and server-stage impersonation without logging (25.318292ms)
✔ receipt bounds event counts and bytes even without a content-length header (2.406208ms)
✔ receipt closes a stalled authenticated body after its bounded read deadline (4.819917ms)
✔ actual comparison sends projected diagnostics only after current generation guard and never retries (0.600417ms)
✔ executed comparison effect ignores stale/cancelled results, sends once and aborts receipt on cancellation (187.984167ms)
(node:68643) [MODULE_TYPELESS_PACKAGE_JSON] Warning: Module type of file:///Users/morten/Documents/forsikringsapp/lib/production-trace.ts is not specified and it doesn't parse as CommonJS.
Reparsing as ES module because module syntax was detected. This incurs a performance overhead.
To eliminate this warning, add "type": "module" to /Users/morten/Documents/forsikringsapp/package.json.
(Use `node --trace-warnings ...` to show where the warning was created)
✔ trace sanitizer accepts exact diagnostic metadata and returns an independent copy (2.326417ms)
✔ trace sanitizer rejects every raw/private top-level field rather than silently forwarding it (1.043125ms)
✔ trace sanitizer rejects raw/private fields at every nested trace boundary (1.594042ms)
✔ known canonical prefixes never permit arbitrary customer suffixes or whitespace (1.154833ms)
✔ reference, provider, product and reason vocabularies reject private strings including plausible prefixes (4.282542ms)
✔ trace shapes reject invalid counts, oversized collections and malformed values (0.445542ms)
✔ fact projection uses exact canonical keys and never emits raw labels, values, provenance or identity (0.898ms)
✔ coverage trace reports strongest document assertion even when lower-priority catalog evidence comes first (2.878ms)
✔ coverage trace prioritizes document add-on over weaker main-value assertion (4.897458ms)
✔ coverage trace preserves conflict and unknown instead of treating any catalog presence as selected (0.874417ms)
✔ raw key presence is separate from effective undocumented-value absence (0.234458ms)
✔ trace distinguishes explicit unknown product identity from legacy fallback without logging product text (0.168625ms)
✔ actual detailed coverage row observes selected/document despite absent main term (5.039167ms)
✔ actual 2+2 comparison and prices remain identical with or without client diagnostic projection (176.629208ms)
✔ client projection observes an emitted difference while preserving document values and sources (27.369291ms)
✔ client projection cannot leak adversarial raw values, labels, source filenames or object identity (33.260834ms)
(node:68644) [MODULE_TYPELESS_PACKAGE_JSON] Warning: Module type of file:///Users/morten/Documents/forsikringsapp/lib/analysis-progress.ts is not specified and it doesn't parse as CommonJS.
Reparsing as ES module because module syntax was detected. This incurs a performance overhead.
To eliminate this warning, add "type": "module" to /Users/morten/Documents/forsikringsapp/package.json.
(Use `node --trace-warnings ...` to show where the warning was created)
✔ analyzing panel is prominent and separates existing/offer responsively (14.369291ms)
✔ document queued has text and status icon (0.628583ms)
✔ document analyzing has text and status icon (0.475792ms)
✔ document completed has text and status icon (0.402875ms)
✔ document failed has text and status icon (0.470667ms)
✔ no product appears before identification; completed products get real friendly type (4.266833ms)
✔ partial analysis has warning and explicit successful/failed count (1.395583ms)
✔ completed panel is compact with collapsed details and product count (1.639958ms)
✔ progressbar percentage measures only processed real documents including isolated failure (6.341916ms)
✔ upload and final preparation are indeterminate, not fake 100 percent completion (6.734792ms)
✔ multiple documents and multiproduct PDF are displayed only from state (3.060166ms)
✔ PII-like raw insurance type and arbitrary fields are never rendered in progress (0.677958ms)
✔ progress is accessible beyond color (0.567083ms)
✔ vehicle labels and values use all three separate canonical fields (0.728208ms)
✔ price field premie.ekskl_tfa maps exactly and is never derived (0.088375ms)
✔ price field premie.tfa maps exactly and is never derived (0.060542ms)
✔ price field premie.total maps exactly and is never derived (0.058459ms)
✔ Gjensidige regression keeps insurance delta 2939 separate from total delta 1998 (20.926084ms)
✔ TFA is shown even when equal and never gets a company-price saving claim (6.329417ms)
✔ missing insurance premium never produces a false delta (0.177125ms)
✔ missing total never produces a false delta (0.083167ms)
✔ exclusive premium cannot be compared to inclusive total, including root annual premium (0.480833ms)
✔ total is not computed from insurance price and TFA (0.049458ms)
✔ MC uses vehicle price presentation without collapsing its type (0.045375ms)
✔ Bobil uses vehicle price presentation without collapsing its type (0.029583ms)
✔ Campingvogn uses vehicle price presentation without collapsing its type (0.043209ms)
✔ Varebil uses vehicle price presentation without collapsing its type (0.051833ms)
✔ Motorvognforsikring uses vehicle price presentation without collapsing its type (0.036625ms)
✔ Hus does not gain TFA fields (0.100958ms)
✔ Innbo does not gain TFA fields (0.058ms)
✔ Reise does not gain TFA fields (0.052291ms)
✔ Barn does not gain TFA fields (0.057791ms)
✔ Liv does not gain TFA fields (0.048875ms)
✔ Båt does not gain TFA fields (0.050375ms)
✔ conflicting amounts, monthly prices, ranges and missing evidence are not compared (0.567709ms)
✔ MC price aliases reuse existing canonical price facts and preserve source (20.720834ms)
✔ catalog price availability is not an individually documented premium (0.104084ms)
✔ two raw PDF annualPremium fields with unknown TFA basis never produce vehicle savings (0.359125ms)
✔ manual input does not bypass different explicitly documented price bases (0.314125ms)
✔ manual completion does not invent document or extracted product counts (0.425167ms)
✔ price presentation preserves the canonical fact sources (0.08375ms)
(node:68645) [MODULE_TYPELESS_PACKAGE_JSON] Warning: Module type of file:///Users/morten/Documents/forsikringsapp/lib/insurance-object-consolidation.ts is not specified and it doesn't parse as CommonJS.
Reparsing as ES module because module syntax was detected. This incurs a performance overhead.
To eliminate this warning, add "type": "module" to /Users/morten/Documents/forsikringsapp/package.json.
(Use `node --trace-warnings ...` to show where the warning was created)
✔ 01 same-side records become one logical object (34.119833ms)
✔ 02 complementary canonical facts retained (17.079792ms)
✔ 03 union of document references preserves both documents (6.359ms)
✔ 04 same object across extraction batches is consolidated before matching (118.113166ms)
✔ 05 batch completion order is deterministic (45.074ms)
✔ 06 three cars with seven records become three objects (9.052084ms)
✔ 07 canonical facts never leak between cars (5.074333ms)
✔ 08 input order does not alter merged data/provenance (29.222459ms)
✔ 09 two repeated trailers remain two objects (40.529833ms)
✔ 10 multiple records without IDs remain separate (0.213334ms)
✔ 11 one-sided identifier never absorbs unidentified record (0.093875ms)
✔ 12 distinct IDs never merge (0.068709ms)
✔ 13 same registration and VIN consolidate (6.614875ms)
✔ 14 same registration conflicting VIN fails closed (3.829917ms)
✔ 15 safe registration formatting normalization (3.322208ms)
✔ 16 OCR similarity cannot merge identities (0.112083ms)
✔ 17 identical facts deduplicate with both sources (1.506458ms)
✔ 18 documented individual agreement outranks general terms with history (7.313ms)
✔ 19 unknown equal roles retain conflicting values and mark conflict (1.915ms)
✔ 20 conflict resolution independent of order (2.823334ms)
✔ 21 repeated premie.ekskl_tfa is never summed (4.29075ms)
✔ 22 repeated premie.tfa is never summed (3.603208ms)
✔ 23 repeated premie.total is never summed (11.461709ms)
✔ 24 premium TFA total remain separate canonical values (6.637875ms)
✔ 25 conflicting totals remain explicit and no numeric winner (4.417709ms)
✔ 26 complementary selected addons survive consolidation (7.289583ms)
✔ 27 individual not_selected beats general selected/detail evidence (12.492625ms)
✔ 28 duplicate selected addon appears once (13.152833ms)
✔ 29 document limits outrank catalog limits after consolidation (5.224875ms)
✔ 30 optional catalog-only coverage never becomes selected (9.112458ms)
✔ 31 catalog and customer source origins stay distinct (6.916375ms)
✔ 32 catalog enrichment does not duplicate consolidated object (3.409875ms)
✔ 33 three versus two document fragments match as one object (13.457375ms)
✔ 34 two cars split differently match their exact counterparts (80.858208ms)
✔ 35 repeated fragments do not generate false missing warnings (73.86425ms)
✔ 36 actual missing consolidated object remains visible (29.800333ms)
✔ 37 cross-batch different document fragments preserve sources (34.884208ms)
✔ 38 reversed completion across both sides keeps results stable (41.239375ms)
✔ 39 ten existing PDFs consolidate into seven logical objects (150.835458ms)
✔ 40 10+10 multi-batch portfolio does not add AI calls or concurrency (166.484584ms)
✔ 41 partial failure still consolidates successful fragments (107.427875ms)
✔ 42 partial result warning/context retained after consolidation (149.680541ms)
✔ 43 internal object identifiers remain available for exact matching (1.979542ms)
✔ 44 telemetry contains no identifiers or filenames (146.211ms)
✔ 45 semantic matching/audit only sees matched fact scopes (31.284958ms)
✔ 46 safe progress discards object identity injected as extras (1.708542ms)
✔ 47 safe object matching counts contain only numbers (3.818ms)
✔ 48 filename never serves as identity (0.172292ms)
✔ 49 non-vehicle Property A complementary records consolidate (0.824625ms)
✔ 50 non-vehicle Property A and B stay separate (0.144916ms)
✔ 51 non-vehicle no-ID records never fuzzy merge (0.233625ms)
✔ 52 compatible same product merges complementary documents (5.345709ms)
✔ 53 product level conflict remains unresolved, never picks Pluss or Kasko (1.3785ms)
✔ 54 explicit different agreement periods cannot merge (1.361083ms)
✔ 55 unknown period does not prevent otherwise safe consolidation (1.278ms)
✔ 56 fact A retains original document 1 provenance (1.497792ms)
✔ 57 fact B retains original document 4 provenance (1.424667ms)
✔ 58 detail rows retain independently accessible source lists (21.804417ms)
✔ 59 catalog sources are never reassigned to customer PDF (4.972583ms)
✔ 60 completion order cannot alter provenance (22.094834ms)
✔ identity bridge conflict rejects the whole connected component (1.847625ms)
✔ same registration across types cannot consolidate (0.065875ms)
✔ provider alias variation can merge but different insurers cannot (12.906875ms)
✔ same-side API rejects cross-side input (0.286375ms)
✔ unknown role not invented lower priority than individual (1.523042ms)
✔ equal-priority selected/refused evidence remains unknown (3.692208ms)
✔ individual details are not defeated by general parent refusal (6.209834ms)
✔ unknown product marker cannot derive conflict from object display label (0.7165ms)
✔ extraction accepts explicit role and period but rejects invalid dates (0.273625ms)
✔ full portfolio actual missing trailer is isolated without false warnings (148.829333ms)
✔ new trailer only in offer remains missing and price is not zero (4.189958ms)
✔ multiple no-ID trailers remain ambiguous alongside safe exact pair (0.227333ms)
✔ fact conflicts are visible in important differences (15.385333ms)
✔ unresolved side-only consolidation is ambiguous rather than missing (1.331292ms)
✔ UI exposes preserved document records and periods without hiding source details (0.423042ms)
✔ same vin alone consolidates without registration (1.48575ms)
✔ same serial alone consolidates without registration (1.449125ms)
✔ serial identifiers remain case sensitive (0.063709ms)
✔ conflicting annual scalar premiums and deductibles are retained with evidence (1.313208ms)
✔ document role cannot be arbitrary extraction metadata (0.072333ms)
✔ catalog matching for existing non-car types survives consolidation (11.162042ms)
✔ conflicting repeated identifier kind connects and blocks every affected component (10.475625ms)
(node:68646) [MODULE_TYPELESS_PACKAGE_JSON] Warning: Module type of file:///Users/morten/Documents/forsikringsapp/lib/analysis-output.ts is not specified and it doesn't parse as CommonJS.
Reparsing as ES module because module syntax was detected. This incurs a performance overhead.
To eliminate this warning, add "type": "module" to /Users/morten/Documents/forsikringsapp/package.json.
(Use `node --trace-warnings ...` to show where the warning was created)
✔ extraction bruker store false, begrenset timeout og ingen kundeidentifikatorer i schema (0.750667ms)
✔ extraction-prompt behandler dokumenttekst som ubetrodd data (0.284167ms)
✔ extraction normaliserer personbiltypen og beskytter eksplisitte kjøretøytyper (0.430875ms)
✔ semantic matcher bruker store false, ingen retry og ubetrodd-data-instruksjon (0.898458ms)
✔ PII redigeres stabilt uten å endre forsikringsbeløp, årstall eller km (1.020541ms)
✔ modellinput bruker bare interne dokumentlabels og redigert tekst (0.106041ms)
✔ runtime-validator godtar bounded output og avviser ekstreme eller uventede felt (0.337667ms)
✔ incomplete/refusal-lignende output avvises før bruk (0.149208ms)
✔ ukjent produkt beholdes som ukjent og katalogkobles ikke av validatoren (0.0945ms)
✔ public API-dokument fjerner fulltekst og kundeidentifikatorer (0.140083ms)
✔ success og error helper gir private no-store (24.554959ms)
✔ sanitert feilmelding inneholder bare allowlistede metadata (0.157375ms)
✔ pilotkode gir signert tidsbegrenset cookie og ugyldig session avvises (1.122375ms)
✔ muterende request krever eksakt same-origin (0.309709ms)
✔ UI rendrer tekst gjennom React og bruker ikke rå HTML (44.613375ms)
(node:68647) [MODULE_TYPELESS_PACKAGE_JSON] Warning: Module type of file:///Users/morten/Documents/forsikringsapp/lib/hybrid-matching.ts is not specified and it doesn't parse as CommonJS.
Reparsing as ES module because module syntax was detected. This incurs a performance overhead.
To eliminate this warning, add "type": "module" to /Users/morten/Documents/forsikringsapp/package.json.
(Use `node --trace-warnings ...` to show where the warning was created)
✔ audit logs exact known canonical IDs and opaque unknown nodes; accepted edges link only local ordinals (4.852166ms)
✔ audit blocks raw label (1.982167ms)
✔ audit blocks value (1.201708ms)
✔ audit blocks document text (0.548667ms)
✔ audit blocks filename (0.972792ms)
✔ audit blocks product display name and registration (2.108959ms)
✔ audit blocks source text (0.378209ms)
✔ audit blocks model response and prompt fragment (0.237375ms)
✔ forged canonical key and forged log fields cannot bypass the logging allowlist (2.906958ms)
✔ audit records low-confidence rejection without model reason (0.823083ms)
✔ audit distinguishes explicit alias from an explicit canonical key (0.2845ms)
✔ unresolved count and bounded candidates remain explainable without dropping fallback (5.220458ms)
✔ invalid semantic response and request failure log only fixed outcomes (0.867333ms)
✔ semantic numeric isolation: nyverdi.km != kjoretoy.kilometerstand (0.1385ms)
✔ semantic numeric isolation: nyverdi.km != maskinskade.km (0.083416ms)
✔ semantic numeric isolation: nyverdi.km != kjoretoy.avtalt_maks_kilometerstand (0.075958ms)
✔ semantic numeric isolation: kjoretoy.kilometerstand != maskinskade.km (0.070041ms)
✔ semantic numeric isolation: kjoretoy.kilometerstand != kjoretoy.avtalt_maks_kilometerstand (0.0685ms)
✔ semantic numeric isolation: maskinskade.km != kjoretoy.avtalt_maks_kilometerstand (0.066875ms)
✔ semantic response cannot cross canonical kilometer scopes even when unknown candidates keep the scope open (0.439167ms)
✔ precise vehicle labels override a mis-tagged model key without interpreting numbers (23.580208ms)
✔ vehicle aliases are explicit and Bil-scoped (0.3285ms)
✔ metadata + document status Valgt governs addon overview (0.972916ms)
✔ metadata + document status Ikke valgt governs addon overview (0.642708ms)
✔ metadata + document status Ikke dokumentert governs addon overview (0.642667ms)
✔ catalog-only addon status and arbitrary selected coverages do not create chosen addons (0.925875ms)
✔ extraction schema and instructions preserve separate vehicle fields (0.452042ms)
✔ unknown insurance type cannot leak a customer label through audit type or scope IDs (0.641541ms)
✔ audit is bounded and reports omissions instead of logging unlimited source-derived nodes (45.829708ms)
(node:68648) [MODULE_TYPELESS_PACKAGE_JSON] Warning: Module type of file:///Users/morten/Documents/forsikringsapp/lib/comparison.ts is not specified and it doesn't parse as CommonJS.
Reparsing as ES module because module syntax was detected. This incurs a performance overhead.
To eliminate this warning, add "type": "module" to /Users/morten/Documents/forsikringsapp/package.json.
(Use `node --trace-warnings ...` to show where the warning was created)
✔ offisielle SpareBank 1/Fremtind-kilder har kontrollert identitet, versjon og dato (265.597125ms)
✔ PDF-ankere dokumenterer produktarv og sentrale bilgrenser (150.165458ms)
✔ fire SpareBank 1-nivåer har dokumentert arv og effektiv base/utvidelse (6.742208ms)
✔ Leiebil og Maskinskade er uavhengige tillegg bare på Kasko og Toppkasko (6.479375ms)
✔ SpareBank 1 Toppkasko med tillegg sammenlignes kildeisolert mot Tryg (59.797541ms)
✔ Brann mot Tryg beholdes som kildebasert uvisshet når åpen flamme bare er uttrykkelig på én side (13.778083ms)
✔ SpareBank 1 Toppkasko med tillegg sammenlignes mot If uten å oppfinne If-alder (21.022375ms)
✔ SpareBank 1 Toppkasko med tillegg sammenlignes mot Gjensidige (25.667125ms)
✔ SpareBank 1 Toppkasko med tillegg sammenlignes mot Storebrand (48.353ms)
✔ UI-formet manuell request beholder begge SpareBank 1-tillegg gjennom presentasjonen (28.453625ms)
(node:68649) [MODULE_TYPELESS_PACKAGE_JSON] Warning: Module type of file:///Users/morten/Documents/forsikringsapp/lib/comparison.ts is not specified and it doesn't parse as CommonJS.
Reparsing as ES module because module syntax was detected. This incurs a performance overhead.
To eliminate this warning, add "type": "module" to /Users/morten/Documents/forsikringsapp/package.json.
(Use `node --trace-warnings ...` to show where the warning was created)
✔ Storebrands lokalt lagrede offisielle vilkår har kontrollert identitet, dato og kilde (534.527958ms)
✔ PDF-ankere støtter produktarv, reelle grenser, tillegg og egenandelsforbehold (258.663791ms)
✔ fire nivåer og dokumentert arv gir riktige effektive verdier og grunnverdier (9.4055ms)
✔ leiebil er valgfritt på Kasko/Super med to dokumenterte, alternative klasser (2.027709ms)
✔ Storebrand Super mot Tryg Kasko med tillegg sammenligner dokumenterte grenser uten sidellekkasje (75.468416ms)
✔ Storebrand Super mot If Super beholder 60 mot 90 dager og usikker If-alder (21.546292ms)
✔ Storebrand Super mot Gjensidige Pluss beholder nyverdi- og dødsfallsforskjeller (54.775333ms)
✔ egenandelsklasser lar avtalt kundeverdi stå separat fra standard og særskilt vilkår (17.18075ms)
(node:68650) [MODULE_TYPELESS_PACKAGE_JSON] Warning: Module type of file:///Users/morten/Documents/forsikringsapp/lib/comparison.ts is not specified and it doesn't parse as CommonJS.
Reparsing as ES module because module syntax was detected. This incurs a performance overhead.
To eliminate this warning, add "type": "module" to /Users/morten/Documents/forsikringsapp/package.json.
(Use `node --trace-warnings ...` to show where the warning was created)
✔ fem offisielle Storebrand Hus-kilder er lokale, uendrede og registrert (13.113125ms)
✔ HUS10 bekrefter gjeldende dato og at Super er tillegg til Standard (557.0025ms)
✔ Standard og Super vises med dokumentert arv og valgfri utleie (1.615792ms)
✔ forsikringsform, bygninger, installasjoner og uteområde er strukturert (0.524208ms)
✔ Standard dekker brann, elektrisk, vann, rør, vær og naturskade separat (0.867666ms)
✔ Super erstatter Standard for tak, våtrom, håndverkerfeil, råte og fysisk skadedyrskade (0.296958ms)
✔ effective/base beholder Storebrands underliggende Standard-fakta (1.422875ms)
✔ bekjempelse og fysisk skade er separate, og utleie krever valgt tillegg (0.344709ms)
✔ kundens egenandel, særregler og aldersfradrag holdes separate (0.768125ms)
✔ gjenoppføring, påbud, klimatiltak og boligtilpasning har dokumenterte grenser (0.206584ms)
✔ ansvar og rettshjelp har geografi, summer, trinn og egenandeler (0.18ms)
✔ bygg under oppføring og tjenester er reelle fakta uten kunstig tillegg (0.177209ms)
✔ ingen fremtidige kilder aktiveres per skjæringsdato (0.130584ms)
✔ Tryg Hus sammenlignes kildeisolert mot Storebrand Standard (33.390542ms)
✔ Tryg Hus Ekstra sammenlignes kildeisolert mot Storebrand Super (17.421875ms)
✔ If Basis sammenlignes kildeisolert mot Storebrand Standard (13.111917ms)
✔ If Super sammenlignes kildeisolert mot Storebrand Super (10.163458ms)
✔ runtime-kjeden beholder produkt, tillegg, effective/base og provenance (61.935417ms)
✔ Bil, Innbo og Hus sameksisterer uten katalog- eller tilleggsmiks (2.681792ms)
(node:68651) [MODULE_TYPELESS_PACKAGE_JSON] Warning: Module type of file:///Users/morten/Documents/forsikringsapp/lib/comparison.ts is not specified and it doesn't parse as CommonJS.
Reparsing as ES module because module syntax was detected. This incurs a performance overhead.
To eliminate this warning, add "type": "module" to /Users/morten/Documents/forsikringsapp/package.json.
(Use `node --trace-warnings ...` to show where the warning was created)
✔ offisielle Storebrand Innbo-kilder er lokale, uendrede og versjonerte (900.843334ms)
✔ Storebrand tilbyr Standard og Super med dokumentert arv (2.454209ms)
✔ forsikringssum er kundestyrt og Super beholder Standard som base (3.229708ms)
✔ Standard og Super har kildebaserte særgrenser (0.3965ms)
✔ brann, elektrisk, vann og naturskade er separate sammenlignbare konsepter (0.141416ms)
✔ midlertidig oppbevaring, krise og boligkostnader følger fullvilkåret (0.225833ms)
✔ Super strukturerer uhell, tyveri ute, flytting, skadedyr, ID-tyveri og boligtilpasning (0.217042ms)
✔ egenandeler skiller avtalt, myndighetsfastsatt og særskilt verdi (0.099792ms)
✔ ansvar, rettshjelp og betinget privat yrkesskade bevarer omfanget (0.122125ms)
✔ Tryg Innbo og Innbo Ekstra sammenlignes mot Storebrand Standard og Super (60.159666ms)
✔ If Basis og Super sammenlignes mot Storebrand Standard og Super (17.94375ms)
✔ Gjensidige Innbo og Pluss sammenlignes mot Storebrand Standard og Super (23.813917ms)
✔ UI-formet runtime beholder Storebrand Super gjennom comparison og presentation (92.254834ms)
✔ Bil og Innbo i samme Storebrand-avtale holder produkt, state og kilder adskilt (7.713833ms)
✔ Innbo-prioriteringen lar sentrale Super-forskjeller gå foran ansvar og rettshjelp (12.061167ms)
(node:68652) [MODULE_TYPELESS_PACKAGE_JSON] Warning: Module type of file:///Users/morten/Documents/forsikringsapp/lib/comparison.ts is not specified and it doesn't parse as CommonJS.
Reparsing as ES module because module syntax was detected. This incurs a performance overhead.
To eliminate this warning, add "type": "module" to /Users/morten/Documents/forsikringsapp/package.json.
(Use `node --trace-warnings ...` to show where the warning was created)
✔ fire Storebrand Reise-kilder er lokale og hashverifiserte (26.260208ms)
✔ Standard og Super har dokumentert arv (1.788209ms)
✔ forsikringsbevis personkrets geografi og varighet er bevart (1.693375ms)
✔ reisegods og kategorigrenser følger Standard (0.227334ms)
✔ Super forbedrer alle dokumenterte reisegodsgrenser (0.23425ms)
✔ Super-uhell er separat og har riktig sum og egenandel (0.198375ms)
✔ reisesyke tann hjemtransport hjemkallelse og ledsagelse er separate (0.577542ms)
✔ reiseavbrudd avbestilling aktivitet og forsinkelse bruker effective base (7.478541ms)
✔ forsinket bagasje og Super-tillegg har korrekte grenser (0.519833ms)
✔ Super har ubegrenset dokumentert leiebilegenandel (0.253083ms)
✔ ansvar rettshjelp evakuering kjent sykdom og sikkerhet er kildeisolert (0.596208ms)
✔ integrert ulykkeskapital har Standard og Super-summer (0.371333ms)
✔ Falck Kry og SmartDelay er tjenester (0.167042ms)
✔ Storebrand sammenlignes med Tryg og If uten selskapslekkasje (36.172041ms)
✔ runtime støtter Storebrand Standard Super og fire forsikringstyper (26.373292ms)
(node:68654) [MODULE_TYPELESS_PACKAGE_JSON] Warning: Module type of file:///Users/morten/Documents/forsikringsapp/lib/analysis-output.ts is not specified and it doesn't parse as CommonJS.
Reparsing as ES module because module syntax was detected. This incurs a performance overhead.
To eliminate this warning, add "type": "module" to /Users/morten/Documents/forsikringsapp/package.json.
(Use `node --trace-warnings ...` to show where the warning was created)
✔ supporting terms UI: actual progress shows four documents and four customer products (5.401333ms)
✔ supporting terms UI: exact pairs and complete prices have no pseudo-object warnings (204.537417ms)
✔ supporting terms UI: terms remain reachable with product role and original source reference (169.974333ms)
(node:68655) [MODULE_TYPELESS_PACKAGE_JSON] Warning: Module type of file:///Users/morten/Documents/forsikringsapp/lib/analysis-output.ts is not specified and it doesn't parse as CommonJS.
Reparsing as ES module because module syntax was detected. This incurs a performance overhead.
To eliminate this warning, add "type": "module" to /Users/morten/Documents/forsikringsapp/package.json.
(Use `node --trace-warnings ...` to show where the warning was created)
✔ supporting terms: explicit general-terms record is not a standalone customer object (56.902625ms)
✔ supporting terms: only two real objects determine portfolio completeness (34.388667ms)
✔ supporting terms: one-sided general terms cannot create false missing objects (71.914042ms)
✔ supporting terms: role is retained by extraction, and customer promotion stops before enrichment/progress (2.617625ms)
✔ supporting terms: two real cars sharing a product stay isolated, both may use common terms (27.335875ms)
✔ supporting terms: one PDF with three real cars preserves all three (32.884292ms)
✔ supporting terms: terms-only PDF has evidence but no customer portfolio (0.550125ms)
✔ supporting terms: unpriced, unidentified unknown customer is retained (8.925417ms)
✔ supporting terms: unpriced, unidentified individual_agreement customer is retained (5.939334ms)
✔ supporting terms: unpriced, unidentified undefined customer is retained (3.545125ms)
✔ supporting terms: misleading product title or filename never classifies a customer record (0.77675ms)
✔ supporting terms: customer and general terms in one PDF yield one object with both roles (12.117083ms)
✔ supporting terms: separate terms PDF provenance is retained without relabelling as customer (4.456833ms)
✔ supporting terms: Kasko customer totalskade remains authoritative with no false conflict (4.326ms)
✔ supporting terms: Pluss customer totalskade remains authoritative with no false conflict (4.524209ms)
✔ supporting terms: alternative customer limit X beats generic Y without value-specific rules (18.1225ms)
✔ supporting terms: actual equal-priority customer conflicts are not hidden (50.813708ms)
✔ supporting terms: customer refusal remains not_selected despite generic selection/details (4.192ms)
✔ supporting terms: silence on optional coverage stays unknown even with catalog match (3.95175ms)
✔ supporting terms: documented selected coverage can gain a missing generic detail (5.71675ms)
✔ supporting terms: Kasko and Pluss terms cannot cross product scopes (7.234417ms)
✔ supporting terms: incompatible scope {"company":"If"} is evidence only (16.304334ms)
✔ supporting terms: incompatible scope {"type":"Hus"} is evidence only (3.833291ms)
✔ supporting terms: incompatible scope {"canonicalProductName":"Kasko medlemsavtale syntetisk"} is evidence only (8.849166ms)
✔ supporting terms: incompatible scope {"canonicalProductName":null} is evidence only (2.921084ms)
✔ supporting terms: provider legal-name aliases retain exact scope (4.292208ms)
✔ supporting terms: explicit object scope can only support that exact object (15.848458ms)
✔ supporting terms: ambiguous identifier and conflict never broaden evidence scope (9.984834ms)
✔ supporting terms: House is supported without vehicle identifiers or vehicle logic (15.71175ms)
✔ supporting terms: manual customer object is retained and can receive safely scoped evidence (5.214417ms)
✔ supporting terms: upload evidence never crosses comparison sides (10.440292ms)
✔ supporting terms: documented versions and dates cannot silently attach to another/unknown version (23.700291ms)
✔ supporting terms: conflicting generic facts are retained but never silently choose a winner (6.759875ms)
✔ supporting terms: no generic scalar price, object details or addon list leaks into customer (1.621625ms)
✔ supporting terms: a real missing trailer still creates a missing-object warning (38.438625ms)
✔ supporting terms: production-like 2+2, split=false, reversed completion=false (46.120459ms)
✔ supporting terms: production-like 2+2, split=false, reversed completion=true (46.870833ms)
✔ supporting terms: production-like 2+2, split=true, reversed completion=false (87.904208ms)
✔ supporting terms: production-like 2+2, split=true, reversed completion=true (111.985417ms)
✔ supporting terms: genuine missing customer price remains partial (45.5775ms)
✔ supporting terms: final progress resolves consolidated objects and strips arbitrary fields (0.724667ms)
✔ supporting terms: asynchronous PDF pipeline preserves document progress, partial=false, and privacy (100.15575ms)
✔ supporting terms: asynchronous PDF pipeline preserves document progress, partial=true, and privacy (42.358583ms)
(node:68656) [MODULE_TYPELESS_PACKAGE_JSON] Warning: Module type of file:///Users/morten/Documents/forsikringsapp/lib/analysis-output.ts is not specified and it doesn't parse as CommonJS.
Reparsing as ES module because module syntax was detected. This incurs a performance overhead.
To eliminate this warning, add "type": "module" to /Users/morten/Documents/forsikringsapp/package.json.
(Use `node --trace-warnings ...` to show where the warning was created)
✔ A: explicit Gjensidige/Kasko limits recover from canonical (10.920084ms)
✔ A: explicit Gjensidige/Kasko limits recover from compound (2.093125ms)
✔ A: explicit Gjensidige/Kasko limits recover from qualified-details (0.748417ms)
✔ A: explicit Gjensidige/Kasko limits recover from embedded (3.5375ms)
✔ A: explicit Gjensidige/Kasko limits recover from summary-lines (1.548208ms)
✔ A: explicit Gjensidige/Kasko limits recover from summary-semicolon (0.901458ms)
✔ A: explicit Gjensidige/Kasko limits recover from addon (0.901417ms)
✔ A: explicit Gjensidige/Pluss limits recover from canonical (0.59375ms)
✔ A: explicit Gjensidige/Pluss limits recover from compound (6.287417ms)
✔ A: explicit Gjensidige/Pluss limits recover from qualified-details (0.817167ms)
✔ A: explicit Gjensidige/Pluss limits recover from embedded (0.99875ms)
✔ A: explicit Gjensidige/Pluss limits recover from summary-lines (0.54825ms)
✔ A: explicit Gjensidige/Pluss limits recover from summary-semicolon (0.502375ms)
✔ A: explicit Gjensidige/Pluss limits recover from addon (0.689709ms)
✔ A: explicit Tryg/Kasko limits recover from canonical (0.513292ms)
✔ A: explicit Tryg/Kasko limits recover from compound (0.55625ms)
✔ A: explicit Tryg/Kasko limits recover from qualified-details (0.50375ms)
✔ A: explicit Tryg/Kasko limits recover from embedded (0.646541ms)
✔ A: explicit Tryg/Kasko limits recover from summary-lines (0.947833ms)
✔ A: explicit Tryg/Kasko limits recover from summary-semicolon (1.726208ms)
✔ A: explicit Tryg/Kasko limits recover from addon (0.73425ms)
✔ A: explicit If/Super limits recover from canonical (1.584167ms)
✔ A: explicit If/Super limits recover from compound (1.774042ms)
✔ A: explicit If/Super limits recover from qualified-details (1.350583ms)
✔ A: explicit If/Super limits recover from embedded (1.7895ms)
✔ A: explicit If/Super limits recover from summary-lines (0.567583ms)
✔ A: explicit If/Super limits recover from summary-semicolon (0.494625ms)
✔ A: explicit If/Super limits recover from addon (0.724042ms)
✔ A: independently documented limits: Totalskadegaranti: inntil 2 år. (0.486875ms)
✔ A: independently documented limits: Nybilgaranti: inntil 17 321 km. (0.162833ms)
✔ A: independently documented limits: Nyverdierstatning – Kasko:
2 år / 17 321 km. (0.167ms)
✔ A: independently documented limits: Kasko inkluderer totalskadegaranti 2 år / 17 321 km. (0.151125ms)
✔ A: independently documented limits: Dekninger: totalskadegaranti 2 år / 17 321 km. (0.144709ms)
✔ A: independently documented limits: Totalskadegaranti Kasko 2 år / 17 321 km. (0.142292ms)
✔ B or unsafe context never invents totalskade limits: Årlig kjørelengde: 20 000 km. (0.505292ms)
✔ B or unsafe context never invents totalskade limits: Kilometerstand: 164 000 km. Avtalt maksimal kilometerstand: 184 000 km. (0.244458ms)
✔ B or unsafe context never invents totalskade limits: Maskinskade: 10 år / 200 000 km. (0.330459ms)
✔ B or unsafe context never invents totalskade limits: Kilometergrense: 15 000 km. (0.239833ms)
✔ B or unsafe context never invents totalskade limits: Totalskadegaranti – Pluss: 3 år / 60 000 km. (0.264542ms)
✔ B or unsafe context never invents totalskade limits: Totalskadegaranti – Ukjent produkt: 3 år / 60 000 km. (0.271208ms)
✔ B or unsafe context never invents totalskade limits: Totalskadegaranti – Kasko:
Egenandel: 5 000 kr. Maskinskade: 10 år / 200 000 km. (0.502459ms)
✔ B or unsafe context never invents totalskade limits: Totalskadegaranti: Gjelder ikke fordi bilen er 8 år og har kjørt 150 000 km. (0.257542ms)
✔ B or unsafe context never invents totalskade limits: Pluss inkluderer totalskadegaranti 3 år / 60 000 km. (0.254167ms)
✔ B: complete model omission stays absent in document facts even with a catalog product (8.305958ms)
✔ explicit totalskade context ends before Årlig kjørelengde (1.372041ms)
✔ explicit totalskade context ends before Kilometerstand (0.485792ms)
✔ explicit totalskade context ends before Avtalt maksimal kilometerstand (0.425ms)
✔ explicit totalskade context ends before Maskinskade (0.447958ms)
✔ all five kilometer identities stay distinct (0.702375ms)
✔ annual mileage suffix ends totalskade kilometer inference: per forsikringsår (0.393542ms)
✔ annual mileage suffix ends totalskade kilometer inference: per år (0.345542ms)
✔ annual mileage suffix ends totalskade kilometer inference: pr. år (0.349666ms)
✔ annual mileage suffix ends totalskade kilometer inference: årlig (0.3255ms)
✔ annual mileage suffix ends totalskade kilometer inference: /år (0.314125ms)
✔ no first-number selection for ambiguous embedded (0.240791ms)
✔ no first-number selection for ambiguous summary-lines (0.133833ms)
✔ ambiguous compound totalskade does not select the first limit pair (0.215916ms)
✔ explicit wrong-product context cannot be recovered from its term value (0.487959ms)
✔ non-Bil types never receive personbil totalskade facts from text recovery (3.448041ms)
✔ structured document limits beat secondary summary and source evidence survives recovery (0.417833ms)
✔ recovered document X beats catalog Y for Gjensidige (3.783416ms)
✔ recovered document X beats catalog Y for Tryg (8.40375ms)
✔ same content stays canonical: existing, reversed documents=false, batches=false (31.252541ms)
✔ same content stays canonical: existing, reversed documents=false, batches=true (11.0885ms)
✔ same content stays canonical: existing, reversed documents=true, batches=false (9.113208ms)
✔ same content stays canonical: existing, reversed documents=true, batches=true (31.117917ms)
✔ same content stays canonical: offer, reversed documents=false, batches=false (27.091083ms)
✔ same content stays canonical: offer, reversed documents=false, batches=true (32.023333ms)
✔ same content stays canonical: offer, reversed documents=true, batches=false (10.262209ms)
✔ same content stays canonical: offer, reversed documents=true, batches=true (28.822292ms)
✔ extraction contract requires separate explicit totalskade facts, never summary-only guessing (0.443042ms)
(node:68657) [MODULE_TYPELESS_PACKAGE_JSON] Warning: Module type of file:///Users/morten/Documents/forsikringsapp/lib/analysis-output.ts is not specified and it doesn't parse as CommonJS.
Reparsing as ES module because module syntax was detected. This incurs a performance overhead.
To eliminate this warning, add "type": "module" to /Users/morten/Documents/forsikringsapp/package.json.
(Use `node --trace-warnings ...` to show where the warning was created)
✔ effective totalskade presentation: 1 år / 15 000 km (29.286708ms)
✔ effective totalskade presentation: 3 år / 60 000 km (2.292417ms)
✔ effective totalskade presentation: 2 år / 40 000 km (2.397666ms)
✔ effective totalskade presentation: 2 år (1.727916ms)
✔ effective totalskade presentation: 40 000 km (1.939792ms)
✔ does not substitute kjoretoy.kjorelengde (4.504708ms)
✔ does not substitute kjoretoy.kilometerstand (2.005166ms)
✔ does not substitute kjoretoy.avtalt_maks_kilometerstand (2.042167ms)
✔ does not substitute maskinskade.km (2.630833ms)
✔ long pilot-like age survives every stage and composes with canonical distance (9.697917ms)
✔ document limits override conflicting catalog values with provenance retained (6.982084ms)
✔ equal kilometre limit remains in summary although comparison omits it as a difference (1.152667ms)
✔ line breaks and long wording do not suppress canonical kilometre limits (2.40625ms)
✔ actual collapsed card renders full long age and km without line clamping (19.14275ms)
(node:68658) [MODULE_TYPELESS_PACKAGE_JSON] Warning: Module type of file:///Users/morten/Documents/forsikringsapp/lib/comparison.ts is not specified and it doesn't parse as CommonJS.
Reparsing as ES module because module syntax was detected. This incurs a performance overhead.
To eliminate this warning, add "type": "module" to /Users/morten/Documents/forsikringsapp/package.json.
(Use `node --trace-warnings ...` to show where the warning was created)
✔ alle katalogkilder finnes og oppgir registrert vilkårsnummer og gyldighetsdato (179.069833ms)
✔ sentrale bilgrenser er strukturert etter kildedokumentene (2.065209ms)
✔ Delkasko og Kasko komponerer dokumentert Ansvar og Rettshjelp uten duplikater (36.129625ms)
✔ fremtidig leiebilvilkår tas ikke inn før gyldighetsdato (7.449041ms)
✔ to manuelt valgte katalogprodukter sammenlignes uten PDF eller pris (5.10175ms)
✔ 0, 1 og flere tillegg lagres som lister med kilde og uten pris eller kundespesifikk egenandel (6.14725ms)
✔ flere tillegg med samme datapunkt beholder begge verdier og begge kilder (1.114041ms)
✔ ulike hovednivåer og tillegg kan sammenlignes uten pris eller egenandel (2.332458ms)
(node:68659) [MODULE_TYPELESS_PACKAGE_JSON] Warning: Module type of file:///Users/morten/Documents/forsikringsapp/lib/comparison.ts is not specified and it doesn't parse as CommonJS.
Reparsing as ES module because module syntax was detected. This incurs a performance overhead.
To eliminate this warning, add "type": "module" to /Users/morten/Documents/forsikringsapp/package.json.
(Use `node --trace-warnings ...` to show where the warning was created)
✔ alle 16 offisielle Tryg Hus-kilder er lokale, uendrede og registrert (36.223708ms)
✔ fullvilkårene bekrefter produktnivåer, våtrom og råte som separat dekning (143.242458ms)
✔ Tryg tilbyr Hus og Hus Ekstra som separate komplette fullvilkår (2.279584ms)
✔ forsikringsform skiller fullverdi fra førsterisiko uten å kalle fullverdi ubegrenset sum (2.420084ms)
✔ bygninger, uteanlegg, tekniske installasjoner og endringer er strukturert (0.274791ms)
✔ brann, elektrisk, vann og rør holder følgeskade og skadeårsak adskilt (0.1695ms)
✔ Hus Ekstra dokumenterer forbedret tak-, våtroms- og håndverkerfeildekning (0.271584ms)
✔ naturskade og ordinært vær er separate Hus-konsepter (0.504875ms)
✔ risikoendring konkretiserer utleie og fraflytting uten kundespesifikke valg (0.314292ms)
✔ aldersfradrag er strukturert separat fra egenandeler (0.185792ms)
✔ råte og skadedyr er valgbart, effektivt og beholder basefaktum (1.533959ms)
✔ Utleieforsikring skiller betalingsmislighold fra leietap etter bygningsskade (0.17275ms)
✔ gjenoppføring, påbud, rydding og brukstap bevarer materielle oppgjørsregler (0.127458ms)
✔ Bygg under oppføring er bevart som separat kilde og ikke ordinært UI-produkt eller tillegg (0.060333ms)
✔ fremtidig ansvarsvilkår og NITO Hus kobles ikke automatisk (0.540208ms)
✔ Hus-prioritering løfter materielle dekninger foran sikkerhet og rettshjelp (23.424375ms)
✔ runtime-kjeden viser Hus mot Hus Ekstra med effektive tillegg og kilder (40.474208ms)
✔ én avtale kan inneholde Bil, Innbo og Hus med isolerte tillegg og kilder (2.504459ms)
(node:68660) [MODULE_TYPELESS_PACKAGE_JSON] Warning: Module type of file:///Users/morten/Documents/forsikringsapp/lib/comparison.ts is not specified and it doesn't parse as CommonJS.
Reparsing as ES module because module syntax was detected. This incurs a performance overhead.
To eliminate this warning, add "type": "module" to /Users/morten/Documents/forsikringsapp/package.json.
(Use `node --trace-warnings ...` to show where the warning was created)
✔ offisielle Tryg Innbo-kilder er lokale, uendrede og versjonerte (127.850166ms)
✔ Tryg tilbyr Innbo og Innbo Ekstra med dokumentert arv (3.2065ms)
✔ forsikringssum er kundestyrt og Innbo Ekstra beholder effektive og underliggende grenser (1.992333ms)
✔ tyveri, sykkel, uhell, skadedyr, ansvar og rettshjelp er strukturert med kilder (0.328208ms)
✔ Utleieforsikring er et valgfritt tillegg på begge nivåer med egne grenser (0.24925ms)
✔ fremtidig privatansvarsvilkår aktiveres ikke og NITO-data lekker ikke (0.2075ms)
✔ sikkerhetsforskrifter beholdes som kildefakta uten å dominere hovedvisningen (11.813375ms)
✔ ensidig unntaksfaktum tolkes ikke som manglende dekning hos motparten (4.104416ms)
✔ runtime-kjeden viser dokumenterte forbedringer fra Innbo til Innbo Ekstra (21.962625ms)
✔ én avtale kan inneholde Bil og Innbo uten katalog- eller kildemiks (2.233584ms)
(node:68661) [MODULE_TYPELESS_PACKAGE_JSON] Warning: Module type of file:///Users/morten/Documents/forsikringsapp/lib/comparison.ts is not specified and it doesn't parse as CommonJS.
Reparsing as ES module because module syntax was detected. This incurs a performance overhead.
To eliminate this warning, add "type": "module" to /Users/morten/Documents/forsikringsapp/package.json.
(Use `node --trace-warnings ...` to show where the warning was created)
✔ tretten offisielle Tryg Reise-kildefiler er lokale og uendrede (24.400208ms)
✔ PDF-ene dokumenterer datoer, nivåer og separat personforsikring (176.434209ms)
✔ produktstruktur og arv er Reise til Ekstra til Premium (1.761666ms)
✔ Ulykke og Ulykke Ekstra er nivåbundne valg mens Premium inkluderer Premium (1.007125ms)
✔ forsikringsbevis, personer, verden og reisevarighet er konservativt modellert (0.34375ms)
✔ overnatting, tjenestereise og effective/base følger nivåene (2.181084ms)
✔ avbestilling og UD skiller årsak, sum og bestillingstidspunkt (0.263042ms)
✔ forsinkelse, bagasje og reisegods har separate summer og kategorier (0.261625ms)
✔ Ekstra skiller uhell, reiseavbrudd, hotell og leiebilytelser (0.230208ms)
✔ reisesyke, kjent sykdom, hjemtransport og evakuering er egne fakta (0.164916ms)
✔ ansvar og rettshjelp bevarer gjeldende kildegrenser og fremtidig vilkår er inaktivt (0.222292ms)
✔ Premium tilfører ID, lounge, legehjelp og inkludert ulykkesdekning (0.167084ms)
✔ ulykkevalg har alder, summer og behandling uten å bli reisegods (0.264ms)
✔ sikkerhetskrav og aktiviteter er begrensninger med provenance (0.133042ms)
✔ runtime, presentasjonsprioritet og Bil Innbo Hus Reise har ingen typelekkasje (38.632ms)
(node:68662) [MODULE_TYPELESS_PACKAGE_JSON] Warning: Module type of file:///Users/morten/Documents/forsikringsapp/lib/comparison.ts is not specified and it doesn't parse as CommonJS.
Reparsing as ES module because module syntax was detected. This incurs a performance overhead.
To eliminate this warning, add "type": "module" to /Users/morten/Documents/forsikringsapp/package.json.
(Use `node --trace-warnings ...` to show where the warning was created)
✔ samme enkle liste i forskjellig rekkefølge er lik (5.648666ms)
✔ komma, og, trivial tegnsetting og mellomrom endrer ikke en enkel liste (0.145166ms)
✔ ett forskjellig eller ekstra element er en reell forskjell (2.790541ms)
✔ materielle forbehold, beløp og tidsgrenser blir ikke filtrert (0.098625ms)
✔ Tryg mot Gjensidige filtrerer Brann fra hovedvisningen og bevarer originaltekst og kilder (46.332917ms)
✔ eksisterende Tryg mot If beholder reelle forskjeller og ignorerer identisk Brann (27.501792ms)
(node:68663) [MODULE_TYPELESS_PACKAGE_JSON] Warning: Module type of file:///Users/morten/Documents/forsikringsapp/lib/vehicle-object-catalog.ts is not specified and it doesn't parse as CommonJS.
Reparsing as ES module because module syntax was detected. This incurs a performance overhead.
To eliminate this warning, add "type": "module" to /Users/morten/Documents/forsikringsapp/package.json.
(Use `node --trace-warnings ...` to show where the warning was created)
✔ explicit object alias Snøscooter (0.720125ms)
✔ explicit object alias Snoscooter (0.360542ms)
✔ explicit object alias Snøscooterforsikring (0.171625ms)
✔ explicit object alias Beltemotorsykkel (0.144791ms)
✔ explicit object alias Campingvognforsikring (0.144833ms)
✔ explicit object alias Tilhengerforsikring (0.117125ms)
✔ all vehicle types remain distinct; Kasko alone does not infer a vehicle (4.140125ms)
✔ source-backed Tryg Snøscooter Kasko and isolation (5.232959ms)
✔ source-backed Tryg Campingvogn Kasko and isolation (1.907541ms)
✔ source-backed Tryg Tilhenger Kasko and isolation (5.977167ms)
✔ source-backed Gjensidige Snøscooter Kasko and isolation (1.857042ms)
✔ source-backed Gjensidige Campingvogn Kasko and isolation (1.410708ms)
✔ source-backed Gjensidige Tilhenger Kasko and isolation (1.397958ms)
✔ source-backed Frende Snøscooter Kasko and isolation (1.760958ms)
✔ source-backed Frende Campingvogn Kasko and isolation (1.310375ms)
✔ source-backed Frende Tilhenger Kasko and isolation (1.374792ms)
✔ source-backed Storebrand Snøscooter Kasko and isolation (1.471042ms)
✔ source-backed Storebrand Campingvogn Kasko and isolation (1.465709ms)
✔ source-backed Storebrand Tilhenger Kasko and isolation (1.509333ms)
✔ source-backed If Snøscooter Kasko and isolation (1.684625ms)
✔ source-backed If Campingvogn Kasko and isolation (1.447ms)
✔ source-backed If Tilhenger Kasko and isolation (1.748875ms)
✔ source-backed Eika Snøscooter Kasko and isolation (1.089ms)
✔ source-backed Eika Campingvogn Kasko and isolation (0.907042ms)
✔ source-backed Eika Tilhenger Kasko and isolation (0.861958ms)
✔ Eika means verified channel, never generic Fremtind/SpareBank1/DNB (1.993125ms)
✔ provider and product-level boundaries are exact (2.783042ms)
✔ full terms establish different camping limits without page overriding or duplicate facts (6.747291ms)
✔ coverage matrix separates standard, optional and lower-level exclusions (0.046708ms)
✔ catalog-only optional coverage stays unknown and manual choice is explicit (4.261125ms)
✔ individual optional choice: not_selected (2.901834ms)
✔ individual optional choice: selected (2.093584ms)
✔ individual optional choice: unknown (0.796042ms)
✔ customer deductible beats full terms while catalog evidence is retained (1.374375ms)
✔ type and coverage scoped alias Snøscooter (0.283041ms)
✔ type and coverage scoped alias Campingvogn (1.219ms)
✔ type and coverage scoped alias Tilhenger (0.2295ms)
✔ source manifest originals and every active fact have verifiable provenance (31.383125ms)
✔ documented level inheritance keeps one effective fact and base provenance (1.121084ms)
✔ trailer natural damage is source-backed, and cargo is not inferred from Kasko (0.938042ms)
(node:68665) [MODULE_TYPELESS_PACKAGE_JSON] Warning: Module type of file:///Users/morten/Documents/forsikringsapp/lib/analysis-output.ts is not specified and it doesn't parse as CommonJS.
Reparsing as ES module because module syntax was detected. This incurs a performance overhead.
To eliminate this warning, add "type": "module" to /Users/morten/Documents/forsikringsapp/package.json.
(Use `node --trace-warnings ...` to show where the warning was created)
✔ 1 synthetic PDF sources preserve three distinct new products and fact attribution (13.466667ms)
✔ 3 synthetic PDF sources preserve three distinct new products and fact attribution (15.674458ms)
✔ Snøscooter compares effective values and shows only relevant scoped concepts (6.7805ms)
✔ Campingvogn compares effective values and shows only relevant scoped concepts (3.833416ms)
✔ Tilhenger compares effective values and shows only relevant scoped concepts (2.900292ms)
✔ one-sided Kasko does not silently disappear or imply no insurance (2.567917ms)
✔ Snøscooter: objects survive merge, but MULTI_OBJECT_MATCHING_GAP is explicit (6.101958ms)
✔ Campingvogn: objects survive merge, but MULTI_OBJECT_MATCHING_GAP is explicit (5.380916ms)
✔ Tilhenger: objects survive merge, but MULTI_OBJECT_MATCHING_GAP is explicit (5.93875ms)
✔ missing product is visible in both detail groups and overview (5.175083ms)
✔ semantic isolation Snøscooter/Campingvogn (0.459583ms)
✔ semantic isolation Campingvogn/Tilhenger (0.089ms)
✔ semantic isolation Tilhenger/Bil (0.059833ms)
✔ privacy-safe audit accepts Snøscooter keys but never object labels (2.963625ms)
✔ privacy-safe audit accepts Campingvogn keys but never object labels (2.586167ms)
✔ privacy-safe audit accepts Tilhenger keys but never object labels (1.919541ms)
✔ 10+10 PDF pipeline: typed progress, concurrency, provenance and partial=false (17.30025ms)
✔ 10+10 PDF pipeline: typed progress, concurrency, provenance and partial=true (12.784916ms)
✔ Snøscooter price rendering has no synthetic TFA, total or zero (3.761292ms)
✔ Campingvogn price rendering has no synthetic TFA, total or zero (0.418875ms)
✔ Tilhenger price rendering has no synthetic TFA, total or zero (0.326917ms)
✔ snow with documented TFA renders all three distinct values (0.262334ms)
✔ new types use friendly progress labels through existing registry (0.858208ms)
✔ Snøscooter: source-backed equipment limits compare across providers (2.771541ms)
✔ Campingvogn: source-backed equipment limits compare across providers (3.531042ms)
✔ Tilhenger: source-backed equipment limits compare across providers (2.089916ms)
ℹ tests 2038
ℹ suites 0
ℹ pass 2037
ℹ fail 1
ℹ cancelled 0
ℹ skipped 0
ℹ todo 0
ℹ duration_ms 14686.674667

✖ failing tests:

test at tests/customer-price-trace.test.mjs:155:73
✖ price trace: ON/OFF equality and exact refs, reverse=false, split=false (177.068292ms)
  AssertionError [ERR_ASSERTION]: Expected values to be strictly deep-equal:
  + actual - expected
  ... Skipped lines
  
    [
      {
        existingDocumentCount: 2,
        offerDocumentCount: 2,
        type: 'analysis_started'
  ...
      {
  +     batchIndex: 1,
  -     batchIndex: 0,
        insuranceType: 'bil',
        productIndex: 0,
  +     side: 'offer',
  -     side: 'existing',
        status: 'identified',
        type: 'product_status'
      },
      {
  +     batchIndex: 1,
  -     batchIndex: 0,
        insuranceType: 'bil',
        productIndex: 0,
  +     side: 'offer',
  -     side: 'existing',
        status: 'completed',
        type: 'product_status'
      },
      {
  +     batchIndex: 1,
  -     batchIndex: 0,
        insuranceType: 'bil',
        productIndex: 1,
  +     side: 'offer',
  -     side: 'existing',
        status: 'identified',
        type: 'product_status'
      },
      {
  +     batchIndex: 1,
  -     batchIndex: 0,
        insuranceType: 'bil',
        productIndex: 1,
  +     side: 'offer',
  -     side: 'existing',
        status: 'completed',
        type: 'product_status'
      },
      {
        documentIndex: 0,
  +     side: 'offer',
  -     side: 'existing',
        status: 'completed',
        type: 'document_status'
      },
      {
        documentIndex: 1,
  +     side: 'offer',
  -     side: 'existing',
        status: 'completed',
        type: 'document_status'
      },
      {
  +     batchIndex: 0,
  -     batchIndex: 1,
        insuranceType: 'bil',
        productIndex: 0,
  +     side: 'existing',
  -     side: 'offer',
        status: 'identified',
        type: 'product_status'
      },
      {
  +     batchIndex: 0,
  -     batchIndex: 1,
        insuranceType: 'bil',
        productIndex: 0,
  +     side: 'existing',
  -     side: 'offer',
        status: 'completed',
        type: 'product_status'
      },
      {
  +     batchIndex: 0,
  -     batchIndex: 1,
        insuranceType: 'bil',
        productIndex: 1,
  +     side: 'existing',
  -     side: 'offer',
        status: 'identified',
        type: 'product_status'
      },
      {
  +     batchIndex: 0,
  -     batchIndex: 1,
        insuranceType: 'bil',
        productIndex: 1,
  +     side: 'existing',
  -     side: 'offer',
        status: 'completed',
        type: 'product_status'
      },
      {
        documentIndex: 0,
  +     side: 'existing',
  -     side: 'offer',
        status: 'completed',
        type: 'document_status'
      },
      {
        documentIndex: 1,
  +     side: 'existing',
  -     side: 'offer',
        status: 'completed',
        type: 'document_status'
      }
    ]
  
      at TestContext.<anonymous> (file:///Users/morten/Documents/forsikringsapp/tests/customer-price-trace.test.mjs:157:55)
      at async Test.run (node:internal/test_runner/test:1409:7)
      at async Test.processPendingSubtests (node:internal/test_runner/test:974:7) {
    generatedMessage: true,
    code: 'ERR_ASSERTION',
    actual: [ { type: 'analysis_started', existingDocumentCount: 2, offerDocumentCount: 2 }, { type: 'document_status', side: 'existing', documentIndex: 0, status: 'validating' }, { type: 'document_status', side: 'existing', documentIndex: 0, status: 'extracting' }, { type: 'document_status', side: 'existing', documentIndex: 0, status: 'ready' }, { type: 'document_status', side: 'existing', documentIndex: 1, status: 'validating' }, { type: 'document_status', side: 'existing', documentIndex: 1, status: 'extracting' }, { type: 'document_status', side: 'existing', documentIndex: 1, status: 'ready' }, { type: 'document_status', side: 'offer', documentIndex: 0, status: 'validating' }, { type: 'document_status', side: 'offer', documentIndex: 0, status: 'extracting' }, { type: 'document_status', side: 'offer', documentIndex: 0, status: 'ready' }, { type: 'document_status', side: 'offer', documentIndex: 1, status: 'validating' }, { type: 'document_status', side: 'offer', documentIndex: 1, status: 'extracting' }, { type: 'document_status', side: 'offer', documentIndex: 1, status: 'ready' }, { type: 'document_status', side: 'existing', documentIndex: 0, status: 'analyzing' }, { type: 'document_status', side: 'existing', documentIndex: 1, status: 'analyzing' }, { type: 'batch_analyzing', side: 'existing', batchIndex: 0, documentCount: 2 }, { type: 'document_status', side: 'offer', documentIndex: 0, status: 'analyzing' }, { type: 'document_status', side: 'offer', documentIndex: 1, status: 'analyzing' }, { type: 'batch_analyzing', side: 'offer', batchIndex: 1, documentCount: 2 }, { type: 'product_status', side: 'offer', batchIndex: 1, productIndex: 0, status: 'identified', insuranceType: 'bil' }, { type: 'product_status', side: 'offer', batchIndex: 1, productIndex: 0, status: 'completed', insuranceType: 'bil' }, { type: 'product_status', side: 'offer', batchIndex: 1, productIndex: 1, status: 'identified', insuranceType: 'bil' }, { type: 'product_status', side: 'offer', batchIndex: 1, productIndex: 1, status: 'completed', insuranceType: 'bil' }, { type: 'document_status', side: 'offer', documentIndex: 0, status: 'completed' }, { type: 'document_status', side: 'offer', documentIndex: 1, status: 'completed' }, { type: 'product_status', side: 'existing', batchIndex: 0, productIndex: 0, status: 'identified', insuranceType: 'bil' }, { type: 'product_status', side: 'existing', batchIndex: 0, productIndex: 0, status: 'completed', insuranceType: 'bil' }, { type: 'product_status', side: 'existing', batchIndex: 0, productIndex: 1, status: 'identified', insuranceType: 'bil' }, { type: 'product_status', side: 'existing', batchIndex: 0, productIndex: 1, status: 'completed', insuranceType: 'bil' }, { type: 'document_status', side: 'existing', documentIndex: 0, status: 'completed' }, { type: 'document_status', side: 'existing', documentIndex: 1, status: 'completed' } ],
    expected: [ { type: 'analysis_started', existingDocumentCount: 2, offerDocumentCount: 2 }, { type: 'document_status', side: 'existing', documentIndex: 0, status: 'validating' }, { type: 'document_status', side: 'existing', documentIndex: 0, status: 'extracting' }, { type: 'document_status', side: 'existing', documentIndex: 0, status: 'ready' }, { type: 'document_status', side: 'existing', documentIndex: 1, status: 'validating' }, { type: 'document_status', side: 'existing', documentIndex: 1, status: 'extracting' }, { type: 'document_status', side: 'existing', documentIndex: 1, status: 'ready' }, { type: 'document_status', side: 'offer', documentIndex: 0, status: 'validating' }, { type: 'document_status', side: 'offer', documentIndex: 0, status: 'extracting' }, { type: 'document_status', side: 'offer', documentIndex: 0, status: 'ready' }, { type: 'document_status', side: 'offer', documentIndex: 1, status: 'validating' }, { type: 'document_status', side: 'offer', documentIndex: 1, status: 'extracting' }, { type: 'document_status', side: 'offer', documentIndex: 1, status: 'ready' }, { type: 'document_status', side: 'existing', documentIndex: 0, status: 'analyzing' }, { type: 'document_status', side: 'existing', documentIndex: 1, status: 'analyzing' }, { type: 'batch_analyzing', side: 'existing', batchIndex: 0, documentCount: 2 }, { type: 'document_status', side: 'offer', documentIndex: 0, status: 'analyzing' }, { type: 'document_status', side: 'offer', documentIndex: 1, status: 'analyzing' }, { type: 'batch_analyzing', side: 'offer', batchIndex: 1, documentCount: 2 }, { type: 'product_status', side: 'existing', batchIndex: 0, productIndex: 0, status: 'identified', insuranceType: 'bil' }, { type: 'product_status', side: 'existing', batchIndex: 0, productIndex: 0, status: 'completed', insuranceType: 'bil' }, { type: 'product_status', side: 'existing', batchIndex: 0, productIndex: 1, status: 'identified', insuranceType: 'bil' }, { type: 'product_status', side: 'existing', batchIndex: 0, productIndex: 1, status: 'completed', insuranceType: 'bil' }, { type: 'document_status', side: 'existing', documentIndex: 0, status: 'completed' }, { type: 'document_status', side: 'existing', documentIndex: 1, status: 'completed' }, { type: 'product_status', side: 'offer', batchIndex: 1, productIndex: 0, status: 'identified', insuranceType: 'bil' }, { type: 'product_status', side: 'offer', batchIndex: 1, productIndex: 0, status: 'completed', insuranceType: 'bil' }, { type: 'product_status', side: 'offer', batchIndex: 1, productIndex: 1, status: 'identified', insuranceType: 'bil' }, { type: 'product_status', side: 'offer', batchIndex: 1, productIndex: 1, status: 'completed', insuranceType: 'bil' }, { type: 'document_status', side: 'offer', documentIndex: 0, status: 'completed' }, { type: 'document_status', side: 'offer', documentIndex: 1, status: 'completed' } ],
    operator: 'deepStrictEqual',
    diff: 'simple'
  }
